ISO-10303-21;
HEADER;
FILE_DESCRIPTION (( 'STEP AP214' ),
    '1' );
FILE_NAME ('mill-max-415-13-206-41-004000.STEP',
    '2022-08-24T12:17:39',
    ( '' ),
    ( '' ),
    'SwSTEP 2.0',
    'SolidWorks 2022',
    '' );
FILE_SCHEMA (( 'AUTOMOTIVE_DESIGN' ));
ENDSEC;

DATA;
#1 = DIRECTION ( 'NONE',  ( 1.000000000000000000, 0.0000000000000000000, 0.0000000000000000000 ) ) ;
#2 = VECTOR ( 'NONE', #1291, 39.37007874015748143 ) ;
#3 = AXIS2_PLACEMENT_3D ( 'NONE', #1449, #196, #408 ) ;
#4 = VERTEX_POINT ( 'NONE', #2140 ) ;
#5 = EDGE_CURVE ( 'NONE', #854, #2141, #444, .T. ) ;
#6 = ORIENTED_EDGE ( 'NONE', *, *, #1047, .F. ) ;
#7 = DIRECTION ( 'NONE',  ( 0.9396926207859379598, 0.0000000000000000000, -0.3420201433255876666 ) ) ;
#8 = CARTESIAN_POINT ( 'NONE',  ( 0.1942664688103074300, -0.05000000000000000278, -0.1842499999999996918 ) ) ;
#9 = DIRECTION ( 'NONE',  ( 0.0000000000000000000, 0.0000000000000000000, 1.000000000000000000 ) ) ;
#10 = EDGE_CURVE ( 'NONE', #2056, #918, #202, .T. ) ;
#11 = CARTESIAN_POINT ( 'NONE',  ( 0.1649999999999989253, 0.0000000000000000000, 0.0000000000000000000 ) ) ;
#12 = CIRCLE ( 'NONE', #600, 0.02855000000000052982 ) ;
#13 = CARTESIAN_POINT ( 'NONE',  ( 0.0000000000000000000, -0.05000000000000000278, 0.0000000000000000000 ) ) ;
#14 = VERTEX_POINT ( 'NONE', #1069 ) ;
#15 = ORIENTED_EDGE ( 'NONE', *, *, #410, .F. ) ;
#16 = DIRECTION ( 'NONE',  ( 0.3420201433256665480, -0.0000000000000000000, 0.9396926207859092051 ) ) ;
#17 = FACE_OUTER_BOUND ( 'NONE', #676, .T. ) ;
#18 = DIRECTION ( 'NONE',  ( -0.0000000000000000000, 1.000000000000000000, -0.0000000000000000000 ) ) ;
#19 = EDGE_CURVE ( 'NONE', #876, #1437, #2145, .T. ) ;
#20 = CARTESIAN_POINT ( 'NONE',  ( 0.03796746881030720056, -0.05000000000000000278, -0.07855000000000052218 ) ) ;
#21 = PLANE ( 'NONE',  #1457 ) ;
#22 = ORIENTED_EDGE ( 'NONE', *, *, #2080, .F. ) ;
#23 = ADVANCED_FACE ( 'NONE', ( #948 ), #1591, .T. ) ;
#24 = ORIENTED_EDGE ( 'NONE', *, *, #1584, .T. ) ;
#25 = DIRECTION ( 'NONE',  ( 0.3420201433256664370, -0.0000000000000000000, 0.9396926207859092051 ) ) ;
#26 = DIRECTION ( 'NONE',  ( -0.0000000000000000000, 1.000000000000000000, -0.0000000000000000000 ) ) ;
#27 = CARTESIAN_POINT ( 'NONE',  ( 0.07800000000000031908, 0.0000000000000000000, 0.0000000000000000000 ) ) ;
#28 = VECTOR ( 'NONE', #649, 39.37007874015748143 ) ;
#29 = DIRECTION ( 'NONE',  ( 0.3420201433256633283, 0.0000000000000000000, -0.9396926207859103153 ) ) ;
#30 = CYLINDRICAL_SURFACE ( 'NONE', #1660, 0.01450000000000062350 ) ;
#31 = FACE_OUTER_BOUND ( 'NONE', #1891, .T. ) ;
#32 = ORIENTED_EDGE ( 'NONE', *, *, #1213, .T. ) ;
#33 = CARTESIAN_POINT ( 'NONE',  ( 0.03500000000000071804, 0.0000000000000000000, 0.0000000000000000000 ) ) ;
#34 = EDGE_CURVE ( 'NONE', #49, #539, #296, .T. ) ;
#35 = VECTOR ( 'NONE', #1018, 39.37007874015748143 ) ;
#36 = VERTEX_POINT ( 'NONE', #1774 ) ;
#37 = PRODUCT_DEFINITION_FORMATION_WITH_SPECIFIED_SOURCE ( 'ANY', '', #1620, .NOT_KNOWN. ) ;
#38 = CARTESIAN_POINT ( 'NONE',  ( 0.0000000000000000000, 0.0000000000000000000, 0.0000000000000000000 ) ) ;
#39 = CARTESIAN_POINT ( 'NONE',  ( 0.2379674688103072255, -0.05000000000000000278, -0.07855000000000052218 ) ) ;
#40 = VECTOR ( 'NONE', #532, 39.37007874015748143 ) ;
#41 = LINE ( 'NONE', #1408, #1890 ) ;
#42 = MANIFOLD_SOLID_BREP ( 'Hole2', #989 ) ;
#43 = ADVANCED_BREP_SHAPE_REPRESENTATION ( '', ( #42, #2190 ), #1495 ) ;
#44 = LINE ( 'NONE', #583, #993 ) ;
#45 = CARTESIAN_POINT ( 'NONE',  ( 0.1942664688103074300, 0.0000000000000000000, -0.1842499999999996918 ) ) ;
#46 = CARTESIAN_POINT ( 'NONE',  ( 0.0000000000000000000, 0.0000000000000000000, 0.03599999999999819317 ) ) ;
#47 = ORIENTED_EDGE ( 'NONE', *, *, #677, .F. ) ;
#48 = FILL_AREA_STYLE ('',( #1404 ) ) ;
#49 = VERTEX_POINT ( 'NONE', #935 ) ;
#50 = SHAPE_REPRESENTATION_RELATIONSHIP ( 'NONE' , 'NONE' ,  #2212, #113 ) ;
#51 = CARTESIAN_POINT ( 'NONE',  ( 0.07593593762061463803, -0.05000000000000000278, -0.1999999999999999833 ) ) ;
#52 = ORIENTED_EDGE ( 'NONE', *, *, #812, .F. ) ;
#53 = CARTESIAN_POINT ( 'NONE',  ( 0.1489999999999999658, 1.285879139104719368E-18, -0.01049999999999998157 ) ) ;
#54 = DIRECTION ( 'NONE',  ( -1.000000000000000000, 0.0000000000000000000, -0.0000000000000000000 ) ) ;
#55 = EDGE_CURVE ( 'NONE', #1619, #74, #752, .T. ) ;
#56 = VECTOR ( 'NONE', #2101, 39.37007874015748143 ) ;
#57 = ORIENTED_EDGE ( 'NONE', *, *, #2093, .T. ) ;
#58 = PLANE ( 'NONE',  #84 ) ;
#59 = CARTESIAN_POINT ( 'NONE',  ( 0.0000000000000000000, 0.0000000000000000000, 0.03599999999999819317 ) ) ;
#60 = ORIENTED_EDGE ( 'NONE', *, *, #2020, .T. ) ;
#61 = SURFACE_STYLE_FILL_AREA ( #48 ) ;
#62 = ORIENTED_EDGE ( 'NONE', *, *, #1549, .T. ) ;
#63 = VECTOR ( 'NONE', #1049, 39.37007874015748854 ) ;
#64 = DIRECTION ( 'NONE',  ( 1.000000000000000000, 0.0000000000000000000, 0.0000000000000000000 ) ) ;
#65 = ORIENTED_EDGE ( 'NONE', *, *, #210, .T. ) ;
#66 = VERTEX_POINT ( 'NONE', #416 ) ;
#67 = CARTESIAN_POINT ( 'NONE',  ( 0.0000000000000000000, -0.05000000000000000278, 0.0000000000000000000 ) ) ;
#68 =( NAMED_UNIT ( * ) SI_UNIT ( $, .STERADIAN. ) SOLID_ANGLE_UNIT ( ) );
#69 = ORIENTED_EDGE ( 'NONE', *, *, #1181, .F. ) ;
#70 = DIRECTION ( 'NONE',  ( -0.0000000000000000000, 1.000000000000000000, -0.0000000000000000000 ) ) ;
#71 = CONTEXT_DEPENDENT_SHAPE_REPRESENTATION ( #2069, #596 ) ;
#72 = DIRECTION ( 'NONE',  ( 0.0000000000000000000, 1.000000000000000000, 0.0000000000000000000 ) ) ;
#73 = DIRECTION ( 'NONE',  ( -1.000000000000000000, -0.0000000000000000000, -0.0000000000000000000 ) ) ;
#74 = VERTEX_POINT ( 'NONE', #290 ) ;
#75 = DIRECTION ( 'NONE',  ( -3.491481338843133355E-15, -1.000000000000000000, 0.0000000000000000000 ) ) ;
#76 = DIRECTION ( 'NONE',  ( -1.000000000000000000, -0.0000000000000000000, -0.0000000000000000000 ) ) ;
#77 = ORIENTED_EDGE ( 'NONE', *, *, #332, .T. ) ;
#78 = AXIS2_PLACEMENT_3D ( 'NONE', #33, #1605, #604 ) ;
#79 = VERTEX_POINT ( 'NONE', #1345 ) ;
#80 = AXIS2_PLACEMENT_3D ( 'NONE', #476, #1833, #1175 ) ;
#81 = FACE_OUTER_BOUND ( 'NONE', #1016, .T. ) ;
#82 = CIRCLE ( 'NONE', #2075, 0.02650000000000055783 ) ;
#83 = DIRECTION ( 'NONE',  ( -0.0000000000000000000, 0.0000000000000000000, 1.000000000000000000 ) ) ;
#84 = AXIS2_PLACEMENT_3D ( 'NONE', #1770, #264, #2166 ) ;
#85 = ORIENTED_EDGE ( 'NONE', *, *, #5, .T. ) ;
#86 = DIRECTION ( 'NONE',  ( -0.5000000000001606493, 1.060575238724793270E-16, -0.8660254037843458930 ) ) ;
#87 = EDGE_CURVE ( 'NONE', #1666, #1340, #2183, .T. ) ;
#88 =( NAMED_UNIT ( * ) PLANE_ANGLE_UNIT ( ) SI_UNIT ( $, .RADIAN. ) );
#89 = VECTOR ( 'NONE', #393, 39.37007874015748143 ) ;
#90 = CARTESIAN_POINT ( 'NONE',  ( 0.2379674688103072255, 0.0000000000000000000, -0.1499999999999999944 ) ) ;
#91 = CARTESIAN_POINT ( 'NONE',  ( 0.09426646881030741054, -0.05000000000000000278, -0.1842499999999996918 ) ) ;
#92 = CARTESIAN_POINT ( 'NONE',  ( 0.0000000000000000000, -0.05000000000000000278, 0.0000000000000000000 ) ) ;
#93 = ORIENTED_EDGE ( 'NONE', *, *, #1710, .T. ) ;
#94 = AXIS2_PLACEMENT_3D ( 'NONE', #708, #1757, #719 ) ;
#95 = VERTEX_POINT ( 'NONE', #112 ) ;
#96 = DIRECTION ( 'NONE',  ( -0.0000000000000000000, 1.000000000000000000, -0.0000000000000000000 ) ) ;
#97 = ORIENTED_EDGE ( 'NONE', *, *, #5, .F. ) ;
#98 = FACE_OUTER_BOUND ( 'NONE', #387, .T. ) ;
#99 = AXIS2_PLACEMENT_3D ( 'NONE', #327, #1230, #1564 ) ;
#100 = DIRECTION ( 'NONE',  ( 0.0000000000000000000, 0.0000000000000000000, 1.000000000000000000 ) ) ;
#101 = LINE ( 'NONE', #289, #1428 ) ;
#102 = LINE ( 'NONE', #658, #1997 ) ;
#103 = VERTEX_POINT ( 'NONE', #1487 ) ;
#104 = ADVANCED_FACE ( 'NONE', ( #1508 ), #1524, .F. ) ;
#105 = AXIS2_PLACEMENT_3D ( 'NONE', #2189, #998, #1493 ) ;
#106 = EDGE_LOOP ( 'NONE', ( #1518, #2023, #1830, #632, #503, #249, #127, #374, #32, #1712, #621, #1027, #526, #1082, #1606, #1131, #1251, #713, #69, #1762, #1685, #235, #1964, #1684, #1070, #1874, #2187, #1163 ) ) ;
#107 = DIRECTION ( 'NONE',  ( -0.0000000000000000000, 1.000000000000000000, -0.0000000000000000000 ) ) ;
#108 = CYLINDRICAL_SURFACE ( 'NONE', #105, 0.02150000000000002950 ) ;
#109 = LINE ( 'NONE', #471, #119 ) ;
#110 = ADVANCED_FACE ( 'NONE', ( #1852 ), #2021, .T. ) ;
#111 = CARTESIAN_POINT ( 'NONE',  ( 0.1489999999999999658, 0.0000000000000000000, 0.0000000000000000000 ) ) ;
#112 = CARTESIAN_POINT ( 'NONE',  ( -3.414809992080329023E-17, 0.0000000000000000000, 0.02150000000000002950 ) ) ;
#113 = ADVANCED_BREP_SHAPE_REPRESENTATION ( '', ( #802, #2190 ), #328 ) ;
#114 = EDGE_CURVE ( 'NONE', #2078, #1418, #1199, .T. ) ;
#115 = ORIENTED_EDGE ( 'NONE', *, *, #972, .F. ) ;
#116 = ORIENTED_EDGE ( 'NONE', *, *, #1984, .F. ) ;
#117 = DIRECTION ( 'NONE',  ( 0.0000000000000000000, 0.0000000000000000000, -1.000000000000000000 ) ) ;
#118 = FACE_OUTER_BOUND ( 'NONE', #796, .T. ) ;
#119 = VECTOR ( 'NONE', #800, 39.37007874015748854 ) ;
#120 = FACE_BOUND ( 'NONE', #862, .T. ) ;
#121 = PRODUCT_DEFINITION_FORMATION_WITH_SPECIFIED_SOURCE ( 'ANY', '', #1501, .NOT_KNOWN. ) ;
#122 = AXIS2_PLACEMENT_3D ( 'NONE', #371, #1232, #396 ) ;
#123 = ITEM_DEFINED_TRANSFORMATION ( 'NONE', 'NONE', #478,  #2190 ) ;
#124 = CARTESIAN_POINT ( 'NONE',  ( 0.04431135598927586627, 0.0000000000000000000, 0.0000000000000000000 ) ) ;
#125 = DIRECTION ( 'NONE',  ( -0.0000000000000000000, 1.000000000000000000, -0.0000000000000000000 ) ) ;
#126 = VERTEX_POINT ( 'NONE', #1320 ) ;
#127 = ORIENTED_EDGE ( 'NONE', *, *, #1191, .T. ) ;
#128 = DIRECTION ( 'NONE',  ( 0.9396926207858798952, -0.0000000000000000000, 0.3420201433257472057 ) ) ;
#129 = LINE ( 'NONE', #294, #535 ) ;
#130 = DIRECTION ( 'NONE',  ( -1.000000000000000000, 0.0000000000000000000, -0.0000000000000000000 ) ) ;
#131 = EDGE_CURVE ( 'NONE', #1305, #1655, #2211, .T. ) ;
#132 = CARTESIAN_POINT ( 'NONE',  ( 0.1649999999999989253, 0.0000000000000000000, 0.0000000000000000000 ) ) ;
#133 = ORIENTED_EDGE ( 'NONE', *, *, #897, .F. ) ;
#134 = ADVANCED_FACE ( 'NONE', ( #1162 ), #267, .T. ) ;
#135 = VERTEX_POINT ( 'NONE', #91 ) ;
#136 = DIRECTION ( 'NONE',  ( 0.3420201433257471502, 0.0000000000000000000, -0.9396926207858797842 ) ) ;
#137 = CARTESIAN_POINT ( 'NONE',  ( 0.1999990000000001211, 0.0000000000000000000, -0.1999999999999999833 ) ) ;
#138 = DIRECTION ( 'NONE',  ( -0.5150380749100549327, 1.049727191138618079E-16, -0.8571673007021117785 ) ) ;
#139 = LINE ( 'NONE', #694, #1910 ) ;
#140 = AXIS2_PLACEMENT_3D ( 'NONE', #2032, #1659, #641 ) ;
#141 = ORIENTED_EDGE ( 'NONE', *, *, #2170, .F. ) ;
#142 = ORIENTED_EDGE ( 'NONE', *, *, #1528, .T. ) ;
#143 = EDGE_CURVE ( 'NONE', #351, #1140, #1401, .T. ) ;
#144 = CARTESIAN_POINT ( 'NONE',  ( 0.03796746881030719362, 0.0000000000000000000, -0.1499999999999999944 ) ) ;
#145 = CARTESIAN_POINT ( 'NONE',  ( -0.01203253118969264089, -0.05000000000000000278, -0.1842499999999996918 ) ) ;
#146 = DIRECTION ( 'NONE',  ( 0.3420201433256633283, 0.0000000000000000000, -0.9396926207859103153 ) ) ;
#147 = EDGE_CURVE ( 'NONE', #2213, #1140, #2194, .T. ) ;
#148 = VECTOR ( 'NONE', #26, 39.37007874015748143 ) ;
#149 = AXIS2_PLACEMENT_3D ( 'NONE', #67, #1089, #1926 ) ;
#150 = DIRECTION ( 'NONE',  ( -1.000000000000000000, -0.0000000000000000000, -0.0000000000000000000 ) ) ;
#151 = ORIENTED_EDGE ( 'NONE', *, *, #2231, .T. ) ;
#152 = ADVANCED_FACE ( 'NONE', ( #803 ), #502, .T. ) ;
#153 = VERTEX_POINT ( 'NONE', #464 ) ;
#154 = DIRECTION ( 'NONE',  ( 0.0000000000000000000, 0.0000000000000000000, 1.000000000000000000 ) ) ;
#155 = CYLINDRICAL_SURFACE ( 'NONE', #548, 0.02650000000000055783 ) ;
#156 = DIRECTION ( 'NONE',  ( -1.000000000000000000, -0.0000000000000000000, -0.0000000000000000000 ) ) ;
#157 = DIRECTION ( 'NONE',  ( 0.0000000000000000000, 0.0000000000000000000, 1.000000000000000000 ) ) ;
#158 = ORIENTED_EDGE ( 'NONE', *, *, #1722, .T. ) ;
#159 = CIRCLE ( 'NONE', #1260, 0.02855000000000052982 ) ;
#160 = ORIENTED_EDGE ( 'NONE', *, *, #2108, .T. ) ;
#161 = LINE ( 'NONE', #1734, #1041 ) ;
#162 = EDGE_CURVE ( 'NONE', #968, #1954, #1126, .T. ) ;
#163 = DIRECTION ( 'NONE',  ( -0.3420201433255876666, -0.0000000000000000000, -0.9396926207859379598 ) ) ;
#164 = CARTESIAN_POINT ( 'NONE',  ( 0.1579999999999989468, 1.775737858763738722E-18, -0.01450000000000062350 ) ) ;
#165 = AXIS2_PLACEMENT_3D ( 'NONE', #1039, #1061, #1571 ) ;
#166 = LINE ( 'NONE', #1365, #1759 ) ;
#167 = EDGE_CURVE ( 'NONE', #1476, #1437, #102, .T. ) ;
#168 = VERTEX_POINT ( 'NONE', #816 ) ;
#169 = EDGE_LOOP ( 'NONE', ( #1963, #6, #1918, #582 ) ) ;
#170 = EDGE_CURVE ( 'NONE', #74, #1419, #2203, .T. ) ;
#171 = DIRECTION ( 'NONE',  ( -1.000000000000000000, -0.0000000000000000000, -0.0000000000000000000 ) ) ;
#172 = DIRECTION ( 'NONE',  ( 0.3420201433256666035, 0.0000000000000000000, 0.9396926207859092051 ) ) ;
#173 = EDGE_CURVE ( 'NONE', #854, #539, #1309, .T. ) ;
#174 = FACE_OUTER_BOUND ( 'NONE', #1881, .T. ) ;
#175 = DIRECTION ( 'NONE',  ( -1.000000000000000000, -0.0000000000000000000, -0.0000000000000000000 ) ) ;
#176 = CARTESIAN_POINT ( 'NONE',  ( 0.0000000000000000000, 0.0000000000000000000, 0.0000000000000000000 ) ) ;
#177 =( GEOMETRIC_REPRESENTATION_CONTEXT ( 3 ) GLOBAL_UNCERTAINTY_ASSIGNED_CONTEXT ( ( #619 ) ) GLOBAL_UNIT_ASSIGNED_CONTEXT ( ( #390, #1421, #2097 ) ) REPRESENTATION_CONTEXT ( 'NONE', 'WORKASPACE' ) );
#178 = AXIS2_PLACEMENT_3D ( 'NONE', #1689, #1848, #646 ) ;
#179 = EDGE_LOOP ( 'NONE', ( #727, #389 ) ) ;
#180 = AXIS2_PLACEMENT_3D ( 'NONE', #211, #585, #200 ) ;
#181 = ORIENTED_EDGE ( 'NONE', *, *, #744, .F. ) ;
#182 = CARTESIAN_POINT ( 'NONE',  ( 0.2759349376206161053, -0.05000000000000000278, -0.1999999999999995948 ) ) ;
#183 = DIRECTION ( 'NONE',  ( -0.0000000000000000000, -0.0000000000000000000, -1.000000000000000000 ) ) ;
#184 = CIRCLE ( 'NONE', #1249, 0.01049999999999998157 ) ;
#185 = LINE ( 'NONE', #1023, #1641 ) ;
#186 = DIRECTION ( 'NONE',  ( -0.0000000000000000000, 1.000000000000000000, -0.0000000000000000000 ) ) ;
#187 = EDGE_CURVE ( 'NONE', #2095, #215, #1690, .T. ) ;
#188 = LINE ( 'NONE', #709, #971 ) ;
#189 = CIRCLE ( 'NONE', #1928, 0.03599999999999819317 ) ;
#190 = DIRECTION ( 'NONE',  ( -0.7071067811865153763, 0.0000000000000000000, 0.7071067811865795472 ) ) ;
#191 = VERTEX_POINT ( 'NONE', #309 ) ;
#192 = ORIENTED_EDGE ( 'NONE', *, *, #1073, .T. ) ;
#193 = DIRECTION ( 'NONE',  ( 1.237541726874530996E-16, 0.0000000000000000000, -1.000000000000000000 ) ) ;
#194 = EDGE_CURVE ( 'NONE', #601, #415, #1707, .T. ) ;
#195 = CIRCLE ( 'NONE', #365, 0.01049999999999998157 ) ;
#196 = DIRECTION ( 'NONE',  ( -1.000000000000000000, -0.0000000000000000000, -0.0000000000000000000 ) ) ;
#197 = LINE ( 'NONE', #1748, #779 ) ;
#198 = DIRECTION ( 'NONE',  ( -0.0000000000000000000, 1.000000000000000000, -0.0000000000000000000 ) ) ;
#199 = CIRCLE ( 'NONE', #1516, 0.02855000000000052982 ) ;
#200 = DIRECTION ( 'NONE',  ( 0.0000000000000000000, 0.0000000000000000000, 1.000000000000000000 ) ) ;
#201 = ORIENTED_EDGE ( 'NONE', *, *, #2239, .F. ) ;
#202 = LINE ( 'NONE', #1932, #723 ) ;
#203 = EDGE_LOOP ( 'NONE', ( #424, #1125, #1234, #659 ) ) ;
#204 = PLANE ( 'NONE',  #1176 ) ;
#205 = EDGE_CURVE ( 'NONE', #925, #66, #837, .T. ) ;
#206 = LINE ( 'NONE', #556, #1965 ) ;
#207 = FILL_AREA_STYLE_COLOUR ( '', #2051 ) ;
#208 = CARTESIAN_POINT ( 'NONE',  ( 0.07607179676972174176, 0.0000000000000000000, 0.0000000000000000000 ) ) ;
#209 = CARTESIAN_POINT ( 'NONE',  ( 0.0000000000000000000, 0.0000000000000000000, 0.0000000000000000000 ) ) ;
#210 = EDGE_CURVE ( 'NONE', #751, #1650, #896, .T. ) ;
#211 = CARTESIAN_POINT ( 'NONE',  ( 0.06700000000000012890, 0.0000000000000000000, 0.0000000000000000000 ) ) ;
#212 = ORIENTED_EDGE ( 'NONE', *, *, #874, .T. ) ;
#213 = ORIENTED_EDGE ( 'NONE', *, *, #1160, .F. ) ;
#214 = MECHANICAL_DESIGN_GEOMETRIC_PRESENTATION_REPRESENTATION (  '', ( #446 ), #258 ) ;
#215 = VERTEX_POINT ( 'NONE', #1699 ) ;
#216 = DIRECTION ( 'NONE',  ( -0.0000000000000000000, 1.000000000000000000, -0.0000000000000000000 ) ) ;
#217 = CARTESIAN_POINT ( 'NONE',  ( 0.2759349376206161053, 0.0000000000000000000, -0.1999999999999995948 ) ) ;
#218 = ORIENTED_EDGE ( 'NONE', *, *, #995, .T. ) ;
#219 = AXIS2_PLACEMENT_3D ( 'NONE', #1280, #2152, #29 ) ;
#220 = EDGE_CURVE ( 'NONE', #1655, #1104, #666, .T. ) ;
#221 = DIRECTION ( 'NONE',  ( -1.000000000000000000, 0.0000000000000000000, -0.0000000000000000000 ) ) ;
#222 =( LENGTH_UNIT ( ) NAMED_UNIT ( * ) SI_UNIT ( $, .METRE. ) );
#223 = ORIENTED_EDGE ( 'NONE', *, *, #1864, .F. ) ;
#224 = DIRECTION ( 'NONE',  ( -0.9396926207859072067, 0.0000000000000000000, -0.3420201433256721546 ) ) ;
#225 = DIRECTION ( 'NONE',  ( 0.0000000000000000000, 0.0000000000000000000, 1.000000000000000000 ) ) ;
#226 = ORIENTED_EDGE ( 'NONE', *, *, #902, .T. ) ;
#227 = EDGE_LOOP ( 'NONE', ( #1113, #712 ) ) ;
#228 = ORIENTED_EDGE ( 'NONE', *, *, #2170, .T. ) ;
#229 = DIRECTION ( 'NONE',  ( -1.000000000000000000, -0.0000000000000000000, -0.0000000000000000000 ) ) ;
#230 = ORIENTED_EDGE ( 'NONE', *, *, #1420, .T. ) ;
#231 = ORIENTED_EDGE ( 'NONE', *, *, #1477, .T. ) ;
#232 = DIRECTION ( 'NONE',  ( -1.000000000000000000, -0.0000000000000000000, -0.0000000000000000000 ) ) ;
#233 = LENGTH_MEASURE_WITH_UNIT ( LENGTH_MEASURE( 0.02539999999999999897 ), #222 );
#234 = CONICAL_SURFACE ( 'NONE', #1188, 0.02650000000000055783, 0.2623033018788573090 ) ;
#235 = ORIENTED_EDGE ( 'NONE', *, *, #1594, .T. ) ;
#236 = DIRECTION ( 'NONE',  ( -0.3420201433256720991, 0.0000000000000000000, 0.9396926207859070956 ) ) ;
#237 = ITEM_DEFINED_TRANSFORMATION ( 'NONE', 'NONE', #765,  #2190 ) ;
#238 = LINE ( 'NONE', #737, #1925 ) ;
#239 = PRODUCT ( 'mill-max-415-13-206-41-004000', 'mill-max-415-13-206-41-004000', '', ( #1850 ) ) ;
#240 = PRODUCT_DEFINITION_CONTEXT ( 'detailed design', #1022, 'design' ) ;
#241 = ORIENTED_EDGE ( 'NONE', *, *, #19, .T. ) ;
#242 = CIRCLE ( 'NONE', #2029, 0.01450000000000062350 ) ;
#243 = CARTESIAN_POINT ( 'NONE',  ( 0.1379674688103071922, 3.673940397442064486E-19, -0.1499999999999999944 ) ) ;
#244 = EDGE_LOOP ( 'NONE', ( #344, #1630, #960, #1279 ) ) ;
#245 = EDGE_CURVE ( 'NONE', #1931, #1247, #1595, .T. ) ;
#246 = ORIENTED_EDGE ( 'NONE', *, *, #1616, .T. ) ;
#247 = DIRECTION ( 'NONE',  ( -1.000000000000000000, 0.0000000000000000000, -5.420333320762533911E-15 ) ) ;
#248 = LINE ( 'NONE', #1980, #265 ) ;
#249 = ORIENTED_EDGE ( 'NONE', *, *, #332, .F. ) ;
#250 = CARTESIAN_POINT ( 'NONE',  ( 0.08166846881030738470, -0.05000000000000000278, -0.01574999999999998623 ) ) ;
#251 = DIRECTION ( 'NONE',  ( 1.000000000000000000, 0.0000000000000000000, 0.0000000000000000000 ) ) ;
#252 = CARTESIAN_POINT ( 'NONE',  ( 0.0000000000000000000, 4.408728476930249931E-18, -0.03599999999999819317 ) ) ;
#253 = VERTEX_POINT ( 'NONE', #1719 ) ;
#254 = AXIS2_PLACEMENT_3D ( 'NONE', #2169, #440, #1136 ) ;
#255 = PLANE ( 'NONE',  #1643 ) ;
#256 = ORIENTED_EDGE ( 'NONE', *, *, #1399, .T. ) ;
#257 = EDGE_LOOP ( 'NONE', ( #2129, #1447, #562, #2205 ) ) ;
#258 =( GEOMETRIC_REPRESENTATION_CONTEXT ( 3 ) GLOBAL_UNCERTAINTY_ASSIGNED_CONTEXT ( ( #834 ) ) GLOBAL_UNIT_ASSIGNED_CONTEXT ( ( #686, #519, #1902 ) ) REPRESENTATION_CONTEXT ( 'NONE', 'WORKASPACE' ) );
#259 = CARTESIAN_POINT ( 'NONE',  ( 0.2759349376206133853, -0.05000000000000000278, 0.0000000000000000000 ) ) ;
#260 = VECTOR ( 'NONE', #1533, 39.37007874015748854 ) ;
#261 = AXIS2_PLACEMENT_3D ( 'NONE', #1794, #229, #2118 ) ;
#262 = PRODUCT_DEFINITION_SHAPE ( 'NONE', 'NONE',  #1267 ) ;
#263 = ORIENTED_EDGE ( 'NONE', *, *, #194, .T. ) ;
#264 = DIRECTION ( 'NONE',  ( 0.9396926207859082059, 0.0000000000000000000, -0.3420201433256693790 ) ) ;
#265 = VECTOR ( 'NONE', #1075, 39.37007874015748143 ) ;
#266 = DIRECTION ( 'NONE',  ( 0.0000000000000000000, 0.0000000000000000000, 1.000000000000000000 ) ) ;
#267 = PLANE ( 'NONE',  #2067 ) ;
#268 = ORIENTED_EDGE ( 'NONE', *, *, #1831, .F. ) ;
#269 = VECTOR ( 'NONE', #785, 39.37007874015748143 ) ;
#270 = ORIENTED_EDGE ( 'NONE', *, *, #683, .F. ) ;
#271 = ADVANCED_FACE ( 'NONE', ( #536 ), #501, .T. ) ;
#272 = CARTESIAN_POINT ( 'NONE',  ( 0.08166846881030742633, -0.05000000000000000278, -0.1842499999999996085 ) ) ;
#273 = LINE ( 'NONE', #1846, #2153 ) ;
#274 = ORIENTED_EDGE ( 'NONE', *, *, #1148, .F. ) ;
#275 = DIRECTION ( 'NONE',  ( -1.000000000000000000, -0.0000000000000000000, -0.0000000000000000000 ) ) ;
#276 = AXIS2_PLACEMENT_3D ( 'NONE', #1860, #1827, #266 ) ;
#277 = EDGE_CURVE ( 'NONE', #1960, #1295, #1981, .T. ) ;
#278 = LINE ( 'NONE', #2182, #1842 ) ;
#279 = CARTESIAN_POINT ( 'NONE',  ( 0.08300000000000018474, 0.0000000000000000000, 0.01450000000000062350 ) ) ;
#280 = ORIENTED_EDGE ( 'NONE', *, *, #962, .T. ) ;
#281 = PRODUCT_DEFINITION_SHAPE ( 'NONE', 'NONE',  #2251 ) ;
#282 = VECTOR ( 'NONE', #183, 39.37007874015748143 ) ;
#283 = ORIENTED_EDGE ( 'NONE', *, *, #1040, .T. ) ;
#284 = CARTESIAN_POINT ( 'NONE',  ( 0.01000000000000180606, 4.408728476930249931E-18, -0.03599999999999819317 ) ) ;
#285 = DIRECTION ( 'NONE',  ( 0.0000000000000000000, 0.0000000000000000000, 1.000000000000000000 ) ) ;
#286 = EDGE_CURVE ( 'NONE', #1437, #876, #1899, .T. ) ;
#287 = DIRECTION ( 'NONE',  ( 0.3420201433256666035, 0.0000000000000000000, 0.9396926207859092051 ) ) ;
#288 = PRODUCT_CONTEXT ( 'NONE', #613, 'mechanical' ) ;
#289 = CARTESIAN_POINT ( 'NONE',  ( 0.2759349376206133853, -0.05000000000000000278, 0.0000000000000000000 ) ) ;
#290 = CARTESIAN_POINT ( 'NONE',  ( 2.239553201765118668E-16, 0.0000000000000000000, -0.1999999999999996503 ) ) ;
#291 = ORIENTED_EDGE ( 'NONE', *, *, #2052, .T. ) ;
#292 = ORIENTED_EDGE ( 'NONE', *, *, #1298, .T. ) ;
#293 = LINE ( 'NONE', #1324, #2005 ) ;
#294 = CARTESIAN_POINT ( 'NONE',  ( 0.2379674688103072255, 0.0000000000000000000, -0.07855000000000052218 ) ) ;
#295 = EDGE_CURVE ( 'NONE', #1418, #2078, #819, .T. ) ;
#296 = CIRCLE ( 'NONE', #78, 0.02900000000000220804 ) ;
#297 = VECTOR ( 'NONE', #707, 39.37007874015748143 ) ;
#298 = CARTESIAN_POINT ( 'NONE',  ( 0.1816684688103074319, -0.05000000000000000278, -0.1842499999999996085 ) ) ;
#299 = VECTOR ( 'NONE', #1930, 39.37007874015748143 ) ;
#300 = PRODUCT_DEFINITION_SHAPE ( 'NONE', 'NONE',  #2252 ) ;
#301 = CARTESIAN_POINT ( 'NONE',  ( 2.239553201765118668E-16, 0.0000000000000000000, -0.1999999999999996503 ) ) ;
#302 = ORIENTED_EDGE ( 'NONE', *, *, #979, .F. ) ;
#303 = ORIENTED_EDGE ( 'NONE', *, *, #410, .T. ) ;
#304 = CARTESIAN_POINT ( 'NONE',  ( 0.09999900000000011557, 0.0000000000000000000, 0.0000000000000000000 ) ) ;
#305 = CARTESIAN_POINT ( 'NONE',  ( 0.03796746881030720056, 3.673940397442064486E-19, -0.07855000000000052218 ) ) ;
#306 = CIRCLE ( 'NONE', #1183, 0.01049999999999998851 ) ;
#307 = ADVANCED_FACE ( 'NONE', ( #516, #1544 ), #1201, .F. ) ;
#308 = CYLINDRICAL_SURFACE ( 'NONE', #1745, 0.01450000000000062350 ) ;
#309 = CARTESIAN_POINT ( 'NONE',  ( 0.1379674688103071922, -0.05000000000000000278, -0.1214499999999994612 ) ) ;
#310 = EDGE_CURVE ( 'NONE', #1301, #2116, #139, .T. ) ;
#311 = ORIENTED_EDGE ( 'NONE', *, *, #1373, .T. ) ;
#312 = ORIENTED_EDGE ( 'NONE', *, *, #2001, .F. ) ;
#313 = DIRECTION ( 'NONE',  ( 0.0000000000000000000, 0.0000000000000000000, 1.000000000000000000 ) ) ;
#314 = DIRECTION ( 'NONE',  ( -1.000000000000000000, 0.0000000000000000000, -1.266620916943744463E-17 ) ) ;
#315 = ADVANCED_FACE ( 'NONE', ( #872 ), #701, .F. ) ;
#316 = CONICAL_SURFACE ( 'NONE', #1366, 0.007500000000000002325, 0.7853981633974936871 ) ;
#317 = DIRECTION ( 'NONE',  ( -0.0000000000000000000, 1.000000000000000000, -0.0000000000000000000 ) ) ;
#318 = EDGE_CURVE ( 'NONE', #351, #854, #832, .T. ) ;
#319 = CARTESIAN_POINT ( 'NONE',  ( 0.1379674688103071922, 0.0000000000000000000, -0.04999999999999999584 ) ) ;
#320 = VERTEX_POINT ( 'NONE', #2244 ) ;
#321 = VERTEX_POINT ( 'NONE', #1738 ) ;
#322 = SURFACE_STYLE_FILL_AREA ( #2057 ) ;
#323 = DIRECTION ( 'NONE',  ( 1.000000000000000000, 0.0000000000000000000, -5.421193827719211569E-15 ) ) ;
#324 = EDGE_CURVE ( 'NONE', #1247, #1931, #2086, .T. ) ;
#325 = VECTOR ( 'NONE', #1035, 39.37007874015748143 ) ;
#326 = DIRECTION ( 'NONE',  ( -1.000000000000000000, -0.0000000000000000000, -0.0000000000000000000 ) ) ;
#327 = CARTESIAN_POINT ( 'NONE',  ( 0.06700000000000012890, 0.0000000000000000000, 0.0000000000000000000 ) ) ;
#328 =( GEOMETRIC_REPRESENTATION_CONTEXT ( 3 ) GLOBAL_UNCERTAINTY_ASSIGNED_CONTEXT ( ( #2184 ) ) GLOBAL_UNIT_ASSIGNED_CONTEXT ( ( #839, #1030, #1530 ) ) REPRESENTATION_CONTEXT ( 'NONE', 'WORKASPACE' ) );
#329 = AXIS2_PLACEMENT_3D ( 'NONE', #1296, #1983, #1940 ) ;
#330 = CYLINDRICAL_SURFACE ( 'NONE', #2122, 0.02150000000000002950 ) ;
#331 = PRODUCT_DEFINITION_CONTEXT ( 'detailed design', #1215, 'design' ) ;
#332 = EDGE_CURVE ( 'NONE', #1331, #2139, #1355, .T. ) ;
#333 = ORIENTED_EDGE ( 'NONE', *, *, #2050, .T. ) ;
#334 = EDGE_LOOP ( 'NONE', ( #1174, #1555, #1920, #505 ) ) ;
#335 = DIRECTION ( 'NONE',  ( 1.000000000000000000, 0.0000000000000000000, 0.0000000000000000000 ) ) ;
#336 = DIRECTION ( 'NONE',  ( -0.3420201433256694346, -0.0000000000000000000, -0.9396926207859080948 ) ) ;
#337 = CARTESIAN_POINT ( 'NONE',  ( 0.1816684688103074319, 0.0000000000000000000, -0.1842499999999996085 ) ) ;
#338 = FACE_BOUND ( 'NONE', #2043, .T. ) ;
#339 = AXIS2_PLACEMENT_3D ( 'NONE', #1044, #1014, #2073 ) ;
#340 = FACE_OUTER_BOUND ( 'NONE', #334, .T. ) ;
#341 = ADVANCED_FACE ( 'NONE', ( #340 ), #330, .F. ) ;
#342 = EDGE_LOOP ( 'NONE', ( #1958, #280, #747, #1843 ) ) ;
#343 = VECTOR ( 'NONE', #603, 39.37007874015748143 ) ;
#344 = ORIENTED_EDGE ( 'NONE', *, *, #553, .F. ) ;
#345 = CARTESIAN_POINT ( 'NONE',  ( 0.2379674688103072255, 3.673940397442064486E-19, -0.04999999999999999584 ) ) ;
#346 = CARTESIAN_POINT ( 'NONE',  ( 0.0000000000000000000, 0.0000000000000000000, 0.0000000000000000000 ) ) ;
#347 = CARTESIAN_POINT ( 'NONE',  ( 0.1489999999999999658, 0.0000000000000000000, 0.0000000000000000000 ) ) ;
#348 = VECTOR ( 'NONE', #1593, 39.37007874015748143 ) ;
#349 = DIRECTION ( 'NONE',  ( -0.3420201433256720991, 0.0000000000000000000, 0.9396926207859070956 ) ) ;
#350 = EDGE_LOOP ( 'NONE', ( #151, #231, #1909, #133 ) ) ;
#351 = VERTEX_POINT ( 'NONE', #1026 ) ;
#352 = CARTESIAN_POINT ( 'NONE',  ( 0.1816684688103074041, -0.05000000000000000278, -0.01574999999999998623 ) ) ;
#353 = CARTESIAN_POINT ( 'NONE',  ( 0.03796746881030719362, 0.0000000000000000000, -0.04999999999999999584 ) ) ;
#354 = EDGE_CURVE ( 'NONE', #873, #652, #166, .T. ) ;
#355 = CARTESIAN_POINT ( 'NONE',  ( 0.1942664688103074300, 0.0000000000000000000, -0.01574999999999998623 ) ) ;
#356 = CARTESIAN_POINT ( 'NONE',  ( 2.239553201765118668E-16, -0.05000000000000000278, -0.1999999999999996503 ) ) ;
#357 = DIRECTION ( 'NONE',  ( 0.0000000000000000000, 0.0000000000000000000, 1.000000000000000000 ) ) ;
#358 = VECTOR ( 'NONE', #916, 39.37007874015748143 ) ;
#359 = CARTESIAN_POINT ( 'NONE',  ( -0.01203253118969264436, 0.0000000000000000000, -0.01574999999999999664 ) ) ;
#360 = ORIENTED_EDGE ( 'NONE', *, *, #1811, .T. ) ;
#361 = AXIS2_PLACEMENT_3D ( 'NONE', #1761, #2094, #702 ) ;
#362 = ORIENTED_EDGE ( 'NONE', *, *, #170, .F. ) ;
#363 = DIRECTION ( 'NONE',  ( 0.0000000000000000000, 0.0000000000000000000, 1.000000000000000000 ) ) ;
#364 = CARTESIAN_POINT ( 'NONE',  ( 0.2759349376206161053, -0.05000000000000000278, -0.1999999999999995948 ) ) ;
#365 = AXIS2_PLACEMENT_3D ( 'NONE', #347, #1938, #1033 ) ;
#366 = PLANE ( 'NONE',  #1137 ) ;
#367 = DIRECTION ( 'NONE',  ( 0.0000000000000000000, 0.0000000000000000000, 1.000000000000000000 ) ) ;
#368 = ADVANCED_FACE ( 'NONE', ( #1190 ), #1880, .F. ) ;
#369 = LINE ( 'NONE', #1602, #2167 ) ;
#370 = AXIS2_PLACEMENT_3D ( 'NONE', #1239, #1737, #1927 ) ;
#371 = CARTESIAN_POINT ( 'NONE',  ( 0.1379674688103071922, -0.05000000000000000278, -0.04999999999999999584 ) ) ;
#372 = ORIENTED_EDGE ( 'NONE', *, *, #1477, .F. ) ;
#373 = DIRECTION ( 'NONE',  ( -1.000000000000000000, 0.0000000000000000000, -1.237541726874530996E-16 ) ) ;
#374 = ORIENTED_EDGE ( 'NONE', *, *, #170, .T. ) ;
#375 = EDGE_CURVE ( 'NONE', #2141, #49, #1534, .T. ) ;
#376 = DIRECTION ( 'NONE',  ( 0.0000000000000000000, 0.0000000000000000000, 1.000000000000000000 ) ) ;
#377 = FACE_OUTER_BOUND ( 'NONE', #2224, .T. ) ;
#378 = VECTOR ( 'NONE', #1575, 39.37007874015748143 ) ;
#379 = DIRECTION ( 'NONE',  ( -0.3420201433256693790, 0.0000000000000000000, -0.9396926207859082059 ) ) ;
#380 = CARTESIAN_POINT ( 'NONE',  ( -0.01203253118969264436, -0.05000000000000000278, -0.01574999999999999664 ) ) ;
#381 = EDGE_CURVE ( 'NONE', #420, #597, #2112, .T. ) ;
#382 = DIRECTION ( 'NONE',  ( -0.0000000000000000000, 1.000000000000000000, -0.0000000000000000000 ) ) ;
#383 = DIRECTION ( 'NONE',  ( -0.9657952810951841993, 0.0000000000000000000, 0.2593057558448598199 ) ) ;
#384 = VECTOR ( 'NONE', #449, 39.37007874015748143 ) ;
#385 = CARTESIAN_POINT ( 'NONE',  ( 0.2759349376206161053, -0.05000000000000000278, -0.1999999999999995948 ) ) ;
#386 = ADVANCED_FACE ( 'NONE', ( #1771 ), #1750, .T. ) ;
#387 = EDGE_LOOP ( 'NONE', ( #2014, #65, #1225, #695 ) ) ;
#388 = DIRECTION ( 'NONE',  ( 0.0000000000000000000, 0.0000000000000000000, 1.000000000000000000 ) ) ;
#389 = ORIENTED_EDGE ( 'NONE', *, *, #1688, .T. ) ;
#390 =( CONVERSION_BASED_UNIT ( 'INCH', #1406 ) LENGTH_UNIT ( ) NAMED_UNIT ( #1084 ) );
#391 = DIRECTION ( 'NONE',  ( -0.0000000000000000000, 1.000000000000000000, -0.0000000000000000000 ) ) ;
#392 = FACE_OUTER_BOUND ( 'NONE', #421, .T. ) ;
#393 = DIRECTION ( 'NONE',  ( -0.7071067811865520136, 0.0000000000000000000, 0.7071067811865430208 ) ) ;
#394 = ORIENTED_EDGE ( 'NONE', *, *, #1133, .T. ) ;
#395 = CARTESIAN_POINT ( 'NONE',  ( 0.1999990000000001211, -0.05000000000000000278, 0.0000000000000000000 ) ) ;
#396 = DIRECTION ( 'NONE',  ( 0.0000000000000000000, 0.0000000000000000000, 1.000000000000000000 ) ) ;
#397 = EDGE_LOOP ( 'NONE', ( #1425, #1615, #1376, #1120 ) ) ;
#398 =( NAMED_UNIT ( * ) SI_UNIT ( $, .STERADIAN. ) SOLID_ANGLE_UNIT ( ) );
#399 = AXIS2_PLACEMENT_3D ( 'NONE', #661, #171, #1195 ) ;
#400 = ADVANCED_FACE ( 'NONE', ( #1760 ), #30, .T. ) ;
#401 = VECTOR ( 'NONE', #232, 39.37007874015748143 ) ;
#402 = ORIENTED_EDGE ( 'NONE', *, *, #1995, .F. ) ;
#403 = DIRECTION ( 'NONE',  ( 1.000000000000000000, 0.0000000000000000000, 0.0000000000000000000 ) ) ;
#404 = DIRECTION ( 'NONE',  ( -1.000000000000000000, -0.0000000000000000000, -0.0000000000000000000 ) ) ;
#405 = VERTEX_POINT ( 'NONE', #45 ) ;
#406 = VECTOR ( 'NONE', #1067, 39.37007874015748143 ) ;
#407 = ORIENTED_EDGE ( 'NONE', *, *, #1645, .F. ) ;
#408 = DIRECTION ( 'NONE',  ( 0.0000000000000000000, 0.0000000000000000000, 1.000000000000000000 ) ) ;
#409 = LINE ( 'NONE', #380, #1058 ) ;
#410 = EDGE_CURVE ( 'NONE', #1081, #846, #188, .T. ) ;
#411 = ORIENTED_EDGE ( 'NONE', *, *, #984, .T. ) ;
#412 = CARTESIAN_POINT ( 'NONE',  ( 0.2816674688103074087, 0.0000000000000000000, -0.01574999999999959419 ) ) ;
#413 = APPLICATION_PROTOCOL_DEFINITION ( 'draft international standard', 'automotive_design', 1998, #1215 ) ;
#414 = DIRECTION ( 'NONE',  ( -1.000000000000000000, -0.0000000000000000000, -0.0000000000000000000 ) ) ;
#415 = VERTEX_POINT ( 'NONE', #560 ) ;
#416 = CARTESIAN_POINT ( 'NONE',  ( 0.2379674688103072255, 3.673940397442064486E-19, -0.02144999999999946602 ) ) ;
#417 = EDGE_CURVE ( 'NONE', #1368, #415, #735, .T. ) ;
#418 = ORIENTED_EDGE ( 'NONE', *, *, #534, .T. ) ;
#419 = CARTESIAN_POINT ( 'NONE',  ( 0.2759349376206161053, 0.0000000000000000000, -0.1999999999999995948 ) ) ;
#420 = VERTEX_POINT ( 'NONE', #1055 ) ;
#421 = EDGE_LOOP ( 'NONE', ( #1633, #270, #116, #158 ) ) ;
#422 = LINE ( 'NONE', #2147, #401 ) ;
#423 = CARTESIAN_POINT ( 'NONE',  ( 0.04431135598927586627, 3.245314017740554309E-18, -0.02650000000000055783 ) ) ;
#424 = ORIENTED_EDGE ( 'NONE', *, *, #1399, .F. ) ;
#425 = DIRECTION ( 'NONE',  ( 0.3420201433257471502, 0.0000000000000000000, -0.9396926207858797842 ) ) ;
#426 = CONTEXT_DEPENDENT_SHAPE_REPRESENTATION ( #1950, #1285 ) ;
#427 = DIRECTION ( 'NONE',  ( -1.000000000000000000, -0.0000000000000000000, -0.0000000000000000000 ) ) ;
#428 = SURFACE_STYLE_USAGE ( .BOTH. , #922 ) ;
#429 = ORIENTED_EDGE ( 'NONE', *, *, #1790, .T. ) ;
#430 = LINE ( 'NONE', #769, #2130 ) ;
#431 = VERTEX_POINT ( 'NONE', #883 ) ;
#432 = ORIENTED_EDGE ( 'NONE', *, *, #799, .F. ) ;
#433 = FACE_OUTER_BOUND ( 'NONE', #757, .T. ) ;
#434 = CARTESIAN_POINT ( 'NONE',  ( 0.1379674688103071922, 0.0000000000000000000, -0.1214499999999994612 ) ) ;
#435 = EDGE_CURVE ( 'NONE', #4, #103, #159, .T. ) ;
#436 = AXIS2_PLACEMENT_3D ( 'NONE', #1861, #1170, #1329 ) ;
#437 = EDGE_LOOP ( 'NONE', ( #1088, #1701, #610, #669 ) ) ;
#438 = DIRECTION ( 'NONE',  ( -0.3420201433256720991, 0.0000000000000000000, 0.9396926207859070956 ) ) ;
#439 = DIRECTION ( 'NONE',  ( 0.0000000000000000000, 0.0000000000000000000, 1.000000000000000000 ) ) ;
#440 = DIRECTION ( 'NONE',  ( -0.0000000000000000000, 1.000000000000000000, -0.0000000000000000000 ) ) ;
#441 = EDGE_CURVE ( 'NONE', #1173, #1666, #369, .T. ) ;
#442 = VECTOR ( 'NONE', #1708, 39.37007874015748143 ) ;
#443 = VERTEX_POINT ( 'NONE', #20 ) ;
#444 = CIRCLE ( 'NONE', #1711, 0.02650000000000055783 ) ;
#445 = ORIENTED_EDGE ( 'NONE', *, *, #882, .T. ) ;
#446 = STYLED_ITEM ( 'NONE', ( #847 ), #113 ) ;
#447 = DIRECTION ( 'NONE',  ( -0.3420201433256694346, -0.0000000000000000000, -0.9396926207859080948 ) ) ;
#448 = CIRCLE ( 'NONE', #178, 0.02855000000000054022 ) ;
#449 = DIRECTION ( 'NONE',  ( 0.0000000000000000000, 1.000000000000000000, 0.0000000000000000000 ) ) ;
#450 = ADVANCED_FACE ( 'NONE', ( #893 ), #1586, .F. ) ;
#451 = PRODUCT_DEFINITION_SHAPE ( 'NONE', 'NONE',  #1729 ) ;
#452 = ORIENTED_EDGE ( 'NONE', *, *, #1549, .F. ) ;
#453 = DIRECTION ( 'NONE',  ( -0.9396926207859092051, 0.0000000000000000000, 0.3420201433256666035 ) ) ;
#454 = DIRECTION ( 'NONE',  ( 0.0000000000000000000, 0.0000000000000000000, 1.000000000000000000 ) ) ;
#455 = DIRECTION ( 'NONE',  ( -0.0000000000000000000, 1.000000000000000000, -0.0000000000000000000 ) ) ;
#456 = ORIENTED_EDGE ( 'NONE', *, *, #34, .T. ) ;
#457 = AXIS2_PLACEMENT_3D ( 'NONE', #1888, #1, #2083 ) ;
#458 = ORIENTED_EDGE ( 'NONE', *, *, #1841, .T. ) ;
#459 = LINE ( 'NONE', #1141, #1779 ) ;
#460 = CARTESIAN_POINT ( 'NONE',  ( 0.2759349376206161053, -0.05000000000000000278, -0.1999999999999995948 ) ) ;
#461 = PLANE ( 'NONE',  #691 ) ;
#462 = AXIS2_PLACEMENT_3D ( 'NONE', #1838, #2019, #791 ) ;
#463 = FACE_OUTER_BOUND ( 'NONE', #1753, .T. ) ;
#464 = CARTESIAN_POINT ( 'NONE',  ( 0.09999900000000011557, -0.05000000000000000278, -0.1999999999999999833 ) ) ;
#465 = EDGE_CURVE ( 'NONE', #2095, #168, #101, .T. ) ;
#466 = EDGE_LOOP ( 'NONE', ( #2155, #1403, #1469, #60 ) ) ;
#467 = VECTOR ( 'NONE', #1166, 39.37007874015748143 ) ;
#468 = ORIENTED_EDGE ( 'NONE', *, *, #1420, .F. ) ;
#469 = LINE ( 'NONE', #1165, #1678 ) ;
#470 = CARTESIAN_POINT ( 'NONE',  ( 0.2816674688103074087, -0.05000000000000000278, -0.1842499999999991922 ) ) ;
#471 = CARTESIAN_POINT ( 'NONE',  ( 0.1942664688103074300, 0.0000000000000000000, -0.1842499999999996918 ) ) ;
#472 = DIRECTION ( 'NONE',  ( 0.0000000000000000000, 0.0000000000000000000, 1.000000000000000000 ) ) ;
#473 = CARTESIAN_POINT ( 'NONE',  ( 0.07607179676972174176, 0.0000000000000000000, 0.0000000000000000000 ) ) ;
#474 = ORIENTED_EDGE ( 'NONE', *, *, #2033, .T. ) ;
#475 = ORIENTED_EDGE ( 'NONE', *, *, #1735, .F. ) ;
#476 = CARTESIAN_POINT ( 'NONE',  ( 0.01000000000000180606, 0.0000000000000000000, 0.0000000000000000000 ) ) ;
#477 = DIRECTION ( 'NONE',  ( -0.0000000000000000000, 1.000000000000000000, -0.0000000000000000000 ) ) ;
#478 = AXIS2_PLACEMENT_3D ( 'NONE', #554, #376, #403 ) ;
#479 = VECTOR ( 'NONE', #2049, 39.37007874015748143 ) ;
#480 = LINE ( 'NONE', #638, #1281 ) ;
#481 =( GEOMETRIC_REPRESENTATION_CONTEXT ( 3 ) GLOBAL_UNCERTAINTY_ASSIGNED_CONTEXT ( ( #1840 ) ) GLOBAL_UNIT_ASSIGNED_CONTEXT ( ( #1122, #88, #1134 ) ) REPRESENTATION_CONTEXT ( 'NONE', 'WORKASPACE' ) );
#482 = AXIS2_PLACEMENT_3D ( 'NONE', #1284, #1092, #236 ) ;
#483 = DIRECTION ( 'NONE',  ( -0.0000000000000000000, 1.000000000000000000, -0.0000000000000000000 ) ) ;
#484 = CIRCLE ( 'NONE', #1934, 0.02855000000000054022 ) ;
#485 = EDGE_CURVE ( 'NONE', #1721, #1394, #1147, .T. ) ;
#486 = ORIENTED_EDGE ( 'NONE', *, *, #799, .T. ) ;
#487 = APPLICATION_CONTEXT ( 'automotive_design' ) ;
#488 = EDGE_LOOP ( 'NONE', ( #626, #1946 ) ) ;
#489 = DIRECTION ( 'NONE',  ( 0.0000000000000000000, 0.0000000000000000000, 1.000000000000000000 ) ) ;
#490 = AXIS2_PLACEMENT_3D ( 'NONE', #891, #156, #557 ) ;
#491 = CARTESIAN_POINT ( 'NONE',  ( 0.07800000000000031908, 0.0000000000000000000, 0.0000000000000000000 ) ) ;
#492 = AXIS2_PLACEMENT_3D ( 'NONE', #90, #628, #2031 ) ;
#493 = DIRECTION ( 'NONE',  ( -1.000000000000000000, -0.0000000000000000000, -0.0000000000000000000 ) ) ;
#494 = EDGE_LOOP ( 'NONE', ( #1036, #818, #1465, #2156 ) ) ;
#495 = ORIENTED_EDGE ( 'NONE', *, *, #286, .T. ) ;
#496 = DIRECTION ( 'NONE',  ( -1.000000000000000000, -0.0000000000000000000, -0.0000000000000000000 ) ) ;
#497 = DIRECTION ( 'NONE',  ( -0.0000000000000000000, 1.000000000000000000, -0.0000000000000000000 ) ) ;
#498 = CIRCLE ( 'NONE', #1765, 0.02855000000000054022 ) ;
#499 = DIRECTION ( 'NONE',  ( -1.000000000000000000, -0.0000000000000000000, -0.0000000000000000000 ) ) ;
#500 = ADVANCED_FACE ( 'NONE', ( #2168 ), #2204, .T. ) ;
#501 = CYLINDRICAL_SURFACE ( 'NONE', #2201, 0.02650000000000055783 ) ;
#502 = CONICAL_SURFACE ( 'NONE', #140, 0.007500000000000002325, 0.7853981633974936871 ) ;
#503 = ORIENTED_EDGE ( 'NONE', *, *, #1065, .F. ) ;
#504 = EDGE_CURVE ( 'NONE', #2062, #1778, #1474, .T. ) ;
#505 = ORIENTED_EDGE ( 'NONE', *, *, #1393, .T. ) ;
#506 = ADVANCED_FACE ( 'NONE', ( #463 ), #1939, .F. ) ;
#507 = LINE ( 'NONE', #182, #1378 ) ;
#508 = DIRECTION ( 'NONE',  ( -1.000000000000000000, 0.0000000000000000000, -1.237541726874530996E-16 ) ) ;
#509 = LINE ( 'NONE', #1904, #1021 ) ;
#510 = CARTESIAN_POINT ( 'NONE',  ( 0.03796746881030720056, 0.0000000000000000000, -0.07855000000000052218 ) ) ;
#511 = EDGE_CURVE ( 'NONE', #1650, #2213, #2235, .T. ) ;
#512 = VECTOR ( 'NONE', #745, 39.37007874015748143 ) ;
#513 = CIRCLE ( 'NONE', #841, 0.02855000000000052982 ) ;
#514 = LINE ( 'NONE', #355, #297 ) ;
#515 = CIRCLE ( 'NONE', #1781, 0.02855000000000052982 ) ;
#516 = FACE_BOUND ( 'NONE', #593, .T. ) ;
#517 = ORIENTED_EDGE ( 'NONE', *, *, #1181, .T. ) ;
#518 = EDGE_LOOP ( 'NONE', ( #1214, #1263, #2151, #2035 ) ) ;
#519 =( NAMED_UNIT ( * ) PLANE_ANGLE_UNIT ( ) SI_UNIT ( $, .RADIAN. ) );
#520 = LINE ( 'NONE', #1744, #977 ) ;
#521 = DIRECTION ( 'NONE',  ( -1.000000000000000000, -0.0000000000000000000, -0.0000000000000000000 ) ) ;
#522 = DIRECTION ( 'NONE',  ( -0.3420201433256654933, 0.0000000000000000000, 0.9396926207859095381 ) ) ;
#523 = AXIS2_PLACEMENT_3D ( 'NONE', #11, #2232, #1554 ) ;
#524 = DIRECTION ( 'NONE',  ( 0.0000000000000000000, 0.0000000000000000000, 1.000000000000000000 ) ) ;
#525 = AXIS2_PLACEMENT_3D ( 'NONE', #1523, #2092, #1231 ) ;
#526 = ORIENTED_EDGE ( 'NONE', *, *, #1621, .T. ) ;
#527 = ADVANCED_FACE ( 'NONE', ( #1308 ), #1996, .F. ) ;
#528 = VECTOR ( 'NONE', #72, 39.37007874015748143 ) ;
#529 = VERTEX_POINT ( 'NONE', #1679 ) ;
#530 = CARTESIAN_POINT ( 'NONE',  ( 0.01000000000000071665, 0.0000000000000000000, 0.0000000000000000000 ) ) ;
#531 = LINE ( 'NONE', #1227, #1947 ) ;
#532 = DIRECTION ( 'NONE',  ( 1.000000000000000000, 0.0000000000000000000, 0.0000000000000000000 ) ) ;
#533 = PLANE ( 'NONE',  #774 ) ;
#534 = EDGE_CURVE ( 'NONE', #1960, #66, #1458, .T. ) ;
#535 = VECTOR ( 'NONE', #1333, 39.37007874015748143 ) ;
#536 = FACE_OUTER_BOUND ( 'NONE', #397, .T. ) ;
#537 = DIRECTION ( 'NONE',  ( -1.000000000000000000, 0.0000000000000000000, -1.237541726874530996E-16 ) ) ;
#538 = ORIENTED_EDGE ( 'NONE', *, *, #1816, .T. ) ;
#539 = VERTEX_POINT ( 'NONE', #1985 ) ;
#540 = CARTESIAN_POINT ( 'NONE',  ( -0.01203253118969264089, -0.05000000000000000278, -0.1842499999999996918 ) ) ;
#541 = CARTESIAN_POINT ( 'NONE',  ( 0.1999990000000001211, 0.0000000000000000000, 0.0000000000000000000 ) ) ;
#542 = DIRECTION ( 'NONE',  ( 1.000000000000000000, 0.0000000000000000000, 0.0000000000000000000 ) ) ;
#543 = ADVANCED_FACE ( 'NONE', ( #2154 ), #1156, .T. ) ;
#544 = CARTESIAN_POINT ( 'NONE',  ( 0.1379674688103071922, -0.05000000000000000278, -0.04999999999999999584 ) ) ;
#545 = ADVANCED_FACE ( 'NONE', ( #1496 ), #1161, .F. ) ;
#546 = AXIS2_PLACEMENT_3D ( 'NONE', #1473, #1182, #965 ) ;
#547 = VECTOR ( 'NONE', #1314, 39.37007874015748143 ) ;
#548 = AXIS2_PLACEMENT_3D ( 'NONE', #346, #849, #1914 ) ;
#549 = LINE ( 'NONE', #884, #594 ) ;
#550 = ORIENTED_EDGE ( 'NONE', *, *, #2020, .F. ) ;
#551 = EDGE_LOOP ( 'NONE', ( #939, #1568, #2117, #445 ) ) ;
#552 = ORIENTED_EDGE ( 'NONE', *, *, #1078, .F. ) ;
#553 = EDGE_CURVE ( 'NONE', #2196, #1611, #1851, .T. ) ;
#554 = CARTESIAN_POINT ( 'NONE',  ( 0.2804485601158817620, 2.119741810843843499, 2.172227730851123972 ) ) ;
#555 = CARTESIAN_POINT ( 'NONE',  ( 0.09426646881030741054, -0.05000000000000000278, -0.01574999999999998623 ) ) ;
#556 = CARTESIAN_POINT ( 'NONE',  ( 0.1489999999999999658, 0.0000000000000000000, 0.01049999999999998157 ) ) ;
#557 = DIRECTION ( 'NONE',  ( 0.0000000000000000000, 0.0000000000000000000, 1.000000000000000000 ) ) ;
#558 = EDGE_CURVE ( 'NONE', #2165, #2116, #278, .T. ) ;
#559 = DIRECTION ( 'NONE',  ( -0.9396926207859095381, 0.0000000000000000000, -0.3420201433256654933 ) ) ;
#560 = CARTESIAN_POINT ( 'NONE',  ( 0.1379674688103071922, 3.673940397442064486E-19, -0.1785500000000005416 ) ) ;
#561 = CARTESIAN_POINT ( 'NONE',  ( -0.005732531189692642581, 0.0000000000000000000, -0.01574999999999999664 ) ) ;
#562 = ORIENTED_EDGE ( 'NONE', *, *, #34, .F. ) ;
#563 = EDGE_LOOP ( 'NONE', ( #1970, #1835, #1184, #2236 ) ) ;
#564 = ORIENTED_EDGE ( 'NONE', *, *, #1506, .F. ) ;
#565 = CARTESIAN_POINT ( 'NONE',  ( -0.01203253118969264089, 0.0000000000000000000, -0.1842499999999996918 ) ) ;
#566 = LINE ( 'NONE', #928, #2 ) ;
#567 = DIRECTION ( 'NONE',  ( 0.3420201433256633283, 0.0000000000000000000, -0.9396926207859103153 ) ) ;
#568 = ORIENTED_EDGE ( 'NONE', *, *, #1735, .T. ) ;
#569 = LINE ( 'NONE', #2124, #692 ) ;
#570 = EDGE_CURVE ( 'NONE', #14, #1104, #2012, .T. ) ;
#571 = AXIS2_PLACEMENT_3D ( 'NONE', #364, #193, #508 ) ;
#572 = LINE ( 'NONE', #1788, #1683 ) ;
#573 = ORIENTED_EDGE ( 'NONE', *, *, #310, .T. ) ;
#574 = CARTESIAN_POINT ( 'NONE',  ( 0.0000000000000000000, 0.0000000000000000000, 0.0000000000000000000 ) ) ;
#575 = ORIENTED_EDGE ( 'NONE', *, *, #1133, .F. ) ;
#576 =( NAMED_UNIT ( * ) SI_UNIT ( $, .STERADIAN. ) SOLID_ANGLE_UNIT ( ) );
#577 = DIRECTION ( 'NONE',  ( -1.000000000000000000, -0.0000000000000000000, -0.0000000000000000000 ) ) ;
#578 = EDGE_CURVE ( 'NONE', #1173, #153, #1629, .T. ) ;
#579 = EDGE_LOOP ( 'NONE', ( #927, #1100 ) ) ;
#580 = CARTESIAN_POINT ( 'NONE',  ( 0.1816684688103074041, -0.05000000000000000278, -0.01574999999999998623 ) ) ;
#581 = SURFACE_SIDE_STYLE ('',( #1624 ) ) ;
#582 = ORIENTED_EDGE ( 'NONE', *, *, #245, .T. ) ;
#583 = CARTESIAN_POINT ( 'NONE',  ( 0.08166846881030738470, -0.05000000000000000278, -0.01574999999999998623 ) ) ;
#584 = EDGE_CURVE ( 'NONE', #660, #95, #1614, .T. ) ;
#585 = DIRECTION ( 'NONE',  ( -1.000000000000000000, -0.0000000000000000000, -0.0000000000000000000 ) ) ;
#586 = ORIENTED_EDGE ( 'NONE', *, *, #2233, .F. ) ;
#588 = CLOSED_SHELL ( 'NONE', ( #527, #315, #450, #1543, #1017, #1817, #1439, #1339, #1007, #110, #1601, #1167, #1127, #730, #134, #736, #2113, #1921, #1424, #1326, #986, #1697, #1237, #1651, #1153, #1488, #1539, #2178, #1028, #1588, #2199, #368, #1775, #2229, #1178, #545, #2030, #1484, #1956, #1692, #869, #2048 ) ) ;
#587 = DIRECTION ( 'NONE',  ( 0.0000000000000000000, 1.000000000000000000, 0.0000000000000000000 ) ) ;
#589 = PRESENTATION_LAYER_ASSIGNMENT (  '', '', ( #446 ) ) ;
#590 = AXIS2_PLACEMENT_3D ( 'NONE', #580, #890, #221 ) ;
#591 = EDGE_LOOP ( 'NONE', ( #2172, #1577, #2105, #954 ) ) ;
#592 = DIRECTION ( 'NONE',  ( 0.0000000000000000000, 0.0000000000000000000, 1.000000000000000000 ) ) ;
#593 = EDGE_LOOP ( 'NONE', ( #1967, #1975 ) ) ;
#594 = VECTOR ( 'NONE', #1613, 39.37007874015748143 ) ;
#595 = VECTOR ( 'NONE', #1212, 39.37007874015748143 ) ;
#596 = PRODUCT_DEFINITION_SHAPE ( 'NONE', 'NONE',  #2250 ) ;
#597 = VERTEX_POINT ( 'NONE', #1328 ) ;
#598 = CARTESIAN_POINT ( 'NONE',  ( 0.2379674688103072255, 3.673940397442064486E-19, -0.1214499999999994612 ) ) ;
#599 = DIRECTION ( 'NONE',  ( 0.0000000000000000000, 0.0000000000000000000, 1.000000000000000000 ) ) ;
#600 = AXIS2_PLACEMENT_3D ( 'NONE', #929, #917, #599 ) ;
#601 = VERTEX_POINT ( 'NONE', #975 ) ;
#602 = CARTESIAN_POINT ( 'NONE',  ( 2.239553201765118668E-16, -0.05000000000000000278, -0.1999999999999996503 ) ) ;
#603 = DIRECTION ( 'NONE',  ( -0.0000000000000000000, 1.000000000000000000, -0.0000000000000000000 ) ) ;
#604 = DIRECTION ( 'NONE',  ( 0.0000000000000000000, 0.0000000000000000000, 1.000000000000000000 ) ) ;
#605 = EDGE_LOOP ( 'NONE', ( #1193, #1107, #1883, #1112 ) ) ;
#606 = CARTESIAN_POINT ( 'NONE',  ( 0.5184160289261680044, 2.129741810843848171, 2.122227730851123706 ) ) ;
#607 = FACE_OUTER_BOUND ( 'NONE', #739, .T. ) ;
#608 = ORIENTED_EDGE ( 'NONE', *, *, #793, .T. ) ;
#609 = ADVANCED_FACE ( 'NONE', ( #801 ), #234, .T. ) ;
#610 = ORIENTED_EDGE ( 'NONE', *, *, #465, .T. ) ;
#611 = DIRECTION ( 'NONE',  ( 1.000000000000000000, 0.0000000000000000000, -5.421193827719211569E-15 ) ) ;
#612 = CARTESIAN_POINT ( 'NONE',  ( 0.06700000000000012890, 2.632990618166813195E-18, -0.02150000000000002950 ) ) ;
#613 = APPLICATION_CONTEXT ( 'automotive_design' ) ;
#614 = ORIENTED_EDGE ( 'NONE', *, *, #147, .T. ) ;
#615 = CARTESIAN_POINT ( 'NONE',  ( 0.07800000000000031908, 0.0000000000000000000, 0.01049999999999998851 ) ) ;
#616 = DIRECTION ( 'NONE',  ( -1.000000000000000000, -0.0000000000000000000, -0.0000000000000000000 ) ) ;
#617 = CARTESIAN_POINT ( 'NONE',  ( 0.0000000000000000000, -0.05000000000000000278, 0.0000000000000000000 ) ) ;
#618 = VECTOR ( 'NONE', #1205, 39.37007874015748143 ) ;
#619 = UNCERTAINTY_MEASURE_WITH_UNIT (LENGTH_MEASURE( 1.000000000000000082E-05 ), #390, 'distance_accuracy_value', 'NONE');
#620 = DIRECTION ( 'NONE',  ( 0.0000000000000000000, 0.0000000000000000000, 1.000000000000000000 ) ) ;
#621 = ORIENTED_EDGE ( 'NONE', *, *, #2233, .T. ) ;
#622 = EDGE_LOOP ( 'NONE', ( #1990, #826, #1865, #715 ) ) ;
#623 = DIRECTION ( 'NONE',  ( -1.000000000000000000, 0.0000000000000000000, -0.0000000000000000000 ) ) ;
#624 = CARTESIAN_POINT ( 'NONE',  ( 0.04431135598927586627, 0.0000000000000000000, 0.0000000000000000000 ) ) ;
#625 = VECTOR ( 'NONE', #825, 39.37007874015748143 ) ;
#626 = ORIENTED_EDGE ( 'NONE', *, *, #2245, .T. ) ;
#627 = FACE_BOUND ( 'NONE', #1286, .T. ) ;
#628 = DIRECTION ( 'NONE',  ( -0.0000000000000000000, 1.000000000000000000, -0.0000000000000000000 ) ) ;
#629 = DIRECTION ( 'NONE',  ( 0.0000000000000000000, 0.0000000000000000000, 1.000000000000000000 ) ) ;
#630 = AXIS2_PLACEMENT_3D ( 'NONE', #1907, #1374, #2221 ) ;
#631 = VECTOR ( 'NONE', #1809, 39.37007874015748143 ) ;
#632 = ORIENTED_EDGE ( 'NONE', *, *, #1454, .F. ) ;
#633 = ADVANCED_FACE ( 'NONE', ( #1658 ), #786, .F. ) ;
#634 = EDGE_LOOP ( 'NONE', ( #1009, #1434 ) ) ;
#635 = CARTESIAN_POINT ( 'NONE',  ( 0.07593593762061463803, 0.0000000000000000000, -9.478001694819074349E-34 ) ) ;
#636 = AXIS2_PLACEMENT_3D ( 'NONE', #602, #559, #1257 ) ;
#637 = FACE_OUTER_BOUND ( 'NONE', #1010, .T. ) ;
#638 = CARTESIAN_POINT ( 'NONE',  ( 0.1999990000000001211, -0.05000000000000000278, -0.1999999999999999833 ) ) ;
#639 = EDGE_CURVE ( 'NONE', #1993, #1933, #195, .T. ) ;
#640 = CARTESIAN_POINT ( 'NONE',  ( 0.2759349376206161053, -0.05000000000000000278, -0.1999999999999995948 ) ) ;
#641 = DIRECTION ( 'NONE',  ( 0.0000000000000000000, 0.0000000000000000000, 1.000000000000000000 ) ) ;
#642 = ORIENTED_EDGE ( 'NONE', *, *, #570, .T. ) ;
#643 = ORIENTED_EDGE ( 'NONE', *, *, #657, .F. ) ;
#644 = CARTESIAN_POINT ( 'NONE',  ( 0.09999900000000011557, -0.05000000000000000278, -0.1999999999999999833 ) ) ;
#645 = DIRECTION ( 'NONE',  ( 0.0000000000000000000, 0.0000000000000000000, 1.000000000000000000 ) ) ;
#646 = DIRECTION ( 'NONE',  ( 0.0000000000000000000, 0.0000000000000000000, 1.000000000000000000 ) ) ;
#647 = DIRECTION ( 'NONE',  ( -1.000000000000000000, -0.0000000000000000000, -0.0000000000000000000 ) ) ;
#648 = EDGE_CURVE ( 'NONE', #1611, #1478, #189, .T. ) ;
#649 = DIRECTION ( 'NONE',  ( -0.3420201433256654933, 0.0000000000000000000, 0.9396926207859095381 ) ) ;
#650 = VERTEX_POINT ( 'NONE', #1542 ) ;
#651 = CIRCLE ( 'NONE', #1625, 0.03599999999999819317 ) ;
#652 = VERTEX_POINT ( 'NONE', #2241 ) ;
#653 = DIRECTION ( 'NONE',  ( -0.0000000000000000000, 1.000000000000000000, -0.0000000000000000000 ) ) ;
#654 = FACE_OUTER_BOUND ( 'NONE', #466, .T. ) ;
#655 = PLANE ( 'NONE',  #1411 ) ;
#656 = DIMENSIONAL_EXPONENTS ( 1.000000000000000000, 0.0000000000000000000, 0.0000000000000000000, 0.0000000000000000000, 0.0000000000000000000, 0.0000000000000000000, 0.0000000000000000000 ) ;
#657 = EDGE_CURVE ( 'NONE', #1619, #873, #2082, .T. ) ;
#658 = CARTESIAN_POINT ( 'NONE',  ( 0.03796746881030720056, 0.0000000000000000000, -0.1785500000000005416 ) ) ;
#659 = ORIENTED_EDGE ( 'NONE', *, *, #1949, .F. ) ;
#660 = VERTEX_POINT ( 'NONE', #1024 ) ;
#661 = CARTESIAN_POINT ( 'NONE',  ( 0.03500000000000071804, 0.0000000000000000000, 0.0000000000000000000 ) ) ;
#662 = DIRECTION ( 'NONE',  ( -0.0000000000000000000, 1.000000000000000000, -0.0000000000000000000 ) ) ;
#663 = VECTOR ( 'NONE', #425, 39.37007874015748143 ) ;
#664 = DIRECTION ( 'NONE',  ( 0.0000000000000000000, -1.000000000000000000, 0.0000000000000000000 ) ) ;
#665 = AXIS2_PLACEMENT_3D ( 'NONE', #92, #620, #1972 ) ;
#666 = LINE ( 'NONE', #1566, #442 ) ;
#667 = CIRCLE ( 'NONE', #1353, 0.02650000000000055783 ) ;
#668 = EDGE_LOOP ( 'NONE', ( #456, #923 ) ) ;
#669 = ORIENTED_EDGE ( 'NONE', *, *, #1383, .F. ) ;
#670 = CARTESIAN_POINT ( 'NONE',  ( 0.0000000000000000000, 0.0000000000000000000, 0.0000000000000000000 ) ) ;
#671 = EDGE_CURVE ( 'NONE', #973, #2196, #1468, .T. ) ;
#672 = DIRECTION ( 'NONE',  ( -1.000000000000000000, -0.0000000000000000000, -0.0000000000000000000 ) ) ;
#673 = ADVANCED_FACE ( 'NONE', ( #700 ), #1382, .F. ) ;
#674 = CARTESIAN_POINT ( 'NONE',  ( 0.04431135598927586627, 0.0000000000000000000, 0.02650000000000055783 ) ) ;
#675 = ORIENTED_EDGE ( 'NONE', *, *, #1758, .F. ) ;
#676 = EDGE_LOOP ( 'NONE', ( #1832, #1764, #418, #1460 ) ) ;
#677 = EDGE_CURVE ( 'NONE', #191, #1368, #1749, .T. ) ;
#678 = PLANE ( 'NONE',  #571 ) ;
#679 = VECTOR ( 'NONE', #848, 39.37007874015748143 ) ;
#680 = DIRECTION ( 'NONE',  ( 0.0000000000000000000, 0.0000000000000000000, 1.000000000000000000 ) ) ;
#681 = CARTESIAN_POINT ( 'NONE',  ( 0.0000000000000000000, 0.0000000000000000000, 0.0000000000000000000 ) ) ;
#682 = CARTESIAN_POINT ( 'NONE',  ( 0.03796746881030719362, 3.673940397442064486E-19, -0.1499999999999999944 ) ) ;
#683 = EDGE_CURVE ( 'NONE', #1792, #405, #197, .T. ) ;
#684 = ORIENTED_EDGE ( 'NONE', *, *, #956, .F. ) ;
#685 = ORIENTED_EDGE ( 'NONE', *, *, #717, .F. ) ;
#686 =( CONVERSION_BASED_UNIT ( 'INCH', #1550 ) LENGTH_UNIT ( ) NAMED_UNIT ( #656 ) );
#687 = LINE ( 'NONE', #1560, #1192 ) ;
#688 = LINE ( 'NONE', #2070, #40 ) ;
#689 = CARTESIAN_POINT ( 'NONE',  ( 0.08300000000000018474, 0.0000000000000000000, 0.0000000000000000000 ) ) ;
#690 = CIRCLE ( 'NONE', #1346, 0.02855000000000054022 ) ;
#691 = AXIS2_PLACEMENT_3D ( 'NONE', #1482, #664, #1352 ) ;
#692 = VECTOR ( 'NONE', #86, 39.37007874015748143 ) ;
#693 = EDGE_CURVE ( 'NONE', #4, #1511, #1372, .T. ) ;
#694 = CARTESIAN_POINT ( 'NONE',  ( 0.1816684688103074041, 0.0000000000000000000, -0.01574999999999998623 ) ) ;
#695 = ORIENTED_EDGE ( 'NONE', *, *, #2052, .F. ) ;
#696 = ORIENTED_EDGE ( 'NONE', *, *, #2068, .F. ) ;
#697 = CARTESIAN_POINT ( 'NONE',  ( 0.08166846881030738470, 0.0000000000000000000, -0.01574999999999998623 ) ) ;
#698 = CARTESIAN_POINT ( 'NONE',  ( 0.07593593762061463803, -0.05000000000000000278, -9.478001694819074349E-34 ) ) ;
#699 = FACE_OUTER_BOUND ( 'NONE', #1216, .T. ) ;
#700 = FACE_OUTER_BOUND ( 'NONE', #1604, .T. ) ;
#701 = CYLINDRICAL_SURFACE ( 'NONE', #1969, 0.02855000000000054022 ) ;
#702 = DIRECTION ( 'NONE',  ( 0.0000000000000000000, 0.0000000000000000000, 1.000000000000000000 ) ) ;
#703 = EDGE_LOOP ( 'NONE', ( #1068, #1111, #957, #1526 ) ) ;
#704 = EDGE_LOOP ( 'NONE', ( #980, #1202 ) ) ;
#705 =( CONVERSION_BASED_UNIT ( 'INCH', #1793 ) LENGTH_UNIT ( ) NAMED_UNIT ( #1919 ) );
#706 = DIRECTION ( 'NONE',  ( -0.0000000000000000000, 1.000000000000000000, -0.0000000000000000000 ) ) ;
#707 = DIRECTION ( 'NONE',  ( -0.3420201433256694346, -0.0000000000000000000, -0.9396926207859080948 ) ) ;
#708 = CARTESIAN_POINT ( 'NONE',  ( 0.2879674688103072699, -0.05000000000000000278, -0.1842499999999991644 ) ) ;
#709 = CARTESIAN_POINT ( 'NONE',  ( 0.06700000000000012890, 2.632990618166813195E-18, -0.02150000000000002950 ) ) ;
#710 = ADVANCED_FACE ( 'NONE', ( #338, #1905 ), #533, .F. ) ;
#711 = DIRECTION ( 'NONE',  ( 0.3420201433256633283, 0.0000000000000000000, -0.9396926207859103153 ) ) ;
#712 = ORIENTED_EDGE ( 'NONE', *, *, #435, .T. ) ;
#713 = ORIENTED_EDGE ( 'NONE', *, *, #310, .F. ) ;
#714 = VECTOR ( 'NONE', #455, 39.37007874015748143 ) ;
#715 = ORIENTED_EDGE ( 'NONE', *, *, #131, .T. ) ;
#716 = LINE ( 'NONE', #729, #2150 ) ;
#717 = EDGE_CURVE ( 'NONE', #443, #968, #1574, .T. ) ;
#718 = FACE_OUTER_BOUND ( 'NONE', #782, .T. ) ;
#719 = DIRECTION ( 'NONE',  ( -1.000000000000000000, 0.0000000000000000000, -5.420333320762533911E-15 ) ) ;
#720 = FACE_OUTER_BOUND ( 'NONE', #2096, .T. ) ;
#721 = VECTOR ( 'NONE', #1004, 39.37007874015748143 ) ;
#722 = CARTESIAN_POINT ( 'NONE',  ( 0.03796746881030719362, 0.0000000000000000000, -0.1499999999999999944 ) ) ;
#723 = VECTOR ( 'NONE', #373, 39.37007874015748143 ) ;
#724 = STYLED_ITEM ( 'NONE', ( #937 ), #43 ) ;
#725 = AXIS2_PLACEMENT_3D ( 'NONE', #2228, #672, #1238 ) ;
#726 = CARTESIAN_POINT ( 'NONE',  ( 0.09999900000000011557, -0.05000000000000000278, 0.0000000000000000000 ) ) ;
#727 = ORIENTED_EDGE ( 'NONE', *, *, #677, .T. ) ;
#728 = VERTEX_POINT ( 'NONE', #1043 ) ;
#729 = CARTESIAN_POINT ( 'NONE',  ( 0.2879674688103072699, -0.05000000000000000278, -0.01574999999999959419 ) ) ;
#730 = ADVANCED_FACE ( 'NONE', ( #1583 ), #1915, .T. ) ;
#731 = DIRECTION ( 'NONE',  ( 5.421193827719211569E-15, 0.0000000000000000000, 1.000000000000000000 ) ) ;
#732 =( NAMED_UNIT ( * ) PLANE_ANGLE_UNIT ( ) SI_UNIT ( $, .RADIAN. ) );
#733 = ORIENTED_EDGE ( 'NONE', *, *, #956, .T. ) ;
#734 = LINE ( 'NONE', #748, #2222 ) ;
#735 = LINE ( 'NONE', #1400, #56 ) ;
#736 = ADVANCED_FACE ( 'NONE', ( #1727 ), #2100, .T. ) ;
#737 = CARTESIAN_POINT ( 'NONE',  ( 0.1649999999999989253, 0.0000000000000000000, 0.007500000000000002325 ) ) ;
#738 = EDGE_LOOP ( 'NONE', ( #1099, #1773 ) ) ;
#739 = EDGE_LOOP ( 'NONE', ( #192, #1405, #429, #1302, #1262, #141, #213, #2161, #1989, #564, #2024, #1804, #160, #1732, #967, #24, #1448, #994, #552, #1103, #817, #1289, #643, #201, #1185, #1037, #2146, #1617 ) ) ;
#740 = SURFACE_STYLE_FILL_AREA ( #1274 ) ;
#741 = CARTESIAN_POINT ( 'NONE',  ( -0.01203253118969264436, -0.05000000000000000278, -0.01574999999999999664 ) ) ;
#742 = ORIENTED_EDGE ( 'NONE', *, *, #972, .T. ) ;
#743 = AXIS2_PLACEMENT_3D ( 'NONE', #1297, #427, #439 ) ;
#744 = EDGE_CURVE ( 'NONE', #1502, #1081, #306, .T. ) ;
#745 = DIRECTION ( 'NONE',  ( 1.000000000000000000, -0.0000000000000000000, -0.0000000000000000000 ) ) ;
#746 = FACE_OUTER_BOUND ( 'NONE', #518, .T. ) ;
#747 = ORIENTED_EDGE ( 'NONE', *, *, #205, .T. ) ;
#748 = CARTESIAN_POINT ( 'NONE',  ( 0.2879674688103072699, 0.0000000000000000000, -0.1842499999999991644 ) ) ;
#749 = AXIS2_PLACEMENT_3D ( 'NONE', #460, #982, #1674 ) ;
#750 = CARTESIAN_POINT ( 'NONE',  ( 0.09999900000000011557, 0.0000000000000000000, -0.1999999999999999833 ) ) ;
#751 = VERTEX_POINT ( 'NONE', #164 ) ;
#752 = LINE ( 'NONE', #1442, #763 ) ;
#753 = ORIENTED_EDGE ( 'NONE', *, *, #2181, .F. ) ;
#754 = SURFACE_STYLE_USAGE ( .BOTH. , #1444 ) ;
#755 = FACE_BOUND ( 'NONE', #227, .T. ) ;
#756 = VERTEX_POINT ( 'NONE', #859 ) ;
#757 = EDGE_LOOP ( 'NONE', ( #1059, #1844, #1812, #283 ) ) ;
#758 = DIRECTION ( 'NONE',  ( 0.0000000000000000000, 0.0000000000000000000, 1.000000000000000000 ) ) ;
#759 = EDGE_LOOP ( 'NONE', ( #887, #733, #291, #1714 ) ) ;
#760 = PLANE ( 'NONE',  #636 ) ;
#761 = CARTESIAN_POINT ( 'NONE',  ( 0.08300000000000018474, 0.0000000000000000000, 0.0000000000000000000 ) ) ;
#762 = EDGE_CURVE ( 'NONE', #1295, #1960, #1535, .T. ) ;
#764 = PRESENTATION_STYLE_ASSIGNMENT (( #428 ) ) ;
#763 = VECTOR ( 'NONE', #587, 39.37007874015748143 ) ;
#765 = AXIS2_PLACEMENT_3D ( 'NONE', #1114, #363, #1805 ) ;
#766 = AXIS2_PLACEMENT_3D ( 'NONE', #491, #1877, #2007 ) ;
#767 = ORIENTED_EDGE ( 'NONE', *, *, #1837, .F. ) ;
#768 = DIRECTION ( 'NONE',  ( 0.0000000000000000000, 0.0000000000000000000, 1.000000000000000000 ) ) ;
#769 = CARTESIAN_POINT ( 'NONE',  ( 0.0000000000000000000, -0.05000000000000000278, 0.0000000000000000000 ) ) ;
#770 = ORIENTED_EDGE ( 'NONE', *, *, #2093, .F. ) ;
#771 = AXIS2_PLACEMENT_3D ( 'NONE', #908, #1440, #1402 ) ;
#772 = VERTEX_POINT ( 'NONE', #1255 ) ;
#773 = CARTESIAN_POINT ( 'NONE',  ( 0.2379674688103072255, -0.05000000000000000278, -0.02144999999999946602 ) ) ;
#774 = AXIS2_PLACEMENT_3D ( 'NONE', #880, #542, #2071 ) ;
#775 = ORIENTED_EDGE ( 'NONE', *, *, #1706, .T. ) ;
#776 = CARTESIAN_POINT ( 'NONE',  ( 0.08166846881030742633, -0.05000000000000000278, -0.1842499999999996085 ) ) ;
#777 = CONTEXT_DEPENDENT_SHAPE_REPRESENTATION ( #1187, #281 ) ;
#778 = CARTESIAN_POINT ( 'NONE',  ( 0.08300000000000018474, 0.0000000000000000000, 0.0000000000000000000 ) ) ;
#779 = VECTOR ( 'NONE', #186, 39.37007874015748143 ) ;
#780 = CARTESIAN_POINT ( 'NONE',  ( 0.2759349376206161053, 0.0000000000000000000, -0.1999999999999995948 ) ) ;
#781 = DIRECTION ( 'NONE',  ( 1.000000000000000000, 0.0000000000000000000, -0.0000000000000000000 ) ) ;
#782 = EDGE_LOOP ( 'NONE', ( #1786, #1634, #931, #311 ) ) ;
#783 = EDGE_LOOP ( 'NONE', ( #685, #1116, #62, #246 ) ) ;
#784 = CARTESIAN_POINT ( 'NONE',  ( 0.03500000000000071804, 3.245314017740554309E-18, -0.02650000000000055783 ) ) ;
#785 = DIRECTION ( 'NONE',  ( -0.3420201433256694346, -0.0000000000000000000, -0.9396926207859080948 ) ) ;
#786 = CONICAL_SURFACE ( 'NONE', #99, 0.02150000000000002950, 0.7853981633974419507 ) ;
#787 = ADVANCED_FACE ( 'NONE', ( #1718 ), #2045, .T. ) ;
#788 = EDGE_LOOP ( 'NONE', ( #93, #1085, #753, #333 ) ) ;
#789 = LINE ( 'NONE', #2200, #806 ) ;
#790 = SHAPE_DEFINITION_REPRESENTATION ( #262, #2212 ) ;
#791 = DIRECTION ( 'NONE',  ( 0.0000000000000000000, 0.0000000000000000000, 1.000000000000000000 ) ) ;
#792 = DIRECTION ( 'NONE',  ( -1.000000000000000000, -0.0000000000000000000, -0.0000000000000000000 ) ) ;
#793 = EDGE_CURVE ( 'NONE', #1608, #1498, #248, .T. ) ;
#794 = AXIS2_PLACEMENT_3D ( 'NONE', #353, #706, #154 ) ;
#795 = ORIENTED_EDGE ( 'NONE', *, *, #1841, .F. ) ;
#796 = EDGE_LOOP ( 'NONE', ( #1015, #1233, #218, #1578 ) ) ;
#797 = CARTESIAN_POINT ( 'NONE',  ( 0.2759349376206161053, -0.05000000000000000278, -0.1999999999999995948 ) ) ;
#798 = DIRECTION ( 'NONE',  ( -1.000000000000000000, 0.0000000000000000000, -0.0000000000000000000 ) ) ;
#799 = EDGE_CURVE ( 'NONE', #36, #1476, #484, .T. ) ;
#800 = DIRECTION ( 'NONE',  ( 0.3420201433256633283, 0.0000000000000000000, -0.9396926207859103153 ) ) ;
#801 = FACE_OUTER_BOUND ( 'NONE', #257, .T. ) ;
#802 = MANIFOLD_SOLID_BREP ( 'LPattern2', #588 ) ;
#803 = FACE_OUTER_BOUND ( 'NONE', #886, .T. ) ;
#804 = VECTOR ( 'NONE', #2176, 39.37007874015748143 ) ;
#805 = ORIENTED_EDGE ( 'NONE', *, *, #1245, .F. ) ;
#806 = VECTOR ( 'NONE', #2209, 39.37007874015748143 ) ;
#807 = EDGE_LOOP ( 'NONE', ( #742, #863, #795, #228 ) ) ;
#808 = DIRECTION ( 'NONE',  ( 0.0000000000000000000, 0.0000000000000000000, 1.000000000000000000 ) ) ;
#809 = DIRECTION ( 'NONE',  ( 0.0000000000000000000, 0.0000000000000000000, 1.000000000000000000 ) ) ;
#810 = AXIS2_PLACEMENT_3D ( 'NONE', #13, #1416, #1603 ) ;
#811 = CARTESIAN_POINT ( 'NONE',  ( 0.1579999999999989468, 0.0000000000000000000, 0.0000000000000000000 ) ) ;
#812 = EDGE_CURVE ( 'NONE', #191, #601, #959, .T. ) ;
#813 = CARTESIAN_POINT ( 'NONE',  ( 0.1759359376206146575, 0.0000000000000000000, -0.1999999999999999833 ) ) ;
#814 = CONTEXT_DEPENDENT_SHAPE_REPRESENTATION ( #1145, #2173 ) ;
#815 = DIRECTION ( 'NONE',  ( -1.000000000000000000, -0.0000000000000000000, -0.0000000000000000000 ) ) ;
#816 = CARTESIAN_POINT ( 'NONE',  ( 0.2759349376206133853, 0.0000000000000000000, 0.0000000000000000000 ) ) ;
#817 = ORIENTED_EDGE ( 'NONE', *, *, #1025, .F. ) ;
#818 = ORIENTED_EDGE ( 'NONE', *, *, #485, .F. ) ;
#819 = CIRCLE ( 'NONE', #523, 0.007500000000000002325 ) ;
#820 = CARTESIAN_POINT ( 'NONE',  ( 0.0000000000000000000, 1.285879139104719561E-18, -0.01049999999999998851 ) ) ;
#821 = LINE ( 'NONE', #470, #384 ) ;
#822 = SHAPE_REPRESENTATION ( '0512_0512-0-00-15-00-00-03-0', ( #2190 ), #1495 ) ;
#823 = EDGE_CURVE ( 'NONE', #2141, #854, #667, .T. ) ;
#824 = CARTESIAN_POINT ( 'NONE',  ( 0.08166846881030742633, -0.05000000000000000278, -0.1842499999999996085 ) ) ;
#825 = DIRECTION ( 'NONE',  ( 0.3420201433257471502, 0.0000000000000000000, -0.9396926207858797842 ) ) ;
#826 = ORIENTED_EDGE ( 'NONE', *, *, #570, .F. ) ;
#827 = ORIENTED_EDGE ( 'NONE', *, *, #173, .F. ) ;
#828 = CARTESIAN_POINT ( 'NONE',  ( 0.1649999999999989253, 0.0000000000000000000, 0.007500000000000002325 ) ) ;
#829 = FACE_OUTER_BOUND ( 'NONE', #203, .T. ) ;
#830 = DIRECTION ( 'NONE',  ( -1.000000000000000000, -0.0000000000000000000, -0.0000000000000000000 ) ) ;
#831 =( REPRESENTATION_RELATIONSHIP ('NONE','NONE', #833, #2212 ) REPRESENTATION_RELATIONSHIP_WITH_TRANSFORMATION ( #123 )SHAPE_REPRESENTATION_RELATIONSHIP( ) );
#832 = LINE ( 'NONE', #1390, #595 ) ;
#833 = SHAPE_REPRESENTATION ( 'mill-max-415-13-206-41-004000', ( #1020, #478, #1742, #765, #1862, #1207, #1783, #1682 ), #481 ) ;
#834 = UNCERTAINTY_MEASURE_WITH_UNIT (LENGTH_MEASURE( 1.000000000000000082E-05 ), #686, 'distance_accuracy_value', 'NONE');
#835 = EDGE_CURVE ( 'NONE', #126, #1721, #409, .T. ) ;
#836 = ORIENTED_EDGE ( 'NONE', *, *, #1878, .T. ) ;
#837 = CIRCLE ( 'NONE', #254, 0.02855000000000052982 ) ;
#838 = ORIENTED_EDGE ( 'NONE', *, *, #143, .T. ) ;
#839 =( CONVERSION_BASED_UNIT ( 'INCH', #1743 ) LENGTH_UNIT ( ) NAMED_UNIT ( #2242 ) );
#840 = DIRECTION ( 'NONE',  ( -1.000000000000000000, -0.0000000000000000000, -0.0000000000000000000 ) ) ;
#841 = AXIS2_PLACEMENT_3D ( 'NONE', #1218, #1013, #2081 ) ;
#842 = CYLINDRICAL_SURFACE ( 'NONE', #1713, 0.02855000000000052982 ) ;
#843 = DIRECTION ( 'NONE',  ( -0.0000000000000000000, 1.000000000000000000, -0.0000000000000000000 ) ) ;
#844 = ORIENTED_EDGE ( 'NONE', *, *, #375, .T. ) ;
#845 = VECTOR ( 'NONE', #851, 39.37007874015748143 ) ;
#846 = VERTEX_POINT ( 'NONE', #612 ) ;
#847 = PRESENTATION_STYLE_ASSIGNMENT (( #1715 ) ) ;
#848 = DIRECTION ( 'NONE',  ( 0.0000000000000000000, 1.000000000000000000, 0.0000000000000000000 ) ) ;
#849 = DIRECTION ( 'NONE',  ( -1.000000000000000000, -0.0000000000000000000, -0.0000000000000000000 ) ) ;
#850 = DIRECTION ( 'NONE',  ( -1.000000000000000000, -0.0000000000000000000, -0.0000000000000000000 ) ) ;
#851 = DIRECTION ( 'NONE',  ( 0.3420201433256665480, -0.0000000000000000000, 0.9396926207859092051 ) ) ;
#852 = PRODUCT_RELATED_PRODUCT_CATEGORY ( 'part', '', ( #1501 ) ) ;
#853 = ORIENTED_EDGE ( 'NONE', *, *, #87, .F. ) ;
#854 = VERTEX_POINT ( 'NONE', #423 ) ;
#855 = PLANE ( 'NONE',  #1546 ) ;
#856 = AXIS2_PLACEMENT_3D ( 'NONE', #1300, #76, #1777 ) ;
#857 = EDGE_CURVE ( 'NONE', #1502, #2006, #1315, .T. ) ;
#858 = CARTESIAN_POINT ( 'NONE',  ( 0.01000000000000071665, 0.0000000000000000000, 0.02650000000000056130 ) ) ;
#859 = CARTESIAN_POINT ( 'NONE',  ( 0.2379674688103072255, -0.05000000000000000278, -0.1214499999999994612 ) ) ;
#860 = DIRECTION ( 'NONE',  ( -0.0000000000000000000, 1.000000000000000000, -0.0000000000000000000 ) ) ;
#861 = EDGE_CURVE ( 'NONE', #79, #443, #12, .T. ) ;
#862 = EDGE_LOOP ( 'NONE', ( #1808, #921 ) ) ;
#863 = ORIENTED_EDGE ( 'NONE', *, *, #1951, .F. ) ;
#864 = LINE ( 'NONE', #1559, #35 ) ;
#865 = CARTESIAN_POINT ( 'NONE',  ( 0.03796746881030719362, -0.05000000000000000278, -0.1499999999999999944 ) ) ;
#866 = DIRECTION ( 'NONE',  ( 0.0000000000000000000, 1.000000000000000000, 0.0000000000000000000 ) ) ;
#867 = DIRECTION ( 'NONE',  ( 0.0000000000000000000, 0.0000000000000000000, 1.000000000000000000 ) ) ;
#868 = VECTOR ( 'NONE', #2046, 39.37007874015748854 ) ;
#869 = ADVANCED_FACE ( 'NONE', ( #746 ), #1266, .F. ) ;
#870 = VECTOR ( 'NONE', #2136, 39.37007874015748143 ) ;
#871 = CIRCLE ( 'NONE', #1531, 0.01450000000000062350 ) ;
#872 = FACE_OUTER_BOUND ( 'NONE', #936, .T. ) ;
#873 = VERTEX_POINT ( 'NONE', #1090 ) ;
#874 = EDGE_CURVE ( 'NONE', #2165, #1655, #1119, .T. ) ;
#875 = AXIS2_PLACEMENT_3D ( 'NONE', #1106, #1450, #567 ) ;
#876 = VERTEX_POINT ( 'NONE', #1610 ) ;
#877 = ADVANCED_FACE ( 'NONE', ( #1636, #1292 ), #1653, .F. ) ;
#878 = FACE_OUTER_BOUND ( 'NONE', #1700, .T. ) ;
#879 = CARTESIAN_POINT ( 'NONE',  ( 0.0000000000000000000, 0.0000000000000000000, 0.01049999999999998851 ) ) ;
#880 = CARTESIAN_POINT ( 'NONE',  ( 0.03500000000000071804, 0.02650000000000055783, 0.0000000000000000000 ) ) ;
#881 = VECTOR ( 'NONE', #1822, 39.37007874015748143 ) ;
#882 = EDGE_CURVE ( 'NONE', #728, #2139, #2163, .T. ) ;
#883 = CARTESIAN_POINT ( 'NONE',  ( 0.1942664688103074300, 0.0000000000000000000, -0.01574999999999999664 ) ) ;
#884 = CARTESIAN_POINT ( 'NONE',  ( 0.0000000000000000000, 0.0000000000000000000, 0.0000000000000000000 ) ) ;
#885 = VECTOR ( 'NONE', #1644, 39.37007874015748143 ) ;
#886 = EDGE_LOOP ( 'NONE', ( #1740, #226, #805, #1500 ) ) ;
#887 = ORIENTED_EDGE ( 'NONE', *, *, #210, .F. ) ;
#888 = DIRECTION ( 'NONE',  ( -3.491481338843133355E-15, -1.000000000000000000, 0.0000000000000000000 ) ) ;
#889 = DIRECTION ( 'NONE',  ( -0.0000000000000000000, 1.000000000000000000, -0.0000000000000000000 ) ) ;
#890 = DIRECTION ( 'NONE',  ( 0.0000000000000000000, 0.0000000000000000000, -1.000000000000000000 ) ) ;
#891 = CARTESIAN_POINT ( 'NONE',  ( 0.01000000000000180606, 0.0000000000000000000, 0.0000000000000000000 ) ) ;
#892 = CIRCLE ( 'NONE', #2174, 0.02855000000000054022 ) ;
#893 = FACE_OUTER_BOUND ( 'NONE', #992, .T. ) ;
#894 = LINE ( 'NONE', #1270, #1863 ) ;
#895 = EDGE_LOOP ( 'NONE', ( #1392, #47, #1491, #263 ) ) ;
#896 = LINE ( 'NONE', #1829, #325 ) ;
#897 = EDGE_CURVE ( 'NONE', #321, #1778, #2037, .T. ) ;
#898 = VERTEX_POINT ( 'NONE', #1504 ) ;
#899 = LINE ( 'NONE', #217, #1849 ) ;
#900 = APPLICATION_CONTEXT ( 'automotive_design' ) ;
#901 = CARTESIAN_POINT ( 'NONE',  ( 0.03796746881030719362, 3.673940397442064486E-19, -0.02144999999999946602 ) ) ;
#902 = EDGE_CURVE ( 'NONE', #1418, #751, #273, .T. ) ;
#903 = LINE ( 'NONE', #776, #2192 ) ;
#904 = AXIS2_PLACEMENT_3D ( 'NONE', #259, #128, #136 ) ;
#905 = DIRECTION ( 'NONE',  ( -1.000000000000000000, -0.0000000000000000000, -0.0000000000000000000 ) ) ;
#906 = CARTESIAN_POINT ( 'NONE',  ( 0.08300000000000018474, 0.0000000000000000000, 0.01450000000000062350 ) ) ;
#907 = VECTOR ( 'NONE', #1895, 39.37007874015748143 ) ;
#908 = CARTESIAN_POINT ( 'NONE',  ( 0.03500000000000071804, 0.0000000000000000000, 0.0000000000000000000 ) ) ;
#909 = ORIENTED_EDGE ( 'NONE', *, *, #1415, .T. ) ;
#910 = DIRECTION ( 'NONE',  ( -1.000000000000000000, -0.0000000000000000000, -0.0000000000000000000 ) ) ;
#911 = EDGE_CURVE ( 'NONE', #1933, #1993, #184, .T. ) ;
#912 = ORIENTED_EDGE ( 'NONE', *, *, #2239, .T. ) ;
#913 = DIRECTION ( 'NONE',  ( 0.0000000000000000000, 0.0000000000000000000, 1.000000000000000000 ) ) ;
#914 = CARTESIAN_POINT ( 'NONE',  ( 0.0000000000000000000, 0.0000000000000000000, 0.0000000000000000000 ) ) ;
#915 = ORIENTED_EDGE ( 'NONE', *, *, #639, .F. ) ;
#916 = DIRECTION ( 'NONE',  ( 1.000000000000000000, 0.0000000000000000000, -5.421193827719211569E-15 ) ) ;
#917 = DIRECTION ( 'NONE',  ( -0.0000000000000000000, 1.000000000000000000, -0.0000000000000000000 ) ) ;
#918 = VERTEX_POINT ( 'NONE', #137 ) ;
#919 = DIRECTION ( 'NONE',  ( 0.0000000000000000000, 0.0000000000000000000, 1.000000000000000000 ) ) ;
#920 = DIRECTION ( 'NONE',  ( 0.0000000000000000000, 1.000000000000000000, 0.0000000000000000000 ) ) ;
#921 = ORIENTED_EDGE ( 'NONE', *, *, #205, .F. ) ;
#922 = SURFACE_SIDE_STYLE ('',( #61 ) ) ;
#923 = ORIENTED_EDGE ( 'NONE', *, *, #1363, .T. ) ;
#924 = LINE ( 'NONE', #1618, #2060 ) ;
#925 = VERTEX_POINT ( 'NONE', #970 ) ;
#926 = AXIS2_PLACEMENT_3D ( 'NONE', #319, #843, #2061 ) ;
#927 = ORIENTED_EDGE ( 'NONE', *, *, #1047, .T. ) ;
#928 = CARTESIAN_POINT ( 'NONE',  ( 0.03796746881030719362, 0.0000000000000000000, -0.1214499999999994612 ) ) ;
#929 = CARTESIAN_POINT ( 'NONE',  ( 0.03796746881030719362, -0.05000000000000000278, -0.04999999999999999584 ) ) ;
#930 = ADVANCED_FACE ( 'NONE', ( #1857 ), #1664, .F. ) ;
#931 = ORIENTED_EDGE ( 'NONE', *, *, #1157, .F. ) ;
#932 = FACE_OUTER_BOUND ( 'NONE', #2002, .T. ) ;
#933 = PRODUCT_CONTEXT ( 'NONE', #900, 'mechanical' ) ;
#934 = CARTESIAN_POINT ( 'NONE',  ( 0.1379674688103071922, -0.05000000000000000278, -0.1785500000000005416 ) ) ;
#935 = CARTESIAN_POINT ( 'NONE',  ( 0.03500000000000071804, 0.0000000000000000000, 0.02900000000000220804 ) ) ;
#936 = EDGE_LOOP ( 'NONE', ( #2179, #2159, #1510, #52 ) ) ;
#937 = PRESENTATION_STYLE_ASSIGNMENT (( #754 ) ) ;
#938 = CARTESIAN_POINT ( 'NONE',  ( 3.073328992872296367E-16, -0.05000000000000000278, -0.1999999999999996503 ) ) ;
#939 = ORIENTED_EDGE ( 'NONE', *, *, #1065, .T. ) ;
#940 = EDGE_LOOP ( 'NONE', ( #292, #608, #2115, #1944 ) ) ;
#941 = DIRECTION ( 'NONE',  ( 0.9396926207859082059, 0.0000000000000000000, -0.3420201433256693790 ) ) ;
#942 = SURFACE_STYLE_USAGE ( .BOTH. , #581 ) ;
#943 = EDGE_CURVE ( 'NONE', #1150, #2123, #1869, .T. ) ;
#944 = EDGE_LOOP ( 'NONE', ( #1431, #2225 ) ) ;
#945 = CARTESIAN_POINT ( 'NONE',  ( 2.239553201765118668E-16, -0.05000000000000000278, -0.1999999999999996503 ) ) ;
#946 = ITEM_DEFINED_TRANSFORMATION ( 'NONE', 'NONE', #1742,  #2190 ) ;
#947 = CARTESIAN_POINT ( 'NONE',  ( 0.08166846881030738470, -0.05000000000000000278, -0.01574999999999998623 ) ) ;
#948 = FACE_OUTER_BOUND ( 'NONE', #1536, .T. ) ;
#949 = AXIS2_PLACEMENT_3D ( 'NONE', #272, #969, #1733 ) ;
#950 = AXIS2_PLACEMENT_3D ( 'NONE', #1747, #326, #1381 ) ;
#951 =( REPRESENTATION_RELATIONSHIP ('NONE','NONE', #833, #822 ) REPRESENTATION_RELATIONSHIP_WITH_TRANSFORMATION ( #1471 )SHAPE_REPRESENTATION_RELATIONSHIP( ) );
#952 = DIRECTION ( 'NONE',  ( 0.0000000000000000000, -0.0000000000000000000, -1.000000000000000000 ) ) ;
#953 = ADVANCED_FACE ( 'NONE', ( #829 ), #108, .F. ) ;
#954 = ORIENTED_EDGE ( 'NONE', *, *, #441, .T. ) ;
#955 = VECTOR ( 'NONE', #1638, 39.37007874015748143 ) ;
#956 = EDGE_CURVE ( 'NONE', #751, #650, #242, .T. ) ;
#957 = ORIENTED_EDGE ( 'NONE', *, *, #1354, .F. ) ;
#958 = LINE ( 'NONE', #644, #1410 ) ;
#959 = LINE ( 'NONE', #434, #1256 ) ;
#960 = ORIENTED_EDGE ( 'NONE', *, *, #1446, .T. ) ;
#961 = CARTESIAN_POINT ( 'NONE',  ( 0.0000000000000000000, 0.0000000000000000000, 0.0000000000000000000 ) ) ;
#962 = EDGE_CURVE ( 'NONE', #1295, #925, #129, .T. ) ;
#963 = DIRECTION ( 'NONE',  ( 0.0000000000000000000, 1.000000000000000000, 0.0000000000000000000 ) ) ;
#964 = VECTOR ( 'NONE', #1896, 39.37007874015748143 ) ;
#965 = DIRECTION ( 'NONE',  ( 0.0000000000000000000, 0.0000000000000000000, 1.000000000000000000 ) ) ;
#966 = EDGE_CURVE ( 'NONE', #1394, #597, #2027, .T. ) ;
#967 = ORIENTED_EDGE ( 'NONE', *, *, #2128, .T. ) ;
#968 = VERTEX_POINT ( 'NONE', #305 ) ;
#969 = DIRECTION ( 'NONE',  ( 5.421193827719211569E-15, 0.0000000000000000000, 1.000000000000000000 ) ) ;
#970 = CARTESIAN_POINT ( 'NONE',  ( 0.2379674688103072255, 3.673940397442064486E-19, -0.07855000000000052218 ) ) ;
#971 = VECTOR ( 'NONE', #1244, 39.37007874015748143 ) ;
#972 = EDGE_CURVE ( 'NONE', #253, #320, #821, .T. ) ;
#973 = VERTEX_POINT ( 'NONE', #1876 ) ;
#974 = DIRECTION ( 'NONE',  ( 0.3420201433256665480, -0.0000000000000000000, 0.9396926207859092051 ) ) ;
#975 = CARTESIAN_POINT ( 'NONE',  ( 0.1379674688103071922, 3.673940397442064486E-19, -0.1214499999999994612 ) ) ;
#976 = CARTESIAN_POINT ( 'NONE',  ( 0.2879674688103072699, -0.05000000000000000278, -0.1842499999999991644 ) ) ;
#977 = VECTOR ( 'NONE', #336, 39.37007874015748143 ) ;
#978 = ORIENTED_EDGE ( 'NONE', *, *, #162, .F. ) ;
#979 = EDGE_CURVE ( 'NONE', #1312, #1331, #1703, .T. ) ;
#980 = ORIENTED_EDGE ( 'NONE', *, *, #245, .F. ) ;
#981 = CARTESIAN_POINT ( 'NONE',  ( 0.0000000000000000000, 0.0000000000000000000, 0.02650000000000055783 ) ) ;
#982 = DIRECTION ( 'NONE',  ( 1.237541726874530996E-16, 0.0000000000000000000, -1.000000000000000000 ) ) ;
#983 = CARTESIAN_POINT ( 'NONE',  ( 0.1489999999999999658, 1.285879139104718598E-18, -0.01049999999999998157 ) ) ;
#984 = EDGE_CURVE ( 'NONE', #529, #1247, #1177, .T. ) ;
#985 = SHAPE_DEFINITION_REPRESENTATION ( #1412, #822 ) ;
#986 = ADVANCED_FACE ( 'NONE', ( #654 ), #1005, .T. ) ;
#987 = DIRECTION ( 'NONE',  ( 0.0000000000000000000, 0.0000000000000000000, 1.000000000000000000 ) ) ;
#988 = DIRECTION ( 'NONE',  ( -1.000000000000000000, 0.0000000000000000000, -1.237541726874530996E-16 ) ) ;
#989 = CLOSED_SHELL ( 'NONE', ( #506, #1941, #953, #1200, #1223, #609, #271, #500, #1720, #152, #23, #877, #1906, #307, #930, #990, #400, #787, #386, #543, #710, #1767, #633, #341, #673, #104 ) ) ;
#990 = ADVANCED_FACE ( 'NONE', ( #637 ), #316, .T. ) ;
#991 = CIRCLE ( 'NONE', #1241, 0.02650000000000056130 ) ;
#992 = EDGE_LOOP ( 'NONE', ( #575, #1417, #495, #402 ) ) ;
#993 = VECTOR ( 'NONE', #1585, 39.37007874015748143 ) ;
#994 = ORIENTED_EDGE ( 'NONE', *, *, #1847, .F. ) ;
#995 = EDGE_CURVE ( 'NONE', #1511, #1164, #1436, .T. ) ;
#996 = CARTESIAN_POINT ( 'NONE',  ( 0.0000000000000000000, 0.0000000000000000000, 0.01450000000000062350 ) ) ;
#997 = CIRCLE ( 'NONE', #1746, 0.02855000000000054022 ) ;
#998 = DIRECTION ( 'NONE',  ( -1.000000000000000000, -0.0000000000000000000, -0.0000000000000000000 ) ) ;
#999 = CARTESIAN_POINT ( 'NONE',  ( 0.09426646881030741054, 0.0000000000000000000, -0.01574999999999999664 ) ) ;
#1000 = DIRECTION ( 'NONE',  ( -0.9657952810951841993, 3.175579638958926619E-17, -0.2593057558448598199 ) ) ;
#1001 = STYLED_ITEM ( 'NONE', ( #2134 ), #802 ) ;
#1002 = ORIENTED_EDGE ( 'NONE', *, *, #19, .F. ) ;
#1003 = VERTEX_POINT ( 'NONE', #1325 ) ;
#1004 = DIRECTION ( 'NONE',  ( -1.000000000000000000, -0.0000000000000000000, -0.0000000000000000000 ) ) ;
#1005 = PLANE ( 'NONE',  #1579 ) ;
#1006 = FACE_OUTER_BOUND ( 'NONE', #106, .T. ) ;
#1007 = ADVANCED_FACE ( 'NONE', ( #2227 ), #2017, .T. ) ;
#1008 = DIRECTION ( 'NONE',  ( -0.0000000000000000000, 1.000000000000000000, -0.0000000000000000000 ) ) ;
#1009 = ORIENTED_EDGE ( 'NONE', *, *, #114, .F. ) ;
#1010 = EDGE_LOOP ( 'NONE', ( #1815, #1091, #909, #684 ) ) ;
#1011 = DIRECTION ( 'NONE',  ( -3.491481338843133355E-15, -1.000000000000000000, 0.0000000000000000000 ) ) ;
#1012 = CARTESIAN_POINT ( 'NONE',  ( 0.1379674688103071922, 3.673940397442064486E-19, -0.04999999999999999584 ) ) ;
#1013 = DIRECTION ( 'NONE',  ( -0.0000000000000000000, 1.000000000000000000, -0.0000000000000000000 ) ) ;
#1014 = DIRECTION ( 'NONE',  ( -0.0000000000000000000, 1.000000000000000000, -0.0000000000000000000 ) ) ;
#1015 = ORIENTED_EDGE ( 'NONE', *, *, #435, .F. ) ;
#1016 = EDGE_LOOP ( 'NONE', ( #517, #2044, #223, #1982 ) ) ;
#1017 = ADVANCED_FACE ( 'NONE', ( #118 ), #1387, .F. ) ;
#1018 = DIRECTION ( 'NONE',  ( 1.000000000000000000, 0.0000000000000000000, 0.0000000000000000000 ) ) ;
#1019 = CARTESIAN_POINT ( 'NONE',  ( 0.08166846881030738470, 0.0000000000000000000, -0.01574999999999998623 ) ) ;
#1020 = AXIS2_PLACEMENT_3D ( 'NONE', #1159, #100, #251 ) ;
#1021 = VECTOR ( 'NONE', #866, 39.37007874015748143 ) ;
#1022 = APPLICATION_CONTEXT ( 'automotive_design' ) ;
#1023 = CARTESIAN_POINT ( 'NONE',  ( 0.2379674688103072255, 0.0000000000000000000, -0.1214499999999994612 ) ) ;
#1024 = CARTESIAN_POINT ( 'NONE',  ( -3.414809992080329023E-17, 2.632990618166813195E-18, -0.02150000000000002950 ) ) ;
#1025 = EDGE_CURVE ( 'NONE', #652, #126, #1755, .T. ) ;
#1026 = CARTESIAN_POINT ( 'NONE',  ( 0.07607179676972174176, 3.245314017740554695E-18, -0.02650000000000055783 ) ) ;
#1027 = ORIENTED_EDGE ( 'NONE', *, *, #966, .T. ) ;
#1028 = ADVANCED_FACE ( 'NONE', ( #1885 ), #855, .F. ) ;
#1029 = EDGE_LOOP ( 'NONE', ( #915, #2175, #181, #675 ) ) ;
#1030 =( NAMED_UNIT ( * ) PLANE_ANGLE_UNIT ( ) SI_UNIT ( $, .RADIAN. ) );
#1031 = FACE_OUTER_BOUND ( 'NONE', #788, .T. ) ;
#1032 = DIRECTION ( 'NONE',  ( 0.3420201433256665480, -0.0000000000000000000, 0.9396926207859092051 ) ) ;
#1033 = DIRECTION ( 'NONE',  ( 0.0000000000000000000, 0.0000000000000000000, 1.000000000000000000 ) ) ;
#1034 = AXIS2_PLACEMENT_3D ( 'NONE', #2193, #1123, #1814 ) ;
#1035 = DIRECTION ( 'NONE',  ( -1.000000000000000000, -0.0000000000000000000, -0.0000000000000000000 ) ) ;
#1036 = ORIENTED_EDGE ( 'NONE', *, *, #966, .F. ) ;
#1037 = ORIENTED_EDGE ( 'NONE', *, *, #1545, .T. ) ;
#1038 = FACE_OUTER_BOUND ( 'NONE', #1045, .T. ) ;
#1039 = CARTESIAN_POINT ( 'NONE',  ( 0.1379674688103071922, 0.0000000000000000000, -0.04999999999999999584 ) ) ;
#1040 = EDGE_CURVE ( 'NONE', #215, #1590, #1217, .T. ) ;
#1041 = VECTOR ( 'NONE', #16, 39.37007874015748143 ) ;
#1042 = DIRECTION ( 'NONE',  ( -0.0000000000000000000, 1.000000000000000000, -0.0000000000000000000 ) ) ;
#1043 = CARTESIAN_POINT ( 'NONE',  ( 0.08166846881030742633, -0.05000000000000000278, -0.1842499999999996085 ) ) ;
#1044 = CARTESIAN_POINT ( 'NONE',  ( 0.2379674688103072255, -0.05000000000000000278, -0.04999999999999999584 ) ) ;
#1045 = EDGE_LOOP ( 'NONE', ( #1330, #432, #1637, #241 ) ) ;
#1046 = ORIENTED_EDGE ( 'NONE', *, *, #2231, .F. ) ;
#1047 = EDGE_CURVE ( 'NONE', #756, #529, #892, .T. ) ;
#1048 = CARTESIAN_POINT ( 'NONE',  ( 0.2879674688103072699, 0.0000000000000000000, -0.01574999999999959419 ) ) ;
#1049 = DIRECTION ( 'NONE',  ( -0.3420201433256720991, 0.0000000000000000000, 0.9396926207859070956 ) ) ;
#1050 = CARTESIAN_POINT ( 'NONE',  ( 0.2759349376206161053, -0.05000000000000000278, -0.1999999999999995948 ) ) ;
#1051 = CARTESIAN_POINT ( 'NONE',  ( 0.1379674688103071922, -0.05000000000000000278, -0.1499999999999999944 ) ) ;
#1052 = VECTOR ( 'NONE', #1512, 39.37007874015748143 ) ;
#1053 = AXIS2_PLACEMENT_3D ( 'NONE', #1269, #70, #1955 ) ;
#1054 = AXIS2_PLACEMENT_3D ( 'NONE', #1943, #414, #225 ) ;
#1055 = CARTESIAN_POINT ( 'NONE',  ( 0.0000000000000000000, -0.05000000000000000278, 0.0000000000000000000 ) ) ;
#1056 = LINE ( 'NONE', #46, #2077 ) ;
#1057 = VERTEX_POINT ( 'NONE', #2066 ) ;
#1058 = VECTOR ( 'NONE', #1467, 39.37007874015748143 ) ;
#1059 = ORIENTED_EDGE ( 'NONE', *, *, #1594, .F. ) ;
#1060 = CARTESIAN_POINT ( 'NONE',  ( 0.3184160289261960264, 2.129741810843843286, 2.022227730851123617 ) ) ;
#1061 = DIRECTION ( 'NONE',  ( -0.0000000000000000000, 1.000000000000000000, -0.0000000000000000000 ) ) ;
#1062 = FACE_OUTER_BOUND ( 'NONE', #244, .T. ) ;
#1063 = DIRECTION ( 'NONE',  ( 0.0000000000000000000, 0.0000000000000000000, 1.000000000000000000 ) ) ;
#1064 = AXIS2_PLACEMENT_3D ( 'NONE', #1051, #1219, #1389 ) ;
#1065 = EDGE_CURVE ( 'NONE', #2139, #2000, #687, .T. ) ;
#1066 = DIRECTION ( 'NONE',  ( -1.000000000000000000, -0.0000000000000000000, -0.0000000000000000000 ) ) ;
#1067 = DIRECTION ( 'NONE',  ( -0.0000000000000000000, 1.000000000000000000, -0.0000000000000000000 ) ) ;
#1068 = ORIENTED_EDGE ( 'NONE', *, *, #2068, .T. ) ;
#1069 = CARTESIAN_POINT ( 'NONE',  ( 0.08166846881030738470, -0.05000000000000000278, -0.01574999999999998623 ) ) ;
#1070 = ORIENTED_EDGE ( 'NONE', *, *, #1951, .T. ) ;
#1071 = DIRECTION ( 'NONE',  ( -1.000000000000000000, 0.0000000000000000000, -1.237541726874530996E-16 ) ) ;
#1072 = EDGE_CURVE ( 'NONE', #66, #925, #199, .T. ) ;
#1073 = EDGE_CURVE ( 'NONE', #1173, #1622, #161, .T. ) ;
#1074 = PLANE ( 'NONE',  #1093 ) ;
#1075 = DIRECTION ( 'NONE',  ( 0.0000000000000000000, 1.000000000000000000, 0.0000000000000000000 ) ) ;
#1076 = AXIS2_PLACEMENT_3D ( 'NONE', #2158, #1253, #2143 ) ;
#1077 = CARTESIAN_POINT ( 'NONE',  ( 0.0000000000000000000, 4.408728476930249931E-18, -0.03599999999999819317 ) ) ;
#1078 = EDGE_CURVE ( 'NONE', #1721, #420, #531, .T. ) ;
#1079 = DIRECTION ( 'NONE',  ( 0.0000000000000000000, 0.0000000000000000000, 1.000000000000000000 ) ) ;
#1080 = DIRECTION ( 'NONE',  ( 1.237541726874530996E-16, 0.0000000000000000000, -1.000000000000000000 ) ) ;
#1081 = VERTEX_POINT ( 'NONE', #1379 ) ;
#1082 = ORIENTED_EDGE ( 'NONE', *, *, #2009, .F. ) ;
#1083 = AXIS2_PLACEMENT_3D ( 'NONE', #132, #792, #629 ) ;
#1084 = DIMENSIONAL_EXPONENTS ( 1.000000000000000000, 0.0000000000000000000, 0.0000000000000000000, 0.0000000000000000000, 0.0000000000000000000, 0.0000000000000000000, 0.0000000000000000000 ) ;
#1085 = ORIENTED_EDGE ( 'NONE', *, *, #10, .F. ) ;
#1086 =( LENGTH_UNIT ( ) NAMED_UNIT ( * ) SI_UNIT ( $, .METRE. ) );
#1087 = FACE_BOUND ( 'NONE', #179, .T. ) ;
#1088 = ORIENTED_EDGE ( 'NONE', *, *, #1373, .F. ) ;
#1089 = DIRECTION ( 'NONE',  ( 0.0000000000000000000, 0.0000000000000000000, 1.000000000000000000 ) ) ;
#1090 = CARTESIAN_POINT ( 'NONE',  ( -0.005732531189692388444, -0.05000000000000000278, -0.1842499999999996918 ) ) ;
#1091 = ORIENTED_EDGE ( 'NONE', *, *, #295, .T. ) ;
#1092 = DIRECTION ( 'NONE',  ( -0.9396926207859072067, 0.0000000000000000000, -0.3420201433256721546 ) ) ;
#1093 = AXIS2_PLACEMENT_3D ( 'NONE', #1609, #731, #611 ) ;
#1094 = VECTOR ( 'NONE', #382, 39.37007874015748143 ) ;
#1095 = PRODUCT_DEFINITION_FORMATION_WITH_SPECIFIED_SOURCE ( 'ANY', '', #239, .NOT_KNOWN. ) ;
#1096 = VECTOR ( 'NONE', #711, 39.37007874015748854 ) ;
#1097 = PLANE ( 'NONE',  #810 ) ;
#1098 = PRODUCT_DEFINITION_SHAPE ( 'NONE', 'NONE',  #2246 ) ;
#1099 = ORIENTED_EDGE ( 'NONE', *, *, #861, .T. ) ;
#1100 = ORIENTED_EDGE ( 'NONE', *, *, #2080, .T. ) ;
#1101 = DIRECTION ( 'NONE',  ( 1.047444401652940007E-14, -1.000000000000000000, 0.0000000000000000000 ) ) ;
#1102 = LINE ( 'NONE', #565, #2210 ) ;
#1103 = ORIENTED_EDGE ( 'NONE', *, *, #835, .F. ) ;
#1104 = VERTEX_POINT ( 'NONE', #1019 ) ;
#1105 = CARTESIAN_POINT ( 'NONE',  ( 0.1489999999999999658, 0.0000000000000000000, 0.01049999999999998157 ) ) ;
#1106 = CARTESIAN_POINT ( 'NONE',  ( 0.1942664688103074300, -0.05000000000000000278, -0.1842499999999996918 ) ) ;
#1107 = ORIENTED_EDGE ( 'NONE', *, *, #1621, .F. ) ;
#1108 = LINE ( 'NONE', #1799, #663 ) ;
#1109 = APPLICATION_PROTOCOL_DEFINITION ( 'draft international standard', 'automotive_design', 1998, #1022 ) ;
#1110 = PLANE ( 'NONE',  #482 ) ;
#1111 = ORIENTED_EDGE ( 'NONE', *, *, #558, .F. ) ;
#1112 = ORIENTED_EDGE ( 'NONE', *, *, #1847, .T. ) ;
#1113 = ORIENTED_EDGE ( 'NONE', *, *, #1358, .T. ) ;
#1114 = CARTESIAN_POINT ( 'NONE',  ( 0.4184160289261679155, 2.129741810843848171, 2.122227730851123706 ) ) ;
#1115 = FACE_BOUND ( 'NONE', #1973, .T. ) ;
#1116 = ORIENTED_EDGE ( 'NONE', *, *, #861, .F. ) ;
#1117 = ORIENTED_EDGE ( 'NONE', *, *, #657, .T. ) ;
#1118 = LINE ( 'NONE', #2120, #631 ) ;
#1119 = LINE ( 'NONE', #1810, #269 ) ;
#1120 = ORIENTED_EDGE ( 'NONE', *, *, #2119, .F. ) ;
#1121 = PLANE ( 'NONE',  #1968 ) ;
#1122 =( CONVERSION_BASED_UNIT ( 'INCH', #1151 ) LENGTH_UNIT ( ) NAMED_UNIT ( #1250 ) );
#1123 = DIRECTION ( 'NONE',  ( -0.0000000000000000000, 1.000000000000000000, -0.0000000000000000000 ) ) ;
#1124 = DIRECTION ( 'NONE',  ( -0.0000000000000000000, 1.000000000000000000, -0.0000000000000000000 ) ) ;
#1125 = ORIENTED_EDGE ( 'NONE', *, *, #1671, .T. ) ;
#1126 = CIRCLE ( 'NONE', #436, 0.02855000000000052982 ) ;
#1127 = ADVANCED_FACE ( 'NONE', ( #878 ), #1894, .T. ) ;
#1128 = ORIENTED_EDGE ( 'NONE', *, *, #1882, .F. ) ;
#1129 = CARTESIAN_POINT ( 'NONE',  ( 0.2759349376206161053, 0.0000000000000000000, -0.1999999999999995948 ) ) ;
#1130 = DIRECTION ( 'NONE',  ( -0.0000000000000000000, 1.000000000000000000, -0.0000000000000000000 ) ) ;
#1131 = ORIENTED_EDGE ( 'NONE', *, *, #874, .F. ) ;
#1132 = CARTESIAN_POINT ( 'NONE',  ( 0.03796746881030719362, 0.0000000000000000000, -0.02144999999999946602 ) ) ;
#1133 = EDGE_CURVE ( 'NONE', #1476, #36, #498, .T. ) ;
#1134 =( NAMED_UNIT ( * ) SI_UNIT ( $, .STERADIAN. ) SOLID_ANGLE_UNIT ( ) );
#1135 = DIRECTION ( 'NONE',  ( -1.000000000000000000, 0.0000000000000000000, -1.237541726874530996E-16 ) ) ;
#1136 = DIRECTION ( 'NONE',  ( 0.0000000000000000000, 0.0000000000000000000, 1.000000000000000000 ) ) ;
#1137 = AXIS2_PLACEMENT_3D ( 'NONE', #2162, #941, #379 ) ;
#1138 = AXIS2_PLACEMENT_3D ( 'NONE', #1756, #1254, #758 ) ;
#1139 = EDGE_LOOP ( 'NONE', ( #22, #411, #1662, #268 ) ) ;
#1140 = VERTEX_POINT ( 'NONE', #1196 ) ;
#1141 = CARTESIAN_POINT ( 'NONE',  ( 0.2879674688103072699, -0.05000000000000000278, -0.1842499999999991644 ) ) ;
#1142 = DIRECTION ( 'NONE',  ( -0.0000000000000000000, 1.000000000000000000, -0.0000000000000000000 ) ) ;
#1143 = ORIENTED_EDGE ( 'NONE', *, *, #911, .T. ) ;
#1144 = FACE_BOUND ( 'NONE', #704, .T. ) ;
#1145 =( REPRESENTATION_RELATIONSHIP ('NONE','NONE', #833, #822 ) REPRESENTATION_RELATIONSHIP_WITH_TRANSFORMATION ( #946 )SHAPE_REPRESENTATION_RELATIONSHIP( ) );
#1146 = CONTEXT_DEPENDENT_SHAPE_REPRESENTATION ( #2107, #1828 ) ;
#1147 = LINE ( 'NONE', #1336, #528 ) ;
#1148 = EDGE_CURVE ( 'NONE', #14, #1150, #1903, .T. ) ;
#1149 = DIRECTION ( 'NONE',  ( -1.000000000000000000, -0.0000000000000000000, -0.0000000000000000000 ) ) ;
#1150 = VERTEX_POINT ( 'NONE', #698 ) ;
#1151 = LENGTH_MEASURE_WITH_UNIT ( LENGTH_MEASURE( 0.02539999999999999897 ), #2186 );
#1152 = ORIENTED_EDGE ( 'NONE', *, *, #1887, .F. ) ;
#1153 = ADVANCED_FACE ( 'NONE', ( #1716 ), #2089, .F. ) ;
#1154 = CARTESIAN_POINT ( 'NONE',  ( 0.08166846881030738470, -0.05000000000000000278, -0.01574999999999998623 ) ) ;
#1155 = DIRECTION ( 'NONE',  ( -1.000000000000000000, -0.0000000000000000000, -0.0000000000000000000 ) ) ;
#1156 = CONICAL_SURFACE ( 'NONE', #743, 0.02650000000000055783, 0.2623033018788573090 ) ;
#1157 = EDGE_CURVE ( 'NONE', #1567, #1892, #520, .T. ) ;
#1158 = DIRECTION ( 'NONE',  ( -1.266620916943744463E-17, 0.0000000000000000000, 1.000000000000000000 ) ) ;
#1159 = CARTESIAN_POINT ( 'NONE',  ( 0.0000000000000000000, 0.0000000000000000000, 0.0000000000000000000 ) ) ;
#1160 = EDGE_CURVE ( 'NONE', #1608, #772, #1923, .T. ) ;
#1161 = CYLINDRICAL_SURFACE ( 'NONE', #1034, 0.02855000000000054022 ) ;
#1162 = FACE_OUTER_BOUND ( 'NONE', #1977, .T. ) ;
#1163 = ORIENTED_EDGE ( 'NONE', *, *, #1691, .F. ) ;
#1164 = VERTEX_POINT ( 'NONE', #1236 ) ;
#1165 = CARTESIAN_POINT ( 'NONE',  ( 0.09426646881030741054, -0.05000000000000000278, -0.1842499999999996918 ) ) ;
#1166 = DIRECTION ( 'NONE',  ( -0.0000000000000000000, 1.000000000000000000, -0.0000000000000000000 ) ) ;
#1167 = ADVANCED_FACE ( 'NONE', ( #1031 ), #678, .T. ) ;
#1168 = CARTESIAN_POINT ( 'NONE',  ( 0.1816684688103074319, -0.05000000000000000278, -0.1842499999999996085 ) ) ;
#1169 = DIRECTION ( 'NONE',  ( 0.0000000000000000000, 0.0000000000000000000, 1.000000000000000000 ) ) ;
#1170 = DIRECTION ( 'NONE',  ( -0.0000000000000000000, 1.000000000000000000, -0.0000000000000000000 ) ) ;
#1171 = PRODUCT_RELATED_PRODUCT_CATEGORY ( 'part', '', ( #1620 ) ) ;
#1172 = MECHANICAL_DESIGN_GEOMETRIC_PRESENTATION_REPRESENTATION (  '', ( #1240 ), #1741 ) ;
#1173 = VERTEX_POINT ( 'NONE', #1581 ) ;
#1174 = ORIENTED_EDGE ( 'NONE', *, *, #1671, .F. ) ;
#1175 = DIRECTION ( 'NONE',  ( 0.0000000000000000000, 0.0000000000000000000, 1.000000000000000000 ) ) ;
#1176 = AXIS2_PLACEMENT_3D ( 'NONE', #741, #1433, #781 ) ;
#1177 = LINE ( 'NONE', #2208, #467 ) ;
#1178 = ADVANCED_FACE ( 'NONE', ( #1818 ), #1806, .F. ) ;
#1179 = DIRECTION ( 'NONE',  ( -0.0000000000000000000, 1.000000000000000000, -0.0000000000000000000 ) ) ;
#1180 = VECTOR ( 'NONE', #18, 39.37007874015748143 ) ;
#1181 = EDGE_CURVE ( 'NONE', #431, #1301, #1632, .T. ) ;
#1182 = DIRECTION ( 'NONE',  ( -1.000000000000000000, -0.0000000000000000000, -0.0000000000000000000 ) ) ;
#1183 = AXIS2_PLACEMENT_3D ( 'NONE', #27, #1409, #367 ) ;
#1184 = ORIENTED_EDGE ( 'NONE', *, *, #354, .T. ) ;
#1185 = ORIENTED_EDGE ( 'NONE', *, *, #1645, .T. ) ;
#1186 = CARTESIAN_POINT ( 'NONE',  ( 0.0000000000000000000, 0.0000000000000000000, 0.02650000000000055783 ) ) ;
#1187 =( REPRESENTATION_RELATIONSHIP ('NONE','NONE', #833, #822 ) REPRESENTATION_RELATIONSHIP_WITH_TRANSFORMATION ( #1642 )SHAPE_REPRESENTATION_RELATIONSHIP( ) );
#1188 = AXIS2_PLACEMENT_3D ( 'NONE', #124, #647, #472 ) ;
#1189 = FACE_BOUND ( 'NONE', #1489, .T. ) ;
#1190 = FACE_OUTER_BOUND ( 'NONE', #1367, .T. ) ;
#1191 = EDGE_CURVE ( 'NONE', #1331, #74, #899, .T. ) ;
#1192 = VECTOR ( 'NONE', #323, 39.37007874015748143 ) ;
#1193 = ORIENTED_EDGE ( 'NONE', *, *, #943, .T. ) ;
#1194 = EDGE_LOOP ( 'NONE', ( #573, #696, #1901, #1626 ) ) ;
#1195 = DIRECTION ( 'NONE',  ( 0.0000000000000000000, 0.0000000000000000000, 1.000000000000000000 ) ) ;
#1196 = CARTESIAN_POINT ( 'NONE',  ( 0.07607179676972174176, 0.0000000000000000000, 0.02650000000000055783 ) ) ;
#1197 = EDGE_CURVE ( 'NONE', #1478, #1611, #651, .T. ) ;
#1198 = DIRECTION ( 'NONE',  ( -0.0000000000000000000, 1.000000000000000000, -0.0000000000000000000 ) ) ;
#1199 = CIRCLE ( 'NONE', #1083, 0.007500000000000002325 ) ;
#1200 = ADVANCED_FACE ( 'NONE', ( #1275 ), #1228, .F. ) ;
#1201 = PLANE ( 'NONE',  #457 ) ;
#1202 = ORIENTED_EDGE ( 'NONE', *, *, #324, .F. ) ;
#1203 = ORIENTED_EDGE ( 'NONE', *, *, #693, .F. ) ;
#1204 = COLOUR_RGB ( '',0.4941176470588235503, 0.4941176470588235503, 0.4941176470588235503 ) ;
#1205 = DIRECTION ( 'NONE',  ( -1.266620916943744463E-17, 0.0000000000000000000, 1.000000000000000000 ) ) ;
#1206 = EDGE_CURVE ( 'NONE', #2234, #1301, #924, .T. ) ;
#1207 = AXIS2_PLACEMENT_3D ( 'NONE', #1580, #1631, #75 ) ;
#1208 = AXIS2_PLACEMENT_3D ( 'NONE', #1317, #1656, #130 ) ;
#1209 = LINE ( 'NONE', #337, #2010 ) ;
#1210 = CARTESIAN_POINT ( 'NONE',  ( 0.1379674688103071922, 0.0000000000000000000, -0.07855000000000052218 ) ) ;
#1211 = PRODUCT_DEFINITION ( 'UNKNOWN', '', #37, #331 ) ;
#1212 = DIRECTION ( 'NONE',  ( -1.000000000000000000, -0.0000000000000000000, -0.0000000000000000000 ) ) ;
#1213 = EDGE_CURVE ( 'NONE', #1419, #1443, #1102, .T. ) ;
#1214 = ORIENTED_EDGE ( 'NONE', *, *, #1691, .T. ) ;
#1215 = APPLICATION_CONTEXT ( 'automotive_design' ) ;
#1216 = EDGE_LOOP ( 'NONE', ( #372, #230, #1672, #1661 ) ) ;
#1217 = LINE ( 'NONE', #1551, #679 ) ;
#1218 = CARTESIAN_POINT ( 'NONE',  ( 0.1379674688103071922, 3.673940397442064486E-19, -0.04999999999999999584 ) ) ;
#1219 = DIRECTION ( 'NONE',  ( -0.0000000000000000000, 1.000000000000000000, -0.0000000000000000000 ) ) ;
#1220 = EDGE_CURVE ( 'NONE', #1057, #898, #430, .T. ) ;
#1221 = VECTOR ( 'NONE', #1135, 39.37007874015748143 ) ;
#1222 = CARTESIAN_POINT ( 'NONE',  ( 0.1379674688103071922, 0.0000000000000000000, -0.1499999999999999944 ) ) ;
#1223 = ADVANCED_FACE ( 'NONE', ( #1936 ), #1462, .T. ) ;
#1224 = ORIENTED_EDGE ( 'NONE', *, *, #1446, .F. ) ;
#1225 = ORIENTED_EDGE ( 'NONE', *, *, #1878, .F. ) ;
#1226 = DIRECTION ( 'NONE',  ( 0.0000000000000000000, 0.0000000000000000000, 1.000000000000000000 ) ) ;
#1227 = CARTESIAN_POINT ( 'NONE',  ( 0.0000000000000000000, -0.05000000000000000278, 0.0000000000000000000 ) ) ;
#1228 = CONICAL_SURFACE ( 'NONE', #856, 0.02150000000000002950, 0.7853981633974419507 ) ;
#1229 = DIRECTION ( 'NONE',  ( -0.0000000000000000000, 1.000000000000000000, -0.0000000000000000000 ) ) ;
#1230 = DIRECTION ( 'NONE',  ( -1.000000000000000000, -0.0000000000000000000, -0.0000000000000000000 ) ) ;
#1231 = DIRECTION ( 'NONE',  ( 0.0000000000000000000, 0.0000000000000000000, 1.000000000000000000 ) ) ;
#1232 = DIRECTION ( 'NONE',  ( -0.0000000000000000000, 1.000000000000000000, -0.0000000000000000000 ) ) ;
#1233 = ORIENTED_EDGE ( 'NONE', *, *, #693, .T. ) ;
#1234 = ORIENTED_EDGE ( 'NONE', *, *, #584, .T. ) ;
#1235 =( NAMED_UNIT ( * ) PLANE_ANGLE_UNIT ( ) SI_UNIT ( $, .RADIAN. ) );
#1236 = CARTESIAN_POINT ( 'NONE',  ( 0.1379674688103071922, 3.673940397442064486E-19, -0.02144999999999946602 ) ) ;
#1237 = ADVANCED_FACE ( 'NONE', ( #607, #1766, #1087, #1962, #1115, #755, #2131 ), #255, .T. ) ;
#1238 = DIRECTION ( 'NONE',  ( 0.0000000000000000000, 0.0000000000000000000, 1.000000000000000000 ) ) ;
#1239 = CARTESIAN_POINT ( 'NONE',  ( 0.2879674688103072699, -0.05000000000000000278, -0.01574999999999959419 ) ) ;
#1240 = STYLED_ITEM ( 'NONE', ( #764 ), #42 ) ;
#1241 = AXIS2_PLACEMENT_3D ( 'NONE', #530, #496, #1361 ) ;
#1242 = VECTOR ( 'NONE', #521, 39.37007874015748143 ) ;
#1243 = CIRCLE ( 'NONE', #122, 0.02855000000000052982 ) ;
#1244 = DIRECTION ( 'NONE',  ( -0.7071067811865520136, 8.659560562354877391E-17, -0.7071067811865430208 ) ) ;
#1245 = EDGE_CURVE ( 'NONE', #650, #751, #871, .T. ) ;
#1246 = LINE ( 'NONE', #726, #406 ) ;
#1247 = VERTEX_POINT ( 'NONE', #1976 ) ;
#1248 = CARTESIAN_POINT ( 'NONE',  ( 0.04431135598927586627, 0.0000000000000000000, 0.0000000000000000000 ) ) ;
#1249 = AXIS2_PLACEMENT_3D ( 'NONE', #1513, #1155, #1834 ) ;
#1250 = DIMENSIONAL_EXPONENTS ( 1.000000000000000000, 0.0000000000000000000, 0.0000000000000000000, 0.0000000000000000000, 0.0000000000000000000, 0.0000000000000000000, 0.0000000000000000000 ) ;
#1251 = ORIENTED_EDGE ( 'NONE', *, *, #558, .T. ) ;
#1252 = CARTESIAN_POINT ( 'NONE',  ( 0.3184160289261678822, 2.129741810843848171, 2.122227730851123706 ) ) ;
#1253 = DIRECTION ( 'NONE',  ( -0.0000000000000000000, 1.000000000000000000, -0.0000000000000000000 ) ) ;
#1254 = DIRECTION ( 'NONE',  ( -1.000000000000000000, -0.0000000000000000000, -0.0000000000000000000 ) ) ;
#1255 = CARTESIAN_POINT ( 'NONE',  ( 0.2879674688103072699, -0.05000000000000000278, -0.1842499999999991644 ) ) ;
#1256 = VECTOR ( 'NONE', #1130, 39.37007874015748143 ) ;
#1257 = DIRECTION ( 'NONE',  ( -0.3420201433256654933, 0.0000000000000000000, 0.9396926207859095381 ) ) ;
#1258 = CARTESIAN_POINT ( 'NONE',  ( 0.0000000000000000000, 0.0000000000000000000, 0.0000000000000000000 ) ) ;
#1259 = FACE_OUTER_BOUND ( 'NONE', #494, .T. ) ;
#1260 = AXIS2_PLACEMENT_3D ( 'NONE', #544, #1929, #1079 ) ;
#1261 = ORIENTED_EDGE ( 'NONE', *, *, #1363, .F. ) ;
#1262 = ORIENTED_EDGE ( 'NONE', *, *, #1811, .F. ) ;
#1263 = ORIENTED_EDGE ( 'NONE', *, *, #1710, .F. ) ;
#1264 = DIRECTION ( 'NONE',  ( -0.3420201433255876666, -0.0000000000000000000, -0.9396926207859379598 ) ) ;
#1265 = LINE ( 'NONE', #1952, #512 ) ;
#1266 = PLANE ( 'NONE',  #875 ) ;
#1267 = PRODUCT_DEFINITION ( 'UNKNOWN', '', #121, #240 ) ;
#1268 = ORIENTED_EDGE ( 'NONE', *, *, #277, .T. ) ;
#1269 = CARTESIAN_POINT ( 'NONE',  ( 0.2379674688103072255, 0.0000000000000000000, -0.04999999999999999584 ) ) ;
#1270 = CARTESIAN_POINT ( 'NONE',  ( -0.005732531189692388444, -0.05000000000000000278, -0.1842499999999996918 ) ) ;
#1271 = EDGE_LOOP ( 'NONE', ( #1556, #1290, #1143 ) ) ;
#1272 =( NAMED_UNIT ( * ) PLANE_ANGLE_UNIT ( ) SI_UNIT ( $, .RADIAN. ) );
#1273 = ORIENTED_EDGE ( 'NONE', *, *, #55, .T. ) ;
#1274 = FILL_AREA_STYLE ('',( #1395 ) ) ;
#1275 = FACE_OUTER_BOUND ( 'NONE', #1451, .T. ) ;
#1276 = ORIENTED_EDGE ( 'NONE', *, *, #762, .T. ) ;
#1277 = EDGE_CURVE ( 'NONE', #320, #2056, #1607, .T. ) ;
#1278 = CARTESIAN_POINT ( 'NONE',  ( 0.1553090364997893602, 0.0000000000000000000, 0.0000000000000000000 ) ) ;
#1279 = ORIENTED_EDGE ( 'NONE', *, *, #648, .F. ) ;
#1280 = CARTESIAN_POINT ( 'NONE',  ( 0.09426646881030741054, -0.05000000000000000278, -0.1842499999999996918 ) ) ;
#1281 = VECTOR ( 'NONE', #1179, 39.37007874015748143 ) ;
#1282 = APPLICATION_PROTOCOL_DEFINITION ( 'draft international standard', 'automotive_design', 1998, #487 ) ;
#1283 = CIRCLE ( 'NONE', #771, 0.02900000000000220804 ) ;
#1284 = CARTESIAN_POINT ( 'NONE',  ( 0.1816684688103074041, -0.05000000000000000278, -0.01574999999999998623 ) ) ;
#1285 = PRODUCT_DEFINITION_SHAPE ( 'NONE', 'NONE',  #2248 ) ;
#1286 = EDGE_LOOP ( 'NONE', ( #1128, #1798 ) ) ;
#1287 = ORIENTED_EDGE ( 'NONE', *, *, #1354, .T. ) ;
#1288 = DIRECTION ( 'NONE',  ( 0.0000000000000000000, 0.0000000000000000000, 1.000000000000000000 ) ) ;
#1289 = ORIENTED_EDGE ( 'NONE', *, *, #354, .F. ) ;
#1290 = ORIENTED_EDGE ( 'NONE', *, *, #2001, .T. ) ;
#1291 = DIRECTION ( 'NONE',  ( -0.0000000000000000000, 1.000000000000000000, -0.0000000000000000000 ) ) ;
#1292 = FACE_BOUND ( 'NONE', #488, .T. ) ;
#1293 = EDGE_CURVE ( 'NONE', #415, #601, #997, .T. ) ;
#1294 =( GEOMETRIC_REPRESENTATION_CONTEXT ( 3 ) GLOBAL_UNCERTAINTY_ASSIGNED_CONTEXT ( ( #1338 ) ) GLOBAL_UNIT_ASSIGNED_CONTEXT ( ( #1598, #732, #68 ) ) REPRESENTATION_CONTEXT ( 'NONE', 'WORKASPACE' ) );
#1295 = VERTEX_POINT ( 'NONE', #39 ) ;
#1296 = CARTESIAN_POINT ( 'NONE',  ( 0.03796746881030719362, 3.673940397442064486E-19, -0.04999999999999999584 ) ) ;
#1297 = CARTESIAN_POINT ( 'NONE',  ( 0.04431135598927586627, 0.0000000000000000000, 0.0000000000000000000 ) ) ;
#1298 = EDGE_CURVE ( 'NONE', #215, #1608, #716, .T. ) ;
#1299 = EDGE_LOOP ( 'NONE', ( #1517, #1349 ) ) ;
#1300 = CARTESIAN_POINT ( 'NONE',  ( 0.06700000000000012890, 0.0000000000000000000, 0.0000000000000000000 ) ) ;
#1301 = VERTEX_POINT ( 'NONE', #2106 ) ;
#1302 = ORIENTED_EDGE ( 'NONE', *, *, #2050, .F. ) ;
#1303 = CARTESIAN_POINT ( 'NONE',  ( 0.1816684688103074319, 0.0000000000000000000, -0.1842499999999996085 ) ) ;
#1304 = CARTESIAN_POINT ( 'NONE',  ( 0.03796746881030719362, -0.05000000000000000278, -0.1499999999999999944 ) ) ;
#1305 = VERTEX_POINT ( 'NONE', #555 ) ;
#1306 = LINE ( 'NONE', #1824, #955 ) ;
#1307 = CONTEXT_DEPENDENT_SHAPE_REPRESENTATION ( #951, #300 ) ;
#1308 = FACE_OUTER_BOUND ( 'NONE', #1139, .T. ) ;
#1309 = LINE ( 'NONE', #1337, #1587 ) ;
#1310 = PRODUCT_RELATED_PRODUCT_CATEGORY ( 'part', '', ( #239 ) ) ;
#1311 = PLANE ( 'NONE',  #665 ) ;
#1312 = VERTEX_POINT ( 'NONE', #51 ) ;
#1313 = ORIENTED_EDGE ( 'NONE', *, *, #1528, .F. ) ;
#1314 = DIRECTION ( 'NONE',  ( 0.0000000000000000000, 1.000000000000000000, 0.0000000000000000000 ) ) ;
#1315 = LINE ( 'NONE', #1953, #89 ) ;
#1316 = ORIENTED_EDGE ( 'NONE', *, *, #1277, .F. ) ;
#1317 = CARTESIAN_POINT ( 'NONE',  ( -0.01203253118969264089, -0.05000000000000000278, -0.1842499999999996918 ) ) ;
#1318 = AXIS2_PLACEMENT_3D ( 'NONE', #2041, #483, #1646 ) ;
#1319 = DIRECTION ( 'NONE',  ( -1.000000000000000000, -0.0000000000000000000, -0.0000000000000000000 ) ) ;
#1320 = CARTESIAN_POINT ( 'NONE',  ( -0.01203253118969264436, -0.05000000000000000278, -0.01574999999999999664 ) ) ;
#1321 = CIRCLE ( 'NONE', #329, 0.02855000000000052982 ) ;
#1322 = ORIENTED_EDGE ( 'NONE', *, *, #578, .T. ) ;
#1323 = EDGE_LOOP ( 'NONE', ( #827, #85, #844, #1261 ) ) ;
#1324 = CARTESIAN_POINT ( 'NONE',  ( 0.09426646881030741054, -0.05000000000000000278, -0.01574999999999998623 ) ) ;
#1325 = CARTESIAN_POINT ( 'NONE',  ( 0.2879674688103072699, 0.0000000000000000000, -0.1842499999999991644 ) ) ;
#1326 = ADVANCED_FACE ( 'NONE', ( #377 ), #204, .T. ) ;
#1327 = LINE ( 'NONE', #2028, #1924 ) ;
#1328 = CARTESIAN_POINT ( 'NONE',  ( 0.0000000000000000000, 0.0000000000000000000, 0.0000000000000000000 ) ) ;
#1329 = DIRECTION ( 'NONE',  ( 0.0000000000000000000, 0.0000000000000000000, 1.000000000000000000 ) ) ;
#1330 = ORIENTED_EDGE ( 'NONE', *, *, #167, .F. ) ;
#1331 = VERTEX_POINT ( 'NONE', #1475 ) ;
#1332 = LINE ( 'NONE', #2197, #1525 ) ;
#1333 = DIRECTION ( 'NONE',  ( -0.0000000000000000000, 1.000000000000000000, -0.0000000000000000000 ) ) ;
#1334 = VECTOR ( 'NONE', #815, 39.37007874015748143 ) ;
#1335 = FACE_BOUND ( 'NONE', #2103, .T. ) ;
#1336 = CARTESIAN_POINT ( 'NONE',  ( -0.005732531189692642581, -0.05000000000000000278, -0.01574999999999999664 ) ) ;
#1337 = CARTESIAN_POINT ( 'NONE',  ( 0.04431135598927586627, 3.245314017740554309E-18, -0.02650000000000055783 ) ) ;
#1338 = UNCERTAINTY_MEASURE_WITH_UNIT (LENGTH_MEASURE( 1.000000000000000082E-05 ), #1598, 'distance_accuracy_value', 'NONE');
#1339 = ADVANCED_FACE ( 'NONE', ( #2171 ), #1311, .T. ) ;
#1340 = VERTEX_POINT ( 'NONE', #750 ) ;
#1341 = ORIENTED_EDGE ( 'NONE', *, *, #979, .T. ) ;
#1342 = DIRECTION ( 'NONE',  ( -0.3420201433256720991, 0.0000000000000000000, 0.9396926207859070956 ) ) ;
#1343 = DIRECTION ( 'NONE',  ( -0.7071067811865153763, 8.659560562355323591E-17, -0.7071067811865795472 ) ) ;
#1344 = LINE ( 'NONE', #983, #1680 ) ;
#1345 = CARTESIAN_POINT ( 'NONE',  ( 0.03796746881030719362, -0.05000000000000000278, -0.02144999999999946602 ) ) ;
#1346 = AXIS2_PLACEMENT_3D ( 'NONE', #1686, #653, #809 ) ;
#1347 = ORIENTED_EDGE ( 'NONE', *, *, #1565, .F. ) ;
#1348 = CIRCLE ( 'NONE', #950, 0.02150000000000002950 ) ;
#1349 = ORIENTED_EDGE ( 'NONE', *, *, #648, .T. ) ;
#1350 = CIRCLE ( 'NONE', #361, 0.02150000000000002950 ) ;
#1351 = CARTESIAN_POINT ( 'NONE',  ( 0.07593593762061463803, -0.05000000000000000278, -0.1999999999999999833 ) ) ;
#1352 = DIRECTION ( 'NONE',  ( 0.0000000000000000000, -0.0000000000000000000, -1.000000000000000000 ) ) ;
#1353 = AXIS2_PLACEMENT_3D ( 'NONE', #624, #2121, #2177 ) ;
#1354 = EDGE_CURVE ( 'NONE', #1057, #2165, #1246, .T. ) ;
#1355 = LINE ( 'NONE', #1897, #845 ) ;
#1356 = UNCERTAINTY_MEASURE_WITH_UNIT (LENGTH_MEASURE( 1.000000000000000082E-05 ), #2127, 'distance_accuracy_value', 'NONE');
#1357 = VECTOR ( 'NONE', #522, 39.37007874015748143 ) ;
#1358 = EDGE_CURVE ( 'NONE', #103, #4, #1243, .T. ) ;
#1359 = ORIENTED_EDGE ( 'NONE', *, *, #55, .F. ) ;
#1360 = EDGE_LOOP ( 'NONE', ( #15, #568, #1649, #538 ) ) ;
#1361 = DIRECTION ( 'NONE',  ( 0.0000000000000000000, 0.0000000000000000000, 1.000000000000000000 ) ) ;
#1362 = DIRECTION ( 'NONE',  ( 0.0000000000000000000, 0.0000000000000000000, 1.000000000000000000 ) ) ;
#1363 = EDGE_CURVE ( 'NONE', #539, #49, #1283, .T. ) ;
#1364 = CARTESIAN_POINT ( 'NONE',  ( 0.03796746881030719362, -0.05000000000000000278, -0.04999999999999999584 ) ) ;
#1365 = CARTESIAN_POINT ( 'NONE',  ( -0.01203253118969264089, -0.05000000000000000278, -0.1842499999999996918 ) ) ;
#1366 = AXIS2_PLACEMENT_3D ( 'NONE', #1520, #1532, #489 ) ;
#1367 = EDGE_LOOP ( 'NONE', ( #1203, #1819, #474, #2076 ) ) ;
#1368 = VERTEX_POINT ( 'NONE', #934 ) ;
#1369 = CYLINDRICAL_SURFACE ( 'NONE', #2219, 0.02855000000000054022 ) ;
#1370 = DIRECTION ( 'NONE',  ( -0.9396926207859092051, 0.0000000000000000000, 0.3420201433256666035 ) ) ;
#1371 = CARTESIAN_POINT ( 'NONE',  ( 0.2879674688103072699, -0.05000000000000000278, -0.1842499999999991644 ) ) ;
#1372 = LINE ( 'NONE', #1210, #964 ) ;
#1373 = EDGE_CURVE ( 'NONE', #1567, #1853, #2114, .T. ) ;
#1374 = DIRECTION ( 'NONE',  ( -0.0000000000000000000, 1.000000000000000000, -0.0000000000000000000 ) ) ;
#1375 = EDGE_LOOP ( 'NONE', ( #2063, #838, #1670, #97 ) ) ;
#1376 = ORIENTED_EDGE ( 'NONE', *, *, #823, .F. ) ;
#1377 = EDGE_CURVE ( 'NONE', #873, #1419, #894, .T. ) ;
#1378 = VECTOR ( 'NONE', #1884, 39.37007874015748143 ) ;
#1379 = CARTESIAN_POINT ( 'NONE',  ( 0.07800000000000031908, 1.959434878635766571E-18, -0.01049999999999998851 ) ) ;
#1380 = VECTOR ( 'NONE', #1264, 39.37007874015748143 ) ;
#1381 = DIRECTION ( 'NONE',  ( 0.0000000000000000000, 0.0000000000000000000, 1.000000000000000000 ) ) ;
#1382 = CYLINDRICAL_SURFACE ( 'NONE', #2160, 0.01049999999999998851 ) ;
#1383 = EDGE_CURVE ( 'NONE', #1853, #168, #549, .T. ) ;
#1384 = DIRECTION ( 'NONE',  ( -1.000000000000000000, -0.0000000000000000000, -0.0000000000000000000 ) ) ;
#1385 = ORIENTED_EDGE ( 'NONE', *, *, #882, .F. ) ;
#1386 = ORIENTED_EDGE ( 'NONE', *, *, #943, .F. ) ;
#1387 = CYLINDRICAL_SURFACE ( 'NONE', #165, 0.02855000000000052982 ) ;
#1388 = LINE ( 'NONE', #1371, #907 ) ;
#1389 = DIRECTION ( 'NONE',  ( 0.0000000000000000000, 0.0000000000000000000, 1.000000000000000000 ) ) ;
#1390 = CARTESIAN_POINT ( 'NONE',  ( 0.0000000000000000000, 3.245314017740554309E-18, -0.02650000000000055783 ) ) ;
#1391 = CARTESIAN_POINT ( 'NONE',  ( 0.03796746881030720056, 3.673940397442064486E-19, -0.1785500000000005416 ) ) ;
#1392 = ORIENTED_EDGE ( 'NONE', *, *, #417, .F. ) ;
#1393 = EDGE_CURVE ( 'NONE', #95, #660, #1350, .T. ) ;
#1394 = VERTEX_POINT ( 'NONE', #561 ) ;
#1395 = FILL_AREA_STYLE_COLOUR ( '', #1558 ) ;
#1396 = CARTESIAN_POINT ( 'NONE',  ( 0.08166846881030742633, -0.05000000000000000278, -0.1842499999999996085 ) ) ;
#1397 = CARTESIAN_POINT ( 'NONE',  ( 0.1942664688103074300, -0.05000000000000000278, -0.1842499999999996918 ) ) ;
#1398 = DIRECTION ( 'NONE',  ( -1.000000000000000000, -0.0000000000000000000, -0.0000000000000000000 ) ) ;
#1399 = EDGE_CURVE ( 'NONE', #846, #2006, #1562, .T. ) ;
#1400 = CARTESIAN_POINT ( 'NONE',  ( 0.1379674688103071922, 0.0000000000000000000, -0.1785500000000005416 ) ) ;
#1401 = CIRCLE ( 'NONE', #1490, 0.02650000000000055783 ) ;
#1402 = DIRECTION ( 'NONE',  ( 0.0000000000000000000, 0.0000000000000000000, 1.000000000000000000 ) ) ;
#1403 = ORIENTED_EDGE ( 'NONE', *, *, #1854, .F. ) ;
#1404 = FILL_AREA_STYLE_COLOUR ( '', #1557 ) ;
#1405 = ORIENTED_EDGE ( 'NONE', *, *, #1984, .T. ) ;
#1406 = LENGTH_MEASURE_WITH_UNIT ( LENGTH_MEASURE( 0.02539999999999999897 ), #2142 );
#1407 = DIRECTION ( 'NONE',  ( 1.000000000000000000, -0.0000000000000000000, -0.0000000000000000000 ) ) ;
#1408 = CARTESIAN_POINT ( 'NONE',  ( 0.2759349376206161053, -0.05000000000000000278, -0.1999999999999995948 ) ) ;
#1409 = DIRECTION ( 'NONE',  ( 1.000000000000000000, 0.0000000000000000000, 0.0000000000000000000 ) ) ;
#1410 = VECTOR ( 'NONE', #96, 39.37007874015748143 ) ;
#1411 = AXIS2_PLACEMENT_3D ( 'NONE', #1168, #453, #287 ) ;
#1412 = PRODUCT_DEFINITION_SHAPE ( 'NONE', 'NONE',  #1211 ) ;
#1413 = FACE_OUTER_BOUND ( 'NONE', #1802, .T. ) ;
#1414 = DIRECTION ( 'NONE',  ( 0.0000000000000000000, 0.0000000000000000000, 1.000000000000000000 ) ) ;
#1415 = EDGE_CURVE ( 'NONE', #2078, #650, #238, .T. ) ;
#1416 = DIRECTION ( 'NONE',  ( -0.9396926207859092051, 0.0000000000000000000, 0.3420201433256664925 ) ) ;
#1417 = ORIENTED_EDGE ( 'NONE', *, *, #167, .T. ) ;
#1418 = VERTEX_POINT ( 'NONE', #1917 ) ;
#1419 = VERTEX_POINT ( 'NONE', #1589 ) ;
#1420 = EDGE_CURVE ( 'NONE', #2195, #321, #2042, .T. ) ;
#1421 =( NAMED_UNIT ( * ) PLANE_ANGLE_UNIT ( ) SI_UNIT ( $, .RADIAN. ) );
#1422 = CARTESIAN_POINT ( 'NONE',  ( 0.1816684688103074041, 0.0000000000000000000, -0.01574999999999998623 ) ) ;
#1423 = CARTESIAN_POINT ( 'NONE',  ( 0.2879674688103072699, 0.0000000000000000000, -0.1842499999999991644 ) ) ;
#1424 = ADVANCED_FACE ( 'NONE', ( #1259 ), #1097, .T. ) ;
#1425 = ORIENTED_EDGE ( 'NONE', *, *, #1565, .T. ) ;
#1426 = CYLINDRICAL_SURFACE ( 'NONE', #1053, 0.02855000000000052982 ) ;
#1427 = LINE ( 'NONE', #2125, #1096 ) ;
#1428 = VECTOR ( 'NONE', #963, 39.37007874015748143 ) ;
#1429 = VERTEX_POINT ( 'NONE', #1576 ) ;
#1430 = LENGTH_MEASURE_WITH_UNIT ( LENGTH_MEASURE( 0.02539999999999999897 ), #1763 );
#1431 = ORIENTED_EDGE ( 'NONE', *, *, #671, .F. ) ;
#1432 = SHAPE_REPRESENTATION_RELATIONSHIP ( 'NONE' , 'NONE' ,  #822, #43 ) ;
#1433 = DIRECTION ( 'NONE',  ( 0.0000000000000000000, 0.0000000000000000000, 1.000000000000000000 ) ) ;
#1434 = ORIENTED_EDGE ( 'NONE', *, *, #295, .F. ) ;
#1435 = LINE ( 'NONE', #1582, #358 ) ;
#1436 = CIRCLE ( 'NONE', #1730, 0.02855000000000052982 ) ;
#1437 = VERTEX_POINT ( 'NONE', #1391 ) ;
#1438 = FACE_OUTER_BOUND ( 'NONE', #1459, .T. ) ;
#1439 = ADVANCED_FACE ( 'NONE', ( #31 ), #21, .T. ) ;
#1440 = DIRECTION ( 'NONE',  ( -1.000000000000000000, -0.0000000000000000000, -0.0000000000000000000 ) ) ;
#1441 = VERTEX_POINT ( 'NONE', #359 ) ;
#1442 = CARTESIAN_POINT ( 'NONE',  ( 2.239553201765118668E-16, -0.05000000000000000278, -0.1999999999999996503 ) ) ;
#1443 = VERTEX_POINT ( 'NONE', #1772 ) ;
#1444 = SURFACE_SIDE_STYLE ('',( #740 ) ) ;
#1445 = DIRECTION ( 'NONE',  ( 0.0000000000000000000, -1.000000000000000000, 0.0000000000000000000 ) ) ;
#1446 = EDGE_CURVE ( 'NONE', #973, #1478, #1056, .T. ) ;
#1447 = ORIENTED_EDGE ( 'NONE', *, *, #173, .T. ) ;
#1448 = ORIENTED_EDGE ( 'NONE', *, *, #1148, .T. ) ;
#1449 = CARTESIAN_POINT ( 'NONE',  ( 0.0000000000000000000, 0.0000000000000000000, 0.0000000000000000000 ) ) ;
#1450 = DIRECTION ( 'NONE',  ( 0.9396926207859104263, 0.0000000000000000000, 0.3420201433256633838 ) ) ;
#1451 = EDGE_LOOP ( 'NONE', ( #1987, #303, #256, #1820 ) ) ;
#1452 = FACE_OUTER_BOUND ( 'NONE', #342, .T. ) ;
#1453 = AXIS2_PLACEMENT_3D ( 'NONE', #574, #910, #1974 ) ;
#1454 = EDGE_CURVE ( 'NONE', #2000, #1340, #1427, .T. ) ;
#1455 = AXIS2_PLACEMENT_3D ( 'NONE', #38, #913, #1961 ) ;
#1456 = VECTOR ( 'NONE', #275, 39.37007874015748143 ) ;
#1457 = AXIS2_PLACEMENT_3D ( 'NONE', #385, #1080, #537 ) ;
#1458 = LINE ( 'NONE', #1486, #343 ) ;
#1459 = EDGE_LOOP ( 'NONE', ( #2126, #1386, #274, #642 ) ) ;
#1460 = ORIENTED_EDGE ( 'NONE', *, *, #1072, .T. ) ;
#1461 = DIRECTION ( 'NONE',  ( 1.047444401652940007E-14, -1.000000000000000000, 0.0000000000000000000 ) ) ;
#1462 = CYLINDRICAL_SURFACE ( 'NONE', #261, 0.02650000000000055783 ) ;
#1463 = PRESENTATION_LAYER_ASSIGNMENT (  '', '', ( #1001 ) ) ;
#1464 = ORIENTED_EDGE ( 'NONE', *, *, #147, .F. ) ;
#1465 = ORIENTED_EDGE ( 'NONE', *, *, #1078, .T. ) ;
#1466 = CARTESIAN_POINT ( 'NONE',  ( 0.1379674688103071922, 0.0000000000000000000, -0.02144999999999946602 ) ) ;
#1467 = DIRECTION ( 'NONE',  ( 1.000000000000000000, 0.0000000000000000000, 0.0000000000000000000 ) ) ;
#1468 = CIRCLE ( 'NONE', #490, 0.03599999999999819317 ) ;
#1469 = ORIENTED_EDGE ( 'NONE', *, *, #1025, .T. ) ;
#1470 = DIRECTION ( 'NONE',  ( 1.000000000000000000, 0.0000000000000000000, -5.421193827719211569E-15 ) ) ;
#1471 = ITEM_DEFINED_TRANSFORMATION ( 'NONE', 'NONE', #1682,  #2190 ) ;
#1472 = DIRECTION ( 'NONE',  ( -0.0000000000000000000, 1.000000000000000000, -0.0000000000000000000 ) ) ;
#1473 = CARTESIAN_POINT ( 'NONE',  ( 0.1489999999999999658, 0.0000000000000000000, 0.0000000000000000000 ) ) ;
#1474 = CIRCLE ( 'NONE', #462, 0.02650000000000056130 ) ;
#1475 = CARTESIAN_POINT ( 'NONE',  ( 0.07593593762061463803, 0.0000000000000000000, -0.1999999999999999833 ) ) ;
#1476 = VERTEX_POINT ( 'NONE', #2102 ) ;
#1477 = EDGE_CURVE ( 'NONE', #2195, #2062, #572, .T. ) ;
#1478 = VERTEX_POINT ( 'NONE', #59 ) ;
#1479 = FACE_OUTER_BOUND ( 'NONE', #551, .T. ) ;
#1480 = FILL_AREA_STYLE ('',( #207 ) ) ;
#1481 = EDGE_LOOP ( 'NONE', ( #302, #912, #1273, #1776 ) ) ;
#1482 = CARTESIAN_POINT ( 'NONE',  ( 3.073328992872296367E-16, 0.0000000000000000000, -0.1999999999999996503 ) ) ;
#1483 = AXIS2_PLACEMENT_3D ( 'NONE', #1724, #7, #2098 ) ;
#1484 = ADVANCED_FACE ( 'NONE', ( #2138 ), #1110, .F. ) ;
#1485 = SHAPE_DEFINITION_REPRESENTATION ( #451, #833 ) ;
#1486 = CARTESIAN_POINT ( 'NONE',  ( 0.2379674688103072255, 0.0000000000000000000, -0.02144999999999946602 ) ) ;
#1487 = CARTESIAN_POINT ( 'NONE',  ( 0.1379674688103071922, -0.05000000000000000278, -0.02144999999999946602 ) ) ;
#1488 = ADVANCED_FACE ( 'NONE', ( #932 ), #58, .F. ) ;
#1489 = EDGE_LOOP ( 'NONE', ( #1789, #978 ) ) ;
#1490 = AXIS2_PLACEMENT_3D ( 'NONE', #473, #1149, #1839 ) ;
#1491 = ORIENTED_EDGE ( 'NONE', *, *, #812, .T. ) ;
#1492 = CARTESIAN_POINT ( 'NONE',  ( 0.2759349376206133853, -0.05000000000000000278, 0.0000000000000000000 ) ) ;
#1493 = DIRECTION ( 'NONE',  ( 0.0000000000000000000, 0.0000000000000000000, 1.000000000000000000 ) ) ;
#1494 = LINE ( 'NONE', #824, #1599 ) ;
#1495 =( GEOMETRIC_REPRESENTATION_CONTEXT ( 3 ) GLOBAL_UNCERTAINTY_ASSIGNED_CONTEXT ( ( #2223 ) ) GLOBAL_UNIT_ASSIGNED_CONTEXT ( ( #705, #1235, #576 ) ) REPRESENTATION_CONTEXT ( 'NONE', 'WORKASPACE' ) );
#1496 = FACE_OUTER_BOUND ( 'NONE', #169, .T. ) ;
#1497 = DIRECTION ( 'NONE',  ( 0.0000000000000000000, 0.0000000000000000000, 1.000000000000000000 ) ) ;
#1498 = VERTEX_POINT ( 'NONE', #1048 ) ;
#1499 = VECTOR ( 'NONE', #499, 39.37007874015748143 ) ;
#1500 = ORIENTED_EDGE ( 'NONE', *, *, #1415, .F. ) ;
#1501 = PRODUCT ( 'P4XX-21-012-00-000000_P406-21-012-00-000000', 'P4XX-21-012-00-000000_P406-21-012-00-000000', '', ( #933 ) ) ;
#1502 = VERTEX_POINT ( 'NONE', #615 ) ;
#1503 = CARTESIAN_POINT ( 'NONE',  ( 0.2759349376206161053, -0.05000000000000000278, -0.1999999999999995948 ) ) ;
#1504 = CARTESIAN_POINT ( 'NONE',  ( 0.1759359376206146575, -0.05000000000000000278, -9.478001694819074349E-34 ) ) ;
#1505 = LINE ( 'NONE', #2038, #2148 ) ;
#1506 = EDGE_CURVE ( 'NONE', #1567, #2095, #1306, .T. ) ;
#1507 = DIRECTION ( 'NONE',  ( 1.000000000000000000, 0.0000000000000000000, 0.0000000000000000000 ) ) ;
#1508 = FACE_OUTER_BOUND ( 'NONE', #1271, .T. ) ;
#1509 = AXIS2_PLACEMENT_3D ( 'NONE', #682, #860, #524 ) ;
#1510 = ORIENTED_EDGE ( 'NONE', *, *, #1293, .T. ) ;
#1511 = VERTEX_POINT ( 'NONE', #1994 ) ;
#1512 = DIRECTION ( 'NONE',  ( -1.000000000000000000, -0.0000000000000000000, -0.0000000000000000000 ) ) ;
#1513 = CARTESIAN_POINT ( 'NONE',  ( 0.1489999999999999658, 0.0000000000000000000, 0.0000000000000000000 ) ) ;
#1514 = FACE_OUTER_BOUND ( 'NONE', #563, .T. ) ;
#1515 = DIRECTION ( 'NONE',  ( 1.000000000000000000, 0.0000000000000000000, 0.0000000000000000000 ) ) ;
#1516 = AXIS2_PLACEMENT_3D ( 'NONE', #345, #1913, #1362 ) ;
#1517 = ORIENTED_EDGE ( 'NONE', *, *, #1197, .T. ) ;
#1518 = ORIENTED_EDGE ( 'NONE', *, *, #1675, .F. ) ;
#1519 = FACE_OUTER_BOUND ( 'NONE', #622, .T. ) ;
#1520 = CARTESIAN_POINT ( 'NONE',  ( 0.1649999999999989253, 0.0000000000000000000, 0.0000000000000000000 ) ) ;
#1521 = LINE ( 'NONE', #2217, #479 ) ;
#1522 = EDGE_CURVE ( 'NONE', #1498, #1003, #734, .T. ) ;
#1523 = CARTESIAN_POINT ( 'NONE',  ( 0.2379674688103072255, 3.673940397442064486E-19, -0.1499999999999999944 ) ) ;
#1524 = CONICAL_SURFACE ( 'NONE', #546, 0.01049999999999998157, 1.029744258676653645 ) ;
#1525 = VECTOR ( 'NONE', #107, 39.37007874015748143 ) ;
#1526 = ORIENTED_EDGE ( 'NONE', *, *, #1220, .T. ) ;
#1527 = VECTOR ( 'NONE', #163, 39.37007874015748143 ) ;
#1528 = EDGE_CURVE ( 'NONE', #1650, #351, #569, .T. ) ;
#1529 = EDGE_LOOP ( 'NONE', ( #486, #394 ) ) ;
#1530 =( NAMED_UNIT ( * ) SI_UNIT ( $, .STERADIAN. ) SOLID_ANGLE_UNIT ( ) );
#1531 = AXIS2_PLACEMENT_3D ( 'NONE', #1647, #1948, #1288 ) ;
#1532 = DIRECTION ( 'NONE',  ( -1.000000000000000000, -0.0000000000000000000, -0.0000000000000000000 ) ) ;
#1533 = DIRECTION ( 'NONE',  ( 0.3420201433256633283, 0.0000000000000000000, -0.9396926207859103153 ) ) ;
#1534 = LINE ( 'NONE', #674, #1540 ) ;
#1535 = CIRCLE ( 'NONE', #1654, 0.02855000000000052982 ) ;
#1536 = EDGE_LOOP ( 'NONE', ( #2015, #1723, #1807, #1224 ) ) ;
#1537 = ORIENTED_EDGE ( 'NONE', *, *, #2072, .T. ) ;
#1538 = CARTESIAN_POINT ( 'NONE',  ( 0.08166846881030738470, -0.05000000000000000278, -0.01574999999999998623 ) ) ;
#1539 = ADVANCED_FACE ( 'NONE', ( #1438 ), #1121, .F. ) ;
#1540 = VECTOR ( 'NONE', #383, 39.37007874015748854 ) ;
#1541 = LINE ( 'NONE', #1050, #1527 ) ;
#1542 = CARTESIAN_POINT ( 'NONE',  ( 0.1579999999999989468, 0.0000000000000000000, 0.01450000000000062350 ) ) ;
#1543 = ADVANCED_FACE ( 'NONE', ( #1452 ), #1426, .F. ) ;
#1544 = FACE_OUTER_BOUND ( 'NONE', #1299, .T. ) ;
#1545 = EDGE_CURVE ( 'NONE', #728, #135, #903, .T. ) ;
#1546 = AXIS2_PLACEMENT_3D ( 'NONE', #1396, #1370, #172 ) ;
#1547 = ORIENTED_EDGE ( 'NONE', *, *, #194, .F. ) ;
#1548 = EDGE_LOOP ( 'NONE', ( #77, #1385, #407, #1341 ) ) ;
#1549 = EDGE_CURVE ( 'NONE', #79, #1954, #1971, .T. ) ;
#1550 = LENGTH_MEASURE_WITH_UNIT ( LENGTH_MEASURE( 0.02539999999999999897 ), #2065 );
#1551 = CARTESIAN_POINT ( 'NONE',  ( 0.2816674688103074087, -0.05000000000000000278, -0.01574999999999959419 ) ) ;
#1552 = LINE ( 'NONE', #8, #2040 ) ;
#1553 = CARTESIAN_POINT ( 'NONE',  ( 0.2379674688103072255, -0.05000000000000000278, -0.04999999999999999584 ) ) ;
#1554 = DIRECTION ( 'NONE',  ( 0.0000000000000000000, 0.0000000000000000000, 1.000000000000000000 ) ) ;
#1555 = ORIENTED_EDGE ( 'NONE', *, *, #1816, .F. ) ;
#1556 = ORIENTED_EDGE ( 'NONE', *, *, #1706, .F. ) ;
#1557 = COLOUR_RGB ( '',0.8274509803921568096, 0.6666666666666666297, 0.1294117647058823373 ) ;
#1558 = COLOUR_RGB ( '',0.8274509803921568096, 0.6666666666666666297, 0.1294117647058823373 ) ;
#1559 = CARTESIAN_POINT ( 'NONE',  ( -0.01203253118969264436, 0.0000000000000000000, -0.01574999999999999664 ) ) ;
#1560 = CARTESIAN_POINT ( 'NONE',  ( 0.08166846881030742633, 0.0000000000000000000, -0.1842499999999996085 ) ) ;
#1561 = VECTOR ( 'NONE', #247, 39.37007874015748143 ) ;
#1562 = CIRCLE ( 'NONE', #180, 0.02150000000000002950 ) ;
#1563 = LINE ( 'NONE', #2090, #1499 ) ;
#1564 = DIRECTION ( 'NONE',  ( 0.0000000000000000000, 0.0000000000000000000, 1.000000000000000000 ) ) ;
#1565 = EDGE_CURVE ( 'NONE', #1140, #351, #82, .T. ) ;
#1566 = CARTESIAN_POINT ( 'NONE',  ( 0.08166846881030738470, 0.0000000000000000000, -0.01574999999999998623 ) ) ;
#1567 = VERTEX_POINT ( 'NONE', #395 ) ;
#1568 = ORIENTED_EDGE ( 'NONE', *, *, #2072, .F. ) ;
#1569 = AXIS2_PLACEMENT_3D ( 'NONE', #689, #175, #867 ) ;
#1570 =( LENGTH_UNIT ( ) NAMED_UNIT ( * ) SI_UNIT ( $, .METRE. ) );
#1571 = DIRECTION ( 'NONE',  ( 0.0000000000000000000, 0.0000000000000000000, 1.000000000000000000 ) ) ;
#1572 = EDGE_CURVE ( 'NONE', #1892, #431, #1813, .T. ) ;
#1573 = LINE ( 'NONE', #2059, #260 ) ;
#1574 = LINE ( 'NONE', #510, #1180 ) ;
#1575 = DIRECTION ( 'NONE',  ( 0.0000000000000000000, 1.000000000000000000, 0.0000000000000000000 ) ) ;
#1576 = CARTESIAN_POINT ( 'NONE',  ( 0.1999990000000001211, -0.05000000000000000278, -0.1999999999999999833 ) ) ;
#1577 = ORIENTED_EDGE ( 'NONE', *, *, #1722, .F. ) ;
#1578 = ORIENTED_EDGE ( 'NONE', *, *, #2033, .F. ) ;
#1579 = AXIS2_PLACEMENT_3D ( 'NONE', #145, #314, #1696 ) ;
#1580 = CARTESIAN_POINT ( 'NONE',  ( 0.4184160289261960597, 2.129741810843843286, 2.022227730851123173 ) ) ;
#1581 = CARTESIAN_POINT ( 'NONE',  ( 0.1759359376206146575, -0.05000000000000000278, -0.1999999999999999833 ) ) ;
#1582 = CARTESIAN_POINT ( 'NONE',  ( 0.1816684688103074319, -0.05000000000000000278, -0.1842499999999996085 ) ) ;
#1583 = FACE_OUTER_BOUND ( 'NONE', #807, .T. ) ;
#1584 = EDGE_CURVE ( 'NONE', #1305, #14, #44, .T. ) ;
#1585 = DIRECTION ( 'NONE',  ( -1.000000000000000000, -0.0000000000000000000, -0.0000000000000000000 ) ) ;
#1586 = CYLINDRICAL_SURFACE ( 'NONE', #2022, 0.02855000000000054022 ) ;
#1587 = VECTOR ( 'NONE', #1000, 39.37007874015748854 ) ;
#1588 = ADVANCED_FACE ( 'NONE', ( #1413 ), #2111, .F. ) ;
#1589 = CARTESIAN_POINT ( 'NONE',  ( -0.005732531189692388444, 0.0000000000000000000, -0.1842499999999996918 ) ) ;
#1590 = VERTEX_POINT ( 'NONE', #412 ) ;
#1591 = CYLINDRICAL_SURFACE ( 'NONE', #1453, 0.03599999999999819317 ) ;
#1592 = ORIENTED_EDGE ( 'NONE', *, *, #911, .F. ) ;
#1593 = DIRECTION ( 'NONE',  ( -1.000000000000000000, -0.0000000000000000000, -0.0000000000000000000 ) ) ;
#1594 = EDGE_CURVE ( 'NONE', #168, #1590, #1108, .T. ) ;
#1595 = CIRCLE ( 'NONE', #630, 0.02855000000000054022 ) ;
#1596 = VECTOR ( 'NONE', #1342, 39.37007874015748854 ) ;
#1597 = CARTESIAN_POINT ( 'NONE',  ( 0.09426646881030741054, 0.0000000000000000000, -0.1842499999999996918 ) ) ;
#1598 =( CONVERSION_BASED_UNIT ( 'INCH', #233 ) LENGTH_UNIT ( ) NAMED_UNIT ( #2064 ) );
#1599 = VECTOR ( 'NONE', #974, 39.37007874015748143 ) ;
#1600 = CARTESIAN_POINT ( 'NONE',  ( 0.2879674688103072699, -0.05000000000000000278, -0.01574999999999959419 ) ) ;
#1601 = ADVANCED_FACE ( 'NONE', ( #720 ), #760, .T. ) ;
#1602 = CARTESIAN_POINT ( 'NONE',  ( 0.1759359376206146575, -0.05000000000000000278, -0.1999999999999999833 ) ) ;
#1603 = DIRECTION ( 'NONE',  ( 0.3420201433256664925, 0.0000000000000000000, 0.9396926207859092051 ) ) ;
#1604 = EDGE_LOOP ( 'NONE', ( #2034, #1592, #2054, #475 ) ) ;
#1605 = DIRECTION ( 'NONE',  ( -1.000000000000000000, -0.0000000000000000000, -0.0000000000000000000 ) ) ;
#1606 = ORIENTED_EDGE ( 'NONE', *, *, #220, .F. ) ;
#1607 = LINE ( 'NONE', #419, #1380 ) ;
#1608 = VERTEX_POINT ( 'NONE', #1600 ) ;
#1609 = CARTESIAN_POINT ( 'NONE',  ( 0.1816684688103074319, -0.05000000000000000278, -0.1842499999999996085 ) ) ;
#1610 = CARTESIAN_POINT ( 'NONE',  ( 0.03796746881030719362, 3.673940397442064486E-19, -0.1214499999999994612 ) ) ;
#1611 = VERTEX_POINT ( 'NONE', #1077 ) ;
#1612 = CARTESIAN_POINT ( 'NONE',  ( 0.1942664688103074300, -0.05000000000000000278, -0.01574999999999998623 ) ) ;
#1613 = DIRECTION ( 'NONE',  ( 1.000000000000000000, 0.0000000000000000000, 0.0000000000000000000 ) ) ;
#1614 = CIRCLE ( 'NONE', #276, 0.02150000000000002950 ) ;
#1615 = ORIENTED_EDGE ( 'NONE', *, *, #318, .T. ) ;
#1616 = EDGE_CURVE ( 'NONE', #1954, #968, #1321, .T. ) ;
#1617 = ORIENTED_EDGE ( 'NONE', *, *, #578, .F. ) ;
#1618 = CARTESIAN_POINT ( 'NONE',  ( 0.1816684688103074041, -0.05000000000000000278, -0.01574999999999998623 ) ) ;
#1619 = VERTEX_POINT ( 'NONE', #945 ) ;
#1620 = PRODUCT ( '0512_0512-0-00-15-00-00-03-0', '0512_0512-0-00-15-00-00-03-0', '', ( #288 ) ) ;
#1621 = EDGE_CURVE ( 'NONE', #597, #2123, #789, .T. ) ;
#1622 = VERTEX_POINT ( 'NONE', #298 ) ;
#1623 = CARTESIAN_POINT ( 'NONE',  ( 0.06700000000000012890, 0.0000000000000000000, 0.02150000000000002950 ) ) ;
#1624 = SURFACE_STYLE_FILL_AREA ( #1480 ) ;
#1625 = AXIS2_PLACEMENT_3D ( 'NONE', #914, #404, #592 ) ;
#1626 = ORIENTED_EDGE ( 'NONE', *, *, #1206, .T. ) ;
#1627 = DIRECTION ( 'NONE',  ( -0.0000000000000000000, -0.0000000000000000000, -1.000000000000000000 ) ) ;
#1628 = ITEM_DEFINED_TRANSFORMATION ( 'NONE', 'NONE', #1207,  #2190 ) ;
#1629 = LINE ( 'NONE', #640, #1221 ) ;
#1630 = ORIENTED_EDGE ( 'NONE', *, *, #2164, .T. ) ;
#1631 = DIRECTION ( 'NONE',  ( 0.0000000000000000000, 0.0000000000000000000, 1.000000000000000000 ) ) ;
#1632 = LINE ( 'NONE', #1422, #348 ) ;
#1633 = ORIENTED_EDGE ( 'NONE', *, *, #1675, .T. ) ;
#1634 = ORIENTED_EDGE ( 'NONE', *, *, #1572, .F. ) ;
#1635 = LINE ( 'NONE', #1466, #148 ) ;
#1636 = FACE_OUTER_BOUND ( 'NONE', #944, .T. ) ;
#1637 = ORIENTED_EDGE ( 'NONE', *, *, #1995, .T. ) ;
#1638 = DIRECTION ( 'NONE',  ( 1.000000000000000000, 0.0000000000000000000, 0.0000000000000000000 ) ) ;
#1639 = PRESENTATION_LAYER_ASSIGNMENT (  '', '', ( #1240 ) ) ;
#1640 = CIRCLE ( 'NONE', #399, 0.02650000000000055783 ) ;
#1641 = VECTOR ( 'NONE', #1229, 39.37007874015748143 ) ;
#1642 = ITEM_DEFINED_TRANSFORMATION ( 'NONE', 'NONE', #1783,  #2190 ) ;
#1643 = AXIS2_PLACEMENT_3D ( 'NONE', #938, #1445, #952 ) ;
#1644 = DIRECTION ( 'NONE',  ( -0.0000000000000000000, 1.000000000000000000, -0.0000000000000000000 ) ) ;
#1645 = EDGE_CURVE ( 'NONE', #1312, #728, #1494, .T. ) ;
#1646 = DIRECTION ( 'NONE',  ( 0.0000000000000000000, 0.0000000000000000000, 1.000000000000000000 ) ) ;
#1647 = CARTESIAN_POINT ( 'NONE',  ( 0.1579999999999989468, 0.0000000000000000000, 0.0000000000000000000 ) ) ;
#1648 = AXIS2_PLACEMENT_3D ( 'NONE', #2198, #798, #2216 ) ;
#1649 = ORIENTED_EDGE ( 'NONE', *, *, #857, .T. ) ;
#1650 = VERTEX_POINT ( 'NONE', #1676 ) ;
#1651 = ADVANCED_FACE ( 'NONE', ( #1144, #1335, #1836, #120, #627, #1189, #1006 ), #461, .F. ) ;
#1652 = CARTESIAN_POINT ( 'NONE',  ( 0.1816684688103074041, -0.05000000000000000278, -0.01574999999999998623 ) ) ;
#1653 = PLANE ( 'NONE',  #2226 ) ;
#1654 = AXIS2_PLACEMENT_3D ( 'NONE', #1553, #216, #1063 ) ;
#1655 = VERTEX_POINT ( 'NONE', #999 ) ;
#1656 = DIRECTION ( 'NONE',  ( 0.0000000000000000000, 0.0000000000000000000, -1.000000000000000000 ) ) ;
#1657 = APPLICATION_PROTOCOL_DEFINITION ( 'draft international standard', 'automotive_design', 1998, #1999 ) ;
#1658 = FACE_OUTER_BOUND ( 'NONE', #1360, .T. ) ;
#1659 = DIRECTION ( 'NONE',  ( -1.000000000000000000, -0.0000000000000000000, -0.0000000000000000000 ) ) ;
#1660 = AXIS2_PLACEMENT_3D ( 'NONE', #1258, #1066, #357 ) ;
#1661 = ORIENTED_EDGE ( 'NONE', *, *, #504, .F. ) ;
#1662 = ORIENTED_EDGE ( 'NONE', *, *, #324, .T. ) ;
#1663 = CARTESIAN_POINT ( 'NONE',  ( 0.1759359376206146575, 0.0000000000000000000, -9.478001694819074349E-34 ) ) ;
#1664 = PLANE ( 'NONE',  #1648 ) ;
#1665 = EDGE_CURVE ( 'NONE', #1443, #1441, #1505, .T. ) ;
#1666 = VERTEX_POINT ( 'NONE', #813 ) ;
#1667 = CARTESIAN_POINT ( 'NONE',  ( 0.0000000000000000000, 2.632990618166813195E-18, -0.02150000000000002950 ) ) ;
#1668 = DIRECTION ( 'NONE',  ( -1.000000000000000000, -0.0000000000000000000, -0.0000000000000000000 ) ) ;
#1669 = DIRECTION ( 'NONE',  ( -0.5000000000001606493, 0.0000000000000000000, 0.8660254037843458930 ) ) ;
#1670 = ORIENTED_EDGE ( 'NONE', *, *, #2119, .T. ) ;
#1671 = EDGE_CURVE ( 'NONE', #846, #660, #1870, .T. ) ;
#1672 = ORIENTED_EDGE ( 'NONE', *, *, #897, .T. ) ;
#1673 = CARTESIAN_POINT ( 'NONE',  ( 0.08166846881030742633, 0.0000000000000000000, -0.1842499999999996085 ) ) ;
#1674 = DIRECTION ( 'NONE',  ( -1.000000000000000000, 0.0000000000000000000, -1.237541726874530996E-16 ) ) ;
#1675 = EDGE_CURVE ( 'NONE', #2135, #405, #1327, .T. ) ;
#1676 = CARTESIAN_POINT ( 'NONE',  ( 0.08300000000000018474, 1.775737858763738722E-18, -0.01450000000000062350 ) ) ;
#1677 = APPLICATION_PROTOCOL_DEFINITION ( 'draft international standard', 'automotive_design', 1998, #900 ) ;
#1678 = VECTOR ( 'NONE', #2215, 39.37007874015748143 ) ;
#1679 = CARTESIAN_POINT ( 'NONE',  ( 0.2379674688103072255, -0.05000000000000000278, -0.1785500000000005416 ) ) ;
#1680 = VECTOR ( 'NONE', #138, 39.37007874015748143 ) ;
#1681 = DIRECTION ( 'NONE',  ( 1.000000000000000000, 0.0000000000000000000, -0.0000000000000000000 ) ) ;
#1682 = AXIS2_PLACEMENT_3D ( 'NONE', #2157, #313, #1011 ) ;
#1683 = VECTOR ( 'NONE', #1957, 39.37007874015748143 ) ;
#1684 = ORIENTED_EDGE ( 'NONE', *, *, #1522, .T. ) ;
#1685 = ORIENTED_EDGE ( 'NONE', *, *, #1383, .T. ) ;
#1686 = CARTESIAN_POINT ( 'NONE',  ( 0.2379674688103072255, -0.05000000000000000278, -0.1499999999999999944 ) ) ;
#1687 = DIRECTION ( 'NONE',  ( -1.000000000000000000, -0.0000000000000000000, -0.0000000000000000000 ) ) ;
#1688 = EDGE_CURVE ( 'NONE', #1368, #191, #448, .T. ) ;
#1689 = CARTESIAN_POINT ( 'NONE',  ( 0.1379674688103071922, -0.05000000000000000278, -0.1499999999999999944 ) ) ;
#1690 = LINE ( 'NONE', #1871, #625 ) ;
#1691 = EDGE_CURVE ( 'NONE', #405, #918, #109, .T. ) ;
#1692 = ADVANCED_FACE ( 'NONE', ( #2191 ), #655, .F. ) ;
#1693 = EDGE_LOOP ( 'NONE', ( #836, #142, #1347, #1464 ) ) ;
#1694 = ORIENTED_EDGE ( 'NONE', *, *, #511, .T. ) ;
#1695 = DIRECTION ( 'NONE',  ( -1.000000000000000000, 0.0000000000000000000, -5.420333320762533911E-15 ) ) ;
#1696 = DIRECTION ( 'NONE',  ( -1.266620916943744463E-17, 0.0000000000000000000, 1.000000000000000000 ) ) ;
#1697 = ADVANCED_FACE ( 'NONE', ( #1514 ), #1858, .T. ) ;
#1698 = DIRECTION ( 'NONE',  ( 1.000000000000000000, 0.0000000000000000000, -5.421193827719211569E-15 ) ) ;
#1699 = CARTESIAN_POINT ( 'NONE',  ( 0.2816674688103074087, -0.05000000000000000278, -0.01574999999999959419 ) ) ;
#1700 = EDGE_LOOP ( 'NONE', ( #1316, #115, #360, #1795 ) ) ;
#1701 = ORIENTED_EDGE ( 'NONE', *, *, #1506, .T. ) ;
#1702 = FILL_AREA_STYLE_COLOUR ( '', #1204 ) ;
#1703 = LINE ( 'NONE', #1351, #1879 ) ;
#1704 = VECTOR ( 'NONE', #1669, 39.37007874015748143 ) ;
#1705 = LINE ( 'NONE', #879, #1242 ) ;
#1706 = EDGE_CURVE ( 'NONE', #1978, #1993, #1344, .T. ) ;
#1707 = CIRCLE ( 'NONE', #1318, 0.02855000000000054022 ) ;
#1708 = DIRECTION ( 'NONE',  ( -1.000000000000000000, -0.0000000000000000000, -0.0000000000000000000 ) ) ;
#1709 = CIRCLE ( 'NONE', #80, 0.03599999999999819317 ) ;
#1710 = EDGE_CURVE ( 'NONE', #1429, #918, #480, .T. ) ;
#1711 = AXIS2_PLACEMENT_3D ( 'NONE', #1248, #73, #1959 ) ;
#1712 = ORIENTED_EDGE ( 'NONE', *, *, #1665, .T. ) ;
#1713 = AXIS2_PLACEMENT_3D ( 'NONE', #2099, #317, #1726 ) ;
#1714 = ORIENTED_EDGE ( 'NONE', *, *, #511, .F. ) ;
#1715 = SURFACE_STYLE_USAGE ( .BOTH. , #1893 ) ;
#1716 = FACE_OUTER_BOUND ( 'NONE', #783, .T. ) ;
#1717 = CYLINDRICAL_SURFACE ( 'NONE', #2220, 0.02855000000000052982 ) ;
#1718 = FACE_OUTER_BOUND ( 'NONE', #2132, .T. ) ;
#1719 = CARTESIAN_POINT ( 'NONE',  ( 0.2816674688103074087, -0.05000000000000000278, -0.1842499999999991922 ) ) ;
#1720 = ADVANCED_FACE ( 'NONE', ( #98 ), #308, .T. ) ;
#1721 = VERTEX_POINT ( 'NONE', #2180 ) ;
#1722 = EDGE_CURVE ( 'NONE', #1622, #2135, #1521, .T. ) ;
#1723 = ORIENTED_EDGE ( 'NONE', *, *, #553, .T. ) ;
#1724 = CARTESIAN_POINT ( 'NONE',  ( 0.2759349376206161053, -0.05000000000000000278, -0.1999999999999995948 ) ) ;
#1725 = AXIS2_PLACEMENT_3D ( 'NONE', #111, #616, #987 ) ;
#1726 = DIRECTION ( 'NONE',  ( 0.0000000000000000000, 0.0000000000000000000, 1.000000000000000000 ) ) ;
#1727 = FACE_OUTER_BOUND ( 'NONE', #940, .T. ) ;
#1728 = DIRECTION ( 'NONE',  ( 0.0000000000000000000, 0.0000000000000000000, 1.000000000000000000 ) ) ;
#1729 = PRODUCT_DEFINITION ( 'UNKNOWN', '', #1095, #1791 ) ;
#1730 = AXIS2_PLACEMENT_3D ( 'NONE', #1012, #1142, #285 ) ;
#1731 = EDGE_LOOP ( 'NONE', ( #1002, #1739 ) ) ;
#1732 = ORIENTED_EDGE ( 'NONE', *, *, #1220, .F. ) ;
#1733 = DIRECTION ( 'NONE',  ( 1.000000000000000000, 0.0000000000000000000, -5.421193827719211569E-15 ) ) ;
#1734 = CARTESIAN_POINT ( 'NONE',  ( 0.1816684688103074319, -0.05000000000000000278, -0.1842499999999996085 ) ) ;
#1735 = EDGE_CURVE ( 'NONE', #1081, #1502, #1785, .T. ) ;
#1736 = CARTESIAN_POINT ( 'NONE',  ( 0.1942664688103074300, -0.05000000000000000278, -0.01574999999999998623 ) ) ;
#1737 = DIRECTION ( 'NONE',  ( 0.0000000000000000000, -0.0000000000000000000, 1.000000000000000000 ) ) ;
#1738 = CARTESIAN_POINT ( 'NONE',  ( 0.03500000000000071804, 0.0000000000000000000, 0.02650000000000055783 ) ) ;
#1739 = ORIENTED_EDGE ( 'NONE', *, *, #286, .F. ) ;
#1740 = ORIENTED_EDGE ( 'NONE', *, *, #114, .T. ) ;
#1741 =( GEOMETRIC_REPRESENTATION_CONTEXT ( 3 ) GLOBAL_UNCERTAINTY_ASSIGNED_CONTEXT ( ( #1356 ) ) GLOBAL_UNIT_ASSIGNED_CONTEXT ( ( #2127, #1272, #398 ) ) REPRESENTATION_CONTEXT ( 'NONE', 'WORKASPACE' ) );
#1742 = AXIS2_PLACEMENT_3D ( 'NONE', #1252, #1935, #1101 ) ;
#1743 = LENGTH_MEASURE_WITH_UNIT ( LENGTH_MEASURE( 0.02539999999999999897 ), #1570 );
#1744 = CARTESIAN_POINT ( 'NONE',  ( 0.1942664688103074300, -0.05000000000000000278, -0.01574999999999998623 ) ) ;
#1745 = AXIS2_PLACEMENT_3D ( 'NONE', #961, #830, #2018 ) ;
#1746 = AXIS2_PLACEMENT_3D ( 'NONE', #243, #391, #1988 ) ;
#1747 = CARTESIAN_POINT ( 'NONE',  ( 0.06700000000000012890, 0.0000000000000000000, 0.0000000000000000000 ) ) ;
#1748 = CARTESIAN_POINT ( 'NONE',  ( 0.1942664688103074300, -0.05000000000000000278, -0.1842499999999996918 ) ) ;
#1749 = CIRCLE ( 'NONE', #1064, 0.02855000000000054022 ) ;
#1750 = CYLINDRICAL_SURFACE ( 'NONE', #2055, 0.02650000000000055783 ) ;
#1751 = DIRECTION ( 'NONE',  ( -1.000000000000000000, -0.0000000000000000000, -0.0000000000000000000 ) ) ;
#1752 = ORIENTED_EDGE ( 'NONE', *, *, #2128, .F. ) ;
#1753 = EDGE_LOOP ( 'NONE', ( #312, #775, #2206 ) ) ;
#1754 = DIRECTION ( 'NONE',  ( 0.0000000000000000000, 0.0000000000000000000, 1.000000000000000000 ) ) ;
#1755 = LINE ( 'NONE', #540, #618 ) ;
#1756 = CARTESIAN_POINT ( 'NONE',  ( 0.0000000000000000000, 0.0000000000000000000, 0.0000000000000000000 ) ) ;
#1757 = DIRECTION ( 'NONE',  ( 5.420333320762533911E-15, 0.0000000000000000000, -1.000000000000000000 ) ) ;
#1758 = EDGE_CURVE ( 'NONE', #1933, #1502, #1705, .T. ) ;
#1759 = VECTOR ( 'NONE', #493, 39.37007874015748143 ) ;
#1760 = FACE_OUTER_BOUND ( 'NONE', #759, .T. ) ;
#1761 = CARTESIAN_POINT ( 'NONE',  ( -3.414809992080329023E-17, 0.0000000000000000000, 0.0000000000000000000 ) ) ;
#1762 = ORIENTED_EDGE ( 'NONE', *, *, #1784, .F. ) ;
#1763 =( LENGTH_UNIT ( ) NAMED_UNIT ( * ) SI_UNIT ( $, .METRE. ) );
#1764 = ORIENTED_EDGE ( 'NONE', *, *, #277, .F. ) ;
#1765 = AXIS2_PLACEMENT_3D ( 'NONE', #865, #889, #2079 ) ;
#1766 = FACE_BOUND ( 'NONE', #579, .T. ) ;
#1767 = ADVANCED_FACE ( 'NONE', ( #699 ), #155, .T. ) ;
#1768 = LINE ( 'NONE', #1423, #1561 ) ;
#1769 = DIRECTION ( 'NONE',  ( 0.0000000000000000000, 0.0000000000000000000, 1.000000000000000000 ) ) ;
#1770 = CARTESIAN_POINT ( 'NONE',  ( 0.09426646881030741054, -0.05000000000000000278, -0.01574999999999998623 ) ) ;
#1771 = FACE_OUTER_BOUND ( 'NONE', #1375, .T. ) ;
#1772 = CARTESIAN_POINT ( 'NONE',  ( -0.01203253118969264089, 0.0000000000000000000, -0.1842499999999996918 ) ) ;
#1773 = ORIENTED_EDGE ( 'NONE', *, *, #1887, .T. ) ;
#1774 = CARTESIAN_POINT ( 'NONE',  ( 0.03796746881030719362, -0.05000000000000000278, -0.1214499999999994612 ) ) ;
#1775 = ADVANCED_FACE ( 'NONE', ( #17 ), #842, .F. ) ;
#1776 = ORIENTED_EDGE ( 'NONE', *, *, #1191, .F. ) ;
#1777 = DIRECTION ( 'NONE',  ( 0.0000000000000000000, 0.0000000000000000000, 1.000000000000000000 ) ) ;
#1778 = VERTEX_POINT ( 'NONE', #858 ) ;
#1779 = VECTOR ( 'NONE', #1695, 39.37007874015748143 ) ;
#1780 = PLANE ( 'NONE',  #590 ) ;
#1781 = AXIS2_PLACEMENT_3D ( 'NONE', #1364, #1198, #1886 ) ;
#1782 = CARTESIAN_POINT ( 'NONE',  ( 0.01000000000000126135, 0.03599999999999819317, 0.0000000000000000000 ) ) ;
#1783 = AXIS2_PLACEMENT_3D ( 'NONE', #606, #768, #1461 ) ;
#1784 = EDGE_CURVE ( 'NONE', #1853, #431, #514, .T. ) ;
#1785 = CIRCLE ( 'NONE', #766, 0.01049999999999998851 ) ;
#1786 = ORIENTED_EDGE ( 'NONE', *, *, #1784, .T. ) ;
#1787 = DIRECTION ( 'NONE',  ( -1.000000000000000000, -0.0000000000000000000, -0.0000000000000000000 ) ) ;
#1788 = CARTESIAN_POINT ( 'NONE',  ( 0.0000000000000000000, 3.245314017740554309E-18, -0.02650000000000055783 ) ) ;
#1789 = ORIENTED_EDGE ( 'NONE', *, *, #1616, .F. ) ;
#1790 = EDGE_CURVE ( 'NONE', #1792, #1429, #1552, .T. ) ;
#1791 = PRODUCT_DEFINITION_CONTEXT ( 'detailed design', #1999, 'design' ) ;
#1792 = VERTEX_POINT ( 'NONE', #1397 ) ;
#1793 = LENGTH_MEASURE_WITH_UNIT ( LENGTH_MEASURE( 0.02539999999999999897 ), #1086 );
#1794 = CARTESIAN_POINT ( 'NONE',  ( 0.0000000000000000000, 0.0000000000000000000, 0.0000000000000000000 ) ) ;
#1795 = ORIENTED_EDGE ( 'NONE', *, *, #2181, .T. ) ;
#1796 = ORIENTED_EDGE ( 'NONE', *, *, #131, .F. ) ;
#1797 = CYLINDRICAL_SURFACE ( 'NONE', #3, 0.01049999999999998851 ) ;
#1798 = ORIENTED_EDGE ( 'NONE', *, *, #995, .F. ) ;
#1799 = CARTESIAN_POINT ( 'NONE',  ( 0.2759349376206133853, 0.0000000000000000000, 0.0000000000000000000 ) ) ;
#1800 = CARTESIAN_POINT ( 'NONE',  ( 0.1999990000000001211, -0.05000000000000000278, 0.0000000000000000000 ) ) ;
#1801 = AXIS2_PLACEMENT_3D ( 'NONE', #778, #1668, #2202 ) ;
#1802 = EDGE_LOOP ( 'NONE', ( #1898, #770, #767, #1537 ) ) ;
#1803 = CARTESIAN_POINT ( 'NONE',  ( 0.03796746881030719362, 3.673940397442064486E-19, -0.1499999999999999944 ) ) ;
#1804 = ORIENTED_EDGE ( 'NONE', *, *, #1864, .T. ) ;
#1805 = DIRECTION ( 'NONE',  ( 1.047444401652940007E-14, -1.000000000000000000, 0.0000000000000000000 ) ) ;
#1806 = CYLINDRICAL_SURFACE ( 'NONE', #1076, 0.02855000000000054022 ) ;
#1807 = ORIENTED_EDGE ( 'NONE', *, *, #1197, .F. ) ;
#1808 = ORIENTED_EDGE ( 'NONE', *, *, #1072, .F. ) ;
#1809 = DIRECTION ( 'NONE',  ( 0.0000000000000000000, 1.000000000000000000, 0.0000000000000000000 ) ) ;
#1810 = CARTESIAN_POINT ( 'NONE',  ( 0.09426646881030741054, 0.0000000000000000000, -0.01574999999999998623 ) ) ;
#1811 = EDGE_CURVE ( 'NONE', #253, #2087, #1541, .T. ) ;
#1812 = ORIENTED_EDGE ( 'NONE', *, *, #187, .T. ) ;
#1813 = LINE ( 'NONE', #1612, #1094 ) ;
#1814 = DIRECTION ( 'NONE',  ( 0.0000000000000000000, 0.0000000000000000000, 1.000000000000000000 ) ) ;
#1815 = ORIENTED_EDGE ( 'NONE', *, *, #902, .F. ) ;
#1816 = EDGE_CURVE ( 'NONE', #2006, #846, #1348, .T. ) ;
#1817 = ADVANCED_FACE ( 'NONE', ( #174 ), #1717, .F. ) ;
#1818 = FACE_OUTER_BOUND ( 'NONE', #895, .T. ) ;
#1819 = ORIENTED_EDGE ( 'NONE', *, *, #1358, .F. ) ;
#1820 = ORIENTED_EDGE ( 'NONE', *, *, #857, .F. ) ;
#1821 = PLANE ( 'NONE',  #2074 ) ;
#1822 = DIRECTION ( 'NONE',  ( -0.0000000000000000000, 1.000000000000000000, -0.0000000000000000000 ) ) ;
#1823 = ORIENTED_EDGE ( 'NONE', *, *, #1522, .F. ) ;
#1824 = CARTESIAN_POINT ( 'NONE',  ( 0.0000000000000000000, -0.05000000000000000278, 0.0000000000000000000 ) ) ;
#1825 = CIRCLE ( 'NONE', #725, 0.01450000000000062350 ) ;
#1826 = CONTEXT_DEPENDENT_SHAPE_REPRESENTATION ( #831, #1098 ) ;
#1827 = DIRECTION ( 'NONE',  ( -1.000000000000000000, -0.0000000000000000000, -0.0000000000000000000 ) ) ;
#1828 = PRODUCT_DEFINITION_SHAPE ( 'NONE', 'NONE',  #2249 ) ;
#1829 = CARTESIAN_POINT ( 'NONE',  ( 0.0000000000000000000, 1.775737858763738722E-18, -0.01450000000000062350 ) ) ;
#1830 = ORIENTED_EDGE ( 'NONE', *, *, #87, .T. ) ;
#1831 = EDGE_CURVE ( 'NONE', #756, #1931, #185, .T. ) ;
#1832 = ORIENTED_EDGE ( 'NONE', *, *, #962, .F. ) ;
#1833 = DIRECTION ( 'NONE',  ( -1.000000000000000000, -0.0000000000000000000, -0.0000000000000000000 ) ) ;
#1834 = DIRECTION ( 'NONE',  ( 0.0000000000000000000, 0.0000000000000000000, 1.000000000000000000 ) ) ;
#1835 = ORIENTED_EDGE ( 'NONE', *, *, #1377, .F. ) ;
#1836 = FACE_BOUND ( 'NONE', #1731, .T. ) ;
#1837 = EDGE_CURVE ( 'NONE', #135, #153, #1573, .T. ) ;
#1838 = CARTESIAN_POINT ( 'NONE',  ( 0.01000000000000071665, 0.0000000000000000000, 0.0000000000000000000 ) ) ;
#1839 = DIRECTION ( 'NONE',  ( 0.0000000000000000000, 0.0000000000000000000, 1.000000000000000000 ) ) ;
#1840 = UNCERTAINTY_MEASURE_WITH_UNIT (LENGTH_MEASURE( 1.000000000000000082E-05 ), #1122, 'distance_accuracy_value', 'NONE');
#1841 = EDGE_CURVE ( 'NONE', #772, #1003, #1388, .T. ) ;
#1842 = VECTOR ( 'NONE', #1507, 39.37007874015748143 ) ;
#1843 = ORIENTED_EDGE ( 'NONE', *, *, #534, .F. ) ;
#1844 = ORIENTED_EDGE ( 'NONE', *, *, #465, .F. ) ;
#1845 = LINE ( 'NONE', #1503, #547 ) ;
#1846 = CARTESIAN_POINT ( 'NONE',  ( 0.1649999999999989253, 9.184850993605151827E-19, -0.007500000000000002325 ) ) ;
#1847 = EDGE_CURVE ( 'NONE', #420, #1150, #688, .T. ) ;
#1848 = DIRECTION ( 'NONE',  ( -0.0000000000000000000, 1.000000000000000000, -0.0000000000000000000 ) ) ;
#1849 = VECTOR ( 'NONE', #1071, 39.37007874015748143 ) ;
#1850 = PRODUCT_CONTEXT ( 'NONE', #487, 'mechanical' ) ;
#1851 = LINE ( 'NONE', #252, #1334 ) ;
#1852 = FACE_OUTER_BOUND ( 'NONE', #703, .T. ) ;
#1853 = VERTEX_POINT ( 'NONE', #541 ) ;
#1854 = EDGE_CURVE ( 'NONE', #652, #1443, #509, .T. ) ;
#1855 = ORIENTED_EDGE ( 'NONE', *, *, #835, .T. ) ;
#1856 = LINE ( 'NONE', #820, #804 ) ;
#1857 = FACE_OUTER_BOUND ( 'NONE', #634, .T. ) ;
#1858 = PLANE ( 'NONE',  #1208 ) ;
#1859 = MECHANICAL_DESIGN_GEOMETRIC_PRESENTATION_REPRESENTATION (  '', ( #724 ), #177 ) ;
#1860 = CARTESIAN_POINT ( 'NONE',  ( -3.414809992080329023E-17, 0.0000000000000000000, 0.0000000000000000000 ) ) ;
#1861 = CARTESIAN_POINT ( 'NONE',  ( 0.03796746881030719362, 3.673940397442064486E-19, -0.04999999999999999584 ) ) ;
#1862 = AXIS2_PLACEMENT_3D ( 'NONE', #1060, #1754, #888 ) ;
#1863 = VECTOR ( 'NONE', #920, 39.37007874015748143 ) ;
#1864 = EDGE_CURVE ( 'NONE', #1892, #2234, #1563, .T. ) ;
#1865 = ORIENTED_EDGE ( 'NONE', *, *, #1584, .F. ) ;
#1866 = ORIENTED_EDGE ( 'NONE', *, *, #1293, .F. ) ;
#1867 = VECTOR ( 'NONE', #840, 39.37007874015748143 ) ;
#1868 = DIRECTION ( 'NONE',  ( -1.000000000000000000, 0.0000000000000000000, -1.237541726874530996E-16 ) ) ;
#1869 = LINE ( 'NONE', #2004, #2243 ) ;
#1870 = LINE ( 'NONE', #1667, #1456 ) ;
#1871 = CARTESIAN_POINT ( 'NONE',  ( 0.2759349376206133853, -0.05000000000000000278, 0.0000000000000000000 ) ) ;
#1872 = ORIENTED_EDGE ( 'NONE', *, *, #1160, .T. ) ;
#1873 = AXIS2_PLACEMENT_3D ( 'NONE', #761, #1319, #1169 ) ;
#1874 = ORIENTED_EDGE ( 'NONE', *, *, #1277, .T. ) ;
#1875 = CARTESIAN_POINT ( 'NONE',  ( 0.0000000000000000000, 0.0000000000000000000, 0.0000000000000000000 ) ) ;
#1876 = CARTESIAN_POINT ( 'NONE',  ( 0.01000000000000180606, 0.0000000000000000000, 0.03599999999999819317 ) ) ;
#1877 = DIRECTION ( 'NONE',  ( 1.000000000000000000, 0.0000000000000000000, 0.0000000000000000000 ) ) ;
#1878 = EDGE_CURVE ( 'NONE', #2213, #1650, #1825, .T. ) ;
#1879 = VECTOR ( 'NONE', #477, 39.37007874015748143 ) ;
#1880 = CYLINDRICAL_SURFACE ( 'NONE', #926, 0.02855000000000052982 ) ;
#1881 = EDGE_LOOP ( 'NONE', ( #1152, #1911, #2085, #452 ) ) ;
#1882 = EDGE_CURVE ( 'NONE', #1164, #1511, #513, .T. ) ;
#1883 = ORIENTED_EDGE ( 'NONE', *, *, #381, .F. ) ;
#1884 = DIRECTION ( 'NONE',  ( -1.000000000000000000, 0.0000000000000000000, -1.237541726874530996E-16 ) ) ;
#1885 = FACE_OUTER_BOUND ( 'NONE', #1548, .T. ) ;
#1886 = DIRECTION ( 'NONE',  ( 0.0000000000000000000, 0.0000000000000000000, 1.000000000000000000 ) ) ;
#1887 = EDGE_CURVE ( 'NONE', #443, #79, #515, .T. ) ;
#1888 = CARTESIAN_POINT ( 'NONE',  ( 0.0000000000000000000, 0.0000000000000000000, 0.0000000000000000000 ) ) ;
#1889 = DIMENSIONAL_EXPONENTS ( 1.000000000000000000, 0.0000000000000000000, 0.0000000000000000000, 0.0000000000000000000, 0.0000000000000000000, 0.0000000000000000000, 0.0000000000000000000 ) ;
#1890 = VECTOR ( 'NONE', #1868, 39.37007874015748143 ) ;
#1891 = EDGE_LOOP ( 'NONE', ( #2214, #1322, #57, #853 ) ) ;
#1892 = VERTEX_POINT ( 'NONE', #1736 ) ;
#1893 = SURFACE_SIDE_STYLE ('',( #322 ) ) ;
#1894 = PLANE ( 'NONE',  #1483 ) ;
#1895 = DIRECTION ( 'NONE',  ( 0.0000000000000000000, 1.000000000000000000, 0.0000000000000000000 ) ) ;
#1896 = DIRECTION ( 'NONE',  ( -0.0000000000000000000, 1.000000000000000000, -0.0000000000000000000 ) ) ;
#1897 = CARTESIAN_POINT ( 'NONE',  ( 0.08166846881030742633, 0.0000000000000000000, -0.1842499999999996085 ) ) ;
#1898 = ORIENTED_EDGE ( 'NONE', *, *, #1454, .T. ) ;
#1899 = CIRCLE ( 'NONE', #1509, 0.02855000000000054022 ) ;
#1900 = EDGE_CURVE ( 'NONE', #1666, #2135, #1209, .T. ) ;
#1901 = ORIENTED_EDGE ( 'NONE', *, *, #2108, .F. ) ;
#1902 =( NAMED_UNIT ( * ) SI_UNIT ( $, .STERADIAN. ) SOLID_ANGLE_UNIT ( ) );
#1903 = LINE ( 'NONE', #1538, #63 ) ;
#1904 = CARTESIAN_POINT ( 'NONE',  ( -0.01203253118969264089, -0.05000000000000000278, -0.1842499999999996918 ) ) ;
#1905 = FACE_OUTER_BOUND ( 'NONE', #668, .T. ) ;
#1906 = ADVANCED_FACE ( 'NONE', ( #1062 ), #1937, .T. ) ;
#1907 = CARTESIAN_POINT ( 'NONE',  ( 0.2379674688103072255, 3.673940397442064486E-19, -0.1499999999999999944 ) ) ;
#1908 = VECTOR ( 'NONE', #2047, 39.37007874015748854 ) ;
#1909 = ORIENTED_EDGE ( 'NONE', *, *, #2245, .F. ) ;
#1910 = VECTOR ( 'NONE', #349, 39.37007874015748854 ) ;
#1911 = ORIENTED_EDGE ( 'NONE', *, *, #717, .T. ) ;
#1912 = LINE ( 'NONE', #697, #868 ) ;
#1913 = DIRECTION ( 'NONE',  ( -0.0000000000000000000, 1.000000000000000000, -0.0000000000000000000 ) ) ;
#1914 = DIRECTION ( 'NONE',  ( 0.0000000000000000000, 0.0000000000000000000, 1.000000000000000000 ) ) ;
#1915 = PLANE ( 'NONE',  #94 ) ;
#1916 = DIRECTION ( 'NONE',  ( 0.0000000000000000000, 0.0000000000000000000, 1.000000000000000000 ) ) ;
#1917 = CARTESIAN_POINT ( 'NONE',  ( 0.1649999999999989253, 1.347111479062126953E-18, -0.007500000000000002325 ) ) ;
#1918 = ORIENTED_EDGE ( 'NONE', *, *, #1831, .T. ) ;
#1919 = DIMENSIONAL_EXPONENTS ( 1.000000000000000000, 0.0000000000000000000, 0.0000000000000000000, 0.0000000000000000000, 0.0000000000000000000, 0.0000000000000000000, 0.0000000000000000000 ) ;
#1920 = ORIENTED_EDGE ( 'NONE', *, *, #1949, .T. ) ;
#1921 = ADVANCED_FACE ( 'NONE', ( #1966 ), #2133, .T. ) ;
#1922 = PRESENTATION_LAYER_ASSIGNMENT (  '', '', ( #724 ) ) ;
#1923 = LINE ( 'NONE', #2238, #282 ) ;
#1924 = VECTOR ( 'NONE', #1698, 39.37007874015748143 ) ;
#1925 = VECTOR ( 'NONE', #190, 39.37007874015748854 ) ;
#1926 = DIRECTION ( 'NONE',  ( 1.000000000000000000, 0.0000000000000000000, -0.0000000000000000000 ) ) ;
#1927 = DIRECTION ( 'NONE',  ( 1.000000000000000000, 0.0000000000000000000, -0.0000000000000000000 ) ) ;
#1928 = AXIS2_PLACEMENT_3D ( 'NONE', #2091, #850, #9 ) ;
#1929 = DIRECTION ( 'NONE',  ( -0.0000000000000000000, 1.000000000000000000, -0.0000000000000000000 ) ) ;
#1930 = DIRECTION ( 'NONE',  ( -0.0000000000000000000, 1.000000000000000000, -0.0000000000000000000 ) ) ;
#1931 = VERTEX_POINT ( 'NONE', #598 ) ;
#1932 = CARTESIAN_POINT ( 'NONE',  ( 0.2759349376206161053, 0.0000000000000000000, -0.1999999999999995948 ) ) ;
#1933 = VERTEX_POINT ( 'NONE', #1105 ) ;
#1934 = AXIS2_PLACEMENT_3D ( 'NONE', #1304, #2149, #1769 ) ;
#1935 = DIRECTION ( 'NONE',  ( 0.0000000000000000000, 0.0000000000000000000, 1.000000000000000000 ) ) ;
#1936 = FACE_OUTER_BOUND ( 'NONE', #350, .T. ) ;
#1937 = CYLINDRICAL_SURFACE ( 'NONE', #1138, 0.03599999999999819317 ) ;
#1938 = DIRECTION ( 'NONE',  ( -1.000000000000000000, -0.0000000000000000000, -0.0000000000000000000 ) ) ;
#1939 = CONICAL_SURFACE ( 'NONE', #1725, 0.01049999999999998157, 1.029744258676653645 ) ;
#1940 = DIRECTION ( 'NONE',  ( 0.0000000000000000000, 0.0000000000000000000, 1.000000000000000000 ) ) ;
#1941 = ADVANCED_FACE ( 'NONE', ( #2109 ), #1797, .F. ) ;
#1942 = CARTESIAN_POINT ( 'NONE',  ( 0.0000000000000000000, -0.05000000000000000278, 0.0000000000000000000 ) ) ;
#1943 = CARTESIAN_POINT ( 'NONE',  ( 0.03500000000000071804, 0.0000000000000000000, 0.0000000000000000000 ) ) ;
#1944 = ORIENTED_EDGE ( 'NONE', *, *, #1040, .F. ) ;
#1945 = DIRECTION ( 'NONE',  ( -0.0000000000000000000, 1.000000000000000000, -0.0000000000000000000 ) ) ;
#1946 = ORIENTED_EDGE ( 'NONE', *, *, #504, .T. ) ;
#1947 = VECTOR ( 'NONE', #25, 39.37007874015748854 ) ;
#1948 = DIRECTION ( 'NONE',  ( -1.000000000000000000, -0.0000000000000000000, -0.0000000000000000000 ) ) ;
#1949 = EDGE_CURVE ( 'NONE', #2006, #95, #422, .T. ) ;
#1950 =( REPRESENTATION_RELATIONSHIP ('NONE','NONE', #833, #822 ) REPRESENTATION_RELATIONSHIP_WITH_TRANSFORMATION ( #237 )SHAPE_REPRESENTATION_RELATIONSHIP( ) );
#1951 = EDGE_CURVE ( 'NONE', #1003, #320, #1768, .T. ) ;
#1952 = CARTESIAN_POINT ( 'NONE',  ( 0.2879674688103072699, 0.0000000000000000000, -0.01574999999999959419 ) ) ;
#1953 = CARTESIAN_POINT ( 'NONE',  ( 0.06700000000000012890, 0.0000000000000000000, 0.02150000000000002950 ) ) ;
#1954 = VERTEX_POINT ( 'NONE', #901 ) ;
#1955 = DIRECTION ( 'NONE',  ( 0.0000000000000000000, 0.0000000000000000000, 1.000000000000000000 ) ) ;
#1956 = ADVANCED_FACE ( 'NONE', ( #81 ), #1780, .F. ) ;
#1957 = DIRECTION ( 'NONE',  ( -1.000000000000000000, -0.0000000000000000000, -0.0000000000000000000 ) ) ;
#1958 = ORIENTED_EDGE ( 'NONE', *, *, #762, .F. ) ;
#1959 = DIRECTION ( 'NONE',  ( 0.0000000000000000000, 0.0000000000000000000, 1.000000000000000000 ) ) ;
#1960 = VERTEX_POINT ( 'NONE', #773 ) ;
#1961 = DIRECTION ( 'NONE',  ( 1.000000000000000000, 0.0000000000000000000, 0.0000000000000000000 ) ) ;
#1962 = FACE_BOUND ( 'NONE', #1529, .T. ) ;
#1963 = ORIENTED_EDGE ( 'NONE', *, *, #984, .F. ) ;
#1964 = ORIENTED_EDGE ( 'NONE', *, *, #2025, .T. ) ;
#1965 = VECTOR ( 'NONE', #1979, 39.37007874015748143 ) ;
#1966 = FACE_OUTER_BOUND ( 'NONE', #605, .T. ) ;
#1967 = ORIENTED_EDGE ( 'NONE', *, *, #1393, .F. ) ;
#1968 = AXIS2_PLACEMENT_3D ( 'NONE', #250, #224, #438 ) ;
#1969 = AXIS2_PLACEMENT_3D ( 'NONE', #1222, #1008, #157 ) ;
#1970 = ORIENTED_EDGE ( 'NONE', *, *, #1213, .F. ) ;
#1971 = LINE ( 'NONE', #1132, #870 ) ;
#1972 = DIRECTION ( 'NONE',  ( 1.000000000000000000, 0.0000000000000000000, -0.0000000000000000000 ) ) ;
#1973 = EDGE_LOOP ( 'NONE', ( #1268, #1276 ) ) ;
#1974 = DIRECTION ( 'NONE',  ( 0.0000000000000000000, 0.0000000000000000000, 1.000000000000000000 ) ) ;
#1975 = ORIENTED_EDGE ( 'NONE', *, *, #584, .F. ) ;
#1976 = CARTESIAN_POINT ( 'NONE',  ( 0.2379674688103072255, 3.673940397442064486E-19, -0.1785500000000005416 ) ) ;
#1977 = EDGE_LOOP ( 'NONE', ( #1823, #1986, #1872, #458 ) ) ;
#1978 = VERTEX_POINT ( 'NONE', #1278 ) ;
#1979 = DIRECTION ( 'NONE',  ( -0.5150380749100549327, 0.0000000000000000000, 0.8571673007021117785 ) ) ;
#1980 = CARTESIAN_POINT ( 'NONE',  ( 0.2879674688103072699, -0.05000000000000000278, -0.01574999999999959419 ) ) ;
#1981 = CIRCLE ( 'NONE', #339, 0.02855000000000052982 ) ;
#1982 = ORIENTED_EDGE ( 'NONE', *, *, #1572, .T. ) ;
#1983 = DIRECTION ( 'NONE',  ( -0.0000000000000000000, 1.000000000000000000, -0.0000000000000000000 ) ) ;
#1984 = EDGE_CURVE ( 'NONE', #1622, #1792, #1435, .T. ) ;
#1985 = CARTESIAN_POINT ( 'NONE',  ( 0.03500000000000071804, 3.551475717527594541E-18, -0.02900000000000220804 ) ) ;
#1986 = ORIENTED_EDGE ( 'NONE', *, *, #793, .F. ) ;
#1987 = ORIENTED_EDGE ( 'NONE', *, *, #744, .T. ) ;
#1988 = DIRECTION ( 'NONE',  ( 0.0000000000000000000, 0.0000000000000000000, 1.000000000000000000 ) ) ;
#1989 = ORIENTED_EDGE ( 'NONE', *, *, #187, .F. ) ;
#1990 = ORIENTED_EDGE ( 'NONE', *, *, #220, .T. ) ;
#1991 = CARTESIAN_POINT ( 'NONE',  ( 0.01000000000000071665, 3.245314017740555080E-18, -0.02650000000000056130 ) ) ;
#1992 = CARTESIAN_POINT ( 'NONE',  ( 0.08166846881030742633, -0.05000000000000000278, -0.1842499999999996085 ) ) ;
#1993 = VERTEX_POINT ( 'NONE', #53 ) ;
#1994 = CARTESIAN_POINT ( 'NONE',  ( 0.1379674688103071922, 3.673940397442064486E-19, -0.07855000000000052218 ) ) ;
#1995 = EDGE_CURVE ( 'NONE', #36, #876, #566, .T. ) ;
#1996 = CYLINDRICAL_SURFACE ( 'NONE', #492, 0.02855000000000054022 ) ;
#1997 = VECTOR ( 'NONE', #125, 39.37007874015748143 ) ;
#1998 = CARTESIAN_POINT ( 'NONE',  ( 0.09426646881030741054, -0.05000000000000000278, -0.01574999999999998623 ) ) ;
#1999 = APPLICATION_CONTEXT ( 'automotive_design' ) ;
#2000 = VERTEX_POINT ( 'NONE', #1597 ) ;
#2001 = EDGE_CURVE ( 'NONE', #1978, #1933, #206, .T. ) ;
#2002 = EDGE_LOOP ( 'NONE', ( #212, #1796, #1752, #1287 ) ) ;
#2003 = PLANE ( 'NONE',  #949 ) ;
#2004 = CARTESIAN_POINT ( 'NONE',  ( 0.07593593762061463803, -0.05000000000000000278, -9.478001694819074349E-34 ) ) ;
#2005 = VECTOR ( 'NONE', #447, 39.37007874015748143 ) ;
#2006 = VERTEX_POINT ( 'NONE', #1623 ) ;
#2007 = DIRECTION ( 'NONE',  ( 0.0000000000000000000, 0.0000000000000000000, 1.000000000000000000 ) ) ;
#2008 = AXIS2_PLACEMENT_3D ( 'NONE', #1803, #1945, #388 ) ;
#2009 = EDGE_CURVE ( 'NONE', #1104, #2123, #1912, .T. ) ;
#2010 = VECTOR ( 'NONE', #1032, 39.37007874015748143 ) ;
#2011 = ITEM_DEFINED_TRANSFORMATION ( 'NONE', 'NONE', #1862,  #2190 ) ;
#2012 = LINE ( 'NONE', #947, #885 ) ;
#2013 = DIRECTION ( 'NONE',  ( 0.0000000000000000000, 0.0000000000000000000, -1.000000000000000000 ) ) ;
#2014 = ORIENTED_EDGE ( 'NONE', *, *, #1245, .T. ) ;
#2015 = ORIENTED_EDGE ( 'NONE', *, *, #671, .T. ) ;
#2016 = CARTESIAN_POINT ( 'NONE',  ( 0.04431135598927586627, 0.0000000000000000000, 0.02650000000000055783 ) ) ;
#2017 = PLANE ( 'NONE',  #749 ) ;
#2018 = DIRECTION ( 'NONE',  ( 0.0000000000000000000, 0.0000000000000000000, 1.000000000000000000 ) ) ;
#2019 = DIRECTION ( 'NONE',  ( -1.000000000000000000, -0.0000000000000000000, -0.0000000000000000000 ) ) ;
#2020 = EDGE_CURVE ( 'NONE', #126, #1441, #1118, .T. ) ;
#2021 = PLANE ( 'NONE',  #2218 ) ;
#2022 = AXIS2_PLACEMENT_3D ( 'NONE', #722, #1472, #454 ) ;
#2023 = ORIENTED_EDGE ( 'NONE', *, *, #1900, .F. ) ;
#2024 = ORIENTED_EDGE ( 'NONE', *, *, #1157, .T. ) ;
#2025 = EDGE_CURVE ( 'NONE', #1590, #1498, #1265, .T. ) ;
#2026 = LINE ( 'NONE', #1652, #1596 ) ;
#2027 = LINE ( 'NONE', #670, #1908 ) ;
#2028 = CARTESIAN_POINT ( 'NONE',  ( 0.1816684688103074319, 0.0000000000000000000, -0.1842499999999996085 ) ) ;
#2029 = AXIS2_PLACEMENT_3D ( 'NONE', #811, #1687, #645 ) ;
#2030 = ADVANCED_FACE ( 'NONE', ( #718 ), #366, .F. ) ;
#2031 = DIRECTION ( 'NONE',  ( 0.0000000000000000000, 0.0000000000000000000, 1.000000000000000000 ) ) ;
#2032 = CARTESIAN_POINT ( 'NONE',  ( 0.1649999999999989253, 0.0000000000000000000, 0.0000000000000000000 ) ) ;
#2033 = EDGE_CURVE ( 'NONE', #103, #1164, #1635, .T. ) ;
#2034 = ORIENTED_EDGE ( 'NONE', *, *, #2084, .F. ) ;
#2035 = ORIENTED_EDGE ( 'NONE', *, *, #683, .T. ) ;
#2036 = PLANE ( 'NONE',  #904 ) ;
#2037 = LINE ( 'NONE', #1186, #1867 ) ;
#2038 = CARTESIAN_POINT ( 'NONE',  ( -0.01203253118969264089, 0.0000000000000000000, -0.1842499999999996918 ) ) ;
#2039 = VECTOR ( 'NONE', #988, 39.37007874015748143 ) ;
#2040 = VECTOR ( 'NONE', #146, 39.37007874015748854 ) ;
#2041 = CARTESIAN_POINT ( 'NONE',  ( 0.1379674688103071922, 3.673940397442064486E-19, -0.1499999999999999944 ) ) ;
#2042 = CIRCLE ( 'NONE', #1054, 0.02650000000000055783 ) ;
#2043 = EDGE_LOOP ( 'NONE', ( #1046, #468 ) ) ;
#2044 = ORIENTED_EDGE ( 'NONE', *, *, #1206, .F. ) ;
#2045 = CONICAL_SURFACE ( 'NONE', #1569, 0.01450000000000062350, 1.047197551196412224 ) ;
#2046 = DIRECTION ( 'NONE',  ( -0.3420201433256720991, 0.0000000000000000000, 0.9396926207859070956 ) ) ;
#2047 = DIRECTION ( 'NONE',  ( 0.3420201433256664370, -0.0000000000000000000, 0.9396926207859092051 ) ) ;
#2048 = ADVANCED_FACE ( 'NONE', ( #392 ), #1074, .F. ) ;
#2049 = DIRECTION ( 'NONE',  ( -0.0000000000000000000, 1.000000000000000000, -0.0000000000000000000 ) ) ;
#2050 = EDGE_CURVE ( 'NONE', #2087, #1429, #41, .T. ) ;
#2051 = COLOUR_RGB ( '',0.4941176470588235503, 0.4941176470588235503, 0.4941176470588235503 ) ;
#2052 = EDGE_CURVE ( 'NONE', #650, #2213, #2207, .T. ) ;
#2053 = CARTESIAN_POINT ( 'NONE',  ( 0.0000000000000000000, 0.0000000000000000000, 0.0000000000000000000 ) ) ;
#2054 = ORIENTED_EDGE ( 'NONE', *, *, #1758, .T. ) ;
#2055 = AXIS2_PLACEMENT_3D ( 'NONE', #209, #905, #1414 ) ;
#2056 = VERTEX_POINT ( 'NONE', #1129 ) ;
#2057 = FILL_AREA_STYLE ('',( #1702 ) ) ;
#2058 = CARTESIAN_POINT ( 'NONE',  ( 0.2379674688103072255, -0.05000000000000000278, -0.1499999999999999944 ) ) ;
#2059 = CARTESIAN_POINT ( 'NONE',  ( 0.09426646881030741054, -0.05000000000000000278, -0.1842499999999996918 ) ) ;
#2060 = VECTOR ( 'NONE', #1124, 39.37007874015748143 ) ;
#2061 = DIRECTION ( 'NONE',  ( 0.0000000000000000000, 0.0000000000000000000, 1.000000000000000000 ) ) ;
#2062 = VERTEX_POINT ( 'NONE', #1991 ) ;
#2063 = ORIENTED_EDGE ( 'NONE', *, *, #318, .F. ) ;
#2064 = DIMENSIONAL_EXPONENTS ( 1.000000000000000000, 0.0000000000000000000, 0.0000000000000000000, 0.0000000000000000000, 0.0000000000000000000, 0.0000000000000000000, 0.0000000000000000000 ) ;
#2065 =( LENGTH_UNIT ( ) NAMED_UNIT ( * ) SI_UNIT ( $, .METRE. ) );
#2066 = CARTESIAN_POINT ( 'NONE',  ( 0.09999900000000011557, -0.05000000000000000278, 0.0000000000000000000 ) ) ;
#2067 = AXIS2_PLACEMENT_3D ( 'NONE', #976, #1515, #2013 ) ;
#2068 = EDGE_CURVE ( 'NONE', #898, #2116, #1332, .T. ) ;
#2069 =( REPRESENTATION_RELATIONSHIP ('NONE','NONE', #833, #822 ) REPRESENTATION_RELATIONSHIP_WITH_TRANSFORMATION ( #1628 )SHAPE_REPRESENTATION_RELATIONSHIP( ) );
#2070 = CARTESIAN_POINT ( 'NONE',  ( 0.0000000000000000000, -0.05000000000000000278, 0.0000000000000000000 ) ) ;
#2071 = DIRECTION ( 'NONE',  ( 0.0000000000000000000, 0.0000000000000000000, -1.000000000000000000 ) ) ;
#2072 = EDGE_CURVE ( 'NONE', #135, #2000, #469, .T. ) ;
#2073 = DIRECTION ( 'NONE',  ( 0.0000000000000000000, 0.0000000000000000000, 1.000000000000000000 ) ) ;
#2074 = AXIS2_PLACEMENT_3D ( 'NONE', #1154, #117, #623 ) ;
#2075 = AXIS2_PLACEMENT_3D ( 'NONE', #208, #1787, #919 ) ;
#2076 = ORIENTED_EDGE ( 'NONE', *, *, #1882, .T. ) ;
#2077 = VECTOR ( 'NONE', #1751, 39.37007874015748143 ) ;
#2078 = VERTEX_POINT ( 'NONE', #828 ) ;
#2079 = DIRECTION ( 'NONE',  ( 0.0000000000000000000, 0.0000000000000000000, 1.000000000000000000 ) ) ;
#2080 = EDGE_CURVE ( 'NONE', #529, #756, #690, .T. ) ;
#2081 = DIRECTION ( 'NONE',  ( 0.0000000000000000000, 0.0000000000000000000, 1.000000000000000000 ) ) ;
#2082 = LINE ( 'NONE', #356, #1357 ) ;
#2083 = DIRECTION ( 'NONE',  ( 0.0000000000000000000, 0.0000000000000000000, -1.000000000000000000 ) ) ;
#2084 = EDGE_CURVE ( 'NONE', #1993, #1081, #1856, .T. ) ;
#2085 = ORIENTED_EDGE ( 'NONE', *, *, #162, .T. ) ;
#2086 = CIRCLE ( 'NONE', #525, 0.02855000000000054022 ) ;
#2087 = VERTEX_POINT ( 'NONE', #797 ) ;
#2088 = DIRECTION ( 'NONE',  ( 0.0000000000000000000, 0.0000000000000000000, 1.000000000000000000 ) ) ;
#2089 = CYLINDRICAL_SURFACE ( 'NONE', #794, 0.02855000000000052982 ) ;
#2090 = CARTESIAN_POINT ( 'NONE',  ( 0.1816684688103074041, -0.05000000000000000278, -0.01574999999999998623 ) ) ;
#2091 = CARTESIAN_POINT ( 'NONE',  ( 0.0000000000000000000, 0.0000000000000000000, 0.0000000000000000000 ) ) ;
#2092 = DIRECTION ( 'NONE',  ( -0.0000000000000000000, 1.000000000000000000, -0.0000000000000000000 ) ) ;
#2093 = EDGE_CURVE ( 'NONE', #153, #1340, #958, .T. ) ;
#2094 = DIRECTION ( 'NONE',  ( -1.000000000000000000, -0.0000000000000000000, -0.0000000000000000000 ) ) ;
#2095 = VERTEX_POINT ( 'NONE', #1492 ) ;
#2096 = EDGE_LOOP ( 'NONE', ( #362, #1359, #1117, #2104 ) ) ;
#2097 =( NAMED_UNIT ( * ) SI_UNIT ( $, .STERADIAN. ) SOLID_ANGLE_UNIT ( ) );
#2098 = DIRECTION ( 'NONE',  ( -0.3420201433255876666, 0.0000000000000000000, -0.9396926207859379598 ) ) ;
#2099 = CARTESIAN_POINT ( 'NONE',  ( 0.2379674688103072255, 0.0000000000000000000, -0.04999999999999999584 ) ) ;
#2100 = PLANE ( 'NONE',  #370 ) ;
#2101 = DIRECTION ( 'NONE',  ( -0.0000000000000000000, 1.000000000000000000, -0.0000000000000000000 ) ) ;
#2102 = CARTESIAN_POINT ( 'NONE',  ( 0.03796746881030720056, -0.05000000000000000278, -0.1785500000000005416 ) ) ;
#2103 = EDGE_LOOP ( 'NONE', ( #1547, #1866 ) ) ;
#2104 = ORIENTED_EDGE ( 'NONE', *, *, #1377, .T. ) ;
#2105 = ORIENTED_EDGE ( 'NONE', *, *, #1073, .F. ) ;
#2106 = CARTESIAN_POINT ( 'NONE',  ( 0.1816684688103074041, 0.0000000000000000000, -0.01574999999999998623 ) ) ;
#2107 =( REPRESENTATION_RELATIONSHIP ('NONE','NONE', #833, #822 ) REPRESENTATION_RELATIONSHIP_WITH_TRANSFORMATION ( #2011 )SHAPE_REPRESENTATION_RELATIONSHIP( ) );
#2108 = EDGE_CURVE ( 'NONE', #2234, #898, #2026, .T. ) ;
#2109 = FACE_OUTER_BOUND ( 'NONE', #1029, .T. ) ;
#2110 = DIRECTION ( 'NONE',  ( 0.0000000000000000000, 0.0000000000000000000, 1.000000000000000000 ) ) ;
#2111 = PLANE ( 'NONE',  #219 ) ;
#2112 = LINE ( 'NONE', #1942, #378 ) ;
#2113 = ADVANCED_FACE ( 'NONE', ( #433 ), #2036, .T. ) ;
#2114 = LINE ( 'NONE', #1800, #299 ) ;
#2115 = ORIENTED_EDGE ( 'NONE', *, *, #2025, .F. ) ;
#2116 = VERTEX_POINT ( 'NONE', #1663 ) ;
#2117 = ORIENTED_EDGE ( 'NONE', *, *, #1545, .F. ) ;
#2118 = DIRECTION ( 'NONE',  ( 0.0000000000000000000, 0.0000000000000000000, 1.000000000000000000 ) ) ;
#2119 = EDGE_CURVE ( 'NONE', #1140, #2141, #2188, .T. ) ;
#2120 = CARTESIAN_POINT ( 'NONE',  ( -0.01203253118969264436, -0.05000000000000000278, -0.01574999999999999664 ) ) ;
#2121 = DIRECTION ( 'NONE',  ( -1.000000000000000000, -0.0000000000000000000, -0.0000000000000000000 ) ) ;
#2122 = AXIS2_PLACEMENT_3D ( 'NONE', #2053, #150, #1728 ) ;
#2123 = VERTEX_POINT ( 'NONE', #635 ) ;
#2124 = CARTESIAN_POINT ( 'NONE',  ( 0.08300000000000018474, 1.775737858763738722E-18, -0.01450000000000062350 ) ) ;
#2125 = CARTESIAN_POINT ( 'NONE',  ( 0.09426646881030741054, 0.0000000000000000000, -0.1842499999999996918 ) ) ;
#2126 = ORIENTED_EDGE ( 'NONE', *, *, #2009, .T. ) ;
#2127 =( CONVERSION_BASED_UNIT ( 'INCH', #1430 ) LENGTH_UNIT ( ) NAMED_UNIT ( #1889 ) );
#2128 = EDGE_CURVE ( 'NONE', #1057, #1305, #293, .T. ) ;
#2129 = ORIENTED_EDGE ( 'NONE', *, *, #823, .T. ) ;
#2130 = VECTOR ( 'NONE', #64, 39.37007874015748143 ) ;
#2131 = FACE_BOUND ( 'NONE', #738, .T. ) ;
#2132 = EDGE_LOOP ( 'NONE', ( #1313, #1694, #614, #2144 ) ) ;
#2133 = PLANE ( 'NONE',  #149 ) ;
#2134 = PRESENTATION_STYLE_ASSIGNMENT (( #942 ) ) ;
#2135 = VERTEX_POINT ( 'NONE', #1303 ) ;
#2136 = DIRECTION ( 'NONE',  ( -0.0000000000000000000, 1.000000000000000000, -0.0000000000000000000 ) ) ;
#2137 = APPLICATION_PROTOCOL_DEFINITION ( 'draft international standard', 'automotive_design', 1998, #613 ) ;
#2138 = FACE_OUTER_BOUND ( 'NONE', #1194, .T. ) ;
#2139 = VERTEX_POINT ( 'NONE', #1673 ) ;
#2140 = CARTESIAN_POINT ( 'NONE',  ( 0.1379674688103071922, -0.05000000000000000278, -0.07855000000000052218 ) ) ;
#2141 = VERTEX_POINT ( 'NONE', #2016 ) ;
#2142 =( LENGTH_UNIT ( ) NAMED_UNIT ( * ) SI_UNIT ( $, .METRE. ) );
#2143 = DIRECTION ( 'NONE',  ( 0.0000000000000000000, 0.0000000000000000000, 1.000000000000000000 ) ) ;
#2144 = ORIENTED_EDGE ( 'NONE', *, *, #143, .F. ) ;
#2145 = CIRCLE ( 'NONE', #2008, 0.02855000000000054022 ) ;
#2146 = ORIENTED_EDGE ( 'NONE', *, *, #1837, .T. ) ;
#2147 = CARTESIAN_POINT ( 'NONE',  ( 0.0000000000000000000, 0.0000000000000000000, 0.02150000000000002950 ) ) ;
#2148 = VECTOR ( 'NONE', #1158, 39.37007874015748143 ) ;
#2149 = DIRECTION ( 'NONE',  ( -0.0000000000000000000, 1.000000000000000000, -0.0000000000000000000 ) ) ;
#2150 = VECTOR ( 'NONE', #1407, 39.37007874015748143 ) ;
#2151 = ORIENTED_EDGE ( 'NONE', *, *, #1790, .F. ) ;
#2152 = DIRECTION ( 'NONE',  ( 0.9396926207859104263, 0.0000000000000000000, 0.3420201433256633838 ) ) ;
#2153 = VECTOR ( 'NONE', #1343, 39.37007874015748854 ) ;
#2154 = FACE_OUTER_BOUND ( 'NONE', #1323, .T. ) ;
#2155 = ORIENTED_EDGE ( 'NONE', *, *, #1665, .F. ) ;
#2156 = ORIENTED_EDGE ( 'NONE', *, *, #381, .T. ) ;
#2157 = CARTESIAN_POINT ( 'NONE',  ( 0.5184160289261959820, 2.129741810843843286, 2.022227730851123173 ) ) ;
#2158 = CARTESIAN_POINT ( 'NONE',  ( 0.1379674688103071922, 0.0000000000000000000, -0.1499999999999999944 ) ) ;
#2159 = ORIENTED_EDGE ( 'NONE', *, *, #417, .T. ) ;
#2160 = AXIS2_PLACEMENT_3D ( 'NONE', #681, #1398, #2110 ) ;
#2161 = ORIENTED_EDGE ( 'NONE', *, *, #1298, .F. ) ;
#2162 = CARTESIAN_POINT ( 'NONE',  ( 0.1942664688103074300, -0.05000000000000000278, -0.01574999999999998623 ) ) ;
#2163 = LINE ( 'NONE', #1992, #881 ) ;
#2164 = EDGE_CURVE ( 'NONE', #2196, #973, #1709, .T. ) ;
#2165 = VERTEX_POINT ( 'NONE', #304 ) ;
#2166 = DIRECTION ( 'NONE',  ( -0.3420201433256693790, 0.0000000000000000000, -0.9396926207859082059 ) ) ;
#2167 = VECTOR ( 'NONE', #198, 39.37007874015748143 ) ;
#2168 = FACE_OUTER_BOUND ( 'NONE', #1693, .T. ) ;
#2169 = CARTESIAN_POINT ( 'NONE',  ( 0.2379674688103072255, 3.673940397442064486E-19, -0.04999999999999999584 ) ) ;
#2170 = EDGE_CURVE ( 'NONE', #772, #253, #459, .T. ) ;
#2171 = FACE_OUTER_BOUND ( 'NONE', #437, .T. ) ;
#2172 = ORIENTED_EDGE ( 'NONE', *, *, #1900, .T. ) ;
#2173 = PRODUCT_DEFINITION_SHAPE ( 'NONE', 'NONE',  #2247 ) ;
#2174 = AXIS2_PLACEMENT_3D ( 'NONE', #2058, #497, #808 ) ;
#2175 = ORIENTED_EDGE ( 'NONE', *, *, #2084, .T. ) ;
#2176 = DIRECTION ( 'NONE',  ( -1.000000000000000000, -0.0000000000000000000, -0.0000000000000000000 ) ) ;
#2177 = DIRECTION ( 'NONE',  ( 0.0000000000000000000, 0.0000000000000000000, 1.000000000000000000 ) ) ;
#2178 = ADVANCED_FACE ( 'NONE', ( #1519 ), #1821, .F. ) ;
#2179 = ORIENTED_EDGE ( 'NONE', *, *, #1688, .F. ) ;
#2180 = CARTESIAN_POINT ( 'NONE',  ( -0.005732531189692642581, -0.05000000000000000278, -0.01574999999999999664 ) ) ;
#2181 = EDGE_CURVE ( 'NONE', #2087, #2056, #1845, .T. ) ;
#2182 = CARTESIAN_POINT ( 'NONE',  ( 0.0000000000000000000, 0.0000000000000000000, 0.0000000000000000000 ) ) ;
#2183 = LINE ( 'NONE', #780, #2039 ) ;
#2184 = UNCERTAINTY_MEASURE_WITH_UNIT (LENGTH_MEASURE( 1.000000000000000082E-05 ), #839, 'distance_accuracy_value', 'NONE');
#2185 = ORIENTED_EDGE ( 'NONE', *, *, #485, .T. ) ;
#2186 =( LENGTH_UNIT ( ) NAMED_UNIT ( * ) SI_UNIT ( $, .METRE. ) );
#2187 = ORIENTED_EDGE ( 'NONE', *, *, #10, .T. ) ;
#2188 = LINE ( 'NONE', #981, #1052 ) ;
#2189 = CARTESIAN_POINT ( 'NONE',  ( 0.0000000000000000000, 0.0000000000000000000, 0.0000000000000000000 ) ) ;
#2190 = AXIS2_PLACEMENT_3D ( 'NONE', #1875, #2088, #335 ) ;
#2191 = FACE_OUTER_BOUND ( 'NONE', #591, .T. ) ;
#2192 = VECTOR ( 'NONE', #1470, 39.37007874015748143 ) ;
#2193 = CARTESIAN_POINT ( 'NONE',  ( 0.2379674688103072255, 0.0000000000000000000, -0.1499999999999999944 ) ) ;
#2194 = LINE ( 'NONE', #279, #1704 ) ;
#2195 = VERTEX_POINT ( 'NONE', #784 ) ;
#2196 = VERTEX_POINT ( 'NONE', #284 ) ;
#2197 = CARTESIAN_POINT ( 'NONE',  ( 0.1759359376206146575, -0.05000000000000000278, -9.478001694819074349E-34 ) ) ;
#2198 = CARTESIAN_POINT ( 'NONE',  ( 0.1649999999999994804, 0.007500000000000002325, 0.0000000000000000000 ) ) ;
#2199 = ADVANCED_FACE ( 'NONE', ( #1479 ), #2003, .F. ) ;
#2200 = CARTESIAN_POINT ( 'NONE',  ( 0.0000000000000000000, 0.0000000000000000000, 0.0000000000000000000 ) ) ;
#2201 = AXIS2_PLACEMENT_3D ( 'NONE', #176, #1384, #1916 ) ;
#2202 = DIRECTION ( 'NONE',  ( 0.0000000000000000000, 0.0000000000000000000, 1.000000000000000000 ) ) ;
#2203 = LINE ( 'NONE', #301, #28 ) ;
#2204 = CONICAL_SURFACE ( 'NONE', #1801, 0.01450000000000062350, 1.047197551196412224 ) ;
#2205 = ORIENTED_EDGE ( 'NONE', *, *, #375, .F. ) ;
#2206 = ORIENTED_EDGE ( 'NONE', *, *, #639, .T. ) ;
#2207 = LINE ( 'NONE', #996, #721 ) ;
#2208 = CARTESIAN_POINT ( 'NONE',  ( 0.2379674688103072255, 0.0000000000000000000, -0.1785500000000005416 ) ) ;
#2209 = DIRECTION ( 'NONE',  ( 1.000000000000000000, 0.0000000000000000000, 0.0000000000000000000 ) ) ;
#2210 = VECTOR ( 'NONE', #577, 39.37007874015748143 ) ;
#2211 = LINE ( 'NONE', #1998, #714 ) ;
#2212 = SHAPE_REPRESENTATION ( 'P4XX-21-012-00-000000_P406-21-012-00-000000', ( #2190 ), #328 ) ;
#2213 = VERTEX_POINT ( 'NONE', #906 ) ;
#2214 = ORIENTED_EDGE ( 'NONE', *, *, #441, .F. ) ;
#2215 = DIRECTION ( 'NONE',  ( -0.0000000000000000000, 1.000000000000000000, -0.0000000000000000000 ) ) ;
#2216 = DIRECTION ( 'NONE',  ( -0.0000000000000000000, 0.0000000000000000000, 1.000000000000000000 ) ) ;
#2217 = CARTESIAN_POINT ( 'NONE',  ( 0.1816684688103074319, -0.05000000000000000278, -0.1842499999999996085 ) ) ;
#2218 = AXIS2_PLACEMENT_3D ( 'NONE', #617, #1497, #1681 ) ;
#2219 = AXIS2_PLACEMENT_3D ( 'NONE', #144, #2237, #1226 ) ;
#2220 = AXIS2_PLACEMENT_3D ( 'NONE', #2240, #1042, #680 ) ;
#2221 = DIRECTION ( 'NONE',  ( 0.0000000000000000000, 0.0000000000000000000, 1.000000000000000000 ) ) ;
#2222 = VECTOR ( 'NONE', #1627, 39.37007874015748143 ) ;
#2223 = UNCERTAINTY_MEASURE_WITH_UNIT (LENGTH_MEASURE( 1.000000000000000082E-05 ), #705, 'distance_accuracy_value', 'NONE');
#2224 = EDGE_LOOP ( 'NONE', ( #586, #550, #1855, #2185 ) ) ;
#2225 = ORIENTED_EDGE ( 'NONE', *, *, #2164, .F. ) ;
#2226 = AXIS2_PLACEMENT_3D ( 'NONE', #1782, #54, #83 ) ;
#2227 = FACE_OUTER_BOUND ( 'NONE', #1481, .T. ) ;
#2228 = CARTESIAN_POINT ( 'NONE',  ( 0.08300000000000018474, 0.0000000000000000000, 0.0000000000000000000 ) ) ;
#2229 = ADVANCED_FACE ( 'NONE', ( #1038 ), #1369, .F. ) ;
#2230 = MECHANICAL_DESIGN_GEOMETRIC_PRESENTATION_REPRESENTATION (  '', ( #1001 ), #1294 ) ;
#2231 = EDGE_CURVE ( 'NONE', #321, #2195, #1640, .T. ) ;
#2232 = DIRECTION ( 'NONE',  ( -1.000000000000000000, -0.0000000000000000000, -0.0000000000000000000 ) ) ;
#2233 = EDGE_CURVE ( 'NONE', #1441, #1394, #864, .T. ) ;
#2234 = VERTEX_POINT ( 'NONE', #352 ) ;
#2235 = CIRCLE ( 'NONE', #1873, 0.01450000000000062350 ) ;
#2236 = ORIENTED_EDGE ( 'NONE', *, *, #1854, .T. ) ;
#2237 = DIRECTION ( 'NONE',  ( -0.0000000000000000000, 1.000000000000000000, -0.0000000000000000000 ) ) ;
#2238 = CARTESIAN_POINT ( 'NONE',  ( 0.2879674688103072699, -0.05000000000000000278, -0.1842499999999991644 ) ) ;
#2239 = EDGE_CURVE ( 'NONE', #1312, #1619, #507, .T. ) ;
#2240 = CARTESIAN_POINT ( 'NONE',  ( 0.03796746881030719362, 0.0000000000000000000, -0.04999999999999999584 ) ) ;
#2241 = CARTESIAN_POINT ( 'NONE',  ( -0.01203253118969264089, -0.05000000000000000278, -0.1842499999999996918 ) ) ;
#2242 = DIMENSIONAL_EXPONENTS ( 1.000000000000000000, 0.0000000000000000000, 0.0000000000000000000, 0.0000000000000000000, 0.0000000000000000000, 0.0000000000000000000, 0.0000000000000000000 ) ;
#2243 = VECTOR ( 'NONE', #662, 39.37007874015748143 ) ;
#2244 = CARTESIAN_POINT ( 'NONE',  ( 0.2816674688103074087, 0.0000000000000000000, -0.1842499999999991922 ) ) ;
#2245 = EDGE_CURVE ( 'NONE', #1778, #2062, #991, .T. ) ;
#2246 = NEXT_ASSEMBLY_USAGE_OCCURRENCE ( 'NAUO1', ' ', ' ', #1729, #1267, $ ) ;
#2247 = NEXT_ASSEMBLY_USAGE_OCCURRENCE ( 'NAUO2', ' ', ' ', #1729, #1211, $ ) ;
#2248 = NEXT_ASSEMBLY_USAGE_OCCURRENCE ( 'NAUO3', ' ', ' ', #1729, #1211, $ ) ;
#2249 = NEXT_ASSEMBLY_USAGE_OCCURRENCE ( 'NAUO4', ' ', ' ', #1729, #1211, $ ) ;
#2250 = NEXT_ASSEMBLY_USAGE_OCCURRENCE ( 'NAUO5', ' ', ' ', #1729, #1211, $ ) ;
#2251 = NEXT_ASSEMBLY_USAGE_OCCURRENCE ( 'NAUO6', ' ', ' ', #1729, #1211, $ ) ;
#2252 = NEXT_ASSEMBLY_USAGE_OCCURRENCE ( 'NAUO7', ' ', ' ', #1729, #1211, $ ) ;
ENDSEC;
END-ISO-10303-21;
