ISO-10303-21;
HEADER;
FILE_DESCRIPTION (( 'STEP AP214' ),
    '1' );
FILE_NAME ('mill-max-415-13-220-41-004000.STEP',
    '2024-05-17T13:07:26',
    ( '' ),
    ( '' ),
    'SwSTEP 2.0',
    'SolidWorks 2022',
    '' );
FILE_SCHEMA (( 'AUTOMOTIVE_DESIGN' ));
ENDSEC;

DATA;
#1 = EDGE_CURVE ( 'NONE', #2644, #1231, #4330, .T. ) ;
#2 = CARTESIAN_POINT ( 'NONE',  ( 0.0000000000000000000, 2.632990618166813195E-18, -0.02150000000000002950 ) ) ;
#3 = LINE ( 'NONE', #437, #2552 ) ;
#4 = CARTESIAN_POINT ( 'NONE',  ( 0.0000000000000000000, 0.0000000000000000000, 0.0000000000000000000 ) ) ;
#5 = ORIENTED_EDGE ( 'NONE', *, *, #3256, .T. ) ;
#6 = LINE ( 'NONE', #1265, #543 ) ;
#7 = EDGE_CURVE ( 'NONE', #4830, #5153, #2403, .T. ) ;
#8 = VECTOR ( 'NONE', #1212, 39.37007874015748143 ) ;
#9 = ORIENTED_EDGE ( 'NONE', *, *, #2314, .T. ) ;
#10 = ORIENTED_EDGE ( 'NONE', *, *, #595, .T. ) ;
#11 = VECTOR ( 'NONE', #4017, 39.37007874015748143 ) ;
#12 = FACE_OUTER_BOUND ( 'NONE', #253, .T. ) ;
#13 = DIRECTION ( 'NONE',  ( -6.998027963638287744E-17, 0.0000000000000000000, -1.000000000000000000 ) ) ;
#14 = EDGE_CURVE ( 'NONE', #569, #565, #2827, .T. ) ;
#15 = VECTOR ( 'NONE', #4492, 39.37007874015748143 ) ;
#16 = ORIENTED_EDGE ( 'NONE', *, *, #2053, .F. ) ;
#17 = CARTESIAN_POINT ( 'NONE',  ( 0.9759349376206162274, -0.05000000000000000278, -0.1999999999999997058 ) ) ;
#18 = ORIENTED_EDGE ( 'NONE', *, *, #5097, .F. ) ;
#19 = DIRECTION ( 'NONE',  ( -0.0000000000000000000, 1.000000000000000000, -0.0000000000000000000 ) ) ;
#20 = CIRCLE ( 'NONE', #453, 0.02855000000000054022 ) ;
#21 = LINE ( 'NONE', #3693, #291 ) ;
#22 = AXIS2_PLACEMENT_3D ( 'NONE', #3303, #1288, #964 ) ;
#23 = ORIENTED_EDGE ( 'NONE', *, *, #337, .F. ) ;
#24 = DIRECTION ( 'NONE',  ( 1.000000000000000000, 0.0000000000000000000, -5.421193827719211569E-15 ) ) ;
#25 = EDGE_LOOP ( 'NONE', ( #1114, #3396 ) ) ;
#26 = ORIENTED_EDGE ( 'NONE', *, *, #697, .T. ) ;
#27 = VECTOR ( 'NONE', #5077, 39.37007874015748143 ) ;
#28 = VECTOR ( 'NONE', #2972, 39.37007874015748143 ) ;
#29 = VECTOR ( 'NONE', #4236, 39.37007874015748143 ) ;
#30 = VECTOR ( 'NONE', #4316, 39.37007874015748854 ) ;
#31 = CARTESIAN_POINT ( 'NONE',  ( 0.4759359376206147019, 0.0000000000000000000, -9.478001694819074349E-34 ) ) ;
#32 = DIRECTION ( 'NONE',  ( -1.000000000000000000, -0.0000000000000000000, -0.0000000000000000000 ) ) ;
#33 = CONTEXT_DEPENDENT_SHAPE_REPRESENTATION ( #4264, #1428 ) ;
#34 = LINE ( 'NONE', #5222, #1643 ) ;
#35 = ORIENTED_EDGE ( 'NONE', *, *, #4745, .F. ) ;
#36 = CARTESIAN_POINT ( 'NONE',  ( 0.4759359376206147019, -0.05000000000000000278, -0.1999999999999999833 ) ) ;
#37 = AXIS2_PLACEMENT_3D ( 'NONE', #1949, #675, #4280 ) ;
#38 = EDGE_CURVE ( 'NONE', #4063, #459, #4396, .T. ) ;
#39 = VECTOR ( 'NONE', #741, 39.37007874015748854 ) ;
#40 = EDGE_CURVE ( 'NONE', #4308, #709, #3283, .T. ) ;
#42 = EDGE_CURVE ( 'NONE', #2277, #3911, #4417, .T. ) ;
#41 = CARTESIAN_POINT ( 'NONE',  ( 0.2942664688103074355, -0.05000000000000000278, -0.1842499999999996918 ) ) ;
#43 = VECTOR ( 'NONE', #24, 39.37007874015748143 ) ;
#44 = ORIENTED_EDGE ( 'NONE', *, *, #3683, .F. ) ;
#45 = AXIS2_PLACEMENT_3D ( 'NONE', #540, #3507, #1465 ) ;
#46 = PLANE ( 'NONE',  #2227 ) ;
#47 = EDGE_LOOP ( 'NONE', ( #3982, #3111, #943, #3275 ) ) ;
#48 = LINE ( 'NONE', #4178, #1907 ) ;
#49 = CIRCLE ( 'NONE', #5136, 0.02855000000000052982 ) ;
#51 = EDGE_CURVE ( 'NONE', #2845, #4117, #1266, .T. ) ;
#50 = ORIENTED_EDGE ( 'NONE', *, *, #3129, .F. ) ;
#52 = LINE ( 'NONE', #3291, #1971 ) ;
#53 = CARTESIAN_POINT ( 'NONE',  ( 0.4759359376206147019, -0.05000000000000000278, -9.478001694819074349E-34 ) ) ;
#54 = DIRECTION ( 'NONE',  ( -6.998027963638287744E-17, 0.0000000000000000000, -1.000000000000000000 ) ) ;
#55 = ORIENTED_EDGE ( 'NONE', *, *, #2355, .T. ) ;
#56 = CARTESIAN_POINT ( 'NONE',  ( 0.3379674688103072033, -0.05000000000000000278, -0.07855000000000052218 ) ) ;
#57 = ORIENTED_EDGE ( 'NONE', *, *, #5216, .T. ) ;
#58 = ORIENTED_EDGE ( 'NONE', *, *, #4524, .T. ) ;
#59 =( GEOMETRIC_REPRESENTATION_CONTEXT ( 3 ) GLOBAL_UNCERTAINTY_ASSIGNED_CONTEXT ( ( #3908 ) ) GLOBAL_UNIT_ASSIGNED_CONTEXT ( ( #3763, #2492, #3340 ) ) REPRESENTATION_CONTEXT ( 'NONE', 'WORKASPACE' ) );
#60 = PLANE ( 'NONE',  #634 ) ;
#61 = CARTESIAN_POINT ( 'NONE',  ( 0.2816684688103074374, -0.05000000000000000278, -0.1842499999999996085 ) ) ;
#62 = CARTESIAN_POINT ( 'NONE',  ( 1.218416028926196049, 2.129741810843843286, 2.022227730851119620 ) ) ;
#63 = CARTESIAN_POINT ( 'NONE',  ( 0.08166846881030742633, -0.05000000000000000278, -0.1842499999999996085 ) ) ;
#64 = ORIENTED_EDGE ( 'NONE', *, *, #621, .F. ) ;
#65 = CARTESIAN_POINT ( 'NONE',  ( 0.7942664688103074910, -0.05000000000000000278, -0.1842499999999996918 ) ) ;
#66 = EDGE_LOOP ( 'NONE', ( #2863, #4119, #200, #1084 ) ) ;
#67 = ADVANCED_FACE ( 'NONE', ( #364 ), #2879, .T. ) ;
#68 = CARTESIAN_POINT ( 'NONE',  ( 0.09426646881030741054, 0.0000000000000000000, -0.1842499999999996918 ) ) ;
#69 = ORIENTED_EDGE ( 'NONE', *, *, #1277, .T. ) ;
#70 = CARTESIAN_POINT ( 'NONE',  ( 0.1489999999999999658, 0.0000000000000000000, 0.0000000000000000000 ) ) ;
#71 = ORIENTED_EDGE ( 'NONE', *, *, #767, .T. ) ;
#72 = ADVANCED_FACE ( 'NONE', ( #789 ), #1956, .F. ) ;
#73 = FACE_BOUND ( 'NONE', #329, .T. ) ;
#74 = CARTESIAN_POINT ( 'NONE',  ( 0.0000000000000000000, -0.05000000000000000278, 0.0000000000000000000 ) ) ;
#75 = FACE_OUTER_BOUND ( 'NONE', #2207, .T. ) ;
#76 = EDGE_CURVE ( 'NONE', #2828, #3467, #4801, .T. ) ;
#77 = ORIENTED_EDGE ( 'NONE', *, *, #276, .T. ) ;
#78 = FACE_OUTER_BOUND ( 'NONE', #841, .T. ) ;
#79 = ORIENTED_EDGE ( 'NONE', *, *, #5201, .F. ) ;
#80 = LINE ( 'NONE', #1730, #1046 ) ;
#81 = VERTEX_POINT ( 'NONE', #1563 ) ;
#82 = DIRECTION ( 'NONE',  ( 0.0000000000000000000, 0.0000000000000000000, 1.000000000000000000 ) ) ;
#83 = CARTESIAN_POINT ( 'NONE',  ( 0.09999900000000011557, -0.05000000000000000278, -0.1999999999999999833 ) ) ;
#84 = CONTEXT_DEPENDENT_SHAPE_REPRESENTATION ( #4918, #247 ) ;
#85 = DIRECTION ( 'NONE',  ( -0.0000000000000000000, 1.000000000000000000, -0.0000000000000000000 ) ) ;
#86 = VERTEX_POINT ( 'NONE', #4449 ) ;
#87 = DIRECTION ( 'NONE',  ( -0.0000000000000000000, 1.000000000000000000, -0.0000000000000000000 ) ) ;
#88 = ORIENTED_EDGE ( 'NONE', *, *, #4201, .F. ) ;
#89 = DIRECTION ( 'NONE',  ( -0.0000000000000000000, 1.000000000000000000, -0.0000000000000000000 ) ) ;
#90 = VERTEX_POINT ( 'NONE', #4024 ) ;
#91 = CARTESIAN_POINT ( 'NONE',  ( 0.2379674688103072255, 3.673940397442064486E-19, -0.02144999999999946602 ) ) ;
#92 = VECTOR ( 'NONE', #1590, 39.37007874015748143 ) ;
#93 =( REPRESENTATION_RELATIONSHIP ('NONE','NONE', #813, #979 ) REPRESENTATION_RELATIONSHIP_WITH_TRANSFORMATION ( #2609 )SHAPE_REPRESENTATION_RELATIONSHIP( ) );
#94 = VECTOR ( 'NONE', #4530, 39.37007874015748143 ) ;
#95 = ORIENTED_EDGE ( 'NONE', *, *, #1044, .T. ) ;
#96 = DIRECTION ( 'NONE',  ( -0.3420201433255870005, -0.0000000000000000000, -0.9396926207859380709 ) ) ;
#97 = CARTESIAN_POINT ( 'NONE',  ( 0.0000000000000000000, 0.0000000000000000000, 0.0000000000000000000 ) ) ;
#98 = DIRECTION ( 'NONE',  ( -0.0000000000000000000, 1.000000000000000000, -0.0000000000000000000 ) ) ;
#99 = DIRECTION ( 'NONE',  ( 0.0000000000000000000, 0.0000000000000000000, 1.000000000000000000 ) ) ;
#100 = AXIS2_PLACEMENT_3D ( 'NONE', #3131, #4378, #4002 ) ;
#101 = EDGE_CURVE ( 'NONE', #589, #1703, #2049, .T. ) ;
#102 = ADVANCED_FACE ( 'NONE', ( #4824 ), #3177, .T. ) ;
#103 = ORIENTED_EDGE ( 'NONE', *, *, #4923, .F. ) ;
#104 = VECTOR ( 'NONE', #1190, 39.37007874015748854 ) ;
#105 = LINE ( 'NONE', #4116, #4450 ) ;
#106 = ADVANCED_FACE ( 'NONE', ( #3205 ), #2011, .F. ) ;
#107 = ORIENTED_EDGE ( 'NONE', *, *, #4659, .F. ) ;
#108 = LINE ( 'NONE', #2892, #4529 ) ;
#109 = EDGE_LOOP ( 'NONE', ( #1944, #2584, #4662, #2699 ) ) ;
#110 = AXIS2_PLACEMENT_3D ( 'NONE', #734, #1423, #2351 ) ;
#111 = LINE ( 'NONE', #4200, #3262 ) ;
#112 = FACE_OUTER_BOUND ( 'NONE', #3923, .T. ) ;
#113 = EDGE_CURVE ( 'NONE', #3052, #1133, #1394, .T. ) ;
#114 = VECTOR ( 'NONE', #4141, 39.37007874015748143 ) ;
#115 = DIRECTION ( 'NONE',  ( 0.0000000000000000000, 0.0000000000000000000, 1.000000000000000000 ) ) ;
#116 = ORIENTED_EDGE ( 'NONE', *, *, #2260, .T. ) ;
#117 = CIRCLE ( 'NONE', #5121, 0.02855000000000054022 ) ;
#118 = VECTOR ( 'NONE', #325, 39.37007874015748854 ) ;
#119 = DIRECTION ( 'NONE',  ( 0.3420201433256633283, 0.0000000000000000000, -0.9396926207859103153 ) ) ;
#120 = ORIENTED_EDGE ( 'NONE', *, *, #4745, .T. ) ;
#121 = LINE ( 'NONE', #2173, #703 ) ;
#122 = VECTOR ( 'NONE', #542, 39.37007874015748143 ) ;
#123 = ORIENTED_EDGE ( 'NONE', *, *, #4292, .F. ) ;
#124 = DIRECTION ( 'NONE',  ( 1.000000000000000000, 0.0000000000000000000, 0.0000000000000000000 ) ) ;
#125 = CIRCLE ( 'NONE', #1990, 0.02855000000000054022 ) ;
#126 = AXIS2_PLACEMENT_3D ( 'NONE', #158, #3371, #2155 ) ;
#127 = CIRCLE ( 'NONE', #302, 0.02855000000000052982 ) ;
#128 = EDGE_LOOP ( 'NONE', ( #4361, #3494, #3959, #2561 ) ) ;
#129 = DIRECTION ( 'NONE',  ( -0.0000000000000000000, 1.000000000000000000, -0.0000000000000000000 ) ) ;
#130 = SURFACE_STYLE_USAGE ( .BOTH. , #3691 ) ;
#131 = DIRECTION ( 'NONE',  ( 0.0000000000000000000, 0.0000000000000000000, 1.000000000000000000 ) ) ;
#132 = DIRECTION ( 'NONE',  ( -0.3420201433256694346, -0.0000000000000000000, -0.9396926207859080948 ) ) ;
#133 =( GEOMETRIC_REPRESENTATION_CONTEXT ( 3 ) GLOBAL_UNCERTAINTY_ASSIGNED_CONTEXT ( ( #2010 ) ) GLOBAL_UNIT_ASSIGNED_CONTEXT ( ( #4587, #4080, #3267 ) ) REPRESENTATION_CONTEXT ( 'NONE', 'WORKASPACE' ) );
#134 = ORIENTED_EDGE ( 'NONE', *, *, #2934, .F. ) ;
#135 = CARTESIAN_POINT ( 'NONE',  ( 0.4379674688103072366, 3.673940397442064486E-19, -0.02144999999999946602 ) ) ;
#136 = ORIENTED_EDGE ( 'NONE', *, *, #2824, .T. ) ;
#137 = EDGE_CURVE ( 'NONE', #4556, #2497, #4760, .T. ) ;
#138 = PLANE ( 'NONE',  #2743 ) ;
#139 = EDGE_CURVE ( 'NONE', #315, #3942, #4101, .T. ) ;
#140 = VERTEX_POINT ( 'NONE', #1343 ) ;
#141 = CARTESIAN_POINT ( 'NONE',  ( 0.0000000000000000000, 0.0000000000000000000, 0.0000000000000000000 ) ) ;
#142 = DIRECTION ( 'NONE',  ( -0.0000000000000000000, 1.000000000000000000, -0.0000000000000000000 ) ) ;
#143 = EDGE_CURVE ( 'NONE', #2643, #932, #3359, .T. ) ;
#144 = CARTESIAN_POINT ( 'NONE',  ( 0.7816684688103074929, -0.05000000000000000278, -0.01574999999999998623 ) ) ;
#145 = ORIENTED_EDGE ( 'NONE', *, *, #1824, .T. ) ;
#146 = ADVANCED_FACE ( 'NONE', ( #4560 ), #2979, .F. ) ;
#147 = CARTESIAN_POINT ( 'NONE',  ( 0.1816684688103074319, -0.05000000000000000278, -0.1842499999999996085 ) ) ;
#148 = ORIENTED_EDGE ( 'NONE', *, *, #3458, .F. ) ;
#149 = DIRECTION ( 'NONE',  ( -0.0000000000000000000, 1.000000000000000000, -0.0000000000000000000 ) ) ;
#150 = ORIENTED_EDGE ( 'NONE', *, *, #4249, .F. ) ;
#151 = PLANE ( 'NONE',  #1314 ) ;
#152 = EDGE_LOOP ( 'NONE', ( #1094, #2919, #3846, #2400 ) ) ;
#153 = FACE_BOUND ( 'NONE', #1178, .T. ) ;
#154 = DIRECTION ( 'NONE',  ( 1.047444401652940007E-14, -1.000000000000000000, 0.0000000000000000000 ) ) ;
#155 = LINE ( 'NONE', #1722, #4791 ) ;
#156 = DIRECTION ( 'NONE',  ( -0.3420201433256720991, 0.0000000000000000000, 0.9396926207859070956 ) ) ;
#157 = EDGE_LOOP ( 'NONE', ( #1089, #4011, #1449, #1071 ) ) ;
#158 = CARTESIAN_POINT ( 'NONE',  ( 0.5942664688103074244, -0.05000000000000000278, -0.1842499999999996918 ) ) ;
#159 = ORIENTED_EDGE ( 'NONE', *, *, #5138, .T. ) ;
#160 = CARTESIAN_POINT ( 'NONE',  ( 0.03796746881030719362, -0.05000000000000000278, -0.1499999999999999944 ) ) ;
#161 = VERTEX_POINT ( 'NONE', #2587 ) ;
#162 = DIRECTION ( 'NONE',  ( -0.0000000000000000000, 1.000000000000000000, -0.0000000000000000000 ) ) ;
#163 = LINE ( 'NONE', #3324, #463 ) ;
#164 = CARTESIAN_POINT ( 'NONE',  ( 0.7816684688103074929, 0.0000000000000000000, -0.01574999999999998623 ) ) ;
#165 = VERTEX_POINT ( 'NONE', #1713 ) ;
#166 = EDGE_CURVE ( 'NONE', #4496, #1426, #550, .T. ) ;
#167 = EDGE_CURVE ( 'NONE', #348, #4434, #3331, .T. ) ;
#168 = CARTESIAN_POINT ( 'NONE',  ( 0.5759359376206146797, -0.05000000000000000278, -0.1999999999999999833 ) ) ;
#169 = ORIENTED_EDGE ( 'NONE', *, *, #3710, .F. ) ;
#170 = CARTESIAN_POINT ( 'NONE',  ( -3.414809992080329023E-17, 0.0000000000000000000, 0.0000000000000000000 ) ) ;
#171 = ORIENTED_EDGE ( 'NONE', *, *, #2537, .F. ) ;
#172 = DIRECTION ( 'NONE',  ( -0.0000000000000000000, 1.000000000000000000, -0.0000000000000000000 ) ) ;
#173 = VERTEX_POINT ( 'NONE', #5027 ) ;
#174 = VECTOR ( 'NONE', #87, 39.37007874015748143 ) ;
#175 = DIRECTION ( 'NONE',  ( 0.0000000000000000000, 0.0000000000000000000, 1.000000000000000000 ) ) ;
#176 = DIRECTION ( 'NONE',  ( 1.000000000000000000, 0.0000000000000000000, 0.0000000000000000000 ) ) ;
#177 = ADVANCED_FACE ( 'NONE', ( #2092 ), #2171, .F. ) ;
#178 = DIRECTION ( 'NONE',  ( 0.0000000000000000000, 0.0000000000000000000, 1.000000000000000000 ) ) ;
#179 = CARTESIAN_POINT ( 'NONE',  ( 0.08166846881030738470, -0.05000000000000000278, -0.01574999999999998623 ) ) ;
#180 = CIRCLE ( 'NONE', #3994, 0.03599999999999819317 ) ;
#181 = ORIENTED_EDGE ( 'NONE', *, *, #1117, .T. ) ;
#182 = CARTESIAN_POINT ( 'NONE',  ( 0.8379674688103072588, 3.673940397442064486E-19, -0.04999999999999999584 ) ) ;
#183 = ORIENTED_EDGE ( 'NONE', *, *, #1346, .F. ) ;
#184 = LINE ( 'NONE', #2308, #886 ) ;
#185 = AXIS2_PLACEMENT_3D ( 'NONE', #4121, #5071, #3700 ) ;
#186 = ORIENTED_EDGE ( 'NONE', *, *, #4724, .T. ) ;
#187 = LINE ( 'NONE', #3250, #4610 ) ;
#188 = AXIS2_PLACEMENT_3D ( 'NONE', #61, #4648, #4093 ) ;
#189 = LINE ( 'NONE', #1040, #3437 ) ;
#190 = CONTEXT_DEPENDENT_SHAPE_REPRESENTATION ( #93, #4059 ) ;
#191 =( NAMED_UNIT ( * ) SI_UNIT ( $, .STERADIAN. ) SOLID_ANGLE_UNIT ( ) );
#192 = AXIS2_PLACEMENT_3D ( 'NONE', #661, #1539, #1936 ) ;
#193 = VECTOR ( 'NONE', #3065, 39.37007874015748143 ) ;
#194 = CARTESIAN_POINT ( 'NONE',  ( 0.8379674688103072588, 3.673940397442064486E-19, -0.02144999999999946602 ) ) ;
#195 = ORIENTED_EDGE ( 'NONE', *, *, #2955, .F. ) ;
#196 = APPLICATION_CONTEXT ( 'automotive_design' ) ;
#197 = CARTESIAN_POINT ( 'NONE',  ( 0.08300000000000018474, 0.0000000000000000000, 0.0000000000000000000 ) ) ;
#198 = VERTEX_POINT ( 'NONE', #1787 ) ;
#199 = ADVANCED_FACE ( 'NONE', ( #2511 ), #4127, .F. ) ;
#200 = ORIENTED_EDGE ( 'NONE', *, *, #269, .T. ) ;
#201 = DIRECTION ( 'NONE',  ( -1.000000000000000000, 0.0000000000000000000, 6.998027963638287744E-17 ) ) ;
#202 = EDGE_CURVE ( 'NONE', #5028, #315, #5003, .T. ) ;
#203 = VECTOR ( 'NONE', #1109, 39.37007874015748143 ) ;
#204 = VECTOR ( 'NONE', #3081, 39.37007874015748143 ) ;
#205 = EDGE_CURVE ( 'NONE', #1546, #140, #3012, .T. ) ;
#206 = EDGE_LOOP ( 'NONE', ( #4594, #1705, #702, #3968 ) ) ;
#207 = VECTOR ( 'NONE', #4763, 39.37007874015748143 ) ;
#208 = CARTESIAN_POINT ( 'NONE',  ( 0.0000000000000000000, 0.0000000000000000000, 0.0000000000000000000 ) ) ;
#209 = DIRECTION ( 'NONE',  ( 1.047444401652940007E-14, -1.000000000000000000, 0.0000000000000000000 ) ) ;
#210 = DIRECTION ( 'NONE',  ( -0.0000000000000000000, 1.000000000000000000, -0.0000000000000000000 ) ) ;
#211 = ADVANCED_FACE ( 'NONE', ( #4205 ), #2220, .T. ) ;
#212 = CARTESIAN_POINT ( 'NONE',  ( 0.9759349376206162274, -0.05000000000000000278, -0.1999999999999997058 ) ) ;
#213 = AXIS2_PLACEMENT_3D ( 'NONE', #2106, #1702, #4487 ) ;
#214 = VECTOR ( 'NONE', #785, 39.37007874015748143 ) ;
#215 = EDGE_CURVE ( 'NONE', #3308, #3226, #2192, .T. ) ;
#216 = ORIENTED_EDGE ( 'NONE', *, *, #1213, .F. ) ;
#217 = LINE ( 'NONE', #5047, #2392 ) ;
#218 = CARTESIAN_POINT ( 'NONE',  ( 0.7942664688103074910, 0.0000000000000000000, -0.01574999999999998623 ) ) ;
#219 = ORIENTED_EDGE ( 'NONE', *, *, #270, .F. ) ;
#220 = COLOUR_RGB ( '',0.4941176470588235503, 0.4941176470588235503, 0.4941176470588235503 ) ;
#221 = LINE ( 'NONE', #5051, #798 ) ;
#222 = ORIENTED_EDGE ( 'NONE', *, *, #2253, .T. ) ;
#223 = DIRECTION ( 'NONE',  ( 0.0000000000000000000, 0.0000000000000000000, 1.000000000000000000 ) ) ;
#224 = DIRECTION ( 'NONE',  ( 0.0000000000000000000, 0.0000000000000000000, 1.000000000000000000 ) ) ;
#225 = CARTESIAN_POINT ( 'NONE',  ( 0.5379674688103072144, 3.673940397442064486E-19, -0.07855000000000052218 ) ) ;
#226 = CARTESIAN_POINT ( 'NONE',  ( 0.01000000000000071665, 0.0000000000000000000, 0.0000000000000000000 ) ) ;
#227 = CARTESIAN_POINT ( 'NONE',  ( 0.0000000000000000000, 1.285879139104719561E-18, -0.01049999999999998851 ) ) ;
#228 = EDGE_LOOP ( 'NONE', ( #1080, #1930, #3523, #1553 ) ) ;
#229 = CARTESIAN_POINT ( 'NONE',  ( 0.8816684688103074707, -0.05000000000000000278, -0.1842499999999996085 ) ) ;
#230 = ORIENTED_EDGE ( 'NONE', *, *, #2283, .T. ) ;
#231 = DIRECTION ( 'NONE',  ( 0.0000000000000000000, 0.0000000000000000000, 1.000000000000000000 ) ) ;
#232 = AXIS2_PLACEMENT_3D ( 'NONE', #949, #4937, #4842 ) ;
#233 = ORIENTED_EDGE ( 'NONE', *, *, #3550, .F. ) ;
#234 = PLANE ( 'NONE',  #1719 ) ;
#235 = DIRECTION ( 'NONE',  ( -1.000000000000000000, -0.0000000000000000000, -0.0000000000000000000 ) ) ;
#236 = DIRECTION ( 'NONE',  ( -1.000000000000000000, 0.0000000000000000000, 6.998027963638287744E-17 ) ) ;
#237 = EDGE_CURVE ( 'NONE', #2676, #2228, #2483, .T. ) ;
#238 = ADVANCED_FACE ( 'NONE', ( #519 ), #939, .F. ) ;
#239 = ORIENTED_EDGE ( 'NONE', *, *, #596, .F. ) ;
#240 = CARTESIAN_POINT ( 'NONE',  ( 0.4999990000000001378, 0.0000000000000000000, 0.0000000000000000000 ) ) ;
#241 = PLANE ( 'NONE',  #2500 ) ;
#242 = ORIENTED_EDGE ( 'NONE', *, *, #1582, .T. ) ;
#243 = DIRECTION ( 'NONE',  ( -0.3420201433256720991, 0.0000000000000000000, 0.9396926207859070956 ) ) ;
#244 = ORIENTED_EDGE ( 'NONE', *, *, #4030, .F. ) ;
#245 = EDGE_CURVE ( 'NONE', #2551, #2157, #5100, .T. ) ;
#246 = LINE ( 'NONE', #3565, #4452 ) ;
#247 = PRODUCT_DEFINITION_SHAPE ( 'NONE', 'NONE',  #5252 ) ;
#248 = DIRECTION ( 'NONE',  ( -0.0000000000000000000, 1.000000000000000000, -0.0000000000000000000 ) ) ;
#249 = DIRECTION ( 'NONE',  ( 0.0000000000000000000, 0.0000000000000000000, 1.000000000000000000 ) ) ;
#250 = CARTESIAN_POINT ( 'NONE',  ( 0.08300000000000018474, 0.0000000000000000000, 0.0000000000000000000 ) ) ;
#251 = ORIENTED_EDGE ( 'NONE', *, *, #3096, .T. ) ;
#252 = DIRECTION ( 'NONE',  ( -0.0000000000000000000, 1.000000000000000000, -0.0000000000000000000 ) ) ;
#253 = EDGE_LOOP ( 'NONE', ( #1983, #1391, #533, #489 ) ) ;
#254 = DIRECTION ( 'NONE',  ( -0.9396926207859072067, 0.0000000000000000000, -0.3420201433256721546 ) ) ;
#255 = UNCERTAINTY_MEASURE_WITH_UNIT (LENGTH_MEASURE( 1.000000000000000082E-05 ), #4443, 'distance_accuracy_value', 'NONE');
#256 = MANIFOLD_SOLID_BREP ( 'Hole2', #353 ) ;
#257 = VERTEX_POINT ( 'NONE', #625 ) ;
#258 = ORIENTED_EDGE ( 'NONE', *, *, #1542, .T. ) ;
#259 = FACE_OUTER_BOUND ( 'NONE', #2639, .T. ) ;
#260 = CARTESIAN_POINT ( 'NONE',  ( 0.7816684688103074929, -0.05000000000000000278, -0.1842499999999996085 ) ) ;
#261 = CARTESIAN_POINT ( 'NONE',  ( 0.6942664688103074022, -0.05000000000000000278, -0.1842499999999996918 ) ) ;
#262 = VERTEX_POINT ( 'NONE', #2636 ) ;
#263 = CARTESIAN_POINT ( 'NONE',  ( 0.1816684688103074319, -0.05000000000000000278, -0.1842499999999996085 ) ) ;
#264 = CARTESIAN_POINT ( 'NONE',  ( 0.5379674688103072144, 3.673940397442064486E-19, -0.1214499999999994612 ) ) ;
#265 = VERTEX_POINT ( 'NONE', #4690 ) ;
#266 = DIRECTION ( 'NONE',  ( 1.000000000000000000, 0.0000000000000000000, 0.0000000000000000000 ) ) ;
#267 = EDGE_LOOP ( 'NONE', ( #1916, #2598 ) ) ;
#268 = CARTESIAN_POINT ( 'NONE',  ( 0.08300000000000018474, 1.775737858763738722E-18, -0.01450000000000062350 ) ) ;
#269 = EDGE_CURVE ( 'NONE', #1845, #4115, #1291, .T. ) ;
#270 = EDGE_CURVE ( 'NONE', #2182, #1612, #3068, .T. ) ;
#271 = ADVANCED_FACE ( 'NONE', ( #1100 ), #4332, .T. ) ;
#272 = MECHANICAL_DESIGN_GEOMETRIC_PRESENTATION_REPRESENTATION (  '', ( #1119 ), #4337 ) ;
#273 = CARTESIAN_POINT ( 'NONE',  ( 0.3999990000000001600, -0.05000000000000000278, 0.0000000000000000000 ) ) ;
#274 = LINE ( 'NONE', #1074, #1473 ) ;
#275 = AXIS2_PLACEMENT_3D ( 'NONE', #4586, #2123, #2540 ) ;
#276 = EDGE_CURVE ( 'NONE', #1056, #2383, #4281, .T. ) ;
#277 = DIRECTION ( 'NONE',  ( -0.3420201433256720991, 0.0000000000000000000, 0.9396926207859070956 ) ) ;
#278 = CYLINDRICAL_SURFACE ( 'NONE', #4083, 0.02855000000000054022 ) ;
#279 = ORIENTED_EDGE ( 'NONE', *, *, #500, .T. ) ;
#280 = DIRECTION ( 'NONE',  ( -0.0000000000000000000, -0.0000000000000000000, -1.000000000000000000 ) ) ;
#281 = ORIENTED_EDGE ( 'NONE', *, *, #3443, .T. ) ;
#282 = FACE_BOUND ( 'NONE', #25, .T. ) ;
#283 = VECTOR ( 'NONE', #4069, 39.37007874015748143 ) ;
#284 = ORIENTED_EDGE ( 'NONE', *, *, #3889, .T. ) ;
#285 = ORIENTED_EDGE ( 'NONE', *, *, #1536, .F. ) ;
#286 = CARTESIAN_POINT ( 'NONE',  ( 0.9879674688103075031, 0.0000000000000000000, -0.1842499999999992755 ) ) ;
#287 = AXIS2_PLACEMENT_3D ( 'NONE', #5099, #2235, #1549 ) ;
#288 = DIRECTION ( 'NONE',  ( -0.0000000000000000000, 1.000000000000000000, -0.0000000000000000000 ) ) ;
#289 = AXIS2_PLACEMENT_3D ( 'NONE', #1382, #4572, #1334 ) ;
#290 = CARTESIAN_POINT ( 'NONE',  ( 0.6816684688103075151, -0.05000000000000000278, -0.1842499999999996085 ) ) ;
#291 = VECTOR ( 'NONE', #378, 39.37007874015748143 ) ;
#292 = AXIS2_PLACEMENT_3D ( 'NONE', #2647, #4214, #3073 ) ;
#293 = ORIENTED_EDGE ( 'NONE', *, *, #1614, .F. ) ;
#294 = LINE ( 'NONE', #1876, #1551 ) ;
#295 = DIRECTION ( 'NONE',  ( -0.3420201433256720991, 0.0000000000000000000, 0.9396926207859070956 ) ) ;
#296 = ORIENTED_EDGE ( 'NONE', *, *, #3228, .F. ) ;
#297 = DIRECTION ( 'NONE',  ( -1.000000000000000000, -0.0000000000000000000, -0.0000000000000000000 ) ) ;
#298 = ORIENTED_EDGE ( 'NONE', *, *, #477, .F. ) ;
#299 = PLANE ( 'NONE',  #1892 ) ;
#300 = AXIS2_PLACEMENT_3D ( 'NONE', #226, #3463, #2030 ) ;
#301 = AXIS2_PLACEMENT_3D ( 'NONE', #2424, #3194, #4039 ) ;
#302 = AXIS2_PLACEMENT_3D ( 'NONE', #2343, #3056, #223 ) ;
#303 = EDGE_CURVE ( 'NONE', #4742, #589, #2245, .T. ) ;
#304 = LINE ( 'NONE', #5101, #474 ) ;
#305 = VECTOR ( 'NONE', #2840, 39.37007874015748143 ) ;
#306 = DIMENSIONAL_EXPONENTS ( 1.000000000000000000, 0.0000000000000000000, 0.0000000000000000000, 0.0000000000000000000, 0.0000000000000000000, 0.0000000000000000000, 0.0000000000000000000 ) ;
#307 = ADVANCED_FACE ( 'NONE', ( #3544 ), #701, .F. ) ;
#308 = DIRECTION ( 'NONE',  ( -0.0000000000000000000, 1.000000000000000000, -0.0000000000000000000 ) ) ;
#309 = FACE_OUTER_BOUND ( 'NONE', #518, .T. ) ;
#310 = ORIENTED_EDGE ( 'NONE', *, *, #763, .T. ) ;
#311 = DIRECTION ( 'NONE',  ( 0.0000000000000000000, 1.000000000000000000, 0.0000000000000000000 ) ) ;
#312 = EDGE_LOOP ( 'NONE', ( #1111, #1101, #1189, #4691 ) ) ;
#313 = LINE ( 'NONE', #5145, #3525 ) ;
#314 = EDGE_CURVE ( 'NONE', #4754, #721, #2322, .T. ) ;
#315 = VERTEX_POINT ( 'NONE', #3093 ) ;
#316 = ORIENTED_EDGE ( 'NONE', *, *, #3380, .F. ) ;
#317 = CARTESIAN_POINT ( 'NONE',  ( 0.5999990000000001711, -0.05000000000000000278, -0.1999999999999999833 ) ) ;
#318 = CARTESIAN_POINT ( 'NONE',  ( 0.4379674688103072366, -0.05000000000000000278, -0.04999999999999999584 ) ) ;
#319 = DIRECTION ( 'NONE',  ( 0.0000000000000000000, 0.0000000000000000000, 1.000000000000000000 ) ) ;
#320 = ORIENTED_EDGE ( 'NONE', *, *, #4458, .F. ) ;
#321 = ORIENTED_EDGE ( 'NONE', *, *, #3159, .F. ) ;
#322 = CARTESIAN_POINT ( 'NONE',  ( 0.03796746881030719362, 0.0000000000000000000, -0.04999999999999999584 ) ) ;
#323 = DIRECTION ( 'NONE',  ( 0.3420201433256633283, 0.0000000000000000000, -0.9396926207859103153 ) ) ;
#324 = ORIENTED_EDGE ( 'NONE', *, *, #1219, .T. ) ;
#325 = DIRECTION ( 'NONE',  ( 0.3420201433256633283, 0.0000000000000000000, -0.9396926207859103153 ) ) ;
#326 = ORIENTED_EDGE ( 'NONE', *, *, #2314, .F. ) ;
#327 = CARTESIAN_POINT ( 'NONE',  ( 0.5379674688103072144, -0.05000000000000000278, -0.04999999999999999584 ) ) ;
#328 = CARTESIAN_POINT ( 'NONE',  ( 0.1649999999999989253, 0.0000000000000000000, 0.0000000000000000000 ) ) ;
#329 = EDGE_LOOP ( 'NONE', ( #354, #4873 ) ) ;
#330 = CARTESIAN_POINT ( 'NONE',  ( 0.7942664688103074910, 0.0000000000000000000, -0.01574999999999998623 ) ) ;
#331 = DIRECTION ( 'NONE',  ( 1.000000000000000000, 0.0000000000000000000, -5.421193827719211569E-15 ) ) ;
#332 = DIRECTION ( 'NONE',  ( -3.491481338843133355E-15, -1.000000000000000000, 0.0000000000000000000 ) ) ;
#333 = DIRECTION ( 'NONE',  ( -0.3420201433256694346, -0.0000000000000000000, -0.9396926207859080948 ) ) ;
#334 = ORIENTED_EDGE ( 'NONE', *, *, #4189, .F. ) ;
#335 = CARTESIAN_POINT ( 'NONE',  ( 0.06700000000000012890, 0.0000000000000000000, 0.0000000000000000000 ) ) ;
#336 = ADVANCED_FACE ( 'NONE', ( #309 ), #278, .F. ) ;
#337 = EDGE_CURVE ( 'NONE', #1776, #2668, #2612, .T. ) ;
#339 = EDGE_CURVE ( 'NONE', #917, #2601, #599, .T. ) ;
#338 = DIRECTION ( 'NONE',  ( -0.9657952810951841993, 0.0000000000000000000, 0.2593057558448598199 ) ) ;
#340 = ORIENTED_EDGE ( 'NONE', *, *, #4388, .T. ) ;
#341 = CARTESIAN_POINT ( 'NONE',  ( 0.5759359376206146797, 0.0000000000000000000, -0.1999999999999999833 ) ) ;
#342 = DIRECTION ( 'NONE',  ( -0.3420201433256720991, 0.0000000000000000000, 0.9396926207859070956 ) ) ;
#343 = PLANE ( 'NONE',  #4100 ) ;
#345 = ADVANCED_FACE ( 'NONE', ( #1815 ), #1421, .T. ) ;
#344 = VERTEX_POINT ( 'NONE', #194 ) ;
#346 = LINE ( 'NONE', #263, #1293 ) ;
#347 = CARTESIAN_POINT ( 'NONE',  ( 0.2942664688103074355, -0.05000000000000000278, -0.01574999999999998623 ) ) ;
#348 = VERTEX_POINT ( 'NONE', #2428 ) ;
#349 = CARTESIAN_POINT ( 'NONE',  ( 0.01000000000000126135, 0.03599999999999819317, 0.0000000000000000000 ) ) ;
#350 = ORIENTED_EDGE ( 'NONE', *, *, #38, .T. ) ;
#351 = CARTESIAN_POINT ( 'NONE',  ( 0.01000000000000180606, 0.0000000000000000000, 0.0000000000000000000 ) ) ;
#352 = CARTESIAN_POINT ( 'NONE',  ( 0.03796746881030719362, 0.0000000000000000000, -0.02144999999999946602 ) ) ;
#353 = CLOSED_SHELL ( 'NONE', ( #5069, #941, #2046, #3217, #2021, #3646, #3643, #1366, #2289, #4527, #1830, #2311, #345, #664, #2089, #787, #3414, #4655, #503, #211, #4226, #102, #373, #1254, #3252, #4875 ) ) ;
#354 = ORIENTED_EDGE ( 'NONE', *, *, #3127, .T. ) ;
#355 = AXIS2_PLACEMENT_3D ( 'NONE', #1292, #1528, #1020 ) ;
#356 = CARTESIAN_POINT ( 'NONE',  ( 0.3379674688103072033, -0.05000000000000000278, -0.04999999999999999584 ) ) ;
#357 = DIRECTION ( 'NONE',  ( 0.0000000000000000000, 0.0000000000000000000, 1.000000000000000000 ) ) ;
#358 = LENGTH_MEASURE_WITH_UNIT ( LENGTH_MEASURE( 0.02539999999999999897 ), #2032 );
#359 = CARTESIAN_POINT ( 'NONE',  ( 0.1379674688103071922, 0.0000000000000000000, -0.02144999999999946602 ) ) ;
#360 = ORIENTED_EDGE ( 'NONE', *, *, #2674, .F. ) ;
#361 = CARTESIAN_POINT ( 'NONE',  ( 0.08300000000000018474, 1.775737858763738722E-18, -0.01450000000000062350 ) ) ;
#362 = AXIS2_PLACEMENT_3D ( 'NONE', #5233, #2839, #905 ) ;
#363 = CIRCLE ( 'NONE', #1802, 0.02855000000000052982 ) ;
#364 = FACE_OUTER_BOUND ( 'NONE', #682, .T. ) ;
#365 = EDGE_CURVE ( 'NONE', #3603, #938, #838, .T. ) ;
#366 = ORIENTED_EDGE ( 'NONE', *, *, #1440, .F. ) ;
#367 = EDGE_CURVE ( 'NONE', #1424, #4957, #1237, .T. ) ;
#368 = PLANE ( 'NONE',  #874 ) ;
#369 = DIRECTION ( 'NONE',  ( 0.3420201433256666035, 0.0000000000000000000, 0.9396926207859092051 ) ) ;
#370 = CARTESIAN_POINT ( 'NONE',  ( 0.5759359376206146797, 0.0000000000000000000, -9.478001694819074349E-34 ) ) ;
#371 = EDGE_LOOP ( 'NONE', ( #447, #2654 ) ) ;
#372 = VECTOR ( 'NONE', #2949, 39.37007874015748143 ) ;
#373 = ADVANCED_FACE ( 'NONE', ( #5187 ), #1202, .F. ) ;
#374 = CARTESIAN_POINT ( 'NONE',  ( 0.0000000000000000000, -0.05000000000000000278, 0.0000000000000000000 ) ) ;
#375 = DIRECTION ( 'NONE',  ( -0.0000000000000000000, 1.000000000000000000, -0.0000000000000000000 ) ) ;
#376 = CARTESIAN_POINT ( 'NONE',  ( 0.8379674688103072588, 3.673940397442064486E-19, -0.1785500000000005416 ) ) ;
#377 = DIMENSIONAL_EXPONENTS ( 1.000000000000000000, 0.0000000000000000000, 0.0000000000000000000, 0.0000000000000000000, 0.0000000000000000000, 0.0000000000000000000, 0.0000000000000000000 ) ;
#378 = DIRECTION ( 'NONE',  ( 0.0000000000000000000, 1.000000000000000000, 0.0000000000000000000 ) ) ;
#379 = EDGE_CURVE ( 'NONE', #3308, #536, #2005, .T. ) ;
#380 = VECTOR ( 'NONE', #1699, 39.37007874015748143 ) ;
#381 = AXIS2_PLACEMENT_3D ( 'NONE', #1352, #2943, #928 ) ;
#382 = ORIENTED_EDGE ( 'NONE', *, *, #1309, .F. ) ;
#383 = CARTESIAN_POINT ( 'NONE',  ( 0.9379674688103073477, 0.0000000000000000000, -0.07855000000000052218 ) ) ;
#384 = VECTOR ( 'NONE', #2165, 39.37007874015748143 ) ;
#385 = AXIS2_PLACEMENT_3D ( 'NONE', #2558, #2143, #3260 ) ;
#386 = ORIENTED_EDGE ( 'NONE', *, *, #4724, .F. ) ;
#387 = AXIS2_PLACEMENT_3D ( 'NONE', #802, #4405, #852 ) ;
#388 = CARTESIAN_POINT ( 'NONE',  ( 0.3379674688103072033, -0.05000000000000000278, -0.1499999999999999944 ) ) ;
#389 = DIRECTION ( 'NONE',  ( -1.000000000000000000, -0.0000000000000000000, -0.0000000000000000000 ) ) ;
#390 = DIRECTION ( 'NONE',  ( -0.0000000000000000000, 1.000000000000000000, -0.0000000000000000000 ) ) ;
#391 = CIRCLE ( 'NONE', #1069, 0.02855000000000052982 ) ;
#392 = EDGE_LOOP ( 'NONE', ( #3049, #2037, #659, #582 ) ) ;
#393 = FACE_BOUND ( 'NONE', #267, .T. ) ;
#394 = DIRECTION ( 'NONE',  ( -1.000000000000000000, -0.0000000000000000000, -0.0000000000000000000 ) ) ;
#395 = ORIENTED_EDGE ( 'NONE', *, *, #4975, .T. ) ;
#396 = LINE ( 'NONE', #845, #1884 ) ;
#397 = FACE_OUTER_BOUND ( 'NONE', #875, .T. ) ;
#398 = VERTEX_POINT ( 'NONE', #1182 ) ;
#399 = FACE_BOUND ( 'NONE', #3807, .T. ) ;
#400 = LINE ( 'NONE', #3637, #4371 ) ;
#401 = FACE_BOUND ( 'NONE', #656, .T. ) ;
#402 = DIRECTION ( 'NONE',  ( -6.998027963638287744E-17, 0.0000000000000000000, -1.000000000000000000 ) ) ;
#403 = DIRECTION ( 'NONE',  ( -0.0000000000000000000, 1.000000000000000000, -0.0000000000000000000 ) ) ;
#404 = ADVANCED_FACE ( 'NONE', ( #3962 ), #1125, .F. ) ;
#405 = EDGE_CURVE ( 'NONE', #3809, #3871, #180, .T. ) ;
#406 = AXIS2_PLACEMENT_3D ( 'NONE', #586, #2990, #4617 ) ;
#407 = EDGE_LOOP ( 'NONE', ( #2016, #310, #3867, #1381 ) ) ;
#408 = CARTESIAN_POINT ( 'NONE',  ( 0.2379674688103072255, -0.05000000000000000278, -0.04999999999999999584 ) ) ;
#409 = ADVANCED_FACE ( 'NONE', ( #2370 ), #3984, .F. ) ;
#410 = ORIENTED_EDGE ( 'NONE', *, *, #4312, .F. ) ;
#411 = ORIENTED_EDGE ( 'NONE', *, *, #166, .F. ) ;
#412 = SHAPE_REPRESENTATION ( 'P4XX-21-012-00-000000_P420-21-012-00-000000', ( #1156 ), #3438 ) ;
#413 = CARTESIAN_POINT ( 'NONE',  ( 0.6942664688103074022, 0.0000000000000000000, -0.01574999999999998623 ) ) ;
#414 = CARTESIAN_POINT ( 'NONE',  ( 0.1942664688103074300, 0.0000000000000000000, -0.01574999999999998623 ) ) ;
#415 = EDGE_CURVE ( 'NONE', #3233, #2637, #3, .T. ) ;
#416 = LINE ( 'NONE', #2798, #4431 ) ;
#417 = ORIENTED_EDGE ( 'NONE', *, *, #4249, .T. ) ;
#418 = CARTESIAN_POINT ( 'NONE',  ( 0.9379674688103073477, -0.05000000000000000278, -0.1499999999999999944 ) ) ;
#419 = ORIENTED_EDGE ( 'NONE', *, *, #1937, .T. ) ;
#420 = EDGE_LOOP ( 'NONE', ( #3804, #2983, #3893, #429 ) ) ;
#421 = PRODUCT_DEFINITION_SHAPE ( 'NONE', 'NONE',  #5253 ) ;
#422 = CARTESIAN_POINT ( 'NONE',  ( 0.7759359376206146353, -0.05000000000000000278, -0.1999999999999999833 ) ) ;
#423 = FACE_OUTER_BOUND ( 'NONE', #1207, .T. ) ;
#424 = VERTEX_POINT ( 'NONE', #4044 ) ;
#425 = CARTESIAN_POINT ( 'NONE',  ( 0.03796746881030719362, 3.673940397442064486E-19, -0.1499999999999999944 ) ) ;
#426 = DIRECTION ( 'NONE',  ( 0.0000000000000000000, 0.0000000000000000000, 1.000000000000000000 ) ) ;
#427 = DIRECTION ( 'NONE',  ( 0.0000000000000000000, 0.0000000000000000000, 1.000000000000000000 ) ) ;
#428 = DIRECTION ( 'NONE',  ( -1.000000000000000000, -0.0000000000000000000, -0.0000000000000000000 ) ) ;
#429 = ORIENTED_EDGE ( 'NONE', *, *, #4823, .T. ) ;
#430 = DIRECTION ( 'NONE',  ( -0.3420201433256694346, -0.0000000000000000000, -0.9396926207859080948 ) ) ;
#431 = ORIENTED_EDGE ( 'NONE', *, *, #2896, .T. ) ;
#432 = EDGE_CURVE ( 'NONE', #2430, #3567, #610, .T. ) ;
#433 = EDGE_CURVE ( 'NONE', #2828, #3658, #1660, .T. ) ;
#434 = EDGE_LOOP ( 'NONE', ( #2871, #2802, #1778, #1347 ) ) ;
#435 = EDGE_CURVE ( 'NONE', #3750, #4835, #2745, .T. ) ;
#436 = LINE ( 'NONE', #4092, #470 ) ;
#437 = CARTESIAN_POINT ( 'NONE',  ( 0.9759349376206162274, 0.0000000000000000000, -0.1999999999999997058 ) ) ;
#438 = ITEM_DEFINED_TRANSFORMATION ( 'NONE', 'NONE', #3788,  #1156 ) ;
#439 = LINE ( 'NONE', #816, #3752 ) ;
#440 = ORIENTED_EDGE ( 'NONE', *, *, #303, .F. ) ;
#441 = CARTESIAN_POINT ( 'NONE',  ( 0.03500000000000071804, 0.0000000000000000000, 0.02650000000000055783 ) ) ;
#442 = EDGE_CURVE ( 'NONE', #173, #3830, #4365, .T. ) ;
#443 = CARTESIAN_POINT ( 'NONE',  ( 0.04431135598927586627, 0.0000000000000000000, 0.02650000000000055783 ) ) ;
#444 = EDGE_LOOP ( 'NONE', ( #4932, #4102 ) ) ;
#445 = AXIS2_PLACEMENT_3D ( 'NONE', #4577, #579, #4635 ) ;
#446 = CARTESIAN_POINT ( 'NONE',  ( -0.01203253118969264436, -0.05000000000000000278, -0.01574999999999999664 ) ) ;
#447 = ORIENTED_EDGE ( 'NONE', *, *, #2700, .T. ) ;
#448 = CARTESIAN_POINT ( 'NONE',  ( 0.04431135598927586627, 0.0000000000000000000, 0.02650000000000055783 ) ) ;
#449 = AXIS2_PLACEMENT_3D ( 'NONE', #862, #2476, #771 ) ;
#450 = ORIENTED_EDGE ( 'NONE', *, *, #4584, .T. ) ;
#451 = CARTESIAN_POINT ( 'NONE',  ( 0.6942664688103074022, 0.0000000000000000000, -0.1842499999999996918 ) ) ;
#452 = LINE ( 'NONE', #2072, #3686 ) ;
#453 = AXIS2_PLACEMENT_3D ( 'NONE', #1060, #2279, #2724 ) ;
#454 = DIRECTION ( 'NONE',  ( -0.0000000000000000000, 1.000000000000000000, -0.0000000000000000000 ) ) ;
#455 = AXIS2_PLACEMENT_3D ( 'NONE', #2982, #2194, #4229 ) ;
#456 = ORIENTED_EDGE ( 'NONE', *, *, #3458, .T. ) ;
#457 = CARTESIAN_POINT ( 'NONE',  ( 0.6816684688103075151, 0.0000000000000000000, -0.01574999999999998623 ) ) ;
#458 = ORIENTED_EDGE ( 'NONE', *, *, #1890, .F. ) ;
#459 = VERTEX_POINT ( 'NONE', #1630 ) ;
#460 = VECTOR ( 'NONE', #3369, 39.37007874015748143 ) ;
#461 = VECTOR ( 'NONE', #1498, 39.37007874015748143 ) ;
#462 = EDGE_CURVE ( 'NONE', #1403, #3739, #2349, .T. ) ;
#463 = VECTOR ( 'NONE', #3300, 39.37007874015748143 ) ;
#464 = AXIS2_PLACEMENT_3D ( 'NONE', #1697, #2967, #4136 ) ;
#465 = CARTESIAN_POINT ( 'NONE',  ( 0.7942664688103074910, -0.05000000000000000278, -0.1842499999999996918 ) ) ;
#466 = DIRECTION ( 'NONE',  ( 1.000000000000000000, 0.0000000000000000000, -5.421193827719211569E-15 ) ) ;
#467 =( NAMED_UNIT ( * ) SI_UNIT ( $, .STERADIAN. ) SOLID_ANGLE_UNIT ( ) );
#468 = PLANE ( 'NONE',  #2148 ) ;
#469 = EDGE_LOOP ( 'NONE', ( #2304, #1146, #5098, #4060 ) ) ;
#470 = VECTOR ( 'NONE', #4408, 39.37007874015748143 ) ;
#471 = AXIS2_PLACEMENT_3D ( 'NONE', #1560, #2800, #2431 ) ;
#472 = EDGE_CURVE ( 'NONE', #2954, #2695, #779, .T. ) ;
#473 = DIRECTION ( 'NONE',  ( 0.9396926207859082059, 0.0000000000000000000, -0.3420201433256693790 ) ) ;
#474 = VECTOR ( 'NONE', #3086, 39.37007874015748143 ) ;
#475 = ORIENTED_EDGE ( 'NONE', *, *, #2415, .T. ) ;
#476 = DIRECTION ( 'NONE',  ( -0.3420201433256720991, 0.0000000000000000000, 0.9396926207859070956 ) ) ;
#477 = EDGE_CURVE ( 'NONE', #1638, #3895, #2397, .T. ) ;
#478 = ORIENTED_EDGE ( 'NONE', *, *, #4488, .F. ) ;
#479 = LINE ( 'NONE', #502, #640 ) ;
#480 = VECTOR ( 'NONE', #295, 39.37007874015748854 ) ;
#481 =( REPRESENTATION_RELATIONSHIP ('NONE','NONE', #813, #979 ) REPRESENTATION_RELATIONSHIP_WITH_TRANSFORMATION ( #4145 )SHAPE_REPRESENTATION_RELATIONSHIP( ) );
#482 = ORIENTED_EDGE ( 'NONE', *, *, #1861, .F. ) ;
#483 = DIRECTION ( 'NONE',  ( 0.0000000000000000000, 0.0000000000000000000, 1.000000000000000000 ) ) ;
#484 =( NAMED_UNIT ( * ) PLANE_ANGLE_UNIT ( ) SI_UNIT ( $, .RADIAN. ) );
#485 = FACE_OUTER_BOUND ( 'NONE', #4242, .T. ) ;
#486 = CARTESIAN_POINT ( 'NONE',  ( 0.03796746881030720056, 3.673940397442064486E-19, -0.1785500000000005416 ) ) ;
#487 = ORIENTED_EDGE ( 'NONE', *, *, #504, .T. ) ;
#488 = LINE ( 'NONE', #3318, #3772 ) ;
#489 = ORIENTED_EDGE ( 'NONE', *, *, #435, .T. ) ;
#490 = DIRECTION ( 'NONE',  ( -1.000000000000000000, -0.0000000000000000000, -0.0000000000000000000 ) ) ;
#491 = ORIENTED_EDGE ( 'NONE', *, *, #4385, .F. ) ;
#492 = EDGE_CURVE ( 'NONE', #2644, #865, #400, .T. ) ;
#493 = DIRECTION ( 'NONE',  ( 0.3420201433256666035, 0.0000000000000000000, 0.9396926207859092051 ) ) ;
#494 = CARTESIAN_POINT ( 'NONE',  ( 0.9759349376206162274, 0.0000000000000000000, -0.1999999999999997058 ) ) ;
#495 = DIRECTION ( 'NONE',  ( -0.9396926207859072067, 0.0000000000000000000, -0.3420201433256721546 ) ) ;
#496 = EDGE_LOOP ( 'NONE', ( #5063, #3651, #169, #3365 ) ) ;
#497 = CARTESIAN_POINT ( 'NONE',  ( 0.6816684688103075151, -0.05000000000000000278, -0.01574999999999998623 ) ) ;
#498 = ORIENTED_EDGE ( 'NONE', *, *, #3483, .T. ) ;
#499 = LINE ( 'NONE', #4983, #5109 ) ;
#500 = EDGE_CURVE ( 'NONE', #198, #4230, #2796, .T. ) ;
#501 = ORIENTED_EDGE ( 'NONE', *, *, #1890, .T. ) ;
#502 = CARTESIAN_POINT ( 'NONE',  ( 0.9816674688103075308, -0.05000000000000000278, -0.1842499999999992755 ) ) ;
#503 = ADVANCED_FACE ( 'NONE', ( #3625 ), #4298, .T. ) ;
#504 = EDGE_CURVE ( 'NONE', #3082, #4973, #695, .T. ) ;
#505 = VERTEX_POINT ( 'NONE', #3301 ) ;
#506 = CARTESIAN_POINT ( 'NONE',  ( -0.07279404685323935531, -0.05000000000000000278, 0.0000000000000000000 ) ) ;
#507 = CARTESIAN_POINT ( 'NONE',  ( 0.1759359376206146575, -0.05000000000000000278, -0.1999999999999999833 ) ) ;
#508 = PLANE ( 'NONE',  #803 ) ;
#509 = ADVANCED_FACE ( 'NONE', ( #112 ), #4553, .F. ) ;
#510 = ORIENTED_EDGE ( 'NONE', *, *, #1569, .T. ) ;
#511 = DIRECTION ( 'NONE',  ( 0.0000000000000000000, 1.000000000000000000, 0.0000000000000000000 ) ) ;
#512 = EDGE_LOOP ( 'NONE', ( #3216, #4478, #5241, #478 ) ) ;
#513 = DIRECTION ( 'NONE',  ( 1.000000000000000000, -0.0000000000000000000, -0.0000000000000000000 ) ) ;
#514 = ORIENTED_EDGE ( 'NONE', *, *, #4132, .F. ) ;
#515 = DIRECTION ( 'NONE',  ( -0.0000000000000000000, 1.000000000000000000, -0.0000000000000000000 ) ) ;
#516 = CARTESIAN_POINT ( 'NONE',  ( 0.2942664688103074355, 0.0000000000000000000, -0.1842499999999996918 ) ) ;
#517 = DIRECTION ( 'NONE',  ( 1.000000000000000000, 0.0000000000000000000, -5.421193827719211569E-15 ) ) ;
#518 = EDGE_LOOP ( 'NONE', ( #3210, #3668, #2729, #857 ) ) ;
#519 = FACE_OUTER_BOUND ( 'NONE', #846, .T. ) ;
#520 = ORIENTED_EDGE ( 'NONE', *, *, #1550, .T. ) ;
#521 = CARTESIAN_POINT ( 'NONE',  ( 0.1816684688103074041, -0.05000000000000000278, -0.01574999999999998623 ) ) ;
#522 = ORIENTED_EDGE ( 'NONE', *, *, #604, .F. ) ;
#523 = CARTESIAN_POINT ( 'NONE',  ( 0.6379674688103071922, 3.673940397442064486E-19, -0.04999999999999999584 ) ) ;
#524 = EDGE_CURVE ( 'NONE', #2516, #2882, #2898, .T. ) ;
#525 = AXIS2_PLACEMENT_3D ( 'NONE', #5140, #997, #1476 ) ;
#526 = ADVANCED_FACE ( 'NONE', ( #1286 ), #3844, .F. ) ;
#527 = ORIENTED_EDGE ( 'NONE', *, *, #1512, .T. ) ;
#528 = DIRECTION ( 'NONE',  ( -1.000000000000000000, -0.0000000000000000000, -0.0000000000000000000 ) ) ;
#529 = CYLINDRICAL_SURFACE ( 'NONE', #635, 0.02855000000000052982 ) ;
#530 = DIRECTION ( 'NONE',  ( -0.0000000000000000000, 1.000000000000000000, -0.0000000000000000000 ) ) ;
#531 = AXIS2_PLACEMENT_3D ( 'NONE', #4233, #927, #175 ) ;
#532 = EDGE_CURVE ( 'NONE', #4289, #4973, #1832, .T. ) ;
#533 = ORIENTED_EDGE ( 'NONE', *, *, #3326, .T. ) ;
#534 = AXIS2_PLACEMENT_3D ( 'NONE', #170, #3361, #998 ) ;
#535 = CARTESIAN_POINT ( 'NONE',  ( 0.7379674688103072810, 0.0000000000000000000, -0.1499999999999999944 ) ) ;
#536 = VERTEX_POINT ( 'NONE', #1685 ) ;
#537 = DIRECTION ( 'NONE',  ( -0.0000000000000000000, 1.000000000000000000, -0.0000000000000000000 ) ) ;
#538 = ORIENTED_EDGE ( 'NONE', *, *, #896, .T. ) ;
#539 = EDGE_CURVE ( 'NONE', #872, #628, #217, .T. ) ;
#540 = CARTESIAN_POINT ( 'NONE',  ( 0.0000000000000000000, 0.0000000000000000000, 0.0000000000000000000 ) ) ;
#541 = VECTOR ( 'NONE', #2508, 39.37007874015748143 ) ;
#542 = DIRECTION ( 'NONE',  ( -0.0000000000000000000, 1.000000000000000000, -0.0000000000000000000 ) ) ;
#543 = VECTOR ( 'NONE', #4653, 39.37007874015748143 ) ;
#544 = AXIS2_PLACEMENT_3D ( 'NONE', #2691, #4305, #2662 ) ;
#545 = DIRECTION ( 'NONE',  ( -1.000000000000000000, -0.0000000000000000000, -0.0000000000000000000 ) ) ;
#546 = ORIENTED_EDGE ( 'NONE', *, *, #731, .T. ) ;
#547 =( REPRESENTATION_RELATIONSHIP ('NONE','NONE', #813, #979 ) REPRESENTATION_RELATIONSHIP_WITH_TRANSFORMATION ( #936 )SHAPE_REPRESENTATION_RELATIONSHIP( ) );
#548 = CIRCLE ( 'NONE', #1135, 0.02855000000000054022 ) ;
#549 = VECTOR ( 'NONE', #19, 39.37007874015748143 ) ;
#550 = LINE ( 'NONE', #3783, #4503 ) ;
#551 = ORIENTED_EDGE ( 'NONE', *, *, #3997, .F. ) ;
#552 = DIRECTION ( 'NONE',  ( 0.3420201433256666035, 0.0000000000000000000, 0.9396926207859092051 ) ) ;
#553 = VECTOR ( 'NONE', #1158, 39.37007874015748854 ) ;
#554 = EDGE_LOOP ( 'NONE', ( #5126, #233, #2963, #3506 ) ) ;
#555 = DIRECTION ( 'NONE',  ( 0.3420201433256633283, 0.0000000000000000000, -0.9396926207859103153 ) ) ;
#556 = AXIS2_PLACEMENT_3D ( 'NONE', #1820, #3468, #231 ) ;
#557 = VECTOR ( 'NONE', #2545, 39.37007874015748143 ) ;
#558 = AXIS2_PLACEMENT_3D ( 'NONE', #1118, #1072, #5182 ) ;
#559 = ORIENTED_EDGE ( 'NONE', *, *, #2702, .T. ) ;
#560 = DIRECTION ( 'NONE',  ( -0.0000000000000000000, 1.000000000000000000, -0.0000000000000000000 ) ) ;
#561 = CARTESIAN_POINT ( 'NONE',  ( 0.6759359376206146575, 0.0000000000000000000, -0.1999999999999999833 ) ) ;
#562 = CARTESIAN_POINT ( 'NONE',  ( 0.7942664688103074910, -0.05000000000000000278, -0.01574999999999998623 ) ) ;
#563 = AXIS2_PLACEMENT_3D ( 'NONE', #182, #4297, #5125 ) ;
#564 = EDGE_CURVE ( 'NONE', #999, #2544, #4599, .T. ) ;
#565 = VERTEX_POINT ( 'NONE', #83 ) ;
#566 = DIRECTION ( 'NONE',  ( -1.000000000000000000, -0.0000000000000000000, -0.0000000000000000000 ) ) ;
#567 = VERTEX_POINT ( 'NONE', #1739 ) ;
#568 = CARTESIAN_POINT ( 'NONE',  ( 0.6759359376206146575, 0.0000000000000000000, -9.478001694819074349E-34 ) ) ;
#569 = VERTEX_POINT ( 'NONE', #1007 ) ;
#570 = CARTESIAN_POINT ( 'NONE',  ( 0.3942664688103074133, -0.05000000000000000278, -0.01574999999999998623 ) ) ;
#571 = EDGE_CURVE ( 'NONE', #1973, #4230, #1708, .T. ) ;
#572 = ADVANCED_FACE ( 'NONE', ( #3325 ), #4674, .F. ) ;
#573 = CARTESIAN_POINT ( 'NONE',  ( 0.3379674688103072033, -0.05000000000000000278, -0.1499999999999999944 ) ) ;
#574 = CONTEXT_DEPENDENT_SHAPE_REPRESENTATION ( #1290, #1607 ) ;
#575 = CARTESIAN_POINT ( 'NONE',  ( 0.3379674688103072033, -0.05000000000000000278, -0.1785500000000005416 ) ) ;
#576 = ORIENTED_EDGE ( 'NONE', *, *, #571, .F. ) ;
#577 = AXIS2_PLACEMENT_3D ( 'NONE', #3985, #2875, #4095 ) ;
#578 = EDGE_CURVE ( 'NONE', #3444, #865, #4771, .T. ) ;
#579 = DIRECTION ( 'NONE',  ( -1.000000000000000000, -0.0000000000000000000, -0.0000000000000000000 ) ) ;
#580 = VERTEX_POINT ( 'NONE', #2134 ) ;
#581 = CARTESIAN_POINT ( 'NONE',  ( -0.01203253118969264089, -0.05000000000000000278, -0.1842499999999996918 ) ) ;
#582 = ORIENTED_EDGE ( 'NONE', *, *, #4189, .T. ) ;
#583 = LINE ( 'NONE', #2251, #1400 ) ;
#584 = ORIENTED_EDGE ( 'NONE', *, *, #1538, .T. ) ;
#585 = FACE_BOUND ( 'NONE', #3533, .T. ) ;
#586 = CARTESIAN_POINT ( 'NONE',  ( 1.118416028926167982, 2.129741810843848171, 2.122227730851123706 ) ) ;
#587 = CARTESIAN_POINT ( 'NONE',  ( 0.6999990000000000379, -0.05000000000000000278, 0.0000000000000000000 ) ) ;
#588 = PLANE ( 'NONE',  #4265 ) ;
#589 = VERTEX_POINT ( 'NONE', #4268 ) ;
#590 = DIRECTION ( 'NONE',  ( -0.7071067811865153763, 0.0000000000000000000, 0.7071067811865795472 ) ) ;
#591 = EDGE_LOOP ( 'NONE', ( #3632, #3470, #2763, #2489 ) ) ;
#592 = CARTESIAN_POINT ( 'NONE',  ( 0.9816674688103075308, 0.0000000000000000000, -0.01574999999999967745 ) ) ;
#593 = ORIENTED_EDGE ( 'NONE', *, *, #2029, .T. ) ;
#594 = CARTESIAN_POINT ( 'NONE',  ( -0.01203253118969264436, -0.05000000000000000278, -0.01574999999999999664 ) ) ;
#595 = EDGE_CURVE ( 'NONE', #173, #938, #1434, .T. ) ;
#596 = EDGE_CURVE ( 'NONE', #459, #3911, #3050, .T. ) ;
#597 = CARTESIAN_POINT ( 'NONE',  ( 0.0000000000000000000, 0.0000000000000000000, 0.02150000000000002950 ) ) ;
#598 = PRODUCT_DEFINITION ( 'UNKNOWN', '', #4210, #3492 ) ;
#599 = LINE ( 'NONE', #2214, #1793 ) ;
#600 = VERTEX_POINT ( 'NONE', #4144 ) ;
#601 = CARTESIAN_POINT ( 'NONE',  ( 0.6379674688103071922, 3.673940397442064486E-19, -0.1785500000000005416 ) ) ;
#602 = VERTEX_POINT ( 'NONE', #4899 ) ;
#603 = DIRECTION ( 'NONE',  ( -0.9396926207859092051, 0.0000000000000000000, 0.3420201433256664925 ) ) ;
#604 = EDGE_CURVE ( 'NONE', #784, #1673, #3748, .T. ) ;
#605 = ORIENTED_EDGE ( 'NONE', *, *, #2022, .F. ) ;
#606 = DIRECTION ( 'NONE',  ( 0.0000000000000000000, 0.0000000000000000000, 1.000000000000000000 ) ) ;
#607 = DIRECTION ( 'NONE',  ( 0.0000000000000000000, 0.0000000000000000000, 1.000000000000000000 ) ) ;
#608 = LINE ( 'NONE', #1455, #3851 ) ;
#609 = CYLINDRICAL_SURFACE ( 'NONE', #3003, 0.02855000000000052982 ) ;
#610 = CIRCLE ( 'NONE', #1712, 0.02150000000000002950 ) ;
#611 = ORIENTED_EDGE ( 'NONE', *, *, #405, .T. ) ;
#612 = LINE ( 'NONE', #2262, #3151 ) ;
#613 = CARTESIAN_POINT ( 'NONE',  ( 0.3379674688103072033, 3.673940397442064486E-19, -0.04999999999999999584 ) ) ;
#614 = EDGE_LOOP ( 'NONE', ( #1601, #4922, #3429, #3642 ) ) ;
#615 = DIRECTION ( 'NONE',  ( -0.0000000000000000000, 1.000000000000000000, -0.0000000000000000000 ) ) ;
#616 = VERTEX_POINT ( 'NONE', #4238 ) ;
#617 = LINE ( 'NONE', #5159, #27 ) ;
#618 = LINE ( 'NONE', #3484, #2759 ) ;
#619 = DIRECTION ( 'NONE',  ( 0.3420201433256633283, 0.0000000000000000000, -0.9396926207859103153 ) ) ;
#620 = VECTOR ( 'NONE', #1263, 39.37007874015748143 ) ;
#621 = EDGE_CURVE ( 'NONE', #1932, #3942, #612, .T. ) ;
#622 = PRODUCT_DEFINITION_SHAPE ( 'NONE', 'NONE',  #5262 ) ;
#623 = CIRCLE ( 'NONE', #2658, 0.02855000000000054022 ) ;
#624 = DIRECTION ( 'NONE',  ( -1.000000000000000000, 0.0000000000000000000, -0.0000000000000000000 ) ) ;
#625 = CARTESIAN_POINT ( 'NONE',  ( 0.2379674688103072255, -0.05000000000000000278, -0.07855000000000052218 ) ) ;
#626 = ORIENTED_EDGE ( 'NONE', *, *, #472, .F. ) ;
#627 = LINE ( 'NONE', #3466, #1977 ) ;
#628 = VERTEX_POINT ( 'NONE', #240 ) ;
#629 = CARTESIAN_POINT ( 'NONE',  ( 0.01000000000000180606, 4.408728476930249931E-18, -0.03599999999999819317 ) ) ;
#630 = AXIS2_PLACEMENT_3D ( 'NONE', #2867, #4834, #1196 ) ;
#631 = EDGE_CURVE ( 'NONE', #3018, #2478, #1261, .T. ) ;
#633 = EDGE_CURVE ( 'NONE', #721, #4667, #3157, .T. ) ;
#632 = ORIENTED_EDGE ( 'NONE', *, *, #2375, .T. ) ;
#634 = AXIS2_PLACEMENT_3D ( 'NONE', #4924, #4574, #4950 ) ;
#635 = AXIS2_PLACEMENT_3D ( 'NONE', #3312, #4967, #131 ) ;
#636 = DIRECTION ( 'NONE',  ( -0.0000000000000000000, 1.000000000000000000, -0.0000000000000000000 ) ) ;
#637 = CARTESIAN_POINT ( 'NONE',  ( 0.9379674688103073477, 3.673940397442064486E-19, -0.07855000000000052218 ) ) ;
#638 = FACE_OUTER_BOUND ( 'NONE', #3702, .T. ) ;
#639 = AXIS2_PLACEMENT_3D ( 'NONE', #1305, #1680, #3296 ) ;
#640 = VECTOR ( 'NONE', #3685, 39.37007874015748143 ) ;
#641 = ORIENTED_EDGE ( 'NONE', *, *, #1370, .T. ) ;
#642 = CARTESIAN_POINT ( 'NONE',  ( 0.8816684688103074707, -0.05000000000000000278, -0.01574999999999998623 ) ) ;
#643 = DIRECTION ( 'NONE',  ( -0.0000000000000000000, 1.000000000000000000, -0.0000000000000000000 ) ) ;
#644 = VERTEX_POINT ( 'NONE', #1941 ) ;
#645 = CARTESIAN_POINT ( 'NONE',  ( 0.9379674688103073477, 3.673940397442064486E-19, -0.02144999999999946602 ) ) ;
#646 = VERTEX_POINT ( 'NONE', #5124 ) ;
#647 = CARTESIAN_POINT ( 'NONE',  ( 0.9879674688103075031, -0.05000000000000000278, -0.1842499999999992755 ) ) ;
#648 = CARTESIAN_POINT ( 'NONE',  ( 0.7379674688103072810, 0.0000000000000000000, -0.04999999999999999584 ) ) ;
#649 = LINE ( 'NONE', #2632, #3423 ) ;
#650 = DIRECTION ( 'NONE',  ( 0.0000000000000000000, 0.0000000000000000000, -1.000000000000000000 ) ) ;
#651 = DIRECTION ( 'NONE',  ( -0.0000000000000000000, 1.000000000000000000, -0.0000000000000000000 ) ) ;
#652 = ORIENTED_EDGE ( 'NONE', *, *, #3391, .T. ) ;
#653 = DIRECTION ( 'NONE',  ( -0.0000000000000000000, 1.000000000000000000, -0.0000000000000000000 ) ) ;
#654 = VERTEX_POINT ( 'NONE', #1964 ) ;
#655 = CARTESIAN_POINT ( 'NONE',  ( 0.5759359376206146797, -0.05000000000000000278, -0.1999999999999999833 ) ) ;
#656 = EDGE_LOOP ( 'NONE', ( #9, #1747 ) ) ;
#657 = EDGE_LOOP ( 'NONE', ( #360, #735 ) ) ;
#658 = EDGE_CURVE ( 'NONE', #5153, #1493, #717, .T. ) ;
#659 = ORIENTED_EDGE ( 'NONE', *, *, #924, .F. ) ;
#660 = EDGE_CURVE ( 'NONE', #4896, #4561, #3109, .T. ) ;
#661 = CARTESIAN_POINT ( 'NONE',  ( 0.8942664688103074688, -0.05000000000000000278, -0.01574999999999998623 ) ) ;
#662 = DIRECTION ( 'NONE',  ( -0.0000000000000000000, 1.000000000000000000, -0.0000000000000000000 ) ) ;
#663 = LINE ( 'NONE', #261, #2409 ) ;
#664 = ADVANCED_FACE ( 'NONE', ( #1142, #1544 ), #2385, .F. ) ;
#665 = ORIENTED_EDGE ( 'NONE', *, *, #2184, .T. ) ;
#666 = FACE_OUTER_BOUND ( 'NONE', #1289, .T. ) ;
#667 = LINE ( 'NONE', #3919, #4887 ) ;
#668 = CARTESIAN_POINT ( 'NONE',  ( 0.7759359376206146353, -0.05000000000000000278, -9.478001694819074349E-34 ) ) ;
#669 = EDGE_LOOP ( 'NONE', ( #3407, #1128, #4889, #456 ) ) ;
#670 = CARTESIAN_POINT ( 'NONE',  ( 0.0000000000000000000, -0.05000000000000000278, 0.0000000000000000000 ) ) ;
#671 = PRODUCT_DEFINITION_SHAPE ( 'NONE', 'NONE',  #598 ) ;
#672 = EDGE_CURVE ( 'NONE', #4740, #2157, #1519, .T. ) ;
#673 = PLANE ( 'NONE',  #5050 ) ;
#674 = FACE_OUTER_BOUND ( 'NONE', #3716, .T. ) ;
#675 = DIRECTION ( 'NONE',  ( 0.9396926207859104263, 0.0000000000000000000, 0.3420201433256633838 ) ) ;
#676 = DIRECTION ( 'NONE',  ( -0.0000000000000000000, 1.000000000000000000, -0.0000000000000000000 ) ) ;
#677 = ORIENTED_EDGE ( 'NONE', *, *, #4325, .T. ) ;
#678 = CARTESIAN_POINT ( 'NONE',  ( 0.3942664688103074133, 0.0000000000000000000, -0.01574999999999998623 ) ) ;
#679 = VERTEX_POINT ( 'NONE', #3951 ) ;
#680 = PLANE ( 'NONE',  #1579 ) ;
#681 = ORIENTED_EDGE ( 'NONE', *, *, #4817, .T. ) ;
#682 = EDGE_LOOP ( 'NONE', ( #5024, #4221, #2261, #4232 ) ) ;
#683 = LINE ( 'NONE', #2300, #4089 ) ;
#684 = CARTESIAN_POINT ( 'NONE',  ( 0.6816684688103075151, 0.0000000000000000000, -0.1842499999999996085 ) ) ;
#685 = CARTESIAN_POINT ( 'NONE',  ( 0.7379674688103072810, 3.673940397442064486E-19, -0.1499999999999999944 ) ) ;
#686 = EDGE_CURVE ( 'NONE', #2997, #4854, #1171, .T. ) ;
#687 = ORIENTED_EDGE ( 'NONE', *, *, #1510, .T. ) ;
#688 = LINE ( 'NONE', #4705, #2059 ) ;
#689 = CARTESIAN_POINT ( 'NONE',  ( 0.1379674688103071922, 3.673940397442064486E-19, -0.04999999999999999584 ) ) ;
#690 = EDGE_LOOP ( 'NONE', ( #3322, #4259, #3528, #1034 ) ) ;
#691 = LINE ( 'NONE', #3847, #204 ) ;
#692 = ORIENTED_EDGE ( 'NONE', *, *, #3481, .T. ) ;
#693 = DIRECTION ( 'NONE',  ( -0.0000000000000000000, 1.000000000000000000, -0.0000000000000000000 ) ) ;
#694 = EDGE_CURVE ( 'NONE', #908, #1973, #2361, .T. ) ;
#695 = CIRCLE ( 'NONE', #1371, 0.02855000000000054022 ) ;
#696 = LINE ( 'NONE', #4327, #3270 ) ;
#697 = EDGE_CURVE ( 'NONE', #1451, #3640, #4168, .T. ) ;
#698 = SURFACE_STYLE_FILL_AREA ( #3542 ) ;
#699 = VECTOR ( 'NONE', #2930, 39.37007874015748143 ) ;
#700 = CARTESIAN_POINT ( 'NONE',  ( 0.8379674688103072588, 0.0000000000000000000, -0.04999999999999999584 ) ) ;
#701 = CYLINDRICAL_SURFACE ( 'NONE', #525, 0.02855000000000054022 ) ;
#702 = ORIENTED_EDGE ( 'NONE', *, *, #3376, .F. ) ;
#703 = VECTOR ( 'NONE', #970, 39.37007874015748143 ) ;
#704 = CARTESIAN_POINT ( 'NONE',  ( 0.2804485601158817620, 2.119741810843843499, 2.172227730851123972 ) ) ;
#705 = DIRECTION ( 'NONE',  ( -0.3420201433256720991, 0.0000000000000000000, 0.9396926207859070956 ) ) ;
#706 = ORIENTED_EDGE ( 'NONE', *, *, #3766, .F. ) ;
#707 = DIRECTION ( 'NONE',  ( 1.000000000000000000, 0.0000000000000000000, 0.0000000000000000000 ) ) ;
#708 = AXIS2_PLACEMENT_3D ( 'NONE', #4741, #1929, #2719 ) ;
#709 = VERTEX_POINT ( 'NONE', #3975 ) ;
#710 = DIRECTION ( 'NONE',  ( 0.0000000000000000000, 0.0000000000000000000, 1.000000000000000000 ) ) ;
#711 = VECTOR ( 'NONE', #707, 39.37007874015748143 ) ;
#712 = LINE ( 'NONE', #2783, #1321 ) ;
#713 = CARTESIAN_POINT ( 'NONE',  ( 0.9379674688103073477, 3.673940397442064486E-19, -0.04999999999999999584 ) ) ;
#714 = CIRCLE ( 'NONE', #2161, 0.02855000000000054022 ) ;
#715 = VECTOR ( 'NONE', #2596, 39.37007874015748143 ) ;
#716 = ORIENTED_EDGE ( 'NONE', *, *, #5002, .F. ) ;
#717 = LINE ( 'NONE', #4781, #1123 ) ;
#718 = DIRECTION ( 'NONE',  ( 0.0000000000000000000, 0.0000000000000000000, 1.000000000000000000 ) ) ;
#719 = ORIENTED_EDGE ( 'NONE', *, *, #2861, .T. ) ;
#720 = CARTESIAN_POINT ( 'NONE',  ( 0.6379674688103071922, 3.673940397442064486E-19, -0.02144999999999946602 ) ) ;
#721 = VERTEX_POINT ( 'NONE', #2338 ) ;
#722 = DIRECTION ( 'NONE',  ( -1.000000000000000000, -0.0000000000000000000, -0.0000000000000000000 ) ) ;
#723 = VECTOR ( 'NONE', #1629, 39.37007874015748854 ) ;
#724 = CIRCLE ( 'NONE', #2413, 0.01049999999999998157 ) ;
#725 = VECTOR ( 'NONE', #2791, 39.37007874015748143 ) ;
#726 = LINE ( 'NONE', #3274, #4276 ) ;
#727 = EDGE_CURVE ( 'NONE', #1282, #1638, #3185, .T. ) ;
#728 = EDGE_CURVE ( 'NONE', #5028, #4561, #346, .T. ) ;
#729 = ORIENTED_EDGE ( 'NONE', *, *, #2258, .F. ) ;
#730 = VECTOR ( 'NONE', #1172, 39.37007874015748143 ) ;
#731 = EDGE_CURVE ( 'NONE', #3135, #3467, #5154, .T. ) ;
#732 = CYLINDRICAL_SURFACE ( 'NONE', #4959, 0.02855000000000052982 ) ;
#733 = CARTESIAN_POINT ( 'NONE',  ( 0.8816684688103074707, -0.05000000000000000278, -0.01574999999999998623 ) ) ;
#734 = CARTESIAN_POINT ( 'NONE',  ( 0.5379674688103072144, 0.0000000000000000000, -0.1499999999999999944 ) ) ;
#735 = ORIENTED_EDGE ( 'NONE', *, *, #3290, .F. ) ;
#736 = FACE_BOUND ( 'NONE', #2815, .T. ) ;
#737 = EDGE_CURVE ( 'NONE', #3344, #679, #5204, .T. ) ;
#738 = ORIENTED_EDGE ( 'NONE', *, *, #1110, .T. ) ;
#739 = ORIENTED_EDGE ( 'NONE', *, *, #2862, .T. ) ;
#740 = CYLINDRICAL_SURFACE ( 'NONE', #3161, 0.02855000000000054022 ) ;
#741 = DIRECTION ( 'NONE',  ( -0.3420201433256720991, 0.0000000000000000000, 0.9396926207859070956 ) ) ;
#742 = DIRECTION ( 'NONE',  ( -0.0000000000000000000, 1.000000000000000000, -0.0000000000000000000 ) ) ;
#743 = AXIS2_PLACEMENT_3D ( 'NONE', #4410, #4494, #4045 ) ;
#744 = ORIENTED_EDGE ( 'NONE', *, *, #4695, .T. ) ;
#745 = CARTESIAN_POINT ( 'NONE',  ( 0.6379674688103071922, 3.673940397442064486E-19, -0.1499999999999999944 ) ) ;
#746 = CARTESIAN_POINT ( 'NONE',  ( 0.8759359376206147241, 0.0000000000000000000, -0.1999999999999999833 ) ) ;
#747 = ORIENTED_EDGE ( 'NONE', *, *, #4388, .F. ) ;
#748 =( REPRESENTATION_RELATIONSHIP ('NONE','NONE', #813, #979 ) REPRESENTATION_RELATIONSHIP_WITH_TRANSFORMATION ( #3355 )SHAPE_REPRESENTATION_RELATIONSHIP( ) );
#749 = DIRECTION ( 'NONE',  ( 0.3420201433256665480, -0.0000000000000000000, 0.9396926207859092051 ) ) ;
#750 = EDGE_LOOP ( 'NONE', ( #440, #2185, #510, #3469 ) ) ;
#751 = DIRECTION ( 'NONE',  ( 1.000000000000000000, 0.0000000000000000000, -5.421193827719211569E-15 ) ) ;
#752 = DIRECTION ( 'NONE',  ( -1.000000000000000000, 0.0000000000000000000, 6.998027963638287744E-17 ) ) ;
#753 = ORIENTED_EDGE ( 'NONE', *, *, #4220, .F. ) ;
#754 = EDGE_CURVE ( 'NONE', #1673, #2637, #294, .T. ) ;
#755 = ADVANCED_FACE ( 'NONE', ( #1573 ), #5093, .F. ) ;
#756 = LINE ( 'NONE', #4384, #1313 ) ;
#757 = DIRECTION ( 'NONE',  ( 0.0000000000000000000, 0.0000000000000000000, 1.000000000000000000 ) ) ;
#758 = CARTESIAN_POINT ( 'NONE',  ( 0.9184160289261679155, 2.129741810843848171, 2.122227730851123706 ) ) ;
#759 = CARTESIAN_POINT ( 'NONE',  ( 0.03500000000000071804, 3.551475717527594541E-18, -0.02900000000000220804 ) ) ;
#760 = PRODUCT_RELATED_PRODUCT_CATEGORY ( 'part', '', ( #1226 ) ) ;
#761 = ORIENTED_EDGE ( 'NONE', *, *, #3316, .T. ) ;
#762 = CARTESIAN_POINT ( 'NONE',  ( 0.1999990000000001211, -0.05000000000000000278, 0.0000000000000000000 ) ) ;
#763 = EDGE_CURVE ( 'NONE', #3014, #3727, #4320, .T. ) ;
#764 = ORIENTED_EDGE ( 'NONE', *, *, #3805, .F. ) ;
#765 = ORIENTED_EDGE ( 'NONE', *, *, #1881, .T. ) ;
#766 = DIRECTION ( 'NONE',  ( -0.9396926207859092051, 0.0000000000000000000, 0.3420201433256666035 ) ) ;
#767 = EDGE_CURVE ( 'NONE', #2532, #5028, #688, .T. ) ;
#768 = FACE_OUTER_BOUND ( 'NONE', #157, .T. ) ;
#769 = DIRECTION ( 'NONE',  ( 0.0000000000000000000, 0.0000000000000000000, 1.000000000000000000 ) ) ;
#770 = ORIENTED_EDGE ( 'NONE', *, *, #2318, .T. ) ;
#771 = DIRECTION ( 'NONE',  ( 0.0000000000000000000, 0.0000000000000000000, 1.000000000000000000 ) ) ;
#772 = CARTESIAN_POINT ( 'NONE',  ( 0.5379674688103072144, -0.05000000000000000278, -0.1785500000000005416 ) ) ;
#773 = ORIENTED_EDGE ( 'NONE', *, *, #1213, .T. ) ;
#774 = FACE_OUTER_BOUND ( 'NONE', #3795, .T. ) ;
#775 = DIRECTION ( 'NONE',  ( -0.0000000000000000000, 1.000000000000000000, -0.0000000000000000000 ) ) ;
#776 = CARTESIAN_POINT ( 'NONE',  ( 0.08166846881030742633, -0.05000000000000000278, -0.1842499999999996085 ) ) ;
#777 = ORIENTED_EDGE ( 'NONE', *, *, #3221, .F. ) ;
#778 = DIMENSIONAL_EXPONENTS ( 1.000000000000000000, 0.0000000000000000000, 0.0000000000000000000, 0.0000000000000000000, 0.0000000000000000000, 0.0000000000000000000, 0.0000000000000000000 ) ;
#779 = CIRCLE ( 'NONE', #4596, 0.02855000000000052982 ) ;
#780 = CARTESIAN_POINT ( 'NONE',  ( 0.5379674688103072144, -0.05000000000000000278, -0.1214499999999994612 ) ) ;
#781 = CARTESIAN_POINT ( 'NONE',  ( -0.01203253118969264089, -0.05000000000000000278, -0.1842499999999996918 ) ) ;
#782 = DIRECTION ( 'NONE',  ( -3.491481338843133355E-15, -1.000000000000000000, 0.0000000000000000000 ) ) ;
#783 = CARTESIAN_POINT ( 'NONE',  ( 0.6942664688103074022, -0.05000000000000000278, -0.1842499999999996918 ) ) ;
#784 = VERTEX_POINT ( 'NONE', #1112 ) ;
#785 = DIRECTION ( 'NONE',  ( -1.000000000000000000, -0.0000000000000000000, -0.0000000000000000000 ) ) ;
#786 = CONICAL_SURFACE ( 'NONE', #5105, 0.007500000000000002325, 0.7853981633974936871 ) ;
#787 = ADVANCED_FACE ( 'NONE', ( #2683 ), #786, .T. ) ;
#788 = VECTOR ( 'NONE', #5229, 39.37007874015748143 ) ;
#789 = FACE_OUTER_BOUND ( 'NONE', #228, .T. ) ;
#790 = ORIENTED_EDGE ( 'NONE', *, *, #4814, .T. ) ;
#791 = CARTESIAN_POINT ( 'NONE',  ( 0.1649999999999989253, 1.347111479062126953E-18, -0.007500000000000002325 ) ) ;
#792 = ADVANCED_FACE ( 'NONE', ( #666 ), #2285, .F. ) ;
#793 = FACE_OUTER_BOUND ( 'NONE', #1319, .T. ) ;
#794 = EDGE_CURVE ( 'NONE', #3727, #2601, #4085, .T. ) ;
#795 = ADVANCED_FACE ( 'NONE', ( #799 ), #1222, .T. ) ;
#796 = ORIENTED_EDGE ( 'NONE', *, *, #633, .T. ) ;
#797 = VECTOR ( 'NONE', #3924, 39.37007874015748143 ) ;
#798 = VECTOR ( 'NONE', #243, 39.37007874015748854 ) ;
#799 = FACE_OUTER_BOUND ( 'NONE', #392, .T. ) ;
#800 = DIRECTION ( 'NONE',  ( -0.0000000000000000000, 1.000000000000000000, -0.0000000000000000000 ) ) ;
#801 = DIRECTION ( 'NONE',  ( -1.000000000000000000, 0.0000000000000000000, -0.0000000000000000000 ) ) ;
#802 = CARTESIAN_POINT ( 'NONE',  ( 0.1816684688103074319, -0.05000000000000000278, -0.1842499999999996085 ) ) ;
#803 = AXIS2_PLACEMENT_3D ( 'NONE', #4568, #2916, #3737 ) ;
#804 = AXIS2_PLACEMENT_3D ( 'NONE', #950, #1752, #2147 ) ;
#805 = VERTEX_POINT ( 'NONE', #4481 ) ;
#806 = PLANE ( 'NONE',  #301 ) ;
#807 = ORIENTED_EDGE ( 'NONE', *, *, #4682, .F. ) ;
#808 = VECTOR ( 'NONE', #515, 39.37007874015748143 ) ;
#809 = AXIS2_PLACEMENT_3D ( 'NONE', #1108, #2039, #2725 ) ;
#810 = ORIENTED_EDGE ( 'NONE', *, *, #2543, .F. ) ;
#811 = AXIS2_PLACEMENT_3D ( 'NONE', #408, #5212, #1256 ) ;
#812 = CIRCLE ( 'NONE', #2319, 0.01049999999999998851 ) ;
#813 = SHAPE_REPRESENTATION ( 'mill-max-415-13-220-41-004000', ( #232, #3788, #2944, #1676, #1756, #4468, #3028, #2692, #2269, #4640, #3870, #2519, #406, #996, #1336, #577, #2352, #3202, #743, #3703, #3364, #3540 ), #1252 ) ;
#814 = LINE ( 'NONE', #4840, #2917 ) ;
#815 = DIRECTION ( 'NONE',  ( 0.0000000000000000000, 0.0000000000000000000, 1.000000000000000000 ) ) ;
#816 = CARTESIAN_POINT ( 'NONE',  ( 0.6999990000000000379, -0.05000000000000000278, -0.1999999999999999833 ) ) ;
#817 = VECTOR ( 'NONE', #1194, 39.37007874015748143 ) ;
#818 = ORIENTED_EDGE ( 'NONE', *, *, #2473, .T. ) ;
#819 = FACE_BOUND ( 'NONE', #1564, .T. ) ;
#820 = DIRECTION ( 'NONE',  ( 1.000000000000000000, 0.0000000000000000000, 0.0000000000000000000 ) ) ;
#821 = ORIENTED_EDGE ( 'NONE', *, *, #2469, .T. ) ;
#822 = DIRECTION ( 'NONE',  ( 0.0000000000000000000, 0.0000000000000000000, 1.000000000000000000 ) ) ;
#823 = CARTESIAN_POINT ( 'NONE',  ( 0.0000000000000000000, 4.408728476930249931E-18, -0.03599999999999819317 ) ) ;
#824 = EDGE_CURVE ( 'NONE', #3052, #2034, #4110, .T. ) ;
#825 = EDGE_CURVE ( 'NONE', #1703, #2430, #4936, .T. ) ;
#826 = ORIENTED_EDGE ( 'NONE', *, *, #1678, .F. ) ;
#827 = DIRECTION ( 'NONE',  ( -1.000000000000000000, 0.0000000000000000000, 6.998027963638287744E-17 ) ) ;
#828 = DIRECTION ( 'NONE',  ( -0.0000000000000000000, 1.000000000000000000, -0.0000000000000000000 ) ) ;
#829 = FACE_OUTER_BOUND ( 'NONE', #4128, .T. ) ;
#830 = ADVANCED_FACE ( 'NONE', ( #3234 ), #4426, .F. ) ;
#831 = FACE_OUTER_BOUND ( 'NONE', #109, .T. ) ;
#832 = VERTEX_POINT ( 'NONE', #451 ) ;
#833 = CARTESIAN_POINT ( 'NONE',  ( 0.7379674688103072810, 3.673940397442064486E-19, -0.1214499999999994612 ) ) ;
#834 = ORIENTED_EDGE ( 'NONE', *, *, #5002, .T. ) ;
#835 = ORIENTED_EDGE ( 'NONE', *, *, #524, .T. ) ;
#836 = EDGE_CURVE ( 'NONE', #3249, #2114, #52, .T. ) ;
#837 = FACE_OUTER_BOUND ( 'NONE', #4419, .T. ) ;
#838 = LINE ( 'NONE', #3672, #3491 ) ;
#839 = PRODUCT_CONTEXT ( 'NONE', #4098, 'mechanical' ) ;
#840 = FACE_OUTER_BOUND ( 'NONE', #1666, .T. ) ;
#841 = EDGE_LOOP ( 'NONE', ( #2625, #2799, #796, #2925 ) ) ;
#842 = CARTESIAN_POINT ( 'NONE',  ( 0.07800000000000031908, 0.0000000000000000000, 0.0000000000000000000 ) ) ;
#843 = DIRECTION ( 'NONE',  ( 0.9396926207859381819, 0.0000000000000000000, -0.3420201433255870560 ) ) ;
#844 = EDGE_LOOP ( 'NONE', ( #4992, #3572, #1458, #2901 ) ) ;
#845 = CARTESIAN_POINT ( 'NONE',  ( 0.3379674688103072033, 0.0000000000000000000, -0.07855000000000052218 ) ) ;
#846 = EDGE_LOOP ( 'NONE', ( #3455, #4673, #4698, #3645 ) ) ;
#847 = LINE ( 'NONE', #2459, #1737 ) ;
#848 =( REPRESENTATION_RELATIONSHIP ('NONE','NONE', #813, #979 ) REPRESENTATION_RELATIONSHIP_WITH_TRANSFORMATION ( #893 )SHAPE_REPRESENTATION_RELATIONSHIP( ) );
#849 = ORIENTED_EDGE ( 'NONE', *, *, #2607, .T. ) ;
#850 = FACE_BOUND ( 'NONE', #1244, .T. ) ;
#851 = LINE ( 'NONE', #1145, #4440 ) ;
#852 = DIRECTION ( 'NONE',  ( 0.3420201433256666035, 0.0000000000000000000, 0.9396926207859092051 ) ) ;
#853 = EDGE_CURVE ( 'NONE', #2668, #832, #1597, .T. ) ;
#854 = ORIENTED_EDGE ( 'NONE', *, *, #504, .F. ) ;
#855 = PLANE ( 'NONE',  #126 ) ;
#856 = ORIENTED_EDGE ( 'NONE', *, *, #3152, .F. ) ;
#857 = ORIENTED_EDGE ( 'NONE', *, *, #1509, .T. ) ;
#858 = ADVANCED_FACE ( 'NONE', ( #4054 ), #2913, .T. ) ;
#859 = EDGE_CURVE ( 'NONE', #2272, #1486, #2517, .T. ) ;
#860 = AXIS2_PLACEMENT_3D ( 'NONE', #2957, #4174, #920 ) ;
#861 = DIRECTION ( 'NONE',  ( -0.0000000000000000000, 1.000000000000000000, -0.0000000000000000000 ) ) ;
#862 = CARTESIAN_POINT ( 'NONE',  ( 0.7379674688103072810, 3.673940397442064486E-19, -0.1499999999999999944 ) ) ;
#863 = APPLICATION_PROTOCOL_DEFINITION ( 'draft international standard', 'automotive_design', 1998, #1829 ) ;
#864 = CARTESIAN_POINT ( 'NONE',  ( 0.1579999999999989468, 0.0000000000000000000, 0.01450000000000062350 ) ) ;
#865 = VERTEX_POINT ( 'NONE', #3690 ) ;
#866 = DIRECTION ( 'NONE',  ( -0.0000000000000000000, 1.000000000000000000, -0.0000000000000000000 ) ) ;
#867 = AXIS2_PLACEMENT_3D ( 'NONE', #3039, #389, #757 ) ;
#868 = ORIENTED_EDGE ( 'NONE', *, *, #3575, .F. ) ;
#869 = ORIENTED_EDGE ( 'NONE', *, *, #2510, .F. ) ;
#870 = VECTOR ( 'NONE', #3918, 39.37007874015748854 ) ;
#871 = CARTESIAN_POINT ( 'NONE',  ( 0.8942664688103074688, -0.05000000000000000278, -0.1842499999999996918 ) ) ;
#872 = VERTEX_POINT ( 'NONE', #1193 ) ;
#873 = DIRECTION ( 'NONE',  ( -0.5150380749100549327, 0.0000000000000000000, 0.8571673007021117785 ) ) ;
#874 = AXIS2_PLACEMENT_3D ( 'NONE', #4103, #2094, #3706 ) ;
#875 = EDGE_LOOP ( 'NONE', ( #2095, #3080, #5062, #1714 ) ) ;
#876 = FACE_BOUND ( 'NONE', #3504, .T. ) ;
#877 = PLANE ( 'NONE',  #2411 ) ;
#878 = CARTESIAN_POINT ( 'NONE',  ( 0.2379674688103072255, 3.673940397442064486E-19, -0.1214499999999994612 ) ) ;
#879 = VECTOR ( 'NONE', #916, 39.37007874015748143 ) ;
#880 = ORIENTED_EDGE ( 'NONE', *, *, #3922, .F. ) ;
#881 = LINE ( 'NONE', #2077, #975 ) ;
#882 = ORIENTED_EDGE ( 'NONE', *, *, #442, .T. ) ;
#883 = DIRECTION ( 'NONE',  ( -0.0000000000000000000, 1.000000000000000000, -0.0000000000000000000 ) ) ;
#884 = ORIENTED_EDGE ( 'NONE', *, *, #3550, .T. ) ;
#885 = AXIS2_PLACEMENT_3D ( 'NONE', #1175, #1225, #2790 ) ;
#886 = VECTOR ( 'NONE', #2233, 39.37007874015748143 ) ;
#887 = AXIS2_PLACEMENT_3D ( 'NONE', #2348, #4739, #2716 ) ;
#888 = EDGE_CURVE ( 'NONE', #3729, #81, #2416, .T. ) ;
#889 = CIRCLE ( 'NONE', #1571, 0.02855000000000052982 ) ;
#890 = EDGE_CURVE ( 'NONE', #3562, #90, #4687, .T. ) ;
#891 = CARTESIAN_POINT ( 'NONE',  ( 0.6942664688103074022, 0.0000000000000000000, -0.01574999999999998623 ) ) ;
#892 = DIRECTION ( 'NONE',  ( -0.0000000000000000000, 1.000000000000000000, -0.0000000000000000000 ) ) ;
#893 = ITEM_DEFINED_TRANSFORMATION ( 'NONE', 'NONE', #3028,  #1156 ) ;
#894 = DIRECTION ( 'NONE',  ( 0.0000000000000000000, 0.0000000000000000000, 1.000000000000000000 ) ) ;
#895 = ORIENTED_EDGE ( 'NONE', *, *, #4090, .T. ) ;
#896 = EDGE_CURVE ( 'NONE', #1932, #4501, #1993, .T. ) ;
#897 = AXIS2_PLACEMENT_3D ( 'NONE', #3116, #3875, #5134 ) ;
#898 = CIRCLE ( 'NONE', #4538, 0.02855000000000052982 ) ;
#899 = FILL_AREA_STYLE_COLOUR ( '', #2137 ) ;
#900 = FACE_OUTER_BOUND ( 'NONE', #496, .T. ) ;
#901 = ORIENTED_EDGE ( 'NONE', *, *, #3578, .T. ) ;
#902 = CARTESIAN_POINT ( 'NONE',  ( 0.3816684688103073597, -0.05000000000000000278, -0.01574999999999998623 ) ) ;
#903 = ADVANCED_FACE ( 'NONE', ( #4033, #876, #399, #73, #4855, #1696, #3311, #2017, #3211, #3266, #4831, #4890, #2864, #850, #4157, #585, #2618, #3019, #153, #1772, #3045 ), #2965, .F. ) ;
#904 = ORIENTED_EDGE ( 'NONE', *, *, #1761, .F. ) ;
#905 = DIRECTION ( 'NONE',  ( 1.000000000000000000, 0.0000000000000000000, -0.0000000000000000000 ) ) ;
#906 = DIRECTION ( 'NONE',  ( -0.3420201433256720991, 0.0000000000000000000, 0.9396926207859070956 ) ) ;
#907 = LINE ( 'NONE', #1330, #2830 ) ;
#908 = VERTEX_POINT ( 'NONE', #1027 ) ;
#909 = LINE ( 'NONE', #955, #2248 ) ;
#910 = ORIENTED_EDGE ( 'NONE', *, *, #2384, .T. ) ;
#911 = CARTESIAN_POINT ( 'NONE',  ( 0.4942664688103074466, 0.0000000000000000000, -0.1842499999999996918 ) ) ;
#912 = VERTEX_POINT ( 'NONE', #1002 ) ;
#913 = CARTESIAN_POINT ( 'NONE',  ( 0.6999990000000000379, -0.05000000000000000278, 0.0000000000000000000 ) ) ;
#914 = CARTESIAN_POINT ( 'NONE',  ( 0.3942664688103074133, -0.05000000000000000278, -0.1842499999999996918 ) ) ;
#915 = ITEM_DEFINED_TRANSFORMATION ( 'NONE', 'NONE', #2519,  #1156 ) ;
#916 = DIRECTION ( 'NONE',  ( -1.000000000000000000, 0.0000000000000000000, 6.998027963638287744E-17 ) ) ;
#917 = VERTEX_POINT ( 'NONE', #4212 ) ;
#918 = EDGE_CURVE ( 'NONE', #1274, #2921, #2813, .T. ) ;
#919 = EDGE_CURVE ( 'NONE', #1749, #4339, #2146, .T. ) ;
#920 = DIRECTION ( 'NONE',  ( 0.3420201433256666035, 0.0000000000000000000, 0.9396926207859092051 ) ) ;
#921 = CARTESIAN_POINT ( 'NONE',  ( 0.2816684688103074374, 0.0000000000000000000, -0.1842499999999996085 ) ) ;
#922 = ORIENTED_EDGE ( 'NONE', *, *, #3683, .T. ) ;
#923 = DIRECTION ( 'NONE',  ( -1.000000000000000000, 0.0000000000000000000, -0.0000000000000000000 ) ) ;
#924 = EDGE_CURVE ( 'NONE', #2754, #1626, #978, .T. ) ;
#926 = ADVANCED_FACE ( 'NONE', ( #1404 ), #4134, .F. ) ;
#925 = ORIENTED_EDGE ( 'NONE', *, *, #4524, .F. ) ;
#927 = DIRECTION ( 'NONE',  ( -0.0000000000000000000, 1.000000000000000000, -0.0000000000000000000 ) ) ;
#928 = DIRECTION ( 'NONE',  ( 0.0000000000000000000, 0.0000000000000000000, 1.000000000000000000 ) ) ;
#929 = DIRECTION ( 'NONE',  ( -1.000000000000000000, -0.0000000000000000000, -0.0000000000000000000 ) ) ;
#930 = ORIENTED_EDGE ( 'NONE', *, *, #1678, .T. ) ;
#931 = LINE ( 'NONE', #3717, #557 ) ;
#932 = VERTEX_POINT ( 'NONE', #1796 ) ;
#933 = CARTESIAN_POINT ( 'NONE',  ( 0.9759349376206162274, -0.05000000000000000278, -0.1999999999999997058 ) ) ;
#934 = ORIENTED_EDGE ( 'NONE', *, *, #4557, .F. ) ;
#935 = DIRECTION ( 'NONE',  ( -0.0000000000000000000, 1.000000000000000000, -0.0000000000000000000 ) ) ;
#936 = ITEM_DEFINED_TRANSFORMATION ( 'NONE', 'NONE', #1756,  #1156 ) ;
#937 = LINE ( 'NONE', #3327, #1889 ) ;
#938 = VERTEX_POINT ( 'NONE', #3416 ) ;
#939 = PLANE ( 'NONE',  #4762 ) ;
#940 = ORIENTED_EDGE ( 'NONE', *, *, #4750, .F. ) ;
#941 = ADVANCED_FACE ( 'NONE', ( #5039 ), #4988, .F. ) ;
#942 = CARTESIAN_POINT ( 'NONE',  ( 0.4379674688103072366, 0.0000000000000000000, -0.1785500000000005416 ) ) ;
#943 = ORIENTED_EDGE ( 'NONE', *, *, #1761, .T. ) ;
#944 = CARTESIAN_POINT ( 'NONE',  ( 0.2942664688103074355, -0.05000000000000000278, -0.01574999999999998623 ) ) ;
#945 = VECTOR ( 'NONE', #2031, 39.37007874015748143 ) ;
#946 = ORIENTED_EDGE ( 'NONE', *, *, #3620, .F. ) ;
#947 = EDGE_CURVE ( 'NONE', #709, #1493, #2562, .T. ) ;
#948 = DIRECTION ( 'NONE',  ( 0.0000000000000000000, 0.0000000000000000000, 1.000000000000000000 ) ) ;
#949 = CARTESIAN_POINT ( 'NONE',  ( 0.0000000000000000000, 0.0000000000000000000, 0.0000000000000000000 ) ) ;
#950 = CARTESIAN_POINT ( 'NONE',  ( 0.07607179676972174176, 0.0000000000000000000, 0.0000000000000000000 ) ) ;
#951 = DIRECTION ( 'NONE',  ( 1.000000000000000000, 0.0000000000000000000, -0.0000000000000000000 ) ) ;
#952 = ADVANCED_FACE ( 'NONE', ( #5010 ), #3446, .F. ) ;
#953 = VERTEX_POINT ( 'NONE', #1429 ) ;
#954 = CONICAL_SURFACE ( 'NONE', #1554, 0.01450000000000062350, 1.047197551196412224 ) ;
#955 = CARTESIAN_POINT ( 'NONE',  ( 0.1759359376206146575, -0.05000000000000000278, -0.1999999999999999833 ) ) ;
#956 = ORIENTED_EDGE ( 'NONE', *, *, #51, .T. ) ;
#957 = CARTESIAN_POINT ( 'NONE',  ( 0.06700000000000012890, 0.0000000000000000000, 0.0000000000000000000 ) ) ;
#958 = ORIENTED_EDGE ( 'NONE', *, *, #2347, .F. ) ;
#959 = CARTESIAN_POINT ( 'NONE',  ( 0.1942664688103074300, 0.0000000000000000000, -0.1842499999999996918 ) ) ;
#960 = AXIS2_PLACEMENT_3D ( 'NONE', #4575, #545, #894 ) ;
#961 = FACE_OUTER_BOUND ( 'NONE', #3394, .T. ) ;
#962 = VECTOR ( 'NONE', #3573, 39.37007874015748143 ) ;
#963 = ITEM_DEFINED_TRANSFORMATION ( 'NONE', 'NONE', #2352,  #1156 ) ;
#964 = DIRECTION ( 'NONE',  ( 0.0000000000000000000, 0.0000000000000000000, 1.000000000000000000 ) ) ;
#965 = ORIENTED_EDGE ( 'NONE', *, *, #604, .T. ) ;
#966 = VECTOR ( 'NONE', #4749, 39.37007874015748143 ) ;
#967 = VECTOR ( 'NONE', #3815, 39.37007874015748143 ) ;
#968 = CARTESIAN_POINT ( 'NONE',  ( 0.9879674688103075031, -0.05000000000000000278, -0.01574999999999967745 ) ) ;
#969 = EDGE_LOOP ( 'NONE', ( #183, #4130, #1477, #3873 ) ) ;
#970 = DIRECTION ( 'NONE',  ( -0.0000000000000000000, 1.000000000000000000, -0.0000000000000000000 ) ) ;
#971 = AXIS2_PLACEMENT_3D ( 'NONE', #388, #861, #4795 ) ;
#972 = ORIENTED_EDGE ( 'NONE', *, *, #1931, .T. ) ;
#973 = CARTESIAN_POINT ( 'NONE',  ( 0.08300000000000018474, 0.0000000000000000000, 0.01450000000000062350 ) ) ;
#974 = AXIS2_PLACEMENT_3D ( 'NONE', #2275, #5031, #2196 ) ;
#975 = VECTOR ( 'NONE', #3696, 39.37007874015748854 ) ;
#976 = CIRCLE ( 'NONE', #2825, 0.02855000000000054022 ) ;
#977 = EDGE_LOOP ( 'NONE', ( #3398, #3711, #764, #4218 ) ) ;
#978 = LINE ( 'NONE', #2223, #4853 ) ;
#979 = SHAPE_REPRESENTATION ( '0512_0512-0-00-15-00-00-03-0', ( #1156 ), #59 ) ;
#980 = CARTESIAN_POINT ( 'NONE',  ( 0.3379674688103072033, 0.0000000000000000000, -0.04999999999999999584 ) ) ;
#981 = CARTESIAN_POINT ( 'NONE',  ( 0.4942664688103074466, -0.05000000000000000278, -0.1842499999999996918 ) ) ;
#982 = VECTOR ( 'NONE', #800, 39.37007874015748143 ) ;
#983 = EDGE_CURVE ( 'NONE', #4930, #2754, #4669, .T. ) ;
#984 = EDGE_CURVE ( 'NONE', #2678, #2228, #1721, .T. ) ;
#985 = ORIENTED_EDGE ( 'NONE', *, *, #825, .T. ) ;
#986 = LINE ( 'NONE', #1833, #480 ) ;
#987 = EDGE_CURVE ( 'NONE', #1612, #2182, #363, .T. ) ;
#988 = ORIENTED_EDGE ( 'NONE', *, *, #1337, .F. ) ;
#989 = DIRECTION ( 'NONE',  ( 0.0000000000000000000, 0.0000000000000000000, 1.000000000000000000 ) ) ;
#990 = ORIENTED_EDGE ( 'NONE', *, *, #2772, .T. ) ;
#991 = CARTESIAN_POINT ( 'NONE',  ( 0.7759359376206146353, -0.05000000000000000278, -0.1999999999999999833 ) ) ;
#992 = DIRECTION ( 'NONE',  ( -0.3420201433256694346, -0.0000000000000000000, -0.9396926207859080948 ) ) ;
#993 = EDGE_CURVE ( 'NONE', #4377, #2986, #4942, .T. ) ;
#994 = ITEM_DEFINED_TRANSFORMATION ( 'NONE', 'NONE', #3202,  #1156 ) ;
#995 = DIRECTION ( 'NONE',  ( 0.3420201433256633283, 0.0000000000000000000, -0.9396926207859103153 ) ) ;
#996 = AXIS2_PLACEMENT_3D ( 'NONE', #1797, #3417, #3447 ) ;
#997 = DIRECTION ( 'NONE',  ( -0.0000000000000000000, 1.000000000000000000, -0.0000000000000000000 ) ) ;
#998 = DIRECTION ( 'NONE',  ( 0.0000000000000000000, 0.0000000000000000000, 1.000000000000000000 ) ) ;
#999 = VERTEX_POINT ( 'NONE', #1350 ) ;
#1000 = DIRECTION ( 'NONE',  ( -0.3420201433256720991, 0.0000000000000000000, 0.9396926207859070956 ) ) ;
#1001 = ORIENTED_EDGE ( 'NONE', *, *, #1309, .T. ) ;
#1002 = CARTESIAN_POINT ( 'NONE',  ( 0.8999990000000001045, -0.05000000000000000278, 0.0000000000000000000 ) ) ;
#1003 = DIRECTION ( 'NONE',  ( 1.047444401652940007E-14, -1.000000000000000000, 0.0000000000000000000 ) ) ;
#1004 = DIRECTION ( 'NONE',  ( 0.0000000000000000000, 0.0000000000000000000, 1.000000000000000000 ) ) ;
#1005 = CARTESIAN_POINT ( 'NONE',  ( 0.8942664688103074688, 0.0000000000000000000, -0.01574999999999998623 ) ) ;
#1006 = ORIENTED_EDGE ( 'NONE', *, *, #270, .T. ) ;
#1007 = CARTESIAN_POINT ( 'NONE',  ( 0.09426646881030741054, -0.05000000000000000278, -0.1842499999999996918 ) ) ;
#1008 = DIRECTION ( 'NONE',  ( 0.0000000000000000000, 0.0000000000000000000, 1.000000000000000000 ) ) ;
#1009 = ORIENTED_EDGE ( 'NONE', *, *, #1341, .T. ) ;
#1010 = CARTESIAN_POINT ( 'NONE',  ( 0.3759359376206146686, 0.0000000000000000000, -0.1999999999999999833 ) ) ;
#1011 = EDGE_CURVE ( 'NONE', #616, #4740, #2482, .T. ) ;
#1012 = ORIENTED_EDGE ( 'NONE', *, *, #1249, .T. ) ;
#1013 = DIRECTION ( 'NONE',  ( 0.0000000000000000000, 0.0000000000000000000, 1.000000000000000000 ) ) ;
#1014 =( REPRESENTATION_RELATIONSHIP ('NONE','NONE', #813, #979 ) REPRESENTATION_RELATIONSHIP_WITH_TRANSFORMATION ( #3200 )SHAPE_REPRESENTATION_RELATIONSHIP( ) );
#1015 = DIRECTION ( 'NONE',  ( -0.0000000000000000000, 1.000000000000000000, -0.0000000000000000000 ) ) ;
#1016 = EDGE_CURVE ( 'NONE', #646, #4744, #3389, .T. ) ;
#1017 = CARTESIAN_POINT ( 'NONE',  ( 0.4379674688103072366, -0.05000000000000000278, -0.02144999999999946602 ) ) ;
#1018 = ADVANCED_FACE ( 'NONE', ( #3814 ), #4290, .F. ) ;
#1019 = PLANE ( 'NONE',  #4187 ) ;
#1020 = DIRECTION ( 'NONE',  ( 0.0000000000000000000, 0.0000000000000000000, 1.000000000000000000 ) ) ;
#1021 = ORIENTED_EDGE ( 'NONE', *, *, #4353, .T. ) ;
#1022 = CARTESIAN_POINT ( 'NONE',  ( 0.8379674688103072588, -0.05000000000000000278, -0.07855000000000052218 ) ) ;
#1023 = ORIENTED_EDGE ( 'NONE', *, *, #1955, .F. ) ;
#1024 = FACE_OUTER_BOUND ( 'NONE', #2045, .T. ) ;
#1025 = VERTEX_POINT ( 'NONE', #3125 ) ;
#1026 = VECTOR ( 'NONE', #4475, 39.37007874015748143 ) ;
#1027 = CARTESIAN_POINT ( 'NONE',  ( 0.09426646881030741054, -0.05000000000000000278, -0.01574999999999998623 ) ) ;
#1028 = CARTESIAN_POINT ( 'NONE',  ( 0.6379674688103071922, 0.0000000000000000000, -0.02144999999999946602 ) ) ;
#1029 = CARTESIAN_POINT ( 'NONE',  ( 0.2942664688103074355, 0.0000000000000000000, -0.01574999999999998623 ) ) ;
#1030 = AXIS2_PLACEMENT_3D ( 'NONE', #3245, #3199, #2055 ) ;
#1031 = VERTEX_POINT ( 'NONE', #4374 ) ;
#1032 = CARTESIAN_POINT ( 'NONE',  ( 0.5379674688103072144, 3.673940397442064486E-19, -0.1499999999999999944 ) ) ;
#1033 = CARTESIAN_POINT ( 'NONE',  ( 0.9879674688103075031, -0.05000000000000000278, -0.01574999999999967745 ) ) ;
#1034 = ORIENTED_EDGE ( 'NONE', *, *, #578, .T. ) ;
#1035 = CYLINDRICAL_SURFACE ( 'NONE', #2491, 0.02855000000000054022 ) ;
#1036 = VECTOR ( 'NONE', #3659, 39.37007874015748143 ) ;
#1037 = ORIENTED_EDGE ( 'NONE', *, *, #3481, .F. ) ;
#1038 = DIRECTION ( 'NONE',  ( -1.000000000000000000, -0.0000000000000000000, -0.0000000000000000000 ) ) ;
#1039 = VECTOR ( 'NONE', #1454, 39.37007874015748143 ) ;
#1040 = CARTESIAN_POINT ( 'NONE',  ( 0.1816684688103074041, -0.05000000000000000278, -0.01574999999999998623 ) ) ;
#1041 = LINE ( 'NONE', #1864, #2568 ) ;
#1042 = VECTOR ( 'NONE', #333, 39.37007874015748143 ) ;
#1043 = ADVANCED_FACE ( 'NONE', ( #3579 ), #1488, .F. ) ;
#1044 = EDGE_CURVE ( 'NONE', #2414, #953, #20, .T. ) ;
#1045 = PRODUCT ( '0512_0512-0-00-15-00-00-03-0', '0512_0512-0-00-15-00-00-03-0', '', ( #4926 ) ) ;
#1046 = VECTOR ( 'NONE', #883, 39.37007874015748143 ) ;
#1047 = PLANE ( 'NONE',  #3934 ) ;
#1048 =( LENGTH_UNIT ( ) NAMED_UNIT ( * ) SI_UNIT ( $, .METRE. ) );
#1049 = ORIENTED_EDGE ( 'NONE', *, *, #3410, .T. ) ;
#1050 = CARTESIAN_POINT ( 'NONE',  ( 0.4759359376206147019, -0.05000000000000000278, -9.478001694819074349E-34 ) ) ;
#1051 = EDGE_CURVE ( 'NONE', #3226, #3667, #3885, .T. ) ;
#1052 = ORIENTED_EDGE ( 'NONE', *, *, #143, .F. ) ;
#1053 = DIRECTION ( 'NONE',  ( -0.0000000000000000000, 1.000000000000000000, -0.0000000000000000000 ) ) ;
#1054 = VECTOR ( 'NONE', #156, 39.37007874015748854 ) ;
#1055 = VECTOR ( 'NONE', #235, 39.37007874015748143 ) ;
#1056 = VERTEX_POINT ( 'NONE', #3863 ) ;
#1057 = VECTOR ( 'NONE', #3435, 39.37007874015748143 ) ;
#1058 = EDGE_LOOP ( 'NONE', ( #1789, #450, #4451, #4531 ) ) ;
#1059 = VECTOR ( 'NONE', #3363, 39.37007874015748143 ) ;
#1060 = CARTESIAN_POINT ( 'NONE',  ( 0.4379674688103072366, -0.05000000000000000278, -0.1499999999999999944 ) ) ;
#1061 = CARTESIAN_POINT ( 'NONE',  ( 0.03796746881030719362, -0.05000000000000000278, -0.04999999999999999584 ) ) ;
#1062 = LINE ( 'NONE', #3498, #3513 ) ;
#1063 = VECTOR ( 'NONE', #2291, 39.37007874015748143 ) ;
#1064 = AXIS2_PLACEMENT_3D ( 'NONE', #327, #1524, #4243 ) ;
#1065 = ORIENTED_EDGE ( 'NONE', *, *, #686, .T. ) ;
#1066 = DIRECTION ( 'NONE',  ( 0.3420201433256665480, -0.0000000000000000000, 0.9396926207859092051 ) ) ;
#1067 = DIRECTION ( 'NONE',  ( 1.000000000000000000, -0.0000000000000000000, -0.0000000000000000000 ) ) ;
#1068 = ORIENTED_EDGE ( 'NONE', *, *, #5102, .F. ) ;
#1069 = AXIS2_PLACEMENT_3D ( 'NONE', #2204, #3453, #5072 ) ;
#1070 = DIRECTION ( 'NONE',  ( -0.0000000000000000000, 1.000000000000000000, -0.0000000000000000000 ) ) ;
#1071 = ORIENTED_EDGE ( 'NONE', *, *, #7, .T. ) ;
#1072 = DIRECTION ( 'NONE',  ( -0.0000000000000000000, 1.000000000000000000, -0.0000000000000000000 ) ) ;
#1073 = CYLINDRICAL_SURFACE ( 'NONE', #4879, 0.02855000000000054022 ) ;
#1074 = CARTESIAN_POINT ( 'NONE',  ( 0.3759359376206146686, -0.05000000000000000278, -9.478001694819074349E-34 ) ) ;
#1075 = FACE_OUTER_BOUND ( 'NONE', #3545, .T. ) ;
#1076 = DIRECTION ( 'NONE',  ( -0.0000000000000000000, 1.000000000000000000, -0.0000000000000000000 ) ) ;
#1077 = ORIENTED_EDGE ( 'NONE', *, *, #3575, .T. ) ;
#1078 = CARTESIAN_POINT ( 'NONE',  ( 0.9759349376206162274, -0.05000000000000000278, -0.1999999999999997058 ) ) ;
#1079 = EDGE_CURVE ( 'NONE', #4735, #86, #3104, .T. ) ;
#1080 = ORIENTED_EDGE ( 'NONE', *, *, #2099, .F. ) ;
#1081 = CARTESIAN_POINT ( 'NONE',  ( 0.9759349376206162274, 0.0000000000000000000, -0.1999999999999997058 ) ) ;
#1082 = ADVANCED_FACE ( 'NONE', ( #259 ), #740, .F. ) ;
#1083 = ORIENTED_EDGE ( 'NONE', *, *, #3811, .T. ) ;
#1084 = ORIENTED_EDGE ( 'NONE', *, *, #2728, .F. ) ;
#1085 = DIRECTION ( 'NONE',  ( -0.0000000000000000000, 1.000000000000000000, -0.0000000000000000000 ) ) ;
#1086 = CYLINDRICAL_SURFACE ( 'NONE', #1393, 0.02855000000000052982 ) ;
#1087 = ADVANCED_FACE ( 'NONE', ( #5196 ), #3496, .F. ) ;
#1088 = CARTESIAN_POINT ( 'NONE',  ( 0.9879674688103075031, -0.05000000000000000278, -0.01574999999999967745 ) ) ;
#1089 = ORIENTED_EDGE ( 'NONE', *, *, #1122, .T. ) ;
#1090 = CARTESIAN_POINT ( 'NONE',  ( 0.0000000000000000000, 0.0000000000000000000, 0.02650000000000055783 ) ) ;
#1091 = LINE ( 'NONE', #5155, #4456 ) ;
#1092 = ORIENTED_EDGE ( 'NONE', *, *, #2067, .F. ) ;
#1093 = FACE_OUTER_BOUND ( 'NONE', #4768, .T. ) ;
#1094 = ORIENTED_EDGE ( 'NONE', *, *, #1538, .F. ) ;
#1095 = DIRECTION ( 'NONE',  ( -0.3420201433256694346, -0.0000000000000000000, -0.9396926207859080948 ) ) ;
#1096 = PRODUCT_DEFINITION_SHAPE ( 'NONE', 'NONE',  #5248 ) ;
#1097 = CARTESIAN_POINT ( 'NONE',  ( 0.1379674688103071922, -0.05000000000000000278, -0.1785500000000005416 ) ) ;
#1098 = CARTESIAN_POINT ( 'NONE',  ( 0.4942664688103074466, -0.05000000000000000278, -0.01574999999999998623 ) ) ;
#1099 = CARTESIAN_POINT ( 'NONE',  ( 0.0000000000000000000, -0.05000000000000000278, 0.0000000000000000000 ) ) ;
#1100 = FACE_OUTER_BOUND ( 'NONE', #614, .T. ) ;
#1101 = ORIENTED_EDGE ( 'NONE', *, *, #2282, .T. ) ;
#1102 = DIRECTION ( 'NONE',  ( -0.3420201433256654933, 0.0000000000000000000, 0.9396926207859095381 ) ) ;
#1103 = ORIENTED_EDGE ( 'NONE', *, *, #1903, .F. ) ;
#1104 = FACE_BOUND ( 'NONE', #4534, .T. ) ;
#1105 = ORIENTED_EDGE ( 'NONE', *, *, #728, .T. ) ;
#1106 = ORIENTED_EDGE ( 'NONE', *, *, #4000, .T. ) ;
#1107 = DIRECTION ( 'NONE',  ( -0.9396926207859072067, 0.0000000000000000000, -0.3420201433256721546 ) ) ;
#1108 = CARTESIAN_POINT ( 'NONE',  ( 0.3816684688103074707, -0.05000000000000000278, -0.1842499999999996085 ) ) ;
#1109 = DIRECTION ( 'NONE',  ( -0.3420201433256654933, 0.0000000000000000000, 0.9396926207859095381 ) ) ;
#1110 = EDGE_CURVE ( 'NONE', #3945, #3564, #2703, .T. ) ;
#1111 = ORIENTED_EDGE ( 'NONE', *, *, #1582, .F. ) ;
#1112 = CARTESIAN_POINT ( 'NONE',  ( 0.3942664688103074133, -0.05000000000000000278, -0.1842499999999996918 ) ) ;
#1113 = CARTESIAN_POINT ( 'NONE',  ( 0.2816684688103074374, -0.05000000000000000278, -0.01574999999999998623 ) ) ;
#1114 = ORIENTED_EDGE ( 'NONE', *, *, #5068, .F. ) ;
#1115 = CARTESIAN_POINT ( 'NONE',  ( 0.2379674688103072255, -0.05000000000000000278, -0.02144999999999946602 ) ) ;
#1116 = EDGE_LOOP ( 'NONE', ( #2853, #3289 ) ) ;
#1117 = EDGE_CURVE ( 'NONE', #2326, #4744, #2645, .T. ) ;
#1118 = CARTESIAN_POINT ( 'NONE',  ( 0.3379674688103072033, 0.0000000000000000000, -0.1499999999999999944 ) ) ;
#1119 = STYLED_ITEM ( 'NONE', ( #3902 ), #256 ) ;
#1120 = CARTESIAN_POINT ( 'NONE',  ( 0.7816684688103074929, 0.0000000000000000000, -0.1842499999999996085 ) ) ;
#1121 = PLANE ( 'NONE',  #5211 ) ;
#1122 = EDGE_CURVE ( 'NONE', #5153, #4517, #3180, .T. ) ;
#1123 = VECTOR ( 'NONE', #3560, 39.37007874015748143 ) ;
#1124 = DIRECTION ( 'NONE',  ( 0.3420201433257166745, 0.0000000000000000000, -0.9396926207858907754 ) ) ;
#1125 = PLANE ( 'NONE',  #2470 ) ;
#1126 = CARTESIAN_POINT ( 'NONE',  ( 0.7184160289261679599, 2.129741810843848171, 2.122227730851123706 ) ) ;
#1127 = DIRECTION ( 'NONE',  ( 1.000000000000000000, 0.0000000000000000000, 0.0000000000000000000 ) ) ;
#1128 = ORIENTED_EDGE ( 'NONE', *, *, #1079, .F. ) ;
#1129 = ORIENTED_EDGE ( 'NONE', *, *, #4514, .F. ) ;
#1130 = FACE_OUTER_BOUND ( 'NONE', #2777, .T. ) ;
#1131 = VECTOR ( 'NONE', #4952, 39.37007874015748143 ) ;
#1132 = EDGE_LOOP ( 'NONE', ( #2426, #5179, #340, #1009 ) ) ;
#1133 = VERTEX_POINT ( 'NONE', #341 ) ;
#1134 = FACE_OUTER_BOUND ( 'NONE', #3623, .T. ) ;
#1135 = AXIS2_PLACEMENT_3D ( 'NONE', #3998, #3209, #3611 ) ;
#1136 = CARTESIAN_POINT ( 'NONE',  ( 0.8379674688103072588, 0.0000000000000000000, -0.1499999999999999944 ) ) ;
#1137 = CIRCLE ( 'NONE', #2996, 0.02150000000000002950 ) ;
#1138 = FACE_OUTER_BOUND ( 'NONE', #4197, .T. ) ;
#1139 = AXIS2_PLACEMENT_3D ( 'NONE', #648, #3541, #224 ) ;
#1140 = AXIS2_PLACEMENT_3D ( 'NONE', #3428, #1070, #2265 ) ;
#1141 = ORIENTED_EDGE ( 'NONE', *, *, #1628, .T. ) ;
#1142 = FACE_BOUND ( 'NONE', #4592, .T. ) ;
#1143 = CARTESIAN_POINT ( 'NONE',  ( 0.0000000000000000000, -0.05000000000000000278, 0.0000000000000000000 ) ) ;
#1144 = ORIENTED_EDGE ( 'NONE', *, *, #167, .F. ) ;
#1145 = CARTESIAN_POINT ( 'NONE',  ( 0.1999990000000001211, -0.05000000000000000278, 0.0000000000000000000 ) ) ;
#1146 = ORIENTED_EDGE ( 'NONE', *, *, #1442, .T. ) ;
#1147 = PLANE ( 'NONE',  #2672 ) ;
#1148 = EDGE_CURVE ( 'NONE', #832, #3882, #683, .T. ) ;
#1149 = AXIS2_PLACEMENT_3D ( 'NONE', #1136, #1642, #4775 ) ;
#1150 = EDGE_CURVE ( 'NONE', #2544, #999, #3413, .T. ) ;
#1151 = ADVANCED_FACE ( 'NONE', ( #3530 ), #5148, .F. ) ;
#1152 = AXIS2_PLACEMENT_3D ( 'NONE', #3981, #4788, #3162 ) ;
#1153 = CARTESIAN_POINT ( 'NONE',  ( 0.6379674688103071922, 0.0000000000000000000, -0.1214499999999994612 ) ) ;
#1154 = ORIENTED_EDGE ( 'NONE', *, *, #4318, .T. ) ;
#1155 = ADVANCED_FACE ( 'NONE', ( #4747 ), #234, .F. ) ;
#1156 = AXIS2_PLACEMENT_3D ( 'NONE', #97, #4966, #1751 ) ;
#1157 = EDGE_CURVE ( 'NONE', #3607, #4517, #4340, .T. ) ;
#1158 = DIRECTION ( 'NONE',  ( 0.3420201433256633283, 0.0000000000000000000, -0.9396926207859103153 ) ) ;
#1159 = DIRECTION ( 'NONE',  ( -0.0000000000000000000, 1.000000000000000000, -0.0000000000000000000 ) ) ;
#1160 = DIRECTION ( 'NONE',  ( 0.0000000000000000000, 0.0000000000000000000, 1.000000000000000000 ) ) ;
#1161 = DIRECTION ( 'NONE',  ( -0.3420201433256693790, 0.0000000000000000000, -0.9396926207859082059 ) ) ;
#1162 = VERTEX_POINT ( 'NONE', #5089 ) ;
#1163 = DIRECTION ( 'NONE',  ( 0.0000000000000000000, 0.0000000000000000000, 1.000000000000000000 ) ) ;
#1164 = ORIENTED_EDGE ( 'NONE', *, *, #5103, .T. ) ;
#1165 = EDGE_LOOP ( 'NONE', ( #4032, #4240, #3272, #411, #4911, #1523, #3890, #4464, #1234, #835, #1898, #88, #458, #4550, #2884, #50, #2589, #2999, #4009, #1199, #3629, #4087, #239, #1264, #4946, #1870, #1679, #293, #5016, #2905, #1667, #1535, #3032, #2342, #3102, #761, #4668, #1882, #4905, #2119, #2870, #576, #4792, #2142, #2456, #2788, #2682, #3725, #4171, #810, #3621, #520, #2938, #5156, #1505, #2535, #3320, #3860, #1963, #3113, #410, #856, #1968, #3040, #3257, #1572, #2353, #3141, #1103, #3536, #1349, #1953, #1653, #2222, #2718, #5146, #2600, #3010, #1464, #738, #4693, #910, #2617, #4725 ) ) ;
#1166 = FACE_OUTER_BOUND ( 'NONE', #3950, .T. ) ;
#1167 = CARTESIAN_POINT ( 'NONE',  ( 0.6816684688103075151, -0.05000000000000000278, -0.1842499999999996085 ) ) ;
#1168 = LINE ( 'NONE', #3581, #5035 ) ;
#1169 = DIRECTION ( 'NONE',  ( 0.0000000000000000000, 0.0000000000000000000, 1.000000000000000000 ) ) ;
#1170 = ORIENTED_EDGE ( 'NONE', *, *, #3153, .T. ) ;
#1171 = LINE ( 'NONE', #1494, #3665 ) ;
#1172 = DIRECTION ( 'NONE',  ( -1.000000000000000000, 0.0000000000000000000, 0.0000000000000000000 ) ) ;
#1173 = VERTEX_POINT ( 'NONE', #317 ) ;
#1174 = CARTESIAN_POINT ( 'NONE',  ( 0.3942664688103074133, 0.0000000000000000000, -0.01574999999999998623 ) ) ;
#1175 = CARTESIAN_POINT ( 'NONE',  ( 0.0000000000000000000, 0.0000000000000000000, 0.0000000000000000000 ) ) ;
#1176 = ADVANCED_FACE ( 'NONE', ( #1134 ), #3072, .F. ) ;
#1177 = CARTESIAN_POINT ( 'NONE',  ( 0.1489999999999999658, 1.285879139104719368E-18, -0.01049999999999998157 ) ) ;
#1178 = EDGE_LOOP ( 'NONE', ( #120, #834 ) ) ;
#1179 = EDGE_CURVE ( 'NONE', #4857, #654, #396, .T. ) ;
#1180 = EDGE_CURVE ( 'NONE', #4960, #3658, #2803, .T. ) ;
#1181 = PLANE ( 'NONE',  #2163 ) ;
#1182 = CARTESIAN_POINT ( 'NONE',  ( 0.2759359376206146353, 0.0000000000000000000, -0.1999999999999999833 ) ) ;
#1183 = SHAPE_DEFINITION_REPRESENTATION ( #671, #813 ) ;
#1184 = CARTESIAN_POINT ( 'NONE',  ( 0.9759349376206162274, 0.0000000000000000000, -0.1999999999999997058 ) ) ;
#1185 = ORIENTED_EDGE ( 'NONE', *, *, #14, .T. ) ;
#1186 = DIRECTION ( 'NONE',  ( -1.000000000000000000, 0.0000000000000000000, 6.998027963638287744E-17 ) ) ;
#1187 = EDGE_CURVE ( 'NONE', #4744, #4167, #1984, .T. ) ;
#1188 = CARTESIAN_POINT ( 'NONE',  ( 0.7942664688103074910, -0.05000000000000000278, -0.1842499999999996918 ) ) ;
#1189 = ORIENTED_EDGE ( 'NONE', *, *, #737, .T. ) ;
#1190 = DIRECTION ( 'NONE',  ( -0.3420201433256720991, 0.0000000000000000000, 0.9396926207859070956 ) ) ;
#1191 = DIRECTION ( 'NONE',  ( 0.0000000000000000000, 0.0000000000000000000, 1.000000000000000000 ) ) ;
#1192 = ORIENTED_EDGE ( 'NONE', *, *, #2481, .F. ) ;
#1193 = CARTESIAN_POINT ( 'NONE',  ( 0.4999990000000001378, -0.05000000000000000278, 0.0000000000000000000 ) ) ;
#1194 = DIRECTION ( 'NONE',  ( -0.0000000000000000000, 1.000000000000000000, -0.0000000000000000000 ) ) ;
#1195 = CARTESIAN_POINT ( 'NONE',  ( 0.5942664688103074244, -0.05000000000000000278, -0.1842499999999996918 ) ) ;
#1196 = DIRECTION ( 'NONE',  ( 1.000000000000000000, 0.0000000000000000000, -0.0000000000000000000 ) ) ;
#1197 = ORIENTED_EDGE ( 'NONE', *, *, #143, .T. ) ;
#1198 = DIRECTION ( 'NONE',  ( 0.0000000000000000000, 0.0000000000000000000, 1.000000000000000000 ) ) ;
#1199 = ORIENTED_EDGE ( 'NONE', *, *, #4986, .F. ) ;
#1200 = AXIS2_PLACEMENT_3D ( 'NONE', #1744, #2935, #2553 ) ;
#1201 = ORIENTED_EDGE ( 'NONE', *, *, #3960, .F. ) ;
#1202 = CONICAL_SURFACE ( 'NONE', #1030, 0.02150000000000002950, 0.7853981633974419507 ) ;
#1203 = LINE ( 'NONE', #2, #4710 ) ;
#1204 = CARTESIAN_POINT ( 'NONE',  ( 0.08166846881030738470, -0.05000000000000000278, -0.01574999999999998623 ) ) ;
#1205 = PRODUCT_CONTEXT ( 'NONE', #3991, 'mechanical' ) ;
#1206 = DIRECTION ( 'NONE',  ( 1.000000000000000000, 0.0000000000000000000, -5.421193827719211569E-15 ) ) ;
#1207 = EDGE_LOOP ( 'NONE', ( #4322, #522, #3992, #744 ) ) ;
#1208 = CARTESIAN_POINT ( 'NONE',  ( 0.5999990000000001711, -0.05000000000000000278, 0.0000000000000000000 ) ) ;
#1209 = AXIS2_PLACEMENT_3D ( 'NONE', #17, #3636, #827 ) ;
#1210 = ADVANCED_FACE ( 'NONE', ( #1640 ), #2013, .F. ) ;
#1211 = AXIS2_PLACEMENT_3D ( 'NONE', #4616, #5064, #2198 ) ;
#1213 = EDGE_CURVE ( 'NONE', #1304, #1403, #3633, .T. ) ;
#1212 = DIRECTION ( 'NONE',  ( -0.0000000000000000000, 1.000000000000000000, -0.0000000000000000000 ) ) ;
#1214 = ORIENTED_EDGE ( 'NONE', *, *, #2981, .T. ) ;
#1215 = CARTESIAN_POINT ( 'NONE',  ( 0.4379674688103072366, 0.0000000000000000000, -0.1499999999999999944 ) ) ;
#1216 = CARTESIAN_POINT ( 'NONE',  ( 0.4999990000000001378, 0.0000000000000000000, -0.1999999999999999833 ) ) ;
#1217 = VECTOR ( 'NONE', #2372, 39.37007874015748143 ) ;
#1219 = EDGE_CURVE ( 'NONE', #2034, #2771, #3609, .T. ) ;
#1218 = ORIENTED_EDGE ( 'NONE', *, *, #415, .F. ) ;
#1220 = VECTOR ( 'NONE', #2389, 39.37007874015748143 ) ;
#1221 = AXIS2_PLACEMENT_3D ( 'NONE', #1502, #4761, #249 ) ;
#1222 = PLANE ( 'NONE',  #1209 ) ;
#1223 = DIRECTION ( 'NONE',  ( 1.000000000000000000, 0.0000000000000000000, -5.421193827719211569E-15 ) ) ;
#1224 = DIRECTION ( 'NONE',  ( -0.3420201433256720991, 0.0000000000000000000, 0.9396926207859070956 ) ) ;
#1225 = DIRECTION ( 'NONE',  ( -1.000000000000000000, -0.0000000000000000000, -0.0000000000000000000 ) ) ;
#1226 = PRODUCT ( 'P4XX-21-012-00-000000_P420-21-012-00-000000', 'P4XX-21-012-00-000000_P420-21-012-00-000000', '', ( #1205 ) ) ;
#1227 = VECTOR ( 'NONE', #4860, 39.37007874015748143 ) ;
#1228 = CIRCLE ( 'NONE', #4615, 0.02855000000000054022 ) ;
#1229 = ORIENTED_EDGE ( 'NONE', *, *, #596, .T. ) ;
#1230 = CARTESIAN_POINT ( 'NONE',  ( 0.9379674688103073477, -0.05000000000000000278, -0.02144999999999946602 ) ) ;
#1231 = VERTEX_POINT ( 'NONE', #4074 ) ;
#1232 = AXIS2_PLACEMENT_3D ( 'NONE', #1841, #2321, #5082 ) ;
#1233 = VECTOR ( 'NONE', #1938, 39.37007874015748143 ) ;
#1234 = ORIENTED_EDGE ( 'NONE', *, *, #2831, .F. ) ;
#1235 = AXIS2_PLACEMENT_3D ( 'NONE', #2001, #402, #752 ) ;
#1236 = CARTESIAN_POINT ( 'NONE',  ( 0.7816684688103074929, -0.05000000000000000278, -0.01574999999999998623 ) ) ;
#1237 = LINE ( 'NONE', #2774, #4849 ) ;
#1238 = CARTESIAN_POINT ( 'NONE',  ( 1.018416028926195871, 2.129741810843843286, 2.022227730851120509 ) ) ;
#1239 = CARTESIAN_POINT ( 'NONE',  ( 0.4942664688103074466, 0.0000000000000000000, -0.1842499999999996918 ) ) ;
#1240 = VECTOR ( 'NONE', #2417, 39.37007874015748143 ) ;
#1241 = ORIENTED_EDGE ( 'NONE', *, *, #5102, .T. ) ;
#1242 = CARTESIAN_POINT ( 'NONE',  ( 0.1379674688103071922, -0.05000000000000000278, -0.04999999999999999584 ) ) ;
#1243 = CARTESIAN_POINT ( 'NONE',  ( 0.9759349376206162274, -0.05000000000000000278, -0.1999999999999997058 ) ) ;
#1244 = EDGE_LOOP ( 'NONE', ( #4928, #3070 ) ) ;
#1245 = CARTESIAN_POINT ( 'NONE',  ( -0.005732531189692388444, -0.05000000000000000278, -0.1842499999999996918 ) ) ;
#1246 = VERTEX_POINT ( 'NONE', #791 ) ;
#1247 = DIRECTION ( 'NONE',  ( 0.9396926207859082059, 0.0000000000000000000, -0.3420201433256693790 ) ) ;
#1248 = ORIENTED_EDGE ( 'NONE', *, *, #2312, .F. ) ;
#1249 = EDGE_CURVE ( 'NONE', #536, #2637, #2102, .T. ) ;
#1250 = DIRECTION ( 'NONE',  ( 0.0000000000000000000, 0.0000000000000000000, 1.000000000000000000 ) ) ;
#1251 = DIRECTION ( 'NONE',  ( -0.3420201433256720991, 0.0000000000000000000, 0.9396926207859070956 ) ) ;
#1252 =( GEOMETRIC_REPRESENTATION_CONTEXT ( 3 ) GLOBAL_UNCERTAINTY_ASSIGNED_CONTEXT ( ( #255 ) ) GLOBAL_UNIT_ASSIGNED_CONTEXT ( ( #4443, #4471, #467 ) ) REPRESENTATION_CONTEXT ( 'NONE', 'WORKASPACE' ) );
#1253 = CARTESIAN_POINT ( 'NONE',  ( 0.2379674688103072255, 3.673940397442064486E-19, -0.1499999999999999944 ) ) ;
#1254 = ADVANCED_FACE ( 'NONE', ( #2457 ), #3656, .F. ) ;
#1255 = VERTEX_POINT ( 'NONE', #68 ) ;
#1256 = DIRECTION ( 'NONE',  ( 0.0000000000000000000, 0.0000000000000000000, 1.000000000000000000 ) ) ;
#1257 = ORIENTED_EDGE ( 'NONE', *, *, #4357, .T. ) ;
#1258 = ORIENTED_EDGE ( 'NONE', *, *, #4287, .F. ) ;
#1259 =( REPRESENTATION_RELATIONSHIP ('NONE','NONE', #813, #979 ) REPRESENTATION_RELATIONSHIP_WITH_TRANSFORMATION ( #4328 )SHAPE_REPRESENTATION_RELATIONSHIP( ) );
#1260 = FACE_OUTER_BOUND ( 'NONE', #2849, .T. ) ;
#1261 = LINE ( 'NONE', #2874, #15 ) ;
#1262 = ITEM_DEFINED_TRANSFORMATION ( 'NONE', 'NONE', #2944,  #1156 ) ;
#1263 = DIRECTION ( 'NONE',  ( -0.0000000000000000000, 1.000000000000000000, -0.0000000000000000000 ) ) ;
#1264 = ORIENTED_EDGE ( 'NONE', *, *, #1370, .F. ) ;
#1265 = CARTESIAN_POINT ( 'NONE',  ( -0.01203253118969264089, 0.0000000000000000000, -0.1842499999999996918 ) ) ;
#1266 = LINE ( 'NONE', #443, #3990 ) ;
#1267 = ORIENTED_EDGE ( 'NONE', *, *, #3122, .F. ) ;
#1268 = CARTESIAN_POINT ( 'NONE',  ( 0.3999990000000001600, -0.05000000000000000278, -0.1999999999999999833 ) ) ;
#1269 = ORIENTED_EDGE ( 'NONE', *, *, #1725, .T. ) ;
#1270 = DIRECTION ( 'NONE',  ( -0.0000000000000000000, 1.000000000000000000, -0.0000000000000000000 ) ) ;
#1271 = EDGE_LOOP ( 'NONE', ( #2557, #922, #395, #5167 ) ) ;
#1272 = CARTESIAN_POINT ( 'NONE',  ( 0.9379674688103073477, 0.0000000000000000000, -0.1499999999999999944 ) ) ;
#1273 = SHAPE_REPRESENTATION_RELATIONSHIP ( 'NONE' , 'NONE' ,  #412, #3150 ) ;
#1274 = VERTEX_POINT ( 'NONE', #2881 ) ;
#1275 = CARTESIAN_POINT ( 'NONE',  ( 0.2816684688103074374, 0.0000000000000000000, -0.01574999999999998623 ) ) ;
#1276 = DIRECTION ( 'NONE',  ( 0.3420201433256665480, -0.0000000000000000000, 0.9396926207859092051 ) ) ;
#1277 = EDGE_CURVE ( 'NONE', #3299, #2615, #3231, .T. ) ;
#1278 = EDGE_CURVE ( 'NONE', #4864, #1591, #3751, .T. ) ;
#1279 = EDGE_LOOP ( 'NONE', ( #195, #1875, #1214 ) ) ;
#1280 = CARTESIAN_POINT ( 'NONE',  ( 0.1489999999999999658, 0.0000000000000000000, 0.0000000000000000000 ) ) ;
#1281 = EDGE_CURVE ( 'NONE', #3299, #4489, #1592, .T. ) ;
#1282 = VERTEX_POINT ( 'NONE', #871 ) ;
#1283 = DIRECTION ( 'NONE',  ( -0.0000000000000000000, 1.000000000000000000, -0.0000000000000000000 ) ) ;
#1284 = ORIENTED_EDGE ( 'NONE', *, *, #3710, .T. ) ;
#1285 = CARTESIAN_POINT ( 'NONE',  ( 0.09999900000000011557, -0.05000000000000000278, 0.0000000000000000000 ) ) ;
#1286 = FACE_OUTER_BOUND ( 'NONE', #4211, .T. ) ;
#1287 = DIRECTION ( 'NONE',  ( 0.0000000000000000000, 0.0000000000000000000, 1.000000000000000000 ) ) ;
#1288 = DIRECTION ( 'NONE',  ( -0.0000000000000000000, 1.000000000000000000, -0.0000000000000000000 ) ) ;
#1289 = EDGE_LOOP ( 'NONE', ( #3016, #1847, #3705, #1767 ) ) ;
#1290 =( REPRESENTATION_RELATIONSHIP ('NONE','NONE', #813, #979 ) REPRESENTATION_RELATIONSHIP_WITH_TRANSFORMATION ( #963 )SHAPE_REPRESENTATION_RELATIONSHIP( ) );
#1291 = CIRCLE ( 'NONE', #355, 0.02855000000000054022 ) ;
#1292 = CARTESIAN_POINT ( 'NONE',  ( 0.3379674688103072033, 3.673940397442064486E-19, -0.1499999999999999944 ) ) ;
#1293 = VECTOR ( 'NONE', #4402, 39.37007874015748143 ) ;
#1294 = DIRECTION ( 'NONE',  ( -0.0000000000000000000, 1.000000000000000000, -0.0000000000000000000 ) ) ;
#1295 = ORIENTED_EDGE ( 'NONE', *, *, #4312, .T. ) ;
#1296 = CARTESIAN_POINT ( 'NONE',  ( 0.1379674688103071922, -0.05000000000000000278, -0.02144999999999946602 ) ) ;
#1297 = ORIENTED_EDGE ( 'NONE', *, *, #166, .T. ) ;
#1298 = DIRECTION ( 'NONE',  ( -0.7071067811865520136, 0.0000000000000000000, 0.7071067811865430208 ) ) ;
#1299 = FILL_AREA_STYLE ('',( #2563 ) ) ;
#1300 = CARTESIAN_POINT ( 'NONE',  ( -0.01203253118969264436, -0.05000000000000000278, -0.01574999999999999664 ) ) ;
#1301 = VECTOR ( 'NONE', #1788, 39.37007874015748143 ) ;
#1302 = FACE_OUTER_BOUND ( 'NONE', #4038, .T. ) ;
#1303 = AXIS2_PLACEMENT_3D ( 'NONE', #5017, #4628, #989 ) ;
#1304 = VERTEX_POINT ( 'NONE', #1245 ) ;
#1305 = CARTESIAN_POINT ( 'NONE',  ( 0.1489999999999999658, 0.0000000000000000000, 0.0000000000000000000 ) ) ;
#1306 = ORIENTED_EDGE ( 'NONE', *, *, #205, .T. ) ;
#1307 = ADVANCED_FACE ( 'NONE', ( #12 ), #46, .T. ) ;
#1308 = LINE ( 'NONE', #933, #3758 ) ;
#1309 = EDGE_CURVE ( 'NONE', #4289, #5111, #2817, .T. ) ;
#1310 = VERTEX_POINT ( 'NONE', #4477 ) ;
#1311 = AXIS2_PLACEMENT_3D ( 'NONE', #2020, #5236, #751 ) ;
#1312 = CIRCLE ( 'NONE', #292, 0.02855000000000054022 ) ;
#1313 = VECTOR ( 'NONE', #3671, 39.37007874015748143 ) ;
#1314 = AXIS2_PLACEMENT_3D ( 'NONE', #2096, #1247, #4479 ) ;
#1315 = DIRECTION ( 'NONE',  ( -0.3420201433255870005, -0.0000000000000000000, -0.9396926207859380709 ) ) ;
#1316 = DIRECTION ( 'NONE',  ( -0.0000000000000000000, 1.000000000000000000, -0.0000000000000000000 ) ) ;
#1317 = ADVANCED_FACE ( 'NONE', ( #2064 ), #368, .T. ) ;
#1318 = CARTESIAN_POINT ( 'NONE',  ( 0.9759349376206162274, 0.0000000000000000000, -0.1999999999999997058 ) ) ;
#1319 = EDGE_LOOP ( 'NONE', ( #1854, #366, #159, #818 ) ) ;
#1320 = VECTOR ( 'NONE', #3057, 39.37007874015748143 ) ;
#1321 = VECTOR ( 'NONE', #5197, 39.37007874015748143 ) ;
#1322 = ADVANCED_FACE ( 'NONE', ( #1166 ), #2782, .F. ) ;
#1323 = DIRECTION ( 'NONE',  ( -0.3420201433256693790, 0.0000000000000000000, -0.9396926207859082059 ) ) ;
#1324 = PRESENTATION_LAYER_ASSIGNMENT (  '', '', ( #3183 ) ) ;
#1325 = CARTESIAN_POINT ( 'NONE',  ( 0.6942664688103074022, -0.05000000000000000278, -0.1842499999999996918 ) ) ;
#1326 = PLANE ( 'NONE',  #4877 ) ;
#1327 = ORIENTED_EDGE ( 'NONE', *, *, #2663, .T. ) ;
#1328 = DIRECTION ( 'NONE',  ( 0.0000000000000000000, 0.0000000000000000000, 1.000000000000000000 ) ) ;
#1329 = CARTESIAN_POINT ( 'NONE',  ( 0.3816684688103073597, -0.05000000000000000278, -0.01574999999999998623 ) ) ;
#1330 = CARTESIAN_POINT ( 'NONE',  ( 0.5816684688103075374, -0.05000000000000000278, -0.1842499999999996085 ) ) ;
#1331 = ORIENTED_EDGE ( 'NONE', *, *, #1706, .T. ) ;
#1332 = DIRECTION ( 'NONE',  ( 0.0000000000000000000, 0.0000000000000000000, 1.000000000000000000 ) ) ;
#1333 = VERTEX_POINT ( 'NONE', #1325 ) ;
#1334 = DIRECTION ( 'NONE',  ( -0.0000000000000000000, 0.0000000000000000000, 1.000000000000000000 ) ) ;
#1335 = EDGE_LOOP ( 'NONE', ( #2129, #2131, #4047, #2215 ) ) ;
#1336 = AXIS2_PLACEMENT_3D ( 'NONE', #1430, #2006, #3247 ) ;
#1337 = EDGE_CURVE ( 'NONE', #4957, #4837, #499, .T. ) ;
#1338 = PLANE ( 'NONE',  #1485 ) ;
#1339 = CARTESIAN_POINT ( 'NONE',  ( 0.5816684688103075374, 0.0000000000000000000, -0.1842499999999996085 ) ) ;
#1340 = ORIENTED_EDGE ( 'NONE', *, *, #2376, .T. ) ;
#1341 = EDGE_CURVE ( 'NONE', #2986, #4377, #5193, .T. ) ;
#1342 = EDGE_CURVE ( 'NONE', #3308, #3233, #4176, .T. ) ;
#1343 = CARTESIAN_POINT ( 'NONE',  ( 0.5816684688103074263, -0.05000000000000000278, -0.01574999999999998623 ) ) ;
#1344 = ORIENTED_EDGE ( 'NONE', *, *, #3443, .F. ) ;
#1345 = DIRECTION ( 'NONE',  ( 0.0000000000000000000, 0.0000000000000000000, 1.000000000000000000 ) ) ;
#1346 = EDGE_CURVE ( 'NONE', #4884, #2266, #2590, .T. ) ;
#1347 = ORIENTED_EDGE ( 'NONE', *, *, #3585, .T. ) ;
#1348 = FACE_OUTER_BOUND ( 'NONE', #669, .T. ) ;
#1349 = ORIENTED_EDGE ( 'NONE', *, *, #5073, .F. ) ;
#1350 = CARTESIAN_POINT ( 'NONE',  ( 0.2379674688103072255, -0.05000000000000000278, -0.1214499999999994612 ) ) ;
#1351 =( LENGTH_UNIT ( ) NAMED_UNIT ( * ) SI_UNIT ( $, .METRE. ) );
#1352 = CARTESIAN_POINT ( 'NONE',  ( 0.8379674688103072588, 3.673940397442064486E-19, -0.1499999999999999944 ) ) ;
#1353 = DIRECTION ( 'NONE',  ( 0.3420201433256633283, 0.0000000000000000000, -0.9396926207859103153 ) ) ;
#1354 = ORIENTED_EDGE ( 'NONE', *, *, #993, .F. ) ;
#1355 = PLANE ( 'NONE',  #3522 ) ;
#1356 = VERTEX_POINT ( 'NONE', #521 ) ;
#1357 = DIRECTION ( 'NONE',  ( -1.000000000000000000, -0.0000000000000000000, -0.0000000000000000000 ) ) ;
#1358 = ORIENTED_EDGE ( 'NONE', *, *, #3290, .T. ) ;
#1359 = PLANE ( 'NONE',  #2170 ) ;
#1360 = LINE ( 'NONE', #3354, #4022 ) ;
#1361 = LINE ( 'NONE', #164, #4866 ) ;
#1362 = ORIENTED_EDGE ( 'NONE', *, *, #728, .F. ) ;
#1363 = DIRECTION ( 'NONE',  ( 0.3420201433256633283, 0.0000000000000000000, -0.9396926207859103153 ) ) ;
#1364 = ORIENTED_EDGE ( 'NONE', *, *, #2404, .T. ) ;
#1365 = CARTESIAN_POINT ( 'NONE',  ( 0.8379674688103072588, -0.05000000000000000278, -0.1499999999999999944 ) ) ;
#1366 = ADVANCED_FACE ( 'NONE', ( #5029 ), #954, .T. ) ;
#1367 = EDGE_LOOP ( 'NONE', ( #1021, #1438, #1517, #2174 ) ) ;
#1368 = DIRECTION ( 'NONE',  ( -0.3420201433256720991, 0.0000000000000000000, 0.9396926207859070956 ) ) ;
#1369 = EDGE_CURVE ( 'NONE', #953, #805, #4562, .T. ) ;
#1370 = EDGE_CURVE ( 'NONE', #4001, #459, #2556, .T. ) ;
#1371 = AXIS2_PLACEMENT_3D ( 'NONE', #1032, #2230, #3278 ) ;
#1372 = ORIENTED_EDGE ( 'NONE', *, *, #2677, .T. ) ;
#1373 = CARTESIAN_POINT ( 'NONE',  ( 0.4816684688103073930, 0.0000000000000000000, -0.01574999999999998623 ) ) ;
#1374 = DIRECTION ( 'NONE',  ( 0.0000000000000000000, 0.0000000000000000000, 1.000000000000000000 ) ) ;
#1375 = FACE_OUTER_BOUND ( 'NONE', #4984, .T. ) ;
#1376 = CARTESIAN_POINT ( 'NONE',  ( 0.1649999999999989253, 0.0000000000000000000, 0.0000000000000000000 ) ) ;
#1377 = EDGE_CURVE ( 'NONE', #2845, #2278, #2313, .T. ) ;
#1378 = ORIENTED_EDGE ( 'NONE', *, *, #2894, .T. ) ;
#1379 = AXIS2_PLACEMENT_3D ( 'NONE', #4183, #560, #2177 ) ;
#1380 = DIRECTION ( 'NONE',  ( 0.0000000000000000000, 0.0000000000000000000, 1.000000000000000000 ) ) ;
#1381 = ORIENTED_EDGE ( 'NONE', *, *, #339, .F. ) ;
#1382 = CARTESIAN_POINT ( 'NONE',  ( 0.1649999999999994804, 0.007500000000000002325, 0.0000000000000000000 ) ) ;
#1383 = ORIENTED_EDGE ( 'NONE', *, *, #4688, .F. ) ;
#1384 = FACE_OUTER_BOUND ( 'NONE', #2752, .T. ) ;
#1385 = CIRCLE ( 'NONE', #2992, 0.02855000000000052982 ) ;
#1386 = CARTESIAN_POINT ( 'NONE',  ( 0.4379674688103072366, 3.673940397442064486E-19, -0.1499999999999999944 ) ) ;
#1387 = VECTOR ( 'NONE', #1186, 39.37007874015748143 ) ;
#1388 = VECTOR ( 'NONE', #4515, 39.37007874015748854 ) ;
#1389 = CONTEXT_DEPENDENT_SHAPE_REPRESENTATION ( #2202, #1891 ) ;
#1390 = CARTESIAN_POINT ( 'NONE',  ( 0.3379674688103072033, 0.0000000000000000000, -0.02144999999999946602 ) ) ;
#1391 = ORIENTED_EDGE ( 'NONE', *, *, #2444, .F. ) ;
#1392 = CIRCLE ( 'NONE', #2074, 0.03599999999999819317 ) ;
#1393 = AXIS2_PLACEMENT_3D ( 'NONE', #3497, #662, #2680 ) ;
#1394 = LINE ( 'NONE', #168, #1786 ) ;
#1395 = ORIENTED_EDGE ( 'NONE', *, *, #539, .F. ) ;
#1396 = CARTESIAN_POINT ( 'NONE',  ( 0.04431135598927586627, 0.0000000000000000000, 0.0000000000000000000 ) ) ;
#1397 = CIRCLE ( 'NONE', #2330, 0.02650000000000055783 ) ;
#1398 = ORIENTED_EDGE ( 'NONE', *, *, #205, .F. ) ;
#1399 = LINE ( 'NONE', #973, #3935 ) ;
#1400 = VECTOR ( 'NONE', #3387, 39.37007874015748143 ) ;
#1401 = AXIS2_PLACEMENT_3D ( 'NONE', #4321, #2653, #1008 ) ;
#1402 = EDGE_CURVE ( 'NONE', #4629, #4084, #121, .T. ) ;
#1403 = VERTEX_POINT ( 'NONE', #581 ) ;
#1404 = FACE_OUTER_BOUND ( 'NONE', #4333, .T. ) ;
#1405 = DIRECTION ( 'NONE',  ( -3.491481338843133355E-15, -1.000000000000000000, 0.0000000000000000000 ) ) ;
#1406 = CARTESIAN_POINT ( 'NONE',  ( 0.03796746881030719362, -0.05000000000000000278, -0.02144999999999946602 ) ) ;
#1407 = CARTESIAN_POINT ( 'NONE',  ( 0.2999990000000001267, 0.0000000000000000000, -0.1999999999999999833 ) ) ;
#1408 = CIRCLE ( 'NONE', #3353, 0.02855000000000052982 ) ;
#1409 = ORIENTED_EDGE ( 'NONE', *, *, #2151, .T. ) ;
#1410 = DIRECTION ( 'NONE',  ( 0.0000000000000000000, 0.0000000000000000000, 1.000000000000000000 ) ) ;
#1411 = DIRECTION ( 'NONE',  ( 0.3420201433256633283, 0.0000000000000000000, -0.9396926207859103153 ) ) ;
#1412 = ORIENTED_EDGE ( 'NONE', *, *, #2355, .F. ) ;
#1413 = DIRECTION ( 'NONE',  ( -0.0000000000000000000, 1.000000000000000000, -0.0000000000000000000 ) ) ;
#1414 = ORIENTED_EDGE ( 'NONE', *, *, #1795, .F. ) ;
#1415 = ADVANCED_FACE ( 'NONE', ( #900 ), #2513, .F. ) ;
#1416 = DIRECTION ( 'NONE',  ( 0.0000000000000000000, 0.0000000000000000000, 1.000000000000000000 ) ) ;
#1417 = CARTESIAN_POINT ( 'NONE',  ( 0.2816684688103074374, -0.05000000000000000278, -0.1842499999999996085 ) ) ;
#1418 = CONTEXT_DEPENDENT_SHAPE_REPRESENTATION ( #2105, #5116 ) ;
#1419 = STYLED_ITEM ( 'NONE', ( #4366 ), #4990 ) ;
#1420 = DIRECTION ( 'NONE',  ( 1.000000000000000000, 0.0000000000000000000, -0.0000000000000000000 ) ) ;
#1421 = CYLINDRICAL_SURFACE ( 'NONE', #867, 0.03599999999999819317 ) ;
#1422 = ORIENTED_EDGE ( 'NONE', *, *, #4395, .F. ) ;
#1423 = DIRECTION ( 'NONE',  ( -0.0000000000000000000, 1.000000000000000000, -0.0000000000000000000 ) ) ;
#1424 = VERTEX_POINT ( 'NONE', #2141 ) ;
#1425 = DIRECTION ( 'NONE',  ( -0.0000000000000000000, 1.000000000000000000, -0.0000000000000000000 ) ) ;
#1426 = VERTEX_POINT ( 'NONE', #3384 ) ;
#1427 = ORIENTED_EDGE ( 'NONE', *, *, #4750, .T. ) ;
#1428 = PRODUCT_DEFINITION_SHAPE ( 'NONE', 'NONE',  #5243 ) ;
#1429 = CARTESIAN_POINT ( 'NONE',  ( 0.4379674688103072366, -0.05000000000000000278, -0.1785500000000005416 ) ) ;
#1430 = CARTESIAN_POINT ( 'NONE',  ( 0.5184160289261959820, 2.129741810843843286, 2.022227730851123173 ) ) ;
#1431 = CARTESIAN_POINT ( 'NONE',  ( 0.6999990000000000379, 0.0000000000000000000, 0.0000000000000000000 ) ) ;
#1432 = CARTESIAN_POINT ( 'NONE',  ( 2.239553201765118668E-16, -0.05000000000000000278, -0.1999999999999996503 ) ) ;
#1433 = ORIENTED_EDGE ( 'NONE', *, *, #3585, .F. ) ;
#1434 = LINE ( 'NONE', #642, #699 ) ;
#1435 = CARTESIAN_POINT ( 'NONE',  ( 0.5379674688103072144, -0.05000000000000000278, -0.04999999999999999584 ) ) ;
#1436 = ORIENTED_EDGE ( 'NONE', *, *, #339, .T. ) ;
#1437 = FACE_OUTER_BOUND ( 'NONE', #2000, .T. ) ;
#1438 = ORIENTED_EDGE ( 'NONE', *, *, #1962, .F. ) ;
#1439 = FACE_OUTER_BOUND ( 'NONE', #66, .T. ) ;
#1440 = EDGE_CURVE ( 'NONE', #3821, #1056, #4522, .T. ) ;
#1441 = EDGE_CURVE ( 'NONE', #4896, #1717, #2118, .T. ) ;
#1442 = EDGE_CURVE ( 'NONE', #2278, #1644, #3015, .T. ) ;
#1443 = PLANE ( 'NONE',  #897 ) ;
#1444 = EDGE_CURVE ( 'NONE', #3529, #2889, #4696, .T. ) ;
#1445 = CARTESIAN_POINT ( 'NONE',  ( 0.2379674688103072255, 0.0000000000000000000, -0.02144999999999946602 ) ) ;
#1446 =( CONVERSION_BASED_UNIT ( 'INCH', #5107 ) LENGTH_UNIT ( ) NAMED_UNIT ( #306 ) );
#1447 = VERTEX_POINT ( 'NONE', #3808 ) ;
#1448 = DIRECTION ( 'NONE',  ( 0.3420201433256665480, -0.0000000000000000000, 0.9396926207859092051 ) ) ;
#1449 = ORIENTED_EDGE ( 'NONE', *, *, #1580, .F. ) ;
#1450 = PLANE ( 'NONE',  #3605 ) ;
#1451 = VERTEX_POINT ( 'NONE', #601 ) ;
#1452 = ORIENTED_EDGE ( 'NONE', *, *, #2831, .T. ) ;
#1453 = CLOSED_SHELL ( 'NONE', ( #792, #952, #4839, #4224, #4974, #1176, #3381, #2213, #1474, #2212, #4746, #4065, #4493, #2641, #2276, #4042, #2611, #3835, #2443, #1791, #271, #3644, #1518, #4150, #4684, #3251, #3679, #3745, #3866, #2447, #2769, #858, #1991, #2866, #4551, #4519, #3551, #3511, #1604, #795, #67, #2422, #2217, #3799, #3356, #4723, #2987, #1307, #3193, #1317, #903, #3192, #755, #1693, #4558, #3778, #2956, #4125, #3593, #4654, #409, #2378, #1669, #4789, #1087, #830, #3971, #2534, #307, #72, #3059, #1082, #4583, #1606, #336, #2737, #2779, #2156, #2994, #1155, #2406, #3559, #4947, #4031, #1043, #3036, #4980, #509, #4284, #526, #3294, #2505, #2835, #146, #1785, #2804, #177, #106, #3450, #926, #1415, #404, #2962, #4064, #4886, #1322, #4838, #1603, #1151, #3732, #199, #2834, #4425, #5149, #5200, #1852, #2090, #4484, #238, #3653, #1018, #1210, #4155, #2770, #3034, #572 ) ) ;
#1454 = DIRECTION ( 'NONE',  ( 0.3420201433256665480, -0.0000000000000000000, 0.9396926207859092051 ) ) ;
#1455 = CARTESIAN_POINT ( 'NONE',  ( 2.239553201765118668E-16, 0.0000000000000000000, -0.1999999999999996503 ) ) ;
#1456 = DIRECTION ( 'NONE',  ( -0.0000000000000000000, 1.000000000000000000, -0.0000000000000000000 ) ) ;
#1457 = VECTOR ( 'NONE', #676, 39.37007874015748143 ) ;
#1458 = ORIENTED_EDGE ( 'NONE', *, *, #3164, .F. ) ;
#1459 = DIRECTION ( 'NONE',  ( -0.0000000000000000000, 1.000000000000000000, -0.0000000000000000000 ) ) ;
#1460 = LINE ( 'NONE', #1033, #2846 ) ;
#1461 = ORIENTED_EDGE ( 'NONE', *, *, #3096, .F. ) ;
#1462 = DIRECTION ( 'NONE',  ( 0.0000000000000000000, 0.0000000000000000000, 1.000000000000000000 ) ) ;
#1463 = AXIS2_PLACEMENT_3D ( 'NONE', #506, #4642, #606 ) ;
#1464 = ORIENTED_EDGE ( 'NONE', *, *, #1503, .T. ) ;
#1465 = DIRECTION ( 'NONE',  ( 0.0000000000000000000, 0.0000000000000000000, 1.000000000000000000 ) ) ;
#1466 = VECTOR ( 'NONE', #3207, 39.37007874015748143 ) ;
#1467 = EDGE_CURVE ( 'NONE', #1948, #4864, #2216, .T. ) ;
#1468 = EDGE_CURVE ( 'NONE', #90, #3562, #4780, .T. ) ;
#1469 = FACE_OUTER_BOUND ( 'NONE', #3977, .T. ) ;
#1470 = VECTOR ( 'NONE', #390, 39.37007874015748143 ) ;
#1471 = PRODUCT_DEFINITION_SHAPE ( 'NONE', 'NONE',  #3965 ) ;
#1472 = CIRCLE ( 'NONE', #3509, 0.02855000000000054022 ) ;
#1473 = VECTOR ( 'NONE', #5161, 39.37007874015748143 ) ;
#1474 = ADVANCED_FACE ( 'NONE', ( #4532 ), #4129, .F. ) ;
#1475 = CARTESIAN_POINT ( 'NONE',  ( 0.03500000000000071804, 0.0000000000000000000, 0.02900000000000220804 ) ) ;
#1476 = DIRECTION ( 'NONE',  ( 0.0000000000000000000, 0.0000000000000000000, 1.000000000000000000 ) ) ;
#1477 = ORIENTED_EDGE ( 'NONE', *, *, #42, .T. ) ;
#1478 = CARTESIAN_POINT ( 'NONE',  ( 0.03796746881030720056, 0.0000000000000000000, -0.07855000000000052218 ) ) ;
#1479 = ORIENTED_EDGE ( 'NONE', *, *, #2927, .T. ) ;
#1480 = FACE_OUTER_BOUND ( 'NONE', #4581, .T. ) ;
#1481 = EDGE_CURVE ( 'NONE', #4088, #5141, #3881, .T. ) ;
#1482 = VECTOR ( 'NONE', #3048, 39.37007874015748143 ) ;
#1483 = VECTOR ( 'NONE', #4112, 39.37007874015748143 ) ;
#1484 = EDGE_LOOP ( 'NONE', ( #3938, #2525, #956, #2593 ) ) ;
#1485 = AXIS2_PLACEMENT_3D ( 'NONE', #5022, #4120, #493 ) ;
#1486 = VERTEX_POINT ( 'NONE', #1050 ) ;
#1487 = AXIS2_PLACEMENT_3D ( 'NONE', #3208, #5172, #4748 ) ;
#1488 = PLANE ( 'NONE',  #4343 ) ;
#1489 = CARTESIAN_POINT ( 'NONE',  ( 0.7379674688103072810, -0.05000000000000000278, -0.07855000000000052218 ) ) ;
#1490 = DIRECTION ( 'NONE',  ( 1.000000000000000000, 0.0000000000000000000, -0.0000000000000000000 ) ) ;
#1491 = CONICAL_SURFACE ( 'NONE', #5132, 0.01049999999999998157, 1.029744258676653645 ) ;
#1492 = AXIS2_PLACEMENT_3D ( 'NONE', #570, #4071, #3652 ) ;
#1493 = VERTEX_POINT ( 'NONE', #4253 ) ;
#1494 = CARTESIAN_POINT ( 'NONE',  ( 0.2999990000000001267, -0.05000000000000000278, 0.0000000000000000000 ) ) ;
#1495 = DIRECTION ( 'NONE',  ( 0.0000000000000000000, 0.0000000000000000000, 1.000000000000000000 ) ) ;
#1496 = ORIENTED_EDGE ( 'NONE', *, *, #3122, .T. ) ;
#1497 = AXIS2_PLACEMENT_3D ( 'NONE', #3892, #4239, #5048 ) ;
#1498 = DIRECTION ( 'NONE',  ( -0.0000000000000000000, 1.000000000000000000, -0.0000000000000000000 ) ) ;
#1499 = ORIENTED_EDGE ( 'NONE', *, *, #3265, .F. ) ;
#1500 = LINE ( 'NONE', #2688, #2995 ) ;
#1501 = LINE ( 'NONE', #1921, #4194 ) ;
#1502 = CARTESIAN_POINT ( 'NONE',  ( 0.0000000000000000000, 0.0000000000000000000, 0.0000000000000000000 ) ) ;
#1503 = EDGE_CURVE ( 'NONE', #4434, #3945, #3488, .T. ) ;
#1504 = CARTESIAN_POINT ( 'NONE',  ( 0.3379674688103072033, 3.673940397442064486E-19, -0.1214499999999994612 ) ) ;
#1505 = ORIENTED_EDGE ( 'NONE', *, *, #1510, .F. ) ;
#1506 = FACE_OUTER_BOUND ( 'NONE', #4457, .T. ) ;
#1507 = ORIENTED_EDGE ( 'NONE', *, *, #4325, .F. ) ;
#1508 = DIRECTION ( 'NONE',  ( -0.0000000000000000000, 1.000000000000000000, -0.0000000000000000000 ) ) ;
#1509 = EDGE_CURVE ( 'NONE', #3640, #1451, #3165, .T. ) ;
#1510 = EDGE_CURVE ( 'NONE', #265, #2360, #4720, .T. ) ;
#1512 = EDGE_CURVE ( 'NONE', #1403, #3249, #627, .T. ) ;
#1511 = ORIENTED_EDGE ( 'NONE', *, *, #836, .F. ) ;
#1513 = EDGE_LOOP ( 'NONE', ( #4513, #4606, #4152, #1105 ) ) ;
#1514 = DIRECTION ( 'NONE',  ( 0.9396926207859082059, 0.0000000000000000000, -0.3420201433256693790 ) ) ;
#1515 = CARTESIAN_POINT ( 'NONE',  ( 0.1942664688103074300, -0.05000000000000000278, -0.01574999999999998623 ) ) ;
#1516 = CARTESIAN_POINT ( 'NONE',  ( 0.5999990000000001711, -0.05000000000000000278, 0.0000000000000000000 ) ) ;
#1518 = ADVANCED_FACE ( 'NONE', ( #5084 ), #4283, .T. ) ;
#1517 = ORIENTED_EDGE ( 'NONE', *, *, #4352, .F. ) ;
#1519 = LINE ( 'NONE', #5177, #4423 ) ;
#1520 = CARTESIAN_POINT ( 'NONE',  ( 0.8379674688103072588, 3.673940397442064486E-19, -0.1499999999999999944 ) ) ;
#1521 = EDGE_LOOP ( 'NONE', ( #1896, #3771, #1248, #2136 ) ) ;
#1522 = DIRECTION ( 'NONE',  ( -0.7071067811865520136, 8.659560562354877391E-17, -0.7071067811865430208 ) ) ;
#1523 = ORIENTED_EDGE ( 'NONE', *, *, #3029, .T. ) ;
#1524 = DIRECTION ( 'NONE',  ( -0.0000000000000000000, 1.000000000000000000, -0.0000000000000000000 ) ) ;
#1525 = LINE ( 'NONE', #4245, #1320 ) ;
#1526 = FACE_OUTER_BOUND ( 'NONE', #2394, .T. ) ;
#1527 = LINE ( 'NONE', #3855, #2495 ) ;
#1528 = DIRECTION ( 'NONE',  ( -0.0000000000000000000, 1.000000000000000000, -0.0000000000000000000 ) ) ;
#1529 = ORIENTED_EDGE ( 'NONE', *, *, #442, .F. ) ;
#1530 =( REPRESENTATION_RELATIONSHIP ('NONE','NONE', #813, #979 ) REPRESENTATION_RELATIONSHIP_WITH_TRANSFORMATION ( #2690 )SHAPE_REPRESENTATION_RELATIONSHIP( ) );
#1531 = DIRECTION ( 'NONE',  ( 0.0000000000000000000, 0.0000000000000000000, 1.000000000000000000 ) ) ;
#1532 = DIRECTION ( 'NONE',  ( -1.000000000000000000, -0.0000000000000000000, -0.0000000000000000000 ) ) ;
#1533 = ORIENTED_EDGE ( 'NONE', *, *, #686, .F. ) ;
#1534 = FACE_BOUND ( 'NONE', #657, .T. ) ;
#1535 = ORIENTED_EDGE ( 'NONE', *, *, #2224, .F. ) ;
#1536 = EDGE_CURVE ( 'NONE', #3552, #5001, #2247, .T. ) ;
#1537 = ORIENTED_EDGE ( 'NONE', *, *, #987, .T. ) ;
#1538 = EDGE_CURVE ( 'NONE', #2954, #4556, #3440, .T. ) ;
#1539 = DIRECTION ( 'NONE',  ( 0.9396926207859082059, 0.0000000000000000000, -0.3420201433256693790 ) ) ;
#1540 = DIRECTION ( 'NONE',  ( -1.000000000000000000, -0.0000000000000000000, -0.0000000000000000000 ) ) ;
#1541 = DIRECTION ( 'NONE',  ( 1.000000000000000000, 0.0000000000000000000, 0.0000000000000000000 ) ) ;
#1542 = EDGE_CURVE ( 'NONE', #938, #4837, #2325, .T. ) ;
#1543 = VERTEX_POINT ( 'NONE', #3041 ) ;
#1544 = FACE_OUTER_BOUND ( 'NONE', #2980, .T. ) ;
#1545 = DIRECTION ( 'NONE',  ( 5.421193827719211569E-15, 0.0000000000000000000, 1.000000000000000000 ) ) ;
#1546 = VERTEX_POINT ( 'NONE', #1897 ) ;
#1547 = DIRECTION ( 'NONE',  ( -0.0000000000000000000, 1.000000000000000000, -0.0000000000000000000 ) ) ;
#1548 = ORIENTED_EDGE ( 'NONE', *, *, #672, .F. ) ;
#1549 = DIRECTION ( 'NONE',  ( 1.000000000000000000, 0.0000000000000000000, -0.0000000000000000000 ) ) ;
#1550 = EDGE_CURVE ( 'NONE', #4854, #3295, #2296, .T. ) ;
#1551 = VECTOR ( 'NONE', #3078, 39.37007874015748854 ) ;
#1552 = CARTESIAN_POINT ( 'NONE',  ( 0.07607179676972174176, 0.0000000000000000000, 0.0000000000000000000 ) ) ;
#1553 = ORIENTED_EDGE ( 'NONE', *, *, #2674, .T. ) ;
#1554 = AXIS2_PLACEMENT_3D ( 'NONE', #197, #2937, #1345 ) ;
#1555 = DIRECTION ( 'NONE',  ( -1.000000000000000000, 0.0000000000000000000, 6.998027963638287744E-17 ) ) ;
#1556 = CARTESIAN_POINT ( 'NONE',  ( 0.2379674688103072255, 0.0000000000000000000, -0.04999999999999999584 ) ) ;
#1557 = VECTOR ( 'NONE', #1817, 39.37007874015748143 ) ;
#1558 = LINE ( 'NONE', #783, #283 ) ;
#1559 = EDGE_LOOP ( 'NONE', ( #2792, #2024, #1979, #747 ) ) ;
#1560 = CARTESIAN_POINT ( 'NONE',  ( 0.7379674688103072810, -0.05000000000000000278, -0.1499999999999999944 ) ) ;
#1561 = AXIS2_PLACEMENT_3D ( 'NONE', #1365, #149, #1716 ) ;
#1562 =( REPRESENTATION_RELATIONSHIP ('NONE','NONE', #813, #979 ) REPRESENTATION_RELATIONSHIP_WITH_TRANSFORMATION ( #994 )SHAPE_REPRESENTATION_RELATIONSHIP( ) );
#1563 = CARTESIAN_POINT ( 'NONE',  ( 0.9759349376206141180, 0.0000000000000000000, 0.0000000000000000000 ) ) ;
#1564 = EDGE_LOOP ( 'NONE', ( #1927, #2203 ) ) ;
#1565 = CARTESIAN_POINT ( 'NONE',  ( 0.2942664688103074355, -0.05000000000000000278, -0.01574999999999998623 ) ) ;
#1566 = CARTESIAN_POINT ( 'NONE',  ( 0.1999990000000001211, 0.0000000000000000000, 0.0000000000000000000 ) ) ;
#1567 = CIRCLE ( 'NONE', #2909, 0.02855000000000052982 ) ;
#1568 = CARTESIAN_POINT ( 'NONE',  ( 0.07593593762061463803, 0.0000000000000000000, -9.478001694819074349E-34 ) ) ;
#1569 = EDGE_CURVE ( 'NONE', #2405, #1703, #5058, .T. ) ;
#1570 = AXIS2_PLACEMENT_3D ( 'NONE', #1386, #2549, #4998 ) ;
#1571 = AXIS2_PLACEMENT_3D ( 'NONE', #1061, #210, #3886 ) ;
#1572 = ORIENTED_EDGE ( 'NONE', *, *, #2896, .F. ) ;
#1573 = FACE_OUTER_BOUND ( 'NONE', #152, .T. ) ;
#1574 = LINE ( 'NONE', #3616, #3013 ) ;
#1575 = ORIENTED_EDGE ( 'NONE', *, *, #379, .F. ) ;
#1576 = CARTESIAN_POINT ( 'NONE',  ( 0.3379674688103072033, 0.0000000000000000000, -0.04999999999999999584 ) ) ;
#1577 = ORIENTED_EDGE ( 'NONE', *, *, #5238, .F. ) ;
#1578 = DIRECTION ( 'NONE',  ( 0.0000000000000000000, 0.0000000000000000000, 1.000000000000000000 ) ) ;
#1579 = AXIS2_PLACEMENT_3D ( 'NONE', #1869, #4286, #2298 ) ;
#1580 = EDGE_CURVE ( 'NONE', #4830, #3607, #2747, .T. ) ;
#1581 = CARTESIAN_POINT ( 'NONE',  ( 0.9379674688103073477, 0.0000000000000000000, -0.04999999999999999584 ) ) ;
#1582 = EDGE_CURVE ( 'NONE', #1596, #2735, #3904, .T. ) ;
#1583 = EDGE_LOOP ( 'NONE', ( #2722, #4180, #3817, #4576 ) ) ;
#1584 = CARTESIAN_POINT ( 'NONE',  ( 0.03500000000000071804, 0.02650000000000055783, 0.0000000000000000000 ) ) ;
#1585 = DIRECTION ( 'NONE',  ( 0.0000000000000000000, 0.0000000000000000000, 1.000000000000000000 ) ) ;
#1586 = APPLICATION_PROTOCOL_DEFINITION ( 'draft international standard', 'automotive_design', 1998, #3991 ) ;
#1587 = CARTESIAN_POINT ( 'NONE',  ( 0.4816684688103075040, -0.05000000000000000278, -0.1842499999999996085 ) ) ;
#1588 = ORIENTED_EDGE ( 'NONE', *, *, #621, .T. ) ;
#1589 = PLANE ( 'NONE',  #2567 ) ;
#1590 = DIRECTION ( 'NONE',  ( 1.000000000000000000, 0.0000000000000000000, 0.0000000000000000000 ) ) ;
#1591 = VERTEX_POINT ( 'NONE', #4334 ) ;
#1592 = LINE ( 'NONE', #422, #4429 ) ;
#1593 = FACE_OUTER_BOUND ( 'NONE', #3520, .T. ) ;
#1594 = CARTESIAN_POINT ( 'NONE',  ( 0.1999990000000001211, -0.05000000000000000278, -0.1999999999999999833 ) ) ;
#1595 = DIRECTION ( 'NONE',  ( -1.000000000000000000, -0.0000000000000000000, -0.0000000000000000000 ) ) ;
#1596 = VERTEX_POINT ( 'NONE', #4367 ) ;
#1597 = LINE ( 'NONE', #4912, #4940 ) ;
#1598 = FACE_OUTER_BOUND ( 'NONE', #1745, .T. ) ;
#1599 = LINE ( 'NONE', #4858, #4703 ) ;
#1600 = LINE ( 'NONE', #4037, #5032 ) ;
#1601 = ORIENTED_EDGE ( 'NONE', *, *, #7, .F. ) ;
#1602 = FACE_OUTER_BOUND ( 'NONE', #3336, .T. ) ;
#1603 = ADVANCED_FACE ( 'NONE', ( #1506 ), #3095, .F. ) ;
#1604 = ADVANCED_FACE ( 'NONE', ( #5142 ), #4692, .T. ) ;
#1605 = ORIENTED_EDGE ( 'NONE', *, *, #367, .F. ) ;
#1606 = ADVANCED_FACE ( 'NONE', ( #3547 ), #4767, .F. ) ;
#1607 = PRODUCT_DEFINITION_SHAPE ( 'NONE', 'NONE',  #5257 ) ;
#1608 = CARTESIAN_POINT ( 'NONE',  ( 0.5816684688103075374, 0.0000000000000000000, -0.1842499999999996085 ) ) ;
#1609 = DIRECTION ( 'NONE',  ( -1.000000000000000000, 0.0000000000000000000, 6.998027963638287744E-17 ) ) ;
#1610 = APPLICATION_PROTOCOL_DEFINITION ( 'draft international standard', 'automotive_design', 1998, #4372 ) ;
#1611 = CARTESIAN_POINT ( 'NONE',  ( 0.3942664688103074133, 0.0000000000000000000, -0.1842499999999996918 ) ) ;
#1612 = VERTEX_POINT ( 'NONE', #1022 ) ;
#1613 = CARTESIAN_POINT ( 'NONE',  ( 0.2816684688103074374, 0.0000000000000000000, -0.01574999999999998623 ) ) ;
#1614 = EDGE_CURVE ( 'NONE', #4561, #3241, #4411, .T. ) ;
#1615 = DIRECTION ( 'NONE',  ( -0.3420201433256720991, 0.0000000000000000000, 0.9396926207859070956 ) ) ;
#1616 = ORIENTED_EDGE ( 'NONE', *, *, #694, .F. ) ;
#1617 = DIRECTION ( 'NONE',  ( 0.0000000000000000000, 0.0000000000000000000, 1.000000000000000000 ) ) ;
#1618 = PLANE ( 'NONE',  #4962 ) ;
#1619 = ORIENTED_EDGE ( 'NONE', *, *, #5080, .T. ) ;
#1620 = DIRECTION ( 'NONE',  ( -0.0000000000000000000, 1.000000000000000000, -0.0000000000000000000 ) ) ;
#1621 =( LENGTH_UNIT ( ) NAMED_UNIT ( * ) SI_UNIT ( $, .METRE. ) );
#1622 = CYLINDRICAL_SURFACE ( 'NONE', #4536, 0.01450000000000062350 ) ;
#1623 = CARTESIAN_POINT ( 'NONE',  ( 0.8942664688103074688, 0.0000000000000000000, -0.01574999999999998623 ) ) ;
#1624 = DIRECTION ( 'NONE',  ( -0.0000000000000000000, 1.000000000000000000, -0.0000000000000000000 ) ) ;
#1625 = ORIENTED_EDGE ( 'NONE', *, *, #3091, .F. ) ;
#1626 = VERTEX_POINT ( 'NONE', #1184 ) ;
#1627 = PRESENTATION_LAYER_ASSIGNMENT (  '', '', ( #1119 ) ) ;
#1628 = EDGE_CURVE ( 'NONE', #140, #602, #34, .T. ) ;
#1629 = DIRECTION ( 'NONE',  ( 0.3420201433256664370, -0.0000000000000000000, 0.9396926207859092051 ) ) ;
#1630 = CARTESIAN_POINT ( 'NONE',  ( 0.2942664688103074355, 0.0000000000000000000, -0.1842499999999996918 ) ) ;
#1631 = DIRECTION ( 'NONE',  ( -3.491481338843133355E-15, -1.000000000000000000, 0.0000000000000000000 ) ) ;
#1632 = CARTESIAN_POINT ( 'NONE',  ( 0.3379674688103072033, 3.673940397442064486E-19, -0.04999999999999999584 ) ) ;
#1633 = ORIENTED_EDGE ( 'NONE', *, *, #4716, .F. ) ;
#1634 = DIRECTION ( 'NONE',  ( -0.0000000000000000000, 1.000000000000000000, -0.0000000000000000000 ) ) ;
#1635 = AXIS2_PLACEMENT_3D ( 'NONE', #208, #4566, #1826 ) ;
#1636 = EDGE_CURVE ( 'NONE', #580, #5202, #4472, .T. ) ;
#1637 = VECTOR ( 'NONE', #1768, 39.37007874015748143 ) ;
#1638 = VERTEX_POINT ( 'NONE', #4019 ) ;
#1639 = ORIENTED_EDGE ( 'NONE', *, *, #2258, .T. ) ;
#1640 = FACE_OUTER_BOUND ( 'NONE', #3332, .T. ) ;
#1641 = EDGE_CURVE ( 'NONE', #265, #4167, #2852, .T. ) ;
#1642 = DIRECTION ( 'NONE',  ( -0.0000000000000000000, 1.000000000000000000, -0.0000000000000000000 ) ) ;
#1643 = VECTOR ( 'NONE', #1952, 39.37007874015748854 ) ;
#1644 = VERTEX_POINT ( 'NONE', #759 ) ;
#1645 = AXIS2_PLACEMENT_3D ( 'NONE', #2058, #4198, #2160 ) ;
#1646 = CIRCLE ( 'NONE', #3510, 0.02855000000000054022 ) ;
#1647 = DIRECTION ( 'NONE',  ( 0.3420201433256665480, -0.0000000000000000000, 0.9396926207859092051 ) ) ;
#1648 = FILL_AREA_STYLE ('',( #4135 ) ) ;
#1649 = DIRECTION ( 'NONE',  ( -0.0000000000000000000, 0.0000000000000000000, 1.000000000000000000 ) ) ;
#1650 = CARTESIAN_POINT ( 'NONE',  ( 0.04431135598927586627, 0.0000000000000000000, 0.0000000000000000000 ) ) ;
#1651 = AXIS2_PLACEMENT_3D ( 'NONE', #1650, #3269, #99 ) ;
#1652 = AXIS2_PLACEMENT_3D ( 'NONE', #1835, #2626, #5075 ) ;
#1653 = ORIENTED_EDGE ( 'NONE', *, *, #1542, .F. ) ;
#1654 = CARTESIAN_POINT ( 'NONE',  ( 0.7379674688103072810, -0.05000000000000000278, -0.1785500000000005416 ) ) ;
#1655 = ORIENTED_EDGE ( 'NONE', *, *, #983, .F. ) ;
#1656 = AXIS2_PLACEMENT_3D ( 'NONE', #4665, #2984, #3883 ) ;
#1657 = VERTEX_POINT ( 'NONE', #2821 ) ;
#1658 = CIRCLE ( 'NONE', #639, 0.01049999999999998157 ) ;
#1659 = CARTESIAN_POINT ( 'NONE',  ( 0.5816684688103074263, 0.0000000000000000000, -0.01574999999999998623 ) ) ;
#1660 = LINE ( 'NONE', #414, #4683 ) ;
#1661 = CONTEXT_DEPENDENT_SHAPE_REPRESENTATION ( #4438, #4013 ) ;
#1662 = CARTESIAN_POINT ( 'NONE',  ( 0.09999900000000011557, 0.0000000000000000000, -0.1999999999999999833 ) ) ;
#1663 = AXIS2_PLACEMENT_3D ( 'NONE', #2731, #4347, #718 ) ;
#1664 = ORIENTED_EDGE ( 'NONE', *, *, #1694, .T. ) ;
#1665 = LINE ( 'NONE', #594, #2421 ) ;
#1666 = EDGE_LOOP ( 'NONE', ( #4573, #4719, #3190, #2180 ) ) ;
#1667 = ORIENTED_EDGE ( 'NONE', *, *, #1931, .F. ) ;
#1668 = CARTESIAN_POINT ( 'NONE',  ( 0.4816684688103073930, 0.0000000000000000000, -0.01574999999999998623 ) ) ;
#1669 = ADVANCED_FACE ( 'NONE', ( #840 ), #4843, .F. ) ;
#1670 = ORIENTED_EDGE ( 'NONE', *, *, #3933, .T. ) ;
#1671 = CARTESIAN_POINT ( 'NONE',  ( 0.5999990000000001711, 0.0000000000000000000, -0.1999999999999999833 ) ) ;
#1672 = EDGE_CURVE ( 'NONE', #2889, #2329, #1978, .T. ) ;
#1673 = VERTEX_POINT ( 'NONE', #1611 ) ;
#1674 = DIRECTION ( 'NONE',  ( 0.0000000000000000000, 0.0000000000000000000, 1.000000000000000000 ) ) ;
#1675 = LINE ( 'NONE', #1275, #2833 ) ;
#1676 = AXIS2_PLACEMENT_3D ( 'NONE', #3939, #3963, #3837 ) ;
#1677 = DIRECTION ( 'NONE',  ( -1.000000000000000000, 0.0000000000000000000, 6.998027963638287744E-17 ) ) ;
#1678 = EDGE_CURVE ( 'NONE', #3226, #3903, #3225, .T. ) ;
#1679 = ORIENTED_EDGE ( 'NONE', *, *, #5237, .F. ) ;
#1680 = DIRECTION ( 'NONE',  ( -1.000000000000000000, -0.0000000000000000000, -0.0000000000000000000 ) ) ;
#1681 = ORIENTED_EDGE ( 'NONE', *, *, #2634, .T. ) ;
#1682 = FACE_OUTER_BOUND ( 'NONE', #1559, .T. ) ;
#1683 = ORIENTED_EDGE ( 'NONE', *, *, #3351, .F. ) ;
#1684 = LINE ( 'NONE', #2506, #4274 ) ;
#1685 = CARTESIAN_POINT ( 'NONE',  ( 0.3999990000000001600, -0.05000000000000000278, -0.1999999999999999833 ) ) ;
#1686 = CARTESIAN_POINT ( 'NONE',  ( 0.8759359376206147241, -0.05000000000000000278, -9.478001694819074349E-34 ) ) ;
#1687 = ORIENTED_EDGE ( 'NONE', *, *, #2634, .F. ) ;
#1688 = DIRECTION ( 'NONE',  ( 0.9396926207859104263, 0.0000000000000000000, 0.3420201433256633838 ) ) ;
#1689 = VERTEX_POINT ( 'NONE', #864 ) ;
#1690 = DIRECTION ( 'NONE',  ( -1.000000000000000000, -0.0000000000000000000, -0.0000000000000000000 ) ) ;
#1691 = EDGE_LOOP ( 'NONE', ( #1001, #498 ) ) ;
#1692 = DIRECTION ( 'NONE',  ( -1.000000000000000000, -0.0000000000000000000, -0.0000000000000000000 ) ) ;
#1693 = ADVANCED_FACE ( 'NONE', ( #4444 ), #5189, .F. ) ;
#1694 = EDGE_CURVE ( 'NONE', #1333, #832, #1558, .T. ) ;
#1695 = ORIENTED_EDGE ( 'NONE', *, *, #303, .T. ) ;
#1696 = FACE_BOUND ( 'NONE', #1691, .T. ) ;
#1697 = CARTESIAN_POINT ( 'NONE',  ( 0.0000000000000000000, -0.05000000000000000278, 0.0000000000000000000 ) ) ;
#1698 = PRODUCT_DEFINITION ( 'UNKNOWN', '', #3115, #3282 ) ;
#1699 = DIRECTION ( 'NONE',  ( -0.0000000000000000000, 1.000000000000000000, -0.0000000000000000000 ) ) ;
#1700 = EDGE_CURVE ( 'NONE', #2574, #3882, #439, .T. ) ;
#1701 = EDGE_LOOP ( 'NONE', ( #1452, #23, #2368, #4971 ) ) ;
#1702 = DIRECTION ( 'NONE',  ( -0.0000000000000000000, 1.000000000000000000, -0.0000000000000000000 ) ) ;
#1703 = VERTEX_POINT ( 'NONE', #2876 ) ;
#1704 = CARTESIAN_POINT ( 'NONE',  ( 0.5816684688103074263, 0.0000000000000000000, -0.01574999999999998623 ) ) ;
#1705 = ORIENTED_EDGE ( 'NONE', *, *, #2794, .T. ) ;
#1706 = EDGE_CURVE ( 'NONE', #4476, #5019, #4046, .T. ) ;
#1707 = DIRECTION ( 'NONE',  ( -0.3420201433256694346, -0.0000000000000000000, -0.9396926207859080948 ) ) ;
#1708 = LINE ( 'NONE', #3452, #1800 ) ;
#1709 = CONTEXT_DEPENDENT_SHAPE_REPRESENTATION ( #1014, #2236 ) ;
#1710 = DIRECTION ( 'NONE',  ( -0.0000000000000000000, 1.000000000000000000, -0.0000000000000000000 ) ) ;
#1711 = ORIENTED_EDGE ( 'NONE', *, *, #4622, .F. ) ;
#1712 = AXIS2_PLACEMENT_3D ( 'NONE', #4870, #32, #3648 ) ;
#1713 = CARTESIAN_POINT ( 'NONE',  ( 0.3816684688103073597, -0.05000000000000000278, -0.01574999999999998623 ) ) ;
#1714 = ORIENTED_EDGE ( 'NONE', *, *, #2067, .T. ) ;
#1715 = AXIS2_PLACEMENT_3D ( 'NONE', #4540, #2885, #483 ) ;
#1716 = DIRECTION ( 'NONE',  ( 0.0000000000000000000, 0.0000000000000000000, 1.000000000000000000 ) ) ;
#1717 = VERTEX_POINT ( 'NONE', #1662 ) ;
#1718 = DIRECTION ( 'NONE',  ( -1.000000000000000000, 0.0000000000000000000, 6.998027963638287744E-17 ) ) ;
#1719 = AXIS2_PLACEMENT_3D ( 'NONE', #4774, #1107, #1849 ) ;
#1720 = ORIENTED_EDGE ( 'NONE', *, *, #1441, .F. ) ;
#1721 = LINE ( 'NONE', #3339, #4511 ) ;
#1722 = CARTESIAN_POINT ( 'NONE',  ( 0.8942664688103074688, 0.0000000000000000000, -0.1842499999999996918 ) ) ;
#1723 = VECTOR ( 'NONE', #1448, 39.37007874015748143 ) ;
#1724 = FACE_OUTER_BOUND ( 'NONE', #3427, .T. ) ;
#1725 = EDGE_CURVE ( 'NONE', #4073, #4857, #1385, .T. ) ;
#1726 = PRESENTATION_LAYER_ASSIGNMENT (  '', '', ( #3678 ) ) ;
#1727 = VERTEX_POINT ( 'NONE', #1239 ) ;
#1728 = CARTESIAN_POINT ( 'NONE',  ( 0.1999990000000001211, 0.0000000000000000000, -0.1999999999999999833 ) ) ;
#1729 = EDGE_LOOP ( 'NONE', ( #150, #3146 ) ) ;
#1730 = CARTESIAN_POINT ( 'NONE',  ( 0.5379674688103072144, 0.0000000000000000000, -0.07855000000000052218 ) ) ;
#1731 = ORIENTED_EDGE ( 'NONE', *, *, #2772, .F. ) ;
#1732 = CIRCLE ( 'NONE', #4439, 0.02855000000000054022 ) ;
#1733 = EDGE_CURVE ( 'NONE', #1424, #3830, #416, .T. ) ;
#1734 = AXIS2_PLACEMENT_3D ( 'NONE', #3537, #297, #4271 ) ;
#1735 = EDGE_CURVE ( 'NONE', #4821, #2040, #3279, .T. ) ;
#1736 = CIRCLE ( 'NONE', #1988, 0.02855000000000052982 ) ;
#1737 = VECTOR ( 'NONE', #4106, 39.37007874015748143 ) ;
#1738 = CYLINDRICAL_SURFACE ( 'NONE', #1139, 0.02855000000000052982 ) ;
#1739 = CARTESIAN_POINT ( 'NONE',  ( 0.3816684688103074707, -0.05000000000000000278, -0.1842499999999996085 ) ) ;
#1740 = DIRECTION ( 'NONE',  ( -0.0000000000000000000, 1.000000000000000000, -0.0000000000000000000 ) ) ;
#1741 = ORIENTED_EDGE ( 'NONE', *, *, #3861, .T. ) ;
#1742 = VECTOR ( 'NONE', #2814, 39.37007874015748143 ) ;
#1743 = AXIS2_PLACEMENT_3D ( 'NONE', #4336, #4769, #5191 ) ;
#1744 = CARTESIAN_POINT ( 'NONE',  ( 0.03796746881030719362, 3.673940397442064486E-19, -0.04999999999999999584 ) ) ;
#1745 = EDGE_LOOP ( 'NONE', ( #2078, #706, #4548, #4324 ) ) ;
#1746 = CARTESIAN_POINT ( 'NONE',  ( 0.04431135598927586627, 3.245314017740554309E-18, -0.02650000000000055783 ) ) ;
#1747 = ORIENTED_EDGE ( 'NONE', *, *, #4156, .T. ) ;
#1748 = LINE ( 'NONE', #4535, #4711 ) ;
#1749 = VERTEX_POINT ( 'NONE', #2033 ) ;
#1750 = CARTESIAN_POINT ( 'NONE',  ( -3.414809992080329023E-17, 0.0000000000000000000, 0.0000000000000000000 ) ) ;
#1751 = DIRECTION ( 'NONE',  ( 1.000000000000000000, 0.0000000000000000000, 0.0000000000000000000 ) ) ;
#1752 = DIRECTION ( 'NONE',  ( -1.000000000000000000, -0.0000000000000000000, -0.0000000000000000000 ) ) ;
#1753 = CARTESIAN_POINT ( 'NONE',  ( 0.7816684688103074929, -0.05000000000000000278, -0.1842499999999996085 ) ) ;
#1754 = ORIENTED_EDGE ( 'NONE', *, *, #1180, .F. ) ;
#1755 = FACE_OUTER_BOUND ( 'NONE', #3588, .T. ) ;
#1756 = AXIS2_PLACEMENT_3D ( 'NONE', #5011, #1928, #1405 ) ;
#1757 = ORIENTED_EDGE ( 'NONE', *, *, #3709, .T. ) ;
#1758 = LINE ( 'NONE', #2108, #28 ) ;
#1759 = ORIENTED_EDGE ( 'NONE', *, *, #1016, .T. ) ;
#1760 = LINE ( 'NONE', #2604, #4627 ) ;
#1761 = EDGE_CURVE ( 'NONE', #654, #2197, #3419, .T. ) ;
#1762 = CARTESIAN_POINT ( 'NONE',  ( 0.6816684688103075151, -0.05000000000000000278, -0.01574999999999998623 ) ) ;
#1763 = CARTESIAN_POINT ( 'NONE',  ( 0.4379674688103072366, 3.673940397442064486E-19, -0.1214499999999994612 ) ) ;
#1764 = ORIENTED_EDGE ( 'NONE', *, *, #1110, .F. ) ;
#1765 = EDGE_CURVE ( 'NONE', #2266, #3911, #3171, .T. ) ;
#1766 = DIRECTION ( 'NONE',  ( -1.000000000000000000, 0.0000000000000000000, -0.0000000000000000000 ) ) ;
#1767 = ORIENTED_EDGE ( 'NONE', *, *, #3089, .F. ) ;
#1768 = DIRECTION ( 'NONE',  ( 1.000000000000000000, 0.0000000000000000000, -5.421193827719211569E-15 ) ) ;
#1769 = ORIENTED_EDGE ( 'NONE', *, *, #1725, .F. ) ;
#1770 = CARTESIAN_POINT ( 'NONE',  ( 0.07593593762061463803, 0.0000000000000000000, -0.1999999999999999833 ) ) ;
#1771 = ORIENTED_EDGE ( 'NONE', *, *, #2560, .F. ) ;
#1772 = FACE_BOUND ( 'NONE', #2838, .T. ) ;
#1773 = DIRECTION ( 'NONE',  ( 1.047444401652940007E-14, -1.000000000000000000, 0.0000000000000000000 ) ) ;
#1774 = LINE ( 'NONE', #4914, #3087 ) ;
#1775 = CARTESIAN_POINT ( 'NONE',  ( 0.1816684688103074041, -0.05000000000000000278, -0.01574999999999998623 ) ) ;
#1776 = VERTEX_POINT ( 'NONE', #4797 ) ;
#1777 = CYLINDRICAL_SURFACE ( 'NONE', #3941, 0.02855000000000054022 ) ;
#1778 = ORIENTED_EDGE ( 'NONE', *, *, #3800, .T. ) ;
#1779 = CARTESIAN_POINT ( 'NONE',  ( 0.7759359376206146353, 0.0000000000000000000, -9.478001694819074349E-34 ) ) ;
#1780 = EDGE_LOOP ( 'NONE', ( #2387, #3477 ) ) ;
#1781 = CARTESIAN_POINT ( 'NONE',  ( -0.01203253118969264089, 0.0000000000000000000, -0.1842499999999996918 ) ) ;
#1782 = CARTESIAN_POINT ( 'NONE',  ( 0.6379674688103071922, 3.673940397442064486E-19, -0.07855000000000052218 ) ) ;
#1783 = CYLINDRICAL_SURFACE ( 'NONE', #4173, 0.02855000000000052982 ) ;
#1784 = ORIENTED_EDGE ( 'NONE', *, *, #3376, .T. ) ;
#1785 = ADVANCED_FACE ( 'NONE', ( #2775 ), #468, .F. ) ;
#1786 = VECTOR ( 'NONE', #3406, 39.37007874015748143 ) ;
#1787 = CARTESIAN_POINT ( 'NONE',  ( 0.08166846881030738470, -0.05000000000000000278, -0.01574999999999998623 ) ) ;
#1788 = DIRECTION ( 'NONE',  ( -1.000000000000000000, 0.0000000000000000000, 6.998027963638287744E-17 ) ) ;
#1789 = ORIENTED_EDGE ( 'NONE', *, *, #3777, .F. ) ;
#1790 = PLANE ( 'NONE',  #5131 ) ;
#1791 = ADVANCED_FACE ( 'NONE', ( #3781 ), #1783, .F. ) ;
#1792 = PRODUCT_DEFINITION_CONTEXT ( 'detailed design', #196, 'design' ) ;
#1793 = VECTOR ( 'NONE', #3826, 39.37007874015748143 ) ;
#1795 = EDGE_CURVE ( 'NONE', #4501, #4001, #937, .T. ) ;
#1794 = ORIENTED_EDGE ( 'NONE', *, *, #2060, .T. ) ;
#1796 = CARTESIAN_POINT ( 'NONE',  ( 0.5942664688103074244, 0.0000000000000000000, -0.1842499999999996918 ) ) ;
#1797 = CARTESIAN_POINT ( 'NONE',  ( 1.218416028926168071, 2.129741810843848171, 2.122227730851123706 ) ) ;
#1798 = CARTESIAN_POINT ( 'NONE',  ( 0.7816684688103074929, -0.05000000000000000278, -0.01574999999999998623 ) ) ;
#1799 = CARTESIAN_POINT ( 'NONE',  ( -0.005732531189692642581, -0.05000000000000000278, -0.01574999999999999664 ) ) ;
#1800 = VECTOR ( 'NONE', #2623, 39.37007874015748143 ) ;
#1801 = ORIENTED_EDGE ( 'NONE', *, *, #4463, .T. ) ;
#1802 = AXIS2_PLACEMENT_3D ( 'NONE', #4965, #129, #1328 ) ;
#1803 = CARTESIAN_POINT ( 'NONE',  ( 0.7999990000000001267, 0.0000000000000000000, 0.0000000000000000000 ) ) ;
#1804 = ORIENTED_EDGE ( 'NONE', *, *, #890, .F. ) ;
#1805 = CARTESIAN_POINT ( 'NONE',  ( 0.5379674688103072144, 3.673940397442064486E-19, -0.04999999999999999584 ) ) ;
#1806 = ORIENTED_EDGE ( 'NONE', *, *, #1044, .F. ) ;
#1807 = CARTESIAN_POINT ( 'NONE',  ( 0.4759359376206147019, 0.0000000000000000000, -0.1999999999999999833 ) ) ;
#1808 = CIRCLE ( 'NONE', #22, 0.02855000000000052982 ) ;
#1809 = DIRECTION ( 'NONE',  ( -1.000000000000000000, -0.0000000000000000000, -0.0000000000000000000 ) ) ;
#1810 = AXIS2_PLACEMENT_3D ( 'NONE', #713, #1456, #4293 ) ;
#1811 = AXIS2_PLACEMENT_3D ( 'NONE', #4755, #4241, #5127 ) ;
#1812 = CONTEXT_DEPENDENT_SHAPE_REPRESENTATION ( #1934, #1096 ) ;
#1813 = CIRCLE ( 'NONE', #4790, 0.02855000000000054022 ) ;
#1814 = VECTOR ( 'NONE', #1251, 39.37007874015748854 ) ;
#1815 = FACE_OUTER_BOUND ( 'NONE', #3718, .T. ) ;
#1816 = ORIENTED_EDGE ( 'NONE', *, *, #767, .F. ) ;
#1817 = DIRECTION ( 'NONE',  ( -0.0000000000000000000, 1.000000000000000000, -0.0000000000000000000 ) ) ;
#1818 = CIRCLE ( 'NONE', #1401, 0.01450000000000062350 ) ;
#1819 = VERTEX_POINT ( 'NONE', #3701 ) ;
#1820 = CARTESIAN_POINT ( 'NONE',  ( 0.1579999999999989468, 0.0000000000000000000, 0.0000000000000000000 ) ) ;
#1821 = CIRCLE ( 'NONE', #974, 0.03599999999999819317 ) ;
#1822 = CIRCLE ( 'NONE', #2764, 0.02855000000000054022 ) ;
#1823 = ORIENTED_EDGE ( 'NONE', *, *, #1444, .T. ) ;
#1824 = EDGE_CURVE ( 'NONE', #3233, #3903, #4170, .T. ) ;
#1825 = EDGE_CURVE ( 'NONE', #2114, #4835, #4927, .T. ) ;
#1826 = DIRECTION ( 'NONE',  ( 0.0000000000000000000, 0.0000000000000000000, 1.000000000000000000 ) ) ;
#1827 = CARTESIAN_POINT ( 'NONE',  ( 0.1379674688103071922, -0.05000000000000000278, -0.1499999999999999944 ) ) ;
#1828 = PLANE ( 'NONE',  #2239 ) ;
#1829 = APPLICATION_CONTEXT ( 'automotive_design' ) ;
#1830 = ADVANCED_FACE ( 'NONE', ( #2550 ), #4601, .T. ) ;
#1831 = EDGE_LOOP ( 'NONE', ( #1344, #382, #4697, #3596 ) ) ;
#1832 = LINE ( 'NONE', #4521, #2734 ) ;
#1833 = CARTESIAN_POINT ( 'NONE',  ( 0.3816684688103073597, 0.0000000000000000000, -0.01574999999999998623 ) ) ;
#1834 = VERTEX_POINT ( 'NONE', #1763 ) ;
#1835 = CARTESIAN_POINT ( 'NONE',  ( 0.5379674688103072144, 0.0000000000000000000, -0.04999999999999999584 ) ) ;
#1836 = ORIENTED_EDGE ( 'NONE', *, *, #432, .T. ) ;
#1837 = CARTESIAN_POINT ( 'NONE',  ( 0.4816684688103073930, -0.05000000000000000278, -0.01574999999999998623 ) ) ;
#1838 = LINE ( 'NONE', #1862, #4104 ) ;
#1839 = CARTESIAN_POINT ( 'NONE',  ( 0.8816684688103074707, 0.0000000000000000000, -0.1842499999999996085 ) ) ;
#1840 = CARTESIAN_POINT ( 'NONE',  ( 0.06700000000000012890, 0.0000000000000000000, 0.02150000000000002950 ) ) ;
#1841 = CARTESIAN_POINT ( 'NONE',  ( 0.4379674688103072366, 0.0000000000000000000, -0.04999999999999999584 ) ) ;
#1842 = DIRECTION ( 'NONE',  ( -1.000000000000000000, -0.0000000000000000000, -0.0000000000000000000 ) ) ;
#1843 = CARTESIAN_POINT ( 'NONE',  ( 0.9879674688103075031, 0.0000000000000000000, -0.1842499999999992755 ) ) ;
#1844 = ORIENTED_EDGE ( 'NONE', *, *, #337, .T. ) ;
#1845 = VERTEX_POINT ( 'NONE', #4555 ) ;
#1846 = LINE ( 'NONE', #1081, #2501 ) ;
#1847 = ORIENTED_EDGE ( 'NONE', *, *, #1536, .T. ) ;
#1848 = ORIENTED_EDGE ( 'NONE', *, *, #4248, .T. ) ;
#1849 = DIRECTION ( 'NONE',  ( -0.3420201433256720991, 0.0000000000000000000, 0.9396926207859070956 ) ) ;
#1850 = FACE_OUTER_BOUND ( 'NONE', #1058, .T. ) ;
#1851 = DIRECTION ( 'NONE',  ( -1.000000000000000000, -0.0000000000000000000, -0.0000000000000000000 ) ) ;
#1852 = ADVANCED_FACE ( 'NONE', ( #4977 ), #2932, .F. ) ;
#1853 = EDGE_CURVE ( 'NONE', #4073, #2197, #3803, .T. ) ;
#1854 = ORIENTED_EDGE ( 'NONE', *, *, #276, .F. ) ;
#1855 = DIRECTION ( 'NONE',  ( 0.3420201433256665480, -0.0000000000000000000, 0.9396926207859092051 ) ) ;
#1856 = DIRECTION ( 'NONE',  ( 1.000000000000000000, 0.0000000000000000000, -5.421193827719211569E-15 ) ) ;
#1857 = EDGE_LOOP ( 'NONE', ( #1992, #4704, #925, #4641 ) ) ;
#1858 = DIRECTION ( 'NONE',  ( 0.0000000000000000000, 0.0000000000000000000, -1.000000000000000000 ) ) ;
#1859 = ORIENTED_EDGE ( 'NONE', *, *, #3129, .T. ) ;
#1860 = FACE_OUTER_BOUND ( 'NONE', #5085, .T. ) ;
#1861 = EDGE_CURVE ( 'NONE', #4735, #569, #3724, .T. ) ;
#1862 = CARTESIAN_POINT ( 'NONE',  ( 0.3379674688103072033, 0.0000000000000000000, -0.1785500000000005416 ) ) ;
#1863 = EDGE_CURVE ( 'NONE', #3607, #1282, #2167, .T. ) ;
#1864 = CARTESIAN_POINT ( 'NONE',  ( 0.5816684688103074263, -0.05000000000000000278, -0.01574999999999998623 ) ) ;
#1865 = PLANE ( 'NONE',  #37 ) ;
#1866 = EDGE_LOOP ( 'NONE', ( #1269, #1154 ) ) ;
#1867 = CARTESIAN_POINT ( 'NONE',  ( 0.0000000000000000000, 0.0000000000000000000, 0.01049999999999998851 ) ) ;
#1868 = ORIENTED_EDGE ( 'NONE', *, *, #2260, .F. ) ;
#1869 = CARTESIAN_POINT ( 'NONE',  ( 0.1942664688103074300, -0.05000000000000000278, -0.01574999999999998623 ) ) ;
#1870 = ORIENTED_EDGE ( 'NONE', *, *, #1887, .T. ) ;
#1871 = ORIENTED_EDGE ( 'NONE', *, *, #1150, .F. ) ;
#1872 = DIRECTION ( 'NONE',  ( -0.0000000000000000000, 1.000000000000000000, -0.0000000000000000000 ) ) ;
#1873 = LINE ( 'NONE', #4700, #1055 ) ;
#1874 = LINE ( 'NONE', #4342, #3929 ) ;
#1875 = ORIENTED_EDGE ( 'NONE', *, *, #4883, .T. ) ;
#1876 = CARTESIAN_POINT ( 'NONE',  ( 0.3942664688103074133, 0.0000000000000000000, -0.1842499999999996918 ) ) ;
#1877 = CARTESIAN_POINT ( 'NONE',  ( 0.9379674688103073477, 3.673940397442064486E-19, -0.1785500000000005416 ) ) ;
#1878 = EDGE_LOOP ( 'NONE', ( #4435, #3720 ) ) ;
#1879 = LINE ( 'NONE', #2686, #2153 ) ;
#1880 = VECTOR ( 'NONE', #528, 39.37007874015748143 ) ;
#1881 = EDGE_CURVE ( 'NONE', #3830, #4837, #3378, .T. ) ;
#1882 = ORIENTED_EDGE ( 'NONE', *, *, #1825, .T. ) ;
#1883 = LINE ( 'NONE', #4326, #3253 ) ;
#1884 = VECTOR ( 'NONE', #2829, 39.37007874015748143 ) ;
#1885 = CARTESIAN_POINT ( 'NONE',  ( 0.7942664688103074910, -0.05000000000000000278, -0.01574999999999998623 ) ) ;
#1886 = EDGE_CURVE ( 'NONE', #2960, #344, #1808, .T. ) ;
#1887 = EDGE_CURVE ( 'NONE', #398, #4799, #5000, .T. ) ;
#1888 = DIRECTION ( 'NONE',  ( -0.0000000000000000000, 1.000000000000000000, -0.0000000000000000000 ) ) ;
#1889 = VECTOR ( 'NONE', #2086, 39.37007874015748143 ) ;
#1890 = EDGE_CURVE ( 'NONE', #1133, #1913, #2900, .T. ) ;
#1891 = PRODUCT_DEFINITION_SHAPE ( 'NONE', 'NONE',  #5249 ) ;
#1892 = AXIS2_PLACEMENT_3D ( 'NONE', #1837, #3083, #1920 ) ;
#1893 = VECTOR ( 'NONE', #4225, 39.37007874015748143 ) ;
#1894 = PLANE ( 'NONE',  #1905 ) ;
#1895 = CARTESIAN_POINT ( 'NONE',  ( 0.6379674688103071922, 0.0000000000000000000, -0.1499999999999999944 ) ) ;
#1896 = ORIENTED_EDGE ( 'NONE', *, *, #3091, .T. ) ;
#1897 = CARTESIAN_POINT ( 'NONE',  ( 0.5942664688103074244, -0.05000000000000000278, -0.01574999999999998623 ) ) ;
#1898 = ORIENTED_EDGE ( 'NONE', *, *, #4909, .F. ) ;
#1899 = FACE_BOUND ( 'NONE', #4920, .T. ) ;
#1900 = AXIS2_PLACEMENT_3D ( 'NONE', #179, #2887, #4508 ) ;
#1901 = AXIS2_PLACEMENT_3D ( 'NONE', #980, #288, #1004 ) ;
#1902 = UNCERTAINTY_MEASURE_WITH_UNIT (LENGTH_MEASURE( 1.000000000000000082E-05 ), #3046, 'distance_accuracy_value', 'NONE');
#1903 = EDGE_CURVE ( 'NONE', #262, #2063, #1361, .T. ) ;
#1904 = ORIENTED_EDGE ( 'NONE', *, *, #984, .F. ) ;
#1905 = AXIS2_PLACEMENT_3D ( 'NONE', #5139, #3878, #277 ) ;
#1906 = ORIENTED_EDGE ( 'NONE', *, *, #1861, .T. ) ;
#1907 = VECTOR ( 'NONE', #3756, 39.37007874015748143 ) ;
#1908 = CARTESIAN_POINT ( 'NONE',  ( 0.2379674688103072255, -0.05000000000000000278, -0.1499999999999999944 ) ) ;
#1909 = DIRECTION ( 'NONE',  ( -0.0000000000000000000, 1.000000000000000000, -0.0000000000000000000 ) ) ;
#1910 = DIRECTION ( 'NONE',  ( -0.0000000000000000000, 1.000000000000000000, -0.0000000000000000000 ) ) ;
#1911 = VECTOR ( 'NONE', #3218, 39.37007874015748143 ) ;
#1912 = AXIS2_PLACEMENT_3D ( 'NONE', #3798, #162, #2878 ) ;
#1913 = VERTEX_POINT ( 'NONE', #4203 ) ;
#1914 = CARTESIAN_POINT ( 'NONE',  ( 0.1816684688103074319, 0.0000000000000000000, -0.1842499999999996085 ) ) ;
#1915 = CARTESIAN_POINT ( 'NONE',  ( 0.1489999999999999658, 0.0000000000000000000, 0.0000000000000000000 ) ) ;
#1916 = ORIENTED_EDGE ( 'NONE', *, *, #1509, .F. ) ;
#1917 = AXIS2_PLACEMENT_3D ( 'NONE', #3132, #1545, #1223 ) ;
#1918 = CARTESIAN_POINT ( 'NONE',  ( 0.2379674688103072255, 0.0000000000000000000, -0.1499999999999999944 ) ) ;
#1919 = VERTEX_POINT ( 'NONE', #575 ) ;
#1920 = DIRECTION ( 'NONE',  ( -1.000000000000000000, 0.0000000000000000000, -0.0000000000000000000 ) ) ;
#1921 = CARTESIAN_POINT ( 'NONE',  ( 0.08166846881030742633, 0.0000000000000000000, -0.1842499999999996085 ) ) ;
#1922 = LINE ( 'NONE', #2183, #3927 ) ;
#1923 = EDGE_CURVE ( 'NONE', #2340, #2284, #5203, .T. ) ;
#1924 = EDGE_CURVE ( 'NONE', #1056, #3821, #623, .T. ) ;
#1925 = DIRECTION ( 'NONE',  ( 0.0000000000000000000, 0.0000000000000000000, 1.000000000000000000 ) ) ;
#1926 = FILL_AREA_STYLE ('',( #899 ) ) ;
#1927 = ORIENTED_EDGE ( 'NONE', *, *, #3825, .F. ) ;
#1928 = DIRECTION ( 'NONE',  ( 0.0000000000000000000, 0.0000000000000000000, 1.000000000000000000 ) ) ;
#1929 = DIRECTION ( 'NONE',  ( -0.0000000000000000000, 1.000000000000000000, -0.0000000000000000000 ) ) ;
#1930 = ORIENTED_EDGE ( 'NONE', *, *, #2606, .F. ) ;
#1931 = EDGE_CURVE ( 'NONE', #1255, #1717, #3357, .T. ) ;
#1932 = VERTEX_POINT ( 'NONE', #4738 ) ;
#1933 = LINE ( 'NONE', #3227, #711 ) ;
#1934 =( REPRESENTATION_RELATIONSHIP ('NONE','NONE', #813, #979 ) REPRESENTATION_RELATIONSHIP_WITH_TRANSFORMATION ( #4554 )SHAPE_REPRESENTATION_RELATIONSHIP( ) );
#1935 = EDGE_LOOP ( 'NONE', ( #5083, #1848 ) ) ;
#1936 = DIRECTION ( 'NONE',  ( -0.3420201433256693790, 0.0000000000000000000, -0.9396926207859082059 ) ) ;
#1937 = EDGE_CURVE ( 'NONE', #4040, #3295, #274, .T. ) ;
#1938 = DIRECTION ( 'NONE',  ( 0.3420201433256665480, -0.0000000000000000000, 0.9396926207859092051 ) ) ;
#1939 = CARTESIAN_POINT ( 'NONE',  ( 0.5379674688103072144, 3.673940397442064486E-19, -0.1499999999999999944 ) ) ;
#1940 = VERTEX_POINT ( 'NONE', #225 ) ;
#1941 = CARTESIAN_POINT ( 'NONE',  ( 0.1759359376206146575, -0.05000000000000000278, -9.478001694819074349E-34 ) ) ;
#1942 = PLANE ( 'NONE',  #2504 ) ;
#1943 = DIRECTION ( 'NONE',  ( 0.0000000000000000000, 0.0000000000000000000, -1.000000000000000000 ) ) ;
#1944 = ORIENTED_EDGE ( 'NONE', *, *, #3485, .F. ) ;
#1945 = DIRECTION ( 'NONE',  ( 0.0000000000000000000, 0.0000000000000000000, 1.000000000000000000 ) ) ;
#1946 = PRODUCT_DEFINITION_SHAPE ( 'NONE', 'NONE',  #5254 ) ;
#1947 = LINE ( 'NONE', #4862, #2169 ) ;
#1948 = VERTEX_POINT ( 'NONE', #1017 ) ;
#1949 = CARTESIAN_POINT ( 'NONE',  ( 0.09426646881030741054, -0.05000000000000000278, -0.1842499999999996918 ) ) ;
#1950 = DIRECTION ( 'NONE',  ( -0.0000000000000000000, 1.000000000000000000, -0.0000000000000000000 ) ) ;
#1951 = DIRECTION ( 'NONE',  ( 1.047444401652940007E-14, -1.000000000000000000, 0.0000000000000000000 ) ) ;
#1952 = DIRECTION ( 'NONE',  ( -0.3420201433256720991, 0.0000000000000000000, 0.9396926207859070956 ) ) ;
#1953 = ORIENTED_EDGE ( 'NONE', *, *, #1337, .T. ) ;
#1954 = DIRECTION ( 'NONE',  ( -1.000000000000000000, -0.0000000000000000000, -0.0000000000000000000 ) ) ;
#1955 = EDGE_CURVE ( 'NONE', #953, #2414, #3254, .T. ) ;
#1956 = CYLINDRICAL_SURFACE ( 'NONE', #3061, 0.02855000000000054022 ) ;
#1957 = ORIENTED_EDGE ( 'NONE', *, *, #2988, .T. ) ;
#1958 = DIRECTION ( 'NONE',  ( -0.3420201433256693790, 0.0000000000000000000, -0.9396926207859082059 ) ) ;
#1959 = DIRECTION ( 'NONE',  ( -1.000000000000000000, -0.0000000000000000000, -0.0000000000000000000 ) ) ;
#1960 = EDGE_CURVE ( 'NONE', #398, #4001, #649, .T. ) ;
#1961 = DIRECTION ( 'NONE',  ( 0.0000000000000000000, 0.0000000000000000000, 1.000000000000000000 ) ) ;
#1962 = EDGE_CURVE ( 'NONE', #3733, #646, #5056, .T. ) ;
#1963 = ORIENTED_EDGE ( 'NONE', *, *, #4353, .F. ) ;
#1964 = CARTESIAN_POINT ( 'NONE',  ( 0.3379674688103072033, 3.673940397442064486E-19, -0.07855000000000052218 ) ) ;
#1965 = LINE ( 'NONE', #4403, #817 ) ;
#1966 = ORIENTED_EDGE ( 'NONE', *, *, #3889, .F. ) ;
#1967 = DIRECTION ( 'NONE',  ( 0.0000000000000000000, 0.0000000000000000000, 1.000000000000000000 ) ) ;
#1968 = ORIENTED_EDGE ( 'NONE', *, *, #4580, .F. ) ;
#1969 = CYLINDRICAL_SURFACE ( 'NONE', #885, 0.02650000000000055783 ) ;
#1970 = VECTOR ( 'NONE', #651, 39.37007874015748143 ) ;
#1971 = VECTOR ( 'NONE', #2100, 39.37007874015748143 ) ;
#1972 = DIRECTION ( 'NONE',  ( -0.0000000000000000000, 1.000000000000000000, -0.0000000000000000000 ) ) ;
#1973 = VERTEX_POINT ( 'NONE', #2715 ) ;
#1974 = VECTOR ( 'NONE', #96, 39.37007874015748143 ) ;
#1975 = DIRECTION ( 'NONE',  ( 1.000000000000000000, 0.0000000000000000000, -5.421193827719211569E-15 ) ) ;
#1976 = DIRECTION ( 'NONE',  ( -0.3420201433256720991, 0.0000000000000000000, 0.9396926207859070956 ) ) ;
#1977 = VECTOR ( 'NONE', #311, 39.37007874015748143 ) ;
#1978 = LINE ( 'NONE', #359, #2741 ) ;
#1979 = ORIENTED_EDGE ( 'NONE', *, *, #993, .T. ) ;
#1980 = CARTESIAN_POINT ( 'NONE',  ( 0.9759349376206162274, -0.05000000000000000278, -0.1999999999999997058 ) ) ;
#1981 = COLOUR_RGB ( '',0.4941176470588235503, 0.4941176470588235503, 0.4941176470588235503 ) ;
#1982 = CARTESIAN_POINT ( 'NONE',  ( 0.8759359376206147241, -0.05000000000000000278, -0.1999999999999999833 ) ) ;
#1983 = ORIENTED_EDGE ( 'NONE', *, *, #1825, .F. ) ;
#1984 = LINE ( 'NONE', #1668, #104 ) ;
#1985 = VECTOR ( 'NONE', #132, 39.37007874015748143 ) ;
#1986 = CYLINDRICAL_SURFACE ( 'NONE', #1487, 0.02855000000000054022 ) ;
#1987 = LINE ( 'NONE', #4400, #2750 ) ;
#1988 = AXIS2_PLACEMENT_3D ( 'NONE', #3721, #3801, #82 ) ;
#1989 = EDGE_CURVE ( 'NONE', #4517, #4806, #4715, .T. ) ;
#1990 = AXIS2_PLACEMENT_3D ( 'NONE', #3531, #5150, #3126 ) ;
#1991 = ADVANCED_FACE ( 'NONE', ( #674 ), #1121, .T. ) ;
#1992 = ORIENTED_EDGE ( 'NONE', *, *, #4778, .T. ) ;
#1993 = LINE ( 'NONE', #3615, #3746 ) ;
#1994 = DIRECTION ( 'NONE',  ( -0.0000000000000000000, 1.000000000000000000, -0.0000000000000000000 ) ) ;
#1995 = CARTESIAN_POINT ( 'NONE',  ( 0.5816684688103075374, -0.05000000000000000278, -0.1842499999999996085 ) ) ;
#1996 = EDGE_CURVE ( 'NONE', #1546, #1162, #5081, .T. ) ;
#1997 = PLANE ( 'NONE',  #1311 ) ;
#1998 = CIRCLE ( 'NONE', #3097, 0.02855000000000052982 ) ;
#1999 = CIRCLE ( 'NONE', #4963, 0.02855000000000052982 ) ;
#2000 = EDGE_LOOP ( 'NONE', ( #4288, #593, #222, #4809 ) ) ;
#2001 = CARTESIAN_POINT ( 'NONE',  ( 0.9759349376206162274, -0.05000000000000000278, -0.1999999999999997058 ) ) ;
#2002 = ORIENTED_EDGE ( 'NONE', *, *, #1, .F. ) ;
#2003 = EDGE_CURVE ( 'NONE', #5001, #2950, #3842, .T. ) ;
#2004 = DIRECTION ( 'NONE',  ( 0.0000000000000000000, 0.0000000000000000000, 1.000000000000000000 ) ) ;
#2005 = LINE ( 'NONE', #4819, #4770 ) ;
#2006 = DIRECTION ( 'NONE',  ( 0.0000000000000000000, 0.0000000000000000000, 1.000000000000000000 ) ) ;
#2007 = CARTESIAN_POINT ( 'NONE',  ( 0.2816684688103074374, -0.05000000000000000278, -0.01574999999999998623 ) ) ;
#2008 = EDGE_LOOP ( 'NONE', ( #1859, #958, #3379, #930 ) ) ;
#2009 = DIRECTION ( 'NONE',  ( -0.0000000000000000000, 1.000000000000000000, -0.0000000000000000000 ) ) ;
#2010 = UNCERTAINTY_MEASURE_WITH_UNIT (LENGTH_MEASURE( 1.000000000000000082E-05 ), #4587, 'distance_accuracy_value', 'NONE');
#2011 = PLANE ( 'NONE',  #4077 ) ;
#2012 = VERTEX_POINT ( 'NONE', #3900 ) ;
#2013 = PLANE ( 'NONE',  #4603 ) ;
#2014 = DIRECTION ( 'NONE',  ( -0.9396926207859092051, 0.0000000000000000000, 0.3420201433256666035 ) ) ;
#2015 = DIRECTION ( 'NONE',  ( 0.0000000000000000000, 0.0000000000000000000, 1.000000000000000000 ) ) ;
#2016 = ORIENTED_EDGE ( 'NONE', *, *, #2633, .F. ) ;
#2017 = FACE_BOUND ( 'NONE', #1935, .T. ) ;
#2018 = LINE ( 'NONE', #4055, #305 ) ;
#2019 = CARTESIAN_POINT ( 'NONE',  ( 0.4816684688103073930, -0.05000000000000000278, -0.01574999999999998623 ) ) ;
#2020 = CARTESIAN_POINT ( 'NONE',  ( 0.08166846881030742633, -0.05000000000000000278, -0.1842499999999996085 ) ) ;
#2021 = ADVANCED_FACE ( 'NONE', ( #1526 ), #4329, .T. ) ;
#2022 = EDGE_CURVE ( 'NONE', #140, #2065, #1041, .T. ) ;
#2023 = MANIFOLD_SOLID_BREP ( 'LPattern2', #1453 ) ;
#2024 = ORIENTED_EDGE ( 'NONE', *, *, #4192, .T. ) ;
#2025 = DIRECTION ( 'NONE',  ( 0.3420201433256665480, -0.0000000000000000000, 0.9396926207859092051 ) ) ;
#2026 = ORIENTED_EDGE ( 'NONE', *, *, #3888, .T. ) ;
#2027 = EDGE_LOOP ( 'NONE', ( #5147, #4953, #3843, #2801 ) ) ;
#2028 = EDGE_CURVE ( 'NONE', #2145, #4434, #1922, .T. ) ;
#2029 = EDGE_CURVE ( 'NONE', #3741, #1940, #80, .T. ) ;
#2030 = DIRECTION ( 'NONE',  ( 0.0000000000000000000, 0.0000000000000000000, 1.000000000000000000 ) ) ;
#2031 = DIRECTION ( 'NONE',  ( 0.0000000000000000000, 1.000000000000000000, 0.0000000000000000000 ) ) ;
#2032 =( LENGTH_UNIT ( ) NAMED_UNIT ( * ) SI_UNIT ( $, .METRE. ) );
#2033 = CARTESIAN_POINT ( 'NONE',  ( 0.6942664688103074022, -0.05000000000000000278, -0.01574999999999998623 ) ) ;
#2034 = VERTEX_POINT ( 'NONE', #3820 ) ;
#2035 = DIRECTION ( 'NONE',  ( 0.0000000000000000000, 0.0000000000000000000, 1.000000000000000000 ) ) ;
#2036 = CARTESIAN_POINT ( 'NONE',  ( 0.0000000000000000000, 0.0000000000000000000, 0.0000000000000000000 ) ) ;
#2037 = ORIENTED_EDGE ( 'NONE', *, *, #2384, .F. ) ;
#2038 = CARTESIAN_POINT ( 'NONE',  ( -0.01203253118969264089, -0.05000000000000000278, -0.1842499999999996918 ) ) ;
#2039 = DIRECTION ( 'NONE',  ( 5.421193827719211569E-15, 0.0000000000000000000, 1.000000000000000000 ) ) ;
#2040 = VERTEX_POINT ( 'NONE', #568 ) ;
#2041 = DIRECTION ( 'NONE',  ( 1.000000000000000000, 0.0000000000000000000, -5.421193827719211569E-15 ) ) ;
#2042 = LINE ( 'NONE', #2762, #2926 ) ;
#2043 = CARTESIAN_POINT ( 'NONE',  ( 0.6379674688103071922, 0.0000000000000000000, -0.1785500000000005416 ) ) ;
#2044 = DIRECTION ( 'NONE',  ( 0.0000000000000000000, 0.0000000000000000000, 1.000000000000000000 ) ) ;
#2045 = EDGE_LOOP ( 'NONE', ( #4228, #4319, #1327, #3064 ) ) ;
#2046 = ADVANCED_FACE ( 'NONE', ( #1682 ), #2602, .F. ) ;
#2047 = CYLINDRICAL_SURFACE ( 'NONE', #1152, 0.02855000000000052982 ) ;
#2048 = EDGE_LOOP ( 'NONE', ( #4301, #3681 ) ) ;
#2049 = CIRCLE ( 'NONE', #2132, 0.01049999999999998851 ) ;
#2050 = ORIENTED_EDGE ( 'NONE', *, *, #3766, .T. ) ;
#2051 = VECTOR ( 'NONE', #3726, 39.37007874015748143 ) ;
#2052 = EDGE_CURVE ( 'NONE', #3567, #2430, #1137, .T. ) ;
#2053 = EDGE_CURVE ( 'NONE', #917, #3014, #1646, .T. ) ;
#2054 = LINE ( 'NONE', #1659, #3431 ) ;
#2055 = DIRECTION ( 'NONE',  ( 0.0000000000000000000, 0.0000000000000000000, 1.000000000000000000 ) ) ;
#2056 = CARTESIAN_POINT ( 'NONE',  ( 0.9759349376206162274, 0.0000000000000000000, -0.1999999999999997058 ) ) ;
#2057 = VERTEX_POINT ( 'NONE', #2502 ) ;
#2058 = CARTESIAN_POINT ( 'NONE',  ( 0.1379674688103071922, 3.673940397442064486E-19, -0.1499999999999999944 ) ) ;
#2059 = VECTOR ( 'NONE', #1066, 39.37007874015748143 ) ;
#2060 = EDGE_CURVE ( 'NONE', #2295, #2478, #1758, .T. ) ;
#2061 = VECTOR ( 'NONE', #1085, 39.37007874015748143 ) ;
#2062 = CARTESIAN_POINT ( 'NONE',  ( 0.0000000000000000000, 0.0000000000000000000, 0.0000000000000000000 ) ) ;
#2063 = VERTEX_POINT ( 'NONE', #1779 ) ;
#2064 = FACE_OUTER_BOUND ( 'NONE', #4164, .T. ) ;
#2065 = VERTEX_POINT ( 'NONE', #1704 ) ;
#2066 = DIRECTION ( 'NONE',  ( -1.000000000000000000, -0.0000000000000000000, -0.0000000000000000000 ) ) ;
#2067 = EDGE_CURVE ( 'NONE', #4880, #2360, #2924, .T. ) ;
#2068 = EDGE_LOOP ( 'NONE', ( #431, #3424, #2907, #1170 ) ) ;
#2069 = AXIS2_PLACEMENT_3D ( 'NONE', #3160, #1038, #3896 ) ;
#2070 = AXIS2_PLACEMENT_3D ( 'NONE', #3796, #490, #4945 ) ;
#2071 = DIRECTION ( 'NONE',  ( -0.0000000000000000000, 1.000000000000000000, -0.0000000000000000000 ) ) ;
#2072 = CARTESIAN_POINT ( 'NONE',  ( 0.08166846881030742633, -0.05000000000000000278, -0.1842499999999996085 ) ) ;
#2073 = CARTESIAN_POINT ( 'NONE',  ( 0.1999990000000001211, -0.05000000000000000278, -0.1999999999999999833 ) ) ;
#2074 = AXIS2_PLACEMENT_3D ( 'NONE', #351, #428, #2044 ) ;
#2075 = AXIS2_PLACEMENT_3D ( 'NONE', #4892, #1595, #2441 ) ;
#2076 = ORIENTED_EDGE ( 'NONE', *, *, #2471, .T. ) ;
#2077 = CARTESIAN_POINT ( 'NONE',  ( 0.5942664688103074244, 0.0000000000000000000, -0.1842499999999996918 ) ) ;
#2078 = ORIENTED_EDGE ( 'NONE', *, *, #2543, .T. ) ;
#2079 = CIRCLE ( 'NONE', #971, 0.02855000000000054022 ) ;
#2080 = AXIS2_PLACEMENT_3D ( 'NONE', #3657, #13, #2436 ) ;
#2081 = ORIENTED_EDGE ( 'NONE', *, *, #631, .F. ) ;
#2082 = AXIS2_PLACEMENT_3D ( 'NONE', #4465, #3595, #4061 ) ;
#2083 = LINE ( 'NONE', #5186, #3515 ) ;
#2084 = DIRECTION ( 'NONE',  ( 5.421193827719211569E-15, 0.0000000000000000000, 1.000000000000000000 ) ) ;
#2085 = APPLICATION_PROTOCOL_DEFINITION ( 'draft international standard', 'automotive_design', 1998, #196 ) ;
#2086 = DIRECTION ( 'NONE',  ( -0.0000000000000000000, 1.000000000000000000, -0.0000000000000000000 ) ) ;
#2087 = AXIS2_PLACEMENT_3D ( 'NONE', #613, #3503, #2286 ) ;
#2088 = ORIENTED_EDGE ( 'NONE', *, *, #314, .F. ) ;
#2089 = ADVANCED_FACE ( 'NONE', ( #3774 ), #3719, .F. ) ;
#2090 = ADVANCED_FACE ( 'NONE', ( #3298 ), #138, .F. ) ;
#2092 = FACE_OUTER_BOUND ( 'NONE', #1367, .T. ) ;
#2091 = PRODUCT_RELATED_PRODUCT_CATEGORY ( 'part', '', ( #1045 ) ) ;
#2093 = ORIENTED_EDGE ( 'NONE', *, *, #365, .T. ) ;
#2094 = DIRECTION ( 'NONE',  ( 0.0000000000000000000, 0.0000000000000000000, -1.000000000000000000 ) ) ;
#2095 = ORIENTED_EDGE ( 'NONE', *, *, #3670, .T. ) ;
#2096 = CARTESIAN_POINT ( 'NONE',  ( 0.5942664688103074244, -0.05000000000000000278, -0.01574999999999998623 ) ) ;
#2097 = EDGE_CURVE ( 'NONE', #2532, #565, #1308, .T. ) ;
#2099 = EDGE_CURVE ( 'NONE', #4565, #424, #2547, .T. ) ;
#2098 = ORIENTED_EDGE ( 'NONE', *, *, #5238, .T. ) ;
#2100 = DIRECTION ( 'NONE',  ( -1.266620916943744463E-17, 0.0000000000000000000, 1.000000000000000000 ) ) ;
#2101 = DIRECTION ( 'NONE',  ( 0.3420201433256665480, -0.0000000000000000000, 0.9396926207859092051 ) ) ;
#2102 = LINE ( 'NONE', #1268, #1466 ) ;
#2103 = LINE ( 'NONE', #562, #1985 ) ;
#2104 = EDGE_LOOP ( 'NONE', ( #3689, #5006, #251, #1720 ) ) ;
#2105 =( REPRESENTATION_RELATIONSHIP ('NONE','NONE', #813, #979 ) REPRESENTATION_RELATIONSHIP_WITH_TRANSFORMATION ( #2528 )SHAPE_REPRESENTATION_RELATIONSHIP( ) );
#2106 = CARTESIAN_POINT ( 'NONE',  ( 0.5379674688103072144, 0.0000000000000000000, -0.04999999999999999584 ) ) ;
#2107 = ORIENTED_EDGE ( 'NONE', *, *, #3127, .F. ) ;
#2108 = CARTESIAN_POINT ( 'NONE',  ( 2.239553201765118668E-16, -0.05000000000000000278, -0.1999999999999996503 ) ) ;
#2109 = ORIENTED_EDGE ( 'NONE', *, *, #1277, .F. ) ;
#2110 = DIRECTION ( 'NONE',  ( 1.000000000000000000, 0.0000000000000000000, 0.0000000000000000000 ) ) ;
#2111 = DIRECTION ( 'NONE',  ( -1.000000000000000000, 0.0000000000000000000, 6.998027963638287744E-17 ) ) ;
#2112 = CONTEXT_DEPENDENT_SHAPE_REPRESENTATION ( #547, #3877 ) ;
#2113 = DIRECTION ( 'NONE',  ( -0.3420201433256720991, 0.0000000000000000000, 0.9396926207859070956 ) ) ;
#2114 = VERTEX_POINT ( 'NONE', #4595 ) ;
#2115 = CARTESIAN_POINT ( 'NONE',  ( 0.4816684688103075040, -0.05000000000000000278, -0.1842499999999996085 ) ) ;
#2116 = ORIENTED_EDGE ( 'NONE', *, *, #1694, .F. ) ;
#2117 = EDGE_CURVE ( 'NONE', #1231, #2644, #3167, .T. ) ;
#2118 = LINE ( 'NONE', #3754, #1301 ) ;
#2119 = ORIENTED_EDGE ( 'NONE', *, *, #2928, .T. ) ;
#2120 = LINE ( 'NONE', #3309, #3608 ) ;
#2121 = ORIENTED_EDGE ( 'NONE', *, *, #3228, .T. ) ;
#2122 = EDGE_CURVE ( 'NONE', #1644, #4117, #3597, .T. ) ;
#2123 = DIRECTION ( 'NONE',  ( -0.9396926207859092051, 0.0000000000000000000, 0.3420201433256666035 ) ) ;
#2124 = CARTESIAN_POINT ( 'NONE',  ( 0.9879674688103075031, -0.05000000000000000278, -0.1842499999999992755 ) ) ;
#2125 = DIRECTION ( 'NONE',  ( -0.0000000000000000000, 1.000000000000000000, -0.0000000000000000000 ) ) ;
#2126 = EDGE_CURVE ( 'NONE', #2546, #1657, #108, .T. ) ;
#2127 = EDGE_LOOP ( 'NONE', ( #2530, #3179, #103, #2309 ) ) ;
#2128 = DIRECTION ( 'NONE',  ( -0.0000000000000000000, 1.000000000000000000, -0.0000000000000000000 ) ) ;
#2129 = ORIENTED_EDGE ( 'NONE', *, *, #4254, .T. ) ;
#2130 = FACE_OUTER_BOUND ( 'NONE', #3465, .T. ) ;
#2131 = ORIENTED_EDGE ( 'NONE', *, *, #3153, .F. ) ;
#2132 = AXIS2_PLACEMENT_3D ( 'NONE', #3680, #820, #2433 ) ;
#2133 = CARTESIAN_POINT ( 'NONE',  ( 0.7759359376206146353, 0.0000000000000000000, -0.1999999999999999833 ) ) ;
#2134 = CARTESIAN_POINT ( 'NONE',  ( 0.2942664688103074355, -0.05000000000000000278, -0.01574999999999998623 ) ) ;
#2135 = DIRECTION ( 'NONE',  ( 0.0000000000000000000, 0.0000000000000000000, 1.000000000000000000 ) ) ;
#2136 = ORIENTED_EDGE ( 'NONE', *, *, #5097, .T. ) ;
#2137 = COLOUR_RGB ( '',0.8274509803921568096, 0.6666666666666666297, 0.1294117647058823373 ) ;
#2138 = CARTESIAN_POINT ( 'NONE',  ( 0.9379674688103073477, 3.673940397442064486E-19, -0.04999999999999999584 ) ) ;
#2139 = VERTEX_POINT ( 'NONE', #4219 ) ;
#2140 = VECTOR ( 'NONE', #2111, 39.37007874015748143 ) ;
#2141 = CARTESIAN_POINT ( 'NONE',  ( 0.7999990000000001267, -0.05000000000000000278, 0.0000000000000000000 ) ) ;
#2142 = ORIENTED_EDGE ( 'NONE', *, *, #4287, .T. ) ;
#2143 = DIRECTION ( 'NONE',  ( 0.0000000000000000000, 0.0000000000000000000, 1.000000000000000000 ) ) ;
#2144 = AXIS2_PLACEMENT_3D ( 'NONE', #4882, #3995, #2485 ) ;
#2145 = VERTEX_POINT ( 'NONE', #592 ) ;
#2146 = LINE ( 'NONE', #2989, #1880 ) ;
#2147 = DIRECTION ( 'NONE',  ( 0.0000000000000000000, 0.0000000000000000000, 1.000000000000000000 ) ) ;
#2148 = AXIS2_PLACEMENT_3D ( 'NONE', #2953, #4633, #995 ) ;
#2149 = FACE_OUTER_BOUND ( 'NONE', #844, .T. ) ;
#2150 = EDGE_CURVE ( 'NONE', #1727, #2771, #2206, .T. ) ;
#2151 = EDGE_CURVE ( 'NONE', #1356, #2274, #4118, .T. ) ;
#2152 = VECTOR ( 'NONE', #2628, 39.37007874015748143 ) ;
#2153 = VECTOR ( 'NONE', #2733, 39.37007874015748143 ) ;
#2154 = EDGE_LOOP ( 'NONE', ( #559, #3195, #4499, #1409 ) ) ;
#2155 = DIRECTION ( 'NONE',  ( 0.3420201433256633283, 0.0000000000000000000, -0.9396926207859103153 ) ) ;
#2156 = ADVANCED_FACE ( 'NONE', ( #2130 ), #3742, .F. ) ;
#2157 = VERTEX_POINT ( 'NONE', #645 ) ;
#2158 = CARTESIAN_POINT ( 'NONE',  ( 0.3942664688103074133, -0.05000000000000000278, -0.01574999999999998623 ) ) ;
#2159 = ORIENTED_EDGE ( 'NONE', *, *, #5038, .T. ) ;
#2160 = DIRECTION ( 'NONE',  ( 0.0000000000000000000, 0.0000000000000000000, 1.000000000000000000 ) ) ;
#2161 = AXIS2_PLACEMENT_3D ( 'NONE', #3182, #4805, #4776 ) ;
#2162 = VECTOR ( 'NONE', #3031, 39.37007874015748143 ) ;
#2163 = AXIS2_PLACEMENT_3D ( 'NONE', #3983, #2369, #2795 ) ;
#2164 = VECTOR ( 'NONE', #873, 39.37007874015748143 ) ;
#2165 = DIRECTION ( 'NONE',  ( -1.000000000000000000, -0.0000000000000000000, -0.0000000000000000000 ) ) ;
#2166 = CONTEXT_DEPENDENT_SHAPE_REPRESENTATION ( #3188, #3508 ) ;
#2167 = LINE ( 'NONE', #3009, #4094 ) ;
#2168 = ORIENTED_EDGE ( 'NONE', *, *, #1444, .F. ) ;
#2169 = VECTOR ( 'NONE', #1972, 39.37007874015748143 ) ;
#2170 = AXIS2_PLACEMENT_3D ( 'NONE', #4598, #4474, #4048 ) ;
#2171 = PLANE ( 'NONE',  #2474 ) ;
#2172 = AXIS2_PLACEMENT_3D ( 'NONE', #689, #643, #4269 ) ;
#2173 = CARTESIAN_POINT ( 'NONE',  ( 0.7942664688103074910, -0.05000000000000000278, -0.01574999999999998623 ) ) ;
#2174 = ORIENTED_EDGE ( 'NONE', *, *, #539, .T. ) ;
#2175 = FACE_OUTER_BOUND ( 'NONE', #591, .T. ) ;
#2176 = ORIENTED_EDGE ( 'NONE', *, *, #4058, .F. ) ;
#2177 = DIRECTION ( 'NONE',  ( 0.0000000000000000000, 0.0000000000000000000, 1.000000000000000000 ) ) ;
#2178 = CYLINDRICAL_SURFACE ( 'NONE', #3761, 0.02855000000000052982 ) ;
#2179 = CARTESIAN_POINT ( 'NONE',  ( 0.0000000000000000000, -0.05000000000000000278, 0.0000000000000000000 ) ) ;
#2180 = ORIENTED_EDGE ( 'NONE', *, *, #1278, .T. ) ;
#2181 = CARTESIAN_POINT ( 'NONE',  ( 0.2999990000000001267, 0.0000000000000000000, 0.0000000000000000000 ) ) ;
#2182 = VERTEX_POINT ( 'NONE', #3112 ) ;
#2183 = CARTESIAN_POINT ( 'NONE',  ( 0.9879674688103075031, 0.0000000000000000000, -0.01574999999999967745 ) ) ;
#2184 = EDGE_CURVE ( 'NONE', #257, #1274, #3134, .T. ) ;
#2185 = ORIENTED_EDGE ( 'NONE', *, *, #4815, .F. ) ;
#2186 = CARTESIAN_POINT ( 'NONE',  ( 0.3759359376206146686, 0.0000000000000000000, -9.478001694819074349E-34 ) ) ;
#2187 = CARTESIAN_POINT ( 'NONE',  ( 0.9879674688103075031, 0.0000000000000000000, -0.01574999999999967745 ) ) ;
#2188 = EDGE_CURVE ( 'NONE', #4230, #3955, #221, .T. ) ;
#2189 = DIRECTION ( 'NONE',  ( 0.0000000000000000000, 0.0000000000000000000, 1.000000000000000000 ) ) ;
#2190 = VERTEX_POINT ( 'NONE', #1115 ) ;
#2191 = EDGE_CURVE ( 'NONE', #4314, #1310, #1879, .T. ) ;
#2192 = LINE ( 'NONE', #2115, #2051 ) ;
#2193 = VERTEX_POINT ( 'NONE', #720 ) ;
#2194 = DIRECTION ( 'NONE',  ( -0.0000000000000000000, 1.000000000000000000, -0.0000000000000000000 ) ) ;
#2195 = ORIENTED_EDGE ( 'NONE', *, *, #14, .F. ) ;
#2196 = DIRECTION ( 'NONE',  ( 0.0000000000000000000, 0.0000000000000000000, 1.000000000000000000 ) ) ;
#2197 = VERTEX_POINT ( 'NONE', #4651 ) ;
#2198 = DIRECTION ( 'NONE',  ( 0.0000000000000000000, 0.0000000000000000000, 1.000000000000000000 ) ) ;
#2199 = DIRECTION ( 'NONE',  ( 0.0000000000000000000, 0.0000000000000000000, 1.000000000000000000 ) ) ;
#2200 = CARTESIAN_POINT ( 'NONE',  ( 0.1379674688103071922, 3.673940397442064486E-19, -0.04999999999999999584 ) ) ;
#2201 = CARTESIAN_POINT ( 'NONE',  ( 0.5379674688103072144, -0.05000000000000000278, -0.07855000000000052218 ) ) ;
#2202 =( REPRESENTATION_RELATIONSHIP ('NONE','NONE', #813, #979 ) REPRESENTATION_RELATIONSHIP_WITH_TRANSFORMATION ( #3802 )SHAPE_REPRESENTATION_RELATIONSHIP( ) );
#2203 = ORIENTED_EDGE ( 'NONE', *, *, #137, .F. ) ;
#2204 = CARTESIAN_POINT ( 'NONE',  ( 0.2379674688103072255, 3.673940397442064486E-19, -0.04999999999999999584 ) ) ;
#2205 = EDGE_LOOP ( 'NONE', ( #3684, #1754, #4445, #3910 ) ) ;
#2206 = LINE ( 'NONE', #911, #1388 ) ;
#2207 = EDGE_LOOP ( 'NONE', ( #4751, #4608, #324, #2697 ) ) ;
#2208 = DIRECTION ( 'NONE',  ( -0.0000000000000000000, 1.000000000000000000, -0.0000000000000000000 ) ) ;
#2209 = CARTESIAN_POINT ( 'NONE',  ( 0.1816684688103074319, 0.0000000000000000000, -0.1842499999999996085 ) ) ;
#2210 = ITEM_DEFINED_TRANSFORMATION ( 'NONE', 'NONE', #3703,  #1156 ) ;
#2211 =( LENGTH_UNIT ( ) NAMED_UNIT ( * ) SI_UNIT ( $, .METRE. ) );
#2212 = ADVANCED_FACE ( 'NONE', ( #3505 ), #4734, .F. ) ;
#2213 = ADVANCED_FACE ( 'NONE', ( #1093 ), #1035, .F. ) ;
#2214 = CARTESIAN_POINT ( 'NONE',  ( 0.03796746881030719362, 0.0000000000000000000, -0.1214499999999994612 ) ) ;
#2215 = ORIENTED_EDGE ( 'NONE', *, *, #4485, .T. ) ;
#2216 = LINE ( 'NONE', #3829, #1557 ) ;
#2217 = ADVANCED_FACE ( 'NONE', ( #3894 ), #4323, .T. ) ;
#2218 = ORIENTED_EDGE ( 'NONE', *, *, #890, .T. ) ;
#2219 = DIRECTION ( 'NONE',  ( 0.3420201433256633283, 0.0000000000000000000, -0.9396926207859103153 ) ) ;
#2220 = CONICAL_SURFACE ( 'NONE', #445, 0.02650000000000055783, 0.2623033018788573090 ) ;
#2221 = VECTOR ( 'NONE', #3712, 39.37007874015748143 ) ;
#2222 = ORIENTED_EDGE ( 'NONE', *, *, #365, .F. ) ;
#2223 = CARTESIAN_POINT ( 'NONE',  ( 0.9759349376206162274, -0.05000000000000000278, -0.1999999999999997058 ) ) ;
#2224 = EDGE_CURVE ( 'NONE', #86, #1255, #691, .T. ) ;
#2225 = CARTESIAN_POINT ( 'NONE',  ( 0.03796746881030719362, 3.673940397442064486E-19, -0.1214499999999994612 ) ) ;
#2226 = LINE ( 'NONE', #3840, #3422 ) ;
#2227 = AXIS2_PLACEMENT_3D ( 'NONE', #446, #3682, #3258 ) ;
#2228 = VERTEX_POINT ( 'NONE', #668 ) ;
#2229 = VECTOR ( 'NONE', #653, 39.37007874015748143 ) ;
#2230 = DIRECTION ( 'NONE',  ( -0.0000000000000000000, 1.000000000000000000, -0.0000000000000000000 ) ) ;
#2231 = DIRECTION ( 'NONE',  ( 1.000000000000000000, 0.0000000000000000000, -5.421193827719211569E-15 ) ) ;
#2232 = EDGE_LOOP ( 'NONE', ( #3388, #3280, #1383, #4109 ) ) ;
#2233 = DIRECTION ( 'NONE',  ( -0.0000000000000000000, 1.000000000000000000, -0.0000000000000000000 ) ) ;
#2234 = ORIENTED_EDGE ( 'NONE', *, *, #3054, .F. ) ;
#2235 = DIRECTION ( 'NONE',  ( 0.0000000000000000000, 0.0000000000000000000, 1.000000000000000000 ) ) ;
#2236 = PRODUCT_DEFINITION_SHAPE ( 'NONE', 'NONE',  #5244 ) ;
#2237 = VECTOR ( 'NONE', #1888, 39.37007874015748143 ) ;
#2238 = FACE_OUTER_BOUND ( 'NONE', #1521, .T. ) ;
#2239 = AXIS2_PLACEMENT_3D ( 'NONE', #212, #5151, #236 ) ;
#2240 = VECTOR ( 'NONE', #619, 39.37007874015748854 ) ;
#2241 = DIRECTION ( 'NONE',  ( -1.000000000000000000, 0.0000000000000000000, 6.998027963638287744E-17 ) ) ;
#2242 = VECTOR ( 'NONE', #1975, 39.37007874015748143 ) ;
#2243 = AXIS2_PLACEMENT_3D ( 'NONE', #3954, #1943, #4810 ) ;
#2244 = LINE ( 'NONE', #1445, #207 ) ;
#2245 = LINE ( 'NONE', #227, #2727 ) ;
#2246 = ORIENTED_EDGE ( 'NONE', *, *, #38, .F. ) ;
#2247 = LINE ( 'NONE', #2696, #3077 ) ;
#2248 = VECTOR ( 'NONE', #2128, 39.37007874015748143 ) ;
#2249 = EDGE_CURVE ( 'NONE', #315, #3241, #184, .T. ) ;
#2250 = ORIENTED_EDGE ( 'NONE', *, *, #2569, .F. ) ;
#2251 = CARTESIAN_POINT ( 'NONE',  ( 0.2942664688103074355, 0.0000000000000000000, -0.01574999999999998623 ) ) ;
#2252 = CIRCLE ( 'NONE', #3006, 0.02900000000000220804 ) ;
#2253 = EDGE_CURVE ( 'NONE', #1940, #5141, #1567, .T. ) ;
#2254 = CIRCLE ( 'NONE', #2172, 0.02855000000000052982 ) ;
#2255 = ORIENTED_EDGE ( 'NONE', *, *, #1342, .F. ) ;
#2256 = CARTESIAN_POINT ( 'NONE',  ( 0.6942664688103074022, -0.05000000000000000278, -0.01574999999999998623 ) ) ;
#2257 = DIRECTION ( 'NONE',  ( -0.0000000000000000000, 1.000000000000000000, -0.0000000000000000000 ) ) ;
#2258 = EDGE_CURVE ( 'NONE', #3782, #600, #4262, .T. ) ;
#2259 = CARTESIAN_POINT ( 'NONE',  ( 0.8759359376206147241, -0.05000000000000000278, -9.478001694819074349E-34 ) ) ;
#2260 = EDGE_CURVE ( 'NONE', #3386, #2643, #3921, .T. ) ;
#2261 = ORIENTED_EDGE ( 'NONE', *, *, #983, .T. ) ;
#2262 = CARTESIAN_POINT ( 'NONE',  ( 0.9759349376206162274, -0.05000000000000000278, -0.1999999999999997058 ) ) ;
#2263 = LINE ( 'NONE', #2709, #3694 ) ;
#2264 = ORIENTED_EDGE ( 'NONE', *, *, #2022, .T. ) ;
#2265 = DIRECTION ( 'NONE',  ( 0.0000000000000000000, 0.0000000000000000000, 1.000000000000000000 ) ) ;
#2266 = VERTEX_POINT ( 'NONE', #1010 ) ;
#2267 = CARTESIAN_POINT ( 'NONE',  ( 0.5816684688103075374, -0.05000000000000000278, -0.1842499999999996085 ) ) ;
#2268 = DIRECTION ( 'NONE',  ( 0.0000000000000000000, 0.0000000000000000000, 1.000000000000000000 ) ) ;
#2269 = AXIS2_PLACEMENT_3D ( 'NONE', #1126, #3020, #1951 ) ;
#2270 = FACE_OUTER_BOUND ( 'NONE', #3304, .T. ) ;
#2271 = DIRECTION ( 'NONE',  ( -1.000000000000000000, 0.0000000000000000000, 6.998027963638287744E-17 ) ) ;
#2272 = VERTEX_POINT ( 'NONE', #5096 ) ;
#2273 = DIRECTION ( 'NONE',  ( -6.998027963638287744E-17, 0.0000000000000000000, -1.000000000000000000 ) ) ;
#2274 = VERTEX_POINT ( 'NONE', #4300 ) ;
#2275 = CARTESIAN_POINT ( 'NONE',  ( 0.01000000000000180606, 0.0000000000000000000, 0.0000000000000000000 ) ) ;
#2276 = ADVANCED_FACE ( 'NONE', ( #1437 ), #3456, .F. ) ;
#2277 = VERTEX_POINT ( 'NONE', #3053 ) ;
#2278 = VERTEX_POINT ( 'NONE', #4677 ) ;
#2279 = DIRECTION ( 'NONE',  ( -0.0000000000000000000, 1.000000000000000000, -0.0000000000000000000 ) ) ;
#2280 = LINE ( 'NONE', #3913, #3338 ) ;
#2281 = LINE ( 'NONE', #2302, #4867 ) ;
#2282 = EDGE_CURVE ( 'NONE', #1596, #3344, #2496, .T. ) ;
#2283 = EDGE_CURVE ( 'NONE', #589, #3567, #3872, .T. ) ;
#2284 = VERTEX_POINT ( 'NONE', #3478 ) ;
#2285 = CYLINDRICAL_SURFACE ( 'NONE', #5192, 0.02855000000000054022 ) ;
#2286 = DIRECTION ( 'NONE',  ( 0.0000000000000000000, 0.0000000000000000000, 1.000000000000000000 ) ) ;
#2287 = CARTESIAN_POINT ( 'NONE',  ( 0.5816684688103075374, -0.05000000000000000278, -0.1842499999999996085 ) ) ;
#2288 = ORIENTED_EDGE ( 'NONE', *, *, #4090, .F. ) ;
#2289 = ADVANCED_FACE ( 'NONE', ( #774 ), #1622, .T. ) ;
#2290 = LINE ( 'NONE', #670, #3677 ) ;
#2291 = DIRECTION ( 'NONE',  ( -0.0000000000000000000, 1.000000000000000000, -0.0000000000000000000 ) ) ;
#2292 = CARTESIAN_POINT ( 'NONE',  ( 0.9759349376206162274, -0.05000000000000000278, -0.1999999999999997058 ) ) ;
#2293 = DIRECTION ( 'NONE',  ( 1.000000000000000000, 0.0000000000000000000, -5.421193827719211569E-15 ) ) ;
#2294 = CARTESIAN_POINT ( 'NONE',  ( 0.6816684688103075151, -0.05000000000000000278, -0.1842499999999996085 ) ) ;
#2295 = VERTEX_POINT ( 'NONE', #3617 ) ;
#2296 = LINE ( 'NONE', #3857, #3839 ) ;
#2297 = EDGE_LOOP ( 'NONE', ( #5123, #1806, #3219, #1257 ) ) ;
#2298 = DIRECTION ( 'NONE',  ( -0.3420201433256693790, 0.0000000000000000000, -0.9396926207859082059 ) ) ;
#2299 = ORIENTED_EDGE ( 'NONE', *, *, #1468, .T. ) ;
#2300 = CARTESIAN_POINT ( 'NONE',  ( 0.6942664688103074022, 0.0000000000000000000, -0.1842499999999996918 ) ) ;
#2301 = CARTESIAN_POINT ( 'NONE',  ( 0.8942664688103074688, -0.05000000000000000278, -0.01574999999999998623 ) ) ;
#2302 = CARTESIAN_POINT ( 'NONE',  ( 0.7759359376206146353, -0.05000000000000000278, -9.478001694819074349E-34 ) ) ;
#2303 = VECTOR ( 'NONE', #2819, 39.37007874015748143 ) ;
#2304 = ORIENTED_EDGE ( 'NONE', *, *, #1377, .T. ) ;
#2305 = DIRECTION ( 'NONE',  ( -0.0000000000000000000, 1.000000000000000000, -0.0000000000000000000 ) ) ;
#2306 = DIRECTION ( 'NONE',  ( -0.0000000000000000000, 1.000000000000000000, -0.0000000000000000000 ) ) ;
#2307 = ORIENTED_EDGE ( 'NONE', *, *, #1550, .F. ) ;
#2308 = CARTESIAN_POINT ( 'NONE',  ( 0.1942664688103074300, -0.05000000000000000278, -0.1842499999999996918 ) ) ;
#2309 = ORIENTED_EDGE ( 'NONE', *, *, #4975, .F. ) ;
#2310 = FACE_OUTER_BOUND ( 'NONE', #3974, .T. ) ;
#2311 = ADVANCED_FACE ( 'NONE', ( #829, #401 ), #4482, .F. ) ;
#2312 = EDGE_CURVE ( 'NONE', #3187, #2828, #851, .T. ) ;
#2313 = CIRCLE ( 'NONE', #2985, 0.02650000000000055783 ) ;
#2314 = EDGE_CURVE ( 'NONE', #679, #2735, #5122, .T. ) ;
#2315 = DIRECTION ( 'NONE',  ( -1.000000000000000000, -0.0000000000000000000, -0.0000000000000000000 ) ) ;
#2316 = PRESENTATION_STYLE_ASSIGNMENT (( #3462 ) ) ;
#2317 = VECTOR ( 'NONE', #1710, 39.37007874015748143 ) ;
#2318 = EDGE_CURVE ( 'NONE', #4902, #2040, #2865, .T. ) ;
#2319 = AXIS2_PLACEMENT_3D ( 'NONE', #842, #4874, #1416 ) ;
#2320 = AXIS2_PLACEMENT_3D ( 'NONE', #2573, #4196, #3397 ) ;
#2321 = DIRECTION ( 'NONE',  ( -0.0000000000000000000, 1.000000000000000000, -0.0000000000000000000 ) ) ;
#2322 = LINE ( 'NONE', #4661, #1970 ) ;
#2323 = ORIENTED_EDGE ( 'NONE', *, *, #1853, .T. ) ;
#2324 = DIRECTION ( 'NONE',  ( 0.0000000000000000000, 0.0000000000000000000, 1.000000000000000000 ) ) ;
#2325 = LINE ( 'NONE', #4663, #3501 ) ;
#2326 = VERTEX_POINT ( 'NONE', #2019 ) ;
#2327 = LINE ( 'NONE', #2823, #214 ) ;
#2328 = CIRCLE ( 'NONE', #3841, 0.007500000000000002325 ) ;
#2329 = VERTEX_POINT ( 'NONE', #2364 ) ;
#2330 = AXIS2_PLACEMENT_3D ( 'NONE', #2475, #2427, #2004 ) ;
#2331 = VECTOR ( 'NONE', #2536, 39.37007874015748143 ) ;
#2332 = CARTESIAN_POINT ( 'NONE',  ( 0.8816684688103074707, -0.05000000000000000278, -0.1842499999999996085 ) ) ;
#2333 = FACE_OUTER_BOUND ( 'NONE', #969, .T. ) ;
#2334 = LINE ( 'NONE', #1432, #203 ) ;
#2335 = AXIS2_PLACEMENT_3D ( 'NONE', #4086, #566, #4512 ) ;
#2336 = CIRCLE ( 'NONE', #1912, 0.02855000000000052982 ) ;
#2337 = EDGE_LOOP ( 'NONE', ( #4190, #5092 ) ) ;
#2338 = CARTESIAN_POINT ( 'NONE',  ( 0.7379674688103072810, 3.673940397442064486E-19, -0.1785500000000005416 ) ) ;
#2339 = LINE ( 'NONE', #4460, #3527 ) ;
#2340 = VERTEX_POINT ( 'NONE', #2841 ) ;
#2341 = CARTESIAN_POINT ( 'NONE',  ( 0.9879674688103075031, -0.05000000000000000278, -0.1842499999999992755 ) ) ;
#2342 = ORIENTED_EDGE ( 'NONE', *, *, #631, .T. ) ;
#2343 = CARTESIAN_POINT ( 'NONE',  ( 0.9379674688103073477, -0.05000000000000000278, -0.04999999999999999584 ) ) ;
#2344 = EDGE_CURVE ( 'NONE', #4115, #1845, #3432, .T. ) ;
#2345 = LINE ( 'NONE', #2367, #4793 ) ;
#2346 = ORIENTED_EDGE ( 'NONE', *, *, #4949, .T. ) ;
#2347 = EDGE_CURVE ( 'NONE', #3667, #1727, #1599, .T. ) ;
#2348 = CARTESIAN_POINT ( 'NONE',  ( 0.08300000000000018474, 0.0000000000000000000, 0.0000000000000000000 ) ) ;
#2349 = LINE ( 'NONE', #781, #3577 ) ;
#2350 = CARTESIAN_POINT ( 'NONE',  ( 0.0000000000000000000, 0.0000000000000000000, 0.0000000000000000000 ) ) ;
#2351 = DIRECTION ( 'NONE',  ( 0.0000000000000000000, 0.0000000000000000000, 1.000000000000000000 ) ) ;
#2352 = AXIS2_PLACEMENT_3D ( 'NONE', #4900, #1287, #3649 ) ;
#2353 = ORIENTED_EDGE ( 'NONE', *, *, #4254, .F. ) ;
#2354 = CARTESIAN_POINT ( 'NONE',  ( 0.9759349376206162274, 0.0000000000000000000, -0.1999999999999997058 ) ) ;
#2355 = EDGE_CURVE ( 'NONE', #2643, #1173, #4833, .T. ) ;
#2356 = EDGE_LOOP ( 'NONE', ( #1006, #1537 ) ) ;
#2357 = DIRECTION ( 'NONE',  ( 0.0000000000000000000, 0.0000000000000000000, 1.000000000000000000 ) ) ;
#2358 = DIRECTION ( 'NONE',  ( -1.000000000000000000, -0.0000000000000000000, -0.0000000000000000000 ) ) ;
#2359 = DIRECTION ( 'NONE',  ( -0.0000000000000000000, 1.000000000000000000, -0.0000000000000000000 ) ) ;
#2360 = VERTEX_POINT ( 'NONE', #1174 ) ;
#2361 = LINE ( 'NONE', #2761, #3069 ) ;
#2362 = FACE_OUTER_BOUND ( 'NONE', #3797, .T. ) ;
#2363 = ORIENTED_EDGE ( 'NONE', *, *, #984, .T. ) ;
#2364 = CARTESIAN_POINT ( 'NONE',  ( 0.1379674688103071922, 3.673940397442064486E-19, -0.02144999999999946602 ) ) ;
#2365 = ORIENTED_EDGE ( 'NONE', *, *, #2964, .F. ) ;
#2366 = CARTESIAN_POINT ( 'NONE',  ( 0.06700000000000012890, 2.632990618166813195E-18, -0.02150000000000002950 ) ) ;
#2367 = CARTESIAN_POINT ( 'NONE',  ( 0.3942664688103074133, -0.05000000000000000278, -0.01574999999999998623 ) ) ;
#2368 = ORIENTED_EDGE ( 'NONE', *, *, #3832, .F. ) ;
#2369 = DIRECTION ( 'NONE',  ( 0.9396926207859104263, 0.0000000000000000000, 0.3420201433256633838 ) ) ;
#2370 = FACE_OUTER_BOUND ( 'NONE', #4050, .T. ) ;
#2371 = CARTESIAN_POINT ( 'NONE',  ( 1.118416028926195960, 2.129741810843843286, 2.022227730851120064 ) ) ;
#2372 = DIRECTION ( 'NONE',  ( 1.000000000000000000, 0.0000000000000000000, 0.0000000000000000000 ) ) ;
#2373 = ORIENTED_EDGE ( 'NONE', *, *, #2629, .T. ) ;
#2374 = DIRECTION ( 'NONE',  ( -1.266620916943744463E-17, 0.0000000000000000000, 1.000000000000000000 ) ) ;
#2375 = EDGE_CURVE ( 'NONE', #4489, #4496, #3589, .T. ) ;
#2376 = EDGE_CURVE ( 'NONE', #198, #1819, #3268, .T. ) ;
#2378 = ADVANCED_FACE ( 'NONE', ( #2810 ), #4381, .F. ) ;
#2377 = ORIENTED_EDGE ( 'NONE', *, *, #4557, .T. ) ;
#2379 = ORIENTED_EDGE ( 'NONE', *, *, #3029, .F. ) ;
#2380 = DIRECTION ( 'NONE',  ( 0.0000000000000000000, 0.0000000000000000000, 1.000000000000000000 ) ) ;
#2381 = DIRECTION ( 'NONE',  ( -0.9396926207859092051, 0.0000000000000000000, 0.3420201433256666035 ) ) ;
#2382 = DIRECTION ( 'NONE',  ( 1.000000000000000000, 0.0000000000000000000, -5.421193827719211569E-15 ) ) ;
#2384 = EDGE_CURVE ( 'NONE', #1626, #3895, #2388, .T. ) ;
#2383 = VERTEX_POINT ( 'NONE', #376 ) ;
#2385 = PLANE ( 'NONE',  #100 ) ;
#2386 = FACE_OUTER_BOUND ( 'NONE', #4773, .T. ) ;
#2387 = ORIENTED_EDGE ( 'NONE', *, *, #2706, .T. ) ;
#2388 = LINE ( 'NONE', #2418, #4868 ) ;
#2389 = DIRECTION ( 'NONE',  ( -0.0000000000000000000, 1.000000000000000000, -0.0000000000000000000 ) ) ;
#2390 = AXIS2_PLACEMENT_3D ( 'NONE', #2694, #4718, #2667 ) ;
#2391 = VERTEX_POINT ( 'NONE', #4035 ) ;
#2392 = VECTOR ( 'NONE', #892, 39.37007874015748143 ) ;
#2393 = CYLINDRICAL_SURFACE ( 'NONE', #5217, 0.02855000000000052982 ) ;
#2394 = EDGE_LOOP ( 'NONE', ( #417, #242, #326, #4466 ) ) ;
#2395 = AXIS2_PLACEMENT_3D ( 'NONE', #1215, #4027, #822 ) ;
#2396 = DIRECTION ( 'NONE',  ( -0.0000000000000000000, 1.000000000000000000, -0.0000000000000000000 ) ) ;
#2397 = LINE ( 'NONE', #4841, #2303 ) ;
#2398 = VECTOR ( 'NONE', #3986, 39.37007874015748143 ) ;
#2399 = CARTESIAN_POINT ( 'NONE',  ( 0.09999900000000011557, -0.05000000000000000278, 0.0000000000000000000 ) ) ;
#2400 = ORIENTED_EDGE ( 'NONE', *, *, #3825, .T. ) ;
#2401 = LINE ( 'NONE', #2354, #962 ) ;
#2402 = VECTOR ( 'NONE', #1283, 39.37007874015748143 ) ;
#2403 = LINE ( 'NONE', #1982, #8 ) ;
#2404 = EDGE_CURVE ( 'NONE', #3562, #1451, #4056, .T. ) ;
#2405 = VERTEX_POINT ( 'NONE', #3661 ) ;
#2406 = ADVANCED_FACE ( 'NONE', ( #4005 ), #3189, .F. ) ;
#2407 = PRODUCT_DEFINITION_SHAPE ( 'NONE', 'NONE',  #5255 ) ;
#2408 = CARTESIAN_POINT ( 'NONE',  ( 0.0000000000000000000, 0.0000000000000000000, 0.0000000000000000000 ) ) ;
#2409 = VECTOR ( 'NONE', #5120, 39.37007874015748854 ) ;
#2410 = CARTESIAN_POINT ( 'NONE',  ( 0.8816684688103074707, -0.05000000000000000278, -0.1842499999999996085 ) ) ;
#2411 = AXIS2_PLACEMENT_3D ( 'NONE', #4507, #4588, #906 ) ;
#2412 = AXIS2_PLACEMENT_3D ( 'NONE', #250, #3038, #1925 ) ;
#2413 = AXIS2_PLACEMENT_3D ( 'NONE', #70, #1692, #2616 ) ;
#2414 = VERTEX_POINT ( 'NONE', #3563 ) ;
#2415 = EDGE_CURVE ( 'NONE', #3386, #1913, #5180, .T. ) ;
#2416 = LINE ( 'NONE', #2461, #3999 ) ;
#2417 = DIRECTION ( 'NONE',  ( -0.0000000000000000000, 1.000000000000000000, -0.0000000000000000000 ) ) ;
#2418 = CARTESIAN_POINT ( 'NONE',  ( 0.9759349376206162274, 0.0000000000000000000, -0.1999999999999997058 ) ) ;
#2419 = FACE_OUTER_BOUND ( 'NONE', #2687, .T. ) ;
#2420 = CIRCLE ( 'NONE', #811, 0.02855000000000052982 ) ;
#2421 = VECTOR ( 'NONE', #4997, 39.37007874015748143 ) ;
#2422 = ADVANCED_FACE ( 'NONE', ( #3156 ), #3692, .T. ) ;
#2423 = ORIENTED_EDGE ( 'NONE', *, *, #4612, .F. ) ;
#2424 = CARTESIAN_POINT ( 'NONE',  ( 0.0000000000000000000, -0.05000000000000000278, 0.0000000000000000000 ) ) ;
#2425 = ORIENTED_EDGE ( 'NONE', *, *, #825, .F. ) ;
#2426 = ORIENTED_EDGE ( 'NONE', *, *, #4192, .F. ) ;
#2427 = DIRECTION ( 'NONE',  ( -1.000000000000000000, -0.0000000000000000000, -0.0000000000000000000 ) ) ;
#2428 = CARTESIAN_POINT ( 'NONE',  ( 0.9879674688103075031, -0.05000000000000000278, -0.01574999999999967745 ) ) ;
#2429 = DIRECTION ( 'NONE',  ( -0.0000000000000000000, 1.000000000000000000, -0.0000000000000000000 ) ) ;
#2430 = VERTEX_POINT ( 'NONE', #2463 ) ;
#2431 = DIRECTION ( 'NONE',  ( 0.0000000000000000000, 0.0000000000000000000, 1.000000000000000000 ) ) ;
#2432 = PRODUCT_DEFINITION_FORMATION_WITH_SPECIFIED_SOURCE ( 'ANY', '', #1045, .NOT_KNOWN. ) ;
#2433 = DIRECTION ( 'NONE',  ( 0.0000000000000000000, 0.0000000000000000000, 1.000000000000000000 ) ) ;
#2434 = ORIENTED_EDGE ( 'NONE', *, *, #5078, .F. ) ;
#2435 = CARTESIAN_POINT ( 'NONE',  ( 0.4379674688103072366, 3.673940397442064486E-19, -0.04999999999999999584 ) ) ;
#2436 = DIRECTION ( 'NONE',  ( -1.000000000000000000, 0.0000000000000000000, 6.998027963638287744E-17 ) ) ;
#2437 = EDGE_CURVE ( 'NONE', #4526, #505, #4360, .T. ) ;
#2438 = ORIENTED_EDGE ( 'NONE', *, *, #1672, .T. ) ;
#2439 = DIRECTION ( 'NONE',  ( 0.0000000000000000000, 1.000000000000000000, 0.0000000000000000000 ) ) ;
#2440 = DIRECTION ( 'NONE',  ( 0.0000000000000000000, 0.0000000000000000000, 1.000000000000000000 ) ) ;
#2441 = DIRECTION ( 'NONE',  ( 0.0000000000000000000, 0.0000000000000000000, 1.000000000000000000 ) ) ;
#2442 = PLANE ( 'NONE',  #630 ) ;
#2443 = ADVANCED_FACE ( 'NONE', ( #3736 ), #529, .F. ) ;
#2444 = EDGE_CURVE ( 'NONE', #3739, #2114, #3341, .T. ) ;
#2445 = ORIENTED_EDGE ( 'NONE', *, *, #2793, .F. ) ;
#2446 = CARTESIAN_POINT ( 'NONE',  ( 0.4816684688103073930, 0.0000000000000000000, -0.01574999999999998623 ) ) ;
#2447 = ADVANCED_FACE ( 'NONE', ( #485 ), #3764, .T. ) ;
#2448 = EDGE_LOOP ( 'NONE', ( #4177, #4779, #2346, #4401 ) ) ;
#2449 = VERTEX_POINT ( 'NONE', #4185 ) ;
#2450 = LINE ( 'NONE', #1608, #2242 ) ;
#2451 = CARTESIAN_POINT ( 'NONE',  ( 0.4816684688103075040, -0.05000000000000000278, -0.1842499999999996085 ) ) ;
#2452 = DIRECTION ( 'NONE',  ( -0.0000000000000000000, 1.000000000000000000, -0.0000000000000000000 ) ) ;
#2453 = ORIENTED_EDGE ( 'NONE', *, *, #472, .T. ) ;
#2454 = FACE_OUTER_BOUND ( 'NONE', #420, .T. ) ;
#2455 = EDGE_LOOP ( 'NONE', ( #4941, #16, #1436, #1670 ) ) ;
#2456 = ORIENTED_EDGE ( 'NONE', *, *, #2702, .F. ) ;
#2457 = FACE_OUTER_BOUND ( 'NONE', #1132, .T. ) ;
#2458 = ORIENTED_EDGE ( 'NONE', *, *, #2099, .T. ) ;
#2459 = CARTESIAN_POINT ( 'NONE',  ( 0.9759349376206162274, -0.05000000000000000278, -0.1999999999999997058 ) ) ;
#2460 = ORIENTED_EDGE ( 'NONE', *, *, #1148, .T. ) ;
#2461 = CARTESIAN_POINT ( 'NONE',  ( 0.9759349376206141180, -0.05000000000000000278, 0.0000000000000000000 ) ) ;
#2462 = PRESENTATION_STYLE_ASSIGNMENT (( #130 ) ) ;
#2463 = CARTESIAN_POINT ( 'NONE',  ( 0.06700000000000012890, 0.0000000000000000000, 0.02150000000000002950 ) ) ;
#2464 = PLANE ( 'NONE',  #387 ) ;
#2465 = ORIENTED_EDGE ( 'NONE', *, *, #1503, .F. ) ;
#2466 =( REPRESENTATION_RELATIONSHIP ('NONE','NONE', #813, #979 ) REPRESENTATION_RELATIONSHIP_WITH_TRANSFORMATION ( #4999 )SHAPE_REPRESENTATION_RELATIONSHIP( ) );
#2467 = CARTESIAN_POINT ( 'NONE',  ( 0.3759359376206146686, -0.05000000000000000278, -0.1999999999999999833 ) ) ;
#2468 = ORIENTED_EDGE ( 'NONE', *, *, #3811, .F. ) ;
#2469 = EDGE_CURVE ( 'NONE', #4880, #165, #4938, .T. ) ;
#2470 = AXIS2_PLACEMENT_3D ( 'NONE', #2451, #4796, #331 ) ;
#2471 = EDGE_CURVE ( 'NONE', #4806, #3895, #155, .T. ) ;
#2472 = ORIENTED_EDGE ( 'NONE', *, *, #4979, .T. ) ;
#2473 = EDGE_CURVE ( 'NONE', #1447, #2383, #2661, .T. ) ;
#2474 = AXIS2_PLACEMENT_3D ( 'NONE', #2531, #473, #1323 ) ;
#2475 = CARTESIAN_POINT ( 'NONE',  ( 0.03500000000000071804, 0.0000000000000000000, 0.0000000000000000000 ) ) ;
#2476 = DIRECTION ( 'NONE',  ( -0.0000000000000000000, 1.000000000000000000, -0.0000000000000000000 ) ) ;
#2477 = CARTESIAN_POINT ( 'NONE',  ( 0.6759359376206146575, -0.05000000000000000278, -9.478001694819074349E-34 ) ) ;
#2478 = VERTEX_POINT ( 'NONE', #3392 ) ;
#2479 = DIRECTION ( 'NONE',  ( 0.3420201433257166190, 0.0000000000000000000, -0.9396926207858907754 ) ) ;
#2480 = AXIS2_PLACEMENT_3D ( 'NONE', #4951, #2084, #466 ) ;
#2481 = EDGE_CURVE ( 'NONE', #4308, #1426, #1774, .T. ) ;
#2482 = CIRCLE ( 'NONE', #1379, 0.02855000000000052982 ) ;
#2483 = LINE ( 'NONE', #3806, #3907 ) ;
#2484 = ORIENTED_EDGE ( 'NONE', *, *, #2793, .T. ) ;
#2485 = DIRECTION ( 'NONE',  ( 0.0000000000000000000, 0.0000000000000000000, 1.000000000000000000 ) ) ;
#2486 = EDGE_LOOP ( 'NONE', ( #4206, #2458, #1358, #3287 ) ) ;
#2487 = CARTESIAN_POINT ( 'NONE',  ( 0.08166846881030742633, -0.05000000000000000278, -0.1842499999999996085 ) ) ;
#2488 = AXIS2_PLACEMENT_3D ( 'NONE', #1632, #3248, #4872 ) ;
#2489 = ORIENTED_EDGE ( 'NONE', *, *, #3164, .T. ) ;
#2490 = VECTOR ( 'NONE', #454, 39.37007874015748143 ) ;
#2491 = AXIS2_PLACEMENT_3D ( 'NONE', #1918, #615, #2711 ) ;
#2492 =( NAMED_UNIT ( * ) PLANE_ANGLE_UNIT ( ) SI_UNIT ( $, .RADIAN. ) );
#2493 = DIRECTION ( 'NONE',  ( -1.000000000000000000, 0.0000000000000000000, -0.0000000000000000000 ) ) ;
#2494 = FACE_OUTER_BOUND ( 'NONE', #1583, .T. ) ;
#2495 = VECTOR ( 'NONE', #4364, 39.37007874015748143 ) ;
#2496 = CIRCLE ( 'NONE', #1734, 0.02650000000000055783 ) ;
#2497 = VERTEX_POINT ( 'NONE', #2541 ) ;
#2498 = LINE ( 'NONE', #3345, #4107 ) ;
#2499 = ORIENTED_EDGE ( 'NONE', *, *, #532, .F. ) ;
#2500 = AXIS2_PLACEMENT_3D ( 'NONE', #4649, #3535, #1411 ) ;
#2501 = VECTOR ( 'NONE', #201, 39.37007874015748143 ) ;
#2502 = CARTESIAN_POINT ( 'NONE',  ( 0.1379674688103071922, 3.673940397442064486E-19, -0.07855000000000052218 ) ) ;
#2503 = ORIENTED_EDGE ( 'NONE', *, *, #2415, .F. ) ;
#2504 = AXIS2_PLACEMENT_3D ( 'NONE', #3212, #2787, #3561 ) ;
#2505 = ADVANCED_FACE ( 'NONE', ( #4542 ), #877, .F. ) ;
#2506 = CARTESIAN_POINT ( 'NONE',  ( 0.3816684688103073597, -0.05000000000000000278, -0.01574999999999998623 ) ) ;
#2507 = CARTESIAN_POINT ( 'NONE',  ( 0.2379674688103072255, -0.05000000000000000278, -0.1499999999999999944 ) ) ;
#2508 = DIRECTION ( 'NONE',  ( 0.3420201433256665480, -0.0000000000000000000, 0.9396926207859092051 ) ) ;
#2509 = ORIENTED_EDGE ( 'NONE', *, *, #4846, .F. ) ;
#2510 = EDGE_CURVE ( 'NONE', #1486, #4167, #5012, .T. ) ;
#2511 = FACE_OUTER_BOUND ( 'NONE', #2068, .T. ) ;
#2512 = VERTEX_POINT ( 'NONE', #4989 ) ;
#2513 = PLANE ( 'NONE',  #2902 ) ;
#2514 = VERTEX_POINT ( 'NONE', #2564 ) ;
#2515 = PLANE ( 'NONE',  #385 ) ;
#2516 = VERTEX_POINT ( 'NONE', #561 ) ;
#2517 = LINE ( 'NONE', #374, #1036 ) ;
#2518 = DIRECTION ( 'NONE',  ( 0.0000000000000000000, 0.0000000000000000000, -1.000000000000000000 ) ) ;
#2519 = AXIS2_PLACEMENT_3D ( 'NONE', #3390, #1374, #1003 ) ;
#2520 = DIRECTION ( 'NONE',  ( -0.3420201433256720991, 0.0000000000000000000, 0.9396926207859070956 ) ) ;
#2521 = ORIENTED_EDGE ( 'NONE', *, *, #4846, .T. ) ;
#2522 = DIRECTION ( 'NONE',  ( -0.0000000000000000000, 1.000000000000000000, -0.0000000000000000000 ) ) ;
#2523 = ORIENTED_EDGE ( 'NONE', *, *, #1481, .T. ) ;
#2524 = CARTESIAN_POINT ( 'NONE',  ( 0.1816684688103074041, -0.05000000000000000278, -0.01574999999999998623 ) ) ;
#2525 = ORIENTED_EDGE ( 'NONE', *, *, #4888, .T. ) ;
#2526 = LINE ( 'NONE', #4143, #808 ) ;
#2527 = CARTESIAN_POINT ( 'NONE',  ( 0.7379674688103072810, 3.673940397442064486E-19, -0.04999999999999999584 ) ) ;
#2528 = ITEM_DEFINED_TRANSFORMATION ( 'NONE', 'NONE', #577,  #1156 ) ;
#2529 = CARTESIAN_POINT ( 'NONE',  ( 0.6379674688103071922, -0.05000000000000000278, -0.04999999999999999584 ) ) ;
#2530 = ORIENTED_EDGE ( 'NONE', *, *, #4787, .T. ) ;
#2531 = CARTESIAN_POINT ( 'NONE',  ( 0.4942664688103074466, -0.05000000000000000278, -0.01574999999999998623 ) ) ;
#2532 = VERTEX_POINT ( 'NONE', #507 ) ;
#2533 = DIRECTION ( 'NONE',  ( 0.9396926207859104263, 0.0000000000000000000, 0.3420201433256633838 ) ) ;
#2534 = ADVANCED_FACE ( 'NONE', ( #1375 ), #2178, .F. ) ;
#2535 = ORIENTED_EDGE ( 'NONE', *, *, #1641, .T. ) ;
#2536 = DIRECTION ( 'NONE',  ( -0.3420201433256694346, -0.0000000000000000000, -0.9396926207859080948 ) ) ;
#2537 = EDGE_CURVE ( 'NONE', #1819, #3955, #4618, .T. ) ;
#2538 = EDGE_CURVE ( 'NONE', #2449, #4735, #452, .T. ) ;
#2539 = ORIENTED_EDGE ( 'NONE', *, *, #4357, .F. ) ;
#2540 = DIRECTION ( 'NONE',  ( 0.3420201433256666035, 0.0000000000000000000, 0.9396926207859092051 ) ) ;
#2541 = CARTESIAN_POINT ( 'NONE',  ( 0.03796746881030719362, 3.673940397442064486E-19, -0.02144999999999946602 ) ) ;
#2542 = DIRECTION ( 'NONE',  ( 0.0000000000000000000, 0.0000000000000000000, 1.000000000000000000 ) ) ;
#2543 = EDGE_CURVE ( 'NONE', #3819, #3135, #1675, .T. ) ;
#2544 = VERTEX_POINT ( 'NONE', #3713 ) ;
#2545 = DIRECTION ( 'NONE',  ( -0.5150380749100549327, 1.049727191138618079E-16, -0.8571673007021117785 ) ) ;
#2546 = VERTEX_POINT ( 'NONE', #74 ) ;
#2547 = LINE ( 'NONE', #4995, #2402 ) ;
#2548 = ORIENTED_EDGE ( 'NONE', *, *, #918, .F. ) ;
#2549 = DIRECTION ( 'NONE',  ( -0.0000000000000000000, 1.000000000000000000, -0.0000000000000000000 ) ) ;
#2550 = FACE_OUTER_BOUND ( 'NONE', #206, .T. ) ;
#2551 = VERTEX_POINT ( 'NONE', #637 ) ;
#2552 = VECTOR ( 'NONE', #4470, 39.37007874015748143 ) ;
#2553 = DIRECTION ( 'NONE',  ( 0.0000000000000000000, 0.0000000000000000000, 1.000000000000000000 ) ) ;
#2554 = VERTEX_POINT ( 'NONE', #1431 ) ;
#2555 = VECTOR ( 'NONE', #2652, 39.37007874015748854 ) ;
#2556 = LINE ( 'NONE', #921, #1637 ) ;
#2557 = ORIENTED_EDGE ( 'NONE', *, *, #4416, .F. ) ;
#2558 = CARTESIAN_POINT ( 'NONE',  ( 0.0000000000000000000, -0.05000000000000000278, 0.0000000000000000000 ) ) ;
#2559 = VECTOR ( 'NONE', #4958, 39.37007874015748143 ) ;
#2560 = EDGE_CURVE ( 'NONE', #3529, #2057, #2280, .T. ) ;
#2561 = ORIENTED_EDGE ( 'NONE', *, *, #3385, .T. ) ;
#2562 = LINE ( 'NONE', #3734, #3909 ) ;
#2563 = FILL_AREA_STYLE_COLOUR ( '', #4812 ) ;
#2564 = CARTESIAN_POINT ( 'NONE',  ( 0.4379674688103072366, -0.05000000000000000278, -0.07855000000000052218 ) ) ;
#2565 = AXIS2_PLACEMENT_3D ( 'NONE', #144, #495, #2113 ) ;
#2566 = CARTESIAN_POINT ( 'NONE',  ( 0.6816684688103075151, -0.05000000000000000278, -0.01574999999999998623 ) ) ;
#2567 = AXIS2_PLACEMENT_3D ( 'NONE', #2778, #3988, #2374 ) ;
#2568 = VECTOR ( 'NONE', #3514, 39.37007874015748143 ) ;
#2569 = EDGE_CURVE ( 'NONE', #3729, #4053, #3472, .T. ) ;
#2570 = ORIENTED_EDGE ( 'NONE', *, *, #1733, .T. ) ;
#2571 = FACE_OUTER_BOUND ( 'NONE', #3920, .T. ) ;
#2572 = EDGE_LOOP ( 'NONE', ( #2766, #1362, #1816, #681 ) ) ;
#2573 = CARTESIAN_POINT ( 'NONE',  ( 0.7379674688103072810, -0.05000000000000000278, -0.04999999999999999584 ) ) ;
#2574 = VERTEX_POINT ( 'NONE', #5090 ) ;
#2575 = EDGE_CURVE ( 'NONE', #2478, #2012, #608, .T. ) ;
#2576 = PLANE ( 'NONE',  #1492 ) ;
#2577 = AXIS2_PLACEMENT_3D ( 'NONE', #3914, #3473, #2726 ) ;
#2578 = VECTOR ( 'NONE', #4671, 39.37007874015748854 ) ;
#2579 = VECTOR ( 'NONE', #992, 39.37007874015748143 ) ;
#2580 = VECTOR ( 'NONE', #2805, 39.37007874015748143 ) ;
#2581 = CARTESIAN_POINT ( 'NONE',  ( 0.4942664688103074466, -0.05000000000000000278, -0.01574999999999998623 ) ) ;
#2582 = ITEM_DEFINED_TRANSFORMATION ( 'NONE', 'NONE', #3870,  #1156 ) ;
#2583 = DIRECTION ( 'NONE',  ( 0.3420201433256665480, -0.0000000000000000000, 0.9396926207859092051 ) ) ;
#2584 = ORIENTED_EDGE ( 'NONE', *, *, #3412, .T. ) ;
#2585 = CIRCLE ( 'NONE', #2922, 0.02650000000000055783 ) ;
#2586 = AXIS2_PLACEMENT_3D ( 'NONE', #3281, #4903, #2479 ) ;
#2587 = CARTESIAN_POINT ( 'NONE',  ( 0.1649999999999989253, 0.0000000000000000000, 0.007500000000000002325 ) ) ;
#2588 = CIRCLE ( 'NONE', #563, 0.02855000000000052982 ) ;
#2589 = ORIENTED_EDGE ( 'NONE', *, *, #1824, .F. ) ;
#2590 = LINE ( 'NONE', #4579, #2559 ) ;
#2591 = ORIENTED_EDGE ( 'NONE', *, *, #1955, .T. ) ;
#2592 = LINE ( 'NONE', #4722, #3688 ) ;
#2593 = ORIENTED_EDGE ( 'NONE', *, *, #2122, .F. ) ;
#2594 = DIRECTION ( 'NONE',  ( -1.000000000000000000, -0.0000000000000000000, -0.0000000000000000000 ) ) ;
#2595 = LENGTH_MEASURE_WITH_UNIT ( LENGTH_MEASURE( 0.02539999999999999897 ), #2619 );
#2596 = DIRECTION ( 'NONE',  ( -0.0000000000000000000, 1.000000000000000000, -0.0000000000000000000 ) ) ;
#2597 = DIRECTION ( 'NONE',  ( 5.421193827719211569E-15, 0.0000000000000000000, 1.000000000000000000 ) ) ;
#2598 = ORIENTED_EDGE ( 'NONE', *, *, #697, .F. ) ;
#2599 = LINE ( 'NONE', #218, #4544 ) ;
#2600 = ORIENTED_EDGE ( 'NONE', *, *, #4126, .T. ) ;
#2601 = VERTEX_POINT ( 'NONE', #2225 ) ;
#2602 = CYLINDRICAL_SURFACE ( 'NONE', #2070, 0.02150000000000002950 ) ;
#2603 = ORIENTED_EDGE ( 'NONE', *, *, #2538, .T. ) ;
#2604 = CARTESIAN_POINT ( 'NONE',  ( 0.8942664688103074688, -0.05000000000000000278, -0.1842499999999996918 ) ) ;
#2605 = EDGE_CURVE ( 'NONE', #2695, #2954, #889, .T. ) ;
#2606 = EDGE_CURVE ( 'NONE', #4314, #4565, #1228, .T. ) ;
#2607 = EDGE_CURVE ( 'NONE', #3187, #4960, #2704, .T. ) ;
#2608 = CARTESIAN_POINT ( 'NONE',  ( -3.414809992080329023E-17, 2.632990618166813195E-18, -0.02150000000000002950 ) ) ;
#2609 = ITEM_DEFINED_TRANSFORMATION ( 'NONE', 'NONE', #743,  #1156 ) ;
#2610 = CARTESIAN_POINT ( 'NONE',  ( 0.03796746881030719362, 0.0000000000000000000, -0.04999999999999999584 ) ) ;
#2611 = ADVANCED_FACE ( 'NONE', ( #3864 ), #5119, .F. ) ;
#2612 = LINE ( 'NONE', #2294, #5185 ) ;
#2613 = ORIENTED_EDGE ( 'NONE', *, *, #1795, .T. ) ;
#2614 = DIRECTION ( 'NONE',  ( -0.9657952810951841993, 3.175579638958926619E-17, -0.2593057558448598199 ) ) ;
#2615 = VERTEX_POINT ( 'NONE', #260 ) ;
#2616 = DIRECTION ( 'NONE',  ( 0.0000000000000000000, 0.0000000000000000000, 1.000000000000000000 ) ) ;
#2617 = ORIENTED_EDGE ( 'NONE', *, *, #2471, .F. ) ;
#2618 = FACE_BOUND ( 'NONE', #371, .T. ) ;
#2619 =( LENGTH_UNIT ( ) NAMED_UNIT ( * ) SI_UNIT ( $, .METRE. ) );
#2620 = LINE ( 'NONE', #2301, #3004 ) ;
#2621 = CARTESIAN_POINT ( 'NONE',  ( 0.6379674688103071922, 3.673940397442064486E-19, -0.04999999999999999584 ) ) ;
#2622 = ORIENTED_EDGE ( 'NONE', *, *, #896, .F. ) ;
#2623 = DIRECTION ( 'NONE',  ( -1.000000000000000000, -0.0000000000000000000, -0.0000000000000000000 ) ) ;
#2624 = FACE_OUTER_BOUND ( 'NONE', #2857, .T. ) ;
#2625 = ORIENTED_EDGE ( 'NONE', *, *, #5173, .F. ) ;
#2626 = DIRECTION ( 'NONE',  ( -0.0000000000000000000, 1.000000000000000000, -0.0000000000000000000 ) ) ;
#2627 = ORIENTED_EDGE ( 'NONE', *, *, #3410, .F. ) ;
#2628 = DIRECTION ( 'NONE',  ( 0.0000000000000000000, 1.000000000000000000, 0.0000000000000000000 ) ) ;
#2629 = EDGE_CURVE ( 'NONE', #2340, #2193, #3448, .T. ) ;
#2630 = EDGE_CURVE ( 'NONE', #628, #3969, #5066, .T. ) ;
#2631 = CARTESIAN_POINT ( 'NONE',  ( 0.07607179676972174176, 3.245314017740554695E-18, -0.02650000000000055783 ) ) ;
#2632 = CARTESIAN_POINT ( 'NONE',  ( 0.2816684688103074374, 0.0000000000000000000, -0.1842499999999996085 ) ) ;
#2633 = EDGE_CURVE ( 'NONE', #3014, #917, #1312, .T. ) ;
#2634 = EDGE_CURVE ( 'NONE', #4124, #3439, #1873, .T. ) ;
#2635 = FACE_OUTER_BOUND ( 'NONE', #4597, .T. ) ;
#2636 = CARTESIAN_POINT ( 'NONE',  ( 0.7816684688103074929, 0.0000000000000000000, -0.01574999999999998623 ) ) ;
#2637 = VERTEX_POINT ( 'NONE', #4728 ) ;
#2638 = CARTESIAN_POINT ( 'NONE',  ( 0.5816684688103075374, -0.05000000000000000278, -0.1842499999999996085 ) ) ;
#2639 = EDGE_LOOP ( 'NONE', ( #1129, #4350, #4175, #5170 ) ) ;
#2640 = CARTESIAN_POINT ( 'NONE',  ( 0.3816684688103073597, -0.05000000000000000278, -0.01574999999999998623 ) ) ;
#2641 = ADVANCED_FACE ( 'NONE', ( #1850 ), #1086, .F. ) ;
#2642 = AXIS2_PLACEMENT_3D ( 'NONE', #745, #2305, #3475 ) ;
#2643 = VERTEX_POINT ( 'NONE', #4261 ) ;
#2644 = VERTEX_POINT ( 'NONE', #1489 ) ;
#2645 = LINE ( 'NONE', #3970, #3329 ) ;
#2646 = SHAPE_REPRESENTATION_RELATIONSHIP ( 'NONE' , 'NONE' ,  #979, #4990 ) ;
#2647 = CARTESIAN_POINT ( 'NONE',  ( 0.03796746881030719362, -0.05000000000000000278, -0.1499999999999999944 ) ) ;
#2648 = LINE ( 'NONE', #3420, #4702 ) ;
#2649 = AXIS2_PLACEMENT_3D ( 'NONE', #1750, #3366, #948 ) ;
#2650 = EDGE_LOOP ( 'NONE', ( #3172, #3372 ) ) ;
#2651 = VECTOR ( 'NONE', #280, 39.37007874015748143 ) ;
#2652 = DIRECTION ( 'NONE',  ( 0.3420201433256633283, 0.0000000000000000000, -0.9396926207859103153 ) ) ;
#2653 = DIRECTION ( 'NONE',  ( -1.000000000000000000, -0.0000000000000000000, -0.0000000000000000000 ) ) ;
#2654 = ORIENTED_EDGE ( 'NONE', *, *, #3517, .T. ) ;
#2655 = DIRECTION ( 'NONE',  ( 0.0000000000000000000, 0.0000000000000000000, 1.000000000000000000 ) ) ;
#2656 = ORIENTED_EDGE ( 'NONE', *, *, #3862, .F. ) ;
#2657 = DIRECTION ( 'NONE',  ( -0.0000000000000000000, 1.000000000000000000, -0.0000000000000000000 ) ) ;
#2658 = AXIS2_PLACEMENT_3D ( 'NONE', #3749, #1740, #2189 ) ;
#2659 = DIRECTION ( 'NONE',  ( -6.998027963638287744E-17, 0.0000000000000000000, -1.000000000000000000 ) ) ;
#2660 = CIRCLE ( 'NONE', #3760, 0.02855000000000052982 ) ;
#2661 = CIRCLE ( 'NONE', #381, 0.02855000000000054022 ) ;
#2662 = DIRECTION ( 'NONE',  ( 0.0000000000000000000, 0.0000000000000000000, 1.000000000000000000 ) ) ;
#2663 = EDGE_CURVE ( 'NONE', #3750, #2546, #4291, .T. ) ;
#2664 = VECTOR ( 'NONE', #2951, 39.37007874015748143 ) ;
#2665 = VECTOR ( 'NONE', #1000, 39.37007874015748854 ) ;
#2666 = DIRECTION ( 'NONE',  ( 0.0000000000000000000, 0.0000000000000000000, 1.000000000000000000 ) ) ;
#2667 = DIRECTION ( 'NONE',  ( 0.0000000000000000000, 0.0000000000000000000, 1.000000000000000000 ) ) ;
#2668 = VERTEX_POINT ( 'NONE', #684 ) ;
#2669 = CARTESIAN_POINT ( 'NONE',  ( 0.5379674688103072144, 0.0000000000000000000, -0.02144999999999946602 ) ) ;
#2670 = ORIENTED_EDGE ( 'NONE', *, *, #3526, .T. ) ;
#2671 = CARTESIAN_POINT ( 'NONE',  ( 0.0000000000000000000, -0.05000000000000000278, 0.0000000000000000000 ) ) ;
#2672 = AXIS2_PLACEMENT_3D ( 'NONE', #3639, #54, #1677 ) ;
#2673 = EDGE_CURVE ( 'NONE', #2139, #3603, #2620, .T. ) ;
#2674 = EDGE_CURVE ( 'NONE', #1310, #424, #125, .T. ) ;
#2675 = CIRCLE ( 'NONE', #4798, 0.02855000000000054022 ) ;
#2677 = EDGE_CURVE ( 'NONE', #2057, #2329, #4023, .T. ) ;
#2676 = VERTEX_POINT ( 'NONE', #587 ) ;
#2678 = VERTEX_POINT ( 'NONE', #1798 ) ;
#2679 = DIRECTION ( 'NONE',  ( -0.0000000000000000000, 1.000000000000000000, -0.0000000000000000000 ) ) ;
#2680 = DIRECTION ( 'NONE',  ( 0.0000000000000000000, 0.0000000000000000000, 1.000000000000000000 ) ) ;
#2681 = DIRECTION ( 'NONE',  ( 0.0000000000000000000, 0.0000000000000000000, 1.000000000000000000 ) ) ;
#2682 = ORIENTED_EDGE ( 'NONE', *, *, #433, .F. ) ;
#2683 = FACE_OUTER_BOUND ( 'NONE', #1271, .T. ) ;
#2684 = CARTESIAN_POINT ( 'NONE',  ( 0.1816684688103074319, -0.05000000000000000278, -0.1842499999999996085 ) ) ;
#2685 = ORIENTED_EDGE ( 'NONE', *, *, #3620, .T. ) ;
#2686 = CARTESIAN_POINT ( 'NONE',  ( 0.1379674688103071922, 0.0000000000000000000, -0.1214499999999994612 ) ) ;
#2687 = EDGE_LOOP ( 'NONE', ( #3905, #2948, #482, #3553 ) ) ;
#2688 = CARTESIAN_POINT ( 'NONE',  ( 0.0000000000000000000, -0.05000000000000000278, 0.0000000000000000000 ) ) ;
#2689 = LINE ( 'NONE', #273, #1063 ) ;
#2690 = ITEM_DEFINED_TRANSFORMATION ( 'NONE', 'NONE', #3540,  #1156 ) ;
#2691 = CARTESIAN_POINT ( 'NONE',  ( 0.4379674688103072366, -0.05000000000000000278, -0.1499999999999999944 ) ) ;
#2692 = AXIS2_PLACEMENT_3D ( 'NONE', #3170, #1531, #3142 ) ;
#2693 = LINE ( 'NONE', #3901, #3174 ) ;
#2694 = CARTESIAN_POINT ( 'NONE',  ( 0.8379674688103072588, -0.05000000000000000278, -0.04999999999999999584 ) ) ;
#2695 = VERTEX_POINT ( 'NONE', #1406 ) ;
#2696 = CARTESIAN_POINT ( 'NONE',  ( 0.9379674688103073477, 0.0000000000000000000, -0.1785500000000005416 ) ) ;
#2697 = ORIENTED_EDGE ( 'NONE', *, *, #3196, .F. ) ;
#2698 = CARTESIAN_POINT ( 'NONE',  ( -3.414809992080329023E-17, 0.0000000000000000000, 0.02150000000000002950 ) ) ;
#2699 = ORIENTED_EDGE ( 'NONE', *, *, #4516, .F. ) ;
#2700 = EDGE_CURVE ( 'NONE', #1948, #2514, #898, .T. ) ;
#2701 = EDGE_LOOP ( 'NONE', ( #4650, #1769, #2323, #3834 ) ) ;
#2702 = EDGE_CURVE ( 'NONE', #2274, #4041, #3634, .T. ) ;
#2703 = LINE ( 'NONE', #286, #3669 ) ;
#2704 = LINE ( 'NONE', #1515, #967 ) ;
#2705 = DIRECTION ( 'NONE',  ( -1.000000000000000000, -0.0000000000000000000, -0.0000000000000000000 ) ) ;
#2706 = EDGE_CURVE ( 'NONE', #4117, #1644, #2252, .T. ) ;
#2707 = ORIENTED_EDGE ( 'NONE', *, *, #1157, .T. ) ;
#2708 = CARTESIAN_POINT ( 'NONE',  ( 0.8942664688103074688, -0.05000000000000000278, -0.1842499999999996918 ) ) ;
#2709 = CARTESIAN_POINT ( 'NONE',  ( 0.6816684688103075151, -0.05000000000000000278, -0.01574999999999998623 ) ) ;
#2710 = VERTEX_POINT ( 'NONE', #4852 ) ;
#2711 = DIRECTION ( 'NONE',  ( 0.0000000000000000000, 0.0000000000000000000, 1.000000000000000000 ) ) ;
#2712 = ORIENTED_EDGE ( 'NONE', *, *, #4883, .F. ) ;
#2713 = CARTESIAN_POINT ( 'NONE',  ( 0.2816684688103074374, -0.05000000000000000278, -0.1842499999999996085 ) ) ;
#2714 = DIRECTION ( 'NONE',  ( 1.000000000000000000, 0.0000000000000000000, -0.0000000000000000000 ) ) ;
#2715 = CARTESIAN_POINT ( 'NONE',  ( 0.09426646881030743830, 0.0000000000000000000, -0.01574999999999998623 ) ) ;
#2716 = DIRECTION ( 'NONE',  ( 0.0000000000000000000, 0.0000000000000000000, 1.000000000000000000 ) ) ;
#2717 =( NAMED_UNIT ( * ) PLANE_ANGLE_UNIT ( ) SI_UNIT ( $, .RADIAN. ) );
#2718 = ORIENTED_EDGE ( 'NONE', *, *, #3930, .F. ) ;
#2719 = DIRECTION ( 'NONE',  ( 0.0000000000000000000, 0.0000000000000000000, 1.000000000000000000 ) ) ;
#2720 = ORIENTED_EDGE ( 'NONE', *, *, #595, .F. ) ;
#2721 = FACE_BOUND ( 'NONE', #4387, .T. ) ;
#2722 = ORIENTED_EDGE ( 'NONE', *, *, #5008, .T. ) ;
#2723 = ORIENTED_EDGE ( 'NONE', *, *, #2605, .T. ) ;
#2724 = DIRECTION ( 'NONE',  ( 0.0000000000000000000, 0.0000000000000000000, 1.000000000000000000 ) ) ;
#2725 = DIRECTION ( 'NONE',  ( 1.000000000000000000, 0.0000000000000000000, -5.421193827719211569E-15 ) ) ;
#2726 = DIRECTION ( 'NONE',  ( 0.0000000000000000000, 0.0000000000000000000, 1.000000000000000000 ) ) ;
#2727 = VECTOR ( 'NONE', #1842, 39.37007874015748143 ) ;
#2728 = EDGE_CURVE ( 'NONE', #5240, #4115, #4399, .T. ) ;
#2729 = ORIENTED_EDGE ( 'NONE', *, *, #4716, .T. ) ;
#2730 = DIRECTION ( 'NONE',  ( -1.000000000000000000, -0.0000000000000000000, -0.0000000000000000000 ) ) ;
#2731 = CARTESIAN_POINT ( 'NONE',  ( 0.9379674688103073477, 3.673940397442064486E-19, -0.1499999999999999944 ) ) ;
#2732 = ORIENTED_EDGE ( 'NONE', *, *, #215, .F. ) ;
#2733 = DIRECTION ( 'NONE',  ( -0.0000000000000000000, 1.000000000000000000, -0.0000000000000000000 ) ) ;
#2734 = VECTOR ( 'NONE', #4925, 39.37007874015748143 ) ;
#2735 = VERTEX_POINT ( 'NONE', #5230 ) ;
#2736 = FACE_OUTER_BOUND ( 'NONE', #3264, .T. ) ;
#2737 = ADVANCED_FACE ( 'NONE', ( #1593 ), #1986, .F. ) ;
#2738 = AXIS2_PLACEMENT_3D ( 'NONE', #2435, #4850, #2380 ) ;
#2739 = DIRECTION ( 'NONE',  ( -1.000000000000000000, 0.0000000000000000000, 6.998027963638287744E-17 ) ) ;
#2740 = ORIENTED_EDGE ( 'NONE', *, *, #4622, .T. ) ;
#2741 = VECTOR ( 'NONE', #3602, 39.37007874015748143 ) ;
#2742 = PRODUCT_DEFINITION_SHAPE ( 'NONE', 'NONE',  #5260 ) ;
#2743 = AXIS2_PLACEMENT_3D ( 'NONE', #3321, #3000, #4921 ) ;
#2744 = CARTESIAN_POINT ( 'NONE',  ( 0.7379674688103072810, -0.05000000000000000278, -0.1214499999999994612 ) ) ;
#2745 = LINE ( 'NONE', #5220, #945 ) ;
#2746 = DIRECTION ( 'NONE',  ( 1.000000000000000000, 0.0000000000000000000, 0.0000000000000000000 ) ) ;
#2747 = LINE ( 'NONE', #229, #1723 ) ;
#2748 = ORIENTED_EDGE ( 'NONE', *, *, #1249, .F. ) ;
#2749 = LINE ( 'NONE', #1208, #4865 ) ;
#2750 = VECTOR ( 'NONE', #2382, 39.37007874015748143 ) ;
#2751 = VECTOR ( 'NONE', #4567, 39.37007874015748143 ) ;
#2752 = EDGE_LOOP ( 'NONE', ( #1083, #1422, #3441, #3858 ) ) ;
#2753 = AXIS2_PLACEMENT_3D ( 'NONE', #3780, #142, #2975 ) ;
#2754 = VERTEX_POINT ( 'NONE', #3181 ) ;
#2755 = AXIS2_PLACEMENT_3D ( 'NONE', #1167, #2381, #369 ) ;
#2756 = DIRECTION ( 'NONE',  ( 0.9396926207859082059, 0.0000000000000000000, -0.3420201433256693790 ) ) ;
#2757 = CARTESIAN_POINT ( 'NONE',  ( 0.1816684688103074041, 0.0000000000000000000, -0.01574999999999998623 ) ) ;
#2758 = CYLINDRICAL_SURFACE ( 'NONE', #2912, 0.02855000000000052982 ) ;
#2759 = VECTOR ( 'NONE', #5055, 39.37007874015748143 ) ;
#2760 = ORIENTED_EDGE ( 'NONE', *, *, #3265, .T. ) ;
#2761 = CARTESIAN_POINT ( 'NONE',  ( 0.09426646881030741054, -0.05000000000000000278, -0.01574999999999998623 ) ) ;
#2762 = CARTESIAN_POINT ( 'NONE',  ( 0.8379674688103072588, 0.0000000000000000000, -0.1214499999999994612 ) ) ;
#2763 = ORIENTED_EDGE ( 'NONE', *, *, #4160, .F. ) ;
#2764 = AXIS2_PLACEMENT_3D ( 'NONE', #3660, #1994, #2440 ) ;
#2765 = DIRECTION ( 'NONE',  ( -1.000000000000000000, -0.0000000000000000000, -0.0000000000000000000 ) ) ;
#2766 = ORIENTED_EDGE ( 'NONE', *, *, #660, .T. ) ;
#2767 = DIRECTION ( 'NONE',  ( -0.0000000000000000000, 1.000000000000000000, -0.0000000000000000000 ) ) ;
#2768 = DIRECTION ( 'NONE',  ( 0.0000000000000000000, 0.0000000000000000000, 1.000000000000000000 ) ) ;
#2769 = ADVANCED_FACE ( 'NONE', ( #2333 ), #3610, .T. ) ;
#2770 = ADVANCED_FACE ( 'NONE', ( #768 ), #1618, .F. ) ;
#2771 = VERTEX_POINT ( 'NONE', #1216 ) ;
#2772 = EDGE_CURVE ( 'NONE', #3733, #2326, #3972, .T. ) ;
#2773 = DIRECTION ( 'NONE',  ( 0.3420201433256665480, -0.0000000000000000000, 0.9396926207859092051 ) ) ;
#2774 = CARTESIAN_POINT ( 'NONE',  ( 0.7999990000000001267, -0.05000000000000000278, 0.0000000000000000000 ) ) ;
#2775 = FACE_OUTER_BOUND ( 'NONE', #4969, .T. ) ;
#2776 = DIRECTION ( 'NONE',  ( -0.9396926207859072067, 0.0000000000000000000, -0.3420201433256721546 ) ) ;
#2777 = EDGE_LOOP ( 'NONE', ( #1511, #3698, #4994, #4397 ) ) ;
#2778 = CARTESIAN_POINT ( 'NONE',  ( -0.01203253118969264089, -0.05000000000000000278, -0.1842499999999996918 ) ) ;
#2779 = ADVANCED_FACE ( 'NONE', ( #793 ), #4422, .F. ) ;
#2780 = DIRECTION ( 'NONE',  ( 0.0000000000000000000, 0.0000000000000000000, 1.000000000000000000 ) ) ;
#2781 = ORIENTED_EDGE ( 'NONE', *, *, #2344, .F. ) ;
#2782 = PLANE ( 'NONE',  #3915 ) ;
#2783 = CARTESIAN_POINT ( 'NONE',  ( 0.09426646881030741054, -0.05000000000000000278, -0.01574999999999998623 ) ) ;
#2784 = DIRECTION ( 'NONE',  ( 1.000000000000000000, 0.0000000000000000000, 0.0000000000000000000 ) ) ;
#2785 = ORIENTED_EDGE ( 'NONE', *, *, #1628, .F. ) ;
#2786 = DIRECTION ( 'NONE',  ( -0.0000000000000000000, 1.000000000000000000, -0.0000000000000000000 ) ) ;
#2787 = DIRECTION ( 'NONE',  ( 0.0000000000000000000, 0.0000000000000000000, -1.000000000000000000 ) ) ;
#2788 = ORIENTED_EDGE ( 'NONE', *, *, #4778, .F. ) ;
#2789 = DIRECTION ( 'NONE',  ( 0.0000000000000000000, 0.0000000000000000000, 1.000000000000000000 ) ) ;
#2790 = DIRECTION ( 'NONE',  ( 0.0000000000000000000, 0.0000000000000000000, 1.000000000000000000 ) ) ;
#2791 = DIRECTION ( 'NONE',  ( -1.000000000000000000, -0.0000000000000000000, -0.0000000000000000000 ) ) ;
#2792 = ORIENTED_EDGE ( 'NONE', *, *, #2052, .F. ) ;
#2793 = EDGE_CURVE ( 'NONE', #5202, #4138, #4455, .T. ) ;
#2794 = EDGE_CURVE ( 'NONE', #3123, #3809, #3996, .T. ) ;
#2795 = DIRECTION ( 'NONE',  ( 0.3420201433256633283, 0.0000000000000000000, -0.9396926207859103153 ) ) ;
#2796 = LINE ( 'NONE', #1204, #11 ) ;
#2797 = APPLICATION_PROTOCOL_DEFINITION ( 'draft international standard', 'automotive_design', 1998, #3460 ) ;
#2798 = CARTESIAN_POINT ( 'NONE',  ( 0.0000000000000000000, -0.05000000000000000278, 0.0000000000000000000 ) ) ;
#2799 = ORIENTED_EDGE ( 'NONE', *, *, #314, .T. ) ;
#2800 = DIRECTION ( 'NONE',  ( -0.0000000000000000000, 1.000000000000000000, -0.0000000000000000000 ) ) ;
#2801 = ORIENTED_EDGE ( 'NONE', *, *, #2437, .F. ) ;
#2802 = ORIENTED_EDGE ( 'NONE', *, *, #2060, .F. ) ;
#2803 = LINE ( 'NONE', #3307, #3243 ) ;
#2804 = ADVANCED_FACE ( 'NONE', ( #423 ), #3580, .F. ) ;
#2805 = DIRECTION ( 'NONE',  ( -0.0000000000000000000, 1.000000000000000000, -0.0000000000000000000 ) ) ;
#2806 = AXIS2_PLACEMENT_3D ( 'NONE', #2036, #394, #4049 ) ;
#2807 = ORIENTED_EDGE ( 'NONE', *, *, #4414, .T. ) ;
#2808 = CARTESIAN_POINT ( 'NONE',  ( 0.7379674688103072810, 0.0000000000000000000, -0.04999999999999999584 ) ) ;
#2809 = LINE ( 'NONE', #347, #982 ) ;
#2810 = FACE_OUTER_BOUND ( 'NONE', #2701, .T. ) ;
#2811 = FACE_OUTER_BOUND ( 'NONE', #469, .T. ) ;
#2812 = EDGE_LOOP ( 'NONE', ( #2299, #2218 ) ) ;
#2813 = CIRCLE ( 'NONE', #531, 0.02855000000000052982 ) ;
#2814 = DIRECTION ( 'NONE',  ( -0.0000000000000000000, 1.000000000000000000, -0.0000000000000000000 ) ) ;
#2815 = EDGE_LOOP ( 'NONE', ( #3793, #3784 ) ) ;
#2816 = VERTEX_POINT ( 'NONE', #4341 ) ;
#2817 = CIRCLE ( 'NONE', #2144, 0.02855000000000054022 ) ;
#2818 = CYLINDRICAL_SURFACE ( 'NONE', #4876, 0.02855000000000054022 ) ;
#2819 = DIRECTION ( 'NONE',  ( -0.0000000000000000000, 1.000000000000000000, -0.0000000000000000000 ) ) ;
#2820 = DIRECTION ( 'NONE',  ( -3.491481338843133355E-15, -1.000000000000000000, 0.0000000000000000000 ) ) ;
#2821 = CARTESIAN_POINT ( 'NONE',  ( 0.0000000000000000000, 0.0000000000000000000, 0.0000000000000000000 ) ) ;
#2822 = ORIENTED_EDGE ( 'NONE', *, *, #5078, .T. ) ;
#2823 = CARTESIAN_POINT ( 'NONE',  ( 0.5816684688103074263, 0.0000000000000000000, -0.01574999999999998623 ) ) ;
#2824 = EDGE_CURVE ( 'NONE', #4476, #908, #712, .T. ) ;
#2825 = AXIS2_PLACEMENT_3D ( 'NONE', #418, #866, #2035 ) ;
#2826 = AXIS2_PLACEMENT_3D ( 'NONE', #2341, #266, #1858 ) ;
#2827 = LINE ( 'NONE', #3654, #3315 ) ;
#2828 = VERTEX_POINT ( 'NONE', #1566 ) ;
#2829 = DIRECTION ( 'NONE',  ( -0.0000000000000000000, 1.000000000000000000, -0.0000000000000000000 ) ) ;
#2830 = VECTOR ( 'NONE', #1276, 39.37007874015748143 ) ;
#2831 = EDGE_CURVE ( 'NONE', #2516, #2668, #4028, .T. ) ;
#2832 = CARTESIAN_POINT ( 'NONE',  ( 0.4816684688103073930, -0.05000000000000000278, -0.01574999999999998623 ) ) ;
#2833 = VECTOR ( 'NONE', #3292, 39.37007874015748143 ) ;
#2834 = ADVANCED_FACE ( 'NONE', ( #3556 ), #4804, .F. ) ;
#2835 = ADVANCED_FACE ( 'NONE', ( #397 ), #2961, .F. ) ;
#2836 = VECTOR ( 'NONE', #3168, 39.37007874015748143 ) ;
#2837 = AXIS2_PLACEMENT_3D ( 'NONE', #2200, #5041, #178 ) ;
#2838 = EDGE_LOOP ( 'NONE', ( #4267, #1823 ) ) ;
#2839 = DIRECTION ( 'NONE',  ( 0.0000000000000000000, 0.0000000000000000000, 1.000000000000000000 ) ) ;
#2840 = DIRECTION ( 'NONE',  ( -0.0000000000000000000, 1.000000000000000000, -0.0000000000000000000 ) ) ;
#2841 = CARTESIAN_POINT ( 'NONE',  ( 0.6379674688103071922, -0.05000000000000000278, -0.02144999999999946602 ) ) ;
#2842 = DIRECTION ( 'NONE',  ( 0.0000000000000000000, 0.0000000000000000000, 1.000000000000000000 ) ) ;
#2843 = AXIS2_PLACEMENT_3D ( 'NONE', #3512, #1809, #4759 ) ;
#2844 = EDGE_CURVE ( 'NONE', #2997, #580, #4076, .T. ) ;
#2845 = VERTEX_POINT ( 'NONE', #448 ) ;
#2846 = VECTOR ( 'NONE', #1067, 39.37007874015748143 ) ;
#2847 = CARTESIAN_POINT ( 'NONE',  ( 0.6816684688103075151, -0.05000000000000000278, -0.1842499999999996085 ) ) ;
#2848 = ORIENTED_EDGE ( 'NONE', *, *, #3421, .T. ) ;
#2849 = EDGE_LOOP ( 'NONE', ( #1804, #1364, #26, #1633 ) ) ;
#2850 = LINE ( 'NONE', #1236, #4620 ) ;
#2851 = DIRECTION ( 'NONE',  ( 0.0000000000000000000, 0.0000000000000000000, 1.000000000000000000 ) ) ;
#2852 = LINE ( 'NONE', #4, #1217 ) ;
#2853 = ORIENTED_EDGE ( 'NONE', *, *, #1278, .F. ) ;
#2854 = LINE ( 'NONE', #3375, #5133 ) ;
#2855 = AXIS2_PLACEMENT_3D ( 'NONE', #2350, #1160, #2746 ) ;
#2856 = DIRECTION ( 'NONE',  ( -0.0000000000000000000, 1.000000000000000000, -0.0000000000000000000 ) ) ;
#2857 = EDGE_LOOP ( 'NONE', ( #4891, #281, #487, #2499 ) ) ;
#2858 = CARTESIAN_POINT ( 'NONE',  ( 0.7816684688103074929, -0.05000000000000000278, -0.1842499999999996085 ) ) ;
#2859 = EDGE_LOOP ( 'NONE', ( #687, #1092, #386, #2740 ) ) ;
#2860 = DIRECTION ( 'NONE',  ( -0.0000000000000000000, 1.000000000000000000, -0.0000000000000000000 ) ) ;
#2861 = EDGE_CURVE ( 'NONE', #784, #536, #1748, .T. ) ;
#2862 = EDGE_CURVE ( 'NONE', #4133, #4667, #3708, .T. ) ;
#2863 = ORIENTED_EDGE ( 'NONE', *, *, #4248, .F. ) ;
#2864 = FACE_BOUND ( 'NONE', #2356, .T. ) ;
#2865 = LINE ( 'NONE', #4404, #3931 ) ;
#2866 = ADVANCED_FACE ( 'NONE', ( #3787 ), #2515, .T. ) ;
#2867 = CARTESIAN_POINT ( 'NONE',  ( 0.0000000000000000000, -0.05000000000000000278, 0.0000000000000000000 ) ) ;
#2868 = ORIENTED_EDGE ( 'NONE', *, *, #1281, .T. ) ;
#2869 = LINE ( 'NONE', #3958, #725 ) ;
#2870 = ORIENTED_EDGE ( 'NONE', *, *, #2188, .F. ) ;
#2871 = ORIENTED_EDGE ( 'NONE', *, *, #2575, .F. ) ;
#2872 = EDGE_CURVE ( 'NONE', #2193, #4480, #4108, .T. ) ;
#2873 = FACE_OUTER_BOUND ( 'NONE', #1780, .T. ) ;
#2874 = CARTESIAN_POINT ( 'NONE',  ( 0.9759349376206162274, 0.0000000000000000000, -0.1999999999999997058 ) ) ;
#2875 = DIRECTION ( 'NONE',  ( 0.0000000000000000000, 0.0000000000000000000, 1.000000000000000000 ) ) ;
#2876 = CARTESIAN_POINT ( 'NONE',  ( 0.07800000000000031908, 0.0000000000000000000, 0.01049999999999998851 ) ) ;
#2877 = EDGE_LOOP ( 'NONE', ( #4204, #1695, #1683, #4373 ) ) ;
#2878 = DIRECTION ( 'NONE',  ( 0.0000000000000000000, 0.0000000000000000000, 1.000000000000000000 ) ) ;
#2879 = PLANE ( 'NONE',  #4681 ) ;
#2880 = ORIENTED_EDGE ( 'NONE', *, *, #1580, .T. ) ;
#2881 = CARTESIAN_POINT ( 'NONE',  ( 0.2379674688103072255, 3.673940397442064486E-19, -0.07855000000000052218 ) ) ;
#2882 = VERTEX_POINT ( 'NONE', #1671 ) ;
#2883 = LINE ( 'NONE', #4961, #4448 ) ;
#2884 = ORIENTED_EDGE ( 'NONE', *, *, #2150, .F. ) ;
#2885 = DIRECTION ( 'NONE',  ( -0.0000000000000000000, 1.000000000000000000, -0.0000000000000000000 ) ) ;
#2886 = DIRECTION ( 'NONE',  ( -1.000000000000000000, -0.0000000000000000000, -0.0000000000000000000 ) ) ;
#2887 = DIRECTION ( 'NONE',  ( 0.0000000000000000000, 0.0000000000000000000, -1.000000000000000000 ) ) ;
#2888 = EDGE_CURVE ( 'NONE', #5019, #1973, #48, .T. ) ;
#2889 = VERTEX_POINT ( 'NONE', #1296 ) ;
#2890 = CARTESIAN_POINT ( 'NONE',  ( 0.5816684688103074263, -0.05000000000000000278, -0.01574999999999998623 ) ) ;
#2891 = ORIENTED_EDGE ( 'NONE', *, *, #5137, .F. ) ;
#2892 = CARTESIAN_POINT ( 'NONE',  ( 0.0000000000000000000, -0.05000000000000000278, 0.0000000000000000000 ) ) ;
#2893 = EDGE_LOOP ( 'NONE', ( #546, #1625, #2445, #2050 ) ) ;
#2894 = EDGE_CURVE ( 'NONE', #4930, #3564, #479, .T. ) ;
#2895 = VECTOR ( 'NONE', #1298, 39.37007874015748143 ) ;
#2896 = EDGE_CURVE ( 'NONE', #4380, #4902, #2883, .T. ) ;
#2897 = LINE ( 'NONE', #4223, #122 ) ;
#2898 = LINE ( 'NONE', #494, #2140 ) ;
#2899 = DIRECTION ( 'NONE',  ( 0.0000000000000000000, 0.0000000000000000000, 1.000000000000000000 ) ) ;
#2900 = LINE ( 'NONE', #1339, #3085 ) ;
#2901 = ORIENTED_EDGE ( 'NONE', *, *, #4030, .T. ) ;
#2902 = AXIS2_PLACEMENT_3D ( 'NONE', #3785, #2533, #4151 ) ;
#2903 = VECTOR ( 'NONE', #1532, 39.37007874015748143 ) ;
#2904 = DIRECTION ( 'NONE',  ( 1.000000000000000000, 0.0000000000000000000, -5.421193827719211569E-15 ) ) ;
#2905 = ORIENTED_EDGE ( 'NONE', *, *, #1441, .T. ) ;
#2906 = DIRECTION ( 'NONE',  ( 0.0000000000000000000, 0.0000000000000000000, 1.000000000000000000 ) ) ;
#2907 = ORIENTED_EDGE ( 'NONE', *, *, #919, .F. ) ;
#2908 = DIRECTION ( 'NONE',  ( 0.0000000000000000000, 0.0000000000000000000, -1.000000000000000000 ) ) ;
#2909 = AXIS2_PLACEMENT_3D ( 'NONE', #1805, #1413, #2655 ) ;
#2910 =( REPRESENTATION_RELATIONSHIP ('NONE','NONE', #813, #979 ) REPRESENTATION_RELATIONSHIP_WITH_TRANSFORMATION ( #2931 )SHAPE_REPRESENTATION_RELATIONSHIP( ) );
#2911 = ORIENTED_EDGE ( 'NONE', *, *, #4979, .F. ) ;
#2912 = AXIS2_PLACEMENT_3D ( 'NONE', #5174, #742, #1961 ) ;
#2913 = PLANE ( 'NONE',  #362 ) ;
#2914 = SURFACE_STYLE_FILL_AREA ( #1299 ) ;
#2915 = DIRECTION ( 'NONE',  ( -0.0000000000000000000, 1.000000000000000000, -0.0000000000000000000 ) ) ;
#2916 = DIRECTION ( 'NONE',  ( -6.998027963638287744E-17, 0.0000000000000000000, -1.000000000000000000 ) ) ;
#2917 = VECTOR ( 'NONE', #1555, 39.37007874015748143 ) ;
#2918 = VECTOR ( 'NONE', #749, 39.37007874015748143 ) ;
#2919 = ORIENTED_EDGE ( 'NONE', *, *, #2605, .F. ) ;
#2920 = DIRECTION ( 'NONE',  ( -0.3420201433256720991, 0.0000000000000000000, 0.9396926207859070956 ) ) ;
#2921 = VERTEX_POINT ( 'NONE', #91 ) ;
#2922 = AXIS2_PLACEMENT_3D ( 'NONE', #1552, #4836, #1198 ) ;
#2923 = AXIS2_PLACEMENT_3D ( 'NONE', #523, #1270, #3730 ) ;
#2924 = LINE ( 'NONE', #2158, #372 ) ;
#2925 = ORIENTED_EDGE ( 'NONE', *, *, #2862, .F. ) ;
#2926 = VECTOR ( 'NONE', #828, 39.37007874015748143 ) ;
#2927 = EDGE_CURVE ( 'NONE', #3133, #1173, #2120, .T. ) ;
#2928 = EDGE_CURVE ( 'NONE', #1657, #3955, #4933, .T. ) ;
#2929 = LINE ( 'NONE', #913, #2664 ) ;
#2930 = DIRECTION ( 'NONE',  ( -0.0000000000000000000, 1.000000000000000000, -0.0000000000000000000 ) ) ;
#2931 = ITEM_DEFINED_TRANSFORMATION ( 'NONE', 'NONE', #996,  #1156 ) ;
#2932 = PLANE ( 'NONE',  #2565 ) ;
#2933 = ORIENTED_EDGE ( 'NONE', *, *, #2888, .T. ) ;
#2934 = EDGE_CURVE ( 'NONE', #2449, #2295, #3288, .T. ) ;
#2935 = DIRECTION ( 'NONE',  ( -0.0000000000000000000, 1.000000000000000000, -0.0000000000000000000 ) ) ;
#2936 = ORIENTED_EDGE ( 'NONE', *, *, #3089, .T. ) ;
#2937 = DIRECTION ( 'NONE',  ( -1.000000000000000000, -0.0000000000000000000, -0.0000000000000000000 ) ) ;
#2938 = ORIENTED_EDGE ( 'NONE', *, *, #5043, .F. ) ;
#2939 = DIRECTION ( 'NONE',  ( 0.3420201433256666035, 0.0000000000000000000, 0.9396926207859092051 ) ) ;
#2940 = EDGE_LOOP ( 'NONE', ( #4756, #3130 ) ) ;
#2941 = DIRECTION ( 'NONE',  ( -0.3420201433256720991, 0.0000000000000000000, 0.9396926207859070956 ) ) ;
#2942 = SURFACE_STYLE_FILL_AREA ( #1648 ) ;
#2943 = DIRECTION ( 'NONE',  ( -0.0000000000000000000, 1.000000000000000000, -0.0000000000000000000 ) ) ;
#2944 = AXIS2_PLACEMENT_3D ( 'NONE', #5040, #607, #154 ) ;
#2945 = CARTESIAN_POINT ( 'NONE',  ( 0.4942664688103074466, -0.05000000000000000278, -0.1842499999999996918 ) ) ;
#2946 = ORIENTED_EDGE ( 'NONE', *, *, #4758, .F. ) ;
#2947 = CARTESIAN_POINT ( 'NONE',  ( 0.3942664688103074133, -0.05000000000000000278, -0.01574999999999998623 ) ) ;
#2948 = ORIENTED_EDGE ( 'NONE', *, *, #4036, .F. ) ;
#2949 = DIRECTION ( 'NONE',  ( -0.0000000000000000000, 1.000000000000000000, -0.0000000000000000000 ) ) ;
#2950 = VERTEX_POINT ( 'NONE', #4985 ) ;
#2951 = DIRECTION ( 'NONE',  ( -0.0000000000000000000, 1.000000000000000000, -0.0000000000000000000 ) ) ;
#2952 = CONTEXT_DEPENDENT_SHAPE_REPRESENTATION ( #2910, #1946 ) ;
#2953 = CARTESIAN_POINT ( 'NONE',  ( 0.3942664688103074133, -0.05000000000000000278, -0.1842499999999996918 ) ) ;
#2954 = VERTEX_POINT ( 'NONE', #4885 ) ;
#2955 = EDGE_CURVE ( 'NONE', #2512, #2405, #3334, .T. ) ;
#2956 = ADVANCED_FACE ( 'NONE', ( #1348 ), #1326, .F. ) ;
#2957 = CARTESIAN_POINT ( 'NONE',  ( 0.3816684688103074707, -0.05000000000000000278, -0.1842499999999996085 ) ) ;
#2958 = ORIENTED_EDGE ( 'NONE', *, *, #1923, .F. ) ;
#2959 = DIRECTION ( 'NONE',  ( -0.0000000000000000000, 1.000000000000000000, -0.0000000000000000000 ) ) ;
#2960 = VERTEX_POINT ( 'NONE', #4564 ) ;
#2961 = PLANE ( 'NONE',  #3516 ) ;
#2962 = ADVANCED_FACE ( 'NONE', ( #2175 ), #151, .F. ) ;
#2964 = EDGE_CURVE ( 'NONE', #3299, #2574, #847, .T. ) ;
#2963 = ORIENTED_EDGE ( 'NONE', *, *, #139, .F. ) ;
#2965 = PLANE ( 'NONE',  #1463 ) ;
#2966 = LENGTH_MEASURE_WITH_UNIT ( LENGTH_MEASURE( 0.02539999999999999897 ), #4913 );
#2967 = DIRECTION ( 'NONE',  ( 0.0000000000000000000, 0.0000000000000000000, 1.000000000000000000 ) ) ;
#2968 = DIRECTION ( 'NONE',  ( 0.0000000000000000000, 0.0000000000000000000, 1.000000000000000000 ) ) ;
#2969 = ORIENTED_EDGE ( 'NONE', *, *, #2673, .F. ) ;
#2970 = DIRECTION ( 'NONE',  ( -0.0000000000000000000, 1.000000000000000000, -0.0000000000000000000 ) ) ;
#2971 = ORIENTED_EDGE ( 'NONE', *, *, #1641, .F. ) ;
#2972 = DIRECTION ( 'NONE',  ( 0.0000000000000000000, 1.000000000000000000, 0.0000000000000000000 ) ) ;
#2973 = EDGE_LOOP ( 'NONE', ( #3310, #77, #1241, #5088 ) ) ;
#2974 = CARTESIAN_POINT ( 'NONE',  ( 0.4816684688103075040, -0.05000000000000000278, -0.1842499999999996085 ) ) ;
#2975 = DIRECTION ( 'NONE',  ( 0.0000000000000000000, 0.0000000000000000000, 1.000000000000000000 ) ) ;
#2976 = CONTEXT_DEPENDENT_SHAPE_REPRESENTATION ( #748, #421 ) ;
#2977 = DIRECTION ( 'NONE',  ( -0.3420201433256720991, 0.0000000000000000000, 0.9396926207859070956 ) ) ;
#2978 = ORIENTED_EDGE ( 'NONE', *, *, #1937, .F. ) ;
#2979 = PLANE ( 'NONE',  #860 ) ;
#2980 = EDGE_LOOP ( 'NONE', ( #1784, #611 ) ) ;
#2981 = EDGE_CURVE ( 'NONE', #4742, #2405, #724, .T. ) ;
#2982 = CARTESIAN_POINT ( 'NONE',  ( 0.1379674688103071922, -0.05000000000000000278, -0.04999999999999999584 ) ) ;
#2983 = ORIENTED_EDGE ( 'NONE', *, *, #888, .F. ) ;
#2984 = DIRECTION ( 'NONE',  ( -0.0000000000000000000, 1.000000000000000000, -0.0000000000000000000 ) ) ;
#2985 = AXIS2_PLACEMENT_3D ( 'NONE', #1396, #4207, #4607 ) ;
#2986 = VERTEX_POINT ( 'NONE', #2698 ) ;
#2987 = ADVANCED_FACE ( 'NONE', ( #1024 ), #1790, .T. ) ;
#2988 = EDGE_CURVE ( 'NONE', #4124, #1689, #3852, .T. ) ;
#2989 = CARTESIAN_POINT ( 'NONE',  ( 0.6816684688103075151, -0.05000000000000000278, -0.01574999999999998623 ) ) ;
#2990 = DIRECTION ( 'NONE',  ( 0.0000000000000000000, 0.0000000000000000000, 1.000000000000000000 ) ) ;
#2991 = DIRECTION ( 'NONE',  ( 0.0000000000000000000, 0.0000000000000000000, 1.000000000000000000 ) ) ;
#2992 = AXIS2_PLACEMENT_3D ( 'NONE', #4495, #4820, #3650 ) ;
#2993 = CARTESIAN_POINT ( 'NONE',  ( 0.2816684688103074374, -0.05000000000000000278, -0.01574999999999998623 ) ) ;
#2994 = ADVANCED_FACE ( 'NONE', ( #4694 ), #680, .F. ) ;
#2995 = VECTOR ( 'NONE', #4736, 39.37007874015748143 ) ;
#2996 = AXIS2_PLACEMENT_3D ( 'NONE', #957, #1357, #4165 ) ;
#2997 = VERTEX_POINT ( 'NONE', #5086 ) ;
#2998 = DIRECTION ( 'NONE',  ( -1.000000000000000000, -0.0000000000000000000, -0.0000000000000000000 ) ) ;
#2999 = ORIENTED_EDGE ( 'NONE', *, *, #415, .T. ) ;
#3000 = DIRECTION ( 'NONE',  ( 0.0000000000000000000, 0.0000000000000000000, -1.000000000000000000 ) ) ;
#3001 = ORIENTED_EDGE ( 'NONE', *, *, #1150, .T. ) ;
#3002 = DIRECTION ( 'NONE',  ( -1.000000000000000000, -0.0000000000000000000, -0.0000000000000000000 ) ) ;
#3003 = AXIS2_PLACEMENT_3D ( 'NONE', #4263, #1910, #2681 ) ;
#3004 = VECTOR ( 'NONE', #1909, 39.37007874015748143 ) ;
#3005 = AXIS2_PLACEMENT_3D ( 'NONE', #1584, #4818, #4066 ) ;
#3006 = AXIS2_PLACEMENT_3D ( 'NONE', #3232, #2358, #1191 ) ;
#3007 = CARTESIAN_POINT ( 'NONE',  ( 0.9759349376206162274, 0.0000000000000000000, -0.1999999999999997058 ) ) ;
#3008 = CONTEXT_DEPENDENT_SHAPE_REPRESENTATION ( #2466, #3124 ) ;
#3009 = CARTESIAN_POINT ( 'NONE',  ( 0.8816684688103074707, -0.05000000000000000278, -0.1842499999999996085 ) ) ;
#3010 = ORIENTED_EDGE ( 'NONE', *, *, #2028, .T. ) ;
#3011 = CIRCLE ( 'NONE', #2335, 0.02650000000000055783 ) ;
#3012 = LINE ( 'NONE', #4929, #4934 ) ;
#3013 = VECTOR ( 'NONE', #323, 39.37007874015748854 ) ;
#3014 = VERTEX_POINT ( 'NONE', #3490 ) ;
#3015 = LINE ( 'NONE', #1746, #4008 ) ;
#3016 = ORIENTED_EDGE ( 'NONE', *, *, #3256, .F. ) ;
#3017 = LINE ( 'NONE', #3442, #5045 ) ;
#3018 = VERTEX_POINT ( 'NONE', #1770 ) ;
#3019 = FACE_BOUND ( 'NONE', #1866, .T. ) ;
#3020 = DIRECTION ( 'NONE',  ( 0.0000000000000000000, 0.0000000000000000000, 1.000000000000000000 ) ) ;
#3021 = DIRECTION ( 'NONE',  ( 0.0000000000000000000, 0.0000000000000000000, 1.000000000000000000 ) ) ;
#3022 = LINE ( 'NONE', #1005, #29 ) ;
#3023 = EDGE_CURVE ( 'NONE', #1932, #398, #2592, .T. ) ;
#3024 = EDGE_CURVE ( 'NONE', #4854, #3819, #583, .T. ) ;
#3025 = ORIENTED_EDGE ( 'NONE', *, *, #1051, .T. ) ;
#3026 = DIRECTION ( 'NONE',  ( -0.0000000000000000000, 1.000000000000000000, -0.0000000000000000000 ) ) ;
#3027 = LINE ( 'NONE', #4732, #3101 ) ;
#3028 = AXIS2_PLACEMENT_3D ( 'NONE', #4766, #2199, #4213 ) ;
#3029 = EDGE_CURVE ( 'NONE', #4489, #3882, #1846, .T. ) ;
#3030 = ORIENTED_EDGE ( 'NONE', *, *, #4292, .T. ) ;
#3031 = DIRECTION ( 'NONE',  ( 1.000000000000000000, 0.0000000000000000000, -5.421193827719211569E-15 ) ) ;
#3032 = ORIENTED_EDGE ( 'NONE', *, *, #4630, .F. ) ;
#3033 = CYLINDRICAL_SURFACE ( 'NONE', #4195, 0.01049999999999998851 ) ;
#3034 = ADVANCED_FACE ( 'NONE', ( #3906 ), #1450, .F. ) ;
#3035 = FACE_OUTER_BOUND ( 'NONE', #2297, .T. ) ;
#3036 = ADVANCED_FACE ( 'NONE', ( #4209 ), #5112, .F. ) ;
#3037 = DIRECTION ( 'NONE',  ( -0.0000000000000000000, 1.000000000000000000, -0.0000000000000000000 ) ) ;
#3038 = DIRECTION ( 'NONE',  ( -1.000000000000000000, -0.0000000000000000000, -0.0000000000000000000 ) ) ;
#3039 = CARTESIAN_POINT ( 'NONE',  ( 0.0000000000000000000, 0.0000000000000000000, 0.0000000000000000000 ) ) ;
#3040 = ORIENTED_EDGE ( 'NONE', *, *, #3989, .T. ) ;
#3041 = CARTESIAN_POINT ( 'NONE',  ( 0.9379674688103073477, -0.05000000000000000278, -0.1214499999999994612 ) ) ;
#3042 = ORIENTED_EDGE ( 'NONE', *, *, #4910, .F. ) ;
#3043 = LINE ( 'NONE', #4256, #4275 ) ;
#3044 = ORIENTED_EDGE ( 'NONE', *, *, #3619, .F. ) ;
#3045 = FACE_BOUND ( 'NONE', #5087, .T. ) ;
#3046 =( CONVERSION_BASED_UNIT ( 'INCH', #2595 ) LENGTH_UNIT ( ) NAMED_UNIT ( #4258 ) );
#3047 = DIRECTION ( 'NONE',  ( 1.000000000000000000, 0.0000000000000000000, 0.0000000000000000000 ) ) ;
#3048 = DIRECTION ( 'NONE',  ( 0.3420201433256665480, -0.0000000000000000000, 0.9396926207859092051 ) ) ;
#3049 = ORIENTED_EDGE ( 'NONE', *, *, #477, .T. ) ;
#3050 = LINE ( 'NONE', #516, #2555 ) ;
#3051 = FACE_OUTER_BOUND ( 'NONE', #554, .T. ) ;
#3052 = VERTEX_POINT ( 'NONE', #655 ) ;
#3053 = CARTESIAN_POINT ( 'NONE',  ( 0.2999990000000001267, -0.05000000000000000278, -0.1999999999999999833 ) ) ;
#3054 = EDGE_CURVE ( 'NONE', #1031, #3123, #1821, .T. ) ;
#3055 = EDGE_LOOP ( 'NONE', ( #2781, #3276 ) ) ;
#3056 = DIRECTION ( 'NONE',  ( -0.0000000000000000000, 1.000000000000000000, -0.0000000000000000000 ) ) ;
#3057 = DIRECTION ( 'NONE',  ( -0.0000000000000000000, 1.000000000000000000, -0.0000000000000000000 ) ) ;
#3058 = CONTEXT_DEPENDENT_SHAPE_REPRESENTATION ( #1530, #622 ) ;
#3059 = ADVANCED_FACE ( 'NONE', ( #1480 ), #3099, .F. ) ;
#3060 = LENGTH_MEASURE_WITH_UNIT ( LENGTH_MEASURE( 0.02539999999999999897 ), #2211 );
#3061 = AXIS2_PLACEMENT_3D ( 'NONE', #3574, #5194, #4847 ) ;
#3062 = CARTESIAN_POINT ( 'NONE',  ( 0.2759359376206146353, -0.05000000000000000278, -9.478001694819074349E-34 ) ) ;
#3063 =( NAMED_UNIT ( * ) SI_UNIT ( $, .STERADIAN. ) SOLID_ANGLE_UNIT ( ) );
#3064 = ORIENTED_EDGE ( 'NONE', *, *, #2126, .T. ) ;
#3065 = DIRECTION ( 'NONE',  ( -1.000000000000000000, -0.0000000000000000000, -0.0000000000000000000 ) ) ;
#3066 = ORIENTED_EDGE ( 'NONE', *, *, #42, .F. ) ;
#3067 = DIRECTION ( 'NONE',  ( 0.3420201433256664925, 0.0000000000000000000, 0.9396926207859092051 ) ) ;
#3068 = CIRCLE ( 'NONE', #2390, 0.02855000000000052982 ) ;
#3069 = VECTOR ( 'NONE', #3891, 39.37007874015748143 ) ;
#3070 = ORIENTED_EDGE ( 'NONE', *, *, #1, .T. ) ;
#3071 = ORIENTED_EDGE ( 'NONE', *, *, #492, .T. ) ;
#3072 = CYLINDRICAL_SURFACE ( 'NONE', #2395, 0.02855000000000054022 ) ;
#3073 = DIRECTION ( 'NONE',  ( 0.0000000000000000000, 0.0000000000000000000, 1.000000000000000000 ) ) ;
#3074 = DIRECTION ( 'NONE',  ( -0.0000000000000000000, 1.000000000000000000, -0.0000000000000000000 ) ) ;
#3075 = VECTOR ( 'NONE', #4421, 39.37007874015748143 ) ;
#3076 = ORIENTED_EDGE ( 'NONE', *, *, #1346, .T. ) ;
#3077 = VECTOR ( 'NONE', #4309, 39.37007874015748143 ) ;
#3078 = DIRECTION ( 'NONE',  ( 0.3420201433256633283, 0.0000000000000000000, -0.9396926207859103153 ) ) ;
#3079 = DIRECTION ( 'NONE',  ( -0.3420201433256720991, 0.0000000000000000000, 0.9396926207859070956 ) ) ;
#3080 = ORIENTED_EDGE ( 'NONE', *, *, #4453, .F. ) ;
#3081 = DIRECTION ( 'NONE',  ( 1.000000000000000000, 0.0000000000000000000, -5.421193827719211569E-15 ) ) ;
#3082 = VERTEX_POINT ( 'NONE', #4231 ) ;
#3083 = DIRECTION ( 'NONE',  ( 0.0000000000000000000, 0.0000000000000000000, -1.000000000000000000 ) ) ;
#3084 = VECTOR ( 'NONE', #1095, 39.37007874015748143 ) ;
#3085 = VECTOR ( 'NONE', #2583, 39.37007874015748143 ) ;
#3086 = DIRECTION ( 'NONE',  ( -0.0000000000000000000, 1.000000000000000000, -0.0000000000000000000 ) ) ;
#3087 = VECTOR ( 'NONE', #2915, 39.37007874015748143 ) ;
#3088 = DIRECTION ( 'NONE',  ( 0.3420201433256665480, -0.0000000000000000000, 0.9396926207859092051 ) ) ;
#3089 = EDGE_CURVE ( 'NONE', #1543, #2950, #3017, .T. ) ;
#3090 = VECTOR ( 'NONE', #342, 39.37007874015748854 ) ;
#3091 = EDGE_CURVE ( 'NONE', #4138, #3467, #3831, .T. ) ;
#3092 = DIRECTION ( 'NONE',  ( 5.421193827719211569E-15, 0.0000000000000000000, 1.000000000000000000 ) ) ;
#3093 = CARTESIAN_POINT ( 'NONE',  ( 0.1942664688103074300, -0.05000000000000000278, -0.1842499999999996918 ) ) ;
#3094 = ORIENTED_EDGE ( 'NONE', *, *, #1996, .T. ) ;
#3095 = PLANE ( 'NONE',  #4345 ) ;
#3096 = EDGE_CURVE ( 'NONE', #565, #1717, #3043, .T. ) ;
#3097 = AXIS2_PLACEMENT_3D ( 'NONE', #4570, #2522, #1380 ) ;
#3098 = EDGE_LOOP ( 'NONE', ( #4638, #2656 ) ) ;
#3099 = CYLINDRICAL_SURFACE ( 'NONE', #1656, 0.02855000000000054022 ) ;
#3100 = CIRCLE ( 'NONE', #1645, 0.02855000000000054022 ) ;
#3101 = VECTOR ( 'NONE', #4706, 39.37007874015748143 ) ;
#3102 = ORIENTED_EDGE ( 'NONE', *, *, #2575, .T. ) ;
#3103 = ORIENTED_EDGE ( 'NONE', *, *, #2184, .F. ) ;
#3104 = LINE ( 'NONE', #4699, #2061 ) ;
#3105 = EDGE_CURVE ( 'NONE', #2710, #505, #1399, .T. ) ;
#3106 = CARTESIAN_POINT ( 'NONE',  ( 0.0000000000000000000, -0.05000000000000000278, 0.0000000000000000000 ) ) ;
#3107 = LINE ( 'NONE', #4317, #966 ) ;
#3108 = ORIENTED_EDGE ( 'NONE', *, *, #4949, .F. ) ;
#3109 = LINE ( 'NONE', #1914, #3239 ) ;
#3110 = DIRECTION ( 'NONE',  ( 0.0000000000000000000, 0.0000000000000000000, 1.000000000000000000 ) ) ;
#3111 = ORIENTED_EDGE ( 'NONE', *, *, #1179, .T. ) ;
#3112 = CARTESIAN_POINT ( 'NONE',  ( 0.8379674688103072588, -0.05000000000000000278, -0.02144999999999946602 ) ) ;
#3113 = ORIENTED_EDGE ( 'NONE', *, *, #2630, .T. ) ;
#3114 = LINE ( 'NONE', #4302, #3084 ) ;
#3115 = PRODUCT_DEFINITION_FORMATION_WITH_SPECIFIED_SOURCE ( 'ANY', '', #1226, .NOT_KNOWN. ) ;
#3116 = CARTESIAN_POINT ( 'NONE',  ( 0.08166846881030738470, -0.05000000000000000278, -0.01574999999999998623 ) ) ;
#3117 = CARTESIAN_POINT ( 'NONE',  ( 0.9379674688103073477, 3.673940397442064486E-19, -0.1499999999999999944 ) ) ;
#3118 = CARTESIAN_POINT ( 'NONE',  ( 0.9816674688103075308, -0.05000000000000000278, -0.01574999999999967745 ) ) ;
#3119 = DIRECTION ( 'NONE',  ( -0.9396926207859095381, 0.0000000000000000000, -0.3420201433256654933 ) ) ;
#3120 = ORIENTED_EDGE ( 'NONE', *, *, #4910, .T. ) ;
#3121 = FACE_BOUND ( 'NONE', #4208, .T. ) ;
#3122 = EDGE_CURVE ( 'NONE', #165, #4040, #4639, .T. ) ;
#3123 = VERTEX_POINT ( 'NONE', #629 ) ;
#3124 = PRODUCT_DEFINITION_SHAPE ( 'NONE', 'NONE',  #5250 ) ;
#3125 = CARTESIAN_POINT ( 'NONE',  ( 0.5999990000000001711, 0.0000000000000000000, 0.0000000000000000000 ) ) ;
#3126 = DIRECTION ( 'NONE',  ( 0.0000000000000000000, 0.0000000000000000000, 1.000000000000000000 ) ) ;
#3127 = EDGE_CURVE ( 'NONE', #4133, #4754, #4621, .T. ) ;
#3128 = CARTESIAN_POINT ( 'NONE',  ( 0.6999990000000000379, 0.0000000000000000000, -0.1999999999999999833 ) ) ;
#3129 = EDGE_CURVE ( 'NONE', #3903, #1727, #4021, .T. ) ;
#3130 = ORIENTED_EDGE ( 'NONE', *, *, #633, .F. ) ;
#3131 = CARTESIAN_POINT ( 'NONE',  ( 0.0000000000000000000, 0.0000000000000000000, 0.0000000000000000000 ) ) ;
#3132 = CARTESIAN_POINT ( 'NONE',  ( 0.6816684688103075151, -0.05000000000000000278, -0.1842499999999996085 ) ) ;
#3133 = VERTEX_POINT ( 'NONE', #3943 ) ;
#3134 = LINE ( 'NONE', #4707, #461 ) ;
#3135 = VERTEX_POINT ( 'NONE', #1613 ) ;
#3136 = CARTESIAN_POINT ( 'NONE',  ( 0.2759359376206146353, 0.0000000000000000000, -9.478001694819074349E-34 ) ) ;
#3137 = CARTESIAN_POINT ( 'NONE',  ( 0.0000000000000000000, 0.0000000000000000000, 0.0000000000000000000 ) ) ;
#3138 = CARTESIAN_POINT ( 'NONE',  ( 0.09426646881030741054, 0.0000000000000000000, -0.1842499999999996918 ) ) ;
#3139 = CYLINDRICAL_SURFACE ( 'NONE', #1232, 0.02855000000000052982 ) ;
#3140 = DIRECTION ( 'NONE',  ( -6.998027963638287744E-17, 0.0000000000000000000, -1.000000000000000000 ) ) ;
#3141 = ORIENTED_EDGE ( 'NONE', *, *, #4395, .T. ) ;
#3142 = DIRECTION ( 'NONE',  ( 1.047444401652940007E-14, -1.000000000000000000, 0.0000000000000000000 ) ) ;
#3143 = CARTESIAN_POINT ( 'NONE',  ( 0.0000000000000000000, 3.245314017740554309E-18, -0.02650000000000055783 ) ) ;
#3144 = ORIENTED_EDGE ( 'NONE', *, *, #3351, .T. ) ;
#3145 = FACE_BOUND ( 'NONE', #3098, .T. ) ;
#3146 = ORIENTED_EDGE ( 'NONE', *, *, #2282, .F. ) ;
#3147 = DIRECTION ( 'NONE',  ( 0.0000000000000000000, 0.0000000000000000000, 1.000000000000000000 ) ) ;
#3148 = DIRECTION ( 'NONE',  ( 0.3420201433256666035, 0.0000000000000000000, 0.9396926207859092051 ) ) ;
#3149 = CARTESIAN_POINT ( 'NONE',  ( 0.9879674688103075031, 0.0000000000000000000, -0.1842499999999992755 ) ) ;
#3150 = ADVANCED_BREP_SHAPE_REPRESENTATION ( '', ( #2023, #1156 ), #3438 ) ;
#3151 = VECTOR ( 'NONE', #3868, 39.37007874015748143 ) ;
#3152 = EDGE_CURVE ( 'NONE', #1162, #2065, #2327, .T. ) ;
#3153 = EDGE_CURVE ( 'NONE', #1749, #4380, #313, .T. ) ;
#3154 = ORIENTED_EDGE ( 'NONE', *, *, #4220, .T. ) ;
#3155 = DIRECTION ( 'NONE',  ( -0.0000000000000000000, 1.000000000000000000, -0.0000000000000000000 ) ) ;
#3156 = FACE_OUTER_BOUND ( 'NONE', #4816, .T. ) ;
#3157 = CIRCLE ( 'NONE', #449, 0.02855000000000054022 ) ;
#3158 = ORIENTED_EDGE ( 'NONE', *, *, #215, .T. ) ;
#3159 = EDGE_CURVE ( 'NONE', #872, #602, #1933, .T. ) ;
#3160 = CARTESIAN_POINT ( 'NONE',  ( 0.0000000000000000000, 0.0000000000000000000, 0.0000000000000000000 ) ) ;
#3161 = AXIS2_PLACEMENT_3D ( 'NONE', #3471, #1872, #3147 ) ;
#3162 = DIRECTION ( 'NONE',  ( 0.0000000000000000000, 0.0000000000000000000, 1.000000000000000000 ) ) ;
#3163 = ORIENTED_EDGE ( 'NONE', *, *, #1735, .F. ) ;
#3164 = EDGE_CURVE ( 'NONE', #3880, #1025, #2749, .T. ) ;
#3165 = CIRCLE ( 'NONE', #708, 0.02855000000000054022 ) ;
#3166 = VECTOR ( 'NONE', #1541, 39.37007874015748143 ) ;
#3167 = CIRCLE ( 'NONE', #2320, 0.02855000000000052982 ) ;
#3168 = DIRECTION ( 'NONE',  ( -0.3420201433256694346, -0.0000000000000000000, -0.9396926207859080948 ) ) ;
#3169 = DIRECTION ( 'NONE',  ( -1.266620916943744463E-17, 0.0000000000000000000, 1.000000000000000000 ) ) ;
#3170 = CARTESIAN_POINT ( 'NONE',  ( 0.6184160289261679821, 2.129741810843848171, 2.122227730851123706 ) ) ;
#3171 = LINE ( 'NONE', #2056, #5113 ) ;
#3172 = ORIENTED_EDGE ( 'NONE', *, *, #3482, .T. ) ;
#3173 = FACE_BOUND ( 'NONE', #5046, .T. ) ;
#3174 = VECTOR ( 'NONE', #1124, 39.37007874015748854 ) ;
#3175 = VECTOR ( 'NONE', #4158, 39.37007874015748143 ) ;
#3176 = UNCERTAINTY_MEASURE_WITH_UNIT (LENGTH_MEASURE( 1.000000000000000082E-05 ), #3876, 'distance_accuracy_value', 'NONE');
#3177 = CYLINDRICAL_SURFACE ( 'NONE', #2806, 0.02650000000000055783 ) ;
#3178 = CONICAL_SURFACE ( 'NONE', #2082, 0.01450000000000062350, 1.047197551196412224 ) ;
#3179 = ORIENTED_EDGE ( 'NONE', *, *, #4416, .T. ) ;
#3180 = LINE ( 'NONE', #3555, #1039 ) ;
#3181 = CARTESIAN_POINT ( 'NONE',  ( 0.9759349376206162274, -0.05000000000000000278, -0.1999999999999997058 ) ) ;
#3182 = CARTESIAN_POINT ( 'NONE',  ( 0.03796746881030719362, 3.673940397442064486E-19, -0.1499999999999999944 ) ) ;
#3183 = STYLED_ITEM ( 'NONE', ( #2462 ), #3150 ) ;
#3184 = ORIENTED_EDGE ( 'NONE', *, *, #2663, .F. ) ;
#3185 = LINE ( 'NONE', #2708, #4338 ) ;
#3186 = CARTESIAN_POINT ( 'NONE',  ( 0.5379674688103072144, 3.673940397442064486E-19, -0.02144999999999946602 ) ) ;
#3187 = VERTEX_POINT ( 'NONE', #762 ) ;
#3188 =( REPRESENTATION_RELATIONSHIP ('NONE','NONE', #813, #979 ) REPRESENTATION_RELATIONSHIP_WITH_TRANSFORMATION ( #3723 )SHAPE_REPRESENTATION_RELATIONSHIP( ) );
#3189 = PLANE ( 'NONE',  #2243 ) ;
#3190 = ORIENTED_EDGE ( 'NONE', *, *, #1467, .T. ) ;
#3191 = CARTESIAN_POINT ( 'NONE',  ( 0.9759349376206162274, -0.05000000000000000278, -0.1999999999999997058 ) ) ;
#3192 = ADVANCED_FACE ( 'NONE', ( #3604, #3549, #3204, #5225, #393, #5168, #3121, #4743, #4446, #1534, #4370, #1104, #282, #2721, #3145, #736, #4845, #3173, #3368, #1899, #819 ), #3524, .T. ) ;
#3193 = ADVANCED_FACE ( 'NONE', ( #1130 ), #1589, .T. ) ;
#3194 = DIRECTION ( 'NONE',  ( 0.0000000000000000000, 0.0000000000000000000, 1.000000000000000000 ) ) ;
#3195 = ORIENTED_EDGE ( 'NONE', *, *, #3613, .F. ) ;
#3196 = EDGE_CURVE ( 'NONE', #1133, #2771, #2401, .T. ) ;
#3197 = EDGE_CURVE ( 'NONE', #3439, #4526, #4800, .T. ) ;
#3198 = DIRECTION ( 'NONE',  ( 0.0000000000000000000, 0.0000000000000000000, 1.000000000000000000 ) ) ;
#3199 = DIRECTION ( 'NONE',  ( -1.000000000000000000, -0.0000000000000000000, -0.0000000000000000000 ) ) ;
#3200 = ITEM_DEFINED_TRANSFORMATION ( 'NONE', 'NONE', #1676,  #1156 ) ;
#3201 = CARTESIAN_POINT ( 'NONE',  ( 0.09426646881030741054, -0.05000000000000000278, -0.01574999999999998623 ) ) ;
#3202 = AXIS2_PLACEMENT_3D ( 'NONE', #4018, #2899, #782 ) ;
#3203 = ORIENTED_EDGE ( 'NONE', *, *, #3709, .F. ) ;
#3204 = FACE_BOUND ( 'NONE', #5176, .T. ) ;
#3205 = FACE_OUTER_BOUND ( 'NONE', #3445, .T. ) ;
#3206 = ORIENTED_EDGE ( 'NONE', *, *, #2188, .T. ) ;
#3207 = DIRECTION ( 'NONE',  ( -0.0000000000000000000, 1.000000000000000000, -0.0000000000000000000 ) ) ;
#3208 = CARTESIAN_POINT ( 'NONE',  ( 0.7379674688103072810, 0.0000000000000000000, -0.1499999999999999944 ) ) ;
#3209 = DIRECTION ( 'NONE',  ( -0.0000000000000000000, 1.000000000000000000, -0.0000000000000000000 ) ) ;
#3210 = ORIENTED_EDGE ( 'NONE', *, *, #2404, .F. ) ;
#3211 = FACE_BOUND ( 'NONE', #4625, .T. ) ;
#3212 = CARTESIAN_POINT ( 'NONE',  ( 0.2816684688103074374, -0.05000000000000000278, -0.01574999999999998623 ) ) ;
#3213 = DIRECTION ( 'NONE',  ( -0.0000000000000000000, 1.000000000000000000, -0.0000000000000000000 ) ) ;
#3214 = CARTESIAN_POINT ( 'NONE',  ( 0.6379674688103071922, -0.05000000000000000278, -0.1785500000000005416 ) ) ;
#3215 = PRODUCT_DEFINITION_SHAPE ( 'NONE', 'NONE',  #1698 ) ;
#3216 = ORIENTED_EDGE ( 'NONE', *, *, #987, .F. ) ;
#3217 = ADVANCED_FACE ( 'NONE', ( #3967 ), #4179, .F. ) ;
#3218 = DIRECTION ( 'NONE',  ( -0.0000000000000000000, 1.000000000000000000, -0.0000000000000000000 ) ) ;
#3219 = ORIENTED_EDGE ( 'NONE', *, *, #4612, .T. ) ;
#3220 = DIMENSIONAL_EXPONENTS ( 1.000000000000000000, 0.0000000000000000000, 0.0000000000000000000, 0.0000000000000000000, 0.0000000000000000000, 0.0000000000000000000, 0.0000000000000000000 ) ;
#3221 = EDGE_CURVE ( 'NONE', #4830, #709, #4394, .T. ) ;
#3222 = LINE ( 'NONE', #4043, #723 ) ;
#3223 = CARTESIAN_POINT ( 'NONE',  ( 0.0000000000000000000, 0.0000000000000000000, 0.0000000000000000000 ) ) ;
#3224 = SHAPE_DEFINITION_REPRESENTATION ( #3215, #412 ) ;
#3225 = LINE ( 'NONE', #1587, #620 ) ;
#3226 = VERTEX_POINT ( 'NONE', #2974 ) ;
#3227 = CARTESIAN_POINT ( 'NONE',  ( 0.0000000000000000000, -0.05000000000000000278, 0.0000000000000000000 ) ) ;
#3228 = EDGE_CURVE ( 'NONE', #1689, #2710, #3822, .T. ) ;
#3229 = ORIENTED_EDGE ( 'NONE', *, *, #237, .F. ) ;
#3230 = ORIENTED_EDGE ( 'NONE', *, *, #4688, .T. ) ;
#3231 = LINE ( 'NONE', #2858, #788 ) ;
#3232 = CARTESIAN_POINT ( 'NONE',  ( 0.03500000000000071804, 0.0000000000000000000, 0.0000000000000000000 ) ) ;
#3233 = VERTEX_POINT ( 'NONE', #1807 ) ;
#3234 = FACE_OUTER_BOUND ( 'NONE', #690, .T. ) ;
#3235 = LINE ( 'NONE', #4832, #1240 ) ;
#3236 = CARTESIAN_POINT ( 'NONE',  ( 0.3379674688103072033, 3.673940397442064486E-19, -0.1499999999999999944 ) ) ;
#3237 = CARTESIAN_POINT ( 'NONE',  ( 0.1379674688103071922, -0.05000000000000000278, -0.1499999999999999944 ) ) ;
#3238 = ORIENTED_EDGE ( 'NONE', *, *, #4815, .T. ) ;
#3239 = VECTOR ( 'NONE', #1855, 39.37007874015748143 ) ;
#3240 = LINE ( 'NONE', #1153, #1742 ) ;
#3241 = VERTEX_POINT ( 'NONE', #959 ) ;
#3242 = EDGE_LOOP ( 'NONE', ( #4105, #753, #1037, #5158 ) ) ;
#3243 = VECTOR ( 'NONE', #4827, 39.37007874015748143 ) ;
#3244 = DIRECTION ( 'NONE',  ( -1.000000000000000000, -0.0000000000000000000, -0.0000000000000000000 ) ) ;
#3245 = CARTESIAN_POINT ( 'NONE',  ( 0.06700000000000012890, 0.0000000000000000000, 0.0000000000000000000 ) ) ;
#3246 = VECTOR ( 'NONE', #3628, 39.37007874015748143 ) ;
#3247 = DIRECTION ( 'NONE',  ( -3.491481338843133355E-15, -1.000000000000000000, 0.0000000000000000000 ) ) ;
#3248 = DIRECTION ( 'NONE',  ( -0.0000000000000000000, 1.000000000000000000, -0.0000000000000000000 ) ) ;
#3249 = VERTEX_POINT ( 'NONE', #1781 ) ;
#3250 = CARTESIAN_POINT ( 'NONE',  ( 0.0000000000000000000, -0.05000000000000000278, 0.0000000000000000000 ) ) ;
#3251 = ADVANCED_FACE ( 'NONE', ( #1384 ), #1359, .T. ) ;
#3252 = ADVANCED_FACE ( 'NONE', ( #3399 ), #3033, .F. ) ;
#3253 = VECTOR ( 'NONE', #693, 39.37007874015748143 ) ;
#3254 = CIRCLE ( 'NONE', #544, 0.02855000000000054022 ) ;
#3256 = EDGE_CURVE ( 'NONE', #3552, #1543, #976, .T. ) ;
#3255 = DIRECTION ( 'NONE',  ( 0.3420201433256633283, 0.0000000000000000000, -0.9396926207859103153 ) ) ;
#3257 = ORIENTED_EDGE ( 'NONE', *, *, #2318, .F. ) ;
#3258 = DIRECTION ( 'NONE',  ( 1.000000000000000000, 0.0000000000000000000, -0.0000000000000000000 ) ) ;
#3259 = VECTOR ( 'NONE', #1353, 39.37007874015748854 ) ;
#3260 = DIRECTION ( 'NONE',  ( 1.000000000000000000, 0.0000000000000000000, -0.0000000000000000000 ) ) ;
#3261 = AXIS2_PLACEMENT_3D ( 'NONE', #1576, #4428, #2789 ) ;
#3262 = VECTOR ( 'NONE', #1707, 39.37007874015748143 ) ;
#3263 = AXIS2_PLACEMENT_3D ( 'NONE', #4311, #254, #1368 ) ;
#3265 = EDGE_CURVE ( 'NONE', #1282, #4806, #1760, .T. ) ;
#3264 = EDGE_LOOP ( 'NONE', ( #1687, #1957, #2121, #2176 ) ) ;
#3266 = FACE_BOUND ( 'NONE', #3979, .T. ) ;
#3267 =( NAMED_UNIT ( * ) SI_UNIT ( $, .STERADIAN. ) SOLID_ANGLE_UNIT ( ) );
#3268 = LINE ( 'NONE', #5207, #1814 ) ;
#3269 = DIRECTION ( 'NONE',  ( -1.000000000000000000, -0.0000000000000000000, -0.0000000000000000000 ) ) ;
#3270 = VECTOR ( 'NONE', #2315, 39.37007874015748143 ) ;
#3271 = VECTOR ( 'NONE', #4822, 39.37007874015748143 ) ;
#3272 = ORIENTED_EDGE ( 'NONE', *, *, #4851, .F. ) ;
#3273 = AXIS2_PLACEMENT_3D ( 'NONE', #3587, #4753, #3952 ) ;
#3274 = CARTESIAN_POINT ( 'NONE',  ( 0.7816684688103074929, -0.05000000000000000278, -0.1842499999999996085 ) ) ;
#3275 = ORIENTED_EDGE ( 'NONE', *, *, #1853, .F. ) ;
#3276 = ORIENTED_EDGE ( 'NONE', *, *, #269, .F. ) ;
#3277 = DIRECTION ( 'NONE',  ( -0.3420201433256720991, 0.0000000000000000000, 0.9396926207859070956 ) ) ;
#3278 = DIRECTION ( 'NONE',  ( 0.0000000000000000000, 0.0000000000000000000, 1.000000000000000000 ) ) ;
#3279 = LINE ( 'NONE', #2477, #3246 ) ;
#3280 = ORIENTED_EDGE ( 'NONE', *, *, #3197, .T. ) ;
#3281 = CARTESIAN_POINT ( 'NONE',  ( 0.9759349376206141180, -0.05000000000000000278, 0.0000000000000000000 ) ) ;
#3282 = PRODUCT_DEFINITION_CONTEXT ( 'detailed design', #4372, 'design' ) ;
#3283 = LINE ( 'NONE', #1188, #3400 ) ;
#3284 = VERTEX_POINT ( 'NONE', #5020 ) ;
#3285 = EDGE_CURVE ( 'NONE', #2889, #3529, #3926, .T. ) ;
#3286 = CARTESIAN_POINT ( 'NONE',  ( 0.8816684688103074707, -0.05000000000000000278, -0.01574999999999998623 ) ) ;
#3287 = ORIENTED_EDGE ( 'NONE', *, *, #2191, .F. ) ;
#3288 = LINE ( 'NONE', #4908, #1059 ) ;
#3289 = ORIENTED_EDGE ( 'NONE', *, *, #4814, .F. ) ;
#3290 = EDGE_CURVE ( 'NONE', #424, #1310, #3100, .T. ) ;
#3291 = CARTESIAN_POINT ( 'NONE',  ( -0.01203253118969264089, 0.0000000000000000000, -0.1842499999999996918 ) ) ;
#3292 = DIRECTION ( 'NONE',  ( -1.000000000000000000, -0.0000000000000000000, -0.0000000000000000000 ) ) ;
#3293 = CARTESIAN_POINT ( 'NONE',  ( 0.5759359376206146797, -0.05000000000000000278, -9.478001694819074349E-34 ) ) ;
#3294 = ADVANCED_FACE ( 'NONE', ( #3430 ), #2576, .F. ) ;
#3295 = VERTEX_POINT ( 'NONE', #2186 ) ;
#3296 = DIRECTION ( 'NONE',  ( 0.0000000000000000000, 0.0000000000000000000, 1.000000000000000000 ) ) ;
#3297 = ORIENTED_EDGE ( 'NONE', *, *, #1863, .F. ) ;
#3298 = FACE_OUTER_BOUND ( 'NONE', #3242, .T. ) ;
#3299 = VERTEX_POINT ( 'NONE', #991 ) ;
#3300 = DIRECTION ( 'NONE',  ( -0.0000000000000000000, 1.000000000000000000, -0.0000000000000000000 ) ) ;
#3301 = CARTESIAN_POINT ( 'NONE',  ( 0.07607179676972174176, 0.0000000000000000000, 0.02650000000000055783 ) ) ;
#3302 = DIRECTION ( 'NONE',  ( 0.0000000000000000000, 0.0000000000000000000, 1.000000000000000000 ) ) ;
#3303 = CARTESIAN_POINT ( 'NONE',  ( 0.8379674688103072588, 3.673940397442064486E-19, -0.04999999999999999584 ) ) ;
#3304 = EDGE_LOOP ( 'NONE', ( #2093, #2720, #2288, #4721 ) ) ;
#3305 = DIRECTION ( 'NONE',  ( 0.0000000000000000000, 0.0000000000000000000, 1.000000000000000000 ) ) ;
#3306 = ORIENTED_EDGE ( 'NONE', *, *, #139, .T. ) ;
#3307 = CARTESIAN_POINT ( 'NONE',  ( 0.1942664688103074300, -0.05000000000000000278, -0.01574999999999998623 ) ) ;
#3308 = VERTEX_POINT ( 'NONE', #36 ) ;
#3309 = CARTESIAN_POINT ( 'NONE',  ( 0.9759349376206162274, -0.05000000000000000278, -0.1999999999999997058 ) ) ;
#3310 = ORIENTED_EDGE ( 'NONE', *, *, #1924, .F. ) ;
#3311 = FACE_BOUND ( 'NONE', #5052, .T. ) ;
#3312 = CARTESIAN_POINT ( 'NONE',  ( 0.1379674688103071922, 0.0000000000000000000, -0.04999999999999999584 ) ) ;
#3313 = PLANE ( 'NONE',  #4359 ) ;
#3314 = EDGE_CURVE ( 'NONE', #2266, #2816, #2854, .T. ) ;
#3315 = VECTOR ( 'NONE', #4498, 39.37007874015748854 ) ;
#3316 = EDGE_CURVE ( 'NONE', #2012, #3249, #6, .T. ) ;
#3317 = ORIENTED_EDGE ( 'NONE', *, *, #462, .F. ) ;
#3318 = CARTESIAN_POINT ( 'NONE',  ( 0.4816684688103073930, -0.05000000000000000278, -0.01574999999999998623 ) ) ;
#3319 = EDGE_CURVE ( 'NONE', #5141, #1940, #2336, .T. ) ;
#3320 = ORIENTED_EDGE ( 'NONE', *, *, #1187, .F. ) ;
#3321 = CARTESIAN_POINT ( 'NONE',  ( 0.7816684688103074929, -0.05000000000000000278, -0.01574999999999998623 ) ) ;
#3322 = ORIENTED_EDGE ( 'NONE', *, *, #492, .F. ) ;
#3323 = AXIS2_PLACEMENT_3D ( 'NONE', #425, #2071, #4079 ) ;
#3324 = CARTESIAN_POINT ( 'NONE',  ( 0.2379674688103072255, 0.0000000000000000000, -0.1214499999999994612 ) ) ;
#3325 = FACE_OUTER_BOUND ( 'NONE', #4894, .T. ) ;
#3326 = EDGE_CURVE ( 'NONE', #3739, #3750, #1665, .T. ) ;
#3327 = CARTESIAN_POINT ( 'NONE',  ( 0.2816684688103074374, -0.05000000000000000278, -0.1842499999999996085 ) ) ;
#3328 = EDGE_LOOP ( 'NONE', ( #777, #2880, #3966, #3755, #334, #1655, #1577, #4025, #4295, #2250, #4978, #2377, #895, #882, #3474, #3487, #692, #2363, #3229, #652, #4613, #3120, #244, #4407, #1306, #1141, #321, #4563, #990, #2521, #4382, #186, #821, #1496, #4251, #4652, #3789, #2484, #18, #849, #58, #4193, #4935, #136, #4004, #1340, #4020, #3184, #4765, #3317, #216, #4255, #134, #2603, #1906, #1185, #3769, #71, #3411, #3306, #64, #538, #1049, #3030, #4982, #677, #2159, #719, #1575, #3158, #3025, #1284, #4142, #1757, #116, #55, #3346, #3362, #1427, #3576, #2365, #69, #5014, #4424 ) ) ;
#3329 = VECTOR ( 'NONE', #2679, 39.37007874015748143 ) ;
#3330 = VECTOR ( 'NONE', #1206, 39.37007874015748143 ) ;
#3331 = LINE ( 'NONE', #968, #94 ) ;
#3332 = EDGE_LOOP ( 'NONE', ( #258, #3993, #1529, #10 ) ) ;
#3333 = ORIENTED_EDGE ( 'NONE', *, *, #3932, .T. ) ;
#3334 = LINE ( 'NONE', #4502, #2164 ) ;
#3335 = VECTOR ( 'NONE', #4246, 39.37007874015748143 ) ;
#3336 = EDGE_LOOP ( 'NONE', ( #1771, #4878, #2438, #2472 ) ) ;
#3337 = CIRCLE ( 'NONE', #2577, 0.02855000000000052982 ) ;
#3338 = VECTOR ( 'NONE', #4235, 39.37007874015748143 ) ;
#3339 = CARTESIAN_POINT ( 'NONE',  ( 0.7816684688103074929, -0.05000000000000000278, -0.01574999999999998623 ) ) ;
#3340 =( NAMED_UNIT ( * ) SI_UNIT ( $, .STERADIAN. ) SOLID_ANGLE_UNIT ( ) );
#3341 = LINE ( 'NONE', #1300, #2751 ) ;
#3342 = CARTESIAN_POINT ( 'NONE',  ( 0.3816684688103073597, 0.0000000000000000000, -0.01574999999999998623 ) ) ;
#3343 = VECTOR ( 'NONE', #124, 39.37007874015748143 ) ;
#3344 = VERTEX_POINT ( 'NONE', #441 ) ;
#3345 = CARTESIAN_POINT ( 'NONE',  ( 0.7942664688103074910, 0.0000000000000000000, -0.1842499999999996918 ) ) ;
#3346 = ORIENTED_EDGE ( 'NONE', *, *, #2927, .F. ) ;
#3347 = CONICAL_SURFACE ( 'NONE', #2843, 0.007500000000000002325, 0.7853981633974936871 ) ;
#3348 = EDGE_CURVE ( 'NONE', #2997, #4040, #187, .T. ) ;
#3349 = CIRCLE ( 'NONE', #4026, 0.02855000000000054022 ) ;
#3350 = DIRECTION ( 'NONE',  ( -1.000000000000000000, 0.0000000000000000000, 6.998027963638287744E-17 ) ) ;
#3351 = EDGE_CURVE ( 'NONE', #1703, #589, #812, .T. ) ;
#3352 = EDGE_LOOP ( 'NONE', ( #4678, #5228, #1507, #3076 ) ) ;
#3353 = AXIS2_PLACEMENT_3D ( 'NONE', #1435, #4782, #4856 ) ;
#3354 = CARTESIAN_POINT ( 'NONE',  ( 0.0000000000000000000, 0.0000000000000000000, 0.0000000000000000000 ) ) ;
#3355 = ITEM_DEFINED_TRANSFORMATION ( 'NONE', 'NONE', #406,  #1156 ) ;
#3356 = ADVANCED_FACE ( 'NONE', ( #2454 ), #3676, .T. ) ;
#3357 = LINE ( 'NONE', #3138, #2240 ) ;
#3358 = EDGE_LOOP ( 'NONE', ( #4784, #2958, #2373, #4907 ) ) ;
#3359 = LINE ( 'NONE', #4981, #174 ) ;
#3360 = EDGE_LOOP ( 'NONE', ( #632, #2946, #2109, #2868 ) ) ;
#3361 = DIRECTION ( 'NONE',  ( -1.000000000000000000, -0.0000000000000000000, -0.0000000000000000000 ) ) ;
#3362 = ORIENTED_EDGE ( 'NONE', *, *, #3832, .T. ) ;
#3363 = DIRECTION ( 'NONE',  ( -1.000000000000000000, 0.0000000000000000000, 6.998027963638287744E-17 ) ) ;
#3364 = AXIS2_PLACEMENT_3D ( 'NONE', #2371, #4871, #4523 ) ;
#3365 = ORIENTED_EDGE ( 'NONE', *, *, #2347, .T. ) ;
#3366 = DIRECTION ( 'NONE',  ( -1.000000000000000000, -0.0000000000000000000, -0.0000000000000000000 ) ) ;
#3367 = DIRECTION ( 'NONE',  ( 0.3420201433256633283, 0.0000000000000000000, -0.9396926207859103153 ) ) ;
#3368 = FACE_BOUND ( 'NONE', #5224, .T. ) ;
#3369 = DIRECTION ( 'NONE',  ( -1.000000000000000000, -0.0000000000000000000, -0.0000000000000000000 ) ) ;
#3370 = ORIENTED_EDGE ( 'NONE', *, *, #2964, .T. ) ;
#3371 = DIRECTION ( 'NONE',  ( 0.9396926207859104263, 0.0000000000000000000, 0.3420201433256633838 ) ) ;
#3372 = ORIENTED_EDGE ( 'NONE', *, *, #1011, .T. ) ;
#3373 = DIRECTION ( 'NONE',  ( 0.0000000000000000000, 0.0000000000000000000, 1.000000000000000000 ) ) ;
#3374 = VERTEX_POINT ( 'NONE', #4099 ) ;
#3375 = CARTESIAN_POINT ( 'NONE',  ( 0.3816684688103074707, 0.0000000000000000000, -0.1842499999999996085 ) ) ;
#3376 = EDGE_CURVE ( 'NONE', #3871, #3809, #4713, .T. ) ;
#3377 = LINE ( 'NONE', #597, #384 ) ;
#3378 = LINE ( 'NONE', #1686, #2317 ) ;
#3379 = ORIENTED_EDGE ( 'NONE', *, *, #1051, .F. ) ;
#3380 = EDGE_CURVE ( 'NONE', #3374, #3945, #4351, .T. ) ;
#3381 = ADVANCED_FACE ( 'NONE', ( #1439 ), #5129, .F. ) ;
#3382 = DIRECTION ( 'NONE',  ( 1.000000000000000000, 0.0000000000000000000, -5.421193827719211569E-15 ) ) ;
#3383 = EDGE_LOOP ( 'NONE', ( #3230, #2026, #3591, #3108 ) ) ;
#3384 = CARTESIAN_POINT ( 'NONE',  ( 0.7942664688103074910, 0.0000000000000000000, -0.1842499999999996918 ) ) ;
#3385 = EDGE_CURVE ( 'NONE', #2546, #1819, #1500, .T. ) ;
#3386 = VERTEX_POINT ( 'NONE', #2267 ) ;
#3387 = DIRECTION ( 'NONE',  ( -0.3420201433256694346, -0.0000000000000000000, -0.9396926207859080948 ) ) ;
#3388 = ORIENTED_EDGE ( 'NONE', *, *, #4132, .T. ) ;
#3389 = LINE ( 'NONE', #1373, #4777 ) ;
#3390 = CARTESIAN_POINT ( 'NONE',  ( 1.018416028926167893, 2.129741810843848171, 2.122227730851123706 ) ) ;
#3391 = EDGE_CURVE ( 'NONE', #2676, #1749, #3114, .T. ) ;
#3392 = CARTESIAN_POINT ( 'NONE',  ( 2.239553201765118668E-16, 0.0000000000000000000, -0.1999999999999996503 ) ) ;
#3393 = LINE ( 'NONE', #2945, #3259 ) ;
#3394 = EDGE_LOOP ( 'NONE', ( #2460, #4473, #880, #1664 ) ) ;
#3395 = CARTESIAN_POINT ( 'NONE',  ( 0.8759359376206147241, -0.05000000000000000278, -0.1999999999999999833 ) ) ;
#3396 = ORIENTED_EDGE ( 'NONE', *, *, #1886, .F. ) ;
#3397 = DIRECTION ( 'NONE',  ( 0.0000000000000000000, 0.0000000000000000000, 1.000000000000000000 ) ) ;
#3398 = ORIENTED_EDGE ( 'NONE', *, *, #571, .T. ) ;
#3399 = FACE_OUTER_BOUND ( 'NONE', #750, .T. ) ;
#3400 = VECTOR ( 'NONE', #3255, 39.37007874015748854 ) ;
#3401 = FACE_OUTER_BOUND ( 'NONE', #3360, .T. ) ;
#3402 = CONTEXT_DEPENDENT_SHAPE_REPRESENTATION ( #481, #2407 ) ;
#3403 = DIRECTION ( 'NONE',  ( -0.0000000000000000000, 1.000000000000000000, -0.0000000000000000000 ) ) ;
#3404 = ORIENTED_EDGE ( 'NONE', *, *, #2376, .F. ) ;
#3405 = AXIS2_PLACEMENT_3D ( 'NONE', #497, #4605, #1766 ) ;
#3406 = DIRECTION ( 'NONE',  ( -0.0000000000000000000, 1.000000000000000000, -0.0000000000000000000 ) ) ;
#3407 = ORIENTED_EDGE ( 'NONE', *, *, #4630, .T. ) ;
#3408 = VECTOR ( 'NONE', #4807, 39.37007874015748143 ) ;
#3409 = DIRECTION ( 'NONE',  ( 1.000000000000000000, 0.0000000000000000000, 0.0000000000000000000 ) ) ;
#3410 = EDGE_CURVE ( 'NONE', #4501, #4063, #3539, .T. ) ;
#3411 = ORIENTED_EDGE ( 'NONE', *, *, #202, .T. ) ;
#3412 = EDGE_CURVE ( 'NONE', #912, #3729, #2290, .T. ) ;
#3413 = CIRCLE ( 'NONE', #4006, 0.02855000000000054022 ) ;
#3414 = ADVANCED_FACE ( 'NONE', ( #2736 ), #4273, .T. ) ;
#3415 = ORIENTED_EDGE ( 'NONE', *, *, #1962, .T. ) ;
#3416 = CARTESIAN_POINT ( 'NONE',  ( 0.8816684688103074707, 0.0000000000000000000, -0.01574999999999998623 ) ) ;
#3417 = DIRECTION ( 'NONE',  ( 0.0000000000000000000, 0.0000000000000000000, 1.000000000000000000 ) ) ;
#3418 = DIRECTION ( 'NONE',  ( -0.3420201433256654933, 0.0000000000000000000, 0.9396926207859095381 ) ) ;
#3419 = CIRCLE ( 'NONE', #2488, 0.02855000000000052982 ) ;
#3420 = CARTESIAN_POINT ( 'NONE',  ( 0.9879674688103075031, -0.05000000000000000278, -0.1842499999999992755 ) ) ;
#3421 = EDGE_CURVE ( 'NONE', #3741, #4088, #3757, .T. ) ;
#3422 = VECTOR ( 'NONE', #2359, 39.37007874015748143 ) ;
#3423 = VECTOR ( 'NONE', #3088, 39.37007874015748143 ) ;
#3424 = ORIENTED_EDGE ( 'NONE', *, *, #3932, .F. ) ;
#3425 = DIRECTION ( 'NONE',  ( 0.0000000000000000000, 0.0000000000000000000, 1.000000000000000000 ) ) ;
#3426 = CYLINDRICAL_SURFACE ( 'NONE', #1497, 0.02855000000000054022 ) ;
#3427 = EDGE_LOOP ( 'NONE', ( #1297, #1192, #551, #4917 ) ) ;
#3428 = CARTESIAN_POINT ( 'NONE',  ( 0.2379674688103072255, 3.673940397442064486E-19, -0.1499999999999999944 ) ) ;
#3429 = ORIENTED_EDGE ( 'NONE', *, *, #947, .T. ) ;
#3430 = FACE_OUTER_BOUND ( 'NONE', #2859, .T. ) ;
#3431 = VECTOR ( 'NONE', #3277, 39.37007874015748854 ) ;
#3432 = CIRCLE ( 'NONE', #4955, 0.02855000000000054022 ) ;
#3433 = VECTOR ( 'NONE', #1315, 39.37007874015748143 ) ;
#3434 = VECTOR ( 'NONE', #3630, 39.37007874015748143 ) ;
#3435 = DIRECTION ( 'NONE',  ( 1.000000000000000000, 0.0000000000000000000, 0.0000000000000000000 ) ) ;
#3436 = CONTEXT_DEPENDENT_SHAPE_REPRESENTATION ( #4646, #3925 ) ;
#3437 = VECTOR ( 'NONE', #3928, 39.37007874015748143 ) ;
#3438 =( GEOMETRIC_REPRESENTATION_CONTEXT ( 3 ) GLOBAL_UNCERTAINTY_ASSIGNED_CONTEXT ( ( #4666 ) ) GLOBAL_UNIT_ASSIGNED_CONTEXT ( ( #4184, #484, #3735 ) ) REPRESENTATION_CONTEXT ( 'NONE', 'WORKASPACE' ) );
#3439 = VERTEX_POINT ( 'NONE', #268 ) ;
#3440 = LINE ( 'NONE', #1478, #5199 ) ;
#3441 = ORIENTED_EDGE ( 'NONE', *, *, #4485, .F. ) ;
#3442 = CARTESIAN_POINT ( 'NONE',  ( 0.9379674688103073477, 0.0000000000000000000, -0.1214499999999994612 ) ) ;
#3443 = EDGE_CURVE ( 'NONE', #5111, #3082, #1883, .T. ) ;
#3444 = VERTEX_POINT ( 'NONE', #3874 ) ;
#3445 = EDGE_LOOP ( 'NONE', ( #4282, #869, #2509, #181 ) ) ;
#3446 = CYLINDRICAL_SURFACE ( 'NONE', #1211, 0.02855000000000054022 ) ;
#3447 = DIRECTION ( 'NONE',  ( 1.047444401652940007E-14, -1.000000000000000000, 0.0000000000000000000 ) ) ;
#3448 = LINE ( 'NONE', #1028, #715 ) ;
#3449 = CARTESIAN_POINT ( 'NONE',  ( 0.0000000000000000000, 0.0000000000000000000, 0.03599999999999819317 ) ) ;
#3450 = ADVANCED_FACE ( 'NONE', ( #2310 ), #299, .F. ) ;
#3451 = ORIENTED_EDGE ( 'NONE', *, *, #2510, .T. ) ;
#3452 = CARTESIAN_POINT ( 'NONE',  ( 0.08166846881030738470, 0.0000000000000000000, -0.01574999999999998623 ) ) ;
#3453 = DIRECTION ( 'NONE',  ( -0.0000000000000000000, 1.000000000000000000, -0.0000000000000000000 ) ) ;
#3454 = ORIENTED_EDGE ( 'NONE', *, *, #1706, .F. ) ;
#3455 = ORIENTED_EDGE ( 'NONE', *, *, #4851, .T. ) ;
#3456 = CYLINDRICAL_SURFACE ( 'NONE', #1652, 0.02855000000000052982 ) ;
#3457 = ORIENTED_EDGE ( 'NONE', *, *, #1342, .T. ) ;
#3458 = EDGE_CURVE ( 'NONE', #2449, #3018, #617, .T. ) ;
#3459 = LINE ( 'NONE', #4757, #4881 ) ;
#3460 = APPLICATION_CONTEXT ( 'automotive_design' ) ;
#3461 = PLANE ( 'NONE',  #4626 ) ;
#3462 = SURFACE_STYLE_USAGE ( .BOTH. , #4658 ) ;
#3463 = DIRECTION ( 'NONE',  ( -1.000000000000000000, -0.0000000000000000000, -0.0000000000000000000 ) ) ;
#3464 = SURFACE_STYLE_USAGE ( .BOTH. , #3937 ) ;
#3465 = EDGE_LOOP ( 'NONE', ( #285, #4664, #2936, #57 ) ) ;
#3466 = CARTESIAN_POINT ( 'NONE',  ( -0.01203253118969264089, -0.05000000000000000278, -0.1842499999999996918 ) ) ;
#3467 = VERTEX_POINT ( 'NONE', #3136 ) ;
#3468 = DIRECTION ( 'NONE',  ( -1.000000000000000000, -0.0000000000000000000, -0.0000000000000000000 ) ) ;
#3469 = ORIENTED_EDGE ( 'NONE', *, *, #101, .F. ) ;
#3470 = ORIENTED_EDGE ( 'NONE', *, *, #1996, .F. ) ;
#3471 = CARTESIAN_POINT ( 'NONE',  ( 0.3379674688103072033, 0.0000000000000000000, -0.1499999999999999944 ) ) ;
#3472 = LINE ( 'NONE', #3838, #2578 ) ;
#3473 = DIRECTION ( 'NONE',  ( -0.0000000000000000000, 1.000000000000000000, -0.0000000000000000000 ) ) ;
#3474 = ORIENTED_EDGE ( 'NONE', *, *, #1733, .F. ) ;
#3475 = DIRECTION ( 'NONE',  ( 0.0000000000000000000, 0.0000000000000000000, 1.000000000000000000 ) ) ;
#3476 = CARTESIAN_POINT ( 'NONE',  ( 0.9816674688103075308, -0.05000000000000000278, -0.1842499999999992755 ) ) ;
#3477 = ORIENTED_EDGE ( 'NONE', *, *, #2122, .T. ) ;
#3478 = CARTESIAN_POINT ( 'NONE',  ( 0.6379674688103071922, -0.05000000000000000278, -0.07855000000000052218 ) ) ;
#3479 = EDGE_LOOP ( 'NONE', ( #3044, #1479, #4602, #4154 ) ) ;
#3480 = PLANE ( 'NONE',  #287 ) ;
#3481 = EDGE_CURVE ( 'NONE', #4629, #2678, #3459, .T. ) ;
#3482 = EDGE_CURVE ( 'NONE', #4740, #616, #127, .T. ) ;
#3483 = EDGE_CURVE ( 'NONE', #5111, #4289, #3773, .T. ) ;
#3484 = CARTESIAN_POINT ( 'NONE',  ( 0.5942664688103074244, 0.0000000000000000000, -0.01574999999999998623 ) ) ;
#3485 = EDGE_CURVE ( 'NONE', #912, #2391, #246, .T. ) ;
#3486 = FACE_OUTER_BOUND ( 'NONE', #5181, .T. ) ;
#3487 = ORIENTED_EDGE ( 'NONE', *, *, #3731, .T. ) ;
#3488 = LINE ( 'NONE', #1843, #2651 ) ;
#3489 = ORIENTED_EDGE ( 'NONE', *, *, #5068, .T. ) ;
#3490 = CARTESIAN_POINT ( 'NONE',  ( 0.03796746881030720056, -0.05000000000000000278, -0.1785500000000005416 ) ) ;
#3491 = VECTOR ( 'NONE', #3569, 39.37007874015748143 ) ;
#3492 = PRODUCT_DEFINITION_CONTEXT ( 'detailed design', #1829, 'design' ) ;
#3493 = VECTOR ( 'NONE', #3026, 39.37007874015748143 ) ;
#3494 = ORIENTED_EDGE ( 'NONE', *, *, #2928, .F. ) ;
#3495 = ORIENTED_EDGE ( 'NONE', *, *, #853, .T. ) ;
#3496 = CYLINDRICAL_SURFACE ( 'NONE', #4252, 0.02855000000000052982 ) ;
#3497 = CARTESIAN_POINT ( 'NONE',  ( 0.6379674688103071922, 0.0000000000000000000, -0.04999999999999999584 ) ) ;
#3498 = CARTESIAN_POINT ( 'NONE',  ( 0.08166846881030738470, -0.05000000000000000278, -0.01574999999999998623 ) ) ;
#3499 = VECTOR ( 'NONE', #5005, 39.37007874015748143 ) ;
#3500 = ORIENTED_EDGE ( 'NONE', *, *, #2630, .F. ) ;
#3501 = VECTOR ( 'NONE', #705, 39.37007874015748854 ) ;
#3502 = DIRECTION ( 'NONE',  ( 0.0000000000000000000, 0.0000000000000000000, 1.000000000000000000 ) ) ;
#3503 = DIRECTION ( 'NONE',  ( -0.0000000000000000000, 1.000000000000000000, -0.0000000000000000000 ) ) ;
#3504 = EDGE_LOOP ( 'NONE', ( #1106, #5 ) ) ;
#3505 = FACE_OUTER_BOUND ( 'NONE', #407, .T. ) ;
#3506 = ORIENTED_EDGE ( 'NONE', *, *, #2249, .T. ) ;
#3507 = DIRECTION ( 'NONE',  ( -1.000000000000000000, -0.0000000000000000000, -0.0000000000000000000 ) ) ;
#3508 = PRODUCT_DEFINITION_SHAPE ( 'NONE', 'NONE',  #5246 ) ;
#3509 = AXIS2_PLACEMENT_3D ( 'NONE', #3237, #3618, #1169 ) ;
#3510 = AXIS2_PLACEMENT_3D ( 'NONE', #160, #537, #3373 ) ;
#3511 = ADVANCED_FACE ( 'NONE', ( #1860 ), #3480, .T. ) ;
#3512 = CARTESIAN_POINT ( 'NONE',  ( 0.1649999999999989253, 0.0000000000000000000, 0.0000000000000000000 ) ) ;
#3513 = VECTOR ( 'NONE', #2705, 39.37007874015748143 ) ;
#3514 = DIRECTION ( 'NONE',  ( -0.0000000000000000000, 1.000000000000000000, -0.0000000000000000000 ) ) ;
#3515 = VECTOR ( 'NONE', #2773, 39.37007874015748143 ) ;
#3516 = AXIS2_PLACEMENT_3D ( 'NONE', #902, #2908, #923 ) ;
#3517 = EDGE_CURVE ( 'NONE', #2514, #1948, #1999, .T. ) ;
#3518 = CARTESIAN_POINT ( 'NONE',  ( 0.3759359376206146686, -0.05000000000000000278, -9.478001694819074349E-34 ) ) ;
#3519 = CARTESIAN_POINT ( 'NONE',  ( 0.9759349376206162274, -0.05000000000000000278, -0.1999999999999997058 ) ) ;
#3520 = EDGE_LOOP ( 'NONE', ( #2088, #2107, #739, #4432 ) ) ;
#3521 = DIRECTION ( 'NONE',  ( 1.000000000000000000, 0.0000000000000000000, -5.421193827719211569E-15 ) ) ;
#3522 = AXIS2_PLACEMENT_3D ( 'NONE', #2890, #4593, #4191 ) ;
#3523 = ORIENTED_EDGE ( 'NONE', *, *, #2191, .T. ) ;
#3524 = PLANE ( 'NONE',  #1743 ) ;
#3525 = VECTOR ( 'NONE', #2009, 39.37007874015748143 ) ;
#3526 = EDGE_CURVE ( 'NONE', #4565, #4314, #1472, .T. ) ;
#3527 = VECTOR ( 'NONE', #4427, 39.37007874015748143 ) ;
#3528 = ORIENTED_EDGE ( 'NONE', *, *, #5175, .T. ) ;
#3529 = VERTEX_POINT ( 'NONE', #4483 ) ;
#3530 = FACE_OUTER_BOUND ( 'NONE', #1335, .T. ) ;
#3531 = CARTESIAN_POINT ( 'NONE',  ( 0.1379674688103071922, 3.673940397442064486E-19, -0.1499999999999999944 ) ) ;
#3532 = DIRECTION ( 'NONE',  ( 0.0000000000000000000, 0.0000000000000000000, 1.000000000000000000 ) ) ;
#3533 = EDGE_LOOP ( 'NONE', ( #1619, #2848 ) ) ;
#3534 = DIRECTION ( 'NONE',  ( -0.0000000000000000000, 1.000000000000000000, -0.0000000000000000000 ) ) ;
#3535 = DIRECTION ( 'NONE',  ( 0.9396926207859104263, 0.0000000000000000000, 0.3420201433256633838 ) ) ;
#3536 = ORIENTED_EDGE ( 'NONE', *, *, #4591, .F. ) ;
#3537 = CARTESIAN_POINT ( 'NONE',  ( 0.03500000000000071804, 0.0000000000000000000, 0.0000000000000000000 ) ) ;
#3538 = ORIENTED_EDGE ( 'NONE', *, *, #4201, .T. ) ;
#3539 = LINE ( 'NONE', #2713, #797 ) ;
#3540 = AXIS2_PLACEMENT_3D ( 'NONE', #62, #3302, #1631 ) ;
#3541 = DIRECTION ( 'NONE',  ( -0.0000000000000000000, 1.000000000000000000, -0.0000000000000000000 ) ) ;
#3542 = FILL_AREA_STYLE ('',( #5135 ) ) ;
#3543 = CARTESIAN_POINT ( 'NONE',  ( 0.3379674688103072033, -0.05000000000000000278, -0.02144999999999946602 ) ) ;
#3544 = FACE_OUTER_BOUND ( 'NONE', #2455, .T. ) ;
#3545 = EDGE_LOOP ( 'NONE', ( #1295, #4987, #2785, #2264 ) ) ;
#3546 = SURFACE_STYLE_USAGE ( .BOTH. , #4541 ) ;
#3547 = FACE_OUTER_BOUND ( 'NONE', #1831, .T. ) ;
#3548 = ORIENTED_EDGE ( 'NONE', *, *, #3316, .F. ) ;
#3549 = FACE_BOUND ( 'NONE', #2048, .T. ) ;
#3550 = EDGE_CURVE ( 'NONE', #3942, #4799, #4057, .T. ) ;
#3551 = ADVANCED_FACE ( 'NONE', ( #3592 ), #1147, .T. ) ;
#3552 = VERTEX_POINT ( 'NONE', #4430 ) ;
#3553 = ORIENTED_EDGE ( 'NONE', *, *, #1079, .T. ) ;
#3554 = PRODUCT_DEFINITION_SHAPE ( 'NONE', 'NONE',  #5247 ) ;
#3555 = CARTESIAN_POINT ( 'NONE',  ( 0.8816684688103074707, 0.0000000000000000000, -0.1842499999999996085 ) ) ;
#3556 = FACE_OUTER_BOUND ( 'NONE', #1701, .T. ) ;
#3557 = CARTESIAN_POINT ( 'NONE',  ( 0.2816684688103074374, 0.0000000000000000000, -0.1842499999999996085 ) ) ;
#3559 = ADVANCED_FACE ( 'NONE', ( #4893 ), #2464, .F. ) ;
#3558 = ORIENTED_EDGE ( 'NONE', *, *, #405, .F. ) ;
#3560 = DIRECTION ( 'NONE',  ( -1.000000000000000000, 0.0000000000000000000, 6.998027963638287744E-17 ) ) ;
#3561 = DIRECTION ( 'NONE',  ( -1.000000000000000000, 0.0000000000000000000, -0.0000000000000000000 ) ) ;
#3562 = VERTEX_POINT ( 'NONE', #3214 ) ;
#3563 = CARTESIAN_POINT ( 'NONE',  ( 0.4379674688103072366, -0.05000000000000000278, -0.1214499999999994612 ) ) ;
#3564 = VERTEX_POINT ( 'NONE', #4007 ) ;
#3565 = CARTESIAN_POINT ( 'NONE',  ( 0.8999990000000001045, -0.05000000000000000278, 0.0000000000000000000 ) ) ;
#3566 = DIRECTION ( 'NONE',  ( -1.000000000000000000, -0.0000000000000000000, -0.0000000000000000000 ) ) ;
#3567 = VERTEX_POINT ( 'NONE', #2366 ) ;
#3568 = FACE_OUTER_BOUND ( 'NONE', #512, .T. ) ;
#3569 = DIRECTION ( 'NONE',  ( -1.000000000000000000, -0.0000000000000000000, -0.0000000000000000000 ) ) ;
#3570 = CARTESIAN_POINT ( 'NONE',  ( 0.8184160289261680488, 2.129741810843848171, 2.122227730851123706 ) ) ;
#3571 = DIRECTION ( 'NONE',  ( 0.0000000000000000000, 0.0000000000000000000, 1.000000000000000000 ) ) ;
#3572 = ORIENTED_EDGE ( 'NONE', *, *, #3989, .F. ) ;
#3573 = DIRECTION ( 'NONE',  ( -1.000000000000000000, 0.0000000000000000000, 6.998027963638287744E-17 ) ) ;
#3574 = CARTESIAN_POINT ( 'NONE',  ( 0.1379674688103071922, 0.0000000000000000000, -0.1499999999999999944 ) ) ;
#3575 = EDGE_CURVE ( 'NONE', #600, #3782, #3349, .T. ) ;
#3576 = ORIENTED_EDGE ( 'NONE', *, *, #3922, .T. ) ;
#3577 = VECTOR ( 'NONE', #3169, 39.37007874015748143 ) ;
#3578 = EDGE_CURVE ( 'NONE', #602, #3969, #4462, .T. ) ;
#3579 = FACE_OUTER_BOUND ( 'NONE', #4393, .T. ) ;
#3580 = PLANE ( 'NONE',  #809 ) ;
#3581 = CARTESIAN_POINT ( 'NONE',  ( 0.0000000000000000000, 0.0000000000000000000, 0.0000000000000000000 ) ) ;
#3582 = EDGE_CURVE ( 'NONE', #4884, #2277, #4383, .T. ) ;
#3583 = AXIS2_PLACEMENT_3D ( 'NONE', #2527, #1316, #1410 ) ;
#3584 = EDGE_LOOP ( 'NONE', ( #5195, #3370, #3697, #2379 ) ) ;
#3585 = EDGE_CURVE ( 'NONE', #1304, #2012, #21, .T. ) ;
#3586 = CARTESIAN_POINT ( 'NONE',  ( 0.2816684688103074374, 0.0000000000000000000, -0.01574999999999998623 ) ) ;
#3587 = CARTESIAN_POINT ( 'NONE',  ( 0.7942664688103074910, -0.05000000000000000278, -0.01574999999999998623 ) ) ;
#3588 = EDGE_LOOP ( 'NONE', ( #4623, #605, #1398, #3094 ) ) ;
#3589 = LINE ( 'NONE', #4783, #2918 ) ;
#3590 = VECTOR ( 'NONE', #4803, 39.37007874015748143 ) ;
#3591 = ORIENTED_EDGE ( 'NONE', *, *, #1377, .F. ) ;
#3592 = FACE_OUTER_BOUND ( 'NONE', #4344, .T. ) ;
#3593 = ADVANCED_FACE ( 'NONE', ( #2419 ), #1997, .F. ) ;
#3594 = AXIS2_PLACEMENT_3D ( 'NONE', #4901, #2452, #3571 ) ;
#3595 = DIRECTION ( 'NONE',  ( -1.000000000000000000, -0.0000000000000000000, -0.0000000000000000000 ) ) ;
#3596 = ORIENTED_EDGE ( 'NONE', *, *, #3960, .T. ) ;
#3597 = CIRCLE ( 'NONE', #1303, 0.02900000000000220804 ) ;
#3598 = VECTOR ( 'NONE', #2767, 39.37007874015748143 ) ;
#3599 = VECTOR ( 'NONE', #3047, 39.37007874015748143 ) ;
#3600 = DIRECTION ( 'NONE',  ( -0.0000000000000000000, 1.000000000000000000, -0.0000000000000000000 ) ) ;
#3601 = CARTESIAN_POINT ( 'NONE',  ( 0.03796746881030719362, -0.05000000000000000278, -0.04999999999999999584 ) ) ;
#3602 = DIRECTION ( 'NONE',  ( -0.0000000000000000000, 1.000000000000000000, -0.0000000000000000000 ) ) ;
#3603 = VERTEX_POINT ( 'NONE', #1623 ) ;
#3604 = FACE_OUTER_BOUND ( 'NONE', #1165, .T. ) ;
#3605 = AXIS2_PLACEMENT_3D ( 'NONE', #5060, #5007, #2219 ) ;
#3606 = CARTESIAN_POINT ( 'NONE',  ( 0.2999990000000001267, -0.05000000000000000278, -0.1999999999999999833 ) ) ;
#3607 = VERTEX_POINT ( 'NONE', #3980 ) ;
#3608 = VECTOR ( 'NONE', #1718, 39.37007874015748143 ) ;
#3609 = LINE ( 'NONE', #4051, #3833 ) ;
#3610 = PLANE ( 'NONE',  #2080 ) ;
#3611 = DIRECTION ( 'NONE',  ( 0.0000000000000000000, 0.0000000000000000000, 1.000000000000000000 ) ) ;
#3612 = CIRCLE ( 'NONE', #2087, 0.02855000000000052982 ) ;
#3613 = EDGE_CURVE ( 'NONE', #644, #4041, #1600, .T. ) ;
#3614 = ORIENTED_EDGE ( 'NONE', *, *, #2052, .T. ) ;
#3615 = CARTESIAN_POINT ( 'NONE',  ( 0.2816684688103074374, -0.05000000000000000278, -0.1842499999999996085 ) ) ;
#3616 = CARTESIAN_POINT ( 'NONE',  ( 0.1942664688103074300, 0.0000000000000000000, -0.1842499999999996918 ) ) ;
#3617 = CARTESIAN_POINT ( 'NONE',  ( 2.239553201765118668E-16, -0.05000000000000000278, -0.1999999999999996503 ) ) ;
#3618 = DIRECTION ( 'NONE',  ( -0.0000000000000000000, 1.000000000000000000, -0.0000000000000000000 ) ) ;
#3619 = EDGE_CURVE ( 'NONE', #3133, #2516, #4082, .T. ) ;
#3620 = EDGE_CURVE ( 'NONE', #3123, #1031, #1392, .T. ) ;
#3621 = ORIENTED_EDGE ( 'NONE', *, *, #3024, .F. ) ;
#3622 = PLANE ( 'NONE',  #1235 ) ;
#3623 = EDGE_LOOP ( 'NONE', ( #1023, #5184, #2807, #2423 ) ) ;
#3624 = LINE ( 'NONE', #3647, #553 ) ;
#3625 = FACE_OUTER_BOUND ( 'NONE', #2448, .T. ) ;
#3626 = APPLICATION_PROTOCOL_DEFINITION ( 'draft international standard', 'automotive_design', 1998, #4098 ) ;
#3627 = DIRECTION ( 'NONE',  ( 1.000000000000000000, 0.0000000000000000000, 0.0000000000000000000 ) ) ;
#3628 = DIRECTION ( 'NONE',  ( -0.0000000000000000000, 1.000000000000000000, -0.0000000000000000000 ) ) ;
#3629 = ORIENTED_EDGE ( 'NONE', *, *, #3314, .F. ) ;
#3630 = DIRECTION ( 'NONE',  ( 1.000000000000000000, 0.0000000000000000000, -5.421193827719211569E-15 ) ) ;
#3631 = CARTESIAN_POINT ( 'NONE',  ( 0.4816684688103073930, -0.05000000000000000278, -0.01574999999999998623 ) ) ;
#3632 = ORIENTED_EDGE ( 'NONE', *, *, #4580, .T. ) ;
#3633 = LINE ( 'NONE', #2038, #3075 ) ;
#3634 = LINE ( 'NONE', #2757, #39 ) ;
#3635 = ORIENTED_EDGE ( 'NONE', *, *, #564, .T. ) ;
#3636 = DIRECTION ( 'NONE',  ( -6.998027963638287744E-17, 0.0000000000000000000, -1.000000000000000000 ) ) ;
#3637 = CARTESIAN_POINT ( 'NONE',  ( 0.7379674688103072810, 0.0000000000000000000, -0.07855000000000052218 ) ) ;
#3638 = DIRECTION ( 'NONE',  ( -1.000000000000000000, 0.0000000000000000000, 6.998027963638287744E-17 ) ) ;
#3639 = CARTESIAN_POINT ( 'NONE',  ( 0.9759349376206162274, -0.05000000000000000278, -0.1999999999999997058 ) ) ;
#3640 = VERTEX_POINT ( 'NONE', #3662 ) ;
#3641 = LINE ( 'NONE', #383, #4712 ) ;
#3642 = ORIENTED_EDGE ( 'NONE', *, *, #658, .F. ) ;
#3643 = ADVANCED_FACE ( 'NONE', ( #4811 ), #1969, .T. ) ;
#3644 = ADVANCED_FACE ( 'NONE', ( #831 ), #2442, .T. ) ;
#3645 = ORIENTED_EDGE ( 'NONE', *, *, #2481, .T. ) ;
#3646 = ADVANCED_FACE ( 'NONE', ( #2811 ), #4614, .T. ) ;
#3647 = CARTESIAN_POINT ( 'NONE',  ( 0.2942664688103074355, -0.05000000000000000278, -0.1842499999999996918 ) ) ;
#3648 = DIRECTION ( 'NONE',  ( 0.0000000000000000000, 0.0000000000000000000, 1.000000000000000000 ) ) ;
#3649 = DIRECTION ( 'NONE',  ( -3.491481338843133355E-15, -1.000000000000000000, 0.0000000000000000000 ) ) ;
#3650 = DIRECTION ( 'NONE',  ( 0.0000000000000000000, 0.0000000000000000000, 1.000000000000000000 ) ) ;
#3651 = ORIENTED_EDGE ( 'NONE', *, *, #1219, .F. ) ;
#3652 = DIRECTION ( 'NONE',  ( -0.3420201433256693790, 0.0000000000000000000, -0.9396926207859082059 ) ) ;
#3653 = ADVANCED_FACE ( 'NONE', ( #1724 ), #4939, .F. ) ;
#3654 = CARTESIAN_POINT ( 'NONE',  ( 0.09426646881030741054, -0.05000000000000000278, -0.1842499999999996918 ) ) ;
#3655 = EDGE_LOOP ( 'NONE', ( #5206, #2978, #1267, #3664 ) ) ;
#3656 = CYLINDRICAL_SURFACE ( 'NONE', #5025, 0.02150000000000002950 ) ;
#3657 = CARTESIAN_POINT ( 'NONE',  ( 0.9759349376206162274, -0.05000000000000000278, -0.1999999999999997058 ) ) ;
#3658 = VERTEX_POINT ( 'NONE', #3792 ) ;
#3659 = DIRECTION ( 'NONE',  ( 1.000000000000000000, 0.0000000000000000000, 0.0000000000000000000 ) ) ;
#3660 = CARTESIAN_POINT ( 'NONE',  ( 0.7379674688103072810, -0.05000000000000000278, -0.1499999999999999944 ) ) ;
#3661 = CARTESIAN_POINT ( 'NONE',  ( 0.1489999999999999658, 0.0000000000000000000, 0.01049999999999998157 ) ) ;
#3662 = CARTESIAN_POINT ( 'NONE',  ( 0.6379674688103071922, 3.673940397442064486E-19, -0.1214499999999994612 ) ) ;
#3663 = AXIS2_PLACEMENT_3D ( 'NONE', #3223, #4442, #815 ) ;
#3664 = ORIENTED_EDGE ( 'NONE', *, *, #4453, .T. ) ;
#3665 = VECTOR ( 'NONE', #2786, 39.37007874015748143 ) ;
#3666 = FACE_OUTER_BOUND ( 'NONE', #5169, .T. ) ;
#3667 = VERTEX_POINT ( 'NONE', #981 ) ;
#3668 = ORIENTED_EDGE ( 'NONE', *, *, #1468, .F. ) ;
#3669 = VECTOR ( 'NONE', #4315, 39.37007874015748143 ) ;
#3670 = EDGE_CURVE ( 'NONE', #2360, #3284, #4968, .T. ) ;
#3671 = DIRECTION ( 'NONE',  ( -0.3420201433256694346, -0.0000000000000000000, -0.9396926207859080948 ) ) ;
#3672 = CARTESIAN_POINT ( 'NONE',  ( 0.8816684688103074707, 0.0000000000000000000, -0.01574999999999998623 ) ) ;
#3673 = AXIS2_PLACEMENT_3D ( 'NONE', #3201, #4392, #1161 ) ;
#3674 = CARTESIAN_POINT ( 'NONE',  ( 0.1816684688103074319, 0.0000000000000000000, -0.1842499999999996085 ) ) ;
#3675 = EDGE_LOOP ( 'NONE', ( #4636, #4569, #2523, #4490 ) ) ;
#3676 = PLANE ( 'NONE',  #2586 ) ;
#3677 = VECTOR ( 'NONE', #3849, 39.37007874015748143 ) ;
#3678 = STYLED_ITEM ( 'NONE', ( #2316 ), #2023 ) ;
#3679 = ADVANCED_FACE ( 'NONE', ( #75 ), #508, .T. ) ;
#3680 = CARTESIAN_POINT ( 'NONE',  ( 0.07800000000000031908, 0.0000000000000000000, 0.0000000000000000000 ) ) ;
#3681 = ORIENTED_EDGE ( 'NONE', *, *, #2003, .F. ) ;
#3682 = DIRECTION ( 'NONE',  ( 0.0000000000000000000, 0.0000000000000000000, 1.000000000000000000 ) ) ;
#3683 = EDGE_CURVE ( 'NONE', #1246, #161, #2328, .T. ) ;
#3684 = ORIENTED_EDGE ( 'NONE', *, *, #433, .T. ) ;
#3685 = DIRECTION ( 'NONE',  ( 0.0000000000000000000, 1.000000000000000000, 0.0000000000000000000 ) ) ;
#3686 = VECTOR ( 'NONE', #2101, 39.37007874015748143 ) ;
#3687 = AXIS2_PLACEMENT_3D ( 'NONE', #356, #2396, #4491 ) ;
#3688 = VECTOR ( 'NONE', #1053, 39.37007874015748143 ) ;
#3689 = ORIENTED_EDGE ( 'NONE', *, *, #4817, .F. ) ;
#3690 = CARTESIAN_POINT ( 'NONE',  ( 0.7379674688103072810, 3.673940397442064486E-19, -0.07855000000000052218 ) ) ;
#3691 = SURFACE_SIDE_STYLE ('',( #2942 ) ) ;
#3692 = PLANE ( 'NONE',  #5037 ) ;
#3693 = CARTESIAN_POINT ( 'NONE',  ( -0.005732531189692388444, -0.05000000000000000278, -0.1842499999999996918 ) ) ;
#3694 = VECTOR ( 'NONE', #3079, 39.37007874015748854 ) ;
#3695 = ORIENTED_EDGE ( 'NONE', *, *, #3482, .F. ) ;
#3696 = DIRECTION ( 'NONE',  ( 0.3420201433256633283, 0.0000000000000000000, -0.9396926207859103153 ) ) ;
#3697 = ORIENTED_EDGE ( 'NONE', *, *, #1700, .T. ) ;
#3698 = ORIENTED_EDGE ( 'NONE', *, *, #1512, .F. ) ;
#3699 = DIRECTION ( 'NONE',  ( -0.7071067811865153763, 8.659560562355323591E-17, -0.7071067811865795472 ) ) ;
#3700 = DIRECTION ( 'NONE',  ( 0.3420201433256666035, 0.0000000000000000000, 0.9396926207859092051 ) ) ;
#3701 = CARTESIAN_POINT ( 'NONE',  ( 0.07593593762061463803, -0.05000000000000000278, -9.478001694819074349E-34 ) ) ;
#3702 = EDGE_LOOP ( 'NONE', ( #2255, #4348, #1012, #1218 ) ) ;
#3703 = AXIS2_PLACEMENT_3D ( 'NONE', #1238, #4068, #2820 ) ;
#3704 = DIRECTION ( 'NONE',  ( 1.000000000000000000, 0.0000000000000000000, 0.0000000000000000000 ) ) ;
#3705 = ORIENTED_EDGE ( 'NONE', *, *, #2003, .T. ) ;
#3706 = DIRECTION ( 'NONE',  ( -1.000000000000000000, 0.0000000000000000000, -0.0000000000000000000 ) ) ;
#3707 = EDGE_LOOP ( 'NONE', ( #4578, #2969, #934, #4097 ) ) ;
#3708 = LINE ( 'NONE', #4153, #3768 ) ;
#3709 = EDGE_CURVE ( 'NONE', #3052, #3386, #907, .T. ) ;
#3710 = EDGE_CURVE ( 'NONE', #3667, #2034, #3393, .T. ) ;
#3711 = ORIENTED_EDGE ( 'NONE', *, *, #500, .F. ) ;
#3712 = DIRECTION ( 'NONE',  ( -1.000000000000000000, 0.0000000000000000000, 6.998027963638287744E-17 ) ) ;
#3713 = CARTESIAN_POINT ( 'NONE',  ( 0.2379674688103072255, -0.05000000000000000278, -0.1785500000000005416 ) ) ;
#3714 = LINE ( 'NONE', #4159, #4954 ) ;
#3715 = EDGE_CURVE ( 'NONE', #1356, #644, #4113, .T. ) ;
#3716 = EDGE_LOOP ( 'NONE', ( #5076, #1588, #884, #4412 ) ) ;
#3717 = CARTESIAN_POINT ( 'NONE',  ( 0.1489999999999999658, 1.285879139104718598E-18, -0.01049999999999998157 ) ) ;
#3718 = EDGE_LOOP ( 'NONE', ( #4310, #2685, #1741, #3558 ) ) ;
#3719 = PLANE ( 'NONE',  #289 ) ;
#3720 = ORIENTED_EDGE ( 'NONE', *, *, #3777, .T. ) ;
#3721 = CARTESIAN_POINT ( 'NONE',  ( 0.7379674688103072810, 3.673940397442064486E-19, -0.04999999999999999584 ) ) ;
#3722 = DIRECTION ( 'NONE',  ( -0.0000000000000000000, 1.000000000000000000, -0.0000000000000000000 ) ) ;
#3723 = ITEM_DEFINED_TRANSFORMATION ( 'NONE', 'NONE', #4468,  #1156 ) ;
#3724 = LINE ( 'NONE', #63, #4604 ) ;
#3725 = ORIENTED_EDGE ( 'NONE', *, *, #76, .T. ) ;
#3726 = DIRECTION ( 'NONE',  ( 0.3420201433256665480, -0.0000000000000000000, 0.9396926207859092051 ) ) ;
#3727 = VERTEX_POINT ( 'NONE', #486 ) ;
#3728 = CARTESIAN_POINT ( 'NONE',  ( 0.1379674688103071922, 0.0000000000000000000, -0.1499999999999999944 ) ) ;
#3729 = VERTEX_POINT ( 'NONE', #4215 ) ;
#3730 = DIRECTION ( 'NONE',  ( 0.0000000000000000000, 0.0000000000000000000, 1.000000000000000000 ) ) ;
#3731 = EDGE_CURVE ( 'NONE', #1424, #4629, #2103, .T. ) ;
#3732 = ADVANCED_FACE ( 'NONE', ( #1302 ), #588, .F. ) ;
#3733 = VERTEX_POINT ( 'NONE', #5013 ) ;
#3734 = CARTESIAN_POINT ( 'NONE',  ( 0.7999990000000001267, -0.05000000000000000278, -0.1999999999999999833 ) ) ;
#3735 =( NAMED_UNIT ( * ) SI_UNIT ( $, .STERADIAN. ) SOLID_ANGLE_UNIT ( ) );
#3736 = FACE_OUTER_BOUND ( 'NONE', #4571, .T. ) ;
#3737 = DIRECTION ( 'NONE',  ( -1.000000000000000000, 0.0000000000000000000, 6.998027963638287744E-17 ) ) ;
#3738 = EDGE_CURVE ( 'NONE', #2514, #1591, #3714, .T. ) ;
#3739 = VERTEX_POINT ( 'NONE', #4589 ) ;
#3740 = CYLINDRICAL_SURFACE ( 'NONE', #213, 0.02855000000000052982 ) ;
#3741 = VERTEX_POINT ( 'NONE', #2201 ) ;
#3742 = CYLINDRICAL_SURFACE ( 'NONE', #5033, 0.02855000000000054022 ) ;
#3743 = AXIS2_PLACEMENT_3D ( 'NONE', #3519, #3140, #2271 ) ;
#3744 = EDGE_LOOP ( 'NONE', ( #2002, #3071, #1801, #4676 ) ) ;
#3745 = ADVANCED_FACE ( 'NONE', ( #2149 ), #4543, .T. ) ;
#3746 = VECTOR ( 'NONE', #1647, 39.37007874015748143 ) ;
#3747 = FACE_OUTER_BOUND ( 'NONE', #3744, .T. ) ;
#3748 = LINE ( 'NONE', #914, #3493 ) ;
#3749 = CARTESIAN_POINT ( 'NONE',  ( 0.8379674688103072588, -0.05000000000000000278, -0.1499999999999999944 ) ) ;
#3750 = VERTEX_POINT ( 'NONE', #1799 ) ;
#3751 = CIRCLE ( 'NONE', #2738, 0.02855000000000052982 ) ;
#3752 = VECTOR ( 'NONE', #2429, 39.37007874015748143 ) ;
#3753 = DIRECTION ( 'NONE',  ( -0.0000000000000000000, 1.000000000000000000, -0.0000000000000000000 ) ) ;
#3754 = CARTESIAN_POINT ( 'NONE',  ( 0.9759349376206162274, 0.0000000000000000000, -0.1999999999999997058 ) ) ;
#3755 = ORIENTED_EDGE ( 'NONE', *, *, #727, .T. ) ;
#3756 = DIRECTION ( 'NONE',  ( -0.3420201433256694346, -0.0000000000000000000, -0.9396926207859080948 ) ) ;
#3757 = CIRCLE ( 'NONE', #1064, 0.02855000000000052982 ) ;
#3758 = VECTOR ( 'NONE', #3350, 39.37007874015748143 ) ;
#3759 = ORIENTED_EDGE ( 'NONE', *, *, #4414, .F. ) ;
#3760 = AXIS2_PLACEMENT_3D ( 'NONE', #4991, #2125, #2968 ) ;
#3761 = AXIS2_PLACEMENT_3D ( 'NONE', #3791, #98, #2991 ) ;
#3762 = DIRECTION ( 'NONE',  ( -0.0000000000000000000, 1.000000000000000000, -0.0000000000000000000 ) ) ;
#3763 =( CONVERSION_BASED_UNIT ( 'INCH', #4506 ) LENGTH_UNIT ( ) NAMED_UNIT ( #3220 ) );
#3764 = PLANE ( 'NONE',  #464 ) ;
#3765 = DIRECTION ( 'NONE',  ( 1.000000000000000000, 0.0000000000000000000, -5.421193827719211569E-15 ) ) ;
#3766 = EDGE_CURVE ( 'NONE', #5202, #3135, #4137, .T. ) ;
#3767 = CIRCLE ( 'NONE', #2412, 0.01450000000000062350 ) ;
#3768 = VECTOR ( 'NONE', #2860, 39.37007874015748143 ) ;
#3769 = ORIENTED_EDGE ( 'NONE', *, *, #2097, .F. ) ;
#3770 = DIRECTION ( 'NONE',  ( 0.0000000000000000000, 0.0000000000000000000, 1.000000000000000000 ) ) ;
#3771 = ORIENTED_EDGE ( 'NONE', *, *, #76, .F. ) ;
#3772 = VECTOR ( 'NONE', #2920, 39.37007874015748854 ) ;
#3773 = CIRCLE ( 'NONE', #4277, 0.02855000000000054022 ) ;
#3774 = FACE_OUTER_BOUND ( 'NONE', #3916, .T. ) ;
#3775 = ORIENTED_EDGE ( 'NONE', *, *, #1903, .T. ) ;
#3776 = DIRECTION ( 'NONE',  ( -1.000000000000000000, -0.0000000000000000000, -0.0000000000000000000 ) ) ;
#3777 = EDGE_CURVE ( 'NONE', #2284, #2340, #2660, .T. ) ;
#3778 = ADVANCED_FACE ( 'NONE', ( #4619 ), #3816, .F. ) ;
#3779 = CONICAL_SURFACE ( 'NONE', #5223, 0.01049999999999998157, 1.029744258676653645 ) ;
#3780 = CARTESIAN_POINT ( 'NONE',  ( 0.4379674688103072366, 3.673940397442064486E-19, -0.1499999999999999944 ) ) ;
#3781 = FACE_OUTER_BOUND ( 'NONE', #4504, .T. ) ;
#3782 = VERTEX_POINT ( 'NONE', #878 ) ;
#3783 = CARTESIAN_POINT ( 'NONE',  ( 0.7816684688103074929, 0.0000000000000000000, -0.1842499999999996085 ) ) ;
#3784 = ORIENTED_EDGE ( 'NONE', *, *, #2253, .F. ) ;
#3785 = CARTESIAN_POINT ( 'NONE',  ( 0.4942664688103074466, -0.05000000000000000278, -0.1842499999999996918 ) ) ;
#3786 = ORIENTED_EDGE ( 'NONE', *, *, #3613, .T. ) ;
#3787 = FACE_OUTER_BOUND ( 'NONE', #3827, .T. ) ;
#3788 = AXIS2_PLACEMENT_3D ( 'NONE', #704, #2324, #176 ) ;
#3789 = ORIENTED_EDGE ( 'NONE', *, *, #1636, .T. ) ;
#3790 = CARTESIAN_POINT ( 'NONE',  ( 0.9759349376206162274, -0.05000000000000000278, -0.1999999999999997058 ) ) ;
#3791 = CARTESIAN_POINT ( 'NONE',  ( 0.9379674688103073477, 0.0000000000000000000, -0.04999999999999999584 ) ) ;
#3792 = CARTESIAN_POINT ( 'NONE',  ( 0.1942664688103074300, 0.0000000000000000000, -0.01574999999999998623 ) ) ;
#3793 = ORIENTED_EDGE ( 'NONE', *, *, #3319, .F. ) ;
#3794 = CARTESIAN_POINT ( 'NONE',  ( 0.1759359376206146575, 0.0000000000000000000, -0.1999999999999999833 ) ) ;
#3795 = EDGE_LOOP ( 'NONE', ( #4634, #1681, #514, #296 ) ) ;
#3796 = CARTESIAN_POINT ( 'NONE',  ( 0.0000000000000000000, 0.0000000000000000000, 0.0000000000000000000 ) ) ;
#3797 = EDGE_LOOP ( 'NONE', ( #4075, #4270, #5232, #4772 ) ) ;
#3798 = CARTESIAN_POINT ( 'NONE',  ( 0.5379674688103072144, 3.673940397442064486E-19, -0.04999999999999999584 ) ) ;
#3799 = ADVANCED_FACE ( 'NONE', ( #2494 ), #3313, .T. ) ;
#3800 = EDGE_CURVE ( 'NONE', #2295, #1304, #2334, .T. ) ;
#3801 = DIRECTION ( 'NONE',  ( -0.0000000000000000000, 1.000000000000000000, -0.0000000000000000000 ) ) ;
#3802 = ITEM_DEFINED_TRANSFORMATION ( 'NONE', 'NONE', #2269,  #1156 ) ;
#3803 = LINE ( 'NONE', #1390, #3917 ) ;
#3804 = ORIENTED_EDGE ( 'NONE', *, *, #4126, .F. ) ;
#3805 = EDGE_CURVE ( 'NONE', #908, #198, #1062, .T. ) ;
#3806 = CARTESIAN_POINT ( 'NONE',  ( 0.0000000000000000000, -0.05000000000000000278, 0.0000000000000000000 ) ) ;
#3807 = EDGE_LOOP ( 'NONE', ( #5165, #4545 ) ) ;
#3808 = CARTESIAN_POINT ( 'NONE',  ( 0.8379674688103072588, 3.673940397442064486E-19, -0.1214499999999994612 ) ) ;
#3809 = VERTEX_POINT ( 'NONE', #4729 ) ;
#3810 = CARTESIAN_POINT ( 'NONE',  ( 0.2759359376206146353, -0.05000000000000000278, -9.478001694819074349E-34 ) ) ;
#3811 = EDGE_CURVE ( 'NONE', #2228, #2063, #2281, .T. ) ;
#3812 = UNCERTAINTY_MEASURE_WITH_UNIT (LENGTH_MEASURE( 1.000000000000000082E-05 ), #1446, 'distance_accuracy_value', 'NONE');
#3813 = ORIENTED_EDGE ( 'NONE', *, *, #3899, .T. ) ;
#3814 = FACE_OUTER_BOUND ( 'NONE', #3707, .T. ) ;
#3815 = DIRECTION ( 'NONE',  ( -0.3420201433256694346, -0.0000000000000000000, -0.9396926207859080948 ) ) ;
#3816 = PLANE ( 'NONE',  #1900 ) ;
#3817 = ORIENTED_EDGE ( 'NONE', *, *, #2028, .F. ) ;
#3818 = CARTESIAN_POINT ( 'NONE',  ( 0.09999900000000011557, 0.0000000000000000000, 0.0000000000000000000 ) ) ;
#3819 = VERTEX_POINT ( 'NONE', #1029 ) ;
#3820 = CARTESIAN_POINT ( 'NONE',  ( 0.4999990000000001378, -0.05000000000000000278, -0.1999999999999999833 ) ) ;
#3821 = VERTEX_POINT ( 'NONE', #4645 ) ;
#3822 = LINE ( 'NONE', #4497, #4436 ) ;
#3823 = CARTESIAN_POINT ( 'NONE',  ( 0.8816684688103074707, 0.0000000000000000000, -0.1842499999999996085 ) ) ;
#3824 = AXIS2_PLACEMENT_3D ( 'NONE', #322, #3534, #3502 ) ;
#3825 = EDGE_CURVE ( 'NONE', #2497, #4556, #3337, .T. ) ;
#3826 = DIRECTION ( 'NONE',  ( -0.0000000000000000000, 1.000000000000000000, -0.0000000000000000000 ) ) ;
#3827 = EDGE_LOOP ( 'NONE', ( #419, #2307, #1533, #5095 ) ) ;
#3828 = VECTOR ( 'NONE', #2959, 39.37007874015748143 ) ;
#3829 = CARTESIAN_POINT ( 'NONE',  ( 0.4379674688103072366, 0.0000000000000000000, -0.02144999999999946602 ) ) ;
#3830 = VERTEX_POINT ( 'NONE', #2259 ) ;
#3831 = LINE ( 'NONE', #3810, #4794 ) ;
#3832 = EDGE_CURVE ( 'NONE', #3133, #1776, #5091, .T. ) ;
#3833 = VECTOR ( 'NONE', #4906, 39.37007874015748143 ) ;
#3835 = ADVANCED_FACE ( 'NONE', ( #3865 ), #609, .F. ) ;
#3834 = ORIENTED_EDGE ( 'NONE', *, *, #5036, .T. ) ;
#3836 = DIRECTION ( 'NONE',  ( 0.0000000000000000000, 1.000000000000000000, 0.0000000000000000000 ) ) ;
#3837 = DIRECTION ( 'NONE',  ( 1.047444401652940007E-14, -1.000000000000000000, 0.0000000000000000000 ) ) ;
#3838 = CARTESIAN_POINT ( 'NONE',  ( 0.9759349376206141180, -0.05000000000000000278, 0.0000000000000000000 ) ) ;
#3839 = VECTOR ( 'NONE', #1127, 39.37007874015748143 ) ;
#3840 = CARTESIAN_POINT ( 'NONE',  ( 0.6816684688103075151, -0.05000000000000000278, -0.01574999999999998623 ) ) ;
#3841 = AXIS2_PLACEMENT_3D ( 'NONE', #1376, #929, #4916 ) ;
#3842 = CIRCLE ( 'NONE', #4356, 0.02855000000000054022 ) ;
#3843 = ORIENTED_EDGE ( 'NONE', *, *, #3105, .T. ) ;
#3844 = PLANE ( 'NONE',  #188 ) ;
#3845 = FACE_OUTER_BOUND ( 'NONE', #1279, .T. ) ;
#3846 = ORIENTED_EDGE ( 'NONE', *, *, #4682, .T. ) ;
#3847 = CARTESIAN_POINT ( 'NONE',  ( 0.08166846881030742633, 0.0000000000000000000, -0.1842499999999996085 ) ) ;
#3848 = ORIENTED_EDGE ( 'NONE', *, *, #2560, .T. ) ;
#3849 = DIRECTION ( 'NONE',  ( 1.000000000000000000, 0.0000000000000000000, 0.0000000000000000000 ) ) ;
#3850 = CIRCLE ( 'NONE', #300, 0.02650000000000056130 ) ;
#3851 = VECTOR ( 'NONE', #3418, 39.37007874015748143 ) ;
#3852 = CIRCLE ( 'NONE', #556, 0.01450000000000062350 ) ;
#3853 = FACE_OUTER_BOUND ( 'NONE', #2127, .T. ) ;
#3854 = DIRECTION ( 'NONE',  ( 0.0000000000000000000, 0.0000000000000000000, 1.000000000000000000 ) ) ;
#3855 = CARTESIAN_POINT ( 'NONE',  ( 0.09426646881030741054, -0.05000000000000000278, -0.1842499999999996918 ) ) ;
#3856 = ORIENTED_EDGE ( 'NONE', *, *, #1467, .F. ) ;
#3857 = CARTESIAN_POINT ( 'NONE',  ( 0.0000000000000000000, 0.0000000000000000000, 0.0000000000000000000 ) ) ;
#3858 = ORIENTED_EDGE ( 'NONE', *, *, #237, .T. ) ;
#3859 = DIRECTION ( 'NONE',  ( -0.5000000000001606493, 0.0000000000000000000, 0.8660254037843458930 ) ) ;
#3860 = ORIENTED_EDGE ( 'NONE', *, *, #1016, .F. ) ;
#3861 = EDGE_CURVE ( 'NONE', #1031, #3871, #1874, .T. ) ;
#3862 = EDGE_CURVE ( 'NONE', #4480, #2193, #4014, .T. ) ;
#3863 = CARTESIAN_POINT ( 'NONE',  ( 0.8379674688103072588, -0.05000000000000000278, -0.1785500000000005416 ) ) ;
#3864 = FACE_OUTER_BOUND ( 'NONE', #47, .T. ) ;
#3865 = FACE_OUTER_BOUND ( 'NONE', #4335, .T. ) ;
#3866 = ADVANCED_FACE ( 'NONE', ( #638 ), #1828, .T. ) ;
#3867 = ORIENTED_EDGE ( 'NONE', *, *, #794, .T. ) ;
#3868 = DIRECTION ( 'NONE',  ( -1.000000000000000000, 0.0000000000000000000, 6.998027963638287744E-17 ) ) ;
#3869 = CARTESIAN_POINT ( 'NONE',  ( 0.1942664688103074300, -0.05000000000000000278, -0.01574999999999998623 ) ) ;
#3870 = AXIS2_PLACEMENT_3D ( 'NONE', #758, #4234, #1773 ) ;
#3871 = VERTEX_POINT ( 'NONE', #3449 ) ;
#3872 = LINE ( 'NONE', #5157, #4266 ) ;
#3873 = ORIENTED_EDGE ( 'NONE', *, *, #1765, .F. ) ;
#3874 = CARTESIAN_POINT ( 'NONE',  ( 0.7379674688103072810, 3.673940397442064486E-19, -0.02144999999999946602 ) ) ;
#3875 = DIRECTION ( 'NONE',  ( -0.9396926207859072067, 0.0000000000000000000, -0.3420201433256721546 ) ) ;
#3876 =( CONVERSION_BASED_UNIT ( 'INCH', #3060 ) LENGTH_UNIT ( ) NAMED_UNIT ( #5226 ) );
#3877 = PRODUCT_DEFINITION_SHAPE ( 'NONE', 'NONE',  #5245 ) ;
#3878 = DIRECTION ( 'NONE',  ( -0.9396926207859072067, 0.0000000000000000000, -0.3420201433256721546 ) ) ;
#3879 = CARTESIAN_POINT ( 'NONE',  ( 0.8379674688103072588, 0.0000000000000000000, -0.1785500000000005416 ) ) ;
#3880 = VERTEX_POINT ( 'NONE', #1516 ) ;
#3881 = LINE ( 'NONE', #2669, #2229 ) ;
#3882 = VERTEX_POINT ( 'NONE', #3128 ) ;
#3883 = DIRECTION ( 'NONE',  ( 0.0000000000000000000, 0.0000000000000000000, 1.000000000000000000 ) ) ;
#3884 = ORIENTED_EDGE ( 'NONE', *, *, #2844, .F. ) ;
#3885 = LINE ( 'NONE', #4727, #3590 ) ;
#3886 = DIRECTION ( 'NONE',  ( 0.0000000000000000000, 0.0000000000000000000, 1.000000000000000000 ) ) ;
#3887 = DIRECTION ( 'NONE',  ( -0.0000000000000000000, 1.000000000000000000, -0.0000000000000000000 ) ) ;
#3888 = EDGE_CURVE ( 'NONE', #4526, #2278, #3107, .T. ) ;
#3889 = EDGE_CURVE ( 'NONE', #2157, #2551, #5210, .T. ) ;
#3890 = ORIENTED_EDGE ( 'NONE', *, *, #1148, .F. ) ;
#3891 = DIRECTION ( 'NONE',  ( -0.0000000000000000000, 1.000000000000000000, -0.0000000000000000000 ) ) ;
#3892 = CARTESIAN_POINT ( 'NONE',  ( 0.5379674688103072144, 0.0000000000000000000, -0.1499999999999999944 ) ) ;
#3893 = ORIENTED_EDGE ( 'NONE', *, *, #2569, .T. ) ;
#3894 = FACE_OUTER_BOUND ( 'NONE', #4964, .T. ) ;
#3895 = VERTEX_POINT ( 'NONE', #3949 ) ;
#3896 = DIRECTION ( 'NONE',  ( 0.0000000000000000000, 0.0000000000000000000, 1.000000000000000000 ) ) ;
#3897 = EDGE_CURVE ( 'NONE', #4667, #721, #1732, .T. ) ;
#3898 = CARTESIAN_POINT ( 'NONE',  ( 0.9759349376206162274, -0.05000000000000000278, -0.1999999999999997058 ) ) ;
#3899 = EDGE_CURVE ( 'NONE', #348, #3374, #2648, .T. ) ;
#3900 = CARTESIAN_POINT ( 'NONE',  ( -0.005732531189692388444, 0.0000000000000000000, -0.1842499999999996918 ) ) ;
#3901 = CARTESIAN_POINT ( 'NONE',  ( 0.9759349376206141180, 0.0000000000000000000, 0.0000000000000000000 ) ) ;
#3902 = PRESENTATION_STYLE_ASSIGNMENT (( #3464 ) ) ;
#3903 = VERTEX_POINT ( 'NONE', #4701 ) ;
#3904 = LINE ( 'NONE', #3143, #193 ) ;
#3905 = ORIENTED_EDGE ( 'NONE', *, *, #2224, .T. ) ;
#3906 = FACE_OUTER_BOUND ( 'NONE', #4070, .T. ) ;
#3907 = VECTOR ( 'NONE', #3704, 39.37007874015748143 ) ;
#3908 = UNCERTAINTY_MEASURE_WITH_UNIT (LENGTH_MEASURE( 1.000000000000000082E-05 ), #3763, 'distance_accuracy_value', 'NONE');
#3909 = VECTOR ( 'NONE', #3762, 39.37007874015748143 ) ;
#3910 = ORIENTED_EDGE ( 'NONE', *, *, #2312, .T. ) ;
#3911 = VERTEX_POINT ( 'NONE', #1407 ) ;
#3912 = CARTESIAN_POINT ( 'NONE',  ( 0.6379674688103071922, 0.0000000000000000000, -0.04999999999999999584 ) ) ;
#3913 = CARTESIAN_POINT ( 'NONE',  ( 0.1379674688103071922, 0.0000000000000000000, -0.07855000000000052218 ) ) ;
#3914 = CARTESIAN_POINT ( 'NONE',  ( 0.03796746881030719362, 3.673940397442064486E-19, -0.04999999999999999584 ) ) ;
#3915 = AXIS2_PLACEMENT_3D ( 'NONE', #4398, #766, #552 ) ;
#3916 = EDGE_LOOP ( 'NONE', ( #4062, #44 ) ) ;
#3917 = VECTOR ( 'NONE', #85, 39.37007874015748143 ) ;
#3918 = DIRECTION ( 'NONE',  ( -0.3420201433256720991, 0.0000000000000000000, 0.9396926207859070956 ) ) ;
#3919 = CARTESIAN_POINT ( 'NONE',  ( 0.3816684688103074707, -0.05000000000000000278, -0.1842499999999996085 ) ) ;
#3920 = EDGE_LOOP ( 'NONE', ( #5114, #2891, #1412, #1197 ) ) ;
#3921 = LINE ( 'NONE', #2287, #2162 ) ;
#3922 = EDGE_CURVE ( 'NONE', #1333, #2574, #663, .T. ) ;
#3923 = EDGE_LOOP ( 'NONE', ( #5061, #1414, #2622, #4848 ) ) ;
#3924 = DIRECTION ( 'NONE',  ( 1.000000000000000000, 0.0000000000000000000, -5.421193827719211569E-15 ) ) ;
#3925 = PRODUCT_DEFINITION_SHAPE ( 'NONE', 'NONE',  #5251 ) ;
#3926 = CIRCLE ( 'NONE', #4355, 0.02855000000000052982 ) ;
#3927 = VECTOR ( 'NONE', #513, 39.37007874015748143 ) ;
#3928 = DIRECTION ( 'NONE',  ( -1.000000000000000000, -0.0000000000000000000, -0.0000000000000000000 ) ) ;
#3929 = VECTOR ( 'NONE', #1851, 39.37007874015748143 ) ;
#3930 = EDGE_CURVE ( 'NONE', #2391, #3603, #3022, .T. ) ;
#3931 = VECTOR ( 'NONE', #1224, 39.37007874015748854 ) ;
#3932 = EDGE_CURVE ( 'NONE', #4339, #4902, #2226, .T. ) ;
#3933 = EDGE_CURVE ( 'NONE', #2601, #3727, #714, .T. ) ;
#3934 = AXIS2_PLACEMENT_3D ( 'NONE', #1099, #5106, #1420 ) ;
#3935 = VECTOR ( 'NONE', #3859, 39.37007874015748143 ) ;
#3936 = FACE_OUTER_BOUND ( 'NONE', #4802, .T. ) ;
#3937 = SURFACE_SIDE_STYLE ('',( #5164 ) ) ;
#3938 = ORIENTED_EDGE ( 'NONE', *, *, #1442, .F. ) ;
#3939 = CARTESIAN_POINT ( 'NONE',  ( 0.4184160289261679155, 2.129741810843848171, 2.122227730851123706 ) ) ;
#3940 = DIRECTION ( 'NONE',  ( 0.0000000000000000000, 0.0000000000000000000, 1.000000000000000000 ) ) ;
#3941 = AXIS2_PLACEMENT_3D ( 'NONE', #535, #2970, #3770 ) ;
#3942 = VERTEX_POINT ( 'NONE', #1594 ) ;
#3943 = CARTESIAN_POINT ( 'NONE',  ( 0.6759359376206146575, -0.05000000000000000278, -0.1999999999999999833 ) ) ;
#3944 = CIRCLE ( 'NONE', #1663, 0.02855000000000054022 ) ;
#3945 = VERTEX_POINT ( 'NONE', #3149 ) ;
#3946 = ORIENTED_EDGE ( 'NONE', *, *, #3159, .T. ) ;
#3947 = DIRECTION ( 'NONE',  ( -0.0000000000000000000, 1.000000000000000000, -0.0000000000000000000 ) ) ;
#3948 = CARTESIAN_POINT ( 'NONE',  ( 0.6816684688103075151, 0.0000000000000000000, -0.1842499999999996085 ) ) ;
#3949 = CARTESIAN_POINT ( 'NONE',  ( 0.8999990000000001045, 0.0000000000000000000, -0.1999999999999999833 ) ) ;
#3950 = EDGE_LOOP ( 'NONE', ( #501, #2503, #3203, #5059 ) ) ;
#3951 = CARTESIAN_POINT ( 'NONE',  ( 0.01000000000000071665, 0.0000000000000000000, 0.02650000000000056130 ) ) ;
#3952 = DIRECTION ( 'NONE',  ( -0.3420201433256693790, 0.0000000000000000000, -0.9396926207859082059 ) ) ;
#3953 = ORIENTED_EDGE ( 'NONE', *, *, #859, .T. ) ;
#3954 = CARTESIAN_POINT ( 'NONE',  ( 0.1816684688103074041, -0.05000000000000000278, -0.01574999999999998623 ) ) ;
#3955 = VERTEX_POINT ( 'NONE', #1568 ) ;
#3956 = CARTESIAN_POINT ( 'NONE',  ( 0.5379674688103072144, -0.05000000000000000278, -0.1499999999999999944 ) ) ;
#3957 = PRESENTATION_LAYER_ASSIGNMENT (  '', '', ( #1419 ) ) ;
#3958 = CARTESIAN_POINT ( 'NONE',  ( 0.1816684688103074041, 0.0000000000000000000, -0.01574999999999998623 ) ) ;
#3959 = ORIENTED_EDGE ( 'NONE', *, *, #2126, .F. ) ;
#3960 = EDGE_CURVE ( 'NONE', #4973, #3082, #117, .T. ) ;
#3961 = CARTESIAN_POINT ( 'NONE',  ( 0.1579999999999989468, 1.775737858763738722E-18, -0.01450000000000062350 ) ) ;
#3962 = FACE_OUTER_BOUND ( 'NONE', #2008, .T. ) ;
#3963 = DIRECTION ( 'NONE',  ( 0.0000000000000000000, 0.0000000000000000000, 1.000000000000000000 ) ) ;
#3964 = CARTESIAN_POINT ( 'NONE',  ( 2.239553201765118668E-16, -0.05000000000000000278, -0.1999999999999996503 ) ) ;
#3965 = PRODUCT_DEFINITION ( 'UNKNOWN', '', #2432, #1792 ) ;
#3966 = ORIENTED_EDGE ( 'NONE', *, *, #1863, .T. ) ;
#3967 = FACE_OUTER_BOUND ( 'NONE', #4149, .T. ) ;
#3968 = ORIENTED_EDGE ( 'NONE', *, *, #3861, .F. ) ;
#3969 = VERTEX_POINT ( 'NONE', #370 ) ;
#3970 = CARTESIAN_POINT ( 'NONE',  ( 0.4816684688103073930, -0.05000000000000000278, -0.01574999999999998623 ) ) ;
#3971 = ADVANCED_FACE ( 'NONE', ( #1138 ), #2758, .F. ) ;
#3972 = LINE ( 'NONE', #2832, #4188 ) ;
#3973 = DIRECTION ( 'NONE',  ( -0.0000000000000000000, 1.000000000000000000, -0.0000000000000000000 ) ) ;
#3974 = EDGE_LOOP ( 'NONE', ( #1759, #5030, #1731, #3415 ) ) ;
#3975 = CARTESIAN_POINT ( 'NONE',  ( 0.7999990000000001267, -0.05000000000000000278, -0.1999999999999999833 ) ) ;
#3976 = PLANE ( 'NONE',  #3273 ) ;
#3977 = EDGE_LOOP ( 'NONE', ( #3206, #171, #3404, #279 ) ) ;
#3978 = CARTESIAN_POINT ( 'NONE',  ( 0.0000000000000000000, 0.0000000000000000000, 0.0000000000000000000 ) ) ;
#3979 = EDGE_LOOP ( 'NONE', ( #5190, #2670 ) ) ;
#3980 = CARTESIAN_POINT ( 'NONE',  ( 0.8816684688103074707, -0.05000000000000000278, -0.1842499999999996085 ) ) ;
#3981 = CARTESIAN_POINT ( 'NONE',  ( 0.1379674688103071922, 0.0000000000000000000, -0.04999999999999999584 ) ) ;
#3982 = ORIENTED_EDGE ( 'NONE', *, *, #4318, .F. ) ;
#3983 = CARTESIAN_POINT ( 'NONE',  ( 0.2942664688103074355, -0.05000000000000000278, -0.1842499999999996918 ) ) ;
#3984 = CYLINDRICAL_SURFACE ( 'NONE', #4166, 0.02855000000000052982 ) ;
#3985 = CARTESIAN_POINT ( 'NONE',  ( 0.6184160289261959598, 2.129741810843843286, 2.022227730851122285 ) ) ;
#3986 = DIRECTION ( 'NONE',  ( -1.000000000000000000, -0.0000000000000000000, -0.0000000000000000000 ) ) ;
#3987 = ORIENTED_EDGE ( 'NONE', *, *, #754, .T. ) ;
#3988 = DIRECTION ( 'NONE',  ( -1.000000000000000000, 0.0000000000000000000, -1.266620916943744463E-17 ) ) ;
#3989 = EDGE_CURVE ( 'NONE', #1025, #2040, #1168, .T. ) ;
#3990 = VECTOR ( 'NONE', #338, 39.37007874015748854 ) ;
#3991 = APPLICATION_CONTEXT ( 'automotive_design' ) ;
#3992 = ORIENTED_EDGE ( 'NONE', *, *, #5038, .F. ) ;
#3993 = ORIENTED_EDGE ( 'NONE', *, *, #1881, .F. ) ;
#3994 = AXIS2_PLACEMENT_3D ( 'NONE', #4409, #4390, #2851 ) ;
#3995 = DIRECTION ( 'NONE',  ( -0.0000000000000000000, 1.000000000000000000, -0.0000000000000000000 ) ) ;
#3996 = LINE ( 'NONE', #823, #5218 ) ;
#3997 = EDGE_CURVE ( 'NONE', #2615, #4308, #1987, .T. ) ;
#3998 = CARTESIAN_POINT ( 'NONE',  ( 0.9379674688103073477, -0.05000000000000000278, -0.1499999999999999944 ) ) ;
#3999 = VECTOR ( 'NONE', #2439, 39.37007874015748143 ) ;
#4000 = EDGE_CURVE ( 'NONE', #1543, #3552, #548, .T. ) ;
#4001 = VERTEX_POINT ( 'NONE', #3557 ) ;
#4002 = DIRECTION ( 'NONE',  ( 0.0000000000000000000, 0.0000000000000000000, -1.000000000000000000 ) ) ;
#4003 = DIRECTION ( 'NONE',  ( 1.000000000000000000, 0.0000000000000000000, 0.0000000000000000000 ) ) ;
#4004 = ORIENTED_EDGE ( 'NONE', *, *, #3805, .T. ) ;
#4005 = FACE_OUTER_BOUND ( 'NONE', #1857, .T. ) ;
#4006 = AXIS2_PLACEMENT_3D ( 'NONE', #1908, #636, #710 ) ;
#4007 = CARTESIAN_POINT ( 'NONE',  ( 0.9816674688103075308, 0.0000000000000000000, -0.1842499999999992755 ) ) ;
#4008 = VECTOR ( 'NONE', #2614, 39.37007874015748854 ) ;
#4009 = ORIENTED_EDGE ( 'NONE', *, *, #754, .F. ) ;
#4010 = LINE ( 'NONE', #2847, #43 ) ;
#4011 = ORIENTED_EDGE ( 'NONE', *, *, #1157, .F. ) ;
#4012 = AXIS2_PLACEMENT_3D ( 'NONE', #2529, #4525, #2135 ) ;
#4013 = PRODUCT_DEFINITION_SHAPE ( 'NONE', 'NONE',  #5242 ) ;
#4014 = CIRCLE ( 'NONE', #4528, 0.02855000000000052982 ) ;
#4015 = AXIS2_PLACEMENT_3D ( 'NONE', #349, #801, #1649 ) ;
#4016 = LINE ( 'NONE', #413, #2836 ) ;
#4017 = DIRECTION ( 'NONE',  ( -0.0000000000000000000, 1.000000000000000000, -0.0000000000000000000 ) ) ;
#4018 = CARTESIAN_POINT ( 'NONE',  ( 0.8184160289261960264, 2.129741810843843286, 2.022227730851121397 ) ) ;
#4019 = CARTESIAN_POINT ( 'NONE',  ( 0.8999990000000001045, -0.05000000000000000278, -0.1999999999999999833 ) ) ;
#4020 = ORIENTED_EDGE ( 'NONE', *, *, #3385, .F. ) ;
#4021 = LINE ( 'NONE', #4413, #3434 ) ;
#4022 = VECTOR ( 'NONE', #2110, 39.37007874015748143 ) ;
#4023 = CIRCLE ( 'NONE', #2837, 0.02855000000000052982 ) ;
#4024 = CARTESIAN_POINT ( 'NONE',  ( 0.6379674688103071922, -0.05000000000000000278, -0.1214499999999994612 ) ) ;
#4025 = ORIENTED_EDGE ( 'NONE', *, *, #3899, .F. ) ;
#4026 = AXIS2_PLACEMENT_3D ( 'NONE', #1253, #775, #2842 ) ;
#4027 = DIRECTION ( 'NONE',  ( -0.0000000000000000000, 1.000000000000000000, -0.0000000000000000000 ) ) ;
#4028 = LINE ( 'NONE', #3948, #1233 ) ;
#4029 = MECHANICAL_DESIGN_GEOMETRIC_PRESENTATION_REPRESENTATION (  '', ( #3183 ), #133 ) ;
#4030 = EDGE_CURVE ( 'NONE', #3880, #4821, #5231, .T. ) ;
#4031 = ADVANCED_FACE ( 'NONE', ( #4376 ), #343, .F. ) ;
#4032 = ORIENTED_EDGE ( 'NONE', *, *, #1122, .F. ) ;
#4033 = FACE_OUTER_BOUND ( 'NONE', #3328, .T. ) ;
#4034 = CARTESIAN_POINT ( 'NONE',  ( 0.3379674688103072033, -0.05000000000000000278, -0.1214499999999994612 ) ) ;
#4035 = CARTESIAN_POINT ( 'NONE',  ( 0.8999990000000001045, 0.0000000000000000000, 0.0000000000000000000 ) ) ;
#4036 = EDGE_CURVE ( 'NONE', #569, #1255, #1527, .T. ) ;
#4037 = CARTESIAN_POINT ( 'NONE',  ( 0.1759359376206146575, -0.05000000000000000278, -9.478001694819074349E-34 ) ) ;
#4038 = EDGE_LOOP ( 'NONE', ( #770, #3163, #3042, #3333 ) ) ;
#4039 = DIRECTION ( 'NONE',  ( 1.000000000000000000, 0.0000000000000000000, -0.0000000000000000000 ) ) ;
#4040 = VERTEX_POINT ( 'NONE', #3518 ) ;
#4041 = VERTEX_POINT ( 'NONE', #4331 ) ;
#4042 = ADVANCED_FACE ( 'NONE', ( #3936 ), #3139, .F. ) ;
#4043 = CARTESIAN_POINT ( 'NONE',  ( 0.0000000000000000000, 0.0000000000000000000, 0.0000000000000000000 ) ) ;
#4044 = CARTESIAN_POINT ( 'NONE',  ( 0.1379674688103071922, 3.673940397442064486E-19, -0.1785500000000005416 ) ) ;
#4045 = DIRECTION ( 'NONE',  ( -3.491481338843133355E-15, -1.000000000000000000, 0.0000000000000000000 ) ) ;
#4046 = LINE ( 'NONE', #2399, #1470 ) ;
#4047 = ORIENTED_EDGE ( 'NONE', *, *, #3391, .F. ) ;
#4048 = DIRECTION ( 'NONE',  ( 1.000000000000000000, 0.0000000000000000000, -0.0000000000000000000 ) ) ;
#4049 = DIRECTION ( 'NONE',  ( 0.0000000000000000000, 0.0000000000000000000, 1.000000000000000000 ) ) ;
#4050 = EDGE_LOOP ( 'NONE', ( #3103, #35, #5208, #2822 ) ) ;
#4051 = CARTESIAN_POINT ( 'NONE',  ( 0.4999990000000001378, -0.05000000000000000278, -0.1999999999999999833 ) ) ;
#4052 = CARTESIAN_POINT ( 'NONE',  ( 0.2816684688103074374, -0.05000000000000000278, -0.01574999999999998623 ) ) ;
#4053 = VERTEX_POINT ( 'NONE', #3118 ) ;
#4054 = FACE_OUTER_BOUND ( 'NONE', #4863, .T. ) ;
#4055 = CARTESIAN_POINT ( 'NONE',  ( 0.7379674688103072810, 0.0000000000000000000, -0.02144999999999946602 ) ) ;
#4056 = LINE ( 'NONE', #2043, #549 ) ;
#4057 = LINE ( 'NONE', #2073, #1220 ) ;
#4058 = EDGE_CURVE ( 'NONE', #3439, #2710, #3767, .T. ) ;
#4059 = PRODUCT_DEFINITION_SHAPE ( 'NONE', 'NONE',  #5259 ) ;
#4060 = ORIENTED_EDGE ( 'NONE', *, *, #51, .F. ) ;
#4061 = DIRECTION ( 'NONE',  ( 0.0000000000000000000, 0.0000000000000000000, 1.000000000000000000 ) ) ;
#4062 = ORIENTED_EDGE ( 'NONE', *, *, #4787, .F. ) ;
#4063 = VERTEX_POINT ( 'NONE', #4306 ) ;
#4064 = ADVANCED_FACE ( 'NONE', ( #1075 ), #1894, .F. ) ;
#4065 = ADVANCED_FACE ( 'NONE', ( #3568 ), #732, .F. ) ;
#4066 = DIRECTION ( 'NONE',  ( 0.0000000000000000000, 0.0000000000000000000, -1.000000000000000000 ) ) ;
#4067 = DIRECTION ( 'NONE',  ( -0.3420201433256694346, -0.0000000000000000000, -0.9396926207859080948 ) ) ;
#4068 = DIRECTION ( 'NONE',  ( 0.0000000000000000000, 0.0000000000000000000, 1.000000000000000000 ) ) ;
#4069 = DIRECTION ( 'NONE',  ( -0.0000000000000000000, 1.000000000000000000, -0.0000000000000000000 ) ) ;
#4070 = EDGE_LOOP ( 'NONE', ( #2076, #298, #4585, #2760 ) ) ;
#4071 = DIRECTION ( 'NONE',  ( 0.9396926207859082059, 0.0000000000000000000, -0.3420201433256693790 ) ) ;
#4072 = DIRECTION ( 'NONE',  ( -0.0000000000000000000, 1.000000000000000000, -0.0000000000000000000 ) ) ;
#4073 = VERTEX_POINT ( 'NONE', #3543 ) ;
#4074 = CARTESIAN_POINT ( 'NONE',  ( 0.7379674688103072810, -0.05000000000000000278, -0.02144999999999946602 ) ) ;
#4075 = ORIENTED_EDGE ( 'NONE', *, *, #5073, .T. ) ;
#4076 = LINE ( 'NONE', #944, #2331 ) ;
#4077 = AXIS2_PLACEMENT_3D ( 'NONE', #3631, #2776, #1615 ) ;
#4078 = ORIENTED_EDGE ( 'NONE', *, *, #564, .F. ) ;
#4079 = DIRECTION ( 'NONE',  ( 0.0000000000000000000, 0.0000000000000000000, 1.000000000000000000 ) ) ;
#4080 =( NAMED_UNIT ( * ) PLANE_ANGLE_UNIT ( ) SI_UNIT ( $, .RADIAN. ) );
#4081 = CARTESIAN_POINT ( 'NONE',  ( 0.07593593762061463803, -0.05000000000000000278, -9.478001694819074349E-34 ) ) ;
#4082 = LINE ( 'NONE', #5209, #2490 ) ;
#4083 = AXIS2_PLACEMENT_3D ( 'NONE', #1895, #1076, #4307 ) ;
#4084 = VERTEX_POINT ( 'NONE', #330 ) ;
#4085 = CIRCLE ( 'NONE', #3323, 0.02855000000000054022 ) ;
#4086 = CARTESIAN_POINT ( 'NONE',  ( 0.04431135598927586627, 0.0000000000000000000, 0.0000000000000000000 ) ) ;
#4087 = ORIENTED_EDGE ( 'NONE', *, *, #1765, .T. ) ;
#4088 = VERTEX_POINT ( 'NONE', #4660 ) ;
#4089 = VECTOR ( 'NONE', #4260, 39.37007874015748854 ) ;
#4090 = EDGE_CURVE ( 'NONE', #2139, #173, #4717, .T. ) ;
#4091 = EDGE_CURVE ( 'NONE', #2190, #2921, #2244, .T. ) ;
#4092 = CARTESIAN_POINT ( 'NONE',  ( 0.0000000000000000000, 0.0000000000000000000, 0.0000000000000000000 ) ) ;
#4093 = DIRECTION ( 'NONE',  ( 1.000000000000000000, 0.0000000000000000000, -5.421193827719211569E-15 ) ) ;
#4094 = VECTOR ( 'NONE', #4146, 39.37007874015748143 ) ;
#4095 = DIRECTION ( 'NONE',  ( -3.491481338843133355E-15, -1.000000000000000000, 0.0000000000000000000 ) ) ;
#4096 = DIRECTION ( 'NONE',  ( -1.000000000000000000, 0.0000000000000000000, 6.998027963638287744E-17 ) ) ;
#4097 = ORIENTED_EDGE ( 'NONE', *, *, #3485, .T. ) ;
#4098 = APPLICATION_CONTEXT ( 'automotive_design' ) ;
#4099 = CARTESIAN_POINT ( 'NONE',  ( 0.9879674688103075031, -0.05000000000000000278, -0.1842499999999992755 ) ) ;
#4100 = AXIS2_PLACEMENT_3D ( 'NONE', #5198, #3092, #2293 ) ;
#4101 = LINE ( 'NONE', #4956, #4161 ) ;
#4102 = ORIENTED_EDGE ( 'NONE', *, *, #2633, .T. ) ;
#4103 = CARTESIAN_POINT ( 'NONE',  ( -0.01203253118969264089, -0.05000000000000000278, -0.1842499999999996918 ) ) ;
#4104 = VECTOR ( 'NONE', #248, 39.37007874015748143 ) ;
#4105 = ORIENTED_EDGE ( 'NONE', *, *, #4591, .T. ) ;
#4106 = DIRECTION ( 'NONE',  ( -1.000000000000000000, 0.0000000000000000000, 6.998027963638287744E-17 ) ) ;
#4107 = VECTOR ( 'NONE', #4970, 39.37007874015748854 ) ;
#4108 = CIRCLE ( 'NONE', #2923, 0.02855000000000052982 ) ;
#4109 = ORIENTED_EDGE ( 'NONE', *, *, #3105, .F. ) ;
#4110 = LINE ( 'NONE', #4505, #2221 ) ;
#4111 = LENGTH_MEASURE_WITH_UNIT ( LENGTH_MEASURE( 0.02539999999999999897 ), #1621 );
#4112 = DIRECTION ( 'NONE',  ( -0.0000000000000000000, 1.000000000000000000, -0.0000000000000000000 ) ) ;
#4113 = LINE ( 'NONE', #1775, #1054 ) ;
#4114 = VECTOR ( 'NONE', #4358, 39.37007874015748143 ) ;
#4115 = VERTEX_POINT ( 'NONE', #1504 ) ;
#4116 = CARTESIAN_POINT ( 'NONE',  ( 0.9816674688103075308, -0.05000000000000000278, -0.01574999999999967745 ) ) ;
#4117 = VERTEX_POINT ( 'NONE', #1475 ) ;
#4118 = LINE ( 'NONE', #2524, #114 ) ;
#4119 = ORIENTED_EDGE ( 'NONE', *, *, #4514, .T. ) ;
#4120 = DIRECTION ( 'NONE',  ( -0.9396926207859092051, 0.0000000000000000000, 0.3420201433256666035 ) ) ;
#4121 = CARTESIAN_POINT ( 'NONE',  ( 0.2816684688103074374, -0.05000000000000000278, -0.1842499999999996085 ) ) ;
#4122 = CONTEXT_DEPENDENT_SHAPE_REPRESENTATION ( #1562, #5162 ) ;
#4123 = CARTESIAN_POINT ( 'NONE',  ( 0.4816684688103075040, 0.0000000000000000000, -0.1842499999999996085 ) ) ;
#4124 = VERTEX_POINT ( 'NONE', #3961 ) ;
#4125 = ADVANCED_FACE ( 'NONE', ( #2635 ), #1865, .F. ) ;
#4126 = EDGE_CURVE ( 'NONE', #81, #2145, #2693, .T. ) ;
#4127 = PLANE ( 'NONE',  #3405 ) ;
#4128 = EDGE_LOOP ( 'NONE', ( #2234, #946 ) ) ;
#4129 = CYLINDRICAL_SURFACE ( 'NONE', #4518, 0.02855000000000054022 ) ;
#4130 = ORIENTED_EDGE ( 'NONE', *, *, #3582, .T. ) ;
#4131 = CARTESIAN_POINT ( 'NONE',  ( 0.0000000000000000000, 0.0000000000000000000, 0.0000000000000000000 ) ) ;
#4132 = EDGE_CURVE ( 'NONE', #2710, #3439, #5130, .T. ) ;
#4133 = VERTEX_POINT ( 'NONE', #2744 ) ;
#4134 = PLANE ( 'NONE',  #275 ) ;
#4135 = FILL_AREA_STYLE_COLOUR ( '', #220 ) ;
#4136 = DIRECTION ( 'NONE',  ( 1.000000000000000000, 0.0000000000000000000, -0.0000000000000000000 ) ) ;
#4137 = LINE ( 'NONE', #2993, #380 ) ;
#4138 = VERTEX_POINT ( 'NONE', #3062 ) ;
#4139 = FACE_OUTER_BOUND ( 'NONE', #3675, .T. ) ;
#4140 = ORIENTED_EDGE ( 'NONE', *, *, #245, .T. ) ;
#4141 = DIRECTION ( 'NONE',  ( -0.0000000000000000000, 1.000000000000000000, -0.0000000000000000000 ) ) ;
#4142 = ORIENTED_EDGE ( 'NONE', *, *, #824, .F. ) ;
#4143 = CARTESIAN_POINT ( 'NONE',  ( 0.8379674688103072588, 0.0000000000000000000, -0.02144999999999946602 ) ) ;
#4144 = CARTESIAN_POINT ( 'NONE',  ( 0.2379674688103072255, 3.673940397442064486E-19, -0.1785500000000005416 ) ) ;
#4145 = ITEM_DEFINED_TRANSFORMATION ( 'NONE', 'NONE', #1336,  #1156 ) ;
#4146 = DIRECTION ( 'NONE',  ( 1.000000000000000000, 0.0000000000000000000, -5.421193827719211569E-15 ) ) ;
#4147 = ORIENTED_EDGE ( 'NONE', *, *, #245, .F. ) ;
#4148 = DIRECTION ( 'NONE',  ( -1.000000000000000000, -0.0000000000000000000, -0.0000000000000000000 ) ) ;
#4149 = EDGE_LOOP ( 'NONE', ( #3144, #230, #3614, #2425 ) ) ;
#4150 = ADVANCED_FACE ( 'NONE', ( #3486 ), #1047, .T. ) ;
#4151 = DIRECTION ( 'NONE',  ( 0.3420201433256633283, 0.0000000000000000000, -0.9396926207859103153 ) ) ;
#4152 = ORIENTED_EDGE ( 'NONE', *, *, #202, .F. ) ;
#4153 = CARTESIAN_POINT ( 'NONE',  ( 0.7379674688103072810, 0.0000000000000000000, -0.1214499999999994612 ) ) ;
#4154 = ORIENTED_EDGE ( 'NONE', *, *, #524, .F. ) ;
#4155 = ADVANCED_FACE ( 'NONE', ( #2270 ), #1019, .F. ) ;
#4156 = EDGE_CURVE ( 'NONE', #2735, #679, #3850, .T. ) ;
#4157 = FACE_BOUND ( 'NONE', #1878, .T. ) ;
#4158 = DIRECTION ( 'NONE',  ( -0.0000000000000000000, 1.000000000000000000, -0.0000000000000000000 ) ) ;
#4159 = CARTESIAN_POINT ( 'NONE',  ( 0.4379674688103072366, 0.0000000000000000000, -0.07855000000000052218 ) ) ;
#4160 = EDGE_CURVE ( 'NONE', #3880, #1546, #756, .T. ) ;
#4161 = VECTOR ( 'NONE', #1363, 39.37007874015748854 ) ;
#4162 = EDGE_LOOP ( 'NONE', ( #2933, #1616, #4726, #1331 ) ) ;
#4163 = CARTESIAN_POINT ( 'NONE',  ( 0.8759359376206147241, 0.0000000000000000000, -9.478001694819074349E-34 ) ) ;
#4164 = EDGE_LOOP ( 'NONE', ( #3548, #1433, #773, #527 ) ) ;
#4165 = DIRECTION ( 'NONE',  ( 0.0000000000000000000, 0.0000000000000000000, 1.000000000000000000 ) ) ;
#4166 = AXIS2_PLACEMENT_3D ( 'NONE', #1556, #1950, #357 ) ;
#4167 = VERTEX_POINT ( 'NONE', #31 ) ;
#4168 = CIRCLE ( 'NONE', #2642, 0.02855000000000054022 ) ;
#4169 = DIRECTION ( 'NONE',  ( 0.0000000000000000000, 0.0000000000000000000, 1.000000000000000000 ) ) ;
#4170 = LINE ( 'NONE', #4123, #541 ) ;
#4171 = ORIENTED_EDGE ( 'NONE', *, *, #731, .F. ) ;
#4172 = VECTOR ( 'NONE', #3947, 39.37007874015748143 ) ;
#4173 = AXIS2_PLACEMENT_3D ( 'NONE', #2610, #3403, #115 ) ;
#4174 = DIRECTION ( 'NONE',  ( -0.9396926207859092051, 0.0000000000000000000, 0.3420201433256666035 ) ) ;
#4175 = ORIENTED_EDGE ( 'NONE', *, *, #2728, .T. ) ;
#4176 = LINE ( 'NONE', #4637, #3499 ) ;
#4177 = ORIENTED_EDGE ( 'NONE', *, *, #3888, .F. ) ;
#4178 = CARTESIAN_POINT ( 'NONE',  ( 0.09426646881030741054, 0.0000000000000000000, -0.01574999999999998623 ) ) ;
#4179 = CONICAL_SURFACE ( 'NONE', #5118, 0.02150000000000002950, 0.7853981633974419507 ) ;
#4180 = ORIENTED_EDGE ( 'NONE', *, *, #167, .T. ) ;
#4181 = AXIS2_PLACEMENT_3D ( 'NONE', #1753, #2597, #3765 ) ;
#4182 = VECTOR ( 'NONE', #1547, 39.37007874015748143 ) ;
#4183 = CARTESIAN_POINT ( 'NONE',  ( 0.9379674688103073477, -0.05000000000000000278, -0.04999999999999999584 ) ) ;
#4184 =( CONVERSION_BASED_UNIT ( 'INCH', #4111 ) LENGTH_UNIT ( ) NAMED_UNIT ( #377 ) );
#4185 = CARTESIAN_POINT ( 'NONE',  ( 0.07593593762061463803, -0.05000000000000000278, -0.1999999999999999833 ) ) ;
#4186 = DIRECTION ( 'NONE',  ( -0.9396926207859072067, 0.0000000000000000000, -0.3420201433256721546 ) ) ;
#4187 = AXIS2_PLACEMENT_3D ( 'NONE', #4250, #650, #624 ) ;
#4188 = VECTOR ( 'NONE', #1540, 39.37007874015748143 ) ;
#4189 = EDGE_CURVE ( 'NONE', #2754, #1638, #814, .T. ) ;
#4190 = ORIENTED_EDGE ( 'NONE', *, *, #3933, .F. ) ;
#4191 = DIRECTION ( 'NONE',  ( -1.000000000000000000, 0.0000000000000000000, -0.0000000000000000000 ) ) ;
#4192 = EDGE_CURVE ( 'NONE', #3567, #4377, #1203, .T. ) ;
#4193 = ORIENTED_EDGE ( 'NONE', *, *, #3715, .T. ) ;
#4194 = VECTOR ( 'NONE', #2025, 39.37007874015748143 ) ;
#4195 = AXIS2_PLACEMENT_3D ( 'NONE', #141, #3002, #1013 ) ;
#4196 = DIRECTION ( 'NONE',  ( -0.0000000000000000000, 1.000000000000000000, -0.0000000000000000000 ) ) ;
#4197 = EDGE_LOOP ( 'NONE', ( #491, #219, #4844, #3489 ) ) ;
#4198 = DIRECTION ( 'NONE',  ( -0.0000000000000000000, 1.000000000000000000, -0.0000000000000000000 ) ) ;
#4199 = VECTOR ( 'NONE', #4003, 39.37007874015748143 ) ;
#4200 = CARTESIAN_POINT ( 'NONE',  ( 0.4942664688103074466, 0.0000000000000000000, -0.01574999999999998623 ) ) ;
#4201 = EDGE_CURVE ( 'NONE', #1913, #932, #2450, .T. ) ;
#4202 = CONTEXT_DEPENDENT_SHAPE_REPRESENTATION ( #848, #3554 ) ;
#4203 = CARTESIAN_POINT ( 'NONE',  ( 0.5816684688103075374, 0.0000000000000000000, -0.1842499999999996085 ) ) ;
#4204 = ORIENTED_EDGE ( 'NONE', *, *, #2981, .F. ) ;
#4205 = FACE_OUTER_BOUND ( 'NONE', #1484, .T. ) ;
#4206 = ORIENTED_EDGE ( 'NONE', *, *, #3526, .F. ) ;
#4207 = DIRECTION ( 'NONE',  ( -1.000000000000000000, -0.0000000000000000000, -0.0000000000000000000 ) ) ;
#4208 = EDGE_LOOP ( 'NONE', ( #2539, #3759 ) ) ;
#4209 = FACE_OUTER_BOUND ( 'NONE', #2893, .T. ) ;
#4210 = PRODUCT_DEFINITION_FORMATION_WITH_SPECIFIED_SOURCE ( 'ANY', '', #4826, .NOT_KNOWN. ) ;
#4211 = EDGE_LOOP ( 'NONE', ( #641, #2246, #2627, #2613 ) ) ;
#4212 = CARTESIAN_POINT ( 'NONE',  ( 0.03796746881030719362, -0.05000000000000000278, -0.1214499999999994612 ) ) ;
#4213 = DIRECTION ( 'NONE',  ( 1.047444401652940007E-14, -1.000000000000000000, 0.0000000000000000000 ) ) ;
#4214 = DIRECTION ( 'NONE',  ( -0.0000000000000000000, 1.000000000000000000, -0.0000000000000000000 ) ) ;
#4215 = CARTESIAN_POINT ( 'NONE',  ( 0.9759349376206141180, -0.05000000000000000278, 0.0000000000000000000 ) ) ;
#4216 = ORIENTED_EDGE ( 'NONE', *, *, #2934, .T. ) ;
#4217 = DIRECTION ( 'NONE',  ( -0.3420201433256694346, -0.0000000000000000000, -0.9396926207859080948 ) ) ;
#4218 = ORIENTED_EDGE ( 'NONE', *, *, #694, .T. ) ;
#4219 = CARTESIAN_POINT ( 'NONE',  ( 0.8942664688103074688, -0.05000000000000000278, -0.01574999999999998623 ) ) ;
#4220 = EDGE_CURVE ( 'NONE', #2678, #262, #2850, .T. ) ;
#4221 = ORIENTED_EDGE ( 'NONE', *, *, #2894, .F. ) ;
#4222 = DIRECTION ( 'NONE',  ( 0.3420201433256665480, -0.0000000000000000000, 0.9396926207859092051 ) ) ;
#4223 = CARTESIAN_POINT ( 'NONE',  ( 0.8379674688103072588, 0.0000000000000000000, -0.07855000000000052218 ) ) ;
#4224 = ADVANCED_FACE ( 'NONE', ( #1260 ), #2818, .F. ) ;
#4225 = DIRECTION ( 'NONE',  ( 1.000000000000000000, 0.0000000000000000000, -5.421193827719211569E-15 ) ) ;
#4226 = ADVANCED_FACE ( 'NONE', ( #4389, #2873 ), #4441, .F. ) ;
#4227 = DIRECTION ( 'NONE',  ( -0.0000000000000000000, 1.000000000000000000, -0.0000000000000000000 ) ) ;
#4228 = ORIENTED_EDGE ( 'NONE', *, *, #4294, .F. ) ;
#4229 = DIRECTION ( 'NONE',  ( 0.0000000000000000000, 0.0000000000000000000, 1.000000000000000000 ) ) ;
#4230 = VERTEX_POINT ( 'NONE', #5219 ) ;
#4231 = CARTESIAN_POINT ( 'NONE',  ( 0.5379674688103072144, 3.673940397442064486E-19, -0.1785500000000005416 ) ) ;
#4232 = ORIENTED_EDGE ( 'NONE', *, *, #924, .T. ) ;
#4233 = CARTESIAN_POINT ( 'NONE',  ( 0.2379674688103072255, 3.673940397442064486E-19, -0.04999999999999999584 ) ) ;
#4234 = DIRECTION ( 'NONE',  ( 0.0000000000000000000, 0.0000000000000000000, 1.000000000000000000 ) ) ;
#4235 = DIRECTION ( 'NONE',  ( -0.0000000000000000000, 1.000000000000000000, -0.0000000000000000000 ) ) ;
#4236 = DIRECTION ( 'NONE',  ( -0.3420201433256694346, -0.0000000000000000000, -0.9396926207859080948 ) ) ;
#4237 = ORIENTED_EDGE ( 'NONE', *, *, #1011, .F. ) ;
#4238 = CARTESIAN_POINT ( 'NONE',  ( 0.9379674688103073477, -0.05000000000000000278, -0.07855000000000052218 ) ) ;
#4239 = DIRECTION ( 'NONE',  ( -0.0000000000000000000, 1.000000000000000000, -0.0000000000000000000 ) ) ;
#4240 = ORIENTED_EDGE ( 'NONE', *, *, #658, .T. ) ;
#4241 = DIRECTION ( 'NONE',  ( -0.0000000000000000000, 1.000000000000000000, -0.0000000000000000000 ) ) ;
#4242 = EDGE_LOOP ( 'NONE', ( #901, #3500, #1395, #3946 ) ) ;
#4243 = DIRECTION ( 'NONE',  ( 0.0000000000000000000, 0.0000000000000000000, 1.000000000000000000 ) ) ;
#4244 = VECTOR ( 'NONE', #1976, 39.37007874015748854 ) ;
#4245 = CARTESIAN_POINT ( 'NONE',  ( 0.6379674688103071922, 0.0000000000000000000, -0.07855000000000052218 ) ) ;
#4246 = DIRECTION ( 'NONE',  ( -0.0000000000000000000, 1.000000000000000000, -0.0000000000000000000 ) ) ;
#4247 = AXIS2_PLACEMENT_3D ( 'NONE', #2808, #1620, #1250 ) ;
#4248 = EDGE_CURVE ( 'NONE', #1919, #5240, #2079, .T. ) ;
#4249 = EDGE_CURVE ( 'NONE', #3344, #1596, #1397, .T. ) ;
#4250 = CARTESIAN_POINT ( 'NONE',  ( 0.8816684688103074707, -0.05000000000000000278, -0.01574999999999998623 ) ) ;
#4251 = ORIENTED_EDGE ( 'NONE', *, *, #3348, .F. ) ;
#4252 = AXIS2_PLACEMENT_3D ( 'NONE', #3912, #5117, #2357 ) ;
#4253 = CARTESIAN_POINT ( 'NONE',  ( 0.7999990000000001267, 0.0000000000000000000, -0.1999999999999999833 ) ) ;
#4254 = EDGE_CURVE ( 'NONE', #2554, #4380, #4016, .T. ) ;
#4255 = ORIENTED_EDGE ( 'NONE', *, *, #3800, .F. ) ;
#4256 = CARTESIAN_POINT ( 'NONE',  ( 0.09999900000000011557, -0.05000000000000000278, -0.1999999999999999833 ) ) ;
#4257 = AXIS2_PLACEMENT_3D ( 'NONE', #4931, #1294, #2906 ) ;
#4258 = DIMENSIONAL_EXPONENTS ( 1.000000000000000000, 0.0000000000000000000, 0.0000000000000000000, 0.0000000000000000000, 0.0000000000000000000, 0.0000000000000000000, 0.0000000000000000000 ) ;
#4259 = ORIENTED_EDGE ( 'NONE', *, *, #2117, .F. ) ;
#4260 = DIRECTION ( 'NONE',  ( 0.3420201433256633283, 0.0000000000000000000, -0.9396926207859103153 ) ) ;
#4261 = CARTESIAN_POINT ( 'NONE',  ( 0.5942664688103074244, -0.05000000000000000278, -0.1842499999999996918 ) ) ;
#4262 = CIRCLE ( 'NONE', #1140, 0.02855000000000054022 ) ;
#4263 = CARTESIAN_POINT ( 'NONE',  ( 0.2379674688103072255, 0.0000000000000000000, -0.04999999999999999584 ) ) ;
#4264 =( REPRESENTATION_RELATIONSHIP ('NONE','NONE', #813, #979 ) REPRESENTATION_RELATIONSHIP_WITH_TRANSFORMATION ( #1262 )SHAPE_REPRESENTATION_RELATIONSHIP( ) );
#4265 = AXIS2_PLACEMENT_3D ( 'NONE', #2566, #4186, #2520 ) ;
#4266 = VECTOR ( 'NONE', #1522, 39.37007874015748143 ) ;
#4267 = ORIENTED_EDGE ( 'NONE', *, *, #3285, .T. ) ;
#4268 = CARTESIAN_POINT ( 'NONE',  ( 0.07800000000000031908, 1.959434878635766571E-18, -0.01049999999999998851 ) ) ;
#4269 = DIRECTION ( 'NONE',  ( 0.0000000000000000000, 0.0000000000000000000, 1.000000000000000000 ) ) ;
#4270 = ORIENTED_EDGE ( 'NONE', *, *, #1402, .F. ) ;
#4271 = DIRECTION ( 'NONE',  ( 0.0000000000000000000, 0.0000000000000000000, 1.000000000000000000 ) ) ;
#4272 = ORIENTED_EDGE ( 'NONE', *, *, #2283, .F. ) ;
#4273 = CYLINDRICAL_SURFACE ( 'NONE', #2069, 0.01450000000000062350 ) ;
#4274 = VECTOR ( 'NONE', #4552, 39.37007874015748143 ) ;
#4275 = VECTOR ( 'NONE', #172, 39.37007874015748143 ) ;
#4276 = VECTOR ( 'NONE', #4895, 39.37007874015748143 ) ;
#4277 = AXIS2_PLACEMENT_3D ( 'NONE', #3956, #4680, #1945 ) ;
#4278 = FACE_OUTER_BOUND ( 'NONE', #2104, .T. ) ;
#4279 = DIRECTION ( 'NONE',  ( -6.998027963638287744E-17, 0.0000000000000000000, -1.000000000000000000 ) ) ;
#4280 = DIRECTION ( 'NONE',  ( 0.3420201433256633283, 0.0000000000000000000, -0.9396926207859103153 ) ) ;
#4281 = LINE ( 'NONE', #3879, #1457 ) ;
#4282 = ORIENTED_EDGE ( 'NONE', *, *, #1187, .T. ) ;
#4283 = PLANE ( 'NONE',  #4948 ) ;
#4284 = ADVANCED_FACE ( 'NONE', ( #837 ), #1181, .F. ) ;
#4285 = ORIENTED_EDGE ( 'NONE', *, *, #1672, .F. ) ;
#4286 = DIRECTION ( 'NONE',  ( 0.9396926207859082059, 0.0000000000000000000, -0.3420201433256693790 ) ) ;
#4287 = EDGE_CURVE ( 'NONE', #5019, #4041, #436, .T. ) ;
#4288 = ORIENTED_EDGE ( 'NONE', *, *, #3421, .F. ) ;
#4289 = VERTEX_POINT ( 'NONE', #780 ) ;
#4290 = PLANE ( 'NONE',  #192 ) ;
#4291 = LINE ( 'NONE', #3106, #30 ) ;
#4292 = EDGE_CURVE ( 'NONE', #4063, #2277, #3624, .T. ) ;
#4293 = DIRECTION ( 'NONE',  ( 0.0000000000000000000, 0.0000000000000000000, 1.000000000000000000 ) ) ;
#4294 = EDGE_CURVE ( 'NONE', #4835, #1657, #3222, .T. ) ;
#4295 = ORIENTED_EDGE ( 'NONE', *, *, #5008, .F. ) ;
#4296 = DIRECTION ( 'NONE',  ( 0.0000000000000000000, 0.0000000000000000000, 1.000000000000000000 ) ) ;
#4297 = DIRECTION ( 'NONE',  ( -0.0000000000000000000, 1.000000000000000000, -0.0000000000000000000 ) ) ;
#4298 = CYLINDRICAL_SURFACE ( 'NONE', #3663, 0.02650000000000055783 ) ;
#4299 = ORIENTED_EDGE ( 'NONE', *, *, #4036, .T. ) ;
#4300 = CARTESIAN_POINT ( 'NONE',  ( 0.1816684688103074041, 0.0000000000000000000, -0.01574999999999998623 ) ) ;
#4301 = ORIENTED_EDGE ( 'NONE', *, *, #5216, .F. ) ;
#4302 = CARTESIAN_POINT ( 'NONE',  ( 0.6942664688103074022, -0.05000000000000000278, -0.01574999999999998623 ) ) ;
#4303 = CARTESIAN_POINT ( 'NONE',  ( 0.0000000000000000000, -0.05000000000000000278, 0.0000000000000000000 ) ) ;
#4304 = CONTEXT_DEPENDENT_SHAPE_REPRESENTATION ( #4546, #2742 ) ;
#4305 = DIRECTION ( 'NONE',  ( -0.0000000000000000000, 1.000000000000000000, -0.0000000000000000000 ) ) ;
#4306 = CARTESIAN_POINT ( 'NONE',  ( 0.2942664688103074355, -0.05000000000000000278, -0.1842499999999996918 ) ) ;
#4307 = DIRECTION ( 'NONE',  ( 0.0000000000000000000, 0.0000000000000000000, 1.000000000000000000 ) ) ;
#4308 = VERTEX_POINT ( 'NONE', #465 ) ;
#4309 = DIRECTION ( 'NONE',  ( -0.0000000000000000000, 1.000000000000000000, -0.0000000000000000000 ) ) ;
#4310 = ORIENTED_EDGE ( 'NONE', *, *, #2794, .F. ) ;
#4311 = CARTESIAN_POINT ( 'NONE',  ( 0.2816684688103074374, -0.05000000000000000278, -0.01574999999999998623 ) ) ;
#4312 = EDGE_CURVE ( 'NONE', #2065, #3969, #2054, .T. ) ;
#4313 = EDGE_LOOP ( 'NONE', ( #1201, #854 ) ) ;
#4314 = VERTEX_POINT ( 'NONE', #4898 ) ;
#4315 = DIRECTION ( 'NONE',  ( -1.000000000000000000, 0.0000000000000000000, 0.0000000000000000000 ) ) ;
#4316 = DIRECTION ( 'NONE',  ( 0.3420201433256664370, -0.0000000000000000000, 0.9396926207859092051 ) ) ;
#4317 = CARTESIAN_POINT ( 'NONE',  ( 0.0000000000000000000, 3.245314017740554309E-18, -0.02650000000000055783 ) ) ;
#4318 = EDGE_CURVE ( 'NONE', #4857, #4073, #4533, .T. ) ;
#4319 = ORIENTED_EDGE ( 'NONE', *, *, #435, .F. ) ;
#4320 = LINE ( 'NONE', #4752, #4509 ) ;
#4321 = CARTESIAN_POINT ( 'NONE',  ( 0.1579999999999989468, 0.0000000000000000000, 0.0000000000000000000 ) ) ;
#4322 = ORIENTED_EDGE ( 'NONE', *, *, #4986, .T. ) ;
#4323 = PLANE ( 'NONE',  #2826 ) ;
#4324 = ORIENTED_EDGE ( 'NONE', *, *, #5201, .T. ) ;
#4325 = EDGE_CURVE ( 'NONE', #4884, #567, #2083, .T. ) ;
#4326 = CARTESIAN_POINT ( 'NONE',  ( 0.5379674688103072144, 0.0000000000000000000, -0.1785500000000005416 ) ) ;
#4327 = CARTESIAN_POINT ( 'NONE',  ( 0.7816684688103074929, 0.0000000000000000000, -0.01574999999999998623 ) ) ;
#4328 = ITEM_DEFINED_TRANSFORMATION ( 'NONE', 'NONE', #3364,  #1156 ) ;
#4329 = CYLINDRICAL_SURFACE ( 'NONE', #1221, 0.02650000000000055783 ) ;
#4330 = CIRCLE ( 'NONE', #4590, 0.02855000000000052982 ) ;
#4331 = CARTESIAN_POINT ( 'NONE',  ( 0.1759359376206146575, 0.0000000000000000000, -9.478001694819074349E-34 ) ) ;
#4332 = PLANE ( 'NONE',  #3743 ) ;
#4333 = EDGE_LOOP ( 'NONE', ( #145, #826, #2732, #3457 ) ) ;
#4334 = CARTESIAN_POINT ( 'NONE',  ( 0.4379674688103072366, 3.673940397442064486E-19, -0.07855000000000052218 ) ) ;
#4335 = EDGE_LOOP ( 'NONE', ( #716, #665, #4897, #5009 ) ) ;
#4336 = CARTESIAN_POINT ( 'NONE',  ( -0.07279404685323935531, 0.0000000000000000000, 0.0000000000000000000 ) ) ;
#4337 =( GEOMETRIC_REPRESENTATION_CONTEXT ( 3 ) GLOBAL_UNCERTAINTY_ASSIGNED_CONTEXT ( ( #3812 ) ) GLOBAL_UNIT_ASSIGNED_CONTEXT ( ( #1446, #2717, #3063 ) ) REPRESENTATION_CONTEXT ( 'NONE', 'WORKASPACE' ) );
#4338 = VECTOR ( 'NONE', #4731, 39.37007874015748854 ) ;
#4339 = VERTEX_POINT ( 'NONE', #1762 ) ;
#4340 = LINE ( 'NONE', #2332, #4172 ) ;
#4341 = CARTESIAN_POINT ( 'NONE',  ( 0.3816684688103075263, 0.0000000000000000000, -0.1842499999999996085 ) ) ;
#4342 = CARTESIAN_POINT ( 'NONE',  ( 0.0000000000000000000, 0.0000000000000000000, 0.03599999999999819317 ) ) ;
#4343 = AXIS2_PLACEMENT_3D ( 'NONE', #1565, #2756, #5171 ) ;
#4344 = EDGE_LOOP ( 'NONE', ( #148, #4216, #1794, #2081 ) ) ;
#4345 = AXIS2_PLACEMENT_3D ( 'NONE', #2638, #5110, #3521 ) ;
#4346 = CARTESIAN_POINT ( 'NONE',  ( 0.1649999999999989253, 0.0000000000000000000, 0.0000000000000000000 ) ) ;
#4347 = DIRECTION ( 'NONE',  ( -0.0000000000000000000, 1.000000000000000000, -0.0000000000000000000 ) ) ;
#4348 = ORIENTED_EDGE ( 'NONE', *, *, #379, .T. ) ;
#4349 = DIRECTION ( 'NONE',  ( -0.0000000000000000000, 1.000000000000000000, -0.0000000000000000000 ) ) ;
#4350 = ORIENTED_EDGE ( 'NONE', *, *, #4363, .F. ) ;
#4351 = LINE ( 'NONE', #647, #2152 ) ;
#4352 = EDGE_CURVE ( 'NONE', #872, #3733, #4632, .T. ) ;
#4353 = EDGE_CURVE ( 'NONE', #628, #646, #111, .T. ) ;
#4354 = PRODUCT_DEFINITION_SHAPE ( 'NONE', 'NONE',  #5261 ) ;
#4355 = AXIS2_PLACEMENT_3D ( 'NONE', #1242, #1634, #4631 ) ;
#4356 = AXIS2_PLACEMENT_3D ( 'NONE', #3117, #3037, #3854 ) ;
#4357 = EDGE_CURVE ( 'NONE', #1834, #805, #4362, .T. ) ;
#4358 = DIRECTION ( 'NONE',  ( -0.3420201433256694346, -0.0000000000000000000, -0.9396926207859080948 ) ) ;
#4359 = AXIS2_PLACEMENT_3D ( 'NONE', #1088, #4672, #1490 ) ;
#4360 = CIRCLE ( 'NONE', #804, 0.02650000000000055783 ) ;
#4361 = ORIENTED_EDGE ( 'NONE', *, *, #2537, .T. ) ;
#4362 = CIRCLE ( 'NONE', #1570, 0.02855000000000054022 ) ;
#4363 = EDGE_CURVE ( 'NONE', #5240, #1919, #1813, .T. ) ;
#4364 = DIRECTION ( 'NONE',  ( -0.0000000000000000000, 1.000000000000000000, -0.0000000000000000000 ) ) ;
#4365 = LINE ( 'NONE', #733, #4244 ) ;
#4366 = PRESENTATION_STYLE_ASSIGNMENT (( #3546 ) ) ;
#4367 = CARTESIAN_POINT ( 'NONE',  ( 0.03500000000000071804, 3.245314017740554309E-18, -0.02650000000000055783 ) ) ;
#4368 = AXIS2_PLACEMENT_3D ( 'NONE', #328, #3566, #2768 ) ;
#4369 = ORIENTED_EDGE ( 'NONE', *, *, #1341, .F. ) ;
#4370 = FACE_BOUND ( 'NONE', #2337, .T. ) ;
#4371 = VECTOR ( 'NONE', #5178, 39.37007874015748143 ) ;
#4372 = APPLICATION_CONTEXT ( 'automotive_design' ) ;
#4373 = ORIENTED_EDGE ( 'NONE', *, *, #1569, .F. ) ;
#4374 = CARTESIAN_POINT ( 'NONE',  ( 0.01000000000000180606, 0.0000000000000000000, 0.03599999999999819317 ) ) ;
#4375 = DIRECTION ( 'NONE',  ( -0.0000000000000000000, 1.000000000000000000, -0.0000000000000000000 ) ) ;
#4376 = FACE_OUTER_BOUND ( 'NONE', #1513, .T. ) ;
#4377 = VERTEX_POINT ( 'NONE', #2608 ) ;
#4378 = DIRECTION ( 'NONE',  ( 1.000000000000000000, 0.0000000000000000000, 0.0000000000000000000 ) ) ;
#4379 = PLANE ( 'NONE',  #1917 ) ;
#4380 = VERTEX_POINT ( 'NONE', #891 ) ;
#4381 = CYLINDRICAL_SURFACE ( 'NONE', #3261, 0.02855000000000052982 ) ;
#4382 = ORIENTED_EDGE ( 'NONE', *, *, #859, .F. ) ;
#4383 = LINE ( 'NONE', #3191, #1227 ) ;
#4384 = CARTESIAN_POINT ( 'NONE',  ( 0.5942664688103074244, -0.05000000000000000278, -0.01574999999999998623 ) ) ;
#4385 = EDGE_CURVE ( 'NONE', #1612, #2960, #2897, .T. ) ;
#4386 = DIRECTION ( 'NONE',  ( -0.0000000000000000000, 1.000000000000000000, -0.0000000000000000000 ) ) ;
#4387 = EDGE_LOOP ( 'NONE', ( #4708, #5070 ) ) ;
#4388 = EDGE_CURVE ( 'NONE', #2430, #2986, #3377, .T. ) ;
#4389 = FACE_BOUND ( 'NONE', #1729, .T. ) ;
#4390 = DIRECTION ( 'NONE',  ( -1.000000000000000000, -0.0000000000000000000, -0.0000000000000000000 ) ) ;
#4391 = DIRECTION ( 'NONE',  ( 0.0000000000000000000, 0.0000000000000000000, 1.000000000000000000 ) ) ;
#4392 = DIRECTION ( 'NONE',  ( 0.9396926207859082059, 0.0000000000000000000, -0.3420201433256693790 ) ) ;
#4393 = EDGE_LOOP ( 'NONE', ( #4733, #79, #3884, #1065 ) ) ;
#4394 = LINE ( 'NONE', #1980, #1387 ) ;
#4395 = EDGE_CURVE ( 'NONE', #2554, #2063, #1360, .T. ) ;
#4396 = LINE ( 'NONE', #41, #4415 ) ;
#4397 = ORIENTED_EDGE ( 'NONE', *, *, #2444, .T. ) ;
#4398 = CARTESIAN_POINT ( 'NONE',  ( 0.5816684688103075374, -0.05000000000000000278, -0.1842499999999996085 ) ) ;
#4399 = LINE ( 'NONE', #4828, #2580 ) ;
#4400 = CARTESIAN_POINT ( 'NONE',  ( 0.7816684688103074929, -0.05000000000000000278, -0.1842499999999996085 ) ) ;
#4401 = ORIENTED_EDGE ( 'NONE', *, *, #4888, .F. ) ;
#4402 = DIRECTION ( 'NONE',  ( -0.0000000000000000000, 1.000000000000000000, -0.0000000000000000000 ) ) ;
#4403 = CARTESIAN_POINT ( 'NONE',  ( 0.2379674688103072255, 0.0000000000000000000, -0.1785500000000005416 ) ) ;
#4404 = CARTESIAN_POINT ( 'NONE',  ( 0.6816684688103075151, 0.0000000000000000000, -0.01574999999999998623 ) ) ;
#4405 = DIRECTION ( 'NONE',  ( -0.9396926207859092051, 0.0000000000000000000, 0.3420201433256666035 ) ) ;
#4406 = LINE ( 'NONE', #352, #1911 ) ;
#4407 = ORIENTED_EDGE ( 'NONE', *, *, #4160, .T. ) ;
#4408 = DIRECTION ( 'NONE',  ( 1.000000000000000000, 0.0000000000000000000, 0.0000000000000000000 ) ) ;
#4409 = CARTESIAN_POINT ( 'NONE',  ( 0.0000000000000000000, 0.0000000000000000000, 0.0000000000000000000 ) ) ;
#4410 = CARTESIAN_POINT ( 'NONE',  ( 0.9184160289261958932, 2.129741810843843286, 2.022227730851120953 ) ) ;
#4411 = LINE ( 'NONE', #3674, #3330 ) ;
#4412 = ORIENTED_EDGE ( 'NONE', *, *, #1887, .F. ) ;
#4413 = CARTESIAN_POINT ( 'NONE',  ( 0.4816684688103075040, 0.0000000000000000000, -0.1842499999999996085 ) ) ;
#4414 = EDGE_CURVE ( 'NONE', #805, #1834, #5044, .T. ) ;
#4415 = VECTOR ( 'NONE', #4072, 39.37007874015748143 ) ;
#4416 = EDGE_CURVE ( 'NONE', #1246, #4124, #4976, .T. ) ;
#4418 = EDGE_CURVE ( 'NONE', #3564, #1626, #4520, .T. ) ;
#4417 = LINE ( 'NONE', #3606, #1026 ) ;
#4419 = EDGE_LOOP ( 'NONE', ( #1229, #3066, #123, #350 ) ) ;
#4420 = VECTOR ( 'NONE', #2904, 39.37007874015748143 ) ;
#4421 = DIRECTION ( 'NONE',  ( -1.000000000000000000, -0.0000000000000000000, -0.0000000000000000000 ) ) ;
#4422 = CYLINDRICAL_SURFACE ( 'NONE', #1149, 0.02855000000000054022 ) ;
#4423 = VECTOR ( 'NONE', #3155, 39.37007874015748143 ) ;
#4425 = ADVANCED_FACE ( 'NONE', ( #961 ), #60, .F. ) ;
#4424 = ORIENTED_EDGE ( 'NONE', *, *, #40, .T. ) ;
#4426 = CYLINDRICAL_SURFACE ( 'NONE', #4247, 0.02855000000000052982 ) ;
#4427 = DIRECTION ( 'NONE',  ( 1.000000000000000000, 0.0000000000000000000, 0.0000000000000000000 ) ) ;
#4428 = DIRECTION ( 'NONE',  ( -0.0000000000000000000, 1.000000000000000000, -0.0000000000000000000 ) ) ;
#4429 = VECTOR ( 'NONE', #4500, 39.37007874015748143 ) ;
#4430 = CARTESIAN_POINT ( 'NONE',  ( 0.9379674688103073477, -0.05000000000000000278, -0.1785500000000005416 ) ) ;
#4431 = VECTOR ( 'NONE', #3627, 39.37007874015748143 ) ;
#4432 = ORIENTED_EDGE ( 'NONE', *, *, #3897, .T. ) ;
#4433 = FACE_OUTER_BOUND ( 'NONE', #128, .T. ) ;
#4434 = VERTEX_POINT ( 'NONE', #2187 ) ;
#4435 = ORIENTED_EDGE ( 'NONE', *, *, #1923, .T. ) ;
#4436 = VECTOR ( 'NONE', #3776, 39.37007874015748143 ) ;
#4437 = MECHANICAL_DESIGN_GEOMETRIC_PRESENTATION_REPRESENTATION (  '', ( #3678 ), #4611 ) ;
#4438 =( REPRESENTATION_RELATIONSHIP ('NONE','NONE', #813, #412 ) REPRESENTATION_RELATIONSHIP_WITH_TRANSFORMATION ( #438 )SHAPE_REPRESENTATION_RELATIONSHIP( ) );
#4439 = AXIS2_PLACEMENT_3D ( 'NONE', #685, #5042, #319 ) ;
#4440 = VECTOR ( 'NONE', #5235, 39.37007874015748143 ) ;
#4441 = PLANE ( 'NONE',  #3005 ) ;
#4442 = DIRECTION ( 'NONE',  ( -1.000000000000000000, -0.0000000000000000000, -0.0000000000000000000 ) ) ;
#4443 =( CONVERSION_BASED_UNIT ( 'INCH', #358 ) LENGTH_UNIT ( ) NAMED_UNIT ( #4679 ) );
#4444 = FACE_OUTER_BOUND ( 'NONE', #4162, .T. ) ;
#4445 = ORIENTED_EDGE ( 'NONE', *, *, #2607, .F. ) ;
#4446 = FACE_BOUND ( 'NONE', #5144, .T. ) ;
#4447 = VECTOR ( 'NONE', #4689, 39.37007874015748143 ) ;
#4448 = VECTOR ( 'NONE', #2066, 39.37007874015748143 ) ;
#4449 = CARTESIAN_POINT ( 'NONE',  ( 0.08166846881030741245, 0.0000000000000000000, -0.1842499999999996085 ) ) ;
#4450 = VECTOR ( 'NONE', #511, 39.37007874015748143 ) ;
#4451 = ORIENTED_EDGE ( 'NONE', *, *, #3862, .T. ) ;
#4452 = VECTOR ( 'NONE', #2657, 39.37007874015748143 ) ;
#4453 = EDGE_CURVE ( 'NONE', #165, #3284, #1684, .T. ) ;
#4454 = DIRECTION ( 'NONE',  ( -0.9396926207859072067, 0.0000000000000000000, -0.3420201433256721546 ) ) ;
#4455 = LINE ( 'NONE', #4052, #3090 ) ;
#4456 = VECTOR ( 'NONE', #590, 39.37007874015748854 ) ;
#4457 = EDGE_LOOP ( 'NONE', ( #3538, #1052, #1868, #475 ) ) ;
#4458 = EDGE_CURVE ( 'NONE', #999, #3782, #163, .T. ) ;
#4459 = DIRECTION ( 'NONE',  ( -0.0000000000000000000, 1.000000000000000000, -0.0000000000000000000 ) ) ;
#4460 = CARTESIAN_POINT ( 'NONE',  ( 0.0000000000000000000, -0.05000000000000000278, 0.0000000000000000000 ) ) ;
#4461 = DIRECTION ( 'NONE',  ( -0.0000000000000000000, 1.000000000000000000, -0.0000000000000000000 ) ) ;
#4462 = LINE ( 'NONE', #3293, #3598 ) ;
#4463 = EDGE_CURVE ( 'NONE', #865, #3444, #1736, .T. ) ;
#4464 = ORIENTED_EDGE ( 'NONE', *, *, #853, .F. ) ;
#4465 = CARTESIAN_POINT ( 'NONE',  ( 0.08300000000000018474, 0.0000000000000000000, 0.0000000000000000000 ) ) ;
#4466 = ORIENTED_EDGE ( 'NONE', *, *, #737, .F. ) ;
#4467 = ORIENTED_EDGE ( 'NONE', *, *, #5143, .F. ) ;
#4468 = AXIS2_PLACEMENT_3D ( 'NONE', #5065, #4643, #332 ) ;
#4469 = CARTESIAN_POINT ( 'NONE',  ( 0.6379674688103071922, 0.0000000000000000000, -0.1499999999999999944 ) ) ;
#4470 = DIRECTION ( 'NONE',  ( -1.000000000000000000, 0.0000000000000000000, 6.998027963638287744E-17 ) ) ;
#4471 =( NAMED_UNIT ( * ) PLANE_ANGLE_UNIT ( ) SI_UNIT ( $, .RADIAN. ) );
#4472 = LINE ( 'NONE', #2007, #2398 ) ;
#4473 = ORIENTED_EDGE ( 'NONE', *, *, #1700, .F. ) ;
#4474 = DIRECTION ( 'NONE',  ( 0.0000000000000000000, 0.0000000000000000000, 1.000000000000000000 ) ) ;
#4475 = DIRECTION ( 'NONE',  ( -0.0000000000000000000, 1.000000000000000000, -0.0000000000000000000 ) ) ;
#4476 = VERTEX_POINT ( 'NONE', #1285 ) ;
#4477 = CARTESIAN_POINT ( 'NONE',  ( 0.1379674688103071922, 3.673940397442064486E-19, -0.1214499999999994612 ) ) ;
#4478 = ORIENTED_EDGE ( 'NONE', *, *, #4385, .T. ) ;
#4479 = DIRECTION ( 'NONE',  ( -0.3420201433256693790, 0.0000000000000000000, -0.9396926207859082059 ) ) ;
#4480 = VERTEX_POINT ( 'NONE', #1782 ) ;
#4481 = CARTESIAN_POINT ( 'NONE',  ( 0.4379674688103072366, 3.673940397442064486E-19, -0.1785500000000005416 ) ) ;
#4482 = PLANE ( 'NONE',  #4015 ) ;
#4483 = CARTESIAN_POINT ( 'NONE',  ( 0.1379674688103071922, -0.05000000000000000278, -0.07855000000000052218 ) ) ;
#4484 = ADVANCED_FACE ( 'NONE', ( #3401 ), #1338, .F. ) ;
#4485 = EDGE_CURVE ( 'NONE', #2676, #2554, #2929, .T. ) ;
#4486 = ORIENTED_EDGE ( 'NONE', *, *, #3517, .F. ) ;
#4487 = DIRECTION ( 'NONE',  ( 0.0000000000000000000, 0.0000000000000000000, 1.000000000000000000 ) ) ;
#4488 = EDGE_CURVE ( 'NONE', #2182, #344, #2526, .T. ) ;
#4489 = VERTEX_POINT ( 'NONE', #2133 ) ;
#4490 = ORIENTED_EDGE ( 'NONE', *, *, #3319, .T. ) ;
#4491 = DIRECTION ( 'NONE',  ( 0.0000000000000000000, 0.0000000000000000000, 1.000000000000000000 ) ) ;
#4492 = DIRECTION ( 'NONE',  ( -1.000000000000000000, 0.0000000000000000000, 6.998027963638287744E-17 ) ) ;
#4493 = ADVANCED_FACE ( 'NONE', ( #3747 ), #1738, .F. ) ;
#4494 = DIRECTION ( 'NONE',  ( 0.0000000000000000000, 0.0000000000000000000, 1.000000000000000000 ) ) ;
#4495 = CARTESIAN_POINT ( 'NONE',  ( 0.3379674688103072033, -0.05000000000000000278, -0.04999999999999999584 ) ) ;
#4496 = VERTEX_POINT ( 'NONE', #1120 ) ;
#4497 = CARTESIAN_POINT ( 'NONE',  ( 0.0000000000000000000, 0.0000000000000000000, 0.01450000000000062350 ) ) ;
#4498 = DIRECTION ( 'NONE',  ( 0.3420201433256633283, 0.0000000000000000000, -0.9396926207859103153 ) ) ;
#4499 = ORIENTED_EDGE ( 'NONE', *, *, #3715, .F. ) ;
#4500 = DIRECTION ( 'NONE',  ( -0.0000000000000000000, 1.000000000000000000, -0.0000000000000000000 ) ) ;
#4501 = VERTEX_POINT ( 'NONE', #1417 ) ;
#4502 = CARTESIAN_POINT ( 'NONE',  ( 0.1489999999999999658, 0.0000000000000000000, 0.01049999999999998157 ) ) ;
#4503 = VECTOR ( 'NONE', #3382, 39.37007874015748143 ) ;
#4504 = EDGE_LOOP ( 'NONE', ( #626, #584, #4944, #807 ) ) ;
#4505 = CARTESIAN_POINT ( 'NONE',  ( 0.9759349376206162274, -0.05000000000000000278, -0.1999999999999997058 ) ) ;
#4506 = LENGTH_MEASURE_WITH_UNIT ( LENGTH_MEASURE( 0.02539999999999999897 ), #1351 );
#4507 = CARTESIAN_POINT ( 'NONE',  ( 0.3816684688103073597, -0.05000000000000000278, -0.01574999999999998623 ) ) ;
#4508 = DIRECTION ( 'NONE',  ( -1.000000000000000000, 0.0000000000000000000, -0.0000000000000000000 ) ) ;
#4509 = VECTOR ( 'NONE', #1459, 39.37007874015748143 ) ;
#4510 = ORIENTED_EDGE ( 'NONE', *, *, #672, .T. ) ;
#4511 = VECTOR ( 'NONE', #2941, 39.37007874015748854 ) ;
#4512 = DIRECTION ( 'NONE',  ( 0.0000000000000000000, 0.0000000000000000000, 1.000000000000000000 ) ) ;
#4513 = ORIENTED_EDGE ( 'NONE', *, *, #1614, .T. ) ;
#4514 = EDGE_CURVE ( 'NONE', #1919, #1845, #1838, .T. ) ;
#4515 = DIRECTION ( 'NONE',  ( 0.3420201433256633283, 0.0000000000000000000, -0.9396926207859103153 ) ) ;
#4516 = EDGE_CURVE ( 'NONE', #2391, #81, #4685, .T. ) ;
#4517 = VERTEX_POINT ( 'NONE', #3823 ) ;
#4518 = AXIS2_PLACEMENT_3D ( 'NONE', #3728, #89, #3940 ) ;
#4519 = ADVANCED_FACE ( 'NONE', ( #2238 ), #673, .T. ) ;
#4520 = LINE ( 'NONE', #3007, #3433 ) ;
#4521 = CARTESIAN_POINT ( 'NONE',  ( 0.5379674688103072144, 0.0000000000000000000, -0.1214499999999994612 ) ) ;
#4522 = CIRCLE ( 'NONE', #1561, 0.02855000000000054022 ) ;
#4523 = DIRECTION ( 'NONE',  ( -3.491481338843133355E-15, -1.000000000000000000, 0.0000000000000000000 ) ) ;
#4524 = EDGE_CURVE ( 'NONE', #4960, #1356, #189, .T. ) ;
#4525 = DIRECTION ( 'NONE',  ( -0.0000000000000000000, 1.000000000000000000, -0.0000000000000000000 ) ) ;
#4526 = VERTEX_POINT ( 'NONE', #2631 ) ;
#4527 = ADVANCED_FACE ( 'NONE', ( #3853 ), #3347, .T. ) ;
#4528 = AXIS2_PLACEMENT_3D ( 'NONE', #2621, #3887, #3532 ) ;
#4529 = VECTOR ( 'NONE', #4549, 39.37007874015748143 ) ;
#4530 = DIRECTION ( 'NONE',  ( 0.0000000000000000000, 1.000000000000000000, 0.0000000000000000000 ) ) ;
#4531 = ORIENTED_EDGE ( 'NONE', *, *, #2629, .F. ) ;
#4532 = FACE_OUTER_BOUND ( 'NONE', #2486, .T. ) ;
#4533 = CIRCLE ( 'NONE', #3687, 0.02855000000000052982 ) ;
#4534 = EDGE_LOOP ( 'NONE', ( #1966, #4147 ) ) ;
#4535 = CARTESIAN_POINT ( 'NONE',  ( 0.3942664688103074133, -0.05000000000000000278, -0.1842499999999996918 ) ) ;
#4536 = AXIS2_PLACEMENT_3D ( 'NONE', #3978, #2765, #427 ) ;
#4537 = CIRCLE ( 'NONE', #4368, 0.007500000000000002325 ) ;
#4538 = AXIS2_PLACEMENT_3D ( 'NONE', #318, #4375, #2015 ) ;
#4539 = ORIENTED_EDGE ( 'NONE', *, *, #4659, .T. ) ;
#4540 = CARTESIAN_POINT ( 'NONE',  ( 0.6379674688103071922, -0.05000000000000000278, -0.1499999999999999944 ) ) ;
#4541 = SURFACE_SIDE_STYLE ('',( #2914 ) ) ;
#4542 = FACE_OUTER_BOUND ( 'NONE', #3655, .T. ) ;
#4543 = PLANE ( 'NONE',  #4786 ) ;
#4544 = VECTOR ( 'NONE', #4217, 39.37007874015748143 ) ;
#4545 = ORIENTED_EDGE ( 'NONE', *, *, #1924, .T. ) ;
#4546 =( REPRESENTATION_RELATIONSHIP ('NONE','NONE', #813, #979 ) REPRESENTATION_RELATIONSHIP_WITH_TRANSFORMATION ( #2210 )SHAPE_REPRESENTATION_RELATIONSHIP( ) );
#4547 = CARTESIAN_POINT ( 'NONE',  ( 0.8942664688103074688, 0.0000000000000000000, -0.1842499999999996918 ) ) ;
#4548 = ORIENTED_EDGE ( 'NONE', *, *, #1636, .F. ) ;
#4549 = DIRECTION ( 'NONE',  ( 0.0000000000000000000, 1.000000000000000000, 0.0000000000000000000 ) ) ;
#4550 = ORIENTED_EDGE ( 'NONE', *, *, #3196, .T. ) ;
#4551 = ADVANCED_FACE ( 'NONE', ( #4278 ), #3461, .T. ) ;
#4552 = DIRECTION ( 'NONE',  ( -0.0000000000000000000, 1.000000000000000000, -0.0000000000000000000 ) ) ;
#4553 = PLANE ( 'NONE',  #185 ) ;
#4554 = ITEM_DEFINED_TRANSFORMATION ( 'NONE', 'NONE', #2692,  #1156 ) ;
#4555 = CARTESIAN_POINT ( 'NONE',  ( 0.3379674688103072033, 3.673940397442064486E-19, -0.1785500000000005416 ) ) ;
#4556 = VERTEX_POINT ( 'NONE', #5079 ) ;
#4557 = EDGE_CURVE ( 'NONE', #912, #2139, #4714, .T. ) ;
#4558 = ADVANCED_FACE ( 'NONE', ( #1469 ), #1443, .F. ) ;
#4559 = MECHANICAL_DESIGN_GEOMETRIC_PRESENTATION_REPRESENTATION (  '', ( #1419 ), #5152 ) ;
#4560 = FACE_OUTER_BOUND ( 'NONE', #3352, .T. ) ;
#4561 = VERTEX_POINT ( 'NONE', #2209 ) ;
#4562 = LINE ( 'NONE', #942, #3828 ) ;
#4563 = ORIENTED_EDGE ( 'NONE', *, *, #4352, .T. ) ;
#4564 = CARTESIAN_POINT ( 'NONE',  ( 0.8379674688103072588, 3.673940397442064486E-19, -0.07855000000000052218 ) ) ;
#4565 = VERTEX_POINT ( 'NONE', #1097 ) ;
#4566 = DIRECTION ( 'NONE',  ( -1.000000000000000000, -0.0000000000000000000, -0.0000000000000000000 ) ) ;
#4567 = DIRECTION ( 'NONE',  ( 0.0000000000000000000, 1.000000000000000000, 0.0000000000000000000 ) ) ;
#4568 = CARTESIAN_POINT ( 'NONE',  ( 0.9759349376206162274, -0.05000000000000000278, -0.1999999999999997058 ) ) ;
#4569 = ORIENTED_EDGE ( 'NONE', *, *, #5080, .F. ) ;
#4570 = CARTESIAN_POINT ( 'NONE',  ( 0.4379674688103072366, 3.673940397442064486E-19, -0.04999999999999999584 ) ) ;
#4571 = EDGE_LOOP ( 'NONE', ( #2168, #3848, #1372, #4285 ) ) ;
#4572 = DIRECTION ( 'NONE',  ( -1.000000000000000000, 0.0000000000000000000, -0.0000000000000000000 ) ) ;
#4573 = ORIENTED_EDGE ( 'NONE', *, *, #3738, .F. ) ;
#4574 = DIRECTION ( 'NONE',  ( 0.9396926207859104263, 0.0000000000000000000, 0.3420201433256633838 ) ) ;
#4575 = CARTESIAN_POINT ( 'NONE',  ( 0.0000000000000000000, 0.0000000000000000000, 0.0000000000000000000 ) ) ;
#4576 = ORIENTED_EDGE ( 'NONE', *, *, #4823, .F. ) ;
#4577 = CARTESIAN_POINT ( 'NONE',  ( 0.04431135598927586627, 0.0000000000000000000, 0.0000000000000000000 ) ) ;
#4578 = ORIENTED_EDGE ( 'NONE', *, *, #3930, .T. ) ;
#4579 = CARTESIAN_POINT ( 'NONE',  ( 0.3759359376206146686, -0.05000000000000000278, -0.1999999999999999833 ) ) ;
#4580 = EDGE_CURVE ( 'NONE', #1025, #1162, #618, .T. ) ;
#4581 = EDGE_LOOP ( 'NONE', ( #4467, #4078, #5074, #1639 ) ) ;
#4582 = DIRECTION ( 'NONE',  ( -0.9396926207859092051, 0.0000000000000000000, 0.3420201433256666035 ) ) ;
#4583 = ADVANCED_FACE ( 'NONE', ( #3035 ), #1073, .F. ) ;
#4584 = EDGE_CURVE ( 'NONE', #2284, #4480, #1525, .T. ) ;
#4585 = ORIENTED_EDGE ( 'NONE', *, *, #727, .F. ) ;
#4586 = CARTESIAN_POINT ( 'NONE',  ( 0.4816684688103075040, -0.05000000000000000278, -0.1842499999999996085 ) ) ;
#4587 =( CONVERSION_BASED_UNIT ( 'INCH', #2966 ) LENGTH_UNIT ( ) NAMED_UNIT ( #778 ) );
#4588 = DIRECTION ( 'NONE',  ( -0.9396926207859072067, 0.0000000000000000000, -0.3420201433256721546 ) ) ;
#4589 = CARTESIAN_POINT ( 'NONE',  ( -0.01203253118969264436, -0.05000000000000000278, -0.01574999999999999664 ) ) ;
#4590 = AXIS2_PLACEMENT_3D ( 'NONE', #4904, #2856, #2780 ) ;
#4591 = EDGE_CURVE ( 'NONE', #4084, #262, #696, .T. ) ;
#4592 = EDGE_LOOP ( 'NONE', ( #4369, #1354 ) ) ;
#4593 = DIRECTION ( 'NONE',  ( 0.0000000000000000000, 0.0000000000000000000, -1.000000000000000000 ) ) ;
#4594 = ORIENTED_EDGE ( 'NONE', *, *, #3054, .T. ) ;
#4595 = CARTESIAN_POINT ( 'NONE',  ( -0.01203253118969264436, 0.0000000000000000000, -0.01574999999999999664 ) ) ;
#4596 = AXIS2_PLACEMENT_3D ( 'NONE', #3601, #1159, #1585 ) ;
#4597 = EDGE_LOOP ( 'NONE', ( #972, #1461, #2195, #4299 ) ) ;
#4598 = CARTESIAN_POINT ( 'NONE',  ( 0.0000000000000000000, -0.05000000000000000278, 0.0000000000000000000 ) ) ;
#4599 = CIRCLE ( 'NONE', #5021, 0.02855000000000054022 ) ;
#4600 = CARTESIAN_POINT ( 'NONE',  ( 0.1649999999999989253, 9.184850993605151827E-19, -0.007500000000000002325 ) ) ;
#4601 = CYLINDRICAL_SURFACE ( 'NONE', #960, 0.03599999999999819317 ) ;
#4602 = ORIENTED_EDGE ( 'NONE', *, *, #5137, .T. ) ;
#4603 = AXIS2_PLACEMENT_3D ( 'NONE', #3286, #4454, #476 ) ;
#4604 = VECTOR ( 'NONE', #517, 39.37007874015748143 ) ;
#4605 = DIRECTION ( 'NONE',  ( 0.0000000000000000000, 0.0000000000000000000, -1.000000000000000000 ) ) ;
#4606 = ORIENTED_EDGE ( 'NONE', *, *, #2249, .F. ) ;
#4607 = DIRECTION ( 'NONE',  ( 0.0000000000000000000, 0.0000000000000000000, 1.000000000000000000 ) ) ;
#4608 = ORIENTED_EDGE ( 'NONE', *, *, #824, .T. ) ;
#4609 = DIRECTION ( 'NONE',  ( -0.0000000000000000000, 1.000000000000000000, -0.0000000000000000000 ) ) ;
#4610 = VECTOR ( 'NONE', #5053, 39.37007874015748143 ) ;
#4611 =( GEOMETRIC_REPRESENTATION_CONTEXT ( 3 ) GLOBAL_UNCERTAINTY_ASSIGNED_CONTEXT ( ( #3176 ) ) GLOBAL_UNIT_ASSIGNED_CONTEXT ( ( #3876, #5104, #191 ) ) REPRESENTATION_CONTEXT ( 'NONE', 'WORKASPACE' ) );
#4612 = EDGE_CURVE ( 'NONE', #2414, #1834, #304, .T. ) ;
#4613 = ORIENTED_EDGE ( 'NONE', *, *, #919, .T. ) ;
#4614 = CONICAL_SURFACE ( 'NONE', #1651, 0.02650000000000055783, 0.2623033018788573090 ) ;
#4615 = AXIS2_PLACEMENT_3D ( 'NONE', #1827, #2257, #3021 ) ;
#4616 = CARTESIAN_POINT ( 'NONE',  ( 0.8379674688103072588, 0.0000000000000000000, -0.1499999999999999944 ) ) ;
#4617 = DIRECTION ( 'NONE',  ( 1.047444401652940007E-14, -1.000000000000000000, 0.0000000000000000000 ) ) ;
#4618 = LINE ( 'NONE', #4081, #1483 ) ;
#4619 = FACE_OUTER_BOUND ( 'NONE', #977, .T. ) ;
#4620 = VECTOR ( 'NONE', #4869, 39.37007874015748143 ) ;
#4621 = CIRCLE ( 'NONE', #471, 0.02855000000000054022 ) ;
#4622 = EDGE_CURVE ( 'NONE', #2272, #265, #2689, .T. ) ;
#4623 = ORIENTED_EDGE ( 'NONE', *, *, #3152, .T. ) ;
#4624 = CARTESIAN_POINT ( 'NONE',  ( 0.3816684688103074707, 0.0000000000000000000, -0.1842499999999996085 ) ) ;
#4625 = EDGE_LOOP ( 'NONE', ( #3635, #3001 ) ) ;
#4626 = AXIS2_PLACEMENT_3D ( 'NONE', #3898, #2659, #2739 ) ;
#4627 = VECTOR ( 'NONE', #2208, 39.37007874015748143 ) ;
#4628 = DIRECTION ( 'NONE',  ( -1.000000000000000000, -0.0000000000000000000, -0.0000000000000000000 ) ) ;
#4629 = VERTEX_POINT ( 'NONE', #1885 ) ;
#4630 = EDGE_CURVE ( 'NONE', #3018, #86, #1501, .T. ) ;
#4631 = DIRECTION ( 'NONE',  ( 0.0000000000000000000, 0.0000000000000000000, 1.000000000000000000 ) ) ;
#4632 = LINE ( 'NONE', #2581, #2579 ) ;
#4633 = DIRECTION ( 'NONE',  ( 0.9396926207859104263, 0.0000000000000000000, 0.3420201433256633838 ) ) ;
#4634 = ORIENTED_EDGE ( 'NONE', *, *, #4923, .T. ) ;
#4635 = DIRECTION ( 'NONE',  ( 0.0000000000000000000, 0.0000000000000000000, 1.000000000000000000 ) ) ;
#4636 = ORIENTED_EDGE ( 'NONE', *, *, #2029, .F. ) ;
#4637 = CARTESIAN_POINT ( 'NONE',  ( 0.4759359376206147019, -0.05000000000000000278, -0.1999999999999999833 ) ) ;
#4638 = ORIENTED_EDGE ( 'NONE', *, *, #2872, .F. ) ;
#4639 = LINE ( 'NONE', #2640, #2665 ) ;
#4640 = AXIS2_PLACEMENT_3D ( 'NONE', #3570, #4391, #209 ) ;
#4641 = ORIENTED_EDGE ( 'NONE', *, *, #1180, .T. ) ;
#4642 = DIRECTION ( 'NONE',  ( 0.0000000000000000000, 1.000000000000000000, -0.0000000000000000000 ) ) ;
#4643 = DIRECTION ( 'NONE',  ( 0.0000000000000000000, 0.0000000000000000000, 1.000000000000000000 ) ) ;
#4644 = CARTESIAN_POINT ( 'NONE',  ( 0.0000000000000000000, 0.0000000000000000000, 0.0000000000000000000 ) ) ;
#4645 = CARTESIAN_POINT ( 'NONE',  ( 0.8379674688103072588, -0.05000000000000000278, -0.1214499999999994612 ) ) ;
#4646 =( REPRESENTATION_RELATIONSHIP ('NONE','NONE', #813, #979 ) REPRESENTATION_RELATIONSHIP_WITH_TRANSFORMATION ( #2582 )SHAPE_REPRESENTATION_RELATIONSHIP( ) );
#4647 = ORIENTED_EDGE ( 'NONE', *, *, #5143, .T. ) ;
#4648 = DIRECTION ( 'NONE',  ( 5.421193827719211569E-15, 0.0000000000000000000, 1.000000000000000000 ) ) ;
#4649 = CARTESIAN_POINT ( 'NONE',  ( 0.1942664688103074300, -0.05000000000000000278, -0.1842499999999996918 ) ) ;
#4650 = ORIENTED_EDGE ( 'NONE', *, *, #1179, .F. ) ;
#4651 = CARTESIAN_POINT ( 'NONE',  ( 0.3379674688103072033, 3.673940397442064486E-19, -0.02144999999999946602 ) ) ;
#4652 = ORIENTED_EDGE ( 'NONE', *, *, #2844, .T. ) ;
#4653 = DIRECTION ( 'NONE',  ( -1.000000000000000000, -0.0000000000000000000, -0.0000000000000000000 ) ) ;
#4654 = ADVANCED_FACE ( 'NONE', ( #1602 ), #2047, .F. ) ;
#4655 = ADVANCED_FACE ( 'NONE', ( #5183 ), #3178, .T. ) ;
#4656 = CARTESIAN_POINT ( 'NONE',  ( 0.4379674688103072366, 0.0000000000000000000, -0.1499999999999999944 ) ) ;
#4657 = CONTEXT_DEPENDENT_SHAPE_REPRESENTATION ( #1259, #4354 ) ;
#4658 = SURFACE_SIDE_STYLE ('',( #698 ) ) ;
#4659 = EDGE_CURVE ( 'NONE', #616, #2551, #3641, .T. ) ;
#4660 = CARTESIAN_POINT ( 'NONE',  ( 0.5379674688103072144, -0.05000000000000000278, -0.02144999999999946602 ) ) ;
#4661 = CARTESIAN_POINT ( 'NONE',  ( 0.7379674688103072810, 0.0000000000000000000, -0.1785500000000005416 ) ) ;
#4662 = ORIENTED_EDGE ( 'NONE', *, *, #888, .T. ) ;
#4663 = CARTESIAN_POINT ( 'NONE',  ( 0.8816684688103074707, 0.0000000000000000000, -0.01574999999999998623 ) ) ;
#4664 = ORIENTED_EDGE ( 'NONE', *, *, #4000, .F. ) ;
#4665 = CARTESIAN_POINT ( 'NONE',  ( 0.2379674688103072255, 0.0000000000000000000, -0.1499999999999999944 ) ) ;
#4666 = UNCERTAINTY_MEASURE_WITH_UNIT (LENGTH_MEASURE( 1.000000000000000082E-05 ), #4184, 'distance_accuracy_value', 'NONE');
#4667 = VERTEX_POINT ( 'NONE', #833 ) ;
#4668 = ORIENTED_EDGE ( 'NONE', *, *, #836, .T. ) ;
#4669 = LINE ( 'NONE', #3790, #1974 ) ;
#4670 =( NAMED_UNIT ( * ) SI_UNIT ( $, .STERADIAN. ) SOLID_ANGLE_UNIT ( ) );
#4671 = DIRECTION ( 'NONE',  ( 0.3420201433257166745, 0.0000000000000000000, -0.9396926207858907754 ) ) ;
#4672 = DIRECTION ( 'NONE',  ( 0.0000000000000000000, -0.0000000000000000000, 1.000000000000000000 ) ) ;
#4673 = ORIENTED_EDGE ( 'NONE', *, *, #947, .F. ) ;
#4674 = PLANE ( 'NONE',  #2480 ) ;
#4675 = CARTESIAN_POINT ( 'NONE',  ( 0.2379674688103072255, -0.05000000000000000278, -0.04999999999999999584 ) ) ;
#4676 = ORIENTED_EDGE ( 'NONE', *, *, #5175, .F. ) ;
#4677 = CARTESIAN_POINT ( 'NONE',  ( 0.04431135598927586627, 3.245314017740554309E-18, -0.02650000000000055783 ) ) ;
#4678 = ORIENTED_EDGE ( 'NONE', *, *, #3314, .T. ) ;
#4679 = DIMENSIONAL_EXPONENTS ( 1.000000000000000000, 0.0000000000000000000, 0.0000000000000000000, 0.0000000000000000000, 0.0000000000000000000, 0.0000000000000000000, 0.0000000000000000000 ) ;
#4680 = DIRECTION ( 'NONE',  ( -0.0000000000000000000, 1.000000000000000000, -0.0000000000000000000 ) ) ;
#4681 = AXIS2_PLACEMENT_3D ( 'NONE', #1243, #843, #5227 ) ;
#4682 = EDGE_CURVE ( 'NONE', #2695, #2497, #4406, .T. ) ;
#4683 = VECTOR ( 'NONE', #4067, 39.37007874015748143 ) ;
#4684 = ADVANCED_FACE ( 'NONE', ( #5239 ), #3622, .T. ) ;
#4685 = LINE ( 'NONE', #3137, #1057 ) ;
#4686 = CARTESIAN_POINT ( 'NONE',  ( 0.5942664688103074244, -0.05000000000000000278, -0.01574999999999998623 ) ) ;
#4687 = CIRCLE ( 'NONE', #1715, 0.02855000000000054022 ) ;
#4688 = EDGE_CURVE ( 'NONE', #505, #4526, #2585, .T. ) ;
#4689 = DIRECTION ( 'NONE',  ( -1.000000000000000000, -0.0000000000000000000, -0.0000000000000000000 ) ) ;
#4690 = CARTESIAN_POINT ( 'NONE',  ( 0.3999990000000001600, 0.0000000000000000000, 0.0000000000000000000 ) ) ;
#4691 = ORIENTED_EDGE ( 'NONE', *, *, #4156, .F. ) ;
#4692 = PLANE ( 'NONE',  #5026 ) ;
#4693 = ORIENTED_EDGE ( 'NONE', *, *, #4418, .T. ) ;
#4694 = FACE_OUTER_BOUND ( 'NONE', #2205, .T. ) ;
#4695 = EDGE_CURVE ( 'NONE', #567, #2816, #1947, .T. ) ;
#4696 = CIRCLE ( 'NONE', #455, 0.02855000000000052982 ) ;
#4697 = ORIENTED_EDGE ( 'NONE', *, *, #532, .T. ) ;
#4698 = ORIENTED_EDGE ( 'NONE', *, *, #40, .F. ) ;
#4699 = CARTESIAN_POINT ( 'NONE',  ( 0.08166846881030742633, -0.05000000000000000278, -0.1842499999999996085 ) ) ;
#4700 = CARTESIAN_POINT ( 'NONE',  ( 0.0000000000000000000, 1.775737858763738722E-18, -0.01450000000000062350 ) ) ;
#4701 = CARTESIAN_POINT ( 'NONE',  ( 0.4816684688103075596, 0.0000000000000000000, -0.1842499999999996085 ) ) ;
#4702 = VECTOR ( 'NONE', #5067, 39.37007874015748143 ) ;
#4703 = VECTOR ( 'NONE', #3213, 39.37007874015748143 ) ;
#4704 = ORIENTED_EDGE ( 'NONE', *, *, #2151, .F. ) ;
#4705 = CARTESIAN_POINT ( 'NONE',  ( 0.1816684688103074319, -0.05000000000000000278, -0.1842499999999996085 ) ) ;
#4706 = DIRECTION ( 'NONE',  ( -1.000000000000000000, -0.0000000000000000000, -0.0000000000000000000 ) ) ;
#4707 = CARTESIAN_POINT ( 'NONE',  ( 0.2379674688103072255, 0.0000000000000000000, -0.07855000000000052218 ) ) ;
#4708 = ORIENTED_EDGE ( 'NONE', *, *, #578, .F. ) ;
#4709 = CARTESIAN_POINT ( 'NONE',  ( 0.4379674688103072366, -0.05000000000000000278, -0.04999999999999999584 ) ) ;
#4710 = VECTOR ( 'NONE', #3244, 39.37007874015748143 ) ;
#4711 = VECTOR ( 'NONE', #555, 39.37007874015748854 ) ;
#4712 = VECTOR ( 'NONE', #4386, 39.37007874015748143 ) ;
#4713 = CIRCLE ( 'NONE', #45, 0.03599999999999819317 ) ;
#4714 = LINE ( 'NONE', #4737, #4114 ) ;
#4715 = LINE ( 'NONE', #1839, #1893 ) ;
#4716 = EDGE_CURVE ( 'NONE', #90, #3640, #3240, .T. ) ;
#4717 = LINE ( 'NONE', #5163, #4447 ) ;
#4718 = DIRECTION ( 'NONE',  ( -0.0000000000000000000, 1.000000000000000000, -0.0000000000000000000 ) ) ;
#4719 = ORIENTED_EDGE ( 'NONE', *, *, #2700, .F. ) ;
#4720 = LINE ( 'NONE', #678, #1042 ) ;
#4721 = ORIENTED_EDGE ( 'NONE', *, *, #2673, .T. ) ;
#4722 = CARTESIAN_POINT ( 'NONE',  ( 0.2759359376206146353, -0.05000000000000000278, -0.1999999999999999833 ) ) ;
#4723 = ADVANCED_FACE ( 'NONE', ( #4433 ), #806, .T. ) ;
#4724 = EDGE_CURVE ( 'NONE', #2272, #4880, #2345, .T. ) ;
#4725 = ORIENTED_EDGE ( 'NONE', *, *, #1989, .F. ) ;
#4726 = ORIENTED_EDGE ( 'NONE', *, *, #2824, .F. ) ;
#4727 = CARTESIAN_POINT ( 'NONE',  ( 0.4816684688103075040, -0.05000000000000000278, -0.1842499999999996085 ) ) ;
#4728 = CARTESIAN_POINT ( 'NONE',  ( 0.3999990000000001600, 0.0000000000000000000, -0.1999999999999999833 ) ) ;
#4729 = CARTESIAN_POINT ( 'NONE',  ( 0.0000000000000000000, 4.408728476930249931E-18, -0.03599999999999819317 ) ) ;
#4730 = EDGE_LOOP ( 'NONE', ( #2712, #5004, #3238 ) ) ;
#4731 = DIRECTION ( 'NONE',  ( 0.3420201433256633283, 0.0000000000000000000, -0.9396926207859103153 ) ) ;
#4732 = CARTESIAN_POINT ( 'NONE',  ( 0.0000000000000000000, 0.0000000000000000000, 0.02650000000000055783 ) ) ;
#4733 = ORIENTED_EDGE ( 'NONE', *, *, #3024, .T. ) ;
#4734 = CYLINDRICAL_SURFACE ( 'NONE', #1811, 0.02855000000000054022 ) ;
#4735 = VERTEX_POINT ( 'NONE', #776 ) ;
#4736 = DIRECTION ( 'NONE',  ( 1.000000000000000000, 0.0000000000000000000, 0.0000000000000000000 ) ) ;
#4737 = CARTESIAN_POINT ( 'NONE',  ( 0.8942664688103074688, -0.05000000000000000278, -0.01574999999999998623 ) ) ;
#4738 = CARTESIAN_POINT ( 'NONE',  ( 0.2759359376206146353, -0.05000000000000000278, -0.1999999999999999833 ) ) ;
#4739 = DIRECTION ( 'NONE',  ( -1.000000000000000000, -0.0000000000000000000, -0.0000000000000000000 ) ) ;
#4740 = VERTEX_POINT ( 'NONE', #1230 ) ;
#4741 = CARTESIAN_POINT ( 'NONE',  ( 0.6379674688103071922, 3.673940397442064486E-19, -0.1499999999999999944 ) ) ;
#4742 = VERTEX_POINT ( 'NONE', #1177 ) ;
#4743 = FACE_BOUND ( 'NONE', #3055, .T. ) ;
#4744 = VERTEX_POINT ( 'NONE', #2446 ) ;
#4745 = EDGE_CURVE ( 'NONE', #2190, #257, #2420, .T. ) ;
#4746 = ADVANCED_FACE ( 'NONE', ( #3666 ), #2393, .F. ) ;
#4747 = FACE_OUTER_BOUND ( 'NONE', #2154, .T. ) ;
#4748 = DIRECTION ( 'NONE',  ( 0.0000000000000000000, 0.0000000000000000000, 1.000000000000000000 ) ) ;
#4749 = DIRECTION ( 'NONE',  ( -1.000000000000000000, -0.0000000000000000000, -0.0000000000000000000 ) ) ;
#4750 = EDGE_CURVE ( 'NONE', #1776, #1333, #4010, .T. ) ;
#4751 = ORIENTED_EDGE ( 'NONE', *, *, #113, .F. ) ;
#4752 = CARTESIAN_POINT ( 'NONE',  ( 0.03796746881030720056, 0.0000000000000000000, -0.1785500000000005416 ) ) ;
#4753 = DIRECTION ( 'NONE',  ( 0.9396926207859082059, 0.0000000000000000000, -0.3420201433256693790 ) ) ;
#4754 = VERTEX_POINT ( 'NONE', #1654 ) ;
#4755 = CARTESIAN_POINT ( 'NONE',  ( 0.03796746881030719362, 0.0000000000000000000, -0.1499999999999999944 ) ) ;
#4756 = ORIENTED_EDGE ( 'NONE', *, *, #3897, .F. ) ;
#4757 = CARTESIAN_POINT ( 'NONE',  ( 0.7816684688103074929, -0.05000000000000000278, -0.01574999999999998623 ) ) ;
#4758 = EDGE_CURVE ( 'NONE', #2615, #4496, #726, .T. ) ;
#4759 = DIRECTION ( 'NONE',  ( 0.0000000000000000000, 0.0000000000000000000, 1.000000000000000000 ) ) ;
#4760 = CIRCLE ( 'NONE', #1200, 0.02855000000000052982 ) ;
#4761 = DIRECTION ( 'NONE',  ( -1.000000000000000000, -0.0000000000000000000, -0.0000000000000000000 ) ) ;
#4762 = AXIS2_PLACEMENT_3D ( 'NONE', #65, #1688, #119 ) ;
#4763 = DIRECTION ( 'NONE',  ( -0.0000000000000000000, 1.000000000000000000, -0.0000000000000000000 ) ) ;
#4764 = DIRECTION ( 'NONE',  ( -0.0000000000000000000, 1.000000000000000000, -0.0000000000000000000 ) ) ;
#4765 = ORIENTED_EDGE ( 'NONE', *, *, #3326, .F. ) ;
#4766 = CARTESIAN_POINT ( 'NONE',  ( 0.5184160289261680044, 2.129741810843848171, 2.122227730851123706 ) ) ;
#4767 = CYLINDRICAL_SURFACE ( 'NONE', #110, 0.02855000000000054022 ) ;
#4768 = EDGE_LOOP ( 'NONE', ( #1871, #4647, #1077, #320 ) ) ;
#4769 = DIRECTION ( 'NONE',  ( 0.0000000000000000000, 1.000000000000000000, -0.0000000000000000000 ) ) ;
#4770 = VECTOR ( 'NONE', #1609, 39.37007874015748143 ) ;
#4771 = CIRCLE ( 'NONE', #3583, 0.02855000000000052982 ) ;
#4772 = ORIENTED_EDGE ( 'NONE', *, *, #367, .T. ) ;
#4773 = EDGE_LOOP ( 'NONE', ( #3495, #2116, #940, #1844 ) ) ;
#4774 = CARTESIAN_POINT ( 'NONE',  ( 0.1816684688103074041, -0.05000000000000000278, -0.01574999999999998623 ) ) ;
#4775 = DIRECTION ( 'NONE',  ( 0.0000000000000000000, 0.0000000000000000000, 1.000000000000000000 ) ) ;
#4776 = DIRECTION ( 'NONE',  ( 0.0000000000000000000, 0.0000000000000000000, 1.000000000000000000 ) ) ;
#4777 = VECTOR ( 'NONE', #2594, 39.37007874015748143 ) ;
#4778 = EDGE_CURVE ( 'NONE', #3658, #2274, #2869, .T. ) ;
#4779 = ORIENTED_EDGE ( 'NONE', *, *, #2437, .T. ) ;
#4780 = CIRCLE ( 'NONE', #4257, 0.02855000000000054022 ) ;
#4781 = CARTESIAN_POINT ( 'NONE',  ( 0.9759349376206162274, 0.0000000000000000000, -0.1999999999999997058 ) ) ;
#4782 = DIRECTION ( 'NONE',  ( -0.0000000000000000000, 1.000000000000000000, -0.0000000000000000000 ) ) ;
#4783 = CARTESIAN_POINT ( 'NONE',  ( 0.7816684688103074929, 0.0000000000000000000, -0.1842499999999996085 ) ) ;
#4784 = ORIENTED_EDGE ( 'NONE', *, *, #4584, .F. ) ;
#4785 = DIRECTION ( 'NONE',  ( -0.0000000000000000000, 1.000000000000000000, -0.0000000000000000000 ) ) ;
#4786 = AXIS2_PLACEMENT_3D ( 'NONE', #2179, #2542, #951 ) ;
#4787 = EDGE_CURVE ( 'NONE', #161, #1246, #4537, .T. ) ;
#4788 = DIRECTION ( 'NONE',  ( -0.0000000000000000000, 1.000000000000000000, -0.0000000000000000000 ) ) ;
#4789 = ADVANCED_FACE ( 'NONE', ( #4139 ), #3740, .F. ) ;
#4790 = AXIS2_PLACEMENT_3D ( 'NONE', #573, #935, #4169 ) ;
#4791 = VECTOR ( 'NONE', #3367, 39.37007874015748854 ) ;
#4792 = ORIENTED_EDGE ( 'NONE', *, *, #2888, .F. ) ;
#4793 = VECTOR ( 'NONE', #430, 39.37007874015748143 ) ;
#4794 = VECTOR ( 'NONE', #1425, 39.37007874015748143 ) ;
#4795 = DIRECTION ( 'NONE',  ( 0.0000000000000000000, 0.0000000000000000000, 1.000000000000000000 ) ) ;
#4796 = DIRECTION ( 'NONE',  ( 5.421193827719211569E-15, 0.0000000000000000000, 1.000000000000000000 ) ) ;
#4797 = CARTESIAN_POINT ( 'NONE',  ( 0.6816684688103075151, -0.05000000000000000278, -0.1842499999999996085 ) ) ;
#4798 = AXIS2_PLACEMENT_3D ( 'NONE', #1520, #375, #426 ) ;
#4799 = VERTEX_POINT ( 'NONE', #1728 ) ;
#4800 = LINE ( 'NONE', #361, #3271 ) ;
#4801 = LINE ( 'NONE', #2062, #92 ) ;
#4802 = EDGE_LOOP ( 'NONE', ( #4486, #5215, #790, #3856 ) ) ;
#4803 = DIRECTION ( 'NONE',  ( 1.000000000000000000, 0.0000000000000000000, -5.421193827719211569E-15 ) ) ;
#4804 = PLANE ( 'NONE',  #2755 ) ;
#4805 = DIRECTION ( 'NONE',  ( -0.0000000000000000000, 1.000000000000000000, -0.0000000000000000000 ) ) ;
#4806 = VERTEX_POINT ( 'NONE', #4547 ) ;
#4807 = DIRECTION ( 'NONE',  ( -1.000000000000000000, -0.0000000000000000000, -0.0000000000000000000 ) ) ;
#4808 = CARTESIAN_POINT ( 'NONE',  ( 0.9879674688103075031, -0.05000000000000000278, -0.1842499999999992755 ) ) ;
#4809 = ORIENTED_EDGE ( 'NONE', *, *, #1481, .F. ) ;
#4810 = DIRECTION ( 'NONE',  ( -1.000000000000000000, 0.0000000000000000000, -0.0000000000000000000 ) ) ;
#4811 = FACE_OUTER_BOUND ( 'NONE', #3383, .T. ) ;
#4812 = COLOUR_RGB ( '',0.8274509803921568096, 0.6666666666666666297, 0.1294117647058823373 ) ;
#4813 = DIRECTION ( 'NONE',  ( 0.0000000000000000000, 0.0000000000000000000, 1.000000000000000000 ) ) ;
#4814 = EDGE_CURVE ( 'NONE', #1591, #4864, #1998, .T. ) ;
#4815 = EDGE_CURVE ( 'NONE', #2405, #4742, #1658, .T. ) ;
#4816 = EDGE_LOOP ( 'NONE', ( #1378, #1764, #316, #2098 ) ) ;
#4817 = EDGE_CURVE ( 'NONE', #2532, #4896, #909, .T. ) ;
#4818 = DIRECTION ( 'NONE',  ( 1.000000000000000000, 0.0000000000000000000, 0.0000000000000000000 ) ) ;
#4819 = CARTESIAN_POINT ( 'NONE',  ( 0.9759349376206162274, -0.05000000000000000278, -0.1999999999999997058 ) ) ;
#4820 = DIRECTION ( 'NONE',  ( -0.0000000000000000000, 1.000000000000000000, -0.0000000000000000000 ) ) ;
#4821 = VERTEX_POINT ( 'NONE', #4943 ) ;
#4822 = DIRECTION ( 'NONE',  ( -0.5000000000001606493, 1.060575238724793270E-16, -0.8660254037843458930 ) ) ;
#4823 = EDGE_CURVE ( 'NONE', #4053, #2145, #105, .T. ) ;
#4824 = FACE_OUTER_BOUND ( 'NONE', #312, .T. ) ;
#4825 = ORIENTED_EDGE ( 'NONE', *, *, #2861, .F. ) ;
#4826 = PRODUCT ( 'mill-max-415-13-220-41-004000', 'mill-max-415-13-220-41-004000', '', ( #839 ) ) ;
#4827 = DIRECTION ( 'NONE',  ( -0.0000000000000000000, 1.000000000000000000, -0.0000000000000000000 ) ) ;
#4828 = CARTESIAN_POINT ( 'NONE',  ( 0.3379674688103072033, 0.0000000000000000000, -0.1214499999999994612 ) ) ;
#4829 = CARTESIAN_POINT ( 'NONE',  ( 0.0000000000000000000, -0.05000000000000000278, 0.0000000000000000000 ) ) ;
#4830 = VERTEX_POINT ( 'NONE', #3395 ) ;
#4831 = FACE_BOUND ( 'NONE', #444, .T. ) ;
#4832 = CARTESIAN_POINT ( 'NONE',  ( 0.5999990000000001711, -0.05000000000000000278, -0.1999999999999999833 ) ) ;
#4833 = LINE ( 'NONE', #1195, #118 ) ;
#4834 = DIRECTION ( 'NONE',  ( 0.0000000000000000000, 0.0000000000000000000, 1.000000000000000000 ) ) ;
#4835 = VERTEX_POINT ( 'NONE', #4919 ) ;
#4836 = DIRECTION ( 'NONE',  ( -1.000000000000000000, -0.0000000000000000000, -0.0000000000000000000 ) ) ;
#4837 = VERTEX_POINT ( 'NONE', #4163 ) ;
#4838 = ADVANCED_FACE ( 'NONE', ( #2571 ), #855, .F. ) ;
#4839 = ADVANCED_FACE ( 'NONE', ( #78 ), #1777, .F. ) ;
#4840 = CARTESIAN_POINT ( 'NONE',  ( 0.9759349376206162274, -0.05000000000000000278, -0.1999999999999997058 ) ) ;
#4841 = CARTESIAN_POINT ( 'NONE',  ( 0.8999990000000001045, -0.05000000000000000278, -0.1999999999999999833 ) ) ;
#4842 = DIRECTION ( 'NONE',  ( 1.000000000000000000, 0.0000000000000000000, 0.0000000000000000000 ) ) ;
#4843 = CYLINDRICAL_SURFACE ( 'NONE', #3594, 0.02855000000000052982 ) ;
#4844 = ORIENTED_EDGE ( 'NONE', *, *, #4488, .T. ) ;
#4845 = FACE_BOUND ( 'NONE', #1116, .T. ) ;
#4846 = EDGE_CURVE ( 'NONE', #2326, #1486, #488, .T. ) ;
#4847 = DIRECTION ( 'NONE',  ( 0.0000000000000000000, 0.0000000000000000000, 1.000000000000000000 ) ) ;
#4848 = ORIENTED_EDGE ( 'NONE', *, *, #3023, .T. ) ;
#4849 = VECTOR ( 'NONE', #4764, 39.37007874015748143 ) ;
#4850 = DIRECTION ( 'NONE',  ( -0.0000000000000000000, 1.000000000000000000, -0.0000000000000000000 ) ) ;
#4851 = EDGE_CURVE ( 'NONE', #1426, #1493, #2498, .T. ) ;
#4852 = CARTESIAN_POINT ( 'NONE',  ( 0.08300000000000018474, 0.0000000000000000000, 0.01450000000000062350 ) ) ;
#4853 = VECTOR ( 'NONE', #3836, 39.37007874015748143 ) ;
#4854 = VERTEX_POINT ( 'NONE', #2181 ) ;
#4855 = FACE_BOUND ( 'NONE', #2812, .T. ) ;
#4856 = DIRECTION ( 'NONE',  ( 0.0000000000000000000, 0.0000000000000000000, 1.000000000000000000 ) ) ;
#4857 = VERTEX_POINT ( 'NONE', #56 ) ;
#4858 = CARTESIAN_POINT ( 'NONE',  ( 0.4942664688103074466, -0.05000000000000000278, -0.1842499999999996918 ) ) ;
#4859 = AXIS2_PLACEMENT_3D ( 'NONE', #2256, #1514, #1958 ) ;
#4860 = DIRECTION ( 'NONE',  ( -1.000000000000000000, 0.0000000000000000000, 6.998027963638287744E-17 ) ) ;
#4861 = ORIENTED_EDGE ( 'NONE', *, *, #1989, .T. ) ;
#4862 = CARTESIAN_POINT ( 'NONE',  ( 0.3816684688103074707, -0.05000000000000000278, -0.1842499999999996085 ) ) ;
#4863 = EDGE_LOOP ( 'NONE', ( #3451, #2971, #1711, #3953 ) ) ;
#4864 = VERTEX_POINT ( 'NONE', #135 ) ;
#4865 = VECTOR ( 'NONE', #1508, 39.37007874015748143 ) ;
#4866 = VECTOR ( 'NONE', #2977, 39.37007874015748854 ) ;
#4867 = VECTOR ( 'NONE', #3074, 39.37007874015748143 ) ;
#4868 = VECTOR ( 'NONE', #3638, 39.37007874015748143 ) ;
#4869 = DIRECTION ( 'NONE',  ( -0.0000000000000000000, 1.000000000000000000, -0.0000000000000000000 ) ) ;
#4870 = CARTESIAN_POINT ( 'NONE',  ( 0.06700000000000012890, 0.0000000000000000000, 0.0000000000000000000 ) ) ;
#4871 = DIRECTION ( 'NONE',  ( 0.0000000000000000000, 0.0000000000000000000, 1.000000000000000000 ) ) ;
#4872 = DIRECTION ( 'NONE',  ( 0.0000000000000000000, 0.0000000000000000000, 1.000000000000000000 ) ) ;
#4873 = ORIENTED_EDGE ( 'NONE', *, *, #5173, .T. ) ;
#4874 = DIRECTION ( 'NONE',  ( 1.000000000000000000, 0.0000000000000000000, 0.0000000000000000000 ) ) ;
#4875 = ADVANCED_FACE ( 'NONE', ( #4993 ), #1491, .F. ) ;
#4876 = AXIS2_PLACEMENT_3D ( 'NONE', #4469, #3600, #3198 ) ;
#4877 = AXIS2_PLACEMENT_3D ( 'NONE', #2487, #4582, #2939 ) ;
#4878 = ORIENTED_EDGE ( 'NONE', *, *, #3285, .F. ) ;
#4879 = AXIS2_PLACEMENT_3D ( 'NONE', #4656, #1015, #5160 ) ;
#4880 = VERTEX_POINT ( 'NONE', #2947 ) ;
#4881 = VECTOR ( 'NONE', #722, 39.37007874015748143 ) ;
#4882 = CARTESIAN_POINT ( 'NONE',  ( 0.5379674688103072144, -0.05000000000000000278, -0.1499999999999999944 ) ) ;
#4883 = EDGE_CURVE ( 'NONE', #2512, #4742, #931, .T. ) ;
#4884 = VERTEX_POINT ( 'NONE', #2467 ) ;
#4885 = CARTESIAN_POINT ( 'NONE',  ( 0.03796746881030720056, -0.05000000000000000278, -0.07855000000000052218 ) ) ;
#4886 = ADVANCED_FACE ( 'NONE', ( #1755 ), #1355, .F. ) ;
#4887 = VECTOR ( 'NONE', #2231, 39.37007874015748143 ) ;
#4888 = EDGE_CURVE ( 'NONE', #2278, #2845, #3011, .T. ) ;
#4889 = ORIENTED_EDGE ( 'NONE', *, *, #2538, .F. ) ;
#4890 = FACE_BOUND ( 'NONE', #2650, .T. ) ;
#4891 = ORIENTED_EDGE ( 'NONE', *, *, #3483, .F. ) ;
#4892 = CARTESIAN_POINT ( 'NONE',  ( 0.01000000000000071665, 0.0000000000000000000, 0.0000000000000000000 ) ) ;
#4893 = FACE_OUTER_BOUND ( 'NONE', #2572, .T. ) ;
#4894 = EDGE_LOOP ( 'NONE', ( #4861, #1499, #3297, #2707 ) ) ;
#4895 = DIRECTION ( 'NONE',  ( -0.0000000000000000000, 1.000000000000000000, -0.0000000000000000000 ) ) ;
#4896 = VERTEX_POINT ( 'NONE', #3794 ) ;
#4897 = ORIENTED_EDGE ( 'NONE', *, *, #918, .T. ) ;
#4898 = CARTESIAN_POINT ( 'NONE',  ( 0.1379674688103071922, -0.05000000000000000278, -0.1214499999999994612 ) ) ;
#4899 = CARTESIAN_POINT ( 'NONE',  ( 0.5759359376206146797, -0.05000000000000000278, -9.478001694819074349E-34 ) ) ;
#4900 = CARTESIAN_POINT ( 'NONE',  ( 0.7184160289261960486, 2.129741810843843286, 2.022227730851121841 ) ) ;
#4901 = CARTESIAN_POINT ( 'NONE',  ( 0.4379674688103072366, 0.0000000000000000000, -0.04999999999999999584 ) ) ;
#4902 = VERTEX_POINT ( 'NONE', #457 ) ;
#4903 = DIRECTION ( 'NONE',  ( 0.9396926207858909974, -0.0000000000000000000, 0.3420201433257167301 ) ) ;
#4904 = CARTESIAN_POINT ( 'NONE',  ( 0.7379674688103072810, -0.05000000000000000278, -0.04999999999999999584 ) ) ;
#4905 = ORIENTED_EDGE ( 'NONE', *, *, #4294, .T. ) ;
#4906 = DIRECTION ( 'NONE',  ( -0.0000000000000000000, 1.000000000000000000, -0.0000000000000000000 ) ) ;
#4907 = ORIENTED_EDGE ( 'NONE', *, *, #2872, .T. ) ;
#4908 = CARTESIAN_POINT ( 'NONE',  ( 0.9759349376206162274, -0.05000000000000000278, -0.1999999999999997058 ) ) ;
#4909 = EDGE_CURVE ( 'NONE', #932, #2882, #881, .T. ) ;
#4910 = EDGE_CURVE ( 'NONE', #4339, #4821, #2263, .T. ) ;
#4911 = ORIENTED_EDGE ( 'NONE', *, *, #2375, .F. ) ;
#4912 = CARTESIAN_POINT ( 'NONE',  ( 0.6816684688103075151, 0.0000000000000000000, -0.1842499999999996085 ) ) ;
#4913 =( LENGTH_UNIT ( ) NAMED_UNIT ( * ) SI_UNIT ( $, .METRE. ) );
#4914 = CARTESIAN_POINT ( 'NONE',  ( 0.7942664688103074910, -0.05000000000000000278, -0.1842499999999996918 ) ) ;
#4915 = PRODUCT_RELATED_PRODUCT_CATEGORY ( 'part', '', ( #4826 ) ) ;
#4916 = DIRECTION ( 'NONE',  ( 0.0000000000000000000, 0.0000000000000000000, 1.000000000000000000 ) ) ;
#4917 = ORIENTED_EDGE ( 'NONE', *, *, #4758, .T. ) ;
#4918 =( REPRESENTATION_RELATIONSHIP ('NONE','NONE', #813, #979 ) REPRESENTATION_RELATIONSHIP_WITH_TRANSFORMATION ( #915 )SHAPE_REPRESENTATION_RELATIONSHIP( ) );
#4919 = CARTESIAN_POINT ( 'NONE',  ( -0.005732531189692642581, 0.0000000000000000000, -0.01574999999999999664 ) ) ;
#4920 = EDGE_LOOP ( 'NONE', ( #2911, #4996 ) ) ;
#4921 = DIRECTION ( 'NONE',  ( -1.000000000000000000, 0.0000000000000000000, -0.0000000000000000000 ) ) ;
#4922 = ORIENTED_EDGE ( 'NONE', *, *, #3221, .T. ) ;
#4923 = EDGE_CURVE ( 'NONE', #1689, #4124, #1818, .T. ) ;
#4924 = CARTESIAN_POINT ( 'NONE',  ( 0.6942664688103074022, -0.05000000000000000278, -0.1842499999999996918 ) ) ;
#4925 = DIRECTION ( 'NONE',  ( -0.0000000000000000000, 1.000000000000000000, -0.0000000000000000000 ) ) ;
#4926 = PRODUCT_CONTEXT ( 'NONE', #3460, 'mechanical' ) ;
#4927 = LINE ( 'NONE', #5023, #1131 ) ;
#4928 = ORIENTED_EDGE ( 'NONE', *, *, #2117, .T. ) ;
#4929 = CARTESIAN_POINT ( 'NONE',  ( 0.5816684688103074263, -0.05000000000000000278, -0.01574999999999998623 ) ) ;
#4930 = VERTEX_POINT ( 'NONE', #3476 ) ;
#4931 = CARTESIAN_POINT ( 'NONE',  ( 0.6379674688103071922, -0.05000000000000000278, -0.1499999999999999944 ) ) ;
#4932 = ORIENTED_EDGE ( 'NONE', *, *, #2053, .T. ) ;
#4933 = LINE ( 'NONE', #4131, #3343 ) ;
#4934 = VECTOR ( 'NONE', #4148, 39.37007874015748143 ) ;
#4935 = ORIENTED_EDGE ( 'NONE', *, *, #5103, .F. ) ;
#4936 = LINE ( 'NONE', #1840, #2895 ) ;
#4937 = DIRECTION ( 'NONE',  ( 0.0000000000000000000, 0.0000000000000000000, 1.000000000000000000 ) ) ;
#4938 = LINE ( 'NONE', #1329, #5214 ) ;
#4939 = PLANE ( 'NONE',  #4181 ) ;
#4940 = VECTOR ( 'NONE', #2041, 39.37007874015748143 ) ;
#4941 = ORIENTED_EDGE ( 'NONE', *, *, #763, .F. ) ;
#4942 = CIRCLE ( 'NONE', #2649, 0.02150000000000002950 ) ;
#4943 = CARTESIAN_POINT ( 'NONE',  ( 0.6759359376206146575, -0.05000000000000000278, -9.478001694819074349E-34 ) ) ;
#4944 = ORIENTED_EDGE ( 'NONE', *, *, #137, .T. ) ;
#4945 = DIRECTION ( 'NONE',  ( 0.0000000000000000000, 0.0000000000000000000, 1.000000000000000000 ) ) ;
#4946 = ORIENTED_EDGE ( 'NONE', *, *, #1960, .F. ) ;
#4947 = ADVANCED_FACE ( 'NONE', ( #3051 ), #241, .F. ) ;
#4948 = AXIS2_PLACEMENT_3D ( 'NONE', #1078, #2273, #5166 ) ;
#4949 = EDGE_CURVE ( 'NONE', #505, #2845, #3027, .T. ) ;
#4950 = DIRECTION ( 'NONE',  ( 0.3420201433256633283, 0.0000000000000000000, -0.9396926207859103153 ) ) ;
#4951 = CARTESIAN_POINT ( 'NONE',  ( 0.8816684688103074707, -0.05000000000000000278, -0.1842499999999996085 ) ) ;
#4952 = DIRECTION ( 'NONE',  ( 1.000000000000000000, 0.0000000000000000000, 0.0000000000000000000 ) ) ;
#4953 = ORIENTED_EDGE ( 'NONE', *, *, #4058, .T. ) ;
#4954 = VECTOR ( 'NONE', #530, 39.37007874015748143 ) ;
#4955 = AXIS2_PLACEMENT_3D ( 'NONE', #3236, #4461, #1967 ) ;
#4956 = CARTESIAN_POINT ( 'NONE',  ( 0.1942664688103074300, -0.05000000000000000278, -0.1842499999999996918 ) ) ;
#4957 = VERTEX_POINT ( 'NONE', #1803 ) ;
#4958 = DIRECTION ( 'NONE',  ( -0.0000000000000000000, 1.000000000000000000, -0.0000000000000000000 ) ) ;
#4959 = AXIS2_PLACEMENT_3D ( 'NONE', #700, #308, #2666 ) ;
#4960 = VERTEX_POINT ( 'NONE', #3869 ) ;
#4961 = CARTESIAN_POINT ( 'NONE',  ( 0.6816684688103075151, 0.0000000000000000000, -0.01574999999999998623 ) ) ;
#4962 = AXIS2_PLACEMENT_3D ( 'NONE', #2410, #2014, #3148 ) ;
#4963 = AXIS2_PLACEMENT_3D ( 'NONE', #4709, #4785, #1578 ) ;
#4964 = EDGE_LOOP ( 'NONE', ( #2465, #1144, #3813, #5057 ) ) ;
#4965 = CARTESIAN_POINT ( 'NONE',  ( 0.8379674688103072588, -0.05000000000000000278, -0.04999999999999999584 ) ) ;
#4966 = DIRECTION ( 'NONE',  ( 0.0000000000000000000, 0.0000000000000000000, 1.000000000000000000 ) ) ;
#4967 = DIRECTION ( 'NONE',  ( -0.0000000000000000000, 1.000000000000000000, -0.0000000000000000000 ) ) ;
#4968 = LINE ( 'NONE', #3342, #460 ) ;
#4969 = EDGE_LOOP ( 'NONE', ( #3987, #2748, #4825, #965 ) ) ;
#4970 = DIRECTION ( 'NONE',  ( 0.3420201433256633283, 0.0000000000000000000, -0.9396926207859103153 ) ) ;
#4971 = ORIENTED_EDGE ( 'NONE', *, *, #3619, .T. ) ;
#4972 = CARTESIAN_POINT ( 'NONE',  ( 0.9379674688103073477, 0.0000000000000000000, -0.1499999999999999944 ) ) ;
#4973 = VERTEX_POINT ( 'NONE', #264 ) ;
#4974 = ADVANCED_FACE ( 'NONE', ( #2624 ), #3426, .F. ) ;
#4975 = EDGE_CURVE ( 'NONE', #161, #1689, #1091, .T. ) ;
#4976 = LINE ( 'NONE', #4600, #5213 ) ;
#4977 = FACE_OUTER_BOUND ( 'NONE', #5049, .T. ) ;
#4978 = ORIENTED_EDGE ( 'NONE', *, *, #3412, .F. ) ;
#4979 = EDGE_CURVE ( 'NONE', #2329, #2057, #2254, .T. ) ;
#4980 = ADVANCED_FACE ( 'NONE', ( #1598 ), #1942, .F. ) ;
#4981 = CARTESIAN_POINT ( 'NONE',  ( 0.5942664688103074244, -0.05000000000000000278, -0.1842499999999996918 ) ) ;
#4982 = ORIENTED_EDGE ( 'NONE', *, *, #3582, .F. ) ;
#4983 = CARTESIAN_POINT ( 'NONE',  ( 0.0000000000000000000, 0.0000000000000000000, 0.0000000000000000000 ) ) ;
#4984 = EDGE_LOOP ( 'NONE', ( #107, #3695, #4510, #284 ) ) ;
#4985 = CARTESIAN_POINT ( 'NONE',  ( 0.9379674688103073477, 3.673940397442064486E-19, -0.1214499999999994612 ) ) ;
#4986 = EDGE_CURVE ( 'NONE', #2816, #1673, #5094, .T. ) ;
#4987 = ORIENTED_EDGE ( 'NONE', *, *, #3578, .F. ) ;
#4988 = CYLINDRICAL_SURFACE ( 'NONE', #1635, 0.01049999999999998851 ) ;
#4989 = CARTESIAN_POINT ( 'NONE',  ( 0.1553090364997893602, 0.0000000000000000000, 0.0000000000000000000 ) ) ;
#4990 = ADVANCED_BREP_SHAPE_REPRESENTATION ( '', ( #256, #1156 ), #59 ) ;
#4991 = CARTESIAN_POINT ( 'NONE',  ( 0.6379674688103071922, -0.05000000000000000278, -0.04999999999999999584 ) ) ;
#4992 = ORIENTED_EDGE ( 'NONE', *, *, #1735, .T. ) ;
#4993 = FACE_OUTER_BOUND ( 'NONE', #4730, .T. ) ;
#4994 = ORIENTED_EDGE ( 'NONE', *, *, #462, .T. ) ;
#4995 = CARTESIAN_POINT ( 'NONE',  ( 0.1379674688103071922, 0.0000000000000000000, -0.1785500000000005416 ) ) ;
#4996 = ORIENTED_EDGE ( 'NONE', *, *, #2677, .F. ) ;
#4997 = DIRECTION ( 'NONE',  ( 1.000000000000000000, 0.0000000000000000000, 0.0000000000000000000 ) ) ;
#4998 = DIRECTION ( 'NONE',  ( 0.0000000000000000000, 0.0000000000000000000, 1.000000000000000000 ) ) ;
#4999 = ITEM_DEFINED_TRANSFORMATION ( 'NONE', 'NONE', #4640,  #1156 ) ;
#5000 = LINE ( 'NONE', #1318, #879 ) ;
#5001 = VERTEX_POINT ( 'NONE', #1877 ) ;
#5002 = EDGE_CURVE ( 'NONE', #257, #2190, #49, .T. ) ;
#5003 = LINE ( 'NONE', #147, #4420 ) ;
#5004 = ORIENTED_EDGE ( 'NONE', *, *, #2955, .T. ) ;
#5005 = DIRECTION ( 'NONE',  ( -0.0000000000000000000, 1.000000000000000000, -0.0000000000000000000 ) ) ;
#5006 = ORIENTED_EDGE ( 'NONE', *, *, #2097, .T. ) ;
#5007 = DIRECTION ( 'NONE',  ( 0.9396926207859104263, 0.0000000000000000000, 0.3420201433256633838 ) ) ;
#5008 = EDGE_CURVE ( 'NONE', #4053, #348, #1460, .T. ) ;
#5009 = ORIENTED_EDGE ( 'NONE', *, *, #4091, .F. ) ;
#5010 = FACE_OUTER_BOUND ( 'NONE', #2973, .T. ) ;
#5011 = CARTESIAN_POINT ( 'NONE',  ( 0.3184160289261960264, 2.129741810843843286, 2.022227730851123617 ) ) ;
#5012 = LINE ( 'NONE', #53, #3175 ) ;
#5013 = CARTESIAN_POINT ( 'NONE',  ( 0.4942664688103074466, -0.05000000000000000278, -0.01574999999999998623 ) ) ;
#5014 = ORIENTED_EDGE ( 'NONE', *, *, #3997, .T. ) ;
#5015 = DIRECTION ( 'NONE',  ( -1.000000000000000000, -0.0000000000000000000, -0.0000000000000000000 ) ) ;
#5016 = ORIENTED_EDGE ( 'NONE', *, *, #660, .F. ) ;
#5017 = CARTESIAN_POINT ( 'NONE',  ( 0.03500000000000071804, 0.0000000000000000000, 0.0000000000000000000 ) ) ;
#5018 = AXIS2_PLACEMENT_3D ( 'NONE', #2138, #3753, #3305 ) ;
#5019 = VERTEX_POINT ( 'NONE', #3818 ) ;
#5020 = CARTESIAN_POINT ( 'NONE',  ( 0.3816684688103073597, 0.0000000000000000000, -0.01574999999999998623 ) ) ;
#5021 = AXIS2_PLACEMENT_3D ( 'NONE', #2507, #3722, #3425 ) ;
#5022 = CARTESIAN_POINT ( 'NONE',  ( 0.7816684688103074929, -0.05000000000000000278, -0.1842499999999996085 ) ) ;
#5023 = CARTESIAN_POINT ( 'NONE',  ( -0.01203253118969264436, 0.0000000000000000000, -0.01574999999999999664 ) ) ;
#5024 = ORIENTED_EDGE ( 'NONE', *, *, #4418, .F. ) ;
#5025 = AXIS2_PLACEMENT_3D ( 'NONE', #2408, #1690, #1617 ) ;
#5026 = AXIS2_PLACEMENT_3D ( 'NONE', #3964, #3119, #1102 ) ;
#5027 = CARTESIAN_POINT ( 'NONE',  ( 0.8816684688103074707, -0.05000000000000000278, -0.01574999999999998623 ) ) ;
#5028 = VERTEX_POINT ( 'NONE', #2684 ) ;
#5029 = FACE_OUTER_BOUND ( 'NONE', #2232, .T. ) ;
#5030 = ORIENTED_EDGE ( 'NONE', *, *, #1117, .F. ) ;
#5031 = DIRECTION ( 'NONE',  ( -1.000000000000000000, -0.0000000000000000000, -0.0000000000000000000 ) ) ;
#5032 = VECTOR ( 'NONE', #403, 39.37007874015748143 ) ;
#5033 = AXIS2_PLACEMENT_3D ( 'NONE', #4972, #4349, #1462 ) ;
#5034 = ORIENTED_EDGE ( 'NONE', *, *, #5036, .F. ) ;
#5035 = VECTOR ( 'NONE', #2784, 39.37007874015748143 ) ;
#5036 = EDGE_CURVE ( 'NONE', #2197, #654, #3612, .T. ) ;
#5037 = AXIS2_PLACEMENT_3D ( 'NONE', #2124, #2518, #2493 ) ;
#5038 = EDGE_CURVE ( 'NONE', #567, #784, #667, .T. ) ;
#5039 = FACE_OUTER_BOUND ( 'NONE', #2877, .T. ) ;
#5040 = CARTESIAN_POINT ( 'NONE',  ( 0.3184160289261678822, 2.129741810843848171, 2.122227730851123706 ) ) ;
#5041 = DIRECTION ( 'NONE',  ( -0.0000000000000000000, 1.000000000000000000, -0.0000000000000000000 ) ) ;
#5042 = DIRECTION ( 'NONE',  ( -0.0000000000000000000, 1.000000000000000000, -0.0000000000000000000 ) ) ;
#5043 = EDGE_CURVE ( 'NONE', #3284, #3295, #986, .T. ) ;
#5044 = CIRCLE ( 'NONE', #2753, 0.02855000000000054022 ) ;
#5045 = VECTOR ( 'NONE', #4609, 39.37007874015748143 ) ;
#5046 = EDGE_LOOP ( 'NONE', ( #5034, #904 ) ) ;
#5047 = CARTESIAN_POINT ( 'NONE',  ( 0.4999990000000001378, -0.05000000000000000278, 0.0000000000000000000 ) ) ;
#5048 = DIRECTION ( 'NONE',  ( 0.0000000000000000000, 0.0000000000000000000, 1.000000000000000000 ) ) ;
#5049 = EDGE_LOOP ( 'NONE', ( #3775, #2468, #1904, #3154 ) ) ;
#5050 = AXIS2_PLACEMENT_3D ( 'NONE', #4303, #2268, #2714 ) ;
#5051 = CARTESIAN_POINT ( 'NONE',  ( 0.08166846881030738470, 0.0000000000000000000, -0.01574999999999998623 ) ) ;
#5052 = EDGE_LOOP ( 'NONE', ( #95, #2591 ) ) ;
#5053 = DIRECTION ( 'NONE',  ( 1.000000000000000000, 0.0000000000000000000, 0.0000000000000000000 ) ) ;
#5054 = VECTOR ( 'NONE', #1856, 39.37007874015748143 ) ;
#5055 = DIRECTION ( 'NONE',  ( -0.3420201433256694346, -0.0000000000000000000, -0.9396926207859080948 ) ) ;
#5056 = LINE ( 'NONE', #1098, #3335 ) ;
#5057 = ORIENTED_EDGE ( 'NONE', *, *, #3380, .T. ) ;
#5058 = LINE ( 'NONE', #1867, #2903 ) ;
#5059 = ORIENTED_EDGE ( 'NONE', *, *, #113, .T. ) ;
#5060 = CARTESIAN_POINT ( 'NONE',  ( 0.8942664688103074688, -0.05000000000000000278, -0.1842499999999996918 ) ) ;
#5061 = ORIENTED_EDGE ( 'NONE', *, *, #1960, .T. ) ;
#5062 = ORIENTED_EDGE ( 'NONE', *, *, #2469, .F. ) ;
#5063 = ORIENTED_EDGE ( 'NONE', *, *, #2150, .T. ) ;
#5064 = DIRECTION ( 'NONE',  ( -0.0000000000000000000, 1.000000000000000000, -0.0000000000000000000 ) ) ;
#5065 = CARTESIAN_POINT ( 'NONE',  ( 0.4184160289261960597, 2.129741810843843286, 2.022227730851123173 ) ) ;
#5066 = LINE ( 'NONE', #4644, #3599 ) ;
#5067 = DIRECTION ( 'NONE',  ( -0.0000000000000000000, -0.0000000000000000000, -1.000000000000000000 ) ) ;
#5068 = EDGE_CURVE ( 'NONE', #344, #2960, #2588, .T. ) ;
#5069 = ADVANCED_FACE ( 'NONE', ( #3845 ), #3779, .F. ) ;
#5070 = ORIENTED_EDGE ( 'NONE', *, *, #4463, .F. ) ;
#5071 = DIRECTION ( 'NONE',  ( -0.9396926207859092051, 0.0000000000000000000, 0.3420201433256666035 ) ) ;
#5072 = DIRECTION ( 'NONE',  ( 0.0000000000000000000, 0.0000000000000000000, 1.000000000000000000 ) ) ;
#5073 = EDGE_CURVE ( 'NONE', #4957, #4084, #2599, .T. ) ;
#5074 = ORIENTED_EDGE ( 'NONE', *, *, #4458, .T. ) ;
#5075 = DIRECTION ( 'NONE',  ( 0.0000000000000000000, 0.0000000000000000000, 1.000000000000000000 ) ) ;
#5076 = ORIENTED_EDGE ( 'NONE', *, *, #3023, .F. ) ;
#5077 = DIRECTION ( 'NONE',  ( -0.0000000000000000000, 1.000000000000000000, -0.0000000000000000000 ) ) ;
#5078 = EDGE_CURVE ( 'NONE', #2921, #1274, #391, .T. ) ;
#5079 = CARTESIAN_POINT ( 'NONE',  ( 0.03796746881030720056, 3.673940397442064486E-19, -0.07855000000000052218 ) ) ;
#5080 = EDGE_CURVE ( 'NONE', #4088, #3741, #1408, .T. ) ;
#5081 = LINE ( 'NONE', #4686, #2237 ) ;
#5082 = DIRECTION ( 'NONE',  ( 0.0000000000000000000, 0.0000000000000000000, 1.000000000000000000 ) ) ;
#5083 = ORIENTED_EDGE ( 'NONE', *, *, #4363, .T. ) ;
#5084 = FACE_OUTER_BOUND ( 'NONE', #3584, .T. ) ;
#5085 = EDGE_LOOP ( 'NONE', ( #3786, #1258, #3454, #1164 ) ) ;
#5086 = CARTESIAN_POINT ( 'NONE',  ( 0.2999990000000001267, -0.05000000000000000278, 0.0000000000000000000 ) ) ;
#5087 = EDGE_LOOP ( 'NONE', ( #2723, #2453 ) ) ;
#5088 = ORIENTED_EDGE ( 'NONE', *, *, #5138, .F. ) ;
#5089 = CARTESIAN_POINT ( 'NONE',  ( 0.5942664688103073134, 0.0000000000000000000, -0.01574999999999998623 ) ) ;
#5090 = CARTESIAN_POINT ( 'NONE',  ( 0.6999990000000000379, -0.05000000000000000278, -0.1999999999999999833 ) ) ;
#5091 = LINE ( 'NONE', #290, #1482 ) ;
#5092 = ORIENTED_EDGE ( 'NONE', *, *, #794, .F. ) ;
#5093 = CYLINDRICAL_SURFACE ( 'NONE', #3824, 0.02855000000000052982 ) ;
#5094 = LINE ( 'NONE', #4624, #5054 ) ;
#5095 = ORIENTED_EDGE ( 'NONE', *, *, #3348, .T. ) ;
#5096 = CARTESIAN_POINT ( 'NONE',  ( 0.3999990000000001600, -0.05000000000000000278, 0.0000000000000000000 ) ) ;
#5097 = EDGE_CURVE ( 'NONE', #3187, #4138, #5205, .T. ) ;
#5098 = ORIENTED_EDGE ( 'NONE', *, *, #2706, .F. ) ;
#5099 = CARTESIAN_POINT ( 'NONE',  ( 0.0000000000000000000, -0.05000000000000000278, 0.0000000000000000000 ) ) ;
#5100 = CIRCLE ( 'NONE', #5018, 0.02855000000000052982 ) ;
#5101 = CARTESIAN_POINT ( 'NONE',  ( 0.4379674688103072366, 0.0000000000000000000, -0.1214499999999994612 ) ) ;
#5102 = EDGE_CURVE ( 'NONE', #2383, #1447, #2675, .T. ) ;
#5103 = EDGE_CURVE ( 'NONE', #4476, #644, #2339, .T. ) ;
#5104 =( NAMED_UNIT ( * ) PLANE_ANGLE_UNIT ( ) SI_UNIT ( $, .RADIAN. ) );
#5105 = AXIS2_PLACEMENT_3D ( 'NONE', #4346, #2730, #4296 ) ;
#5106 = DIRECTION ( 'NONE',  ( 0.0000000000000000000, 0.0000000000000000000, 1.000000000000000000 ) ) ;
#5107 = LENGTH_MEASURE_WITH_UNIT ( LENGTH_MEASURE( 0.02539999999999999897 ), #1048 );
#5108 = ORIENTED_EDGE ( 'NONE', *, *, #101, .T. ) ;
#5109 = VECTOR ( 'NONE', #3409, 39.37007874015748143 ) ;
#5110 = DIRECTION ( 'NONE',  ( 5.421193827719211569E-15, 0.0000000000000000000, 1.000000000000000000 ) ) ;
#5111 = VERTEX_POINT ( 'NONE', #772 ) ;
#5112 = PLANE ( 'NONE',  #3263 ) ;
#5113 = VECTOR ( 'NONE', #4096, 39.37007874015748143 ) ;
#5114 = ORIENTED_EDGE ( 'NONE', *, *, #4909, .T. ) ;
#5115 = EDGE_LOOP ( 'NONE', ( #4272, #5108, #985, #1836 ) ) ;
#5116 = PRODUCT_DEFINITION_SHAPE ( 'NONE', 'NONE',  #5256 ) ;
#5117 = DIRECTION ( 'NONE',  ( -0.0000000000000000000, 1.000000000000000000, -0.0000000000000000000 ) ) ;
#5118 = AXIS2_PLACEMENT_3D ( 'NONE', #335, #1954, #1163 ) ;
#5119 = CYLINDRICAL_SURFACE ( 'NONE', #1901, 0.02855000000000052982 ) ;
#5120 = DIRECTION ( 'NONE',  ( 0.3420201433256633283, 0.0000000000000000000, -0.9396926207859103153 ) ) ;
#5121 = AXIS2_PLACEMENT_3D ( 'NONE', #1939, #3973, #769 ) ;
#5122 = CIRCLE ( 'NONE', #2075, 0.02650000000000056130 ) ;
#5123 = ORIENTED_EDGE ( 'NONE', *, *, #1369, .F. ) ;
#5124 = CARTESIAN_POINT ( 'NONE',  ( 0.4942664688103074466, 0.0000000000000000000, -0.01574999999999998623 ) ) ;
#5125 = DIRECTION ( 'NONE',  ( 0.0000000000000000000, 0.0000000000000000000, 1.000000000000000000 ) ) ;
#5126 = ORIENTED_EDGE ( 'NONE', *, *, #5237, .T. ) ;
#5127 = DIRECTION ( 'NONE',  ( 0.0000000000000000000, 0.0000000000000000000, 1.000000000000000000 ) ) ;
#5128 = ORIENTED_EDGE ( 'NONE', *, *, #2473, .F. ) ;
#5129 = CYLINDRICAL_SURFACE ( 'NONE', #558, 0.02855000000000054022 ) ;
#5130 = CIRCLE ( 'NONE', #887, 0.01450000000000062350 ) ;
#5131 = AXIS2_PLACEMENT_3D ( 'NONE', #2671, #603, #3067 ) ;
#5132 = AXIS2_PLACEMENT_3D ( 'NONE', #1280, #5015, #1332 ) ;
#5133 = VECTOR ( 'NONE', #4222, 39.37007874015748143 ) ;
#5134 = DIRECTION ( 'NONE',  ( -0.3420201433256720991, 0.0000000000000000000, 0.9396926207859070956 ) ) ;
#5135 = FILL_AREA_STYLE_COLOUR ( '', #1981 ) ;
#5136 = AXIS2_PLACEMENT_3D ( 'NONE', #4675, #2306, #1495 ) ;
#5137 = EDGE_CURVE ( 'NONE', #1173, #2882, #3235, .T. ) ;
#5138 = EDGE_CURVE ( 'NONE', #3821, #1447, #2042, .T. ) ;
#5139 = CARTESIAN_POINT ( 'NONE',  ( 0.5816684688103074263, -0.05000000000000000278, -0.01574999999999998623 ) ) ;
#5140 = CARTESIAN_POINT ( 'NONE',  ( 0.03796746881030719362, 0.0000000000000000000, -0.1499999999999999944 ) ) ;
#5141 = VERTEX_POINT ( 'NONE', #3186 ) ;
#5142 = FACE_OUTER_BOUND ( 'NONE', #434, .T. ) ;
#5143 = EDGE_CURVE ( 'NONE', #2544, #600, #1965, .T. ) ;
#5144 = EDGE_LOOP ( 'NONE', ( #729, #868 ) ) ;
#5145 = CARTESIAN_POINT ( 'NONE',  ( 0.6942664688103074022, -0.05000000000000000278, -0.01574999999999998623 ) ) ;
#5146 = ORIENTED_EDGE ( 'NONE', *, *, #4516, .T. ) ;
#5147 = ORIENTED_EDGE ( 'NONE', *, *, #3197, .F. ) ;
#5148 = PLANE ( 'NONE',  #4859 ) ;
#5149 = ADVANCED_FACE ( 'NONE', ( #2386 ), #4379, .F. ) ;
#5150 = DIRECTION ( 'NONE',  ( -0.0000000000000000000, 1.000000000000000000, -0.0000000000000000000 ) ) ;
#5151 = DIRECTION ( 'NONE',  ( -6.998027963638287744E-17, 0.0000000000000000000, -1.000000000000000000 ) ) ;
#5152 =( GEOMETRIC_REPRESENTATION_CONTEXT ( 3 ) GLOBAL_UNCERTAINTY_ASSIGNED_CONTEXT ( ( #1902 ) ) GLOBAL_UNIT_ASSIGNED_CONTEXT ( ( #3046, #5188, #4670 ) ) REPRESENTATION_CONTEXT ( 'NONE', 'WORKASPACE' ) );
#5153 = VERTEX_POINT ( 'NONE', #746 ) ;
#5154 = LINE ( 'NONE', #3586, #870 ) ;
#5155 = CARTESIAN_POINT ( 'NONE',  ( 0.1649999999999989253, 0.0000000000000000000, 0.007500000000000002325 ) ) ;
#5156 = ORIENTED_EDGE ( 'NONE', *, *, #3670, .F. ) ;
#5157 = CARTESIAN_POINT ( 'NONE',  ( 0.06700000000000012890, 2.632990618166813195E-18, -0.02150000000000002950 ) ) ;
#5158 = ORIENTED_EDGE ( 'NONE', *, *, #1402, .T. ) ;
#5159 = CARTESIAN_POINT ( 'NONE',  ( 0.07593593762061463803, -0.05000000000000000278, -0.1999999999999999833 ) ) ;
#5160 = DIRECTION ( 'NONE',  ( 0.0000000000000000000, 0.0000000000000000000, 1.000000000000000000 ) ) ;
#5161 = DIRECTION ( 'NONE',  ( -0.0000000000000000000, 1.000000000000000000, -0.0000000000000000000 ) ) ;
#5162 = PRODUCT_DEFINITION_SHAPE ( 'NONE', 'NONE',  #5258 ) ;
#5163 = CARTESIAN_POINT ( 'NONE',  ( 0.8816684688103074707, -0.05000000000000000278, -0.01574999999999998623 ) ) ;
#5164 = SURFACE_STYLE_FILL_AREA ( #1926 ) ;
#5165 = ORIENTED_EDGE ( 'NONE', *, *, #1440, .T. ) ;
#5166 = DIRECTION ( 'NONE',  ( -1.000000000000000000, 0.0000000000000000000, 6.998027963638287744E-17 ) ) ;
#5167 = ORIENTED_EDGE ( 'NONE', *, *, #2988, .F. ) ;
#5168 = FACE_BOUND ( 'NONE', #4313, .T. ) ;
#5169 = EDGE_LOOP ( 'NONE', ( #4237, #4539, #4140, #1548 ) ) ;
#5170 = ORIENTED_EDGE ( 'NONE', *, *, #2344, .T. ) ;
#5171 = DIRECTION ( 'NONE',  ( -0.3420201433256693790, 0.0000000000000000000, -0.9396926207859082059 ) ) ;
#5172 = DIRECTION ( 'NONE',  ( -0.0000000000000000000, 1.000000000000000000, -0.0000000000000000000 ) ) ;
#5173 = EDGE_CURVE ( 'NONE', #4754, #4133, #1822, .T. ) ;
#5174 = CARTESIAN_POINT ( 'NONE',  ( 0.8379674688103072588, 0.0000000000000000000, -0.04999999999999999584 ) ) ;
#5175 = EDGE_CURVE ( 'NONE', #1231, #3444, #2018, .T. ) ;
#5176 = EDGE_LOOP ( 'NONE', ( #5128, #1068 ) ) ;
#5177 = CARTESIAN_POINT ( 'NONE',  ( 0.9379674688103073477, 0.0000000000000000000, -0.02144999999999946602 ) ) ;
#5178 = DIRECTION ( 'NONE',  ( -0.0000000000000000000, 1.000000000000000000, -0.0000000000000000000 ) ) ;
#5179 = ORIENTED_EDGE ( 'NONE', *, *, #432, .F. ) ;
#5180 = LINE ( 'NONE', #1995, #4182 ) ;
#5181 = EDGE_LOOP ( 'NONE', ( #765, #988, #1605, #2570 ) ) ;
#5182 = DIRECTION ( 'NONE',  ( 0.0000000000000000000, 0.0000000000000000000, 1.000000000000000000 ) ) ;
#5183 = FACE_OUTER_BOUND ( 'NONE', #2027, .T. ) ;
#5184 = ORIENTED_EDGE ( 'NONE', *, *, #1369, .T. ) ;
#5185 = VECTOR ( 'NONE', #4227, 39.37007874015748143 ) ;
#5186 = CARTESIAN_POINT ( 'NONE',  ( 0.3816684688103074707, -0.05000000000000000278, -0.1842499999999996085 ) ) ;
#5187 = FACE_OUTER_BOUND ( 'NONE', #5115, .T. ) ;
#5188 =( NAMED_UNIT ( * ) PLANE_ANGLE_UNIT ( ) SI_UNIT ( $, .RADIAN. ) );
#5189 = PLANE ( 'NONE',  #3673 ) ;
#5190 = ORIENTED_EDGE ( 'NONE', *, *, #2606, .T. ) ;
#5191 = DIRECTION ( 'NONE',  ( 0.0000000000000000000, 0.0000000000000000000, 1.000000000000000000 ) ) ;
#5192 = AXIS2_PLACEMENT_3D ( 'NONE', #1272, #4459, #1674 ) ;
#5193 = CIRCLE ( 'NONE', #534, 0.02150000000000002950 ) ;
#5194 = DIRECTION ( 'NONE',  ( -0.0000000000000000000, 1.000000000000000000, -0.0000000000000000000 ) ) ;
#5195 = ORIENTED_EDGE ( 'NONE', *, *, #1281, .F. ) ;
#5196 = FACE_OUTER_BOUND ( 'NONE', #3358, .T. ) ;
#5197 = DIRECTION ( 'NONE',  ( -0.3420201433256694346, -0.0000000000000000000, -0.9396926207859080948 ) ) ;
#5198 = CARTESIAN_POINT ( 'NONE',  ( 0.1816684688103074319, -0.05000000000000000278, -0.1842499999999996085 ) ) ;
#5199 = VECTOR ( 'NONE', #252, 39.37007874015748143 ) ;
#5200 = ADVANCED_FACE ( 'NONE', ( #2362 ), #3976, .F. ) ;
#5201 = EDGE_CURVE ( 'NONE', #580, #3819, #2809, .T. ) ;
#5202 = VERTEX_POINT ( 'NONE', #1113 ) ;
#5203 = CIRCLE ( 'NONE', #4012, 0.02855000000000052982 ) ;
#5204 = LINE ( 'NONE', #1090, #3408 ) ;
#5205 = LINE ( 'NONE', #1143, #4199 ) ;
#5206 = ORIENTED_EDGE ( 'NONE', *, *, #5043, .T. ) ;
#5207 = CARTESIAN_POINT ( 'NONE',  ( 0.08166846881030738470, -0.05000000000000000278, -0.01574999999999998623 ) ) ;
#5208 = ORIENTED_EDGE ( 'NONE', *, *, #4091, .T. ) ;
#5209 = CARTESIAN_POINT ( 'NONE',  ( 0.6759359376206146575, -0.05000000000000000278, -0.1999999999999999833 ) ) ;
#5210 = CIRCLE ( 'NONE', #1810, 0.02855000000000052982 ) ;
#5211 = AXIS2_PLACEMENT_3D ( 'NONE', #2292, #4279, #2241 ) ;
#5212 = DIRECTION ( 'NONE',  ( -0.0000000000000000000, 1.000000000000000000, -0.0000000000000000000 ) ) ;
#5213 = VECTOR ( 'NONE', #3699, 39.37007874015748854 ) ;
#5214 = VECTOR ( 'NONE', #2886, 39.37007874015748143 ) ;
#5215 = ORIENTED_EDGE ( 'NONE', *, *, #3738, .T. ) ;
#5216 = EDGE_CURVE ( 'NONE', #2950, #5001, #3944, .T. ) ;
#5217 = AXIS2_PLACEMENT_3D ( 'NONE', #1581, #1624, #4813 ) ;
#5218 = VECTOR ( 'NONE', #1959, 39.37007874015748143 ) ;
#5219 = CARTESIAN_POINT ( 'NONE',  ( 0.08166846881030738470, 0.0000000000000000000, -0.01574999999999998623 ) ) ;
#5220 = CARTESIAN_POINT ( 'NONE',  ( -0.005732531189692642581, -0.05000000000000000278, -0.01574999999999999664 ) ) ;
#5221 = SHAPE_DEFINITION_REPRESENTATION ( #1471, #979 ) ;
#5222 = CARTESIAN_POINT ( 'NONE',  ( 0.5816684688103074263, -0.05000000000000000278, -0.01574999999999998623 ) ) ;
#5223 = AXIS2_PLACEMENT_3D ( 'NONE', #1915, #2998, #3110 ) ;
#5224 = EDGE_LOOP ( 'NONE', ( #2434, #2548 ) ) ;
#5225 = FACE_BOUND ( 'NONE', #2940, .T. ) ;
#5226 = DIMENSIONAL_EXPONENTS ( 1.000000000000000000, 0.0000000000000000000, 0.0000000000000000000, 0.0000000000000000000, 0.0000000000000000000, 0.0000000000000000000, 0.0000000000000000000 ) ;
#5227 = DIRECTION ( 'NONE',  ( -0.3420201433255870005, 0.0000000000000000000, -0.9396926207859380709 ) ) ;
#5228 = ORIENTED_EDGE ( 'NONE', *, *, #4695, .F. ) ;
#5229 = DIRECTION ( 'NONE',  ( 0.3420201433256665480, -0.0000000000000000000, 0.9396926207859092051 ) ) ;
#5230 = CARTESIAN_POINT ( 'NONE',  ( 0.01000000000000071665, 3.245314017740555080E-18, -0.02650000000000056130 ) ) ;
#5231 = LINE ( 'NONE', #4829, #3166 ) ;
#5232 = ORIENTED_EDGE ( 'NONE', *, *, #3731, .F. ) ;
#5233 = CARTESIAN_POINT ( 'NONE',  ( 0.0000000000000000000, -0.05000000000000000278, 0.0000000000000000000 ) ) ;
#5234 = LINE ( 'NONE', #4808, #730 ) ;
#5235 = DIRECTION ( 'NONE',  ( -0.0000000000000000000, 1.000000000000000000, -0.0000000000000000000 ) ) ;
#5236 = DIRECTION ( 'NONE',  ( 5.421193827719211569E-15, 0.0000000000000000000, 1.000000000000000000 ) ) ;
#5237 = EDGE_CURVE ( 'NONE', #3241, #4799, #1574, .T. ) ;
#5238 = EDGE_CURVE ( 'NONE', #3374, #4930, #5234, .T. ) ;
#5239 = FACE_OUTER_BOUND ( 'NONE', #3479, .T. ) ;
#5240 = VERTEX_POINT ( 'NONE', #4034 ) ;
#5241 = ORIENTED_EDGE ( 'NONE', *, *, #1886, .T. ) ;
#5242 = NEXT_ASSEMBLY_USAGE_OCCURRENCE ( 'NAUO1', ' ', ' ', #598, #1698, $ ) ;
#5243 = NEXT_ASSEMBLY_USAGE_OCCURRENCE ( 'NAUO2', ' ', ' ', #598, #3965, $ ) ;
#5244 = NEXT_ASSEMBLY_USAGE_OCCURRENCE ( 'NAUO3', ' ', ' ', #598, #3965, $ ) ;
#5245 = NEXT_ASSEMBLY_USAGE_OCCURRENCE ( 'NAUO4', ' ', ' ', #598, #3965, $ ) ;
#5246 = NEXT_ASSEMBLY_USAGE_OCCURRENCE ( 'NAUO5', ' ', ' ', #598, #3965, $ ) ;
#5247 = NEXT_ASSEMBLY_USAGE_OCCURRENCE ( 'NAUO6', ' ', ' ', #598, #3965, $ ) ;
#5248 = NEXT_ASSEMBLY_USAGE_OCCURRENCE ( 'NAUO7', ' ', ' ', #598, #3965, $ ) ;
#5249 = NEXT_ASSEMBLY_USAGE_OCCURRENCE ( 'NAUO8', ' ', ' ', #598, #3965, $ ) ;
#5250 = NEXT_ASSEMBLY_USAGE_OCCURRENCE ( 'NAUO9', ' ', ' ', #598, #3965, $ ) ;
#5251 = NEXT_ASSEMBLY_USAGE_OCCURRENCE ( 'NAUO10', ' ', ' ', #598, #3965, $ ) ;
#5252 = NEXT_ASSEMBLY_USAGE_OCCURRENCE ( 'NAUO11', ' ', ' ', #598, #3965, $ ) ;
#5253 = NEXT_ASSEMBLY_USAGE_OCCURRENCE ( 'NAUO12', ' ', ' ', #598, #3965, $ ) ;
#5254 = NEXT_ASSEMBLY_USAGE_OCCURRENCE ( 'NAUO13', ' ', ' ', #598, #3965, $ ) ;
#5255 = NEXT_ASSEMBLY_USAGE_OCCURRENCE ( 'NAUO14', ' ', ' ', #598, #3965, $ ) ;
#5256 = NEXT_ASSEMBLY_USAGE_OCCURRENCE ( 'NAUO15', ' ', ' ', #598, #3965, $ ) ;
#5257 = NEXT_ASSEMBLY_USAGE_OCCURRENCE ( 'NAUO16', ' ', ' ', #598, #3965, $ ) ;
#5258 = NEXT_ASSEMBLY_USAGE_OCCURRENCE ( 'NAUO17', ' ', ' ', #598, #3965, $ ) ;
#5259 = NEXT_ASSEMBLY_USAGE_OCCURRENCE ( 'NAUO18', ' ', ' ', #598, #3965, $ ) ;
#5260 = NEXT_ASSEMBLY_USAGE_OCCURRENCE ( 'NAUO19', ' ', ' ', #598, #3965, $ ) ;
#5261 = NEXT_ASSEMBLY_USAGE_OCCURRENCE ( 'NAUO20', ' ', ' ', #598, #3965, $ ) ;
#5262 = NEXT_ASSEMBLY_USAGE_OCCURRENCE ( 'NAUO21', ' ', ' ', #598, #3965, $ ) ;
ENDSEC;
END-ISO-10303-21;
