ISO-10303-21;
HEADER;
FILE_DESCRIPTION (( 'STEP AP214' ),
    '1' );
FILE_NAME ('mill-max-335-10-120-00-160000.STEP',
    '2022-10-03T16:46:31',
    ( '' ),
    ( '' ),
    'SwSTEP 2.0',
    'SolidWorks 2022',
    '' );
FILE_SCHEMA (( 'AUTOMOTIVE_DESIGN' ));
ENDSEC;

DATA;
#1 = DIRECTION ( 'NONE',  ( 0.0000000000000000000, 0.0000000000000000000, 1.000000000000000000 ) ) ;
#2 = CARTESIAN_POINT ( 'NONE',  ( 1.737967468810307281, 0.0000000000000000000, -0.07855000000000071647 ) ) ;
#3 = DIRECTION ( 'NONE',  ( 1.000000000000000000, 0.0000000000000000000, -1.355298456929802892E-15 ) ) ;
#4 = ITEM_DEFINED_TRANSFORMATION ( 'NONE', 'NONE', #3230,  #3340 ) ;
#5 = AXIS2_PLACEMENT_3D ( 'NONE', #6076, #1157, #6663 ) ;
#6 = DIRECTION ( 'NONE',  ( -0.3420201433256022661, -0.0000000000000000000, -0.9396926207859325197 ) ) ;
#7 = EDGE_CURVE ( 'NONE', #6688, #7227, #5520, .T. ) ;
#8 = ORIENTED_EDGE ( 'NONE', *, *, #781, .F. ) ;
#9 = EDGE_CURVE ( 'NONE', #7028, #1364, #564, .T. ) ;
#10 = ORIENTED_EDGE ( 'NONE', *, *, #3076, .F. ) ;
#11 = VECTOR ( 'NONE', #2934, 39.37007874015748143 ) ;
#12 = DIRECTION ( 'NONE',  ( -1.000000000000000000, -0.0000000000000000000, -0.0000000000000000000 ) ) ;
#13 = VERTEX_POINT ( 'NONE', #7332 ) ;
#14 = VECTOR ( 'NONE', #2920, 39.37007874015748143 ) ;
#15 = CARTESIAN_POINT ( 'NONE',  ( 1.987967468810307503, -0.05000000000000000278, -0.01574999999999984746 ) ) ;
#16 = CARTESIAN_POINT ( 'NONE',  ( 1.037967468810307547, -0.05000000000000000278, -0.07855000000000071647 ) ) ;
#17 =( LENGTH_UNIT ( ) NAMED_UNIT ( * ) SI_UNIT ( $, .METRE. ) );
#18 = VECTOR ( 'NONE', #6573, 39.37007874015748143 ) ;
#19 = ORIENTED_EDGE ( 'NONE', *, *, #6763, .F. ) ;
#20 = ADVANCED_FACE ( 'NONE', ( #6151 ), #4321, .T. ) ;
#21 = CARTESIAN_POINT ( 'NONE',  ( 0.4816684688103073930, -0.1100000000000000006, -0.08424999999999954747 ) ) ;
#22 = LINE ( 'NONE', #6569, #2949 ) ;
#23 = VERTEX_POINT ( 'NONE', #6774 ) ;
#24 = DIRECTION ( 'NONE',  ( -0.3420201433256720991, 0.0000000000000000000, 0.9396926207859070956 ) ) ;
#25 = VECTOR ( 'NONE', #4365, 39.37007874015748143 ) ;
#26 = DIRECTION ( 'NONE',  ( -1.000000000000000000, -0.0000000000000000000, -0.0000000000000000000 ) ) ;
#27 = CIRCLE ( 'NONE', #7617, 0.02800000000000090264 ) ;
#28 = VERTEX_POINT ( 'NONE', #6736 ) ;
#29 = EDGE_CURVE ( 'NONE', #6037, #7303, #634, .T. ) ;
#30 = FACE_OUTER_BOUND ( 'NONE', #4293, .T. ) ;
#31 = ORIENTED_EDGE ( 'NONE', *, *, #149, .T. ) ;
#32 = PLANE ( 'NONE',  #6314 ) ;
#33 = FACE_OUTER_BOUND ( 'NONE', #3282, .T. ) ;
#34 = CIRCLE ( 'NONE', #4727, 0.02855000000000052288 ) ;
#35 = EDGE_CURVE ( 'NONE', #3919, #6456, #3095, .T. ) ;
#36 = AXIS2_PLACEMENT_3D ( 'NONE', #6614, #4032, #6458 ) ;
#37 = ORIENTED_EDGE ( 'NONE', *, *, #6693, .F. ) ;
#38 = PLANE ( 'NONE',  #3879 ) ;
#39 = PLANE ( 'NONE',  #289 ) ;
#40 = ORIENTED_EDGE ( 'NONE', *, *, #2210, .T. ) ;
#41 = DIRECTION ( 'NONE',  ( 0.0000000000000000000, 0.0000000000000000000, 1.000000000000000000 ) ) ;
#42 = CARTESIAN_POINT ( 'NONE',  ( 0.0000000000000000000, -0.05000000000000000278, 0.0000000000000000000 ) ) ;
#43 = DIRECTION ( 'NONE',  ( -0.0000000000000000000, 1.000000000000000000, -0.0000000000000000000 ) ) ;
#44 = LINE ( 'NONE', #7072, #3806 ) ;
#45 = UNCERTAINTY_MEASURE_WITH_UNIT (LENGTH_MEASURE( 1.000000000000000082E-05 ), #1132, 'distance_accuracy_value', 'NONE');
#46 = VECTOR ( 'NONE', #2750, 39.37007874015748143 ) ;
#47 = CARTESIAN_POINT ( 'NONE',  ( 0.0000000000000000000, -0.05000000000000000278, 0.0000000000000000000 ) ) ;
#48 = ORIENTED_EDGE ( 'NONE', *, *, #2483, .F. ) ;
#49 = ORIENTED_EDGE ( 'NONE', *, *, #4038, .F. ) ;
#50 = VECTOR ( 'NONE', #5622, 39.37007874015748143 ) ;
#51 = CARTESIAN_POINT ( 'NONE',  ( 1.875935937620614835, -0.1100000000000000006, -0.09999999999999989453 ) ) ;
#52 = ORIENTED_EDGE ( 'NONE', *, *, #4671, .F. ) ;
#53 = DIRECTION ( 'NONE',  ( 0.0000000000000000000, 0.0000000000000000000, 1.000000000000000000 ) ) ;
#54 = ORIENTED_EDGE ( 'NONE', *, *, #419, .F. ) ;
#55 = EDGE_CURVE ( 'NONE', #6309, #7579, #4882, .T. ) ;
#56 = EDGE_CURVE ( 'NONE', #7214, #7599, #4271, .T. ) ;
#57 = ORIENTED_EDGE ( 'NONE', *, *, #2011, .T. ) ;
#58 = VERTEX_POINT ( 'NONE', #1309 ) ;
#59 = CARTESIAN_POINT ( 'NONE',  ( 1.481668468810307449, -0.1100000000000000006, -0.01574999999999998623 ) ) ;
#60 = LINE ( 'NONE', #5463, #3446 ) ;
#61 = ORIENTED_EDGE ( 'NONE', *, *, #1679, .F. ) ;
#62 = DIRECTION ( 'NONE',  ( -0.3420201433256663259, 0.0000000000000000000, -0.9396926207859092051 ) ) ;
#63 = CARTESIAN_POINT ( 'NONE',  ( -0.03066449223692707671, -0.05000000000000000278, -0.08424999999999885358 ) ) ;
#64 = ADVANCED_FACE ( 'NONE', ( #3569 ), #3727, .T. ) ;
#65 = ORIENTED_EDGE ( 'NONE', *, *, #5107, .T. ) ;
#66 = EDGE_CURVE ( 'NONE', #291, #13, #113, .T. ) ;
#67 = CARTESIAN_POINT ( 'NONE',  ( 0.3999990000000001600, -0.1100000000000000006, 0.0000000000000000000 ) ) ;
#68 = ORIENTED_EDGE ( 'NONE', *, *, #2433, .F. ) ;
#69 = DIRECTION ( 'NONE',  ( 1.000000000000000000, 0.0000000000000000000, -1.355298456929802892E-15 ) ) ;
#70 = DIRECTION ( 'NONE',  ( -0.0000000000000000000, 1.000000000000000000, -0.0000000000000000000 ) ) ;
#71 = ADVANCED_FACE ( 'NONE', ( #5481 ), #3683, .F. ) ;
#72 = EDGE_CURVE ( 'NONE', #7579, #3494, #1939, .T. ) ;
#73 = ORIENTED_EDGE ( 'NONE', *, *, #7290, .F. ) ;
#74 = DIRECTION ( 'NONE',  ( 0.3420201433256639389, 0.0000000000000000000, -0.9396926207859100932 ) ) ;
#75 = DIRECTION ( 'NONE',  ( -0.3420201433256720991, 0.0000000000000000000, 0.9396926207859070956 ) ) ;
#76 = ORIENTED_EDGE ( 'NONE', *, *, #7556, .F. ) ;
#77 = CARTESIAN_POINT ( 'NONE',  ( 0.1821961524227070084, 0.0000000000000000000, 0.02599999999999999534 ) ) ;
#78 = CARTESIAN_POINT ( 'NONE',  ( 0.0000000000000000000, -0.05000000000000000278, 0.0000000000000000000 ) ) ;
#79 = CARTESIAN_POINT ( 'NONE',  ( 0.7942664688103074910, 0.0000000000000000000, -0.08424999999999957523 ) ) ;
#80 = CARTESIAN_POINT ( 'NONE',  ( 0.5816684688103074263, 0.0000000000000000000, -0.08424999999999954747 ) ) ;
#81 = EDGE_CURVE ( 'NONE', #6675, #7078, #6003, .T. ) ;
#82 = CARTESIAN_POINT ( 'NONE',  ( 1.975934937620615894, -0.05000000000000000278, -0.09999999999999974187 ) ) ;
#83 = VERTEX_POINT ( 'NONE', #7215 ) ;
#84 = VECTOR ( 'NONE', #4228, 39.37007874015748854 ) ;
#85 = ORIENTED_EDGE ( 'NONE', *, *, #5928, .T. ) ;
#86 =( REPRESENTATION_RELATIONSHIP ('NONE','NONE', #1567, #7799 ) REPRESENTATION_RELATIONSHIP_WITH_TRANSFORMATION ( #3102 )SHAPE_REPRESENTATION_RELATIONSHIP( ) );
#87 = DIRECTION ( 'NONE',  ( 0.0000000000000000000, 0.0000000000000000000, 1.000000000000000000 ) ) ;
#88 = VERTEX_POINT ( 'NONE', #4204 ) ;
#89 = CARTESIAN_POINT ( 'NONE',  ( 1.987967468810307503, 0.0000000000000000000, -0.08424999999999935318 ) ) ;
#90 = CARTESIAN_POINT ( 'NONE',  ( 1.061867927928561217, -0.05000000000000000278, -0.4133992809110511035 ) ) ;
#91 = ORIENTED_EDGE ( 'NONE', *, *, #3218, .T. ) ;
#92 = CARTESIAN_POINT ( 'NONE',  ( 0.5379674688103074365, -0.05000000000000000278, -0.02144999999999967072 ) ) ;
#93 = VECTOR ( 'NONE', #1365, 39.37007874015748143 ) ;
#94 = ORIENTED_EDGE ( 'NONE', *, *, #1617, .F. ) ;
#95 = PLANE ( 'NONE',  #7351 ) ;
#96 = CARTESIAN_POINT ( 'NONE',  ( 0.0000000000000000000, -0.05000000000000000278, 0.0000000000000000000 ) ) ;
#97 = ORIENTED_EDGE ( 'NONE', *, *, #4083, .F. ) ;
#98 = ADVANCED_FACE ( 'NONE', ( #7256 ), #38, .F. ) ;
#99 = LINE ( 'NONE', #2595, #3639 ) ;
#100 = ADVANCED_FACE ( 'NONE', ( #3608 ), #6110, .F. ) ;
#101 = VECTOR ( 'NONE', #5559, 39.37007874015748143 ) ;
#102 = CARTESIAN_POINT ( 'NONE',  ( 0.2942664688103074355, -0.1100000000000000006, -0.01574999999999998623 ) ) ;
#103 = VECTOR ( 'NONE', #4159, 39.37007874015748143 ) ;
#104 = EDGE_LOOP ( 'NONE', ( #6009, #7502, #2088, #3200 ) ) ;
#105 = DIRECTION ( 'NONE',  ( -0.0000000000000000000, 1.000000000000000000, -0.0000000000000000000 ) ) ;
#106 = EDGE_CURVE ( 'NONE', #2628, #6925, #4652, .T. ) ;
#107 = ORIENTED_EDGE ( 'NONE', *, *, #1404, .F. ) ;
#108 = LINE ( 'NONE', #2374, #1252 ) ;
#109 = AXIS2_PLACEMENT_3D ( 'NONE', #7127, #7350, #6165 ) ;
#110 = CARTESIAN_POINT ( 'NONE',  ( 1.975934937620615894, 0.0000000000000000000, -0.09999999999999974187 ) ) ;
#111 = CIRCLE ( 'NONE', #2012, 0.008999999999999149305 ) ;
#112 = VERTEX_POINT ( 'NONE', #4392 ) ;
#114 = EDGE_CURVE ( 'NONE', #6027, #5569, #3355, .T. ) ;
#113 = LINE ( 'NONE', #2531, #6798 ) ;
#115 = CARTESIAN_POINT ( 'NONE',  ( 1.975934937620615894, -0.05000000000000000278, -0.09999999999999974187 ) ) ;
#116 = ORIENTED_EDGE ( 'NONE', *, *, #6149, .T. ) ;
#117 = DIRECTION ( 'NONE',  ( -1.000000000000000000, -0.0000000000000000000, -0.0000000000000000000 ) ) ;
#118 = DIRECTION ( 'NONE',  ( 0.3420201433256639389, 0.0000000000000000000, -0.9396926207859100932 ) ) ;
#119 = LINE ( 'NONE', #2, #6326 ) ;
#120 = LINE ( 'NONE', #3215, #7750 ) ;
#121 = DIRECTION ( 'NONE',  ( 0.3420201433256720991, 0.0000000000000000000, -0.9396926207859070956 ) ) ;
#122 = ORIENTED_EDGE ( 'NONE', *, *, #7060, .T. ) ;
#124 = EDGE_CURVE ( 'NONE', #2503, #2709, #4668, .T. ) ;
#123 = ORIENTED_EDGE ( 'NONE', *, *, #3299, .F. ) ;
#125 = DIRECTION ( 'NONE',  ( -0.3420201433256638834, 0.0000000000000000000, 0.9396926207859100932 ) ) ;
#126 = ORIENTED_EDGE ( 'NONE', *, *, #5706, .T. ) ;
#127 = PLANE ( 'NONE',  #7318 ) ;
#128 = FACE_OUTER_BOUND ( 'NONE', #4131, .T. ) ;
#129 = CARTESIAN_POINT ( 'NONE',  ( 1.237967468810307281, -0.05000000000000000278, -0.05000000000000019013 ) ) ;
#130 = VECTOR ( 'NONE', #6192, 39.37007874015748143 ) ;
#131 = CARTESIAN_POINT ( 'NONE',  ( 0.6379674688103078584, 0.1460000000000002129, -0.05000000000000016931 ) ) ;
#132 = VECTOR ( 'NONE', #4199, 39.37007874015748143 ) ;
#133 = ORIENTED_EDGE ( 'NONE', *, *, #4177, .F. ) ;
#134 = DIRECTION ( 'NONE',  ( 0.0000000000000000000, 0.0000000000000000000, 1.000000000000000000 ) ) ;
#135 = DIRECTION ( 'NONE',  ( -0.3420201433256720991, 0.0000000000000000000, 0.9396926207859070956 ) ) ;
#136 = EDGE_LOOP ( 'NONE', ( #6181, #4877 ) ) ;
#137 = CARTESIAN_POINT ( 'NONE',  ( 0.1460000000000004350, 4.408728476930652066E-18, -0.03600000000000147526 ) ) ;
#138 = DIRECTION ( 'NONE',  ( -0.3420201433256695456, 0.0000000000000000000, -0.9396926207859080948 ) ) ;
#139 = FACE_OUTER_BOUND ( 'NONE', #4553, .T. ) ;
#140 = VECTOR ( 'NONE', #6461, 39.37007874015748143 ) ;
#141 = AXIS2_PLACEMENT_3D ( 'NONE', #4080, #6506, #439 ) ;
#142 = EDGE_LOOP ( 'NONE', ( #7744, #2138 ) ) ;
#143 = VECTOR ( 'NONE', #933, 39.37007874015748143 ) ;
#144 = LINE ( 'NONE', #6144, #2806 ) ;
#145 = ORIENTED_EDGE ( 'NONE', *, *, #2316, .F. ) ;
#146 = CARTESIAN_POINT ( 'NONE',  ( 1.681668468810307404, -0.05000000000000000278, -0.01574999999999998623 ) ) ;
#147 = CARTESIAN_POINT ( 'NONE',  ( 0.7816684688103074929, -0.1100000000000000006, -0.01574999999999998623 ) ) ;
#148 = CIRCLE ( 'NONE', #2942, 0.02855000000000052288 ) ;
#149 = EDGE_CURVE ( 'NONE', #6642, #2202, #5865, .T. ) ;
#150 = ADVANCED_FACE ( 'NONE', ( #1344 ), #753, .F. ) ;
#151 = CARTESIAN_POINT ( 'NONE',  ( 0.9406590684562935456, -0.05000000000000000278, 0.3377828639337871475 ) ) ;
#152 = AXIS2_PLACEMENT_3D ( 'NONE', #5539, #174, #7357 ) ;
#153 = DIRECTION ( 'NONE',  ( 0.0000000000000000000, 0.0000000000000000000, 1.000000000000000000 ) ) ;
#154 = ORIENTED_EDGE ( 'NONE', *, *, #6897, .T. ) ;
#155 = FACE_OUTER_BOUND ( 'NONE', #627, .T. ) ;
#156 = CARTESIAN_POINT ( 'NONE',  ( 1.237967468810307281, 0.0000000000000000000, -0.02144999999999966725 ) ) ;
#157 = CARTESIAN_POINT ( 'NONE',  ( -0.005732531189692642581, -0.05000000000000000278, -0.01574999999999999664 ) ) ;
#158 = CARTESIAN_POINT ( 'NONE',  ( 1.281668468810307271, 0.0000000000000000000, -0.01574999999999998623 ) ) ;
#159 = ADVANCED_FACE ( 'NONE', ( #7673 ), #2203, .F. ) ;
#160 = VECTOR ( 'NONE', #5645, 39.37007874015748143 ) ;
#161 = ORIENTED_EDGE ( 'NONE', *, *, #882, .F. ) ;
#162 = ORIENTED_EDGE ( 'NONE', *, *, #639, .T. ) ;
#163 = PLANE ( 'NONE',  #4212 ) ;
#164 = ORIENTED_EDGE ( 'NONE', *, *, #4094, .F. ) ;
#165 = CARTESIAN_POINT ( 'NONE',  ( 0.2759359376206146353, -0.1100000000000000006, -9.478001694819074349E-34 ) ) ;
#166 = DIRECTION ( 'NONE',  ( -0.0000000000000000000, 1.000000000000000000, -0.0000000000000000000 ) ) ;
#167 = EDGE_CURVE ( 'NONE', #6784, #5302, #5632, .T. ) ;
#168 = VECTOR ( 'NONE', #7641, 39.37007874015748143 ) ;
#169 = DIRECTION ( 'NONE',  ( -1.000000000000000000, -0.0000000000000000000, -0.0000000000000000000 ) ) ;
#170 = DIRECTION ( 'NONE',  ( 1.000000000000000000, 0.0000000000000000000, 0.0000000000000000000 ) ) ;
#171 = EDGE_CURVE ( 'NONE', #3872, #4189, #6188, .T. ) ;
#172 = ORIENTED_EDGE ( 'NONE', *, *, #6742, .F. ) ;
#173 = PLANE ( 'NONE',  #6729 ) ;
#174 = DIRECTION ( 'NONE',  ( 0.9396926207859100932, 0.0000000000000000000, 0.3420201433256638834 ) ) ;
#175 = ORIENTED_EDGE ( 'NONE', *, *, #3114, .F. ) ;
#176 = DIRECTION ( 'NONE',  ( -1.000000000000000000, 0.0000000000000000000, -7.776898252968646568E-17 ) ) ;
#177 = CARTESIAN_POINT ( 'NONE',  ( 1.099999000000000171, -0.05000000000000000278, 0.0000000000000000000 ) ) ;
#178 = LINE ( 'NONE', #5018, #3598 ) ;
#179 = VECTOR ( 'NONE', #3785, 39.37007874015748143 ) ;
#180 = EDGE_CURVE ( 'NONE', #198, #641, #6956, .T. ) ;
#181 = ORIENTED_EDGE ( 'NONE', *, *, #1855, .F. ) ;
#182 = AXIS2_PLACEMENT_3D ( 'NONE', #4448, #2549, #7391 ) ;
#183 = FACE_OUTER_BOUND ( 'NONE', #2393, .T. ) ;
#184 = ORIENTED_EDGE ( 'NONE', *, *, #2785, .T. ) ;
#185 = DIRECTION ( 'NONE',  ( -0.0000000000000000000, 1.000000000000000000, -0.0000000000000000000 ) ) ;
#186 = DIRECTION ( 'NONE',  ( 1.000000000000000000, 0.0000000000000000000, 0.0000000000000000000 ) ) ;
#187 = FACE_BOUND ( 'NONE', #7261, .T. ) ;
#188 = CARTESIAN_POINT ( 'NONE',  ( 1.281668468810307271, 0.0000000000000000000, -0.08424999999999954747 ) ) ;
#189 = LINE ( 'NONE', #3172, #5500 ) ;
#190 = ORIENTED_EDGE ( 'NONE', *, *, #4679, .T. ) ;
#192 = EDGE_CURVE ( 'NONE', #5767, #723, #2242, .T. ) ;
#191 = DIRECTION ( 'NONE',  ( -1.000000000000000000, -0.0000000000000000000, -0.0000000000000000000 ) ) ;
#193 = EDGE_CURVE ( 'NONE', #3252, #7064, #1528, .T. ) ;
#194 = LINE ( 'NONE', #6115, #6092 ) ;
#195 = PLANE ( 'NONE',  #1005 ) ;
#196 = CARTESIAN_POINT ( 'NONE',  ( 1.594266468810307424, 0.0000000000000000000, -0.01574999999999998623 ) ) ;
#197 = UNCERTAINTY_MEASURE_WITH_UNIT (LENGTH_MEASURE( 1.000000000000000082E-05 ), #6315, 'distance_accuracy_value', 'NONE');
#198 = VERTEX_POINT ( 'NONE', #3948 ) ;
#199 = VERTEX_POINT ( 'NONE', #7408 ) ;
#200 = FACE_OUTER_BOUND ( 'NONE', #3134, .T. ) ;
#201 = ORIENTED_EDGE ( 'NONE', *, *, #1081, .T. ) ;
#202 = FACE_OUTER_BOUND ( 'NONE', #445, .T. ) ;
#203 = EDGE_CURVE ( 'NONE', #5870, #4564, #6373, .T. ) ;
#204 = CARTESIAN_POINT ( 'NONE',  ( 0.7379674688103073921, 3.673940397442060153E-19, -0.05000000000000019013 ) ) ;
#205 = CARTESIAN_POINT ( 'NONE',  ( 1.681668468810307404, 0.0000000000000000000, -0.01574999999999998623 ) ) ;
#206 = SURFACE_STYLE_USAGE ( .BOTH. , #244 ) ;
#207 = EDGE_LOOP ( 'NONE', ( #2868, #5101, #7266, #6339 ) ) ;
#208 = EDGE_LOOP ( 'NONE', ( #1475, #1399, #563, #7386 ) ) ;
#209 = DIRECTION ( 'NONE',  ( -1.000000000000000000, -0.0000000000000000000, -0.0000000000000000000 ) ) ;
#210 = ORIENTED_EDGE ( 'NONE', *, *, #4689, .F. ) ;
#211 = DIRECTION ( 'NONE',  ( -0.0000000000000000000, 1.000000000000000000, -0.0000000000000000000 ) ) ;
#212 = EDGE_CURVE ( 'NONE', #1474, #5282, #470, .T. ) ;
#213 = ADVANCED_FACE ( 'NONE', ( #2161 ), #2569, .F. ) ;
#214 = DIRECTION ( 'NONE',  ( -0.0000000000000000000, 1.000000000000000000, -0.0000000000000000000 ) ) ;
#215 = VECTOR ( 'NONE', #2998, 39.37007874015748854 ) ;
#216 = DIRECTION ( 'NONE',  ( 1.000000000000000000, 0.0000000000000000000, 0.0000000000000000000 ) ) ;
#217 = CARTESIAN_POINT ( 'NONE',  ( 1.175935937620614880, 0.0000000000000000000, -9.478001694819074349E-34 ) ) ;
#218 = ORIENTED_EDGE ( 'NONE', *, *, #6216, .T. ) ;
#219 = VECTOR ( 'NONE', #5172, 39.37007874015748854 ) ;
#220 = CARTESIAN_POINT ( 'NONE',  ( 1.975934937620615894, -0.05000000000000000278, -0.09999999999999974187 ) ) ;
#221 = PLANE ( 'NONE',  #7371 ) ;
#222 = EDGE_CURVE ( 'NONE', #704, #4545, #6450, .T. ) ;
#223 = ORIENTED_EDGE ( 'NONE', *, *, #235, .F. ) ;
#224 = FACE_OUTER_BOUND ( 'NONE', #4542, .T. ) ;
#225 = CARTESIAN_POINT ( 'NONE',  ( 1.987967468810307503, -0.05000000000000000278, -0.08424999999999935318 ) ) ;
#226 = VECTOR ( 'NONE', #5370, 39.37007874015748143 ) ;
#227 = VECTOR ( 'NONE', #6771, 39.37007874015748143 ) ;
#228 = DIRECTION ( 'NONE',  ( -0.0000000000000000000, 1.000000000000000000, -0.0000000000000000000 ) ) ;
#229 = ORIENTED_EDGE ( 'NONE', *, *, #1358, .T. ) ;
#230 = CARTESIAN_POINT ( 'NONE',  ( 1.681668468810307404, 0.0000000000000000000, -0.08424999999999954747 ) ) ;
#231 = DIRECTION ( 'NONE',  ( 1.000000000000000000, 0.0000000000000000000, 0.0000000000000000000 ) ) ;
#232 = CARTESIAN_POINT ( 'NONE',  ( 0.3554501506809683575, -0.05000000000000000278, -0.1562842370364368461 ) ) ;
#233 =( REPRESENTATION_RELATIONSHIP ('NONE','NONE', #1567, #7799 ) REPRESENTATION_RELATIONSHIP_WITH_TRANSFORMATION ( #7185 )SHAPE_REPRESENTATION_RELATIONSHIP( ) );
#234 = VECTOR ( 'NONE', #4152, 39.37007874015748143 ) ;
#235 = EDGE_CURVE ( 'NONE', #1694, #6027, #3433, .T. ) ;
#236 = EDGE_LOOP ( 'NONE', ( #7276, #7316, #4576, #5522 ) ) ;
#237 = ORIENTED_EDGE ( 'NONE', *, *, #549, .T. ) ;
#238 = DIRECTION ( 'NONE',  ( -1.000000000000000000, -0.0000000000000000000, -0.0000000000000000000 ) ) ;
#239 = EDGE_LOOP ( 'NONE', ( #6054, #5416, #2492, #7779 ) ) ;
#240 = FACE_BOUND ( 'NONE', #5665, .T. ) ;
#241 = AXIS2_PLACEMENT_3D ( 'NONE', #1869, #6116, #2574 ) ;
#242 = CARTESIAN_POINT ( 'NONE',  ( 1.775935937620614746, 0.0000000000000000000, -9.478001694819074349E-34 ) ) ;
#243 = LINE ( 'NONE', #6904, #4485 ) ;
#244 = SURFACE_SIDE_STYLE ('',( #5651 ) ) ;
#245 = EDGE_CURVE ( 'NONE', #5895, #6228, #1975, .T. ) ;
#246 = EDGE_CURVE ( 'NONE', #5769, #1950, #7591, .T. ) ;
#247 = EDGE_LOOP ( 'NONE', ( #7464, #6362, #2853, #5226 ) ) ;
#248 = EDGE_LOOP ( 'NONE', ( #3110, #1587, #3251, #2182 ) ) ;
#249 = VECTOR ( 'NONE', #5458, 39.37007874015748143 ) ;
#250 = DIRECTION ( 'NONE',  ( 0.0000000000000000000, 0.0000000000000000000, -1.000000000000000000 ) ) ;
#251 = ORIENTED_EDGE ( 'NONE', *, *, #7540, .T. ) ;
#252 = LINE ( 'NONE', #4456, #219 ) ;
#253 = PLANE ( 'NONE',  #5111 ) ;
#254 = PRODUCT_DEFINITION_SHAPE ( 'NONE', 'NONE',  #7844 ) ;
#255 = LINE ( 'NONE', #6800, #2969 ) ;
#256 = VECTOR ( 'NONE', #1905, 39.37007874015748143 ) ;
#257 = EDGE_CURVE ( 'NONE', #2518, #5122, #3988, .T. ) ;
#258 = ORIENTED_EDGE ( 'NONE', *, *, #7522, .T. ) ;
#259 = DIRECTION ( 'NONE',  ( -0.0000000000000000000, 1.000000000000000000, -0.0000000000000000000 ) ) ;
#260 = LINE ( 'NONE', #2640, #2557 ) ;
#261 = ORIENTED_EDGE ( 'NONE', *, *, #7462, .F. ) ;
#262 = VECTOR ( 'NONE', #6498, 39.37007874015748143 ) ;
#263 = EDGE_LOOP ( 'NONE', ( #3535, #1846, #5487, #3276 ) ) ;
#264 = CARTESIAN_POINT ( 'NONE',  ( 1.975934937620615894, -0.05000000000000000278, -0.09999999999999974187 ) ) ;
#265 = VECTOR ( 'NONE', #1742, 39.37007874015748143 ) ;
#266 = CARTESIAN_POINT ( 'NONE',  ( 0.3816684688103073597, -0.05000000000000000278, -0.08424999999999954747 ) ) ;
#267 = EDGE_CURVE ( 'NONE', #6748, #7669, #5291, .T. ) ;
#268 = AXIS2_PLACEMENT_3D ( 'NONE', #2369, #1735, #4756 ) ;
#269 = AXIS2_PLACEMENT_3D ( 'NONE', #3294, #5163, #2741 ) ;
#270 = CARTESIAN_POINT ( 'NONE',  ( 1.494266468810307558, 0.0000000000000000000, -0.01574999999999998623 ) ) ;
#271 = ORIENTED_EDGE ( 'NONE', *, *, #925, .F. ) ;
#272 = LINE ( 'NONE', #4034, #6932 ) ;
#273 = DIRECTION ( 'NONE',  ( 0.0000000000000000000, 0.0000000000000000000, 1.000000000000000000 ) ) ;
#274 = CARTESIAN_POINT ( 'NONE',  ( 0.3816684688103073597, 0.0000000000000000000, -0.08424999999999954747 ) ) ;
#275 = AXIS2_PLACEMENT_3D ( 'NONE', #2773, #1461, #7604 ) ;
#276 = LINE ( 'NONE', #4558, #6356 ) ;
#277 = EDGE_CURVE ( 'NONE', #6121, #4729, #5988, .T. ) ;
#278 = AXIS2_PLACEMENT_3D ( 'NONE', #1886, #1924, #1439 ) ;
#279 = ORIENTED_EDGE ( 'NONE', *, *, #3164, .F. ) ;
#280 = ORIENTED_EDGE ( 'NONE', *, *, #2596, .T. ) ;
#281 = LINE ( 'NONE', #6392, #1418 ) ;
#282 = ORIENTED_EDGE ( 'NONE', *, *, #582, .T. ) ;
#283 = CARTESIAN_POINT ( 'NONE',  ( 0.4816684688103073930, 0.0000000000000000000, -0.01574999999999998623 ) ) ;
#284 = LINE ( 'NONE', #960, #5084 ) ;
#285 = DIRECTION ( 'NONE',  ( -0.0000000000000000000, 0.0000000000000000000, -1.000000000000000000 ) ) ;
#286 = DIRECTION ( 'NONE',  ( 0.0000000000000000000, 0.0000000000000000000, 1.000000000000000000 ) ) ;
#287 = ORIENTED_EDGE ( 'NONE', *, *, #7202, .T. ) ;
#288 = ORIENTED_EDGE ( 'NONE', *, *, #2397, .T. ) ;
#289 = AXIS2_PLACEMENT_3D ( 'NONE', #6661, #7257, #5483 ) ;
#290 = CARTESIAN_POINT ( 'NONE',  ( 1.737967468810307281, 0.0000000000000000000, -0.05000000000000019013 ) ) ;
#291 = VERTEX_POINT ( 'NONE', #1063 ) ;
#292 = DIRECTION ( 'NONE',  ( -0.3420201433256663259, 0.0000000000000000000, -0.9396926207859092051 ) ) ;
#293 = CARTESIAN_POINT ( 'NONE',  ( 0.8759359376206147241, -0.05000000000000000278, -9.478001694819074349E-34 ) ) ;
#294 = EDGE_CURVE ( 'NONE', #5767, #3272, #5465, .T. ) ;
#295 = EDGE_CURVE ( 'NONE', #5914, #7587, #6052, .T. ) ;
#296 = DIRECTION ( 'NONE',  ( -1.000000000000000000, 0.0000000000000000000, -0.0000000000000000000 ) ) ;
#297 = CARTESIAN_POINT ( 'NONE',  ( 0.2451324528932546931, -0.05000000000000000278, 0.08463187872893579433 ) ) ;
#298 = VECTOR ( 'NONE', #2984, 39.37007874015748143 ) ;
#299 = ORIENTED_EDGE ( 'NONE', *, *, #5047, .T. ) ;
#300 = CARTESIAN_POINT ( 'NONE',  ( 0.5816684688103074263, 0.0000000000000000000, -0.08424999999999954747 ) ) ;
#301 = DIRECTION ( 'NONE',  ( -0.0000000000000000000, 1.000000000000000000, -0.0000000000000000000 ) ) ;
#302 = ORIENTED_EDGE ( 'NONE', *, *, #1024, .F. ) ;
#303 = VECTOR ( 'NONE', #477, 39.37007874015748143 ) ;
#304 = DIMENSIONAL_EXPONENTS ( 1.000000000000000000, 0.0000000000000000000, 0.0000000000000000000, 0.0000000000000000000, 0.0000000000000000000, 0.0000000000000000000, 0.0000000000000000000 ) ;
#305 = ORIENTED_EDGE ( 'NONE', *, *, #6974, .F. ) ;
#306 = FACE_OUTER_BOUND ( 'NONE', #3010, .T. ) ;
#307 = EDGE_CURVE ( 'NONE', #5514, #6390, #507, .T. ) ;
#308 = FACE_OUTER_BOUND ( 'NONE', #5019, .T. ) ;
#309 =( GEOMETRIC_REPRESENTATION_CONTEXT ( 3 ) GLOBAL_UNCERTAINTY_ASSIGNED_CONTEXT ( ( #197 ) ) GLOBAL_UNIT_ASSIGNED_CONTEXT ( ( #6315, #2071, #1471 ) ) REPRESENTATION_CONTEXT ( 'NONE', 'WORKASPACE' ) );
#310 = CARTESIAN_POINT ( 'NONE',  ( 0.9816684688103075596, 0.0000000000000000000, -0.08424999999999953360 ) ) ;
#311 = ORIENTED_EDGE ( 'NONE', *, *, #5785, .T. ) ;
#312 = DIRECTION ( 'NONE',  ( 1.000000000000000000, 0.0000000000000000000, 0.0000000000000000000 ) ) ;
#313 = EDGE_CURVE ( 'NONE', #2858, #6934, #2282, .T. ) ;
#314 = EDGE_CURVE ( 'NONE', #4898, #5324, #7164, .T. ) ;
#315 = DIRECTION ( 'NONE',  ( 0.3420201433256695456, 0.0000000000000000000, 0.9396926207859080948 ) ) ;
#316 = DIRECTION ( 'NONE',  ( 0.0000000000000000000, 0.0000000000000000000, 1.000000000000000000 ) ) ;
#317 = FACE_OUTER_BOUND ( 'NONE', #3360, .T. ) ;
#318 = PRODUCT_DEFINITION_SHAPE ( 'NONE', 'NONE',  #7849 ) ;
#319 = EDGE_LOOP ( 'NONE', ( #1977, #3965, #3435, #3973 ) ) ;
#320 = EDGE_LOOP ( 'NONE', ( #995, #5326, #1646, #886 ) ) ;
#321 = DIRECTION ( 'NONE',  ( -1.000000000000000000, -0.0000000000000000000, -0.0000000000000000000 ) ) ;
#322 = ORIENTED_EDGE ( 'NONE', *, *, #6358, .F. ) ;
#323 = FACE_BOUND ( 'NONE', #350, .T. ) ;
#324 = ADVANCED_FACE ( 'NONE', ( #1650, #7756 ), #3477, .F. ) ;
#325 = DIRECTION ( 'NONE',  ( 0.3420201433256639389, 0.0000000000000000000, -0.9396926207859100932 ) ) ;
#326 = DIRECTION ( 'NONE',  ( -0.0000000000000000000, 1.000000000000000000, -0.0000000000000000000 ) ) ;
#327 = ITEM_DEFINED_TRANSFORMATION ( 'NONE', 'NONE', #5123,  #3340 ) ;
#328 = ORIENTED_EDGE ( 'NONE', *, *, #2764, .T. ) ;
#329 = VERTEX_POINT ( 'NONE', #7241 ) ;
#330 = CARTESIAN_POINT ( 'NONE',  ( 1.394266468810307469, -0.1100000000000000006, -0.01574999999999998623 ) ) ;
#331 = ORIENTED_EDGE ( 'NONE', *, *, #1276, .T. ) ;
#332 = CARTESIAN_POINT ( 'NONE',  ( 0.5816684688103074263, -0.1100000000000000006, -0.08424999999999954747 ) ) ;
#333 = CARTESIAN_POINT ( 'NONE',  ( 1.237967468810307281, 0.0000000000000000000, -0.05000000000000019013 ) ) ;
#334 = LINE ( 'NONE', #3821, #4710 ) ;
#335 = LINE ( 'NONE', #4017, #7148 ) ;
#336 = ORIENTED_EDGE ( 'NONE', *, *, #5127, .F. ) ;
#337 = EDGE_CURVE ( 'NONE', #1006, #2958, #2923, .T. ) ;
#338 = CARTESIAN_POINT ( 'NONE',  ( 1.375935937620614613, -0.05000000000000000278, -9.478001694819074349E-34 ) ) ;
#339 = CARTESIAN_POINT ( 'NONE',  ( 1.694266468810307513, -0.1100000000000000006, -0.01574999999999998623 ) ) ;
#340 = ORIENTED_EDGE ( 'NONE', *, *, #4129, .F. ) ;
#341 = DIRECTION ( 'NONE',  ( -1.000000000000000000, 0.0000000000000000000, -7.776898252968647801E-17 ) ) ;
#342 = VECTOR ( 'NONE', #5390, 39.37007874015748143 ) ;
#343 = ORIENTED_EDGE ( 'NONE', *, *, #1966, .F. ) ;
#344 = PLANE ( 'NONE',  #6818 ) ;
#345 = FACE_OUTER_BOUND ( 'NONE', #3393, .T. ) ;
#346 = ADVANCED_FACE ( 'NONE', ( #7796 ), #2367, .F. ) ;
#347 = ORIENTED_EDGE ( 'NONE', *, *, #6069, .T. ) ;
#348 = EDGE_CURVE ( 'NONE', #5879, #5585, #6024, .T. ) ;
#349 = LINE ( 'NONE', #948, #3330 ) ;
#350 = EDGE_LOOP ( 'NONE', ( #7313, #2961 ) ) ;
#351 = DIRECTION ( 'NONE',  ( -0.0000000000000000000, 1.000000000000000000, -0.0000000000000000000 ) ) ;
#352 = VECTOR ( 'NONE', #1195, 39.37007874015748854 ) ;
#353 = DIRECTION ( 'NONE',  ( 0.3420201433256662704, -0.0000000000000000000, 0.9396926207859092051 ) ) ;
#354 = DIRECTION ( 'NONE',  ( 0.0000000000000000000, 0.0000000000000000000, 1.000000000000000000 ) ) ;
#355 = DIRECTION ( 'NONE',  ( -0.0000000000000000000, 1.000000000000000000, -0.0000000000000000000 ) ) ;
#356 = AXIS2_PLACEMENT_3D ( 'NONE', #1108, #5956, #5830 ) ;
#357 = EDGE_CURVE ( 'NONE', #3323, #6208, #2328, .T. ) ;
#358 = ORIENTED_EDGE ( 'NONE', *, *, #1196, .T. ) ;
#359 = EDGE_LOOP ( 'NONE', ( #1845, #2840, #7762, #4148 ) ) ;
#360 = CARTESIAN_POINT ( 'NONE',  ( 1.281668468810307271, -0.1100000000000000006, -0.08424999999999954747 ) ) ;
#361 = ORIENTED_EDGE ( 'NONE', *, *, #2316, .T. ) ;
#362 = DIRECTION ( 'NONE',  ( -0.0000000000000000000, 1.000000000000000000, -0.0000000000000000000 ) ) ;
#363 = CYLINDRICAL_SURFACE ( 'NONE', #3059, 0.02855000000000052635 ) ;
#364 = CARTESIAN_POINT ( 'NONE',  ( 1.381668468810307360, 0.0000000000000000000, -0.01574999999999998623 ) ) ;
#365 = VECTOR ( 'NONE', #4007, 39.37007874015748143 ) ;
#366 = ORIENTED_EDGE ( 'NONE', *, *, #6972, .T. ) ;
#367 = VECTOR ( 'NONE', #7536, 39.37007874015748143 ) ;
#368 = ORIENTED_EDGE ( 'NONE', *, *, #4426, .F. ) ;
#369 = CARTESIAN_POINT ( 'NONE',  ( 0.1379674688103073310, -0.05000000000000000278, -0.05000000000000019013 ) ) ;
#370 = ORIENTED_EDGE ( 'NONE', *, *, #3086, .T. ) ;
#371 = FACE_OUTER_BOUND ( 'NONE', #1681, .T. ) ;
#372 = DIRECTION ( 'NONE',  ( 0.3420201433256662704, -0.0000000000000000000, 0.9396926207859092051 ) ) ;
#373 = DIRECTION ( 'NONE',  ( 0.3420201433256720991, 0.0000000000000000000, -0.9396926207859070956 ) ) ;
#374 = CARTESIAN_POINT ( 'NONE',  ( 0.6203568171488157423, -0.05000000000000000278, -0.2527023784894172342 ) ) ;
#375 = ORIENTED_EDGE ( 'NONE', *, *, #4831, .F. ) ;
#376 = DIRECTION ( 'NONE',  ( 1.000000000000000000, 0.0000000000000000000, 0.0000000000000000000 ) ) ;
#377 = CARTESIAN_POINT ( 'NONE',  ( 0.4999990000000001378, -0.1100000000000000006, -0.09999999999999989453 ) ) ;
#378 = VERTEX_POINT ( 'NONE', #7201 ) ;
#379 = CARTESIAN_POINT ( 'NONE',  ( 0.08166846881030741245, 0.0000000000000000000, -0.08424999999999954747 ) ) ;
#380 = ORIENTED_EDGE ( 'NONE', *, *, #5650, .T. ) ;
#381 = DIRECTION ( 'NONE',  ( 0.9396926207859080948, 0.0000000000000000000, -0.3420201433256695456 ) ) ;
#382 = FACE_OUTER_BOUND ( 'NONE', #7237, .T. ) ;
#383 = AXIS2_PLACEMENT_3D ( 'NONE', #4961, #640, #7449 ) ;
#384 = PRODUCT_DEFINITION_SHAPE ( 'NONE', 'NONE',  #7839 ) ;
#385 = ORIENTED_EDGE ( 'NONE', *, *, #3510, .T. ) ;
#386 = AXIS2_PLACEMENT_3D ( 'NONE', #5072, #7486, #1499 ) ;
#387 =( REPRESENTATION_RELATIONSHIP ('NONE','NONE', #1567, #7799 ) REPRESENTATION_RELATIONSHIP_WITH_TRANSFORMATION ( #7782 )SHAPE_REPRESENTATION_RELATIONSHIP( ) );
#388 = VECTOR ( 'NONE', #4681, 39.37007874015748143 ) ;
#389 = DIRECTION ( 'NONE',  ( -0.0000000000000000000, 1.000000000000000000, -0.0000000000000000000 ) ) ;
#390 = ORIENTED_EDGE ( 'NONE', *, *, #7253, .T. ) ;
#391 = LINE ( 'NONE', #6147, #5435 ) ;
#392 = CARTESIAN_POINT ( 'NONE',  ( 0.0000000000000000000, 0.0000000000000000000, 0.0000000000000000000 ) ) ;
#393 = CYLINDRICAL_SURFACE ( 'NONE', #5715, 0.02855000000000052635 ) ;
#394 = EDGE_CURVE ( 'NONE', #1502, #6675, #2449, .T. ) ;
#395 = CARTESIAN_POINT ( 'NONE',  ( 1.481668468810307449, 0.0000000000000000000, -0.08424999999999954747 ) ) ;
#396 = EDGE_CURVE ( 'NONE', #736, #7303, #5891, .T. ) ;
#397 = VECTOR ( 'NONE', #4888, 39.37007874015748854 ) ;
#398 = VECTOR ( 'NONE', #6021, 39.37007874015748143 ) ;
#399 = ORIENTED_EDGE ( 'NONE', *, *, #7437, .F. ) ;
#400 = VERTEX_POINT ( 'NONE', #6058 ) ;
#401 = AXIS2_PLACEMENT_3D ( 'NONE', #6371, #3946, #7589 ) ;
#402 = LINE ( 'NONE', #360, #4595 ) ;
#403 = ORIENTED_EDGE ( 'NONE', *, *, #7180, .T. ) ;
#404 = CARTESIAN_POINT ( 'NONE',  ( 0.9759359376206147019, -0.1100000000000000006, -0.09999999999999989453 ) ) ;
#405 = CYLINDRICAL_SURFACE ( 'NONE', #3676, 0.02855000000000052635 ) ;
#406 = DIRECTION ( 'NONE',  ( -0.3420201433256663259, 0.0000000000000000000, -0.9396926207859092051 ) ) ;
#407 = EDGE_CURVE ( 'NONE', #7112, #4430, #2406, .T. ) ;
#408 = CARTESIAN_POINT ( 'NONE',  ( 1.737967468810307947, 0.1460000000000002129, -0.05000000000000016931 ) ) ;
#409 = VECTOR ( 'NONE', #6606, 39.37007874015748143 ) ;
#410 = DIRECTION ( 'NONE',  ( -0.0000000000000000000, 1.000000000000000000, -0.0000000000000000000 ) ) ;
#411 = ORIENTED_EDGE ( 'NONE', *, *, #149, .F. ) ;
#412 = ORIENTED_EDGE ( 'NONE', *, *, #1806, .F. ) ;
#413 = EDGE_CURVE ( 'NONE', #7773, #6713, #4754, .T. ) ;
#414 = DIRECTION ( 'NONE',  ( -0.0000000000000000000, 1.000000000000000000, -0.0000000000000000000 ) ) ;
#415 = ORIENTED_EDGE ( 'NONE', *, *, #1746, .F. ) ;
#416 = FACE_OUTER_BOUND ( 'NONE', #1339, .T. ) ;
#417 = CYLINDRICAL_SURFACE ( 'NONE', #432, 0.02855000000000052635 ) ;
#418 = VECTOR ( 'NONE', #321, 39.37007874015748143 ) ;
#419 = EDGE_CURVE ( 'NONE', #3674, #1182, #3553, .T. ) ;
#420 = EDGE_CURVE ( 'NONE', #6925, #2628, #1104, .T. ) ;
#421 = FACE_OUTER_BOUND ( 'NONE', #1094, .T. ) ;
#422 = AXIS2_PLACEMENT_3D ( 'NONE', #4676, #1660, #4157 ) ;
#423 = ORIENTED_EDGE ( 'NONE', *, *, #4862, .T. ) ;
#424 = CARTESIAN_POINT ( 'NONE',  ( 1.399999000000000215, -0.1100000000000000006, 0.0000000000000000000 ) ) ;
#425 = CYLINDRICAL_SURFACE ( 'NONE', #4074, 0.02855000000000052635 ) ;
#426 = VERTEX_POINT ( 'NONE', #1693 ) ;
#427 = DIRECTION ( 'NONE',  ( -0.0000000000000000000, 1.000000000000000000, -0.0000000000000000000 ) ) ;
#428 = ORIENTED_EDGE ( 'NONE', *, *, #5658, .T. ) ;
#429 = LINE ( 'NONE', #5822, #2906 ) ;
#430 = EDGE_CURVE ( 'NONE', #2237, #4898, #4111, .T. ) ;
#431 = DIRECTION ( 'NONE',  ( -0.9396926207859072067, 0.0000000000000000000, -0.3420201433256721546 ) ) ;
#432 = AXIS2_PLACEMENT_3D ( 'NONE', #5258, #2153, #6485 ) ;
#433 = EDGE_LOOP ( 'NONE', ( #630, #3421, #1176, #4360 ) ) ;
#434 = AXIS2_PLACEMENT_3D ( 'NONE', #3425, #459, #7585 ) ;
#435 = CARTESIAN_POINT ( 'NONE',  ( 1.781668468810307493, 0.0000000000000000000, -0.08424999999999954747 ) ) ;
#436 = ORIENTED_EDGE ( 'NONE', *, *, #4555, .F. ) ;
#437 = LINE ( 'NONE', #4598, #5685 ) ;
#438 = FACE_OUTER_BOUND ( 'NONE', #3122, .T. ) ;
#439 = DIRECTION ( 'NONE',  ( 0.3420201433256663259, 0.0000000000000000000, 0.9396926207859092051 ) ) ;
#440 = CARTESIAN_POINT ( 'NONE',  ( 1.737967468810307281, -0.05000000000000000278, -0.05000000000000019013 ) ) ;
#441 = ORIENTED_EDGE ( 'NONE', *, *, #5457, .T. ) ;
#442 = EDGE_LOOP ( 'NONE', ( #3635, #6872, #2064, #4976 ) ) ;
#443 = AXIS2_PLACEMENT_3D ( 'NONE', #1958, #6790, #1357 ) ;
#444 = FACE_BOUND ( 'NONE', #4452, .T. ) ;
#445 = EDGE_LOOP ( 'NONE', ( #943, #385, #4519, #917 ) ) ;
#446 = CARTESIAN_POINT ( 'NONE',  ( 0.0000000000000000000, 0.0000000000000000000, 0.02800000000000090264 ) ) ;
#447 = LINE ( 'NONE', #5128, #3927 ) ;
#448 = PLANE ( 'NONE',  #2269 ) ;
#449 = DIRECTION ( 'NONE',  ( 0.0000000000000000000, 0.0000000000000000000, 1.000000000000000000 ) ) ;
#450 = CARTESIAN_POINT ( 'NONE',  ( 0.8816684688103074707, 0.0000000000000000000, -0.08424999999999954747 ) ) ;
#451 = ORIENTED_EDGE ( 'NONE', *, *, #3158, .F. ) ;
#452 = EDGE_CURVE ( 'NONE', #5408, #4506, #4415, .T. ) ;
#453 = ORIENTED_EDGE ( 'NONE', *, *, #7274, .T. ) ;
#454 =( NAMED_UNIT ( * ) SI_UNIT ( $, .STERADIAN. ) SOLID_ANGLE_UNIT ( ) );
#455 = ORIENTED_EDGE ( 'NONE', *, *, #3853, .F. ) ;
#456 = CARTESIAN_POINT ( 'NONE',  ( 0.5759359376206146797, -0.05000000000000000278, -0.09999999999999989453 ) ) ;
#457 = CARTESIAN_POINT ( 'NONE',  ( 0.1710000000000004572, 0.0000000000000000000, 0.02900000000000000147 ) ) ;
#458 = DIRECTION ( 'NONE',  ( -0.0000000000000000000, 1.000000000000000000, -0.0000000000000000000 ) ) ;
#459 = DIRECTION ( 'NONE',  ( -1.000000000000000000, -0.0000000000000000000, -0.0000000000000000000 ) ) ;
#460 = EDGE_LOOP ( 'NONE', ( #4026, #3386, #2661, #4341 ) ) ;
#461 = EDGE_CURVE ( 'NONE', #5540, #2074, #6797, .T. ) ;
#462 = FACE_OUTER_BOUND ( 'NONE', #1719, .T. ) ;
#463 = DIRECTION ( 'NONE',  ( 0.0000000000000000000, 0.0000000000000000000, 1.000000000000000000 ) ) ;
#464 = EDGE_LOOP ( 'NONE', ( #3017, #1840 ) ) ;
#465 = CARTESIAN_POINT ( 'NONE',  ( 0.9816684688103075596, 0.0000000000000000000, -0.08424999999999954747 ) ) ;
#466 = ORIENTED_EDGE ( 'NONE', *, *, #1965, .F. ) ;
#467 = PLANE ( 'NONE',  #5815 ) ;
#468 = LINE ( 'NONE', #4071, #18 ) ;
#469 = ORIENTED_EDGE ( 'NONE', *, *, #4764, .T. ) ;
#470 = CIRCLE ( 'NONE', #7181, 0.02855000000000052982 ) ;
#471 = ADVANCED_FACE ( 'NONE', ( #4308 ), #7397, .F. ) ;
#472 = CARTESIAN_POINT ( 'NONE',  ( 1.981667468810307531, 0.0000000000000000000, -0.08424999999999935318 ) ) ;
#473 = ORIENTED_EDGE ( 'NONE', *, *, #1955, .T. ) ;
#474 = PLANE ( 'NONE',  #3525 ) ;
#475 = DIRECTION ( 'NONE',  ( -1.000000000000000000, -0.0000000000000000000, -0.0000000000000000000 ) ) ;
#476 = FACE_OUTER_BOUND ( 'NONE', #5270, .T. ) ;
#477 = DIRECTION ( 'NONE',  ( 1.000000000000000000, 0.0000000000000000000, 0.0000000000000000000 ) ) ;
#478 = VECTOR ( 'NONE', #3081, 39.37007874015748143 ) ;
#479 = ORIENTED_EDGE ( 'NONE', *, *, #1045, .F. ) ;
#480 = VECTOR ( 'NONE', #7103, 39.37007874015748143 ) ;
#481 = ORIENTED_EDGE ( 'NONE', *, *, #7515, .F. ) ;
#482 = CARTESIAN_POINT ( 'NONE',  ( 1.181668468810307626, 0.0000000000000000000, -0.08424999999999954747 ) ) ;
#483 = ORIENTED_EDGE ( 'NONE', *, *, #203, .T. ) ;
#484 = PLANE ( 'NONE',  #4154 ) ;
#485 = CARTESIAN_POINT ( 'NONE',  ( 0.5816684688103074263, 0.0000000000000000000, -0.01574999999999998623 ) ) ;
#486 = DIRECTION ( 'NONE',  ( 0.0000000000000000000, 0.0000000000000000000, 1.000000000000000000 ) ) ;
#487 =( NAMED_UNIT ( * ) SI_UNIT ( $, .STERADIAN. ) SOLID_ANGLE_UNIT ( ) );
#488 = PRODUCT_DEFINITION ( 'UNKNOWN', '', #5261, #2578 ) ;
#489 = VECTOR ( 'NONE', #3174, 39.37007874015748143 ) ;
#490 = CARTESIAN_POINT ( 'NONE',  ( 0.3942664688103074133, -0.05000000000000000278, -0.08424999999999957523 ) ) ;
#491 = EDGE_LOOP ( 'NONE', ( #3949, #2488, #4574, #343 ) ) ;
#492 = ORIENTED_EDGE ( 'NONE', *, *, #7323, .T. ) ;
#493 = DIRECTION ( 'NONE',  ( -0.0000000000000000000, 1.000000000000000000, -0.0000000000000000000 ) ) ;
#494 = ORIENTED_EDGE ( 'NONE', *, *, #1814, .F. ) ;
#495 = CARTESIAN_POINT ( 'NONE',  ( 1.194266468810307513, -0.1100000000000000006, -0.01574999999999998623 ) ) ;
#496 = AXIS2_PLACEMENT_3D ( 'NONE', #2489, #1304, #1934 ) ;
#497 = FACE_OUTER_BOUND ( 'NONE', #7581, .T. ) ;
#498 = CARTESIAN_POINT ( 'NONE',  ( 0.1870000000000004159, 0.0000000000000000000, 0.0000000000000000000 ) ) ;
#499 = EDGE_CURVE ( 'NONE', #5048, #5819, #2556, .T. ) ;
#500 = EDGE_CURVE ( 'NONE', #2766, #6688, #705, .T. ) ;
#501 =( REPRESENTATION_RELATIONSHIP ('NONE','NONE', #1567, #7799 ) REPRESENTATION_RELATIONSHIP_WITH_TRANSFORMATION ( #4 )SHAPE_REPRESENTATION_RELATIONSHIP( ) );
#502 = AXIS2_PLACEMENT_3D ( 'NONE', #3554, #169, #6130 ) ;
#503 = ORIENTED_EDGE ( 'NONE', *, *, #5593, .F. ) ;
#504 = LINE ( 'NONE', #3589, #6844 ) ;
#505 = DIRECTION ( 'NONE',  ( 0.3420201433256845891, 0.0000000000000000000, -0.9396926207859025437 ) ) ;
#506 = EDGE_LOOP ( 'NONE', ( #2552, #4654, #4667, #845 ) ) ;
#507 = LINE ( 'NONE', #3593, #3633 ) ;
#508 = EDGE_LOOP ( 'NONE', ( #7270, #361, #755, #6842 ) ) ;
#509 = CARTESIAN_POINT ( 'NONE',  ( 1.175935937620614880, 0.0000000000000000000, -0.09999999999999989453 ) ) ;
#510 = AXIS2_PLACEMENT_3D ( 'NONE', #4923, #1235, #642 ) ;
#511 = DIRECTION ( 'NONE',  ( -0.0000000000000000000, 1.000000000000000000, -0.0000000000000000000 ) ) ;
#512 = EDGE_CURVE ( 'NONE', #2658, #4606, #4942, .T. ) ;
#513 = ORIENTED_EDGE ( 'NONE', *, *, #5641, .T. ) ;
#514 = DIRECTION ( 'NONE',  ( 0.0000000000000000000, 0.0000000000000000000, 1.000000000000000000 ) ) ;
#515 = MECHANICAL_DESIGN_GEOMETRIC_PRESENTATION_REPRESENTATION (  '', ( #1267 ), #3692 ) ;
#516 = ORIENTED_EDGE ( 'NONE', *, *, #1855, .T. ) ;
#517 = DIRECTION ( 'NONE',  ( -0.0000000000000000000, 1.000000000000000000, -0.0000000000000000000 ) ) ;
#518 = CARTESIAN_POINT ( 'NONE',  ( 0.5942664688103074244, -0.05000000000000000278, -0.08424999999999957523 ) ) ;
#519 = DIRECTION ( 'NONE',  ( 0.0000000000000000000, 0.0000000000000000000, 1.000000000000000000 ) ) ;
#520 = DIRECTION ( 'NONE',  ( -0.0000000000000000000, 1.000000000000000000, -0.0000000000000000000 ) ) ;
#521 = EDGE_CURVE ( 'NONE', #2817, #2799, #1334, .T. ) ;
#522 = AXIS2_PLACEMENT_3D ( 'NONE', #4771, #7736, #1 ) ;
#523 = EDGE_LOOP ( 'NONE', ( #1117, #358, #780, #2358 ) ) ;
#524 = VERTEX_POINT ( 'NONE', #4381 ) ;
#525 = PLANE ( 'NONE',  #5365 ) ;
#526 = ORIENTED_EDGE ( 'NONE', *, *, #7290, .T. ) ;
#527 = FACE_OUTER_BOUND ( 'NONE', #5484, .T. ) ;
#528 = FACE_OUTER_BOUND ( 'NONE', #1350, .T. ) ;
#529 = EDGE_LOOP ( 'NONE', ( #6962, #7065, #5268, #2735 ) ) ;
#530 = LINE ( 'NONE', #7184, #5571 ) ;
#531 = CIRCLE ( 'NONE', #1784, 0.02855000000000052982 ) ;
#532 = VECTOR ( 'NONE', #7630, 39.37007874015748143 ) ;
#533 = ADVANCED_FACE ( 'NONE', ( #4981 ), #6682, .F. ) ;
#534 = CARTESIAN_POINT ( 'NONE',  ( 0.5942664688103074244, 0.0000000000000000000, -0.08424999999999957523 ) ) ;
#535 = VECTOR ( 'NONE', #4791, 39.37007874015748143 ) ;
#536 = ORIENTED_EDGE ( 'NONE', *, *, #2303, .F. ) ;
#537 = EDGE_LOOP ( 'NONE', ( #5464, #7367, #2967, #6062 ) ) ;
#538 =( NAMED_UNIT ( * ) PLANE_ANGLE_UNIT ( ) SI_UNIT ( $, .RADIAN. ) );
#539 = ORIENTED_EDGE ( 'NONE', *, *, #739, .T. ) ;
#540 = LINE ( 'NONE', #2955, #3881 ) ;
#541 = PLANE ( 'NONE',  #2656 ) ;
#542 = FILL_AREA_STYLE_COLOUR ( '', #7780 ) ;
#543 = VECTOR ( 'NONE', #796, 39.37007874015748143 ) ;
#544 = EDGE_LOOP ( 'NONE', ( #3305, #4468, #7153, #4380 ) ) ;
#545 = CARTESIAN_POINT ( 'NONE',  ( 1.437967468810307237, 0.0000000000000000000, -0.05000000000000019013 ) ) ;
#546 = VECTOR ( 'NONE', #4979, 39.37007874015748143 ) ;
#547 = CARTESIAN_POINT ( 'NONE',  ( 1.394266468810307469, -0.05000000000000000278, -0.08424999999999957523 ) ) ;
#548 = ORIENTED_EDGE ( 'NONE', *, *, #2283, .T. ) ;
#549 = EDGE_CURVE ( 'NONE', #5105, #1291, #5620, .T. ) ;
#550 = CARTESIAN_POINT ( 'NONE',  ( 0.1816684688103074041, 0.0000000000000000000, -0.08424999999999954747 ) ) ;
#551 = ADVANCED_FACE ( 'NONE', ( #4903 ), #7317, .T. ) ;
#552 = DIRECTION ( 'NONE',  ( -1.000000000000000000, -0.0000000000000000000, -0.0000000000000000000 ) ) ;
#553 = DIRECTION ( 'NONE',  ( 1.000000000000000000, 0.0000000000000000000, 0.0000000000000000000 ) ) ;
#554 = VECTOR ( 'NONE', #6822, 39.37007874015748143 ) ;
#555 = ORIENTED_EDGE ( 'NONE', *, *, #4318, .T. ) ;
#556 = EDGE_CURVE ( 'NONE', #7142, #7086, #6722, .T. ) ;
#557 = CARTESIAN_POINT ( 'NONE',  ( 0.0000000000000000000, 0.0000000000000000000, 0.0000000000000000000 ) ) ;
#558 = ORIENTED_EDGE ( 'NONE', *, *, #3557, .F. ) ;
#559 = CARTESIAN_POINT ( 'NONE',  ( 0.0000000000000000000, -0.05000000000000000278, 0.0000000000000000000 ) ) ;
#560 = DIRECTION ( 'NONE',  ( -0.0000000000000000000, 1.000000000000000000, -0.0000000000000000000 ) ) ;
#561 = CARTESIAN_POINT ( 'NONE',  ( 1.937967468810307459, 0.0000000000000000000, -0.07855000000000071647 ) ) ;
#562 = AXIS2_PLACEMENT_3D ( 'NONE', #2791, #4579, #6442 ) ;
#563 = ORIENTED_EDGE ( 'NONE', *, *, #5929, .T. ) ;
#565 = EDGE_CURVE ( 'NONE', #2074, #5864, #99, .T. ) ;
#564 = LINE ( 'NONE', #679, #724 ) ;
#566 = FACE_BOUND ( 'NONE', #5183, .T. ) ;
#567 = ORIENTED_EDGE ( 'NONE', *, *, #6177, .T. ) ;
#568 = LINE ( 'NONE', #3413, #4664 ) ;
#569 = DIRECTION ( 'NONE',  ( -0.3420201433256720991, 0.0000000000000000000, 0.9396926207859070956 ) ) ;
#570 = ORIENTED_EDGE ( 'NONE', *, *, #6226, .T. ) ;
#571 = VECTOR ( 'NONE', #7685, 39.37007874015748143 ) ;
#572 = CARTESIAN_POINT ( 'NONE',  ( 0.1821961524227070084, 0.0000000000000000000, 0.0000000000000000000 ) ) ;
#573 = DIRECTION ( 'NONE',  ( 7.776898252968646568E-17, 0.0000000000000000000, -1.000000000000000000 ) ) ;
#574 =( GEOMETRIC_REPRESENTATION_CONTEXT ( 3 ) GLOBAL_UNCERTAINTY_ASSIGNED_CONTEXT ( ( #3216 ) ) GLOBAL_UNIT_ASSIGNED_CONTEXT ( ( #2399, #3073, #6676 ) ) REPRESENTATION_CONTEXT ( 'NONE', 'WORKASPACE' ) );
#575 = ORIENTED_EDGE ( 'NONE', *, *, #7309, .F. ) ;
#577 = EDGE_CURVE ( 'NONE', #1259, #2941, #1744, .T. ) ;
#576 = ORIENTED_EDGE ( 'NONE', *, *, #3831, .F. ) ;
#578 = CYLINDRICAL_SURFACE ( 'NONE', #3205, 0.03600000000000147526 ) ;
#579 = ORIENTED_EDGE ( 'NONE', *, *, #3347, .F. ) ;
#580 = CARTESIAN_POINT ( 'NONE',  ( 1.937967468810307459, 0.0000000000000000000, -0.05000000000000019013 ) ) ;
#581 = CARTESIAN_POINT ( 'NONE',  ( 0.0000000000000000000, 0.0000000000000000000, 0.0000000000000000000 ) ) ;
#582 = EDGE_CURVE ( 'NONE', #2147, #2748, #942, .T. ) ;
#583 = ORIENTED_EDGE ( 'NONE', *, *, #1417, .T. ) ;
#584 = CARTESIAN_POINT ( 'NONE',  ( 1.475935937620614702, -0.05000000000000000278, -0.09999999999999989453 ) ) ;
#585 = DIRECTION ( 'NONE',  ( 1.000000000000000000, 0.0000000000000000000, 0.0000000000000000000 ) ) ;
#586 = ORIENTED_EDGE ( 'NONE', *, *, #3920, .F. ) ;
#587 = DIRECTION ( 'NONE',  ( -0.3420201433256638834, 0.0000000000000000000, 0.9396926207859100932 ) ) ;
#588 = DIRECTION ( 'NONE',  ( -0.3420201433256720991, 0.0000000000000000000, 0.9396926207859070956 ) ) ;
#589 = EDGE_CURVE ( 'NONE', #5133, #1268, #5015, .T. ) ;
#590 = ORIENTED_EDGE ( 'NONE', *, *, #954, .T. ) ;
#591 = DIRECTION ( 'NONE',  ( 0.3420201433256662704, -0.0000000000000000000, 0.9396926207859092051 ) ) ;
#592 = ORIENTED_EDGE ( 'NONE', *, *, #2210, .F. ) ;
#593 = CARTESIAN_POINT ( 'NONE',  ( 1.937967468810307459, 3.673940397442060153E-19, -0.05000000000000019013 ) ) ;
#594 = PLANE ( 'NONE',  #4569 ) ;
#595 = LINE ( 'NONE', #4200, #303 ) ;
#596 = EDGE_CURVE ( 'NONE', #6934, #5089, #4869, .T. ) ;
#597 = EDGE_CURVE ( 'NONE', #6731, #7196, #3670, .T. ) ;
#598 = ORIENTED_EDGE ( 'NONE', *, *, #5884, .F. ) ;
#599 = DIRECTION ( 'NONE',  ( -0.3420201433256720991, 0.0000000000000000000, 0.9396926207859070956 ) ) ;
#600 = FACE_BOUND ( 'NONE', #7292, .T. ) ;
#601 = ORIENTED_EDGE ( 'NONE', *, *, #6613, .F. ) ;
#602 = PLANE ( 'NONE',  #2126 ) ;
#603 = VECTOR ( 'NONE', #341, 39.37007874015748143 ) ;
#604 = FACE_OUTER_BOUND ( 'NONE', #5804, .T. ) ;
#605 = VERTEX_POINT ( 'NONE', #137 ) ;
#606 = DIRECTION ( 'NONE',  ( 1.000000000000000000, 0.0000000000000000000, 0.0000000000000000000 ) ) ;
#607 = CARTESIAN_POINT ( 'NONE',  ( 1.194266468810307513, -0.05000000000000000278, -0.01574999999999998623 ) ) ;
#608 = EDGE_CURVE ( 'NONE', #5540, #6708, #6833, .T. ) ;
#609 = CARTESIAN_POINT ( 'NONE',  ( 0.4217368972051520060, -0.05000000000000000278, 0.1489106396975902746 ) ) ;
#610 = VECTOR ( 'NONE', #1964, 39.37007874015748143 ) ;
#611 = VERTEX_POINT ( 'NONE', #7280 ) ;
#612 = EDGE_LOOP ( 'NONE', ( #1440, #1969, #3317, #3749 ) ) ;
#613 = VERTEX_POINT ( 'NONE', #1851 ) ;
#614 = FACE_OUTER_BOUND ( 'NONE', #3072, .T. ) ;
#615 = CARTESIAN_POINT ( 'NONE',  ( 1.899999000000000215, 0.0000000000000000000, -0.09999999999999989453 ) ) ;
#616 = VECTOR ( 'NONE', #362, 39.37007874015748143 ) ;
#617 = EDGE_CURVE ( 'NONE', #3417, #5511, #5507, .T. ) ;
#618 = VERTEX_POINT ( 'NONE', #2714 ) ;
#619 = AXIS2_PLACEMENT_3D ( 'NONE', #4507, #185, #2089 ) ;
#620 = FACE_OUTER_BOUND ( 'NONE', #6541, .T. ) ;
#621 = CARTESIAN_POINT ( 'NONE',  ( 0.3816684688103073597, 0.0000000000000000000, -0.08424999999999954747 ) ) ;
#622 = ORIENTED_EDGE ( 'NONE', *, *, #1187, .T. ) ;
#623 = DIRECTION ( 'NONE',  ( 0.3420201433256639389, 0.0000000000000000000, -0.9396926207859100932 ) ) ;
#624 = LINE ( 'NONE', #63, #4327 ) ;
#625 = VECTOR ( 'NONE', #1356, 39.37007874015748854 ) ;
#626 = EDGE_CURVE ( 'NONE', #2954, #2151, #5794, .T. ) ;
#627 = EDGE_LOOP ( 'NONE', ( #1832, #4817, #2212, #1698 ) ) ;
#628 = VECTOR ( 'NONE', #1348, 39.37007874015748143 ) ;
#629 = CARTESIAN_POINT ( 'NONE',  ( 1.381668468810307360, 0.0000000000000000000, -0.08424999999999954747 ) ) ;
#630 = ORIENTED_EDGE ( 'NONE', *, *, #461, .T. ) ;
#631 = DIRECTION ( 'NONE',  ( -0.3420201433256663259, 0.0000000000000000000, -0.9396926207859092051 ) ) ;
#632 = PLANE ( 'NONE',  #3929 ) ;
#633 = ORIENTED_EDGE ( 'NONE', *, *, #5264, .T. ) ;
#634 = LINE ( 'NONE', #5404, #7431 ) ;
#635 = DIRECTION ( 'NONE',  ( 0.3420201433256695456, 0.0000000000000000000, 0.9396926207859080948 ) ) ;
#636 = ORIENTED_EDGE ( 'NONE', *, *, #6216, .F. ) ;
#638 = ADVANCED_FACE ( 'NONE', ( #4535 ), #6989, .F. ) ;
#637 = DIRECTION ( 'NONE',  ( -0.0000000000000000000, 1.000000000000000000, -0.0000000000000000000 ) ) ;
#639 = EDGE_CURVE ( 'NONE', #3685, #4865, #252, .T. ) ;
#640 = DIRECTION ( 'NONE',  ( 0.9396926207859100932, 0.0000000000000000000, 0.3420201433256638834 ) ) ;
#641 = VERTEX_POINT ( 'NONE', #5053 ) ;
#642 = DIRECTION ( 'NONE',  ( -0.3420201433256720991, 0.0000000000000000000, 0.9396926207859070956 ) ) ;
#643 = DIRECTION ( 'NONE',  ( 0.0000000000000000000, 1.000000000000000000, 0.0000000000000000000 ) ) ;
#644 = CONTEXT_DEPENDENT_SHAPE_REPRESENTATION ( #4874, #1452 ) ;
#645 = AXIS2_PLACEMENT_3D ( 'NONE', #3099, #3689, #794 ) ;
#646 = LINE ( 'NONE', #3103, #4352 ) ;
#647 = ORIENTED_EDGE ( 'NONE', *, *, #7034, .T. ) ;
#648 = ORIENTED_EDGE ( 'NONE', *, *, #2334, .F. ) ;
#649 = VECTOR ( 'NONE', #5478, 39.37007874015748143 ) ;
#650 = CARTESIAN_POINT ( 'NONE',  ( 0.0000000000000000000, 0.0000000000000000000, 0.0000000000000000000 ) ) ;
#651 = VERTEX_POINT ( 'NONE', #5691 ) ;
#652 = AXIS2_PLACEMENT_3D ( 'NONE', #220, #6997, #2119 ) ;
#653 = LINE ( 'NONE', #3186, #4400 ) ;
#654 = ADVANCED_FACE ( 'NONE', ( #931 ), #6911, .F. ) ;
#655 = DIRECTION ( 'NONE',  ( 0.0000000000000000000, 0.0000000000000000000, 1.000000000000000000 ) ) ;
#656 = ORIENTED_EDGE ( 'NONE', *, *, #5642, .T. ) ;
#657 = VECTOR ( 'NONE', #7204, 39.37007874015748854 ) ;
#658 = AXIS2_PLACEMENT_3D ( 'NONE', #4446, #767, #1393 ) ;
#659 = EDGE_CURVE ( 'NONE', #2719, #2503, #2193, .T. ) ;
#660 = ORIENTED_EDGE ( 'NONE', *, *, #7816, .T. ) ;
#661 = DIRECTION ( 'NONE',  ( 0.9396926207859100932, 0.0000000000000000000, 0.3420201433256638834 ) ) ;
#662 = CARTESIAN_POINT ( 'NONE',  ( 1.894266468810307691, -0.05000000000000000278, -0.08424999999999957523 ) ) ;
#663 = ORIENTED_EDGE ( 'NONE', *, *, #5046, .F. ) ;
#664 = CARTESIAN_POINT ( 'NONE',  ( 1.681668468810307404, -0.1100000000000000006, -0.08424999999999954747 ) ) ;
#665 = EDGE_CURVE ( 'NONE', #5717, #7248, #3306, .T. ) ;
#666 = EDGE_CURVE ( 'NONE', #5282, #1474, #4150, .T. ) ;
#667 = AXIS2_PLACEMENT_3D ( 'NONE', #6117, #5001, #5526 ) ;
#668 = CARTESIAN_POINT ( 'NONE',  ( 0.5816684688103074263, -0.05000000000000000278, -0.08424999999999954747 ) ) ;
#669 = AXIS2_PLACEMENT_3D ( 'NONE', #7541, #7504, #929 ) ;
#670 = ORIENTED_EDGE ( 'NONE', *, *, #2615, .T. ) ;
#671 = EDGE_CURVE ( 'NONE', #6013, #1389, #5733, .T. ) ;
#672 = CARTESIAN_POINT ( 'NONE',  ( 0.0000000000000000000, -0.05000000000000000278, 0.0000000000000000000 ) ) ;
#673 = ORIENTED_EDGE ( 'NONE', *, *, #6630, .F. ) ;
#674 = CARTESIAN_POINT ( 'NONE',  ( 0.0000000000000000000, 3.429011037612699639E-18, -0.02800000000000090264 ) ) ;
#675 = DIRECTION ( 'NONE',  ( -1.000000000000000000, 0.0000000000000000000, -7.776898252968646568E-17 ) ) ;
#676 = VECTOR ( 'NONE', #125, 39.37007874015748854 ) ;
#677 = AXIS2_PLACEMENT_3D ( 'NONE', #1456, #863, #5112 ) ;
#678 = ORIENTED_EDGE ( 'NONE', *, *, #6528, .T. ) ;
#679 = CARTESIAN_POINT ( 'NONE',  ( 0.7749457858289466872, -0.05000000000000000278, 0.2774681616348992352 ) ) ;
#680 = ORIENTED_EDGE ( 'NONE', *, *, #294, .T. ) ;
#681 = CARTESIAN_POINT ( 'NONE',  ( 1.037967468810307547, 0.0000000000000000000, -0.02144999999999966725 ) ) ;
#682 = LINE ( 'NONE', #156, #4947 ) ;
#683 = LINE ( 'NONE', #4849, #5960 ) ;
#684 = PLANE ( 'NONE',  #6857 ) ;
#685 = CONTEXT_DEPENDENT_SHAPE_REPRESENTATION ( #5814, #6465 ) ;
#686 = VECTOR ( 'NONE', #1202, 39.37007874015748854 ) ;
#688 = EDGE_CURVE ( 'NONE', #2178, #4171, #4660, .T. ) ;
#687 = CARTESIAN_POINT ( 'NONE',  ( 0.6942664688103074022, -0.1100000000000000006, -0.08424999999999957523 ) ) ;
#689 = ADVANCED_FACE ( 'NONE', ( #371 ), #1517, .F. ) ;
#690 = ORIENTED_EDGE ( 'NONE', *, *, #4716, .T. ) ;
#691 = ORIENTED_EDGE ( 'NONE', *, *, #1330, .F. ) ;
#692 = AXIS2_PLACEMENT_3D ( 'NONE', #4701, #2156, #2838 ) ;
#693 = DIRECTION ( 'NONE',  ( -0.0000000000000000000, 1.000000000000000000, -0.0000000000000000000 ) ) ;
#694 = ORIENTED_EDGE ( 'NONE', *, *, #5097, .T. ) ;
#695 = FACE_OUTER_BOUND ( 'NONE', #2066, .T. ) ;
#696 = CARTESIAN_POINT ( 'NONE',  ( 1.799999000000000127, 0.0000000000000000000, -0.09999999999999989453 ) ) ;
#697 = EDGE_LOOP ( 'NONE', ( #162, #5224, #1829, #1185 ) ) ;
#698 = CARTESIAN_POINT ( 'NONE',  ( 1.575935937620614791, 0.0000000000000000000, -9.478001694819074349E-34 ) ) ;
#699 = PRESENTATION_LAYER_ASSIGNMENT (  '', '', ( #5759 ) ) ;
#700 = EDGE_CURVE ( 'NONE', #3552, #3485, #1478, .T. ) ;
#701 = ORIENTED_EDGE ( 'NONE', *, *, #2638, .T. ) ;
#702 = CARTESIAN_POINT ( 'NONE',  ( 0.6942664688103074022, -0.1100000000000000006, -0.08424999999999957523 ) ) ;
#703 = DIRECTION ( 'NONE',  ( -0.0000000000000000000, 1.000000000000000000, -0.0000000000000000000 ) ) ;
#704 = VERTEX_POINT ( 'NONE', #887 ) ;
#705 = LINE ( 'NONE', #3781, #4520 ) ;
#706 = CARTESIAN_POINT ( 'NONE',  ( 0.1942664688103074300, 0.0000000000000000000, -0.08424999999999957523 ) ) ;
#707 = EDGE_CURVE ( 'NONE', #873, #7248, #6401, .T. ) ;
#708 = VERTEX_POINT ( 'NONE', #5093 ) ;
#709 = LINE ( 'NONE', #6804, #1171 ) ;
#710 = CARTESIAN_POINT ( 'NONE',  ( 0.0000000000000000000, -0.05000000000000000278, 0.0000000000000000000 ) ) ;
#711 = ORIENTED_EDGE ( 'NONE', *, *, #1852, .T. ) ;
#712 = DIRECTION ( 'NONE',  ( -0.0000000000000000000, 1.000000000000000000, -0.0000000000000000000 ) ) ;
#713 = CARTESIAN_POINT ( 'NONE',  ( 0.2999990000000001267, -0.05000000000000000278, -0.09999999999999989453 ) ) ;
#714 = EDGE_CURVE ( 'NONE', #3024, #4695, #6876, .T. ) ;
#715 = ORIENTED_EDGE ( 'NONE', *, *, #4765, .T. ) ;
#716 = DIRECTION ( 'NONE',  ( 1.000000000000000000, 0.0000000000000000000, 0.0000000000000000000 ) ) ;
#717 = LINE ( 'NONE', #3133, #2957 ) ;
#718 = ORIENTED_EDGE ( 'NONE', *, *, #3008, .T. ) ;
#719 = CYLINDRICAL_SURFACE ( 'NONE', #3519, 0.02855000000000052635 ) ;
#720 = DIRECTION ( 'NONE',  ( -1.000000000000000000, 0.0000000000000000000, 1.355298456929802892E-15 ) ) ;
#721 = DIRECTION ( 'NONE',  ( -1.000000000000000000, 0.0000000000000000000, -7.776898252968646568E-17 ) ) ;
#722 = LINE ( 'NONE', #4926, #7141 ) ;
#723 = VERTEX_POINT ( 'NONE', #6283 ) ;
#724 = VECTOR ( 'NONE', #1269, 39.37007874015748854 ) ;
#725 = EDGE_LOOP ( 'NONE', ( #663, #7311, #1933, #6546 ) ) ;
#726 = CARTESIAN_POINT ( 'NONE',  ( 1.094266468810307424, -0.1100000000000000006, -0.01574999999999998623 ) ) ;
#727 = ORIENTED_EDGE ( 'NONE', *, *, #72, .T. ) ;
#728 = DIRECTION ( 'NONE',  ( 1.000000000000000000, 0.0000000000000000000, -1.355298456929802892E-15 ) ) ;
#729 = DIRECTION ( 'NONE',  ( -0.7071067811867033370, 8.659560562353024801E-17, -0.7071067811863916974 ) ) ;
#730 = CARTESIAN_POINT ( 'NONE',  ( 1.975934937620615894, 0.0000000000000000000, -0.09999999999999974187 ) ) ;
#731 = DIRECTION ( 'NONE',  ( 0.0000000000000000000, 0.0000000000000000000, 1.000000000000000000 ) ) ;
#732 = AXIS2_PLACEMENT_3D ( 'NONE', #4619, #6363, #1561 ) ;
#733 = VERTEX_POINT ( 'NONE', #3381 ) ;
#734 = PLANE ( 'NONE',  #7366 ) ;
#735 = CARTESIAN_POINT ( 'NONE',  ( 0.1710000000000004572, 0.0000000000000000000, 0.0000000000000000000 ) ) ;
#736 = VERTEX_POINT ( 'NONE', #3895 ) ;
#737 = CARTESIAN_POINT ( 'NONE',  ( -0.005732531189692642581, -0.05000000000000000278, -0.01574999999999999664 ) ) ;
#738 = AXIS2_PLACEMENT_3D ( 'NONE', #6515, #1156, #4806 ) ;
#739 = EDGE_CURVE ( 'NONE', #2121, #3233, #4497, .T. ) ;
#740 = EDGE_CURVE ( 'NONE', #1938, #6113, #6440, .T. ) ;
#741 = LINE ( 'NONE', #3716, #1407 ) ;
#742 = DIRECTION ( 'NONE',  ( -0.3420201433256720991, 0.0000000000000000000, 0.9396926207859070956 ) ) ;
#743 = VECTOR ( 'NONE', #2294, 39.37007874015748143 ) ;
#744 = ORIENTED_EDGE ( 'NONE', *, *, #714, .F. ) ;
#745 = CARTESIAN_POINT ( 'NONE',  ( 0.3816684688103073597, -0.1100000000000000006, -0.01574999999999998623 ) ) ;
#746 = ORIENTED_EDGE ( 'NONE', *, *, #2636, .T. ) ;
#747 = DIRECTION ( 'NONE',  ( -1.000000000000000000, 0.0000000000000000000, -7.776898252968647801E-17 ) ) ;
#748 = AXIS2_PLACEMENT_3D ( 'NONE', #7002, #1574, #2883 ) ;
#749 = EDGE_CURVE ( 'NONE', #4018, #3316, #7467, .T. ) ;
#750 = FACE_OUTER_BOUND ( 'NONE', #3780, .T. ) ;
#751 = VECTOR ( 'NONE', #759, 39.37007874015748143 ) ;
#752 = ORIENTED_EDGE ( 'NONE', *, *, #882, .T. ) ;
#753 = PLANE ( 'NONE',  #6552 ) ;
#754 = DIRECTION ( 'NONE',  ( -1.000000000000000000, 0.0000000000000000000, -7.776898252968646568E-17 ) ) ;
#755 = ORIENTED_EDGE ( 'NONE', *, *, #7807, .T. ) ;
#756 = LINE ( 'NONE', #3015, #7403 ) ;
#757 = EDGE_CURVE ( 'NONE', #2377, #5121, #2359, .T. ) ;
#758 = FACE_OUTER_BOUND ( 'NONE', #3473, .T. ) ;
#759 = DIRECTION ( 'NONE',  ( -0.0000000000000000000, 1.000000000000000000, -0.0000000000000000000 ) ) ;
#760 = PRODUCT_DEFINITION_CONTEXT ( 'detailed design', #5414, 'design' ) ;
#761 = ORIENTED_EDGE ( 'NONE', *, *, #6547, .F. ) ;
#762 = EDGE_LOOP ( 'NONE', ( #1319, #5403, #3646, #1127 ) ) ;
#763 = DIRECTION ( 'NONE',  ( 1.355298456929802892E-15, 0.0000000000000000000, 1.000000000000000000 ) ) ;
#764 = ORIENTED_EDGE ( 'NONE', *, *, #7253, .F. ) ;
#765 = LINE ( 'NONE', #7308, #3265 ) ;
#766 = EDGE_CURVE ( 'NONE', #7099, #3341, #1763, .T. ) ;
#767 = DIRECTION ( 'NONE',  ( -0.0000000000000000000, 1.000000000000000000, -0.0000000000000000000 ) ) ;
#768 = DIRECTION ( 'NONE',  ( -0.0000000000000000000, 1.000000000000000000, -0.0000000000000000000 ) ) ;
#769 = AXIS2_PLACEMENT_3D ( 'NONE', #4999, #2573, #5599 ) ;
#770 = AXIS2_PLACEMENT_3D ( 'NONE', #5876, #560, #7212 ) ;
#771 = ORIENTED_EDGE ( 'NONE', *, *, #2300, .F. ) ;
#772 = DIRECTION ( 'NONE',  ( -0.9396926207859072067, 0.0000000000000000000, -0.3420201433256721546 ) ) ;
#773 = CARTESIAN_POINT ( 'NONE',  ( 0.3759359376206146686, 0.0000000000000000000, -0.09999999999999989453 ) ) ;
#774 = ORIENTED_EDGE ( 'NONE', *, *, #1555, .T. ) ;
#775 = DIRECTION ( 'NONE',  ( 0.9396926207859100932, 0.0000000000000000000, 0.3420201433256638834 ) ) ;
#776 = LINE ( 'NONE', #7708, #1160 ) ;
#777 = DIRECTION ( 'NONE',  ( -0.0000000000000000000, 1.000000000000000000, -0.0000000000000000000 ) ) ;
#778 = AXIS2_PLACEMENT_3D ( 'NONE', #1236, #1835, #2195 ) ;
#779 = CIRCLE ( 'NONE', #6603, 0.02855000000000052982 ) ;
#780 = ORIENTED_EDGE ( 'NONE', *, *, #3114, .T. ) ;
#781 = EDGE_CURVE ( 'NONE', #4980, #112, #2834, .T. ) ;
#782 = VECTOR ( 'NONE', #2696, 39.37007874015748143 ) ;
#783 = CARTESIAN_POINT ( 'NONE',  ( 0.3816684688103073597, 0.0000000000000000000, -0.01574999999999998623 ) ) ;
#784 = ORIENTED_EDGE ( 'NONE', *, *, #1620, .F. ) ;
#785 = DIRECTION ( 'NONE',  ( -0.0000000000000000000, 1.000000000000000000, -0.0000000000000000000 ) ) ;
#786 = DIRECTION ( 'NONE',  ( 0.0000000000000000000, 0.0000000000000000000, 1.000000000000000000 ) ) ;
#787 = VECTOR ( 'NONE', #6720, 39.37007874015748143 ) ;
#788 = EDGE_CURVE ( 'NONE', #5697, #4101, #4699, .T. ) ;
#789 = CARTESIAN_POINT ( 'NONE',  ( 1.737967468810307281, 3.673940397442060153E-19, -0.05000000000000019013 ) ) ;
#790 = AXIS2_PLACEMENT_3D ( 'NONE', #6862, #4968, #1282 ) ;
#791 = CARTESIAN_POINT ( 'NONE',  ( -0.03066449223692698303, -0.05000000000000000278, -0.01574999999999998623 ) ) ;
#792 = ORIENTED_EDGE ( 'NONE', *, *, #2453, .F. ) ;
#793 = DIRECTION ( 'NONE',  ( 1.000000000000000000, 0.0000000000000000000, -1.355298456929802892E-15 ) ) ;
#794 = DIRECTION ( 'NONE',  ( -1.000000000000000000, 0.0000000000000000000, -7.776898252968646568E-17 ) ) ;
#795 = FACE_OUTER_BOUND ( 'NONE', #442, .T. ) ;
#796 = DIRECTION ( 'NONE',  ( 0.0000000000000000000, 1.000000000000000000, 0.0000000000000000000 ) ) ;
#797 = CIRCLE ( 'NONE', #4737, 0.02855000000000052288 ) ;
#798 = ADVANCED_FACE ( 'NONE', ( #7068 ), #5295, .F. ) ;
#799 = EDGE_CURVE ( 'NONE', #1436, #2083, #4745, .T. ) ;
#800 = ORIENTED_EDGE ( 'NONE', *, *, #992, .T. ) ;
#801 = ORIENTED_EDGE ( 'NONE', *, *, #7462, .T. ) ;
#802 = DIRECTION ( 'NONE',  ( 0.9396926207859080948, 0.0000000000000000000, -0.3420201433256695456 ) ) ;
#803 = ORIENTED_EDGE ( 'NONE', *, *, #6269, .T. ) ;
#804 = FACE_BOUND ( 'NONE', #5495, .T. ) ;
#805 = LINE ( 'NONE', #4336, #884 ) ;
#806 = AXIS2_PLACEMENT_3D ( 'NONE', #1184, #7088, #5913 ) ;
#807 = LINE ( 'NONE', #5989, #234 ) ;
#808 = DIRECTION ( 'NONE',  ( 0.0000000000000000000, 0.0000000000000000000, 1.000000000000000000 ) ) ;
#809 = ADVANCED_FACE ( 'NONE', ( #3467 ), #1052, .F. ) ;
#810 = VECTOR ( 'NONE', #6119, 39.37007874015748854 ) ;
#811 = ORIENTED_EDGE ( 'NONE', *, *, #3954, .T. ) ;
#812 = VERTEX_POINT ( 'NONE', #456 ) ;
#813 = CARTESIAN_POINT ( 'NONE',  ( 1.975934937620615894, -0.05000000000000000278, -0.09999999999999974187 ) ) ;
#814 = ORIENTED_EDGE ( 'NONE', *, *, #5347, .F. ) ;
#815 = DIRECTION ( 'NONE',  ( -0.0000000000000000000, 1.000000000000000000, -0.0000000000000000000 ) ) ;
#816 = DIRECTION ( 'NONE',  ( 0.3420201433256639389, 0.0000000000000000000, -0.9396926207859100932 ) ) ;
#817 = CARTESIAN_POINT ( 'NONE',  ( 0.5379674688103074365, 0.0000000000000000000, -0.05000000000000019013 ) ) ;
#818 = AXIS2_PLACEMENT_3D ( 'NONE', #3899, #891, #2041 ) ;
#819 = ORIENTED_EDGE ( 'NONE', *, *, #3270, .T. ) ;
#820 = LINE ( 'NONE', #3240, #1296 ) ;
#821 = VERTEX_POINT ( 'NONE', #6526 ) ;
#822 = PLANE ( 'NONE',  #4541 ) ;
#823 = LINE ( 'NONE', #3243, #2795 ) ;
#824 = EDGE_CURVE ( 'NONE', #1938, #1950, #4218, .T. ) ;
#825 = PRODUCT_DEFINITION_SHAPE ( 'NONE', 'NONE',  #7838 ) ;
#826 = DIRECTION ( 'NONE',  ( 0.0000000000000000000, 0.0000000000000000000, -1.000000000000000000 ) ) ;
#827 = ORIENTED_EDGE ( 'NONE', *, *, #7342, .T. ) ;
#828 = LINE ( 'NONE', #865, #4160 ) ;
#829 = CARTESIAN_POINT ( 'NONE',  ( 1.075935937620614791, 0.0000000000000000000, -0.09999999999999989453 ) ) ;
#830 = DIRECTION ( 'NONE',  ( -0.0000000000000000000, 1.000000000000000000, -0.0000000000000000000 ) ) ;
#831 = ADVANCED_FACE ( 'NONE', ( #4780 ), #3623, .F. ) ;
#832 = EDGE_CURVE ( 'NONE', #1638, #1922, #3544, .T. ) ;
#833 = ORIENTED_EDGE ( 'NONE', *, *, #1124, .F. ) ;
#834 = ORIENTED_EDGE ( 'NONE', *, *, #1090, .T. ) ;
#835 = DIRECTION ( 'NONE',  ( 0.3420201433256662704, -0.0000000000000000000, 0.9396926207859092051 ) ) ;
#836 = ORIENTED_EDGE ( 'NONE', *, *, #1600, .T. ) ;
#837 = FACE_BOUND ( 'NONE', #6662, .T. ) ;
#838 = LINE ( 'NONE', #3257, #7089 ) ;
#839 = LINE ( 'NONE', #7499, #1379 ) ;
#840 = EDGE_CURVE ( 'NONE', #3272, #1875, #6803, .T. ) ;
#841 = DIRECTION ( 'NONE',  ( 0.0000000000000000000, 0.0000000000000000000, 1.000000000000000000 ) ) ;
#842 = ORIENTED_EDGE ( 'NONE', *, *, #1994, .T. ) ;
#843 = EDGE_LOOP ( 'NONE', ( #6045, #2981, #2786, #7776 ) ) ;
#844 = LINE ( 'NONE', #6136, #4340 ) ;
#845 = ORIENTED_EDGE ( 'NONE', *, *, #3457, .T. ) ;
#846 = DIRECTION ( 'NONE',  ( -0.0000000000000000000, 1.000000000000000000, -0.0000000000000000000 ) ) ;
#847 = DIRECTION ( 'NONE',  ( 1.000000000000000000, 0.0000000000000000000, -0.0000000000000000000 ) ) ;
#848 = VECTOR ( 'NONE', #1098, 39.37007874015748143 ) ;
#849 = ADVANCED_FACE ( 'NONE', ( #2395 ), #5030, .T. ) ;
#850 = CARTESIAN_POINT ( 'NONE',  ( 1.499999000000000082, -0.05000000000000000278, 0.0000000000000000000 ) ) ;
#851 = CYLINDRICAL_SURFACE ( 'NONE', #5251, 0.02855000000000052635 ) ;
#852 = ORIENTED_EDGE ( 'NONE', *, *, #4813, .T. ) ;
#853 = AXIS2_PLACEMENT_3D ( 'NONE', #1168, #7822, #7703 ) ;
#854 = CARTESIAN_POINT ( 'NONE',  ( 0.6379674688103074143, 3.673940397442060153E-19, -0.05000000000000019013 ) ) ;
#855 = LINE ( 'NONE', #3123, #3945 ) ;
#856 = ORIENTED_EDGE ( 'NONE', *, *, #5859, .T. ) ;
#857 = DIRECTION ( 'NONE',  ( -0.3420201433256695456, 0.0000000000000000000, -0.9396926207859080948 ) ) ;
#858 = EDGE_CURVE ( 'NONE', #4767, #5838, #1723, .T. ) ;
#859 = DIRECTION ( 'NONE',  ( 0.0000000000000000000, 0.0000000000000000000, -1.000000000000000000 ) ) ;
#860 = CIRCLE ( 'NONE', #6808, 0.02855000000000052982 ) ;
#861 = PLANE ( 'NONE',  #6641 ) ;
#862 = VECTOR ( 'NONE', #793, 39.37007874015748143 ) ;
#863 = DIRECTION ( 'NONE',  ( 0.0000000000000000000, 1.224646799147353207E-16, -1.000000000000000000 ) ) ;
#864 = ORIENTED_EDGE ( 'NONE', *, *, #6420, .F. ) ;
#865 = CARTESIAN_POINT ( 'NONE',  ( 1.581668468810307315, 0.0000000000000000000, -0.08424999999999954747 ) ) ;
#866 = LINE ( 'NONE', #7011, #4428 ) ;
#867 = LINE ( 'NONE', #274, #4037 ) ;
#868 = CARTESIAN_POINT ( 'NONE',  ( 1.275935937620614746, -0.05000000000000000278, -9.478001694819074349E-34 ) ) ;
#869 = VECTOR ( 'NONE', #4424, 39.37007874015748143 ) ;
#870 = EDGE_CURVE ( 'NONE', #4207, #6309, #3505, .T. ) ;
#871 = ORIENTED_EDGE ( 'NONE', *, *, #1035, .T. ) ;
#872 = ADVANCED_FACE ( 'NONE', ( #416 ), #4056, .T. ) ;
#873 = VERTEX_POINT ( 'NONE', #7748 ) ;
#874 = CARTESIAN_POINT ( 'NONE',  ( 1.637967468810307414, 3.673940397442060153E-19, -0.02144999999999966031 ) ) ;
#875 = ORIENTED_EDGE ( 'NONE', *, *, #6630, .T. ) ;
#876 = FACE_BOUND ( 'NONE', #1463, .T. ) ;
#877 = VECTOR ( 'NONE', #5969, 39.37007874015748143 ) ;
#878 = DIRECTION ( 'NONE',  ( 0.9396926207859100932, 0.0000000000000000000, 0.3420201433256638834 ) ) ;
#879 = LINE ( 'NONE', #3295, #4683 ) ;
#880 = DIRECTION ( 'NONE',  ( -3.491481338843133355E-15, -1.000000000000000000, 0.0000000000000000000 ) ) ;
#881 = ORIENTED_EDGE ( 'NONE', *, *, #4039, .F. ) ;
#882 = EDGE_CURVE ( 'NONE', #7064, #5514, #2319, .T. ) ;
#883 = ORIENTED_EDGE ( 'NONE', *, *, #6671, .F. ) ;
#884 = VECTOR ( 'NONE', #2662, 39.37007874015748143 ) ;
#885 = PLANE ( 'NONE',  #1805 ) ;
#886 = ORIENTED_EDGE ( 'NONE', *, *, #1135, .F. ) ;
#887 = CARTESIAN_POINT ( 'NONE',  ( 0.07593593762061463803, 0.0000000000000000000, -0.09999999999999989453 ) ) ;
#888 = CYLINDRICAL_SURFACE ( 'NONE', #2070, 0.02855000000000052635 ) ;
#889 = PRODUCT_DEFINITION_SHAPE ( 'NONE', 'NONE',  #7850 ) ;
#890 = LINE ( 'NONE', #3979, #4571 ) ;
#891 = DIRECTION ( 'NONE',  ( -0.9396926207859093161, 0.0000000000000000000, 0.3420201433256663814 ) ) ;
#892 = EDGE_CURVE ( 'NONE', #7530, #6642, #540, .T. ) ;
#893 = AXIS2_PLACEMENT_3D ( 'NONE', #5152, #6927, #951 ) ;
#894 = VERTEX_POINT ( 'NONE', #3070 ) ;
#895 = EDGE_CURVE ( 'NONE', #704, #3575, #3027, .T. ) ;
#896 = FACE_OUTER_BOUND ( 'NONE', #208, .T. ) ;
#897 = LINE ( 'NONE', #5143, #7242 ) ;
#898 = ORIENTED_EDGE ( 'NONE', *, *, #4540, .F. ) ;
#899 = VECTOR ( 'NONE', #2253, 39.37007874015748143 ) ;
#900 = APPLICATION_CONTEXT ( 'automotive_design' ) ;
#901 = EDGE_LOOP ( 'NONE', ( #5653, #7111, #5014, #7358 ) ) ;
#902 = CARTESIAN_POINT ( 'NONE',  ( 0.9999990000000001933, -0.1100000000000000006, -0.09999999999999989453 ) ) ;
#903 = AXIS2_PLACEMENT_3D ( 'NONE', #1447, #4020, #3902 ) ;
#904 = CARTESIAN_POINT ( 'NONE',  ( 1.375935937620614613, -0.05000000000000000278, -0.09999999999999989453 ) ) ;
#905 = VECTOR ( 'NONE', #6723, 39.37007874015748854 ) ;
#906 = AXIS2_PLACEMENT_3D ( 'NONE', #204, #5534, #1956 ) ;
#907 = EDGE_CURVE ( 'NONE', #1922, #6727, #4297, .T. ) ;
#908 = LINE ( 'NONE', #2093, #1937 ) ;
#909 = ORIENTED_EDGE ( 'NONE', *, *, #5961, .T. ) ;
#910 = DIRECTION ( 'NONE',  ( 0.0000000000000000000, 0.0000000000000000000, -1.000000000000000000 ) ) ;
#911 = DIRECTION ( 'NONE',  ( 1.000000000000000000, 0.0000000000000000000, 0.0000000000000000000 ) ) ;
#912 = DIRECTION ( 'NONE',  ( 0.9396926207859080948, 0.0000000000000000000, -0.3420201433256695456 ) ) ;
#913 = AXIS2_PLACEMENT_3D ( 'NONE', #3838, #6268, #7489 ) ;
#914 = PLANE ( 'NONE',  #5479 ) ;
#915 = VECTOR ( 'NONE', #135, 39.37007874015748854 ) ;
#916 = ORIENTED_EDGE ( 'NONE', *, *, #2443, .F. ) ;
#917 = ORIENTED_EDGE ( 'NONE', *, *, #1318, .F. ) ;
#918 = LINE ( 'NONE', #1588, #5739 ) ;
#919 = ORIENTED_EDGE ( 'NONE', *, *, #1897, .T. ) ;
#920 = DIRECTION ( 'NONE',  ( 0.0000000000000000000, 0.0000000000000000000, 1.000000000000000000 ) ) ;
#921 = CARTESIAN_POINT ( 'NONE',  ( 1.499999000000000082, -0.05000000000000000278, -0.09999999999999989453 ) ) ;
#922 = DIRECTION ( 'NONE',  ( 1.000000000000000000, 0.0000000000000000000, 0.0000000000000000000 ) ) ;
#923 = VECTOR ( 'NONE', #1787, 39.37007874015748854 ) ;
#924 = EDGE_CURVE ( 'NONE', #4101, #2658, #653, .T. ) ;
#925 = EDGE_CURVE ( 'NONE', #5519, #651, #5498, .T. ) ;
#926 = ORIENTED_EDGE ( 'NONE', *, *, #2452, .F. ) ;
#927 = VERTEX_POINT ( 'NONE', #5570 ) ;
#928 = CIRCLE ( 'NONE', #2062, 0.02855000000000052982 ) ;
#929 = DIRECTION ( 'NONE',  ( 0.0000000000000000000, 0.0000000000000000000, 1.000000000000000000 ) ) ;
#930 = ORIENTED_EDGE ( 'NONE', *, *, #4872, .T. ) ;
#931 = FACE_OUTER_BOUND ( 'NONE', #6957, .T. ) ;
#932 = CARTESIAN_POINT ( 'NONE',  ( 1.799999000000000127, -0.1100000000000000006, -0.09999999999999989453 ) ) ;
#933 = DIRECTION ( 'NONE',  ( 0.0000000000000000000, 1.000000000000000000, 0.0000000000000000000 ) ) ;
#934 = DIRECTION ( 'NONE',  ( -0.0000000000000000000, 1.000000000000000000, -0.0000000000000000000 ) ) ;
#935 = EDGE_CURVE ( 'NONE', #3656, #5198, #4792, .T. ) ;
#936 = VECTOR ( 'NONE', #6668, 39.37007874015748143 ) ;
#937 = ORIENTED_EDGE ( 'NONE', *, *, #2256, .F. ) ;
#938 = DIRECTION ( 'NONE',  ( -0.0000000000000000000, 1.000000000000000000, -0.0000000000000000000 ) ) ;
#939 = FACE_OUTER_BOUND ( 'NONE', #5943, .T. ) ;
#940 = ORIENTED_EDGE ( 'NONE', *, *, #3736, .T. ) ;
#941 = DIRECTION ( 'NONE',  ( 0.3420201433256662704, -0.0000000000000000000, 0.9396926207859092051 ) ) ;
#942 = CIRCLE ( 'NONE', #5120, 0.02599999999999999534 ) ;
#943 = ORIENTED_EDGE ( 'NONE', *, *, #2528, .T. ) ;
#944 = CARTESIAN_POINT ( 'NONE',  ( 1.081668468810307537, -0.1100000000000000006, -0.08424999999999954747 ) ) ;
#945 = CARTESIAN_POINT ( 'NONE',  ( -0.01203253118969264436, -0.05000000000000000278, -0.08424999999999989442 ) ) ;
#946 = EDGE_CURVE ( 'NONE', #736, #7112, #4896, .T. ) ;
#947 = ORIENTED_EDGE ( 'NONE', *, *, #7825, .F. ) ;
#948 = CARTESIAN_POINT ( 'NONE',  ( 1.499999000000000082, -0.1100000000000000006, 0.0000000000000000000 ) ) ;
#949 = ORIENTED_EDGE ( 'NONE', *, *, #7140, .F. ) ;
#950 = DIRECTION ( 'NONE',  ( -0.3420201433256720991, 0.0000000000000000000, 0.9396926207859070956 ) ) ;
#951 = DIRECTION ( 'NONE',  ( -1.000000000000000000, 0.0000000000000000000, -7.776898252968646568E-17 ) ) ;
#952 = CARTESIAN_POINT ( 'NONE',  ( 0.2942664688103074355, 0.0000000000000000000, -0.01574999999999998623 ) ) ;
#953 = CYLINDRICAL_SURFACE ( 'NONE', #5601, 0.02855000000000052635 ) ;
#954 = EDGE_CURVE ( 'NONE', #4062, #6205, #765, .T. ) ;
#955 = ORIENTED_EDGE ( 'NONE', *, *, #1726, .T. ) ;
#956 = VERTEX_POINT ( 'NONE', #4970 ) ;
#957 = CYLINDRICAL_SURFACE ( 'NONE', #7251, 0.02855000000000052635 ) ;
#958 = VERTEX_POINT ( 'NONE', #5610 ) ;
#959 = DIRECTION ( 'NONE',  ( -0.0000000000000000000, 1.000000000000000000, -0.0000000000000000000 ) ) ;
#960 = CARTESIAN_POINT ( 'NONE',  ( 0.5759359376206146797, -0.1100000000000000006, -9.478001694819074349E-34 ) ) ;
#961 = CARTESIAN_POINT ( 'NONE',  ( 1.975934937620615894, 0.0000000000000000000, -0.09999999999999974187 ) ) ;
#962 = DIRECTION ( 'NONE',  ( 1.000000000000000000, 0.0000000000000000000, 0.0000000000000000000 ) ) ;
#963 = DIMENSIONAL_EXPONENTS ( 1.000000000000000000, 0.0000000000000000000, 0.0000000000000000000, 0.0000000000000000000, 0.0000000000000000000, 0.0000000000000000000, 0.0000000000000000000 ) ;
#964 = ORIENTED_EDGE ( 'NONE', *, *, #1238, .F. ) ;
#965 = ORIENTED_EDGE ( 'NONE', *, *, #4790, .T. ) ;
#966 = DIRECTION ( 'NONE',  ( 0.0000000000000000000, 0.0000000000000000000, -1.000000000000000000 ) ) ;
#967 = ORIENTED_EDGE ( 'NONE', *, *, #3752, .T. ) ;
#968 = DIRECTION ( 'NONE',  ( -0.0000000000000000000, 1.000000000000000000, -0.0000000000000000000 ) ) ;
#969 = FACE_OUTER_BOUND ( 'NONE', #4254, .T. ) ;
#970 = CARTESIAN_POINT ( 'NONE',  ( 0.7816684688103074929, 0.0000000000000000000, -0.01574999999999998623 ) ) ;
#971 = CARTESIAN_POINT ( 'NONE',  ( 1.081668468810307537, -0.1100000000000000006, -0.01574999999999998623 ) ) ;
#972 = VERTEX_POINT ( 'NONE', #6787 ) ;
#973 = CARTESIAN_POINT ( 'NONE',  ( 0.2379674688103073643, 3.673940397442060153E-19, -0.02144999999999966031 ) ) ;
#974 = DIRECTION ( 'NONE',  ( -1.000000000000000000, 0.0000000000000000000, -7.776898252968647801E-17 ) ) ;
#975 = ORIENTED_EDGE ( 'NONE', *, *, #5677, .T. ) ;
#976 = ADVANCED_FACE ( 'NONE', ( #695 ), #127, .T. ) ;
#977 = CARTESIAN_POINT ( 'NONE',  ( 0.09426646881030741054, -0.1100000000000000006, -0.01574999999999998623 ) ) ;
#978 = ADVANCED_FACE ( 'NONE', ( #1324 ), #4858, .F. ) ;
#979 = VECTOR ( 'NONE', #716, 39.37007874015748143 ) ;
#980 = ORIENTED_EDGE ( 'NONE', *, *, #3448, .T. ) ;
#981 = SPHERICAL_SURFACE ( 'NONE', #109, 0.009000000000000094730 ) ;
#982 = LINE ( 'NONE', #3279, #2542 ) ;
#983 = AXIS2_PLACEMENT_3D ( 'NONE', #3977, #3264, #5134 ) ;
#984 = ORIENTED_EDGE ( 'NONE', *, *, #7658, .F. ) ;
#985 = ADVANCED_FACE ( 'NONE', ( #614 ), #6163, .F. ) ;
#986 = DIRECTION ( 'NONE',  ( 0.9396926207859080948, 0.0000000000000000000, -0.3420201433256695456 ) ) ;
#987 = ORIENTED_EDGE ( 'NONE', *, *, #840, .F. ) ;
#988 = CARTESIAN_POINT ( 'NONE',  ( 1.975934937620615894, -0.05000000000000000278, -0.09999999999999974187 ) ) ;
#989 = DIRECTION ( 'NONE',  ( -0.0000000000000000000, 1.000000000000000000, -0.0000000000000000000 ) ) ;
#990 = CARTESIAN_POINT ( 'NONE',  ( 0.2942664688103074355, 0.0000000000000000000, -0.01574999999999998623 ) ) ;
#991 = DIRECTION ( 'NONE',  ( 0.3420201433256720991, 0.0000000000000000000, -0.9396926207859070956 ) ) ;
#992 = EDGE_CURVE ( 'NONE', #2100, #6257, #5456, .T. ) ;
#993 = VECTOR ( 'NONE', #4431, 39.37007874015748143 ) ;
#994 = ORIENTED_EDGE ( 'NONE', *, *, #4347, .F. ) ;
#996 = EDGE_CURVE ( 'NONE', #5453, #7410, #1843, .T. ) ;
#995 = ORIENTED_EDGE ( 'NONE', *, *, #4385, .T. ) ;
#997 = CARTESIAN_POINT ( 'NONE',  ( -0.005732531189692643449, 0.0000000000000000000, -0.08424999999999989442 ) ) ;
#998 = ORIENTED_EDGE ( 'NONE', *, *, #2723, .F. ) ;
#999 = FACE_BOUND ( 'NONE', #7618, .T. ) ;
#1000 = CARTESIAN_POINT ( 'NONE',  ( 0.2379674688103073643, 0.0000000000000000000, -0.05000000000000019013 ) ) ;
#1001 = CARTESIAN_POINT ( 'NONE',  ( 1.081668468810307537, -0.1100000000000000006, -0.01574999999999998623 ) ) ;
#1002 = VECTOR ( 'NONE', #6756, 39.37007874015748143 ) ;
#1003 =( LENGTH_UNIT ( ) NAMED_UNIT ( * ) SI_UNIT ( $, .METRE. ) );
#1004 = ORIENTED_EDGE ( 'NONE', *, *, #799, .T. ) ;
#1005 = AXIS2_PLACEMENT_3D ( 'NONE', #1583, #2610, #1541 ) ;
#1007 = EDGE_CURVE ( 'NONE', #5252, #7009, #1954, .T. ) ;
#1006 = VERTEX_POINT ( 'NONE', #7387 ) ;
#1008 = CARTESIAN_POINT ( 'NONE',  ( 1.381668468810307360, -0.1100000000000000006, -0.08424999999999954747 ) ) ;
#1009 = VERTEX_POINT ( 'NONE', #3108 ) ;
#1010 = DIRECTION ( 'NONE',  ( 0.9396926207859100932, 0.0000000000000000000, 0.3420201433256638834 ) ) ;
#1011 = FACE_OUTER_BOUND ( 'NONE', #5002, .T. ) ;
#1012 = FACE_OUTER_BOUND ( 'NONE', #5439, .T. ) ;
#1013 = CARTESIAN_POINT ( 'NONE',  ( 1.475935937620614702, -0.1100000000000000006, -9.478001694819074349E-34 ) ) ;
#1014 = ORIENTED_EDGE ( 'NONE', *, *, #307, .F. ) ;
#1015 = CARTESIAN_POINT ( 'NONE',  ( 0.0000000000000000000, -0.05000000000000000278, 0.0000000000000000000 ) ) ;
#1016 = DIRECTION ( 'NONE',  ( -1.000000000000000000, 0.0000000000000000000, -7.776898252968647801E-17 ) ) ;
#1017 = ORIENTED_EDGE ( 'NONE', *, *, #7415, .T. ) ;
#1018 = CARTESIAN_POINT ( 'NONE',  ( 1.094266468810307424, 0.0000000000000000000, -0.08424999999999957523 ) ) ;
#1019 = ORIENTED_EDGE ( 'NONE', *, *, #2038, .T. ) ;
#1020 = DIRECTION ( 'NONE',  ( 0.0000000000000000000, 0.0000000000000000000, 1.000000000000000000 ) ) ;
#1021 = LINE ( 'NONE', #3595, #4832 ) ;
#1022 = VECTOR ( 'NONE', #4478, 39.37007874015748143 ) ;
#1023 = EDGE_CURVE ( 'NONE', #972, #2719, #1246, .T. ) ;
#1024 = EDGE_CURVE ( 'NONE', #5576, #5359, #3773, .T. ) ;
#1025 = VERTEX_POINT ( 'NONE', #2585 ) ;
#1026 = VECTOR ( 'NONE', #4079, 39.37007874015748143 ) ;
#1027 = CIRCLE ( 'NONE', #5332, 0.009000000000000915254 ) ;
#1028 = DIRECTION ( 'NONE',  ( 0.3420201433256663259, 0.0000000000000000000, 0.9396926207859092051 ) ) ;
#1029 = VERTEX_POINT ( 'NONE', #7421 ) ;
#1030 = PLANE ( 'NONE',  #5810 ) ;
#1031 = CARTESIAN_POINT ( 'NONE',  ( 1.937967468810307459, -0.05000000000000000278, -0.05000000000000019013 ) ) ;
#1032 = DIRECTION ( 'NONE',  ( 0.0000000000000000000, 0.0000000000000000000, 1.000000000000000000 ) ) ;
#1033 = CIRCLE ( 'NONE', #6223, 0.02855000000000052288 ) ;
#1034 = VECTOR ( 'NONE', #4648, 39.37007874015748143 ) ;
#1035 = EDGE_CURVE ( 'NONE', #5895, #7716, #7195, .T. ) ;
#1036 = ORIENTED_EDGE ( 'NONE', *, *, #3256, .F. ) ;
#1037 = ORIENTED_EDGE ( 'NONE', *, *, #892, .T. ) ;
#1038 = CIRCLE ( 'NONE', #5088, 0.02855000000000052288 ) ;
#1039 = FACE_BOUND ( 'NONE', #4708, .T. ) ;
#1040 = EDGE_LOOP ( 'NONE', ( #975, #4731, #7126, #7649 ) ) ;
#1041 = CARTESIAN_POINT ( 'NONE',  ( 0.0000000000000000000, -0.05000000000000000278, 0.0000000000000000000 ) ) ;
#1042 = CARTESIAN_POINT ( 'NONE',  ( 1.975934937620615894, 0.0000000000000000000, -0.09999999999999974187 ) ) ;
#1043 = CARTESIAN_POINT ( 'NONE',  ( 1.594266468810307424, -0.1100000000000000006, -0.08424999999999957523 ) ) ;
#1044 = CARTESIAN_POINT ( 'NONE',  ( 1.437967468810307903, 0.1460000000000002129, -0.05000000000000016931 ) ) ;
#1045 = EDGE_CURVE ( 'NONE', #1245, #611, #1392, .T. ) ;
#1046 = AXIS2_PLACEMENT_3D ( 'NONE', #2671, #5731, #3934 ) ;
#1047 = CARTESIAN_POINT ( 'NONE',  ( 1.337967468810307370, 0.0000000000000000000, -0.02144999999999966725 ) ) ;
#1048 = ORIENTED_EDGE ( 'NONE', *, *, #2774, .F. ) ;
#1049 = ORIENTED_EDGE ( 'NONE', *, *, #1612, .F. ) ;
#1050 = CARTESIAN_POINT ( 'NONE',  ( 0.08166846881030738470, -0.1100000000000000006, -0.01574999999999998623 ) ) ;
#1051 = ORIENTED_EDGE ( 'NONE', *, *, #6042, .F. ) ;
#1052 = CYLINDRICAL_SURFACE ( 'NONE', #4788, 0.02855000000000052635 ) ;
#1053 = CYLINDRICAL_SURFACE ( 'NONE', #1565, 0.02855000000000052635 ) ;
#1054 = AXIS2_PLACEMENT_3D ( 'NONE', #3068, #3739, #7454 ) ;
#1055 = CARTESIAN_POINT ( 'NONE',  ( 0.2942664688103074355, -0.05000000000000000278, -0.08424999999999957523 ) ) ;
#1056 = CARTESIAN_POINT ( 'NONE',  ( 1.594266468810307424, -0.05000000000000000278, -0.08424999999999957523 ) ) ;
#1057 = ADVANCED_FACE ( 'NONE', ( #3224 ), #6310, .F. ) ;
#1058 = VECTOR ( 'NONE', #7287, 39.37007874015748143 ) ;
#1059 = ORIENTED_EDGE ( 'NONE', *, *, #6652, .F. ) ;
#1060 = DIRECTION ( 'NONE',  ( -0.0000000000000000000, 1.000000000000000000, -0.0000000000000000000 ) ) ;
#1061 = CARTESIAN_POINT ( 'NONE',  ( 0.4942664688103074466, 0.0000000000000000000, -0.01574999999999998623 ) ) ;
#1062 = VERTEX_POINT ( 'NONE', #5647 ) ;
#1063 = CARTESIAN_POINT ( 'NONE',  ( 1.381668468810307360, -0.05000000000000000278, -0.08424999999999954747 ) ) ;
#1064 = VERTEX_POINT ( 'NONE', #2703 ) ;
#1065 = CARTESIAN_POINT ( 'NONE',  ( 1.199999000000000260, 0.0000000000000000000, -0.09999999999999989453 ) ) ;
#1066 = CARTESIAN_POINT ( 'NONE',  ( 0.3000000000000022649, -6.728067542537235553E-16, 0.0000000000000000000 ) ) ;
#1067 = AXIS2_PLACEMENT_3D ( 'NONE', #3267, #7247, #5094 ) ;
#1068 = ORIENTED_EDGE ( 'NONE', *, *, #1297, .F. ) ;
#1069 = VECTOR ( 'NONE', #5857, 39.37007874015748143 ) ;
#1070 = CARTESIAN_POINT ( 'NONE',  ( 0.1759359376206146575, 0.0000000000000000000, -9.478001694819074349E-34 ) ) ;
#1071 = ORIENTED_EDGE ( 'NONE', *, *, #1297, .T. ) ;
#1072 = LINE ( 'NONE', #7682, #1625 ) ;
#1073 = DIRECTION ( 'NONE',  ( -1.000000000000000000, -0.0000000000000000000, -0.0000000000000000000 ) ) ;
#1074 = LINE ( 'NONE', #5237, #2545 ) ;
#1075 = CARTESIAN_POINT ( 'NONE',  ( 0.1942664688103074300, 0.0000000000000000000, -0.01574999999999998623 ) ) ;
#1076 = ORIENTED_EDGE ( 'NONE', *, *, #2915, .T. ) ;
#1077 = ORIENTED_EDGE ( 'NONE', *, *, #7159, .T. ) ;
#1078 = ORIENTED_EDGE ( 'NONE', *, *, #2281, .T. ) ;
#1080 = ADVANCED_FACE ( 'NONE', ( #202 ), #4279, .T. ) ;
#1079 = CARTESIAN_POINT ( 'NONE',  ( 1.681668468810307404, -0.1100000000000000006, -0.01574999999999998623 ) ) ;
#1081 = EDGE_CURVE ( 'NONE', #5252, #1291, #5126, .T. ) ;
#1082 = DIRECTION ( 'NONE',  ( 0.0000000000000000000, 0.0000000000000000000, 1.000000000000000000 ) ) ;
#1083 = CARTESIAN_POINT ( 'NONE',  ( 0.8379674688103073699, 3.673940397442060153E-19, -0.07855000000000071647 ) ) ;
#1084 = DIRECTION ( 'NONE',  ( 0.0000000000000000000, 0.0000000000000000000, 1.000000000000000000 ) ) ;
#1085 = FACE_BOUND ( 'NONE', #2409, .T. ) ;
#1086 = ORIENTED_EDGE ( 'NONE', *, *, #7763, .F. ) ;
#1087 = ORIENTED_EDGE ( 'NONE', *, *, #4642, .T. ) ;
#1088 = ORIENTED_EDGE ( 'NONE', *, *, #6167, .T. ) ;
#1089 = DIRECTION ( 'NONE',  ( -0.0000000000000000000, 1.000000000000000000, -0.0000000000000000000 ) ) ;
#1090 = EDGE_CURVE ( 'NONE', #6784, #6390, #2620, .T. ) ;
#1091 = PRESENTATION_STYLE_ASSIGNMENT (( #7272 ) ) ;
#1092 = PRODUCT_DEFINITION_SHAPE ( 'NONE', 'NONE',  #7842 ) ;
#1093 = CARTESIAN_POINT ( 'NONE',  ( -0.03066449223692698303, -0.05000000000000000278, -0.01574999999999998623 ) ) ;
#1094 = EDGE_LOOP ( 'NONE', ( #771, #52, #7699, #1527 ) ) ;
#1095 = CARTESIAN_POINT ( 'NONE',  ( 0.0000000000000000000, 0.0000000000000000000, 0.0000000000000000000 ) ) ;
#1096 = DIRECTION ( 'NONE',  ( 0.0000000000000000000, 0.0000000000000000000, 1.000000000000000000 ) ) ;
#1097 = ORIENTED_EDGE ( 'NONE', *, *, #1035, .F. ) ;
#1098 = DIRECTION ( 'NONE',  ( -1.000000000000000000, 0.0000000000000000000, -7.776898252968647801E-17 ) ) ;
#1099 = EDGE_CURVE ( 'NONE', #1466, #4171, #5041, .T. ) ;
#1100 = VERTEX_POINT ( 'NONE', #3372 ) ;
#1101 = CARTESIAN_POINT ( 'NONE',  ( 0.3379674688103073699, 0.0000000000000000000, -0.07855000000000071647 ) ) ;
#1102 = DIRECTION ( 'NONE',  ( 1.000000000000000000, 0.0000000000000000000, -1.355298456929802892E-15 ) ) ;
#1103 = ORIENTED_EDGE ( 'NONE', *, *, #193, .F. ) ;
#1104 = CIRCLE ( 'NONE', #1240, 0.02855000000000052288 ) ;
#1105 = EDGE_CURVE ( 'NONE', #641, #972, #1549, .T. ) ;
#1106 = FACE_OUTER_BOUND ( 'NONE', #433, .T. ) ;
#1107 = ORIENTED_EDGE ( 'NONE', *, *, #7678, .F. ) ;
#1108 = CARTESIAN_POINT ( 'NONE',  ( 0.1460000000000004350, 0.0000000000000000000, 0.0000000000000000000 ) ) ;
#1109 = CARTESIAN_POINT ( 'NONE',  ( 0.7942664688103074910, -0.05000000000000000278, -0.01574999999999998623 ) ) ;
#1110 = CARTESIAN_POINT ( 'NONE',  ( 1.581668468810307315, -0.05000000000000000278, -0.01574999999999998623 ) ) ;
#1111 = CARTESIAN_POINT ( 'NONE',  ( 0.7942664688103074910, 0.0000000000000000000, -0.08424999999999957523 ) ) ;
#1112 = AXIS2_PLACEMENT_3D ( 'NONE', #6209, #775, #2482 ) ;
#1113 = ORIENTED_EDGE ( 'NONE', *, *, #4366, .F. ) ;
#1114 = VECTOR ( 'NONE', #6752, 39.37007874015748143 ) ;
#1115 = ORIENTED_EDGE ( 'NONE', *, *, #3171, .F. ) ;
#1116 = FACE_BOUND ( 'NONE', #6565, .T. ) ;
#1117 = ORIENTED_EDGE ( 'NONE', *, *, #394, .T. ) ;
#1118 = DIRECTION ( 'NONE',  ( -0.0000000000000000000, 1.000000000000000000, -0.0000000000000000000 ) ) ;
#1119 = DIRECTION ( 'NONE',  ( 0.0000000000000000000, 0.0000000000000000000, 1.000000000000000000 ) ) ;
#1120 = EDGE_LOOP ( 'NONE', ( #4757, #7305, #7610, #1115 ) ) ;
#1121 = DIRECTION ( 'NONE',  ( 0.0000000000000000000, 0.0000000000000000000, 1.000000000000000000 ) ) ;
#1122 = AXIS2_PLACEMENT_3D ( 'NONE', #5317, #6542, #4760 ) ;
#1124 = EDGE_CURVE ( 'NONE', #1887, #6374, #2740, .T. ) ;
#1123 = CARTESIAN_POINT ( 'NONE',  ( 0.5942664688103074244, -0.1100000000000000006, -0.01574999999999998623 ) ) ;
#1125 = EDGE_CURVE ( 'NONE', #5987, #4663, #7456, .T. ) ;
#1126 = ORIENTED_EDGE ( 'NONE', *, *, #3229, .F. ) ;
#1127 = ORIENTED_EDGE ( 'NONE', *, *, #992, .F. ) ;
#1128 = DIRECTION ( 'NONE',  ( -0.3420201433256638834, 0.0000000000000000000, 0.9396926207859100932 ) ) ;
#1129 = ORIENTED_EDGE ( 'NONE', *, *, #6455, .T. ) ;
#1130 = DIRECTION ( 'NONE',  ( 1.000000000000000000, 0.0000000000000000000, -1.355298456929802892E-15 ) ) ;
#1131 = AXIS2_PLACEMENT_3D ( 'NONE', #3743, #6714, #1287 ) ;
#1132 =( CONVERSION_BASED_UNIT ( 'INCH', #2991 ) LENGTH_UNIT ( ) NAMED_UNIT ( #304 ) );
#1133 = CARTESIAN_POINT ( 'NONE',  ( 0.0000000000000000000, 0.0000000000000000000, 0.0000000000000000000 ) ) ;
#1134 = AXIS2_PLACEMENT_3D ( 'NONE', #4210, #2948, #6518 ) ;
#1135 = EDGE_CURVE ( 'NONE', #2745, #6459, #5162, .T. ) ;
#1136 = ORIENTED_EDGE ( 'NONE', *, *, #3387, .T. ) ;
#1137 = CARTESIAN_POINT ( 'NONE',  ( 1.681668468810307404, -0.1100000000000000006, -0.01574999999999998623 ) ) ;
#1138 = EDGE_LOOP ( 'NONE', ( #6612, #3509, #3173, #455 ) ) ;
#1139 = DIRECTION ( 'NONE',  ( 1.000000000000000000, 0.0000000000000000000, 0.0000000000000000000 ) ) ;
#1140 = LINE ( 'NONE', #2963, #4933 ) ;
#1141 = CARTESIAN_POINT ( 'NONE',  ( 0.6379674688103074143, 0.0000000000000000000, -0.07855000000000071647 ) ) ;
#1142 = EDGE_CURVE ( 'NONE', #4387, #1536, #6061, .T. ) ;
#1143 = ORIENTED_EDGE ( 'NONE', *, *, #2383, .T. ) ;
#1144 = CARTESIAN_POINT ( 'NONE',  ( 0.1999990000000001211, 0.0000000000000000000, 0.0000000000000000000 ) ) ;
#1145 = VECTOR ( 'NONE', #325, 39.37007874015748143 ) ;
#1146 = ORIENTED_EDGE ( 'NONE', *, *, #3051, .T. ) ;
#1147 = CARTESIAN_POINT ( 'NONE',  ( 0.5942664688103074244, -0.1100000000000000006, -0.08424999999999957523 ) ) ;
#1148 = LINE ( 'NONE', #7138, #5983 ) ;
#1149 = DIRECTION ( 'NONE',  ( 1.000000000000000000, 0.0000000000000000000, 0.0000000000000000000 ) ) ;
#1150 = EDGE_CURVE ( 'NONE', #5022, #6642, #3848, .T. ) ;
#1151 = AXIS2_PLACEMENT_3D ( 'NONE', #5117, #4514, #7644 ) ;
#1152 = VERTEX_POINT ( 'NONE', #6274 ) ;
#1153 = ORIENTED_EDGE ( 'NONE', *, *, #2993, .F. ) ;
#1154 = CARTESIAN_POINT ( 'NONE',  ( 0.0000000000000000000, 0.0000000000000000000, 0.02599999999999999534 ) ) ;
#1155 = ORIENTED_EDGE ( 'NONE', *, *, #7612, .F. ) ;
#1156 = DIRECTION ( 'NONE',  ( 1.355298456929802892E-15, 0.0000000000000000000, 1.000000000000000000 ) ) ;
#1157 = DIRECTION ( 'NONE',  ( -1.000000000000000000, -0.0000000000000000000, -0.0000000000000000000 ) ) ;
#1158 = ORIENTED_EDGE ( 'NONE', *, *, #6287, .T. ) ;
#1159 = CARTESIAN_POINT ( 'NONE',  ( 0.2562567668404614474, -0.05000000000000000278, -0.1201807978823516004 ) ) ;
#1160 = VECTOR ( 'NONE', #5812, 39.37007874015748143 ) ;
#1161 = VECTOR ( 'NONE', #7684, 39.37007874015748854 ) ;
#1162 = DIRECTION ( 'NONE',  ( 1.000000000000000000, 0.0000000000000000000, 0.0000000000000000000 ) ) ;
#1163 = VECTOR ( 'NONE', #6610, 39.37007874015748143 ) ;
#1164 = VERTEX_POINT ( 'NONE', #7571 ) ;
#1165 = ORIENTED_EDGE ( 'NONE', *, *, #5312, .T. ) ;
#1166 = DIRECTION ( 'NONE',  ( -1.000000000000000000, -0.0000000000000000000, -0.0000000000000000000 ) ) ;
#1167 = EDGE_LOOP ( 'NONE', ( #5968, #2205, #3069, #3619 ) ) ;
#1168 = CARTESIAN_POINT ( 'NONE',  ( 1.337967468810307370, 0.0000000000000000000, -0.05000000000000019013 ) ) ;
#1169 = LINE ( 'NONE', #1844, #2939 ) ;
#1170 = ADVANCED_FACE ( 'NONE', ( #1506, #4607, #837, #323, #5202, #5762, #876, #3255, #4565, #804, #5682, #240, #2104, #3293, #5722, #2142, #6979, #2183, #7020, #999, #527 ), #484, .F. ) ;
#1171 = VECTOR ( 'NONE', #2600, 39.37007874015748143 ) ;
#1172 = ORIENTED_EDGE ( 'NONE', *, *, #666, .T. ) ;
#1173 = DIRECTION ( 'NONE',  ( -0.0000000000000000000, 1.000000000000000000, -0.0000000000000000000 ) ) ;
#1174 = VECTOR ( 'NONE', #301, 39.37007874015748143 ) ;
#1175 = LINE ( 'NONE', #1214, #4843 ) ;
#1176 = ORIENTED_EDGE ( 'NONE', *, *, #7079, .T. ) ;
#1177 = DIRECTION ( 'NONE',  ( -0.0000000000000000000, 1.000000000000000000, -0.0000000000000000000 ) ) ;
#1178 = EDGE_CURVE ( 'NONE', #1753, #2858, #4647, .T. ) ;
#1179 = EDGE_CURVE ( 'NONE', #7821, #58, #4005, .T. ) ;
#1180 = DIRECTION ( 'NONE',  ( -0.0000000000000000000, 1.000000000000000000, -0.0000000000000000000 ) ) ;
#1181 = CIRCLE ( 'NONE', #7760, 0.02200000000000174732 ) ;
#1182 = VERTEX_POINT ( 'NONE', #2945 ) ;
#1183 = VECTOR ( 'NONE', #5670, 39.37007874015748143 ) ;
#1184 = CARTESIAN_POINT ( 'NONE',  ( 1.681668468810307404, -0.1100000000000000006, -0.08424999999999954747 ) ) ;
#1185 = ORIENTED_EDGE ( 'NONE', *, *, #7343, .F. ) ;
#1186 = CARTESIAN_POINT ( 'NONE',  ( 0.7942664688103074910, -0.1100000000000000006, -0.01574999999999998623 ) ) ;
#1187 = EDGE_CURVE ( 'NONE', #958, #2833, #5923, .T. ) ;
#1188 = DIRECTION ( 'NONE',  ( -0.0000000000000000000, 1.000000000000000000, -0.0000000000000000000 ) ) ;
#1189 = DIRECTION ( 'NONE',  ( -0.3420201433256694346, -0.0000000000000000000, -0.9396926207859080948 ) ) ;
#1190 = AXIS2_PLACEMENT_3D ( 'NONE', #5376, #7783, #3500 ) ;
#1191 = ORIENTED_EDGE ( 'NONE', *, *, #2876, .F. ) ;
#1192 = DIRECTION ( 'NONE',  ( -0.3420201433256695456, 0.0000000000000000000, -0.9396926207859080948 ) ) ;
#1193 = DIRECTION ( 'NONE',  ( 0.0000000000000000000, 1.000000000000000000, 0.0000000000000000000 ) ) ;
#1194 = ORIENTED_EDGE ( 'NONE', *, *, #1631, .F. ) ;
#1195 = DIRECTION ( 'NONE',  ( -0.9659258262890678681, 0.0000000000000000000, 0.2588190451025225713 ) ) ;
#1196 = EDGE_CURVE ( 'NONE', #6675, #1152, #2382, .T. ) ;
#1197 = DIRECTION ( 'NONE',  ( -1.000000000000000000, -0.0000000000000000000, -0.0000000000000000000 ) ) ;
#1198 = ORIENTED_EDGE ( 'NONE', *, *, #4929, .F. ) ;
#1199 = VECTOR ( 'NONE', #3604, 39.37007874015748143 ) ;
#1200 = CARTESIAN_POINT ( 'NONE',  ( 1.094266468810307424, 0.0000000000000000000, -0.08424999999999957523 ) ) ;
#1201 = DIRECTION ( 'NONE',  ( 1.355298456929802892E-15, 0.0000000000000000000, 1.000000000000000000 ) ) ;
#1202 = DIRECTION ( 'NONE',  ( 0.3420201433256662704, -0.0000000000000000000, 0.9396926207859092051 ) ) ;
#1203 = AXIS2_PLACEMENT_3D ( 'NONE', #3151, #808, #3889 ) ;
#1204 = ORIENTED_EDGE ( 'NONE', *, *, #2876, .T. ) ;
#1205 = ORIENTED_EDGE ( 'NONE', *, *, #5929, .F. ) ;
#1206 = CARTESIAN_POINT ( 'NONE',  ( 1.881668468810307582, -0.1100000000000000006, -0.08424999999999954747 ) ) ;
#1207 = ORIENTED_EDGE ( 'NONE', *, *, #5115, .F. ) ;
#1208 = DIRECTION ( 'NONE',  ( -0.0000000000000000000, 1.000000000000000000, -0.0000000000000000000 ) ) ;
#1209 = EDGE_CURVE ( 'NONE', #291, #4421, #4089, .T. ) ;
#1210 = FACE_OUTER_BOUND ( 'NONE', #5931, .T. ) ;
#1211 = LENGTH_MEASURE_WITH_UNIT ( LENGTH_MEASURE( 0.02539999999999999897 ), #6131 );
#1212 = ORIENTED_EDGE ( 'NONE', *, *, #7576, .T. ) ;
#1213 = LINE ( 'NONE', #4899, #4693 ) ;
#1214 = CARTESIAN_POINT ( 'NONE',  ( 1.075935937620614791, -0.1100000000000000006, -9.478001694819074349E-34 ) ) ;
#1215 = EDGE_LOOP ( 'NONE', ( #2830, #7808, #1656, #4628 ) ) ;
#1216 = CARTESIAN_POINT ( 'NONE',  ( 1.028961290612242729, -0.05000000000000000278, 0.3699222444181136660 ) ) ;
#1217 = CARTESIAN_POINT ( 'NONE',  ( 0.009000000000000368816, 0.0000000000000000000, 0.0000000000000000000 ) ) ;
#1218 = EDGE_CURVE ( 'NONE', #7189, #2405, #568, .T. ) ;
#1219 = ORIENTED_EDGE ( 'NONE', *, *, #6042, .T. ) ;
#1220 = EDGE_CURVE ( 'NONE', #5213, #7773, #4688, .T. ) ;
#1221 = PLANE ( 'NONE',  #6253 ) ;
#1222 = ORIENTED_EDGE ( 'NONE', *, *, #7079, .F. ) ;
#1223 = CARTESIAN_POINT ( 'NONE',  ( -0.03066449223692707671, -0.05000000000000000278, -0.08424999999999736866 ) ) ;
#1224 = CARTESIAN_POINT ( 'NONE',  ( 0.1816684688103074041, 0.0000000000000000000, -0.08424999999999954747 ) ) ;
#1225 = CARTESIAN_POINT ( 'NONE',  ( 1.081668468810307537, 0.0000000000000000000, -0.01574999999999998623 ) ) ;
#1226 = EDGE_CURVE ( 'NONE', #611, #6282, #5883, .T. ) ;
#1227 = ORIENTED_EDGE ( 'NONE', *, *, #895, .T. ) ;
#1228 = CARTESIAN_POINT ( 'NONE',  ( 0.4942664688103074466, 0.0000000000000000000, -0.08424999999999957523 ) ) ;
#1229 = CARTESIAN_POINT ( 'NONE',  ( 1.375935937620614613, -0.1100000000000000006, -0.09999999999999989453 ) ) ;
#1230 = ORIENTED_EDGE ( 'NONE', *, *, #3521, .T. ) ;
#1231 = CARTESIAN_POINT ( 'NONE',  ( 0.8816684688103074707, -0.05000000000000000278, -0.01574999999999998623 ) ) ;
#1232 = AXIS2_PLACEMENT_3D ( 'NONE', #5556, #3052, #4280 ) ;
#1233 = CARTESIAN_POINT ( 'NONE',  ( 1.375935937620614613, 0.0000000000000000000, -0.09999999999999989453 ) ) ;
#1234 = ORIENTED_EDGE ( 'NONE', *, *, #2333, .T. ) ;
#1235 = DIRECTION ( 'NONE',  ( -0.9396926207859072067, 0.0000000000000000000, -0.3420201433256721546 ) ) ;
#1236 = CARTESIAN_POINT ( 'NONE',  ( 1.894266468810307691, -0.1100000000000000006, -0.01574999999999998623 ) ) ;
#1237 = CONTEXT_DEPENDENT_SHAPE_REPRESENTATION ( #233, #6336 ) ;
#1238 = EDGE_CURVE ( 'NONE', #1548, #1271, #2221, .T. ) ;
#1239 = LINE ( 'NONE', #3141, #1948 ) ;
#1240 = AXIS2_PLACEMENT_3D ( 'NONE', #3039, #2880, #7125 ) ;
#1241 = EDGE_CURVE ( 'NONE', #2436, #5688, #2820, .T. ) ;
#1242 = ORIENTED_EDGE ( 'NONE', *, *, #2665, .T. ) ;
#1243 = ORIENTED_EDGE ( 'NONE', *, *, #766, .F. ) ;
#1244 = CARTESIAN_POINT ( 'NONE',  ( 0.2342412912086994925, -0.05000000000000000278, 0.08066782005917447207 ) ) ;
#1245 = VERTEX_POINT ( 'NONE', #5246 ) ;
#1246 = LINE ( 'NONE', #3660, #1882 ) ;
#1247 = LINE ( 'NONE', #3506, #2276 ) ;
#1248 = VERTEX_POINT ( 'NONE', #2903 ) ;
#1249 = VECTOR ( 'NONE', #1118, 39.37007874015748143 ) ;
#1250 = ADVANCED_FACE ( 'NONE', ( #7653 ), #2861, .F. ) ;
#1251 = ORIENTED_EDGE ( 'NONE', *, *, #7825, .T. ) ;
#1252 = VECTOR ( 'NONE', #3724, 39.37007874015748143 ) ;
#1253 = CARTESIAN_POINT ( 'NONE',  ( 0.5999990000000001711, 0.0000000000000000000, 0.0000000000000000000 ) ) ;
#1254 = LINE ( 'NONE', #621, #6611 ) ;
#1255 = ORIENTED_EDGE ( 'NONE', *, *, #6053, .T. ) ;
#1256 = CARTESIAN_POINT ( 'NONE',  ( 0.5816684688103074263, -0.1100000000000000006, -0.01574999999999998623 ) ) ;
#1257 = CARTESIAN_POINT ( 'NONE',  ( -0.03066449223692707671, -0.05000000000000000278, -0.08424999999999817357 ) ) ;
#1258 = AXIS2_PLACEMENT_3D ( 'NONE', #2124, #6375, #2330 ) ;
#1259 = VERTEX_POINT ( 'NONE', #3573 ) ;
#1260 = AXIS2_PLACEMENT_3D ( 'NONE', #2387, #6010, #7815 ) ;
#1261 = CARTESIAN_POINT ( 'NONE',  ( 1.837967468810307370, -0.05000000000000000278, -0.05000000000000019013 ) ) ;
#1262 = ORIENTED_EDGE ( 'NONE', *, *, #4291, .F. ) ;
#1263 = CARTESIAN_POINT ( 'NONE',  ( -0.03066449223692707671, -0.05000000000000000278, -0.08424999999999722988 ) ) ;
#1264 = DIRECTION ( 'NONE',  ( -0.0000000000000000000, 1.000000000000000000, -0.0000000000000000000 ) ) ;
#1265 = ADVANCED_FACE ( 'NONE', ( #1630 ), #7734, .F. ) ;
#1266 = EDGE_CURVE ( 'NONE', #7455, #6172, #5285, .T. ) ;
#1267 = STYLED_ITEM ( 'NONE', ( #1091 ), #3427 ) ;
#1268 = VERTEX_POINT ( 'NONE', #4045 ) ;
#1269 = DIRECTION ( 'NONE',  ( 0.3420201433256720991, 0.0000000000000000000, -0.9396926207859070956 ) ) ;
#1270 = DIRECTION ( 'NONE',  ( 0.0000000000000000000, 0.0000000000000000000, 1.000000000000000000 ) ) ;
#1271 = VERTEX_POINT ( 'NONE', #4732 ) ;
#1272 = CARTESIAN_POINT ( 'NONE',  ( 0.5379674688103074365, 3.673940397442060153E-19, -0.05000000000000019013 ) ) ;
#1273 = CARTESIAN_POINT ( 'NONE',  ( 1.737967468810307281, 0.0000000000000000000, -0.02144999999999966725 ) ) ;
#1274 = DIRECTION ( 'NONE',  ( -0.0000000000000000000, 1.000000000000000000, -0.0000000000000000000 ) ) ;
#1275 = CARTESIAN_POINT ( 'NONE',  ( 0.9759359376206147019, 0.0000000000000000000, -9.478001694819074349E-34 ) ) ;
#1276 = EDGE_CURVE ( 'NONE', #5678, #3674, #7146, .T. ) ;
#1277 = ITEM_DEFINED_TRANSFORMATION ( 'NONE', 'NONE', #3350,  #3340 ) ;
#1278 = LINE ( 'NONE', #5068, #7392 ) ;
#1279 = ORIENTED_EDGE ( 'NONE', *, *, #1577, .T. ) ;
#1280 = ORIENTED_EDGE ( 'NONE', *, *, #6149, .F. ) ;
#1281 = VECTOR ( 'NONE', #5824, 39.37007874015748854 ) ;
#1282 = DIRECTION ( 'NONE',  ( 0.3420201433256663259, 0.0000000000000000000, 0.9396926207859092051 ) ) ;
#1283 = ORIENTED_EDGE ( 'NONE', *, *, #1099, .T. ) ;
#1284 = DIRECTION ( 'NONE',  ( -0.0000000000000000000, 1.000000000000000000, -0.0000000000000000000 ) ) ;
#1285 = CARTESIAN_POINT ( 'NONE',  ( 1.894266468810307691, 0.0000000000000000000, -0.01574999999999998623 ) ) ;
#1286 = ORIENTED_EDGE ( 'NONE', *, *, #739, .F. ) ;
#1287 = DIRECTION ( 'NONE',  ( 0.0000000000000000000, 0.0000000000000000000, 1.000000000000000000 ) ) ;
#1288 = EDGE_CURVE ( 'NONE', #5133, #6270, #4770, .T. ) ;
#1289 = VECTOR ( 'NONE', #3482, 39.37007874015748854 ) ;
#1290 = CIRCLE ( 'NONE', #5473, 0.009000000000000094730 ) ;
#1291 = VERTEX_POINT ( 'NONE', #4169 ) ;
#1292 = CARTESIAN_POINT ( 'NONE',  ( 1.837967468810307370, -0.05000000000000000278, -0.02144999999999967072 ) ) ;
#1293 = CARTESIAN_POINT ( 'NONE',  ( 0.1379674688103073310, 0.0000000000000000000, -0.02144999999999966725 ) ) ;
#1294 = EDGE_LOOP ( 'NONE', ( #1413, #7273, #3292, #1205 ) ) ;
#1295 = CARTESIAN_POINT ( 'NONE',  ( 0.6094656554642567947, -0.05000000000000000278, -0.2487383198196597145 ) ) ;
#1296 = VECTOR ( 'NONE', #1016, 39.37007874015748143 ) ;
#1297 = EDGE_CURVE ( 'NONE', #6575, #4451, #5966, .T. ) ;
#1298 = DIRECTION ( 'NONE',  ( -0.0000000000000000000, 1.000000000000000000, -0.0000000000000000000 ) ) ;
#1299 = VECTOR ( 'NONE', #6644, 39.37007874015748143 ) ;
#1300 = ORIENTED_EDGE ( 'NONE', *, *, #1179, .F. ) ;
#1301 = FACE_OUTER_BOUND ( 'NONE', #2435, .T. ) ;
#1302 = PLANE ( 'NONE',  #3464 ) ;
#1303 = VERTEX_POINT ( 'NONE', #6625 ) ;
#1304 = DIRECTION ( 'NONE',  ( -0.9396926207859093161, 0.0000000000000000000, 0.3420201433256663814 ) ) ;
#1305 = DIRECTION ( 'NONE',  ( -1.000000000000000000, 0.0000000000000000000, -0.0000000000000000000 ) ) ;
#1306 = COLOUR_RGB ( '',1.000000000000000000, 0.8039215686274510109, 0.4941176470588235503 ) ;
#1307 = AXIS2_PLACEMENT_3D ( 'NONE', #6697, #1940, #1270 ) ;
#1308 = ORIENTED_EDGE ( 'NONE', *, *, #659, .T. ) ;
#1309 = CARTESIAN_POINT ( 'NONE',  ( 0.09999900000000011557, 0.0000000000000000000, 0.0000000000000000000 ) ) ;
#1310 = CARTESIAN_POINT ( 'NONE',  ( 0.8759359376206147241, -0.1100000000000000006, -9.478001694819074349E-34 ) ) ;
#1311 = EDGE_LOOP ( 'NONE', ( #3356, #6718, #40, #5038 ) ) ;
#1312 = FACE_OUTER_BOUND ( 'NONE', #544, .T. ) ;
#1313 = PLANE ( 'NONE',  #645 ) ;
#1314 = DIRECTION ( 'NONE',  ( -1.000000000000000000, 0.0000000000000000000, -7.776898252968647801E-17 ) ) ;
#1315 = DIRECTION ( 'NONE',  ( 7.776898252968646568E-17, 0.0000000000000000000, -1.000000000000000000 ) ) ;
#1316 = AXIS2_PLACEMENT_3D ( 'NONE', #5491, #2471, #4472 ) ;
#1317 = LINE ( 'NONE', #687, #936 ) ;
#1318 = EDGE_CURVE ( 'NONE', #2971, #6995, #7335, .T. ) ;
#1319 = ORIENTED_EDGE ( 'NONE', *, *, #4613, .F. ) ;
#1320 = ADVANCED_FACE ( 'NONE', ( #4921 ), #4283, .T. ) ;
#1321 = ORIENTED_EDGE ( 'NONE', *, *, #6287, .F. ) ;
#1322 = CARTESIAN_POINT ( 'NONE',  ( 1.375935937620614613, 0.0000000000000000000, -9.478001694819074349E-34 ) ) ;
#1323 = ORIENTED_EDGE ( 'NONE', *, *, #7321, .F. ) ;
#1324 = FACE_OUTER_BOUND ( 'NONE', #3942, .T. ) ;
#1325 = DIRECTION ( 'NONE',  ( -0.0000000000000000000, 1.000000000000000000, -0.0000000000000000000 ) ) ;
#1326 = CYLINDRICAL_SURFACE ( 'NONE', #1131, 0.02855000000000052635 ) ;
#1327 =( LENGTH_UNIT ( ) NAMED_UNIT ( * ) SI_UNIT ( $, .METRE. ) );
#1328 = AXIS2_PLACEMENT_3D ( 'NONE', #5045, #731, #6905 ) ;
#1329 = ORIENTED_EDGE ( 'NONE', *, *, #596, .F. ) ;
#1330 = EDGE_CURVE ( 'NONE', #1985, #4564, #860, .T. ) ;
#1331 = DIRECTION ( 'NONE',  ( 0.0000000000000000000, 0.0000000000000000000, 1.000000000000000000 ) ) ;
#1332 = LINE ( 'NONE', #5013, #546 ) ;
#1333 = ORIENTED_EDGE ( 'NONE', *, *, #5167, .F. ) ;
#1334 = LINE ( 'NONE', #6250, #1480 ) ;
#1335 = DIRECTION ( 'NONE',  ( 0.9396926207859080948, 0.0000000000000000000, -0.3420201433256695456 ) ) ;
#1336 = ORIENTED_EDGE ( 'NONE', *, *, #6801, .T. ) ;
#1337 = EDGE_CURVE ( 'NONE', #58, #5122, #6075, .T. ) ;
#1338 = FACE_OUTER_BOUND ( 'NONE', #5908, .T. ) ;
#1339 = EDGE_LOOP ( 'NONE', ( #4521, #7648, #3880, #5607 ) ) ;
#1340 = CARTESIAN_POINT ( 'NONE',  ( 0.4999990000000001378, -0.05000000000000000278, 0.0000000000000000000 ) ) ;
#1341 = DIRECTION ( 'NONE',  ( -1.000000000000000000, -0.0000000000000000000, -0.0000000000000000000 ) ) ;
#1342 = ADVANCED_FACE ( 'NONE', ( #4324 ), #719, .F. ) ;
#1343 = ORIENTED_EDGE ( 'NONE', *, *, #4259, .T. ) ;
#1344 = FACE_OUTER_BOUND ( 'NONE', #3496, .T. ) ;
#1345 = CARTESIAN_POINT ( 'NONE',  ( 1.975934937620615894, -0.05000000000000000278, -0.09999999999999974187 ) ) ;
#1346 = ORIENTED_EDGE ( 'NONE', *, *, #4589, .F. ) ;
#1347 = LINE ( 'NONE', #4284, #6591 ) ;
#1348 = DIRECTION ( 'NONE',  ( 0.3420201433256639389, 0.0000000000000000000, -0.9396926207859100932 ) ) ;
#1349 = DIRECTION ( 'NONE',  ( 0.0000000000000000000, 0.0000000000000000000, 1.000000000000000000 ) ) ;
#1350 = EDGE_LOOP ( 'NONE', ( #1086, #1531 ) ) ;
#1351 = ORIENTED_EDGE ( 'NONE', *, *, #3093, .T. ) ;
#1352 = CARTESIAN_POINT ( 'NONE',  ( 0.1816684688103074041, 0.0000000000000000000, -0.08424999999999954747 ) ) ;
#1353 = ORIENTED_EDGE ( 'NONE', *, *, #924, .F. ) ;
#1354 = CARTESIAN_POINT ( 'NONE',  ( 0.9816684688103075596, -0.1100000000000000006, -0.08424999999999954747 ) ) ;
#1355 = LINE ( 'NONE', #4971, #5353 ) ;
#1356 = DIRECTION ( 'NONE',  ( -0.3420201433256720991, 0.0000000000000000000, 0.9396926207859070956 ) ) ;
#1357 = DIRECTION ( 'NONE',  ( -3.491481338843133355E-15, -1.000000000000000000, 0.0000000000000000000 ) ) ;
#1358 = EDGE_CURVE ( 'NONE', #4414, #3819, #3388, .T. ) ;
#1359 = ADVANCED_FACE ( 'NONE', ( #1312 ), #3686, .T. ) ;
#1360 = VECTOR ( 'NONE', #2790, 39.37007874015748143 ) ;
#1361 = VERTEX_POINT ( 'NONE', #2466 ) ;
#1362 = CARTESIAN_POINT ( 'NONE',  ( 0.0000000000000000000, -0.05000000000000000278, 0.0000000000000000000 ) ) ;
#1363 = LINE ( 'NONE', #4413, #2442 ) ;
#1364 = VERTEX_POINT ( 'NONE', #1231 ) ;
#1365 = DIRECTION ( 'NONE',  ( -0.0000000000000000000, 1.000000000000000000, -0.0000000000000000000 ) ) ;
#1366 = VECTOR ( 'NONE', #5533, 39.37007874015748854 ) ;
#1367 = DIRECTION ( 'NONE',  ( -0.0000000000000000000, 1.000000000000000000, -0.0000000000000000000 ) ) ;
#1368 = CARTESIAN_POINT ( 'NONE',  ( 1.181668468810307626, -0.1100000000000000006, -0.08424999999999954747 ) ) ;
#1369 = EDGE_CURVE ( 'NONE', #7730, #6172, #3730, .T. ) ;
#1370 = AXIS2_PLACEMENT_3D ( 'NONE', #7643, #4078, #2810 ) ;
#1371 = ORIENTED_EDGE ( 'NONE', *, *, #2689, .F. ) ;
#1372 = CARTESIAN_POINT ( 'NONE',  ( 0.1816684688103074041, -0.1100000000000000006, -0.01574999999999998623 ) ) ;
#1373 = EDGE_LOOP ( 'NONE', ( #7596, #5686, #4055, #1881 ) ) ;
#1374 = CARTESIAN_POINT ( 'NONE',  ( 1.437967468810307237, 3.673940397442060153E-19, -0.05000000000000019013 ) ) ;
#1375 = VECTOR ( 'NONE', #3790, 39.37007874015748143 ) ;
#1376 = LINE ( 'NONE', #3792, #1658 ) ;
#1377 = EDGE_CURVE ( 'NONE', #3532, #5690, #6114, .T. ) ;
#1378 = EDGE_CURVE ( 'NONE', #3718, #5220, #7296, .T. ) ;
#1379 = VECTOR ( 'NONE', #3258, 39.37007874015748143 ) ;
#1380 = DIRECTION ( 'NONE',  ( 0.0000000000000000000, 0.0000000000000000000, 1.000000000000000000 ) ) ;
#1381 = CARTESIAN_POINT ( 'NONE',  ( 1.050976766244001048, -0.05000000000000000278, -0.4094352222412948605 ) ) ;
#1382 = VERTEX_POINT ( 'NONE', #5485 ) ;
#1383 = DIRECTION ( 'NONE',  ( -0.3420201433256720991, 0.0000000000000000000, 0.9396926207859070956 ) ) ;
#1384 = DIRECTION ( 'NONE',  ( -0.0000000000000000000, 1.000000000000000000, -0.0000000000000000000 ) ) ;
#1385 = CARTESIAN_POINT ( 'NONE',  ( 1.637967468810307414, -0.05000000000000000278, -0.05000000000000019013 ) ) ;
#1386 = CARTESIAN_POINT ( 'NONE',  ( 0.09426646881030741054, 0.0000000000000000000, -0.01574999999999998623 ) ) ;
#1387 = ADVANCED_FACE ( 'NONE', ( #155 ), #602, .T. ) ;
#1388 = VERTEX_POINT ( 'NONE', #1942 ) ;
#1389 = VERTEX_POINT ( 'NONE', #6777 ) ;
#1390 = PLANE ( 'NONE',  #1054 ) ;
#1391 = ORIENTED_EDGE ( 'NONE', *, *, #3247, .T. ) ;
#1392 = LINE ( 'NONE', #5799, #1747 ) ;
#1393 = DIRECTION ( 'NONE',  ( 0.0000000000000000000, 0.0000000000000000000, 1.000000000000000000 ) ) ;
#1394 = LINE ( 'NONE', #5043, #3400 ) ;
#1395 = CIRCLE ( 'NONE', #6838, 0.02800000000000090264 ) ;
#1396 = CARTESIAN_POINT ( 'NONE',  ( 0.8379674688103079250, 0.1460000000000002129, -0.05000000000000016931 ) ) ;
#1397 = VECTOR ( 'NONE', #5147, 39.37007874015748143 ) ;
#1398 = CIRCLE ( 'NONE', #2418, 0.02855000000000052982 ) ;
#1399 = ORIENTED_EDGE ( 'NONE', *, *, #1929, .T. ) ;
#1400 = EDGE_LOOP ( 'NONE', ( #2227, #3302, #1300, #6317 ) ) ;
#1401 = CARTESIAN_POINT ( 'NONE',  ( 1.694266468810307513, 0.0000000000000000000, -0.01574999999999998623 ) ) ;
#1402 = ORIENTED_EDGE ( 'NONE', *, *, #6693, .T. ) ;
#1403 = DIRECTION ( 'NONE',  ( -0.0000000000000000000, 1.000000000000000000, -0.0000000000000000000 ) ) ;
#1404 = EDGE_CURVE ( 'NONE', #6306, #7044, #3055, .T. ) ;
#1405 = FACE_OUTER_BOUND ( 'NONE', #6793, .T. ) ;
#1406 = LINE ( 'NONE', #1482, #7517 ) ;
#1407 = VECTOR ( 'NONE', #2408, 39.37007874015748143 ) ;
#1408 = ORIENTED_EDGE ( 'NONE', *, *, #1909, .F. ) ;
#1409 = VECTOR ( 'NONE', #6629, 39.37007874015748143 ) ;
#1410 = CARTESIAN_POINT ( 'NONE',  ( 0.1710000000000004572, 0.02800000000000090264, 0.0000000000000000000 ) ) ;
#1411 = EDGE_CURVE ( 'NONE', #3461, #3494, #756, .T. ) ;
#1412 = EDGE_CURVE ( 'NONE', #6288, #6459, #1866, .T. ) ;
#1413 = ORIENTED_EDGE ( 'NONE', *, *, #7024, .T. ) ;
#1414 = DIRECTION ( 'NONE',  ( -0.0000000000000000000, 1.000000000000000000, -0.0000000000000000000 ) ) ;
#1415 = CARTESIAN_POINT ( 'NONE',  ( 0.5379674688103074365, 3.673940397442060153E-19, -0.07855000000000071647 ) ) ;
#1416 = VECTOR ( 'NONE', #5818, 39.37007874015748143 ) ;
#1417 = EDGE_CURVE ( 'NONE', #4959, #7663, #5598, .T. ) ;
#1418 = VECTOR ( 'NONE', #2779, 39.37007874015748143 ) ;
#1419 = PLANE ( 'NONE',  #6247 ) ;
#1420 = ORIENTED_EDGE ( 'NONE', *, *, #4023, .F. ) ;
#1421 = PLANE ( 'NONE',  #1492 ) ;
#1422 = CARTESIAN_POINT ( 'NONE',  ( 0.0000000000000000000, 0.0000000000000000000, 0.0000000000000000000 ) ) ;
#1423 = DIRECTION ( 'NONE',  ( 0.0000000000000000000, 0.0000000000000000000, 1.000000000000000000 ) ) ;
#1424 = LINE ( 'NONE', #7338, #543 ) ;
#1425 = AXIS2_PLACEMENT_3D ( 'NONE', #7721, #5954, #514 ) ;
#1426 = ORIENTED_EDGE ( 'NONE', *, *, #430, .T. ) ;
#1428 = EDGE_CURVE ( 'NONE', #5678, #291, #7259, .T. ) ;
#1427 = ORIENTED_EDGE ( 'NONE', *, *, #6849, .T. ) ;
#1429 = CARTESIAN_POINT ( 'NONE',  ( 0.1816684688103074041, -0.05000000000000000278, -0.08424999999999954747 ) ) ;
#1430 = VERTEX_POINT ( 'NONE', #3212 ) ;
#1431 = DIRECTION ( 'NONE',  ( -1.000000000000000000, -0.0000000000000000000, -0.0000000000000000000 ) ) ;
#1432 = CARTESIAN_POINT ( 'NONE',  ( 0.9999990000000001933, -0.1100000000000000006, 0.0000000000000000000 ) ) ;
#1433 = AXIS2_PLACEMENT_3D ( 'NONE', #6012, #573, #3580 ) ;
#1434 = LINE ( 'NONE', #5204, #7574 ) ;
#1435 = VECTOR ( 'NONE', #2896, 39.37007874015748143 ) ;
#1436 = VERTEX_POINT ( 'NONE', #6893 ) ;
#1438 = ADVANCED_FACE ( 'NONE', ( #3913 ), #4996, .F. ) ;
#1437 = ORIENTED_EDGE ( 'NONE', *, *, #907, .T. ) ;
#1439 = DIRECTION ( 'NONE',  ( 0.0000000000000000000, 0.0000000000000000000, 1.000000000000000000 ) ) ;
#1440 = ORIENTED_EDGE ( 'NONE', *, *, #1706, .T. ) ;
#1441 = CARTESIAN_POINT ( 'NONE',  ( 0.4942664688103074466, -0.1100000000000000006, -0.08424999999999957523 ) ) ;
#1442 = CARTESIAN_POINT ( 'NONE',  ( 0.0000000000000000000, -0.05000000000000000278, 0.0000000000000000000 ) ) ;
#1443 = CYLINDRICAL_SURFACE ( 'NONE', #7234, 0.02855000000000052635 ) ;
#1444 = DIRECTION ( 'NONE',  ( 0.3420201433256720991, 0.0000000000000000000, -0.9396926207859070956 ) ) ;
#1445 = VERTEX_POINT ( 'NONE', #4142 ) ;
#1446 = EDGE_LOOP ( 'NONE', ( #4848, #4604 ) ) ;
#1447 = CARTESIAN_POINT ( 'NONE',  ( 0.8816684688103074707, -0.1100000000000000006, -0.01574999999999998623 ) ) ;
#1448 = CARTESIAN_POINT ( 'NONE',  ( 0.1459390690527502255, -0.05000000000000000278, 0.04852843957484787030 ) ) ;
#1449 = ORIENTED_EDGE ( 'NONE', *, *, #2567, .F. ) ;
#1450 = LINE ( 'NONE', #6293, #6070 ) ;
#1451 = CARTESIAN_POINT ( 'NONE',  ( 0.03796746881030733239, -0.05000000000000000278, -0.07855000000000071647 ) ) ;
#1452 = PRODUCT_DEFINITION_SHAPE ( 'NONE', 'NONE',  #7834 ) ;
#1453 = EDGE_CURVE ( 'NONE', #5369, #708, #7525, .T. ) ;
#1454 = ADVANCED_FACE ( 'NONE', ( #2608 ), #1421, .F. ) ;
#1455 = DIRECTION ( 'NONE',  ( -0.0000000000000000000, 1.000000000000000000, -0.0000000000000000000 ) ) ;
#1456 = CARTESIAN_POINT ( 'NONE',  ( 0.2910000000000024234, -6.733578453133398446E-16, 0.0000000000000000000 ) ) ;
#1457 = ORIENTED_EDGE ( 'NONE', *, *, #3971, .F. ) ;
#1458 = CARTESIAN_POINT ( 'NONE',  ( 1.894266468810307691, -0.05000000000000000278, -0.01574999999999998623 ) ) ;
#1459 = LINE ( 'NONE', #1623, #4313 ) ;
#1460 = CARTESIAN_POINT ( 'NONE',  ( 0.6942664688103074022, 0.0000000000000000000, -0.01574999999999998623 ) ) ;
#1461 = DIRECTION ( 'NONE',  ( 0.0000000000000000000, 0.0000000000000000000, -1.000000000000000000 ) ) ;
#1462 = EDGE_CURVE ( 'NONE', #4857, #7124, #2731, .T. ) ;
#1463 = EDGE_LOOP ( 'NONE', ( #10, #7363 ) ) ;
#1464 = ORIENTED_EDGE ( 'NONE', *, *, #6791, .F. ) ;
#1465 = FACE_OUTER_BOUND ( 'NONE', #6466, .T. ) ;
#1466 = VERTEX_POINT ( 'NONE', #6229 ) ;
#1467 = CARTESIAN_POINT ( 'NONE',  ( 0.3379674688103073699, 0.0000000000000000000, -0.05000000000000019013 ) ) ;
#1468 = LINE ( 'NONE', #1042, #5835 ) ;
#1469 = ADVANCED_FACE ( 'NONE', ( #3363 ), #6383, .F. ) ;
#1470 = DIRECTION ( 'NONE',  ( 1.000000000000000000, 0.0000000000000000000, -0.0000000000000000000 ) ) ;
#1471 =( NAMED_UNIT ( * ) SI_UNIT ( $, .STERADIAN. ) SOLID_ANGLE_UNIT ( ) );
#1472 = EDGE_CURVE ( 'NONE', #2758, #2699, #2635, .T. ) ;
#1473 = VECTOR ( 'NONE', #5182, 39.37007874015748143 ) ;
#1474 = VERTEX_POINT ( 'NONE', #5029 ) ;
#1475 = ORIENTED_EDGE ( 'NONE', *, *, #1220, .F. ) ;
#1476 = PLANE ( 'NONE',  #2813 ) ;
#1477 = VERTEX_POINT ( 'NONE', #5752 ) ;
#1478 = LINE ( 'NONE', #3345, #2881 ) ;
#1479 = CARTESIAN_POINT ( 'NONE',  ( 0.5816684688103074263, 0.0000000000000000000, -0.08424999999999954747 ) ) ;
#1480 = VECTOR ( 'NONE', #3236, 39.37007874015748143 ) ;
#1481 = LINE ( 'NONE', #3348, #3310 ) ;
#1482 = CARTESIAN_POINT ( 'NONE',  ( 0.0000000000000000000, -0.05000000000000000278, 0.0000000000000000000 ) ) ;
#1483 = EDGE_CURVE ( 'NONE', #6820, #5064, #5940, .T. ) ;
#1484 = VERTEX_POINT ( 'NONE', #1978 ) ;
#1485 = VECTOR ( 'NONE', #1590, 39.37007874015748143 ) ;
#1486 = LINE ( 'NONE', #3985, #3185 ) ;
#1487 = DIRECTION ( 'NONE',  ( -0.0000000000000000000, 1.000000000000000000, -0.0000000000000000000 ) ) ;
#1488 = ORIENTED_EDGE ( 'NONE', *, *, #4964, .F. ) ;
#1489 = ORIENTED_EDGE ( 'NONE', *, *, #2866, .F. ) ;
#1490 = CARTESIAN_POINT ( 'NONE',  ( 0.8942664688103074688, 0.0000000000000000000, -0.08424999999999957523 ) ) ;
#1491 = LINE ( 'NONE', #3909, #2417 ) ;
#1492 = AXIS2_PLACEMENT_3D ( 'NONE', #5672, #7411, #6340 ) ;
#1493 = VECTOR ( 'NONE', #7440, 39.37007874015748143 ) ;
#1494 = CARTESIAN_POINT ( 'NONE',  ( 1.194266468810307513, -0.05000000000000000278, -0.08424999999999957523 ) ) ;
#1495 = ORIENTED_EDGE ( 'NONE', *, *, #7100, .F. ) ;
#1497 = EDGE_CURVE ( 'NONE', #5864, #4853, #4395, .T. ) ;
#1496 = LINE ( 'NONE', #6966, #4797 ) ;
#1498 = ADVANCED_FACE ( 'NONE', ( #2131 ), #4554, .F. ) ;
#1499 = DIRECTION ( 'NONE',  ( 0.0000000000000000000, 0.0000000000000000000, 1.000000000000000000 ) ) ;
#1500 = DIRECTION ( 'NONE',  ( 0.0000000000000000000, 0.0000000000000000000, 1.000000000000000000 ) ) ;
#1501 = DIRECTION ( 'NONE',  ( -0.0000000000000000000, 1.000000000000000000, -0.0000000000000000000 ) ) ;
#1502 = VERTEX_POINT ( 'NONE', #4513 ) ;
#1503 = ORIENTED_EDGE ( 'NONE', *, *, #6464, .F. ) ;
#1504 = LINE ( 'NONE', #5160, #4220 ) ;
#1505 = EDGE_LOOP ( 'NONE', ( #5549, #57, #2787, #7206 ) ) ;
#1506 = FACE_BOUND ( 'NONE', #2555, .T. ) ;
#1507 = VECTOR ( 'NONE', #1314, 39.37007874015748143 ) ;
#1508 = EDGE_CURVE ( 'NONE', #5480, #2218, #1496, .T. ) ;
#1509 = DIRECTION ( 'NONE',  ( -0.9396926207859095381, 0.0000000000000000000, -0.3420201433256657153 ) ) ;
#1510 = SPHERICAL_SURFACE ( 'NONE', #6574, 0.008999999999999822378 ) ;
#1511 = SHAPE_DEFINITION_REPRESENTATION ( #2091, #1567 ) ;
#1512 = ORIENTED_EDGE ( 'NONE', *, *, #5253, .F. ) ;
#1513 = ORIENTED_EDGE ( 'NONE', *, *, #577, .F. ) ;
#1514 = AXIS2_PLACEMENT_3D ( 'NONE', #3624, #7233, #6018 ) ;
#1515 = CARTESIAN_POINT ( 'NONE',  ( 1.137967468810307414, -0.05000000000000000278, -0.02144999999999967072 ) ) ;
#1516 = ORIENTED_EDGE ( 'NONE', *, *, #3853, .T. ) ;
#1517 = CYLINDRICAL_SURFACE ( 'NONE', #732, 0.02855000000000052635 ) ;
#1518 = EDGE_CURVE ( 'NONE', #6708, #2422, #2015, .T. ) ;
#1519 = LINE ( 'NONE', #6323, #6015 ) ;
#1520 = PRODUCT ( '3516_3516-0-00-15-00-00-03-0', '3516_3516-0-00-15-00-00-03-0', '', ( #2826 ) ) ;
#1521 = DIRECTION ( 'NONE',  ( 1.000000000000000000, 0.0000000000000000000, -1.355298456929802892E-15 ) ) ;
#1522 = DIRECTION ( 'NONE',  ( 0.0000000000000000000, 0.0000000000000000000, 1.000000000000000000 ) ) ;
#1523 = CIRCLE ( 'NONE', #7354, 0.009000000000000094730 ) ;
#1524 = ORIENTED_EDGE ( 'NONE', *, *, #7100, .T. ) ;
#1525 = PLANE ( 'NONE',  #5208 ) ;
#1526 = DIRECTION ( 'NONE',  ( -0.0000000000000000000, 1.000000000000000000, -0.0000000000000000000 ) ) ;
#1527 = ORIENTED_EDGE ( 'NONE', *, *, #2784, .T. ) ;
#1528 = LINE ( 'NONE', #188, #6174 ) ;
#1529 = EDGE_CURVE ( 'NONE', #199, #3935, #5635, .T. ) ;
#1530 = AXIS2_PLACEMENT_3D ( 'NONE', #945, #3829, #7441 ) ;
#1531 = ORIENTED_EDGE ( 'NONE', *, *, #1707, .F. ) ;
#1532 = LINE ( 'NONE', #264, #5049 ) ;
#1533 = AXIS2_PLACEMENT_3D ( 'NONE', #4479, #316, #5153 ) ;
#1534 = PLANE ( 'NONE',  #1530 ) ;
#1535 = AXIS2_PLACEMENT_3D ( 'NONE', #4191, #5310, #4153 ) ;
#1536 = VERTEX_POINT ( 'NONE', #3835 ) ;
#1537 = CARTESIAN_POINT ( 'NONE',  ( 1.181668468810307626, -0.05000000000000000278, -0.01574999999999998623 ) ) ;
#1538 = VERTEX_POINT ( 'NONE', #1458 ) ;
#1539 = CARTESIAN_POINT ( 'NONE',  ( 0.2816684688103074374, -0.05000000000000000278, -0.01574999999999998623 ) ) ;
#1540 = LINE ( 'NONE', #6384, #1913 ) ;
#1541 = DIRECTION ( 'NONE',  ( 1.000000000000000000, 0.0000000000000000000, -1.355298456929802892E-15 ) ) ;
#1542 = VECTOR ( 'NONE', #5062, 39.37007874015748854 ) ;
#1543 = CARTESIAN_POINT ( 'NONE',  ( 0.9759359376206147019, -0.05000000000000000278, -0.09999999999999989453 ) ) ;
#1544 = VECTOR ( 'NONE', #6171, 39.37007874015748143 ) ;
#1545 = ORIENTED_EDGE ( 'NONE', *, *, #870, .T. ) ;
#1546 = ORIENTED_EDGE ( 'NONE', *, *, #556, .T. ) ;
#1547 = CARTESIAN_POINT ( 'NONE',  ( 1.699999000000000260, 0.0000000000000000000, 0.0000000000000000000 ) ) ;
#1548 = VERTEX_POINT ( 'NONE', #1539 ) ;
#1549 = LINE ( 'NONE', #4524, #7062 ) ;
#1550 = PLANE ( 'NONE',  #6463 ) ;
#1551 = LINE ( 'NONE', #6395, #2515 ) ;
#1552 = CARTESIAN_POINT ( 'NONE',  ( 1.337967468810307814, 0.1460000000000002129, -0.05000000000000016931 ) ) ;
#1553 = AXIS2_PLACEMENT_3D ( 'NONE', #6349, #3370, #2660 ) ;
#1554 = ADVANCED_FACE ( 'NONE', ( #4477 ), #5710, .T. ) ;
#1555 = EDGE_CURVE ( 'NONE', #6208, #7496, #828, .T. ) ;
#1556 = ORIENTED_EDGE ( 'NONE', *, *, #3158, .T. ) ;
#1557 = ORIENTED_EDGE ( 'NONE', *, *, #3093, .F. ) ;
#1558 = AXIS2_PLACEMENT_3D ( 'NONE', #6381, #5188, #7483 ) ;
#1559 = CARTESIAN_POINT ( 'NONE',  ( 1.281668468810307271, -0.1100000000000000006, -0.01574999999999998623 ) ) ;
#1560 = ORIENTED_EDGE ( 'NONE', *, *, #3218, .F. ) ;
#1561 = DIRECTION ( 'NONE',  ( 0.0000000000000000000, 0.0000000000000000000, 1.000000000000000000 ) ) ;
#1562 = LINE ( 'NONE', #5734, #7007 ) ;
#1563 = DIRECTION ( 'NONE',  ( 0.0000000000000000000, 0.0000000000000000000, -1.000000000000000000 ) ) ;
#1564 = CARTESIAN_POINT ( 'NONE',  ( 1.181668468810307626, -0.1100000000000000006, -0.01574999999999998623 ) ) ;
#1565 = AXIS2_PLACEMENT_3D ( 'NONE', #333, #7070, #3468 ) ;
#1566 = EDGE_CURVE ( 'NONE', #4189, #4696, #272, .T. ) ;
#1567 = SHAPE_REPRESENTATION ( 'mill-max-335-10-120-00-160000', ( #2343, #5123, #3605, #5391, #1328, #1203, #6649, #3852, #1708, #5637, #6143, #182, #443, #6767, #3350, #7281, #3230, #3100, #4242, #2208, #6888, #7650 ), #3478 ) ;
#1568 = ORIENTED_EDGE ( 'NONE', *, *, #4420, .T. ) ;
#1569 = DIRECTION ( 'NONE',  ( 0.9396926207859100932, 0.0000000000000000000, 0.3420201433256638834 ) ) ;
#1570 = LINE ( 'NONE', #339, #1174 ) ;
#1571 = VERTEX_POINT ( 'NONE', #3443 ) ;
#1572 = DIRECTION ( 'NONE',  ( -1.000000000000000000, -0.0000000000000000000, -0.0000000000000000000 ) ) ;
#1573 = EDGE_LOOP ( 'NONE', ( #7120, #48, #7418, #6023 ) ) ;
#1574 = DIRECTION ( 'NONE',  ( -0.0000000000000000000, 1.000000000000000000, -0.0000000000000000000 ) ) ;
#1575 = PLANE ( 'NONE',  #3803 ) ;
#1576 = EDGE_CURVE ( 'NONE', #6113, #2355, #437, .T. ) ;
#1577 = EDGE_CURVE ( 'NONE', #2422, #2392, #2251, .T. ) ;
#1578 = ORIENTED_EDGE ( 'NONE', *, *, #6996, .F. ) ;
#1579 = DIRECTION ( 'NONE',  ( -1.000000000000000000, 0.0000000000000000000, -0.0000000000000000000 ) ) ;
#1580 = ORIENTED_EDGE ( 'NONE', *, *, #6537, .F. ) ;
#1581 = CARTESIAN_POINT ( 'NONE',  ( 1.775935937620614746, 0.0000000000000000000, -0.09999999999999989453 ) ) ;
#1582 = CARTESIAN_POINT ( 'NONE',  ( 0.2379674688103073643, 3.673940397442060153E-19, -0.05000000000000019013 ) ) ;
#1583 = CARTESIAN_POINT ( 'NONE',  ( 1.881668468810307582, -0.1100000000000000006, -0.08424999999999954747 ) ) ;
#1584 = DIRECTION ( 'NONE',  ( -1.000000000000000000, -0.0000000000000000000, -0.0000000000000000000 ) ) ;
#1585 = ADVANCED_FACE ( 'NONE', ( #1702 ), #474, .F. ) ;
#1586 = VERTEX_POINT ( 'NONE', #1619 ) ;
#1587 = ORIENTED_EDGE ( 'NONE', *, *, #35, .F. ) ;
#1588 = CARTESIAN_POINT ( 'NONE',  ( 1.599999000000000171, -0.1100000000000000006, -0.09999999999999989453 ) ) ;
#1589 = ORIENTED_EDGE ( 'NONE', *, *, #7, .T. ) ;
#1590 = DIRECTION ( 'NONE',  ( -0.0000000000000000000, 1.000000000000000000, -0.0000000000000000000 ) ) ;
#1591 = CYLINDRICAL_SURFACE ( 'NONE', #3044, 0.02855000000000052635 ) ;
#1592 = CARTESIAN_POINT ( 'NONE',  ( 1.987967468810307503, -0.05000000000000000278, -0.01574999999999984746 ) ) ;
#1593 = ORIENTED_EDGE ( 'NONE', *, *, #3469, .T. ) ;
#1594 = ORIENTED_EDGE ( 'NONE', *, *, #124, .T. ) ;
#1595 = CARTESIAN_POINT ( 'NONE',  ( 1.537967468810307325, 0.0000000000000000000, -0.02144999999999966725 ) ) ;
#1596 = EDGE_LOOP ( 'NONE', ( #2730, #2108, #3075, #5821 ) ) ;
#1597 = CARTESIAN_POINT ( 'NONE',  ( 0.0000000000000000000, 0.0000000000000000000, 0.0000000000000000000 ) ) ;
#1598 = DIRECTION ( 'NONE',  ( -0.0000000000000000000, 1.000000000000000000, -0.0000000000000000000 ) ) ;
#1599 = ADVANCED_FACE ( 'NONE', ( #7047 ), #2171, .F. ) ;
#1600 = EDGE_CURVE ( 'NONE', #5159, #4124, #7091, .T. ) ;
#1601 = DIRECTION ( 'NONE',  ( 1.000000000000000000, 0.0000000000000000000, -0.0000000000000000000 ) ) ;
#1602 = CARTESIAN_POINT ( 'NONE',  ( 0.09999900000000011557, -0.05000000000000000278, 0.0000000000000000000 ) ) ;
#1603 =( REPRESENTATION_RELATIONSHIP ('NONE','NONE', #1567, #7799 ) REPRESENTATION_RELATIONSHIP_WITH_TRANSFORMATION ( #5034 )SHAPE_REPRESENTATION_RELATIONSHIP( ) );
#1604 = VERTEX_POINT ( 'NONE', #1581 ) ;
#1605 = PLANE ( 'NONE',  #652 ) ;
#1606 = FACE_OUTER_BOUND ( 'NONE', #1311, .T. ) ;
#1607 = ORIENTED_EDGE ( 'NONE', *, *, #2401, .F. ) ;
#1608 = CARTESIAN_POINT ( 'NONE',  ( 1.037967468810307547, 0.0000000000000000000, -0.05000000000000019013 ) ) ;
#1609 = VECTOR ( 'NONE', #1177, 39.37007874015748143 ) ;
#1610 = ORIENTED_EDGE ( 'NONE', *, *, #659, .F. ) ;
#1611 = CARTESIAN_POINT ( 'NONE',  ( 0.8816684688103074707, -0.1100000000000000006, -0.01574999999999998623 ) ) ;
#1612 = EDGE_CURVE ( 'NONE', #2954, #4414, #2339, .T. ) ;
#1613 = CARTESIAN_POINT ( 'NONE',  ( 0.9379674688103074587, 3.673940397442060153E-19, -0.02144999999999966031 ) ) ;
#1614 = AXIS2_PLACEMENT_3D ( 'NONE', #6484, #5979, #5338 ) ;
#1615 = ORIENTED_EDGE ( 'NONE', *, *, #6972, .F. ) ;
#1616 = DIRECTION ( 'NONE',  ( 0.0000000000000000000, 0.0000000000000000000, 1.000000000000000000 ) ) ;
#1617 = EDGE_CURVE ( 'NONE', #6965, #5688, #4536, .T. ) ;
#1618 = ORIENTED_EDGE ( 'NONE', *, *, #5141, .F. ) ;
#1619 = CARTESIAN_POINT ( 'NONE',  ( 0.9999990000000001933, -0.05000000000000000278, 0.0000000000000000000 ) ) ;
#1620 = EDGE_CURVE ( 'NONE', #6319, #3479, #1662, .T. ) ;
#1621 = VECTOR ( 'NONE', #4885, 39.37007874015748143 ) ;
#1622 = ADVANCED_FACE ( 'NONE', ( #2213 ), #1030, .F. ) ;
#1623 = CARTESIAN_POINT ( 'NONE',  ( 1.975934937620615894, -0.05000000000000000278, -0.09999999999999974187 ) ) ;
#1624 = DIRECTION ( 'NONE',  ( 0.0000000000000000000, 0.0000000000000000000, 1.000000000000000000 ) ) ;
#1625 = VECTOR ( 'NONE', #4678, 39.37007874015748143 ) ;
#1626 = ORIENTED_EDGE ( 'NONE', *, *, #114, .F. ) ;
#1627 = ORIENTED_EDGE ( 'NONE', *, *, #4726, .F. ) ;
#1628 = DIRECTION ( 'NONE',  ( 1.000000000000000000, 0.0000000000000000000, -1.355298456929802892E-15 ) ) ;
#1629 = ORIENTED_EDGE ( 'NONE', *, *, #7297, .F. ) ;
#1630 = FACE_OUTER_BOUND ( 'NONE', #2198, .T. ) ;
#1631 = EDGE_CURVE ( 'NONE', #5334, #5105, #7136, .T. ) ;
#1632 = DIRECTION ( 'NONE',  ( -0.0000000000000000000, 1.000000000000000000, -0.0000000000000000000 ) ) ;
#1633 = CARTESIAN_POINT ( 'NONE',  ( 0.8816684688103074707, -0.1100000000000000006, -0.01574999999999998623 ) ) ;
#1634 = PRODUCT_CONTEXT ( 'NONE', #6870, 'mechanical' ) ;
#1635 = CARTESIAN_POINT ( 'NONE',  ( 1.299999000000000127, -0.1100000000000000006, 0.0000000000000000000 ) ) ;
#1636 = ORIENTED_EDGE ( 'NONE', *, *, #3954, .F. ) ;
#1637 = AXIS2_PLACEMENT_3D ( 'NONE', #5600, #4962, #721 ) ;
#1638 = VERTEX_POINT ( 'NONE', #2854 ) ;
#1639 = FACE_OUTER_BOUND ( 'NONE', #4357, .T. ) ;
#1640 = ORIENTED_EDGE ( 'NONE', *, *, #313, .F. ) ;
#1641 = DIRECTION ( 'NONE',  ( -0.3420201433256694346, -0.0000000000000000000, -0.9396926207859080948 ) ) ;
#1642 = PLANE ( 'NONE',  #562 ) ;
#1643 = PLANE ( 'NONE',  #2162 ) ;
#1644 = DIRECTION ( 'NONE',  ( -0.3420201433256663259, 0.0000000000000000000, -0.9396926207859092051 ) ) ;
#1645 = CIRCLE ( 'NONE', #6335, 0.02855000000000052982 ) ;
#1646 = ORIENTED_EDGE ( 'NONE', *, *, #1412, .T. ) ;
#1647 = DIRECTION ( 'NONE',  ( -0.0000000000000000000, 1.000000000000000000, -0.0000000000000000000 ) ) ;
#1648 = DIRECTION ( 'NONE',  ( -0.3420201433256694346, -0.0000000000000000000, -0.9396926207859080948 ) ) ;
#1649 = ORIENTED_EDGE ( 'NONE', *, *, #2968, .T. ) ;
#1650 = FACE_BOUND ( 'NONE', #6907, .T. ) ;
#1651 = ORIENTED_EDGE ( 'NONE', *, *, #4128, .T. ) ;
#1652 = FACE_OUTER_BOUND ( 'NONE', #6535, .T. ) ;
#1653 = DIRECTION ( 'NONE',  ( -0.0000000000000000000, 1.000000000000000000, -0.0000000000000000000 ) ) ;
#1654 = VECTOR ( 'NONE', #6894, 39.37007874015748143 ) ;
#1655 = ADVANCED_FACE ( 'NONE', ( #5360 ), #5277, .F. ) ;
#1656 = ORIENTED_EDGE ( 'NONE', *, *, #4052, .T. ) ;
#1657 = EDGE_CURVE ( 'NONE', #3872, #1303, #2892, .T. ) ;
#1658 = VECTOR ( 'NONE', #186, 39.37007874015748143 ) ;
#1659 = VECTOR ( 'NONE', #3389, 39.37007874015748143 ) ;
#1660 = DIRECTION ( 'NONE',  ( -0.0000000000000000000, 1.000000000000000000, -0.0000000000000000000 ) ) ;
#1661 = ORIENTED_EDGE ( 'NONE', *, *, #1994, .F. ) ;
#1662 = LINE ( 'NONE', #4638, #5044 ) ;
#1663 = CARTESIAN_POINT ( 'NONE',  ( 1.099999000000000171, -0.1100000000000000006, 0.0000000000000000000 ) ) ;
#1664 = CYLINDRICAL_SURFACE ( 'NONE', #3809, 0.02855000000000052635 ) ;
#1665 = CARTESIAN_POINT ( 'NONE',  ( 1.399999000000000215, -0.1100000000000000006, -0.09999999999999989453 ) ) ;
#1666 = CONICAL_SURFACE ( 'NONE', #5350, 0.02599999999999999534, 0.2617993877991512952 ) ;
#1667 = VECTOR ( 'NONE', #4412, 39.37007874015748143 ) ;
#1668 = EDGE_CURVE ( 'NONE', #5201, #2377, #1072, .T. ) ;
#1669 = EDGE_LOOP ( 'NONE', ( #7592, #2601, #940, #4502 ) ) ;
#1670 = ORIENTED_EDGE ( 'NONE', *, *, #5493, .T. ) ;
#1671 = VECTOR ( 'NONE', #5033, 39.37007874015748143 ) ;
#1672 = ORIENTED_EDGE ( 'NONE', *, *, #3620, .T. ) ;
#1673 = CARTESIAN_POINT ( 'NONE',  ( 0.09999900000000011557, -0.1100000000000000006, 0.0000000000000000000 ) ) ;
#1674 = CYLINDRICAL_SURFACE ( 'NONE', #522, 0.02855000000000052635 ) ;
#1675 = DIRECTION ( 'NONE',  ( 0.0000000000000000000, 0.0000000000000000000, 1.000000000000000000 ) ) ;
#1676 = DIRECTION ( 'NONE',  ( -3.491481338843133355E-15, -1.000000000000000000, 0.0000000000000000000 ) ) ;
#1677 = VECTOR ( 'NONE', #7066, 39.37007874015748143 ) ;
#1678 = CARTESIAN_POINT ( 'NONE',  ( 0.1379674688103073310, 3.673940397442060153E-19, -0.07855000000000071647 ) ) ;
#1679 = EDGE_CURVE ( 'NONE', #3479, #1291, #7170, .T. ) ;
#1680 = VERTEX_POINT ( 'NONE', #7600 ) ;
#1681 = EDGE_LOOP ( 'NONE', ( #1049, #2243, #2117, #1826 ) ) ;
#1682 = LINE ( 'NONE', #3621, #6001 ) ;
#1683 = ORIENTED_EDGE ( 'NONE', *, *, #5981, .F. ) ;
#1684 = DIRECTION ( 'NONE',  ( 0.0000000000000000000, 0.0000000000000000000, 1.000000000000000000 ) ) ;
#1685 = CIRCLE ( 'NONE', #2446, 0.02855000000000052288 ) ;
#1686 = LINE ( 'NONE', #6529, #4481 ) ;
#1687 = ADVANCED_FACE ( 'NONE', ( #5915 ), #4721, .F. ) ;
#1688 = AXIS2_PLACEMENT_3D ( 'NONE', #5828, #826, #1579 ) ;
#1689 = ORIENTED_EDGE ( 'NONE', *, *, #688, .T. ) ;
#1690 = CARTESIAN_POINT ( 'NONE',  ( 1.975934937620615894, -0.05000000000000000278, -0.09999999999999974187 ) ) ;
#1691 = CARTESIAN_POINT ( 'NONE',  ( 1.987967468810307503, -0.05000000000000000278, -0.08424999999999935318 ) ) ;
#1692 = ORIENTED_EDGE ( 'NONE', *, *, #6890, .T. ) ;
#1693 = CARTESIAN_POINT ( 'NONE',  ( 0.9942664688103074466, 0.0000000000000000000, -0.08424999999999957523 ) ) ;
#1694 = VERTEX_POINT ( 'NONE', #988 ) ;
#1695 = CARTESIAN_POINT ( 'NONE',  ( 0.2999990000000001267, -0.1100000000000000006, 0.0000000000000000000 ) ) ;
#1696 = CARTESIAN_POINT ( 'NONE',  ( 0.2816684688103074374, -0.1100000000000000006, -0.01574999999999998623 ) ) ;
#1697 = VECTOR ( 'NONE', #7698, 39.37007874015748143 ) ;
#1698 = ORIENTED_EDGE ( 'NONE', *, *, #4038, .T. ) ;
#1699 = VECTOR ( 'NONE', #2080, 39.37007874015748143 ) ;
#1700 = CARTESIAN_POINT ( 'NONE',  ( 0.0000000000000000000, -0.05000000000000000278, 0.0000000000000000000 ) ) ;
#1701 = EDGE_LOOP ( 'NONE', ( #3582, #1097, #4158, #6621 ) ) ;
#1702 = FACE_OUTER_BOUND ( 'NONE', #4841, .T. ) ;
#1703 = LINE ( 'NONE', #4120, #6344 ) ;
#1704 = CARTESIAN_POINT ( 'NONE',  ( 1.137967468810307414, 0.0000000000000000000, -0.05000000000000019013 ) ) ;
#1705 = LINE ( 'NONE', #1075, #7014 ) ;
#1706 = EDGE_CURVE ( 'NONE', #2725, #1538, #391, .T. ) ;
#1707 = EDGE_CURVE ( 'NONE', #605, #618, #4673, .T. ) ;
#1708 = AXIS2_PLACEMENT_3D ( 'NONE', #131, #1991, #7537 ) ;
#1709 = EDGE_LOOP ( 'NONE', ( #555, #1426, #6235, #6936 ) ) ;
#1710 = ORIENTED_EDGE ( 'NONE', *, *, #4259, .F. ) ;
#1711 = ORIENTED_EDGE ( 'NONE', *, *, #5884, .T. ) ;
#1712 = DIRECTION ( 'NONE',  ( -0.0000000000000000000, 1.000000000000000000, -0.0000000000000000000 ) ) ;
#1713 = DIRECTION ( 'NONE',  ( -0.0000000000000000000, 1.000000000000000000, -0.0000000000000000000 ) ) ;
#1714 = ORIENTED_EDGE ( 'NONE', *, *, #688, .F. ) ;
#1715 = FACE_OUTER_BOUND ( 'NONE', #6871, .T. ) ;
#1716 =( REPRESENTATION_RELATIONSHIP ('NONE','NONE', #1567, #7799 ) REPRESENTATION_RELATIONSHIP_WITH_TRANSFORMATION ( #3061 )SHAPE_REPRESENTATION_RELATIONSHIP( ) );
#1717 = EDGE_CURVE ( 'NONE', #4124, #6575, #108, .T. ) ;
#1718 = CARTESIAN_POINT ( 'NONE',  ( 1.794266468810307602, -0.05000000000000000278, -0.01574999999999998623 ) ) ;
#1719 = EDGE_LOOP ( 'NONE', ( #1346, #1710, #1670, #1649 ) ) ;
#1720 = EDGE_LOOP ( 'NONE', ( #3368, #5554, #237, #6832 ) ) ;
#1721 = DIRECTION ( 'NONE',  ( 0.0000000000000000000, 0.0000000000000000000, 1.000000000000000000 ) ) ;
#1722 = VERTEX_POINT ( 'NONE', #7326 ) ;
#1723 = LINE ( 'NONE', #7790, #5427 ) ;
#1724 = LINE ( 'NONE', #6050, #249 ) ;
#1725 = EDGE_CURVE ( 'NONE', #3316, #3026, #4354, .T. ) ;
#1726 = EDGE_CURVE ( 'NONE', #4696, #812, #1821, .T. ) ;
#1727 = LINE ( 'NONE', #2874, #6387 ) ;
#1728 = ORIENTED_EDGE ( 'NONE', *, *, #3620, .F. ) ;
#1729 = CARTESIAN_POINT ( 'NONE',  ( 0.009000000000000368816, 0.0000000000000000000, 0.0000000000000000000 ) ) ;
#1730 = CARTESIAN_POINT ( 'NONE',  ( 1.037967468810307547, 3.673940397442060153E-19, -0.02144999999999966031 ) ) ;
#1731 = ORIENTED_EDGE ( 'NONE', *, *, #180, .F. ) ;
#1732 = DIRECTION ( 'NONE',  ( 0.3420201433256639389, 0.0000000000000000000, -0.9396926207859100932 ) ) ;
#1733 = LINE ( 'NONE', #730, #2643 ) ;
#1734 = EDGE_CURVE ( 'NONE', #3845, #5276, #7249, .T. ) ;
#1735 = DIRECTION ( 'NONE',  ( -0.0000000000000000000, 1.000000000000000000, -0.0000000000000000000 ) ) ;
#1736 = ORIENTED_EDGE ( 'NONE', *, *, #4073, .T. ) ;
#1737 = CLOSED_SHELL ( 'NONE', ( #3631, #5466, #5885, #809, #3791, #3140, #7033, #7051, #2822, #213, #5206, #2053, #7097, #4072, #7659, #2189, #6261, #2821, #2236, #6237, #2937, #3897, #5897, #1387, #5156, #6906, #3811, #872, #3364, #2019, #3447, #7555, #2926, #2811, #5796, #6865, #7130, #6949, #3030, #4277, #551, #2099, #2603, #6882, #1359, #1554, #3983, #7340, #5614, #1320, #4288, #3321, #6509, #2697, #5096, #5007, #5825, #64, #3672, #7634, #6446, #4951, #4409, #976, #4377, #4984, #6845, #2362, #4418, #7282, #6414, #1170, #7772, #1454, #7471, #5950, #6717, #2983, #71, #4612, #3599, #1057, #6489, #689, #3031, #3428, #4510, #1342, #2835, #6120, #2484, #798, #1983, #4822, #3715, #3641, #5501, #831, #98, #100, #5301, #3358, #5748, #6854, #4739, #4659, #5216, #5300, #2946, #7725, #6646, #1687, #5402, #4202, #4909, #4997, #4889, #1599, #6834, #3207, #654, #5274, #7193, #5459, #6098, #638, #1622, #159, #7095, #2004, #3783, #4268, #3266, #150, #1850, #2728, #4328, #7806, #533, #1250, #4435, #2966, #2134, #6431, #7381, #985, #2049, #4975, #471, #7565, #3226, #978, #6142, #7791, #4247, #1836, #7006, #2084, #5410, #2687, #346, #3714, #4391, #6081, #3064, #6782, #5938, #1498, #3840, #4338, #5847, #1438, #6692, #5875, #6068, #4457, #1920, #3298, #6122, #6300, #3688, #6331, #5330, #1655, #1469, #3275, #2539, #5551, #2885, #5560, #1265, #6792, #2647, #1817, #2794, #2625, #3592, #6168, #1585, #4530, #4998, #6929, #4578, #2845, #2154, #2724 ) ) ;
#1738 = DIRECTION ( 'NONE',  ( -0.9396926207859072067, 0.0000000000000000000, -0.3420201433256721546 ) ) ;
#1739 = VERTEX_POINT ( 'NONE', #4912 ) ;
#1740 = CARTESIAN_POINT ( 'NONE',  ( -0.03066449223692698303, -0.05000000000000000278, -0.01574999999999998623 ) ) ;
#1741 = DIRECTION ( 'NONE',  ( 0.0000000000000000000, 0.0000000000000000000, 1.000000000000000000 ) ) ;
#1742 = DIRECTION ( 'NONE',  ( -0.3420201433256694346, -0.0000000000000000000, -0.9396926207859080948 ) ) ;
#1743 = CARTESIAN_POINT ( 'NONE',  ( 0.1759359376206146575, -0.05000000000000000278, -9.478001694819074349E-34 ) ) ;
#1744 = CIRCLE ( 'NONE', #6301, 0.02855000000000052982 ) ;
#1745 = ORIENTED_EDGE ( 'NONE', *, *, #582, .F. ) ;
#1746 = EDGE_CURVE ( 'NONE', #88, #6965, #3090, .T. ) ;
#1747 = VECTOR ( 'NONE', #3885, 39.37007874015748143 ) ;
#1748 = EDGE_LOOP ( 'NONE', ( #251, #746, #4646, #5497 ) ) ;
#1749 = LINE ( 'NONE', #1154, #2827 ) ;
#1750 = VERTEX_POINT ( 'NONE', #4315 ) ;
#1751 = DIRECTION ( 'NONE',  ( 0.3420201433256695456, 0.0000000000000000000, 0.9396926207859080948 ) ) ;
#1752 = PLANE ( 'NONE',  #4185 ) ;
#1753 = VERTEX_POINT ( 'NONE', #1340 ) ;
#1754 = CARTESIAN_POINT ( 'NONE',  ( 1.875935937620614835, 0.0000000000000000000, -9.478001694819074349E-34 ) ) ;
#1755 = CONTEXT_DEPENDENT_SHAPE_REPRESENTATION ( #7132, #4234 ) ;
#1756 = AXIS2_PLACEMENT_3D ( 'NONE', #593, #3004, #5434 ) ;
#1757 = DIRECTION ( 'NONE',  ( -0.0000000000000000000, 1.000000000000000000, -0.0000000000000000000 ) ) ;
#1758 = EDGE_CURVE ( 'NONE', #6713, #426, #1895, .T. ) ;
#1759 = ORIENTED_EDGE ( 'NONE', *, *, #5047, .F. ) ;
#1760 = EDGE_CURVE ( 'NONE', #7086, #5987, #6065, .T. ) ;
#1761 = ORIENTED_EDGE ( 'NONE', *, *, #1769, .F. ) ;
#1762 = EDGE_LOOP ( 'NONE', ( #6086, #6978 ) ) ;
#1763 = LINE ( 'NONE', #6598, #6683 ) ;
#1764 = AXIS2_PLACEMENT_3D ( 'NONE', #3149, #1919, #2587 ) ;
#1765 = DIRECTION ( 'NONE',  ( 0.3420201433256663259, 0.0000000000000000000, 0.9396926207859092051 ) ) ;
#1766 = SURFACE_STYLE_USAGE ( .BOTH. , #1804 ) ;
#1767 = CIRCLE ( 'NONE', #3034, 0.02855000000000052288 ) ;
#1768 = ORIENTED_EDGE ( 'NONE', *, *, #257, .T. ) ;
#1769 = EDGE_CURVE ( 'NONE', #6002, #2809, #1884, .T. ) ;
#1770 = DIRECTION ( 'NONE',  ( -1.000000000000000000, 0.0000000000000000000, 1.355298456929802892E-15 ) ) ;
#1771 = LINE ( 'NONE', #4147, #3199 ) ;
#1772 = ORIENTED_EDGE ( 'NONE', *, *, #2256, .T. ) ;
#1773 = DIRECTION ( 'NONE',  ( 1.000000000000000000, 0.0000000000000000000, -1.355298456929802892E-15 ) ) ;
#1774 = CARTESIAN_POINT ( 'NONE',  ( 0.4379674688103074032, 0.0000000000000000000, -0.05000000000000019013 ) ) ;
#1775 = CARTESIAN_POINT ( 'NONE',  ( 1.781668468810307493, -0.1100000000000000006, -0.08424999999999954747 ) ) ;
#1776 = ORIENTED_EDGE ( 'NONE', *, *, #1929, .F. ) ;
#1777 = EDGE_CURVE ( 'NONE', #2580, #3919, #7289, .T. ) ;
#1778 = FACE_OUTER_BOUND ( 'NONE', #2130, .T. ) ;
#1779 = AXIS2_PLACEMENT_3D ( 'NONE', #2222, #4608, #7021 ) ;
#1780 = ORIENTED_EDGE ( 'NONE', *, *, #7640, .T. ) ;
#1781 = FACE_OUTER_BOUND ( 'NONE', #5774, .T. ) ;
#1782 = CARTESIAN_POINT ( 'NONE',  ( -0.01203253118969264436, -0.05000000000000000278, -0.08424999999999989442 ) ) ;
#1783 = LINE ( 'NONE', #561, #3972 ) ;
#1784 = AXIS2_PLACEMENT_3D ( 'NONE', #4950, #4355, #2565 ) ;
#1785 = ORIENTED_EDGE ( 'NONE', *, *, #2068, .F. ) ;
#1786 = CARTESIAN_POINT ( 'NONE',  ( 0.0000000000000000000, 0.0000000000000000000, 0.0000000000000000000 ) ) ;
#1787 = DIRECTION ( 'NONE',  ( 0.3420201433256662704, -0.0000000000000000000, 0.9396926207859092051 ) ) ;
#1788 = ORIENTED_EDGE ( 'NONE', *, *, #946, .T. ) ;
#1789 = DIRECTION ( 'NONE',  ( 1.000000000000000000, 0.0000000000000000000, -0.0000000000000000000 ) ) ;
#1790 = FACE_OUTER_BOUND ( 'NONE', #320, .T. ) ;
#1791 = ORIENTED_EDGE ( 'NONE', *, *, #4221, .T. ) ;
#1792 = CARTESIAN_POINT ( 'NONE',  ( 0.1710000000000004572, 0.0000000000000000000, 0.0000000000000000000 ) ) ;
#1793 = VECTOR ( 'NONE', #4827, 39.37007874015748143 ) ;
#1794 = CIRCLE ( 'NONE', #6224, 0.02855000000000052288 ) ;
#1795 = CARTESIAN_POINT ( 'NONE',  ( -0.01203253118969264436, -0.05000000000000000278, -0.08424999999999989442 ) ) ;
#1796 = LINE ( 'NONE', #6632, #686 ) ;
#1797 = VECTOR ( 'NONE', #5180, 39.37007874015748143 ) ;
#1798 = ORIENTED_EDGE ( 'NONE', *, *, #3577, .T. ) ;
#1799 = ORIENTED_EDGE ( 'NONE', *, *, #2300, .T. ) ;
#1800 = CARTESIAN_POINT ( 'NONE',  ( 0.1816684688103074041, 0.0000000000000000000, -0.01574999999999998623 ) ) ;
#1801 = ORIENTED_EDGE ( 'NONE', *, *, #521, .T. ) ;
#1802 = DIRECTION ( 'NONE',  ( -0.0000000000000000000, 1.000000000000000000, -0.0000000000000000000 ) ) ;
#1803 = DIRECTION ( 'NONE',  ( -1.000000000000000000, 0.0000000000000000000, -7.776898252968647801E-17 ) ) ;
#1804 = SURFACE_SIDE_STYLE ('',( #3545 ) ) ;
#1805 = AXIS2_PLACEMENT_3D ( 'NONE', #330, #2747, #3304 ) ;
#1806 = EDGE_CURVE ( 'NONE', #2151, #3819, #7803, .T. ) ;
#1807 = ORIENTED_EDGE ( 'NONE', *, *, #1863, .F. ) ;
#1808 = LINE ( 'NONE', #4751, #5077 ) ;
#1809 = AXIS2_PLACEMENT_3D ( 'NONE', #6124, #4930, #2583 ) ;
#1810 = DIRECTION ( 'NONE',  ( -1.000000000000000000, 0.0000000000000000000, -7.776898252968646568E-17 ) ) ;
#1811 = ORIENTED_EDGE ( 'NONE', *, *, #7707, .T. ) ;
#1812 = CARTESIAN_POINT ( 'NONE',  ( 0.1250000000000020817, 0.009000000000000915254, 0.0000000000000000000 ) ) ;
#1813 = FACE_OUTER_BOUND ( 'NONE', #7635, .T. ) ;
#1814 = EDGE_CURVE ( 'NONE', #400, #5540, #4238, .T. ) ;
#1815 = CIRCLE ( 'NONE', #422, 0.02855000000000052288 ) ;
#1816 = ORIENTED_EDGE ( 'NONE', *, *, #5586, .T. ) ;
#1817 = ADVANCED_FACE ( 'NONE', ( #6030 ), #32, .F. ) ;
#1818 = AXIS2_PLACEMENT_3D ( 'NONE', #1819, #3002, #5432 ) ;
#1819 = CARTESIAN_POINT ( 'NONE',  ( 0.9379674688103074587, -0.05000000000000000278, -0.05000000000000019013 ) ) ;
#1820 = ORIENTED_EDGE ( 'NONE', *, *, #1657, .F. ) ;
#1821 = LINE ( 'NONE', #6732, #2257 ) ;
#1822 = DIRECTION ( 'NONE',  ( -0.9396926207859093161, 0.0000000000000000000, 0.3420201433256663814 ) ) ;
#1823 = DIRECTION ( 'NONE',  ( -0.0000000000000000000, -0.0000000000000000000, -1.000000000000000000 ) ) ;
#1824 = EDGE_CURVE ( 'NONE', #5873, #4873, #5173, .T. ) ;
#1825 = AXIS2_PLACEMENT_3D ( 'NONE', #4253, #6889, #7482 ) ;
#1826 = ORIENTED_EDGE ( 'NONE', *, *, #4151, .T. ) ;
#1827 = DIRECTION ( 'NONE',  ( -1.000000000000000000, 0.0000000000000000000, -7.776898252968647801E-17 ) ) ;
#1828 = LINE ( 'NONE', #1229, #3208 ) ;
#1829 = ORIENTED_EDGE ( 'NONE', *, *, #3664, .T. ) ;
#1830 = DIRECTION ( 'NONE',  ( -0.0000000000000000000, 1.000000000000000000, -0.0000000000000000000 ) ) ;
#1831 = CARTESIAN_POINT ( 'NONE',  ( 1.481668468810307449, -0.05000000000000000278, -0.08424999999999954747 ) ) ;
#1832 = ORIENTED_EDGE ( 'NONE', *, *, #2866, .T. ) ;
#1833 = VECTOR ( 'NONE', #5176, 39.37007874015748143 ) ;
#1834 = CARTESIAN_POINT ( 'NONE',  ( 1.216456896608690164, -0.05000000000000000278, 0.4381650640565354915 ) ) ;
#1835 = DIRECTION ( 'NONE',  ( 0.9396926207859080948, 0.0000000000000000000, -0.3420201433256695456 ) ) ;
#1836 = ADVANCED_FACE ( 'NONE', ( #1781 ), #4949, .F. ) ;
#1837 = LINE ( 'NONE', #609, #810 ) ;
#1838 = PLANE ( 'NONE',  #5631 ) ;
#1839 = EDGE_LOOP ( 'NONE', ( #1343, #567 ) ) ;
#1840 = ORIENTED_EDGE ( 'NONE', *, *, #2058, .F. ) ;
#1841 = LINE ( 'NONE', #7788, #7129 ) ;
#1842 = VERTEX_POINT ( 'NONE', #2972 ) ;
#1843 = LINE ( 'NONE', #4258, #4529 ) ;
#1844 = CARTESIAN_POINT ( 'NONE',  ( 0.0000000000000000000, 0.0000000000000000000, 0.0000000000000000000 ) ) ;
#1845 = ORIENTED_EDGE ( 'NONE', *, *, #3841, .T. ) ;
#1846 = ORIENTED_EDGE ( 'NONE', *, *, #1179, .T. ) ;
#1847 = CARTESIAN_POINT ( 'NONE',  ( 1.975934937620615894, -0.05000000000000000278, -0.09999999999999974187 ) ) ;
#1848 = CARTESIAN_POINT ( 'NONE',  ( 1.975934937620614562, 0.0000000000000000000, 0.0000000000000000000 ) ) ;
#1849 = EDGE_LOOP ( 'NONE', ( #2087, #6672, #5125, #7288, #4320 ) ) ;
#1850 = ADVANCED_FACE ( 'NONE', ( #4198 ), #5398, .F. ) ;
#1851 = CARTESIAN_POINT ( 'NONE',  ( 0.1816684688103074041, 0.0000000000000000000, -0.01574999999999998623 ) ) ;
#1852 = EDGE_CURVE ( 'NONE', #4171, #2178, #4925, .T. ) ;
#1853 = FACE_OUTER_BOUND ( 'NONE', #460, .T. ) ;
#1854 = ORIENTED_EDGE ( 'NONE', *, *, #3491, .T. ) ;
#1855 = EDGE_CURVE ( 'NONE', #4767, #5366, #6187, .T. ) ;
#1856 = DIRECTION ( 'NONE',  ( -0.0000000000000000000, 1.000000000000000000, -0.0000000000000000000 ) ) ;
#1857 = ORIENTED_EDGE ( 'NONE', *, *, #6217, .F. ) ;
#1858 = DIRECTION ( 'NONE',  ( 1.000000000000000000, 0.0000000000000000000, 0.0000000000000000000 ) ) ;
#1859 = PLANE ( 'NONE',  #5714 ) ;
#1860 = AXIS2_PLACEMENT_3D ( 'NONE', #6696, #3012, #5440 ) ;
#1861 = ORIENTED_EDGE ( 'NONE', *, *, #3066, .T. ) ;
#1863 = EDGE_CURVE ( 'NONE', #2659, #5873, #6182, .T. ) ;
#1862 = DIRECTION ( 'NONE',  ( 0.9396926207859080948, 0.0000000000000000000, -0.3420201433256695456 ) ) ;
#1864 = FACE_OUTER_BOUND ( 'NONE', #1709, .T. ) ;
#1865 = EDGE_LOOP ( 'NONE', ( #7396, #7420, #5281, #1489 ) ) ;
#1866 = LINE ( 'NONE', #5523, #489 ) ;
#1867 = AXIS2_PLACEMENT_3D ( 'NONE', #1812, #1139, #6495 ) ;
#1868 = CARTESIAN_POINT ( 'NONE',  ( 0.9626745440880521976, -0.05000000000000000278, -0.3772958417569677869 ) ) ;
#1869 = CARTESIAN_POINT ( 'NONE',  ( 1.781668468810307493, -0.1100000000000000006, -0.01574999999999998623 ) ) ;
#1870 = LINE ( 'NONE', #3384, #25 ) ;
#1871 = CONTEXT_DEPENDENT_SHAPE_REPRESENTATION ( #4294, #5197 ) ;
#1872 = DIRECTION ( 'NONE',  ( -0.0000000000000000000, 1.000000000000000000, -0.0000000000000000000 ) ) ;
#1873 = AXIS2_PLACEMENT_3D ( 'NONE', #3713, #5580, #2519 ) ;
#1874 = ORIENTED_EDGE ( 'NONE', *, *, #6185, .F. ) ;
#1876 = EDGE_CURVE ( 'NONE', #4439, #3905, #5666, .T. ) ;
#1875 = VERTEX_POINT ( 'NONE', #6921 ) ;
#1877 = PLANE ( 'NONE',  #5869 ) ;
#1878 = EDGE_LOOP ( 'NONE', ( #3894, #3857, #3342, #451 ) ) ;
#1879 = DIRECTION ( 'NONE',  ( -0.0000000000000000000, 1.000000000000000000, -0.0000000000000000000 ) ) ;
#1880 = CARTESIAN_POINT ( 'NONE',  ( 1.799999000000000127, -0.05000000000000000278, -0.09999999999999989453 ) ) ;
#1881 = ORIENTED_EDGE ( 'NONE', *, *, #5572, .T. ) ;
#1882 = VECTOR ( 'NONE', #4335, 39.37007874015748143 ) ;
#1883 = EDGE_LOOP ( 'NONE', ( #68, #2402, #919, #4292 ) ) ;
#1884 = CIRCLE ( 'NONE', #7566, 0.008999999999999822378 ) ;
#1885 = FACE_OUTER_BOUND ( 'NONE', #7692, .T. ) ;
#1886 = CARTESIAN_POINT ( 'NONE',  ( 0.1821961524227070084, 0.0000000000000000000, 0.0000000000000000000 ) ) ;
#1887 = VERTEX_POINT ( 'NONE', #4548 ) ;
#1888 = DIRECTION ( 'NONE',  ( 7.776898252968646568E-17, 0.0000000000000000000, -1.000000000000000000 ) ) ;
#1889 = CARTESIAN_POINT ( 'NONE',  ( 0.1999990000000001211, -0.1100000000000000006, 0.0000000000000000000 ) ) ;
#1890 = AXIS2_PLACEMENT_3D ( 'NONE', #1374, #3868, #3203 ) ;
#1891 = ORIENTED_EDGE ( 'NONE', *, *, #4813, .F. ) ;
#1892 = VECTOR ( 'NONE', #6701, 39.37007874015748143 ) ;
#1893 = DIRECTION ( 'NONE',  ( -0.3420201433256720991, 0.0000000000000000000, 0.9396926207859070956 ) ) ;
#1894 = ORIENTED_EDGE ( 'NONE', *, *, #307, .T. ) ;
#1895 = LINE ( 'NONE', #3046, #7704 ) ;
#1896 = PLANE ( 'NONE',  #3559 ) ;
#1897 = EDGE_CURVE ( 'NONE', #5984, #5838, #5953, .T. ) ;
#1898 = EDGE_CURVE ( 'NONE', #1025, #1303, #6258, .T. ) ;
#1899 = VECTOR ( 'NONE', #7157, 39.37007874015748143 ) ;
#1900 = ORIENTED_EDGE ( 'NONE', *, *, #740, .T. ) ;
#1901 = CARTESIAN_POINT ( 'NONE',  ( 0.1379674688103073310, 3.673940397442060153E-19, -0.05000000000000019013 ) ) ;
#1902 = LINE ( 'NONE', #3053, #6631 ) ;
#1903 = ORIENTED_EDGE ( 'NONE', *, *, #1318, .T. ) ;
#1904 = CARTESIAN_POINT ( 'NONE',  ( 0.09426646881030741054, 0.0000000000000000000, -0.01574999999999998623 ) ) ;
#1905 = DIRECTION ( 'NONE',  ( -0.0000000000000000000, 1.000000000000000000, -0.0000000000000000000 ) ) ;
#1906 = DIRECTION ( 'NONE',  ( -0.0000000000000000000, 1.000000000000000000, -0.0000000000000000000 ) ) ;
#1907 = LINE ( 'NONE', #1981, #3439 ) ;
#1908 = CIRCLE ( 'NONE', #6337, 0.02855000000000052982 ) ;
#1909 = EDGE_CURVE ( 'NONE', #3485, #4496, #5589, .T. ) ;
#1910 = LINE ( 'NONE', #82, #2705 ) ;
#1911 = EDGE_LOOP ( 'NONE', ( #126, #2240, #1457, #7751 ) ) ;
#1912 = ORIENTED_EDGE ( 'NONE', *, *, #7024, .F. ) ;
#1913 = VECTOR ( 'NONE', #353, 39.37007874015748854 ) ;
#1914 = CARTESIAN_POINT ( 'NONE',  ( 0.9759359376206147019, -0.05000000000000000278, -9.478001694819074349E-34 ) ) ;
#1915 = ORIENTED_EDGE ( 'NONE', *, *, #5016, .T. ) ;
#1916 = VECTOR ( 'NONE', #6289, 39.37007874015748854 ) ;
#1917 = CARTESIAN_POINT ( 'NONE',  ( 0.0000000000000000000, -0.05000000000000000278, 0.0000000000000000000 ) ) ;
#1918 = DIRECTION ( 'NONE',  ( 0.3420201433256639389, 0.0000000000000000000, -0.9396926207859100932 ) ) ;
#1919 = DIRECTION ( 'NONE',  ( 0.9396926207859100932, 0.0000000000000000000, 0.3420201433256638834 ) ) ;
#1920 = ADVANCED_FACE ( 'NONE', ( #5023 ), #822, .F. ) ;
#1921 = VECTOR ( 'NONE', #3703, 39.37007874015748854 ) ;
#1922 = VERTEX_POINT ( 'NONE', #3906 ) ;
#1923 = DIRECTION ( 'NONE',  ( 0.0000000000000000000, 0.0000000000000000000, 1.000000000000000000 ) ) ;
#1924 = DIRECTION ( 'NONE',  ( -1.000000000000000000, -0.0000000000000000000, -0.0000000000000000000 ) ) ;
#1925 = EDGE_LOOP ( 'NONE', ( #4278, #7774, #4597, #2318 ) ) ;
#1926 = DIRECTION ( 'NONE',  ( -0.0000000000000000000, 1.000000000000000000, -0.0000000000000000000 ) ) ;
#1927 = VECTOR ( 'NONE', #2576, 39.37007874015748143 ) ;
#1928 = CARTESIAN_POINT ( 'NONE',  ( 0.2910000000000024234, -6.733578453133398446E-16, 0.0000000000000000000 ) ) ;
#1929 = EDGE_CURVE ( 'NONE', #5213, #6102, #1532, .T. ) ;
#1930 = VECTOR ( 'NONE', #6987, 39.37007874015748143 ) ;
#1931 = ORIENTED_EDGE ( 'NONE', *, *, #500, .T. ) ;
#1932 = CARTESIAN_POINT ( 'NONE',  ( 1.781668468810307493, -0.05000000000000000278, -0.08424999999999954747 ) ) ;
#1933 = ORIENTED_EDGE ( 'NONE', *, *, #3121, .T. ) ;
#1934 = DIRECTION ( 'NONE',  ( 0.3420201433256663259, 0.0000000000000000000, 0.9396926207859092051 ) ) ;
#1935 = LINE ( 'NONE', #6656, #4060 ) ;
#1936 = VECTOR ( 'NONE', #1193, 39.37007874015748143 ) ;
#1937 = VECTOR ( 'NONE', #5069, 39.37007874015748143 ) ;
#1938 = VERTEX_POINT ( 'NONE', #146 ) ;
#1939 = LINE ( 'NONE', #6622, #5420 ) ;
#1940 = DIRECTION ( 'NONE',  ( -0.0000000000000000000, 1.000000000000000000, -0.0000000000000000000 ) ) ;
#1941 = ORIENTED_EDGE ( 'NONE', *, *, #294, .F. ) ;
#1943 = EDGE_CURVE ( 'NONE', #1694, #2306, #3166, .T. ) ;
#1942 = CARTESIAN_POINT ( 'NONE',  ( 0.4759359376206147019, -0.05000000000000000278, -0.09999999999999989453 ) ) ;
#1944 = EDGE_CURVE ( 'NONE', #4207, #2530, #6886, .T. ) ;
#1945 = FACE_OUTER_BOUND ( 'NONE', #3410, .T. ) ;
#1946 = DIRECTION ( 'NONE',  ( 0.3420201433256638834, 0.0000000000000000000, -0.9396926207859100932 ) ) ;
#1947 = DIRECTION ( 'NONE',  ( -0.3420201433256694346, -0.0000000000000000000, -0.9396926207859080948 ) ) ;
#1948 = VECTOR ( 'NONE', #1872, 39.37007874015748143 ) ;
#1949 = ORIENTED_EDGE ( 'NONE', *, *, #5834, .F. ) ;
#1950 = VERTEX_POINT ( 'NONE', #3828 ) ;
#1951 = AXIS2_PLACEMENT_3D ( 'NONE', #971, #7073, #2917 ) ;
#1952 = CARTESIAN_POINT ( 'NONE',  ( 0.7816684688103074929, 0.0000000000000000000, -0.08424999999999953360 ) ) ;
#1953 = ORIENTED_EDGE ( 'NONE', *, *, #5948, .T. ) ;
#1954 = LINE ( 'NONE', #4932, #2630 ) ;
#1955 = EDGE_CURVE ( 'NONE', #3884, #3723, #1973, .T. ) ;
#1956 = DIRECTION ( 'NONE',  ( 0.0000000000000000000, 0.0000000000000000000, 1.000000000000000000 ) ) ;
#1957 = LINE ( 'NONE', #6203, #4411 ) ;
#1958 = CARTESIAN_POINT ( 'NONE',  ( 1.037967468810307992, 0.1460000000000002129, -0.05000000000000016931 ) ) ;
#1959 = CARTESIAN_POINT ( 'NONE',  ( 0.3816684688103073597, -0.1100000000000000006, -0.08424999999999954747 ) ) ;
#1960 = ORIENTED_EDGE ( 'NONE', *, *, #3020, .F. ) ;
#1961 = DIRECTION ( 'NONE',  ( 1.000000000000000000, 0.0000000000000000000, 0.0000000000000000000 ) ) ;
#1962 = DIRECTION ( 'NONE',  ( -1.000000000000000000, 0.0000000000000000000, -7.776898252968646568E-17 ) ) ;
#1963 = ORIENTED_EDGE ( 'NONE', *, *, #55, .F. ) ;
#1964 = DIRECTION ( 'NONE',  ( -0.0000000000000000000, 1.000000000000000000, -0.0000000000000000000 ) ) ;
#1965 = EDGE_CURVE ( 'NONE', #3115, #7167, #4164, .T. ) ;
#1966 = EDGE_CURVE ( 'NONE', #1680, #5879, #3242, .T. ) ;
#1967 = DIRECTION ( 'NONE',  ( 0.3420201433256639389, 0.0000000000000000000, -0.9396926207859100932 ) ) ;
#1968 = CARTESIAN_POINT ( 'NONE',  ( 1.404185654867796673, -0.05000000000000000278, -0.5379927441786029885 ) ) ;
#1969 = ORIENTED_EDGE ( 'NONE', *, *, #4952, .T. ) ;
#1970 = CARTESIAN_POINT ( 'NONE',  ( 1.194266468810307513, -0.1100000000000000006, -0.01574999999999998623 ) ) ;
#1971 = EDGE_CURVE ( 'NONE', #3657, #3351, #6843, .T. ) ;
#1972 = ORIENTED_EDGE ( 'NONE', *, *, #5951, .F. ) ;
#1973 = LINE ( 'NONE', #902, #6196 ) ;
#1974 = CARTESIAN_POINT ( 'NONE',  ( 0.2910000000000024234, 0.0000000000000000000, 0.0000000000000000000 ) ) ;
#1975 = LINE ( 'NONE', #4993, #1473 ) ;
#1976 = DIRECTION ( 'NONE',  ( 7.776898252968646568E-17, 0.0000000000000000000, -1.000000000000000000 ) ) ;
#1977 = ORIENTED_EDGE ( 'NONE', *, *, #7556, .T. ) ;
#1978 = CARTESIAN_POINT ( 'NONE',  ( 1.337967468810307370, 3.673940397442060153E-19, -0.02144999999999966031 ) ) ;
#1979 = FACE_OUTER_BOUND ( 'NONE', #7056, .T. ) ;
#1980 = DIRECTION ( 'NONE',  ( 0.0000000000000000000, 0.0000000000000000000, 1.000000000000000000 ) ) ;
#1981 = CARTESIAN_POINT ( 'NONE',  ( 1.137967468810307414, 0.0000000000000000000, -0.07855000000000071647 ) ) ;
#1982 = ITEM_DEFINED_TRANSFORMATION ( 'NONE', 'NONE', #6888,  #3340 ) ;
#1983 = ADVANCED_FACE ( 'NONE', ( #224 ), #5745, .F. ) ;
#1984 = ORIENTED_EDGE ( 'NONE', *, *, #2179, .T. ) ;
#1985 = VERTEX_POINT ( 'NONE', #5702 ) ;
#1986 = CARTESIAN_POINT ( 'NONE',  ( 1.470472401391988981, -0.05000000000000000278, 0.5306191468397465361 ) ) ;
#1987 = EDGE_LOOP ( 'NONE', ( #3882, #3520, #1545, #5131 ) ) ;
#1988 = DIRECTION ( 'NONE',  ( -0.0000000000000000000, 1.000000000000000000, -0.0000000000000000000 ) ) ;
#1989 = CARTESIAN_POINT ( 'NONE',  ( 0.4816684688103073930, -0.05000000000000000278, -0.08424999999999954747 ) ) ;
#1990 = CARTESIAN_POINT ( 'NONE',  ( 0.8759359376206147241, -0.05000000000000000278, -0.09999999999999989453 ) ) ;
#1991 = DIRECTION ( 'NONE',  ( 0.0000000000000000000, 0.0000000000000000000, 1.000000000000000000 ) ) ;
#1992 = VECTOR ( 'NONE', #7506, 39.37007874015748143 ) ;
#1993 = EDGE_CURVE ( 'NONE', #5729, #7405, #3277, .T. ) ;
#1994 = EDGE_CURVE ( 'NONE', #5408, #4783, #1450, .T. ) ;
#1995 = ORIENTED_EDGE ( 'NONE', *, *, #4872, .F. ) ;
#1996 = FACE_OUTER_BOUND ( 'NONE', #4677, .T. ) ;
#1997 = CARTESIAN_POINT ( 'NONE',  ( 1.237967468810307281, -0.05000000000000000278, -0.07855000000000071647 ) ) ;
#1998 = ORIENTED_EDGE ( 'NONE', *, *, #1852, .F. ) ;
#1999 = CARTESIAN_POINT ( 'NONE',  ( -0.03066449223692698303, -0.05000000000000000278, -0.01574999999999998623 ) ) ;
#2000 = AXIS2_PLACEMENT_3D ( 'NONE', #1079, #4127, #2349 ) ;
#2001 = LINE ( 'NONE', #6878, #3567 ) ;
#2002 = CARTESIAN_POINT ( 'NONE',  ( 1.975934937620615894, -0.05000000000000000278, -0.09999999999999974187 ) ) ;
#2003 = VECTOR ( 'NONE', #7767, 39.37007874015748143 ) ;
#2004 = ADVANCED_FACE ( 'NONE', ( #306 ), #7553, .F. ) ;
#2005 = ORIENTED_EDGE ( 'NONE', *, *, #3493, .F. ) ;
#2006 = FACE_OUTER_BOUND ( 'NONE', #7038, .T. ) ;
#2007 = ORIENTED_EDGE ( 'NONE', *, *, #6177, .F. ) ;
#2008 = CARTESIAN_POINT ( 'NONE',  ( 0.1910000000000004472, 0.0000000000000000000, 0.0000000000000000000 ) ) ;
#2009 = VECTOR ( 'NONE', #5271, 39.37007874015748143 ) ;
#2010 = DIRECTION ( 'NONE',  ( 1.355298456929802892E-15, 0.0000000000000000000, 1.000000000000000000 ) ) ;
#2011 = EDGE_CURVE ( 'NONE', #1268, #821, #2925, .T. ) ;
#2012 = AXIS2_PLACEMENT_3D ( 'NONE', #2173, #2017, #4557 ) ;
#2013 = LINE ( 'NONE', #6891, #5109 ) ;
#2014 = ORIENTED_EDGE ( 'NONE', *, *, #222, .F. ) ;
#2015 = LINE ( 'NONE', #230, #862 ) ;
#2016 = LINE ( 'NONE', #1868, #7729 ) ;
#2017 = DIRECTION ( 'NONE',  ( -1.000000000000000000, -0.0000000000000000000, -0.0000000000000000000 ) ) ;
#2018 = DIMENSIONAL_EXPONENTS ( 1.000000000000000000, 0.0000000000000000000, 0.0000000000000000000, 0.0000000000000000000, 0.0000000000000000000, 0.0000000000000000000, 0.0000000000000000000 ) ;
#2019 = ADVANCED_FACE ( 'NONE', ( #2164 ), #344, .T. ) ;
#2020 = PRODUCT ( 'mill-max-335-10-120-00-160000', 'mill-max-335-10-120-00-160000', '', ( #1634 ) ) ;
#2021 = ORIENTED_EDGE ( 'NONE', *, *, #996, .T. ) ;
#2022 = ORIENTED_EDGE ( 'NONE', *, *, #6210, .F. ) ;
#2023 = FACE_OUTER_BOUND ( 'NONE', #5720, .T. ) ;
#2024 = ORIENTED_EDGE ( 'NONE', *, *, #7323, .F. ) ;
#2025 = DIRECTION ( 'NONE',  ( -0.0000000000000000000, 1.000000000000000000, -0.0000000000000000000 ) ) ;
#2026 = CARTESIAN_POINT ( 'NONE',  ( 0.7379674688103073921, 0.0000000000000000000, -0.07855000000000071647 ) ) ;
#2027 = DIRECTION ( 'NONE',  ( 0.0000000000000000000, 1.000000000000000000, 0.0000000000000000000 ) ) ;
#2028 = CIRCLE ( 'NONE', #1779, 0.02855000000000052982 ) ;
#2029 = LENGTH_MEASURE_WITH_UNIT ( LENGTH_MEASURE( 0.02539999999999999897 ), #1327 );
#2030 = AXIS2_PLACEMENT_3D ( 'NONE', #4761, #7171, #4161 ) ;
#2031 = AXIS2_PLACEMENT_3D ( 'NONE', #2639, #4584, #7588 ) ;
#2032 = ORIENTED_EDGE ( 'NONE', *, *, #1135, .T. ) ;
#2033 = ORIENTED_EDGE ( 'NONE', *, *, #5379, .T. ) ;
#2034 = CARTESIAN_POINT ( 'NONE',  ( 1.494266468810307558, -0.1100000000000000006, -0.08424999999999957523 ) ) ;
#2035 = ORIENTED_EDGE ( 'NONE', *, *, #2897, .F. ) ;
#2036 = CARTESIAN_POINT ( 'NONE',  ( 0.5999990000000001711, -0.1100000000000000006, 0.0000000000000000000 ) ) ;
#2037 = LINE ( 'NONE', #5054, #7264 ) ;
#2038 = EDGE_CURVE ( 'NONE', #7145, #1750, #429, .T. ) ;
#2039 = EDGE_CURVE ( 'NONE', #4532, #6239, #3517, .T. ) ;
#2040 = CARTESIAN_POINT ( 'NONE',  ( 0.9942664688103074466, 0.0000000000000000000, -0.08424999999999957523 ) ) ;
#2041 = DIRECTION ( 'NONE',  ( 0.3420201433256663259, 0.0000000000000000000, 0.9396926207859092051 ) ) ;
#2042 = AXIS2_PLACEMENT_3D ( 'NONE', #1217, #4982, #6684 ) ;
#2043 = VECTOR ( 'NONE', #5247, 39.37007874015748143 ) ;
#2044 = ORIENTED_EDGE ( 'NONE', *, *, #5127, .T. ) ;
#2045 = CARTESIAN_POINT ( 'NONE',  ( 0.2942664688103074355, -0.1100000000000000006, -0.08424999999999957523 ) ) ;
#2046 = CARTESIAN_POINT ( 'NONE',  ( 1.594266468810307424, -0.1100000000000000006, -0.01574999999999998623 ) ) ;
#2047 = VERTEX_POINT ( 'NONE', #4591 ) ;
#2048 = DIRECTION ( 'NONE',  ( -1.000000000000000000, -0.0000000000000000000, -0.0000000000000000000 ) ) ;
#2049 = ADVANCED_FACE ( 'NONE', ( #4027 ), #467, .F. ) ;
#2050 = DIRECTION ( 'NONE',  ( 1.000000000000000000, 0.0000000000000000000, 0.0000000000000000000 ) ) ;
#2051 = AXIS2_PLACEMENT_3D ( 'NONE', #5305, #3353, #463 ) ;
#2052 = DIRECTION ( 'NONE',  ( -0.0000000000000000000, 1.000000000000000000, -0.0000000000000000000 ) ) ;
#2053 = ADVANCED_FACE ( 'NONE', ( #6452 ), #6536, .F. ) ;
#2054 = VECTOR ( 'NONE', #3253, 39.37007874015748143 ) ;
#2055 = CARTESIAN_POINT ( 'NONE',  ( 0.3379674688103073699, -0.05000000000000000278, -0.05000000000000019013 ) ) ;
#2056 = ORIENTED_EDGE ( 'NONE', *, *, #1411, .T. ) ;
#2057 = CARTESIAN_POINT ( 'NONE',  ( 0.0000000000000000000, -0.05000000000000000278, 0.0000000000000000000 ) ) ;
#2058 = EDGE_CURVE ( 'NONE', #7669, #6748, #6444, .T. ) ;
#2059 = LINE ( 'NONE', #5789, #7738 ) ;
#2060 = PLANE ( 'NONE',  #1533 ) ;
#2061 = CARTESIAN_POINT ( 'NONE',  ( 1.304759118764638570, -0.05000000000000000278, 0.4703044445408626761 ) ) ;
#2062 = AXIS2_PLACEMENT_3D ( 'NONE', #6262, #2169, #5708 ) ;
#2063 = ORIENTED_EDGE ( 'NONE', *, *, #5046, .T. ) ;
#2064 = ORIENTED_EDGE ( 'NONE', *, *, #7761, .T. ) ;
#2065 = CARTESIAN_POINT ( 'NONE',  ( 1.987967468810307503, -0.05000000000000000278, -0.01574999999999984746 ) ) ;
#2066 = EDGE_LOOP ( 'NONE', ( #6634, #3118, #4401, #322 ) ) ;
#2067 = DIRECTION ( 'NONE',  ( -0.0000000000000000000, 1.000000000000000000, -0.0000000000000000000 ) ) ;
#2068 = EDGE_CURVE ( 'NONE', #1361, #7669, #2285, .T. ) ;
#2069 = CARTESIAN_POINT ( 'NONE',  ( 1.737967468810307281, 0.0000000000000000000, -0.05000000000000019013 ) ) ;
#2070 = AXIS2_PLACEMENT_3D ( 'NONE', #4015, #2715, #5135 ) ;
#2071 =( NAMED_UNIT ( * ) PLANE_ANGLE_UNIT ( ) SI_UNIT ( $, .RADIAN. ) );
#2072 = CIRCLE ( 'NONE', #5385, 0.02599999999999999534 ) ;
#2073 = ORIENTED_EDGE ( 'NONE', *, *, #1483, .F. ) ;
#2074 = VERTEX_POINT ( 'NONE', #5946 ) ;
#2075 = CARTESIAN_POINT ( 'NONE',  ( 1.675935937620614880, 0.0000000000000000000, -0.09999999999999989453 ) ) ;
#2076 = ORIENTED_EDGE ( 'NONE', *, *, #1462, .F. ) ;
#2077 = CARTESIAN_POINT ( 'NONE',  ( 0.3942664688103074133, -0.1100000000000000006, -0.01574999999999998623 ) ) ;
#2078 = FACE_OUTER_BOUND ( 'NONE', #1865, .T. ) ;
#2079 = DIRECTION ( 'NONE',  ( 0.9396926207859100932, 0.0000000000000000000, 0.3420201433256638834 ) ) ;
#2080 = DIRECTION ( 'NONE',  ( -0.0000000000000000000, 1.000000000000000000, -0.0000000000000000000 ) ) ;
#2081 = MECHANICAL_DESIGN_GEOMETRIC_PRESENTATION_REPRESENTATION (  '', ( #5759 ), #309 ) ;
#2082 = EDGE_CURVE ( 'NONE', #6257, #3772, #2264, .T. ) ;
#2083 = VERTEX_POINT ( 'NONE', #509 ) ;
#2084 = ADVANCED_FACE ( 'NONE', ( #4712 ), #3950, .F. ) ;
#2085 = PLANE ( 'NONE',  #2804 ) ;
#2086 = CARTESIAN_POINT ( 'NONE',  ( 0.6759359376206146575, -0.05000000000000000278, -0.09999999999999989453 ) ) ;
#2087 = ORIENTED_EDGE ( 'NONE', *, *, #3329, .F. ) ;
#2088 = ORIENTED_EDGE ( 'NONE', *, *, #7208, .F. ) ;
#2089 = DIRECTION ( 'NONE',  ( 0.0000000000000000000, 0.0000000000000000000, 1.000000000000000000 ) ) ;
#2090 = CARTESIAN_POINT ( 'NONE',  ( 0.4816684688103073930, 0.0000000000000000000, -0.08424999999999954747 ) ) ;
#2091 = PRODUCT_DEFINITION_SHAPE ( 'NONE', 'NONE',  #4455 ) ;
#2092 = EDGE_CURVE ( 'NONE', #5064, #3516, #5867, .T. ) ;
#2093 = CARTESIAN_POINT ( 'NONE',  ( 0.08166846881030741245, -0.1100000000000000006, -0.08424999999999954747 ) ) ;
#2094 = EDGE_LOOP ( 'NONE', ( #5681, #6955, #2209, #1420 ) ) ;
#2095 = CARTESIAN_POINT ( 'NONE',  ( 1.975934937620615894, 0.0000000000000000000, -0.09999999999999974187 ) ) ;
#2096 = CARTESIAN_POINT ( 'NONE',  ( 1.294266468810307380, 0.0000000000000000000, -0.01574999999999998623 ) ) ;
#2097 = CARTESIAN_POINT ( 'NONE',  ( 0.7816684688103074929, -0.1100000000000000006, -0.01574999999999998623 ) ) ;
#2098 = LINE ( 'NONE', #5833, #782 ) ;
#2099 = ADVANCED_FACE ( 'NONE', ( #4670 ), #2244, .T. ) ;
#2100 = VERTEX_POINT ( 'NONE', #4631 ) ;
#2101 = ORIENTED_EDGE ( 'NONE', *, *, #72, .F. ) ;
#2102 = DIRECTION ( 'NONE',  ( 0.3420201433256663259, 0.0000000000000000000, 0.9396926207859092051 ) ) ;
#2103 = ORIENTED_EDGE ( 'NONE', *, *, #7417, .F. ) ;
#2104 = FACE_BOUND ( 'NONE', #7590, .T. ) ;
#2105 = FACE_OUTER_BOUND ( 'NONE', #5652, .T. ) ;
#2106 = FACE_OUTER_BOUND ( 'NONE', #4750, .T. ) ;
#2107 = VECTOR ( 'NONE', #587, 39.37007874015748854 ) ;
#2108 = ORIENTED_EDGE ( 'NONE', *, *, #781, .T. ) ;
#2109 = ORIENTED_EDGE ( 'NONE', *, *, #1824, .F. ) ;
#2110 = DIRECTION ( 'NONE',  ( -0.9396926207859093161, 0.0000000000000000000, 0.3420201433256663814 ) ) ;
#2111 = EDGE_LOOP ( 'NONE', ( #6389, #4684, #6559, #4938 ) ) ;
#2112 = DIRECTION ( 'NONE',  ( -0.0000000000000000000, 1.000000000000000000, -0.0000000000000000000 ) ) ;
#2113 = LINE ( 'NONE', #3460, #5380 ) ;
#2114 = VECTOR ( 'NONE', #815, 39.37007874015748143 ) ;
#2115 = CARTESIAN_POINT ( 'NONE',  ( 0.009000000000000368816, 1.092739197465705287E-15, 0.0000000000000000000 ) ) ;
#2116 = LINE ( 'NONE', #1564, #1833 ) ;
#2117 = ORIENTED_EDGE ( 'NONE', *, *, #1806, .T. ) ;
#2118 = AXIS2_PLACEMENT_3D ( 'NONE', #1272, #3647, #41 ) ;
#2119 = DIRECTION ( 'NONE',  ( -1.000000000000000000, 0.0000000000000000000, -7.776898252968646568E-17 ) ) ;
#2120 = CARTESIAN_POINT ( 'NONE',  ( 0.1759359376206146575, -0.05000000000000000278, -0.09999999999999989453 ) ) ;
#2121 = VERTEX_POINT ( 'NONE', #7041 ) ;
#2122 = CARTESIAN_POINT ( 'NONE',  ( 0.4991479576765472381, -0.05000000000000000278, 0.1770859615121541941 ) ) ;
#2123 = ORIENTED_EDGE ( 'NONE', *, *, #7244, .F. ) ;
#2124 = CARTESIAN_POINT ( 'NONE',  ( 0.6816684688103075151, -0.1100000000000000006, -0.01574999999999998623 ) ) ;
#2125 = CARTESIAN_POINT ( 'NONE',  ( 1.881668468810307582, 0.0000000000000000000, -0.01574999999999998623 ) ) ;
#2126 = AXIS2_PLACEMENT_3D ( 'NONE', #2534, #4960, #7377 ) ;
#2127 = VERTEX_POINT ( 'NONE', #7593 ) ;
#2128 = VECTOR ( 'NONE', #7519, 39.37007874015748143 ) ;
#2129 = CARTESIAN_POINT ( 'NONE',  ( 0.08166846881030741245, -0.1100000000000000006, -0.08424999999999954747 ) ) ;
#2130 = EDGE_LOOP ( 'NONE', ( #7745, #5343, #7792, #3220 ) ) ;
#2131 = FACE_OUTER_BOUND ( 'NONE', #2931, .T. ) ;
#2132 = FACE_OUTER_BOUND ( 'NONE', #7533, .T. ) ;
#2133 = DIRECTION ( 'NONE',  ( -0.0000000000000000000, 1.000000000000000000, -0.0000000000000000000 ) ) ;
#2134 = ADVANCED_FACE ( 'NONE', ( #1652 ), #3990, .F. ) ;
#2135 = CARTESIAN_POINT ( 'NONE',  ( 0.9379674688103074587, 0.0000000000000000000, -0.05000000000000019013 ) ) ;
#2136 = ADVANCED_FACE ( 'NONE', ( #6497 ), #981, .T. ) ;
#2137 = AXIS2_PLACEMENT_3D ( 'NONE', #1792, #5409, #1121 ) ;
#2138 = ORIENTED_EDGE ( 'NONE', *, *, #6600, .T. ) ;
#2139 = ORIENTED_EDGE ( 'NONE', *, *, #3521, .F. ) ;
#2140 = CARTESIAN_POINT ( 'NONE',  ( 1.699999000000000260, -0.1100000000000000006, -0.09999999999999989453 ) ) ;
#2141 = VERTEX_POINT ( 'NONE', #1065 ) ;
#2142 = FACE_BOUND ( 'NONE', #7402, .T. ) ;
#2143 = DIRECTION ( 'NONE',  ( 1.000000000000000000, 0.0000000000000000000, 0.0000000000000000000 ) ) ;
#2144 = LINE ( 'NONE', #6313, #6453 ) ;
#2145 = EDGE_CURVE ( 'NONE', #2958, #3891, #1733, .T. ) ;
#2146 = CONTEXT_DEPENDENT_SHAPE_REPRESENTATION ( #4855, #3918 ) ;
#2147 = VERTEX_POINT ( 'NONE', #3227 ) ;
#2148 = ORIENTED_EDGE ( 'NONE', *, *, #6519, .T. ) ;
#2149 = VECTOR ( 'NONE', #118, 39.37007874015748143 ) ;
#2150 = CARTESIAN_POINT ( 'NONE',  ( 0.8999990000000001045, -0.1100000000000000006, -0.09999999999999989453 ) ) ;
#2151 = VERTEX_POINT ( 'NONE', #92 ) ;
#2152 = CARTESIAN_POINT ( 'NONE',  ( 1.737967468810307281, 3.673940397442060153E-19, -0.05000000000000019013 ) ) ;
#2153 = DIRECTION ( 'NONE',  ( -0.0000000000000000000, 1.000000000000000000, -0.0000000000000000000 ) ) ;
#2154 = ADVANCED_FACE ( 'NONE', ( #2368 ), #6242, .F. ) ;
#2155 = LINE ( 'NONE', #4416, #143 ) ;
#2156 = DIRECTION ( 'NONE',  ( -0.0000000000000000000, 1.000000000000000000, -0.0000000000000000000 ) ) ;
#2157 = ORIENTED_EDGE ( 'NONE', *, *, #4773, .T. ) ;
#2158 = CARTESIAN_POINT ( 'NONE',  ( 0.09426646881030739666, -0.1100000000000000006, -0.08424999999999957523 ) ) ;
#2159 = LINE ( 'NONE', #5742, #2176 ) ;
#2160 = ORIENTED_EDGE ( 'NONE', *, *, #4840, .F. ) ;
#2161 = FACE_OUTER_BOUND ( 'NONE', #725, .T. ) ;
#2162 = AXIS2_PLACEMENT_3D ( 'NONE', #2837, #4661, #4250 ) ;
#2163 = ORIENTED_EDGE ( 'NONE', *, *, #1404, .T. ) ;
#2164 = FACE_OUTER_BOUND ( 'NONE', #6627, .T. ) ;
#2165 = EDGE_CURVE ( 'NONE', #2477, #7530, #2548, .T. ) ;
#2166 = LINE ( 'NONE', #2090, #1281 ) ;
#2167 = AXIS2_PLACEMENT_3D ( 'NONE', #2429, #3651, #6079 ) ;
#2168 = ORIENTED_EDGE ( 'NONE', *, *, #4781, .F. ) ;
#2169 = DIRECTION ( 'NONE',  ( -0.0000000000000000000, 1.000000000000000000, -0.0000000000000000000 ) ) ;
#2170 = EDGE_LOOP ( 'NONE', ( #3501, #4931, #4068, #3523 ) ) ;
#2171 = PLANE ( 'NONE',  #1370 ) ;
#2172 = CARTESIAN_POINT ( 'NONE',  ( -0.03066449223692698303, -0.05000000000000000278, -0.01574999999999998623 ) ) ;
#2173 = CARTESIAN_POINT ( 'NONE',  ( 0.2910000000000024234, 0.0000000000000000000, 0.0000000000000000000 ) ) ;
#2174 = VECTOR ( 'NONE', #5103, 39.37007874015748143 ) ;
#2175 = DIRECTION ( 'NONE',  ( -1.000000000000000000, -0.0000000000000000000, -0.0000000000000000000 ) ) ;
#2176 = VECTOR ( 'NONE', #5776, 39.37007874015748854 ) ;
#2177 = EDGE_CURVE ( 'NONE', #5569, #7099, #807, .T. ) ;
#2178 = VERTEX_POINT ( 'NONE', #7423 ) ;
#2179 = EDGE_CURVE ( 'NONE', #1062, #613, #6572, .T. ) ;
#2180 = ORIENTED_EDGE ( 'NONE', *, *, #1758, .T. ) ;
#2181 = CARTESIAN_POINT ( 'NONE',  ( 1.975934937620615894, -0.05000000000000000278, -0.09999999999999974187 ) ) ;
#2182 = ORIENTED_EDGE ( 'NONE', *, *, #3844, .T. ) ;
#2183 = FACE_BOUND ( 'NONE', #2348, .T. ) ;
#2184 = CARTESIAN_POINT ( 'NONE',  ( 0.4999990000000001378, -0.1100000000000000006, 0.0000000000000000000 ) ) ;
#2185 = LINE ( 'NONE', #3969, #4549 ) ;
#2186 = DIRECTION ( 'NONE',  ( -3.491481338843133355E-15, -1.000000000000000000, 0.0000000000000000000 ) ) ;
#2187 = VECTOR ( 'NONE', #6047, 39.37007874015748143 ) ;
#2188 = EDGE_LOOP ( 'NONE', ( #7795, #680, #7416, #6123 ) ) ;
#2189 = ADVANCED_FACE ( 'NONE', ( #5009 ), #5574, .F. ) ;
#2190 = ORIENTED_EDGE ( 'NONE', *, *, #4918, .F. ) ;
#2191 = CARTESIAN_POINT ( 'NONE',  ( 0.3816684688103073597, 0.0000000000000000000, -0.01574999999999998623 ) ) ;
#2192 = ORIENTED_EDGE ( 'NONE', *, *, #7586, .F. ) ;
#2193 = LINE ( 'NONE', #2673, #1992 ) ;
#2194 = DIRECTION ( 'NONE',  ( 0.9396926207859080948, 0.0000000000000000000, -0.3420201433256695456 ) ) ;
#2195 = DIRECTION ( 'NONE',  ( -0.3420201433256695456, 0.0000000000000000000, -0.9396926207859080948 ) ) ;
#2196 = LINE ( 'NONE', #1093, #1069 ) ;
#2197 = EDGE_CURVE ( 'NONE', #7026, #3440, #4675, .T. ) ;
#2198 = EDGE_LOOP ( 'NONE', ( #1900, #6057, #6749, #5256 ) ) ;
#2199 = EDGE_CURVE ( 'NONE', #4476, #524, #1140, .T. ) ;
#2200 = FACE_OUTER_BOUND ( 'NONE', #7016, .T. ) ;
#2201 = CARTESIAN_POINT ( 'NONE',  ( 1.581668468810307315, -0.1100000000000000006, -0.08424999999999954747 ) ) ;
#2202 = VERTEX_POINT ( 'NONE', #3188 ) ;
#2203 = PLANE ( 'NONE',  #7050 ) ;
#2204 = VECTOR ( 'NONE', #520, 39.37007874015748143 ) ;
#2205 = ORIENTED_EDGE ( 'NONE', *, *, #4904, .F. ) ;
#2206 = DIRECTION ( 'NONE',  ( -0.0000000000000000000, 1.000000000000000000, -0.0000000000000000000 ) ) ;
#2207 = DIRECTION ( 'NONE',  ( -0.3420201433256638834, 0.0000000000000000000, 0.9396926207859100932 ) ) ;
#2208 = AXIS2_PLACEMENT_3D ( 'NONE', #408, #4611, #1676 ) ;
#2209 = ORIENTED_EDGE ( 'NONE', *, *, #1824, .T. ) ;
#2210 = EDGE_CURVE ( 'NONE', #1950, #3351, #5649, .T. ) ;
#2211 = DIRECTION ( 'NONE',  ( 1.000000000000000000, 0.0000000000000000000, 0.0000000000000000000 ) ) ;
#2212 = ORIENTED_EDGE ( 'NONE', *, *, #7370, .F. ) ;
#2213 = FACE_OUTER_BOUND ( 'NONE', #4117, .T. ) ;
#2214 = DIRECTION ( 'NONE',  ( -1.000000000000000000, -0.0000000000000000000, -0.0000000000000000000 ) ) ;
#2215 = CARTESIAN_POINT ( 'NONE',  ( 1.875935937620614835, -0.1100000000000000006, -9.478001694819074349E-34 ) ) ;
#2216 = DIRECTION ( 'NONE',  ( 0.3420201433256663259, 0.0000000000000000000, 0.9396926207859092051 ) ) ;
#2217 = ORIENTED_EDGE ( 'NONE', *, *, #114, .T. ) ;
#2218 = VERTEX_POINT ( 'NONE', #698 ) ;
#2219 = DIRECTION ( 'NONE',  ( 0.3420201433256695456, 0.0000000000000000000, 0.9396926207859080948 ) ) ;
#2220 = ORIENTED_EDGE ( 'NONE', *, *, #1955, .F. ) ;
#2221 = LINE ( 'NONE', #7812, #1485 ) ;
#2222 = CARTESIAN_POINT ( 'NONE',  ( 1.837967468810307370, 3.673940397442060153E-19, -0.05000000000000019013 ) ) ;
#2223 = DIRECTION ( 'NONE',  ( -0.0000000000000000000, 1.000000000000000000, -0.0000000000000000000 ) ) ;
#2224 = PRODUCT_RELATED_PRODUCT_CATEGORY ( 'part', '', ( #2020 ) ) ;
#2225 = EDGE_CURVE ( 'NONE', #5276, #6208, #6827, .T. ) ;
#2226 = DIRECTION ( 'NONE',  ( 1.000000000000000000, 0.0000000000000000000, -1.355298456929802892E-15 ) ) ;
#2227 = ORIENTED_EDGE ( 'NONE', *, *, #3299, .T. ) ;
#2228 = VERTEX_POINT ( 'NONE', #7797 ) ;
#2229 = PLANE ( 'NONE',  #6111 ) ;
#2230 = ORIENTED_EDGE ( 'NONE', *, *, #2723, .T. ) ;
#2231 = DIRECTION ( 'NONE',  ( 0.0000000000000000000, 0.0000000000000000000, 1.000000000000000000 ) ) ;
#2232 = CARTESIAN_POINT ( 'NONE',  ( 0.1821961524227070084, 3.184081677783118222E-18, -0.02599999999999999534 ) ) ;
#2233 = LINE ( 'NONE', #970, #397 ) ;
#2234 = CARTESIAN_POINT ( 'NONE',  ( 0.9759359376206147019, 0.0000000000000000000, -0.09999999999999989453 ) ) ;
#2235 = EDGE_CURVE ( 'NONE', #2725, #4496, #4789, .T. ) ;
#2236 = ADVANCED_FACE ( 'NONE', ( #4301 ), #1326, .F. ) ;
#2237 = VERTEX_POINT ( 'NONE', #1990 ) ;
#2238 = DIRECTION ( 'NONE',  ( -0.0000000000000000000, 1.000000000000000000, -0.0000000000000000000 ) ) ;
#2239 = DIRECTION ( 'NONE',  ( -0.0000000000000000000, 1.000000000000000000, -0.0000000000000000000 ) ) ;
#2240 = ORIENTED_EDGE ( 'NONE', *, *, #1746, .T. ) ;
#2241 = CARTESIAN_POINT ( 'NONE',  ( 0.6816684688103075151, -0.1100000000000000006, -0.08424999999999954747 ) ) ;
#2242 = CIRCLE ( 'NONE', #7686, 0.02855000000000052288 ) ;
#2243 = ORIENTED_EDGE ( 'NONE', *, *, #5961, .F. ) ;
#2244 = PLANE ( 'NONE',  #5314 ) ;
#2245 = CARTESIAN_POINT ( 'NONE',  ( 1.781668468810307493, -0.05000000000000000278, -0.01574999999999998623 ) ) ;
#2246 = EDGE_CURVE ( 'NONE', #723, #5767, #5564, .T. ) ;
#2247 = VECTOR ( 'NONE', #5854, 39.37007874015748143 ) ;
#2248 = ORIENTED_EDGE ( 'NONE', *, *, #4509, .T. ) ;
#2249 = CARTESIAN_POINT ( 'NONE',  ( 1.281668468810307271, -0.1100000000000000006, -0.01574999999999998623 ) ) ;
#2250 = ORIENTED_EDGE ( 'NONE', *, *, #4764, .F. ) ;
#2251 = LINE ( 'NONE', #2932, #2003 ) ;
#2252 = VECTOR ( 'NONE', #117, 39.37007874015748143 ) ;
#2253 = DIRECTION ( 'NONE',  ( -1.000000000000000000, 0.0000000000000000000, -7.776898252968647801E-17 ) ) ;
#2254 = DIRECTION ( 'NONE',  ( -0.3420201433256694346, -0.0000000000000000000, -0.9396926207859080948 ) ) ;
#2255 = DIRECTION ( 'NONE',  ( -0.0000000000000000000, 1.000000000000000000, -0.0000000000000000000 ) ) ;
#2256 = EDGE_CURVE ( 'NONE', #2544, #2473, #5612, .T. ) ;
#2257 = VECTOR ( 'NONE', #631, 39.37007874015748143 ) ;
#2258 = ORIENTED_EDGE ( 'NONE', *, *, #6276, .F. ) ;
#2259 = ORIENTED_EDGE ( 'NONE', *, *, #3594, .T. ) ;
#2260 = VERTEX_POINT ( 'NONE', #4407 ) ;
#2261 = DIRECTION ( 'NONE',  ( -0.0000000000000000000, 1.000000000000000000, -0.0000000000000000000 ) ) ;
#2262 = CARTESIAN_POINT ( 'NONE',  ( 0.6816684688103075151, -0.1100000000000000006, -0.01574999999999998623 ) ) ;
#2263 = LINE ( 'NONE', #7413, #5322 ) ;
#2264 = CIRCLE ( 'NONE', #7451, 0.02855000000000052982 ) ;
#2265 = EDGE_CURVE ( 'NONE', #2758, #6002, #1394, .T. ) ;
#2266 = CARTESIAN_POINT ( 'NONE',  ( 1.137967468810308080, 0.1460000000000002129, -0.05000000000000016931 ) ) ;
#2267 = CARTESIAN_POINT ( 'NONE',  ( 0.1910000000000004472, 2.939152317953754434E-18, -0.02200000000000174732 ) ) ;
#2268 = ORIENTED_EDGE ( 'NONE', *, *, #1944, .T. ) ;
#2269 = AXIS2_PLACEMENT_3D ( 'NONE', #1043, #6590, #3456 ) ;
#2270 = VERTEX_POINT ( 'NONE', #7390 ) ;
#2271 = CARTESIAN_POINT ( 'NONE',  ( 0.1910000000000004472, 0.0000000000000000000, 0.02200000000000174732 ) ) ;
#2272 = ORIENTED_EDGE ( 'NONE', *, *, #4096, .T. ) ;
#2273 = CARTESIAN_POINT ( 'NONE',  ( 1.175935937620614880, -0.1100000000000000006, -0.09999999999999989453 ) ) ;
#2274 = LINE ( 'NONE', #6402, #3596 ) ;
#2275 = CARTESIAN_POINT ( 'NONE',  ( 0.2816684688103074374, -0.1100000000000000006, -0.08424999999999954747 ) ) ;
#2276 = VECTOR ( 'NONE', #4859, 39.37007874015748143 ) ;
#2277 = ORIENTED_EDGE ( 'NONE', *, *, #1453, .T. ) ;
#2278 = DIRECTION ( 'NONE',  ( 0.3420201433256639389, 0.0000000000000000000, -0.9396926207859100932 ) ) ;
#2279 = CARTESIAN_POINT ( 'NONE',  ( 1.837967468810307370, 0.0000000000000000000, -0.05000000000000019013 ) ) ;
#2280 = ORIENTED_EDGE ( 'NONE', *, *, #1508, .F. ) ;
#2281 = EDGE_CURVE ( 'NONE', #4783, #1604, #1957, .T. ) ;
#2282 = LINE ( 'NONE', #2962, #215 ) ;
#2283 = EDGE_CURVE ( 'NONE', #2127, #5005, #1551, .T. ) ;
#2284 = ORIENTED_EDGE ( 'NONE', *, *, #5059, .T. ) ;
#2285 = LINE ( 'NONE', #1101, #7710 ) ;
#2286 = CARTESIAN_POINT ( 'NONE',  ( 0.6999990000000000379, -0.1100000000000000006, -0.09999999999999989453 ) ) ;
#2287 = VECTOR ( 'NONE', #6626, 39.37007874015748143 ) ;
#2288 = EDGE_LOOP ( 'NONE', ( #3583, #2109 ) ) ;
#2289 = VECTOR ( 'NONE', #7048, 39.37007874015748143 ) ;
#2290 = VECTOR ( 'NONE', #3352, 39.37007874015748143 ) ;
#2291 = ADVANCED_FACE ( 'NONE', ( #7459 ), #1510, .T. ) ;
#2292 = CARTESIAN_POINT ( 'NONE',  ( 1.337967468810307370, 3.673940397442060153E-19, -0.07855000000000071647 ) ) ;
#2293 = VERTEX_POINT ( 'NONE', #3338 ) ;
#2294 = DIRECTION ( 'NONE',  ( -0.0000000000000000000, 1.000000000000000000, -0.0000000000000000000 ) ) ;
#2295 = FACE_OUTER_BOUND ( 'NONE', #239, .T. ) ;
#2296 = LINE ( 'NONE', #7645, #6971 ) ;
#2297 = LINE ( 'NONE', #4725, #6019 ) ;
#2298 = VECTOR ( 'NONE', #1967, 39.37007874015748143 ) ;
#2299 = VECTOR ( 'NONE', #6094, 39.37007874015748143 ) ;
#2300 = EDGE_CURVE ( 'NONE', #4387, #5234, #1434, .T. ) ;
#2301 = VERTEX_POINT ( 'NONE', #4610 ) ;
#2303 = EDGE_CURVE ( 'NONE', #2386, #6084, #7022, .T. ) ;
#2302 = EDGE_LOOP ( 'NONE', ( #836, #2324, #1071, #2591 ) ) ;
#2304 = VECTOR ( 'NONE', #1648, 39.37007874015748143 ) ;
#2305 = DIRECTION ( 'NONE',  ( -1.000000000000000000, -0.0000000000000000000, -0.0000000000000000000 ) ) ;
#2306 = VERTEX_POINT ( 'NONE', #961 ) ;
#2307 = CARTESIAN_POINT ( 'NONE',  ( 0.9942664688103074466, 0.0000000000000000000, -0.01574999999999998623 ) ) ;
#2308 = LINE ( 'NONE', #7694, #2287 ) ;
#2309 = ORIENTED_EDGE ( 'NONE', *, *, #5604, .T. ) ;
#2310 = LINE ( 'NONE', #3576, #3280 ) ;
#2311 = CONTEXT_DEPENDENT_SHAPE_REPRESENTATION ( #501, #3033 ) ;
#2312 = VECTOR ( 'NONE', #1487, 39.37007874015748143 ) ;
#2313 = DIRECTION ( 'NONE',  ( 0.0000000000000000000, 1.000000000000000000, 0.0000000000000000000 ) ) ;
#2314 = EDGE_LOOP ( 'NONE', ( #4618, #4112 ) ) ;
#2316 = EDGE_CURVE ( 'NONE', #4062, #7405, #2706, .T. ) ;
#2315 = EDGE_LOOP ( 'NONE', ( #7632, #3568, #7169, #3867 ) ) ;
#2317 = CARTESIAN_POINT ( 'NONE',  ( 1.881668468810307582, 0.0000000000000000000, -0.08424999999999954747 ) ) ;
#2318 = ORIENTED_EDGE ( 'NONE', *, *, #4031, .F. ) ;
#2319 = LINE ( 'NONE', #6562, #7689 ) ;
#2320 = CARTESIAN_POINT ( 'NONE',  ( 1.675935937620614880, 0.0000000000000000000, -9.478001694819074349E-34 ) ) ;
#2321 = VECTOR ( 'NONE', #1128, 39.37007874015748854 ) ;
#2322 = LINE ( 'NONE', #1013, #5509 ) ;
#2323 = CIRCLE ( 'NONE', #677, 0.008999999999999822378 ) ;
#2324 = ORIENTED_EDGE ( 'NONE', *, *, #1717, .T. ) ;
#2325 = DIRECTION ( 'NONE',  ( 0.3420201433256695456, 0.0000000000000000000, 0.9396926207859080948 ) ) ;
#2326 = CARTESIAN_POINT ( 'NONE',  ( 1.975934937620615894, 0.0000000000000000000, -0.09999999999999974187 ) ) ;
#2327 = ORIENTED_EDGE ( 'NONE', *, *, #6044, .F. ) ;
#2328 = LINE ( 'NONE', #5426, #6677 ) ;
#2329 = ORIENTED_EDGE ( 'NONE', *, *, #4303, .T. ) ;
#2330 = DIRECTION ( 'NONE',  ( -0.3420201433256720991, 0.0000000000000000000, 0.9396926207859070956 ) ) ;
#2331 = PLANE ( 'NONE',  #1535 ) ;
#2332 = AXIS2_PLACEMENT_3D ( 'NONE', #1261, #214, #3675 ) ;
#2333 = EDGE_CURVE ( 'NONE', #1164, #1680, #243, .T. ) ;
#2334 = EDGE_CURVE ( 'NONE', #5690, #5511, #5438, .T. ) ;
#2335 = EDGE_LOOP ( 'NONE', ( #5293, #2669, #3344, #2641 ) ) ;
#2336 = AXIS2_PLACEMENT_3D ( 'NONE', #3507, #5813, #7709 ) ;
#2337 = DIRECTION ( 'NONE',  ( -1.000000000000000000, 0.0000000000000000000, -0.0000000000000000000 ) ) ;
#2338 = ORIENTED_EDGE ( 'NONE', *, *, #6405, .F. ) ;
#2339 = LINE ( 'NONE', #3524, #6690 ) ;
#2340 = PLANE ( 'NONE',  #2030 ) ;
#2341 = CARTESIAN_POINT ( 'NONE',  ( 1.499999000000000082, 0.0000000000000000000, 0.0000000000000000000 ) ) ;
#2342 = DIRECTION ( 'NONE',  ( 1.000000000000000000, 0.0000000000000000000, 0.0000000000000000000 ) ) ;
#2343 = AXIS2_PLACEMENT_3D ( 'NONE', #1133, #2361, #962 ) ;
#2344 = EDGE_CURVE ( 'NONE', #6263, #2599, #7573, .T. ) ;
#2345 = ORIENTED_EDGE ( 'NONE', *, *, #5401, .T. ) ;
#2346 = ORIENTED_EDGE ( 'NONE', *, *, #2092, .T. ) ;
#2347 = DIRECTION ( 'NONE',  ( -0.3420201433256720991, 0.0000000000000000000, 0.9396926207859070956 ) ) ;
#2348 = EDGE_LOOP ( 'NONE', ( #2381, #1513 ) ) ;
#2349 = DIRECTION ( 'NONE',  ( -1.000000000000000000, 0.0000000000000000000, -0.0000000000000000000 ) ) ;
#2350 = CARTESIAN_POINT ( 'NONE',  ( 1.781668468810307493, -0.1100000000000000006, -0.01574999999999998623 ) ) ;
#2351 = EDGE_LOOP ( 'NONE', ( #5827, #6429, #288, #1207 ) ) ;
#2352 = CARTESIAN_POINT ( 'NONE',  ( 0.8379674688103073699, -0.05000000000000000278, -0.07855000000000071647 ) ) ;
#2353 = EDGE_CURVE ( 'NONE', #6934, #6885, #3850, .T. ) ;
#2354 = FACE_OUTER_BOUND ( 'NONE', #7019, .T. ) ;
#2355 = VERTEX_POINT ( 'NONE', #5086 ) ;
#2356 = ORIENTED_EDGE ( 'NONE', *, *, #556, .F. ) ;
#2357 = SURFACE_STYLE_FILL_AREA ( #5894 ) ;
#2358 = ORIENTED_EDGE ( 'NONE', *, *, #3066, .F. ) ;
#2359 = LINE ( 'NONE', #4182, #7187 ) ;
#2360 = LINE ( 'NONE', #3585, #1899 ) ;
#2361 = DIRECTION ( 'NONE',  ( 0.0000000000000000000, 0.0000000000000000000, 1.000000000000000000 ) ) ;
#2362 = ADVANCED_FACE ( 'NONE', ( #2106 ), #5764, .T. ) ;
#2363 = ORIENTED_EDGE ( 'NONE', *, *, #6090, .F. ) ;
#2364 = LINE ( 'NONE', #7198, #4438 ) ;
#2365 = CARTESIAN_POINT ( 'NONE',  ( 1.575935937620614791, -0.05000000000000000278, -0.09999999999999989453 ) ) ;
#2366 = VERTEX_POINT ( 'NONE', #3375 ) ;
#2367 = PLANE ( 'NONE',  #5669 ) ;
#2368 = FACE_OUTER_BOUND ( 'NONE', #4358, .T. ) ;
#2369 = CARTESIAN_POINT ( 'NONE',  ( 1.637967468810307414, -0.05000000000000000278, -0.05000000000000019013 ) ) ;
#2370 = EDGE_LOOP ( 'NONE', ( #3787, #5939, #1861, #6597 ) ) ;
#2371 = AXIS2_PLACEMENT_3D ( 'NONE', #1901, #2463, #7809 ) ;
#2372 = CARTESIAN_POINT ( 'NONE',  ( 0.4816684688103073930, -0.1100000000000000006, -0.01574999999999998623 ) ) ;
#2373 = ORIENTED_EDGE ( 'NONE', *, *, #5321, .T. ) ;
#2374 = CARTESIAN_POINT ( 'NONE',  ( 1.494266468810307558, -0.1100000000000000006, -0.01574999999999998623 ) ) ;
#2375 = LINE ( 'NONE', #1782, #5341 ) ;
#2376 = LINE ( 'NONE', #7770, #3221 ) ;
#2377 = VERTEX_POINT ( 'NONE', #6981 ) ;
#2378 = VECTOR ( 'NONE', #3497, 39.37007874015748143 ) ;
#2379 = DIRECTION ( 'NONE',  ( 1.355298456929802892E-15, 0.0000000000000000000, 1.000000000000000000 ) ) ;
#2380 = CARTESIAN_POINT ( 'NONE',  ( 0.0000000000000000000, 0.0000000000000000000, 0.0000000000000000000 ) ) ;
#2381 = ORIENTED_EDGE ( 'NONE', *, *, #4000, .F. ) ;
#2383 = EDGE_CURVE ( 'NONE', #6270, #6074, #5843, .T. ) ;
#2382 = LINE ( 'NONE', #3454, #3643 ) ;
#2384 = EDGE_CURVE ( 'NONE', #2386, #5529, #2185, .T. ) ;
#2385 = DIRECTION ( 'NONE',  ( -0.0000000000000000000, 0.0000000000000000000, 1.000000000000000000 ) ) ;
#2386 = VERTEX_POINT ( 'NONE', #6277 ) ;
#2387 = CARTESIAN_POINT ( 'NONE',  ( 1.237967468810307281, 0.0000000000000000000, -0.05000000000000019013 ) ) ;
#2388 = CARTESIAN_POINT ( 'NONE',  ( 1.375935937620614613, -0.1100000000000000006, -9.478001694819074349E-34 ) ) ;
#2389 = ITEM_DEFINED_TRANSFORMATION ( 'NONE', 'NONE', #182,  #3340 ) ;
#2390 = VECTOR ( 'NONE', #5874, 39.37007874015748143 ) ;
#2391 = CARTESIAN_POINT ( 'NONE',  ( 1.975934937620615894, -0.05000000000000000278, -0.09999999999999974187 ) ) ;
#2392 = VERTEX_POINT ( 'NONE', #6939 ) ;
#2393 = EDGE_LOOP ( 'NONE', ( #3808, #7700 ) ) ;
#2394 = EDGE_LOOP ( 'NONE', ( #7679, #3834, #5377, #4547 ) ) ;
#2395 = FACE_OUTER_BOUND ( 'NONE', #4892, .T. ) ;
#2396 = AXIS2_PLACEMENT_3D ( 'NONE', #2803, #2206, #1020 ) ;
#2397 = EDGE_CURVE ( 'NONE', #1842, #6456, #2144, .T. ) ;
#2398 = CARTESIAN_POINT ( 'NONE',  ( 0.1816684688103074041, -0.1100000000000000006, -0.08424999999999954747 ) ) ;
#2399 =( CONVERSION_BASED_UNIT ( 'INCH', #5419 ) LENGTH_UNIT ( ) NAMED_UNIT ( #2623 ) );
#2400 = CIRCLE ( 'NONE', #2137, 0.02800000000000090264 ) ;
#2401 = EDGE_CURVE ( 'NONE', #3530, #1388, #879, .T. ) ;
#2402 = ORIENTED_EDGE ( 'NONE', *, *, #5228, .T. ) ;
#2403 = CYLINDRICAL_SURFACE ( 'NONE', #6725, 0.02855000000000052635 ) ;
#2404 = FACE_OUTER_BOUND ( 'NONE', #2867, .T. ) ;
#2405 = VERTEX_POINT ( 'NONE', #2824 ) ;
#2406 = LINE ( 'NONE', #4826, #2491 ) ;
#2407 = EDGE_CURVE ( 'NONE', #1388, #6037, #6867, .T. ) ;
#2408 = DIRECTION ( 'NONE',  ( 0.3420201433256695456, 0.0000000000000000000, 0.9396926207859080948 ) ) ;
#2409 = EDGE_LOOP ( 'NONE', ( #967, #6530 ) ) ;
#2410 = EDGE_CURVE ( 'NONE', #6885, #4018, #839, .T. ) ;
#2411 = LINE ( 'NONE', #629, #2831 ) ;
#2412 = AXIS2_PLACEMENT_3D ( 'NONE', #3498, #6553, #7182 ) ;
#2413 = VERTEX_POINT ( 'NONE', #5684 ) ;
#2414 = CARTESIAN_POINT ( 'NONE',  ( 0.0000000000000000000, 0.0000000000000000000, 0.0000000000000000000 ) ) ;
#2415 = DIRECTION ( 'NONE',  ( 0.3420201433256663259, 0.0000000000000000000, 0.9396926207859092051 ) ) ;
#2416 = CARTESIAN_POINT ( 'NONE',  ( 1.594266468810307424, 0.0000000000000000000, -0.08424999999999957523 ) ) ;
#2417 = VECTOR ( 'NONE', #6334, 39.37007874015748143 ) ;
#2418 = AXIS2_PLACEMENT_3D ( 'NONE', #3474, #1647, #7121 ) ;
#2419 = ORIENTED_EDGE ( 'NONE', *, *, #4840, .T. ) ;
#2420 = DIRECTION ( 'NONE',  ( -0.0000000000000000000, 1.000000000000000000, -0.0000000000000000000 ) ) ;
#2421 = FACE_BOUND ( 'NONE', #4561, .T. ) ;
#2422 = VERTEX_POINT ( 'NONE', #7105 ) ;
#2423 = CARTESIAN_POINT ( 'NONE',  ( 0.9379674688103074587, 3.673940397442060153E-19, -0.05000000000000019013 ) ) ;
#2424 = LINE ( 'NONE', #485, #5336 ) ;
#2425 = EDGE_LOOP ( 'NONE', ( #2192, #3704, #6407, #4423 ) ) ;
#2426 = DIRECTION ( 'NONE',  ( -0.0000000000000000000, 1.000000000000000000, -0.0000000000000000000 ) ) ;
#2427 = AXIS2_PLACEMENT_3D ( 'NONE', #102, #1335, #138 ) ;
#2428 = VECTOR ( 'NONE', #7394, 39.37007874015748143 ) ;
#2429 = CARTESIAN_POINT ( 'NONE',  ( 1.037967468810307547, -0.05000000000000000278, -0.05000000000000019013 ) ) ;
#2430 = UNCERTAINTY_MEASURE_WITH_UNIT (LENGTH_MEASURE( 1.000000000000000082E-05 ), #4184, 'distance_accuracy_value', 'NONE');
#2432 = EDGE_CURVE ( 'NONE', #88, #2436, #2400, .T. ) ;
#2431 = CARTESIAN_POINT ( 'NONE',  ( 0.3999990000000001600, 0.0000000000000000000, -0.09999999999999989453 ) ) ;
#2433 = EDGE_CURVE ( 'NONE', #5366, #4767, #7084, .T. ) ;
#2434 = AXIS2_PLACEMENT_3D ( 'NONE', #5640, #2501, #1349 ) ;
#2435 = EDGE_LOOP ( 'NONE', ( #2780, #1077, #1984, #7660 ) ) ;
#2436 = VERTEX_POINT ( 'NONE', #6628 ) ;
#2437 = LINE ( 'NONE', #1800, #7625 ) ;
#2438 = ORIENTED_EDGE ( 'NONE', *, *, #2038, .F. ) ;
#2439 = DIRECTION ( 'NONE',  ( 1.000000000000000000, 0.0000000000000000000, 0.0000000000000000000 ) ) ;
#2440 = DIRECTION ( 'NONE',  ( 0.3420201433256720991, 0.0000000000000000000, -0.9396926207859070956 ) ) ;
#2441 = LENGTH_MEASURE_WITH_UNIT ( LENGTH_MEASURE( 0.02539999999999999897 ), #17 );
#2442 = VECTOR ( 'NONE', #7428, 39.37007874015748143 ) ;
#2443 = EDGE_CURVE ( 'NONE', #1389, #3144, #6555, .T. ) ;
#2444 = ORIENTED_EDGE ( 'NONE', *, *, #3399, .T. ) ;
#2445 = CARTESIAN_POINT ( 'NONE',  ( 0.1759359376206146575, -0.1100000000000000006, -9.478001694819074349E-34 ) ) ;
#2446 = AXIS2_PLACEMENT_3D ( 'NONE', #5964, #4125, #6036 ) ;
#2447 = CARTESIAN_POINT ( 'NONE',  ( 0.8942664688103074688, -0.05000000000000000278, -0.08424999999999957523 ) ) ;
#2448 = ORIENTED_EDGE ( 'NONE', *, *, #2588, .T. ) ;
#2449 = LINE ( 'NONE', #1216, #2107 ) ;
#2450 = DIRECTION ( 'NONE',  ( 0.0000000000000000000, 0.0000000000000000000, 1.000000000000000000 ) ) ;
#2451 = VECTOR ( 'NONE', #6738, 39.37007874015748143 ) ;
#2452 = EDGE_CURVE ( 'NONE', #2377, #2127, #7059, .T. ) ;
#2453 = EDGE_CURVE ( 'NONE', #1466, #378, #6202, .T. ) ;
#2454 = EDGE_LOOP ( 'NONE', ( #6280, #1772, #875, #3377 ) ) ;
#2455 = VECTOR ( 'NONE', #3062, 39.37007874015748143 ) ;
#2456 = LINE ( 'NONE', #67, #4471 ) ;
#2457 = VERTEX_POINT ( 'NONE', #5329 ) ;
#2458 = CARTESIAN_POINT ( 'NONE',  ( 1.681668468810307404, -0.1100000000000000006, -0.08424999999999954747 ) ) ;
#2459 = DIRECTION ( 'NONE',  ( 7.776898252968646568E-17, 0.0000000000000000000, -1.000000000000000000 ) ) ;
#2460 = EDGE_CURVE ( 'NONE', #2457, #3516, #5185, .T. ) ;
#2461 = AXIS2_PLACEMENT_3D ( 'NONE', #5218, #6443, #5260 ) ;
#2462 = EDGE_LOOP ( 'NONE', ( #4224, #526, #5701, #3855 ) ) ;
#2463 = DIRECTION ( 'NONE',  ( -0.0000000000000000000, 1.000000000000000000, -0.0000000000000000000 ) ) ;
#2464 = CARTESIAN_POINT ( 'NONE',  ( 0.8759359376206147241, 0.0000000000000000000, -9.478001694819074349E-34 ) ) ;
#2465 = ORIENTED_EDGE ( 'NONE', *, *, #6801, .F. ) ;
#2466 = CARTESIAN_POINT ( 'NONE',  ( 0.3379674688103073699, -0.05000000000000000278, -0.07855000000000071647 ) ) ;
#2467 = DIRECTION ( 'NONE',  ( 1.000000000000000000, 0.0000000000000000000, 0.0000000000000000000 ) ) ;
#2468 =( GEOMETRIC_REPRESENTATION_CONTEXT ( 3 ) GLOBAL_UNCERTAINTY_ASSIGNED_CONTEXT ( ( #2430 ) ) GLOBAL_UNIT_ASSIGNED_CONTEXT ( ( #4184, #3112, #4222 ) ) REPRESENTATION_CONTEXT ( 'NONE', 'WORKASPACE' ) );
#2469 = CARTESIAN_POINT ( 'NONE',  ( 1.987967468810307503, 0.0000000000000000000, -0.01574999999999984746 ) ) ;
#2470 = DIRECTION ( 'NONE',  ( 0.0000000000000000000, 0.0000000000000000000, 1.000000000000000000 ) ) ;
#2471 = DIRECTION ( 'NONE',  ( -0.0000000000000000000, 1.000000000000000000, -0.0000000000000000000 ) ) ;
#2472 = ORIENTED_EDGE ( 'NONE', *, *, #3920, .T. ) ;
#2473 = VERTEX_POINT ( 'NONE', #1083 ) ;
#2474 = DIRECTION ( 'NONE',  ( -0.0000000000000000000, 1.000000000000000000, -0.0000000000000000000 ) ) ;
#2475 = ORIENTED_EDGE ( 'NONE', *, *, #4633, .F. ) ;
#2476 = DIRECTION ( 'NONE',  ( 1.000000000000000000, 0.0000000000000000000, 0.0000000000000000000 ) ) ;
#2477 = VERTEX_POINT ( 'NONE', #7737 ) ;
#2478 = ORIENTED_EDGE ( 'NONE', *, *, #6464, .T. ) ;
#2479 = CARTESIAN_POINT ( 'NONE',  ( 1.275935937620614746, 0.0000000000000000000, -0.09999999999999989453 ) ) ;
#2480 = LINE ( 'NONE', #4900, #4205 ) ;
#2481 = ORIENTED_EDGE ( 'NONE', *, *, #6026, .F. ) ;
#2482 = DIRECTION ( 'NONE',  ( 0.3420201433256638834, 0.0000000000000000000, -0.9396926207859100932 ) ) ;
#2483 = EDGE_CURVE ( 'NONE', #3532, #3417, #1767, .T. ) ;
#2484 = ADVANCED_FACE ( 'NONE', ( #7655 ), #2905, .F. ) ;
#2485 = CARTESIAN_POINT ( 'NONE',  ( 0.6757524019884456612, -0.05000000000000000278, 0.2413647224808073144 ) ) ;
#2486 = ORIENTED_EDGE ( 'NONE', *, *, #1209, .F. ) ;
#2487 = DIRECTION ( 'NONE',  ( -0.0000000000000000000, 1.000000000000000000, -0.0000000000000000000 ) ) ;
#2488 = ORIENTED_EDGE ( 'NONE', *, *, #714, .T. ) ;
#2489 = CARTESIAN_POINT ( 'NONE',  ( 1.081668468810307537, -0.1100000000000000006, -0.08424999999999954747 ) ) ;
#2490 = DIRECTION ( 'NONE',  ( 0.0000000000000000000, 0.0000000000000000000, 1.000000000000000000 ) ) ;
#2491 = VECTOR ( 'NONE', #3514, 39.37007874015748143 ) ;
#2492 = ORIENTED_EDGE ( 'NONE', *, *, #5584, .T. ) ;
#2493 = ORIENTED_EDGE ( 'NONE', *, *, #6660, .T. ) ;
#2494 = CYLINDRICAL_SURFACE ( 'NONE', #7389, 0.02855000000000052635 ) ;
#2495 = ORIENTED_EDGE ( 'NONE', *, *, #1369, .T. ) ;
#2496 = CARTESIAN_POINT ( 'NONE',  ( 0.0000000000000000000, -0.05000000000000000278, 0.0000000000000000000 ) ) ;
#2497 = VECTOR ( 'NONE', #292, 39.37007874015748143 ) ;
#2498 = EDGE_CURVE ( 'NONE', #4124, #4857, #2310, .T. ) ;
#2499 = CARTESIAN_POINT ( 'NONE',  ( 0.3759359376206146686, -0.1100000000000000006, -0.09999999999999989453 ) ) ;
#2500 = DIRECTION ( 'NONE',  ( -0.0000000000000000000, 1.000000000000000000, -0.0000000000000000000 ) ) ;
#2501 = DIRECTION ( 'NONE',  ( -1.000000000000000000, -0.0000000000000000000, -0.0000000000000000000 ) ) ;
#2502 = FACE_OUTER_BOUND ( 'NONE', #7345, .T. ) ;
#2503 = VERTEX_POINT ( 'NONE', #1200 ) ;
#2504 = ORIENTED_EDGE ( 'NONE', *, *, #6601, .T. ) ;
#2505 = CARTESIAN_POINT ( 'NONE',  ( 1.481668468810307449, -0.1100000000000000006, -0.01574999999999998623 ) ) ;
#2506 = ORIENTED_EDGE ( 'NONE', *, *, #3982, .T. ) ;
#2507 = CARTESIAN_POINT ( 'NONE',  ( 0.8816684688103074707, -0.1100000000000000006, -0.08424999999999954747 ) ) ;
#2508 = EDGE_CURVE ( 'NONE', #641, #2503, #530, .T. ) ;
#2509 = CARTESIAN_POINT ( 'NONE',  ( 0.7942664688103074910, -0.1100000000000000006, -0.08424999999999957523 ) ) ;
#2510 = EDGE_LOOP ( 'NONE', ( #7376, #2309 ) ) ;
#2511 = DIRECTION ( 'NONE',  ( 1.000000000000000000, 0.0000000000000000000, -1.355298456929802892E-15 ) ) ;
#2512 = AXIS2_PLACEMENT_3D ( 'NONE', #2650, #351, #7560 ) ;
#2513 =( CONVERSION_BASED_UNIT ( 'INCH', #1211 ) LENGTH_UNIT ( ) NAMED_UNIT ( #4559 ) );
#2514 = EDGE_LOOP ( 'NONE', ( #590, #6128, #4825, #145 ) ) ;
#2515 = VECTOR ( 'NONE', #4568, 39.37007874015748143 ) ;
#2516 = LINE ( 'NONE', #1847, #4070 ) ;
#2517 = LINE ( 'NONE', #96, #6859 ) ;
#2518 = VERTEX_POINT ( 'NONE', #3615 ) ;
#2519 = DIRECTION ( 'NONE',  ( -1.000000000000000000, 0.0000000000000000000, -0.0000000000000000000 ) ) ;
#2520 = VECTOR ( 'NONE', #5724, 39.37007874015748143 ) ;
#2521 = EDGE_CURVE ( 'NONE', #1364, #5005, #6040, .T. ) ;
#2522 = ORIENTED_EDGE ( 'NONE', *, *, #1600, .F. ) ;
#2523 = EDGE_CURVE ( 'NONE', #5159, #4451, #5373, .T. ) ;
#2524 = CARTESIAN_POINT ( 'NONE',  ( 1.537967468810307325, -0.05000000000000000278, -0.07855000000000071647 ) ) ;
#2525 = ORIENTED_EDGE ( 'NONE', *, *, #1943, .F. ) ;
#2526 = DIRECTION ( 'NONE',  ( -0.0000000000000000000, 1.000000000000000000, -0.0000000000000000000 ) ) ;
#2527 = DIRECTION ( 'NONE',  ( 0.0000000000000000000, 0.0000000000000000000, -1.000000000000000000 ) ) ;
#2528 = EDGE_CURVE ( 'NONE', #2971, #7035, #6577, .T. ) ;
#2529 = AXIS2_PLACEMENT_3D ( 'NONE', #7813, #7778, #2385 ) ;
#2530 = VERTEX_POINT ( 'NONE', #1754 ) ;
#2531 = CARTESIAN_POINT ( 'NONE',  ( 1.381668468810307360, -0.1100000000000000006, -0.08424999999999954747 ) ) ;
#2532 = CARTESIAN_POINT ( 'NONE',  ( 0.8816684688103074707, -0.1100000000000000006, -0.08424999999999954747 ) ) ;
#2533 = ORIENTED_EDGE ( 'NONE', *, *, #4230, .F. ) ;
#2534 = CARTESIAN_POINT ( 'NONE',  ( 0.0000000000000000000, -0.05000000000000000278, 0.0000000000000000000 ) ) ;
#2535 = LINE ( 'NONE', #42, #4560 ) ;
#2536 = LINE ( 'NONE', #3101, #1892 ) ;
#2537 = CARTESIAN_POINT ( 'NONE',  ( 1.837967468810307370, -0.05000000000000000278, -0.05000000000000019013 ) ) ;
#2538 = AXIS2_PLACEMENT_3D ( 'NONE', #4046, #1509, #6471 ) ;
#2539 = ADVANCED_FACE ( 'NONE', ( #1715 ), #448, .F. ) ;
#2540 = ORIENTED_EDGE ( 'NONE', *, *, #407, .F. ) ;
#2541 = ORIENTED_EDGE ( 'NONE', *, *, #2551, .T. ) ;
#2542 = VECTOR ( 'NONE', #3359, 39.37007874015748143 ) ;
#2543 = LINE ( 'NONE', #650, #7628 ) ;
#2544 = VERTEX_POINT ( 'NONE', #2352 ) ;
#2545 = VECTOR ( 'NONE', #2254, 39.37007874015748143 ) ;
#2546 = DIRECTION ( 'NONE',  ( 1.355298456929802892E-15, 0.0000000000000000000, 1.000000000000000000 ) ) ;
#2547 = LINE ( 'NONE', #6788, #5971 ) ;
#2548 = LINE ( 'NONE', #3774, #3529 ) ;
#2549 = DIRECTION ( 'NONE',  ( 0.0000000000000000000, 0.0000000000000000000, 1.000000000000000000 ) ) ;
#2550 = AXIS2_PLACEMENT_3D ( 'NONE', #7243, #7360, #4943 ) ;
#2551 = EDGE_CURVE ( 'NONE', #7455, #4261, #4132, .T. ) ;
#2552 = ORIENTED_EDGE ( 'NONE', *, *, #3481, .F. ) ;
#2553 = CARTESIAN_POINT ( 'NONE',  ( 1.275935937620614746, -0.05000000000000000278, -0.09999999999999989453 ) ) ;
#2554 = CARTESIAN_POINT ( 'NONE',  ( 1.987967468810307503, 0.0000000000000000000, -0.01574999999999984746 ) ) ;
#2555 = EDGE_LOOP ( 'NONE', ( #1998, #1714 ) ) ;
#2556 = LINE ( 'NONE', #7430, #610 ) ;
#2557 = VECTOR ( 'NONE', #4351, 39.37007874015748854 ) ;
#2558 = LINE ( 'NONE', #4267, #905 ) ;
#2559 = LINE ( 'NONE', #2002, #2708 ) ;
#2560 = VECTOR ( 'NONE', #4495, 39.37007874015748143 ) ;
#2561 = VERTEX_POINT ( 'NONE', #5888 ) ;
#2562 = DIRECTION ( 'NONE',  ( 0.0000000000000000000, 0.0000000000000000000, 1.000000000000000000 ) ) ;
#2563 = ORIENTED_EDGE ( 'NONE', *, *, #996, .F. ) ;
#2564 = CARTESIAN_POINT ( 'NONE',  ( 1.837967468810307370, 0.0000000000000000000, -0.07855000000000071647 ) ) ;
#2565 = DIRECTION ( 'NONE',  ( 0.0000000000000000000, 0.0000000000000000000, 1.000000000000000000 ) ) ;
#2566 = AXIS2_PLACEMENT_3D ( 'NONE', #2988, #12, #6524 ) ;
#2567 = EDGE_CURVE ( 'NONE', #958, #4532, #4772, .T. ) ;
#2568 = AXIS2_PLACEMENT_3D ( 'NONE', #3244, #228, #2648 ) ;
#2569 = CYLINDRICAL_SURFACE ( 'NONE', #7551, 0.02855000000000052635 ) ;
#2570 = CARTESIAN_POINT ( 'NONE',  ( 0.6816684688103075151, 0.0000000000000000000, -0.01574999999999998623 ) ) ;
#2571 = VERTEX_POINT ( 'NONE', #5288 ) ;
#2572 = DIRECTION ( 'NONE',  ( -1.000000000000000000, 0.0000000000000000000, 1.355298456929802892E-15 ) ) ;
#2573 = DIRECTION ( 'NONE',  ( -1.000000000000000000, -0.0000000000000000000, -0.0000000000000000000 ) ) ;
#2574 = DIRECTION ( 'NONE',  ( -0.3420201433256720991, 0.0000000000000000000, 0.9396926207859070956 ) ) ;
#2575 = EDGE_CURVE ( 'NONE', #7124, #2218, #2263, .T. ) ;
#2576 = DIRECTION ( 'NONE',  ( -0.0000000000000000000, 1.000000000000000000, -0.0000000000000000000 ) ) ;
#2577 = EDGE_CURVE ( 'NONE', #2628, #1474, #119, .T. ) ;
#2578 = PRODUCT_DEFINITION_CONTEXT ( 'detailed design', #900, 'design' ) ;
#2579 = CIRCLE ( 'NONE', #1067, 0.02855000000000052288 ) ;
#2580 = VERTEX_POINT ( 'NONE', #5447 ) ;
#2581 = ORIENTED_EDGE ( 'NONE', *, *, #870, .F. ) ;
#2582 = VECTOR ( 'NONE', #2255, 39.37007874015748143 ) ;
#2583 = DIRECTION ( 'NONE',  ( 0.3420201433256638834, 0.0000000000000000000, -0.9396926207859100932 ) ) ;
#2584 = VERTEX_POINT ( 'NONE', #4398 ) ;
#2585 = CARTESIAN_POINT ( 'NONE',  ( 0.6759359376206146575, 0.0000000000000000000, -0.09999999999999989453 ) ) ;
#2586 = LINE ( 'NONE', #3742, #4944 ) ;
#2587 = DIRECTION ( 'NONE',  ( 0.3420201433256638834, 0.0000000000000000000, -0.9396926207859100932 ) ) ;
#2588 = EDGE_CURVE ( 'NONE', #7716, #5895, #3665, .T. ) ;
#2589 = SHAPE_REPRESENTATION_RELATIONSHIP ( 'NONE' , 'NONE' ,  #7799, #3851 ) ;
#2590 = COLOUR_RGB ( '',1.000000000000000000, 0.8039215686274510109, 0.4941176470588235503 ) ;
#2591 = ORIENTED_EDGE ( 'NONE', *, *, #2523, .F. ) ;
#2592 = CARTESIAN_POINT ( 'NONE',  ( 1.237967468810307281, 3.673940397442060153E-19, -0.05000000000000019013 ) ) ;
#2593 = CARTESIAN_POINT ( 'NONE',  ( 0.9816684688103075596, 0.0000000000000000000, -0.01574999999999998623 ) ) ;
#2594 = ORIENTED_EDGE ( 'NONE', *, *, #3841, .F. ) ;
#2595 = CARTESIAN_POINT ( 'NONE',  ( 1.675935937620614880, -0.1100000000000000006, -0.09999999999999989453 ) ) ;
#2596 = EDGE_CURVE ( 'NONE', #3531, #3552, #7299, .T. ) ;
#2597 = FACE_OUTER_BOUND ( 'NONE', #5860, .T. ) ;
#2598 = DIRECTION ( 'NONE',  ( 1.000000000000000000, 0.0000000000000000000, -0.0000000000000000000 ) ) ;
#2599 = VERTEX_POINT ( 'NONE', #2469 ) ;
#2600 = DIRECTION ( 'NONE',  ( -0.3420201433256663259, 0.0000000000000000000, -0.9396926207859092051 ) ) ;
#2601 = ORIENTED_EDGE ( 'NONE', *, *, #596, .T. ) ;
#2602 = CARTESIAN_POINT ( 'NONE',  ( 1.881668468810307582, 0.0000000000000000000, -0.01574999999999998623 ) ) ;
#2603 = ADVANCED_FACE ( 'NONE', ( #6744 ), #3690, .T. ) ;
#2604 = CARTESIAN_POINT ( 'NONE',  ( 0.6379674688103074143, -0.05000000000000000278, -0.05000000000000019013 ) ) ;
#2605 = DIRECTION ( 'NONE',  ( 0.3420201433256639389, 0.0000000000000000000, -0.9396926207859100932 ) ) ;
#2606 = DIRECTION ( 'NONE',  ( 0.0000000000000000000, 0.0000000000000000000, 1.000000000000000000 ) ) ;
#2607 = VERTEX_POINT ( 'NONE', #3767 ) ;
#2608 = FACE_OUTER_BOUND ( 'NONE', #263, .T. ) ;
#2609 = DIRECTION ( 'NONE',  ( -0.0000000000000000000, 1.000000000000000000, -0.0000000000000000000 ) ) ;
#2610 = DIRECTION ( 'NONE',  ( 1.355298456929802892E-15, 0.0000000000000000000, 1.000000000000000000 ) ) ;
#2611 = LINE ( 'NONE', #7013, #2681 ) ;
#2612 = CONTEXT_DEPENDENT_SHAPE_REPRESENTATION ( #387, #5836 ) ;
#2613 = EDGE_CURVE ( 'NONE', #4245, #1750, #6779, .T. ) ;
#2614 = ORIENTED_EDGE ( 'NONE', *, *, #5543, .F. ) ;
#2615 = EDGE_CURVE ( 'NONE', #5751, #6254, #2536, .T. ) ;
#2616 = AXIS2_PLACEMENT_3D ( 'NONE', #4190, #6608, #5348 ) ;
#2617 = EDGE_LOOP ( 'NONE', ( #1941, #2911, #4805, #1391 ) ) ;
#2618 = FACE_OUTER_BOUND ( 'NONE', #1701, .T. ) ;
#2619 = ORIENTED_EDGE ( 'NONE', *, *, #2145, .F. ) ;
#2620 = LINE ( 'NONE', #4488, #6564 ) ;
#2621 = DIRECTION ( 'NONE',  ( 0.0000000000000000000, 0.0000000000000000000, 1.000000000000000000 ) ) ;
#2622 = VECTOR ( 'NONE', #7359, 39.37007874015748854 ) ;
#2623 = DIMENSIONAL_EXPONENTS ( 1.000000000000000000, 0.0000000000000000000, 0.0000000000000000000, 0.0000000000000000000, 0.0000000000000000000, 0.0000000000000000000, 0.0000000000000000000 ) ;
#2624 = ORIENTED_EDGE ( 'NONE', *, *, #2432, .T. ) ;
#2625 = ADVANCED_FACE ( 'NONE', ( #4326 ), #4887, .F. ) ;
#2626 = ORIENTED_EDGE ( 'NONE', *, *, #7081, .T. ) ;
#2627 = DIRECTION ( 'NONE',  ( 0.0000000000000000000, 0.0000000000000000000, 1.000000000000000000 ) ) ;
#2628 = VERTEX_POINT ( 'NONE', #6231 ) ;
#2629 = CARTESIAN_POINT ( 'NONE',  ( 1.037967468810307547, 0.0000000000000000000, -0.07855000000000071647 ) ) ;
#2630 = VECTOR ( 'NONE', #3701, 39.37007874015748854 ) ;
#2631 = DIRECTION ( 'NONE',  ( 0.3420201433256662704, -0.0000000000000000000, 0.9396926207859092051 ) ) ;
#2632 = CARTESIAN_POINT ( 'NONE',  ( 1.494266468810307558, -0.05000000000000000278, -0.08424999999999957523 ) ) ;
#2633 = LINE ( 'NONE', #3198, #1699 ) ;
#2634 = EDGE_CURVE ( 'NONE', #7529, #5324, #6193, .T. ) ;
#2635 = CIRCLE ( 'NONE', #7197, 0.008999999999999149305 ) ;
#2636 = EDGE_CURVE ( 'NONE', #2817, #5334, #7379, .T. ) ;
#2637 = EDGE_LOOP ( 'NONE', ( #7191, #3378, #31, #4523 ) ) ;
#2638 = EDGE_CURVE ( 'NONE', #3845, #7496, #683, .T. ) ;
#2639 = CARTESIAN_POINT ( 'NONE',  ( 1.975934937620615894, -0.05000000000000000278, -0.09999999999999974187 ) ) ;
#2640 = CARTESIAN_POINT ( 'NONE',  ( 0.0000000000000000000, 0.0000000000000000000, 0.0000000000000000000 ) ) ;
#2641 = ORIENTED_EDGE ( 'NONE', *, *, #6477, .F. ) ;
#2642 = CARTESIAN_POINT ( 'NONE',  ( 1.437967468810307237, 0.0000000000000000000, -0.05000000000000019013 ) ) ;
#2643 = VECTOR ( 'NONE', #3813, 39.37007874015748143 ) ;
#2644 = DIRECTION ( 'NONE',  ( 0.3420201433256638834, 0.0000000000000000000, -0.9396926207859100932 ) ) ;
#2645 = DIRECTION ( 'NONE',  ( 0.0000000000000000000, 0.0000000000000000000, 1.000000000000000000 ) ) ;
#2646 = VECTOR ( 'NONE', #3499, 39.37007874015748143 ) ;
#2647 = ADVANCED_FACE ( 'NONE', ( #4285 ), #5000, .F. ) ;
#2648 = DIRECTION ( 'NONE',  ( 0.0000000000000000000, 0.0000000000000000000, 1.000000000000000000 ) ) ;
#2649 = ORIENTED_EDGE ( 'NONE', *, *, #5067, .T. ) ;
#2650 = CARTESIAN_POINT ( 'NONE',  ( 0.4379674688103074032, -0.05000000000000000278, -0.05000000000000019013 ) ) ;
#2651 = CARTESIAN_POINT ( 'NONE',  ( 1.081668468810307537, -0.05000000000000000278, -0.01574999999999998623 ) ) ;
#2652 = DIRECTION ( 'NONE',  ( 1.000000000000000000, 0.0000000000000000000, -0.0000000000000000000 ) ) ;
#2653 = DIRECTION ( 'NONE',  ( -1.000000000000000000, 0.0000000000000000000, -7.776898252968646568E-17 ) ) ;
#2654 = CONTEXT_DEPENDENT_SHAPE_REPRESENTATION ( #1603, #889 ) ;
#2655 = UNCERTAINTY_MEASURE_WITH_UNIT (LENGTH_MEASURE( 1.000000000000000082E-05 ), #2513, 'distance_accuracy_value', 'NONE');
#2656 = AXIS2_PLACEMENT_3D ( 'NONE', #2398, #7194, #1765 ) ;
#2657 = PRODUCT ( 'P3XX-11-012-00-000000_P320-11-012-00-000000', 'P3XX-11-012-00-000000_P320-11-012-00-000000', '', ( #4692 ) ) ;
#2658 = VERTEX_POINT ( 'NONE', #157 ) ;
#2659 = VERTEX_POINT ( 'NONE', #3650 ) ;
#2660 = DIRECTION ( 'NONE',  ( 0.0000000000000000000, 0.0000000000000000000, 1.000000000000000000 ) ) ;
#2661 = ORIENTED_EDGE ( 'NONE', *, *, #1472, .F. ) ;
#2662 = DIRECTION ( 'NONE',  ( 1.000000000000000000, 0.0000000000000000000, -1.355298456929802892E-15 ) ) ;
#2663 = CARTESIAN_POINT ( 'NONE',  ( 1.975934937620614562, -0.05000000000000000278, 0.0000000000000000000 ) ) ;
#2664 = CIRCLE ( 'NONE', #1151, 0.02855000000000052288 ) ;
#2665 = EDGE_CURVE ( 'NONE', #2987, #5133, #6078, .T. ) ;
#2666 = EDGE_CURVE ( 'NONE', #2100, #6014, #3786, .T. ) ;
#2667 = VECTOR ( 'NONE', #6259, 39.37007874015748143 ) ;
#2668 = AXIS2_PLACEMENT_3D ( 'NONE', #3527, #5958, #1624 ) ;
#2669 = ORIENTED_EDGE ( 'NONE', *, *, #2521, .T. ) ;
#2670 = ORIENTED_EDGE ( 'NONE', *, *, #1196, .F. ) ;
#2671 = CARTESIAN_POINT ( 'NONE',  ( 0.7379674688103073921, -0.05000000000000000278, -0.05000000000000019013 ) ) ;
#2672 = EDGE_LOOP ( 'NONE', ( #965, #7828, #4255, #7577 ) ) ;
#2673 = CARTESIAN_POINT ( 'NONE',  ( 1.081668468810307537, 0.0000000000000000000, -0.08424999999999954747 ) ) ;
#2674 = DIRECTION ( 'NONE',  ( -0.9396926207859072067, 0.0000000000000000000, -0.3420201433256721546 ) ) ;
#2675 = DIRECTION ( 'NONE',  ( 0.9396926207859080948, 0.0000000000000000000, -0.3420201433256695456 ) ) ;
#2676 = LINE ( 'NONE', #3238, #4614 ) ;
#2677 = VECTOR ( 'NONE', #6950, 39.37007874015748143 ) ;
#2678 = AXIS2_PLACEMENT_3D ( 'NONE', #4103, #4141, #5384 ) ;
#2679 = ORIENTED_EDGE ( 'NONE', *, *, #348, .T. ) ;
#2680 = DIRECTION ( 'NONE',  ( 0.0000000000000000000, 0.0000000000000000000, 1.000000000000000000 ) ) ;
#2681 = VECTOR ( 'NONE', #355, 39.37007874015748143 ) ;
#2682 = DIRECTION ( 'NONE',  ( -1.000000000000000000, -0.0000000000000000000, -0.0000000000000000000 ) ) ;
#2683 = ORIENTED_EDGE ( 'NONE', *, *, #1369, .F. ) ;
#2684 = ORIENTED_EDGE ( 'NONE', *, *, #2407, .F. ) ;
#2685 = DIRECTION ( 'NONE',  ( 0.0000000000000000000, 0.0000000000000000000, 1.000000000000000000 ) ) ;
#2686 = PLANE ( 'NONE',  #3300 ) ;
#2687 = ADVANCED_FACE ( 'NONE', ( #4249 ), #6665, .F. ) ;
#2688 = AXIS2_PLACEMENT_3D ( 'NONE', #1050, #966, #3379 ) ;
#2689 = EDGE_CURVE ( 'NONE', #6125, #7227, #3057, .T. ) ;
#2690 = AXIS2_PLACEMENT_3D ( 'NONE', #2380, #2305, #3495 ) ;
#2691 = CARTESIAN_POINT ( 'NONE',  ( 0.3942664688103074133, -0.1100000000000000006, -0.01574999999999998623 ) ) ;
#2692 = ORIENTED_EDGE ( 'NONE', *, *, #7763, .T. ) ;
#2693 = CARTESIAN_POINT ( 'NONE',  ( 0.7816684688103074929, -0.1100000000000000006, -0.01574999999999998623 ) ) ;
#2694 = CARTESIAN_POINT ( 'NONE',  ( 0.7379674688103073921, 0.0000000000000000000, -0.02144999999999966725 ) ) ;
#2695 = PLANE ( 'NONE',  #7479 ) ;
#2696 = DIRECTION ( 'NONE',  ( -0.0000000000000000000, 1.000000000000000000, -0.0000000000000000000 ) ) ;
#2697 = ADVANCED_FACE ( 'NONE', ( #3732 ), #6156, .T. ) ;
#2698 = AXIS2_PLACEMENT_3D ( 'NONE', #6338, #6417, #2606 ) ;
#2699 = VERTEX_POINT ( 'NONE', #3915 ) ;
#2700 = EDGE_LOOP ( 'NONE', ( #4920, #3412 ) ) ;
#2701 = CARTESIAN_POINT ( 'NONE',  ( 1.581668468810307315, 0.0000000000000000000, -0.08424999999999954747 ) ) ;
#2702 = ORIENTED_EDGE ( 'NONE', *, *, #5264, .F. ) ;
#2703 = CARTESIAN_POINT ( 'NONE',  ( 1.981667468810307531, 0.0000000000000000000, -0.01574999999999985092 ) ) ;
#2704 = CARTESIAN_POINT ( 'NONE',  ( 0.09426646881030739666, 0.0000000000000000000, -0.08424999999999957523 ) ) ;
#2705 = VECTOR ( 'NONE', #5451, 39.37007874015748143 ) ;
#2706 = LINE ( 'NONE', #1001, #365 ) ;
#2707 = DIRECTION ( 'NONE',  ( -3.491481338843133355E-15, -1.000000000000000000, 0.0000000000000000000 ) ) ;
#2708 = VECTOR ( 'NONE', #6212, 39.37007874015748143 ) ;
#2709 = VERTEX_POINT ( 'NONE', #7450 ) ;
#2710 = EDGE_LOOP ( 'NONE', ( #2978, #3223, #4203, #4786 ) ) ;
#2711 = CYLINDRICAL_SURFACE ( 'NONE', #5482, 0.02855000000000052635 ) ;
#2712 = VERTEX_POINT ( 'NONE', #5032 ) ;
#2713 = EDGE_CURVE ( 'NONE', #4430, #7052, #3837, .T. ) ;
#2714 = CARTESIAN_POINT ( 'NONE',  ( 0.1460000000000004350, 0.0000000000000000000, 0.03600000000000147526 ) ) ;
#2715 = DIRECTION ( 'NONE',  ( -0.0000000000000000000, 1.000000000000000000, -0.0000000000000000000 ) ) ;
#2716 = DIRECTION ( 'NONE',  ( 0.0000000000000000000, 0.0000000000000000000, 1.000000000000000000 ) ) ;
#2717 = DIRECTION ( 'NONE',  ( -0.3420201433256663259, 0.0000000000000000000, -0.9396926207859092051 ) ) ;
#2718 = STYLED_ITEM ( 'NONE', ( #2956 ), #7071 ) ;
#2719 = VERTEX_POINT ( 'NONE', #5754 ) ;
#2720 = CARTESIAN_POINT ( 'NONE',  ( 1.975934937620615894, -0.05000000000000000278, -0.09999999999999974187 ) ) ;
#2721 = LINE ( 'NONE', #6329, #6492 ) ;
#2722 = ORIENTED_EDGE ( 'NONE', *, *, #6357, .T. ) ;
#2723 = EDGE_CURVE ( 'NONE', #5838, #5984, #3537, .T. ) ;
#2724 = ADVANCED_FACE ( 'NONE', ( #795 ), #195, .F. ) ;
#2725 = VERTEX_POINT ( 'NONE', #3326 ) ;
#2726 = CARTESIAN_POINT ( 'NONE',  ( 1.675935937620614880, -0.1100000000000000006, -9.478001694819074349E-34 ) ) ;
#2727 = CARTESIAN_POINT ( 'NONE',  ( 0.8379674688103073699, 0.0000000000000000000, -0.05000000000000019013 ) ) ;
#2728 = ADVANCED_FACE ( 'NONE', ( #7487 ), #3959, .F. ) ;
#2729 = FACE_OUTER_BOUND ( 'NONE', #2736, .T. ) ;
#2730 = ORIENTED_EDGE ( 'NONE', *, *, #6763, .T. ) ;
#2731 = LINE ( 'NONE', #3324, #3021 ) ;
#2732 = LINE ( 'NONE', #5236, #5460 ) ;
#2733 = DIRECTION ( 'NONE',  ( -0.3420201433256695456, 0.0000000000000000000, -0.9396926207859080948 ) ) ;
#2734 = FACE_OUTER_BOUND ( 'NONE', #319, .T. ) ;
#2735 = ORIENTED_EDGE ( 'NONE', *, *, #4466, .F. ) ;
#2737 = EDGE_CURVE ( 'NONE', #4350, #2758, #111, .T. ) ;
#2736 = EDGE_LOOP ( 'NONE', ( #3089, #311, #6915, #6077 ) ) ;
#2738 = DIRECTION ( 'NONE',  ( 0.0000000000000000000, 0.0000000000000000000, 1.000000000000000000 ) ) ;
#2739 = ORIENTED_EDGE ( 'NONE', *, *, #7353, .T. ) ;
#2740 = LINE ( 'NONE', #283, #6435 ) ;
#2741 = DIRECTION ( 'NONE',  ( -1.000000000000000000, 0.0000000000000000000, -0.0000000000000000000 ) ) ;
#2742 = DIRECTION ( 'NONE',  ( -0.3420201433256720991, 0.0000000000000000000, 0.9396926207859070956 ) ) ;
#2743 = VECTOR ( 'NONE', #74, 39.37007874015748143 ) ;
#2744 = ORIENTED_EDGE ( 'NONE', *, *, #1105, .T. ) ;
#2746 = EDGE_CURVE ( 'NONE', #6942, #1382, #867, .T. ) ;
#2745 = VERTEX_POINT ( 'NONE', #7563 ) ;
#2747 = DIRECTION ( 'NONE',  ( 0.9396926207859080948, 0.0000000000000000000, -0.3420201433256695456 ) ) ;
#2748 = VERTEX_POINT ( 'NONE', #6303 ) ;
#2749 = DIRECTION ( 'NONE',  ( 0.3420201433256663259, 0.0000000000000000000, 0.9396926207859092051 ) ) ;
#2750 = DIRECTION ( 'NONE',  ( -1.000000000000000000, 0.0000000000000000000, -7.776898252968647801E-17 ) ) ;
#2751 = AXIS2_PLACEMENT_3D ( 'NONE', #1441, #1010, #7582 ) ;
#2752 = PLANE ( 'NONE',  #3182 ) ;
#2753 = DIRECTION ( 'NONE',  ( 1.000000000000000000, 0.0000000000000000000, -1.355298456929802892E-15 ) ) ;
#2754 = ORIENTED_EDGE ( 'NONE', *, *, #2225, .F. ) ;
#2755 = VECTOR ( 'NONE', #3741, 39.37007874015748143 ) ;
#2756 = DIRECTION ( 'NONE',  ( 0.3420201433256638834, 0.0000000000000000000, -0.9396926207859100932 ) ) ;
#2757 = CARTESIAN_POINT ( 'NONE',  ( 1.399999000000000215, -0.05000000000000000278, 0.0000000000000000000 ) ) ;
#2758 = VERTEX_POINT ( 'NONE', #4433 ) ;
#2759 = DIRECTION ( 'NONE',  ( -0.3420201433256638834, 0.0000000000000000000, 0.9396926207859100932 ) ) ;
#2760 = ORIENTED_EDGE ( 'NONE', *, *, #2765, .F. ) ;
#2761 = DIRECTION ( 'NONE',  ( 1.000000000000000000, 0.0000000000000000000, -1.355298456929802892E-15 ) ) ;
#2762 = DIRECTION ( 'NONE',  ( -0.3420201433256695456, 0.0000000000000000000, -0.9396926207859080948 ) ) ;
#2763 = AXIS2_PLACEMENT_3D ( 'NONE', #5071, #910, #5151 ) ;
#2764 = EDGE_CURVE ( 'NONE', #6027, #3341, #5118, .T. ) ;
#2765 = EDGE_CURVE ( 'NONE', #3479, #112, #3214, .T. ) ;
#2766 = VERTEX_POINT ( 'NONE', #3998 ) ;
#2767 = VECTOR ( 'NONE', #768, 39.37007874015748143 ) ;
#2768 = LINE ( 'NONE', #6964, #6755 ) ;
#2769 = ORIENTED_EDGE ( 'NONE', *, *, #7353, .F. ) ;
#2770 = DIRECTION ( 'NONE',  ( 0.9396926207859100932, 0.0000000000000000000, 0.3420201433256638834 ) ) ;
#2771 = LINE ( 'NONE', #7602, #4319 ) ;
#2772 = DIRECTION ( 'NONE',  ( -0.3420201433256694346, -0.0000000000000000000, -0.9396926207859080948 ) ) ;
#2773 = CARTESIAN_POINT ( 'NONE',  ( 0.2816684688103074374, -0.1100000000000000006, -0.01574999999999998623 ) ) ;
#2774 = EDGE_CURVE ( 'NONE', #5987, #6288, #6928, .T. ) ;
#2775 = VECTOR ( 'NONE', #2426, 39.37007874015748143 ) ;
#2776 = EDGE_CURVE ( 'NONE', #3233, #3252, #6385, .T. ) ;
#2777 = ORIENTED_EDGE ( 'NONE', *, *, #7398, .T. ) ;
#2778 = ORIENTED_EDGE ( 'NONE', *, *, #2508, .F. ) ;
#2779 = DIRECTION ( 'NONE',  ( 1.000000000000000000, 0.0000000000000000000, 0.0000000000000000000 ) ) ;
#2780 = ORIENTED_EDGE ( 'NONE', *, *, #671, .T. ) ;
#2781 = CARTESIAN_POINT ( 'NONE',  ( 1.937967468810307459, 0.0000000000000000000, -0.02144999999999966725 ) ) ;
#2782 = CARTESIAN_POINT ( 'NONE',  ( 0.4759359376206147019, -0.1100000000000000006, -0.09999999999999989453 ) ) ;
#2783 = DIRECTION ( 'NONE',  ( -3.491481338843133355E-15, -1.000000000000000000, 0.0000000000000000000 ) ) ;
#2784 = EDGE_CURVE ( 'NONE', #3760, #5234, #7606, .T. ) ;
#2785 = EDGE_CURVE ( 'NONE', #6239, #2833, #6342, .T. ) ;
#2786 = ORIENTED_EDGE ( 'NONE', *, *, #7461, .T. ) ;
#2787 = ORIENTED_EDGE ( 'NONE', *, *, #3164, .T. ) ;
#2788 = DIRECTION ( 'NONE',  ( -0.0000000000000000000, 1.000000000000000000, -0.0000000000000000000 ) ) ;
#2789 = ORIENTED_EDGE ( 'NONE', *, *, #5148, .T. ) ;
#2790 = DIRECTION ( 'NONE',  ( 1.000000000000000000, 0.0000000000000000000, 0.0000000000000000000 ) ) ;
#2791 = CARTESIAN_POINT ( 'NONE',  ( 1.094266468810307424, -0.1100000000000000006, -0.08424999999999957523 ) ) ;
#2792 = CARTESIAN_POINT ( 'NONE',  ( 1.099999000000000171, 0.0000000000000000000, 0.0000000000000000000 ) ) ;
#2793 = CARTESIAN_POINT ( 'NONE',  ( 1.881668468810307582, 0.0000000000000000000, -0.08424999999999954747 ) ) ;
#2794 = ADVANCED_FACE ( 'NONE', ( #5712 ), #2695, .F. ) ;
#2795 = VECTOR ( 'NONE', #2050, 39.37007874015748143 ) ;
#2796 = ORIENTED_EDGE ( 'NONE', *, *, #5394, .F. ) ;
#2797 = FACE_OUTER_BOUND ( 'NONE', #2637, .T. ) ;
#2798 = DIRECTION ( 'NONE',  ( 0.0000000000000000000, 0.0000000000000000000, 1.000000000000000000 ) ) ;
#2799 = VERTEX_POINT ( 'NONE', #3366 ) ;
#2800 = DIRECTION ( 'NONE',  ( 0.3420201433256662704, -0.0000000000000000000, 0.9396926207859092051 ) ) ;
#2801 = VECTOR ( 'NONE', #6650, 39.37007874015748143 ) ;
#2802 = ORIENTED_EDGE ( 'NONE', *, *, #3051, .F. ) ;
#2803 = CARTESIAN_POINT ( 'NONE',  ( 0.3379674688103073699, 3.673940397442060153E-19, -0.05000000000000019013 ) ) ;
#2804 = AXIS2_PLACEMENT_3D ( 'NONE', #2720, #4503, #5142 ) ;
#2805 = DIRECTION ( 'NONE',  ( 0.9396926207859100932, 0.0000000000000000000, 0.3420201433256638834 ) ) ;
#2806 = VECTOR ( 'NONE', #105, 39.37007874015748143 ) ;
#2807 = ORIENTED_EDGE ( 'NONE', *, *, #6601, .F. ) ;
#2808 = CARTESIAN_POINT ( 'NONE',  ( -0.03066449223692698303, -0.05000000000000000278, -0.01574999999999998623 ) ) ;
#2809 = VERTEX_POINT ( 'NONE', #5192 ) ;
#2810 = DIRECTION ( 'NONE',  ( -0.3420201433256720991, 0.0000000000000000000, 0.9396926207859070956 ) ) ;
#2811 = ADVANCED_FACE ( 'NONE', ( #3249 ), #2060, .T. ) ;
#2812 = CARTESIAN_POINT ( 'NONE',  ( 0.8632480079848952048, -0.05000000000000000278, 0.3096075421192264754 ) ) ;
#2813 = AXIS2_PLACEMENT_3D ( 'NONE', #1008, #2110, #4012 ) ;
#2814 = DIRECTION ( 'NONE',  ( 0.0000000000000000000, 0.0000000000000000000, 1.000000000000000000 ) ) ;
#2815 = AXIS2_PLACEMENT_3D ( 'NONE', #4370, #6785, #3771 ) ;
#2816 = EDGE_LOOP ( 'NONE', ( #4795, #5963, #133, #5758 ) ) ;
#2817 = VERTEX_POINT ( 'NONE', #7049 ) ;
#2818 = LINE ( 'NONE', #5719, #4978 ) ;
#2819 = ORIENTED_EDGE ( 'NONE', *, *, #7516, .F. ) ;
#2821 = ADVANCED_FACE ( 'NONE', ( #476 ), #6422, .F. ) ;
#2820 = LINE ( 'NONE', #446, #3768 ) ;
#2822 = ADVANCED_FACE ( 'NONE', ( #7172 ), #393, .F. ) ;
#2823 = DIRECTION ( 'NONE',  ( 0.0000000000000000000, 0.0000000000000000000, 1.000000000000000000 ) ) ;
#2824 = CARTESIAN_POINT ( 'NONE',  ( 1.799999000000000127, -0.05000000000000000278, 0.0000000000000000000 ) ) ;
#2825 =( REPRESENTATION_RELATIONSHIP ('NONE','NONE', #1567, #7799 ) REPRESENTATION_RELATIONSHIP_WITH_TRANSFORMATION ( #4133 )SHAPE_REPRESENTATION_RELATIONSHIP( ) );
#2826 = PRODUCT_CONTEXT ( 'NONE', #7023, 'mechanical' ) ;
#2827 = VECTOR ( 'NONE', #4087, 39.37007874015748143 ) ;
#2828 = FACE_OUTER_BOUND ( 'NONE', #7493, .T. ) ;
#2829 = ORIENTED_EDGE ( 'NONE', *, *, #4193, .F. ) ;
#2830 = ORIENTED_EDGE ( 'NONE', *, *, #2498, .T. ) ;
#2831 = VECTOR ( 'NONE', #2631, 39.37007874015748854 ) ;
#2832 = DIRECTION ( 'NONE',  ( -1.000000000000000000, 0.0000000000000000000, -7.776898252968646568E-17 ) ) ;
#2833 = VERTEX_POINT ( 'NONE', #990 ) ;
#2834 = LINE ( 'NONE', #495, #3765 ) ;
#2835 = ADVANCED_FACE ( 'NONE', ( #4036 ), #1664, .F. ) ;
#2836 = LINE ( 'NONE', #932, #4988 ) ;
#2837 = CARTESIAN_POINT ( 'NONE',  ( 0.9816684688103075596, -0.1100000000000000006, -0.01574999999999998623 ) ) ;
#2838 = DIRECTION ( 'NONE',  ( 0.0000000000000000000, 0.0000000000000000000, 1.000000000000000000 ) ) ;
#2839 = VECTOR ( 'NONE', #7470, 39.37007874015748854 ) ;
#2840 = ORIENTED_EDGE ( 'NONE', *, *, #4177, .T. ) ;
#2841 = CARTESIAN_POINT ( 'NONE',  ( 0.1910000000000004472, 0.0000000000000000000, 0.02200000000000174732 ) ) ;
#2842 = LINE ( 'NONE', #4544, #4593 ) ;
#2843 = VERTEX_POINT ( 'NONE', #1110 ) ;
#2844 = DIRECTION ( 'NONE',  ( -0.3420201433256638834, 0.0000000000000000000, 0.9396926207859100932 ) ) ;
#2845 = ADVANCED_FACE ( 'NONE', ( #3405 ), #3445, .F. ) ;
#2846 = CIRCLE ( 'NONE', #2461, 0.009000000000000915254 ) ;
#2847 = ORIENTED_EDGE ( 'NONE', *, *, #7718, .F. ) ;
#2848 = DIRECTION ( 'NONE',  ( 1.355298456929802892E-15, 0.0000000000000000000, 1.000000000000000000 ) ) ;
#2849 = DIRECTION ( 'NONE',  ( -1.000000000000000000, 0.0000000000000000000, -7.776898252968647801E-17 ) ) ;
#2850 = ORIENTED_EDGE ( 'NONE', *, *, #4642, .F. ) ;
#2851 = EDGE_CURVE ( 'NONE', #4959, #5729, #1074, .T. ) ;
#2852 = LINE ( 'NONE', #2808, #7004 ) ;
#2853 = ORIENTED_EDGE ( 'NONE', *, *, #7244, .T. ) ;
#2854 = CARTESIAN_POINT ( 'NONE',  ( 1.987967468810307503, -0.05000000000000000278, -0.08424999999999935318 ) ) ;
#2855 = DIRECTION ( 'NONE',  ( 0.0000000000000000000, 0.0000000000000000000, 1.000000000000000000 ) ) ;
#2856 = CARTESIAN_POINT ( 'NONE',  ( 0.5759359376206146797, -0.05000000000000000278, -9.478001694819074349E-34 ) ) ;
#2857 = ORIENTED_EDGE ( 'NONE', *, *, #1760, .F. ) ;
#2858 = VERTEX_POINT ( 'NONE', #2856 ) ;
#2859 = FACE_BOUND ( 'NONE', #136, .T. ) ;
#2860 = ORIENTED_EDGE ( 'NONE', *, *, #832, .T. ) ;
#2861 = PLANE ( 'NONE',  #738 ) ;
#2862 = CYLINDRICAL_SURFACE ( 'NONE', #3296, 0.02855000000000052635 ) ;
#2863 = DIRECTION ( 'NONE',  ( 0.3420201433256695456, 0.0000000000000000000, 0.9396926207859080948 ) ) ;
#2865 = EDGE_CURVE ( 'NONE', #3772, #6257, #779, .T. ) ;
#2864 = LINE ( 'NONE', #1635, #7510 ) ;
#2866 = EDGE_CURVE ( 'NONE', #3162, #2530, #5832, .T. ) ;
#2867 = EDGE_LOOP ( 'NONE', ( #2684, #2044, #5083, #7210 ) ) ;
#2868 = ORIENTED_EDGE ( 'NONE', *, *, #4474, .T. ) ;
#2869 = LINE ( 'NONE', #2271, #6994 ) ;
#2870 = ORIENTED_EDGE ( 'NONE', *, *, #5110, .T. ) ;
#2871 = DIRECTION ( 'NONE',  ( 0.0000000000000000000, 0.0000000000000000000, 1.000000000000000000 ) ) ;
#2872 = CARTESIAN_POINT ( 'NONE',  ( 0.3759359376206146686, -0.05000000000000000278, -0.09999999999999989453 ) ) ;
#2873 = DIRECTION ( 'NONE',  ( 0.0000000000000000000, 0.0000000000000000000, 1.000000000000000000 ) ) ;
#2874 = CARTESIAN_POINT ( 'NONE',  ( 1.294266468810307380, -0.1100000000000000006, -0.08424999999999957523 ) ) ;
#2875 = VECTOR ( 'NONE', #5026, 39.37007874015748854 ) ;
#2876 = EDGE_CURVE ( 'NONE', #894, #3845, #5279, .T. ) ;
#2877 = ORIENTED_EDGE ( 'NONE', *, *, #5078, .T. ) ;
#2878 = CARTESIAN_POINT ( 'NONE',  ( 1.294266468810307380, -0.1100000000000000006, -0.01574999999999998623 ) ) ;
#2879 = CARTESIAN_POINT ( 'NONE',  ( 1.037967468810307547, 3.673940397442060153E-19, -0.07855000000000071647 ) ) ;
#2880 = DIRECTION ( 'NONE',  ( -0.0000000000000000000, 1.000000000000000000, -0.0000000000000000000 ) ) ;
#2881 = VECTOR ( 'NONE', #5770, 39.37007874015748143 ) ;
#2882 = ORIENTED_EDGE ( 'NONE', *, *, #3943, .T. ) ;
#2883 = DIRECTION ( 'NONE',  ( 0.0000000000000000000, 0.0000000000000000000, 1.000000000000000000 ) ) ;
#2884 = CARTESIAN_POINT ( 'NONE',  ( 0.6816684688103075151, 0.0000000000000000000, -0.01574999999999998623 ) ) ;
#2885 = ADVANCED_FACE ( 'NONE', ( #2895 ), #4762, .F. ) ;
#2886 = EDGE_CURVE ( 'NONE', #5276, #5619, #2296, .T. ) ;
#2887 = AXIS2_PLACEMENT_3D ( 'NONE', #580, #2990, #7156 ) ;
#2888 = EDGE_CURVE ( 'NONE', #2355, #6271, #1148, .T. ) ;
#2889 = VERTEX_POINT ( 'NONE', #2341 ) ;
#2890 = LINE ( 'NONE', #557, #7638 ) ;
#2891 = VERTEX_POINT ( 'NONE', #6544 ) ;
#2892 = LINE ( 'NONE', #5190, #743 ) ;
#2893 = AXIS2_PLACEMENT_3D ( 'NONE', #6126, #6673, #53 ) ;
#2894 = CYLINDRICAL_SURFACE ( 'NONE', #6595, 0.02599999999999999534 ) ;
#2895 = FACE_OUTER_BOUND ( 'NONE', #3380, .T. ) ;
#2896 = DIRECTION ( 'NONE',  ( -0.0000000000000000000, 1.000000000000000000, -0.0000000000000000000 ) ) ;
#2897 = EDGE_CURVE ( 'NONE', #6624, #821, #5362, .T. ) ;
#2898 = VECTOR ( 'NONE', #7485, 39.37007874015748143 ) ;
#2899 = ORIENTED_EDGE ( 'NONE', *, *, #6819, .T. ) ;
#2900 = ORIENTED_EDGE ( 'NONE', *, *, #5116, .F. ) ;
#2901 = FACE_OUTER_BOUND ( 'NONE', #4126, .T. ) ;
#2902 = ORIENTED_EDGE ( 'NONE', *, *, #7, .F. ) ;
#2903 = CARTESIAN_POINT ( 'NONE',  ( 0.5942664688103074244, 0.0000000000000000000, -0.01574999999999998623 ) ) ;
#2904 = CYLINDRICAL_SURFACE ( 'NONE', #4053, 0.009000000000000915254 ) ;
#2905 = CYLINDRICAL_SURFACE ( 'NONE', #1260, 0.02855000000000052635 ) ;
#2906 = VECTOR ( 'NONE', #5352, 39.37007874015748143 ) ;
#2907 = DIRECTION ( 'NONE',  ( -3.491481338843133355E-15, -1.000000000000000000, 0.0000000000000000000 ) ) ;
#2908 = DIRECTION ( 'NONE',  ( 1.000000000000000000, 0.0000000000000000000, 0.0000000000000000000 ) ) ;
#2909 = ORIENTED_EDGE ( 'NONE', *, *, #2916, .F. ) ;
#2910 = VECTOR ( 'NONE', #6816, 39.37007874015748854 ) ;
#2911 = ORIENTED_EDGE ( 'NONE', *, *, #2246, .F. ) ;
#2912 = ORIENTED_EDGE ( 'NONE', *, *, #5543, .T. ) ;
#2913 = CARTESIAN_POINT ( 'NONE',  ( 1.237967468810307281, 3.673940397442060153E-19, -0.05000000000000019013 ) ) ;
#2914 = SURFACE_STYLE_FILL_AREA ( #3071 ) ;
#2915 = EDGE_CURVE ( 'NONE', #6137, #7538, #4162, .T. ) ;
#2916 = EDGE_CURVE ( 'NONE', #3531, #2386, #6408, .T. ) ;
#2917 = DIRECTION ( 'NONE',  ( -0.3420201433256720991, 0.0000000000000000000, 0.9396926207859070956 ) ) ;
#2918 = VECTOR ( 'NONE', #3192, 39.37007874015748854 ) ;
#2919 = VERTEX_POINT ( 'NONE', #7548 ) ;
#2920 = DIRECTION ( 'NONE',  ( -1.000000000000000000, -0.0000000000000000000, -0.0000000000000000000 ) ) ;
#2921 = DIRECTION ( 'NONE',  ( 0.3420201433256695456, 0.0000000000000000000, 0.9396926207859080948 ) ) ;
#2922 = ORIENTED_EDGE ( 'NONE', *, *, #6269, .F. ) ;
#2923 = LINE ( 'NONE', #5307, #342 ) ;
#2924 = ORIENTED_EDGE ( 'NONE', *, *, #626, .F. ) ;
#2925 = LINE ( 'NONE', #5782, #3278 ) ;
#2926 = ADVANCED_FACE ( 'NONE', ( #7474 ), #1605, .T. ) ;
#2927 = CARTESIAN_POINT ( 'NONE',  ( 0.2999990000000001267, -0.05000000000000000278, 0.0000000000000000000 ) ) ;
#2928 = VERTEX_POINT ( 'NONE', #6953 ) ;
#2929 = AXIS2_PLACEMENT_3D ( 'NONE', #1974, #1341, #3637 ) ;
#2930 = CARTESIAN_POINT ( 'NONE',  ( 1.679983483020204504, -0.05000000000000000278, -0.6383749443013384539 ) ) ;
#2931 = EDGE_LOOP ( 'NONE', ( #539, #2989, #4065, #5901 ) ) ;
#2932 = CARTESIAN_POINT ( 'NONE',  ( 1.694266468810307513, 0.0000000000000000000, -0.08424999999999957523 ) ) ;
#2933 = EDGE_CURVE ( 'NONE', #4311, #2202, #5662, .T. ) ;
#2934 = DIRECTION ( 'NONE',  ( -0.0000000000000000000, 1.000000000000000000, -0.0000000000000000000 ) ) ;
#2935 = DIRECTION ( 'NONE',  ( -0.3420201433256695456, 0.0000000000000000000, -0.9396926207859080948 ) ) ;
#2936 = CARTESIAN_POINT ( 'NONE',  ( 0.05763684689680095147, -0.05000000000000000278, 0.01638905909052128934 ) ) ;
#2937 = ADVANCED_FACE ( 'NONE', ( #2200 ), #6328, .T. ) ;
#2938 = VECTOR ( 'NONE', #553, 39.37007874015748143 ) ;
#2939 = VECTOR ( 'NONE', #6674, 39.37007874015748143 ) ;
#2940 = EDGE_LOOP ( 'NONE', ( #3864, #1351, #4040, #5787 ) ) ;
#2941 = VERTEX_POINT ( 'NONE', #973 ) ;
#2942 = AXIS2_PLACEMENT_3D ( 'NONE', #3406, #5194, #6969 ) ;
#2943 = CARTESIAN_POINT ( 'NONE',  ( 1.981667468810307531, -0.05000000000000000278, -0.01574999999999985092 ) ) ;
#2944 = ORIENTED_EDGE ( 'NONE', *, *, #7236, .T. ) ;
#2945 = CARTESIAN_POINT ( 'NONE',  ( 1.399999000000000215, 0.0000000000000000000, -0.09999999999999989453 ) ) ;
#2946 = ADVANCED_FACE ( 'NONE', ( #2797 ), #1525, .F. ) ;
#2947 = FACE_BOUND ( 'NONE', #3050, .T. ) ;
#2948 = DIRECTION ( 'NONE',  ( -0.0000000000000000000, 1.000000000000000000, -0.0000000000000000000 ) ) ;
#2949 = VECTOR ( 'NONE', #585, 39.37007874015748143 ) ;
#2950 = CARTESIAN_POINT ( 'NONE',  ( -0.01203253118969264436, -0.05000000000000000278, -0.01574999999999999664 ) ) ;
#2951 = ORIENTED_EDGE ( 'NONE', *, *, #7816, .F. ) ;
#2952 = ORIENTED_EDGE ( 'NONE', *, *, #5603, .T. ) ;
#2953 = DIRECTION ( 'NONE',  ( 0.0000000000000000000, 0.0000000000000000000, 1.000000000000000000 ) ) ;
#2954 = VERTEX_POINT ( 'NONE', #6370 ) ;
#2955 = CARTESIAN_POINT ( 'NONE',  ( 0.2816684688103074374, 0.0000000000000000000, -0.08424999999999954747 ) ) ;
#2956 = PRESENTATION_STYLE_ASSIGNMENT (( #1766 ) ) ;
#2957 = VECTOR ( 'NONE', #5596, 39.37007874015748854 ) ;
#2958 = VERTEX_POINT ( 'NONE', #4626 ) ;
#2959 = DIRECTION ( 'NONE',  ( 0.0000000000000000000, 0.0000000000000000000, 1.000000000000000000 ) ) ;
#2960 = DIRECTION ( 'NONE',  ( 7.776898252968646568E-17, 0.0000000000000000000, -1.000000000000000000 ) ) ;
#2961 = ORIENTED_EDGE ( 'NONE', *, *, #2865, .F. ) ;
#2962 = CARTESIAN_POINT ( 'NONE',  ( 0.5100391193611006901, -0.05000000000000000278, 0.1810500201819175148 ) ) ;
#2963 = CARTESIAN_POINT ( 'NONE',  ( 0.6816684688103075151, 0.0000000000000000000, -0.08424999999999954747 ) ) ;
#2964 = CARTESIAN_POINT ( 'NONE',  ( 0.9816684688103075596, -0.1100000000000000006, -0.01574999999999998623 ) ) ;
#2965 = AXIS2_PLACEMENT_3D ( 'NONE', #4312, #2674, #1893 ) ;
#2966 = ADVANCED_FACE ( 'NONE', ( #6883 ), #6916, .F. ) ;
#2967 = ORIENTED_EDGE ( 'NONE', *, *, #7490, .T. ) ;
#2968 = EDGE_CURVE ( 'NONE', #3502, #5761, #4572, .T. ) ;
#2969 = VECTOR ( 'NONE', #6286, 39.37007874015748143 ) ;
#2970 = CARTESIAN_POINT ( 'NONE',  ( 0.0000000000000000000, 0.0000000000000000000, 0.0000000000000000000 ) ) ;
#2971 = VERTEX_POINT ( 'NONE', #3314 ) ;
#2972 = CARTESIAN_POINT ( 'NONE',  ( 0.08166846881030738470, 0.0000000000000000000, -0.01574999999999998623 ) ) ;
#2973 = DIRECTION ( 'NONE',  ( -0.0000000000000000000, 1.000000000000000000, -0.0000000000000000000 ) ) ;
#2974 = CARTESIAN_POINT ( 'NONE',  ( 0.2816684688103073819, 0.0000000000000000000, -0.08424999999999954747 ) ) ;
#2975 = DIRECTION ( 'NONE',  ( -1.000000000000000000, -0.0000000000000000000, -0.0000000000000000000 ) ) ;
#2976 = ORIENTED_EDGE ( 'NONE', *, *, #2092, .F. ) ;
#2977 = ORIENTED_EDGE ( 'NONE', *, *, #7490, .F. ) ;
#2978 = ORIENTED_EDGE ( 'NONE', *, *, #4193, .T. ) ;
#2979 = CARTESIAN_POINT ( 'NONE',  ( 1.481668468810307449, 0.0000000000000000000, -0.01574999999999998623 ) ) ;
#2980 = LINE ( 'NONE', #3534, #3794 ) ;
#2981 = ORIENTED_EDGE ( 'NONE', *, *, #7150, .T. ) ;
#2982 = CARTESIAN_POINT ( 'NONE',  ( 0.8942664688103074688, 0.0000000000000000000, -0.01574999999999998623 ) ) ;
#2983 = ADVANCED_FACE ( 'NONE', ( #6447 ), #3865, .F. ) ;
#2984 = DIRECTION ( 'NONE',  ( -1.000000000000000000, 0.0000000000000000000, -7.776898252968647801E-17 ) ) ;
#2985 = EDGE_CURVE ( 'NONE', #5140, #7131, #3273, .T. ) ;
#2986 = ORIENTED_EDGE ( 'NONE', *, *, #7321, .T. ) ;
#2987 = VERTEX_POINT ( 'NONE', #338 ) ;
#2988 = CARTESIAN_POINT ( 'NONE',  ( 0.1710000000000004572, 0.0000000000000000000, 0.0000000000000000000 ) ) ;
#2989 = ORIENTED_EDGE ( 'NONE', *, *, #2776, .T. ) ;
#2990 = DIRECTION ( 'NONE',  ( -0.0000000000000000000, 1.000000000000000000, -0.0000000000000000000 ) ) ;
#2991 = LENGTH_MEASURE_WITH_UNIT ( LENGTH_MEASURE( 0.02539999999999999897 ), #4219 );
#2992 = FILL_AREA_STYLE ('',( #542 ) ) ;
#2993 = EDGE_CURVE ( 'NONE', #3476, #4911, #1486, .T. ) ;
#2994 = ORIENTED_EDGE ( 'NONE', *, *, #4368, .F. ) ;
#2995 = DIRECTION ( 'NONE',  ( 0.0000000000000000000, 0.0000000000000000000, 1.000000000000000000 ) ) ;
#2996 = CARTESIAN_POINT ( 'NONE',  ( -0.03066449223692698303, -0.05000000000000000278, -0.01574999999999998623 ) ) ;
#2997 = ORIENTED_EDGE ( 'NONE', *, *, #245, .F. ) ;
#2998 = DIRECTION ( 'NONE',  ( 0.3420201433256720991, 0.0000000000000000000, -0.9396926207859070956 ) ) ;
#2999 = DIRECTION ( 'NONE',  ( -1.000000000000000000, -0.0000000000000000000, -0.0000000000000000000 ) ) ;
#3000 = ORIENTED_EDGE ( 'NONE', *, *, #1226, .T. ) ;
#3001 = VECTOR ( 'NONE', #7039, 39.37007874015748143 ) ;
#3002 = DIRECTION ( 'NONE',  ( -0.0000000000000000000, 1.000000000000000000, -0.0000000000000000000 ) ) ;
#3003 = ORIENTED_EDGE ( 'NONE', *, *, #3844, .F. ) ;
#3004 = DIRECTION ( 'NONE',  ( -0.0000000000000000000, 1.000000000000000000, -0.0000000000000000000 ) ) ;
#3005 = CARTESIAN_POINT ( 'NONE',  ( 1.937967468810307459, 3.673940397442060153E-19, -0.02144999999999966031 ) ) ;
#3006 = LINE ( 'NONE', #5320, #1435 ) ;
#3007 = EDGE_CURVE ( 'NONE', #6412, #1259, #5179, .T. ) ;
#3008 = EDGE_CURVE ( 'NONE', #1739, #7028, #5817, .T. ) ;
#3009 = AXIS2_PLACEMENT_3D ( 'NONE', #332, #6947, #2749 ) ;
#3010 = EDGE_LOOP ( 'NONE', ( #4717, #2032, #7452, #7466 ) ) ;
#3011 = AXIS2_PLACEMENT_3D ( 'NONE', #7218, #6191, #6038 ) ;
#3012 = DIRECTION ( 'NONE',  ( -0.9396926207859072067, 0.0000000000000000000, -0.3420201433256721546 ) ) ;
#3013 = FACE_BOUND ( 'NONE', #5187, .T. ) ;
#3014 = ORIENTED_EDGE ( 'NONE', *, *, #5467, .T. ) ;
#3015 = CARTESIAN_POINT ( 'NONE',  ( 1.775935937620614746, -0.1100000000000000006, -9.478001694819074349E-34 ) ) ;
#3016 = DIRECTION ( 'NONE',  ( 0.3420201433256638834, 0.0000000000000000000, -0.9396926207859100932 ) ) ;
#3017 = ORIENTED_EDGE ( 'NONE', *, *, #267, .F. ) ;
#3018 = CARTESIAN_POINT ( 'NONE',  ( 1.294266468810307380, -0.1100000000000000006, -0.01574999999999998623 ) ) ;
#3019 = CARTESIAN_POINT ( 'NONE',  ( 0.8816684688103074707, 0.0000000000000000000, -0.01574999999999998623 ) ) ;
#3020 = EDGE_CURVE ( 'NONE', #5382, #7393, #1794, .T. ) ;
#3021 = VECTOR ( 'NONE', #312, 39.37007874015748143 ) ;
#3022 = CARTESIAN_POINT ( 'NONE',  ( 0.2910000000000024234, -6.733578453133398446E-16, 0.0000000000000000000 ) ) ;
#3023 = ORIENTED_EDGE ( 'NONE', *, *, #6819, .F. ) ;
#3024 = VERTEX_POINT ( 'NONE', #5102 ) ;
#3025 = LINE ( 'NONE', #1206, #2187 ) ;
#3026 = VERTEX_POINT ( 'NONE', #7512 ) ;
#3027 = LINE ( 'NONE', #3147, #2755 ) ;
#3028 = VECTOR ( 'NONE', #6806, 39.37007874015748143 ) ;
#3029 = LINE ( 'NONE', #4746, #3917 ) ;
#3030 = ADVANCED_FACE ( 'NONE', ( #896 ), #2085, .T. ) ;
#3031 = ADVANCED_FACE ( 'NONE', ( #462 ), #7161, .F. ) ;
#3032 = CARTESIAN_POINT ( 'NONE',  ( 0.0000000000000000000, 0.0000000000000000000, 0.0000000000000000000 ) ) ;
#3033 = PRODUCT_DEFINITION_SHAPE ( 'NONE', 'NONE',  #7845 ) ;
#3034 = AXIS2_PLACEMENT_3D ( 'NONE', #4091, #7781, #486 ) ;
#3035 = ORIENTED_EDGE ( 'NONE', *, *, #5457, .F. ) ;
#3036 = CARTESIAN_POINT ( 'NONE',  ( 0.09426646881030739666, -0.1100000000000000006, -0.08424999999999957523 ) ) ;
#3037 = CARTESIAN_POINT ( 'NONE',  ( 1.975934937620615894, -0.05000000000000000278, -0.09999999999999974187 ) ) ;
#3038 = ORIENTED_EDGE ( 'NONE', *, *, #4221, .F. ) ;
#3039 = CARTESIAN_POINT ( 'NONE',  ( 1.737967468810307281, -0.05000000000000000278, -0.05000000000000019013 ) ) ;
#3040 = EDGE_CURVE ( 'NONE', #5569, #2561, #5265, .T. ) ;
#3041 = CARTESIAN_POINT ( 'NONE',  ( 0.1821961524227070084, 0.0000000000000000000, 0.0000000000000000000 ) ) ;
#3042 = ORIENTED_EDGE ( 'NONE', *, *, #521, .F. ) ;
#3043 = DIRECTION ( 'NONE',  ( 1.000000000000000000, 0.0000000000000000000, -0.0000000000000000000 ) ) ;
#3044 = AXIS2_PLACEMENT_3D ( 'NONE', #3374, #3925, #5763 ) ;
#3045 = EDGE_LOOP ( 'NONE', ( #3753, #347, #5744, #4214 ) ) ;
#3046 = CARTESIAN_POINT ( 'NONE',  ( 0.9816684688103075596, 0.0000000000000000000, -0.08424999999999954747 ) ) ;
#3047 = DIRECTION ( 'NONE',  ( -0.3420201433256694346, -0.0000000000000000000, -0.9396926207859080948 ) ) ;
#3048 = CIRCLE ( 'NONE', #770, 0.02855000000000052982 ) ;
#3049 = AXIS2_PLACEMENT_3D ( 'NONE', #5917, #5319, #2935 ) ;
#3050 = EDGE_LOOP ( 'NONE', ( #4107, #5181 ) ) ;
#3051 = EDGE_CURVE ( 'NONE', #1538, #3531, #1808, .T. ) ;
#3052 = DIRECTION ( 'NONE',  ( 0.0000000000000000000, 0.0000000000000000000, 1.000000000000000000 ) ) ;
#3053 = CARTESIAN_POINT ( 'NONE',  ( 1.694266468810307513, -0.1100000000000000006, -0.08424999999999957523 ) ) ;
#3054 = ORIENTED_EDGE ( 'NONE', *, *, #5726, .F. ) ;
#3055 = LINE ( 'NONE', #3764, #6566 ) ;
#3056 = DIRECTION ( 'NONE',  ( 0.3420201433256695456, 0.0000000000000000000, 0.9396926207859080948 ) ) ;
#3057 = LINE ( 'NONE', #7337, #1507 ) ;
#3058 = AXIS2_PLACEMENT_3D ( 'NONE', #6836, #2079, #3862 ) ;
#3059 = AXIS2_PLACEMENT_3D ( 'NONE', #1000, #7498, #3455 ) ;
#3060 = LINE ( 'NONE', #4211, #1409 ) ;
#3061 = ITEM_DEFINED_TRANSFORMATION ( 'NONE', 'NONE', #1708,  #3340 ) ;
#3062 = DIRECTION ( 'NONE',  ( -0.3420201433256663259, 0.0000000000000000000, -0.9396926207859092051 ) ) ;
#3063 = AXIS2_PLACEMENT_3D ( 'NONE', #1410, #3826, #6255 ) ;
#3064 = ADVANCED_FACE ( 'NONE', ( #7752 ), #5861, .F. ) ;
#3065 = ORIENTED_EDGE ( 'NONE', *, *, #5193, .F. ) ;
#3066 = EDGE_CURVE ( 'NONE', #1502, #2141, #7670, .T. ) ;
#3067 = ORIENTED_EDGE ( 'NONE', *, *, #4042, .T. ) ;
#3068 = CARTESIAN_POINT ( 'NONE',  ( 0.5816684688103074263, -0.1100000000000000006, -0.01574999999999998623 ) ) ;
#3069 = ORIENTED_EDGE ( 'NONE', *, *, #4129, .T. ) ;
#3070 = CARTESIAN_POINT ( 'NONE',  ( 1.599999000000000171, -0.05000000000000000278, -0.09999999999999989453 ) ) ;
#3071 = FILL_AREA_STYLE ('',( #3662 ) ) ;
#3072 = EDGE_LOOP ( 'NONE', ( #85, #6244, #403, #3712 ) ) ;
#3073 =( NAMED_UNIT ( * ) PLANE_ANGLE_UNIT ( ) SI_UNIT ( $, .RADIAN. ) );
#3074 = VECTOR ( 'NONE', #505, 39.37007874015748854 ) ;
#3075 = ORIENTED_EDGE ( 'NONE', *, *, #5593, .T. ) ;
#3076 = EDGE_CURVE ( 'NONE', #1484, #6776, #5844, .T. ) ;
#3077 = LINE ( 'NONE', #3036, #2299 ) ;
#3078 = VECTOR ( 'NONE', #7306, 39.37007874015748854 ) ;
#3079 = DIRECTION ( 'NONE',  ( -0.3420201433256720991, 0.0000000000000000000, 0.9396926207859070956 ) ) ;
#3080 = ORIENTED_EDGE ( 'NONE', *, *, #3546, .T. ) ;
#3081 = DIRECTION ( 'NONE',  ( 0.0000000000000000000, 1.000000000000000000, 0.0000000000000000000 ) ) ;
#3082 = CARTESIAN_POINT ( 'NONE',  ( 0.0000000000000000000, 4.408728476930652066E-18, -0.03600000000000147526 ) ) ;
#3083 =( REPRESENTATION_RELATIONSHIP ('NONE','NONE', #1567, #7799 ) REPRESENTATION_RELATIONSHIP_WITH_TRANSFORMATION ( #4736 )SHAPE_REPRESENTATION_RELATIONSHIP( ) );
#3084 = VECTOR ( 'NONE', #389, 39.37007874015748143 ) ;
#3085 = ORIENTED_EDGE ( 'NONE', *, *, #277, .F. ) ;
#3086 = EDGE_CURVE ( 'NONE', #1100, #7188, #6345, .T. ) ;
#3087 = VECTOR ( 'NONE', #2226, 39.37007874015748143 ) ;
#3088 = DIRECTION ( 'NONE',  ( 0.0000000000000000000, 0.0000000000000000000, 1.000000000000000000 ) ) ;
#3089 = ORIENTED_EDGE ( 'NONE', *, *, #1045, .T. ) ;
#3090 = LINE ( 'NONE', #674, #6441 ) ;
#3091 = CARTESIAN_POINT ( 'NONE',  ( 0.6816684688103075151, -0.1100000000000000006, -0.08424999999999954747 ) ) ;
#3092 = VECTOR ( 'NONE', #6951, 39.37007874015748143 ) ;
#3093 = EDGE_CURVE ( 'NONE', #5519, #6624, #4146, .T. ) ;
#3094 = VERTEX_POINT ( 'NONE', #5304 ) ;
#3095 = LINE ( 'NONE', #3132, #979 ) ;
#3096 = CARTESIAN_POINT ( 'NONE',  ( 0.1710000000000004572, 3.551475717527324911E-18, -0.02900000000000000147 ) ) ;
#3097 = ORIENTED_EDGE ( 'NONE', *, *, #6246, .F. ) ;
#3098 = CARTESIAN_POINT ( 'NONE',  ( 1.481668468810307449, -0.1100000000000000006, -0.08424999999999954747 ) ) ;
#3099 = CARTESIAN_POINT ( 'NONE',  ( 1.975934937620615894, -0.05000000000000000278, -0.09999999999999974187 ) ) ;
#3100 = AXIS2_PLACEMENT_3D ( 'NONE', #3970, #6982, #2783 ) ;
#3101 = CARTESIAN_POINT ( 'NONE',  ( -0.03066449223692707671, -0.05000000000000000278, -0.08424999999999925604 ) ) ;
#3102 = ITEM_DEFINED_TRANSFORMATION ( 'NONE', 'NONE', #7281,  #3340 ) ;
#3103 = CARTESIAN_POINT ( 'NONE',  ( 1.975934937620615894, -0.05000000000000000278, -0.09999999999999974187 ) ) ;
#3104 = ORIENTED_EDGE ( 'NONE', *, *, #5826, .F. ) ;
#3105 = EDGE_LOOP ( 'NONE', ( #6503, #4022, #1087, #2619 ) ) ;
#3106 = FACE_OUTER_BOUND ( 'NONE', #4085, .T. ) ;
#3107 = EDGE_LOOP ( 'NONE', ( #6198, #1798, #6554, #5837 ) ) ;
#3108 = CARTESIAN_POINT ( 'NONE',  ( 0.6379674688103074143, -0.05000000000000000278, -0.02144999999999967072 ) ) ;
#3109 = LINE ( 'NONE', #4373, #6479 ) ;
#3110 = ORIENTED_EDGE ( 'NONE', *, *, #5115, .T. ) ;
#3111 = CARTESIAN_POINT ( 'NONE',  ( 0.1816684688103074041, 0.0000000000000000000, -0.01574999999999998623 ) ) ;
#3112 =( NAMED_UNIT ( * ) PLANE_ANGLE_UNIT ( ) SI_UNIT ( $, .RADIAN. ) );
#3113 = EDGE_CURVE ( 'NONE', #5302, #2121, #6605, .T. ) ;
#3114 = EDGE_CURVE ( 'NONE', #1152, #2141, #7076, .T. ) ;
#3115 = VERTEX_POINT ( 'NONE', #2841 ) ;
#3116 = PLANE ( 'NONE',  #4310 ) ;
#3117 = FACE_OUTER_BOUND ( 'NONE', #4821, .T. ) ;
#3118 = ORIENTED_EDGE ( 'NONE', *, *, #2344, .T. ) ;
#3119 = CARTESIAN_POINT ( 'NONE',  ( 1.281668468810307271, 0.0000000000000000000, -0.01574999999999998623 ) ) ;
#3120 = SPHERICAL_SURFACE ( 'NONE', #3691, 0.008999999999999822378 ) ;
#3121 = EDGE_CURVE ( 'NONE', #5511, #5690, #1398, .T. ) ;
#3122 = EDGE_LOOP ( 'NONE', ( #282, #2272, #6999, #2338 ) ) ;
#3123 = CARTESIAN_POINT ( 'NONE',  ( 0.5874501798324965884, -0.05000000000000000278, 0.2092253419964807681 ) ) ;
#3124 = DIRECTION ( 'NONE',  ( 1.000000000000000000, 0.0000000000000000000, -0.0000000000000000000 ) ) ;
#3125 = VERTEX_POINT ( 'NONE', #584 ) ;
#3126 = DIRECTION ( 'NONE',  ( -1.000000000000000000, -0.0000000000000000000, -0.0000000000000000000 ) ) ;
#3127 = CARTESIAN_POINT ( 'NONE',  ( 0.09426646881030739666, -0.05000000000000000278, -0.08424999999999957523 ) ) ;
#3128 = EDGE_CURVE ( 'NONE', #3935, #5480, #504, .T. ) ;
#3129 = EDGE_CURVE ( 'NONE', #1006, #1445, #6568, .T. ) ;
#3130 = VECTOR ( 'NONE', #1572, 39.37007874015748143 ) ;
#3131 = ORIENTED_EDGE ( 'NONE', *, *, #3606, .F. ) ;
#3132 = CARTESIAN_POINT ( 'NONE',  ( 0.0000000000000000000, 0.0000000000000000000, 0.0000000000000000000 ) ) ;
#3133 = CARTESIAN_POINT ( 'NONE',  ( 0.2816684688103074374, 0.0000000000000000000, -0.08424999999999954747 ) ) ;
#3134 = EDGE_LOOP ( 'NONE', ( #842, #1078, #4123, #6908 ) ) ;
#3135 = CARTESIAN_POINT ( 'NONE',  ( 0.9942664688103074466, -0.1100000000000000006, -0.01574999999999998623 ) ) ;
#3136 = VECTOR ( 'NONE', #3750, 39.37007874015748143 ) ;
#3137 = CARTESIAN_POINT ( 'NONE',  ( 0.6999990000000000379, 0.0000000000000000000, -0.09999999999999989453 ) ) ;
#3138 = CARTESIAN_POINT ( 'NONE',  ( 0.7942664688103074910, -0.1100000000000000006, -0.01574999999999998623 ) ) ;
#3139 = LINE ( 'NONE', #196, #5728 ) ;
#3140 = ADVANCED_FACE ( 'NONE', ( #6491 ), #2403, .F. ) ;
#3141 = CARTESIAN_POINT ( 'NONE',  ( 0.6816684688103075151, -0.1100000000000000006, -0.08424999999999954747 ) ) ;
#3142 = VECTOR ( 'NONE', #6470, 39.37007874015748143 ) ;
#3143 = EDGE_LOOP ( 'NONE', ( #4217, #7755, #727, #3963 ) ) ;
#3144 = VERTEX_POINT ( 'NONE', #4823 ) ;
#3145 = LINE ( 'NONE', #4295, #676 ) ;
#3146 = ORIENTED_EDGE ( 'NONE', *, *, #3128, .F. ) ;
#3147 = CARTESIAN_POINT ( 'NONE',  ( 1.975934937620615894, 0.0000000000000000000, -0.09999999999999974187 ) ) ;
#3148 = LINE ( 'NONE', #2509, #7743 ) ;
#3149 = CARTESIAN_POINT ( 'NONE',  ( 1.894266468810307691, -0.1100000000000000006, -0.08424999999999957523 ) ) ;
#3150 = VECTOR ( 'NONE', #7829, 39.37007874015748143 ) ;
#3151 = CARTESIAN_POINT ( 'NONE',  ( 0.3379674688103078140, 0.1460000000000002129, -0.05000000000000016931 ) ) ;
#3152 = VERTEX_POINT ( 'NONE', #4108 ) ;
#3153 = VECTOR ( 'NONE', #7675, 39.37007874015748143 ) ;
#3154 = DIRECTION ( 'NONE',  ( 0.3420201433256638834, 0.0000000000000000000, -0.9396926207859100932 ) ) ;
#3155 = DIRECTION ( 'NONE',  ( 1.000000000000000000, -0.0000000000000000000, 3.387708325476583695E-16 ) ) ;
#3156 = EDGE_LOOP ( 'NONE', ( #7800, #2789, #1129, #2997 ) ) ;
#3157 = CARTESIAN_POINT ( 'NONE',  ( 0.8379674688103073699, 0.0000000000000000000, -0.02144999999999966725 ) ) ;
#3158 = EDGE_CURVE ( 'NONE', #3552, #5529, #6531, .T. ) ;
#3159 = CARTESIAN_POINT ( 'NONE',  ( 0.3942664688103074133, 0.0000000000000000000, -0.01574999999999998623 ) ) ;
#3160 = DIRECTION ( 'NONE',  ( 1.000000000000000000, 0.0000000000000000000, -1.355298456929802892E-15 ) ) ;
#3161 = AXIS2_PLACEMENT_3D ( 'NONE', #572, #7695, #6472 ) ;
#3162 = VERTEX_POINT ( 'NONE', #7793 ) ;
#3163 = DIRECTION ( 'NONE',  ( -0.0000000000000000000, 1.000000000000000000, -0.0000000000000000000 ) ) ;
#3164 = EDGE_CURVE ( 'NONE', #821, #6270, #3511, .T. ) ;
#3165 = ORIENTED_EDGE ( 'NONE', *, *, #7640, .F. ) ;
#3166 = LINE ( 'NONE', #4990, #1493 ) ;
#3167 = LINE ( 'NONE', #110, #649 ) ;
#3168 = VECTOR ( 'NONE', #1384, 39.37007874015748143 ) ;
#3169 = ORIENTED_EDGE ( 'NONE', *, *, #56, .T. ) ;
#3171 = EDGE_CURVE ( 'NONE', #3953, #6748, #2364, .T. ) ;
#3170 = DIRECTION ( 'NONE',  ( 1.355298456929802892E-15, 0.0000000000000000000, 1.000000000000000000 ) ) ;
#3172 = CARTESIAN_POINT ( 'NONE',  ( 1.281668468810307271, -0.1100000000000000006, -0.01574999999999998623 ) ) ;
#3173 = ORIENTED_EDGE ( 'NONE', *, *, #413, .T. ) ;
#3174 = DIRECTION ( 'NONE',  ( -1.000000000000000000, -0.0000000000000000000, -0.0000000000000000000 ) ) ;
#3175 = CARTESIAN_POINT ( 'NONE',  ( 1.594266468810307424, 0.0000000000000000000, -0.01574999999999998623 ) ) ;
#3176 = DIRECTION ( 'NONE',  ( -0.0000000000000000000, 1.000000000000000000, -0.0000000000000000000 ) ) ;
#3177 = DIRECTION ( 'NONE',  ( 0.0000000000000000000, 0.0000000000000000000, 1.000000000000000000 ) ) ;
#3178 = AXIS2_PLACEMENT_3D ( 'NONE', #6107, #7328, #6148 ) ;
#3179 = ORIENTED_EDGE ( 'NONE', *, *, #832, .F. ) ;
#3181 = EDGE_CURVE ( 'NONE', #7188, #7217, #1027, .T. ) ;
#3180 = VERTEX_POINT ( 'NONE', #4263 ) ;
#3182 = AXIS2_PLACEMENT_3D ( 'NONE', #4460, #2675, #7508 ) ;
#3183 = DIRECTION ( 'NONE',  ( 1.000000000000000000, 0.0000000000000000000, -1.355298456929802892E-15 ) ) ;
#3184 = ORIENTED_EDGE ( 'NONE', *, *, #7043, .F. ) ;
#3185 = VECTOR ( 'NONE', #5775, 39.37007874015748854 ) ;
#3186 = CARTESIAN_POINT ( 'NONE',  ( -0.01203253118969264436, -0.05000000000000000278, -0.01574999999999999664 ) ) ;
#3187 = LINE ( 'NONE', #90, #7110 ) ;
#3188 = CARTESIAN_POINT ( 'NONE',  ( 0.2999990000000001267, 0.0000000000000000000, -0.09999999999999989453 ) ) ;
#3189 = DIRECTION ( 'NONE',  ( 0.0000000000000000000, 0.0000000000000000000, 1.000000000000000000 ) ) ;
#3190 = AXIS2_PLACEMENT_3D ( 'NONE', #1970, #5625, #6840 ) ;
#3191 = EDGE_LOOP ( 'NONE', ( #1165, #3331, #218, #4077 ) ) ;
#3192 = DIRECTION ( 'NONE',  ( 0.3420201433256720991, 0.0000000000000000000, -0.9396926207859070956 ) ) ;
#3193 = CARTESIAN_POINT ( 'NONE',  ( 0.8816684688103074707, 0.0000000000000000000, -0.08424999999999953360 ) ) ;
#3194 = ORIENTED_EDGE ( 'NONE', *, *, #788, .T. ) ;
#3195 = CARTESIAN_POINT ( 'NONE',  ( 1.975934937620615894, -0.05000000000000000278, -0.09999999999999974187 ) ) ;
#3196 = VECTOR ( 'NONE', #5424, 39.37007874015748143 ) ;
#3197 = CARTESIAN_POINT ( 'NONE',  ( 1.537967468810307325, 0.0000000000000000000, -0.05000000000000019013 ) ) ;
#3198 = CARTESIAN_POINT ( 'NONE',  ( 0.6942664688103074022, -0.1100000000000000006, -0.01574999999999998623 ) ) ;
#3199 = VECTOR ( 'NONE', #2921, 39.37007874015748143 ) ;
#3200 = ORIENTED_EDGE ( 'NONE', *, *, #7437, .T. ) ;
#3201 = DIRECTION ( 'NONE',  ( 0.0000000000000000000, 0.0000000000000000000, -1.000000000000000000 ) ) ;
#3202 = ORIENTED_EDGE ( 'NONE', *, *, #3312, .F. ) ;
#3203 = DIRECTION ( 'NONE',  ( 0.0000000000000000000, 0.0000000000000000000, 1.000000000000000000 ) ) ;
#3204 = FACE_OUTER_BOUND ( 'NONE', #4404, .T. ) ;
#3205 = AXIS2_PLACEMENT_3D ( 'NONE', #4743, #6596, #2953 ) ;
#3206 = EDGE_CURVE ( 'NONE', #6604, #4062, #6679, .T. ) ;
#3207 = ADVANCED_FACE ( 'NONE', ( #620 ), #173, .F. ) ;
#3208 = VECTOR ( 'NONE', #5521, 39.37007874015748143 ) ;
#3209 = CARTESIAN_POINT ( 'NONE',  ( 0.5816684688103074263, -0.1100000000000000006, -0.08424999999999954747 ) ) ;
#3210 = LINE ( 'NONE', #1345, #5747 ) ;
#3211 = EDGE_LOOP ( 'NONE', ( #852, #1230, #3332, #164 ) ) ;
#3212 = CARTESIAN_POINT ( 'NONE',  ( 0.7999990000000001267, -0.05000000000000000278, -0.09999999999999989453 ) ) ;
#3213 = LINE ( 'NONE', #6743, #5196 ) ;
#3214 = LINE ( 'NONE', #7527, #5057 ) ;
#3215 = CARTESIAN_POINT ( 'NONE',  ( 1.975934937620615894, -0.05000000000000000278, -0.09999999999999974187 ) ) ;
#3216 = UNCERTAINTY_MEASURE_WITH_UNIT (LENGTH_MEASURE( 1.000000000000000082E-05 ), #2399, 'distance_accuracy_value', 'NONE');
#3217 = VECTOR ( 'NONE', #2313, 39.37007874015748143 ) ;
#3218 = EDGE_CURVE ( 'NONE', #5234, #3760, #3673, .T. ) ;
#3219 = ORIENTED_EDGE ( 'NONE', *, *, #1241, .T. ) ;
#3220 = ORIENTED_EDGE ( 'NONE', *, *, #1777, .T. ) ;
#3221 = VECTOR ( 'NONE', #2342, 39.37007874015748143 ) ;
#3222 = CARTESIAN_POINT ( 'NONE',  ( -0.01203253118969264436, 0.0000000000000000000, -0.08424999999999989442 ) ) ;
#3223 = ORIENTED_EDGE ( 'NONE', *, *, #757, .F. ) ;
#3224 = FACE_OUTER_BOUND ( 'NONE', #4801, .T. ) ;
#3225 = CARTESIAN_POINT ( 'NONE',  ( 0.6379674688103074143, 3.673940397442060153E-19, -0.02144999999999966031 ) ) ;
#3226 = ADVANCED_FACE ( 'NONE', ( #3778 ), #734, .F. ) ;
#3227 = CARTESIAN_POINT ( 'NONE',  ( 0.1870000000000004159, 0.0000000000000000000, 0.02599999999999999534 ) ) ;
#3228 = DIRECTION ( 'NONE',  ( -3.491481338843133355E-15, -1.000000000000000000, 0.0000000000000000000 ) ) ;
#3229 = EDGE_CURVE ( 'NONE', #4334, #7255, #3077, .T. ) ;
#3230 = AXIS2_PLACEMENT_3D ( 'NONE', #1044, #1084, #5331 ) ;
#3231 =( REPRESENTATION_RELATIONSHIP ('NONE','NONE', #1567, #7799 ) REPRESENTATION_RELATIONSHIP_WITH_TRANSFORMATION ( #3694 )SHAPE_REPRESENTATION_RELATIONSHIP( ) );
#3232 = VERTEX_POINT ( 'NONE', #1292 ) ;
#3233 = VERTEX_POINT ( 'NONE', #2553 ) ;
#3234 = CARTESIAN_POINT ( 'NONE',  ( 0.6379674688103074143, 3.673940397442060153E-19, -0.07855000000000071647 ) ) ;
#3235 = EDGE_LOOP ( 'NONE', ( #7484, #6678 ) ) ;
#3236 = DIRECTION ( 'NONE',  ( 0.3420201433256695456, 0.0000000000000000000, 0.9396926207859080948 ) ) ;
#3237 = DIRECTION ( 'NONE',  ( 0.0000000000000000000, 1.000000000000000000, 0.0000000000000000000 ) ) ;
#3238 = CARTESIAN_POINT ( 'NONE',  ( 0.7816684688103074929, 0.0000000000000000000, -0.01574999999999998623 ) ) ;
#3239 = ORIENTED_EDGE ( 'NONE', *, *, #5912, .F. ) ;
#3240 = CARTESIAN_POINT ( 'NONE',  ( 1.975934937620615894, 0.0000000000000000000, -0.09999999999999974187 ) ) ;
#3241 = ORIENTED_EDGE ( 'NONE', *, *, #1178, .F. ) ;
#3242 = LINE ( 'NONE', #6221, #6694 ) ;
#3243 = CARTESIAN_POINT ( 'NONE',  ( 0.0000000000000000000, -0.05000000000000000278, 0.0000000000000000000 ) ) ;
#3244 = CARTESIAN_POINT ( 'NONE',  ( 0.4379674688103074032, -0.05000000000000000278, -0.05000000000000019013 ) ) ;
#3245 = ORIENTED_EDGE ( 'NONE', *, *, #2303, .T. ) ;
#3246 = DIRECTION ( 'NONE',  ( 1.000000000000000000, 0.0000000000000000000, -0.0000000000000000000 ) ) ;
#3247 = EDGE_CURVE ( 'NONE', #1875, #3272, #1645, .T. ) ;
#3248 = LINE ( 'NONE', #3958, #3426 ) ;
#3249 = FACE_OUTER_BOUND ( 'NONE', #104, .T. ) ;
#3250 = DIRECTION ( 'NONE',  ( -1.000000000000000000, -0.0000000000000000000, -0.0000000000000000000 ) ) ;
#3251 = ORIENTED_EDGE ( 'NONE', *, *, #1777, .F. ) ;
#3252 = VERTEX_POINT ( 'NONE', #2479 ) ;
#3253 = DIRECTION ( 'NONE',  ( -0.0000000000000000000, 1.000000000000000000, -0.0000000000000000000 ) ) ;
#3254 = ORIENTED_EDGE ( 'NONE', *, *, #7623, .T. ) ;
#3255 = FACE_BOUND ( 'NONE', #6802, .T. ) ;
#3256 = EDGE_CURVE ( 'NONE', #4744, #2518, #1213, .T. ) ;
#3257 = CARTESIAN_POINT ( 'NONE',  ( 1.987967468810307503, -0.05000000000000000278, -0.08424999999999935318 ) ) ;
#3258 = DIRECTION ( 'NONE',  ( 0.3420201433256695456, 0.0000000000000000000, 0.9396926207859080948 ) ) ;
#3259 = VECTOR ( 'NONE', #7232, 39.37007874015748143 ) ;
#3260 = ORIENTED_EDGE ( 'NONE', *, *, #6388, .F. ) ;
#3261 = ORIENTED_EDGE ( 'NONE', *, *, #2765, .T. ) ;
#3262 = CARTESIAN_POINT ( 'NONE',  ( 0.7759359376206146353, -0.05000000000000000278, -9.478001694819074349E-34 ) ) ;
#3263 = ORIENTED_EDGE ( 'NONE', *, *, #6985, .F. ) ;
#3264 = DIRECTION ( 'NONE',  ( -0.0000000000000000000, 1.000000000000000000, -0.0000000000000000000 ) ) ;
#3265 = VECTOR ( 'NONE', #2439, 39.37007874015748143 ) ;
#3266 = ADVANCED_FACE ( 'NONE', ( #4305 ), #95, .F. ) ;
#3267 = CARTESIAN_POINT ( 'NONE',  ( 0.3379674688103073699, -0.05000000000000000278, -0.05000000000000019013 ) ) ;
#3268 = CARTESIAN_POINT ( 'NONE',  ( 0.7816684688103074929, 0.0000000000000000000, -0.08424999999999954747 ) ) ;
#3269 = DIRECTION ( 'NONE',  ( 1.000000000000000000, 0.0000000000000000000, 0.0000000000000000000 ) ) ;
#3270 = EDGE_CURVE ( 'NONE', #4865, #3718, #5577, .T. ) ;
#3271 = AXIS2_PLACEMENT_3D ( 'NONE', #6299, #6814, #7448 ) ;
#3272 = VERTEX_POINT ( 'NONE', #6055 ) ;
#3273 = LINE ( 'NONE', #300, #2290 ) ;
#3274 = DIRECTION ( 'NONE',  ( -0.0000000000000000000, 1.000000000000000000, -0.0000000000000000000 ) ) ;
#3275 = ADVANCED_FACE ( 'NONE', ( #1996 ), #5462, .F. ) ;
#3276 = ORIENTED_EDGE ( 'NONE', *, *, #257, .F. ) ;
#3277 = LINE ( 'NONE', #4469, #6318 ) ;
#3278 = VECTOR ( 'NONE', #4113, 39.37007874015748143 ) ;
#3279 = CARTESIAN_POINT ( 'NONE',  ( 0.09999900000000011557, -0.1100000000000000006, -0.09999999999999989453 ) ) ;
#3280 = VECTOR ( 'NONE', #4735, 39.37007874015748143 ) ;
#3281 = DIRECTION ( 'NONE',  ( -0.3420201433256638834, 0.0000000000000000000, 0.9396926207859100932 ) ) ;
#3282 = EDGE_LOOP ( 'NONE', ( #4165, #4816, #3245, #5920 ) ) ;
#3283 = DIRECTION ( 'NONE',  ( 1.000000000000000000, 0.0000000000000000000, -1.355298456929802892E-15 ) ) ;
#3284 = DIRECTION ( 'NONE',  ( 0.0000000000000000000, 0.0000000000000000000, 1.000000000000000000 ) ) ;
#3285 = DIRECTION ( 'NONE',  ( -0.3420201433256720991, 0.0000000000000000000, 0.9396926207859070956 ) ) ;
#3286 = DIRECTION ( 'NONE',  ( -0.3420201433256720991, 0.0000000000000000000, 0.9396926207859070956 ) ) ;
#3287 = AXIS2_PLACEMENT_3D ( 'NONE', #4406, #6826, #5573 ) ;
#3288 = PRODUCT_DEFINITION_SHAPE ( 'NONE', 'NONE',  #7846 ) ;
#3289 = ORIENTED_EDGE ( 'NONE', *, *, #1124, .T. ) ;
#3290 = ORIENTED_EDGE ( 'NONE', *, *, #1472, .T. ) ;
#3291 = DIRECTION ( 'NONE',  ( -1.000000000000000000, 0.0000000000000000000, -7.776898252968647801E-17 ) ) ;
#3292 = ORIENTED_EDGE ( 'NONE', *, *, #1876, .T. ) ;
#3293 = FACE_BOUND ( 'NONE', #3235, .T. ) ;
#3294 = CARTESIAN_POINT ( 'NONE',  ( 1.781668468810307493, -0.1100000000000000006, -0.01574999999999998623 ) ) ;
#3295 = CARTESIAN_POINT ( 'NONE',  ( 0.4437523728369174858, -0.05000000000000000278, -0.1884236175207636421 ) ) ;
#3296 = AXIS2_PLACEMENT_3D ( 'NONE', #4090, #6516, #1082 ) ;
#3297 = CARTESIAN_POINT ( 'NONE',  ( 0.4379674688103078473, 0.1460000000000002129, -0.05000000000000016931 ) ) ;
#3298 = ADVANCED_FACE ( 'NONE', ( #1885 ), #3116, .F. ) ;
#3299 = EDGE_CURVE ( 'NONE', #7539, #6758, #4939, .T. ) ;
#3300 = AXIS2_PLACEMENT_3D ( 'NONE', #7003, #2010, #5186 ) ;
#3301 = VECTOR ( 'NONE', #5387, 39.37007874015748143 ) ;
#3302 = ORIENTED_EDGE ( 'NONE', *, *, #4128, .F. ) ;
#3303 = EDGE_LOOP ( 'NONE', ( #7183, #2063 ) ) ;
#3304 = DIRECTION ( 'NONE',  ( -0.3420201433256695456, 0.0000000000000000000, -0.9396926207859080948 ) ) ;
#3305 = ORIENTED_EDGE ( 'NONE', *, *, #7415, .F. ) ;
#3306 = LINE ( 'NONE', #4014, #4908 ) ;
#3307 = CARTESIAN_POINT ( 'NONE',  ( 0.6816684688103075151, -0.05000000000000000278, -0.08424999999999954747 ) ) ;
#3308 = FACE_OUTER_BOUND ( 'NONE', #3622, .T. ) ;
#3309 = LINE ( 'NONE', #3863, #179 ) ;
#3310 = VECTOR ( 'NONE', #3898, 39.37007874015748143 ) ;
#3311 = CIRCLE ( 'NONE', #906, 0.02855000000000052982 ) ;
#3312 = EDGE_CURVE ( 'NONE', #5619, #3685, #2516, .T. ) ;
#3313 = ORIENTED_EDGE ( 'NONE', *, *, #5021, .F. ) ;
#3314 = CARTESIAN_POINT ( 'NONE',  ( 0.1821961524227070084, 0.0000000000000000000, 0.02599999999999999534 ) ) ;
#3315 = CARTESIAN_POINT ( 'NONE',  ( 0.7816684688103074929, -0.1100000000000000006, -0.08424999999999954747 ) ) ;
#3316 = VERTEX_POINT ( 'NONE', #1253 ) ;
#3317 = ORIENTED_EDGE ( 'NONE', *, *, #1909, .T. ) ;
#3318 = DIRECTION ( 'NONE',  ( -1.000000000000000000, -0.0000000000000000000, -0.0000000000000000000 ) ) ;
#3319 = CARTESIAN_POINT ( 'NONE',  ( 0.8942664688103074688, -0.1100000000000000006, -0.01574999999999998623 ) ) ;
#3320 = AXIS2_PLACEMENT_3D ( 'NONE', #3037, #2960, #1810 ) ;
#3321 = ADVANCED_FACE ( 'NONE', ( #7356 ), #3747, .T. ) ;
#3322 = CARTESIAN_POINT ( 'NONE',  ( 1.681668468810307404, 0.0000000000000000000, -0.08424999999999954747 ) ) ;
#3323 = VERTEX_POINT ( 'NONE', #4342 ) ;
#3324 = CARTESIAN_POINT ( 'NONE',  ( 0.0000000000000000000, -0.05000000000000000278, 0.0000000000000000000 ) ) ;
#3325 = LINE ( 'NONE', #5753, #1022 ) ;
#3326 = CARTESIAN_POINT ( 'NONE',  ( 1.881668468810307582, -0.05000000000000000278, -0.01574999999999998623 ) ) ;
#3327 = CARTESIAN_POINT ( 'NONE',  ( 1.881668468810307582, 0.0000000000000000000, -0.08424999999999954747 ) ) ;
#3328 =( REPRESENTATION_RELATIONSHIP ('NONE','NONE', #1567, #7799 ) REPRESENTATION_RELATIONSHIP_WITH_TRANSFORMATION ( #5075 )SHAPE_REPRESENTATION_RELATIONSHIP( ) );
#3329 = EDGE_CURVE ( 'NONE', #3440, #1100, #1247, .T. ) ;
#3330 = VECTOR ( 'NONE', #5786, 39.37007874015748143 ) ;
#3331 = ORIENTED_EDGE ( 'NONE', *, *, #337, .T. ) ;
#3332 = ORIENTED_EDGE ( 'NONE', *, *, #2634, .T. ) ;
#3333 = LINE ( 'NONE', #3846, #418 ) ;
#3334 = ORIENTED_EDGE ( 'NONE', *, *, #7426, .T. ) ;
#3335 = CARTESIAN_POINT ( 'NONE',  ( 0.6816684688103075151, -0.1100000000000000006, -0.01574999999999998623 ) ) ;
#3336 = CARTESIAN_POINT ( 'NONE',  ( 0.5816684688103074263, 0.0000000000000000000, -0.01574999999999998623 ) ) ;
#3337 = VECTOR ( 'NONE', #5174, 39.37007874015748143 ) ;
#3338 = CARTESIAN_POINT ( 'NONE',  ( 1.075935937620614791, -0.05000000000000000278, -0.09999999999999989453 ) ) ;
#3339 = APPLICATION_PROTOCOL_DEFINITION ( 'draft international standard', 'automotive_design', 1998, #900 ) ;
#3340 = AXIS2_PLACEMENT_3D ( 'NONE', #3032, #6716, #6091 ) ;
#3341 = VERTEX_POINT ( 'NONE', #615 ) ;
#3342 = ORIENTED_EDGE ( 'NONE', *, *, #2384, .T. ) ;
#3343 = LINE ( 'NONE', #7580, #5095 ) ;
#3344 = ORIENTED_EDGE ( 'NONE', *, *, #3707, .T. ) ;
#3345 = CARTESIAN_POINT ( 'NONE',  ( 1.894266468810307691, 0.0000000000000000000, -0.01574999999999998623 ) ) ;
#3346 = CARTESIAN_POINT ( 'NONE',  ( 1.599999000000000171, 0.0000000000000000000, 0.0000000000000000000 ) ) ;
#3347 = EDGE_CURVE ( 'NONE', #7124, #2843, #3029, .T. ) ;
#3348 = CARTESIAN_POINT ( 'NONE',  ( -0.03066449223692698303, -0.05000000000000000278, -0.01574999999999998623 ) ) ;
#3349 = FACE_OUTER_BOUND ( 'NONE', #508, .T. ) ;
#3350 = AXIS2_PLACEMENT_3D ( 'NONE', #7616, #6434, #2186 ) ;
#3351 = VERTEX_POINT ( 'NONE', #2320 ) ;
#3352 = DIRECTION ( 'NONE',  ( 1.000000000000000000, 0.0000000000000000000, -1.355298456929802892E-15 ) ) ;
#3353 = DIRECTION ( 'NONE',  ( -0.0000000000000000000, 1.000000000000000000, -0.0000000000000000000 ) ) ;
#3354 = ORIENTED_EDGE ( 'NONE', *, *, #7226, .T. ) ;
#3355 = LINE ( 'NONE', #3795, #6919 ) ;
#3356 = ORIENTED_EDGE ( 'NONE', *, *, #7087, .T. ) ;
#3357 = CARTESIAN_POINT ( 'NONE',  ( 1.637967468810307414, 3.673940397442060153E-19, -0.05000000000000019013 ) ) ;
#3358 = ADVANCED_FACE ( 'NONE', ( #1210 ), #541, .F. ) ;
#3359 = DIRECTION ( 'NONE',  ( -0.0000000000000000000, 1.000000000000000000, -0.0000000000000000000 ) ) ;
#3360 = EDGE_LOOP ( 'NONE', ( #2649, #622, #3334, #964 ) ) ;
#3361 = DIRECTION ( 'NONE',  ( -0.3420201433256695456, 0.0000000000000000000, -0.9396926207859080948 ) ) ;
#3362 = EDGE_LOOP ( 'NONE', ( #6359, #154, #7674, #5506 ) ) ;
#3363 = FACE_OUTER_BOUND ( 'NONE', #5795, .T. ) ;
#3364 = ADVANCED_FACE ( 'NONE', ( #5935 ), #4260, .T. ) ;
#3365 = FACE_OUTER_BOUND ( 'NONE', #7307, .T. ) ;
#3366 = CARTESIAN_POINT ( 'NONE',  ( 1.299999000000000127, -0.05000000000000000278, 0.0000000000000000000 ) ) ;
#3367 = DIRECTION ( 'NONE',  ( -0.0000000000000000000, 1.000000000000000000, -0.0000000000000000000 ) ) ;
#3368 = ORIENTED_EDGE ( 'NONE', *, *, #1007, .T. ) ;
#3369 = ORIENTED_EDGE ( 'NONE', *, *, #7034, .F. ) ;
#3370 = DIRECTION ( 'NONE',  ( -0.0000000000000000000, 1.000000000000000000, -0.0000000000000000000 ) ) ;
#3371 = ORIENTED_EDGE ( 'NONE', *, *, #3270, .F. ) ;
#3372 = CARTESIAN_POINT ( 'NONE',  ( 0.009000000000000368816, 1.102182119232729846E-18, -0.009000000000000915254 ) ) ;
#3373 = EDGE_CURVE ( 'NONE', #5634, #4439, #1724, .T. ) ;
#3374 = CARTESIAN_POINT ( 'NONE',  ( 1.937967468810307459, 0.0000000000000000000, -0.05000000000000019013 ) ) ;
#3375 = CARTESIAN_POINT ( 'NONE',  ( 1.499999000000000082, 0.0000000000000000000, -0.09999999999999989453 ) ) ;
#3376 = APPLICATION_PROTOCOL_DEFINITION ( 'draft international standard', 'automotive_design', 1998, #6870 ) ;
#3377 = ORIENTED_EDGE ( 'NONE', *, *, #597, .F. ) ;
#3378 = ORIENTED_EDGE ( 'NONE', *, *, #1150, .T. ) ;
#3379 = DIRECTION ( 'NONE',  ( -1.000000000000000000, 0.0000000000000000000, -0.0000000000000000000 ) ) ;
#3380 = EDGE_LOOP ( 'NONE', ( #6920, #5060, #5113, #7505 ) ) ;
#3381 = CARTESIAN_POINT ( 'NONE',  ( 0.7379674688103073921, -0.05000000000000000278, -0.07855000000000071647 ) ) ;
#3382 = PLANE ( 'NONE',  #6380 ) ;
#3383 = AXIS2_PLACEMENT_3D ( 'NONE', #2152, #2112, #6322 ) ;
#3384 = CARTESIAN_POINT ( 'NONE',  ( -0.03066449223692698303, -0.05000000000000000278, -0.01574999999999998623 ) ) ;
#3385 = DIRECTION ( 'NONE',  ( -1.000000000000000000, -0.0000000000000000000, -0.0000000000000000000 ) ) ;
#3386 = ORIENTED_EDGE ( 'NONE', *, *, #6567, .T. ) ;
#3387 = EDGE_CURVE ( 'NONE', #2571, #1477, #2360, .T. ) ;
#3388 = CIRCLE ( 'NONE', #2118, 0.02855000000000052982 ) ;
#3389 = DIRECTION ( 'NONE',  ( -0.0000000000000000000, 1.000000000000000000, -0.0000000000000000000 ) ) ;
#3390 = LINE ( 'NONE', #3431, #6232 ) ;
#3391 = EDGE_LOOP ( 'NONE', ( #803, #5378, #7174, #3184 ) ) ;
#3392 = DIRECTION ( 'NONE',  ( -0.0000000000000000000, 1.000000000000000000, -0.0000000000000000000 ) ) ;
#3393 = EDGE_LOOP ( 'NONE', ( #1280, #5169, #3194, #287 ) ) ;
#3394 = DIRECTION ( 'NONE',  ( 1.000000000000000000, 0.0000000000000000000, -0.0000000000000000000 ) ) ;
#3395 = CARTESIAN_POINT ( 'NONE',  ( 1.481668468810307449, 0.0000000000000000000, -0.01574999999999998623 ) ) ;
#3396 = AXIS2_PLACEMENT_3D ( 'NONE', #1186, #6616, #3602 ) ;
#3397 = EDGE_CURVE ( 'NONE', #6735, #5359, #1169, .T. ) ;
#3398 = EDGE_LOOP ( 'NONE', ( #5168, #7115, #633, #302 ) ) ;
#3399 = EDGE_CURVE ( 'NONE', #4421, #6784, #6527, .T. ) ;
#3400 = VECTOR ( 'NONE', #4972, 39.37007874015748143 ) ;
#3401 = CARTESIAN_POINT ( 'NONE',  ( 1.399999000000000215, 0.0000000000000000000, 0.0000000000000000000 ) ) ;
#3402 = ORIENTED_EDGE ( 'NONE', *, *, #4239, .T. ) ;
#3403 = DIRECTION ( 'NONE',  ( 0.3420201433256695456, 0.0000000000000000000, 0.9396926207859080948 ) ) ;
#3404 = DIRECTION ( 'NONE',  ( -0.0000000000000000000, 1.000000000000000000, -0.0000000000000000000 ) ) ;
#3405 = FACE_OUTER_BOUND ( 'NONE', #3045, .T. ) ;
#3406 = CARTESIAN_POINT ( 'NONE',  ( 1.337967468810307370, -0.05000000000000000278, -0.05000000000000019013 ) ) ;
#3407 = AXIS2_PLACEMENT_3D ( 'NONE', #1385, #2500, #5488 ) ;
#3408 = ADVANCED_FACE ( 'NONE', ( #5418 ), #6848, .T. ) ;
#3409 = ORIENTED_EDGE ( 'NONE', *, *, #4494, .F. ) ;
#3410 = EDGE_LOOP ( 'NONE', ( #5092, #5372, #1894, #3588 ) ) ;
#3411 = DIRECTION ( 'NONE',  ( -0.0000000000000000000, 1.000000000000000000, -0.0000000000000000000 ) ) ;
#3412 = ORIENTED_EDGE ( 'NONE', *, *, #4105, .T. ) ;
#3413 = CARTESIAN_POINT ( 'NONE',  ( 1.580790099179694153, -0.05000000000000000278, -0.6022715051472570247 ) ) ;
#3414 = DIRECTION ( 'NONE',  ( -0.0000000000000000000, 1.000000000000000000, -0.0000000000000000000 ) ) ;
#3415 = DIRECTION ( 'NONE',  ( 0.0000000000000000000, 0.0000000000000000000, 1.000000000000000000 ) ) ;
#3416 = ADVANCED_FACE ( 'NONE', ( #497 ), #4183, .T. ) ;
#3417 = VERTEX_POINT ( 'NONE', #16 ) ;
#3418 = EDGE_LOOP ( 'NONE', ( #7152, #3014, #5558, #4711 ) ) ;
#3419 = VECTOR ( 'NONE', #911, 39.37007874015748143 ) ;
#3420 = DIRECTION ( 'NONE',  ( 0.0000000000000000000, 0.0000000000000000000, 1.000000000000000000 ) ) ;
#3421 = ORIENTED_EDGE ( 'NONE', *, *, #565, .T. ) ;
#3422 = CARTESIAN_POINT ( 'NONE',  ( -0.03066449223692698303, -0.05000000000000000278, -0.01574999999999998623 ) ) ;
#3423 = CARTESIAN_POINT ( 'NONE',  ( 0.1250000000000020817, 0.0000000000000000000, 0.009000000000000915254 ) ) ;
#3424 = PLANE ( 'NONE',  #5081 ) ;
#3425 = CARTESIAN_POINT ( 'NONE',  ( 0.1460000000000004350, 0.0000000000000000000, 0.0000000000000000000 ) ) ;
#3426 = VECTOR ( 'NONE', #5674, 39.37007874015748143 ) ;
#3427 = MANIFOLD_SOLID_BREP ( 'LPattern2', #1737 ) ;
#3428 = ADVANCED_FACE ( 'NONE', ( #4819 ), #7823, .F. ) ;
#3429 = ORIENTED_EDGE ( 'NONE', *, *, #5059, .F. ) ;
#3430 = DIRECTION ( 'NONE',  ( -0.0000000000000000000, 1.000000000000000000, -0.0000000000000000000 ) ) ;
#3431 = CARTESIAN_POINT ( 'NONE',  ( 1.581668468810307315, -0.1100000000000000006, -0.01574999999999998623 ) ) ;
#3432 = ORIENTED_EDGE ( 'NONE', *, *, #1453, .F. ) ;
#3433 = LINE ( 'NONE', #5779, #603 ) ;
#3434 = AXIS2_PLACEMENT_3D ( 'NONE', #2115, #4538, #3237 ) ;
#3435 = ORIENTED_EDGE ( 'NONE', *, *, #6537, .T. ) ;
#3436 = DIRECTION ( 'NONE',  ( 0.0000000000000000000, 0.0000000000000000000, 1.000000000000000000 ) ) ;
#3437 = AXIS2_PLACEMENT_3D ( 'NONE', #3667, #7314, #4378 ) ;
#3438 = PLANE ( 'NONE',  #5848 ) ;
#3439 = VECTOR ( 'NONE', #4924, 39.37007874015748143 ) ;
#3440 = VERTEX_POINT ( 'NONE', #7388 ) ;
#3441 = CARTESIAN_POINT ( 'NONE',  ( 0.1568302307373060367, -0.05000000000000000278, 0.05249249824460854030 ) ) ;
#3442 = ORIENTED_EDGE ( 'NONE', *, *, #5401, .F. ) ;
#3443 = CARTESIAN_POINT ( 'NONE',  ( 0.3999990000000001600, -0.05000000000000000278, 0.0000000000000000000 ) ) ;
#3444 = CARTESIAN_POINT ( 'NONE',  ( 0.0000000000000000000, 3.184081677783118222E-18, -0.02599999999999999534 ) ) ;
#3445 = PLANE ( 'NONE',  #141 ) ;
#3446 = VECTOR ( 'NONE', #6022, 39.37007874015748143 ) ;
#3447 = ADVANCED_FACE ( 'NONE', ( #128 ), #3812, .T. ) ;
#3448 = EDGE_CURVE ( 'NONE', #7078, #1436, #3187, .T. ) ;
#3449 = VECTOR ( 'NONE', #2219, 39.37007874015748143 ) ;
#3450 = ORIENTED_EDGE ( 'NONE', *, *, #6134, .F. ) ;
#3451 = ORIENTED_EDGE ( 'NONE', *, *, #2344, .F. ) ;
#3452 = LINE ( 'NONE', #482, #4084 ) ;
#3453 = VERTEX_POINT ( 'NONE', #7458 ) ;
#3454 = CARTESIAN_POINT ( 'NONE',  ( 1.194266468810307513, -0.1100000000000000006, -0.08424999999999957523 ) ) ;
#3455 = DIRECTION ( 'NONE',  ( 0.0000000000000000000, 0.0000000000000000000, 1.000000000000000000 ) ) ;
#3456 = DIRECTION ( 'NONE',  ( 0.3420201433256638834, 0.0000000000000000000, -0.9396926207859100932 ) ) ;
#3457 = EDGE_CURVE ( 'NONE', #5198, #3656, #3311, .T. ) ;
#3458 = DIRECTION ( 'NONE',  ( -3.491481338843133355E-15, -1.000000000000000000, 0.0000000000000000000 ) ) ;
#3459 = CIRCLE ( 'NONE', #1307, 0.02855000000000052982 ) ;
#3460 = CARTESIAN_POINT ( 'NONE',  ( 0.8743723219321033469, -0.05000000000000000278, -0.3451564612726407688 ) ) ;
#3461 = VERTEX_POINT ( 'NONE', #5648 ) ;
#3462 = ORIENTED_EDGE ( 'NONE', *, *, #2460, .T. ) ;
#3463 = EDGE_CURVE ( 'NONE', #972, #2293, #1355, .T. ) ;
#3464 = AXIS2_PLACEMENT_3D ( 'NONE', #1442, #3859, #847 ) ;
#3465 = DIRECTION ( 'NONE',  ( -0.0000000000000000000, 1.000000000000000000, -0.0000000000000000000 ) ) ;
#3466 = ORIENTED_EDGE ( 'NONE', *, *, #2746, .F. ) ;
#3467 = FACE_OUTER_BOUND ( 'NONE', #762, .T. ) ;
#3468 = DIRECTION ( 'NONE',  ( 0.0000000000000000000, 0.0000000000000000000, 1.000000000000000000 ) ) ;
#3469 = EDGE_CURVE ( 'NONE', #2919, #7214, #5042, .T. ) ;
#3470 = LINE ( 'NONE', #2388, #4201 ) ;
#3471 = LINE ( 'NONE', #7158, #4992 ) ;
#3472 = AXIS2_PLACEMENT_3D ( 'NONE', #2275, #4662, #2753 ) ;
#3473 = EDGE_LOOP ( 'NONE', ( #5499, #5413, #4115, #2258, #2877 ) ) ;
#3474 = CARTESIAN_POINT ( 'NONE',  ( 1.037967468810307547, 3.673940397442060153E-19, -0.05000000000000019013 ) ) ;
#3475 = PLANE ( 'NONE',  #401 ) ;
#3476 = VERTEX_POINT ( 'NONE', #1880 ) ;
#3477 = PLANE ( 'NONE',  #1867 ) ;
#3478 =( GEOMETRIC_REPRESENTATION_CONTEXT ( 3 ) GLOBAL_UNCERTAINTY_ASSIGNED_CONTEXT ( ( #7491 ) ) GLOBAL_UNIT_ASSIGNED_CONTEXT ( ( #7575, #7696, #487 ) ) REPRESENTATION_CONTEXT ( 'NONE', 'WORKASPACE' ) );
#3479 = VERTEX_POINT ( 'NONE', #6712 ) ;
#3480 = DIRECTION ( 'NONE',  ( 0.0000000000000000000, 0.0000000000000000000, -1.000000000000000000 ) ) ;
#3481 = EDGE_CURVE ( 'NONE', #733, #3656, #5611, .T. ) ;
#3482 = DIRECTION ( 'NONE',  ( -0.3420201433256720991, 0.0000000000000000000, 0.9396926207859070956 ) ) ;
#3483 = ORIENTED_EDGE ( 'NONE', *, *, #5445, .T. ) ;
#3484 = PLANE ( 'NONE',  #806 ) ;
#3485 = VERTEX_POINT ( 'NONE', #1285 ) ;
#3486 = DIRECTION ( 'NONE',  ( -0.0000000000000000000, 1.000000000000000000, -0.0000000000000000000 ) ) ;
#3487 = DIRECTION ( 'NONE',  ( 1.000000000000000000, 0.0000000000000000000, -1.355298456929802892E-15 ) ) ;
#3488 = CARTESIAN_POINT ( 'NONE',  ( 1.637967468810307414, 3.673940397442060153E-19, -0.05000000000000019013 ) ) ;
#3489 = LINE ( 'NONE', #7728, #2204 ) ;
#3490 = SHAPE_REPRESENTATION ( 'P3XX-11-012-00-000000_P320-11-012-00-000000', ( #3340 ), #6765 ) ;
#3491 = EDGE_CURVE ( 'NONE', #1586, #7455, #6866, .T. ) ;
#3492 = ORIENTED_EDGE ( 'NONE', *, *, #5474, .F. ) ;
#3493 = EDGE_CURVE ( 'NONE', #5220, #5494, #805, .T. ) ;
#3494 = VERTEX_POINT ( 'NONE', #242 ) ;
#3495 = DIRECTION ( 'NONE',  ( 0.0000000000000000000, 0.0000000000000000000, 1.000000000000000000 ) ) ;
#3496 = EDGE_LOOP ( 'NONE', ( #2163, #2986, #3843, #5145 ) ) ;
#3497 = DIRECTION ( 'NONE',  ( -0.3420201433256694346, -0.0000000000000000000, -0.9396926207859080948 ) ) ;
#3498 = CARTESIAN_POINT ( 'NONE',  ( 1.181668468810307626, -0.1100000000000000006, -0.08424999999999954747 ) ) ;
#3499 = DIRECTION ( 'NONE',  ( 0.3420201433256695456, 0.0000000000000000000, 0.9396926207859080948 ) ) ;
#3500 = DIRECTION ( 'NONE',  ( -0.0000000000000000000, 0.0000000000000000000, 1.000000000000000000 ) ) ;
#3501 = ORIENTED_EDGE ( 'NONE', *, *, #106, .F. ) ;
#3502 = VERTEX_POINT ( 'NONE', #3225 ) ;
#3503 = CARTESIAN_POINT ( 'NONE',  ( 1.437967468810307237, 3.673940397442060153E-19, -0.07855000000000071647 ) ) ;
#3504 = ORIENTED_EDGE ( 'NONE', *, *, #3908, .T. ) ;
#3505 = LINE ( 'NONE', #5934, #4016 ) ;
#3506 = CARTESIAN_POINT ( 'NONE',  ( 0.0000000000000000000, 1.102182119232729846E-18, -0.009000000000000915254 ) ) ;
#3507 = CARTESIAN_POINT ( 'NONE',  ( 0.7816684688103074929, -0.1100000000000000006, -0.08424999999999954747 ) ) ;
#3508 = VECTOR ( 'NONE', #4803, 39.37007874015748143 ) ;
#3509 = ORIENTED_EDGE ( 'NONE', *, *, #1220, .T. ) ;
#3510 = EDGE_CURVE ( 'NONE', #7035, #6496, #5008, .T. ) ;
#3511 = LINE ( 'NONE', #4784, #14 ) ;
#3512 = DIRECTION ( 'NONE',  ( -0.9396926207859072067, 0.0000000000000000000, -0.3420201433256721546 ) ) ;
#3513 = ORIENTED_EDGE ( 'NONE', *, *, #1497, .T. ) ;
#3514 = DIRECTION ( 'NONE',  ( -1.000000000000000000, 0.0000000000000000000, 1.355298456929802892E-15 ) ) ;
#3515 = VECTOR ( 'NONE', #2231, 39.37007874015748143 ) ;
#3516 = VERTEX_POINT ( 'NONE', #6127 ) ;
#3517 = LINE ( 'NONE', #1695, #2009 ) ;
#3518 = FACE_OUTER_BOUND ( 'NONE', #3398, .T. ) ;
#3519 = AXIS2_PLACEMENT_3D ( 'NONE', #4361, #6699, #6740 ) ;
#3520 = ORIENTED_EDGE ( 'NONE', *, *, #7370, .T. ) ;
#3521 = EDGE_CURVE ( 'NONE', #3180, #7529, #3148, .T. ) ;
#3522 = CYLINDRICAL_SURFACE ( 'NONE', #5239, 0.009000000000000915254 ) ;
#3523 = ORIENTED_EDGE ( 'NONE', *, *, #3943, .F. ) ;
#3524 = CARTESIAN_POINT ( 'NONE',  ( 0.5379674688103074365, 0.0000000000000000000, -0.07855000000000071647 ) ) ;
#3525 = AXIS2_PLACEMENT_3D ( 'NONE', #6460, #2770, #6580 ) ;
#3526 = FACE_OUTER_BOUND ( 'NONE', #2514, .T. ) ;
#3527 = CARTESIAN_POINT ( 'NONE',  ( 0.2379674688103073643, 0.0000000000000000000, -0.05000000000000019013 ) ) ;
#3528 = CARTESIAN_POINT ( 'NONE',  ( 1.227581210555898750, -0.05000000000000000278, -0.4737139832099488967 ) ) ;
#3529 = VECTOR ( 'NONE', #4337, 39.37007874015748143 ) ;
#3530 = VERTEX_POINT ( 'NONE', #1989 ) ;
#3531 = VERTEX_POINT ( 'NONE', #6164 ) ;
#3532 = VERTEX_POINT ( 'NONE', #3849 ) ;
#3533 = CARTESIAN_POINT ( 'NONE',  ( 0.2942664688103074355, -0.1100000000000000006, -0.01574999999999998623 ) ) ;
#3534 = CARTESIAN_POINT ( 'NONE',  ( -0.01203253118969264436, 0.0000000000000000000, -0.01574999999999999664 ) ) ;
#3535 = ORIENTED_EDGE ( 'NONE', *, *, #4689, .T. ) ;
#3536 = CARTESIAN_POINT ( 'NONE',  ( 0.0000000000000000000, 0.0000000000000000000, 0.0000000000000000000 ) ) ;
#3537 = CIRCLE ( 'NONE', #4419, 0.02855000000000052982 ) ;
#3538 = ITEM_DEFINED_TRANSFORMATION ( 'NONE', 'NONE', #6767,  #3340 ) ;
#3539 = LINE ( 'NONE', #4175, #7771 ) ;
#3540 = ORIENTED_EDGE ( 'NONE', *, *, #3329, .T. ) ;
#3541 = VERTEX_POINT ( 'NONE', #696 ) ;
#3542 = FILL_AREA_STYLE_COLOUR ( '', #1306 ) ;
#3543 = ORIENTED_EDGE ( 'NONE', *, *, #7707, .F. ) ;
#3544 = LINE ( 'NONE', #5896, #4396 ) ;
#3545 = SURFACE_STYLE_FILL_AREA ( #2992 ) ;
#3546 = EDGE_CURVE ( 'NONE', #6263, #1638, #838, .T. ) ;
#3547 = EDGE_CURVE ( 'NONE', #524, #3891, #3109, .T. ) ;
#3548 = CIRCLE ( 'NONE', #5, 0.008999999999999822378 ) ;
#3549 = ORIENTED_EDGE ( 'NONE', *, *, #7180, .F. ) ;
#3550 = DIRECTION ( 'NONE',  ( 0.0000000000000000000, 0.0000000000000000000, 1.000000000000000000 ) ) ;
#3551 = CARTESIAN_POINT ( 'NONE',  ( 1.181668468810307626, 0.0000000000000000000, -0.01574999999999998623 ) ) ;
#3552 = VERTEX_POINT ( 'NONE', #6754 ) ;
#3553 = LINE ( 'NONE', #3629, #4517 ) ;
#3554 = CARTESIAN_POINT ( 'NONE',  ( 0.1250000000000020817, 0.0000000000000000000, 0.0000000000000000000 ) ) ;
#3555 = LINE ( 'NONE', #2964, #6348 ) ;
#3556 = AXIS2_PLACEMENT_3D ( 'NONE', #3091, #1822, #5629 ) ;
#3557 = EDGE_CURVE ( 'NONE', #7167, #2748, #2586, .T. ) ;
#3558 = ORIENTED_EDGE ( 'NONE', *, *, #348, .F. ) ;
#3559 = AXIS2_PLACEMENT_3D ( 'NONE', #4316, #2459, #675 ) ;
#3560 = AXIS2_PLACEMENT_3D ( 'NONE', #5073, #2133, #354 ) ;
#3561 = FACE_OUTER_BOUND ( 'NONE', #5273, .T. ) ;
#3562 = EDGE_LOOP ( 'NONE', ( #1146, #280, #4262, #6249 ) ) ;
#3563 = CARTESIAN_POINT ( 'NONE',  ( 0.0000000000000000000, 0.0000000000000000000, 0.0000000000000000000 ) ) ;
#3564 = DIRECTION ( 'NONE',  ( -0.9396926207859093161, 0.0000000000000000000, 0.3420201433256663814 ) ) ;
#3565 = DIRECTION ( 'NONE',  ( -0.0000000000000000000, 1.000000000000000000, -0.0000000000000000000 ) ) ;
#3566 = EDGE_CURVE ( 'NONE', #4496, #2530, #2547, .T. ) ;
#3567 = VECTOR ( 'NONE', #5175, 39.37007874015748143 ) ;
#3568 = ORIENTED_EDGE ( 'NONE', *, *, #66, .T. ) ;
#3569 = FACE_OUTER_BOUND ( 'NONE', #1400, .T. ) ;
#3570 = AXIS2_PLACEMENT_3D ( 'NONE', #6780, #1315, #3733 ) ;
#3571 = FACE_BOUND ( 'NONE', #2700, .T. ) ;
#3572 = ORIENTED_EDGE ( 'NONE', *, *, #766, .T. ) ;
#3573 = CARTESIAN_POINT ( 'NONE',  ( 0.2379674688103073643, 3.673940397442060153E-19, -0.07855000000000071647 ) ) ;
#3574 = CARTESIAN_POINT ( 'NONE',  ( 0.9999990000000001933, 0.0000000000000000000, -0.09999999999999989453 ) ) ;
#3575 = VERTEX_POINT ( 'NONE', #5203 ) ;
#3576 = CARTESIAN_POINT ( 'NONE',  ( 1.315883432711847600, -0.05000000000000000278, -0.5058533636942759149 ) ) ;
#3577 = EDGE_CURVE ( 'NONE', #1753, #2571, #4006, .T. ) ;
#3578 = CONTEXT_DEPENDENT_SHAPE_REPRESENTATION ( #5664, #3860 ) ;
#3579 = VECTOR ( 'NONE', #6095, 39.37007874015748143 ) ;
#3580 = DIRECTION ( 'NONE',  ( -1.000000000000000000, 0.0000000000000000000, -7.776898252968646568E-17 ) ) ;
#3581 = ORIENTED_EDGE ( 'NONE', *, *, #5698, .F. ) ;
#3582 = ORIENTED_EDGE ( 'NONE', *, *, #5148, .F. ) ;
#3583 = ORIENTED_EDGE ( 'NONE', *, *, #3640, .F. ) ;
#3584 = CARTESIAN_POINT ( 'NONE',  ( 1.637967468810307414, 0.0000000000000000000, -0.05000000000000019013 ) ) ;
#3585 = CARTESIAN_POINT ( 'NONE',  ( 0.0000000000000000000, 0.0000000000000000000, 0.0000000000000000000 ) ) ;
#3586 = AXIS2_PLACEMENT_3D ( 'NONE', #5531, #2474, #87 ) ;
#3587 = VECTOR ( 'NONE', #3911, 39.37007874015748143 ) ;
#3588 = ORIENTED_EDGE ( 'NONE', *, *, #1090, .F. ) ;
#3589 = CARTESIAN_POINT ( 'NONE',  ( 1.581668468810307315, 0.0000000000000000000, -0.01574999999999998623 ) ) ;
#3590 = DIRECTION ( 'NONE',  ( -1.000000000000000000, -0.0000000000000000000, -0.0000000000000000000 ) ) ;
#3591 = ORIENTED_EDGE ( 'NONE', *, *, #4023, .T. ) ;
#3592 = ADVANCED_FACE ( 'NONE', ( #6432 ), #5842, .F. ) ;
#3593 = CARTESIAN_POINT ( 'NONE',  ( 1.294266468810307380, 0.0000000000000000000, -0.08424999999999957523 ) ) ;
#3594 = EDGE_CURVE ( 'NONE', #5757, #7819, #1290, .T. ) ;
#3595 = CARTESIAN_POINT ( 'NONE',  ( 1.205565734924141097, -0.05000000000000000278, 0.4342010053867668140 ) ) ;
#3596 = VECTOR ( 'NONE', #7624, 39.37007874015748854 ) ;
#3597 = ORIENTED_EDGE ( 'NONE', *, *, #5493, .F. ) ;
#3598 = VECTOR ( 'NONE', #2717, 39.37007874015748143 ) ;
#3599 = ADVANCED_FACE ( 'NONE', ( #2105 ), #363, .F. ) ;
#3600 = CARTESIAN_POINT ( 'NONE',  ( 0.4379674688103074032, -0.05000000000000000278, -0.02144999999999967072 ) ) ;
#3601 = ORIENTED_EDGE ( 'NONE', *, *, #2145, .T. ) ;
#3602 = DIRECTION ( 'NONE',  ( -0.3420201433256695456, 0.0000000000000000000, -0.9396926207859080948 ) ) ;
#3603 = DIRECTION ( 'NONE',  ( -0.0000000000000000000, 1.000000000000000000, -0.0000000000000000000 ) ) ;
#3604 = DIRECTION ( 'NONE',  ( 0.3420201433256695456, 0.0000000000000000000, 0.9396926207859080948 ) ) ;
#3605 = AXIS2_PLACEMENT_3D ( 'NONE', #7460, #841, #880 ) ;
#3606 = EDGE_CURVE ( 'NONE', #1248, #5089, #7614, .T. ) ;
#3607 = ORIENTED_EDGE ( 'NONE', *, *, #180, .T. ) ;
#3609 = EDGE_CURVE ( 'NONE', #2858, #1477, #284, .T. ) ;
#3608 = FACE_OUTER_BOUND ( 'NONE', #4969, .T. ) ;
#3610 = FACE_BOUND ( 'NONE', #4941, .T. ) ;
#3611 = ORIENTED_EDGE ( 'NONE', *, *, #6420, .T. ) ;
#3612 = DIRECTION ( 'NONE',  ( -0.0000000000000000000, 1.000000000000000000, -0.0000000000000000000 ) ) ;
#3613 = DIRECTION ( 'NONE',  ( 0.0000000000000000000, 0.0000000000000000000, -1.000000000000000000 ) ) ;
#3614 = ORIENTED_EDGE ( 'NONE', *, *, #7443, .T. ) ;
#3615 = CARTESIAN_POINT ( 'NONE',  ( 0.09426646881030741054, -0.05000000000000000278, -0.01574999999999998623 ) ) ;
#3616 = DIRECTION ( 'NONE',  ( -0.0000000000000000000, 1.000000000000000000, -0.0000000000000000000 ) ) ;
#3617 = CARTESIAN_POINT ( 'NONE',  ( 0.4759359376206147019, 0.0000000000000000000, -9.478001694819074349E-34 ) ) ;
#3618 = ORIENTED_EDGE ( 'NONE', *, *, #4902, .T. ) ;
#3620 = EDGE_CURVE ( 'NONE', #7255, #3152, #7058, .T. ) ;
#3619 = ORIENTED_EDGE ( 'NONE', *, *, #5058, .T. ) ;
#3621 = CARTESIAN_POINT ( 'NONE',  ( 0.08166846881030738470, 0.0000000000000000000, -0.01574999999999998623 ) ) ;
#3622 = EDGE_LOOP ( 'NONE', ( #2870, #7711, #3179, #4363 ) ) ;
#3623 = CYLINDRICAL_SURFACE ( 'NONE', #2887, 0.02855000000000052635 ) ;
#3624 = CARTESIAN_POINT ( 'NONE',  ( 1.975934937620615894, -0.05000000000000000278, -0.09999999999999974187 ) ) ;
#3625 = EDGE_LOOP ( 'NONE', ( #6159, #1995, #3369, #718 ) ) ;
#3626 = DIRECTION ( 'NONE',  ( 0.3420201433256663259, 0.0000000000000000000, 0.9396926207859092051 ) ) ;
#3627 = LINE ( 'NONE', #7278, #409 ) ;
#3628 = ORIENTED_EDGE ( 'NONE', *, *, #5981, .T. ) ;
#3629 = CARTESIAN_POINT ( 'NONE',  ( 1.394266468810307469, 0.0000000000000000000, -0.08424999999999957523 ) ) ;
#3630 = LINE ( 'NONE', #3082, #6478 ) ;
#3631 = ADVANCED_FACE ( 'NONE', ( #6938 ), #1591, .F. ) ;
#3632 = ORIENTED_EDGE ( 'NONE', *, *, #666, .F. ) ;
#3633 = VECTOR ( 'NONE', #1732, 39.37007874015748143 ) ;
#3634 = DIRECTION ( 'NONE',  ( 1.000000000000000000, 0.0000000000000000000, -0.0000000000000000000 ) ) ;
#3635 = ORIENTED_EDGE ( 'NONE', *, *, #3040, .T. ) ;
#3636 = CARTESIAN_POINT ( 'NONE',  ( 0.1460000000000004350, 0.0000000000000000000, 0.0000000000000000000 ) ) ;
#3637 = DIRECTION ( 'NONE',  ( 0.0000000000000000000, 0.0000000000000000000, 1.000000000000000000 ) ) ;
#3638 = CARTESIAN_POINT ( 'NONE',  ( 0.0000000000000000000, -0.05000000000000000278, 0.0000000000000000000 ) ) ;
#3639 = VECTOR ( 'NONE', #1926, 39.37007874015748143 ) ;
#3640 = EDGE_CURVE ( 'NONE', #4873, #5873, #2028, .T. ) ;
#3641 = ADVANCED_FACE ( 'NONE', ( #4567 ), #405, .F. ) ;
#3642 = ORIENTED_EDGE ( 'NONE', *, *, #6648, .T. ) ;
#3643 = VECTOR ( 'NONE', #2261, 39.37007874015748143 ) ;
#3644 = DIRECTION ( 'NONE',  ( -1.000000000000000000, -0.0000000000000000000, -0.0000000000000000000 ) ) ;
#3645 = DIRECTION ( 'NONE',  ( -0.0000000000000000000, 1.000000000000000000, -0.0000000000000000000 ) ) ;
#3646 = ORIENTED_EDGE ( 'NONE', *, *, #2865, .T. ) ;
#3647 = DIRECTION ( 'NONE',  ( -0.0000000000000000000, 1.000000000000000000, -0.0000000000000000000 ) ) ;
#3648 = CARTESIAN_POINT ( 'NONE',  ( 0.8816684688103074707, 0.0000000000000000000, -0.01574999999999998623 ) ) ;
#3649 = ORIENTED_EDGE ( 'NONE', *, *, #4509, .F. ) ;
#3650 = CARTESIAN_POINT ( 'NONE',  ( 1.837967468810307370, -0.05000000000000000278, -0.07855000000000071647 ) ) ;
#3651 = DIRECTION ( 'NONE',  ( -0.0000000000000000000, 1.000000000000000000, -0.0000000000000000000 ) ) ;
#3652 = ITEM_DEFINED_TRANSFORMATION ( 'NONE', 'NONE', #3852,  #3340 ) ;
#3653 = AXIS2_PLACEMENT_3D ( 'NONE', #3636, #4836, #6655 ) ;
#3654 = EDGE_CURVE ( 'NONE', #7410, #3152, #1468, .T. ) ;
#3655 = LINE ( 'NONE', #5565, #6256 ) ;
#3656 = VERTEX_POINT ( 'NONE', #6353 ) ;
#3657 = VERTEX_POINT ( 'NONE', #4489 ) ;
#3658 = PLANE ( 'NONE',  #1809 ) ;
#3659 = EDGE_LOOP ( 'NONE', ( #7501, #7067, #1689, #4402 ) ) ;
#3660 = CARTESIAN_POINT ( 'NONE',  ( 1.081668468810307537, -0.1100000000000000006, -0.08424999999999954747 ) ) ;
#3661 = AXIS2_PLACEMENT_3D ( 'NONE', #2008, #3318, #4388 ) ;
#3662 = FILL_AREA_STYLE_COLOUR ( '', #5704 ) ;
#3663 = VERTEX_POINT ( 'NONE', #7654 ) ;
#3664 = EDGE_CURVE ( 'NONE', #5494, #2366, #5723, .T. ) ;
#3665 = CIRCLE ( 'NONE', #5823, 0.02855000000000052288 ) ;
#3666 = EDGE_LOOP ( 'NONE', ( #6236, #4088, #5412, #6197 ) ) ;
#3667 = CARTESIAN_POINT ( 'NONE',  ( 1.581668468810307315, -0.1100000000000000006, -0.08424999999999954747 ) ) ;
#3668 = DIRECTION ( 'NONE',  ( -1.000000000000000000, 0.0000000000000000000, -7.776898252968647801E-17 ) ) ;
#3669 = ORIENTED_EDGE ( 'NONE', *, *, #277, .T. ) ;
#3670 = LINE ( 'NONE', #3157, #6179 ) ;
#3671 = PLANE ( 'NONE',  #2427 ) ;
#3672 = ADVANCED_FACE ( 'NONE', ( #3886 ), #6903, .T. ) ;
#3673 = CIRCLE ( 'NONE', #6089, 0.02855000000000052982 ) ;
#3674 = VERTEX_POINT ( 'NONE', #5886 ) ;
#3675 = DIRECTION ( 'NONE',  ( 0.0000000000000000000, 0.0000000000000000000, 1.000000000000000000 ) ) ;
#3676 = AXIS2_PLACEMENT_3D ( 'NONE', #2069, #1632, #2823 ) ;
#3677 = ORIENTED_EDGE ( 'NONE', *, *, #892, .F. ) ;
#3678 = CARTESIAN_POINT ( 'NONE',  ( 1.837967468810307370, 3.673940397442060153E-19, -0.05000000000000019013 ) ) ;
#3679 = CARTESIAN_POINT ( 'NONE',  ( 1.075935937620614791, 0.0000000000000000000, -9.478001694819074349E-34 ) ) ;
#3680 = AXIS2_PLACEMENT_3D ( 'NONE', #2727, #7554, #4550 ) ;
#3681 = VECTOR ( 'NONE', #5344, 39.37007874015748143 ) ;
#3682 = ORIENTED_EDGE ( 'NONE', *, *, #4634, .T. ) ;
#3683 = PLANE ( 'NONE',  #4390 ) ;
#3684 = FACE_OUTER_BOUND ( 'NONE', #6751, .T. ) ;
#3685 = VERTEX_POINT ( 'NONE', #921 ) ;
#3687 = EDGE_CURVE ( 'NONE', #13, #3674, #447, .T. ) ;
#3686 = PLANE ( 'NONE',  #3011 ) ;
#3688 = ADVANCED_FACE ( 'NONE', ( #6312 ), #1550, .F. ) ;
#3689 = DIRECTION ( 'NONE',  ( 7.776898252968646568E-17, 0.0000000000000000000, -1.000000000000000000 ) ) ;
#3690 = PLANE ( 'NONE',  #1637 ) ;
#3691 = AXIS2_PLACEMENT_3D ( 'NONE', #1928, #4231, #6175 ) ;
#3692 =( GEOMETRIC_REPRESENTATION_CONTEXT ( 3 ) GLOBAL_UNCERTAINTY_ASSIGNED_CONTEXT ( ( #45 ) ) GLOBAL_UNIT_ASSIGNED_CONTEXT ( ( #1132, #5339, #5980 ) ) REPRESENTATION_CONTEXT ( 'NONE', 'WORKASPACE' ) );
#3693 = CARTESIAN_POINT ( 'NONE',  ( 1.381668468810307360, -0.05000000000000000278, -0.01574999999999998623 ) ) ;
#3694 = ITEM_DEFINED_TRANSFORMATION ( 'NONE', 'NONE', #5637,  #3340 ) ;
#3695 = DIRECTION ( 'NONE',  ( 1.000000000000000000, 0.0000000000000000000, 0.0000000000000000000 ) ) ;
#3696 = CIRCLE ( 'NONE', #5605, 0.02855000000000052288 ) ;
#3697 = ORIENTED_EDGE ( 'NONE', *, *, #2246, .T. ) ;
#3698 = EDGE_LOOP ( 'NONE', ( #558, #6786, #3628, #5395 ) ) ;
#3699 = CARTESIAN_POINT ( 'NONE',  ( 1.981667468810307531, -0.05000000000000000278, -0.01574999999999985092 ) ) ;
#3700 = ORIENTED_EDGE ( 'NONE', *, *, #5429, .T. ) ;
#3701 = DIRECTION ( 'NONE',  ( 0.3420201433256720991, 0.0000000000000000000, -0.9396926207859070956 ) ) ;
#3702 = EDGE_CURVE ( 'NONE', #4531, #7579, #7260, .T. ) ;
#3703 = DIRECTION ( 'NONE',  ( -0.9659258262890678681, 3.169619151431787128E-17, -0.2588190451025225713 ) ) ;
#3704 = ORIENTED_EDGE ( 'NONE', *, *, #5110, .F. ) ;
#3705 = DIRECTION ( 'NONE',  ( -0.0000000000000000000, 1.000000000000000000, -0.0000000000000000000 ) ) ;
#3706 = AXIS2_PLACEMENT_3D ( 'NONE', #813, #4306, #7315 ) ;
#3707 = EDGE_CURVE ( 'NONE', #5005, #6451, #5446, .T. ) ;
#3708 = ORIENTED_EDGE ( 'NONE', *, *, #5826, .T. ) ;
#3709 = DIRECTION ( 'NONE',  ( -0.0000000000000000000, 1.000000000000000000, -0.0000000000000000000 ) ) ;
#3710 = VECTOR ( 'NONE', #693, 39.37007874015748143 ) ;
#3711 = DIRECTION ( 'NONE',  ( -0.0000000000000000000, 1.000000000000000000, -0.0000000000000000000 ) ) ;
#3712 = ORIENTED_EDGE ( 'NONE', *, *, #3373, .F. ) ;
#3713 = CARTESIAN_POINT ( 'NONE',  ( 0.9816684688103075596, -0.1100000000000000006, -0.01574999999999998623 ) ) ;
#3714 = ADVANCED_FACE ( 'NONE', ( #4690 ), #5287, .F. ) ;
#3715 = ADVANCED_FACE ( 'NONE', ( #4209 ), #1674, .F. ) ;
#3716 = CARTESIAN_POINT ( 'NONE',  ( 0.07965232252856366268, -0.05000000000000000278, -0.05590203691369751565 ) ) ;
#3717 = AXIS2_PLACEMENT_3D ( 'NONE', #4834, #5513, #3043 ) ;
#3718 = VERTEX_POINT ( 'NONE', #1831 ) ;
#3719 = DIRECTION ( 'NONE',  ( -0.3420201433256695456, 0.0000000000000000000, -0.9396926207859080948 ) ) ;
#3720 = EDGE_CURVE ( 'NONE', #6319, #5252, #7104, .T. ) ;
#3721 = VECTOR ( 'NONE', #591, 39.37007874015748854 ) ;
#3722 = FACE_OUTER_BOUND ( 'NONE', #4759, .T. ) ;
#3723 = VERTEX_POINT ( 'NONE', #3574 ) ;
#3724 = DIRECTION ( 'NONE',  ( -0.0000000000000000000, 1.000000000000000000, -0.0000000000000000000 ) ) ;
#3725 = CARTESIAN_POINT ( 'NONE',  ( 1.975934937620615894, -0.05000000000000000278, -0.09999999999999974187 ) ) ;
#3726 = ORIENTED_EDGE ( 'NONE', *, *, #2082, .T. ) ;
#3727 = PLANE ( 'NONE',  #1232 ) ;
#3728 = DIRECTION ( 'NONE',  ( -1.000000000000000000, 0.0000000000000000000, -7.776898252968647801E-17 ) ) ;
#3729 = ORIENTED_EDGE ( 'NONE', *, *, #5253, .T. ) ;
#3730 = LINE ( 'NONE', #3135, #7442 ) ;
#3731 = DIRECTION ( 'NONE',  ( 1.000000000000000000, 0.0000000000000000000, 0.0000000000000000000 ) ) ;
#3732 = FACE_OUTER_BOUND ( 'NONE', #5405, .T. ) ;
#3733 = DIRECTION ( 'NONE',  ( -1.000000000000000000, 0.0000000000000000000, -7.776898252968646568E-17 ) ) ;
#3735 = EDGE_CURVE ( 'NONE', #5761, #3502, #5707, .T. ) ;
#3734 = CARTESIAN_POINT ( 'NONE',  ( 0.09426646881030739666, 0.0000000000000000000, -0.08424999999999957523 ) ) ;
#3736 = EDGE_CURVE ( 'NONE', #5089, #1477, #2424, .T. ) ;
#3737 = EDGE_LOOP ( 'NONE', ( #5655, #6669, #774, #3892 ) ) ;
#3738 = ORIENTED_EDGE ( 'NONE', *, *, #3876, .F. ) ;
#3739 = DIRECTION ( 'NONE',  ( 0.0000000000000000000, 0.0000000000000000000, -1.000000000000000000 ) ) ;
#3740 = VERTEX_POINT ( 'NONE', #1233 ) ;
#3741 = DIRECTION ( 'NONE',  ( -1.000000000000000000, 0.0000000000000000000, -7.776898252968647801E-17 ) ) ;
#3742 = CARTESIAN_POINT ( 'NONE',  ( 0.1910000000000004472, 2.694222958124391031E-18, -0.02200000000000174732 ) ) ;
#3743 = CARTESIAN_POINT ( 'NONE',  ( 0.1379674688103073310, 0.0000000000000000000, -0.05000000000000019013 ) ) ;
#3744 = PRESENTATION_STYLE_ASSIGNMENT (( #206 ) ) ;
#3745 = EDGE_CURVE ( 'NONE', #4911, #7642, #2308, .T. ) ;
#3746 = ORIENTED_EDGE ( 'NONE', *, *, #1577, .F. ) ;
#3747 = PLANE ( 'NONE',  #3941 ) ;
#3748 = LINE ( 'NONE', #2593, #915 ) ;
#3749 = ORIENTED_EDGE ( 'NONE', *, *, #2235, .F. ) ;
#3750 = DIRECTION ( 'NONE',  ( 1.000000000000000000, 0.0000000000000000000, 0.0000000000000000000 ) ) ;
#3751 = FACE_OUTER_BOUND ( 'NONE', #7731, .T. ) ;
#3752 = EDGE_CURVE ( 'NONE', #2809, #6002, #3548, .T. ) ;
#3753 = ORIENTED_EDGE ( 'NONE', *, *, #6769, .T. ) ;
#3754 = PLANE ( 'NONE',  #3190 ) ;
#3755 = EDGE_LOOP ( 'NONE', ( #3770, #4369, #3614, #1198 ) ) ;
#3756 = CARTESIAN_POINT ( 'NONE',  ( 0.1910000000000004472, 0.0000000000000000000, 0.0000000000000000000 ) ) ;
#3757 = CARTESIAN_POINT ( 'NONE',  ( 1.281668468810307271, -0.1100000000000000006, -0.08424999999999954747 ) ) ;
#3758 = VECTOR ( 'NONE', #1773, 39.37007874015748143 ) ;
#3759 = ADVANCED_FACE ( 'NONE', ( #6008 ), #2904, .T. ) ;
#3760 = VERTEX_POINT ( 'NONE', #4733 ) ;
#3761 = CARTESIAN_POINT ( 'NONE',  ( 1.117263512768191802, -0.05000000000000000278, 0.4020616249024401845 ) ) ;
#3762 = DIRECTION ( 'NONE',  ( 0.0000000000000000000, -0.0000000000000000000, -1.000000000000000000 ) ) ;
#3763 = ORIENTED_EDGE ( 'NONE', *, *, #1707, .T. ) ;
#3764 = CARTESIAN_POINT ( 'NONE',  ( -0.03066449223692707671, -0.05000000000000000278, -0.08424999999999857603 ) ) ;
#3765 = VECTOR ( 'NONE', #4139, 39.37007874015748143 ) ;
#3766 = DIRECTION ( 'NONE',  ( -1.000000000000000000, 0.0000000000000000000, -7.776898252968647801E-17 ) ) ;
#3767 = CARTESIAN_POINT ( 'NONE',  ( 0.9379674688103074587, -0.05000000000000000278, -0.07855000000000071647 ) ) ;
#3768 = VECTOR ( 'NONE', #7057, 39.37007874015748143 ) ;
#3769 = ORIENTED_EDGE ( 'NONE', *, *, #2886, .T. ) ;
#3770 = ORIENTED_EDGE ( 'NONE', *, *, #7687, .T. ) ;
#3771 = DIRECTION ( 'NONE',  ( 0.0000000000000000000, 0.0000000000000000000, 1.000000000000000000 ) ) ;
#3772 = VERTEX_POINT ( 'NONE', #4248 ) ;
#3773 = LINE ( 'NONE', #165, #1114 ) ;
#3774 = CARTESIAN_POINT ( 'NONE',  ( 0.2816684688103074374, -0.1100000000000000006, -0.08424999999999954747 ) ) ;
#3775 = VECTOR ( 'NONE', #5114, 39.37007874015748143 ) ;
#3776 = ORIENTED_EDGE ( 'NONE', *, *, #4368, .T. ) ;
#3777 = VECTOR ( 'NONE', #4490, 39.37007874015748854 ) ;
#3778 = FACE_OUTER_BOUND ( 'NONE', #6594, .T. ) ;
#3779 = FACE_OUTER_BOUND ( 'NONE', #6525, .T. ) ;
#3780 = EDGE_LOOP ( 'NONE', ( #4011, #1017, #469, #1323 ) ) ;
#3781 = CARTESIAN_POINT ( 'NONE',  ( 0.4942664688103074466, -0.1100000000000000006, -0.08424999999999957523 ) ) ;
#3782 = EDGE_CURVE ( 'NONE', #4734, #6074, #5328, .T. ) ;
#3783 = ADVANCED_FACE ( 'NONE', ( #1790 ), #1752, .F. ) ;
#3784 = DIRECTION ( 'NONE',  ( 0.0000000000000000000, 0.0000000000000000000, 1.000000000000000000 ) ) ;
#3785 = DIRECTION ( 'NONE',  ( 1.000000000000000000, 0.0000000000000000000, 0.0000000000000000000 ) ) ;
#3786 = CIRCLE ( 'NONE', #3407, 0.02855000000000052288 ) ;
#3787 = ORIENTED_EDGE ( 'NONE', *, *, #2776, .F. ) ;
#3788 = FACE_OUTER_BOUND ( 'NONE', #491, .T. ) ;
#3789 = EDGE_LOOP ( 'NONE', ( #328, #1113, #2525, #5945 ) ) ;
#3790 = DIRECTION ( 'NONE',  ( -1.000000000000000000, -0.0000000000000000000, -0.0000000000000000000 ) ) ;
#3791 = ADVANCED_FACE ( 'NONE', ( #604 ), #2862, .F. ) ;
#3792 = CARTESIAN_POINT ( 'NONE',  ( -0.03066449223692698303, -0.05000000000000000278, -0.01574999999999998623 ) ) ;
#3793 = EDGE_CURVE ( 'NONE', #2260, #4606, #2980, .T. ) ;
#3794 = VECTOR ( 'NONE', #5407, 39.37007874015748143 ) ;
#3795 = CARTESIAN_POINT ( 'NONE',  ( 1.647076845703887571, -0.05000000000000000278, 0.5948979078083997951 ) ) ;
#3796 = CARTESIAN_POINT ( 'NONE',  ( 0.07593593762061463803, 0.0000000000000000000, -9.478001694819074349E-34 ) ) ;
#3797 = EDGE_LOOP ( 'NONE', ( #2157, #370, #2472, #4483 ) ) ;
#3798 = DIRECTION ( 'NONE',  ( -0.9396926207859072067, 0.0000000000000000000, -0.3420201433256721546 ) ) ;
#3799 = ADVANCED_FACE ( 'NONE', ( #528, #2947 ), #5371, .F. ) ;
#3800 = LINE ( 'NONE', #6230, #2149 ) ;
#3801 = CARTESIAN_POINT ( 'NONE',  ( 1.899999000000000215, -0.1100000000000000006, 0.0000000000000000000 ) ) ;
#3802 = LINE ( 'NONE', #5074, #1671 ) ;
#3803 = AXIS2_PLACEMENT_3D ( 'NONE', #3319, #7520, #2762 ) ;
#3804 = ORIENTED_EDGE ( 'NONE', *, *, #7668, .F. ) ;
#3805 = ORIENTED_EDGE ( 'NONE', *, *, #1378, .T. ) ;
#3806 = VECTOR ( 'NONE', #373, 39.37007874015748854 ) ;
#3807 = DIRECTION ( 'NONE',  ( -0.3420201433256695456, 0.0000000000000000000, -0.9396926207859080948 ) ) ;
#3808 = ORIENTED_EDGE ( 'NONE', *, *, #5139, .T. ) ;
#3809 = AXIS2_PLACEMENT_3D ( 'NONE', #7093, #6462, #5877 ) ;
#3810 = CARTESIAN_POINT ( 'NONE',  ( 1.275935937620614746, -0.1100000000000000006, -9.478001694819074349E-34 ) ) ;
#3811 = ADVANCED_FACE ( 'NONE', ( #1979 ), #1313, .T. ) ;
#3812 = PLANE ( 'NONE',  #3287 ) ;
#3813 = DIRECTION ( 'NONE',  ( -1.000000000000000000, 0.0000000000000000000, -7.776898252968647801E-17 ) ) ;
#3814 = DIRECTION ( 'NONE',  ( 0.0000000000000000000, 0.0000000000000000000, 1.000000000000000000 ) ) ;
#3815 = CIRCLE ( 'NONE', #2434, 0.009000000000000915254 ) ;
#3816 = ORIENTED_EDGE ( 'NONE', *, *, #7081, .F. ) ;
#3817 = ORIENTED_EDGE ( 'NONE', *, *, #3606, .T. ) ;
#3818 = CARTESIAN_POINT ( 'NONE',  ( 1.094266468810307424, 0.0000000000000000000, -0.01574999999999998623 ) ) ;
#3819 = VERTEX_POINT ( 'NONE', #6855 ) ;
#3820 = CARTESIAN_POINT ( 'NONE',  ( 1.781668468810307493, -0.1100000000000000006, -0.08424999999999954747 ) ) ;
#3821 = CARTESIAN_POINT ( 'NONE',  ( 0.0000000000000000000, -0.05000000000000000278, 0.0000000000000000000 ) ) ;
#3822 = LINE ( 'NONE', #7509, #5887 ) ;
#3823 = ADVANCED_FACE ( 'NONE', ( #758 ), #4886, .T. ) ;
#3824 = ORIENTED_EDGE ( 'NONE', *, *, #4773, .F. ) ;
#3825 = EDGE_CURVE ( 'NONE', #7052, #5798, #4432, .T. ) ;
#3826 = DIRECTION ( 'NONE',  ( 1.000000000000000000, 0.0000000000000000000, 0.0000000000000000000 ) ) ;
#3827 = ORIENTED_EDGE ( 'NONE', *, *, #7330, .F. ) ;
#3828 = CARTESIAN_POINT ( 'NONE',  ( 1.681668468810307404, 0.0000000000000000000, -0.01574999999999998623 ) ) ;
#3829 = DIRECTION ( 'NONE',  ( -1.000000000000000000, 0.0000000000000000000, 0.0000000000000000000 ) ) ;
#3830 = AXIS2_PLACEMENT_3D ( 'NONE', #2249, #1738, #5396 ) ;
#3831 = EDGE_CURVE ( 'NONE', #7821, #7539, #2535, .T. ) ;
#3832 = VECTOR ( 'NONE', #7324, 39.37007874015748143 ) ;
#3833 = LINE ( 'NONE', #6924, #3587 ) ;
#3834 = ORIENTED_EDGE ( 'NONE', *, *, #3387, .F. ) ;
#3835 = CARTESIAN_POINT ( 'NONE',  ( 0.03796746881030733239, -0.05000000000000000278, -0.02144999999999967072 ) ) ;
#3836 = DIRECTION ( 'NONE',  ( 0.0000000000000000000, 1.224646799147353207E-16, -1.000000000000000000 ) ) ;
#3837 = LINE ( 'NONE', #232, #3981 ) ;
#3838 = CARTESIAN_POINT ( 'NONE',  ( 0.2379674688103073643, -0.05000000000000000278, -0.05000000000000019013 ) ) ;
#3839 = VECTOR ( 'NONE', #7749, 39.37007874015748143 ) ;
#3840 = ADVANCED_FACE ( 'NONE', ( #1945 ), #7298, .F. ) ;
#3841 = EDGE_CURVE ( 'NONE', #6205, #4901, #2016, .T. ) ;
#3842 = ORIENTED_EDGE ( 'NONE', *, *, #420, .F. ) ;
#3843 = ORIENTED_EDGE ( 'NONE', *, *, #2199, .T. ) ;
#3844 = EDGE_CURVE ( 'NONE', #2580, #5995, #3213, .T. ) ;
#3845 = VERTEX_POINT ( 'NONE', #1056 ) ;
#3846 = CARTESIAN_POINT ( 'NONE',  ( 0.0000000000000000000, 0.0000000000000000000, 0.008999999999999484107 ) ) ;
#3847 = ORIENTED_EDGE ( 'NONE', *, *, #4484, .F. ) ;
#3848 = LINE ( 'NONE', #3966, #5676 ) ;
#3849 = CARTESIAN_POINT ( 'NONE',  ( 1.037967468810307547, -0.05000000000000000278, -0.02144999999999967072 ) ) ;
#3850 = LINE ( 'NONE', #6354, #4302 ) ;
#3851 = ADVANCED_BREP_SHAPE_REPRESENTATION ( '', ( #5978, #3340 ), #574 ) ;
#3852 = AXIS2_PLACEMENT_3D ( 'NONE', #7424, #286, #2707 ) ;
#3853 = EDGE_CURVE ( 'NONE', #329, #6713, #4362, .T. ) ;
#3854 = ORIENTED_EDGE ( 'NONE', *, *, #106, .T. ) ;
#3855 = ORIENTED_EDGE ( 'NONE', *, *, #1497, .F. ) ;
#3856 = FACE_OUTER_BOUND ( 'NONE', #6707, .T. ) ;
#3857 = ORIENTED_EDGE ( 'NONE', *, *, #2916, .T. ) ;
#3858 = CARTESIAN_POINT ( 'NONE',  ( -0.03066449223692698303, -0.05000000000000000278, -0.01574999999999998623 ) ) ;
#3859 = DIRECTION ( 'NONE',  ( 0.0000000000000000000, 0.0000000000000000000, 1.000000000000000000 ) ) ;
#3860 = PRODUCT_DEFINITION_SHAPE ( 'NONE', 'NONE',  #7831 ) ;
#3861 = CARTESIAN_POINT ( 'NONE',  ( 1.537967468810307325, 3.673940397442060153E-19, -0.05000000000000019013 ) ) ;
#3862 = DIRECTION ( 'NONE',  ( 0.3420201433256638834, 0.0000000000000000000, -0.9396926207859100932 ) ) ;
#3863 = CARTESIAN_POINT ( 'NONE',  ( 0.0000000000000000000, -0.05000000000000000278, 0.0000000000000000000 ) ) ;
#3864 = ORIENTED_EDGE ( 'NONE', *, *, #7417, .T. ) ;
#3865 = PLANE ( 'NONE',  #6474 ) ;
#3866 = CARTESIAN_POINT ( 'NONE',  ( 0.2759359376206146353, 0.0000000000000000000, -9.478001694819074349E-34 ) ) ;
#3867 = ORIENTED_EDGE ( 'NONE', *, *, #1276, .F. ) ;
#3868 = DIRECTION ( 'NONE',  ( -0.0000000000000000000, 1.000000000000000000, -0.0000000000000000000 ) ) ;
#3869 = CARTESIAN_POINT ( 'NONE',  ( 0.3759359376206146686, -0.1100000000000000006, -9.478001694819074349E-34 ) ) ;
#3870 = DIRECTION ( 'NONE',  ( -0.3420201433256656043, 0.0000000000000000000, 0.9396926207859094271 ) ) ;
#3871 = CARTESIAN_POINT ( 'NONE',  ( 0.2910000000000024234, 0.0000000000000000000, 0.008999999999999149305 ) ) ;
#3872 = VERTEX_POINT ( 'NONE', #5636 ) ;
#3873 = DIRECTION ( 'NONE',  ( 0.0000000000000000000, 0.0000000000000000000, 1.000000000000000000 ) ) ;
#3874 = CARTESIAN_POINT ( 'NONE',  ( 1.181668468810307626, 0.0000000000000000000, -0.08424999999999954747 ) ) ;
#3875 = DIRECTION ( 'NONE',  ( -0.3420201433256694346, -0.0000000000000000000, -0.9396926207859080948 ) ) ;
#3876 = EDGE_CURVE ( 'NONE', #6514, #2941, #194, .T. ) ;
#3877 = CYLINDRICAL_SURFACE ( 'NONE', #6488, 0.02800000000000090264 ) ;
#3878 = EDGE_CURVE ( 'NONE', #3180, #3453, #4397, .T. ) ;
#3879 = AXIS2_PLACEMENT_3D ( 'NONE', #7293, #1862, #1192 ) ;
#3880 = ORIENTED_EDGE ( 'NONE', *, *, #4528, .F. ) ;
#3881 = VECTOR ( 'NONE', #5383, 39.37007874015748143 ) ;
#3882 = ORIENTED_EDGE ( 'NONE', *, *, #1218, .T. ) ;
#3883 = FACE_OUTER_BOUND ( 'NONE', #247, .T. ) ;
#3884 = VERTEX_POINT ( 'NONE', #6778 ) ;
#3885 = DIRECTION ( 'NONE',  ( -0.3420201433256663259, 0.0000000000000000000, -0.9396926207859092051 ) ) ;
#3886 = FACE_OUTER_BOUND ( 'NONE', #7240, .T. ) ;
#3887 = CARTESIAN_POINT ( 'NONE',  ( 0.2910000000000024234, -6.733578453133398446E-16, 0.0000000000000000000 ) ) ;
#3888 = EDGE_CURVE ( 'NONE', #723, #1875, #682, .T. ) ;
#3889 = DIRECTION ( 'NONE',  ( -3.491481338843133355E-15, -1.000000000000000000, 0.0000000000000000000 ) ) ;
#3890 = AXIS2_PLACEMENT_3D ( 'NONE', #2507, #2546, #5006 ) ;
#3891 = VERTEX_POINT ( 'NONE', #3137 ) ;
#3892 = ORIENTED_EDGE ( 'NONE', *, *, #2638, .F. ) ;
#3893 = FACE_OUTER_BOUND ( 'NONE', #6721, .T. ) ;
#3894 = ORIENTED_EDGE ( 'NONE', *, *, #2596, .F. ) ;
#3895 = CARTESIAN_POINT ( 'NONE',  ( 0.3999990000000001600, -0.05000000000000000278, -0.09999999999999989453 ) ) ;
#3896 = DIRECTION ( 'NONE',  ( -0.3420201433256695456, 0.0000000000000000000, -0.9396926207859080948 ) ) ;
#3897 = ADVANCED_FACE ( 'NONE', ( #6815 ), #5031, .T. ) ;
#3898 = DIRECTION ( 'NONE',  ( 1.000000000000000000, 0.0000000000000000000, 0.0000000000000000000 ) ) ;
#3899 = CARTESIAN_POINT ( 'NONE',  ( 0.9816684688103075596, -0.1100000000000000006, -0.08424999999999954747 ) ) ;
#3900 = VECTOR ( 'NONE', #6689, 39.37007874015748143 ) ;
#3901 = ORIENTED_EDGE ( 'NONE', *, *, #2665, .F. ) ;
#3902 = DIRECTION ( 'NONE',  ( -0.3420201433256720991, 0.0000000000000000000, 0.9396926207859070956 ) ) ;
#3903 = CARTESIAN_POINT ( 'NONE',  ( 1.494266468810307558, 0.0000000000000000000, -0.08424999999999957523 ) ) ;
#3904 = ORIENTED_EDGE ( 'NONE', *, *, #626, .T. ) ;
#3905 = VERTEX_POINT ( 'NONE', #5486 ) ;
#3906 = CARTESIAN_POINT ( 'NONE',  ( 1.987967468810307503, 0.0000000000000000000, -0.08424999999999935318 ) ) ;
#3907 = AXIS2_PLACEMENT_3D ( 'NONE', #1774, #3705, #4374 ) ;
#3908 = EDGE_CURVE ( 'NONE', #4729, #2228, #3800, .T. ) ;
#3909 = CARTESIAN_POINT ( 'NONE',  ( 1.975934937620615894, 0.0000000000000000000, -0.09999999999999974187 ) ) ;
#3910 = AXIS2_PLACEMENT_3D ( 'NONE', #4172, #4809, #1675 ) ;
#3911 = DIRECTION ( 'NONE',  ( -0.0000000000000000000, 1.000000000000000000, -0.0000000000000000000 ) ) ;
#3912 = ORIENTED_EDGE ( 'NONE', *, *, #6217, .T. ) ;
#3913 = FACE_OUTER_BOUND ( 'NONE', #4653, .T. ) ;
#3914 = CARTESIAN_POINT ( 'NONE',  ( 0.1460000000000004350, 0.0000000000000000000, 0.0000000000000000000 ) ) ;
#3915 = CARTESIAN_POINT ( 'NONE',  ( 0.2910000000000024234, -0.008999999999999822378, -1.102182119232513757E-18 ) ) ;
#3916 = CARTESIAN_POINT ( 'NONE',  ( 0.4816684688103073930, -0.1100000000000000006, -0.08424999999999954747 ) ) ;
#3917 = VECTOR ( 'NONE', #2440, 39.37007874015748854 ) ;
#3918 = PRODUCT_DEFINITION_SHAPE ( 'NONE', 'NONE',  #7830 ) ;
#3919 = VERTEX_POINT ( 'NONE', #1422 ) ;
#3920 = EDGE_CURVE ( 'NONE', #7188, #7819, #1523, .T. ) ;
#3921 = EDGE_LOOP ( 'NONE', ( #6346, #6214 ) ) ;
#3922 = CARTESIAN_POINT ( 'NONE',  ( 0.7816684688103074929, 0.0000000000000000000, -0.08424999999999954747 ) ) ;
#3923 = EDGE_LOOP ( 'NONE', ( #7681, #5011 ) ) ;
#3924 = DIRECTION ( 'NONE',  ( 1.000000000000000000, 0.0000000000000000000, 0.0000000000000000000 ) ) ;
#3925 = DIRECTION ( 'NONE',  ( -0.0000000000000000000, 1.000000000000000000, -0.0000000000000000000 ) ) ;
#3926 = CARTESIAN_POINT ( 'NONE',  ( 1.037967468810307547, 3.673940397442060153E-19, -0.05000000000000019013 ) ) ;
#3927 = VECTOR ( 'NONE', #5085, 39.37007874015748143 ) ;
#3928 = CARTESIAN_POINT ( 'NONE',  ( 1.637967468810307858, 0.1460000000000002129, -0.05000000000000016931 ) ) ;
#3929 = AXIS2_PLACEMENT_3D ( 'NONE', #147, #2527, #1305 ) ;
#3930 = VECTOR ( 'NONE', #376, 39.37007874015748143 ) ;
#3931 = ORIENTED_EDGE ( 'NONE', *, *, #7202, .F. ) ;
#3932 = EDGE_CURVE ( 'NONE', #3252, #2141, #1347, .T. ) ;
#3933 = ORIENTED_EDGE ( 'NONE', *, *, #6769, .F. ) ;
#3934 = DIRECTION ( 'NONE',  ( 0.0000000000000000000, 0.0000000000000000000, 1.000000000000000000 ) ) ;
#3935 = VERTEX_POINT ( 'NONE', #3175 ) ;
#3936 = DIRECTION ( 'NONE',  ( -0.0000000000000000000, 1.000000000000000000, -0.0000000000000000000 ) ) ;
#3937 = LINE ( 'NONE', #6948, #46 ) ;
#3938 = PLANE ( 'NONE',  #3058 ) ;
#3939 = CARTESIAN_POINT ( 'NONE',  ( 1.781668468810307493, 0.0000000000000000000, -0.01574999999999998623 ) ) ;
#3940 = VECTOR ( 'NONE', #816, 39.37007874015748143 ) ;
#3941 = AXIS2_PLACEMENT_3D ( 'NONE', #1362, #4866, #7277 ) ;
#3942 = EDGE_LOOP ( 'NONE', ( #690, #1516, #2180, #3429 ) ) ;
#3943 = EDGE_CURVE ( 'NONE', #6925, #5282, #6700, .T. ) ;
#3944 = DIRECTION ( 'NONE',  ( 0.9396926207859100932, 0.0000000000000000000, 0.3420201433256638834 ) ) ;
#3945 = VECTOR ( 'NONE', #4465, 39.37007874015748854 ) ;
#3946 = DIRECTION ( 'NONE',  ( -0.9396926207859072067, 0.0000000000000000000, -0.3420201433256721546 ) ) ;
#3947 = ORIENTED_EDGE ( 'NONE', *, *, #2199, .F. ) ;
#3948 = CARTESIAN_POINT ( 'NONE',  ( 1.099999000000000171, -0.05000000000000000278, -0.09999999999999989453 ) ) ;
#3949 = ORIENTED_EDGE ( 'NONE', *, *, #4918, .T. ) ;
#3950 = PLANE ( 'NONE',  #7074 ) ;
#3951 = CARTESIAN_POINT ( 'NONE',  ( 0.8942664688103074688, 0.0000000000000000000, -0.08424999999999957523 ) ) ;
#3952 = CIRCLE ( 'NONE', #6737, 0.03600000000000147526 ) ;
#3953 = VERTEX_POINT ( 'NONE', #4325 ) ;
#3954 = EDGE_CURVE ( 'NONE', #2293, #3884, #1459, .T. ) ;
#3955 = CARTESIAN_POINT ( 'NONE',  ( 1.594266468810307424, 0.0000000000000000000, -0.08424999999999957523 ) ) ;
#3956 = ORIENTED_EDGE ( 'NONE', *, *, #7540, .F. ) ;
#3957 = CARTESIAN_POINT ( 'NONE',  ( 1.381668468810307360, -0.1100000000000000006, -0.01574999999999998623 ) ) ;
#3958 = CARTESIAN_POINT ( 'NONE',  ( 1.494266468810307558, 0.0000000000000000000, -0.01574999999999998623 ) ) ;
#3959 = PLANE ( 'NONE',  #5449 ) ;
#3960 = CARTESIAN_POINT ( 'NONE',  ( 0.7379674688103073921, 3.673940397442060153E-19, -0.02144999999999966031 ) ) ;
#3961 = VECTOR ( 'NONE', #75, 39.37007874015748854 ) ;
#3962 = VERTEX_POINT ( 'NONE', #3874 ) ;
#3963 = ORIENTED_EDGE ( 'NONE', *, *, #1411, .F. ) ;
#3964 = CARTESIAN_POINT ( 'NONE',  ( 1.137967468810307414, 3.673940397442060153E-19, -0.02144999999999966031 ) ) ;
#3965 = ORIENTED_EDGE ( 'NONE', *, *, #7515, .T. ) ;
#3966 = CARTESIAN_POINT ( 'NONE',  ( 0.2942664688103074355, -0.1100000000000000006, -0.08424999999999957523 ) ) ;
#3967 = CARTESIAN_POINT ( 'NONE',  ( 1.494266468810307558, -0.1100000000000000006, -0.08424999999999957523 ) ) ;
#3968 = VECTOR ( 'NONE', #7030, 39.37007874015748143 ) ;
#3969 = CARTESIAN_POINT ( 'NONE',  ( 1.975934937620614562, -0.05000000000000000278, 0.0000000000000000000 ) ) ;
#3970 = CARTESIAN_POINT ( 'NONE',  ( 1.537967468810307770, 0.1460000000000002129, -0.05000000000000016931 ) ) ;
#3971 = EDGE_CURVE ( 'NONE', #5688, #6965, #1395, .T. ) ;
#3972 = VECTOR ( 'NONE', #3565, 39.37007874015748143 ) ;
#3973 = ORIENTED_EDGE ( 'NONE', *, *, #2165, .F. ) ;
#3974 = ORIENTED_EDGE ( 'NONE', *, *, #2636, .F. ) ;
#3975 = DIRECTION ( 'NONE',  ( 0.3420201433256720991, 0.0000000000000000000, -0.9396926207859070956 ) ) ;
#3976 = ORIENTED_EDGE ( 'NONE', *, *, #5474, .T. ) ;
#3977 = CARTESIAN_POINT ( 'NONE',  ( 1.937967468810307459, 3.673940397442060153E-19, -0.05000000000000019013 ) ) ;
#3978 = CARTESIAN_POINT ( 'NONE',  ( 1.281668468810307271, -0.05000000000000000278, -0.01574999999999998623 ) ) ;
#3979 = CARTESIAN_POINT ( 'NONE',  ( 1.175935937620614880, -0.1100000000000000006, -9.478001694819074349E-34 ) ) ;
#3980 = FACE_OUTER_BOUND ( 'NONE', #5730, .T. ) ;
#3981 = VECTOR ( 'NONE', #5675, 39.37007874015748143 ) ;
#3982 = EDGE_CURVE ( 'NONE', #2843, #199, #7562, .T. ) ;
#3983 = ADVANCED_FACE ( 'NONE', ( #3365 ), #3997, .T. ) ;
#3984 = ORIENTED_EDGE ( 'NONE', *, *, #577, .T. ) ;
#3985 = CARTESIAN_POINT ( 'NONE',  ( 1.558774623547938276, -0.05000000000000000278, 0.5627585273240731656 ) ) ;
#3986 = CARTESIAN_POINT ( 'NONE',  ( 0.2379674688103073643, -0.05000000000000000278, -0.05000000000000019013 ) ) ;
#3987 = ORIENTED_EDGE ( 'NONE', *, *, #419, .T. ) ;
#3988 = LINE ( 'NONE', #977, #5924 ) ;
#3989 = ORIENTED_EDGE ( 'NONE', *, *, #7342, .F. ) ;
#3990 = PLANE ( 'NONE',  #7329 ) ;
#3991 = LINE ( 'NONE', #4425, #6218 ) ;
#3992 = EDGE_CURVE ( 'NONE', #5588, #1753, #866, .T. ) ;
#3993 = ORIENTED_EDGE ( 'NONE', *, *, #4863, .T. ) ;
#3994 = PLANE ( 'NONE',  #1688 ) ;
#3995 = ORIENTED_EDGE ( 'NONE', *, *, #4083, .T. ) ;
#3996 = DIRECTION ( 'NONE',  ( -0.9396926207859072067, 0.0000000000000000000, -0.3420201433256721546 ) ) ;
#3997 = PLANE ( 'NONE',  #893 ) ;
#3998 = CARTESIAN_POINT ( 'NONE',  ( 0.4942664688103074466, -0.05000000000000000278, -0.08424999999999957523 ) ) ;
#3999 = LINE ( 'NONE', #6896, #6108 ) ;
#4000 = EDGE_CURVE ( 'NONE', #2941, #1259, #1908, .T. ) ;
#4001 = ORIENTED_EDGE ( 'NONE', *, *, #3229, .T. ) ;
#4002 = ORIENTED_EDGE ( 'NONE', *, *, #2577, .F. ) ;
#4003 = LINE ( 'NONE', #2140, #2054 ) ;
#4004 = ORIENTED_EDGE ( 'NONE', *, *, #4875, .F. ) ;
#4005 = LINE ( 'NONE', #1673, #5803 ) ;
#4006 = LINE ( 'NONE', #2184, #1034 ) ;
#4007 = DIRECTION ( 'NONE',  ( -0.0000000000000000000, 1.000000000000000000, -0.0000000000000000000 ) ) ;
#4008 = EDGE_CURVE ( 'NONE', #6205, #5729, #6341, .T. ) ;
#4009 = VECTOR ( 'NONE', #7445, 39.37007874015748854 ) ;
#4010 = ORIENTED_EDGE ( 'NONE', *, *, #2265, .F. ) ;
#4011 = ORIENTED_EDGE ( 'NONE', *, *, #7718, .T. ) ;
#4012 = DIRECTION ( 'NONE',  ( 0.3420201433256663259, 0.0000000000000000000, 0.9396926207859092051 ) ) ;
#4013 = ORIENTED_EDGE ( 'NONE', *, *, #1150, .F. ) ;
#4014 = CARTESIAN_POINT ( 'NONE',  ( 0.4759359376206147019, -0.1100000000000000006, -9.478001694819074349E-34 ) ) ;
#4015 = CARTESIAN_POINT ( 'NONE',  ( 0.7379674688103073921, 0.0000000000000000000, -0.05000000000000019013 ) ) ;
#4016 = VECTOR ( 'NONE', #1641, 39.37007874015748143 ) ;
#4017 = CARTESIAN_POINT ( 'NONE',  ( -0.03066449223692707671, -0.05000000000000000278, -0.08424999999999939482 ) ) ;
#4018 = VERTEX_POINT ( 'NONE', #6265 ) ;
#4019 = AXIS2_PLACEMENT_3D ( 'NONE', #1354, #6711, #728 ) ;
#4020 = DIRECTION ( 'NONE',  ( -0.9396926207859072067, 0.0000000000000000000, -0.3420201433256721546 ) ) ;
#4021 = LINE ( 'NONE', #1061, #2304 ) ;
#4022 = ORIENTED_EDGE ( 'NONE', *, *, #3129, .T. ) ;
#4023 = EDGE_CURVE ( 'NONE', #3232, #4873, #3325, .T. ) ;
#4024 = DIRECTION ( 'NONE',  ( -0.0000000000000000000, 1.000000000000000000, -0.0000000000000000000 ) ) ;
#4025 = ADVANCED_FACE ( 'NONE', ( #6421 ), #5191, .T. ) ;
#4026 = ORIENTED_EDGE ( 'NONE', *, *, #7274, .F. ) ;
#4027 = FACE_OUTER_BOUND ( 'NONE', #5993, .T. ) ;
#4028 = FACE_OUTER_BOUND ( 'NONE', #612, .T. ) ;
#4029 = VECTOR ( 'NONE', #7211, 39.37007874015748143 ) ;
#4030 = ORIENTED_EDGE ( 'NONE', *, *, #3113, .T. ) ;
#4031 = EDGE_CURVE ( 'NONE', #7090, #5198, #6302, .T. ) ;
#4032 = DIRECTION ( 'NONE',  ( -0.9396926207859092051, 0.0000000000000000000, 0.3420201433256664925 ) ) ;
#4033 = ORIENTED_EDGE ( 'NONE', *, *, #3463, .T. ) ;
#4034 = CARTESIAN_POINT ( 'NONE',  ( -0.03066449223692707671, -0.05000000000000000278, -0.08424999999999871481 ) ) ;
#4035 = CARTESIAN_POINT ( 'NONE',  ( 0.3942664688103074133, 0.0000000000000000000, -0.01574999999999998623 ) ) ;
#4036 = FACE_OUTER_BOUND ( 'NONE', #1573, .T. ) ;
#4037 = VECTOR ( 'NONE', #6856, 39.37007874015748143 ) ;
#4038 = EDGE_CURVE ( 'NONE', #2405, #3162, #2732, .T. ) ;
#4039 = EDGE_CURVE ( 'NONE', #2607, #5870, #2664, .T. ) ;
#4040 = ORIENTED_EDGE ( 'NONE', *, *, #2897, .T. ) ;
#4042 = EDGE_CURVE ( 'NONE', #4734, #5334, #7526, .T. ) ;
#4041 = ORIENTED_EDGE ( 'NONE', *, *, #3878, .F. ) ;
#4043 = LINE ( 'NONE', #6549, #6129 ) ;
#4044 = ORIENTED_EDGE ( 'NONE', *, *, #7784, .F. ) ;
#4045 = CARTESIAN_POINT ( 'NONE',  ( 1.394266468810307469, -0.05000000000000000278, -0.01574999999999998623 ) ) ;
#4046 = CARTESIAN_POINT ( 'NONE',  ( -1.600692183787654153E-17, -0.05000000000000000278, -0.09999999999999989453 ) ) ;
#4047 = DIRECTION ( 'NONE',  ( -0.0000000000000000000, 1.000000000000000000, -0.0000000000000000000 ) ) ;
#4048 = APPLICATION_PROTOCOL_DEFINITION ( 'draft international standard', 'automotive_design', 1998, #5414 ) ;
#4049 = LINE ( 'NONE', #7109, #1697 ) ;
#4050 = VERTEX_POINT ( 'NONE', #829 ) ;
#4052 = EDGE_CURVE ( 'NONE', #2889, #6575, #3248, .T. ) ;
#4051 = EDGE_LOOP ( 'NONE', ( #6379, #5905, #5503, #5442 ) ) ;
#4053 = AXIS2_PLACEMENT_3D ( 'NONE', #4847, #1197, #5967 ) ;
#4054 = LINE ( 'NONE', #6945, #7245 ) ;
#4055 = ORIENTED_EDGE ( 'NONE', *, *, #6849, .F. ) ;
#4056 = PLANE ( 'NONE',  #1614 ) ;
#4057 = CARTESIAN_POINT ( 'NONE',  ( 1.181668468810307626, -0.05000000000000000278, -0.08424999999999954747 ) ) ;
#4058 = CARTESIAN_POINT ( 'NONE',  ( 0.3816684688103073597, -0.1100000000000000006, -0.08424999999999954747 ) ) ;
#4059 = DIRECTION ( 'NONE',  ( -0.3420201433256720991, 0.0000000000000000000, 0.9396926207859070956 ) ) ;
#4060 = VECTOR ( 'NONE', #3047, 39.37007874015748143 ) ;
#4061 = AXIS2_PLACEMENT_3D ( 'NONE', #7238, #3430, #3550 ) ;
#4062 = VERTEX_POINT ( 'NONE', #2651 ) ;
#4063 = DIRECTION ( 'NONE',  ( -1.000000000000000000, -0.0000000000000000000, -0.0000000000000000000 ) ) ;
#4064 = FACE_OUTER_BOUND ( 'NONE', #2094, .T. ) ;
#4065 = ORIENTED_EDGE ( 'NONE', *, *, #193, .T. ) ;
#4066 = DIRECTION ( 'NONE',  ( -0.0000000000000000000, 1.000000000000000000, -0.0000000000000000000 ) ) ;
#4067 = VECTOR ( 'NONE', #5693, 39.37007874015748143 ) ;
#4068 = ORIENTED_EDGE ( 'NONE', *, *, #212, .T. ) ;
#4069 = DIRECTION ( 'NONE',  ( -1.000000000000000000, 0.0000000000000000000, -0.0000000000000000000 ) ) ;
#4070 = VECTOR ( 'NONE', #6794, 39.37007874015748143 ) ;
#4071 = CARTESIAN_POINT ( 'NONE',  ( 0.7759359376206146353, -0.1100000000000000006, -9.478001694819074349E-34 ) ) ;
#4072 = ADVANCED_FACE ( 'NONE', ( #2132 ), #4556, .F. ) ;
#4073 = EDGE_CURVE ( 'NONE', #5022, #2477, #2059, .T. ) ;
#4074 = AXIS2_PLACEMENT_3D ( 'NONE', #2279, #7671, #4666 ) ;
#4075 = ORIENTED_EDGE ( 'NONE', *, *, #5687, .F. ) ;
#4076 = LINE ( 'NONE', #1700, #168 ) ;
#4077 = ORIENTED_EDGE ( 'NONE', *, *, #5445, .F. ) ;
#4078 = DIRECTION ( 'NONE',  ( -0.9396926207859072067, 0.0000000000000000000, -0.3420201433256721546 ) ) ;
#4079 = DIRECTION ( 'NONE',  ( -0.3420201433256663259, 0.0000000000000000000, -0.9396926207859092051 ) ) ;
#4080 = CARTESIAN_POINT ( 'NONE',  ( 1.881668468810307582, -0.1100000000000000006, -0.08424999999999954747 ) ) ;
#4081 = VECTOR ( 'NONE', #3975, 39.37007874015748854 ) ;
#4082 = CARTESIAN_POINT ( 'NONE',  ( 1.987967468810307503, 0.0000000000000000000, -0.08424999999999935318 ) ) ;
#4083 = EDGE_CURVE ( 'NONE', #2083, #3962, #1540, .T. ) ;
#4084 = VECTOR ( 'NONE', #1628, 39.37007874015748143 ) ;
#4085 = EDGE_LOOP ( 'NONE', ( #4463, #1212, #4145, #2670 ) ) ;
#4086 = ORIENTED_EDGE ( 'NONE', *, *, #2521, .F. ) ;
#4087 = DIRECTION ( 'NONE',  ( -1.000000000000000000, -0.0000000000000000000, -0.0000000000000000000 ) ) ;
#4088 = ORIENTED_EDGE ( 'NONE', *, *, #5517, .T. ) ;
#4089 = LINE ( 'NONE', #5406, #5036 ) ;
#4090 = CARTESIAN_POINT ( 'NONE',  ( 1.537967468810307325, 0.0000000000000000000, -0.05000000000000019013 ) ) ;
#4091 = CARTESIAN_POINT ( 'NONE',  ( 1.037967468810307547, -0.05000000000000000278, -0.05000000000000019013 ) ) ;
#4092 = CARTESIAN_POINT ( 'NONE',  ( 1.937967468810307903, 0.1460000000000002129, -0.05000000000000016931 ) ) ;
#4093 = AXIS2_PLACEMENT_3D ( 'NONE', #2532, #5633, #7375 ) ;
#4094 = EDGE_CURVE ( 'NONE', #1430, #5324, #2771, .T. ) ;
#4095 = CARTESIAN_POINT ( 'NONE',  ( 1.975934937620615894, -0.05000000000000000278, -0.09999999999999974187 ) ) ;
#4096 = EDGE_CURVE ( 'NONE', #2748, #7035, #5916, .T. ) ;
#4097 = ORIENTED_EDGE ( 'NONE', *, *, #6890, .F. ) ;
#4098 = ORIENTED_EDGE ( 'NONE', *, *, #420, .T. ) ;
#4099 = VECTOR ( 'NONE', #4213, 39.37007874015748143 ) ;
#4100 = CARTESIAN_POINT ( 'NONE',  ( 1.899999000000000215, -0.05000000000000000278, -0.09999999999999989453 ) ) ;
#4101 = VERTEX_POINT ( 'NONE', #6617 ) ;
#4102 = DIRECTION ( 'NONE',  ( -1.000000000000000000, -0.0000000000000000000, -0.0000000000000000000 ) ) ;
#4103 = CARTESIAN_POINT ( 'NONE',  ( 0.1910000000000004472, 0.0000000000000000000, 0.0000000000000000000 ) ) ;
#4104 = FACE_OUTER_BOUND ( 'NONE', #3191, .T. ) ;
#4105 = EDGE_CURVE ( 'NONE', #378, #1466, #6724, .T. ) ;
#4106 = VECTOR ( 'NONE', #1444, 39.37007874015748854 ) ;
#4107 = ORIENTED_EDGE ( 'NONE', *, *, #3971, .T. ) ;
#4108 = CARTESIAN_POINT ( 'NONE',  ( 0.09999900000000011557, 0.0000000000000000000, -0.09999999999999989453 ) ) ;
#4109 = LINE ( 'NONE', #7199, #3579 ) ;
#4110 = ORIENTED_EDGE ( 'NONE', *, *, #1566, .T. ) ;
#4111 = LINE ( 'NONE', #4266, #2114 ) ;
#4112 = ORIENTED_EDGE ( 'NONE', *, *, #4613, .T. ) ;
#4113 = DIRECTION ( 'NONE',  ( -0.0000000000000000000, 1.000000000000000000, -0.0000000000000000000 ) ) ;
#4114 = CARTESIAN_POINT ( 'NONE',  ( 0.7759359376206146353, 0.0000000000000000000, -9.478001694819074349E-34 ) ) ;
#4115 = ORIENTED_EDGE ( 'NONE', *, *, #3752, .F. ) ;
#4116 = CARTESIAN_POINT ( 'NONE',  ( 0.8379674688103073699, -0.05000000000000000278, -0.02144999999999967072 ) ) ;
#4117 = EDGE_LOOP ( 'NONE', ( #6500, #1711, #190, #1820 ) ) ;
#4119 = CARTESIAN_POINT ( 'NONE',  ( 0.3816684688103073597, -0.1100000000000000006, -0.01574999999999998623 ) ) ;
#4118 = PRODUCT_DEFINITION ( 'UNKNOWN', '', #7521, #760 ) ;
#4120 = CARTESIAN_POINT ( 'NONE',  ( 1.975934937620615894, -0.05000000000000000278, -0.09999999999999974187 ) ) ;
#4121 = DIRECTION ( 'NONE',  ( -0.0000000000000000000, 1.000000000000000000, -0.0000000000000000000 ) ) ;
#4122 = LINE ( 'NONE', #2936, #7401 ) ;
#4123 = ORIENTED_EDGE ( 'NONE', *, *, #6741, .T. ) ;
#4124 = VERTEX_POINT ( 'NONE', #5998 ) ;
#4125 = DIRECTION ( 'NONE',  ( -0.0000000000000000000, 1.000000000000000000, -0.0000000000000000000 ) ) ;
#4126 = EDGE_LOOP ( 'NONE', ( #3933, #4331, #1626, #223, #1629, #4868, #6093, #4296, #536, #2909, #2802, #6494, #1488, #49, #7231, #5530, #6410, #6984, #6881, #7559, #7619, #2475, #5965, #5050, #579, #2076, #6321, #2522, #6944, #271, #2103, #4948, #3901, #399, #3042, #3956, #7220, #5079, #5245, #19, #6186, #949, #2594, #6105, #5546, #5461, #1495, #7814, #7177, #1107, #2922, #4075, #7568, #5537, #6437, #575, #3492, #2465, #2356, #5313, #3313, #2160, #5661, #6522, #1640, #3241, #7463, #2951, #764, #5615, #4814, #2190, #6347, #5397, #1449, #7511, #984, #3847, #916, #4766, #172, #576, #210, #1036, #3827, #3003, #6766, #1353, #5052, #340, #2024, #4897, #479, #947, #5853, #5646, #3989, #6550, #6796, #1155, #76, #6633, #2327, #2022, #4562, #2540, #6279, #336, #1607, #4237, #2807, #6005, #6307, #6584, #5627, #6436, #2847, #107, #6860, #5284, #5566, #4041, #1891, #5952, #7383, #4741, #1912, #1776, #2533, #7082, #6393, #1636, #7621, #7331, #1731, #5028, #6988, #6445, #7143, #1874, #1286, #6952, #4616, #4492, #2486, #4265, #6681, #4166, #6851, #3371, #5816, #3202, #4215, #4194, #1191, #73, #4644, #494, #3450, #6020, #1661, #6698, #1153, #761 ) ) ;
#4128 = EDGE_CURVE ( 'NONE', #58, #6758, #5399, .T. ) ;
#4127 = DIRECTION ( 'NONE',  ( 0.0000000000000000000, 0.0000000000000000000, -1.000000000000000000 ) ) ;
#4129 = EDGE_CURVE ( 'NONE', #28, #5697, #2375, .T. ) ;
#4130 = DIRECTION ( 'NONE',  ( 1.000000000000000000, 0.0000000000000000000, 0.0000000000000000000 ) ) ;
#4131 = EDGE_LOOP ( 'NONE', ( #1503, #2444, #834, #4097 ) ) ;
#4132 = LINE ( 'NONE', #3536, #7578 ) ;
#4133 = ITEM_DEFINED_TRANSFORMATION ( 'NONE', 'NONE', #6649,  #3340 ) ;
#4134 = LINE ( 'NONE', #1047, #6510 ) ;
#4135 = ORIENTED_EDGE ( 'NONE', *, *, #6404, .T. ) ;
#4136 = ORIENTED_EDGE ( 'NONE', *, *, #7827, .F. ) ;
#4137 = DIRECTION ( 'NONE',  ( -0.7071067811867033370, 0.0000000000000000000, 0.7071067811863916974 ) ) ;
#4138 = ORIENTED_EDGE ( 'NONE', *, *, #3256, .T. ) ;
#4139 = DIRECTION ( 'NONE',  ( -0.0000000000000000000, 1.000000000000000000, -0.0000000000000000000 ) ) ;
#4140 = EDGE_CURVE ( 'NONE', #4506, #7642, #7804, .T. ) ;
#4141 = DIRECTION ( 'NONE',  ( -1.000000000000000000, -0.0000000000000000000, -0.0000000000000000000 ) ) ;
#4142 = CARTESIAN_POINT ( 'NONE',  ( 0.6999990000000000379, -0.05000000000000000278, -0.09999999999999989453 ) ) ;
#4143 = AXIS2_PLACEMENT_3D ( 'NONE', #1786, #3644, #6072 ) ;
#4144 =( REPRESENTATION_RELATIONSHIP ('NONE','NONE', #1567, #7799 ) REPRESENTATION_RELATIONSHIP_WITH_TRANSFORMATION ( #1982 )SHAPE_REPRESENTATION_RELATIONSHIP( ) );
#4145 = ORIENTED_EDGE ( 'NONE', *, *, #6388, .T. ) ;
#4146 = LINE ( 'NONE', #424, #398 ) ;
#4147 = CARTESIAN_POINT ( 'NONE',  ( 0.3445589889964101871, -0.05000000000000000278, -0.1523201783666786047 ) ) ;
#4148 = ORIENTED_EDGE ( 'NONE', *, *, #4008, .F. ) ;
#4149 = DIRECTION ( 'NONE',  ( 0.0000000000000000000, 0.0000000000000000000, -1.000000000000000000 ) ) ;
#4150 = CIRCLE ( 'NONE', #3383, 0.02855000000000052982 ) ;
#4151 = EDGE_CURVE ( 'NONE', #3819, #4414, #3048, .T. ) ;
#4152 = DIRECTION ( 'NONE',  ( -0.0000000000000000000, 1.000000000000000000, -0.0000000000000000000 ) ) ;
#4153 = DIRECTION ( 'NONE',  ( -1.000000000000000000, 0.0000000000000000000, -0.0000000000000000000 ) ) ;
#4154 = AXIS2_PLACEMENT_3D ( 'NONE', #5841, #7777, #7693 ) ;
#4155 = ORIENTED_EDGE ( 'NONE', *, *, #5107, .F. ) ;
#4156 = ADVANCED_FACE ( 'NONE', ( #438 ), #2894, .T. ) ;
#4157 = DIRECTION ( 'NONE',  ( 0.0000000000000000000, 0.0000000000000000000, 1.000000000000000000 ) ) ;
#4158 = ORIENTED_EDGE ( 'NONE', *, *, #245, .T. ) ;
#4159 = DIRECTION ( 'NONE',  ( 1.000000000000000000, 0.0000000000000000000, 0.0000000000000000000 ) ) ;
#4160 = VECTOR ( 'NONE', #3283, 39.37007874015748143 ) ;
#4161 = DIRECTION ( 'NONE',  ( -1.000000000000000000, 0.0000000000000000000, -0.0000000000000000000 ) ) ;
#4162 = LINE ( 'NONE', #2812, #1916 ) ;
#4163 = LINE ( 'NONE', #6583, #7275 ) ;
#4164 = CIRCLE ( 'NONE', #3661, 0.02200000000000174732 ) ;
#4165 = ORIENTED_EDGE ( 'NONE', *, *, #5650, .F. ) ;
#4166 = ORIENTED_EDGE ( 'NONE', *, *, #7150, .F. ) ;
#4167 = LINE ( 'NONE', #6623, #923 ) ;
#4168 = ORIENTED_EDGE ( 'NONE', *, *, #5195, .F. ) ;
#4169 = CARTESIAN_POINT ( 'NONE',  ( 1.275935937620614746, 0.0000000000000000000, -9.478001694819074349E-34 ) ) ;
#4170 = CARTESIAN_POINT ( 'NONE',  ( 0.6379674688103074143, 3.673940397442060153E-19, -0.05000000000000019013 ) ) ;
#4171 = VERTEX_POINT ( 'NONE', #3005 ) ;
#4172 = CARTESIAN_POINT ( 'NONE',  ( 1.937967468810307459, -0.05000000000000000278, -0.05000000000000019013 ) ) ;
#4173 = VECTOR ( 'NONE', #2863, 39.37007874015748143 ) ;
#4174 = ITEM_DEFINED_TRANSFORMATION ( 'NONE', 'NONE', #6143,  #3340 ) ;
#4176 = EDGE_CURVE ( 'NONE', #4911, #5408, #5278, .T. ) ;
#4175 = CARTESIAN_POINT ( 'NONE',  ( 0.0000000000000000000, 0.0000000000000000000, 0.0000000000000000000 ) ) ;
#4177 = EDGE_CURVE ( 'NONE', #4901, #4959, #5436, .T. ) ;
#4178 = ORIENTED_EDGE ( 'NONE', *, *, #413, .F. ) ;
#4179 = ORIENTED_EDGE ( 'NONE', *, *, #4540, .T. ) ;
#4180 = CARTESIAN_POINT ( 'NONE',  ( 0.8942664688103074688, -0.05000000000000000278, -0.01574999999999998623 ) ) ;
#4181 = ORIENTED_EDGE ( 'NONE', *, *, #6835, .T. ) ;
#4182 = CARTESIAN_POINT ( 'NONE',  ( 0.0000000000000000000, 0.0000000000000000000, 0.0000000000000000000 ) ) ;
#4183 = CYLINDRICAL_SURFACE ( 'NONE', #5849, 0.008999999999999484107 ) ;
#4184 =( CONVERSION_BASED_UNIT ( 'INCH', #2441 ) LENGTH_UNIT ( ) NAMED_UNIT ( #5063 ) );
#4185 = AXIS2_PLACEMENT_3D ( 'NONE', #2262, #3613, #6039 ) ;
#4186 = VERTEX_POINT ( 'NONE', #7726 ) ;
#4187 = DIRECTION ( 'NONE',  ( 0.0000000000000000000, 0.0000000000000000000, 1.000000000000000000 ) ) ;
#4188 = CARTESIAN_POINT ( 'NONE',  ( 0.1460000000000004350, 0.0000000000000000000, 0.02800000000000090264 ) ) ;
#4189 = VERTEX_POINT ( 'NONE', #518 ) ;
#4190 = CARTESIAN_POINT ( 'NONE',  ( 1.537967468810307325, 3.673940397442060153E-19, -0.05000000000000019013 ) ) ;
#4191 = CARTESIAN_POINT ( 'NONE',  ( 1.881668468810307582, -0.1100000000000000006, -0.01574999999999998623 ) ) ;
#4192 = AXIS2_PLACEMENT_3D ( 'NONE', #3757, #5552, #4389 ) ;
#4193 = EDGE_CURVE ( 'NONE', #6137, #5121, #6505, .T. ) ;
#4194 = ORIENTED_EDGE ( 'NONE', *, *, #1734, .F. ) ;
#4195 = AXIS2_PLACEMENT_3D ( 'NONE', #6992, #1563, #296 ) ;
#4196 = PLANE ( 'NONE',  #36 ) ;
#4197 = ORIENTED_EDGE ( 'NONE', *, *, #3510, .F. ) ;
#4198 = FACE_OUTER_BOUND ( 'NONE', #4845, .T. ) ;
#4199 = DIRECTION ( 'NONE',  ( -1.000000000000000000, 0.0000000000000000000, 1.355298456929802892E-15 ) ) ;
#4200 = CARTESIAN_POINT ( 'NONE',  ( 0.0000000000000000000, -0.05000000000000000278, 0.0000000000000000000 ) ) ;
#4201 = VECTOR ( 'NONE', #3616, 39.37007874015748143 ) ;
#4202 = ADVANCED_FACE ( 'NONE', ( #2295 ), #594, .F. ) ;
#4203 = ORIENTED_EDGE ( 'NONE', *, *, #1668, .F. ) ;
#4204 = CARTESIAN_POINT ( 'NONE',  ( 0.1710000000000004572, 3.429011037612699639E-18, -0.02800000000000090264 ) ) ;
#4205 = VECTOR ( 'NONE', #3155, 39.37007874015748143 ) ;
#4206 = FACE_BOUND ( 'NONE', #5781, .T. ) ;
#4207 = VERTEX_POINT ( 'NONE', #4837 ) ;
#4208 = DIRECTION ( 'NONE',  ( 0.0000000000000000000, 0.0000000000000000000, 1.000000000000000000 ) ) ;
#4209 = FACE_OUTER_BOUND ( 'NONE', #6273, .T. ) ;
#4210 = CARTESIAN_POINT ( 'NONE',  ( 0.4379674688103074032, 3.673940397442060153E-19, -0.05000000000000019013 ) ) ;
#4211 = CARTESIAN_POINT ( 'NONE',  ( 0.9942664688103074466, -0.1100000000000000006, -0.08424999999999957523 ) ) ;
#4212 = AXIS2_PLACEMENT_3D ( 'NONE', #5608, #763, #3183 ) ;
#4213 = DIRECTION ( 'NONE',  ( -1.000000000000000000, 0.0000000000000000000, -7.776898252968647801E-17 ) ) ;
#4214 = ORIENTED_EDGE ( 'NONE', *, *, #6028, .F. ) ;
#4215 = ORIENTED_EDGE ( 'NONE', *, *, #2886, .F. ) ;
#4216 =( CONVERSION_BASED_UNIT ( 'INCH', #6560 ) LENGTH_UNIT ( ) NAMED_UNIT ( #2018 ) );
#4217 = ORIENTED_EDGE ( 'NONE', *, *, #5907, .T. ) ;
#4218 = LINE ( 'NONE', #7116, #7436 ) ;
#4219 =( LENGTH_UNIT ( ) NAMED_UNIT ( * ) SI_UNIT ( $, .METRE. ) );
#4220 = VECTOR ( 'NONE', #3291, 39.37007874015748143 ) ;
#4221 = EDGE_CURVE ( 'NONE', #873, #4695, #7250, .T. ) ;
#4222 =( NAMED_UNIT ( * ) SI_UNIT ( $, .STERADIAN. ) SOLID_ANGLE_UNIT ( ) );
#4223 = CIRCLE ( 'NONE', #2698, 0.02855000000000052982 ) ;
#4224 = ORIENTED_EDGE ( 'NONE', *, *, #565, .F. ) ;
#4225 = CARTESIAN_POINT ( 'NONE',  ( 1.199999000000000260, -0.1100000000000000006, -0.09999999999999989453 ) ) ;
#4226 = LINE ( 'NONE', #1848, #3074 ) ;
#4227 = ORIENTED_EDGE ( 'NONE', *, *, #6523, .T. ) ;
#4228 = DIRECTION ( 'NONE',  ( 0.3420201433256662704, -0.0000000000000000000, 0.9396926207859092051 ) ) ;
#4229 = EDGE_CURVE ( 'NONE', #7773, #3905, #5361, .T. ) ;
#4230 = EDGE_CURVE ( 'NONE', #329, #5213, #4680, .T. ) ;
#4231 = DIRECTION ( 'NONE',  ( -0.0000000000000000000, 0.0000000000000000000, -1.000000000000000000 ) ) ;
#4232 = VECTOR ( 'NONE', #2908, 39.37007874015748143 ) ;
#4233 = VERTEX_POINT ( 'NONE', #7137 ) ;
#4234 = PRODUCT_DEFINITION_SHAPE ( 'NONE', 'NONE',  #7840 ) ;
#4235 = VECTOR ( 'NONE', #5138, 39.37007874015748854 ) ;
#4236 = DIRECTION ( 'NONE',  ( -0.0000000000000000000, 1.000000000000000000, -0.0000000000000000000 ) ) ;
#4237 = ORIENTED_EDGE ( 'NONE', *, *, #4790, .F. ) ;
#4238 = LINE ( 'NONE', #1263, #4029 ) ;
#4239 = EDGE_CURVE ( 'NONE', #4783, #2413, #1703, .T. ) ;
#4240 = DIRECTION ( 'NONE',  ( -1.000000000000000000, 0.0000000000000000000, -7.776898252968647801E-17 ) ) ;
#4241 = CARTESIAN_POINT ( 'NONE',  ( 0.9999990000000001933, 0.0000000000000000000, 0.0000000000000000000 ) ) ;
#4242 = AXIS2_PLACEMENT_3D ( 'NONE', #3928, #449, #6396 ) ;
#4243 = ORIENTED_EDGE ( 'NONE', *, *, #5467, .F. ) ;
#4244 = DIRECTION ( 'NONE',  ( -0.0000000000000000000, 1.000000000000000000, -0.0000000000000000000 ) ) ;
#4245 = VERTEX_POINT ( 'NONE', #1109 ) ;
#4246 = CARTESIAN_POINT ( 'NONE',  ( -0.03066449223692707671, -0.05000000000000000278, -0.08424999999999764622 ) ) ;
#4247 = ADVANCED_FACE ( 'NONE', ( #3526 ), #2340, .F. ) ;
#4248 = CARTESIAN_POINT ( 'NONE',  ( 1.637967468810307414, 3.673940397442060153E-19, -0.07855000000000071647 ) ) ;
#4249 = FACE_OUTER_BOUND ( 'NONE', #3755, .T. ) ;
#4250 = DIRECTION ( 'NONE',  ( -0.3420201433256720991, 0.0000000000000000000, 0.9396926207859070956 ) ) ;
#4251 = CONTEXT_DEPENDENT_SHAPE_REPRESENTATION ( #2825, #6403 ) ;
#4252 = PRODUCT_DEFINITION_CONTEXT ( 'detailed design', #6316, 'design' ) ;
#4253 = CARTESIAN_POINT ( 'NONE',  ( -0.01203253118969264436, -0.05000000000000000278, -0.08424999999999989442 ) ) ;
#4254 = EDGE_LOOP ( 'NONE', ( #1546, #5973, #6829, #3804 ) ) ;
#4255 = ORIENTED_EDGE ( 'NONE', *, *, #6853, .T. ) ;
#4256 = LINE ( 'NONE', #1244, #2321 ) ;
#4257 = EDGE_LOOP ( 'NONE', ( #7429, #7811, #1557, #4630 ) ) ;
#4258 = CARTESIAN_POINT ( 'NONE',  ( 0.1759359376206146575, -0.1100000000000000006, -0.09999999999999989453 ) ) ;
#4259 = EDGE_CURVE ( 'NONE', #1009, #6398, #6841, .T. ) ;
#4260 = PLANE ( 'NONE',  #1514 ) ;
#4261 = VERTEX_POINT ( 'NONE', #3679 ) ;
#4262 = ORIENTED_EDGE ( 'NONE', *, *, #700, .T. ) ;
#4263 = CARTESIAN_POINT ( 'NONE',  ( 0.7942664688103074910, -0.05000000000000000278, -0.08424999999999957523 ) ) ;
#4264 = LINE ( 'NONE', #6680, #5862 ) ;
#4265 = ORIENTED_EDGE ( 'NONE', *, *, #1428, .F. ) ;
#4266 = CARTESIAN_POINT ( 'NONE',  ( 0.8759359376206147241, -0.1100000000000000006, -0.09999999999999989453 ) ) ;
#4267 = CARTESIAN_POINT ( 'NONE',  ( 0.6816684688103075151, 0.0000000000000000000, -0.08424999999999954747 ) ) ;
#4268 = ADVANCED_FACE ( 'NONE', ( #750 ), #7369, .F. ) ;
#4269 = ORIENTED_EDGE ( 'NONE', *, *, #5726, .T. ) ;
#4270 = EDGE_CURVE ( 'NONE', #5389, #3872, #4879, .T. ) ;
#4271 = CIRCLE ( 'NONE', #2371, 0.02855000000000052982 ) ;
#4272 = CARTESIAN_POINT ( 'NONE',  ( 0.5942664688103074244, -0.05000000000000000278, -0.01574999999999998623 ) ) ;
#4273 = ORIENTED_EDGE ( 'NONE', *, *, #7601, .T. ) ;
#4274 = DIRECTION ( 'NONE',  ( 0.0000000000000000000, 0.0000000000000000000, 1.000000000000000000 ) ) ;
#4275 = DIRECTION ( 'NONE',  ( 0.3420201433256845891, 0.0000000000000000000, -0.9396926207859025437 ) ) ;
#4276 = VECTOR ( 'NONE', #846, 39.37007874015748143 ) ;
#4277 = ADVANCED_FACE ( 'NONE', ( #7291 ), #6807, .T. ) ;
#4278 = ORIENTED_EDGE ( 'NONE', *, *, #5859, .F. ) ;
#4279 = CONICAL_SURFACE ( 'NONE', #5303, 0.02599999999999999534, 0.2617993877991512952 ) ;
#4280 = DIRECTION ( 'NONE',  ( 1.000000000000000000, 0.0000000000000000000, -0.0000000000000000000 ) ) ;
#4281 = CARTESIAN_POINT ( 'NONE',  ( 1.475935937620614702, 0.0000000000000000000, -0.09999999999999989453 ) ) ;
#4282 = ORIENTED_EDGE ( 'NONE', *, *, #3547, .T. ) ;
#4283 = PLANE ( 'NONE',  #7697 ) ;
#4284 = CARTESIAN_POINT ( 'NONE',  ( 1.975934937620615894, 0.0000000000000000000, -0.09999999999999974187 ) ) ;
#4285 = FACE_OUTER_BOUND ( 'NONE', #5178, .T. ) ;
#4286 = DIRECTION ( 'NONE',  ( 7.776898252968646568E-17, 0.0000000000000000000, -1.000000000000000000 ) ) ;
#4287 = ITEM_DEFINED_TRANSFORMATION ( 'NONE', 'NONE', #443,  #3340 ) ;
#4288 = ADVANCED_FACE ( 'NONE', ( #5024 ), #1896, .T. ) ;
#4289 = VECTOR ( 'NONE', #4846, 39.37007874015748143 ) ;
#4290 = CARTESIAN_POINT ( 'NONE',  ( -1.600692183787654153E-17, -0.05000000000000000278, -0.09999999999999989453 ) ) ;
#4291 = EDGE_CURVE ( 'NONE', #2699, #6548, #7476, .T. ) ;
#4292 = ORIENTED_EDGE ( 'NONE', *, *, #858, .F. ) ;
#4293 = EDGE_LOOP ( 'NONE', ( #2056, #6327, #6773, #4273 ) ) ;
#4294 =( REPRESENTATION_RELATIONSHIP ('NONE','NONE', #1567, #7799 ) REPRESENTATION_RELATIONSHIP_WITH_TRANSFORMATION ( #6667 )SHAPE_REPRESENTATION_RELATIONSHIP( ) );
#4295 = CARTESIAN_POINT ( 'NONE',  ( 0.8523568463003442508, -0.05000000000000000278, 0.3056434834494604624 ) ) ;
#4296 = ORIENTED_EDGE ( 'NONE', *, *, #5727, .F. ) ;
#4297 = LINE ( 'NONE', #89, #4914 ) ;
#4298 = VECTOR ( 'NONE', #1414, 39.37007874015748143 ) ;
#4299 = CARTESIAN_POINT ( 'NONE',  ( 0.1821961524227070084, 3.184081677783118222E-18, -0.02599999999999999534 ) ) ;
#4300 = EDGE_LOOP ( 'NONE', ( #415, #2624, #3219, #94 ) ) ;
#4301 = FACE_OUTER_BOUND ( 'NONE', #6770, .T. ) ;
#4302 = VECTOR ( 'NONE', #922, 39.37007874015748143 ) ;
#4303 = EDGE_CURVE ( 'NONE', #7410, #6121, #5516, .T. ) ;
#4304 = ORIENTED_EDGE ( 'NONE', *, *, #407, .T. ) ;
#4305 = FACE_OUTER_BOUND ( 'NONE', #7355, .T. ) ;
#4306 = DIRECTION ( 'NONE',  ( 7.776898252968646568E-17, 0.0000000000000000000, -1.000000000000000000 ) ) ;
#4307 = EDGE_LOOP ( 'NONE', ( #37, #2346, #2739, #7025 ) ) ;
#4308 = FACE_OUTER_BOUND ( 'NONE', #5171, .T. ) ;
#4309 = CARTESIAN_POINT ( 'NONE',  ( 1.437967468810307237, -0.05000000000000000278, -0.02144999999999967072 ) ) ;
#4310 = AXIS2_PLACEMENT_3D ( 'NONE', #59, #772, #6719 ) ;
#4311 = VERTEX_POINT ( 'NONE', #713 ) ;
#4312 = CARTESIAN_POINT ( 'NONE',  ( 1.881668468810307582, -0.1100000000000000006, -0.01574999999999998623 ) ) ;
#4313 = VECTOR ( 'NONE', #5831, 39.37007874015748143 ) ;
#4314 = EDGE_LOOP ( 'NONE', ( #7228, #3540, #3824, #3543, #6521 ) ) ;
#4315 = CARTESIAN_POINT ( 'NONE',  ( 0.7942664688103074910, 0.0000000000000000000, -0.01574999999999998623 ) ) ;
#4316 = CARTESIAN_POINT ( 'NONE',  ( 1.975934937620615894, -0.05000000000000000278, -0.09999999999999974187 ) ) ;
#4317 = EDGE_CURVE ( 'NONE', #6776, #1484, #7361, .T. ) ;
#4318 = EDGE_CURVE ( 'NONE', #5048, #2237, #6222, .T. ) ;
#4319 = VECTOR ( 'NONE', #2973, 39.37007874015748143 ) ;
#4320 = ORIENTED_EDGE ( 'NONE', *, *, #3086, .F. ) ;
#4321 = CYLINDRICAL_SURFACE ( 'NONE', #4143, 0.03600000000000147526 ) ;
#4322 = DIRECTION ( 'NONE',  ( -0.0000000000000000000, 1.000000000000000000, -0.0000000000000000000 ) ) ;
#4323 = ORIENTED_EDGE ( 'NONE', *, *, #4518, .T. ) ;
#4324 = FACE_OUTER_BOUND ( 'NONE', #6861, .T. ) ;
#4325 = CARTESIAN_POINT ( 'NONE',  ( 0.3379674688103073699, -0.05000000000000000278, -0.02144999999999967072 ) ) ;
#4326 = FACE_OUTER_BOUND ( 'NONE', #3143, .T. ) ;
#4327 = VECTOR ( 'NONE', #6799, 39.37007874015748143 ) ;
#4328 = ADVANCED_FACE ( 'NONE', ( #6733 ), #632, .F. ) ;
#4329 = CARTESIAN_POINT ( 'NONE',  ( 0.1788457063690702953, -0.05000000000000000278, -0.09200547606778332332 ) ) ;
#4330 = CIRCLE ( 'NONE', #2167, 0.02855000000000052288 ) ;
#4331 = ORIENTED_EDGE ( 'NONE', *, *, #3040, .F. ) ;
#4332 = ORIENTED_EDGE ( 'NONE', *, *, #6007, .F. ) ;
#4333 = FACE_OUTER_BOUND ( 'NONE', #2302, .T. ) ;
#4334 = VERTEX_POINT ( 'NONE', #3127 ) ;
#4335 = DIRECTION ( 'NONE',  ( -0.0000000000000000000, 1.000000000000000000, -0.0000000000000000000 ) ) ;
#4336 = CARTESIAN_POINT ( 'NONE',  ( 1.481668468810307449, 0.0000000000000000000, -0.08424999999999954747 ) ) ;
#4337 = DIRECTION ( 'NONE',  ( -0.0000000000000000000, 1.000000000000000000, -0.0000000000000000000 ) ) ;
#4338 = ADVANCED_FACE ( 'NONE', ( #3204 ), #6772, .F. ) ;
#4339 = DIRECTION ( 'NONE',  ( 0.0000000000000000000, 0.0000000000000000000, 1.000000000000000000 ) ) ;
#4340 = VECTOR ( 'NONE', #703, 39.37007874015748143 ) ;
#4341 = ORIENTED_EDGE ( 'NONE', *, *, #2737, .F. ) ;
#4342 = CARTESIAN_POINT ( 'NONE',  ( 1.575935937620614791, 0.0000000000000000000, -0.09999999999999989453 ) ) ;
#4343 = VECTOR ( 'NONE', #6272, 39.37007874015748854 ) ;
#4344 = DIRECTION ( 'NONE',  ( 1.000000000000000000, 0.0000000000000000000, 0.0000000000000000000 ) ) ;
#4345 = ORIENTED_EDGE ( 'NONE', *, *, #7443, .F. ) ;
#4346 = DIRECTION ( 'NONE',  ( -0.0000000000000000000, 1.000000000000000000, -0.0000000000000000000 ) ) ;
#4347 = EDGE_CURVE ( 'NONE', #6271, #5769, #1935, .T. ) ;
#4348 = LINE ( 'NONE', #5508, #2298 ) ;
#4349 = VECTOR ( 'NONE', #635, 39.37007874015748143 ) ;
#4350 = VERTEX_POINT ( 'NONE', #6183 ) ;
#4351 = DIRECTION ( 'NONE',  ( 0.3420201433256664370, -0.0000000000000000000, 0.9396926207859092051 ) ) ;
#4352 = VECTOR ( 'NONE', #6, 39.37007874015748854 ) ;
#4353 = ORIENTED_EDGE ( 'NONE', *, *, #2460, .F. ) ;
#4354 = LINE ( 'NONE', #2414, #5555 ) ;
#4355 = DIRECTION ( 'NONE',  ( -0.0000000000000000000, 1.000000000000000000, -0.0000000000000000000 ) ) ;
#4356 = VECTOR ( 'NONE', #5918, 39.37007874015748143 ) ;
#4357 = EDGE_LOOP ( 'NONE', ( #4138, #1768, #4915, #5189 ) ) ;
#4358 = EDGE_LOOP ( 'NONE', ( #2217, #7552, #3572, #6910 ) ) ;
#4359 = LINE ( 'NONE', #791, #2451 ) ;
#4360 = ORIENTED_EDGE ( 'NONE', *, *, #608, .F. ) ;
#4361 = CARTESIAN_POINT ( 'NONE',  ( 0.9379674688103074587, 0.0000000000000000000, -0.05000000000000019013 ) ) ;
#4362 = LINE ( 'NONE', #6155, #3168 ) ;
#4363 = ORIENTED_EDGE ( 'NONE', *, *, #5639, .T. ) ;
#4364 = CARTESIAN_POINT ( 'NONE',  ( 1.137967468810307414, -0.05000000000000000278, -0.05000000000000019013 ) ) ;
#4365 = DIRECTION ( 'NONE',  ( 1.000000000000000000, 0.0000000000000000000, 0.0000000000000000000 ) ) ;
#4366 = EDGE_CURVE ( 'NONE', #2306, #3341, #3167, .T. ) ;
#4367 = ORIENTED_EDGE ( 'NONE', *, *, #6033, .F. ) ;
#4368 = EDGE_CURVE ( 'NONE', #7599, #7214, #531, .T. ) ;
#4369 = ORIENTED_EDGE ( 'NONE', *, *, #7706, .T. ) ;
#4370 = CARTESIAN_POINT ( 'NONE',  ( 0.6379674688103074143, -0.05000000000000000278, -0.05000000000000019013 ) ) ;
#4371 = ORIENTED_EDGE ( 'NONE', *, *, #3007, .F. ) ;
#4372 = DIRECTION ( 'NONE',  ( 1.000000000000000000, 0.0000000000000000000, 3.387708325476583695E-16 ) ) ;
#4373 = CARTESIAN_POINT ( 'NONE',  ( 0.6942664688103074022, 0.0000000000000000000, -0.08424999999999957523 ) ) ;
#4374 = DIRECTION ( 'NONE',  ( 0.0000000000000000000, 0.0000000000000000000, 1.000000000000000000 ) ) ;
#4375 = CARTESIAN_POINT ( 'NONE',  ( 0.7379674688103079472, 0.1460000000000002129, -0.05000000000000016931 ) ) ;
#4376 = ORIENTED_EDGE ( 'NONE', *, *, #2613, .F. ) ;
#4377 = ADVANCED_FACE ( 'NONE', ( #33 ), #1859, .T. ) ;
#4378 = DIRECTION ( 'NONE',  ( 0.3420201433256663259, 0.0000000000000000000, 0.9396926207859092051 ) ) ;
#4379 = LINE ( 'NONE', #5132, #2560 ) ;
#4380 = ORIENTED_EDGE ( 'NONE', *, *, #1898, .F. ) ;
#4381 = CARTESIAN_POINT ( 'NONE',  ( 0.6942664688103074022, 0.0000000000000000000, -0.08424999999999957523 ) ) ;
#4382 = LINE ( 'NONE', #6099, #2801 ) ;
#4383 = CARTESIAN_POINT ( 'NONE',  ( 1.794266468810307602, 0.0000000000000000000, -0.08424999999999957523 ) ) ;
#4384 = ORIENTED_EDGE ( 'NONE', *, *, #7309, .T. ) ;
#4385 = EDGE_CURVE ( 'NONE', #2745, #7142, #1376, .T. ) ;
#4386 = FACE_BOUND ( 'NONE', #3923, .T. ) ;
#4387 = VERTEX_POINT ( 'NONE', #1451 ) ;
#4388 = DIRECTION ( 'NONE',  ( 0.0000000000000000000, 0.0000000000000000000, 1.000000000000000000 ) ) ;
#4389 = DIRECTION ( 'NONE',  ( 1.000000000000000000, 0.0000000000000000000, -1.355298456929802892E-15 ) ) ;
#4390 = AXIS2_PLACEMENT_3D ( 'NONE', #4957, #2379, #7373 ) ;
#4391 = ADVANCED_FACE ( 'NONE', ( #6846 ), #6376, .F. ) ;
#4392 = CARTESIAN_POINT ( 'NONE',  ( 1.194266468810307513, 0.0000000000000000000, -0.01574999999999998623 ) ) ;
#4393 = PLANE ( 'NONE',  #4093 ) ;
#4394 = ORIENTED_EDGE ( 'NONE', *, *, #3181, .T. ) ;
#4395 = LINE ( 'NONE', #2095, #3775 ) ;
#4396 = VECTOR ( 'NONE', #4818, 39.37007874015748143 ) ;
#4397 = LINE ( 'NONE', #7412, #5583 ) ;
#4398 = CARTESIAN_POINT ( 'NONE',  ( 1.137967468810307414, 3.673940397442060153E-19, -0.07855000000000071647 ) ) ;
#4399 = PLANE ( 'NONE',  #3570 ) ;
#4400 = VECTOR ( 'NONE', #6201, 39.37007874015748143 ) ;
#4401 = ORIENTED_EDGE ( 'NONE', *, *, #5778, .F. ) ;
#4402 = ORIENTED_EDGE ( 'NONE', *, *, #1099, .F. ) ;
#4403 = LINE ( 'NONE', #51, #3710 ) ;
#4404 = EDGE_LOOP ( 'NONE', ( #4030, #570, #752, #4044 ) ) ;
#4405 = DIRECTION ( 'NONE',  ( 0.0000000000000000000, 0.0000000000000000000, 1.000000000000000000 ) ) ;
#4406 = CARTESIAN_POINT ( 'NONE',  ( 1.975934937620615894, -0.05000000000000000278, -0.09999999999999974187 ) ) ;
#4407 = CARTESIAN_POINT ( 'NONE',  ( -0.01203253118969264436, 0.0000000000000000000, -0.01574999999999999664 ) ) ;
#4408 = AXIS2_PLACEMENT_3D ( 'NONE', #3957, #3798, #950 ) ;
#4409 = ADVANCED_FACE ( 'NONE', ( #382 ), #5703, .T. ) ;
#4410 = EDGE_LOOP ( 'NONE', ( #428, #1427, #1791, #744 ) ) ;
#4411 = VECTOR ( 'NONE', #7615, 39.37007874015748143 ) ;
#4412 = DIRECTION ( 'NONE',  ( -0.0000000000000000000, 1.000000000000000000, -0.0000000000000000000 ) ) ;
#4413 = CARTESIAN_POINT ( 'NONE',  ( 0.6759359376206146575, -0.1100000000000000006, -9.478001694819074349E-34 ) ) ;
#4414 = VERTEX_POINT ( 'NONE', #1415 ) ;
#4415 = LINE ( 'NONE', #3820, #93 ) ;
#4416 = CARTESIAN_POINT ( 'NONE',  ( -0.005732531189692643449, -0.05000000000000000278, -0.08424999999999989442 ) ) ;
#4417 = FACE_OUTER_BOUND ( 'NONE', #1138, .T. ) ;
#4418 = ADVANCED_FACE ( 'NONE', ( #345 ), #1534, .T. ) ;
#4419 = AXIS2_PLACEMENT_3D ( 'NONE', #4600, #6895, #1423 ) ;
#4420 = EDGE_CURVE ( 'NONE', #1164, #5585, #6887, .T. ) ;
#4421 = VERTEX_POINT ( 'NONE', #904 ) ;
#4422 = CARTESIAN_POINT ( 'NONE',  ( 1.294266468810307380, 0.0000000000000000000, -0.01574999999999998623 ) ) ;
#4423 = ORIENTED_EDGE ( 'NONE', *, *, #1943, .T. ) ;
#4424 = DIRECTION ( 'NONE',  ( -0.0000000000000000000, 1.000000000000000000, -0.0000000000000000000 ) ) ;
#4425 = CARTESIAN_POINT ( 'NONE',  ( -0.03066449223692698303, -0.05000000000000000278, -0.01574999999999998623 ) ) ;
#4426 = EDGE_CURVE ( 'NONE', #2047, #3152, #982, .T. ) ;
#4427 = PRODUCT_DEFINITION_SHAPE ( 'NONE', 'NONE',  #7837 ) ;
#4428 = VECTOR ( 'NONE', #315, 39.37007874015748143 ) ;
#4429 = DIRECTION ( 'NONE',  ( -0.0000000000000000000, 1.000000000000000000, -0.0000000000000000000 ) ) ;
#4430 = VERTEX_POINT ( 'NONE', #266 ) ;
#4431 = DIRECTION ( 'NONE',  ( -0.0000000000000000000, 1.000000000000000000, -0.0000000000000000000 ) ) ;
#4432 = LINE ( 'NONE', #2499, #130 ) ;
#4433 = CARTESIAN_POINT ( 'NONE',  ( 0.2910000000000024234, 1.102182119232534172E-18, -0.008999999999999149305 ) ) ;
#4434 = CARTESIAN_POINT ( 'NONE',  ( 0.2910000000000024234, 0.0000000000000000000, 0.0000000000000000000 ) ) ;
#4435 = ADVANCED_FACE ( 'NONE', ( #5066 ), #1575, .F. ) ;
#4436 = CONTEXT_DEPENDENT_SHAPE_REPRESENTATION ( #4144, #318 ) ;
#4437 = VECTOR ( 'NONE', #1073, 39.37007874015748143 ) ;
#4438 = VECTOR ( 'NONE', #1173, 39.37007874015748143 ) ;
#4439 = VERTEX_POINT ( 'NONE', #3951 ) ;
#4440 = ORIENTED_EDGE ( 'NONE', *, *, #7613, .T. ) ;
#4441 = CIRCLE ( 'NONE', #268, 0.02855000000000052288 ) ;
#4442 = PLANE ( 'NONE',  #790 ) ;
#4443 = ORIENTED_EDGE ( 'NONE', *, *, #1898, .T. ) ;
#4444 = VECTOR ( 'NONE', #4934, 39.37007874015748143 ) ;
#4445 = DIRECTION ( 'NONE',  ( 0.0000000000000000000, 0.0000000000000000000, 1.000000000000000000 ) ) ;
#4446 = CARTESIAN_POINT ( 'NONE',  ( 0.7379674688103073921, 0.0000000000000000000, -0.05000000000000019013 ) ) ;
#4447 = DIRECTION ( 'NONE',  ( -0.0000000000000000000, 1.000000000000000000, -0.0000000000000000000 ) ) ;
#4448 = CARTESIAN_POINT ( 'NONE',  ( 0.9379674688103080138, 0.1460000000000002129, -0.05000000000000016931 ) ) ;
#4449 = VECTOR ( 'NONE', #1501, 39.37007874015748143 ) ;
#4450 = DIMENSIONAL_EXPONENTS ( 1.000000000000000000, 0.0000000000000000000, 0.0000000000000000000, 0.0000000000000000000, 0.0000000000000000000, 0.0000000000000000000, 0.0000000000000000000 ) ;
#4451 = VERTEX_POINT ( 'NONE', #3395 ) ;
#4452 = EDGE_LOOP ( 'NONE', ( #2912, #4793 ) ) ;
#4453 = CARTESIAN_POINT ( 'NONE',  ( 1.975934937620615894, -0.05000000000000000278, -0.09999999999999974187 ) ) ;
#4454 = ORIENTED_EDGE ( 'NONE', *, *, #3566, .F. ) ;
#4455 = PRODUCT_DEFINITION ( 'UNKNOWN', '', #7785, #4252 ) ;
#4456 = CARTESIAN_POINT ( 'NONE',  ( 1.293867957080090614, -0.05000000000000000278, 0.4663403858710933880 ) ) ;
#4457 = ADVANCED_FACE ( 'NONE', ( #5783 ), #2686, .F. ) ;
#4458 = CARTESIAN_POINT ( 'NONE',  ( 0.5816684688103074263, -0.05000000000000000278, -0.01574999999999998623 ) ) ;
#4459 = AXIS2_PLACEMENT_3D ( 'NONE', #4453, #6281, #1962 ) ;
#4460 = CARTESIAN_POINT ( 'NONE',  ( 0.4942664688103074466, -0.1100000000000000006, -0.01574999999999998623 ) ) ;
#4461 = DIRECTION ( 'NONE',  ( 7.776898252968646568E-17, 0.0000000000000000000, -1.000000000000000000 ) ) ;
#4462 = AXIS2_PLACEMENT_3D ( 'NONE', #369, #2788, #5212 ) ;
#4463 = ORIENTED_EDGE ( 'NONE', *, *, #81, .T. ) ;
#4464 = DIRECTION ( 'NONE',  ( 0.3420201433256638834, 0.0000000000000000000, -0.9396926207859100932 ) ) ;
#4465 = DIRECTION ( 'NONE',  ( -0.3420201433256638834, 0.0000000000000000000, 0.9396926207859100932 ) ) ;
#4466 = EDGE_CURVE ( 'NONE', #5798, #2202, #7594, .T. ) ;
#4467 = EDGE_CURVE ( 'NONE', #6037, #2270, #2166, .T. ) ;
#4468 = ORIENTED_EDGE ( 'NONE', *, *, #4270, .T. ) ;
#4469 = CARTESIAN_POINT ( 'NONE',  ( 1.081668468810307537, 0.0000000000000000000, -0.01574999999999998623 ) ) ;
#4470 = CARTESIAN_POINT ( 'NONE',  ( 1.781668468810307493, 0.0000000000000000000, -0.08424999999999954747 ) ) ;
#4471 = VECTOR ( 'NONE', #2487, 39.37007874015748143 ) ;
#4472 = DIRECTION ( 'NONE',  ( 0.0000000000000000000, 0.0000000000000000000, 1.000000000000000000 ) ) ;
#4473 = CIRCLE ( 'NONE', #2332, 0.02855000000000052288 ) ;
#4474 = EDGE_CURVE ( 'NONE', #4531, #7189, #3991, .T. ) ;
#4475 = LINE ( 'NONE', #3955, #5623 ) ;
#4476 = VERTEX_POINT ( 'NONE', #6922 ) ;
#4477 = FACE_OUTER_BOUND ( 'NONE', #4956, .T. ) ;
#4478 = DIRECTION ( 'NONE',  ( -0.0000000000000000000, 1.000000000000000000, -0.0000000000000000000 ) ) ;
#4479 = CARTESIAN_POINT ( 'NONE',  ( 0.0000000000000000000, -0.05000000000000000278, 0.0000000000000000000 ) ) ;
#4480 = FACE_OUTER_BOUND ( 'NONE', #4300, .T. ) ;
#4481 = VECTOR ( 'NONE', #4059, 39.37007874015748854 ) ;
#4482 = ORIENTED_EDGE ( 'NONE', *, *, #5846, .T. ) ;
#4484 = EDGE_CURVE ( 'NONE', #3144, #5576, #823, .T. ) ;
#4483 = ORIENTED_EDGE ( 'NONE', *, *, #3594, .F. ) ;
#4485 = VECTOR ( 'NONE', #5129, 39.37007874015748854 ) ;
#4486 = DIRECTION ( 'NONE',  ( -0.0000000000000000000, 1.000000000000000000, -0.0000000000000000000 ) ) ;
#4487 = ORIENTED_EDGE ( 'NONE', *, *, #3876, .T. ) ;
#4488 = CARTESIAN_POINT ( 'NONE',  ( 1.299999000000000127, -0.1100000000000000006, -0.09999999999999989453 ) ) ;
#4489 = CARTESIAN_POINT ( 'NONE',  ( 1.675935937620614880, -0.05000000000000000278, -9.478001694819074349E-34 ) ) ;
#4490 = DIRECTION ( 'NONE',  ( 0.3420201433256845891, 0.0000000000000000000, -0.9396926207859025437 ) ) ;
#4491 = CARTESIAN_POINT ( 'NONE',  ( 0.1379674688103078306, 0.1460000000000002129, -0.05000000000000016931 ) ) ;
#4492 = ORIENTED_EDGE ( 'NONE', *, *, #3399, .F. ) ;
#4494 = EDGE_CURVE ( 'NONE', #3323, #2366, #5668, .T. ) ;
#4493 = ORIENTED_EDGE ( 'NONE', *, *, #7677, .T. ) ;
#4495 = DIRECTION ( 'NONE',  ( -0.0000000000000000000, 1.000000000000000000, -0.0000000000000000000 ) ) ;
#4496 = VERTEX_POINT ( 'NONE', #2125 ) ;
#4497 = LINE ( 'NONE', #5809, #2497 ) ;
#4498 = LINE ( 'NONE', #1479, #3721 ) ;
#4499 = PRODUCT_DEFINITION_SHAPE ( 'NONE', 'NONE',  #4118 ) ;
#4500 = LINE ( 'NONE', #3268, #5207 ) ;
#4501 = CARTESIAN_POINT ( 'NONE',  ( 1.039852452296792684, -0.05000000000000000278, 0.3738863030878810667 ) ) ;
#4502 = ORIENTED_EDGE ( 'NONE', *, *, #3609, .F. ) ;
#4503 = DIRECTION ( 'NONE',  ( 7.776898252968646568E-17, 0.0000000000000000000, -1.000000000000000000 ) ) ;
#4504 = DIRECTION ( 'NONE',  ( 0.0000000000000000000, 0.0000000000000000000, -1.000000000000000000 ) ) ;
#4505 = ORIENTED_EDGE ( 'NONE', *, *, #3654, .F. ) ;
#4506 = VERTEX_POINT ( 'NONE', #4470 ) ;
#4507 = CARTESIAN_POINT ( 'NONE',  ( 1.437967468810307237, -0.05000000000000000278, -0.05000000000000019013 ) ) ;
#4508 = DIRECTION ( 'NONE',  ( -1.000000000000000000, 0.0000000000000000000, -7.776898252968647801E-17 ) ) ;
#4509 = EDGE_CURVE ( 'NONE', #1604, #2392, #1491, .T. ) ;
#4510 = ADVANCED_FACE ( 'NONE', ( #308 ), #5746, .F. ) ;
#4511 = DIRECTION ( 'NONE',  ( -0.0000000000000000000, 1.000000000000000000, -0.0000000000000000000 ) ) ;
#4512 = ORIENTED_EDGE ( 'NONE', *, *, #4042, .F. ) ;
#4513 = CARTESIAN_POINT ( 'NONE',  ( 1.199999000000000260, -0.05000000000000000278, -0.09999999999999989453 ) ) ;
#4514 = DIRECTION ( 'NONE',  ( -0.0000000000000000000, 1.000000000000000000, -0.0000000000000000000 ) ) ;
#4515 = DIRECTION ( 'NONE',  ( -0.9396926207859072067, 0.0000000000000000000, -0.3420201433256721546 ) ) ;
#4516 = CARTESIAN_POINT ( 'NONE',  ( 0.0000000000000000000, 0.0000000000000000000, 0.0000000000000000000 ) ) ;
#4517 = VECTOR ( 'NONE', #623, 39.37007874015748143 ) ;
#4518 = EDGE_CURVE ( 'NONE', #4893, #3541, #6960, .T. ) ;
#4519 = ORIENTED_EDGE ( 'NONE', *, *, #5139, .F. ) ;
#4520 = VECTOR ( 'NONE', #211, 39.37007874015748143 ) ;
#4521 = ORIENTED_EDGE ( 'NONE', *, *, #1971, .T. ) ;
#4522 = CARTESIAN_POINT ( 'NONE',  ( 0.6942664688103074022, -0.05000000000000000278, -0.08424999999999957523 ) ) ;
#4523 = ORIENTED_EDGE ( 'NONE', *, *, #2933, .F. ) ;
#4524 = CARTESIAN_POINT ( 'NONE',  ( -0.03066449223692707671, -0.05000000000000000278, -0.08424999999999803479 ) ) ;
#4525 = DIRECTION ( 'NONE',  ( 0.3420201433256639389, 0.0000000000000000000, -0.9396926207859100932 ) ) ;
#4526 = CARTESIAN_POINT ( 'NONE',  ( -0.01203253118969264436, -0.05000000000000000278, -0.01574999999999999664 ) ) ;
#4527 = DIRECTION ( 'NONE',  ( 0.0000000000000000000, 0.0000000000000000000, 1.000000000000000000 ) ) ;
#4528 = EDGE_CURVE ( 'NONE', #3094, #7001, #5229, .T. ) ;
#4529 = VECTOR ( 'NONE', #1879, 39.37007874015748143 ) ;
#4530 = ADVANCED_FACE ( 'NONE', ( #7676 ), #5910, .F. ) ;
#4531 = VERTEX_POINT ( 'NONE', #2245 ) ;
#4532 = VERTEX_POINT ( 'NONE', #2927 ) ;
#4533 = CARTESIAN_POINT ( 'NONE',  ( 1.837967468810307370, 3.673940397442060153E-19, -0.07855000000000071647 ) ) ;
#4534 = ORIENTED_EDGE ( 'NONE', *, *, #1142, .F. ) ;
#4535 = FACE_OUTER_BOUND ( 'NONE', #6839, .T. ) ;
#4536 = CIRCLE ( 'NONE', #356, 0.02800000000000090264 ) ;
#4537 = DIRECTION ( 'NONE',  ( -0.3420201433256638834, 0.0000000000000000000, 0.9396926207859100932 ) ) ;
#4538 = DIRECTION ( 'NONE',  ( -0.0000000000000000000, 0.0000000000000000000, -1.000000000000000000 ) ) ;
#4539 = LINE ( 'NONE', #4501, #4235 ) ;
#4540 = EDGE_CURVE ( 'NONE', #5619, #3323, #5354, .T. ) ;
#4541 = AXIS2_PLACEMENT_3D ( 'NONE', #5146, #5628, #857 ) ;
#4542 = EDGE_LOOP ( 'NONE', ( #7258, #181, #5784, #2230 ) ) ;
#4543 = CARTESIAN_POINT ( 'NONE',  ( 0.2999990000000001267, -0.1100000000000000006, -0.09999999999999989453 ) ) ;
#4544 = CARTESIAN_POINT ( 'NONE',  ( 0.6379674688103074143, 0.0000000000000000000, -0.02144999999999966725 ) ) ;
#4545 = VERTEX_POINT ( 'NONE', #7085 ) ;
#4546 = CARTESIAN_POINT ( 'NONE',  ( 1.237967468810307281, -0.05000000000000000278, -0.05000000000000019013 ) ) ;
#4547 = ORIENTED_EDGE ( 'NONE', *, *, #1178, .T. ) ;
#4548 = CARTESIAN_POINT ( 'NONE',  ( 0.4942664688103074466, 0.0000000000000000000, -0.01574999999999998623 ) ) ;
#4549 = VECTOR ( 'NONE', #5164, 39.37007874015748143 ) ;
#4550 = DIRECTION ( 'NONE',  ( 0.0000000000000000000, 0.0000000000000000000, 1.000000000000000000 ) ) ;
#4551 = VERTEX_POINT ( 'NONE', #1066 ) ;
#4552 = DIRECTION ( 'NONE',  ( -0.9396926207859093161, 0.0000000000000000000, 0.3420201433256663814 ) ) ;
#4553 = EDGE_LOOP ( 'NONE', ( #2924, #6783, #229, #412 ) ) ;
#4554 = PLANE ( 'NONE',  #3271 ) ;
#4555 = EDGE_CURVE ( 'NONE', #5740, #4663, #468, .T. ) ;
#4556 = CYLINDRICAL_SURFACE ( 'NONE', #386, 0.02855000000000052635 ) ;
#4557 = DIRECTION ( 'NONE',  ( 0.0000000000000000000, 0.0000000000000000000, 1.000000000000000000 ) ) ;
#4558 = CARTESIAN_POINT ( 'NONE',  ( 0.0000000000000000000, 0.0000000000000000000, 0.03600000000000147526 ) ) ;
#4559 = DIMENSIONAL_EXPONENTS ( 1.000000000000000000, 0.0000000000000000000, 0.0000000000000000000, 0.0000000000000000000, 0.0000000000000000000, 0.0000000000000000000, 0.0000000000000000000 ) ;
#4560 = VECTOR ( 'NONE', #3731, 39.37007874015748143 ) ;
#4561 = EDGE_LOOP ( 'NONE', ( #909, #3904 ) ) ;
#4562 = ORIENTED_EDGE ( 'NONE', *, *, #2713, .F. ) ;
#4563 = CARTESIAN_POINT ( 'NONE',  ( -1.600692183787654153E-17, -0.05000000000000000278, -0.09999999999999989453 ) ) ;
#4564 = VERTEX_POINT ( 'NONE', #1613 ) ;
#4565 = FACE_BOUND ( 'NONE', #1446, .T. ) ;
#4566 = EDGE_CURVE ( 'NONE', #7538, #6046, #3555, .T. ) ;
#4567 = FACE_OUTER_BOUND ( 'NONE', #7453, .T. ) ;
#4568 = DIRECTION ( 'NONE',  ( -1.000000000000000000, -0.0000000000000000000, -0.0000000000000000000 ) ) ;
#4569 = AXIS2_PLACEMENT_3D ( 'NONE', #1959, #3564, #2415 ) ;
#4570 = ITEM_DEFINED_TRANSFORMATION ( 'NONE', 'NONE', #3605,  #3340 ) ;
#4571 = VECTOR ( 'NONE', #4580, 39.37007874015748143 ) ;
#4572 = CIRCLE ( 'NONE', #7362, 0.02855000000000052982 ) ;
#4573 = ORIENTED_EDGE ( 'NONE', *, *, #7807, .F. ) ;
#4574 = ORIENTED_EDGE ( 'NONE', *, *, #5394, .T. ) ;
#4575 = DIRECTION ( 'NONE',  ( -1.000000000000000000, 0.0000000000000000000, -0.0000000000000000000 ) ) ;
#4576 = ORIENTED_EDGE ( 'NONE', *, *, #4815, .F. ) ;
#4577 = DIRECTION ( 'NONE',  ( 0.0000000000000000000, 0.0000000000000000000, 1.000000000000000000 ) ) ;
#4578 = ADVANCED_FACE ( 'NONE', ( #4028 ), #2331, .F. ) ;
#4579 = DIRECTION ( 'NONE',  ( 0.9396926207859100932, 0.0000000000000000000, 0.3420201433256638834 ) ) ;
#4580 = DIRECTION ( 'NONE',  ( -0.0000000000000000000, 1.000000000000000000, -0.0000000000000000000 ) ) ;
#4581 = DIRECTION ( 'NONE',  ( -1.000000000000000000, 0.0000000000000000000, 1.355298456929802892E-15 ) ) ;
#4582 = VECTOR ( 'NONE', #7319, 39.37007874015748854 ) ;
#4583 = ORIENTED_EDGE ( 'NONE', *, *, #3076, .T. ) ;
#4584 = DIRECTION ( 'NONE',  ( 7.776898252968646568E-17, 0.0000000000000000000, -1.000000000000000000 ) ) ;
#4585 = VECTOR ( 'NONE', #991, 39.37007874015748854 ) ;
#4586 = CARTESIAN_POINT ( 'NONE',  ( 1.975934937620614562, 0.0000000000000000000, 0.0000000000000000000 ) ) ;
#4587 = ORIENTED_EDGE ( 'NONE', *, *, #5687, .T. ) ;
#4588 = CARTESIAN_POINT ( 'NONE',  ( 1.681668468810307404, 0.0000000000000000000, -0.01574999999999998623 ) ) ;
#4589 = EDGE_CURVE ( 'NONE', #6398, #5761, #7166, .T. ) ;
#4590 = ORIENTED_EDGE ( 'NONE', *, *, #1679, .T. ) ;
#4591 = CARTESIAN_POINT ( 'NONE',  ( 0.09999900000000011557, -0.05000000000000000278, -0.09999999999999989453 ) ) ;
#4592 = CARTESIAN_POINT ( 'NONE',  ( 1.975934937620615894, 0.0000000000000000000, -0.09999999999999974187 ) ) ;
#4593 = VECTOR ( 'NONE', #2239, 39.37007874015748143 ) ;
#4594 = ORIENTED_EDGE ( 'NONE', *, *, #1725, .F. ) ;
#4595 = VECTOR ( 'NONE', #4486, 39.37007874015748143 ) ;
#4596 = DIRECTION ( 'NONE',  ( -0.0000000000000000000, 1.000000000000000000, -0.0000000000000000000 ) ) ;
#4597 = ORIENTED_EDGE ( 'NONE', *, *, #935, .T. ) ;
#4598 = CARTESIAN_POINT ( 'NONE',  ( 1.492487877023745524, -0.05000000000000000278, -0.5701321246629300621 ) ) ;
#4599 = DIRECTION ( 'NONE',  ( 0.0000000000000000000, 0.0000000000000000000, 1.000000000000000000 ) ) ;
#4600 = CARTESIAN_POINT ( 'NONE',  ( 1.437967468810307237, 3.673940397442060153E-19, -0.05000000000000019013 ) ) ;
#4601 = CARTESIAN_POINT ( 'NONE',  ( 0.03796746881030733239, 3.673940397442060153E-19, -0.07855000000000071647 ) ) ;
#4602 = AXIS2_PLACEMENT_3D ( 'NONE', #7333, #1976, #754 ) ;
#4603 = ORIENTED_EDGE ( 'NONE', *, *, #1266, .F. ) ;
#4604 = ORIENTED_EDGE ( 'NONE', *, *, #6455, .F. ) ;
#4605 = DIRECTION ( 'NONE',  ( -1.000000000000000000, 0.0000000000000000000, -7.776898252968647801E-17 ) ) ;
#4606 = VERTEX_POINT ( 'NONE', #5868 ) ;
#4607 = FACE_BOUND ( 'NONE', #2288, .T. ) ;
#4608 = DIRECTION ( 'NONE',  ( -0.0000000000000000000, 1.000000000000000000, -0.0000000000000000000 ) ) ;
#4609 = VECTOR ( 'NONE', #7151, 39.37007874015748143 ) ;
#4610 = CARTESIAN_POINT ( 'NONE',  ( 0.1379674688103073310, -0.05000000000000000278, -0.02144999999999967072 ) ) ;
#4611 = DIRECTION ( 'NONE',  ( 0.0000000000000000000, 0.0000000000000000000, 1.000000000000000000 ) ) ;
#4612 = ADVANCED_FACE ( 'NONE', ( #5991 ), #7128, .F. ) ;
#4613 = EDGE_CURVE ( 'NONE', #6014, #2100, #4441, .T. ) ;
#4614 = VECTOR ( 'NONE', #6837, 39.37007874015748143 ) ;
#4615 = ORIENTED_EDGE ( 'NONE', *, *, #4151, .F. ) ;
#4616 = ORIENTED_EDGE ( 'NONE', *, *, #167, .F. ) ;
#4617 = FACE_OUTER_BOUND ( 'NONE', #2170, .T. ) ;
#4618 = ORIENTED_EDGE ( 'NONE', *, *, #2666, .T. ) ;
#4619 = CARTESIAN_POINT ( 'NONE',  ( 0.5379674688103074365, 0.0000000000000000000, -0.05000000000000019013 ) ) ;
#4620 = FACE_OUTER_BOUND ( 'NONE', #1925, .T. ) ;
#4621 = FACE_OUTER_BOUND ( 'NONE', #236, .T. ) ;
#4622 = PLANE ( 'NONE',  #3472 ) ;
#4623 = AXIS2_PLACEMENT_3D ( 'NONE', #5087, #6828, #6243 ) ;
#4624 = EDGE_CURVE ( 'NONE', #6459, #3026, #6538, .T. ) ;
#4625 = ORIENTED_EDGE ( 'NONE', *, *, #6931, .F. ) ;
#4626 = CARTESIAN_POINT ( 'NONE',  ( 0.7759359376206146353, 0.0000000000000000000, -0.09999999999999989453 ) ) ;
#4627 = DIRECTION ( 'NONE',  ( 1.355298456929802892E-15, 0.0000000000000000000, 1.000000000000000000 ) ) ;
#4628 = ORIENTED_EDGE ( 'NONE', *, *, #1717, .F. ) ;
#4629 = DIRECTION ( 'NONE',  ( 1.355298456929802892E-15, 0.0000000000000000000, 1.000000000000000000 ) ) ;
#4630 = ORIENTED_EDGE ( 'NONE', *, *, #925, .T. ) ;
#4631 = CARTESIAN_POINT ( 'NONE',  ( 1.637967468810307414, -0.05000000000000000278, -0.02144999999999967072 ) ) ;
#4632 = LINE ( 'NONE', #4714, #657 ) ;
#4633 = EDGE_CURVE ( 'NONE', #3094, #3657, #6025, .T. ) ;
#4634 = EDGE_CURVE ( 'NONE', #4233, #5678, #1021, .T. ) ;
#4635 = ORIENTED_EDGE ( 'NONE', *, *, #3493, .T. ) ;
#4636 = DIRECTION ( 'NONE',  ( 0.3420201433256662704, -0.0000000000000000000, 0.9396926207859092051 ) ) ;
#4637 = ORIENTED_EDGE ( 'NONE', *, *, #6753, .T. ) ;
#4638 = CARTESIAN_POINT ( 'NONE',  ( 1.199999000000000260, -0.1100000000000000006, 0.0000000000000000000 ) ) ;
#4639 = CARTESIAN_POINT ( 'NONE',  ( 1.094266468810307424, -0.1100000000000000006, -0.01574999999999998623 ) ) ;
#4640 = CARTESIAN_POINT ( 'NONE',  ( 1.382170179236039687, -0.05000000000000000278, 0.4984797663554199065 ) ) ;
#4641 = CARTESIAN_POINT ( 'NONE',  ( 1.581668468810307315, -0.05000000000000000278, -0.08424999999999954747 ) ) ;
#4642 = EDGE_CURVE ( 'NONE', #1445, #3891, #4672, .T. ) ;
#4643 = ORIENTED_EDGE ( 'NONE', *, *, #3793, .F. ) ;
#4644 = ORIENTED_EDGE ( 'NONE', *, *, #461, .F. ) ;
#4645 = LINE ( 'NONE', #5797, #4343 ) ;
#4646 = ORIENTED_EDGE ( 'NONE', *, *, #1631, .T. ) ;
#4647 = LINE ( 'NONE', #1041, #3142 ) ;
#4648 = DIRECTION ( 'NONE',  ( -0.0000000000000000000, 1.000000000000000000, -0.0000000000000000000 ) ) ;
#4649 = CARTESIAN_POINT ( 'NONE',  ( 1.481668468810307449, -0.1100000000000000006, -0.01574999999999998623 ) ) ;
#4650 = DIRECTION ( 'NONE',  ( 0.0000000000000000000, 0.0000000000000000000, 1.000000000000000000 ) ) ;
#4651 = DIRECTION ( 'NONE',  ( -0.3420201433256695456, 0.0000000000000000000, -0.9396926207859080948 ) ) ;
#4652 = CIRCLE ( 'NONE', #5155, 0.02855000000000052288 ) ;
#4653 = EDGE_LOOP ( 'NONE', ( #1242, #5892, #1143, #6425 ) ) ;
#4654 = ORIENTED_EDGE ( 'NONE', *, *, #6357, .F. ) ;
#4655 = LINE ( 'NONE', #1595, #1930 ) ;
#4656 = ORIENTED_EDGE ( 'NONE', *, *, #4555, .T. ) ;
#4657 = CARTESIAN_POINT ( 'NONE',  ( 0.8942664688103074688, -0.1100000000000000006, -0.01574999999999998623 ) ) ;
#4658 = EDGE_CURVE ( 'NONE', #2658, #2580, #4632, .T. ) ;
#4659 = ADVANCED_FACE ( 'NONE', ( #3518 ), #3438, .F. ) ;
#4660 = CIRCLE ( 'NONE', #983, 0.02855000000000052982 ) ;
#4661 = DIRECTION ( 'NONE',  ( -0.9396926207859072067, 0.0000000000000000000, -0.3420201433256721546 ) ) ;
#4662 = DIRECTION ( 'NONE',  ( 1.355298456929802892E-15, 0.0000000000000000000, 1.000000000000000000 ) ) ;
#4663 = VERTEX_POINT ( 'NONE', #4114 ) ;
#4664 = VECTOR ( 'NONE', #1751, 39.37007874015748143 ) ;
#4665 = CARTESIAN_POINT ( 'NONE',  ( -0.03066449223692707671, -0.05000000000000000278, -0.08424999999999777112 ) ) ;
#4666 = DIRECTION ( 'NONE',  ( 0.0000000000000000000, 0.0000000000000000000, 1.000000000000000000 ) ) ;
#4667 = ORIENTED_EDGE ( 'NONE', *, *, #4031, .T. ) ;
#4668 = LINE ( 'NONE', #1018, #5544 ) ;
#4669 = ORIENTED_EDGE ( 'NONE', *, *, #5698, .T. ) ;
#4670 = FACE_OUTER_BOUND ( 'NONE', #2710, .T. ) ;
#4671 = EDGE_CURVE ( 'NONE', #1536, #4387, #5718, .T. ) ;
#4672 = LINE ( 'NONE', #2286, #535 ) ;
#4673 = CIRCLE ( 'NONE', #3653, 0.03600000000000147526 ) ;
#4674 = ORIENTED_EDGE ( 'NONE', *, *, #4679, .F. ) ;
#4675 = CIRCLE ( 'NONE', #502, 0.009000000000000915254 ) ;
#4676 = CARTESIAN_POINT ( 'NONE',  ( 0.8379674688103073699, -0.05000000000000000278, -0.05000000000000019013 ) ) ;
#4677 = EDGE_LOOP ( 'NONE', ( #3769, #4179, #6593, #2754 ) ) ;
#4678 = DIRECTION ( 'NONE',  ( -0.0000000000000000000, 1.000000000000000000, -0.0000000000000000000 ) ) ;
#4679 = EDGE_CURVE ( 'NONE', #7131, #1303, #4348, .T. ) ;
#4680 = LINE ( 'NONE', #4722, #1026 ) ;
#4681 = DIRECTION ( 'NONE',  ( -0.0000000000000000000, 1.000000000000000000, -0.0000000000000000000 ) ) ;
#4682 = LINE ( 'NONE', #7094, #6517 ) ;
#4683 = VECTOR ( 'NONE', #406, 39.37007874015748143 ) ;
#4684 = ORIENTED_EDGE ( 'NONE', *, *, #608, .T. ) ;
#4685 = ORIENTED_EDGE ( 'NONE', *, *, #5586, .F. ) ;
#4686 = CARTESIAN_POINT ( 'NONE',  ( 1.299999000000000127, 0.0000000000000000000, -0.09999999999999989453 ) ) ;
#4687 = ORIENTED_EDGE ( 'NONE', *, *, #5584, .F. ) ;
#4688 = LINE ( 'NONE', #404, #480 ) ;
#4689 = EDGE_CURVE ( 'NONE', #2518, #7821, #741, .T. ) ;
#4690 = FACE_OUTER_BOUND ( 'NONE', #7135, .T. ) ;
#4691 = DIRECTION ( 'NONE',  ( -0.0000000000000000000, 1.000000000000000000, -0.0000000000000000000 ) ) ;
#4692 = PRODUCT_CONTEXT ( 'NONE', #5262, 'mechanical' ) ;
#4693 = VECTOR ( 'NONE', #1961, 39.37007874015748143 ) ;
#4694 = DIRECTION ( 'NONE',  ( 0.9396926207859080948, 0.0000000000000000000, -0.3420201433256695456 ) ) ;
#4695 = VERTEX_POINT ( 'NONE', #3159 ) ;
#4696 = VERTEX_POINT ( 'NONE', #668 ) ;
#4697 = PRESENTATION_STYLE_ASSIGNMENT (( #5976 ) ) ;
#4698 = ORIENTED_EDGE ( 'NONE', *, *, #6508, .T. ) ;
#4699 = LINE ( 'NONE', #5257, #3515 ) ;
#4700 = FACE_OUTER_BOUND ( 'NONE', #2188, .T. ) ;
#4701 = CARTESIAN_POINT ( 'NONE',  ( 0.03796746881030733239, 0.0000000000000000000, -0.05000000000000019013 ) ) ;
#4702 = AXIS2_PLACEMENT_3D ( 'NONE', #1031, #3603, #1741 ) ;
#4703 = VECTOR ( 'NONE', #5985, 39.37007874015748143 ) ;
#4704 = EDGE_CURVE ( 'NONE', #6228, #2584, #4963, .T. ) ;
#4705 = ORIENTED_EDGE ( 'NONE', *, *, #749, .F. ) ;
#4706 = DIRECTION ( 'NONE',  ( -0.3420201433256695456, 0.0000000000000000000, -0.9396926207859080948 ) ) ;
#4707 = CARTESIAN_POINT ( 'NONE',  ( 0.1250000000000020817, 0.0000000000000000000, 0.0000000000000000000 ) ) ;
#4708 = EDGE_LOOP ( 'NONE', ( #5130, #1402 ) ) ;
#4709 = CARTESIAN_POINT ( 'NONE',  ( 0.3999990000000001600, -0.1100000000000000006, -0.09999999999999989453 ) ) ;
#4710 = VECTOR ( 'NONE', #216, 39.37007874015748143 ) ;
#4711 = ORIENTED_EDGE ( 'NONE', *, *, #2575, .F. ) ;
#4712 = FACE_OUTER_BOUND ( 'NONE', #7322, .T. ) ;
#4713 = VECTOR ( 'NONE', #1803, 39.37007874015748143 ) ;
#4714 = CARTESIAN_POINT ( 'NONE',  ( 0.0000000000000000000, -0.05000000000000000278, 0.0000000000000000000 ) ) ;
#4715 = VECTOR ( 'NONE', #2682, 39.37007874015748143 ) ;
#4716 = EDGE_CURVE ( 'NONE', #4186, #329, #5581, .T. ) ;
#4717 = ORIENTED_EDGE ( 'NONE', *, *, #5021, .T. ) ;
#4718 = ADVANCED_FACE ( 'NONE', ( #3751 ), #1666, .T. ) ;
#4719 = CARTESIAN_POINT ( 'NONE',  ( 0.3379674688103073699, 3.673940397442060153E-19, -0.02144999999999966031 ) ) ;
#4720 = ORIENTED_EDGE ( 'NONE', *, *, #1758, .F. ) ;
#4721 = PLANE ( 'NONE',  #6066 ) ;
#4722 = CARTESIAN_POINT ( 'NONE',  ( 0.8852634836166629606, -0.05000000000000000278, -0.3491205199423975669 ) ) ;
#4723 = DIRECTION ( 'NONE',  ( -0.3420201433256663259, 0.0000000000000000000, -0.9396926207859092051 ) ) ;
#4724 = VECTOR ( 'NONE', #3668, 39.37007874015748143 ) ;
#4725 = CARTESIAN_POINT ( 'NONE',  ( 0.2816684688103074374, 0.0000000000000000000, -0.01574999999999998623 ) ) ;
#4726 = EDGE_CURVE ( 'NONE', #6172, #6046, #6764, .T. ) ;
#4727 = AXIS2_PLACEMENT_3D ( 'NONE', #7620, #3465, #1721 ) ;
#4728 = ORIENTED_EDGE ( 'NONE', *, *, #5078, .F. ) ;
#4729 = VERTEX_POINT ( 'NONE', #706 ) ;
#4730 = CARTESIAN_POINT ( 'NONE',  ( 0.2379674688103073643, -0.05000000000000000278, -0.07855000000000071647 ) ) ;
#4731 = ORIENTED_EDGE ( 'NONE', *, *, #2551, .F. ) ;
#4732 = CARTESIAN_POINT ( 'NONE',  ( 0.2816684688103074374, 0.0000000000000000000, -0.01574999999999998623 ) ) ;
#4733 = CARTESIAN_POINT ( 'NONE',  ( 0.03796746881030733239, 3.673940397442060153E-19, -0.02144999999999966031 ) ) ;
#4734 = VERTEX_POINT ( 'NONE', #5468 ) ;
#4735 = DIRECTION ( 'NONE',  ( 0.3420201433256695456, 0.0000000000000000000, 0.9396926207859080948 ) ) ;
#4736 = ITEM_DEFINED_TRANSFORMATION ( 'NONE', 'NONE', #3100,  #3340 ) ;
#4737 = AXIS2_PLACEMENT_3D ( 'NONE', #2055, #4596, #6297 ) ;
#4738 = CARTESIAN_POINT ( 'NONE',  ( 1.575935937620614791, -0.05000000000000000278, -9.478001694819074349E-34 ) ) ;
#4739 = ADVANCED_FACE ( 'NONE', ( #1813 ), #3671, .F. ) ;
#4740 = VERTEX_POINT ( 'NONE', #7284 ) ;
#4741 = ORIENTED_EDGE ( 'NONE', *, *, #5928, .F. ) ;
#4742 = VECTOR ( 'NONE', #3870, 39.37007874015748854 ) ;
#4743 = CARTESIAN_POINT ( 'NONE',  ( 0.0000000000000000000, 0.0000000000000000000, 0.0000000000000000000 ) ) ;
#4744 = VERTEX_POINT ( 'NONE', #7399 ) ;
#4745 = LINE ( 'NONE', #2273, #3259 ) ;
#4746 = CARTESIAN_POINT ( 'NONE',  ( 1.393061340920587643, -0.05000000000000000278, 0.5024438250251900273 ) ) ;
#4747 = DIRECTION ( 'NONE',  ( -0.0000000000000000000, 1.000000000000000000, -0.0000000000000000000 ) ) ;
#4748 = AXIS2_PLACEMENT_3D ( 'NONE', #5099, #1522, #2598 ) ;
#4749 = ADVANCED_FACE ( 'NONE', ( #1853 ), #3120, .T. ) ;
#4750 = EDGE_LOOP ( 'NONE', ( #4643, #3931, #4808, #6330 ) ) ;
#4751 = CARTESIAN_POINT ( 'NONE',  ( 1.669092321335643225, -0.05000000000000000278, -0.6344108856315840983 ) ) ;
#4752 = CARTESIAN_POINT ( 'NONE',  ( -1.600692183787654153E-17, 0.0000000000000000000, -0.09999999999999989453 ) ) ;
#4753 = ORIENTED_EDGE ( 'NONE', *, *, #267, .T. ) ;
#4754 = LINE ( 'NONE', #465, #84 ) ;
#4755 = DIRECTION ( 'NONE',  ( 0.0000000000000000000, 0.0000000000000000000, 1.000000000000000000 ) ) ;
#4756 = DIRECTION ( 'NONE',  ( 0.0000000000000000000, 0.0000000000000000000, 1.000000000000000000 ) ) ;
#4757 = ORIENTED_EDGE ( 'NONE', *, *, #6600, .F. ) ;
#4758 = LINE ( 'NONE', #4794, #6873 ) ;
#4759 = EDGE_LOOP ( 'NONE', ( #670, #441, #3669, #6585 ) ) ;
#4760 = DIRECTION ( 'NONE',  ( -0.3420201433256720991, 0.0000000000000000000, 0.9396926207859070956 ) ) ;
#4761 = CARTESIAN_POINT ( 'NONE',  ( 1.081668468810307537, -0.1100000000000000006, -0.01574999999999998623 ) ) ;
#4762 = PLANE ( 'NONE',  #3049 ) ;
#4763 = CARTESIAN_POINT ( 'NONE',  ( 0.9816684688103075596, -0.05000000000000000278, -0.01574999999999998623 ) ) ;
#4764 = EDGE_CURVE ( 'NONE', #1025, #4476, #2558, .T. ) ;
#4765 = EDGE_CURVE ( 'NONE', #6885, #1248, #4382, .T. ) ;
#4766 = ORIENTED_EDGE ( 'NONE', *, *, #671, .F. ) ;
#4767 = VERTEX_POINT ( 'NONE', #4309 ) ;
#4768 = CARTESIAN_POINT ( 'NONE',  ( 1.199999000000000260, -0.05000000000000000278, 0.0000000000000000000 ) ) ;
#4769 = ORIENTED_EDGE ( 'NONE', *, *, #4467, .T. ) ;
#4770 = LINE ( 'NONE', #6006, #1249 ) ;
#4771 = CARTESIAN_POINT ( 'NONE',  ( 1.637967468810307414, 0.0000000000000000000, -0.05000000000000019013 ) ) ;
#4772 = LINE ( 'NONE', #1159, #4173 ) ;
#4773 = EDGE_CURVE ( 'NONE', #5757, #1100, #6103, .T. ) ;
#4774 = CONTEXT_DEPENDENT_SHAPE_REPRESENTATION ( #1716, #4427 ) ;
#4775 = PLANE ( 'NONE',  #1190 ) ;
#4776 = ORIENTED_EDGE ( 'NONE', *, *, #5778, .T. ) ;
#4777 = ORIENTED_EDGE ( 'NONE', *, *, #5997, .F. ) ;
#4778 = CARTESIAN_POINT ( 'NONE',  ( 0.4759359376206147019, 0.0000000000000000000, -0.09999999999999989453 ) ) ;
#4779 = EDGE_LOOP ( 'NONE', ( #2692, #5743, #3239, #4168 ) ) ;
#4780 = FACE_OUTER_BOUND ( 'NONE', #7733, .T. ) ;
#4781 = EDGE_CURVE ( 'NONE', #605, #1722, #3630, .T. ) ;
#4782 = VECTOR ( 'NONE', #24, 39.37007874015748854 ) ;
#4783 = VERTEX_POINT ( 'NONE', #6060 ) ;
#4784 = CARTESIAN_POINT ( 'NONE',  ( 1.381668468810307360, 0.0000000000000000000, -0.01574999999999998623 ) ) ;
#4785 = DIRECTION ( 'NONE',  ( -1.000000000000000000, -0.0000000000000000000, -0.0000000000000000000 ) ) ;
#4786 = ORIENTED_EDGE ( 'NONE', *, *, #7678, .T. ) ;
#4787 = CARTESIAN_POINT ( 'NONE',  ( 1.181668468810307626, -0.1100000000000000006, -0.01574999999999998623 ) ) ;
#4788 = AXIS2_PLACEMENT_3D ( 'NONE', #3584, #1089, #2871 ) ;
#4789 = LINE ( 'NONE', #7203, #2767 ) ;
#4790 = EDGE_CURVE ( 'NONE', #2766, #3530, #624, .T. ) ;
#4791 = DIRECTION ( 'NONE',  ( -0.0000000000000000000, 1.000000000000000000, -0.0000000000000000000 ) ) ;
#4792 = CIRCLE ( 'NONE', #2893, 0.02855000000000052982 ) ;
#4793 = ORIENTED_EDGE ( 'NONE', *, *, #5116, .T. ) ;
#4794 = CARTESIAN_POINT ( 'NONE',  ( 0.4942664688103074466, -0.1100000000000000006, -0.01574999999999998623 ) ) ;
#4795 = ORIENTED_EDGE ( 'NONE', *, *, #4929, .T. ) ;
#4796 = CARTESIAN_POINT ( 'NONE',  ( 0.6999990000000000379, -0.1100000000000000006, 0.0000000000000000000 ) ) ;
#4797 = VECTOR ( 'NONE', #1383, 39.37007874015748854 ) ;
#4798 = CARTESIAN_POINT ( 'NONE',  ( 0.0000000000000000000, 0.0000000000000000000, 0.0000000000000000000 ) ) ;
#4799 = PLANE ( 'NONE',  #4748 ) ;
#4800 = AXIS2_PLACEMENT_3D ( 'NONE', #2642, #5065, #2685 ) ;
#4801 = EDGE_LOOP ( 'NONE', ( #1785, #7494, #5535, #4753 ) ) ;
#4802 = EDGE_CURVE ( 'NONE', #2301, #2919, #1033, .T. ) ;
#4803 = DIRECTION ( 'NONE',  ( -1.000000000000000000, 0.0000000000000000000, 1.355298456929802892E-15 ) ) ;
#4804 = FACE_BOUND ( 'NONE', #5157, .T. ) ;
#4805 = ORIENTED_EDGE ( 'NONE', *, *, #3888, .T. ) ;
#4806 = DIRECTION ( 'NONE',  ( 1.000000000000000000, 0.0000000000000000000, -1.355298456929802892E-15 ) ) ;
#4807 = DIRECTION ( 'NONE',  ( 1.000000000000000000, 0.0000000000000000000, 0.0000000000000000000 ) ) ;
#4808 = ORIENTED_EDGE ( 'NONE', *, *, #924, .T. ) ;
#4809 = DIRECTION ( 'NONE',  ( -0.0000000000000000000, 1.000000000000000000, -0.0000000000000000000 ) ) ;
#4810 = CARTESIAN_POINT ( 'NONE',  ( 0.8816684688103074707, -0.05000000000000000278, -0.08424999999999954747 ) ) ;
#4811 = VECTOR ( 'NONE', #1906, 39.37007874015748143 ) ;
#4812 = CARTESIAN_POINT ( 'NONE',  ( 0.009000000000000368816, -0.008999999999999959421, -1.102182119232746602E-18 ) ) ;
#4813 = EDGE_CURVE ( 'NONE', #1430, #3180, #6211, .T. ) ;
#4814 = ORIENTED_EDGE ( 'NONE', *, *, #5658, .F. ) ;
#4815 = EDGE_CURVE ( 'NONE', #3144, #6735, #5266, .T. ) ;
#4816 = ORIENTED_EDGE ( 'NONE', *, *, #2384, .F. ) ;
#4817 = ORIENTED_EDGE ( 'NONE', *, *, #1944, .F. ) ;
#4818 = DIRECTION ( 'NONE',  ( 0.0000000000000000000, 1.000000000000000000, 0.0000000000000000000 ) ) ;
#4819 = FACE_OUTER_BOUND ( 'NONE', #506, .T. ) ;
#4820 = AXIS2_PLACEMENT_3D ( 'NONE', #78, #4922, #5561 ) ;
#4821 = EDGE_LOOP ( 'NONE', ( #7015, #3354, #6586, #3581 ) ) ;
#4822 = ADVANCED_FACE ( 'NONE', ( #6139 ), #1443, .F. ) ;
#4823 = CARTESIAN_POINT ( 'NONE',  ( 0.1999990000000001211, -0.05000000000000000278, 0.0000000000000000000 ) ) ;
#4824 = CARTESIAN_POINT ( 'NONE',  ( -0.01203253118969264436, -0.05000000000000000278, -0.08424999999999989442 ) ) ;
#4825 = ORIENTED_EDGE ( 'NONE', *, *, #1993, .T. ) ;
#4826 = CARTESIAN_POINT ( 'NONE',  ( -0.03066449223692707671, -0.05000000000000000278, -0.08424999999999899236 ) ) ;
#4827 = DIRECTION ( 'NONE',  ( -1.000000000000000000, 0.0000000000000000000, 1.355298456929802892E-15 ) ) ;
#4828 = VECTOR ( 'NONE', #4240, 39.37007874015748143 ) ;
#4829 = VECTOR ( 'NONE', #2278, 39.37007874015748143 ) ;
#4830 = ORIENTED_EDGE ( 'NONE', *, *, #357, .F. ) ;
#4831 = EDGE_CURVE ( 'NONE', #1536, #3760, #6285, .T. ) ;
#4832 = VECTOR ( 'NONE', #2207, 39.37007874015748854 ) ;
#4833 = VECTOR ( 'NONE', #7712, 39.37007874015748143 ) ;
#4834 = CARTESIAN_POINT ( 'NONE',  ( 0.0000000000000000000, -0.05000000000000000278, 0.0000000000000000000 ) ) ;
#4835 = ORIENTED_EDGE ( 'NONE', *, *, #6671, .T. ) ;
#4836 = DIRECTION ( 'NONE',  ( -1.000000000000000000, -0.0000000000000000000, -0.0000000000000000000 ) ) ;
#4837 = CARTESIAN_POINT ( 'NONE',  ( 1.799999000000000127, 0.0000000000000000000, 0.0000000000000000000 ) ) ;
#4838 = CARTESIAN_POINT ( 'NONE',  ( 1.537967468810307325, -0.05000000000000000278, -0.02144999999999967072 ) ) ;
#4839 = VECTOR ( 'NONE', #643, 39.37007874015748143 ) ;
#4840 = EDGE_CURVE ( 'NONE', #4018, #2712, #334, .T. ) ;
#4841 = EDGE_LOOP ( 'NONE', ( #6589, #7786, #4493, #1578 ) ) ;
#4842 = DIRECTION ( 'NONE',  ( 0.0000000000000000000, 0.0000000000000000000, 1.000000000000000000 ) ) ;
#4843 = VECTOR ( 'NONE', #6056, 39.37007874015748143 ) ;
#4844 = PLANE ( 'NONE',  #7254 ) ;
#4845 = EDGE_LOOP ( 'NONE', ( #2952, #647, #1019, #4376 ) ) ;
#4846 = DIRECTION ( 'NONE',  ( -0.0000000000000000000, 1.000000000000000000, -0.0000000000000000000 ) ) ;
#4847 = CARTESIAN_POINT ( 'NONE',  ( 0.0000000000000000000, 0.0000000000000000000, 0.0000000000000000000 ) ) ;
#4848 = ORIENTED_EDGE ( 'NONE', *, *, #4704, .F. ) ;
#4849 = CARTESIAN_POINT ( 'NONE',  ( 1.594266468810307424, -0.1100000000000000006, -0.08424999999999957523 ) ) ;
#4850 = FACE_OUTER_BOUND ( 'NONE', #3562, .T. ) ;
#4851 = CIRCLE ( 'NONE', #2815, 0.02855000000000052288 ) ;
#4852 = LINE ( 'NONE', #4290, #4742 ) ;
#4853 = VERTEX_POINT ( 'NONE', #6251 ) ;
#4854 = ORIENTED_EDGE ( 'NONE', *, *, #2567, .T. ) ;
#4855 =( REPRESENTATION_RELATIONSHIP ('NONE','NONE', #1567, #3490 ) REPRESENTATION_RELATIONSHIP_WITH_TRANSFORMATION ( #327 )SHAPE_REPRESENTATION_RELATIONSHIP( ) );
#4856 = SURFACE_SIDE_STYLE ('',( #2357 ) ) ;
#4857 = VERTEX_POINT ( 'NONE', #850 ) ;
#4858 = PLANE ( 'NONE',  #4019 ) ;
#4859 = DIRECTION ( 'NONE',  ( -1.000000000000000000, -0.0000000000000000000, -0.0000000000000000000 ) ) ;
#4860 = ORIENTED_EDGE ( 'NONE', *, *, #3654, .T. ) ;
#4861 = CIRCLE ( 'NONE', #1425, 0.02855000000000052982 ) ;
#4862 = EDGE_CURVE ( 'NONE', #426, #3723, #5137, .T. ) ;
#4863 = EDGE_CURVE ( 'NONE', #6153, #7529, #4500, .T. ) ;
#4864 = VECTOR ( 'NONE', #1598, 39.37007874015748143 ) ;
#4865 = VERTEX_POINT ( 'NONE', #2632 ) ;
#4866 = DIRECTION ( 'NONE',  ( 0.0000000000000000000, 0.0000000000000000000, 1.000000000000000000 ) ) ;
#4867 = CARTESIAN_POINT ( 'NONE',  ( 0.3759359376206146686, 0.0000000000000000000, -9.478001694819074349E-34 ) ) ;
#4868 = ORIENTED_EDGE ( 'NONE', *, *, #5639, .F. ) ;
#4869 = LINE ( 'NONE', #1256, #6295 ) ;
#4870 = DIRECTION ( 'NONE',  ( -1.000000000000000000, -0.0000000000000000000, -0.0000000000000000000 ) ) ;
#4871 = VECTOR ( 'NONE', #1823, 39.37007874015748143 ) ;
#4872 = EDGE_CURVE ( 'NONE', #7145, #6451, #5772, .T. ) ;
#4873 = VERTEX_POINT ( 'NONE', #6913 ) ;
#4874 =( REPRESENTATION_RELATIONSHIP ('NONE','NONE', #1567, #7799 ) REPRESENTATION_RELATIONSHIP_WITH_TRANSFORMATION ( #7817 )SHAPE_REPRESENTATION_RELATIONSHIP( ) );
#4875 = EDGE_CURVE ( 'NONE', #2293, #4050, #5098, .T. ) ;
#4876 = DIRECTION ( 'NONE',  ( 1.355298456929802892E-15, 0.0000000000000000000, 1.000000000000000000 ) ) ;
#4877 = ORIENTED_EDGE ( 'NONE', *, *, #5951, .T. ) ;
#4878 = DIRECTION ( 'NONE',  ( 1.355298456929802892E-15, 0.0000000000000000000, 1.000000000000000000 ) ) ;
#4879 = LINE ( 'NONE', #3725, #4828 ) ;
#4880 = ADVANCED_FACE ( 'NONE', ( #2597 ), #5621, .T. ) ;
#4881 = ORIENTED_EDGE ( 'NONE', *, *, #700, .F. ) ;
#4882 = LINE ( 'NONE', #4917, #7304 ) ;
#4883 = DIRECTION ( 'NONE',  ( -0.0000000000000000000, 1.000000000000000000, -0.0000000000000000000 ) ) ;
#4884 = ORIENTED_EDGE ( 'NONE', *, *, #7426, .F. ) ;
#4885 = DIRECTION ( 'NONE',  ( -0.3420201433256694346, -0.0000000000000000000, -0.9396926207859080948 ) ) ;
#4886 = CYLINDRICAL_SURFACE ( 'NONE', #769, 0.008999999999999484107 ) ;
#4887 = PLANE ( 'NONE',  #241 ) ;
#4888 = DIRECTION ( 'NONE',  ( -0.3420201433256720991, 0.0000000000000000000, 0.9396926207859070956 ) ) ;
#4889 = ADVANCED_FACE ( 'NONE', ( #7469 ), #2752, .F. ) ;
#4890 = CONTEXT_DEPENDENT_SHAPE_REPRESENTATION ( #3231, #825 ) ;
#4891 = LINE ( 'NONE', #4329, #2455 ) ;
#4892 = EDGE_LOOP ( 'NONE', ( #6511, #6901, #1745, #1683 ) ) ;
#4893 = VERTEX_POINT ( 'NONE', #6324 ) ;
#4894 = DIRECTION ( 'NONE',  ( -1.000000000000000000, 0.0000000000000000000, -0.0000000000000000000 ) ) ;
#4895 = ORIENTED_EDGE ( 'NONE', *, *, #3793, .T. ) ;
#4896 = LINE ( 'NONE', #7348, #1366 ) ;
#4897 = ORIENTED_EDGE ( 'NONE', *, *, #1226, .F. ) ;
#4898 = VERTEX_POINT ( 'NONE', #7432 ) ;
#4899 = CARTESIAN_POINT ( 'NONE',  ( -0.03066449223692698303, -0.05000000000000000278, -0.01574999999999998623 ) ) ;
#4900 = CARTESIAN_POINT ( 'NONE',  ( 1.987967468810307503, -0.05000000000000000278, -0.01574999999999984746 ) ) ;
#4901 = VERTEX_POINT ( 'NONE', #177 ) ;
#4902 = EDGE_CURVE ( 'NONE', #812, #2928, #2001, .T. ) ;
#4903 = FACE_OUTER_BOUND ( 'NONE', #3666, .T. ) ;
#4904 = EDGE_CURVE ( 'NONE', #28, #6220, #2155, .T. ) ;
#4905 = VECTOR ( 'NONE', #941, 39.37007874015748854 ) ;
#4906 = CARTESIAN_POINT ( 'NONE',  ( 0.9816684688103075596, 0.0000000000000000000, -0.01574999999999998623 ) ) ;
#4907 = ORIENTED_EDGE ( 'NONE', *, *, #203, .F. ) ;
#4908 = VECTOR ( 'NONE', #7029, 39.37007874015748143 ) ;
#4909 = ADVANCED_FACE ( 'NONE', ( #1405 ), #3938, .F. ) ;
#4910 = CARTESIAN_POINT ( 'NONE',  ( 0.1816684688103074041, -0.1100000000000000006, -0.08424999999999954747 ) ) ;
#4911 = VERTEX_POINT ( 'NONE', #6366 ) ;
#4912 = CARTESIAN_POINT ( 'NONE',  ( 0.7999990000000001267, -0.05000000000000000278, 0.0000000000000000000 ) ) ;
#4913 = DIRECTION ( 'NONE',  ( -0.3420201433256663259, 0.0000000000000000000, -0.9396926207859092051 ) ) ;
#4914 = VECTOR ( 'NONE', #6087, 39.37007874015748143 ) ;
#4915 = ORIENTED_EDGE ( 'NONE', *, *, #6026, .T. ) ;
#4916 = VECTOR ( 'NONE', #6264, 39.37007874015748143 ) ;
#4918 = EDGE_CURVE ( 'NONE', #1680, #3024, #1481, .T. ) ;
#4917 = CARTESIAN_POINT ( 'NONE',  ( 1.781668468810307493, 0.0000000000000000000, -0.01574999999999998623 ) ) ;
#4919 = PLANE ( 'NONE',  #4602 ) ;
#4920 = ORIENTED_EDGE ( 'NONE', *, *, #2453, .T. ) ;
#4921 = FACE_OUTER_BOUND ( 'NONE', #2394, .T. ) ;
#4922 = DIRECTION ( 'NONE',  ( 0.0000000000000000000, 0.0000000000000000000, 1.000000000000000000 ) ) ;
#4923 = CARTESIAN_POINT ( 'NONE',  ( 1.181668468810307626, -0.1100000000000000006, -0.01574999999999998623 ) ) ;
#4924 = DIRECTION ( 'NONE',  ( -0.0000000000000000000, 1.000000000000000000, -0.0000000000000000000 ) ) ;
#4925 = CIRCLE ( 'NONE', #1756, 0.02855000000000052982 ) ;
#4926 = CARTESIAN_POINT ( 'NONE',  ( -0.03066449223692698303, -0.05000000000000000278, -0.01574999999999998623 ) ) ;
#4927 = ORIENTED_EDGE ( 'NONE', *, *, #5349, .T. ) ;
#4929 = EDGE_CURVE ( 'NONE', #3663, #7663, #890, .T. ) ;
#4928 = ORIENTED_EDGE ( 'NONE', *, *, #6547, .T. ) ;
#4930 = DIRECTION ( 'NONE',  ( 0.9396926207859100932, 0.0000000000000000000, 0.3420201433256638834 ) ) ;
#4931 = ORIENTED_EDGE ( 'NONE', *, *, #2577, .T. ) ;
#4932 = CARTESIAN_POINT ( 'NONE',  ( 1.128154674452741313, -0.05000000000000000278, 0.4060256835722082513 ) ) ;
#4933 = VECTOR ( 'NONE', #2511, 39.37007874015748143 ) ;
#4934 = DIRECTION ( 'NONE',  ( -0.0000000000000000000, 1.000000000000000000, -0.0000000000000000000 ) ) ;
#4935 = ORIENTED_EDGE ( 'NONE', *, *, #5211, .T. ) ;
#4936 = DIRECTION ( 'NONE',  ( -0.0000000000000000000, 1.000000000000000000, -0.0000000000000000000 ) ) ;
#4937 =( NAMED_UNIT ( * ) PLANE_ANGLE_UNIT ( ) SI_UNIT ( $, .RADIAN. ) );
#4938 = ORIENTED_EDGE ( 'NONE', *, *, #6519, .F. ) ;
#4939 = LINE ( 'NONE', #2445, #1667 ) ;
#4940 = CARTESIAN_POINT ( 'NONE',  ( 1.437967468810307237, 3.673940397442060153E-19, -0.02144999999999966031 ) ) ;
#4941 = EDGE_LOOP ( 'NONE', ( #6975, #2033 ) ) ;
#4942 = LINE ( 'NONE', #737, #478 ) ;
#4943 = DIRECTION ( 'NONE',  ( 0.0000000000000000000, 0.0000000000000000000, 1.000000000000000000 ) ) ;
#4944 = VECTOR ( 'NONE', #729, 39.37007874015748143 ) ;
#4945 = EDGE_LOOP ( 'NONE', ( #481, #6088, #3729, #4685 ) ) ;
#4946 = LINE ( 'NONE', #7404, #2174 ) ;
#4947 = VECTOR ( 'NONE', #2609, 39.37007874015748143 ) ;
#4948 = ORIENTED_EDGE ( 'NONE', *, *, #589, .F. ) ;
#4949 = PLANE ( 'NONE',  #496 ) ;
#4950 = CARTESIAN_POINT ( 'NONE',  ( 0.1379674688103073310, 3.673940397442060153E-19, -0.05000000000000019013 ) ) ;
#4951 = ADVANCED_FACE ( 'NONE', ( #3308 ), #5736, .T. ) ;
#4952 = EDGE_CURVE ( 'NONE', #1538, #3485, #776, .T. ) ;
#4953 = VECTOR ( 'NONE', #1188, 39.37007874015748143 ) ;
#4954 =( REPRESENTATION_RELATIONSHIP ('NONE','NONE', #1567, #7799 ) REPRESENTATION_RELATIONSHIP_WITH_TRANSFORMATION ( #4287 )SHAPE_REPRESENTATION_RELATIONSHIP( ) );
#4955 = VECTOR ( 'NONE', #3875, 39.37007874015748143 ) ;
#4956 = EDGE_LOOP ( 'NONE', ( #4656, #7661, #2857, #1336 ) ) ;
#4957 = CARTESIAN_POINT ( 'NONE',  ( 0.08166846881030741245, -0.1100000000000000006, -0.08424999999999954747 ) ) ;
#4958 = CARTESIAN_POINT ( 'NONE',  ( 0.2379674688103073643, -0.05000000000000000278, -0.02144999999999967072 ) ) ;
#4959 = VERTEX_POINT ( 'NONE', #2792 ) ;
#4960 = DIRECTION ( 'NONE',  ( 0.0000000000000000000, 0.0000000000000000000, 1.000000000000000000 ) ) ;
#4961 = CARTESIAN_POINT ( 'NONE',  ( 1.294266468810307380, -0.1100000000000000006, -0.08424999999999957523 ) ) ;
#4962 = DIRECTION ( 'NONE',  ( 7.776898252968646568E-17, 0.0000000000000000000, -1.000000000000000000 ) ) ;
#4963 = CIRCLE ( 'NONE', #2550, 0.02855000000000052982 ) ;
#4964 = EDGE_CURVE ( 'NONE', #3162, #2725, #44, .T. ) ;
#4965 = VECTOR ( 'NONE', #3163, 39.37007874015748143 ) ;
#4966 = ORIENTED_EDGE ( 'NONE', *, *, #2179, .F. ) ;
#4967 = ORIENTED_EDGE ( 'NONE', *, *, #5357, .T. ) ;
#4968 = DIRECTION ( 'NONE',  ( -0.9396926207859093161, 0.0000000000000000000, 0.3420201433256663814 ) ) ;
#4969 = EDGE_LOOP ( 'NONE', ( #6467, #5851, #5567, #123 ) ) ;
#4970 = CARTESIAN_POINT ( 'NONE',  ( 1.181668468810307626, 0.0000000000000000000, -0.01574999999999998623 ) ) ;
#4971 = CARTESIAN_POINT ( 'NONE',  ( 0.9735657057726122554, -0.05000000000000000278, -0.3812599004267243630 ) ) ;
#4972 = DIRECTION ( 'NONE',  ( -1.000000000000000000, -0.0000000000000000000, -0.0000000000000000000 ) ) ;
#4973 = DIRECTION ( 'NONE',  ( 0.0000000000000000000, 0.0000000000000000000, 1.000000000000000000 ) ) ;
#4974 = CIRCLE ( 'NONE', #278, 0.02599999999999999534 ) ;
#4975 = ADVANCED_FACE ( 'NONE', ( #6041 ), #1643, .F. ) ;
#4976 = ORIENTED_EDGE ( 'NONE', *, *, #2177, .F. ) ;
#4977 = CARTESIAN_POINT ( 'NONE',  ( -0.03066449223692707671, -0.05000000000000000278, -0.08424999999999750744 ) ) ;
#4978 = VECTOR ( 'NONE', #7569, 39.37007874015748143 ) ;
#4979 = DIRECTION ( 'NONE',  ( -1.000000000000000000, 0.0000000000000000000, -7.776898252968647801E-17 ) ) ;
#4980 = VERTEX_POINT ( 'NONE', #607 ) ;
#4981 = FACE_OUTER_BOUND ( 'NONE', #3211, .T. ) ;
#4982 = DIRECTION ( 'NONE',  ( -1.000000000000000000, -0.0000000000000000000, -0.0000000000000000000 ) ) ;
#4983 = LINE ( 'NONE', #1368, #50 ) ;
#4984 = ADVANCED_FACE ( 'NONE', ( #5217 ), #7626, .T. ) ;
#4985 = VECTOR ( 'NONE', #4511, 39.37007874015748143 ) ;
#4986 = ORIENTED_EDGE ( 'NONE', *, *, #4366, .T. ) ;
#4987 = CARTESIAN_POINT ( 'NONE',  ( 1.294266468810307380, -0.05000000000000000278, -0.08424999999999957523 ) ) ;
#4988 = VECTOR ( 'NONE', #7117, 39.37007874015748143 ) ;
#4989 = EDGE_LOOP ( 'NONE', ( #2563, #678, #6146, #4505 ) ) ;
#4990 = CARTESIAN_POINT ( 'NONE',  ( 1.975934937620615894, -0.05000000000000000278, -0.09999999999999974187 ) ) ;
#4991 = CARTESIAN_POINT ( 'NONE',  ( 1.975934937620614562, -0.05000000000000000278, 0.0000000000000000000 ) ) ;
#4992 = VECTOR ( 'NONE', #1644, 39.37007874015748143 ) ;
#4993 = CARTESIAN_POINT ( 'NONE',  ( 1.137967468810307414, 0.0000000000000000000, -0.02144999999999966725 ) ) ;
#4994 = LINE ( 'NONE', #6775, #3961 ) ;
#4995 = ORIENTED_EDGE ( 'NONE', *, *, #2165, .T. ) ;
#4997 = ADVANCED_FACE ( 'NONE', ( #1012 ), #5298, .F. ) ;
#4996 = PLANE ( 'NONE',  #4408 ) ;
#4998 = ADVANCED_FACE ( 'NONE', ( #4850 ), #6666, .F. ) ;
#4999 = CARTESIAN_POINT ( 'NONE',  ( 0.0000000000000000000, 0.0000000000000000000, 0.0000000000000000000 ) ) ;
#5000 = PLANE ( 'NONE',  #6825 ) ;
#5001 = DIRECTION ( 'NONE',  ( -1.000000000000000000, -0.0000000000000000000, -0.0000000000000000000 ) ) ;
#5002 = EDGE_LOOP ( 'NONE', ( #3607, #6739, #1594, #1949 ) ) ;
#5003 = EDGE_LOOP ( 'NONE', ( #3976, #2277, #1915, #436 ) ) ;
#5004 = CARTESIAN_POINT ( 'NONE',  ( 0.8999990000000001045, -0.05000000000000000278, -0.09999999999999989453 ) ) ;
#5005 = VERTEX_POINT ( 'NONE', #3019 ) ;
#5006 = DIRECTION ( 'NONE',  ( 1.000000000000000000, 0.0000000000000000000, -1.355298456929802892E-15 ) ) ;
#5007 = ADVANCED_FACE ( 'NONE', ( #4621 ), #3424, .T. ) ;
#5008 = LINE ( 'NONE', #4299, #1921 ) ;
#5009 = FACE_OUTER_BOUND ( 'NONE', #4307, .T. ) ;
#5010 = DIRECTION ( 'NONE',  ( -3.491481338843133355E-15, -1.000000000000000000, 0.0000000000000000000 ) ) ;
#5011 = ORIENTED_EDGE ( 'NONE', *, *, #2432, .F. ) ;
#5012 = DIRECTION ( 'NONE',  ( -0.9396926207859093161, 0.0000000000000000000, 0.3420201433256663814 ) ) ;
#5013 = CARTESIAN_POINT ( 'NONE',  ( 1.975934937620615894, 0.0000000000000000000, -0.09999999999999974187 ) ) ;
#5014 = ORIENTED_EDGE ( 'NONE', *, *, #5630, .T. ) ;
#5015 = LINE ( 'NONE', #1999, #3136 ) ;
#5016 = EDGE_CURVE ( 'NONE', #708, #4663, #2233, .T. ) ;
#5017 = CARTESIAN_POINT ( 'NONE',  ( 0.0000000000000000000, 0.0000000000000000000, 0.0000000000000000000 ) ) ;
#5018 = CARTESIAN_POINT ( 'NONE',  ( 0.2671479285250193403, -0.05000000000000000278, -0.1241448565521100916 ) ) ;
#5019 = EDGE_LOOP ( 'NONE', ( #937, #1464, #5351, #4835 ) ) ;
#5020 = DIRECTION ( 'NONE',  ( 0.9396926207859080948, 0.0000000000000000000, -0.3420201433256695456 ) ) ;
#5021 = EDGE_CURVE ( 'NONE', #2712, #2745, #7263, .T. ) ;
#5022 = VERTEX_POINT ( 'NONE', #1055 ) ;
#5023 = FACE_OUTER_BOUND ( 'NONE', #1215, .T. ) ;
#5024 = FACE_OUTER_BOUND ( 'NONE', #529, .T. ) ;
#5025 = AXIS2_PLACEMENT_3D ( 'NONE', #5820, #7080, #6534 ) ;
#5026 = DIRECTION ( 'NONE',  ( -0.3420201433256638834, 0.0000000000000000000, 0.9396926207859100932 ) ) ;
#5027 = LINE ( 'NONE', #5149, #4985 ) ;
#5028 = ORIENTED_EDGE ( 'NONE', *, *, #7226, .F. ) ;
#5029 = CARTESIAN_POINT ( 'NONE',  ( 1.737967468810307281, 3.673940397442060153E-19, -0.07855000000000071647 ) ) ;
#5030 = CONICAL_SURFACE ( 'NONE', #6426, 0.02200000000000174732, 0.7853981633972278997 ) ;
#5031 = PLANE ( 'NONE',  #4820 ) ;
#5032 = CARTESIAN_POINT ( 'NONE',  ( 0.6759359376206146575, -0.05000000000000000278, -9.478001694819074349E-34 ) ) ;
#5033 = DIRECTION ( 'NONE',  ( 0.0000000000000000000, 1.000000000000000000, 0.0000000000000000000 ) ) ;
#5034 = ITEM_DEFINED_TRANSFORMATION ( 'NONE', 'NONE', #7650,  #3340 ) ;
#5035 = EDGE_CURVE ( 'NONE', #2987, #6074, #3470, .T. ) ;
#5036 = VECTOR ( 'NONE', #7178, 39.37007874015748143 ) ;
#5037 = EDGE_LOOP ( 'NONE', ( #6695, #2478, #5579, #5150 ) ) ;
#5038 = ORIENTED_EDGE ( 'NONE', *, *, #1971, .F. ) ;
#5039 = LINE ( 'NONE', #3222, #160 ) ;
#5040 = EDGE_LOOP ( 'NONE', ( #998, #5431 ) ) ;
#5041 = LINE ( 'NONE', #2781, #7561 ) ;
#5042 = LINE ( 'NONE', #7349, #4444 ) ;
#5043 = CARTESIAN_POINT ( 'NONE',  ( 0.0000000000000000000, 1.102182119232554779E-18, -0.008999999999999484107 ) ) ;
#5044 = VECTOR ( 'NONE', #517, 39.37007874015748143 ) ;
#5045 = CARTESIAN_POINT ( 'NONE',  ( 0.2379674688103078362, 0.1460000000000002129, -0.05000000000000016931 ) ) ;
#5046 = EDGE_CURVE ( 'NONE', #3417, #3532, #4330, .T. ) ;
#5047 = EDGE_CURVE ( 'NONE', #7393, #5382, #1038, .T. ) ;
#5048 = VERTEX_POINT ( 'NONE', #4810 ) ;
#5049 = VECTOR ( 'NONE', #747, 39.37007874015748143 ) ;
#5050 = ORIENTED_EDGE ( 'NONE', *, *, #3982, .F. ) ;
#5051 = CARTESIAN_POINT ( 'NONE',  ( 0.009000000000000368816, 0.009000000000001050562, 0.0000000000000000000 ) ) ;
#5052 = ORIENTED_EDGE ( 'NONE', *, *, #788, .F. ) ;
#5053 = CARTESIAN_POINT ( 'NONE',  ( 1.094266468810307424, -0.05000000000000000278, -0.08424999999999957523 ) ) ;
#5054 = CARTESIAN_POINT ( 'NONE',  ( 1.337967468810307370, 0.0000000000000000000, -0.07855000000000071647 ) ) ;
#5055 = CARTESIAN_POINT ( 'NONE',  ( 1.075935937620614791, -0.1100000000000000006, -0.09999999999999989453 ) ) ;
#5056 = CARTESIAN_POINT ( 'NONE',  ( 1.975934937620615894, 0.0000000000000000000, -0.09999999999999974187 ) ) ;
#5057 = VECTOR ( 'NONE', #2772, 39.37007874015748143 ) ;
#5058 = EDGE_CURVE ( 'NONE', #5697, #23, #7222, .T. ) ;
#5059 = EDGE_CURVE ( 'NONE', #4186, #426, #3060, .T. ) ;
#5060 = ORIENTED_EDGE ( 'NONE', *, *, #2888, .T. ) ;
#5061 = DIRECTION ( 'NONE',  ( 1.000000000000000000, 0.0000000000000000000, 0.0000000000000000000 ) ) ;
#5062 = DIRECTION ( 'NONE',  ( -0.3420201433256638834, 0.0000000000000000000, 0.9396926207859100932 ) ) ;
#5063 = DIMENSIONAL_EXPONENTS ( 1.000000000000000000, 0.0000000000000000000, 0.0000000000000000000, 0.0000000000000000000, 0.0000000000000000000, 0.0000000000000000000, 0.0000000000000000000 ) ;
#5064 = VERTEX_POINT ( 'NONE', #7300 ) ;
#5065 = DIRECTION ( 'NONE',  ( -0.0000000000000000000, 1.000000000000000000, -0.0000000000000000000 ) ) ;
#5066 = FACE_OUTER_BOUND ( 'NONE', #3391, .T. ) ;
#5067 = EDGE_CURVE ( 'NONE', #1548, #958, #1870, .T. ) ;
#5068 = CARTESIAN_POINT ( 'NONE',  ( 1.499999000000000082, -0.1100000000000000006, -0.09999999999999989453 ) ) ;
#5069 = DIRECTION ( 'NONE',  ( -0.0000000000000000000, 1.000000000000000000, -0.0000000000000000000 ) ) ;
#5070 = ORIENTED_EDGE ( 'NONE', *, *, #5347, .T. ) ;
#5071 = CARTESIAN_POINT ( 'NONE',  ( 1.581668468810307315, -0.1100000000000000006, -0.01574999999999998623 ) ) ;
#5072 = CARTESIAN_POINT ( 'NONE',  ( 0.6379674688103074143, 0.0000000000000000000, -0.05000000000000019013 ) ) ;
#5073 = CARTESIAN_POINT ( 'NONE',  ( 0.03796746881030733239, 3.673940397442060153E-19, -0.05000000000000019013 ) ) ;
#5074 = CARTESIAN_POINT ( 'NONE',  ( -1.600692183787654153E-17, -0.05000000000000000278, -0.09999999999999989453 ) ) ;
#5075 = ITEM_DEFINED_TRANSFORMATION ( 'NONE', 'NONE', #2208,  #3340 ) ;
#5076 = AXIS2_PLACEMENT_3D ( 'NONE', #6067, #70, #786 ) ;
#5077 = VECTOR ( 'NONE', #2325, 39.37007874015748143 ) ;
#5078 = EDGE_CURVE ( 'NONE', #6548, #4350, #5355, .T. ) ;
#5079 = ORIENTED_EDGE ( 'NONE', *, *, #3720, .F. ) ;
#5080 = EDGE_LOOP ( 'NONE', ( #4615, #7372 ) ) ;
#5081 = AXIS2_PLACEMENT_3D ( 'NONE', #5259, #2470, #7666 ) ;
#5082 = CARTESIAN_POINT ( 'NONE',  ( 0.6942664688103074022, 0.0000000000000000000, -0.01574999999999998623 ) ) ;
#5083 = ORIENTED_EDGE ( 'NONE', *, *, #396, .T. ) ;
#5084 = VECTOR ( 'NONE', #3414, 39.37007874015748143 ) ;
#5085 = DIRECTION ( 'NONE',  ( 1.000000000000000000, 0.0000000000000000000, -1.355298456929802892E-15 ) ) ;
#5086 = CARTESIAN_POINT ( 'NONE',  ( 1.699999000000000260, -0.05000000000000000278, 0.0000000000000000000 ) ) ;
#5087 = CARTESIAN_POINT ( 'NONE',  ( 0.0000000000000000000, 0.0000000000000000000, 0.0000000000000000000 ) ) ;
#5088 = AXIS2_PLACEMENT_3D ( 'NONE', #5899, #458, #2873 ) ;
#5089 = VERTEX_POINT ( 'NONE', #6745 ) ;
#5090 = EDGE_LOOP ( 'NONE', ( #1251, #7766, #3254, #1126 ) ) ;
#5091 = LINE ( 'NONE', #5170, #4081 ) ;
#5092 = ORIENTED_EDGE ( 'NONE', *, *, #167, .T. ) ;
#5093 = CARTESIAN_POINT ( 'NONE',  ( 0.7816684688103074929, 0.0000000000000000000, -0.01574999999999998623 ) ) ;
#5094 = DIRECTION ( 'NONE',  ( 0.0000000000000000000, 0.0000000000000000000, 1.000000000000000000 ) ) ;
#5095 = VECTOR ( 'NONE', #6482, 39.37007874015748143 ) ;
#5096 = ADVANCED_FACE ( 'NONE', ( #5602 ), #684, .T. ) ;
#5097 = EDGE_CURVE ( 'NONE', #2659, #3232, #6734, .T. ) ;
#5098 = LINE ( 'NONE', #5055, #6976 ) ;
#5099 = CARTESIAN_POINT ( 'NONE',  ( 0.0000000000000000000, -0.05000000000000000278, 0.0000000000000000000 ) ) ;
#5100 =( GEOMETRIC_REPRESENTATION_CONTEXT ( 3 ) GLOBAL_UNCERTAINTY_ASSIGNED_CONTEXT ( ( #7740 ) ) GLOBAL_UNIT_ASSIGNED_CONTEXT ( ( #4216, #538, #454 ) ) REPRESENTATION_CONTEXT ( 'NONE', 'WORKASPACE' ) );
#5101 = ORIENTED_EDGE ( 'NONE', *, *, #6260, .T. ) ;
#5102 = CARTESIAN_POINT ( 'NONE',  ( 0.3942664688103074133, -0.05000000000000000278, -0.01574999999999998623 ) ) ;
#5103 = DIRECTION ( 'NONE',  ( -0.0000000000000000000, 1.000000000000000000, -0.0000000000000000000 ) ) ;
#5104 = VERTEX_POINT ( 'NONE', #5563 ) ;
#5105 = VERTEX_POINT ( 'NONE', #158 ) ;
#5106 = DIRECTION ( 'NONE',  ( -0.3420201433256663259, 0.0000000000000000000, -0.9396926207859092051 ) ) ;
#5107 = EDGE_CURVE ( 'NONE', #6282, #3575, #3802, .T. ) ;
#5108 = DIRECTION ( 'NONE',  ( 1.000000000000000000, 0.0000000000000000000, 0.0000000000000000000 ) ) ;
#5109 = VECTOR ( 'NONE', #4429, 39.37007874015748143 ) ;
#5110 = EDGE_CURVE ( 'NONE', #5104, #6727, #1424, .T. ) ;
#5111 = AXIS2_PLACEMENT_3D ( 'NONE', #710, #6912, #3124 ) ;
#5112 = DIRECTION ( 'NONE',  ( 0.0000000000000000000, 1.000000000000000000, 1.224646799147353207E-16 ) ) ;
#5113 = ORIENTED_EDGE ( 'NONE', *, *, #4347, .T. ) ;
#5114 = DIRECTION ( 'NONE',  ( -1.000000000000000000, 0.0000000000000000000, -7.776898252968647801E-17 ) ) ;
#5115 = EDGE_CURVE ( 'NONE', #5995, #6456, #6702, .T. ) ;
#5116 = EDGE_CURVE ( 'NONE', #6412, #6514, #5858, .T. ) ;
#5117 = CARTESIAN_POINT ( 'NONE',  ( 0.9379674688103074587, -0.05000000000000000278, -0.05000000000000019013 ) ) ;
#5118 = LINE ( 'NONE', #7603, #6703 ) ;
#5119 = LINE ( 'NONE', #6930, #4449 ) ;
#5120 = AXIS2_PLACEMENT_3D ( 'NONE', #5773, #6993, #6640 ) ;
#5121 = VERTEX_POINT ( 'NONE', #1275 ) ;
#5122 = VERTEX_POINT ( 'NONE', #1386 ) ;
#5123 = AXIS2_PLACEMENT_3D ( 'NONE', #6166, #4973, #170 ) ;
#5124 = PLANE ( 'NONE',  #6499 ) ;
#5125 = ORIENTED_EDGE ( 'NONE', *, *, #5696, .T. ) ;
#5126 = LINE ( 'NONE', #3810, #6305 ) ;
#5127 = EDGE_CURVE ( 'NONE', #1388, #736, #120, .T. ) ;
#5128 = CARTESIAN_POINT ( 'NONE',  ( 1.381668468810307360, 0.0000000000000000000, -0.08424999999999954747 ) ) ;
#5129 = DIRECTION ( 'NONE',  ( 0.3420201433256720991, 0.0000000000000000000, -0.9396926207859070956 ) ) ;
#5130 = ORIENTED_EDGE ( 'NONE', *, *, #1483, .T. ) ;
#5131 = ORIENTED_EDGE ( 'NONE', *, *, #6260, .F. ) ;
#5132 = CARTESIAN_POINT ( 'NONE',  ( 0.1942664688103074300, -0.1100000000000000006, -0.08424999999999957523 ) ) ;
#5133 = VERTEX_POINT ( 'NONE', #3693 ) ;
#5134 = DIRECTION ( 'NONE',  ( 0.0000000000000000000, 0.0000000000000000000, 1.000000000000000000 ) ) ;
#5135 = DIRECTION ( 'NONE',  ( 0.0000000000000000000, 0.0000000000000000000, 1.000000000000000000 ) ) ;
#5136 = PRODUCT_DEFINITION_SHAPE ( 'NONE', 'NONE',  #7836 ) ;
#5137 = LINE ( 'NONE', #2040, #3940 ) ;
#5138 = DIRECTION ( 'NONE',  ( 0.3420201433256720991, 0.0000000000000000000, -0.9396926207859070956 ) ) ;
#5139 = EDGE_CURVE ( 'NONE', #6995, #6496, #6983, .T. ) ;
#5140 = VERTEX_POINT ( 'NONE', #80 ) ;
#5141 = EDGE_CURVE ( 'NONE', #3440, #7026, #3815, .T. ) ;
#5142 = DIRECTION ( 'NONE',  ( -1.000000000000000000, 0.0000000000000000000, -7.776898252968646568E-17 ) ) ;
#5143 = CARTESIAN_POINT ( 'NONE',  ( 0.1816684688103074041, -0.1100000000000000006, -0.08424999999999954747 ) ) ;
#5144 = ORIENTED_EDGE ( 'NONE', *, *, #295, .T. ) ;
#5145 = ORIENTED_EDGE ( 'NONE', *, *, #7283, .F. ) ;
#5146 = CARTESIAN_POINT ( 'NONE',  ( 1.494266468810307558, -0.1100000000000000006, -0.01574999999999998623 ) ) ;
#5147 = DIRECTION ( 'NONE',  ( -1.000000000000000000, 0.0000000000000000000, -7.776898252968647801E-17 ) ) ;
#5148 = EDGE_CURVE ( 'NONE', #7716, #2584, #1907, .T. ) ;
#5149 = CARTESIAN_POINT ( 'NONE',  ( 0.4816684688103073930, -0.1100000000000000006, -0.08424999999999954747 ) ) ;
#5150 = ORIENTED_EDGE ( 'NONE', *, *, #66, .F. ) ;
#5151 = DIRECTION ( 'NONE',  ( -1.000000000000000000, 0.0000000000000000000, -0.0000000000000000000 ) ) ;
#5152 = CARTESIAN_POINT ( 'NONE',  ( 1.975934937620615894, -0.05000000000000000278, -0.09999999999999974187 ) ) ;
#5153 = DIRECTION ( 'NONE',  ( 1.000000000000000000, 0.0000000000000000000, -0.0000000000000000000 ) ) ;
#5154 = FACE_OUTER_BOUND ( 'NONE', #7747, .T. ) ;
#5155 = AXIS2_PLACEMENT_3D ( 'NONE', #440, #2420, #4842 ) ;
#5156 = ADVANCED_FACE ( 'NONE', ( #7380 ), #4399, .T. ) ;
#5157 = EDGE_LOOP ( 'NONE', ( #871, #2448 ) ) ;
#5158 = VECTOR ( 'NONE', #968, 39.37007874015748143 ) ;
#5159 = VERTEX_POINT ( 'NONE', #6157 ) ;
#5160 = CARTESIAN_POINT ( 'NONE',  ( 1.975934937620615894, -0.05000000000000000278, -0.09999999999999974187 ) ) ;
#5161 = ORIENTED_EDGE ( 'NONE', *, *, #3121, .F. ) ;
#5162 = LINE ( 'NONE', #3335, #616 ) ;
#5163 = DIRECTION ( 'NONE',  ( 0.0000000000000000000, 0.0000000000000000000, -1.000000000000000000 ) ) ;
#5164 = DIRECTION ( 'NONE',  ( 0.0000000000000000000, 1.000000000000000000, 0.0000000000000000000 ) ) ;
#5165 = CARTESIAN_POINT ( 'NONE',  ( 1.837967468810308036, 0.1460000000000002129, -0.05000000000000016931 ) ) ;
#5166 = VECTOR ( 'NONE', #3924, 39.37007874015748143 ) ;
#5167 = EDGE_CURVE ( 'NONE', #7001, #3935, #3139, .T. ) ;
#5168 = ORIENTED_EDGE ( 'NONE', *, *, #7658, .T. ) ;
#5169 = ORIENTED_EDGE ( 'NONE', *, *, #5058, .F. ) ;
#5170 = CARTESIAN_POINT ( 'NONE',  ( 1.569665785232484900, -0.05000000000000000278, 0.5667225859938445076 ) ) ;
#5171 = EDGE_LOOP ( 'NONE', ( #4227, #2495, #7344, #5308 ) ) ;
#5172 = DIRECTION ( 'NONE',  ( -0.3420201433256638834, 0.0000000000000000000, 0.9396926207859100932 ) ) ;
#5173 = CIRCLE ( 'NONE', #6810, 0.02855000000000052982 ) ;
#5174 = DIRECTION ( 'NONE',  ( 0.3420201433256639389, 0.0000000000000000000, -0.9396926207859100932 ) ) ;
#5175 = DIRECTION ( 'NONE',  ( -1.000000000000000000, 0.0000000000000000000, -7.776898252968647801E-17 ) ) ;
#5176 = DIRECTION ( 'NONE',  ( -0.0000000000000000000, 1.000000000000000000, -0.0000000000000000000 ) ) ;
#5177 = VECTOR ( 'NONE', #4936, 39.37007874015748143 ) ;
#5178 = EDGE_LOOP ( 'NONE', ( #6664, #2148, #1279, #1857 ) ) ;
#5179 = LINE ( 'NONE', #5221, #1659 ) ;
#5180 = DIRECTION ( 'NONE',  ( -0.0000000000000000000, 1.000000000000000000, -0.0000000000000000000 ) ) ;
#5181 = ORIENTED_EDGE ( 'NONE', *, *, #1617, .T. ) ;
#5182 = DIRECTION ( 'NONE',  ( -0.0000000000000000000, 1.000000000000000000, -0.0000000000000000000 ) ) ;
#5183 = EDGE_LOOP ( 'NONE', ( #299, #7279 ) ) ;
#5184 = DIRECTION ( 'NONE',  ( 1.000000000000000000, 0.0000000000000000000, -0.0000000000000000000 ) ) ;
#5185 = CIRCLE ( 'NONE', #1134, 0.02855000000000052982 ) ;
#5186 = DIRECTION ( 'NONE',  ( 1.000000000000000000, 0.0000000000000000000, -1.355298456929802892E-15 ) ) ;
#5187 = EDGE_LOOP ( 'NONE', ( #5766, #694 ) ) ;
#5188 = DIRECTION ( 'NONE',  ( -0.0000000000000000000, 1.000000000000000000, -0.0000000000000000000 ) ) ;
#5189 = ORIENTED_EDGE ( 'NONE', *, *, #5368, .F. ) ;
#5190 = CARTESIAN_POINT ( 'NONE',  ( 0.5999990000000001711, -0.1100000000000000006, -0.09999999999999989453 ) ) ;
#5191 = CYLINDRICAL_SURFACE ( 'NONE', #6963, 0.02599999999999999534 ) ;
#5192 = CARTESIAN_POINT ( 'NONE',  ( 0.1910000000000004472, 0.0000000000000000000, 0.008999999999999822378 ) ) ;
#5193 = EDGE_CURVE ( 'NONE', #6014, #3772, #2611, .T. ) ;
#5194 = DIRECTION ( 'NONE',  ( -0.0000000000000000000, 1.000000000000000000, -0.0000000000000000000 ) ) ;
#5195 = EDGE_CURVE ( 'NONE', #618, #927, #276, .T. ) ;
#5196 = VECTOR ( 'NONE', #2467, 39.37007874015748143 ) ;
#5197 = PRODUCT_DEFINITION_SHAPE ( 'NONE', 'NONE',  #7832 ) ;
#5198 = VERTEX_POINT ( 'NONE', #3960 ) ;
#5199 = ORIENTED_EDGE ( 'NONE', *, *, #5195, .T. ) ;
#5200 = CARTESIAN_POINT ( 'NONE',  ( 1.481668468810307449, -0.1100000000000000006, -0.08424999999999954747 ) ) ;
#5201 = VERTEX_POINT ( 'NONE', #6304 ) ;
#5202 = FACE_BOUND ( 'NONE', #5911, .T. ) ;
#5203 = CARTESIAN_POINT ( 'NONE',  ( -1.600692183787654153E-17, 0.0000000000000000000, -0.09999999999999989453 ) ) ;
#5204 = CARTESIAN_POINT ( 'NONE',  ( 0.03796746881030733239, 0.0000000000000000000, -0.07855000000000071647 ) ) ;
#5205 = VECTOR ( 'NONE', #5957, 39.37007874015748143 ) ;
#5206 = ADVANCED_FACE ( 'NONE', ( #5154 ), #953, .F. ) ;
#5207 = VECTOR ( 'NONE', #1521, 39.37007874015748143 ) ;
#5208 = AXIS2_PLACEMENT_3D ( 'NONE', #2045, #3944, #4464 ) ;
#5209 = ORIENTED_EDGE ( 'NONE', *, *, #4566, .T. ) ;
#5210 = ORIENTED_EDGE ( 'NONE', *, *, #6090, .T. ) ;
#5211 = EDGE_CURVE ( 'NONE', #2891, #4740, #148, .T. ) ;
#5212 = DIRECTION ( 'NONE',  ( 0.0000000000000000000, 0.0000000000000000000, 1.000000000000000000 ) ) ;
#5213 = VERTEX_POINT ( 'NONE', #1543 ) ;
#5214 = DIRECTION ( 'NONE',  ( -0.0000000000000000000, 1.000000000000000000, -0.0000000000000000000 ) ) ;
#5215 = LINE ( 'NONE', #5296, #3337 ) ;
#5216 = ADVANCED_FACE ( 'NONE', ( #317 ), #5791, .F. ) ;
#5217 = FACE_OUTER_BOUND ( 'NONE', #248, .T. ) ;
#5218 = CARTESIAN_POINT ( 'NONE',  ( 0.009000000000000368816, 0.0000000000000000000, 0.0000000000000000000 ) ) ;
#5219 = AXIS2_PLACEMENT_3D ( 'NONE', #7646, #7564, #2216 ) ;
#5220 = VERTEX_POINT ( 'NONE', #395 ) ;
#5221 = CARTESIAN_POINT ( 'NONE',  ( 0.2379674688103073643, 0.0000000000000000000, -0.07855000000000071647 ) ) ;
#5222 = VECTOR ( 'NONE', #5578, 39.37007874015748143 ) ;
#5223 = FACE_OUTER_BOUND ( 'NONE', #3737, .T. ) ;
#5224 = ORIENTED_EDGE ( 'NONE', *, *, #5806, .T. ) ;
#5225 = CARTESIAN_POINT ( 'NONE',  ( 0.2942664688103074355, 0.0000000000000000000, -0.08424999999999957523 ) ) ;
#5226 = ORIENTED_EDGE ( 'NONE', *, *, #1378, .F. ) ;
#5227 = DIRECTION ( 'NONE',  ( -0.0000000000000000000, 1.000000000000000000, -0.0000000000000000000 ) ) ;
#5228 = EDGE_CURVE ( 'NONE', #5366, #5984, #2098, .T. ) ;
#5229 = LINE ( 'NONE', #7042, #262 ) ;
#5230 = AXIS2_PLACEMENT_3D ( 'NONE', #2505, #6750, #4894 ) ;
#5231 = ORIENTED_EDGE ( 'NONE', *, *, #5429, .F. ) ;
#5232 = AXIS2_PLACEMENT_3D ( 'NONE', #2129, #4552, #1028 ) ;
#5233 = CARTESIAN_POINT ( 'NONE',  ( 1.299999000000000127, -0.05000000000000000278, -0.09999999999999989453 ) ) ;
#5234 = VERTEX_POINT ( 'NONE', #4601 ) ;
#5235 = DIRECTION ( 'NONE',  ( 0.3420201433256638834, 0.0000000000000000000, -0.9396926207859100932 ) ) ;
#5236 = CARTESIAN_POINT ( 'NONE',  ( 0.0000000000000000000, -0.05000000000000000278, 0.0000000000000000000 ) ) ;
#5237 = CARTESIAN_POINT ( 'NONE',  ( 1.094266468810307424, 0.0000000000000000000, -0.01574999999999998623 ) ) ;
#5238 = PLANE ( 'NONE',  #5219 ) ;
#5239 = AXIS2_PLACEMENT_3D ( 'NONE', #2970, #7765, #1616 ) ;
#5240 = EDGE_CURVE ( 'NONE', #651, #5159, #6386, .T. ) ;
#5241 = ORIENTED_EDGE ( 'NONE', *, *, #3707, .F. ) ;
#5242 = ADVANCED_FACE ( 'NONE', ( #4480 ), #3877, .T. ) ;
#5243 = ORIENTED_EDGE ( 'NONE', *, *, #6941, .F. ) ;
#5244 = FACE_OUTER_BOUND ( 'NONE', #1120, .T. ) ;
#5245 = ORIENTED_EDGE ( 'NONE', *, *, #6508, .F. ) ;
#5246 = CARTESIAN_POINT ( 'NONE',  ( 0.08166846881030741245, -0.05000000000000000278, -0.08424999999999954747 ) ) ;
#5247 = DIRECTION ( 'NONE',  ( -1.000000000000000000, -0.0000000000000000000, -0.0000000000000000000 ) ) ;
#5248 = CIRCLE ( 'NONE', #6132, 0.008999999999999822378 ) ;
#5249 = CARTESIAN_POINT ( 'NONE',  ( 1.437967468810307237, -0.05000000000000000278, -0.05000000000000019013 ) ) ;
#5250 = CARTESIAN_POINT ( 'NONE',  ( 0.0000000000000000000, -0.05000000000000000278, 0.0000000000000000000 ) ) ;
#5251 = AXIS2_PLACEMENT_3D ( 'NONE', #817, #777, #7546 ) ;
#5252 = VERTEX_POINT ( 'NONE', #868 ) ;
#5253 = EDGE_CURVE ( 'NONE', #6064, #2228, #5119, .T. ) ;
#5254 = ORIENTED_EDGE ( 'NONE', *, *, #1725, .T. ) ;
#5255 = CARTESIAN_POINT ( 'NONE',  ( 1.537967468810307325, 3.673940397442060153E-19, -0.07855000000000071647 ) ) ;
#5256 = ORIENTED_EDGE ( 'NONE', *, *, #824, .F. ) ;
#5257 = CARTESIAN_POINT ( 'NONE',  ( -0.01203253118969264436, -0.05000000000000000278, -0.08424999999999989442 ) ) ;
#5258 = CARTESIAN_POINT ( 'NONE',  ( 1.337967468810307370, 0.0000000000000000000, -0.05000000000000019013 ) ) ;
#5259 = CARTESIAN_POINT ( 'NONE',  ( 0.0000000000000000000, -0.05000000000000000278, 0.0000000000000000000 ) ) ;
#5260 = DIRECTION ( 'NONE',  ( 0.0000000000000000000, 0.0000000000000000000, 1.000000000000000000 ) ) ;
#5261 = PRODUCT_DEFINITION_FORMATION_WITH_SPECIFIED_SOURCE ( 'ANY', '', #2657, .NOT_KNOWN. ) ;
#5262 = APPLICATION_CONTEXT ( 'automotive_design' ) ;
#5263 = ORIENTED_EDGE ( 'NONE', *, *, #6311, .F. ) ;
#5264 = EDGE_CURVE ( 'NONE', #1271, #5359, #3999, .T. ) ;
#5265 = LINE ( 'NONE', #5903, #7107 ) ;
#5266 = LINE ( 'NONE', #1889, #5591 ) ;
#5267 = FACE_OUTER_BOUND ( 'NONE', #1669, .T. ) ;
#5268 = ORIENTED_EDGE ( 'NONE', *, *, #2933, .T. ) ;
#5269 = DIRECTION ( 'NONE',  ( -0.0000000000000000000, 1.000000000000000000, -0.0000000000000000000 ) ) ;
#5270 = EDGE_LOOP ( 'NONE', ( #2900, #5840, #3984, #3738 ) ) ;
#5271 = DIRECTION ( 'NONE',  ( -0.0000000000000000000, 1.000000000000000000, -0.0000000000000000000 ) ) ;
#5272 = CARTESIAN_POINT ( 'NONE',  ( 1.975934937620615894, 0.0000000000000000000, -0.09999999999999974187 ) ) ;
#5273 = EDGE_LOOP ( 'NONE', ( #660, #4181, #3289, #814 ) ) ;
#5274 = ADVANCED_FACE ( 'NONE', ( #5713 ), #914, .F. ) ;
#5275 = DIRECTION ( 'NONE',  ( 0.3420201433256720991, 0.0000000000000000000, -0.9396926207859070956 ) ) ;
#5276 = VERTEX_POINT ( 'NONE', #4641 ) ;
#5277 = PLANE ( 'NONE',  #1122 ) ;
#5278 = LINE ( 'NONE', #7092, #132 ) ;
#5279 = LINE ( 'NONE', #4640, #1161 ) ;
#5280 = DIRECTION ( 'NONE',  ( 0.3420201433256638834, 0.0000000000000000000, -0.9396926207859100932 ) ) ;
#5281 = ORIENTED_EDGE ( 'NONE', *, *, #3566, .T. ) ;
#5282 = VERTEX_POINT ( 'NONE', #6423 ) ;
#5283 = DIRECTION ( 'NONE',  ( 1.000000000000000000, 0.0000000000000000000, -1.355298456929802892E-15 ) ) ;
#5284 = ORIENTED_EDGE ( 'NONE', *, *, #3129, .F. ) ;
#5285 = LINE ( 'NONE', #2307, #2378 ) ;
#5286 = CLOSED_SHELL ( 'NONE', ( #3759, #5990, #6378, #1080, #4156, #849, #3823, #4749, #2136, #4880, #2291, #3416, #7179, #3408, #4025, #4718, #5421, #5242, #3799, #20, #324, #6809 ) ) ;
#5287 = PLANE ( 'NONE',  #2412 ) ;
#5288 = CARTESIAN_POINT ( 'NONE',  ( 0.4999990000000001378, 0.0000000000000000000, 0.0000000000000000000 ) ) ;
#5289 = APPLICATION_PROTOCOL_DEFINITION ( 'draft international standard', 'automotive_design', 1998, #5262 ) ;
#5290 = DIRECTION ( 'NONE',  ( 0.3420201433256695456, 0.0000000000000000000, 0.9396926207859080948 ) ) ;
#5291 = CIRCLE ( 'NONE', #5025, 0.02855000000000052982 ) ;
#5292 = VERTEX_POINT ( 'NONE', #3327 ) ;
#5293 = ORIENTED_EDGE ( 'NONE', *, *, #9, .T. ) ;
#5294 = ORIENTED_EDGE ( 'NONE', *, *, #4000, .T. ) ;
#5295 = CYLINDRICAL_SURFACE ( 'NONE', #853, 0.02855000000000052635 ) ;
#5296 = CARTESIAN_POINT ( 'NONE',  ( 0.3942664688103074133, 0.0000000000000000000, -0.08424999999999957523 ) ) ;
#5297 = VECTOR ( 'NONE', #5214, 39.37007874015748143 ) ;
#5298 = PLANE ( 'NONE',  #6602 ) ;
#5299 = PLANE ( 'NONE',  #1951 ) ;
#5300 = ADVANCED_FACE ( 'NONE', ( #2734 ), #5238, .F. ) ;
#5301 = ADVANCED_FACE ( 'NONE', ( #1301 ), #221, .F. ) ;
#5302 = VERTEX_POINT ( 'NONE', #4987 ) ;
#5303 = AXIS2_PLACEMENT_3D ( 'NONE', #7497, #7611, #920 ) ;
#5304 = CARTESIAN_POINT ( 'NONE',  ( 1.599999000000000171, -0.05000000000000000278, 0.0000000000000000000 ) ) ;
#5305 = CARTESIAN_POINT ( 'NONE',  ( 1.837967468810307370, 0.0000000000000000000, -0.05000000000000019013 ) ) ;
#5306 = ORIENTED_EDGE ( 'NONE', *, *, #2985, .T. ) ;
#5307 = CARTESIAN_POINT ( 'NONE',  ( 0.7759359376206146353, -0.1100000000000000006, -0.09999999999999989453 ) ) ;
#5308 = ORIENTED_EDGE ( 'NONE', *, *, #4566, .F. ) ;
#5309 = DIRECTION ( 'NONE',  ( -0.3420201433256695456, 0.0000000000000000000, -0.9396926207859080948 ) ) ;
#5310 = DIRECTION ( 'NONE',  ( 0.0000000000000000000, 0.0000000000000000000, -1.000000000000000000 ) ) ;
#5311 = VECTOR ( 'NONE', #712, 39.37007874015748143 ) ;
#5312 = EDGE_CURVE ( 'NONE', #3453, #1006, #709, .T. ) ;
#5313 = ORIENTED_EDGE ( 'NONE', *, *, #4385, .F. ) ;
#5314 = AXIS2_PLACEMENT_3D ( 'NONE', #7083, #3436, #5184 ) ;
#5315 = FACE_OUTER_BOUND ( 'NONE', #1849, .T. ) ;
#5316 = ORIENTED_EDGE ( 'NONE', *, *, #7113, .T. ) ;
#5317 = CARTESIAN_POINT ( 'NONE',  ( 1.581668468810307315, -0.1100000000000000006, -0.01574999999999998623 ) ) ;
#5318 = DIRECTION ( 'NONE',  ( -1.000000000000000000, -0.0000000000000000000, -0.0000000000000000000 ) ) ;
#5319 = DIRECTION ( 'NONE',  ( 0.9396926207859080948, 0.0000000000000000000, -0.3420201433256695456 ) ) ;
#5320 = CARTESIAN_POINT ( 'NONE',  ( 0.3816684688103073597, -0.1100000000000000006, -0.08424999999999954747 ) ) ;
#5321 = EDGE_CURVE ( 'NONE', #1445, #6306, #855, .T. ) ;
#5322 = VECTOR ( 'NONE', #43, 39.37007874015748143 ) ;
#5323 = ORIENTED_EDGE ( 'NONE', *, *, #314, .T. ) ;
#5324 = VERTEX_POINT ( 'NONE', #6768 ) ;
#5325 = FACE_BOUND ( 'NONE', #2314, .T. ) ;
#5326 = ORIENTED_EDGE ( 'NONE', *, *, #7668, .T. ) ;
#5327 = DIRECTION ( 'NONE',  ( -0.0000000000000000000, 1.000000000000000000, -0.0000000000000000000 ) ) ;
#5328 = LINE ( 'NONE', #7147, #7223 ) ;
#5329 = CARTESIAN_POINT ( 'NONE',  ( 0.4379674688103074032, 3.673940397442060153E-19, -0.02144999999999966031 ) ) ;
#5330 = ADVANCED_FACE ( 'NONE', ( #2006 ), #5548, .F. ) ;
#5331 = DIRECTION ( 'NONE',  ( -3.491481338843133355E-15, -1.000000000000000000, 0.0000000000000000000 ) ) ;
#5332 = AXIS2_PLACEMENT_3D ( 'NONE', #6206, #6135, #1923 ) ;
#5333 = CARTESIAN_POINT ( 'NONE',  ( 0.8379674688103073699, 3.673940397442060153E-19, -0.02144999999999966031 ) ) ;
#5334 = VERTEX_POINT ( 'NONE', #4422 ) ;
#5335 = ORIENTED_EDGE ( 'NONE', *, *, #29, .T. ) ;
#5336 = VECTOR ( 'NONE', #7219, 39.37007874015748854 ) ;
#5337 = ORIENTED_EDGE ( 'NONE', *, *, #2197, .F. ) ;
#5338 = DIRECTION ( 'NONE',  ( 1.000000000000000000, 0.0000000000000000000, -0.0000000000000000000 ) ) ;
#5339 =( NAMED_UNIT ( * ) PLANE_ANGLE_UNIT ( ) SI_UNIT ( $, .RADIAN. ) );
#5340 = CARTESIAN_POINT ( 'NONE',  ( 2.731847993664263218E-16, 1.093290288525321577E-15, 0.0000000000000000000 ) ) ;
#5341 = VECTOR ( 'NONE', #475, 39.37007874015748143 ) ;
#5342 = AXIS2_PLACEMENT_3D ( 'NONE', #2878, #5423, #4706 ) ;
#5343 = ORIENTED_EDGE ( 'NONE', *, *, #512, .F. ) ;
#5344 = DIRECTION ( 'NONE',  ( -0.0000000000000000000, 1.000000000000000000, -0.0000000000000000000 ) ) ;
#5345 = LINE ( 'NONE', #4752, #7753 ) ;
#5346 = EDGE_LOOP ( 'NONE', ( #258, #4001, #1672, #368 ) ) ;
#5347 = EDGE_CURVE ( 'NONE', #7550, #6374, #7475, .T. ) ;
#5348 = DIRECTION ( 'NONE',  ( 0.0000000000000000000, 0.0000000000000000000, 1.000000000000000000 ) ) ;
#5349 = EDGE_CURVE ( 'NONE', #4606, #3919, #260, .T. ) ;
#5350 = AXIS2_PLACEMENT_3D ( 'NONE', #3041, #4870, #5545 ) ;
#5351 = ORIENTED_EDGE ( 'NONE', *, *, #597, .T. ) ;
#5352 = DIRECTION ( 'NONE',  ( -0.3420201433256694346, -0.0000000000000000000, -0.9396926207859080948 ) ) ;
#5353 = VECTOR ( 'NONE', #6275, 39.37007874015748143 ) ;
#5354 = LINE ( 'NONE', #7798, #6728 ) ;
#5355 = CIRCLE ( 'NONE', #7488, 0.008999999999999149305 ) ;
#5356 = EDGE_LOOP ( 'NONE', ( #819, #3805, #4635, #6533 ) ) ;
#5357 = EDGE_CURVE ( 'NONE', #6064, #5751, #6215, .T. ) ;
#5358 = DIRECTION ( 'NONE',  ( 0.0000000000000000000, 0.0000000000000000000, -1.000000000000000000 ) ) ;
#5359 = VERTEX_POINT ( 'NONE', #3866 ) ;
#5360 = FACE_OUTER_BOUND ( 'NONE', #3418, .T. ) ;
#5361 = LINE ( 'NONE', #7683, #899 ) ;
#5362 = LINE ( 'NONE', #7769, #265 ) ;
#5363 = CIRCLE ( 'NONE', #6991, 0.02855000000000052288 ) ;
#5364 = LINE ( 'NONE', #3638, #4356 ) ;
#5365 = AXIS2_PLACEMENT_3D ( 'NONE', #7144, #7810, #5283 ) ;
#5366 = VERTEX_POINT ( 'NONE', #5663 ) ;
#5368 = EDGE_CURVE ( 'NONE', #4744, #1842, #144, .T. ) ;
#5367 = ORIENTED_EDGE ( 'NONE', *, *, #4875, .T. ) ;
#5369 = VERTEX_POINT ( 'NONE', #6290 ) ;
#5370 = DIRECTION ( 'NONE',  ( -1.000000000000000000, 0.0000000000000000000, -7.776898252968647801E-17 ) ) ;
#5371 = PLANE ( 'NONE',  #2529 ) ;
#5372 = ORIENTED_EDGE ( 'NONE', *, *, #7784, .T. ) ;
#5373 = LINE ( 'NONE', #4649, #7457 ) ;
#5374 = CONTEXT_DEPENDENT_SHAPE_REPRESENTATION ( #3083, #3288 ) ;
#5375 = CIRCLE ( 'NONE', #1558, 0.02855000000000052288 ) ;
#5376 = CARTESIAN_POINT ( 'NONE',  ( 0.1910000000000004472, 0.02200000000000174732, 0.0000000000000000000 ) ) ;
#5377 = ORIENTED_EDGE ( 'NONE', *, *, #3577, .F. ) ;
#5379 = EDGE_CURVE ( 'NONE', #2544, #6731, #3696, .T. ) ;
#5378 = ORIENTED_EDGE ( 'NONE', *, *, #1668, .T. ) ;
#5380 = VECTOR ( 'NONE', #5290, 39.37007874015748143 ) ;
#5381 = CARTESIAN_POINT ( 'NONE',  ( 0.07593593762061463803, -0.05000000000000000278, -9.478001694819074349E-34 ) ) ;
#5382 = VERTEX_POINT ( 'NONE', #2524 ) ;
#5383 = DIRECTION ( 'NONE',  ( 1.000000000000000000, 0.0000000000000000000, -1.355298456929802892E-15 ) ) ;
#5384 = DIRECTION ( 'NONE',  ( 0.0000000000000000000, 0.0000000000000000000, 1.000000000000000000 ) ) ;
#5385 = AXIS2_PLACEMENT_3D ( 'NONE', #498, #3385, #6487 ) ;
#5386 = ORIENTED_EDGE ( 'NONE', *, *, #7343, .T. ) ;
#5387 = DIRECTION ( 'NONE',  ( 1.000000000000000000, 0.0000000000000000000, 0.0000000000000000000 ) ) ;
#5388 = DIRECTION ( 'NONE',  ( -1.000000000000000000, 0.0000000000000000000, 0.0000000000000000000 ) ) ;
#5389 = VERTEX_POINT ( 'NONE', #2086 ) ;
#5390 = DIRECTION ( 'NONE',  ( -0.0000000000000000000, 1.000000000000000000, -0.0000000000000000000 ) ) ;
#5391 = AXIS2_PLACEMENT_3D ( 'NONE', #4491, #3814, #5010 ) ;
#5392 = CARTESIAN_POINT ( 'NONE',  ( 1.581668468810307315, -0.1100000000000000006, -0.08424999999999954747 ) ) ;
#5393 = DIRECTION ( 'NONE',  ( 1.355298456929802892E-15, 0.0000000000000000000, 1.000000000000000000 ) ) ;
#5394 = EDGE_CURVE ( 'NONE', #4695, #5879, #5700, .T. ) ;
#5395 = ORIENTED_EDGE ( 'NONE', *, *, #5642, .F. ) ;
#5396 = DIRECTION ( 'NONE',  ( -0.3420201433256720991, 0.0000000000000000000, 0.9396926207859070956 ) ) ;
#5397 = ORIENTED_EDGE ( 'NONE', *, *, #5756, .F. ) ;
#5398 = PLANE ( 'NONE',  #3396 ) ;
#5399 = LINE ( 'NONE', #4798, #5205 ) ;
#5400 = CARTESIAN_POINT ( 'NONE',  ( 0.4816684688103073930, -0.05000000000000000278, -0.01574999999999998623 ) ) ;
#5401 = EDGE_CURVE ( 'NONE', #4696, #5140, #4946, .T. ) ;
#5402 = ADVANCED_FACE ( 'NONE', ( #3788 ), #7513, .F. ) ;
#5403 = ORIENTED_EDGE ( 'NONE', *, *, #5193, .T. ) ;
#5404 = CARTESIAN_POINT ( 'NONE',  ( 1.975934937620615894, 0.0000000000000000000, -0.09999999999999974187 ) ) ;
#5405 = EDGE_LOOP ( 'NONE', ( #1568, #1321, #6096, #6823 ) ) ;
#5406 = CARTESIAN_POINT ( 'NONE',  ( 1.238472372240459141, -0.05000000000000000278, -0.4776780418797045291 ) ) ;
#5407 = DIRECTION ( 'NONE',  ( 1.000000000000000000, 0.0000000000000000000, 0.0000000000000000000 ) ) ;
#5408 = VERTEX_POINT ( 'NONE', #1932 ) ;
#5409 = DIRECTION ( 'NONE',  ( -1.000000000000000000, -0.0000000000000000000, -0.0000000000000000000 ) ) ;
#5410 = ADVANCED_FACE ( 'NONE', ( #1338 ), #3754, .F. ) ;
#5411 = LINE ( 'NONE', #2391, #298 ) ;
#5412 = ORIENTED_EDGE ( 'NONE', *, *, #4094, .T. ) ;
#5413 = ORIENTED_EDGE ( 'NONE', *, *, #2265, .T. ) ;
#5414 = APPLICATION_CONTEXT ( 'automotive_design' ) ;
#5415 = LINE ( 'NONE', #7820, #554 ) ;
#5416 = ORIENTED_EDGE ( 'NONE', *, *, #3825, .T. ) ;
#5417 = CARTESIAN_POINT ( 'NONE',  ( 0.1910000000000004472, 0.0000000000000000000, 0.0000000000000000000 ) ) ;
#5418 = FACE_OUTER_BOUND ( 'NONE', #3698, .T. ) ;
#5419 = LENGTH_MEASURE_WITH_UNIT ( LENGTH_MEASURE( 0.02539999999999999897 ), #7352 );
#5420 = VECTOR ( 'NONE', #599, 39.37007874015748854 ) ;
#5421 = ADVANCED_FACE ( 'NONE', ( #4386, #183 ), #7438, .F. ) ;
#5422 = ORIENTED_EDGE ( 'NONE', *, *, #935, .F. ) ;
#5423 = DIRECTION ( 'NONE',  ( 0.9396926207859080948, 0.0000000000000000000, -0.3420201433256695456 ) ) ;
#5424 = DIRECTION ( 'NONE',  ( 1.000000000000000000, 0.0000000000000000000, 0.0000000000000000000 ) ) ;
#5425 = EDGE_LOOP ( 'NONE', ( #2168, #3763, #5199, #6150 ) ) ;
#5426 = CARTESIAN_POINT ( 'NONE',  ( 1.581668468810307315, 0.0000000000000000000, -0.08424999999999954747 ) ) ;
#5427 = VECTOR ( 'NONE', #1208, 39.37007874015748143 ) ;
#5428 = CARTESIAN_POINT ( 'NONE',  ( 0.1379674688103073310, -0.05000000000000000278, -0.05000000000000019013 ) ) ;
#5429 = EDGE_CURVE ( 'NONE', #4050, #3723, #820, .T. ) ;
#5430 = AXIS2_PLACEMENT_3D ( 'NONE', #1467, #2025, #4445 ) ;
#5431 = ORIENTED_EDGE ( 'NONE', *, *, #1897, .F. ) ;
#5432 = DIRECTION ( 'NONE',  ( 0.0000000000000000000, 0.0000000000000000000, 1.000000000000000000 ) ) ;
#5433 = VERTEX_POINT ( 'NONE', #6493 ) ;
#5434 = DIRECTION ( 'NONE',  ( 0.0000000000000000000, 0.0000000000000000000, 1.000000000000000000 ) ) ;
#5435 = VECTOR ( 'NONE', #1858, 39.37007874015748143 ) ;
#5436 = LINE ( 'NONE', #1663, #4953 ) ;
#5437 = CARTESIAN_POINT ( 'NONE',  ( 0.6759359376206146575, -0.1100000000000000006, -0.09999999999999989453 ) ) ;
#5438 = CIRCLE ( 'NONE', #7207, 0.02855000000000052982 ) ;
#5439 = EDGE_LOOP ( 'NONE', ( #4304, #2777, #5644, #601 ) ) ;
#5440 = DIRECTION ( 'NONE',  ( -0.3420201433256720991, 0.0000000000000000000, 0.9396926207859070956 ) ) ;
#5441 = FACE_BOUND ( 'NONE', #3303, .T. ) ;
#5442 = ORIENTED_EDGE ( 'NONE', *, *, #3745, .F. ) ;
#5444 = EDGE_CURVE ( 'NONE', #2571, #1887, #4021, .T. ) ;
#5443 = CARTESIAN_POINT ( 'NONE',  ( 0.0000000000000000000, 0.0000000000000000000, 0.0000000000000000000 ) ) ;
#5445 = EDGE_CURVE ( 'NONE', #3453, #6153, #6917, .T. ) ;
#5446 = LINE ( 'NONE', #3648, #7096 ) ;
#5447 = CARTESIAN_POINT ( 'NONE',  ( 0.0000000000000000000, -0.05000000000000000278, 0.0000000000000000000 ) ) ;
#5448 = CARTESIAN_POINT ( 'NONE',  ( 0.5983413415170493188, -0.05000000000000000278, 0.2131894006662447272 ) ) ;
#5449 = AXIS2_PLACEMENT_3D ( 'NONE', #2097, #4515, #3285 ) ;
#5450 = CONTEXT_DEPENDENT_SHAPE_REPRESENTATION ( #86, #254 ) ;
#5451 = DIRECTION ( 'NONE',  ( -1.000000000000000000, 0.0000000000000000000, -7.776898252968647801E-17 ) ) ;
#5452 = ORIENTED_EDGE ( 'NONE', *, *, #7586, .T. ) ;
#5453 = VERTEX_POINT ( 'NONE', #2120 ) ;
#5454 = DIRECTION ( 'NONE',  ( 0.3420201433256662704, -0.0000000000000000000, 0.9396926207859092051 ) ) ;
#5455 = ORIENTED_EDGE ( 'NONE', *, *, #2575, .T. ) ;
#5456 = LINE ( 'NONE', #7271, #6685 ) ;
#5457 = EDGE_CURVE ( 'NONE', #6254, #6121, #897, .T. ) ;
#5458 = DIRECTION ( 'NONE',  ( -0.0000000000000000000, 1.000000000000000000, -0.0000000000000000000 ) ) ;
#5459 = ADVANCED_FACE ( 'NONE', ( #5267 ), #3475, .F. ) ;
#5460 = VECTOR ( 'NONE', #231, 39.37007874015748143 ) ;
#5461 = ORIENTED_EDGE ( 'NONE', *, *, #7434, .F. ) ;
#5462 = PLANE ( 'NONE',  #3437 ) ;
#5463 = CARTESIAN_POINT ( 'NONE',  ( 0.5942664688103074244, 0.0000000000000000000, -0.01574999999999998623 ) ) ;
#5464 = ORIENTED_EDGE ( 'NONE', *, *, #2443, .T. ) ;
#5465 = LINE ( 'NONE', #5944, #1609 ) ;
#5466 = ADVANCED_FACE ( 'NONE', ( #4064 ), #425, .F. ) ;
#5467 = EDGE_CURVE ( 'NONE', #2843, #5480, #3390, .T. ) ;
#5468 = CARTESIAN_POINT ( 'NONE',  ( 1.299999000000000127, 0.0000000000000000000, 0.0000000000000000000 ) ) ;
#5469 = VECTOR ( 'NONE', #3487, 39.37007874015748143 ) ;
#5470 = VECTOR ( 'NONE', #5638, 39.37007874015748143 ) ;
#5471 = ORIENTED_EDGE ( 'NONE', *, *, #6613, .T. ) ;
#5472 = AXIS2_PLACEMENT_3D ( 'NONE', #7637, #1180, #6454 ) ;
#5473 = AXIS2_PLACEMENT_3D ( 'NONE', #5800, #7572, #2143 ) ;
#5474 = EDGE_CURVE ( 'NONE', #5740, #5369, #2159, .T. ) ;
#5475 = LINE ( 'NONE', #6145, #1058 ) ;
#5476 = ORIENTED_EDGE ( 'NONE', *, *, #1337, .F. ) ;
#5477 = CARTESIAN_POINT ( 'NONE',  ( 0.5379674688103074365, 0.0000000000000000000, -0.02144999999999966725 ) ) ;
#5478 = DIRECTION ( 'NONE',  ( -1.000000000000000000, 0.0000000000000000000, -7.776898252968647801E-17 ) ) ;
#5479 = AXIS2_PLACEMENT_3D ( 'NONE', #3916, #5755, #6343 ) ;
#5480 = VERTEX_POINT ( 'NONE', #5904 ) ;
#5481 = FACE_OUTER_BOUND ( 'NONE', #5090, .T. ) ;
#5482 = AXIS2_PLACEMENT_3D ( 'NONE', #290, #414, #3420 ) ;
#5483 = DIRECTION ( 'NONE',  ( -0.3420201433256022661, 0.0000000000000000000, -0.9396926207859325197 ) ) ;
#5484 = EDGE_LOOP ( 'NONE', ( #6169, #4777, #4323, #7542, #7690, #6481, #2248, #3746, #6813, #1222, #3513, #1059, #6483, #4830, #5930, #6162, #2005, #2123, #122, #54, #5671, #5243, #1692, #1014, #161, #1103, #6615, #175, #3260, #97, #4669, #7163, #1610, #5263, #3700, #7098, #4720, #4178, #7054, #6350, #3549, #6332, #5323, #7075, #5974, #636, #3601, #5679, #3947, #2250, #4443, #4674, #6034, #1615, #5962, #2902, #7347, #6821, #5335, #3816, #3466, #4687, #6645, #411, #3677, #1580, #1816, #6490, #3085, #7200, #4860, #1728, #7608, #2014, #1227, #6946, #1255, #116, #4895, #4927, #7384, #6109, #2481, #5476, #1651, #4332, #4966, #2977, #5866, #2702, #4884, #6397, #1158, #3558, #2796, #3038, #7757, #7439, #833, #6651, #1136, #7246, #3131, #6469, #5254, #7570, #7325, #1048, #5880, #5594, #3165, #2438, #930, #5241, #6670, #926, #5709, #7514, #1627, #4603, #2541, #4573, #7789, #6360, #583, #4345, #503, #2760, #4590, #6986, #1194, #4512, #7714, #6561, #279, #2035, #5922, #864, #1068, #5793, #5210, #2280, #3146, #1333, #6178, #592, #7267, #994, #2944, #2101, #1963, #2581, #2268, #4454, #1408, #4881, #1556, #380, #4776, #801, #1437, #5452, #4986, #1243 ) ) ;
#5485 = CARTESIAN_POINT ( 'NONE',  ( 0.3942664688103074133, 0.0000000000000000000, -0.08424999999999957523 ) ) ;
#5486 = CARTESIAN_POINT ( 'NONE',  ( 0.8999990000000001045, 0.0000000000000000000, -0.09999999999999989453 ) ) ;
#5487 = ORIENTED_EDGE ( 'NONE', *, *, #1337, .T. ) ;
#5488 = DIRECTION ( 'NONE',  ( 0.0000000000000000000, 0.0000000000000000000, 1.000000000000000000 ) ) ;
#5489 = DIRECTION ( 'NONE',  ( 0.0000000000000000000, 0.0000000000000000000, 1.000000000000000000 ) ) ;
#5490 = CONTEXT_DEPENDENT_SHAPE_REPRESENTATION ( #6219, #5136 ) ;
#5492 = EDGE_CURVE ( 'NONE', #3125, #6418, #7713, .T. ) ;
#5491 = CARTESIAN_POINT ( 'NONE',  ( 0.4379674688103074032, 3.673940397442060153E-19, -0.05000000000000019013 ) ) ;
#5493 = EDGE_CURVE ( 'NONE', #1009, #3502, #2842, .T. ) ;
#5494 = VERTEX_POINT ( 'NONE', #3903 ) ;
#5495 = EDGE_LOOP ( 'NONE', ( #648, #5161 ) ) ;
#5496 = CARTESIAN_POINT ( 'NONE',  ( 1.694266468810307513, -0.05000000000000000278, -0.01574999999999998623 ) ) ;
#5497 = ORIENTED_EDGE ( 'NONE', *, *, #6457, .F. ) ;
#5498 = LINE ( 'NONE', #1917, #5936 ) ;
#5499 = ORIENTED_EDGE ( 'NONE', *, *, #2737, .T. ) ;
#5500 = VECTOR ( 'NONE', #6152, 39.37007874015748143 ) ;
#5501 = ADVANCED_FACE ( 'NONE', ( #939 ), #7077, .F. ) ;
#5502 = CIRCLE ( 'NONE', #5626, 0.02855000000000052982 ) ;
#5503 = ORIENTED_EDGE ( 'NONE', *, *, #4140, .T. ) ;
#5504 = DIRECTION ( 'NONE',  ( 0.3420201433256638834, 0.0000000000000000000, -0.9396926207859100932 ) ) ;
#5505 = LINE ( 'NONE', #3551, #1299 ) ;
#5506 = ORIENTED_EDGE ( 'NONE', *, *, #7113, .F. ) ;
#5507 = LINE ( 'NONE', #2629, #5297 ) ;
#5508 = CARTESIAN_POINT ( 'NONE',  ( 0.5942664688103074244, 0.0000000000000000000, -0.08424999999999957523 ) ) ;
#5509 = VECTOR ( 'NONE', #4747, 39.37007874015748143 ) ;
#5510 = EDGE_CURVE ( 'NONE', #6113, #5769, #1570, .T. ) ;
#5511 = VERTEX_POINT ( 'NONE', #2879 ) ;
#5512 = MECHANICAL_DESIGN_GEOMETRIC_PRESENTATION_REPRESENTATION (  '', ( #2718 ), #2468 ) ;
#5513 = DIRECTION ( 'NONE',  ( 0.0000000000000000000, 0.0000000000000000000, 1.000000000000000000 ) ) ;
#5514 = VERTEX_POINT ( 'NONE', #7549 ) ;
#5515 = DIRECTION ( 'NONE',  ( 0.0000000000000000000, 0.0000000000000000000, 1.000000000000000000 ) ) ;
#5516 = LINE ( 'NONE', #1224, #6473 ) ;
#5517 = EDGE_CURVE ( 'NONE', #2237, #1430, #2721, .T. ) ;
#5518 =( REPRESENTATION_RELATIONSHIP ('NONE','NONE', #1567, #7799 ) REPRESENTATION_RELATIONSHIP_WITH_TRANSFORMATION ( #4174 )SHAPE_REPRESENTATION_RELATIONSHIP( ) );
#5519 = VERTEX_POINT ( 'NONE', #2757 ) ;
#5520 = LINE ( 'NONE', #1228, #2743 ) ;
#5521 = DIRECTION ( 'NONE',  ( -0.0000000000000000000, 1.000000000000000000, -0.0000000000000000000 ) ) ;
#5522 = ORIENTED_EDGE ( 'NONE', *, *, #4484, .T. ) ;
#5523 = CARTESIAN_POINT ( 'NONE',  ( 0.6816684688103075151, 0.0000000000000000000, -0.01574999999999998623 ) ) ;
#5524 = DIRECTION ( 'NONE',  ( -0.0000000000000000000, 1.000000000000000000, -0.0000000000000000000 ) ) ;
#5525 = DIRECTION ( 'NONE',  ( -0.0000000000000000000, 1.000000000000000000, -0.0000000000000000000 ) ) ;
#5526 = DIRECTION ( 'NONE',  ( 0.0000000000000000000, 0.0000000000000000000, 1.000000000000000000 ) ) ;
#5527 = CONTEXT_DEPENDENT_SHAPE_REPRESENTATION ( #3328, #7031 ) ;
#5528 = DIRECTION ( 'NONE',  ( 1.000000000000000000, 0.0000000000000000000, 0.0000000000000000000 ) ) ;
#5529 = VERTEX_POINT ( 'NONE', #4586 ) ;
#5530 = ORIENTED_EDGE ( 'NONE', *, *, #4474, .F. ) ;
#5531 = CARTESIAN_POINT ( 'NONE',  ( 1.137967468810307414, 0.0000000000000000000, -0.05000000000000019013 ) ) ;
#5532 = ORIENTED_EDGE ( 'NONE', *, *, #1966, .T. ) ;
#5533 = DIRECTION ( 'NONE',  ( -0.3420201433256638834, 0.0000000000000000000, 0.9396926207859100932 ) ) ;
#5534 = DIRECTION ( 'NONE',  ( -0.0000000000000000000, 1.000000000000000000, -0.0000000000000000000 ) ) ;
#5535 = ORIENTED_EDGE ( 'NONE', *, *, #3171, .T. ) ;
#5536 = DIRECTION ( 'NONE',  ( -0.0000000000000000000, 1.000000000000000000, -0.0000000000000000000 ) ) ;
#5537 = ORIENTED_EDGE ( 'NONE', *, *, #3008, .F. ) ;
#5538 = DIRECTION ( 'NONE',  ( -0.0000000000000000000, 1.000000000000000000, -0.0000000000000000000 ) ) ;
#5539 = CARTESIAN_POINT ( 'NONE',  ( 0.1942664688103074300, -0.1100000000000000006, -0.08424999999999957523 ) ) ;
#5540 = VERTEX_POINT ( 'NONE', #6998 ) ;
#5541 = DIRECTION ( 'NONE',  ( 0.3420201433256695456, 0.0000000000000000000, 0.9396926207859080948 ) ) ;
#5542 = EDGE_CURVE ( 'NONE', #2928, #7227, #6954, .T. ) ;
#5543 = EDGE_CURVE ( 'NONE', #6514, #6412, #5363, .T. ) ;
#5544 = VECTOR ( 'NONE', #7000, 39.37007874015748143 ) ;
#5545 = DIRECTION ( 'NONE',  ( 0.0000000000000000000, 0.0000000000000000000, 1.000000000000000000 ) ) ;
#5546 = ORIENTED_EDGE ( 'NONE', *, *, #3206, .F. ) ;
#5547 = VECTOR ( 'NONE', #5541, 39.37007874015748143 ) ;
#5548 = PLANE ( 'NONE',  #7119 ) ;
#5549 = ORIENTED_EDGE ( 'NONE', *, *, #589, .T. ) ;
#5550 = DIRECTION ( 'NONE',  ( 0.0000000000000000000, 1.000000000000000000, 0.0000000000000000000 ) ) ;
#5551 = ADVANCED_FACE ( 'NONE', ( #5223 ), #7631, .F. ) ;
#5552 = DIRECTION ( 'NONE',  ( 1.355298456929802892E-15, 0.0000000000000000000, 1.000000000000000000 ) ) ;
#5553 = VECTOR ( 'NONE', #6551, 39.37007874015748143 ) ;
#5554 = ORIENTED_EDGE ( 'NONE', *, *, #6457, .T. ) ;
#5555 = VECTOR ( 'NONE', #6106, 39.37007874015748143 ) ;
#5556 = CARTESIAN_POINT ( 'NONE',  ( 0.0000000000000000000, -0.05000000000000000278, 0.0000000000000000000 ) ) ;
#5557 = LINE ( 'NONE', #115, #1183 ) ;
#5558 = ORIENTED_EDGE ( 'NONE', *, *, #1508, .T. ) ;
#5559 = DIRECTION ( 'NONE',  ( -0.0000000000000000000, 1.000000000000000000, -0.0000000000000000000 ) ) ;
#5560 = ADVANCED_FACE ( 'NONE', ( #1606 ), #7239, .F. ) ;
#5561 = DIRECTION ( 'NONE',  ( 1.000000000000000000, 0.0000000000000000000, -0.0000000000000000000 ) ) ;
#5562 = CARTESIAN_POINT ( 'NONE',  ( 1.694266468810307513, -0.1100000000000000006, -0.08424999999999957523 ) ) ;
#5563 = CARTESIAN_POINT ( 'NONE',  ( 1.981667468810307531, -0.05000000000000000278, -0.08424999999999935318 ) ) ;
#5564 = CIRCLE ( 'NONE', #7205, 0.02855000000000052288 ) ;
#5565 = CARTESIAN_POINT ( 'NONE',  ( 0.06852800858135736639, -0.05000000000000000278, 0.02035311776028129321 ) ) ;
#5566 = ORIENTED_EDGE ( 'NONE', *, *, #5312, .F. ) ;
#5567 = ORIENTED_EDGE ( 'NONE', *, *, #6007, .T. ) ;
#5568 = PLANE ( 'NONE',  #5230 ) ;
#5569 = VERTEX_POINT ( 'NONE', #662 ) ;
#5570 = CARTESIAN_POINT ( 'NONE',  ( 0.1250000000000020817, 0.0000000000000000000, 0.03600000000000147526 ) ) ;
#5571 = VECTOR ( 'NONE', #7149, 39.37007874015748143 ) ;
#5572 = EDGE_CURVE ( 'NONE', #1571, #5717, #22, .T. ) ;
#5573 = DIRECTION ( 'NONE',  ( -1.000000000000000000, 0.0000000000000000000, -7.776898252968646568E-17 ) ) ;
#5574 = CYLINDRICAL_SURFACE ( 'NONE', #3907, 0.02855000000000052635 ) ;
#5575 = DIRECTION ( 'NONE',  ( -3.491481338843133355E-15, -1.000000000000000000, 0.0000000000000000000 ) ) ;
#5576 = VERTEX_POINT ( 'NONE', #7754 ) ;
#5577 = LINE ( 'NONE', #4977, #2428 ) ;
#5578 = DIRECTION ( 'NONE',  ( -0.0000000000000000000, 1.000000000000000000, -0.0000000000000000000 ) ) ;
#5579 = ORIENTED_EDGE ( 'NONE', *, *, #6941, .T. ) ;
#5580 = DIRECTION ( 'NONE',  ( 0.0000000000000000000, 0.0000000000000000000, -1.000000000000000000 ) ) ;
#5581 = LINE ( 'NONE', #1257, #1793 ) ;
#5582 = FACE_OUTER_BOUND ( 'NONE', #3789, .T. ) ;
#5583 = VECTOR ( 'NONE', #720, 39.37007874015748143 ) ;
#5584 = EDGE_CURVE ( 'NONE', #5798, #6942, #1254, .T. ) ;
#5585 = VERTEX_POINT ( 'NONE', #4867 ) ;
#5586 = EDGE_CURVE ( 'NONE', #1029, #2228, #6266, .T. ) ;
#5587 = DIRECTION ( 'NONE',  ( -1.000000000000000000, 0.0000000000000000000, -0.0000000000000000000 ) ) ;
#5588 = VERTEX_POINT ( 'NONE', #6532 ) ;
#5589 = LINE ( 'NONE', #2602, #1375 ) ;
#5590 = CARTESIAN_POINT ( 'NONE',  ( 0.7969612614607138878, -0.05000000000000000278, -0.3169811394580707709 ) ) ;
#5591 = VECTOR ( 'NONE', #1298, 39.37007874015748143 ) ;
#5592 = VECTOR ( 'NONE', #830, 39.37007874015748143 ) ;
#5593 = EDGE_CURVE ( 'NONE', #112, #956, #5505, .T. ) ;
#5594 = ORIENTED_EDGE ( 'NONE', *, *, #5016, .F. ) ;
#5595 = DIRECTION ( 'NONE',  ( 1.000000000000000000, 0.0000000000000000000, -1.355298456929802892E-15 ) ) ;
#5596 = DIRECTION ( 'NONE',  ( 0.3420201433256662704, -0.0000000000000000000, 0.9396926207859092051 ) ) ;
#5597 = EDGE_LOOP ( 'NONE', ( #6686, #656, #6512, #3054 ) ) ;
#5598 = LINE ( 'NONE', #5443, #3150 ) ;
#5599 = DIRECTION ( 'NONE',  ( 0.0000000000000000000, 0.0000000000000000000, 1.000000000000000000 ) ) ;
#5600 = CARTESIAN_POINT ( 'NONE',  ( 1.975934937620615894, -0.05000000000000000278, -0.09999999999999974187 ) ) ;
#5601 = AXIS2_PLACEMENT_3D ( 'NONE', #2135, #3367, #2814 ) ;
#5602 = FACE_OUTER_BOUND ( 'NONE', #4989, .T. ) ;
#5603 = EDGE_CURVE ( 'NONE', #4245, #1739, #4109, .T. ) ;
#5604 = EDGE_CURVE ( 'NONE', #1722, #927, #3952, .T. ) ;
#5605 = AXIS2_PLACEMENT_3D ( 'NONE', #6180, #3274, #2562 ) ;
#5606 = ORIENTED_EDGE ( 'NONE', *, *, #2784, .F. ) ;
#5607 = ORIENTED_EDGE ( 'NONE', *, *, #4633, .T. ) ;
#5608 = CARTESIAN_POINT ( 'NONE',  ( 1.181668468810307626, -0.1100000000000000006, -0.08424999999999954747 ) ) ;
#5609 = ORIENTED_EDGE ( 'NONE', *, *, #5240, .T. ) ;
#5610 = CARTESIAN_POINT ( 'NONE',  ( 0.2942664688103074355, -0.05000000000000000278, -0.01574999999999998623 ) ) ;
#5611 = LINE ( 'NONE', #2026, #6351 ) ;
#5612 = LINE ( 'NONE', #6789, #5177 ) ;
#5613 = VECTOR ( 'NONE', #5388, 39.37007874015748143 ) ;
#5614 = ADVANCED_FACE ( 'NONE', ( #2404 ), #5942, .T. ) ;
#5615 = ORIENTED_EDGE ( 'NONE', *, *, #5572, .F. ) ;
#5616 = CARTESIAN_POINT ( 'NONE',  ( 0.9942664688103074466, -0.1100000000000000006, -0.08424999999999957523 ) ) ;
#5617 = STYLED_ITEM ( 'NONE', ( #4697 ), #5978 ) ;
#5618 = PLANE ( 'NONE',  #4459 ) ;
#5619 = VERTEX_POINT ( 'NONE', #2365 ) ;
#5620 = LINE ( 'NONE', #3119, #2622 ) ;
#5621 = SPHERICAL_SURFACE ( 'NONE', #3434, 0.009000000000000094730 ) ;
#5622 = DIRECTION ( 'NONE',  ( -0.0000000000000000000, 1.000000000000000000, -0.0000000000000000000 ) ) ;
#5623 = VECTOR ( 'NONE', #7598, 39.37007874015748143 ) ;
#5624 = EDGE_LOOP ( 'NONE', ( #4098, #3854 ) ) ;
#5625 = DIRECTION ( 'NONE',  ( 0.9396926207859080948, 0.0000000000000000000, -0.3420201433256695456 ) ) ;
#5626 = AXIS2_PLACEMENT_3D ( 'NONE', #3861, #4236, #7665 ) ;
#5627 = ORIENTED_EDGE ( 'NONE', *, *, #171, .F. ) ;
#5628 = DIRECTION ( 'NONE',  ( 0.9396926207859080948, 0.0000000000000000000, -0.3420201433256695456 ) ) ;
#5629 = DIRECTION ( 'NONE',  ( 0.3420201433256663259, 0.0000000000000000000, 0.9396926207859092051 ) ) ;
#5630 = EDGE_CURVE ( 'NONE', #3316, #1248, #60, .T. ) ;
#5631 = AXIS2_PLACEMENT_3D ( 'NONE', #6000, #7139, #6507 ) ;
#5632 = LINE ( 'NONE', #3761, #6424 ) ;
#5633 = DIRECTION ( 'NONE',  ( -0.9396926207859093161, 0.0000000000000000000, 0.3420201433256663814 ) ) ;
#5634 = VERTEX_POINT ( 'NONE', #2447 ) ;
#5635 = LINE ( 'NONE', #6852, #2898 ) ;
#5636 = CARTESIAN_POINT ( 'NONE',  ( 0.5999990000000001711, -0.05000000000000000278, -0.09999999999999989453 ) ) ;
#5637 = AXIS2_PLACEMENT_3D ( 'NONE', #4375, #3189, #6868 ) ;
#5638 = DIRECTION ( 'NONE',  ( -0.3420201433256694346, -0.0000000000000000000, -0.9396926207859080948 ) ) ;
#5639 = EDGE_CURVE ( 'NONE', #1638, #5104, #7123, .T. ) ;
#5640 = CARTESIAN_POINT ( 'NONE',  ( 0.1250000000000020817, 0.0000000000000000000, 0.0000000000000000000 ) ) ;
#5641 = EDGE_CURVE ( 'NONE', #6820, #2457, #3627, .T. ) ;
#5642 = EDGE_CURVE ( 'NONE', #2748, #2147, #2072, .T. ) ;
#5643 = ORIENTED_EDGE ( 'NONE', *, *, #6567, .F. ) ;
#5644 = ORIENTED_EDGE ( 'NONE', *, *, #2746, .T. ) ;
#5645 = DIRECTION ( 'NONE',  ( 0.0000000000000000000, 0.0000000000000000000, 1.000000000000000000 ) ) ;
#5646 = ORIENTED_EDGE ( 'NONE', *, *, #6528, .F. ) ;
#5647 = CARTESIAN_POINT ( 'NONE',  ( 0.1942664688103074300, 0.0000000000000000000, -0.01574999999999998623 ) ) ;
#5648 = CARTESIAN_POINT ( 'NONE',  ( 1.775935937620614746, -0.05000000000000000278, -9.478001694819074349E-34 ) ) ;
#5649 = LINE ( 'NONE', #205, #625 ) ;
#5650 = EDGE_CURVE ( 'NONE', #5529, #1064, #4226, .T. ) ;
#5651 = SURFACE_STYLE_FILL_AREA ( #6204 ) ;
#5652 = EDGE_LOOP ( 'NONE', ( #4371, #2614, #4487, #5294 ) ) ;
#5653 = ORIENTED_EDGE ( 'NONE', *, *, #2410, .T. ) ;
#5654 = LINE ( 'NONE', #2034, #5222 ) ;
#5655 = ORIENTED_EDGE ( 'NONE', *, *, #1734, .T. ) ;
#5656 = CARTESIAN_POINT ( 'NONE',  ( 0.2379674688103073643, 3.673940397442060153E-19, -0.05000000000000019013 ) ) ;
#5657 = CARTESIAN_POINT ( 'NONE',  ( 1.975934937620615894, 0.0000000000000000000, -0.09999999999999974187 ) ) ;
#5658 = EDGE_CURVE ( 'NONE', #3024, #1571, #1771, .T. ) ;
#5659 = CARTESIAN_POINT ( 'NONE',  ( 0.03796746881030733239, 0.0000000000000000000, -0.02144999999999966725 ) ) ;
#5660 = CARTESIAN_POINT ( 'NONE',  ( 1.537967468810307325, 3.673940397442060153E-19, -0.02144999999999966031 ) ) ;
#5661 = ORIENTED_EDGE ( 'NONE', *, *, #2410, .F. ) ;
#5662 = LINE ( 'NONE', #4543, #532 ) ;
#5663 = CARTESIAN_POINT ( 'NONE',  ( 1.437967468810307237, -0.05000000000000000278, -0.07855000000000071647 ) ) ;
#5664 =( REPRESENTATION_RELATIONSHIP ('NONE','NONE', #1567, #7799 ) REPRESENTATION_RELATIONSHIP_WITH_TRANSFORMATION ( #4570 )SHAPE_REPRESENTATION_RELATIONSHIP( ) );
#5665 = EDGE_LOOP ( 'NONE', ( #883, #673 ) ) ;
#5666 = LINE ( 'NONE', #1490, #2128 ) ;
#5667 = EDGE_CURVE ( 'NONE', #3575, #6220, #5345, .T. ) ;
#5668 = LINE ( 'NONE', #6294, #1397 ) ;
#5669 = AXIS2_PLACEMENT_3D ( 'NONE', #4787, #4149, #6647 ) ;
#5670 = DIRECTION ( 'NONE',  ( -1.000000000000000000, 0.0000000000000000000, -7.776898252968647801E-17 ) ) ;
#5671 = ORIENTED_EDGE ( 'NONE', *, *, #3687, .F. ) ;
#5672 = CARTESIAN_POINT ( 'NONE',  ( 0.09426646881030741054, -0.1100000000000000006, -0.01574999999999998623 ) ) ;
#5673 = VECTOR ( 'NONE', #7543, 39.37007874015748143 ) ;
#5674 = DIRECTION ( 'NONE',  ( -0.3420201433256694346, -0.0000000000000000000, -0.9396926207859080948 ) ) ;
#5675 = DIRECTION ( 'NONE',  ( -0.3420201433256663259, 0.0000000000000000000, -0.9396926207859092051 ) ) ;
#5676 = VECTOR ( 'NONE', #6937, 39.37007874015748143 ) ;
#5677 = EDGE_CURVE ( 'NONE', #6604, #4261, #1175, .T. ) ;
#5678 = VERTEX_POINT ( 'NONE', #547 ) ;
#5679 = ORIENTED_EDGE ( 'NONE', *, *, #3547, .F. ) ;
#5680 = CARTESIAN_POINT ( 'NONE',  ( 0.03796746881030733239, 0.0000000000000000000, -0.05000000000000019013 ) ) ;
#5681 = ORIENTED_EDGE ( 'NONE', *, *, #5097, .F. ) ;
#5682 = FACE_BOUND ( 'NONE', #5829, .T. ) ;
#5683 = DIRECTION ( 'NONE',  ( -0.0000000000000000000, -0.0000000000000000000, -1.000000000000000000 ) ) ;
#5684 = CARTESIAN_POINT ( 'NONE',  ( 1.699999000000000260, -0.05000000000000000278, -0.09999999999999989453 ) ) ;
#5685 = VECTOR ( 'NONE', #3403, 39.37007874015748143 ) ;
#5686 = ORIENTED_EDGE ( 'NONE', *, *, #707, .F. ) ;
#5687 = EDGE_CURVE ( 'NONE', #1364, #6048, #7794, .T. ) ;
#5688 = VERTEX_POINT ( 'NONE', #4188 ) ;
#5689 = PLANE ( 'NONE',  #152 ) ;
#5690 = VERTEX_POINT ( 'NONE', #1730 ) ;
#5691 = CARTESIAN_POINT ( 'NONE',  ( 1.475935937620614702, -0.05000000000000000278, -9.478001694819074349E-34 ) ) ;
#5692 = FACE_OUTER_BOUND ( 'NONE', #3625, .T. ) ;
#5693 = DIRECTION ( 'NONE',  ( 1.000000000000000000, 0.0000000000000000000, 0.0000000000000000000 ) ) ;
#5694 = CARTESIAN_POINT ( 'NONE',  ( 0.1379674688103073310, 3.673940397442060153E-19, -0.02144999999999966031 ) ) ;
#5695 = VECTOR ( 'NONE', #2223, 39.37007874015748143 ) ;
#5696 = EDGE_CURVE ( 'NONE', #7026, #7217, #4264, .T. ) ;
#5697 = VERTEX_POINT ( 'NONE', #4824 ) ;
#5698 = EDGE_CURVE ( 'NONE', #2083, #2709, #1332, .T. ) ;
#5699 = CARTESIAN_POINT ( 'NONE',  ( 1.537967468810307325, -0.05000000000000000278, -0.05000000000000019013 ) ) ;
#5700 = LINE ( 'NONE', #783, #4715 ) ;
#5701 = ORIENTED_EDGE ( 'NONE', *, *, #6195, .T. ) ;
#5702 = CARTESIAN_POINT ( 'NONE',  ( 0.9379674688103074587, 3.673940397442060153E-19, -0.07855000000000071647 ) ) ;
#5703 = PLANE ( 'NONE',  #6100 ) ;
#5704 = COLOUR_RGB ( '',0.4941176470588235503, 0.4941176470588235503, 0.4941176470588235503 ) ;
#5705 = PRODUCT_DEFINITION_SHAPE ( 'NONE', 'NONE',  #7841 ) ;
#5706 = EDGE_CURVE ( 'NONE', #2436, #88, #27, .T. ) ;
#5707 = CIRCLE ( 'NONE', #7472, 0.02855000000000052982 ) ;
#5708 = DIRECTION ( 'NONE',  ( 0.0000000000000000000, 0.0000000000000000000, 1.000000000000000000 ) ) ;
#5709 = ORIENTED_EDGE ( 'NONE', *, *, #757, .T. ) ;
#5710 = PLANE ( 'NONE',  #7069 ) ;
#5711 = DIRECTION ( 'NONE',  ( -1.000000000000000000, -0.0000000000000000000, -0.0000000000000000000 ) ) ;
#5712 = FACE_OUTER_BOUND ( 'NONE', #1987, .T. ) ;
#5713 = FACE_OUTER_BOUND ( 'NONE', #2672, .T. ) ;
#5714 = AXIS2_PLACEMENT_3D ( 'NONE', #4991, #7407, #4275 ) ;
#5715 = AXIS2_PLACEMENT_3D ( 'NONE', #1704, #6582, #1032 ) ;
#5716 = VERTEX_POINT ( 'NONE', #6207 ) ;
#5717 = VERTEX_POINT ( 'NONE', #6795 ) ;
#5718 = CIRCLE ( 'NONE', #7364, 0.02855000000000052288 ) ;
#5719 = CARTESIAN_POINT ( 'NONE',  ( 1.794266468810307602, -0.1100000000000000006, -0.01574999999999998623 ) ) ;
#5720 = EDGE_LOOP ( 'NONE', ( #3682, #331, #3987, #6200 ) ) ;
#5721 = VECTOR ( 'NONE', #4525, 39.37007874015748143 ) ;
#5722 = FACE_BOUND ( 'NONE', #5080, .T. ) ;
#5723 = LINE ( 'NONE', #7535, #1145 ) ;
#5724 = DIRECTION ( 'NONE',  ( -0.0000000000000000000, 1.000000000000000000, -0.0000000000000000000 ) ) ;
#5725 = DIRECTION ( 'NONE',  ( 0.0000000000000000000, 0.0000000000000000000, 1.000000000000000000 ) ) ;
#5726 = EDGE_CURVE ( 'NONE', #7035, #2971, #4974, .T. ) ;
#5727 = EDGE_CURVE ( 'NONE', #6084, #6263, #2480, .T. ) ;
#5728 = VECTOR ( 'NONE', #1947, 39.37007874015748143 ) ;
#5729 = VERTEX_POINT ( 'NONE', #3818 ) ;
#5730 = EDGE_LOOP ( 'NONE', ( #1736, #4995, #1037, #4013 ) ) ;
#5731 = DIRECTION ( 'NONE',  ( -0.0000000000000000000, 1.000000000000000000, -0.0000000000000000000 ) ) ;
#5732 = ORIENTED_EDGE ( 'NONE', *, *, #2613, .T. ) ;
#5733 = LINE ( 'NONE', #3858, #1360 ) ;
#5734 = CARTESIAN_POINT ( 'NONE',  ( 0.7640546241443949560, -0.05000000000000000278, 0.2735041029651339439 ) ) ;
#5735 = CIRCLE ( 'NONE', #4462, 0.02855000000000052288 ) ;
#5736 = PLANE ( 'NONE',  #4195 ) ;
#5737 = CARTESIAN_POINT ( 'NONE',  ( 1.975934937620615894, -0.05000000000000000278, -0.09999999999999974187 ) ) ;
#5738 = EDGE_CURVE ( 'NONE', #2712, #3026, #1363, .T. ) ;
#5739 = VECTOR ( 'NONE', #6428, 39.37007874015748143 ) ;
#5740 = VERTEX_POINT ( 'NONE', #3262 ) ;
#5741 = CARTESIAN_POINT ( 'NONE',  ( 0.0000000000000000000, -0.05000000000000000278, 0.0000000000000000000 ) ) ;
#5742 = CARTESIAN_POINT ( 'NONE',  ( 0.6866435636729979475, -0.05000000000000000278, 0.2453287811505719951 ) ) ;
#5743 = ORIENTED_EDGE ( 'NONE', *, *, #4781, .T. ) ;
#5744 = ORIENTED_EDGE ( 'NONE', *, *, #5997, .T. ) ;
#5745 = CYLINDRICAL_SURFACE ( 'NONE', #4800, 0.02855000000000052635 ) ;
#5746 = CYLINDRICAL_SURFACE ( 'NONE', #3680, 0.02855000000000052635 ) ;
#5747 = VECTOR ( 'NONE', #3728, 39.37007874015748143 ) ;
#5748 = ADVANCED_FACE ( 'NONE', ( #3779 ), #5689, .F. ) ;
#5749 = VECTOR ( 'NONE', #1455, 39.37007874015748143 ) ;
#5750 = CARTESIAN_POINT ( 'NONE',  ( 1.075935937620614791, -0.05000000000000000278, -9.478001694819074349E-34 ) ) ;
#5751 = VERTEX_POINT ( 'NONE', #6831 ) ;
#5752 = CARTESIAN_POINT ( 'NONE',  ( 0.5759359376206146797, 0.0000000000000000000, -9.478001694819074349E-34 ) ) ;
#5753 = CARTESIAN_POINT ( 'NONE',  ( 1.837967468810307370, 0.0000000000000000000, -0.02144999999999966725 ) ) ;
#5754 = CARTESIAN_POINT ( 'NONE',  ( 1.081668468810307537, 0.0000000000000000000, -0.08424999999999953360 ) ) ;
#5755 = DIRECTION ( 'NONE',  ( 1.355298456929802892E-15, 0.0000000000000000000, 1.000000000000000000 ) ) ;
#5756 = EDGE_CURVE ( 'NONE', #4532, #1164, #2517, .T. ) ;
#5757 = VERTEX_POINT ( 'NONE', #5051 ) ;
#5758 = ORIENTED_EDGE ( 'NONE', *, *, #7140, .T. ) ;
#5759 = STYLED_ITEM ( 'NONE', ( #3744 ), #3851 ) ;
#5760 = CARTESIAN_POINT ( 'NONE',  ( 0.2999990000000001267, 0.0000000000000000000, 0.0000000000000000000 ) ) ;
#5761 = VERTEX_POINT ( 'NONE', #3234 ) ;
#5762 = FACE_BOUND ( 'NONE', #5040, .T. ) ;
#5763 = DIRECTION ( 'NONE',  ( 0.0000000000000000000, 0.0000000000000000000, 1.000000000000000000 ) ) ;
#5764 = PLANE ( 'NONE',  #7339 ) ;
#5765 = APPLICATION_PROTOCOL_DEFINITION ( 'draft international standard', 'automotive_design', 1998, #6316 ) ;
#5766 = ORIENTED_EDGE ( 'NONE', *, *, #6931, .T. ) ;
#5767 = VERTEX_POINT ( 'NONE', #1997 ) ;
#5768 = LINE ( 'NONE', #2150, #1677 ) ;
#5769 = VERTEX_POINT ( 'NONE', #1401 ) ;
#5770 = DIRECTION ( 'NONE',  ( -0.3420201433256694346, -0.0000000000000000000, -0.9396926207859080948 ) ) ;
#5771 = CARTESIAN_POINT ( 'NONE',  ( 0.7999990000000001267, -0.1100000000000000006, 0.0000000000000000000 ) ) ;
#5772 = LINE ( 'NONE', #5017, #4067 ) ;
#5773 = CARTESIAN_POINT ( 'NONE',  ( 0.1870000000000004159, 0.0000000000000000000, 0.0000000000000000000 ) ) ;
#5774 = EDGE_LOOP ( 'NONE', ( #4033, #5367, #6427, #5955 ) ) ;
#5775 = DIRECTION ( 'NONE',  ( -0.3420201433256638834, 0.0000000000000000000, 0.9396926207859100932 ) ) ;
#5776 = DIRECTION ( 'NONE',  ( 0.3420201433256720991, 0.0000000000000000000, -0.9396926207859070956 ) ) ;
#5777 = ORIENTED_EDGE ( 'NONE', *, *, #6753, .F. ) ;
#5778 = EDGE_CURVE ( 'NONE', #1064, #2599, #6248, .T. ) ;
#5779 = CARTESIAN_POINT ( 'NONE',  ( 1.975934937620615894, -0.05000000000000000278, -0.09999999999999974187 ) ) ;
#5780 = EDGE_CURVE ( 'NONE', #6046, #5121, #3748, .T. ) ;
#5781 = EDGE_LOOP ( 'NONE', ( #4935, #3642 ) ) ;
#5782 = CARTESIAN_POINT ( 'NONE',  ( 1.394266468810307469, -0.1100000000000000006, -0.01574999999999998623 ) ) ;
#5783 = FACE_OUTER_BOUND ( 'NONE', #2315, .T. ) ;
#5784 = ORIENTED_EDGE ( 'NONE', *, *, #858, .T. ) ;
#5785 = EDGE_CURVE ( 'NONE', #611, #704, #7395, .T. ) ;
#5786 = DIRECTION ( 'NONE',  ( -0.0000000000000000000, 1.000000000000000000, -0.0000000000000000000 ) ) ;
#5787 = ORIENTED_EDGE ( 'NONE', *, *, #2011, .F. ) ;
#5788 = DIRECTION ( 'NONE',  ( 0.0000000000000000000, 0.0000000000000000000, 1.000000000000000000 ) ) ;
#5789 = CARTESIAN_POINT ( 'NONE',  ( -0.03066449223692707671, -0.05000000000000000278, -0.08424999999999913114 ) ) ;
#5790 = CARTESIAN_POINT ( 'NONE',  ( 1.794266468810307602, -0.1100000000000000006, -0.01574999999999998623 ) ) ;
#5791 = PLANE ( 'NONE',  #275 ) ;
#5792 = VECTOR ( 'NONE', #4066, 39.37007874015748143 ) ;
#5793 = ORIENTED_EDGE ( 'NONE', *, *, #4052, .F. ) ;
#5794 = CIRCLE ( 'NONE', #7557, 0.02855000000000052288 ) ;
#5796 = ADVANCED_FACE ( 'NONE', ( #3117 ), #7465, .T. ) ;
#5795 = EDGE_LOOP ( 'NONE', ( #2506, #6863, #6133, #4243 ) ) ;
#5797 = CARTESIAN_POINT ( 'NONE',  ( 0.8816684688103074707, 0.0000000000000000000, -0.08424999999999954747 ) ) ;
#5798 = VERTEX_POINT ( 'NONE', #773 ) ;
#5799 = CARTESIAN_POINT ( 'NONE',  ( 0.09054348421312118089, -0.05000000000000000278, -0.05986609558345655502 ) ) ;
#5800 = CARTESIAN_POINT ( 'NONE',  ( 0.009000000000000368816, 1.092739197465705287E-15, 0.0000000000000000000 ) ) ;
#5801 = DIRECTION ( 'NONE',  ( -0.3420201433256720991, 0.0000000000000000000, 0.9396926207859070956 ) ) ;
#5802 = APPLICATION_PROTOCOL_DEFINITION ( 'draft international standard', 'automotive_design', 1998, #7023 ) ;
#5803 = VECTOR ( 'NONE', #5327, 39.37007874015748143 ) ;
#5804 = EDGE_LOOP ( 'NONE', ( #1960, #2493, #5144, #7447 ) ) ;
#5806 = EDGE_CURVE ( 'NONE', #4865, #5494, #5654, .T. ) ;
#5805 = ORIENTED_EDGE ( 'NONE', *, *, #3457, .F. ) ;
#5807 = DIRECTION ( 'NONE',  ( -0.0000000000000000000, 1.000000000000000000, -0.0000000000000000000 ) ) ;
#5808 = ORIENTED_EDGE ( 'NONE', *, *, #5738, .T. ) ;
#5809 = CARTESIAN_POINT ( 'NONE',  ( 1.150170150084510068, -0.05000000000000000278, -0.4455386613953776775 ) ) ;
#5810 = AXIS2_PLACEMENT_3D ( 'NONE', #1147, #7724, #5235 ) ;
#5811 = CARTESIAN_POINT ( 'NONE',  ( 0.6942664688103074022, -0.1100000000000000006, -0.01574999999999998623 ) ) ;
#5812 = DIRECTION ( 'NONE',  ( -0.0000000000000000000, 1.000000000000000000, -0.0000000000000000000 ) ) ;
#5813 = DIRECTION ( 'NONE',  ( -0.9396926207859093161, 0.0000000000000000000, 0.3420201433256663814 ) ) ;
#5814 =( REPRESENTATION_RELATIONSHIP ('NONE','NONE', #1567, #7799 ) REPRESENTATION_RELATIONSHIP_WITH_TRANSFORMATION ( #1277 )SHAPE_REPRESENTATION_RELATIONSHIP( ) );
#5815 = AXIS2_PLACEMENT_3D ( 'NONE', #7165, #381, #5309 ) ;
#5816 = ORIENTED_EDGE ( 'NONE', *, *, #639, .F. ) ;
#5817 = LINE ( 'NONE', #1015, #3930 ) ;
#5818 = DIRECTION ( 'NONE',  ( -0.0000000000000000000, 1.000000000000000000, -0.0000000000000000000 ) ) ;
#5819 = VERTEX_POINT ( 'NONE', #3193 ) ;
#5820 = CARTESIAN_POINT ( 'NONE',  ( 0.3379674688103073699, 3.673940397442060153E-19, -0.05000000000000019013 ) ) ;
#5821 = ORIENTED_EDGE ( 'NONE', *, *, #7706, .F. ) ;
#5822 = CARTESIAN_POINT ( 'NONE',  ( 0.7942664688103074910, 0.0000000000000000000, -0.01574999999999998623 ) ) ;
#5823 = AXIS2_PLACEMENT_3D ( 'NONE', #4364, #3176, #1980 ) ;
#5824 = DIRECTION ( 'NONE',  ( 0.3420201433256662704, -0.0000000000000000000, 0.9396926207859092051 ) ) ;
#5825 = ADVANCED_FACE ( 'NONE', ( #3856 ), #5618, .T. ) ;
#5826 = EDGE_CURVE ( 'NONE', #2301, #7599, #6874, .T. ) ;
#5827 = ORIENTED_EDGE ( 'NONE', *, *, #7330, .T. ) ;
#5828 = CARTESIAN_POINT ( 'NONE',  ( 1.381668468810307360, -0.1100000000000000006, -0.01574999999999998623 ) ) ;
#5829 = EDGE_LOOP ( 'NONE', ( #3023, #691 ) ) ;
#5830 = DIRECTION ( 'NONE',  ( 0.0000000000000000000, 0.0000000000000000000, 1.000000000000000000 ) ) ;
#5831 = DIRECTION ( 'NONE',  ( -1.000000000000000000, 0.0000000000000000000, -7.776898252968647801E-17 ) ) ;
#5832 = LINE ( 'NONE', #2215, #388 ) ;
#5833 = CARTESIAN_POINT ( 'NONE',  ( 1.437967468810307237, 0.0000000000000000000, -0.07855000000000071647 ) ) ;
#5834 = EDGE_CURVE ( 'NONE', #198, #2709, #844, .T. ) ;
#5835 = VECTOR ( 'NONE', #6980, 39.37007874015748143 ) ;
#5836 = PRODUCT_DEFINITION_SHAPE ( 'NONE', 'NONE',  #7847 ) ;
#5837 = ORIENTED_EDGE ( 'NONE', *, *, #6835, .F. ) ;
#5838 = VERTEX_POINT ( 'NONE', #4940 ) ;
#5839 = CARTESIAN_POINT ( 'NONE',  ( 0.1910000000000004472, 0.0000000000000000000, 0.0000000000000000000 ) ) ;
#5840 = ORIENTED_EDGE ( 'NONE', *, *, #3007, .T. ) ;
#5841 = CARTESIAN_POINT ( 'NONE',  ( -0.03066449223692698303, 0.0000000000000000000, -0.01575000000000053094 ) ) ;
#5842 = PLANE ( 'NONE',  #269 ) ;
#5843 = LINE ( 'NONE', #364, #7717 ) ;
#5844 = CIRCLE ( 'NONE', #6101, 0.02855000000000052982 ) ;
#5845 = DIRECTION ( 'NONE',  ( 0.0000000000000000000, 0.0000000000000000000, 1.000000000000000000 ) ) ;
#5846 = EDGE_CURVE ( 'NONE', #5751, #4729, #4379, .T. ) ;
#5847 = ADVANCED_FACE ( 'NONE', ( #7662 ), #885, .F. ) ;
#5848 = AXIS2_PLACEMENT_3D ( 'NONE', #1696, #431, #588 ) ;
#5849 = AXIS2_PLACEMENT_3D ( 'NONE', #581, #6599, #655 ) ;
#5850 = ORIENTED_EDGE ( 'NONE', *, *, #1023, .T. ) ;
#5851 = ORIENTED_EDGE ( 'NONE', *, *, #7225, .T. ) ;
#5852 = CARTESIAN_POINT ( 'NONE',  ( 1.975934937620615894, -0.05000000000000000278, -0.09999999999999974187 ) ) ;
#5853 = ORIENTED_EDGE ( 'NONE', *, *, #7522, .F. ) ;
#5854 = DIRECTION ( 'NONE',  ( 1.000000000000000000, 0.0000000000000000000, 0.0000000000000000000 ) ) ;
#5855 = FACE_OUTER_BOUND ( 'NONE', #3362, .T. ) ;
#5856 = CARTESIAN_POINT ( 'NONE',  ( 0.0000000000000000000, -0.05000000000000000278, 0.0000000000000000000 ) ) ;
#5857 = DIRECTION ( 'NONE',  ( 1.000000000000000000, 0.0000000000000000000, 0.0000000000000000000 ) ) ;
#5858 = CIRCLE ( 'NONE', #913, 0.02855000000000052288 ) ;
#5859 = EDGE_CURVE ( 'NONE', #733, #7090, #6234, .T. ) ;
#5860 = EDGE_LOOP ( 'NONE', ( #586, #4394, #1811, #2259 ) ) ;
#5861 = PLANE ( 'NONE',  #5342 ) ;
#5862 = VECTOR ( 'NONE', #4785, 39.37007874015748143 ) ;
#5863 = CARTESIAN_POINT ( 'NONE',  ( 1.475935937620614702, -0.1100000000000000006, -0.09999999999999989453 ) ) ;
#5864 = VERTEX_POINT ( 'NONE', #2075 ) ;
#5865 = LINE ( 'NONE', #5225, #6291 ) ;
#5866 = ORIENTED_EDGE ( 'NONE', *, *, #3397, .T. ) ;
#5867 = LINE ( 'NONE', #6413, #3153 ) ;
#5868 = CARTESIAN_POINT ( 'NONE',  ( -0.005732531189692642581, 0.0000000000000000000, -0.01574999999999999664 ) ) ;
#5869 = AXIS2_PLACEMENT_3D ( 'NONE', #726, #802, #3807 ) ;
#5870 = VERTEX_POINT ( 'NONE', #6438 ) ;
#5871 = AXIS2_PLACEMENT_3D ( 'NONE', #2372, #5358, #2337 ) ;
#5872 = CARTESIAN_POINT ( 'NONE',  ( 0.5759359376206146797, -0.1100000000000000006, -0.09999999999999989453 ) ) ;
#5873 = VERTEX_POINT ( 'NONE', #4533 ) ;
#5874 = DIRECTION ( 'NONE',  ( -1.000000000000000000, -0.0000000000000000000, -0.0000000000000000000 ) ) ;
#5875 = ADVANCED_FACE ( 'NONE', ( #6909 ), #1476, .F. ) ;
#5876 = CARTESIAN_POINT ( 'NONE',  ( 0.5379674688103074365, 3.673940397442060153E-19, -0.05000000000000019013 ) ) ;
#5877 = DIRECTION ( 'NONE',  ( 0.0000000000000000000, 0.0000000000000000000, 1.000000000000000000 ) ) ;
#5878 = AXIS2_PLACEMENT_3D ( 'NONE', #47, #2645, #6706 ) ;
#5879 = VERTEX_POINT ( 'NONE', #2191 ) ;
#5880 = ORIENTED_EDGE ( 'NONE', *, *, #1125, .T. ) ;
#5881 = FACE_BOUND ( 'NONE', #142, .T. ) ;
#5882 = ORIENTED_EDGE ( 'NONE', *, *, #2407, .T. ) ;
#5884 = EDGE_CURVE ( 'NONE', #4189, #7131, #4054, .T. ) ;
#5883 = LINE ( 'NONE', #6430, #226 ) ;
#5885 = ADVANCED_FACE ( 'NONE', ( #4617 ), #2711, .F. ) ;
#5886 = CARTESIAN_POINT ( 'NONE',  ( 1.394266468810307469, 0.0000000000000000000, -0.08424999999999957523 ) ) ;
#5887 = VECTOR ( 'NONE', #3160, 39.37007874015748143 ) ;
#5888 = CARTESIAN_POINT ( 'NONE',  ( 1.881668468810307582, -0.05000000000000000278, -0.08424999999999954747 ) ) ;
#5889 = DIRECTION ( 'NONE',  ( -3.491481338843133355E-15, -1.000000000000000000, 0.0000000000000000000 ) ) ;
#5890 = LINE ( 'NONE', #7657, #4609 ) ;
#5891 = LINE ( 'NONE', #4709, #5792 ) ;
#5892 = ORIENTED_EDGE ( 'NONE', *, *, #1288, .T. ) ;
#5893 = EDGE_LOOP ( 'NONE', ( #7040, #3483, #3993, #2139 ) ) ;
#5894 = FILL_AREA_STYLE ('',( #3542 ) ) ;
#5895 = VERTEX_POINT ( 'NONE', #1515 ) ;
#5896 = CARTESIAN_POINT ( 'NONE',  ( 1.987967468810307503, -0.05000000000000000278, -0.08424999999999935318 ) ) ;
#5897 = ADVANCED_FACE ( 'NONE', ( #3893 ), #6320, .T. ) ;
#5898 = CARTESIAN_POINT ( 'NONE',  ( 1.281668468810307271, 0.0000000000000000000, -0.08424999999999954747 ) ) ;
#5899 = CARTESIAN_POINT ( 'NONE',  ( 1.537967468810307325, -0.05000000000000000278, -0.05000000000000019013 ) ) ;
#5900 = CARTESIAN_POINT ( 'NONE',  ( 1.137967468810307414, -0.05000000000000000278, -0.07855000000000071647 ) ) ;
#5901 = ORIENTED_EDGE ( 'NONE', *, *, #6226, .F. ) ;
#5902 = ORIENTED_EDGE ( 'NONE', *, *, #2039, .T. ) ;
#5903 = CARTESIAN_POINT ( 'NONE',  ( -0.03066449223692707671, -0.05000000000000000278, -0.08424999999999695233 ) ) ;
#5904 = CARTESIAN_POINT ( 'NONE',  ( 1.581668468810307315, 0.0000000000000000000, -0.01574999999999998623 ) ) ;
#5905 = ORIENTED_EDGE ( 'NONE', *, *, #452, .T. ) ;
#5906 = CARTESIAN_POINT ( 'NONE',  ( 1.975934937620615894, 0.0000000000000000000, -0.09999999999999974187 ) ) ;
#5907 = EDGE_CURVE ( 'NONE', #3461, #4531, #5091, .T. ) ;
#5908 = EDGE_LOOP ( 'NONE', ( #4698, #6892, #3261, #8 ) ) ;
#5909 = CARTESIAN_POINT ( 'NONE',  ( 0.0000000000000000000, -0.05000000000000000278, 0.0000000000000000000 ) ) ;
#5910 = PLANE ( 'NONE',  #7605 ) ;
#5911 = EDGE_LOOP ( 'NONE', ( #3263, #5977 ) ) ;
#5912 = EDGE_CURVE ( 'NONE', #927, #1722, #5999, .T. ) ;
#5913 = DIRECTION ( 'NONE',  ( 0.3420201433256663259, 0.0000000000000000000, 0.9396926207859092051 ) ) ;
#5914 = VERTEX_POINT ( 'NONE', #5255 ) ;
#5915 = FACE_OUTER_BOUND ( 'NONE', #7672, .T. ) ;
#5916 = LINE ( 'NONE', #3444, #4437 ) ;
#5917 = CARTESIAN_POINT ( 'NONE',  ( 1.694266468810307513, -0.1100000000000000006, -0.01574999999999998623 ) ) ;
#5918 = DIRECTION ( 'NONE',  ( 1.000000000000000000, 0.0000000000000000000, 0.0000000000000000000 ) ) ;
#5919 = ORIENTED_EDGE ( 'NONE', *, *, #2666, .F. ) ;
#5920 = ORIENTED_EDGE ( 'NONE', *, *, #6358, .T. ) ;
#5921 = FACE_OUTER_BOUND ( 'NONE', #1911, .T. ) ;
#5922 = ORIENTED_EDGE ( 'NONE', *, *, #6726, .T. ) ;
#5923 = LINE ( 'NONE', #3533, #5553 ) ;
#5924 = VECTOR ( 'NONE', #3392, 39.37007874015748143 ) ;
#5925 = CARTESIAN_POINT ( 'NONE',  ( 0.0000000000000000000, -0.05000000000000000278, 0.0000000000000000000 ) ) ;
#5926 = CARTESIAN_POINT ( 'NONE',  ( 0.1679545446845125689, -0.05000000000000000278, -0.08804141739802455457 ) ) ;
#5928 = EDGE_CURVE ( 'NONE', #5634, #5048, #3343, .T. ) ;
#5927 = LINE ( 'NONE', #5250, #4232 ) ;
#5929 = EDGE_CURVE ( 'NONE', #6102, #3905, #5768, .T. ) ;
#5930 = ORIENTED_EDGE ( 'NONE', *, *, #4494, .T. ) ;
#5931 = EDGE_LOOP ( 'NONE', ( #827, #2021, #2329, #3035 ) ) ;
#5932 = CARTESIAN_POINT ( 'NONE',  ( 0.1910000000000004472, 1.102182119232596187E-18, -0.008999999999999822378 ) ) ;
#5933 = ORIENTED_EDGE ( 'NONE', *, *, #6069, .F. ) ;
#5934 = CARTESIAN_POINT ( 'NONE',  ( 1.794266468810307602, 0.0000000000000000000, -0.01574999999999998623 ) ) ;
#5935 = FACE_OUTER_BOUND ( 'NONE', #843, .T. ) ;
#5936 = VECTOR ( 'NONE', #2476, 39.37007874015748143 ) ;
#5937 = DIRECTION ( 'NONE',  ( -0.3420201433256663259, 0.0000000000000000000, -0.9396926207859092051 ) ) ;
#5938 = ADVANCED_FACE ( 'NONE', ( #7027 ), #2229, .F. ) ;
#5939 = ORIENTED_EDGE ( 'NONE', *, *, #6185, .T. ) ;
#5940 = CIRCLE ( 'NONE', #2512, 0.02855000000000052288 ) ;
#5941 = DIRECTION ( 'NONE',  ( -1.000000000000000000, -0.0000000000000000000, -0.0000000000000000000 ) ) ;
#5942 = PLANE ( 'NONE',  #3320 ) ;
#5943 = EDGE_LOOP ( 'NONE', ( #1807, #4625, #3591, #6607 ) ) ;
#5944 = CARTESIAN_POINT ( 'NONE',  ( 1.237967468810307281, 0.0000000000000000000, -0.07855000000000071647 ) ) ;
#5945 = ORIENTED_EDGE ( 'NONE', *, *, #235, .T. ) ;
#5946 = CARTESIAN_POINT ( 'NONE',  ( 1.675935937620614880, -0.05000000000000000278, -0.09999999999999989453 ) ) ;
#5947 = CARTESIAN_POINT ( 'NONE',  ( 0.03796746881030733239, -0.05000000000000000278, -0.05000000000000019013 ) ) ;
#5948 = EDGE_CURVE ( 'NONE', #7393, #7587, #4655, .T. ) ;
#5949 = VECTOR ( 'NONE', #552, 39.37007874015748143 ) ;
#5950 = ADVANCED_FACE ( 'NONE', ( #1639 ), #6399, .F. ) ;
#5951 = EDGE_CURVE ( 'NONE', #2919, #2301, #5735, .T. ) ;
#5952 = ORIENTED_EDGE ( 'NONE', *, *, #5517, .F. ) ;
#5953 = CIRCLE ( 'NONE', #1890, 0.02855000000000052982 ) ;
#5954 = DIRECTION ( 'NONE',  ( -0.0000000000000000000, 1.000000000000000000, -0.0000000000000000000 ) ) ;
#5955 = ORIENTED_EDGE ( 'NONE', *, *, #1023, .F. ) ;
#5956 = DIRECTION ( 'NONE',  ( -1.000000000000000000, -0.0000000000000000000, -0.0000000000000000000 ) ) ;
#5957 = DIRECTION ( 'NONE',  ( 1.000000000000000000, 0.0000000000000000000, 0.0000000000000000000 ) ) ;
#5958 = DIRECTION ( 'NONE',  ( -0.0000000000000000000, 1.000000000000000000, -0.0000000000000000000 ) ) ;
#5959 = LINE ( 'NONE', #4082, #4871 ) ;
#5960 = VECTOR ( 'NONE', #5525, 39.37007874015748143 ) ;
#5961 = EDGE_CURVE ( 'NONE', #2151, #2954, #34, .T. ) ;
#5962 = ORIENTED_EDGE ( 'NONE', *, *, #2689, .T. ) ;
#5963 = ORIENTED_EDGE ( 'NONE', *, *, #1417, .F. ) ;
#5964 = CARTESIAN_POINT ( 'NONE',  ( 0.7379674688103073921, -0.05000000000000000278, -0.05000000000000019013 ) ) ;
#5965 = ORIENTED_EDGE ( 'NONE', *, *, #7613, .F. ) ;
#5966 = LINE ( 'NONE', #2979, #2252 ) ;
#5967 = DIRECTION ( 'NONE',  ( 0.0000000000000000000, 0.0000000000000000000, 1.000000000000000000 ) ) ;
#5968 = ORIENTED_EDGE ( 'NONE', *, *, #6053, .F. ) ;
#5969 = DIRECTION ( 'NONE',  ( -0.3420201433256694346, -0.0000000000000000000, -0.9396926207859080948 ) ) ;
#5970 = CONTEXT_DEPENDENT_SHAPE_REPRESENTATION ( #7285, #1092 ) ;
#5971 = VECTOR ( 'NONE', #7422, 39.37007874015748854 ) ;
#5972 = CARTESIAN_POINT ( 'NONE',  ( 0.7999990000000001267, 0.0000000000000000000, 0.0000000000000000000 ) ) ;
#5973 = ORIENTED_EDGE ( 'NONE', *, *, #1760, .T. ) ;
#5974 = ORIENTED_EDGE ( 'NONE', *, *, #4863, .F. ) ;
#5975 = VECTOR ( 'NONE', #3404, 39.37007874015748143 ) ;
#5976 = SURFACE_STYLE_USAGE ( .BOTH. , #4856 ) ;
#5977 = ORIENTED_EDGE ( 'NONE', *, *, #295, .F. ) ;
#5978 = MANIFOLD_SOLID_BREP ( 'RevolutionAngle1', #5286 ) ;
#5979 = DIRECTION ( 'NONE',  ( 0.0000000000000000000, 0.0000000000000000000, 1.000000000000000000 ) ) ;
#5980 =( NAMED_UNIT ( * ) SI_UNIT ( $, .STERADIAN. ) SOLID_ANGLE_UNIT ( ) );
#5981 = EDGE_CURVE ( 'NONE', #3115, #2147, #2869, .T. ) ;
#5982 = VECTOR ( 'NONE', #4508, 39.37007874015748143 ) ;
#5983 = VECTOR ( 'NONE', #4121, 39.37007874015748143 ) ;
#5984 = VERTEX_POINT ( 'NONE', #3503 ) ;
#5985 = DIRECTION ( 'NONE',  ( -1.000000000000000000, 0.0000000000000000000, -7.776898252968647801E-17 ) ) ;
#5986 = DIRECTION ( 'NONE',  ( 0.3420201433256662704, -0.0000000000000000000, 0.9396926207859092051 ) ) ;
#5987 = VERTEX_POINT ( 'NONE', #7701 ) ;
#5988 = LINE ( 'NONE', #550, #3758 ) ;
#5989 = CARTESIAN_POINT ( 'NONE',  ( 1.894266468810307691, -0.1100000000000000006, -0.08424999999999957523 ) ) ;
#5990 = ADVANCED_FACE ( 'NONE', ( #7230 ), #578, .T. ) ;
#5991 = FACE_OUTER_BOUND ( 'NONE', #7046, .T. ) ;
#5992 = AXIS2_PLACEMENT_3D ( 'NONE', #2537, #6858, #6233 ) ;
#5993 = EDGE_LOOP ( 'NONE', ( #1524, #1854, #6160, #2683 ) ) ;
#5994 = PLANE ( 'NONE',  #5871 ) ;
#5995 = VERTEX_POINT ( 'NONE', #5381 ) ;
#5996 = DIRECTION ( 'NONE',  ( 1.000000000000000000, 0.0000000000000000000, 0.0000000000000000000 ) ) ;
#5997 = EDGE_CURVE ( 'NONE', #4893, #5292, #7746, .T. ) ;
#5998 = CARTESIAN_POINT ( 'NONE',  ( 1.494266468810307558, -0.05000000000000000278, -0.01574999999999998623 ) ) ;
#5999 = CIRCLE ( 'NONE', #669, 0.03600000000000147526 ) ;
#6000 = CARTESIAN_POINT ( 'NONE',  ( 0.08166846881030738470, -0.1100000000000000006, -0.01574999999999998623 ) ) ;
#6001 = VECTOR ( 'NONE', #1166, 39.37007874015748143 ) ;
#6002 = VERTEX_POINT ( 'NONE', #5932 ) ;
#6003 = LINE ( 'NONE', #6659, #3508 ) ;
#6004 = FACE_BOUND ( 'NONE', #5624, .T. ) ;
#6005 = ORIENTED_EDGE ( 'NONE', *, *, #4902, .F. ) ;
#6006 = CARTESIAN_POINT ( 'NONE',  ( 1.381668468810307360, -0.1100000000000000006, -0.01574999999999998623 ) ) ;
#6007 = EDGE_CURVE ( 'NONE', #613, #6758, #2437, .T. ) ;
#6008 = FACE_OUTER_BOUND ( 'NONE', #4314, .T. ) ;
#6009 = ORIENTED_EDGE ( 'NONE', *, *, #5035, .T. ) ;
#6010 = DIRECTION ( 'NONE',  ( -0.0000000000000000000, 1.000000000000000000, -0.0000000000000000000 ) ) ;
#6011 = CIRCLE ( 'NONE', #2568, 0.02855000000000052288 ) ;
#6012 = CARTESIAN_POINT ( 'NONE',  ( 1.975934937620615894, -0.05000000000000000278, -0.09999999999999974187 ) ) ;
#6013 = VERTEX_POINT ( 'NONE', #7114 ) ;
#6014 = VERTEX_POINT ( 'NONE', #6636 ) ;
#6015 = VECTOR ( 'NONE', #372, 39.37007874015748854 ) ;
#6016 = ORIENTED_EDGE ( 'NONE', *, *, #192, .T. ) ;
#6017 = DIRECTION ( 'NONE',  ( -0.0000000000000000000, 1.000000000000000000, -0.0000000000000000000 ) ) ;
#6018 = DIRECTION ( 'NONE',  ( -1.000000000000000000, 0.0000000000000000000, -7.776898252968646568E-17 ) ) ;
#6019 = VECTOR ( 'NONE', #7252, 39.37007874015748143 ) ;
#6020 = ORIENTED_EDGE ( 'NONE', *, *, #4239, .F. ) ;
#6021 = DIRECTION ( 'NONE',  ( -0.0000000000000000000, 1.000000000000000000, -0.0000000000000000000 ) ) ;
#6022 = DIRECTION ( 'NONE',  ( -0.3420201433256694346, -0.0000000000000000000, -0.9396926207859080948 ) ) ;
#6023 = ORIENTED_EDGE ( 'NONE', *, *, #2334, .T. ) ;
#6024 = LINE ( 'NONE', #7715, #4782 ) ;
#6025 = LINE ( 'NONE', #7719, #2938 ) ;
#6026 = EDGE_CURVE ( 'NONE', #5122, #1842, #1682, .T. ) ;
#6027 = VERTEX_POINT ( 'NONE', #4100 ) ;
#6028 = EDGE_CURVE ( 'NONE', #2561, #5292, #3025, .T. ) ;
#6029 = CARTESIAN_POINT ( 'NONE',  ( 1.737967468810307281, -0.05000000000000000278, -0.02144999999999967072 ) ) ;
#6030 = FACE_OUTER_BOUND ( 'NONE', #2111, .T. ) ;
#6031 = CARTESIAN_POINT ( 'NONE',  ( 0.9759359376206147019, -0.1100000000000000006, -9.478001694819074349E-34 ) ) ;
#6032 = LINE ( 'NONE', #5437, #571 ) ;
#6033 = EDGE_CURVE ( 'NONE', #6496, #6995, #6118, .T. ) ;
#6034 = ORIENTED_EDGE ( 'NONE', *, *, #2985, .F. ) ;
#6035 = DIRECTION ( 'NONE',  ( -1.000000000000000000, -0.0000000000000000000, -0.0000000000000000000 ) ) ;
#6036 = DIRECTION ( 'NONE',  ( 0.0000000000000000000, 0.0000000000000000000, 1.000000000000000000 ) ) ;
#6037 = VERTEX_POINT ( 'NONE', #4778 ) ;
#6038 = DIRECTION ( 'NONE',  ( -1.000000000000000000, 0.0000000000000000000, -7.776898252968646568E-17 ) ) ;
#6039 = DIRECTION ( 'NONE',  ( -1.000000000000000000, 0.0000000000000000000, -0.0000000000000000000 ) ) ;
#6040 = LINE ( 'NONE', #1633, #5695 ) ;
#6041 = FACE_OUTER_BOUND ( 'NONE', #7295, .T. ) ;
#6042 = EDGE_CURVE ( 'NONE', #2607, #1985, #1841, .T. ) ;
#6043 = CARTESIAN_POINT ( 'NONE',  ( 1.799999000000000127, -0.1100000000000000006, 0.0000000000000000000 ) ) ;
#6044 = EDGE_CURVE ( 'NONE', #4311, #5022, #4256, .T. ) ;
#6045 = ORIENTED_EDGE ( 'NONE', *, *, #5492, .F. ) ;
#6046 = VERTEX_POINT ( 'NONE', #7190 ) ;
#6047 = DIRECTION ( 'NONE',  ( -0.0000000000000000000, 1.000000000000000000, -0.0000000000000000000 ) ) ;
#6048 = VERTEX_POINT ( 'NONE', #4180 ) ;
#6049 = DIRECTION ( 'NONE',  ( -3.387708325476583695E-16, 0.0000000000000000000, 1.000000000000000000 ) ) ;
#6050 = CARTESIAN_POINT ( 'NONE',  ( 0.8942664688103074688, -0.1100000000000000006, -0.08424999999999957523 ) ) ;
#6051 = SHAPE_REPRESENTATION_RELATIONSHIP ( 'NONE' , 'NONE' ,  #3490, #7071 ) ;
#6052 = CIRCLE ( 'NONE', #2616, 0.02855000000000052982 ) ;
#6053 = EDGE_CURVE ( 'NONE', #6220, #23, #5415, .T. ) ;
#6054 = ORIENTED_EDGE ( 'NONE', *, *, #2713, .T. ) ;
#6055 = CARTESIAN_POINT ( 'NONE',  ( 1.237967468810307281, 3.673940397442060153E-19, -0.07855000000000071647 ) ) ;
#6056 = DIRECTION ( 'NONE',  ( -0.0000000000000000000, 1.000000000000000000, -0.0000000000000000000 ) ) ;
#6057 = ORIENTED_EDGE ( 'NONE', *, *, #5510, .T. ) ;
#6058 = CARTESIAN_POINT ( 'NONE',  ( 1.694266468810307513, -0.05000000000000000278, -0.08424999999999957523 ) ) ;
#6059 = VECTOR ( 'NONE', #62, 39.37007874015748143 ) ;
#6060 = CARTESIAN_POINT ( 'NONE',  ( 1.775935937620614746, -0.05000000000000000278, -0.09999999999999989453 ) ) ;
#6061 = CIRCLE ( 'NONE', #7824, 0.02855000000000052288 ) ;
#6062 = ORIENTED_EDGE ( 'NONE', *, *, #7159, .F. ) ;
#6063 = PLANE ( 'NONE',  #2965 ) ;
#6064 = VERTEX_POINT ( 'NONE', #6085 ) ;
#6065 = LINE ( 'NONE', #4796, #5311 ) ;
#6066 = AXIS2_PLACEMENT_3D ( 'NONE', #4119, #3996, #6419 ) ;
#6067 = CARTESIAN_POINT ( 'NONE',  ( 1.337967468810307370, 3.673940397442060153E-19, -0.05000000000000019013 ) ) ;
#6068 = ADVANCED_FACE ( 'NONE', ( #2023 ), #3658, .F. ) ;
#6069 = EDGE_CURVE ( 'NONE', #5716, #4893, #4403, .T. ) ;
#6070 = VECTOR ( 'NONE', #5106, 39.37007874015748143 ) ;
#6071 = ORIENTED_EDGE ( 'NONE', *, *, #396, .F. ) ;
#6072 = DIRECTION ( 'NONE',  ( 0.0000000000000000000, 0.0000000000000000000, 1.000000000000000000 ) ) ;
#6073 = LINE ( 'NONE', #1381, #4349 ) ;
#6074 = VERTEX_POINT ( 'NONE', #1322 ) ;
#6075 = LINE ( 'NONE', #1904, #1621 ) ;
#6076 = CARTESIAN_POINT ( 'NONE',  ( 0.1910000000000004472, 0.0000000000000000000, 0.0000000000000000000 ) ) ;
#6077 = ORIENTED_EDGE ( 'NONE', *, *, #6705, .F. ) ;
#6078 = LINE ( 'NONE', #1834, #2910 ) ;
#6079 = DIRECTION ( 'NONE',  ( 0.0000000000000000000, 0.0000000000000000000, 1.000000000000000000 ) ) ;
#6080 = AXIS2_PLACEMENT_3D ( 'NONE', #5249, #4691, #7221 ) ;
#6081 = ADVANCED_FACE ( 'NONE', ( #3106 ), #163, .F. ) ;
#6082 = PLANE ( 'NONE',  #5878 ) ;
#6083 = EDGE_LOOP ( 'NONE', ( #2994, #6658 ) ) ;
#6084 = VERTEX_POINT ( 'NONE', #3699 ) ;
#6085 = CARTESIAN_POINT ( 'NONE',  ( 0.1999990000000001211, -0.05000000000000000278, -0.09999999999999989453 ) ) ;
#6086 = ORIENTED_EDGE ( 'NONE', *, *, #6974, .T. ) ;
#6087 = DIRECTION ( 'NONE',  ( -1.000000000000000000, 0.0000000000000000000, 0.0000000000000000000 ) ) ;
#6088 = ORIENTED_EDGE ( 'NONE', *, *, #7612, .T. ) ;
#6089 = AXIS2_PLACEMENT_3D ( 'NONE', #6759, #5538, #1331 ) ;
#6090 = EDGE_CURVE ( 'NONE', #2889, #2218, #2543, .T. ) ;
#6091 = DIRECTION ( 'NONE',  ( 1.000000000000000000, 0.0000000000000000000, 0.0000000000000000000 ) ) ;
#6092 = VECTOR ( 'NONE', #5524, 39.37007874015748143 ) ;
#6093 = ORIENTED_EDGE ( 'NONE', *, *, #3546, .F. ) ;
#6094 = DIRECTION ( 'NONE',  ( -0.0000000000000000000, 1.000000000000000000, -0.0000000000000000000 ) ) ;
#6095 = DIRECTION ( 'NONE',  ( 0.3420201433256695456, 0.0000000000000000000, 0.9396926207859080948 ) ) ;
#6096 = ORIENTED_EDGE ( 'NONE', *, *, #2039, .F. ) ;
#6097 = DIRECTION ( 'NONE',  ( -0.0000000000000000000, 1.000000000000000000, -0.0000000000000000000 ) ) ;
#6098 = ADVANCED_FACE ( 'NONE', ( #6709 ), #1390, .F. ) ;
#6099 = CARTESIAN_POINT ( 'NONE',  ( 0.5942664688103074244, -0.1100000000000000006, -0.01574999999999998623 ) ) ;
#6100 = AXIS2_PLACEMENT_3D ( 'NONE', #225, #7480, #859 ) ;
#6101 = AXIS2_PLACEMENT_3D ( 'NONE', #6643, #2238, #4187 ) ;
#6102 = VERTEX_POINT ( 'NONE', #5004 ) ;
#6103 = CIRCLE ( 'NONE', #2042, 0.009000000000000915254 ) ;
#6104 = PLANE ( 'NONE',  #7133 ) ;
#6105 = ORIENTED_EDGE ( 'NONE', *, *, #954, .F. ) ;
#6106 = DIRECTION ( 'NONE',  ( 1.000000000000000000, 0.0000000000000000000, 0.0000000000000000000 ) ) ;
#6107 = CARTESIAN_POINT ( 'NONE',  ( 0.0000000000000000000, -0.05000000000000000278, 0.0000000000000000000 ) ) ;
#6108 = VECTOR ( 'NONE', #3286, 39.37007874015748854 ) ;
#6109 = ORIENTED_EDGE ( 'NONE', *, *, #2397, .F. ) ;
#6110 = PLANE ( 'NONE',  #1860 ) ;
#6111 = AXIS2_PLACEMENT_3D ( 'NONE', #1559, #250, #4575 ) ;
#6112 = DIRECTION ( 'NONE',  ( 0.0000000000000000000, -1.000000000000000000, 0.0000000000000000000 ) ) ;
#6113 = VERTEX_POINT ( 'NONE', #5496 ) ;
#6114 = LINE ( 'NONE', #681, #101 ) ;
#6115 = CARTESIAN_POINT ( 'NONE',  ( 0.2379674688103073643, 0.0000000000000000000, -0.02144999999999966725 ) ) ;
#6116 = DIRECTION ( 'NONE',  ( -0.9396926207859072067, 0.0000000000000000000, -0.3420201433256721546 ) ) ;
#6117 = CARTESIAN_POINT ( 'NONE',  ( 0.1710000000000004572, 0.0000000000000000000, 0.0000000000000000000 ) ) ;
#6118 = CIRCLE ( 'NONE', #2566, 0.02900000000000000147 ) ;
#6119 = DIRECTION ( 'NONE',  ( 0.3420201433256720991, 0.0000000000000000000, -0.9396926207859070956 ) ) ;
#6120 = ADVANCED_FACE ( 'NONE', ( #2618 ), #7419, .F. ) ;
#6121 = VERTEX_POINT ( 'NONE', #1352 ) ;
#6122 = ADVANCED_FACE ( 'NONE', ( #4333 ), #5568, .F. ) ;
#6123 = ORIENTED_EDGE ( 'NONE', *, *, #3888, .F. ) ;
#6124 = CARTESIAN_POINT ( 'NONE',  ( 1.394266468810307469, -0.1100000000000000006, -0.08424999999999957523 ) ) ;
#6125 = VERTEX_POINT ( 'NONE', #7346 ) ;
#6126 = CARTESIAN_POINT ( 'NONE',  ( 0.7379674688103073921, 3.673940397442060153E-19, -0.05000000000000019013 ) ) ;
#6127 = CARTESIAN_POINT ( 'NONE',  ( 0.4379674688103074032, 3.673940397442060153E-19, -0.07855000000000071647 ) ) ;
#6128 = ORIENTED_EDGE ( 'NONE', *, *, #4008, .T. ) ;
#6129 = VECTOR ( 'NONE', #2347, 39.37007874015748854 ) ;
#6130 = DIRECTION ( 'NONE',  ( 0.0000000000000000000, 0.0000000000000000000, 1.000000000000000000 ) ) ;
#6131 =( LENGTH_UNIT ( ) NAMED_UNIT ( * ) SI_UNIT ( $, .METRE. ) );
#6132 = AXIS2_PLACEMENT_3D ( 'NONE', #3022, #6158, #3695 ) ;
#6133 = ORIENTED_EDGE ( 'NONE', *, *, #3128, .T. ) ;
#6134 = EDGE_CURVE ( 'NONE', #2413, #400, #6199, .T. ) ;
#6135 = DIRECTION ( 'NONE',  ( -1.000000000000000000, -0.0000000000000000000, -0.0000000000000000000 ) ) ;
#6136 = CARTESIAN_POINT ( 'NONE',  ( 1.099999000000000171, -0.1100000000000000006, -0.09999999999999989453 ) ) ;
#6137 = VERTEX_POINT ( 'NONE', #1914 ) ;
#6138 = CARTESIAN_POINT ( 'NONE',  ( 1.503379038708306359, -0.05000000000000000278, -0.5740961833326848618 ) ) ;
#6139 = FACE_OUTER_BOUND ( 'NONE', #6416, .T. ) ;
#6140 = CIRCLE ( 'NONE', #434, 0.03600000000000147526 ) ;
#6141 = ORIENTED_EDGE ( 'NONE', *, *, #1187, .F. ) ;
#6142 = ADVANCED_FACE ( 'NONE', ( #6161 ), #1877, .F. ) ;
#6143 = AXIS2_PLACEMENT_3D ( 'NONE', #1396, #4339, #3228 ) ;
#6144 = CARTESIAN_POINT ( 'NONE',  ( 0.08166846881030738470, -0.1100000000000000006, -0.01574999999999998623 ) ) ;
#6145 = CARTESIAN_POINT ( 'NONE',  ( 0.4816684688103073930, 0.0000000000000000000, -0.08424999999999954747 ) ) ;
#6146 = ORIENTED_EDGE ( 'NONE', *, *, #4426, .T. ) ;
#6147 = CARTESIAN_POINT ( 'NONE',  ( -0.03066449223692698303, -0.05000000000000000278, -0.01574999999999998623 ) ) ;
#6148 = DIRECTION ( 'NONE',  ( 1.000000000000000000, 0.0000000000000000000, -0.0000000000000000000 ) ) ;
#6149 = EDGE_CURVE ( 'NONE', #23, #2260, #5039, .T. ) ;
#6150 = ORIENTED_EDGE ( 'NONE', *, *, #5604, .F. ) ;
#6151 = FACE_OUTER_BOUND ( 'NONE', #5425, .T. ) ;
#6152 = DIRECTION ( 'NONE',  ( -0.0000000000000000000, 1.000000000000000000, -0.0000000000000000000 ) ) ;
#6153 = VERTEX_POINT ( 'NONE', #1952 ) ;
#6154 = DIRECTION ( 'NONE',  ( 0.0000000000000000000, 0.0000000000000000000, 1.000000000000000000 ) ) ;
#6155 = CARTESIAN_POINT ( 'NONE',  ( 0.9816684688103075596, -0.1100000000000000006, -0.08424999999999954747 ) ) ;
#6156 = PLANE ( 'NONE',  #6943 ) ;
#6157 = CARTESIAN_POINT ( 'NONE',  ( 1.481668468810307449, -0.05000000000000000278, -0.01574999999999998623 ) ) ;
#6158 = DIRECTION ( 'NONE',  ( -0.0000000000000000000, 0.0000000000000000000, 1.000000000000000000 ) ) ;
#6159 = ORIENTED_EDGE ( 'NONE', *, *, #6477, .T. ) ;
#6160 = ORIENTED_EDGE ( 'NONE', *, *, #1266, .T. ) ;
#6161 = FACE_OUTER_BOUND ( 'NONE', #359, .T. ) ;
#6162 = ORIENTED_EDGE ( 'NONE', *, *, #3664, .F. ) ;
#6163 = PLANE ( 'NONE',  #3890 ) ;
#6164 = CARTESIAN_POINT ( 'NONE',  ( 1.899999000000000215, -0.05000000000000000278, 0.0000000000000000000 ) ) ;
#6165 = DIRECTION ( 'NONE',  ( 0.0000000000000000000, 1.000000000000000000, 0.0000000000000000000 ) ) ;
#6166 = CARTESIAN_POINT ( 'NONE',  ( 0.0000000000000000000, 0.0000000000000000000, 0.0000000000000000000 ) ) ;
#6167 = EDGE_CURVE ( 'NONE', #3884, #4186, #3145, .T. ) ;
#6168 = ADVANCED_FACE ( 'NONE', ( #200 ), #4442, .F. ) ;
#6169 = ORIENTED_EDGE ( 'NONE', *, *, #7761, .F. ) ;
#6170 = CARTESIAN_POINT ( 'NONE',  ( 0.9515502301408440555, -0.05000000000000000278, 0.3417469226035537710 ) ) ;
#6171 = DIRECTION ( 'NONE',  ( 1.000000000000000000, -0.0000000000000000000, 3.387708325476583695E-16 ) ) ;
#6172 = VERTEX_POINT ( 'NONE', #7385 ) ;
#6173 = DIRECTION ( 'NONE',  ( -0.0000000000000000000, 1.000000000000000000, -0.0000000000000000000 ) ) ;
#6174 = VECTOR ( 'NONE', #2800, 39.37007874015748854 ) ;
#6175 = DIRECTION ( 'NONE',  ( 0.0000000000000000000, 1.000000000000000000, 0.0000000000000000000 ) ) ;
#6176 = LINE ( 'NONE', #3528, #1199 ) ;
#6177 = EDGE_CURVE ( 'NONE', #6398, #1009, #4851, .T. ) ;
#6178 = ORIENTED_EDGE ( 'NONE', *, *, #7531, .T. ) ;
#6179 = VECTOR ( 'NONE', #6097, 39.37007874015748143 ) ;
#6180 = CARTESIAN_POINT ( 'NONE',  ( 0.8379674688103073699, -0.05000000000000000278, -0.05000000000000019013 ) ) ;
#6181 = ORIENTED_EDGE ( 'NONE', *, *, #4802, .T. ) ;
#6182 = LINE ( 'NONE', #2564, #869 ) ;
#6183 = CARTESIAN_POINT ( 'NONE',  ( 0.2910000000000024234, 0.008999999999999149305, 0.0000000000000000000 ) ) ;
#6184 = VECTOR ( 'NONE', #1712, 39.37007874015748143 ) ;
#6185 = EDGE_CURVE ( 'NONE', #3233, #1502, #7495, .T. ) ;
#6186 = ORIENTED_EDGE ( 'NONE', *, *, #7687, .F. ) ;
#6187 = CIRCLE ( 'NONE', #619, 0.02855000000000052288 ) ;
#6188 = LINE ( 'NONE', #2122, #2875 ) ;
#6189 = LINE ( 'NONE', #1310, #7764 ) ;
#6190 = EDGE_LOOP ( 'NONE', ( #1801, #6245, #3067, #3974 ) ) ;
#6191 = DIRECTION ( 'NONE',  ( 7.776898252968646568E-17, 0.0000000000000000000, -1.000000000000000000 ) ) ;
#6192 = DIRECTION ( 'NONE',  ( -0.0000000000000000000, 1.000000000000000000, -0.0000000000000000000 ) ) ;
#6193 = LINE ( 'NONE', #79, #628 ) ;
#6194 = CARTESIAN_POINT ( 'NONE',  ( 1.975934937620615894, -0.05000000000000000278, -0.09999999999999974187 ) ) ;
#6195 = EDGE_CURVE ( 'NONE', #894, #4853, #918, .T. ) ;
#6196 = VECTOR ( 'NONE', #7478, 39.37007874015748143 ) ;
#6197 = ORIENTED_EDGE ( 'NONE', *, *, #314, .F. ) ;
#6198 = ORIENTED_EDGE ( 'NONE', *, *, #3992, .T. ) ;
#6199 = LINE ( 'NONE', #1986, #3078 ) ;
#6200 = ORIENTED_EDGE ( 'NONE', *, *, #7461, .F. ) ;
#6201 = DIRECTION ( 'NONE',  ( 1.000000000000000000, 0.0000000000000000000, 0.0000000000000000000 ) ) ;
#6202 = CIRCLE ( 'NONE', #3910, 0.02855000000000052288 ) ;
#6203 = CARTESIAN_POINT ( 'NONE',  ( 1.775935937620614746, -0.1100000000000000006, -0.09999999999999989453 ) ) ;
#6204 = FILL_AREA_STYLE ('',( #7500 ) ) ;
#6205 = VERTEX_POINT ( 'NONE', #6977 ) ;
#6206 = CARTESIAN_POINT ( 'NONE',  ( 0.009000000000000368816, 0.0000000000000000000, 0.0000000000000000000 ) ) ;
#6207 = CARTESIAN_POINT ( 'NONE',  ( 1.875935937620614835, -0.05000000000000000278, -0.09999999999999989453 ) ) ;
#6208 = VERTEX_POINT ( 'NONE', #2701 ) ;
#6209 = CARTESIAN_POINT ( 'NONE',  ( 0.7942664688103074910, -0.1100000000000000006, -0.08424999999999957523 ) ) ;
#6210 = EDGE_CURVE ( 'NONE', #7052, #4311, #1504, .T. ) ;
#6211 = LINE ( 'NONE', #2485, #4582 ) ;
#6212 = DIRECTION ( 'NONE',  ( -1.000000000000000000, 0.0000000000000000000, -7.776898252968647801E-17 ) ) ;
#6213 = VECTOR ( 'NONE', #6588, 39.37007874015748143 ) ;
#6214 = ORIENTED_EDGE ( 'NONE', *, *, #1142, .T. ) ;
#6215 = LINE ( 'NONE', #1448, #1542 ) ;
#6216 = EDGE_CURVE ( 'NONE', #2958, #6153, #7018, .T. ) ;
#6217 = EDGE_CURVE ( 'NONE', #2413, #2392, #4003, .T. ) ;
#6218 = VECTOR ( 'NONE', #5108, 39.37007874015748143 ) ;
#6219 =( REPRESENTATION_RELATIONSHIP ('NONE','NONE', #1567, #7799 ) REPRESENTATION_RELATIONSHIP_WITH_TRANSFORMATION ( #3652 )SHAPE_REPRESENTATION_RELATIONSHIP( ) );
#6220 = VERTEX_POINT ( 'NONE', #997 ) ;
#6221 = CARTESIAN_POINT ( 'NONE',  ( 0.3816684688103073597, -0.1100000000000000006, -0.01574999999999998623 ) ) ;
#6222 = LINE ( 'NONE', #5590, #7597 ) ;
#6223 = AXIS2_PLACEMENT_3D ( 'NONE', #5428, #1367, #3784 ) ;
#6224 = AXIS2_PLACEMENT_3D ( 'NONE', #5699, #259, #2680 ) ;
#6226 = EDGE_CURVE ( 'NONE', #2121, #7064, #402, .T. ) ;
#6225 = CARTESIAN_POINT ( 'NONE',  ( 0.9379674688103074587, 0.0000000000000000000, -0.02144999999999966725 ) ) ;
#6227 = FACE_OUTER_BOUND ( 'NONE', #2425, .T. ) ;
#6228 = VERTEX_POINT ( 'NONE', #3964 ) ;
#6229 = CARTESIAN_POINT ( 'NONE',  ( 1.937967468810307459, -0.05000000000000000278, -0.02144999999999967072 ) ) ;
#6230 = CARTESIAN_POINT ( 'NONE',  ( 0.1942664688103074300, 0.0000000000000000000, -0.08424999999999957523 ) ) ;
#6231 = CARTESIAN_POINT ( 'NONE',  ( 1.737967468810307281, -0.05000000000000000278, -0.07855000000000071647 ) ) ;
#6232 = VECTOR ( 'NONE', #6448, 39.37007874015748143 ) ;
#6233 = DIRECTION ( 'NONE',  ( 0.0000000000000000000, 0.0000000000000000000, 1.000000000000000000 ) ) ;
#6234 = CIRCLE ( 'NONE', #1046, 0.02855000000000052288 ) ;
#6235 = ORIENTED_EDGE ( 'NONE', *, *, #6278, .T. ) ;
#6237 = ADVANCED_FACE ( 'NONE', ( #1465 ), #957, .F. ) ;
#6236 = ORIENTED_EDGE ( 'NONE', *, *, #430, .F. ) ;
#6238 = DIRECTION ( 'NONE',  ( 1.000000000000000000, 0.0000000000000000000, 0.0000000000000000000 ) ) ;
#6239 = VERTEX_POINT ( 'NONE', #5760 ) ;
#6240 = DIRECTION ( 'NONE',  ( -0.0000000000000000000, 1.000000000000000000, -0.0000000000000000000 ) ) ;
#6241 = DIRECTION ( 'NONE',  ( -0.0000000000000000000, 1.000000000000000000, -0.0000000000000000000 ) ) ;
#6242 = PLANE ( 'NONE',  #1764 ) ;
#6243 = DIRECTION ( 'NONE',  ( 1.000000000000000000, 0.0000000000000000000, 0.0000000000000000000 ) ) ;
#6244 = ORIENTED_EDGE ( 'NONE', *, *, #499, .T. ) ;
#6246 = EDGE_CURVE ( 'NONE', #7167, #3115, #1181, .T. ) ;
#6245 = ORIENTED_EDGE ( 'NONE', *, *, #7208, .T. ) ;
#6247 = AXIS2_PLACEMENT_3D ( 'NONE', #2691, #986, #3361 ) ;
#6248 = LINE ( 'NONE', #2554, #1544 ) ;
#6249 = ORIENTED_EDGE ( 'NONE', *, *, #4952, .F. ) ;
#6250 = CARTESIAN_POINT ( 'NONE',  ( 1.139278988399949899, -0.05000000000000000278, -0.4415746027256218786 ) ) ;
#6251 = CARTESIAN_POINT ( 'NONE',  ( 1.599999000000000171, 0.0000000000000000000, -0.09999999999999989453 ) ) ;
#6252 = DIRECTION ( 'NONE',  ( -1.000000000000000000, 0.0000000000000000000, -7.776898252968646568E-17 ) ) ;
#6253 = AXIS2_PLACEMENT_3D ( 'NONE', #672, #3088, #3634 ) ;
#6254 = VERTEX_POINT ( 'NONE', #1429 ) ;
#6255 = DIRECTION ( 'NONE',  ( 0.0000000000000000000, 0.0000000000000000000, -1.000000000000000000 ) ) ;
#6256 = VECTOR ( 'NONE', #121, 39.37007874015748854 ) ;
#6257 = VERTEX_POINT ( 'NONE', #874 ) ;
#6258 = LINE ( 'NONE', #6958, #3028 ) ;
#6259 = DIRECTION ( 'NONE',  ( -0.0000000000000000000, 1.000000000000000000, -0.0000000000000000000 ) ) ;
#6260 = EDGE_CURVE ( 'NONE', #7189, #6309, #2818, .T. ) ;
#6261 = ADVANCED_FACE ( 'NONE', ( #5244 ), #7532, .F. ) ;
#6262 = CARTESIAN_POINT ( 'NONE',  ( 0.8379674688103073699, 3.673940397442060153E-19, -0.05000000000000019013 ) ) ;
#6263 = VERTEX_POINT ( 'NONE', #2065 ) ;
#6264 = DIRECTION ( 'NONE',  ( -1.000000000000000000, 0.0000000000000000000, 1.355298456929802892E-15 ) ) ;
#6265 = CARTESIAN_POINT ( 'NONE',  ( 0.5999990000000001711, -0.05000000000000000278, 0.0000000000000000000 ) ) ;
#6266 = LINE ( 'NONE', #2326, #4724 ) ;
#6267 = CARTESIAN_POINT ( 'NONE',  ( 1.275935937620614746, -0.1100000000000000006, -0.09999999999999989453 ) ) ;
#6268 = DIRECTION ( 'NONE',  ( -0.0000000000000000000, 1.000000000000000000, -0.0000000000000000000 ) ) ;
#6269 = EDGE_CURVE ( 'NONE', #6048, #5201, #6900, .T. ) ;
#6270 = VERTEX_POINT ( 'NONE', #7609 ) ;
#6271 = VERTEX_POINT ( 'NONE', #1547 ) ;
#6272 = DIRECTION ( 'NONE',  ( 0.3420201433256662704, -0.0000000000000000000, 0.9396926207859092051 ) ) ;
#6273 = EDGE_LOOP ( 'NONE', ( #3065, #5919, #800, #3726 ) ) ;
#6274 = CARTESIAN_POINT ( 'NONE',  ( 1.194266468810307513, 0.0000000000000000000, -0.08424999999999957523 ) ) ;
#6275 = DIRECTION ( 'NONE',  ( -0.3420201433256663259, 0.0000000000000000000, -0.9396926207859092051 ) ) ;
#6276 = EDGE_CURVE ( 'NONE', #6548, #2809, #3333, .T. ) ;
#6277 = CARTESIAN_POINT ( 'NONE',  ( 1.975934937620614562, -0.05000000000000000278, 0.0000000000000000000 ) ) ;
#6278 = EDGE_CURVE ( 'NONE', #4898, #5819, #4645, .T. ) ;
#6279 = ORIENTED_EDGE ( 'NONE', *, *, #946, .F. ) ;
#6280 = ORIENTED_EDGE ( 'NONE', *, *, #5379, .F. ) ;
#6281 = DIRECTION ( 'NONE',  ( 7.776898252968646568E-17, 0.0000000000000000000, -1.000000000000000000 ) ) ;
#6282 = VERTEX_POINT ( 'NONE', #4563 ) ;
#6283 = CARTESIAN_POINT ( 'NONE',  ( 1.237967468810307281, -0.05000000000000000278, -0.02144999999999967072 ) ) ;
#6284 = LINE ( 'NONE', #5657, #3832 ) ;
#6285 = LINE ( 'NONE', #5659, #2677 ) ;
#6286 = DIRECTION ( 'NONE',  ( 0.3420201433256639389, 0.0000000000000000000, -0.9396926207859100932 ) ) ;
#6287 = EDGE_CURVE ( 'NONE', #6239, #5585, #281, .T. ) ;
#6288 = VERTEX_POINT ( 'NONE', #5082 ) ;
#6289 = DIRECTION ( 'NONE',  ( 0.3420201433256720991, 0.0000000000000000000, -0.9396926207859070956 ) ) ;
#6290 = CARTESIAN_POINT ( 'NONE',  ( 0.7816684688103074929, -0.05000000000000000278, -0.01574999999999998623 ) ) ;
#6291 = VECTOR ( 'NONE', #2605, 39.37007874015748143 ) ;
#6292 = ORIENTED_EDGE ( 'NONE', *, *, #5542, .T. ) ;
#6293 = CARTESIAN_POINT ( 'NONE',  ( 1.591681260864255654, -0.05000000000000000278, -0.6062355638170116023 ) ) ;
#6294 = CARTESIAN_POINT ( 'NONE',  ( 1.975934937620615894, 0.0000000000000000000, -0.09999999999999974187 ) ) ;
#6295 = VECTOR ( 'NONE', #6173, 39.37007874015748143 ) ;
#6296 = FACE_OUTER_BOUND ( 'NONE', #1294, .T. ) ;
#6297 = DIRECTION ( 'NONE',  ( 0.0000000000000000000, 0.0000000000000000000, 1.000000000000000000 ) ) ;
#6298 = ORIENTED_EDGE ( 'NONE', *, *, #1462, .T. ) ;
#6299 = CARTESIAN_POINT ( 'NONE',  ( 1.281668468810307271, -0.1100000000000000006, -0.08424999999999954747 ) ) ;
#6300 = ADVANCED_FACE ( 'NONE', ( #3883 ), #5124, .F. ) ;
#6301 = AXIS2_PLACEMENT_3D ( 'NONE', #5656, #4346, #6762 ) ;
#6302 = LINE ( 'NONE', #2694, #5975 ) ;
#6303 = CARTESIAN_POINT ( 'NONE',  ( 0.1870000000000004159, 3.184081677783117836E-18, -0.02599999999999999534 ) ) ;
#6304 = CARTESIAN_POINT ( 'NONE',  ( 0.8999990000000001045, -0.05000000000000000278, 0.0000000000000000000 ) ) ;
#6305 = VECTOR ( 'NONE', #6394, 39.37007874015748143 ) ;
#6306 = VERTEX_POINT ( 'NONE', #4522 ) ;
#6307 = ORIENTED_EDGE ( 'NONE', *, *, #1726, .F. ) ;
#6308 = DIRECTION ( 'NONE',  ( -0.9396926207859093161, 0.0000000000000000000, 0.3420201433256663814 ) ) ;
#6309 = VERTEX_POINT ( 'NONE', #7732 ) ;
#6310 = CYLINDRICAL_SURFACE ( 'NONE', #5430, 0.02855000000000052635 ) ;
#6311 = EDGE_CURVE ( 'NONE', #4050, #2719, #4167, .T. ) ;
#6312 = FACE_OUTER_BOUND ( 'NONE', #697, .T. ) ;
#6313 = CARTESIAN_POINT ( 'NONE',  ( 0.08166846881030738470, 0.0000000000000000000, -0.01574999999999998623 ) ) ;
#6314 = AXIS2_PLACEMENT_3D ( 'NONE', #2458, #4878, #69 ) ;
#6315 =( CONVERSION_BASED_UNIT ( 'INCH', #2029 ) LENGTH_UNIT ( ) NAMED_UNIT ( #963 ) );
#6316 = APPLICATION_CONTEXT ( 'automotive_design' ) ;
#6317 = ORIENTED_EDGE ( 'NONE', *, *, #3831, .T. ) ;
#6318 = VECTOR ( 'NONE', #2048, 39.37007874015748143 ) ;
#6319 = VERTEX_POINT ( 'NONE', #4768 ) ;
#6320 = PLANE ( 'NONE',  #7492 ) ;
#6321 = ORIENTED_EDGE ( 'NONE', *, *, #2498, .F. ) ;
#6322 = DIRECTION ( 'NONE',  ( 0.0000000000000000000, 0.0000000000000000000, 1.000000000000000000 ) ) ;
#6323 = CARTESIAN_POINT ( 'NONE',  ( 1.681668468810307404, 0.0000000000000000000, -0.08424999999999954747 ) ) ;
#6324 = CARTESIAN_POINT ( 'NONE',  ( 1.875935937620614835, 0.0000000000000000000, -0.09999999999999989453 ) ) ;
#6325 = PLANE ( 'NONE',  #7647 ) ;
#6326 = VECTOR ( 'NONE', #1274, 39.37007874015748143 ) ;
#6327 = ORIENTED_EDGE ( 'NONE', *, *, #7236, .F. ) ;
#6328 = PLANE ( 'NONE',  #2031 ) ;
#6329 = CARTESIAN_POINT ( 'NONE',  ( 1.975934937620615894, -0.05000000000000000278, -0.09999999999999974187 ) ) ;
#6330 = ORIENTED_EDGE ( 'NONE', *, *, #512, .T. ) ;
#6331 = ADVANCED_FACE ( 'NONE', ( #7101 ), #525, .F. ) ;
#6332 = ORIENTED_EDGE ( 'NONE', *, *, #6278, .F. ) ;
#6333 = CARTESIAN_POINT ( 'NONE',  ( 0.0000000000000000000, 0.0000000000000000000, 0.0000000000000000000 ) ) ;
#6334 = DIRECTION ( 'NONE',  ( -1.000000000000000000, 0.0000000000000000000, -7.776898252968647801E-17 ) ) ;
#6335 = AXIS2_PLACEMENT_3D ( 'NONE', #2592, #3709, #134 ) ;
#6336 = PRODUCT_DEFINITION_SHAPE ( 'NONE', 'NONE',  #7833 ) ;
#6337 = AXIS2_PLACEMENT_3D ( 'NONE', #1582, #989, #3284 ) ;
#6338 = CARTESIAN_POINT ( 'NONE',  ( 0.8379674688103073699, 3.673940397442060153E-19, -0.05000000000000019013 ) ) ;
#6339 = ORIENTED_EDGE ( 'NONE', *, *, #3702, .F. ) ;
#6340 = DIRECTION ( 'NONE',  ( -0.3420201433256695456, 0.0000000000000000000, -0.9396926207859080948 ) ) ;
#6341 = LINE ( 'NONE', #4639, #1654 ) ;
#6342 = LINE ( 'NONE', #952, #5470 ) ;
#6343 = DIRECTION ( 'NONE',  ( 1.000000000000000000, 0.0000000000000000000, -1.355298456929802892E-15 ) ) ;
#6344 = VECTOR ( 'NONE', #6543, 39.37007874015748143 ) ;
#6345 = CIRCLE ( 'NONE', #7235, 0.009000000000000915254 ) ;
#6346 = ORIENTED_EDGE ( 'NONE', *, *, #4671, .T. ) ;
#6347 = ORIENTED_EDGE ( 'NONE', *, *, #2333, .F. ) ;
#6348 = VECTOR ( 'NONE', #1653, 39.37007874015748143 ) ;
#6349 = CARTESIAN_POINT ( 'NONE',  ( 0.3379674688103073699, 0.0000000000000000000, -0.05000000000000019013 ) ) ;
#6350 = ORIENTED_EDGE ( 'NONE', *, *, #1876, .F. ) ;
#6351 = VECTOR ( 'NONE', #6241, 39.37007874015748143 ) ;
#6352 = CARTESIAN_POINT ( 'NONE',  ( 0.0000000000000000000, 0.0000000000000000000, 0.0000000000000000000 ) ) ;
#6353 = CARTESIAN_POINT ( 'NONE',  ( 0.7379674688103073921, 3.673940397442060153E-19, -0.07855000000000071647 ) ) ;
#6354 = CARTESIAN_POINT ( 'NONE',  ( -0.03066449223692698303, -0.05000000000000000278, -0.01574999999999998623 ) ) ;
#6355 = DIRECTION ( 'NONE',  ( -3.491481338843133355E-15, -1.000000000000000000, 0.0000000000000000000 ) ) ;
#6356 = VECTOR ( 'NONE', #2175, 39.37007874015748143 ) ;
#6357 = EDGE_CURVE ( 'NONE', #7090, #733, #1685, .T. ) ;
#6358 = EDGE_CURVE ( 'NONE', #6084, #1064, #7055, .T. ) ;
#6359 = ORIENTED_EDGE ( 'NONE', *, *, #6648, .F. ) ;
#6360 = ORIENTED_EDGE ( 'NONE', *, *, #2851, .F. ) ;
#6361 = DIRECTION ( 'NONE',  ( 7.776898252968646568E-17, 0.0000000000000000000, -1.000000000000000000 ) ) ;
#6362 = ORIENTED_EDGE ( 'NONE', *, *, #5492, .T. ) ;
#6363 = DIRECTION ( 'NONE',  ( -0.0000000000000000000, 1.000000000000000000, -0.0000000000000000000 ) ) ;
#6364 = CARTESIAN_POINT ( 'NONE',  ( 0.7379674688103073921, -0.05000000000000000278, -0.02144999999999967072 ) ) ;
#6365 = AXIS2_PLACEMENT_3D ( 'NONE', #2201, #4627, #7037 ) ;
#6366 = CARTESIAN_POINT ( 'NONE',  ( 1.794266468810307602, -0.05000000000000000278, -0.08424999999999957523 ) ) ;
#6367 = PLANE ( 'NONE',  #818 ) ;
#6368 = VECTOR ( 'NONE', #5454, 39.37007874015748854 ) ;
#6369 = ORIENTED_EDGE ( 'NONE', *, *, #6195, .F. ) ;
#6370 = CARTESIAN_POINT ( 'NONE',  ( 0.5379674688103074365, -0.05000000000000000278, -0.07855000000000071647 ) ) ;
#6371 = CARTESIAN_POINT ( 'NONE',  ( 0.5816684688103074263, -0.1100000000000000006, -0.01574999999999998623 ) ) ;
#6372 = ORIENTED_EDGE ( 'NONE', *, *, #2281, .F. ) ;
#6373 = LINE ( 'NONE', #6225, #3001 ) ;
#6374 = VERTEX_POINT ( 'NONE', #7775 ) ;
#6375 = DIRECTION ( 'NONE',  ( -0.9396926207859072067, 0.0000000000000000000, -0.3420201433256721546 ) ) ;
#6376 = PLANE ( 'NONE',  #7229 ) ;
#6377 = VECTOR ( 'NONE', #5275, 39.37007874015748854 ) ;
#6378 = ADVANCED_FACE ( 'NONE', ( #5921 ), #7216, .T. ) ;
#6379 = ORIENTED_EDGE ( 'NONE', *, *, #4176, .T. ) ;
#6380 = AXIS2_PLACEMENT_3D ( 'NONE', #5811, #2194, #3896 ) ;
#6381 = CARTESIAN_POINT ( 'NONE',  ( 1.337967468810307370, -0.05000000000000000278, -0.05000000000000019013 ) ) ;
#6382 = ORIENTED_EDGE ( 'NONE', *, *, #3247, .F. ) ;
#6383 = PLANE ( 'NONE',  #2763 ) ;
#6384 = CARTESIAN_POINT ( 'NONE',  ( 1.181668468810307626, 0.0000000000000000000, -0.08424999999999954747 ) ) ;
#6385 = LINE ( 'NONE', #6267, #5592 ) ;
#6386 = LINE ( 'NONE', #2061, #4585 ) ;
#6387 = VECTOR ( 'NONE', #934, 39.37007874015748143 ) ;
#6388 = EDGE_CURVE ( 'NONE', #3962, #1152, #3452, .T. ) ;
#6389 = ORIENTED_EDGE ( 'NONE', *, *, #1814, .T. ) ;
#6390 = VERTEX_POINT ( 'NONE', #4686 ) ;
#6391 = CARTESIAN_POINT ( 'NONE',  ( 1.194266468810307513, 0.0000000000000000000, -0.08424999999999957523 ) ) ;
#6392 = CARTESIAN_POINT ( 'NONE',  ( 0.0000000000000000000, 0.0000000000000000000, 0.0000000000000000000 ) ) ;
#6393 = ORIENTED_EDGE ( 'NONE', *, *, #6167, .F. ) ;
#6394 = DIRECTION ( 'NONE',  ( -0.0000000000000000000, 1.000000000000000000, -0.0000000000000000000 ) ) ;
#6395 = CARTESIAN_POINT ( 'NONE',  ( 0.8816684688103074707, 0.0000000000000000000, -0.01574999999999998623 ) ) ;
#6396 = DIRECTION ( 'NONE',  ( -3.491481338843133355E-15, -1.000000000000000000, 0.0000000000000000000 ) ) ;
#6397 = ORIENTED_EDGE ( 'NONE', *, *, #2785, .F. ) ;
#6398 = VERTEX_POINT ( 'NONE', #7176 ) ;
#6399 = PLANE ( 'NONE',  #2688 ) ;
#6400 = EDGE_LOOP ( 'NONE', ( #7518, #7702, #5316, #4583 ) ) ;
#6401 = LINE ( 'NONE', #1597, #5673 ) ;
#6402 = CARTESIAN_POINT ( 'NONE',  ( 1.481363563076536050, -0.05000000000000000278, 0.5345832055095172120 ) ) ;
#6403 = PRODUCT_DEFINITION_SHAPE ( 'NONE', 'NONE',  #7835 ) ;
#6404 = EDGE_CURVE ( 'NONE', #6374, #7248, #4043, .T. ) ;
#6405 = EDGE_CURVE ( 'NONE', #2147, #2971, #1749, .T. ) ;
#6406 = LINE ( 'NONE', #374, #7268 ) ;
#6407 = ORIENTED_EDGE ( 'NONE', *, *, #7297, .T. ) ;
#6408 = LINE ( 'NONE', #5741, #7739 ) ;
#6409 = DIRECTION ( 'NONE',  ( -0.0000000000000000000, 1.000000000000000000, -0.0000000000000000000 ) ) ;
#6410 = ORIENTED_EDGE ( 'NONE', *, *, #5907, .F. ) ;
#6411 = DIRECTION ( 'NONE',  ( 0.0000000000000000000, 0.0000000000000000000, 1.000000000000000000 ) ) ;
#6412 = VERTEX_POINT ( 'NONE', #4730 ) ;
#6413 = CARTESIAN_POINT ( 'NONE',  ( 0.4379674688103074032, 0.0000000000000000000, -0.07855000000000071647 ) ) ;
#6414 = ADVANCED_FACE ( 'NONE', ( #2901, #3571, #3013, #6004, #5325, #566, #1116, #4206, #600, #4804, #5441, #6513, #3610, #187, #6468, #2421, #1039, #5881, #444, #2859, #7691 ), #4844, .T. ) ;
#6415 = CARTESIAN_POINT ( 'NONE',  ( 1.194266468810307513, -0.1100000000000000006, -0.08424999999999957523 ) ) ;
#6416 = EDGE_LOOP ( 'NONE', ( #7802, #1759, #1953, #7005 ) ) ;
#6417 = DIRECTION ( 'NONE',  ( -0.0000000000000000000, 1.000000000000000000, -0.0000000000000000000 ) ) ;
#6418 = VERTEX_POINT ( 'NONE', #4281 ) ;
#6419 = DIRECTION ( 'NONE',  ( -0.3420201433256720991, 0.0000000000000000000, 0.9396926207859070956 ) ) ;
#6420 = EDGE_CURVE ( 'NONE', #4451, #5433, #4994, .T. ) ;
#6421 = FACE_OUTER_BOUND ( 'NONE', #5597, .T. ) ;
#6422 = CYLINDRICAL_SURFACE ( 'NONE', #2668, 0.02855000000000052635 ) ;
#6423 = CARTESIAN_POINT ( 'NONE',  ( 1.737967468810307281, 3.673940397442060153E-19, -0.02144999999999966031 ) ) ;
#6424 = VECTOR ( 'NONE', #2844, 39.37007874015748854 ) ;
#6425 = ORIENTED_EDGE ( 'NONE', *, *, #5035, .F. ) ;
#6426 = AXIS2_PLACEMENT_3D ( 'NONE', #5417, #4102, #6638 ) ;
#6427 = ORIENTED_EDGE ( 'NONE', *, *, #6311, .T. ) ;
#6428 = DIRECTION ( 'NONE',  ( -0.0000000000000000000, 1.000000000000000000, -0.0000000000000000000 ) ) ;
#6429 = ORIENTED_EDGE ( 'NONE', *, *, #5368, .T. ) ;
#6430 = CARTESIAN_POINT ( 'NONE',  ( 1.975934937620615894, -0.05000000000000000278, -0.09999999999999974187 ) ) ;
#6431 = ADVANCED_FACE ( 'NONE', ( #1864 ), #4393, .F. ) ;
#6432 = FACE_OUTER_BOUND ( 'NONE', #207, .T. ) ;
#6433 = DIRECTION ( 'NONE',  ( 0.0000000000000000000, 0.0000000000000000000, 1.000000000000000000 ) ) ;
#6434 = DIRECTION ( 'NONE',  ( 0.0000000000000000000, 0.0000000000000000000, 1.000000000000000000 ) ) ;
#6435 = VECTOR ( 'NONE', #1431, 39.37007874015748143 ) ;
#6436 = ORIENTED_EDGE ( 'NONE', *, *, #4270, .F. ) ;
#6437 = ORIENTED_EDGE ( 'NONE', *, *, #5603, .F. ) ;
#6438 = CARTESIAN_POINT ( 'NONE',  ( 0.9379674688103074587, -0.05000000000000000278, -0.02144999999999967072 ) ) ;
#6439 = ORIENTED_EDGE ( 'NONE', *, *, #2433, .T. ) ;
#6440 = LINE ( 'NONE', #3422, #2247 ) ;
#6441 = VECTOR ( 'NONE', #2975, 39.37007874015748143 ) ;
#6442 = DIRECTION ( 'NONE',  ( 0.3420201433256638834, 0.0000000000000000000, -0.9396926207859100932 ) ) ;
#6443 = DIRECTION ( 'NONE',  ( -1.000000000000000000, -0.0000000000000000000, -0.0000000000000000000 ) ) ;
#6444 = CIRCLE ( 'NONE', #2396, 0.02855000000000052982 ) ;
#6445 = ORIENTED_EDGE ( 'NONE', *, *, #81, .F. ) ;
#6446 = ADVANCED_FACE ( 'NONE', ( #6227 ), #39, .T. ) ;
#6447 = FACE_OUTER_BOUND ( 'NONE', #5346, .T. ) ;
#6448 = DIRECTION ( 'NONE',  ( -0.0000000000000000000, 1.000000000000000000, -0.0000000000000000000 ) ) ;
#6449 = ORIENTED_EDGE ( 'NONE', *, *, #2353, .T. ) ;
#6450 = LINE ( 'NONE', #379, #4905 ) ;
#6451 = VERTEX_POINT ( 'NONE', #2464 ) ;
#6452 = FACE_OUTER_BOUND ( 'NONE', #2454, .T. ) ;
#6453 = VECTOR ( 'NONE', #5801, 39.37007874015748854 ) ;
#6454 = DIRECTION ( 'NONE',  ( 0.0000000000000000000, 0.0000000000000000000, 1.000000000000000000 ) ) ;
#6455 = EDGE_CURVE ( 'NONE', #2584, #6228, #3459, .T. ) ;
#6456 = VERTEX_POINT ( 'NONE', #3796 ) ;
#6457 = EDGE_CURVE ( 'NONE', #7009, #5105, #189, .T. ) ;
#6458 = DIRECTION ( 'NONE',  ( 0.3420201433256664925, 0.0000000000000000000, 0.9396926207859092051 ) ) ;
#6459 = VERTEX_POINT ( 'NONE', #2570 ) ;
#6460 = CARTESIAN_POINT ( 'NONE',  ( 1.794266468810307602, -0.1100000000000000006, -0.08424999999999957523 ) ) ;
#6461 = DIRECTION ( 'NONE',  ( -0.3420201433256694346, -0.0000000000000000000, -0.9396926207859080948 ) ) ;
#6462 = DIRECTION ( 'NONE',  ( -0.0000000000000000000, 1.000000000000000000, -0.0000000000000000000 ) ) ;
#6463 = AXIS2_PLACEMENT_3D ( 'NONE', #3967, #878, #3016 ) ;
#6464 = EDGE_CURVE ( 'NONE', #4421, #3740, #1828, .T. ) ;
#6465 = PRODUCT_DEFINITION_SHAPE ( 'NONE', 'NONE',  #7843 ) ;
#6466 = EDGE_LOOP ( 'NONE', ( #4534, #1799, #91, #375 ) ) ;
#6467 = ORIENTED_EDGE ( 'NONE', *, *, #6742, .T. ) ;
#6468 = FACE_BOUND ( 'NONE', #1839, .T. ) ;
#6469 = ORIENTED_EDGE ( 'NONE', *, *, #5630, .F. ) ;
#6470 = DIRECTION ( 'NONE',  ( 1.000000000000000000, 0.0000000000000000000, 0.0000000000000000000 ) ) ;
#6471 = DIRECTION ( 'NONE',  ( -0.3420201433256656598, 0.0000000000000000000, 0.9396926207859094271 ) ) ;
#6472 = DIRECTION ( 'NONE',  ( 0.0000000000000000000, 0.0000000000000000000, 1.000000000000000000 ) ) ;
#6473 = VECTOR ( 'NONE', #6691, 39.37007874015748854 ) ;
#6474 = AXIS2_PLACEMENT_3D ( 'NONE', #2158, #1569, #2756 ) ;
#6475 = SHAPE_DEFINITION_REPRESENTATION ( #4499, #7799 ) ;
#6476 = LINE ( 'NONE', #4095, #4099 ) ;
#6477 = EDGE_CURVE ( 'NONE', #7028, #6451, #6189, .T. ) ;
#6478 = VECTOR ( 'NONE', #2999, 39.37007874015748143 ) ;
#6479 = VECTOR ( 'NONE', #1918, 39.37007874015748143 ) ;
#6480 = ORIENTED_EDGE ( 'NONE', *, *, #212, .F. ) ;
#6481 = ORIENTED_EDGE ( 'NONE', *, *, #6741, .F. ) ;
#6482 = DIRECTION ( 'NONE',  ( -1.000000000000000000, 0.0000000000000000000, 1.355298456929802892E-15 ) ) ;
#6483 = ORIENTED_EDGE ( 'NONE', *, *, #1555, .F. ) ;
#6484 = CARTESIAN_POINT ( 'NONE',  ( 0.0000000000000000000, -0.05000000000000000278, 0.0000000000000000000 ) ) ;
#6485 = DIRECTION ( 'NONE',  ( 0.0000000000000000000, 0.0000000000000000000, 1.000000000000000000 ) ) ;
#6486 = DIRECTION ( 'NONE',  ( 0.3420201433256720991, 0.0000000000000000000, -0.9396926207859070956 ) ) ;
#6487 = DIRECTION ( 'NONE',  ( 0.0000000000000000000, 0.0000000000000000000, 1.000000000000000000 ) ) ;
#6488 = AXIS2_PLACEMENT_3D ( 'NONE', #4516, #1584, #7528 ) ;
#6489 = ADVANCED_FACE ( 'NONE', ( #3684 ), #2494, .F. ) ;
#6490 = ORIENTED_EDGE ( 'NONE', *, *, #3908, .F. ) ;
#6491 = FACE_OUTER_BOUND ( 'NONE', #1883, .T. ) ;
#6492 = VECTOR ( 'NONE', #974, 39.37007874015748143 ) ;
#6493 = CARTESIAN_POINT ( 'NONE',  ( 1.475935937620614702, 0.0000000000000000000, -9.478001694819074349E-34 ) ) ;
#6494 = ORIENTED_EDGE ( 'NONE', *, *, #1706, .F. ) ;
#6495 = DIRECTION ( 'NONE',  ( 0.0000000000000000000, 0.0000000000000000000, -1.000000000000000000 ) ) ;
#6496 = VERTEX_POINT ( 'NONE', #3096 ) ;
#6497 = FACE_OUTER_BOUND ( 'NONE', #3797, .T. ) ;
#6498 = DIRECTION ( 'NONE',  ( -0.0000000000000000000, 1.000000000000000000, -0.0000000000000000000 ) ) ;
#6499 = AXIS2_PLACEMENT_3D ( 'NONE', #5200, #6308, #2102 ) ;
#6500 = ORIENTED_EDGE ( 'NONE', *, *, #171, .T. ) ;
#6501 = VECTOR ( 'NONE', #4636, 39.37007874015748854 ) ;
#6502 = DIRECTION ( 'NONE',  ( -0.3420201433256663259, 0.0000000000000000000, -0.9396926207859092051 ) ) ;
#6503 = ORIENTED_EDGE ( 'NONE', *, *, #337, .F. ) ;
#6504 = CARTESIAN_POINT ( 'NONE',  ( 1.281668468810307271, 0.0000000000000000000, -0.01574999999999998623 ) ) ;
#6505 = LINE ( 'NONE', #6031, #11 ) ;
#6506 = DIRECTION ( 'NONE',  ( -0.9396926207859093161, 0.0000000000000000000, 0.3420201433256663814 ) ) ;
#6507 = DIRECTION ( 'NONE',  ( -0.3420201433256720991, 0.0000000000000000000, 0.9396926207859070956 ) ) ;
#6508 = EDGE_CURVE ( 'NONE', #4980, #6319, #6073, .T. ) ;
#6509 = ADVANCED_FACE ( 'NONE', ( #7409 ), #4919, .T. ) ;
#6510 = VECTOR ( 'NONE', #410, 39.37007874015748143 ) ;
#6511 = ORIENTED_EDGE ( 'NONE', *, *, #1965, .T. ) ;
#6512 = ORIENTED_EDGE ( 'NONE', *, *, #6405, .T. ) ;
#6513 = FACE_BOUND ( 'NONE', #1762, .T. ) ;
#6514 = VERTEX_POINT ( 'NONE', #4958 ) ;
#6515 = CARTESIAN_POINT ( 'NONE',  ( 0.7816684688103074929, -0.1100000000000000006, -0.08424999999999954747 ) ) ;
#6516 = DIRECTION ( 'NONE',  ( -0.0000000000000000000, 1.000000000000000000, -0.0000000000000000000 ) ) ;
#6517 = VECTOR ( 'NONE', #742, 39.37007874015748854 ) ;
#6518 = DIRECTION ( 'NONE',  ( 0.0000000000000000000, 0.0000000000000000000, 1.000000000000000000 ) ) ;
#6519 = EDGE_CURVE ( 'NONE', #400, #2422, #1902, .T. ) ;
#6520 = PLANE ( 'NONE',  #1433 ) ;
#6521 = ORIENTED_EDGE ( 'NONE', *, *, #5696, .F. ) ;
#6522 = ORIENTED_EDGE ( 'NONE', *, *, #2353, .F. ) ;
#6523 = EDGE_CURVE ( 'NONE', #7538, #7730, #4359, .T. ) ;
#6524 = DIRECTION ( 'NONE',  ( 0.0000000000000000000, 0.0000000000000000000, 1.000000000000000000 ) ) ;
#6525 = EDGE_LOOP ( 'NONE', ( #4967, #4482, #3504, #1512 ) ) ;
#6526 = CARTESIAN_POINT ( 'NONE',  ( 1.394266468810307469, 0.0000000000000000000, -0.01574999999999998623 ) ) ;
#6527 = LINE ( 'NONE', #6639, #4713 ) ;
#6528 = EDGE_CURVE ( 'NONE', #5453, #2047, #3210, .T. ) ;
#6529 = CARTESIAN_POINT ( 'NONE',  ( 1.081668468810307537, 0.0000000000000000000, -0.01574999999999998623 ) ) ;
#6530 = ORIENTED_EDGE ( 'NONE', *, *, #1769, .T. ) ;
#6531 = LINE ( 'NONE', #1095, #3301 ) ;
#6532 = CARTESIAN_POINT ( 'NONE',  ( 0.4942664688103074466, -0.05000000000000000278, -0.01574999999999998623 ) ) ;
#6533 = ORIENTED_EDGE ( 'NONE', *, *, #5806, .F. ) ;
#6534 = DIRECTION ( 'NONE',  ( 0.0000000000000000000, 0.0000000000000000000, 1.000000000000000000 ) ) ;
#6535 = EDGE_LOOP ( 'NONE', ( #4587, #6805, #548, #4086 ) ) ;
#6536 = CYLINDRICAL_SURFACE ( 'NONE', #748, 0.02855000000000052635 ) ;
#6537 = EDGE_CURVE ( 'NONE', #1029, #7530, #717, .T. ) ;
#6538 = LINE ( 'NONE', #2884, #1289 ) ;
#6539 = ORIENTED_EDGE ( 'NONE', *, *, #1529, .F. ) ;
#6540 = LINE ( 'NONE', #5872, #3084 ) ;
#6541 = EDGE_LOOP ( 'NONE', ( #7155, #5882, #4769, #6710 ) ) ;
#6542 = DIRECTION ( 'NONE',  ( -0.9396926207859072067, 0.0000000000000000000, -0.3420201433256721546 ) ) ;
#6543 = DIRECTION ( 'NONE',  ( -1.000000000000000000, 0.0000000000000000000, -7.776898252968647801E-17 ) ) ;
#6544 = CARTESIAN_POINT ( 'NONE',  ( 1.337967468810307370, -0.05000000000000000278, -0.02144999999999967072 ) ) ;
#6545 = DIRECTION ( 'NONE',  ( -0.3420201433256638834, 0.0000000000000000000, 0.9396926207859100932 ) ) ;
#6546 = ORIENTED_EDGE ( 'NONE', *, *, #1377, .F. ) ;
#6547 = EDGE_CURVE ( 'NONE', #5716, #3476, #5557, .T. ) ;
#6548 = VERTEX_POINT ( 'NONE', #3871 ) ;
#6549 = CARTESIAN_POINT ( 'NONE',  ( 0.4816684688103073930, 0.0000000000000000000, -0.01574999999999998623 ) ) ;
#6550 = ORIENTED_EDGE ( 'NONE', *, *, #2615, .F. ) ;
#6551 = DIRECTION ( 'NONE',  ( -0.0000000000000000000, 1.000000000000000000, -0.0000000000000000000 ) ) ;
#6552 = AXIS2_PLACEMENT_3D ( 'NONE', #2241, #3170, #7633 ) ;
#6553 = DIRECTION ( 'NONE',  ( -0.9396926207859093161, 0.0000000000000000000, 0.3420201433256663814 ) ) ;
#6554 = ORIENTED_EDGE ( 'NONE', *, *, #5444, .T. ) ;
#6555 = LINE ( 'NONE', #5926, #2646 ) ;
#6556 = LINE ( 'NONE', #450, #3087 ) ;
#6557 = AXIS2_PLACEMENT_3D ( 'NONE', #3195, #1888, #176 ) ;
#6558 = VERTEX_POINT ( 'NONE', #1537 ) ;
#6559 = ORIENTED_EDGE ( 'NONE', *, *, #1518, .T. ) ;
#6560 = LENGTH_MEASURE_WITH_UNIT ( LENGTH_MEASURE( 0.02539999999999999897 ), #7269 );
#6561 = ORIENTED_EDGE ( 'NONE', *, *, #2383, .F. ) ;
#6562 = CARTESIAN_POINT ( 'NONE',  ( 1.281668468810307271, 0.0000000000000000000, -0.08424999999999954747 ) ) ;
#6563 = SURFACE_SIDE_STYLE ('',( #2914 ) ) ;
#6564 = VECTOR ( 'NONE', #959, 39.37007874015748143 ) ;
#6565 = EDGE_LOOP ( 'NONE', ( #516, #6439 ) ) ;
#6566 = VECTOR ( 'NONE', #2572, 39.37007874015748143 ) ;
#6567 = EDGE_CURVE ( 'NONE', #4551, #2699, #2323, .T. ) ;
#6568 = LINE ( 'NONE', #1690, #4703 ) ;
#6569 = CARTESIAN_POINT ( 'NONE',  ( 0.0000000000000000000, -0.05000000000000000278, 0.0000000000000000000 ) ) ;
#6570 = ORIENTED_EDGE ( 'NONE', *, *, #5667, .F. ) ;
#6571 = DIRECTION ( 'NONE',  ( 0.3420201433256662704, -0.0000000000000000000, 0.9396926207859092051 ) ) ;
#6572 = LINE ( 'NONE', #3111, #5949 ) ;
#6573 = DIRECTION ( 'NONE',  ( -0.0000000000000000000, 1.000000000000000000, -0.0000000000000000000 ) ) ;
#6574 = AXIS2_PLACEMENT_3D ( 'NONE', #3887, #285, #2027 ) ;
#6575 = VERTEX_POINT ( 'NONE', #270 ) ;
#6576 = EDGE_CURVE ( 'NONE', #4857, #2889, #349, .T. ) ;
#6577 = CIRCLE ( 'NONE', #3161, 0.02599999999999999534 ) ;
#6578 = LINE ( 'NONE', #435, #6501 ) ;
#6579 = ORIENTED_EDGE ( 'NONE', *, *, #1330, .T. ) ;
#6580 = DIRECTION ( 'NONE',  ( 0.3420201433256638834, 0.0000000000000000000, -0.9396926207859100932 ) ) ;
#6581 = CARTESIAN_POINT ( 'NONE',  ( 0.0000000000000000000, 0.0000000000000000000, 0.0000000000000000000 ) ) ;
#6582 = DIRECTION ( 'NONE',  ( -0.0000000000000000000, 1.000000000000000000, -0.0000000000000000000 ) ) ;
#6583 = CARTESIAN_POINT ( 'NONE',  ( -0.03066449223692698303, -0.05000000000000000278, -0.01574999999999998623 ) ) ;
#6584 = ORIENTED_EDGE ( 'NONE', *, *, #1566, .F. ) ;
#6585 = ORIENTED_EDGE ( 'NONE', *, *, #5846, .F. ) ;
#6586 = ORIENTED_EDGE ( 'NONE', *, *, #5834, .T. ) ;
#6587 = CARTESIAN_POINT ( 'NONE',  ( 1.394266468810307469, -0.1100000000000000006, -0.08424999999999957523 ) ) ;
#6588 = DIRECTION ( 'NONE',  ( -0.0000000000000000000, 1.000000000000000000, -0.0000000000000000000 ) ) ;
#6589 = ORIENTED_EDGE ( 'NONE', *, *, #2993, .T. ) ;
#6590 = DIRECTION ( 'NONE',  ( 0.9396926207859100932, 0.0000000000000000000, 0.3420201433256638834 ) ) ;
#6591 = VECTOR ( 'NONE', #3766, 39.37007874015748143 ) ;
#6592 = PLANE ( 'NONE',  #6635 ) ;
#6593 = ORIENTED_EDGE ( 'NONE', *, *, #357, .T. ) ;
#6594 = EDGE_LOOP ( 'NONE', ( #1088, #2284, #423, #2220 ) ) ;
#6595 = AXIS2_PLACEMENT_3D ( 'NONE', #6581, #5318, #2855 ) ;
#6596 = DIRECTION ( 'NONE',  ( -1.000000000000000000, -0.0000000000000000000, -0.0000000000000000000 ) ) ;
#6597 = ORIENTED_EDGE ( 'NONE', *, *, #3932, .F. ) ;
#6598 = CARTESIAN_POINT ( 'NONE',  ( 1.894266468810307691, 0.0000000000000000000, -0.08424999999999957523 ) ) ;
#6599 = DIRECTION ( 'NONE',  ( -1.000000000000000000, -0.0000000000000000000, -0.0000000000000000000 ) ) ;
#6600 = EDGE_CURVE ( 'NONE', #1361, #3953, #797, .T. ) ;
#6601 = EDGE_CURVE ( 'NONE', #2928, #2766, #2768, .T. ) ;
#6602 = AXIS2_PLACEMENT_3D ( 'NONE', #4058, #1201, #3 ) ;
#6603 = AXIS2_PLACEMENT_3D ( 'NONE', #3488, #7727, #519 ) ;
#6604 = VERTEX_POINT ( 'NONE', #5750 ) ;
#6605 = LINE ( 'NONE', #4665, #4833 ) ;
#6606 = DIRECTION ( 'NONE',  ( -0.0000000000000000000, 1.000000000000000000, -0.0000000000000000000 ) ) ;
#6607 = ORIENTED_EDGE ( 'NONE', *, *, #3640, .T. ) ;
#6608 = DIRECTION ( 'NONE',  ( -0.0000000000000000000, 1.000000000000000000, -0.0000000000000000000 ) ) ;
#6609 = AXIS2_PLACEMENT_3D ( 'NONE', #745, #4504, #7365 ) ;
#6610 = DIRECTION ( 'NONE',  ( -0.0000000000000000000, 1.000000000000000000, -0.0000000000000000000 ) ) ;
#6611 = VECTOR ( 'NONE', #5986, 39.37007874015748854 ) ;
#6612 = ORIENTED_EDGE ( 'NONE', *, *, #4230, .T. ) ;
#6613 = EDGE_CURVE ( 'NONE', #7112, #1382, #2013, .T. ) ;
#6614 = CARTESIAN_POINT ( 'NONE',  ( 0.0000000000000000000, -0.05000000000000000278, 0.0000000000000000000 ) ) ;
#6615 = ORIENTED_EDGE ( 'NONE', *, *, #3932, .T. ) ;
#6616 = DIRECTION ( 'NONE',  ( 0.9396926207859080948, 0.0000000000000000000, -0.3420201433256695456 ) ) ;
#6617 = CARTESIAN_POINT ( 'NONE',  ( -0.01203253118969264436, -0.05000000000000000278, -0.01574999999999999664 ) ) ;
#6618 = FACE_OUTER_BOUND ( 'NONE', #2351, .T. ) ;
#6619 = EDGE_CURVE ( 'NONE', #3530, #2270, #5027, .T. ) ;
#6620 = PRESENTATION_LAYER_ASSIGNMENT (  '', '', ( #5617 ) ) ;
#6621 = ORIENTED_EDGE ( 'NONE', *, *, #4704, .T. ) ;
#6622 = CARTESIAN_POINT ( 'NONE',  ( 1.781668468810307493, 0.0000000000000000000, -0.01574999999999998623 ) ) ;
#6623 = CARTESIAN_POINT ( 'NONE',  ( 1.081668468810307537, 0.0000000000000000000, -0.08424999999999954747 ) ) ;
#6624 = VERTEX_POINT ( 'NONE', #3401 ) ;
#6625 = CARTESIAN_POINT ( 'NONE',  ( 0.5999990000000001711, 0.0000000000000000000, -0.09999999999999989453 ) ) ;
#6626 = DIRECTION ( 'NONE',  ( -0.0000000000000000000, 1.000000000000000000, -0.0000000000000000000 ) ) ;
#6627 = EDGE_LOOP ( 'NONE', ( #5455, #2363, #6637, #6298 ) ) ;
#6628 = CARTESIAN_POINT ( 'NONE',  ( 0.1710000000000004572, 0.0000000000000000000, 0.02800000000000090264 ) ) ;
#6629 = DIRECTION ( 'NONE',  ( -0.0000000000000000000, 1.000000000000000000, -0.0000000000000000000 ) ) ;
#6630 = EDGE_CURVE ( 'NONE', #2473, #7196, #4223, .T. ) ;
#6631 = VECTOR ( 'NONE', #4322, 39.37007874015748143 ) ;
#6632 = CARTESIAN_POINT ( 'NONE',  ( 1.481668468810307449, 0.0000000000000000000, -0.08424999999999954747 ) ) ;
#6633 = ORIENTED_EDGE ( 'NONE', *, *, #4073, .F. ) ;
#6634 = ORIENTED_EDGE ( 'NONE', *, *, #5727, .T. ) ;
#6635 = AXIS2_PLACEMENT_3D ( 'NONE', #1123, #4694, #4651 ) ;
#6636 = CARTESIAN_POINT ( 'NONE',  ( 1.637967468810307414, -0.05000000000000000278, -0.07855000000000071647 ) ) ;
#6637 = ORIENTED_EDGE ( 'NONE', *, *, #6576, .F. ) ;
#6638 = DIRECTION ( 'NONE',  ( 0.0000000000000000000, 0.0000000000000000000, 1.000000000000000000 ) ) ;
#6639 = CARTESIAN_POINT ( 'NONE',  ( 1.975934937620615894, -0.05000000000000000278, -0.09999999999999974187 ) ) ;
#6640 = DIRECTION ( 'NONE',  ( 0.0000000000000000000, 0.0000000000000000000, 1.000000000000000000 ) ) ;
#6641 = AXIS2_PLACEMENT_3D ( 'NONE', #7265, #7173, #5280 ) ;
#6642 = VERTEX_POINT ( 'NONE', #7446 ) ;
#6643 = CARTESIAN_POINT ( 'NONE',  ( 1.337967468810307370, 3.673940397442060153E-19, -0.05000000000000019013 ) ) ;
#6644 = DIRECTION ( 'NONE',  ( -1.000000000000000000, -0.0000000000000000000, -0.0000000000000000000 ) ) ;
#6645 = ORIENTED_EDGE ( 'NONE', *, *, #4466, .T. ) ;
#6646 = ADVANCED_FACE ( 'NONE', ( #6850 ), #1419, .F. ) ;
#6647 = DIRECTION ( 'NONE',  ( -1.000000000000000000, 0.0000000000000000000, -0.0000000000000000000 ) ) ;
#6648 = EDGE_CURVE ( 'NONE', #4740, #2891, #5375, .T. ) ;
#6649 = AXIS2_PLACEMENT_3D ( 'NONE', #3297, #5725, #5575 ) ;
#6650 = DIRECTION ( 'NONE',  ( -0.0000000000000000000, 1.000000000000000000, -0.0000000000000000000 ) ) ;
#6651 = ORIENTED_EDGE ( 'NONE', *, *, #5444, .F. ) ;
#6652 = EDGE_CURVE ( 'NONE', #7496, #4853, #4475, .T. ) ;
#6653 = FACE_OUTER_BOUND ( 'NONE', #7652, .T. ) ;
#6654 = EDGE_LOOP ( 'NONE', ( #4384, #5732, #1780, #3432 ) ) ;
#6655 = DIRECTION ( 'NONE',  ( 0.0000000000000000000, 0.0000000000000000000, 1.000000000000000000 ) ) ;
#6656 = CARTESIAN_POINT ( 'NONE',  ( 1.694266468810307513, 0.0000000000000000000, -0.01574999999999998623 ) ) ;
#6657 = LINE ( 'NONE', #1665, #2582 ) ;
#6658 = ORIENTED_EDGE ( 'NONE', *, *, #56, .F. ) ;
#6660 = EDGE_CURVE ( 'NONE', #5382, #5914, #3833, .T. ) ;
#6659 = CARTESIAN_POINT ( 'NONE',  ( -0.03066449223692707671, -0.05000000000000000278, -0.08424999999999790989 ) ) ;
#6661 = CARTESIAN_POINT ( 'NONE',  ( 1.975934937620615894, -0.05000000000000000278, -0.09999999999999974187 ) ) ;
#6662 = EDGE_LOOP ( 'NONE', ( #3632, #6480 ) ) ;
#6663 = DIRECTION ( 'NONE',  ( 0.0000000000000000000, 0.0000000000000000000, 1.000000000000000000 ) ) ;
#6664 = ORIENTED_EDGE ( 'NONE', *, *, #6134, .T. ) ;
#6665 = PLANE ( 'NONE',  #510 ) ;
#6666 = PLANE ( 'NONE',  #778 ) ;
#6667 = ITEM_DEFINED_TRANSFORMATION ( 'NONE', 'NONE', #5391,  #3340 ) ;
#6668 = DIRECTION ( 'NONE',  ( -0.0000000000000000000, 1.000000000000000000, -0.0000000000000000000 ) ) ;
#6669 = ORIENTED_EDGE ( 'NONE', *, *, #2225, .T. ) ;
#6671 = EDGE_CURVE ( 'NONE', #7196, #2473, #928, .T. ) ;
#6670 = ORIENTED_EDGE ( 'NONE', *, *, #2283, .F. ) ;
#6672 = ORIENTED_EDGE ( 'NONE', *, *, #5141, .T. ) ;
#6673 = DIRECTION ( 'NONE',  ( -0.0000000000000000000, 1.000000000000000000, -0.0000000000000000000 ) ) ;
#6674 = DIRECTION ( 'NONE',  ( 1.000000000000000000, 0.0000000000000000000, 0.0000000000000000000 ) ) ;
#6675 = VERTEX_POINT ( 'NONE', #1494 ) ;
#6676 =( NAMED_UNIT ( * ) SI_UNIT ( $, .STERADIAN. ) SOLID_ANGLE_UNIT ( ) );
#6677 = VECTOR ( 'NONE', #6571, 39.37007874015748854 ) ;
#6678 = ORIENTED_EDGE ( 'NONE', *, *, #3735, .F. ) ;
#6679 = LINE ( 'NONE', #6170, #2918 ) ;
#6680 = CARTESIAN_POINT ( 'NONE',  ( 0.0000000000000000000, 0.0000000000000000000, 0.009000000000000915254 ) ) ;
#6681 = ORIENTED_EDGE ( 'NONE', *, *, #4634, .F. ) ;
#6682 = PLANE ( 'NONE',  #1112 ) ;
#6683 = VECTOR ( 'NONE', #7192, 39.37007874015748143 ) ;
#6684 = DIRECTION ( 'NONE',  ( 0.0000000000000000000, 0.0000000000000000000, 1.000000000000000000 ) ) ;
#6685 = VECTOR ( 'NONE', #1284, 39.37007874015748143 ) ;
#6686 = ORIENTED_EDGE ( 'NONE', *, *, #4096, .F. ) ;
#6687 = DIRECTION ( 'NONE',  ( 1.000000000000000000, 0.0000000000000000000, -1.355298456929802892E-15 ) ) ;
#6688 = VERTEX_POINT ( 'NONE', #7523 ) ;
#6689 = DIRECTION ( 'NONE',  ( -0.0000000000000000000, 1.000000000000000000, -0.0000000000000000000 ) ) ;
#6690 = VECTOR ( 'NONE', #3486, 39.37007874015748143 ) ;
#6691 = DIRECTION ( 'NONE',  ( 0.3420201433256662704, -0.0000000000000000000, 0.9396926207859092051 ) ) ;
#6692 = ADVANCED_FACE ( 'NONE', ( #7008 ), #3994, .F. ) ;
#6693 = EDGE_CURVE ( 'NONE', #5064, #6820, #6011, .T. ) ;
#6694 = VECTOR ( 'NONE', #785, 39.37007874015748143 ) ;
#6695 = ORIENTED_EDGE ( 'NONE', *, *, #1209, .T. ) ;
#6696 = CARTESIAN_POINT ( 'NONE',  ( 0.1816684688103074041, -0.1100000000000000006, -0.01574999999999998623 ) ) ;
#6697 = CARTESIAN_POINT ( 'NONE',  ( 1.137967468810307414, 3.673940397442060153E-19, -0.05000000000000019013 ) ) ;
#6698 = ORIENTED_EDGE ( 'NONE', *, *, #4176, .F. ) ;
#6699 = DIRECTION ( 'NONE',  ( -0.0000000000000000000, 1.000000000000000000, -0.0000000000000000000 ) ) ;
#6700 = LINE ( 'NONE', #1273, #256 ) ;
#6701 = DIRECTION ( 'NONE',  ( -1.000000000000000000, 0.0000000000000000000, 1.355298456929802892E-15 ) ) ;
#6702 = LINE ( 'NONE', #6817, #1927 ) ;
#6703 = VECTOR ( 'NONE', #7012, 39.37007874015748143 ) ;
#6704 = CONTEXT_DEPENDENT_SHAPE_REPRESENTATION ( #4954, #5705 ) ;
#6705 = EDGE_CURVE ( 'NONE', #1245, #4545, #908, .T. ) ;
#6706 = DIRECTION ( 'NONE',  ( 1.000000000000000000, 0.0000000000000000000, -0.0000000000000000000 ) ) ;
#6707 = EDGE_LOOP ( 'NONE', ( #7334, #3000, #65, #7547 ) ) ;
#6708 = VERTEX_POINT ( 'NONE', #3322 ) ;
#6709 = FACE_OUTER_BOUND ( 'NONE', #7629, .T. ) ;
#6710 = ORIENTED_EDGE ( 'NONE', *, *, #6619, .F. ) ;
#6711 = DIRECTION ( 'NONE',  ( 1.355298456929802892E-15, 0.0000000000000000000, 1.000000000000000000 ) ) ;
#6712 = CARTESIAN_POINT ( 'NONE',  ( 1.199999000000000260, 0.0000000000000000000, 0.0000000000000000000 ) ) ;
#6713 = VERTEX_POINT ( 'NONE', #310 ) ;
#6714 = DIRECTION ( 'NONE',  ( -0.0000000000000000000, 1.000000000000000000, -0.0000000000000000000 ) ) ;
#6715 = PRESENTATION_LAYER_ASSIGNMENT (  '', '', ( #1267 ) ) ;
#6716 = DIRECTION ( 'NONE',  ( 0.0000000000000000000, 0.0000000000000000000, 1.000000000000000000 ) ) ;
#6717 = ADVANCED_FACE ( 'NONE', ( #2729 ), #7558, .F. ) ;
#6718 = ORIENTED_EDGE ( 'NONE', *, *, #824, .T. ) ;
#6719 = DIRECTION ( 'NONE',  ( -0.3420201433256720991, 0.0000000000000000000, 0.9396926207859070956 ) ) ;
#6720 = DIRECTION ( 'NONE',  ( -0.0000000000000000000, 1.000000000000000000, -0.0000000000000000000 ) ) ;
#6721 = EDGE_LOOP ( 'NONE', ( #6372, #3402, #3912, #3649 ) ) ;
#6722 = LINE ( 'NONE', #1295, #5547 ) ;
#6723 = DIRECTION ( 'NONE',  ( 0.3420201433256662704, -0.0000000000000000000, 0.9396926207859092051 ) ) ;
#6724 = CIRCLE ( 'NONE', #4702, 0.02855000000000052288 ) ;
#6725 = AXIS2_PLACEMENT_3D ( 'NONE', #545, #1060, #2959 ) ;
#6726 = EDGE_CURVE ( 'NONE', #6624, #5433, #2890, .T. ) ;
#6727 = VERTEX_POINT ( 'NONE', #472 ) ;
#6728 = VECTOR ( 'NONE', #7759, 39.37007874015748143 ) ;
#6729 = AXIS2_PLACEMENT_3D ( 'NONE', #21, #5012, #3626 ) ;
#6730 = CARTESIAN_POINT ( 'NONE',  ( 0.3816684688103073597, 0.0000000000000000000, -0.08424999999999954747 ) ) ;
#6731 = VERTEX_POINT ( 'NONE', #4116 ) ;
#6732 = CARTESIAN_POINT ( 'NONE',  ( 0.5320545949928665586, -0.05000000000000000278, -0.2205629980050904104 ) ) ;
#6733 = FACE_OUTER_BOUND ( 'NONE', #6654, .T. ) ;
#6734 = CIRCLE ( 'NONE', #5992, 0.02855000000000052288 ) ;
#6735 = VERTEX_POINT ( 'NONE', #1144 ) ;
#6736 = CARTESIAN_POINT ( 'NONE',  ( -0.005732531189692643449, -0.05000000000000000278, -0.08424999999999989442 ) ) ;
#6737 = AXIS2_PLACEMENT_3D ( 'NONE', #4707, #3590, #1096 ) ;
#6738 = DIRECTION ( 'NONE',  ( 1.000000000000000000, 0.0000000000000000000, 0.0000000000000000000 ) ) ;
#6739 = ORIENTED_EDGE ( 'NONE', *, *, #2508, .T. ) ;
#6741 = EDGE_CURVE ( 'NONE', #1604, #4506, #6578, .T. ) ;
#6740 = DIRECTION ( 'NONE',  ( 0.0000000000000000000, 0.0000000000000000000, 1.000000000000000000 ) ) ;
#6742 = EDGE_CURVE ( 'NONE', #7539, #6013, #7801, .T. ) ;
#6743 = CARTESIAN_POINT ( 'NONE',  ( 0.0000000000000000000, -0.05000000000000000278, 0.0000000000000000000 ) ) ;
#6744 = FACE_OUTER_BOUND ( 'NONE', #3105, .T. ) ;
#6745 = CARTESIAN_POINT ( 'NONE',  ( 0.5816684688103074263, 0.0000000000000000000, -0.01574999999999998623 ) ) ;
#6746 = VECTOR ( 'NONE', #835, 39.37007874015748854 ) ;
#6747 = PLANE ( 'NONE',  #1825 ) ;
#6748 = VERTEX_POINT ( 'NONE', #4719 ) ;
#6749 = ORIENTED_EDGE ( 'NONE', *, *, #246, .T. ) ;
#6750 = DIRECTION ( 'NONE',  ( 0.0000000000000000000, 0.0000000000000000000, -1.000000000000000000 ) ) ;
#6751 = EDGE_LOOP ( 'NONE', ( #2976, #2073, #513, #3462 ) ) ;
#6752 = DIRECTION ( 'NONE',  ( -0.0000000000000000000, 1.000000000000000000, -0.0000000000000000000 ) ) ;
#6753 = EDGE_CURVE ( 'NONE', #812, #6125, #6540, .T. ) ;
#6754 = CARTESIAN_POINT ( 'NONE',  ( 1.899999000000000215, 0.0000000000000000000, 0.0000000000000000000 ) ) ;
#6755 = VECTOR ( 'NONE', #3281, 39.37007874015748854 ) ;
#6756 = DIRECTION ( 'NONE',  ( -0.0000000000000000000, 1.000000000000000000, -0.0000000000000000000 ) ) ;
#6757 = CIRCLE ( 'NONE', #1818, 0.02855000000000052288 ) ;
#6758 = VERTEX_POINT ( 'NONE', #1070 ) ;
#6759 = CARTESIAN_POINT ( 'NONE',  ( 0.03796746881030733239, 3.673940397442060153E-19, -0.05000000000000019013 ) ) ;
#6760 = CARTESIAN_POINT ( 'NONE',  ( 0.07593593762061463803, -0.1100000000000000006, -0.09999999999999989453 ) ) ;
#6761 = ORIENTED_EDGE ( 'NONE', *, *, #4518, .F. ) ;
#6762 = DIRECTION ( 'NONE',  ( 0.0000000000000000000, 0.0000000000000000000, 1.000000000000000000 ) ) ;
#6763 = EDGE_CURVE ( 'NONE', #6558, #4980, #2852, .T. ) ;
#6764 = LINE ( 'NONE', #4906, #7742 ) ;
#6765 =( GEOMETRIC_REPRESENTATION_CONTEXT ( 3 ) GLOBAL_UNCERTAINTY_ASSIGNED_CONTEXT ( ( #2655 ) ) GLOBAL_UNIT_ASSIGNED_CONTEXT ( ( #2513, #4937, #7826 ) ) REPRESENTATION_CONTEXT ( 'NONE', 'WORKASPACE' ) );
#6766 = ORIENTED_EDGE ( 'NONE', *, *, #4658, .F. ) ;
#6767 = AXIS2_PLACEMENT_3D ( 'NONE', #2266, #5845, #6355 ) ;
#6768 = CARTESIAN_POINT ( 'NONE',  ( 0.7999990000000001267, 0.0000000000000000000, -0.09999999999999989453 ) ) ;
#6769 = EDGE_CURVE ( 'NONE', #2561, #5716, #7045, .T. ) ;
#6770 = EDGE_LOOP ( 'NONE', ( #1972, #1593, #3169, #3104 ) ) ;
#6771 = DIRECTION ( 'NONE',  ( -1.000000000000000000, 0.0000000000000000000, 1.355298456929802892E-15 ) ) ;
#6772 = PLANE ( 'NONE',  #4192 ) ;
#6773 = ORIENTED_EDGE ( 'NONE', *, *, #2888, .F. ) ;
#6774 = CARTESIAN_POINT ( 'NONE',  ( -0.01203253118969264436, 0.0000000000000000000, -0.08424999999999989442 ) ) ;
#6775 = CARTESIAN_POINT ( 'NONE',  ( 1.481668468810307449, 0.0000000000000000000, -0.01574999999999998623 ) ) ;
#6776 = VERTEX_POINT ( 'NONE', #2292 ) ;
#6777 = CARTESIAN_POINT ( 'NONE',  ( 0.1942664688103074300, -0.05000000000000000278, -0.01574999999999998623 ) ) ;
#6778 = CARTESIAN_POINT ( 'NONE',  ( 0.9999990000000001933, -0.05000000000000000278, -0.09999999999999989453 ) ) ;
#6779 = LINE ( 'NONE', #3138, #4811 ) ;
#6780 = CARTESIAN_POINT ( 'NONE',  ( 1.975934937620615894, -0.05000000000000000278, -0.09999999999999974187 ) ) ;
#6781 = PRODUCT_RELATED_PRODUCT_CATEGORY ( 'part', '', ( #2657 ) ) ;
#6782 = ADVANCED_FACE ( 'NONE', ( #7168 ), #7680, .F. ) ;
#6783 = ORIENTED_EDGE ( 'NONE', *, *, #1612, .T. ) ;
#6784 = VERTEX_POINT ( 'NONE', #5233 ) ;
#6785 = DIRECTION ( 'NONE',  ( -0.0000000000000000000, 1.000000000000000000, -0.0000000000000000000 ) ) ;
#6786 = ORIENTED_EDGE ( 'NONE', *, *, #6246, .T. ) ;
#6787 = CARTESIAN_POINT ( 'NONE',  ( 1.081668468810307537, -0.05000000000000000278, -0.08424999999999954747 ) ) ;
#6788 = CARTESIAN_POINT ( 'NONE',  ( 1.881668468810307582, 0.0000000000000000000, -0.01574999999999998623 ) ) ;
#6789 = CARTESIAN_POINT ( 'NONE',  ( 0.8379674688103073699, 0.0000000000000000000, -0.07855000000000071647 ) ) ;
#6790 = DIRECTION ( 'NONE',  ( 0.0000000000000000000, 0.0000000000000000000, 1.000000000000000000 ) ) ;
#6791 = EDGE_CURVE ( 'NONE', #6731, #2544, #1815, .T. ) ;
#6792 = ADVANCED_FACE ( 'NONE', ( #1106 ), #3484, .F. ) ;
#6793 = EDGE_LOOP ( 'NONE', ( #1788, #5471, #2626, #6071 ) ) ;
#6794 = DIRECTION ( 'NONE',  ( -1.000000000000000000, 0.0000000000000000000, -7.776898252968647801E-17 ) ) ;
#6795 = CARTESIAN_POINT ( 'NONE',  ( 0.4759359376206147019, -0.05000000000000000278, -9.478001694819074349E-34 ) ) ;
#6796 = ORIENTED_EDGE ( 'NONE', *, *, #5357, .F. ) ;
#6797 = LINE ( 'NONE', #6138, #6059 ) ;
#6798 = VECTOR ( 'NONE', #4244, 39.37007874015748143 ) ;
#6799 = DIRECTION ( 'NONE',  ( -1.000000000000000000, 0.0000000000000000000, 1.355298456929802892E-15 ) ) ;
#6800 = CARTESIAN_POINT ( 'NONE',  ( 1.794266468810307602, 0.0000000000000000000, -0.08424999999999957523 ) ) ;
#6801 = EDGE_CURVE ( 'NONE', #7086, #5740, #4076, .T. ) ;
#6802 = EDGE_LOOP ( 'NONE', ( #6382, #987 ) ) ;
#6803 = CIRCLE ( 'NONE', #7312, 0.02855000000000052982 ) ;
#6804 = CARTESIAN_POINT ( 'NONE',  ( 0.7086590393047649261, -0.05000000000000000278, -0.2848417589737440303 ) ) ;
#6805 = ORIENTED_EDGE ( 'NONE', *, *, #7043, .T. ) ;
#6806 = DIRECTION ( 'NONE',  ( -1.000000000000000000, 0.0000000000000000000, -7.776898252968647801E-17 ) ) ;
#6807 = PLANE ( 'NONE',  #3178 ) ;
#6808 = AXIS2_PLACEMENT_3D ( 'NONE', #2423, #3612, #4208 ) ;
#6809 = ADVANCED_FACE ( 'NONE', ( #5315 ), #3522, .T. ) ;
#6810 = AXIS2_PLACEMENT_3D ( 'NONE', #3678, #2526, #5515 ) ;
#6811 = DIRECTION ( 'NONE',  ( 0.0000000000000000000, 0.0000000000000000000, 1.000000000000000000 ) ) ;
#6812 = CARTESIAN_POINT ( 'NONE',  ( 0.4379674688103074032, 0.0000000000000000000, -0.05000000000000019013 ) ) ;
#6813 = ORIENTED_EDGE ( 'NONE', *, *, #1518, .F. ) ;
#6814 = DIRECTION ( 'NONE',  ( -0.9396926207859093161, 0.0000000000000000000, 0.3420201433256663814 ) ) ;
#6815 = FACE_OUTER_BOUND ( 'NONE', #1878, .T. ) ;
#6816 = DIRECTION ( 'NONE',  ( 0.3420201433256720991, 0.0000000000000000000, -0.9396926207859070956 ) ) ;
#6817 = CARTESIAN_POINT ( 'NONE',  ( 0.07593593762061463803, -0.1100000000000000006, -9.478001694819074349E-34 ) ) ;
#6818 = AXIS2_PLACEMENT_3D ( 'NONE', #5909, #4755, #3394 ) ;
#6819 = EDGE_CURVE ( 'NONE', #4564, #1985, #4861, .T. ) ;
#6820 = VERTEX_POINT ( 'NONE', #3600 ) ;
#6821 = ORIENTED_EDGE ( 'NONE', *, *, #4467, .F. ) ;
#6822 = DIRECTION ( 'NONE',  ( -1.000000000000000000, -0.0000000000000000000, -0.0000000000000000000 ) ) ;
#6823 = ORIENTED_EDGE ( 'NONE', *, *, #5756, .T. ) ;
#6824 = CARTESIAN_POINT ( 'NONE',  ( 1.137967468810307414, -0.05000000000000000278, -0.05000000000000019013 ) ) ;
#6825 = AXIS2_PLACEMENT_3D ( 'NONE', #5562, #7262, #1946 ) ;
#6826 = DIRECTION ( 'NONE',  ( 7.776898252968646568E-17, 0.0000000000000000000, -1.000000000000000000 ) ) ;
#6827 = LINE ( 'NONE', #5392, #1002 ) ;
#6828 = DIRECTION ( 'NONE',  ( 0.0000000000000000000, 0.0000000000000000000, 1.000000000000000000 ) ) ;
#6829 = ORIENTED_EDGE ( 'NONE', *, *, #2774, .T. ) ;
#6830 = EDGE_LOOP ( 'NONE', ( #5643, #453, #4728, #1262 ) ) ;
#6831 = CARTESIAN_POINT ( 'NONE',  ( 0.1942664688103074300, -0.05000000000000000278, -0.08424999999999957523 ) ) ;
#6832 = ORIENTED_EDGE ( 'NONE', *, *, #1081, .F. ) ;
#6833 = LINE ( 'NONE', #664, #7053 ) ;
#6834 = ADVANCED_FACE ( 'NONE', ( #3561 ), #5994, .F. ) ;
#6835 = EDGE_CURVE ( 'NONE', #5588, #1887, #4758, .T. ) ;
#6836 = CARTESIAN_POINT ( 'NONE',  ( 0.3942664688103074133, -0.1100000000000000006, -0.08424999999999957523 ) ) ;
#6837 = DIRECTION ( 'NONE',  ( -1.000000000000000000, -0.0000000000000000000, -0.0000000000000000000 ) ) ;
#6838 = AXIS2_PLACEMENT_3D ( 'NONE', #3914, #2214, #4599 ) ;
#6839 = EDGE_LOOP ( 'NONE', ( #955, #4637, #366, #3442 ) ) ;
#6840 = DIRECTION ( 'NONE',  ( -0.3420201433256695456, 0.0000000000000000000, -0.9396926207859080948 ) ) ;
#6841 = CIRCLE ( 'NONE', #6970, 0.02855000000000052288 ) ;
#6842 = ORIENTED_EDGE ( 'NONE', *, *, #5677, .F. ) ;
#6843 = LINE ( 'NONE', #2726, #4298 ) ;
#6844 = VECTOR ( 'NONE', #4063, 39.37007874015748143 ) ;
#6845 = ADVANCED_FACE ( 'NONE', ( #1778 ), #4196, .T. ) ;
#6846 = FACE_OUTER_BOUND ( 'NONE', #523, .T. ) ;
#6847 = VECTOR ( 'NONE', #6486, 39.37007874015748854 ) ;
#6848 = CONICAL_SURFACE ( 'NONE', #2678, 0.02200000000000174732, 0.7853981633972278997 ) ;
#6849 = EDGE_CURVE ( 'NONE', #1571, #873, #2456, .T. ) ;
#6850 = FACE_OUTER_BOUND ( 'NONE', #4410, .T. ) ;
#6851 = ORIENTED_EDGE ( 'NONE', *, *, #7735, .F. ) ;
#6852 = CARTESIAN_POINT ( 'NONE',  ( 1.594266468810307424, -0.1100000000000000006, -0.01574999999999998623 ) ) ;
#6853 = EDGE_CURVE ( 'NONE', #2270, #6688, #5475, .T. ) ;
#6854 = ADVANCED_FACE ( 'NONE', ( #3722 ), #6104, .F. ) ;
#6855 = CARTESIAN_POINT ( 'NONE',  ( 0.5379674688103074365, 3.673940397442060153E-19, -0.02144999999999966031 ) ) ;
#6856 = DIRECTION ( 'NONE',  ( 1.000000000000000000, 0.0000000000000000000, -1.355298456929802892E-15 ) ) ;
#6857 = AXIS2_PLACEMENT_3D ( 'NONE', #6194, #4286, #2653 ) ;
#6858 = DIRECTION ( 'NONE',  ( -0.0000000000000000000, 1.000000000000000000, -0.0000000000000000000 ) ) ;
#6859 = VECTOR ( 'NONE', #4344, 39.37007874015748143 ) ;
#6860 = ORIENTED_EDGE ( 'NONE', *, *, #5321, .F. ) ;
#6861 = EDGE_LOOP ( 'NONE', ( #1051, #305, #483, #2899 ) ) ;
#6862 = CARTESIAN_POINT ( 'NONE',  ( 1.781668468810307493, -0.1100000000000000006, -0.08424999999999954747 ) ) ;
#6863 = ORIENTED_EDGE ( 'NONE', *, *, #1529, .T. ) ;
#6864 = DIRECTION ( 'NONE',  ( -1.000000000000000000, 0.0000000000000000000, 1.355298456929802892E-15 ) ) ;
#6865 = ADVANCED_FACE ( 'NONE', ( #6653 ), #7468, .T. ) ;
#6866 = LINE ( 'NONE', #1432, #7722 ) ;
#6867 = LINE ( 'NONE', #2782, #2520 ) ;
#6868 = DIRECTION ( 'NONE',  ( -3.491481338843133355E-15, -1.000000000000000000, 0.0000000000000000000 ) ) ;
#6869 = VECTOR ( 'NONE', #4605, 39.37007874015748143 ) ;
#6870 = APPLICATION_CONTEXT ( 'automotive_design' ) ;
#6871 = EDGE_LOOP ( 'NONE', ( #1204, #701, #6899, #6369 ) ) ;
#6872 = ORIENTED_EDGE ( 'NONE', *, *, #6028, .T. ) ;
#6873 = VECTOR ( 'NONE', #7209, 39.37007874015748143 ) ;
#6874 = LINE ( 'NONE', #1293, #7122 ) ;
#6875 = ORIENTED_EDGE ( 'NONE', *, *, #5542, .F. ) ;
#6876 = LINE ( 'NONE', #2077, #5158 ) ;
#6877 = FACE_OUTER_BOUND ( 'NONE', #2816, .T. ) ;
#6878 = CARTESIAN_POINT ( 'NONE',  ( 1.975934937620615894, -0.05000000000000000278, -0.09999999999999974187 ) ) ;
#6879 = LINE ( 'NONE', #297, #4106 ) ;
#6880 = CIRCLE ( 'NONE', #1316, 0.02855000000000052982 ) ;
#6881 = ORIENTED_EDGE ( 'NONE', *, *, #1576, .F. ) ;
#6882 = ADVANCED_FACE ( 'NONE', ( #5692 ), #1221, .T. ) ;
#6883 = FACE_OUTER_BOUND ( 'NONE', #2335, .T. ) ;
#6884 = CARTESIAN_POINT ( 'NONE',  ( 0.4816684688103073930, -0.1100000000000000006, -0.01574999999999998623 ) ) ;
#6885 = VERTEX_POINT ( 'NONE', #4272 ) ;
#6886 = LINE ( 'NONE', #6333, #6940 ) ;
#6887 = LINE ( 'NONE', #3869, #2667 ) ;
#6888 = AXIS2_PLACEMENT_3D ( 'NONE', #5165, #4527, #3458 ) ;
#6889 = DIRECTION ( 'NONE',  ( 0.0000000000000000000, 0.0000000000000000000, -1.000000000000000000 ) ) ;
#6890 = EDGE_CURVE ( 'NONE', #3740, #6390, #6284, .T. ) ;
#6891 = CARTESIAN_POINT ( 'NONE',  ( 0.3942664688103074133, -0.1100000000000000006, -0.08424999999999957523 ) ) ;
#6892 = ORIENTED_EDGE ( 'NONE', *, *, #1620, .T. ) ;
#6893 = CARTESIAN_POINT ( 'NONE',  ( 1.175935937620614880, -0.05000000000000000278, -0.09999999999999989453 ) ) ;
#6894 = DIRECTION ( 'NONE',  ( -0.0000000000000000000, 1.000000000000000000, -0.0000000000000000000 ) ) ;
#6895 = DIRECTION ( 'NONE',  ( -0.0000000000000000000, 1.000000000000000000, -0.0000000000000000000 ) ) ;
#6896 = CARTESIAN_POINT ( 'NONE',  ( 0.2816684688103074374, 0.0000000000000000000, -0.01574999999999998623 ) ) ;
#6897 = EDGE_CURVE ( 'NONE', #4740, #6776, #2037, .T. ) ;
#6898 = ORIENTED_EDGE ( 'NONE', *, *, #665, .F. ) ;
#6899 = ORIENTED_EDGE ( 'NONE', *, *, #6652, .T. ) ;
#6900 = LINE ( 'NONE', #7651, #3449 ) ;
#6901 = ORIENTED_EDGE ( 'NONE', *, *, #3557, .T. ) ;
#6902 = DIRECTION ( 'NONE',  ( 0.0000000000000000000, 0.0000000000000000000, 1.000000000000000000 ) ) ;
#6903 = PLANE ( 'NONE',  #2538 ) ;
#6904 = CARTESIAN_POINT ( 'NONE',  ( 0.3334346750492034328, -0.05000000000000000278, 0.1167712592132630345 ) ) ;
#6905 = DIRECTION ( 'NONE',  ( -3.491481338843133355E-15, -1.000000000000000000, 0.0000000000000000000 ) ) ;
#6906 = ADVANCED_FACE ( 'NONE', ( #30 ), #253, .T. ) ;
#6907 = EDGE_LOOP ( 'NONE', ( #5337, #1618 ) ) ;
#6908 = ORIENTED_EDGE ( 'NONE', *, *, #452, .F. ) ;
#6909 = FACE_OUTER_BOUND ( 'NONE', #5037, .T. ) ;
#6910 = ORIENTED_EDGE ( 'NONE', *, *, #2764, .F. ) ;
#6911 = PLANE ( 'NONE',  #2751 ) ;
#6912 = DIRECTION ( 'NONE',  ( 0.0000000000000000000, 0.0000000000000000000, 1.000000000000000000 ) ) ;
#6913 = CARTESIAN_POINT ( 'NONE',  ( 1.837967468810307370, 3.673940397442060153E-19, -0.02144999999999966031 ) ) ;
#6914 = CARTESIAN_POINT ( 'NONE',  ( 0.3379674688103073699, 3.673940397442060153E-19, -0.07855000000000071647 ) ) ;
#6915 = ORIENTED_EDGE ( 'NONE', *, *, #222, .T. ) ;
#6916 = PLANE ( 'NONE',  #903 ) ;
#6917 = LINE ( 'NONE', #3315, #1797 ) ;
#6918 = ORIENTED_EDGE ( 'NONE', *, *, #5780, .T. ) ;
#6919 = VECTOR ( 'NONE', #2759, 39.37007874015748854 ) ;
#6920 = ORIENTED_EDGE ( 'NONE', *, *, #1576, .T. ) ;
#6921 = CARTESIAN_POINT ( 'NONE',  ( 1.237967468810307281, 3.673940397442060153E-19, -0.02144999999999966031 ) ) ;
#6922 = CARTESIAN_POINT ( 'NONE',  ( 0.6816684688103075151, 0.0000000000000000000, -0.08424999999999954747 ) ) ;
#6923 = PRODUCT_RELATED_PRODUCT_CATEGORY ( 'part', '', ( #1520 ) ) ;
#6924 = CARTESIAN_POINT ( 'NONE',  ( 1.537967468810307325, 0.0000000000000000000, -0.07855000000000071647 ) ) ;
#6925 = VERTEX_POINT ( 'NONE', #6029 ) ;
#6926 = CARTESIAN_POINT ( 'NONE',  ( 0.2910000000000024234, 0.0000000000000000000, 0.0000000000000000000 ) ) ;
#6927 = DIRECTION ( 'NONE',  ( 7.776898252968646568E-17, 0.0000000000000000000, -1.000000000000000000 ) ) ;
#6928 = LINE ( 'NONE', #1460, #4955 ) ;
#6929 = ADVANCED_FACE ( 'NONE', ( #2078 ), #6063, .F. ) ;
#6930 = CARTESIAN_POINT ( 'NONE',  ( 0.1999990000000001211, -0.1100000000000000006, -0.09999999999999989453 ) ) ;
#6931 = EDGE_CURVE ( 'NONE', #3232, #2659, #4473, .T. ) ;
#6932 = VECTOR ( 'NONE', #7010, 39.37007874015748143 ) ;
#6933 = ORIENTED_EDGE ( 'NONE', *, *, #4528, .T. ) ;
#6934 = VERTEX_POINT ( 'NONE', #4458 ) ;
#6935 = DIRECTION ( 'NONE',  ( 0.0000000000000000000, 0.0000000000000000000, 1.000000000000000000 ) ) ;
#6936 = ORIENTED_EDGE ( 'NONE', *, *, #499, .F. ) ;
#6937 = DIRECTION ( 'NONE',  ( -0.0000000000000000000, 1.000000000000000000, -0.0000000000000000000 ) ) ;
#6938 = FACE_OUTER_BOUND ( 'NONE', #3659, .T. ) ;
#6939 = CARTESIAN_POINT ( 'NONE',  ( 1.699999000000000260, 0.0000000000000000000, -0.09999999999999989453 ) ) ;
#6940 = VECTOR ( 'NONE', #7406, 39.37007874015748143 ) ;
#6941 = EDGE_CURVE ( 'NONE', #3740, #13, #2411, .T. ) ;
#6942 = VERTEX_POINT ( 'NONE', #6730 ) ;
#6943 = AXIS2_PLACEMENT_3D ( 'NONE', #6968, #1500, #2652 ) ;
#6944 = ORIENTED_EDGE ( 'NONE', *, *, #5240, .F. ) ;
#6945 = CARTESIAN_POINT ( 'NONE',  ( 0.5942664688103074244, -0.1100000000000000006, -0.08424999999999957523 ) ) ;
#6946 = ORIENTED_EDGE ( 'NONE', *, *, #5667, .T. ) ;
#6947 = DIRECTION ( 'NONE',  ( -0.9396926207859093161, 0.0000000000000000000, 0.3420201433256663814 ) ) ;
#6948 = CARTESIAN_POINT ( 'NONE',  ( 1.975934937620615894, 0.0000000000000000000, -0.09999999999999974187 ) ) ;
#6949 = ADVANCED_FACE ( 'NONE', ( #6877 ), #1302, .T. ) ;
#6950 = DIRECTION ( 'NONE',  ( -0.0000000000000000000, 1.000000000000000000, -0.0000000000000000000 ) ) ;
#6951 = DIRECTION ( 'NONE',  ( 0.3420201433256695456, 0.0000000000000000000, 0.9396926207859080948 ) ) ;
#6952 = ORIENTED_EDGE ( 'NONE', *, *, #3113, .F. ) ;
#6953 = CARTESIAN_POINT ( 'NONE',  ( 0.4999990000000001378, -0.05000000000000000278, -0.09999999999999989453 ) ) ;
#6954 = LINE ( 'NONE', #377, #1416 ) ;
#6955 = ORIENTED_EDGE ( 'NONE', *, *, #1863, .T. ) ;
#6956 = LINE ( 'NONE', #151, #4009 ) ;
#6957 = EDGE_LOOP ( 'NONE', ( #2504, #1931, #1589, #6875 ) ) ;
#6958 = CARTESIAN_POINT ( 'NONE',  ( 1.975934937620615894, 0.0000000000000000000, -0.09999999999999974187 ) ) ;
#6959 = EDGE_CURVE ( 'NONE', #3953, #1361, #2579, .T. ) ;
#6960 = LINE ( 'NONE', #5272, #7106 ) ;
#6961 = VECTOR ( 'NONE', #4807, 39.37007874015748143 ) ;
#6962 = ORIENTED_EDGE ( 'NONE', *, *, #3825, .F. ) ;
#6963 = AXIS2_PLACEMENT_3D ( 'NONE', #392, #5711, #273 ) ;
#6964 = CARTESIAN_POINT ( 'NONE',  ( 0.4108457355205978878, -0.05000000000000000278, 0.1449465810278275923 ) ) ;
#6965 = VERTEX_POINT ( 'NONE', #7507 ) ;
#6966 = CARTESIAN_POINT ( 'NONE',  ( 1.581668468810307315, 0.0000000000000000000, -0.01574999999999998623 ) ) ;
#6967 = DIRECTION ( 'NONE',  ( -1.000000000000000000, 0.0000000000000000000, 1.355298456929802892E-15 ) ) ;
#6968 = CARTESIAN_POINT ( 'NONE',  ( 0.0000000000000000000, -0.05000000000000000278, 0.0000000000000000000 ) ) ;
#6969 = DIRECTION ( 'NONE',  ( 0.0000000000000000000, 0.0000000000000000000, 1.000000000000000000 ) ) ;
#6970 = AXIS2_PLACEMENT_3D ( 'NONE', #2604, #1264, #2490 ) ;
#6971 = VECTOR ( 'NONE', #4723, 39.37007874015748143 ) ;
#6972 = EDGE_CURVE ( 'NONE', #6125, #5140, #4498, .T. ) ;
#6973 = ORIENTED_EDGE ( 'NONE', *, *, #7576, .F. ) ;
#6974 = EDGE_CURVE ( 'NONE', #5870, #2607, #6757, .T. ) ;
#6975 = ORIENTED_EDGE ( 'NONE', *, *, #6791, .T. ) ;
#6976 = VECTOR ( 'NONE', #7584, 39.37007874015748143 ) ;
#6977 = CARTESIAN_POINT ( 'NONE',  ( 1.094266468810307424, -0.05000000000000000278, -0.01574999999999998623 ) ) ;
#6978 = ORIENTED_EDGE ( 'NONE', *, *, #4039, .T. ) ;
#6979 = FACE_BOUND ( 'NONE', #464, .T. ) ;
#6980 = DIRECTION ( 'NONE',  ( -1.000000000000000000, 0.0000000000000000000, -7.776898252968647801E-17 ) ) ;
#6981 = CARTESIAN_POINT ( 'NONE',  ( 0.8999990000000001045, 0.0000000000000000000, 0.0000000000000000000 ) ) ;
#6982 = DIRECTION ( 'NONE',  ( 0.0000000000000000000, 0.0000000000000000000, 1.000000000000000000 ) ) ;
#6983 = CIRCLE ( 'NONE', #667, 0.02900000000000000147 ) ;
#6984 = ORIENTED_EDGE ( 'NONE', *, *, #7601, .F. ) ;
#6985 = EDGE_CURVE ( 'NONE', #7587, #5914, #5502, .T. ) ;
#6986 = ORIENTED_EDGE ( 'NONE', *, *, #549, .F. ) ;
#6987 = DIRECTION ( 'NONE',  ( -0.0000000000000000000, 1.000000000000000000, -0.0000000000000000000 ) ) ;
#6988 = ORIENTED_EDGE ( 'NONE', *, *, #3448, .F. ) ;
#6989 = PLANE ( 'NONE',  #3009 ) ;
#6990 = CARTESIAN_POINT ( 'NONE',  ( 0.6999990000000000379, -0.05000000000000000278, 0.0000000000000000000 ) ) ;
#6991 = AXIS2_PLACEMENT_3D ( 'NONE', #3986, #6409, #2798 ) ;
#6992 = CARTESIAN_POINT ( 'NONE',  ( 1.987967468810307503, -0.05000000000000000278, -0.08424999999999935318 ) ) ;
#6993 = DIRECTION ( 'NONE',  ( -1.000000000000000000, -0.0000000000000000000, -0.0000000000000000000 ) ) ;
#6994 = VECTOR ( 'NONE', #4137, 39.37007874015748143 ) ;
#6995 = VERTEX_POINT ( 'NONE', #457 ) ;
#6996 = EDGE_CURVE ( 'NONE', #3476, #3541, #2836, .T. ) ;
#6997 = DIRECTION ( 'NONE',  ( 7.776898252968646568E-17, 0.0000000000000000000, -1.000000000000000000 ) ) ;
#6998 = CARTESIAN_POINT ( 'NONE',  ( 1.681668468810307404, -0.05000000000000000278, -0.08424999999999954747 ) ) ;
#6999 = ORIENTED_EDGE ( 'NONE', *, *, #2528, .F. ) ;
#7000 = DIRECTION ( 'NONE',  ( 0.3420201433256639389, 0.0000000000000000000, -0.9396926207859100932 ) ) ;
#7001 = VERTEX_POINT ( 'NONE', #3346 ) ;
#7002 = CARTESIAN_POINT ( 'NONE',  ( 0.8379674688103073699, 0.0000000000000000000, -0.05000000000000019013 ) ) ;
#7003 = CARTESIAN_POINT ( 'NONE',  ( 1.381668468810307360, -0.1100000000000000006, -0.08424999999999954747 ) ) ;
#7004 = VECTOR ( 'NONE', #7134, 39.37007874015748143 ) ;
#7005 = ORIENTED_EDGE ( 'NONE', *, *, #6985, .T. ) ;
#7006 = ADVANCED_FACE ( 'NONE', ( #1011 ), #1642, .F. ) ;
#7007 = VECTOR ( 'NONE', #4537, 39.37007874015748854 ) ;
#7008 = FACE_OUTER_BOUND ( 'NONE', #1505, .T. ) ;
#7009 = VERTEX_POINT ( 'NONE', #3978 ) ;
#7010 = DIRECTION ( 'NONE',  ( -1.000000000000000000, 0.0000000000000000000, 1.355298456929802892E-15 ) ) ;
#7011 = CARTESIAN_POINT ( 'NONE',  ( 0.4328612111523590378, -0.05000000000000000278, -0.1844595588510056505 ) ) ;
#7012 = DIRECTION ( 'NONE',  ( -0.0000000000000000000, 1.000000000000000000, -0.0000000000000000000 ) ) ;
#7013 = CARTESIAN_POINT ( 'NONE',  ( 1.637967468810307414, 0.0000000000000000000, -0.07855000000000071647 ) ) ;
#7014 = VECTOR ( 'NONE', #1189, 39.37007874015748143 ) ;
#7015 = ORIENTED_EDGE ( 'NONE', *, *, #799, .F. ) ;
#7016 = EDGE_LOOP ( 'NONE', ( #5933, #4928, #7435, #6761 ) ) ;
#7017 = PRESENTATION_LAYER_ASSIGNMENT (  '', '', ( #2718 ) ) ;
#7018 = LINE ( 'NONE', #3922, #6746 ) ;
#7019 = EDGE_LOOP ( 'NONE', ( #466, #3097 ) ) ;
#7020 = FACE_BOUND ( 'NONE', #6083, .T. ) ;
#7021 = DIRECTION ( 'NONE',  ( 0.0000000000000000000, 0.0000000000000000000, 1.000000000000000000 ) ) ;
#7022 = LINE ( 'NONE', #2663, #3777 ) ;
#7023 = APPLICATION_CONTEXT ( 'automotive_design' ) ;
#7024 = EDGE_CURVE ( 'NONE', #6102, #5634, #1562, .T. ) ;
#7025 = ORIENTED_EDGE ( 'NONE', *, *, #5641, .F. ) ;
#7026 = VERTEX_POINT ( 'NONE', #3423 ) ;
#7027 = FACE_OUTER_BOUND ( 'NONE', #1748, .T. ) ;
#7028 = VERTEX_POINT ( 'NONE', #293 ) ;
#7029 = DIRECTION ( 'NONE',  ( -0.0000000000000000000, 1.000000000000000000, -0.0000000000000000000 ) ) ;
#7030 = DIRECTION ( 'NONE',  ( -0.0000000000000000000, 1.000000000000000000, -0.0000000000000000000 ) ) ;
#7031 = PRODUCT_DEFINITION_SHAPE ( 'NONE', 'NONE',  #7848 ) ;
#7032 = CARTESIAN_POINT ( 'NONE',  ( 0.9942664688103074466, -0.05000000000000000278, -0.01574999999999998623 ) ) ;
#7033 = ADVANCED_FACE ( 'NONE', ( #5855 ), #417, .F. ) ;
#7034 = EDGE_CURVE ( 'NONE', #1739, #7145, #7705, .T. ) ;
#7035 = VERTEX_POINT ( 'NONE', #2232 ) ;
#7036 = DIRECTION ( 'NONE',  ( 0.0000000000000000000, 0.0000000000000000000, 1.000000000000000000 ) ) ;
#7037 = DIRECTION ( 'NONE',  ( 1.000000000000000000, 0.0000000000000000000, -1.355298456929802892E-15 ) ) ;
#7038 = EDGE_LOOP ( 'NONE', ( #4440, #6933, #7720, #6539 ) ) ;
#7039 = DIRECTION ( 'NONE',  ( -0.0000000000000000000, 1.000000000000000000, -0.0000000000000000000 ) ) ;
#7040 = ORIENTED_EDGE ( 'NONE', *, *, #3878, .T. ) ;
#7041 = CARTESIAN_POINT ( 'NONE',  ( 1.281668468810307271, -0.05000000000000000278, -0.08424999999999954747 ) ) ;
#7042 = CARTESIAN_POINT ( 'NONE',  ( 1.599999000000000171, -0.1100000000000000006, 0.0000000000000000000 ) ) ;
#7043 = EDGE_CURVE ( 'NONE', #6048, #2127, #7583, .T. ) ;
#7044 = VERTEX_POINT ( 'NONE', #3307 ) ;
#7045 = LINE ( 'NONE', #2930, #7503 ) ;
#7046 = EDGE_LOOP ( 'NONE', ( #7425, #7639, #3708, #3776 ) ) ;
#7047 = FACE_OUTER_BOUND ( 'NONE', #7477, .T. ) ;
#7048 = DIRECTION ( 'NONE',  ( -0.3420201433256694346, -0.0000000000000000000, -0.9396926207859080948 ) ) ;
#7049 = CARTESIAN_POINT ( 'NONE',  ( 1.294266468810307380, -0.05000000000000000278, -0.01574999999999998623 ) ) ;
#7050 = AXIS2_PLACEMENT_3D ( 'NONE', #3209, #4629, #5595 ) ;
#7051 = ADVANCED_FACE ( 'NONE', ( #4700 ), #1053, .F. ) ;
#7052 = VERTEX_POINT ( 'NONE', #2872 ) ;
#7053 = VECTOR ( 'NONE', #1403, 39.37007874015748143 ) ;
#7054 = ORIENTED_EDGE ( 'NONE', *, *, #4229, .T. ) ;
#7055 = LINE ( 'NONE', #2943, #1936 ) ;
#7056 = EDGE_LOOP ( 'NONE', ( #898, #7607, #5386, #3409 ) ) ;
#7057 = DIRECTION ( 'NONE',  ( -1.000000000000000000, -0.0000000000000000000, -0.0000000000000000000 ) ) ;
#7058 = LINE ( 'NONE', #2704, #5721 ) ;
#7059 = LINE ( 'NONE', #2982, #877 ) ;
#7060 = EDGE_CURVE ( 'NONE', #6418, #1182, #3937, .T. ) ;
#7061 = LENGTH_MEASURE_WITH_UNIT ( LENGTH_MEASURE( 0.02539999999999999897 ), #1003 );
#7062 = VECTOR ( 'NONE', #6864, 39.37007874015748143 ) ;
#7063 = LINE ( 'NONE', #2950, #3217 ) ;
#7064 = VERTEX_POINT ( 'NONE', #5898 ) ;
#7065 = ORIENTED_EDGE ( 'NONE', *, *, #6210, .T. ) ;
#7066 = DIRECTION ( 'NONE',  ( -0.0000000000000000000, 1.000000000000000000, -0.0000000000000000000 ) ) ;
#7067 = ORIENTED_EDGE ( 'NONE', *, *, #7516, .T. ) ;
#7068 = FACE_OUTER_BOUND ( 'NONE', #6400, .T. ) ;
#7069 = AXIS2_PLACEMENT_3D ( 'NONE', #2057, #3873, #3246 ) ;
#7070 = DIRECTION ( 'NONE',  ( -0.0000000000000000000, 1.000000000000000000, -0.0000000000000000000 ) ) ;
#7071 = ADVANCED_BREP_SHAPE_REPRESENTATION ( '', ( #3427, #3340 ), #6765 ) ;
#7072 = CARTESIAN_POINT ( 'NONE',  ( 1.657968007388433529, -0.05000000000000000278, 0.5988619664781718033 ) ) ;
#7073 = DIRECTION ( 'NONE',  ( -0.9396926207859072067, 0.0000000000000000000, -0.3420201433256721546 ) ) ;
#7074 = AXIS2_PLACEMENT_3D ( 'NONE', #944, #2848, #2761 ) ;
#7075 = ORIENTED_EDGE ( 'NONE', *, *, #2634, .F. ) ;
#7076 = LINE ( 'NONE', #6391, #4829 ) ;
#7077 = CYLINDRICAL_SURFACE ( 'NONE', #2051, 0.02855000000000052635 ) ;
#7078 = VERTEX_POINT ( 'NONE', #4057 ) ;
#7079 = EDGE_CURVE ( 'NONE', #5864, #6708, #1519, .T. ) ;
#7080 = DIRECTION ( 'NONE',  ( -0.0000000000000000000, 1.000000000000000000, -0.0000000000000000000 ) ) ;
#7081 = EDGE_CURVE ( 'NONE', #1382, #7303, #5215, .T. ) ;
#7082 = ORIENTED_EDGE ( 'NONE', *, *, #4716, .F. ) ;
#7083 = CARTESIAN_POINT ( 'NONE',  ( 0.0000000000000000000, -0.05000000000000000278, 0.0000000000000000000 ) ) ;
#7084 = CIRCLE ( 'NONE', #6080, 0.02855000000000052288 ) ;
#7085 = CARTESIAN_POINT ( 'NONE',  ( 0.08166846881030741245, 0.0000000000000000000, -0.08424999999999954747 ) ) ;
#7086 = VERTEX_POINT ( 'NONE', #6990 ) ;
#7087 = EDGE_CURVE ( 'NONE', #3657, #1938, #2274, .T. ) ;
#7088 = DIRECTION ( 'NONE',  ( -0.9396926207859093161, 0.0000000000000000000, 0.3420201433256663814 ) ) ;
#7089 = VECTOR ( 'NONE', #5683, 39.37007874015748143 ) ;
#7090 = VERTEX_POINT ( 'NONE', #6364 ) ;
#7091 = LINE ( 'NONE', #1740, #103 ) ;
#7092 = CARTESIAN_POINT ( 'NONE',  ( -0.03066449223692707671, -0.05000000000000000278, -0.08424999999999709110 ) ) ;
#7093 = CARTESIAN_POINT ( 'NONE',  ( 1.037967468810307547, 0.0000000000000000000, -0.05000000000000019013 ) ) ;
#7094 = CARTESIAN_POINT ( 'NONE',  ( 1.181668468810307626, 0.0000000000000000000, -0.01574999999999998623 ) ) ;
#7095 = ADVANCED_FACE ( 'NONE', ( #969 ), #3382, .F. ) ;
#7096 = VECTOR ( 'NONE', #569, 39.37007874015748854 ) ;
#7097 = ADVANCED_FACE ( 'NONE', ( #4620 ), #888, .F. ) ;
#7098 = ORIENTED_EDGE ( 'NONE', *, *, #4862, .F. ) ;
#7100 = EDGE_CURVE ( 'NONE', #7730, #1586, #2113, .T. ) ;
#7099 = VERTEX_POINT ( 'NONE', #7544 ) ;
#7101 = FACE_OUTER_BOUND ( 'NONE', #5356, .T. ) ;
#7102 = EDGE_LOOP ( 'NONE', ( #4110, #2345, #5306, #598 ) ) ;
#7103 = DIRECTION ( 'NONE',  ( -0.0000000000000000000, 1.000000000000000000, -0.0000000000000000000 ) ) ;
#7104 = LINE ( 'NONE', #5925, #6961 ) ;
#7105 = CARTESIAN_POINT ( 'NONE',  ( 1.694266468810307513, 0.0000000000000000000, -0.08424999999999957523 ) ) ;
#7106 = VECTOR ( 'NONE', #2849, 39.37007874015748143 ) ;
#7107 = VECTOR ( 'NONE', #1770, 39.37007874015748143 ) ;
#7108 = SHAPE_DEFINITION_REPRESENTATION ( #7595, #3490 ) ;
#7109 = CARTESIAN_POINT ( 'NONE',  ( 0.1816684688103074041, -0.1100000000000000006, -0.01574999999999998623 ) ) ;
#7110 = VECTOR ( 'NONE', #7310, 39.37007874015748143 ) ;
#7111 = ORIENTED_EDGE ( 'NONE', *, *, #749, .T. ) ;
#7113 = EDGE_CURVE ( 'NONE', #2891, #1484, #4134, .T. ) ;
#7112 = VERTEX_POINT ( 'NONE', #490 ) ;
#7114 = CARTESIAN_POINT ( 'NONE',  ( 0.1816684688103074041, -0.05000000000000000278, -0.01574999999999998623 ) ) ;
#7115 = ORIENTED_EDGE ( 'NONE', *, *, #1238, .T. ) ;
#7116 = CARTESIAN_POINT ( 'NONE',  ( 1.681668468810307404, -0.1100000000000000006, -0.01574999999999998623 ) ) ;
#7117 = DIRECTION ( 'NONE',  ( -0.0000000000000000000, 1.000000000000000000, -0.0000000000000000000 ) ) ;
#7118 = PLANE ( 'NONE',  #2336 ) ;
#7119 = AXIS2_PLACEMENT_3D ( 'NONE', #2046, #5020, #3719 ) ;
#7120 = ORIENTED_EDGE ( 'NONE', *, *, #617, .F. ) ;
#7121 = DIRECTION ( 'NONE',  ( 0.0000000000000000000, 0.0000000000000000000, 1.000000000000000000 ) ) ;
#7122 = VECTOR ( 'NONE', #3711, 39.37007874015748143 ) ;
#7123 = LINE ( 'NONE', #1691, #5613 ) ;
#7124 = VERTEX_POINT ( 'NONE', #4738 ) ;
#7125 = DIRECTION ( 'NONE',  ( 0.0000000000000000000, 0.0000000000000000000, 1.000000000000000000 ) ) ;
#7126 = ORIENTED_EDGE ( 'NONE', *, *, #3491, .F. ) ;
#7127 = CARTESIAN_POINT ( 'NONE',  ( 0.009000000000000368816, 1.092739197465705287E-15, 0.0000000000000000000 ) ) ;
#7128 = CYLINDRICAL_SURFACE ( 'NONE', #5472, 0.02855000000000052635 ) ;
#7129 = VECTOR ( 'NONE', #493, 39.37007874015748143 ) ;
#7130 = ADVANCED_FACE ( 'NONE', ( #2828 ), #6520, .T. ) ;
#7131 = VERTEX_POINT ( 'NONE', #534 ) ;
#7132 =( REPRESENTATION_RELATIONSHIP ('NONE','NONE', #1567, #7799 ) REPRESENTATION_RELATIONSHIP_WITH_TRANSFORMATION ( #2389 )SHAPE_REPRESENTATION_RELATIONSHIP( ) );
#7133 = AXIS2_PLACEMENT_3D ( 'NONE', #4910, #4876, #6687 ) ;
#7134 = DIRECTION ( 'NONE',  ( 1.000000000000000000, 0.0000000000000000000, 0.0000000000000000000 ) ) ;
#7135 = EDGE_LOOP ( 'NONE', ( #980, #1004, #3995, #6973 ) ) ;
#7136 = LINE ( 'NONE', #6504, #2390 ) ;
#7137 = CARTESIAN_POINT ( 'NONE',  ( 1.399999000000000215, -0.05000000000000000278, -0.09999999999999989453 ) ) ;
#7138 = CARTESIAN_POINT ( 'NONE',  ( 1.699999000000000260, -0.1100000000000000006, 0.0000000000000000000 ) ) ;
#7139 = DIRECTION ( 'NONE',  ( -0.9396926207859072067, 0.0000000000000000000, -0.3420201433256721546 ) ) ;
#7140 = EDGE_CURVE ( 'NONE', #4901, #3663, #5927, .T. ) ;
#7141 = VECTOR ( 'NONE', #5528, 39.37007874015748143 ) ;
#7142 = VERTEX_POINT ( 'NONE', #7818 ) ;
#7143 = ORIENTED_EDGE ( 'NONE', *, *, #394, .F. ) ;
#7144 = CARTESIAN_POINT ( 'NONE',  ( 1.481668468810307449, -0.1100000000000000006, -0.08424999999999954747 ) ) ;
#7145 = VERTEX_POINT ( 'NONE', #5972 ) ;
#7146 = LINE ( 'NONE', #6587, #6184 ) ;
#7147 = CARTESIAN_POINT ( 'NONE',  ( 0.0000000000000000000, 0.0000000000000000000, 0.0000000000000000000 ) ) ;
#7148 = VECTOR ( 'NONE', #4581, 39.37007874015748143 ) ;
#7149 = DIRECTION ( 'NONE',  ( -0.0000000000000000000, 1.000000000000000000, -0.0000000000000000000 ) ) ;
#7150 = EDGE_CURVE ( 'NONE', #3125, #4233, #5411, .T. ) ;
#7151 = DIRECTION ( 'NONE',  ( -0.0000000000000000000, 1.000000000000000000, -0.0000000000000000000 ) ) ;
#7152 = ORIENTED_EDGE ( 'NONE', *, *, #3347, .T. ) ;
#7153 = ORIENTED_EDGE ( 'NONE', *, *, #1657, .T. ) ;
#7154 = DIRECTION ( 'NONE',  ( -0.3420201433256720991, 0.0000000000000000000, 0.9396926207859070956 ) ) ;
#7155 = ORIENTED_EDGE ( 'NONE', *, *, #2401, .T. ) ;
#7156 = DIRECTION ( 'NONE',  ( 0.0000000000000000000, 0.0000000000000000000, 1.000000000000000000 ) ) ;
#7157 = DIRECTION ( 'NONE',  ( 1.000000000000000000, 0.0000000000000000000, 0.0000000000000000000 ) ) ;
#7158 = CARTESIAN_POINT ( 'NONE',  ( 1.326774594396408213, -0.05000000000000000278, -0.5098174223640313807 ) ) ;
#7159 = EDGE_CURVE ( 'NONE', #1389, #1062, #5890, .T. ) ;
#7160 = ORIENTED_EDGE ( 'NONE', *, *, #3735, .T. ) ;
#7161 = CYLINDRICAL_SURFACE ( 'NONE', #4061, 0.02855000000000052635 ) ;
#7162 = DIRECTION ( 'NONE',  ( -0.3420201433256656043, 0.0000000000000000000, 0.9396926207859094271 ) ) ;
#7163 = ORIENTED_EDGE ( 'NONE', *, *, #124, .F. ) ;
#7164 = LINE ( 'NONE', #5906, #848 ) ;
#7165 = CARTESIAN_POINT ( 'NONE',  ( 0.9942664688103074466, -0.1100000000000000006, -0.01574999999999998623 ) ) ;
#7166 = LINE ( 'NONE', #1141, #1163 ) ;
#7167 = VERTEX_POINT ( 'NONE', #2267 ) ;
#7168 = FACE_OUTER_BOUND ( 'NONE', #1720, .T. ) ;
#7169 = ORIENTED_EDGE ( 'NONE', *, *, #3687, .T. ) ;
#7170 = LINE ( 'NONE', #3563, #7444 ) ;
#7171 = DIRECTION ( 'NONE',  ( 0.0000000000000000000, 0.0000000000000000000, -1.000000000000000000 ) ) ;
#7172 = FACE_OUTER_BOUND ( 'NONE', #3156, .T. ) ;
#7173 = DIRECTION ( 'NONE',  ( 0.9396926207859100932, 0.0000000000000000000, 0.3420201433256638834 ) ) ;
#7174 = ORIENTED_EDGE ( 'NONE', *, *, #2452, .T. ) ;
#7175 = ORIENTED_EDGE ( 'NONE', *, *, #6276, .T. ) ;
#7176 = CARTESIAN_POINT ( 'NONE',  ( 0.6379674688103074143, -0.05000000000000000278, -0.07855000000000071647 ) ) ;
#7177 = ORIENTED_EDGE ( 'NONE', *, *, #2915, .F. ) ;
#7179 = ADVANCED_FACE ( 'NONE', ( #2354, #1085 ), #4775, .F. ) ;
#7178 = DIRECTION ( 'NONE',  ( -0.3420201433256663259, 0.0000000000000000000, -0.9396926207859092051 ) ) ;
#7180 = EDGE_CURVE ( 'NONE', #5819, #4439, #6556, .T. ) ;
#7181 = AXIS2_PLACEMENT_3D ( 'NONE', #789, #427, #6811 ) ;
#7182 = DIRECTION ( 'NONE',  ( 0.3420201433256663259, 0.0000000000000000000, 0.9396926207859092051 ) ) ;
#7183 = ORIENTED_EDGE ( 'NONE', *, *, #2483, .T. ) ;
#7184 = CARTESIAN_POINT ( 'NONE',  ( 1.094266468810307424, -0.1100000000000000006, -0.08424999999999957523 ) ) ;
#7185 = ITEM_DEFINED_TRANSFORMATION ( 'NONE', 'NONE', #1328,  #3340 ) ;
#7186 = FACE_OUTER_BOUND ( 'NONE', #901, .T. ) ;
#7187 = VECTOR ( 'NONE', #7664, 39.37007874015748143 ) ;
#7188 = VERTEX_POINT ( 'NONE', #4812 ) ;
#7189 = VERTEX_POINT ( 'NONE', #1718 ) ;
#7190 = CARTESIAN_POINT ( 'NONE',  ( 0.9816684688103075596, 0.0000000000000000000, -0.01574999999999998623 ) ) ;
#7191 = ORIENTED_EDGE ( 'NONE', *, *, #6044, .T. ) ;
#7192 = DIRECTION ( 'NONE',  ( 0.3420201433256639389, 0.0000000000000000000, -0.9396926207859100932 ) ) ;
#7193 = ADVANCED_FACE ( 'NONE', ( #7186 ), #6592, .F. ) ;
#7194 = DIRECTION ( 'NONE',  ( -0.9396926207859093161, 0.0000000000000000000, 0.3420201433256663814 ) ) ;
#7195 = CIRCLE ( 'NONE', #7320, 0.02855000000000052288 ) ;
#7196 = VERTEX_POINT ( 'NONE', #5333 ) ;
#7197 = AXIS2_PLACEMENT_3D ( 'NONE', #6926, #191, #5788 ) ;
#7198 = CARTESIAN_POINT ( 'NONE',  ( 0.3379674688103073699, 0.0000000000000000000, -0.02144999999999966725 ) ) ;
#7199 = CARTESIAN_POINT ( 'NONE',  ( 0.6977678776202056454, -0.05000000000000000278, -0.2808777003039867881 ) ) ;
#7200 = ORIENTED_EDGE ( 'NONE', *, *, #4303, .F. ) ;
#7201 = CARTESIAN_POINT ( 'NONE',  ( 1.937967468810307459, -0.05000000000000000278, -0.07855000000000071647 ) ) ;
#7202 = EDGE_CURVE ( 'NONE', #4101, #2260, #7063, .T. ) ;
#7203 = CARTESIAN_POINT ( 'NONE',  ( 1.881668468810307582, -0.1100000000000000006, -0.01574999999999998623 ) ) ;
#7204 = DIRECTION ( 'NONE',  ( 0.3420201433256664370, -0.0000000000000000000, 0.9396926207859092051 ) ) ;
#7205 = AXIS2_PLACEMENT_3D ( 'NONE', #129, #5536, #2621 ) ;
#7206 = ORIENTED_EDGE ( 'NONE', *, *, #1288, .F. ) ;
#7207 = AXIS2_PLACEMENT_3D ( 'NONE', #3926, #4447, #6433 ) ;
#7208 = EDGE_CURVE ( 'NONE', #2799, #4734, #2864, .T. ) ;
#7209 = DIRECTION ( 'NONE',  ( -0.0000000000000000000, 1.000000000000000000, -0.0000000000000000000 ) ) ;
#7210 = ORIENTED_EDGE ( 'NONE', *, *, #29, .F. ) ;
#7211 = DIRECTION ( 'NONE',  ( -1.000000000000000000, 0.0000000000000000000, 1.355298456929802892E-15 ) ) ;
#7212 = DIRECTION ( 'NONE',  ( 0.0000000000000000000, 0.0000000000000000000, 1.000000000000000000 ) ) ;
#7213 = CARTESIAN_POINT ( 'NONE',  ( 0.1759359376206146575, 0.0000000000000000000, -0.09999999999999989453 ) ) ;
#7214 = VERTEX_POINT ( 'NONE', #1678 ) ;
#7215 = CARTESIAN_POINT ( 'NONE',  ( 0.2759359376206146353, -0.05000000000000000278, -0.09999999999999989453 ) ) ;
#7216 = CYLINDRICAL_SURFACE ( 'NONE', #2690, 0.02800000000000090264 ) ;
#7217 = VERTEX_POINT ( 'NONE', #7224 ) ;
#7218 = CARTESIAN_POINT ( 'NONE',  ( 1.975934937620615894, -0.05000000000000000278, -0.09999999999999974187 ) ) ;
#7219 = DIRECTION ( 'NONE',  ( -0.3420201433256720991, 0.0000000000000000000, 0.9396926207859070956 ) ) ;
#7220 = ORIENTED_EDGE ( 'NONE', *, *, #1007, .F. ) ;
#7221 = DIRECTION ( 'NONE',  ( 0.0000000000000000000, 0.0000000000000000000, 1.000000000000000000 ) ) ;
#7222 = LINE ( 'NONE', #1795, #4839 ) ;
#7223 = VECTOR ( 'NONE', #4130, 39.37007874015748143 ) ;
#7225 = EDGE_CURVE ( 'NONE', #6013, #613, #4049, .T. ) ;
#7224 = CARTESIAN_POINT ( 'NONE',  ( 0.009000000000000368816, 0.0000000000000000000, 0.009000000000000915254 ) ) ;
#7226 = EDGE_CURVE ( 'NONE', #1436, #198, #6476, .T. ) ;
#7227 = VERTEX_POINT ( 'NONE', #7741 ) ;
#7228 = ORIENTED_EDGE ( 'NONE', *, *, #2197, .T. ) ;
#7229 = AXIS2_PLACEMENT_3D ( 'NONE', #6415, #2805, #2644 ) ;
#7230 = FACE_OUTER_BOUND ( 'NONE', #4779, .T. ) ;
#7231 = ORIENTED_EDGE ( 'NONE', *, *, #1218, .F. ) ;
#7232 = DIRECTION ( 'NONE',  ( -0.0000000000000000000, 1.000000000000000000, -0.0000000000000000000 ) ) ;
#7233 = DIRECTION ( 'NONE',  ( 7.776898252968646568E-17, 0.0000000000000000000, -1.000000000000000000 ) ) ;
#7234 = AXIS2_PLACEMENT_3D ( 'NONE', #3197, #7545, #2716 ) ;
#7235 = AXIS2_PLACEMENT_3D ( 'NONE', #1729, #5941, #2995 ) ;
#7236 = EDGE_CURVE ( 'NONE', #6271, #3494, #3539, .T. ) ;
#7237 = EDGE_LOOP ( 'NONE', ( #261, #3451, #3080, #2860 ) ) ;
#7238 = CARTESIAN_POINT ( 'NONE',  ( 0.6379674688103074143, 0.0000000000000000000, -0.05000000000000019013 ) ) ;
#7239 = PLANE ( 'NONE',  #7374 ) ;
#7240 = EDGE_LOOP ( 'NONE', ( #6570, #4155, #492, #7723 ) ) ;
#7241 = CARTESIAN_POINT ( 'NONE',  ( 0.9816684688103075596, -0.05000000000000000278, -0.08424999999999954747 ) ) ;
#7242 = VECTOR ( 'NONE', #1526, 39.37007874015748143 ) ;
#7243 = CARTESIAN_POINT ( 'NONE',  ( 1.137967468810307414, 3.673940397442060153E-19, -0.05000000000000019013 ) ) ;
#7244 = EDGE_CURVE ( 'NONE', #6418, #5220, #1796, .T. ) ;
#7245 = VECTOR ( 'NONE', #5807, 39.37007874015748143 ) ;
#7246 = ORIENTED_EDGE ( 'NONE', *, *, #3736, .F. ) ;
#7247 = DIRECTION ( 'NONE',  ( -0.0000000000000000000, 1.000000000000000000, -0.0000000000000000000 ) ) ;
#7248 = VERTEX_POINT ( 'NONE', #3617 ) ;
#7249 = LINE ( 'NONE', #1223, #227 ) ;
#7250 = LINE ( 'NONE', #4035, #140 ) ;
#7251 = AXIS2_PLACEMENT_3D ( 'NONE', #5680, #3411, #2738 ) ;
#7252 = DIRECTION ( 'NONE',  ( -1.000000000000000000, -0.0000000000000000000, -0.0000000000000000000 ) ) ;
#7253 = EDGE_CURVE ( 'NONE', #5717, #7550, #1837, .T. ) ;
#7254 = AXIS2_PLACEMENT_3D ( 'NONE', #7294, #6112, #3762 ) ;
#7255 = VERTEX_POINT ( 'NONE', #3734 ) ;
#7256 = FACE_OUTER_BOUND ( 'NONE', #537, .T. ) ;
#7257 = DIRECTION ( 'NONE',  ( 0.9396926207859326308, 0.0000000000000000000, -0.3420201433256023216 ) ) ;
#7258 = ORIENTED_EDGE ( 'NONE', *, *, #5228, .F. ) ;
#7259 = LINE ( 'NONE', #4246, #4916 ) ;
#7260 = LINE ( 'NONE', #2350, #6213 ) ;
#7261 = EDGE_LOOP ( 'NONE', ( #2722, #856 ) ) ;
#7262 = DIRECTION ( 'NONE',  ( 0.9396926207859100932, 0.0000000000000000000, 0.3420201433256638834 ) ) ;
#7263 = LINE ( 'NONE', #5448, #6847 ) ;
#7264 = VECTOR ( 'NONE', #1856, 39.37007874015748143 ) ;
#7265 = CARTESIAN_POINT ( 'NONE',  ( 0.8942664688103074688, -0.1100000000000000006, -0.08424999999999957523 ) ) ;
#7266 = ORIENTED_EDGE ( 'NONE', *, *, #55, .T. ) ;
#7267 = ORIENTED_EDGE ( 'NONE', *, *, #246, .F. ) ;
#7268 = VECTOR ( 'NONE', #5937, 39.37007874015748143 ) ;
#7269 =( LENGTH_UNIT ( ) NAMED_UNIT ( * ) SI_UNIT ( $, .METRE. ) );
#7270 = ORIENTED_EDGE ( 'NONE', *, *, #3206, .T. ) ;
#7271 = CARTESIAN_POINT ( 'NONE',  ( 1.637967468810307414, 0.0000000000000000000, -0.02144999999999966725 ) ) ;
#7272 = SURFACE_STYLE_USAGE ( .BOTH. , #6563 ) ;
#7273 = ORIENTED_EDGE ( 'NONE', *, *, #3373, .T. ) ;
#7274 = EDGE_CURVE ( 'NONE', #4551, #4350, #5248, .T. ) ;
#7275 = VECTOR ( 'NONE', #1149, 39.37007874015748143 ) ;
#7276 = ORIENTED_EDGE ( 'NONE', *, *, #1024, .T. ) ;
#7277 = DIRECTION ( 'NONE',  ( 1.000000000000000000, 0.0000000000000000000, -0.0000000000000000000 ) ) ;
#7278 = CARTESIAN_POINT ( 'NONE',  ( 0.4379674688103074032, 0.0000000000000000000, -0.02144999999999966725 ) ) ;
#7279 = ORIENTED_EDGE ( 'NONE', *, *, #3020, .T. ) ;
#7280 = CARTESIAN_POINT ( 'NONE',  ( 0.07593593762061463803, -0.05000000000000000278, -0.09999999999999989453 ) ) ;
#7281 = AXIS2_PLACEMENT_3D ( 'NONE', #1552, #4650, #5889 ) ;
#7282 = ADVANCED_FACE ( 'NONE', ( #7341 ), #6747, .T. ) ;
#7283 = EDGE_CURVE ( 'NONE', #6306, #524, #1317, .T. ) ;
#7284 = CARTESIAN_POINT ( 'NONE',  ( 1.337967468810307370, -0.05000000000000000278, -0.07855000000000071647 ) ) ;
#7285 =( REPRESENTATION_RELATIONSHIP ('NONE','NONE', #1567, #7799 ) REPRESENTATION_RELATIONSHIP_WITH_TRANSFORMATION ( #3538 )SHAPE_REPRESENTATION_RELATIONSHIP( ) );
#7286 = ORIENTED_EDGE ( 'NONE', *, *, #3720, .T. ) ;
#7287 = DIRECTION ( 'NONE',  ( 1.000000000000000000, 0.0000000000000000000, -1.355298456929802892E-15 ) ) ;
#7288 = ORIENTED_EDGE ( 'NONE', *, *, #3181, .F. ) ;
#7289 = LINE ( 'NONE', #559, #7327 ) ;
#7290 = EDGE_CURVE ( 'NONE', #2074, #894, #1910, .T. ) ;
#7291 = FACE_OUTER_BOUND ( 'NONE', #1040, .T. ) ;
#7292 = EDGE_LOOP ( 'NONE', ( #3697, #6016 ) ) ;
#7293 = CARTESIAN_POINT ( 'NONE',  ( 0.1942664688103074300, -0.1100000000000000006, -0.01574999999999998623 ) ) ;
#7294 = CARTESIAN_POINT ( 'NONE',  ( -0.03066449223692698303, -0.05000000000000000278, -0.01575000000000053094 ) ) ;
#7295 = EDGE_LOOP ( 'NONE', ( #1076, #5209, #6918, #2829 ) ) ;
#7296 = LINE ( 'NONE', #3098, #4289 ) ;
#7297 = EDGE_CURVE ( 'NONE', #5104, #1694, #646, .T. ) ;
#7298 = PLANE ( 'NONE',  #383 ) ;
#7299 = LINE ( 'NONE', #3801, #751 ) ;
#7300 = CARTESIAN_POINT ( 'NONE',  ( 0.4379674688103074032, -0.05000000000000000278, -0.07855000000000071647 ) ) ;
#7301 = CONTEXT_DEPENDENT_SHAPE_REPRESENTATION ( #5518, #384 ) ;
#7302 = LINE ( 'NONE', #6043, #5749 ) ;
#7303 = VERTEX_POINT ( 'NONE', #2431 ) ;
#7304 = VECTOR ( 'NONE', #6035, 39.37007874015748143 ) ;
#7305 = ORIENTED_EDGE ( 'NONE', *, *, #2068, .T. ) ;
#7306 = DIRECTION ( 'NONE',  ( -0.3420201433256638834, 0.0000000000000000000, 0.9396926207859100932 ) ) ;
#7307 = EDGE_LOOP ( 'NONE', ( #5777, #3618, #6292, #1371 ) ) ;
#7308 = CARTESIAN_POINT ( 'NONE',  ( -0.03066449223692698303, -0.05000000000000000278, -0.01574999999999998623 ) ) ;
#7309 = EDGE_CURVE ( 'NONE', #5369, #4245, #722, .T. ) ;
#7310 = DIRECTION ( 'NONE',  ( -0.3420201433256663259, 0.0000000000000000000, -0.9396926207859092051 ) ) ;
#7311 = ORIENTED_EDGE ( 'NONE', *, *, #617, .T. ) ;
#7312 = AXIS2_PLACEMENT_3D ( 'NONE', #2913, #1802, #1684 ) ;
#7313 = ORIENTED_EDGE ( 'NONE', *, *, #2082, .F. ) ;
#7314 = DIRECTION ( 'NONE',  ( -0.9396926207859093161, 0.0000000000000000000, 0.3420201433256663814 ) ) ;
#7315 = DIRECTION ( 'NONE',  ( -1.000000000000000000, 0.0000000000000000000, -7.776898252968646568E-17 ) ) ;
#7316 = ORIENTED_EDGE ( 'NONE', *, *, #3397, .F. ) ;
#7317 = PLANE ( 'NONE',  #6557 ) ;
#7318 = AXIS2_PLACEMENT_3D ( 'NONE', #15, #6049, #4372 ) ;
#7319 = DIRECTION ( 'NONE',  ( -0.3420201433256638834, 0.0000000000000000000, 0.9396926207859100932 ) ) ;
#7320 = AXIS2_PLACEMENT_3D ( 'NONE', #6824, #1988, #4405 ) ;
#7321 = EDGE_CURVE ( 'NONE', #7044, #4476, #1239, .T. ) ;
#7322 = EDGE_LOOP ( 'NONE', ( #2744, #5850, #1308, #2778 ) ) ;
#7323 = EDGE_CURVE ( 'NONE', #6282, #28, #4852, .T. ) ;
#7324 = DIRECTION ( 'NONE',  ( -1.000000000000000000, 0.0000000000000000000, -7.776898252968647801E-17 ) ) ;
#7325 = ORIENTED_EDGE ( 'NONE', *, *, #1412, .F. ) ;
#7326 = CARTESIAN_POINT ( 'NONE',  ( 0.1250000000000020817, 4.408728476930652066E-18, -0.03600000000000147526 ) ) ;
#7327 = VECTOR ( 'NONE', #5550, 39.37007874015748143 ) ;
#7328 = DIRECTION ( 'NONE',  ( 0.0000000000000000000, 0.0000000000000000000, 1.000000000000000000 ) ) ;
#7329 = AXIS2_PLACEMENT_3D ( 'NONE', #1611, #3480, #4069 ) ;
#7330 = EDGE_CURVE ( 'NONE', #5995, #4744, #3655, .T. ) ;
#7331 = ORIENTED_EDGE ( 'NONE', *, *, #1105, .F. ) ;
#7332 = CARTESIAN_POINT ( 'NONE',  ( 1.381668468810307360, 0.0000000000000000000, -0.08424999999999954747 ) ) ;
#7333 = CARTESIAN_POINT ( 'NONE',  ( 1.975934937620615894, -0.05000000000000000278, -0.09999999999999974187 ) ) ;
#7334 = ORIENTED_EDGE ( 'NONE', *, *, #5785, .F. ) ;
#7335 = LINE ( 'NONE', #77, #352 ) ;
#7336 = CARTESIAN_POINT ( 'NONE',  ( 0.009000000000000368816, 1.092739197465705287E-15, 0.0000000000000000000 ) ) ;
#7337 = CARTESIAN_POINT ( 'NONE',  ( 1.975934937620615894, 0.0000000000000000000, -0.09999999999999974187 ) ) ;
#7338 = CARTESIAN_POINT ( 'NONE',  ( 1.981667468810307531, -0.05000000000000000278, -0.08424999999999935318 ) ) ;
#7339 = AXIS2_PLACEMENT_3D ( 'NONE', #4526, #3415, #1470 ) ;
#7340 = ADVANCED_FACE ( 'NONE', ( #2502 ), #6082, .T. ) ;
#7341 = FACE_OUTER_BOUND ( 'NONE', #1167, .T. ) ;
#7342 = EDGE_CURVE ( 'NONE', #6254, #5453, #4891, .T. ) ;
#7343 = EDGE_CURVE ( 'NONE', #3685, #2366, #1278, .T. ) ;
#7344 = ORIENTED_EDGE ( 'NONE', *, *, #4726, .T. ) ;
#7345 = EDGE_LOOP ( 'NONE', ( #5808, #4594, #4705, #2419 ) ) ;
#7346 = CARTESIAN_POINT ( 'NONE',  ( 0.5759359376206146797, 0.0000000000000000000, -0.09999999999999989453 ) ) ;
#7347 = ORIENTED_EDGE ( 'NONE', *, *, #6853, .F. ) ;
#7348 = CARTESIAN_POINT ( 'NONE',  ( 0.3225435133646486485, -0.05000000000000000278, 0.1128072005435010045 ) ) ;
#7349 = CARTESIAN_POINT ( 'NONE',  ( 0.1379674688103073310, 0.0000000000000000000, -0.07855000000000071647 ) ) ;
#7350 = DIRECTION ( 'NONE',  ( -0.0000000000000000000, 0.0000000000000000000, -1.000000000000000000 ) ) ;
#7351 = AXIS2_PLACEMENT_3D ( 'NONE', #702, #7427, #5504 ) ;
#7352 =( LENGTH_UNIT ( ) NAMED_UNIT ( * ) SI_UNIT ( $, .METRE. ) );
#7353 = EDGE_CURVE ( 'NONE', #3516, #2457, #6880, .T. ) ;
#7354 = AXIS2_PLACEMENT_3D ( 'NONE', #7336, #3836, #7378 ) ;
#7355 = EDGE_LOOP ( 'NONE', ( #2373, #7688, #4282, #2850 ) ) ;
#7356 = FACE_OUTER_BOUND ( 'NONE', #1373, .T. ) ;
#7357 = DIRECTION ( 'NONE',  ( 0.3420201433256638834, 0.0000000000000000000, -0.9396926207859100932 ) ) ;
#7358 = ORIENTED_EDGE ( 'NONE', *, *, #4765, .F. ) ;
#7359 = DIRECTION ( 'NONE',  ( -0.3420201433256720991, 0.0000000000000000000, 0.9396926207859070956 ) ) ;
#7360 = DIRECTION ( 'NONE',  ( -0.0000000000000000000, 1.000000000000000000, -0.0000000000000000000 ) ) ;
#7361 = CIRCLE ( 'NONE', #5076, 0.02855000000000052982 ) ;
#7362 = AXIS2_PLACEMENT_3D ( 'NONE', #854, #938, #7036 ) ;
#7363 = ORIENTED_EDGE ( 'NONE', *, *, #4317, .F. ) ;
#7364 = AXIS2_PLACEMENT_3D ( 'NONE', #5947, #511, #2450 ) ;
#7365 = DIRECTION ( 'NONE',  ( -1.000000000000000000, 0.0000000000000000000, -0.0000000000000000000 ) ) ;
#7366 = AXIS2_PLACEMENT_3D ( 'NONE', #5616, #661, #3154 ) ;
#7367 = ORIENTED_EDGE ( 'NONE', *, *, #4815, .T. ) ;
#7368 = DIRECTION ( 'NONE',  ( 1.000000000000000000, 0.0000000000000000000, -1.355298456929802892E-15 ) ) ;
#7369 = PLANE ( 'NONE',  #3556 ) ;
#7370 = EDGE_CURVE ( 'NONE', #2405, #4207, #7302, .T. ) ;
#7371 = AXIS2_PLACEMENT_3D ( 'NONE', #1372, #3201, #5587 ) ;
#7372 = ORIENTED_EDGE ( 'NONE', *, *, #1358, .F. ) ;
#7373 = DIRECTION ( 'NONE',  ( 1.000000000000000000, 0.0000000000000000000, -1.355298456929802892E-15 ) ) ;
#7374 = AXIS2_PLACEMENT_3D ( 'NONE', #1137, #3512, #3079 ) ;
#7375 = DIRECTION ( 'NONE',  ( 0.3420201433256663259, 0.0000000000000000000, 0.9396926207859092051 ) ) ;
#7376 = ORIENTED_EDGE ( 'NONE', *, *, #5912, .T. ) ;
#7377 = DIRECTION ( 'NONE',  ( 1.000000000000000000, 0.0000000000000000000, -0.0000000000000000000 ) ) ;
#7378 = DIRECTION ( 'NONE',  ( 0.0000000000000000000, 1.000000000000000000, 1.224646799147353207E-16 ) ) ;
#7379 = LINE ( 'NONE', #3018, #2775 ) ;
#7380 = FACE_OUTER_BOUND ( 'NONE', #2462, .T. ) ;
#7381 = ADVANCED_FACE ( 'NONE', ( #6296 ), #861, .F. ) ;
#7382 = MECHANICAL_DESIGN_GEOMETRIC_PRESENTATION_REPRESENTATION (  '', ( #5617 ), #5100 ) ;
#7383 = ORIENTED_EDGE ( 'NONE', *, *, #4318, .F. ) ;
#7384 = ORIENTED_EDGE ( 'NONE', *, *, #35, .T. ) ;
#7385 = CARTESIAN_POINT ( 'NONE',  ( 0.9942664688103074466, 0.0000000000000000000, -0.01574999999999998623 ) ) ;
#7386 = ORIENTED_EDGE ( 'NONE', *, *, #4229, .F. ) ;
#7387 = CARTESIAN_POINT ( 'NONE',  ( 0.7759359376206146353, -0.05000000000000000278, -0.09999999999999989453 ) ) ;
#7388 = CARTESIAN_POINT ( 'NONE',  ( 0.1250000000000020817, 1.102182119232729846E-18, -0.009000000000000915254 ) ) ;
#7389 = AXIS2_PLACEMENT_3D ( 'NONE', #6812, #3645, #153 ) ;
#7390 = CARTESIAN_POINT ( 'NONE',  ( 0.4816684688103073930, 0.0000000000000000000, -0.08424999999999954747 ) ) ;
#7391 = DIRECTION ( 'NONE',  ( -3.491481338843133355E-15, -1.000000000000000000, 0.0000000000000000000 ) ) ;
#7392 = VECTOR ( 'NONE', #2052, 39.37007874015748143 ) ;
#7393 = VERTEX_POINT ( 'NONE', #4838 ) ;
#7394 = DIRECTION ( 'NONE',  ( -1.000000000000000000, 0.0000000000000000000, 1.355298456929802892E-15 ) ) ;
#7395 = LINE ( 'NONE', #6760, #787 ) ;
#7396 = ORIENTED_EDGE ( 'NONE', *, *, #4964, .T. ) ;
#7397 = PLANE ( 'NONE',  #1873 ) ;
#7398 = EDGE_CURVE ( 'NONE', #4430, #6942, #3006, .T. ) ;
#7399 = CARTESIAN_POINT ( 'NONE',  ( 0.08166846881030738470, -0.05000000000000000278, -0.01574999999999998623 ) ) ;
#7400 = LINE ( 'NONE', #1968, #3092 ) ;
#7401 = VECTOR ( 'NONE', #6545, 39.37007874015748854 ) ;
#7402 = EDGE_LOOP ( 'NONE', ( #4353, #2769 ) ) ;
#7403 = VECTOR ( 'NONE', #1830, 39.37007874015748143 ) ;
#7404 = CARTESIAN_POINT ( 'NONE',  ( 0.5816684688103074263, -0.1100000000000000006, -0.08424999999999954747 ) ) ;
#7405 = VERTEX_POINT ( 'NONE', #1225 ) ;
#7406 = DIRECTION ( 'NONE',  ( 1.000000000000000000, 0.0000000000000000000, 0.0000000000000000000 ) ) ;
#7407 = DIRECTION ( 'NONE',  ( 0.9396926207859026547, -0.0000000000000000000, 0.3420201433256846446 ) ) ;
#7408 = CARTESIAN_POINT ( 'NONE',  ( 1.594266468810307424, -0.05000000000000000278, -0.01574999999999998623 ) ) ;
#7409 = FACE_OUTER_BOUND ( 'NONE', #4945, .T. ) ;
#7410 = VERTEX_POINT ( 'NONE', #7213 ) ;
#7411 = DIRECTION ( 'NONE',  ( 0.9396926207859080948, 0.0000000000000000000, -0.3420201433256695456 ) ) ;
#7412 = CARTESIAN_POINT ( 'NONE',  ( -0.03066449223692707671, -0.05000000000000000278, -0.08424999999999843725 ) ) ;
#7413 = CARTESIAN_POINT ( 'NONE',  ( 1.575935937620614791, -0.1100000000000000006, -9.478001694819074349E-34 ) ) ;
#7414 = DIRECTION ( 'NONE',  ( -1.000000000000000000, 0.0000000000000000000, -7.776898252968647801E-17 ) ) ;
#7415 = EDGE_CURVE ( 'NONE', #5389, #1025, #6032, .T. ) ;
#7416 = ORIENTED_EDGE ( 'NONE', *, *, #840, .T. ) ;
#7417 = EDGE_CURVE ( 'NONE', #1268, #5519, #6176, .T. ) ;
#7418 = ORIENTED_EDGE ( 'NONE', *, *, #1377, .T. ) ;
#7419 = CYLINDRICAL_SURFACE ( 'NONE', #3586, 0.02855000000000052635 ) ;
#7420 = ORIENTED_EDGE ( 'NONE', *, *, #2235, .T. ) ;
#7421 = CARTESIAN_POINT ( 'NONE',  ( 0.2759359376206146353, 0.0000000000000000000, -0.09999999999999989453 ) ) ;
#7422 = DIRECTION ( 'NONE',  ( -0.3420201433256720991, 0.0000000000000000000, 0.9396926207859070956 ) ) ;
#7423 = CARTESIAN_POINT ( 'NONE',  ( 1.937967468810307459, 3.673940397442060153E-19, -0.07855000000000071647 ) ) ;
#7424 = CARTESIAN_POINT ( 'NONE',  ( 0.5379674688103078806, 0.1460000000000002129, -0.05000000000000016931 ) ) ;
#7425 = ORIENTED_EDGE ( 'NONE', *, *, #3469, .F. ) ;
#7426 = EDGE_CURVE ( 'NONE', #2833, #1271, #2297, .T. ) ;
#7427 = DIRECTION ( 'NONE',  ( 0.9396926207859100932, 0.0000000000000000000, 0.3420201433256638834 ) ) ;
#7428 = DIRECTION ( 'NONE',  ( -0.0000000000000000000, 1.000000000000000000, -0.0000000000000000000 ) ) ;
#7429 = ORIENTED_EDGE ( 'NONE', *, *, #7827, .T. ) ;
#7430 = CARTESIAN_POINT ( 'NONE',  ( 0.8816684688103074707, -0.1100000000000000006, -0.08424999999999954747 ) ) ;
#7431 = VECTOR ( 'NONE', #1827, 39.37007874015748143 ) ;
#7432 = CARTESIAN_POINT ( 'NONE',  ( 0.8759359376206147241, 0.0000000000000000000, -0.09999999999999989453 ) ) ;
#7433 = LINE ( 'NONE', #5056, #2839 ) ;
#7434 = EDGE_CURVE ( 'NONE', #1586, #6604, #5364, .T. ) ;
#7435 = ORIENTED_EDGE ( 'NONE', *, *, #6996, .T. ) ;
#7436 = VECTOR ( 'NONE', #6017, 39.37007874015748143 ) ;
#7437 = EDGE_CURVE ( 'NONE', #2799, #2987, #595, .T. ) ;
#7438 = PLANE ( 'NONE',  #3063 ) ;
#7439 = ORIENTED_EDGE ( 'NONE', *, *, #6404, .F. ) ;
#7440 = DIRECTION ( 'NONE',  ( 0.0000000000000000000, 1.000000000000000000, 0.0000000000000000000 ) ) ;
#7441 = DIRECTION ( 'NONE',  ( 0.0000000000000000000, 0.0000000000000000000, 1.000000000000000000 ) ) ;
#7442 = VECTOR ( 'NONE', #637, 39.37007874015748143 ) ;
#7443 = EDGE_CURVE ( 'NONE', #956, #7663, #4682, .T. ) ;
#7444 = VECTOR ( 'NONE', #5996, 39.37007874015748143 ) ;
#7445 = DIRECTION ( 'NONE',  ( -0.3420201433256638834, 0.0000000000000000000, 0.9396926207859100932 ) ) ;
#7446 = CARTESIAN_POINT ( 'NONE',  ( 0.2942664688103074355, 0.0000000000000000000, -0.08424999999999957523 ) ) ;
#7447 = ORIENTED_EDGE ( 'NONE', *, *, #5948, .F. ) ;
#7448 = DIRECTION ( 'NONE',  ( 0.3420201433256663259, 0.0000000000000000000, 0.9396926207859092051 ) ) ;
#7449 = DIRECTION ( 'NONE',  ( 0.3420201433256638834, 0.0000000000000000000, -0.9396926207859100932 ) ) ;
#7450 = CARTESIAN_POINT ( 'NONE',  ( 1.099999000000000171, 0.0000000000000000000, -0.09999999999999989453 ) ) ;
#7451 = AXIS2_PLACEMENT_3D ( 'NONE', #3357, #7636, #7758 ) ;
#7452 = ORIENTED_EDGE ( 'NONE', *, *, #4624, .T. ) ;
#7453 = EDGE_LOOP ( 'NONE', ( #4002, #3842, #2882, #1172 ) ) ;
#7454 = DIRECTION ( 'NONE',  ( -1.000000000000000000, 0.0000000000000000000, -0.0000000000000000000 ) ) ;
#7455 = VERTEX_POINT ( 'NONE', #4241 ) ;
#7456 = LINE ( 'NONE', #6352, #5166 ) ;
#7457 = VECTOR ( 'NONE', #4047, 39.37007874015748143 ) ;
#7458 = CARTESIAN_POINT ( 'NONE',  ( 0.7816684688103074929, -0.05000000000000000278, -0.08424999999999954747 ) ) ;
#7459 = FACE_OUTER_BOUND ( 'NONE', #6830, .T. ) ;
#7460 = CARTESIAN_POINT ( 'NONE',  ( 0.03796746881030782506, 0.1460000000000002129, -0.05000000000000016931 ) ) ;
#7461 = EDGE_CURVE ( 'NONE', #4233, #1182, #6657, .T. ) ;
#7462 = EDGE_CURVE ( 'NONE', #2599, #1922, #5959, .T. ) ;
#7463 = ORIENTED_EDGE ( 'NONE', *, *, #3992, .F. ) ;
#7464 = ORIENTED_EDGE ( 'NONE', *, *, #7735, .T. ) ;
#7465 = PLANE ( 'NONE',  #3706 ) ;
#7466 = ORIENTED_EDGE ( 'NONE', *, *, #5738, .F. ) ;
#7467 = LINE ( 'NONE', #2036, #4276 ) ;
#7468 = PLANE ( 'NONE',  #3717 ) ;
#7469 = FACE_OUTER_BOUND ( 'NONE', #3107, .T. ) ;
#7470 = DIRECTION ( 'NONE',  ( -0.3420201433256022661, -0.0000000000000000000, -0.9396926207859325197 ) ) ;
#7471 = ADVANCED_FACE ( 'NONE', ( #6618 ), #1838, .F. ) ;
#7472 = AXIS2_PLACEMENT_3D ( 'NONE', #4170, #1713, #1119 ) ;
#7473 = ORIENTED_EDGE ( 'NONE', *, *, #2523, .T. ) ;
#7474 = FACE_OUTER_BOUND ( 'NONE', #2370, .T. ) ;
#7475 = LINE ( 'NONE', #6884, #4965 ) ;
#7476 = CIRCLE ( 'NONE', #2929, 0.008999999999999149305 ) ;
#7477 = EDGE_LOOP ( 'NONE', ( #390, #5070, #4135, #6898 ) ) ;
#7478 = DIRECTION ( 'NONE',  ( -0.0000000000000000000, 1.000000000000000000, -0.0000000000000000000 ) ) ;
#7479 = AXIS2_PLACEMENT_3D ( 'NONE', #5790, #912, #2733 ) ;
#7480 = DIRECTION ( 'NONE',  ( 1.000000000000000000, 0.0000000000000000000, 0.0000000000000000000 ) ) ;
#7481 = AXIS2_PLACEMENT_3D ( 'NONE', #5856, #5489, #1601 ) ;
#7482 = DIRECTION ( 'NONE',  ( -1.000000000000000000, 0.0000000000000000000, -0.0000000000000000000 ) ) ;
#7483 = DIRECTION ( 'NONE',  ( 0.0000000000000000000, 0.0000000000000000000, 1.000000000000000000 ) ) ;
#7484 = ORIENTED_EDGE ( 'NONE', *, *, #2968, .F. ) ;
#7485 = DIRECTION ( 'NONE',  ( -0.0000000000000000000, 1.000000000000000000, -0.0000000000000000000 ) ) ;
#7486 = DIRECTION ( 'NONE',  ( -0.0000000000000000000, 1.000000000000000000, -0.0000000000000000000 ) ) ;
#7487 = FACE_OUTER_BOUND ( 'NONE', #5003, .T. ) ;
#7488 = AXIS2_PLACEMENT_3D ( 'NONE', #4434, #3250, #3177 ) ;
#7489 = DIRECTION ( 'NONE',  ( 0.0000000000000000000, 0.0000000000000000000, 1.000000000000000000 ) ) ;
#7490 = EDGE_CURVE ( 'NONE', #6735, #1062, #1705, .T. ) ;
#7491 = UNCERTAINTY_MEASURE_WITH_UNIT (LENGTH_MEASURE( 1.000000000000000082E-05 ), #7575, 'distance_accuracy_value', 'NONE');
#7492 = AXIS2_PLACEMENT_3D ( 'NONE', #5852, #6361, #2832 ) ;
#7493 = EDGE_LOOP ( 'NONE', ( #4004, #811, #473, #5231 ) ) ;
#7494 = ORIENTED_EDGE ( 'NONE', *, *, #6959, .F. ) ;
#7495 = LINE ( 'NONE', #2181, #6869 ) ;
#7496 = VERTEX_POINT ( 'NONE', #2416 ) ;
#7497 = CARTESIAN_POINT ( 'NONE',  ( 0.1821961524227070084, 0.0000000000000000000, 0.0000000000000000000 ) ) ;
#7498 = DIRECTION ( 'NONE',  ( -0.0000000000000000000, 1.000000000000000000, -0.0000000000000000000 ) ) ;
#7499 = CARTESIAN_POINT ( 'NONE',  ( 0.5211634333083079440, -0.05000000000000000278, -0.2165989393353326964 ) ) ;
#7500 = FILL_AREA_STYLE_COLOUR ( '', #2590 ) ;
#7501 = ORIENTED_EDGE ( 'NONE', *, *, #4105, .F. ) ;
#7502 = ORIENTED_EDGE ( 'NONE', *, *, #3782, .F. ) ;
#7503 = VECTOR ( 'NONE', #6502, 39.37007874015748143 ) ;
#7504 = DIRECTION ( 'NONE',  ( -1.000000000000000000, -0.0000000000000000000, -0.0000000000000000000 ) ) ;
#7505 = ORIENTED_EDGE ( 'NONE', *, *, #5510, .F. ) ;
#7506 = DIRECTION ( 'NONE',  ( 1.000000000000000000, 0.0000000000000000000, -1.355298456929802892E-15 ) ) ;
#7507 = CARTESIAN_POINT ( 'NONE',  ( 0.1460000000000004350, 3.429011037612699639E-18, -0.02800000000000090264 ) ) ;
#7508 = DIRECTION ( 'NONE',  ( -0.3420201433256695456, 0.0000000000000000000, -0.9396926207859080948 ) ) ;
#7509 = CARTESIAN_POINT ( 'NONE',  ( 0.08166846881030741245, 0.0000000000000000000, -0.08424999999999954747 ) ) ;
#7510 = VECTOR ( 'NONE', #1757, 39.37007874015748143 ) ;
#7511 = ORIENTED_EDGE ( 'NONE', *, *, #5067, .F. ) ;
#7512 = CARTESIAN_POINT ( 'NONE',  ( 0.6759359376206146575, 0.0000000000000000000, -9.478001694819074349E-34 ) ) ;
#7513 = PLANE ( 'NONE',  #6609 ) ;
#7514 = ORIENTED_EDGE ( 'NONE', *, *, #5780, .F. ) ;
#7515 = EDGE_CURVE ( 'NONE', #83, #1029, #3489, .T. ) ;
#7516 = EDGE_CURVE ( 'NONE', #378, #2178, #1783, .T. ) ;
#7517 = VECTOR ( 'NONE', #3269, 39.37007874015748143 ) ;
#7518 = ORIENTED_EDGE ( 'NONE', *, *, #6897, .F. ) ;
#7519 = DIRECTION ( 'NONE',  ( 0.3420201433256639389, 0.0000000000000000000, -0.9396926207859100932 ) ) ;
#7520 = DIRECTION ( 'NONE',  ( 0.9396926207859080948, 0.0000000000000000000, -0.3420201433256695456 ) ) ;
#7521 = PRODUCT_DEFINITION_FORMATION_WITH_SPECIFIED_SOURCE ( 'ANY', '', #1520, .NOT_KNOWN. ) ;
#7522 = EDGE_CURVE ( 'NONE', #2047, #4334, #4122, .T. ) ;
#7523 = CARTESIAN_POINT ( 'NONE',  ( 0.4942664688103074466, 0.0000000000000000000, -0.08424999999999957523 ) ) ;
#7524 = ORIENTED_EDGE ( 'NONE', *, *, #4420, .F. ) ;
#7525 = LINE ( 'NONE', #2693, #993 ) ;
#7526 = LINE ( 'NONE', #2096, #2289 ) ;
#7527 = CARTESIAN_POINT ( 'NONE',  ( 1.194266468810307513, 0.0000000000000000000, -0.01574999999999998623 ) ) ;
#7528 = DIRECTION ( 'NONE',  ( 0.0000000000000000000, 0.0000000000000000000, 1.000000000000000000 ) ) ;
#7529 = VERTEX_POINT ( 'NONE', #1111 ) ;
#7531 = EDGE_CURVE ( 'NONE', #7001, #3351, #2376, .T. ) ;
#7530 = VERTEX_POINT ( 'NONE', #2974 ) ;
#7532 = CYLINDRICAL_SURFACE ( 'NONE', #1553, 0.02855000000000052635 ) ;
#7533 = EDGE_LOOP ( 'NONE', ( #2007, #7567, #7160, #3597 ) ) ;
#7534 = CARTESIAN_POINT ( 'NONE',  ( 0.03796746881030733239, -0.05000000000000000278, -0.05000000000000019013 ) ) ;
#7535 = CARTESIAN_POINT ( 'NONE',  ( 1.494266468810307558, 0.0000000000000000000, -0.08424999999999957523 ) ) ;
#7536 = DIRECTION ( 'NONE',  ( 0.0000000000000000000, 1.000000000000000000, 0.0000000000000000000 ) ) ;
#7537 = DIRECTION ( 'NONE',  ( -3.491481338843133355E-15, -1.000000000000000000, 0.0000000000000000000 ) ) ;
#7538 = VERTEX_POINT ( 'NONE', #4763 ) ;
#7540 = EDGE_CURVE ( 'NONE', #7009, #2817, #4163, .T. ) ;
#7539 = VERTEX_POINT ( 'NONE', #1743 ) ;
#7541 = CARTESIAN_POINT ( 'NONE',  ( 0.1250000000000020817, 0.0000000000000000000, 0.0000000000000000000 ) ) ;
#7542 = ORIENTED_EDGE ( 'NONE', *, *, #7677, .F. ) ;
#7543 = DIRECTION ( 'NONE',  ( 1.000000000000000000, 0.0000000000000000000, 0.0000000000000000000 ) ) ;
#7544 = CARTESIAN_POINT ( 'NONE',  ( 1.894266468810307691, 0.0000000000000000000, -0.08424999999999957523 ) ) ;
#7545 = DIRECTION ( 'NONE',  ( -0.0000000000000000000, 1.000000000000000000, -0.0000000000000000000 ) ) ;
#7546 = DIRECTION ( 'NONE',  ( 0.0000000000000000000, 0.0000000000000000000, 1.000000000000000000 ) ) ;
#7547 = ORIENTED_EDGE ( 'NONE', *, *, #895, .F. ) ;
#7548 = CARTESIAN_POINT ( 'NONE',  ( 0.1379674688103073310, -0.05000000000000000278, -0.07855000000000071647 ) ) ;
#7549 = CARTESIAN_POINT ( 'NONE',  ( 1.294266468810307380, 0.0000000000000000000, -0.08424999999999957523 ) ) ;
#7550 = VERTEX_POINT ( 'NONE', #5400 ) ;
#7551 = AXIS2_PLACEMENT_3D ( 'NONE', #1608, #4024, #1380 ) ;
#7552 = ORIENTED_EDGE ( 'NONE', *, *, #2177, .T. ) ;
#7553 = PLANE ( 'NONE',  #1258 ) ;
#7554 = DIRECTION ( 'NONE',  ( -0.0000000000000000000, 1.000000000000000000, -0.0000000000000000000 ) ) ;
#7555 = ADVANCED_FACE ( 'NONE', ( #7805 ), #4799, .T. ) ;
#7556 = EDGE_CURVE ( 'NONE', #2477, #83, #178, .T. ) ;
#7557 = AXIS2_PLACEMENT_3D ( 'NONE', #7622, #3936, #4577 ) ;
#7558 = PLANE ( 'NONE',  #5232 ) ;
#7559 = ORIENTED_EDGE ( 'NONE', *, *, #740, .F. ) ;
#7560 = DIRECTION ( 'NONE',  ( 0.0000000000000000000, 0.0000000000000000000, 1.000000000000000000 ) ) ;
#7561 = VECTOR ( 'NONE', #6240, 39.37007874015748143 ) ;
#7562 = LINE ( 'NONE', #2172, #3419 ) ;
#7563 = CARTESIAN_POINT ( 'NONE',  ( 0.6816684688103075151, -0.05000000000000000278, -0.01574999999999998623 ) ) ;
#7564 = DIRECTION ( 'NONE',  ( -0.9396926207859093161, 0.0000000000000000000, 0.3420201433256663814 ) ) ;
#7565 = ADVANCED_FACE ( 'NONE', ( #4417 ), #6367, .F. ) ;
#7566 = AXIS2_PLACEMENT_3D ( 'NONE', #3756, #3126, #4274 ) ;
#7567 = ORIENTED_EDGE ( 'NONE', *, *, #4589, .T. ) ;
#7568 = ORIENTED_EDGE ( 'NONE', *, *, #9, .F. ) ;
#7569 = DIRECTION ( 'NONE',  ( -0.0000000000000000000, 1.000000000000000000, -0.0000000000000000000 ) ) ;
#7570 = ORIENTED_EDGE ( 'NONE', *, *, #4624, .F. ) ;
#7571 = CARTESIAN_POINT ( 'NONE',  ( 0.3759359376206146686, -0.05000000000000000278, -9.478001694819074349E-34 ) ) ;
#7572 = DIRECTION ( 'NONE',  ( -0.0000000000000000000, 0.0000000000000000000, 1.000000000000000000 ) ) ;
#7573 = LINE ( 'NONE', #1592, #367 ) ;
#7574 = VECTOR ( 'NONE', #326, 39.37007874015748143 ) ;
#7575 =( CONVERSION_BASED_UNIT ( 'INCH', #7061 ) LENGTH_UNIT ( ) NAMED_UNIT ( #4450 ) );
#7576 = EDGE_CURVE ( 'NONE', #7078, #3962, #4983, .T. ) ;
#7577 = ORIENTED_EDGE ( 'NONE', *, *, #500, .F. ) ;
#7578 = VECTOR ( 'NONE', #606, 39.37007874015748143 ) ;
#7579 = VERTEX_POINT ( 'NONE', #3939 ) ;
#7580 = CARTESIAN_POINT ( 'NONE',  ( -0.03066449223692707671, -0.05000000000000000278, -0.08424999999999831235 ) ) ;
#7581 = EDGE_LOOP ( 'NONE', ( #4010, #3290, #7787, #7175, #1761 ) ) ;
#7582 = DIRECTION ( 'NONE',  ( 0.3420201433256638834, 0.0000000000000000000, -0.9396926207859100932 ) ) ;
#7583 = LINE ( 'NONE', #4657, #3968 ) ;
#7584 = DIRECTION ( 'NONE',  ( -0.0000000000000000000, 1.000000000000000000, -0.0000000000000000000 ) ) ;
#7585 = DIRECTION ( 'NONE',  ( 0.0000000000000000000, 0.0000000000000000000, 1.000000000000000000 ) ) ;
#7586 = EDGE_CURVE ( 'NONE', #6727, #2306, #7433, .T. ) ;
#7587 = VERTEX_POINT ( 'NONE', #5660 ) ;
#7588 = DIRECTION ( 'NONE',  ( -1.000000000000000000, 0.0000000000000000000, -7.776898252968646568E-17 ) ) ;
#7589 = DIRECTION ( 'NONE',  ( -0.3420201433256720991, 0.0000000000000000000, 0.9396926207859070956 ) ) ;
#7590 = EDGE_LOOP ( 'NONE', ( #5805, #5422 ) ) ;
#7591 = LINE ( 'NONE', #4588, #3130 ) ;
#7592 = ORIENTED_EDGE ( 'NONE', *, *, #313, .T. ) ;
#7593 = CARTESIAN_POINT ( 'NONE',  ( 0.8942664688103074688, 0.0000000000000000000, -0.01574999999999998623 ) ) ;
#7594 = LINE ( 'NONE', #4592, #5982 ) ;
#7595 = PRODUCT_DEFINITION_SHAPE ( 'NONE', 'NONE',  #488 ) ;
#7596 = ORIENTED_EDGE ( 'NONE', *, *, #665, .T. ) ;
#7597 = VECTOR ( 'NONE', #4913, 39.37007874015748143 ) ;
#7598 = DIRECTION ( 'NONE',  ( 0.3420201433256639389, 0.0000000000000000000, -0.9396926207859100932 ) ) ;
#7599 = VERTEX_POINT ( 'NONE', #5694 ) ;
#7600 = CARTESIAN_POINT ( 'NONE',  ( 0.3816684688103073597, -0.05000000000000000278, -0.01574999999999998623 ) ) ;
#7601 = EDGE_CURVE ( 'NONE', #2355, #3461, #3309, .T. ) ;
#7602 = CARTESIAN_POINT ( 'NONE',  ( 0.7999990000000001267, -0.1100000000000000006, -0.09999999999999989453 ) ) ;
#7603 = CARTESIAN_POINT ( 'NONE',  ( 1.899999000000000215, -0.1100000000000000006, -0.09999999999999989453 ) ) ;
#7604 = DIRECTION ( 'NONE',  ( -1.000000000000000000, 0.0000000000000000000, -0.0000000000000000000 ) ) ;
#7605 = AXIS2_PLACEMENT_3D ( 'NONE', #1775, #5393, #1102 ) ;
#7606 = CIRCLE ( 'NONE', #3560, 0.02855000000000052982 ) ;
#7607 = ORIENTED_EDGE ( 'NONE', *, *, #3312, .T. ) ;
#7608 = ORIENTED_EDGE ( 'NONE', *, *, #7623, .F. ) ;
#7609 = CARTESIAN_POINT ( 'NONE',  ( 1.381668468810307360, 0.0000000000000000000, -0.01574999999999998623 ) ) ;
#7610 = ORIENTED_EDGE ( 'NONE', *, *, #2058, .T. ) ;
#7612 = EDGE_CURVE ( 'NONE', #83, #6064, #2559, .T. ) ;
#7611 = DIRECTION ( 'NONE',  ( -1.000000000000000000, -0.0000000000000000000, -0.0000000000000000000 ) ) ;
#7613 = EDGE_CURVE ( 'NONE', #199, #3094, #7400, .T. ) ;
#7614 = LINE ( 'NONE', #3336, #2043 ) ;
#7615 = DIRECTION ( 'NONE',  ( -0.0000000000000000000, 1.000000000000000000, -0.0000000000000000000 ) ) ;
#7616 = CARTESIAN_POINT ( 'NONE',  ( 1.237967468810307725, 0.1460000000000002129, -0.05000000000000016931 ) ) ;
#7617 = AXIS2_PLACEMENT_3D ( 'NONE', #735, #209, #2627 ) ;
#7618 = EDGE_LOOP ( 'NONE', ( #5606, #1560 ) ) ;
#7619 = ORIENTED_EDGE ( 'NONE', *, *, #7087, .F. ) ;
#7620 = CARTESIAN_POINT ( 'NONE',  ( 0.5379674688103074365, -0.05000000000000000278, -0.05000000000000019013 ) ) ;
#7621 = ORIENTED_EDGE ( 'NONE', *, *, #3463, .F. ) ;
#7622 = CARTESIAN_POINT ( 'NONE',  ( 0.5379674688103074365, -0.05000000000000000278, -0.05000000000000019013 ) ) ;
#7623 = EDGE_CURVE ( 'NONE', #4545, #7255, #3822, .T. ) ;
#7624 = DIRECTION ( 'NONE',  ( 0.3420201433256720991, 0.0000000000000000000, -0.9396926207859070956 ) ) ;
#7625 = VECTOR ( 'NONE', #7154, 39.37007874015748854 ) ;
#7626 = PLANE ( 'NONE',  #7481 ) ;
#7627 = CYLINDRICAL_SURFACE ( 'NONE', #692, 0.02855000000000052635 ) ;
#7628 = VECTOR ( 'NONE', #6238, 39.37007874015748143 ) ;
#7629 = EDGE_LOOP ( 'NONE', ( #6449, #715, #3817, #1329 ) ) ;
#7630 = DIRECTION ( 'NONE',  ( -0.0000000000000000000, 1.000000000000000000, -0.0000000000000000000 ) ) ;
#7631 = PLANE ( 'NONE',  #6365 ) ;
#7632 = ORIENTED_EDGE ( 'NONE', *, *, #1428, .T. ) ;
#7633 = DIRECTION ( 'NONE',  ( 1.000000000000000000, 0.0000000000000000000, -1.355298456929802892E-15 ) ) ;
#7634 = ADVANCED_FACE ( 'NONE', ( #5582 ), #6325, .T. ) ;
#7635 = EDGE_LOOP ( 'NONE', ( #4854, #5902, #184, #6141 ) ) ;
#7636 = DIRECTION ( 'NONE',  ( -0.0000000000000000000, 1.000000000000000000, -0.0000000000000000000 ) ) ;
#7637 = CARTESIAN_POINT ( 'NONE',  ( 0.1379674688103073310, 0.0000000000000000000, -0.05000000000000019013 ) ) ;
#7638 = VECTOR ( 'NONE', #2211, 39.37007874015748143 ) ;
#7639 = ORIENTED_EDGE ( 'NONE', *, *, #4802, .F. ) ;
#7640 = EDGE_CURVE ( 'NONE', #1750, #708, #2676, .T. ) ;
#7641 = DIRECTION ( 'NONE',  ( 1.000000000000000000, 0.0000000000000000000, 0.0000000000000000000 ) ) ;
#7642 = VERTEX_POINT ( 'NONE', #4383 ) ;
#7643 = CARTESIAN_POINT ( 'NONE',  ( 0.4816684688103073930, -0.1100000000000000006, -0.01574999999999998623 ) ) ;
#7644 = DIRECTION ( 'NONE',  ( 0.0000000000000000000, 0.0000000000000000000, 1.000000000000000000 ) ) ;
#7645 = CARTESIAN_POINT ( 'NONE',  ( 1.415076816552357064, -0.05000000000000000278, -0.5419568028483580102 ) ) ;
#7646 = CARTESIAN_POINT ( 'NONE',  ( 0.2816684688103074374, -0.1100000000000000006, -0.08424999999999954747 ) ) ;
#7647 = AXIS2_PLACEMENT_3D ( 'NONE', #5737, #4461, #6252 ) ;
#7648 = ORIENTED_EDGE ( 'NONE', *, *, #7531, .F. ) ;
#7649 = ORIENTED_EDGE ( 'NONE', *, *, #7434, .T. ) ;
#7650 = AXIS2_PLACEMENT_3D ( 'NONE', #4092, #7656, #2907 ) ;
#7651 = CARTESIAN_POINT ( 'NONE',  ( 0.7860700997761546072, -0.05000000000000000278, -0.3130170807883137507 ) ) ;
#7652 = EDGE_LOOP ( 'NONE', ( #201, #61, #784, #7286 ) ) ;
#7653 = FACE_OUTER_BOUND ( 'NONE', #5893, .T. ) ;
#7654 = CARTESIAN_POINT ( 'NONE',  ( 1.175935937620614880, -0.05000000000000000278, -9.478001694819074349E-34 ) ) ;
#7655 = FACE_OUTER_BOUND ( 'NONE', #2617, .T. ) ;
#7656 = DIRECTION ( 'NONE',  ( 0.0000000000000000000, 0.0000000000000000000, 1.000000000000000000 ) ) ;
#7658 = EDGE_CURVE ( 'NONE', #5576, #1548, #6879, .T. ) ;
#7657 = CARTESIAN_POINT ( 'NONE',  ( 0.1942664688103074300, -0.1100000000000000006, -0.01574999999999998623 ) ) ;
#7659 = ADVANCED_FACE ( 'NONE', ( #139 ), #851, .F. ) ;
#7660 = ORIENTED_EDGE ( 'NONE', *, *, #7225, .F. ) ;
#7661 = ORIENTED_EDGE ( 'NONE', *, *, #1125, .F. ) ;
#7662 = FACE_OUTER_BOUND ( 'NONE', #2940, .T. ) ;
#7663 = VERTEX_POINT ( 'NONE', #217 ) ;
#7664 = DIRECTION ( 'NONE',  ( 1.000000000000000000, 0.0000000000000000000, 0.0000000000000000000 ) ) ;
#7665 = DIRECTION ( 'NONE',  ( 0.0000000000000000000, 0.0000000000000000000, 1.000000000000000000 ) ) ;
#7666 = DIRECTION ( 'NONE',  ( 1.000000000000000000, 0.0000000000000000000, -0.0000000000000000000 ) ) ;
#7667 = LINE ( 'NONE', #2793, #3839 ) ;
#7668 = EDGE_CURVE ( 'NONE', #7142, #6288, #2633, .T. ) ;
#7669 = VERTEX_POINT ( 'NONE', #6914 ) ;
#7670 = LINE ( 'NONE', #4225, #3681 ) ;
#7671 = DIRECTION ( 'NONE',  ( -0.0000000000000000000, 1.000000000000000000, -0.0000000000000000000 ) ) ;
#7672 = EDGE_LOOP ( 'NONE', ( #1234, #5532, #2679, #7524 ) ) ;
#7673 = FACE_OUTER_BOUND ( 'NONE', #7102, .T. ) ;
#7674 = ORIENTED_EDGE ( 'NONE', *, *, #4317, .T. ) ;
#7675 = DIRECTION ( 'NONE',  ( -0.0000000000000000000, 1.000000000000000000, -0.0000000000000000000 ) ) ;
#7676 = FACE_OUTER_BOUND ( 'NONE', #4051, .T. ) ;
#7677 = EDGE_CURVE ( 'NONE', #7642, #3541, #255, .T. ) ;
#7678 = EDGE_CURVE ( 'NONE', #5201, #6137, #1406, .T. ) ;
#7679 = ORIENTED_EDGE ( 'NONE', *, *, #3609, .T. ) ;
#7680 = PLANE ( 'NONE',  #3830 ) ;
#7681 = ORIENTED_EDGE ( 'NONE', *, *, #5706, .F. ) ;
#7682 = CARTESIAN_POINT ( 'NONE',  ( 0.8999990000000001045, -0.1100000000000000006, 0.0000000000000000000 ) ) ;
#7683 = CARTESIAN_POINT ( 'NONE',  ( 1.975934937620615894, 0.0000000000000000000, -0.09999999999999974187 ) ) ;
#7684 = DIRECTION ( 'NONE',  ( -0.3420201433256638834, 0.0000000000000000000, 0.9396926207859100932 ) ) ;
#7685 = DIRECTION ( 'NONE',  ( -0.0000000000000000000, 1.000000000000000000, -0.0000000000000000000 ) ) ;
#7686 = AXIS2_PLACEMENT_3D ( 'NONE', #4546, #5269, #6411 ) ;
#7687 = EDGE_CURVE ( 'NONE', #3663, #6558, #4539, .T. ) ;
#7688 = ORIENTED_EDGE ( 'NONE', *, *, #7283, .T. ) ;
#7689 = VECTOR ( 'NONE', #1130, 39.37007874015748143 ) ;
#7690 = ORIENTED_EDGE ( 'NONE', *, *, #4140, .F. ) ;
#7691 = FACE_BOUND ( 'NONE', #3921, .T. ) ;
#7692 = EDGE_LOOP ( 'NONE', ( #5609, #7473, #3611, #4136 ) ) ;
#7693 = DIRECTION ( 'NONE',  ( 0.0000000000000000000, -0.0000000000000000000, -1.000000000000000000 ) ) ;
#7694 = CARTESIAN_POINT ( 'NONE',  ( 1.794266468810307602, -0.1100000000000000006, -0.08424999999999957523 ) ) ;
#7695 = DIRECTION ( 'NONE',  ( -1.000000000000000000, -0.0000000000000000000, -0.0000000000000000000 ) ) ;
#7696 =( NAMED_UNIT ( * ) PLANE_ANGLE_UNIT ( ) SI_UNIT ( $, .RADIAN. ) );
#7697 = AXIS2_PLACEMENT_3D ( 'NONE', #2496, #6154, #1789 ) ;
#7698 = DIRECTION ( 'NONE',  ( -0.0000000000000000000, 1.000000000000000000, -0.0000000000000000000 ) ) ;
#7699 = ORIENTED_EDGE ( 'NONE', *, *, #4831, .T. ) ;
#7700 = ORIENTED_EDGE ( 'NONE', *, *, #6033, .T. ) ;
#7701 = CARTESIAN_POINT ( 'NONE',  ( 0.6999990000000000379, 0.0000000000000000000, 0.0000000000000000000 ) ) ;
#7702 = ORIENTED_EDGE ( 'NONE', *, *, #5211, .F. ) ;
#7703 = DIRECTION ( 'NONE',  ( 0.0000000000000000000, 0.0000000000000000000, 1.000000000000000000 ) ) ;
#7704 = VECTOR ( 'NONE', #7368, 39.37007874015748143 ) ;
#7705 = LINE ( 'NONE', #5771, #4864 ) ;
#7706 = EDGE_CURVE ( 'NONE', #6558, #956, #2116, .T. ) ;
#7707 = EDGE_CURVE ( 'NONE', #7217, #5757, #2846, .T. ) ;
#7708 = CARTESIAN_POINT ( 'NONE',  ( 1.894266468810307691, -0.1100000000000000006, -0.01574999999999998623 ) ) ;
#7709 = DIRECTION ( 'NONE',  ( 0.3420201433256663259, 0.0000000000000000000, 0.9396926207859092051 ) ) ;
#7710 = VECTOR ( 'NONE', #5227, 39.37007874015748143 ) ;
#7711 = ORIENTED_EDGE ( 'NONE', *, *, #907, .F. ) ;
#7712 = DIRECTION ( 'NONE',  ( -1.000000000000000000, 0.0000000000000000000, 1.355298456929802892E-15 ) ) ;
#7713 = LINE ( 'NONE', #5863, #2312 ) ;
#7714 = ORIENTED_EDGE ( 'NONE', *, *, #3782, .T. ) ;
#7715 = CARTESIAN_POINT ( 'NONE',  ( 0.3816684688103073597, 0.0000000000000000000, -0.01574999999999998623 ) ) ;
#7716 = VERTEX_POINT ( 'NONE', #5900 ) ;
#7717 = VECTOR ( 'NONE', #2742, 39.37007874015748854 ) ;
#7718 = EDGE_CURVE ( 'NONE', #7044, #5389, #6406, .T. ) ;
#7719 = CARTESIAN_POINT ( 'NONE',  ( 0.0000000000000000000, -0.05000000000000000278, 0.0000000000000000000 ) ) ;
#7720 = ORIENTED_EDGE ( 'NONE', *, *, #5167, .T. ) ;
#7721 = CARTESIAN_POINT ( 'NONE',  ( 0.9379674688103074587, 3.673940397442060153E-19, -0.05000000000000019013 ) ) ;
#7722 = VECTOR ( 'NONE', #1325, 39.37007874015748143 ) ;
#7723 = ORIENTED_EDGE ( 'NONE', *, *, #4904, .T. ) ;
#7724 = DIRECTION ( 'NONE',  ( 0.9396926207859100932, 0.0000000000000000000, 0.3420201433256638834 ) ) ;
#7725 = ADVANCED_FACE ( 'NONE', ( #3980 ), #4622, .F. ) ;
#7726 = CARTESIAN_POINT ( 'NONE',  ( 0.9942664688103074466, -0.05000000000000000278, -0.08424999999999957523 ) ) ;
#7727 = DIRECTION ( 'NONE',  ( -0.0000000000000000000, 1.000000000000000000, -0.0000000000000000000 ) ) ;
#7728 = CARTESIAN_POINT ( 'NONE',  ( 0.2759359376206146353, -0.1100000000000000006, -0.09999999999999989453 ) ) ;
#7729 = VECTOR ( 'NONE', #3056, 39.37007874015748143 ) ;
#7730 = VERTEX_POINT ( 'NONE', #7032 ) ;
#7731 = EDGE_LOOP ( 'NONE', ( #4197, #4269, #1903, #4367 ) ) ;
#7732 = CARTESIAN_POINT ( 'NONE',  ( 1.794266468810307602, 0.0000000000000000000, -0.01574999999999998623 ) ) ;
#7733 = EDGE_LOOP ( 'NONE', ( #2819, #792, #1283, #711 ) ) ;
#7734 = PLANE ( 'NONE',  #2000 ) ;
#7735 = EDGE_CURVE ( 'NONE', #3718, #3125, #3471, .T. ) ;
#7736 = DIRECTION ( 'NONE',  ( -0.0000000000000000000, 1.000000000000000000, -0.0000000000000000000 ) ) ;
#7737 = CARTESIAN_POINT ( 'NONE',  ( 0.2816684688103074374, -0.05000000000000000278, -0.08424999999999954747 ) ) ;
#7738 = VECTOR ( 'NONE', #6967, 39.37007874015748143 ) ;
#7739 = VECTOR ( 'NONE', #5061, 39.37007874015748143 ) ;
#7740 = UNCERTAINTY_MEASURE_WITH_UNIT (LENGTH_MEASURE( 1.000000000000000082E-05 ), #4216, 'distance_accuracy_value', 'NONE');
#7741 = CARTESIAN_POINT ( 'NONE',  ( 0.4999990000000001378, 0.0000000000000000000, -0.09999999999999989453 ) ) ;
#7742 = VECTOR ( 'NONE', #26, 39.37007874015748143 ) ;
#7743 = VECTOR ( 'NONE', #166, 39.37007874015748143 ) ;
#7744 = ORIENTED_EDGE ( 'NONE', *, *, #6959, .T. ) ;
#7745 = ORIENTED_EDGE ( 'NONE', *, *, #5349, .F. ) ;
#7746 = LINE ( 'NONE', #2317, #6368 ) ;
#7747 = EDGE_LOOP ( 'NONE', ( #881, #1219, #6579, #4907 ) ) ;
#7748 = CARTESIAN_POINT ( 'NONE',  ( 0.3999990000000001600, 0.0000000000000000000, 0.0000000000000000000 ) ) ;
#7749 = DIRECTION ( 'NONE',  ( 1.000000000000000000, 0.0000000000000000000, -1.355298456929802892E-15 ) ) ;
#7750 = VECTOR ( 'NONE', #7414, 39.37007874015748143 ) ;
#7751 = ORIENTED_EDGE ( 'NONE', *, *, #1241, .F. ) ;
#7752 = FACE_OUTER_BOUND ( 'NONE', #6190, .T. ) ;
#7753 = VECTOR ( 'NONE', #7162, 39.37007874015748854 ) ;
#7754 = CARTESIAN_POINT ( 'NONE',  ( 0.2759359376206146353, -0.05000000000000000278, -9.478001694819074349E-34 ) ) ;
#7755 = ORIENTED_EDGE ( 'NONE', *, *, #3702, .T. ) ;
#7756 = FACE_OUTER_BOUND ( 'NONE', #2510, .T. ) ;
#7757 = ORIENTED_EDGE ( 'NONE', *, *, #707, .T. ) ;
#7758 = DIRECTION ( 'NONE',  ( 0.0000000000000000000, 0.0000000000000000000, 1.000000000000000000 ) ) ;
#7759 = DIRECTION ( 'NONE',  ( -0.0000000000000000000, 1.000000000000000000, -0.0000000000000000000 ) ) ;
#7760 = AXIS2_PLACEMENT_3D ( 'NONE', #5839, #238, #6935 ) ;
#7761 = EDGE_CURVE ( 'NONE', #5292, #7099, #7667, .T. ) ;
#7762 = ORIENTED_EDGE ( 'NONE', *, *, #2851, .T. ) ;
#7763 = EDGE_CURVE ( 'NONE', #618, #605, #6140, .T. ) ;
#7764 = VECTOR ( 'NONE', #4883, 39.37007874015748143 ) ;
#7765 = DIRECTION ( 'NONE',  ( -1.000000000000000000, -0.0000000000000000000, -0.0000000000000000000 ) ) ;
#7766 = ORIENTED_EDGE ( 'NONE', *, *, #6705, .T. ) ;
#7767 = DIRECTION ( 'NONE',  ( 0.3420201433256639389, 0.0000000000000000000, -0.9396926207859100932 ) ) ;
#7768 = CARTESIAN_POINT ( 'NONE',  ( 1.781668468810307493, 0.0000000000000000000, -0.08424999999999954747 ) ) ;
#7769 = CARTESIAN_POINT ( 'NONE',  ( 1.394266468810307469, 0.0000000000000000000, -0.01574999999999998623 ) ) ;
#7770 = CARTESIAN_POINT ( 'NONE',  ( 0.0000000000000000000, 0.0000000000000000000, 0.0000000000000000000 ) ) ;
#7771 = VECTOR ( 'NONE', #1162, 39.37007874015748143 ) ;
#7772 = ADVANCED_FACE ( 'NONE', ( #421 ), #7627, .F. ) ;
#7773 = VERTEX_POINT ( 'NONE', #2234 ) ;
#7774 = ORIENTED_EDGE ( 'NONE', *, *, #3481, .T. ) ;
#7775 = CARTESIAN_POINT ( 'NONE',  ( 0.4816684688103073930, 0.0000000000000000000, -0.01574999999999998623 ) ) ;
#7776 = ORIENTED_EDGE ( 'NONE', *, *, #7060, .F. ) ;
#7777 = DIRECTION ( 'NONE',  ( 0.0000000000000000000, -1.000000000000000000, 0.0000000000000000000 ) ) ;
#7778 = DIRECTION ( 'NONE',  ( -1.000000000000000000, 0.0000000000000000000, -0.0000000000000000000 ) ) ;
#7779 = ORIENTED_EDGE ( 'NONE', *, *, #7398, .F. ) ;
#7780 = COLOUR_RGB ( '',0.4941176470588235503, 0.4941176470588235503, 0.4941176470588235503 ) ;
#7781 = DIRECTION ( 'NONE',  ( -0.0000000000000000000, 1.000000000000000000, -0.0000000000000000000 ) ) ;
#7782 = ITEM_DEFINED_TRANSFORMATION ( 'NONE', 'NONE', #4242,  #3340 ) ;
#7783 = DIRECTION ( 'NONE',  ( -1.000000000000000000, 0.0000000000000000000, -0.0000000000000000000 ) ) ;
#7784 = EDGE_CURVE ( 'NONE', #5302, #5514, #1727, .T. ) ;
#7785 = PRODUCT_DEFINITION_FORMATION_WITH_SPECIFIED_SOURCE ( 'ANY', '', #2020, .NOT_KNOWN. ) ;
#7786 = ORIENTED_EDGE ( 'NONE', *, *, #3745, .T. ) ;
#7787 = ORIENTED_EDGE ( 'NONE', *, *, #4291, .T. ) ;
#7788 = CARTESIAN_POINT ( 'NONE',  ( 0.9379674688103074587, 0.0000000000000000000, -0.07855000000000071647 ) ) ;
#7789 = ORIENTED_EDGE ( 'NONE', *, *, #1993, .F. ) ;
#7790 = CARTESIAN_POINT ( 'NONE',  ( 1.437967468810307237, 0.0000000000000000000, -0.02144999999999966725 ) ) ;
#7791 = ADVANCED_FACE ( 'NONE', ( #3349 ), #5299, .F. ) ;
#7792 = ORIENTED_EDGE ( 'NONE', *, *, #4658, .T. ) ;
#7793 = CARTESIAN_POINT ( 'NONE',  ( 1.875935937620614835, -0.05000000000000000278, -9.478001694819074349E-34 ) ) ;
#7794 = LINE ( 'NONE', #2996, #3196 ) ;
#7795 = ORIENTED_EDGE ( 'NONE', *, *, #192, .F. ) ;
#7796 = FACE_OUTER_BOUND ( 'NONE', #1596, .T. ) ;
#7797 = CARTESIAN_POINT ( 'NONE',  ( 0.1999990000000001211, 0.0000000000000000000, -0.09999999999999989453 ) ) ;
#7798 = CARTESIAN_POINT ( 'NONE',  ( 1.575935937620614791, -0.1100000000000000006, -0.09999999999999989453 ) ) ;
#7799 = SHAPE_REPRESENTATION ( '3516_3516-0-00-15-00-00-03-0', ( #3340 ), #574 ) ;
#7800 = ORIENTED_EDGE ( 'NONE', *, *, #2588, .F. ) ;
#7801 = LINE ( 'NONE', #3441, #6377 ) ;
#7802 = ORIENTED_EDGE ( 'NONE', *, *, #6660, .F. ) ;
#7803 = LINE ( 'NONE', #5477, #3900 ) ;
#7804 = LINE ( 'NONE', #7768, #5469 ) ;
#7805 = FACE_OUTER_BOUND ( 'NONE', #4257, .T. ) ;
#7806 = ADVANCED_FACE ( 'NONE', ( #4104 ), #7118, .F. ) ;
#7807 = EDGE_CURVE ( 'NONE', #7405, #4261, #1686, .T. ) ;
#7808 = ORIENTED_EDGE ( 'NONE', *, *, #6576, .T. ) ;
#7809 = DIRECTION ( 'NONE',  ( 0.0000000000000000000, 0.0000000000000000000, 1.000000000000000000 ) ) ;
#7810 = DIRECTION ( 'NONE',  ( 1.355298456929802892E-15, 0.0000000000000000000, 1.000000000000000000 ) ) ;
#7811 = ORIENTED_EDGE ( 'NONE', *, *, #6726, .F. ) ;
#7812 = CARTESIAN_POINT ( 'NONE',  ( 0.2816684688103074374, -0.1100000000000000006, -0.01574999999999998623 ) ) ;
#7813 = CARTESIAN_POINT ( 'NONE',  ( 0.1460000000000004350, 0.03600000000000147526, 0.0000000000000000000 ) ) ;
#7814 = ORIENTED_EDGE ( 'NONE', *, *, #6523, .F. ) ;
#7815 = DIRECTION ( 'NONE',  ( 0.0000000000000000000, 0.0000000000000000000, 1.000000000000000000 ) ) ;
#7816 = EDGE_CURVE ( 'NONE', #7550, #5588, #2196, .T. ) ;
#7817 = ITEM_DEFINED_TRANSFORMATION ( 'NONE', 'NONE', #1203,  #3340 ) ;
#7818 = CARTESIAN_POINT ( 'NONE',  ( 0.6942664688103074022, -0.05000000000000000278, -0.01574999999999998623 ) ) ;
#7819 = VERTEX_POINT ( 'NONE', #5340 ) ;
#7820 = CARTESIAN_POINT ( 'NONE',  ( -0.01203253118969264436, 0.0000000000000000000, -0.08424999999999989442 ) ) ;
#7821 = VERTEX_POINT ( 'NONE', #1602 ) ;
#7822 = DIRECTION ( 'NONE',  ( -0.0000000000000000000, 1.000000000000000000, -0.0000000000000000000 ) ) ;
#7823 = CYLINDRICAL_SURFACE ( 'NONE', #658, 0.02855000000000052635 ) ;
#7824 = AXIS2_PLACEMENT_3D ( 'NONE', #7534, #2067, #6902 ) ;
#7825 = EDGE_CURVE ( 'NONE', #4334, #1245, #335, .T. ) ;
#7826 =( NAMED_UNIT ( * ) SI_UNIT ( $, .STERADIAN. ) SOLID_ANGLE_UNIT ( ) );
#7827 = EDGE_CURVE ( 'NONE', #651, #5433, #2322, .T. ) ;
#7828 = ORIENTED_EDGE ( 'NONE', *, *, #6619, .T. ) ;
#7829 = DIRECTION ( 'NONE',  ( 1.000000000000000000, 0.0000000000000000000, 0.0000000000000000000 ) ) ;
#7830 = NEXT_ASSEMBLY_USAGE_OCCURRENCE ( 'NAUO1', ' ', ' ', #4455, #488, $ ) ;
#7831 = NEXT_ASSEMBLY_USAGE_OCCURRENCE ( 'NAUO2', ' ', ' ', #4455, #4118, $ ) ;
#7832 = NEXT_ASSEMBLY_USAGE_OCCURRENCE ( 'NAUO3', ' ', ' ', #4455, #4118, $ ) ;
#7833 = NEXT_ASSEMBLY_USAGE_OCCURRENCE ( 'NAUO4', ' ', ' ', #4455, #4118, $ ) ;
#7834 = NEXT_ASSEMBLY_USAGE_OCCURRENCE ( 'NAUO5', ' ', ' ', #4455, #4118, $ ) ;
#7835 = NEXT_ASSEMBLY_USAGE_OCCURRENCE ( 'NAUO6', ' ', ' ', #4455, #4118, $ ) ;
#7836 = NEXT_ASSEMBLY_USAGE_OCCURRENCE ( 'NAUO7', ' ', ' ', #4455, #4118, $ ) ;
#7837 = NEXT_ASSEMBLY_USAGE_OCCURRENCE ( 'NAUO8', ' ', ' ', #4455, #4118, $ ) ;
#7838 = NEXT_ASSEMBLY_USAGE_OCCURRENCE ( 'NAUO9', ' ', ' ', #4455, #4118, $ ) ;
#7839 = NEXT_ASSEMBLY_USAGE_OCCURRENCE ( 'NAUO10', ' ', ' ', #4455, #4118, $ ) ;
#7840 = NEXT_ASSEMBLY_USAGE_OCCURRENCE ( 'NAUO11', ' ', ' ', #4455, #4118, $ ) ;
#7841 = NEXT_ASSEMBLY_USAGE_OCCURRENCE ( 'NAUO12', ' ', ' ', #4455, #4118, $ ) ;
#7842 = NEXT_ASSEMBLY_USAGE_OCCURRENCE ( 'NAUO13', ' ', ' ', #4455, #4118, $ ) ;
#7843 = NEXT_ASSEMBLY_USAGE_OCCURRENCE ( 'NAUO14', ' ', ' ', #4455, #4118, $ ) ;
#7844 = NEXT_ASSEMBLY_USAGE_OCCURRENCE ( 'NAUO15', ' ', ' ', #4455, #4118, $ ) ;
#7845 = NEXT_ASSEMBLY_USAGE_OCCURRENCE ( 'NAUO16', ' ', ' ', #4455, #4118, $ ) ;
#7846 = NEXT_ASSEMBLY_USAGE_OCCURRENCE ( 'NAUO17', ' ', ' ', #4455, #4118, $ ) ;
#7847 = NEXT_ASSEMBLY_USAGE_OCCURRENCE ( 'NAUO18', ' ', ' ', #4455, #4118, $ ) ;
#7848 = NEXT_ASSEMBLY_USAGE_OCCURRENCE ( 'NAUO19', ' ', ' ', #4455, #4118, $ ) ;
#7849 = NEXT_ASSEMBLY_USAGE_OCCURRENCE ( 'NAUO20', ' ', ' ', #4455, #4118, $ ) ;
#7850 = NEXT_ASSEMBLY_USAGE_OCCURRENCE ( 'NAUO21', ' ', ' ', #4455, #4118, $ ) ;
ENDSEC;
END-ISO-10303-21;
