ISO-10303-21;
HEADER;
FILE_DESCRIPTION (( 'STEP AP214' ),
    '1' );
FILE_NAME ('mill-max-364-10-120-00-580000.STEP',
    '2026-02-27T17:48:26',
    ( '' ),
    ( '' ),
    'SwSTEP 2.0',
    'SolidWorks 2022',
    '' );
FILE_SCHEMA (( 'AUTOMOTIVE_DESIGN' ));
ENDSEC;

DATA;
#1 = ORIENTED_EDGE ( 'NONE', *, *, #1131, .F. ) ;
#2 = CARTESIAN_POINT ( 'NONE',  ( 1.975934937620615894, -0.05000000000000000278, -0.09999999999999974187 ) ) ;
#3 = VECTOR ( 'NONE', #1041, 39.37007874015748854 ) ;
#4 = CARTESIAN_POINT ( 'NONE',  ( 0.5942664688103074244, 0.0000000000000000000, -0.01574999999999998623 ) ) ;
#5 = CARTESIAN_POINT ( 'NONE',  ( 0.1942664688103074300, -0.1100000000000000006, -0.01574999999999998623 ) ) ;
#6 = ORIENTED_EDGE ( 'NONE', *, *, #3899, .F. ) ;
#7 = VECTOR ( 'NONE', #90, 39.37007874015748143 ) ;
#8 = DIRECTION ( 'NONE',  ( 0.3420201433256695456, 0.0000000000000000000, 0.9396926207859080948 ) ) ;
#9 = ADVANCED_FACE ( 'NONE', ( #7138 ), #2189, .F. ) ;
#10 = EDGE_LOOP ( 'NONE', ( #6357, #5509, #440, #1593 ) ) ;
#11 = ORIENTED_EDGE ( 'NONE', *, *, #4856, .F. ) ;
#12 = DIRECTION ( 'NONE',  ( 0.3420201433256845891, 0.0000000000000000000, -0.9396926207859025437 ) ) ;
#13 = VERTEX_POINT ( 'NONE', #7020 ) ;
#14 = PLANE ( 'NONE',  #1392 ) ;
#15 = EDGE_CURVE ( 'NONE', #7711, #4956, #1718, .T. ) ;
#16 = PLANE ( 'NONE',  #3719 ) ;
#17 = DIRECTION ( 'NONE',  ( -0.3420201433256720991, 0.0000000000000000000, 0.9396926207859070956 ) ) ;
#18 = VERTEX_POINT ( 'NONE', #7059 ) ;
#19 = DIRECTION ( 'NONE',  ( -1.000000000000000000, 0.0000000000000000000, -0.0000000000000000000 ) ) ;
#20 = CARTESIAN_POINT ( 'NONE',  ( 1.799999000000000127, -0.05000000000000000278, -0.09999999999999989453 ) ) ;
#21 = ORIENTED_EDGE ( 'NONE', *, *, #1083, .T. ) ;
#22 = DIRECTION ( 'NONE',  ( 7.776898252968646568E-17, 0.0000000000000000000, -1.000000000000000000 ) ) ;
#23 = EDGE_CURVE ( 'NONE', #5816, #929, #5670, .T. ) ;
#24 = VERTEX_POINT ( 'NONE', #5867 ) ;
#25 = FACE_OUTER_BOUND ( 'NONE', #5076, .T. ) ;
#26 = ORIENTED_EDGE ( 'NONE', *, *, #5293, .T. ) ;
#27 = CARTESIAN_POINT ( 'NONE',  ( 1.837967468810307370, 3.673940397442060153E-19, -0.05000000000000019013 ) ) ;
#28 = FACE_BOUND ( 'NONE', #766, .T. ) ;
#29 = ORIENTED_EDGE ( 'NONE', *, *, #5897, .F. ) ;
#30 = EDGE_CURVE ( 'NONE', #5278, #5172, #6301, .T. ) ;
#31 = FACE_OUTER_BOUND ( 'NONE', #4162, .T. ) ;
#32 = ORIENTED_EDGE ( 'NONE', *, *, #4924, .F. ) ;
#33 = LINE ( 'NONE', #6034, #4773 ) ;
#34 = DIRECTION ( 'NONE',  ( -0.0000000000000000000, 1.000000000000000000, -0.0000000000000000000 ) ) ;
#35 = PLANE ( 'NONE',  #507 ) ;
#36 = ORIENTED_EDGE ( 'NONE', *, *, #3406, .T. ) ;
#37 = DIRECTION ( 'NONE',  ( -1.000000000000000000, 0.0000000000000000000, -7.776898252968646568E-17 ) ) ;
#38 = FACE_OUTER_BOUND ( 'NONE', #6706, .T. ) ;
#39 = LINE ( 'NONE', #7336, #2622 ) ;
#40 = CIRCLE ( 'NONE', #1060, 0.02800000000000000405 ) ;
#41 = EDGE_CURVE ( 'NONE', #228, #5135, #2269, .T. ) ;
#42 = ORIENTED_EDGE ( 'NONE', *, *, #3492, .F. ) ;
#43 = DIRECTION ( 'NONE',  ( 0.3420201433256695456, 0.0000000000000000000, 0.9396926207859080948 ) ) ;
#44 = AXIS2_PLACEMENT_3D ( 'NONE', #1464, #6337, #906 ) ;
#45 = VECTOR ( 'NONE', #5711, 39.37007874015748143 ) ;
#46 = ORIENTED_EDGE ( 'NONE', *, *, #2314, .T. ) ;
#47 = LINE ( 'NONE', #4902, #2352 ) ;
#48 = EDGE_CURVE ( 'NONE', #1819, #1285, #6507, .T. ) ;
#49 = VERTEX_POINT ( 'NONE', #2468 ) ;
#50 = VECTOR ( 'NONE', #7445, 39.37007874015748143 ) ;
#51 = CARTESIAN_POINT ( 'NONE',  ( 1.381668468810307360, -0.05000000000000000278, -0.08424999999999954747 ) ) ;
#52 = DIRECTION ( 'NONE',  ( -0.0000000000000000000, 1.000000000000000000, -0.0000000000000000000 ) ) ;
#53 = PLANE ( 'NONE',  #3555 ) ;
#54 = ORIENTED_EDGE ( 'NONE', *, *, #4213, .T. ) ;
#55 = AXIS2_PLACEMENT_3D ( 'NONE', #6431, #4696, #268 ) ;
#56 = EDGE_CURVE ( 'NONE', #4323, #1807, #4776, .T. ) ;
#57 = CARTESIAN_POINT ( 'NONE',  ( 1.975934937620615894, 0.0000000000000000000, -0.09999999999999974187 ) ) ;
#58 = DIRECTION ( 'NONE',  ( -0.0000000000000000000, 1.000000000000000000, -0.0000000000000000000 ) ) ;
#59 = CARTESIAN_POINT ( 'NONE',  ( 1.937967468810307903, 0.1600000000000031120, -0.05000000000000019013 ) ) ;
#60 = CARTESIAN_POINT ( 'NONE',  ( 0.1250000000000020817, 4.286263797015740601E-18, -0.03500000000000003803 ) ) ;
#61 = ORIENTED_EDGE ( 'NONE', *, *, #7084, .T. ) ;
#62 = CARTESIAN_POINT ( 'NONE',  ( 0.2816684688103074374, -0.1100000000000000006, -0.08424999999999954747 ) ) ;
#63 = ADVANCED_FACE ( 'NONE', ( #5484 ), #3094, .F. ) ;
#64 = ADVANCED_FACE ( 'NONE', ( #76 ), #5954, .F. ) ;
#65 = FACE_OUTER_BOUND ( 'NONE', #3503, .T. ) ;
#66 = ORIENTED_EDGE ( 'NONE', *, *, #2050, .T. ) ;
#67 = VECTOR ( 'NONE', #2932, 39.37007874015748143 ) ;
#68 = FACE_OUTER_BOUND ( 'NONE', #473, .T. ) ;
#69 = ORIENTED_EDGE ( 'NONE', *, *, #7058, .T. ) ;
#70 = DIRECTION ( 'NONE',  ( -0.0000000000000000000, 1.000000000000000000, -0.0000000000000000000 ) ) ;
#71 = CARTESIAN_POINT ( 'NONE',  ( 0.6759359376206146575, -0.1100000000000000006, -9.478001694819074349E-34 ) ) ;
#72 = CARTESIAN_POINT ( 'NONE',  ( 1.975934937620615894, 0.0000000000000000000, -0.09999999999999974187 ) ) ;
#73 = VERTEX_POINT ( 'NONE', #2938 ) ;
#74 = VERTEX_POINT ( 'NONE', #1242 ) ;
#75 = ADVANCED_FACE ( 'NONE', ( #6039 ), #4928, .T. ) ;
#76 = FACE_OUTER_BOUND ( 'NONE', #3409, .T. ) ;
#77 = FACE_OUTER_BOUND ( 'NONE', #7046, .T. ) ;
#78 = FACE_OUTER_BOUND ( 'NONE', #7669, .T. ) ;
#79 = EDGE_LOOP ( 'NONE', ( #266, #5555, #7797, #7560 ) ) ;
#80 = VECTOR ( 'NONE', #7612, 39.37007874015748143 ) ;
#81 = DIRECTION ( 'NONE',  ( -0.0000000000000000000, 1.000000000000000000, -0.0000000000000000000 ) ) ;
#82 = EDGE_CURVE ( 'NONE', #3256, #7683, #597, .T. ) ;
#83 = ORIENTED_EDGE ( 'NONE', *, *, #1844, .F. ) ;
#84 = CARTESIAN_POINT ( 'NONE',  ( 0.9759359376206147019, -0.1100000000000000006, -9.478001694819074349E-34 ) ) ;
#85 = LINE ( 'NONE', #2590, #6388 ) ;
#86 = CIRCLE ( 'NONE', #3387, 0.02855000000000052982 ) ;
#87 = ORIENTED_EDGE ( 'NONE', *, *, #6688, .F. ) ;
#88 = DIRECTION ( 'NONE',  ( 0.0000000000000000000, 0.0000000000000000000, 1.000000000000000000 ) ) ;
#89 = LINE ( 'NONE', #4944, #1449 ) ;
#90 = DIRECTION ( 'NONE',  ( -0.0000000000000000000, 1.000000000000000000, -0.0000000000000000000 ) ) ;
#91 = EDGE_CURVE ( 'NONE', #3007, #6535, #3577, .T. ) ;
#92 = AXIS2_PLACEMENT_3D ( 'NONE', #1463, #6885, #2250 ) ;
#93 = ORIENTED_EDGE ( 'NONE', *, *, #3293, .F. ) ;
#94 = CARTESIAN_POINT ( 'NONE',  ( 0.4999990000000001378, -0.1100000000000000006, 0.0000000000000000000 ) ) ;
#95 = AXIS2_PLACEMENT_3D ( 'NONE', #5825, #7173, #3446 ) ;
#96 = FACE_OUTER_BOUND ( 'NONE', #7184, .T. ) ;
#97 = EDGE_CURVE ( 'NONE', #3560, #235, #4417, .T. ) ;
#98 = ADVANCED_FACE ( 'NONE', ( #3619 ), #4181, .T. ) ;
#99 = ORIENTED_EDGE ( 'NONE', *, *, #3155, .T. ) ;
#100 = DIRECTION ( 'NONE',  ( 1.000000000000000000, 0.0000000000000000000, 0.0000000000000000000 ) ) ;
#101 = CARTESIAN_POINT ( 'NONE',  ( 1.581668468810307315, -0.1100000000000000006, -0.08424999999999954747 ) ) ;
#102 = EDGE_LOOP ( 'NONE', ( #2138, #3028, #6796, #2159 ) ) ;
#103 = CARTESIAN_POINT ( 'NONE',  ( 1.094266468810307424, 0.0000000000000000000, -0.08424999999999957523 ) ) ;
#104 = EDGE_LOOP ( 'NONE', ( #1247, #6097, #6724, #5593 ) ) ;
#105 = DIRECTION ( 'NONE',  ( 0.0000000000000000000, 0.0000000000000000000, 1.000000000000000000 ) ) ;
#106 = FACE_BOUND ( 'NONE', #5646, .T. ) ;
#107 = VECTOR ( 'NONE', #5645, 39.37007874015748854 ) ;
#108 = VERTEX_POINT ( 'NONE', #5995 ) ;
#109 = ORIENTED_EDGE ( 'NONE', *, *, #6381, .T. ) ;
#110 = DIRECTION ( 'NONE',  ( 1.355298456929802892E-15, 0.0000000000000000000, 1.000000000000000000 ) ) ;
#111 = PLANE ( 'NONE',  #287 ) ;
#112 = DIRECTION ( 'NONE',  ( -1.000000000000000000, 0.0000000000000000000, 1.355298456929802892E-15 ) ) ;
#113 = VECTOR ( 'NONE', #424, 39.37007874015748143 ) ;
#114 = ORIENTED_EDGE ( 'NONE', *, *, #2251, .T. ) ;
#115 = ADVANCED_FACE ( 'NONE', ( #2354 ), #7181, .F. ) ;
#116 = CARTESIAN_POINT ( 'NONE',  ( 0.3210000000000022835, 0.0000000000000000000, 0.008999999999996543751 ) ) ;
#117 = VECTOR ( 'NONE', #1198, 39.37007874015748143 ) ;
#118 = EDGE_LOOP ( 'NONE', ( #854, #5127, #1855, #2309 ) ) ;
#119 = ORIENTED_EDGE ( 'NONE', *, *, #399, .T. ) ;
#120 = CARTESIAN_POINT ( 'NONE',  ( 0.6942664688103074022, 0.0000000000000000000, -0.01574999999999998623 ) ) ;
#121 = CARTESIAN_POINT ( 'NONE',  ( 0.7942664688103074910, 0.0000000000000000000, -0.08424999999999957523 ) ) ;
#122 = AXIS2_PLACEMENT_3D ( 'NONE', #5134, #3791, #6801 ) ;
#123 = EDGE_CURVE ( 'NONE', #799, #1520, #638, .T. ) ;
#124 = ORIENTED_EDGE ( 'NONE', *, *, #3000, .F. ) ;
#125 = CARTESIAN_POINT ( 'NONE',  ( 1.837967468810307370, 3.673940397442060153E-19, -0.02144999999999966031 ) ) ;
#126 = CARTESIAN_POINT ( 'NONE',  ( 0.1850000000000032174, 0.0000000000000000000, 0.0000000000000000000 ) ) ;
#127 = EDGE_LOOP ( 'NONE', ( #5298, #6216, #2801, #415 ) ) ;
#128 = AXIS2_PLACEMENT_3D ( 'NONE', #6230, #5156, #3370 ) ;
#129 = CARTESIAN_POINT ( 'NONE',  ( 1.381668468810307360, -0.1100000000000000006, -0.08424999999999954747 ) ) ;
#130 = EDGE_CURVE ( 'NONE', #6916, #7557, #1876, .T. ) ;
#131 = DIRECTION ( 'NONE',  ( -0.0000000000000000000, 1.000000000000000000, -0.0000000000000000000 ) ) ;
#132 = SHAPE_DEFINITION_REPRESENTATION ( #6917, #379 ) ;
#133 = DIRECTION ( 'NONE',  ( 0.0000000000000000000, 1.000000000000000000, 1.224646799147352961E-16 ) ) ;
#134 = ORIENTED_EDGE ( 'NONE', *, *, #5397, .T. ) ;
#135 = FACE_OUTER_BOUND ( 'NONE', #335, .T. ) ;
#136 = DIRECTION ( 'NONE',  ( -0.9396926207859093161, 0.0000000000000000000, 0.3420201433256663814 ) ) ;
#137 = ORIENTED_EDGE ( 'NONE', *, *, #838, .T. ) ;
#138 = EDGE_CURVE ( 'NONE', #4941, #663, #554, .T. ) ;
#139 = ORIENTED_EDGE ( 'NONE', *, *, #6642, .T. ) ;
#140 = LINE ( 'NONE', #2024, #4007 ) ;
#141 = FACE_BOUND ( 'NONE', #7388, .T. ) ;
#142 = ORIENTED_EDGE ( 'NONE', *, *, #6042, .T. ) ;
#143 = ORIENTED_EDGE ( 'NONE', *, *, #5842, .F. ) ;
#144 = LINE ( 'NONE', #3848, #6808 ) ;
#145 = CARTESIAN_POINT ( 'NONE',  ( 1.475935937620614702, -0.1100000000000000006, -0.09999999999999989453 ) ) ;
#146 = CARTESIAN_POINT ( 'NONE',  ( 0.4379674688103074032, 0.0000000000000000000, -0.05000000000000019013 ) ) ;
#147 = EDGE_CURVE ( 'NONE', #1223, #3788, #2979, .T. ) ;
#148 = UNCERTAINTY_MEASURE_WITH_UNIT (LENGTH_MEASURE( 1.000000000000000082E-05 ), #4288, 'distance_accuracy_value', 'NONE');
#149 = ORIENTED_EDGE ( 'NONE', *, *, #7023, .F. ) ;
#150 = LINE ( 'NONE', #3896, #2281 ) ;
#151 = VERTEX_POINT ( 'NONE', #5406 ) ;
#152 = ORIENTED_EDGE ( 'NONE', *, *, #344, .T. ) ;
#153 = VECTOR ( 'NONE', #735, 39.37007874015748143 ) ;
#154 = DIRECTION ( 'NONE',  ( -1.000000000000000000, -0.0000000000000000000, -0.0000000000000000000 ) ) ;
#155 = DIRECTION ( 'NONE',  ( -1.000000000000000000, 0.0000000000000000000, -7.776898252968647801E-17 ) ) ;
#156 = CARTESIAN_POINT ( 'NONE',  ( 0.6379674688103074143, 3.673940397442060153E-19, -0.02144999999999966031 ) ) ;
#157 = VERTEX_POINT ( 'NONE', #1201 ) ;
#158 = CARTESIAN_POINT ( 'NONE',  ( 1.987967468810307503, -0.05000000000000000278, -0.08424999999999935318 ) ) ;
#159 = ORIENTED_EDGE ( 'NONE', *, *, #6326, .F. ) ;
#160 = VECTOR ( 'NONE', #6285, 39.37007874015748143 ) ;
#161 = DIRECTION ( 'NONE',  ( 0.3420201433256720991, 0.0000000000000000000, -0.9396926207859070956 ) ) ;
#162 = CARTESIAN_POINT ( 'NONE',  ( 0.2816684688103074374, 0.0000000000000000000, -0.01574999999999998623 ) ) ;
#163 = VERTEX_POINT ( 'NONE', #3537 ) ;
#164 = EDGE_CURVE ( 'NONE', #6913, #6447, #4304, .T. ) ;
#165 = AXIS2_PLACEMENT_3D ( 'NONE', #2200, #3951, #5728 ) ;
#166 = LINE ( 'NONE', #1933, #1067 ) ;
#167 = VECTOR ( 'NONE', #3568, 39.37007874015748143 ) ;
#168 = DIRECTION ( 'NONE',  ( 0.0000000000000000000, 0.0000000000000000000, -1.000000000000000000 ) ) ;
#169 = LINE ( 'NONE', #3797, #7262 ) ;
#170 = VECTOR ( 'NONE', #4316, 39.37007874015748143 ) ;
#171 =( GEOMETRIC_REPRESENTATION_CONTEXT ( 3 ) GLOBAL_UNCERTAINTY_ASSIGNED_CONTEXT ( ( #2395 ) ) GLOBAL_UNIT_ASSIGNED_CONTEXT ( ( #7714, #4719, #5898 ) ) REPRESENTATION_CONTEXT ( 'NONE', 'WORKASPACE' ) );
#172 = VERTEX_POINT ( 'NONE', #1280 ) ;
#173 = ADVANCED_FACE ( 'NONE', ( #1914 ), #4344, .F. ) ;
#174 = DIRECTION ( 'NONE',  ( -0.0000000000000000000, 1.000000000000000000, -0.0000000000000000000 ) ) ;
#175 = LINE ( 'NONE', #3687, #7770 ) ;
#176 = ORIENTED_EDGE ( 'NONE', *, *, #816, .F. ) ;
#177 = AXIS2_PLACEMENT_3D ( 'NONE', #2939, #4182, #7768 ) ;
#178 = CARTESIAN_POINT ( 'NONE',  ( 0.7816684688103074929, -0.1100000000000000006, -0.01574999999999998623 ) ) ;
#179 = VERTEX_POINT ( 'NONE', #2542 ) ;
#180 = CARTESIAN_POINT ( 'NONE',  ( 0.5759359376206146797, -0.1100000000000000006, -9.478001694819074349E-34 ) ) ;
#181 = DIRECTION ( 'NONE',  ( 0.0000000000000000000, 0.0000000000000000000, -1.000000000000000000 ) ) ;
#182 = ORIENTED_EDGE ( 'NONE', *, *, #568, .T. ) ;
#183 = ORIENTED_EDGE ( 'NONE', *, *, #2307, .F. ) ;
#184 = ADVANCED_FACE ( 'NONE', ( #3732 ), #2067, .F. ) ;
#185 = CARTESIAN_POINT ( 'NONE',  ( 1.037967468810307547, 3.673940397442060153E-19, -0.02144999999999966031 ) ) ;
#186 = LINE ( 'NONE', #7450, #6511 ) ;
#187 = CARTESIAN_POINT ( 'NONE',  ( 1.981667468810307531, -0.05000000000000000278, -0.08424999999999935318 ) ) ;
#188 =( LENGTH_UNIT ( ) NAMED_UNIT ( * ) SI_UNIT ( $, .METRE. ) );
#189 = EDGE_LOOP ( 'NONE', ( #646, #649, #311, #5145 ) ) ;
#190 = AXIS2_PLACEMENT_3D ( 'NONE', #5401, #3692, #4218 ) ;
#191 = DIRECTION ( 'NONE',  ( -0.0000000000000000000, 1.000000000000000000, -0.0000000000000000000 ) ) ;
#192 = EDGE_CURVE ( 'NONE', #3084, #5426, #1353, .T. ) ;
#193 = ORIENTED_EDGE ( 'NONE', *, *, #7780, .F. ) ;
#194 = ORIENTED_EDGE ( 'NONE', *, *, #3629, .F. ) ;
#195 = CARTESIAN_POINT ( 'NONE',  ( -0.03066449223692698303, -0.05000000000000000278, -0.01574999999999998623 ) ) ;
#196 = DIRECTION ( 'NONE',  ( -0.0000000000000000000, 1.000000000000000000, -0.0000000000000000000 ) ) ;
#197 = LINE ( 'NONE', #5013, #7150 ) ;
#198 = AXIS2_PLACEMENT_3D ( 'NONE', #1599, #3453, #7651 ) ;
#199 = ORIENTED_EDGE ( 'NONE', *, *, #5752, .T. ) ;
#200 = LINE ( 'NONE', #6870, #4320 ) ;
#201 = EDGE_LOOP ( 'NONE', ( #3227, #2156, #4927, #4291 ) ) ;
#202 = FACE_OUTER_BOUND ( 'NONE', #3150, .T. ) ;
#203 = ADVANCED_FACE ( 'NONE', ( #3288 ), #6153, .F. ) ;
#204 = ORIENTED_EDGE ( 'NONE', *, *, #6600, .T. ) ;
#205 = VECTOR ( 'NONE', #6229, 39.37007874015748143 ) ;
#206 = LINE ( 'NONE', #6290, #4993 ) ;
#207 = LINE ( 'NONE', #6878, #4811 ) ;
#208 = DIRECTION ( 'NONE',  ( 1.000000000000000000, 0.0000000000000000000, 0.0000000000000000000 ) ) ;
#209 = LINE ( 'NONE', #902, #541 ) ;
#210 = VECTOR ( 'NONE', #6267, 39.37007874015748143 ) ;
#211 = ADVANCED_FACE ( 'NONE', ( #5556 ), #6898, .F. ) ;
#212 = CARTESIAN_POINT ( 'NONE',  ( 1.937967468810307459, 3.673940397442060153E-19, -0.05000000000000019013 ) ) ;
#213 = DIRECTION ( 'NONE',  ( -0.0000000000000000000, -0.0000000000000000000, -1.000000000000000000 ) ) ;
#214 = DIRECTION ( 'NONE',  ( -0.9396926207859093161, 0.0000000000000000000, 0.3420201433256663814 ) ) ;
#215 = ORIENTED_EDGE ( 'NONE', *, *, #7149, .F. ) ;
#216 = VECTOR ( 'NONE', #4132, 39.37007874015748143 ) ;
#217 = CARTESIAN_POINT ( 'NONE',  ( 0.0000000000000000000, -0.05000000000000000278, 0.0000000000000000000 ) ) ;
#218 = EDGE_LOOP ( 'NONE', ( #971, #492, #61, #1305 ) ) ;
#219 = EDGE_CURVE ( 'NONE', #1827, #725, #144, .T. ) ;
#220 = CARTESIAN_POINT ( 'NONE',  ( -0.01203253118969264436, -0.05000000000000000278, -0.08424999999999989442 ) ) ;
#221 = CARTESIAN_POINT ( 'NONE',  ( 1.694266468810307513, 0.0000000000000000000, -0.08424999999999957523 ) ) ;
#222 = VECTOR ( 'NONE', #7015, 39.37007874015748143 ) ;
#223 = VERTEX_POINT ( 'NONE', #1473 ) ;
#224 = DIRECTION ( 'NONE',  ( -0.0000000000000000000, 0.0000000000000000000, -1.000000000000000000 ) ) ;
#225 = CARTESIAN_POINT ( 'NONE',  ( 0.0000000000000000000, -0.05000000000000000278, 0.0000000000000000000 ) ) ;
#226 = CARTESIAN_POINT ( 'NONE',  ( 0.1943301270189207730, 0.0000000000000000000, 0.02650000000000142519 ) ) ;
#227 = CIRCLE ( 'NONE', #3534, 0.02855000000000052288 ) ;
#228 = VERTEX_POINT ( 'NONE', #5709 ) ;
#229 = DIRECTION ( 'NONE',  ( 1.355298456929802892E-15, 0.0000000000000000000, 1.000000000000000000 ) ) ;
#230 = ORIENTED_EDGE ( 'NONE', *, *, #1679, .F. ) ;
#231 = ORIENTED_EDGE ( 'NONE', *, *, #4055, .F. ) ;
#232 = AXIS2_PLACEMENT_3D ( 'NONE', #5214, #7661, #2203 ) ;
#233 = DIRECTION ( 'NONE',  ( -0.0000000000000000000, 1.000000000000000000, -0.0000000000000000000 ) ) ;
#234 = DIRECTION ( 'NONE',  ( 0.0000000000000000000, 0.0000000000000000000, 1.000000000000000000 ) ) ;
#235 = VERTEX_POINT ( 'NONE', #6309 ) ;
#236 = ADVANCED_FACE ( 'NONE', ( #2577 ), #5671, .T. ) ;
#237 = DIRECTION ( 'NONE',  ( 1.000000000000000000, 0.0000000000000000000, -1.355298456929802892E-15 ) ) ;
#238 = VECTOR ( 'NONE', #43, 39.37007874015748143 ) ;
#239 = ORIENTED_EDGE ( 'NONE', *, *, #6280, .F. ) ;
#240 = LINE ( 'NONE', #6914, #4111 ) ;
#241 = PLANE ( 'NONE',  #122 ) ;
#242 = ORIENTED_EDGE ( 'NONE', *, *, #1862, .F. ) ;
#243 = CIRCLE ( 'NONE', #4572, 0.02855000000000052982 ) ;
#244 = CARTESIAN_POINT ( 'NONE',  ( 1.837967468810307370, 0.0000000000000000000, -0.05000000000000019013 ) ) ;
#245 = EDGE_CURVE ( 'NONE', #4409, #6693, #86, .T. ) ;
#246 = DIRECTION ( 'NONE',  ( -0.0000000000000000000, 1.000000000000000000, -0.0000000000000000000 ) ) ;
#247 = DIRECTION ( 'NONE',  ( -0.0000000000000000000, 1.000000000000000000, -0.0000000000000000000 ) ) ;
#248 = VECTOR ( 'NONE', #7350, 39.37007874015748143 ) ;
#249 = DIRECTION ( 'NONE',  ( 0.3420201433256663259, 0.0000000000000000000, 0.9396926207859092051 ) ) ;
#250 = DIRECTION ( 'NONE',  ( 0.0000000000000000000, 0.0000000000000000000, 1.000000000000000000 ) ) ;
#251 = LINE ( 'NONE', #2133, #6003 ) ;
#252 = VERTEX_POINT ( 'NONE', #185 ) ;
#253 = EDGE_CURVE ( 'NONE', #3176, #2566, #836, .T. ) ;
#254 = CARTESIAN_POINT ( 'NONE',  ( 0.8379674688103073699, 0.0000000000000000000, -0.05000000000000019013 ) ) ;
#255 = EDGE_LOOP ( 'NONE', ( #6566, #7204, #7665, #7377 ) ) ;
#256 =( LENGTH_UNIT ( ) NAMED_UNIT ( * ) SI_UNIT ( $, .METRE. ) );
#257 = CARTESIAN_POINT ( 'NONE',  ( 0.6942664688103074022, -0.05000000000000000278, -0.08424999999999957523 ) ) ;
#258 = ORIENTED_EDGE ( 'NONE', *, *, #6892, .T. ) ;
#259 = DIRECTION ( 'NONE',  ( 0.3420201433256663259, 0.0000000000000000000, 0.9396926207859092051 ) ) ;
#260 = DIRECTION ( 'NONE',  ( -1.000000000000000000, 0.0000000000000000000, -7.776898252968647801E-17 ) ) ;
#261 = EDGE_CURVE ( 'NONE', #1827, #2315, #3248, .T. ) ;
#262 = PLANE ( 'NONE',  #1603 ) ;
#263 = DIRECTION ( 'NONE',  ( 0.9396926207859326308, 0.0000000000000000000, -0.3420201433256023216 ) ) ;
#264 = VERTEX_POINT ( 'NONE', #4530 ) ;
#265 = LINE ( 'NONE', #6159, #6091 ) ;
#266 = ORIENTED_EDGE ( 'NONE', *, *, #5597, .T. ) ;
#267 = VERTEX_POINT ( 'NONE', #6227 ) ;
#268 = DIRECTION ( 'NONE',  ( 1.000000000000000000, 0.0000000000000000000, -1.355298456929802892E-15 ) ) ;
#269 = EDGE_CURVE ( 'NONE', #4871, #3776, #5285, .T. ) ;
#270 = CARTESIAN_POINT ( 'NONE',  ( 1.894266468810307691, -0.1100000000000000006, -0.08424999999999957523 ) ) ;
#271 = ORIENTED_EDGE ( 'NONE', *, *, #219, .F. ) ;
#272 = DIRECTION ( 'NONE',  ( -0.0000000000000000000, 1.000000000000000000, -0.0000000000000000000 ) ) ;
#273 = EDGE_LOOP ( 'NONE', ( #4426, #7636, #4921, #4884 ) ) ;
#274 = DIRECTION ( 'NONE',  ( -0.0000000000000000000, -0.0000000000000000000, -1.000000000000000000 ) ) ;
#275 = CARTESIAN_POINT ( 'NONE',  ( 1.975934937620615894, 0.0000000000000000000, -0.09999999999999974187 ) ) ;
#276 = VECTOR ( 'NONE', #4681, 39.37007874015748143 ) ;
#277 = ORIENTED_EDGE ( 'NONE', *, *, #5131, .T. ) ;
#278 = EDGE_CURVE ( 'NONE', #2696, #2049, #3889, .T. ) ;
#279 = CARTESIAN_POINT ( 'NONE',  ( 1.781668468810307493, -0.05000000000000000278, -0.08424999999999954747 ) ) ;
#280 = AXIS2_PLACEMENT_3D ( 'NONE', #3590, #571, #6691 ) ;
#281 = LINE ( 'NONE', #5615, #1385 ) ;
#282 = CONTEXT_DEPENDENT_SHAPE_REPRESENTATION ( #2694, #6552 ) ;
#283 = CARTESIAN_POINT ( 'NONE',  ( 0.8379674688103073699, 3.673940397442060153E-19, -0.05000000000000019013 ) ) ;
#284 = DIRECTION ( 'NONE',  ( 1.000000000000000000, 0.0000000000000000000, -0.0000000000000000000 ) ) ;
#285 = EDGE_CURVE ( 'NONE', #1133, #1781, #2029, .T. ) ;
#286 = AXIS2_PLACEMENT_3D ( 'NONE', #6800, #5132, #1372 ) ;
#287 = AXIS2_PLACEMENT_3D ( 'NONE', #4965, #6228, #790 ) ;
#288 = DIRECTION ( 'NONE',  ( -0.0000000000000000000, 1.000000000000000000, -0.0000000000000000000 ) ) ;
#289 = CARTESIAN_POINT ( 'NONE',  ( 1.875935937620614835, -0.1100000000000000006, -0.09999999999999989453 ) ) ;
#290 = VERTEX_POINT ( 'NONE', #6819 ) ;
#291 = CARTESIAN_POINT ( 'NONE',  ( 0.0000000000000000000, -0.05000000000000000278, 0.0000000000000000000 ) ) ;
#292 = VECTOR ( 'NONE', #1960, 39.37007874015748143 ) ;
#293 = VERTEX_POINT ( 'NONE', #4458 ) ;
#294 =( NAMED_UNIT ( * ) SI_UNIT ( $, .STERADIAN. ) SOLID_ANGLE_UNIT ( ) );
#295 = DIRECTION ( 'NONE',  ( -0.9396926207859093161, 0.0000000000000000000, 0.3420201433256663814 ) ) ;
#296 = VECTOR ( 'NONE', #6343, 39.37007874015748143 ) ;
#297 = VERTEX_POINT ( 'NONE', #3811 ) ;
#298 = EDGE_CURVE ( 'NONE', #5355, #7201, #6858, .T. ) ;
#299 = ADVANCED_FACE ( 'NONE', ( #5077 ), #7489, .F. ) ;
#300 = PLANE ( 'NONE',  #4664 ) ;
#301 = VECTOR ( 'NONE', #7650, 39.37007874015748143 ) ;
#302 = DIRECTION ( 'NONE',  ( -1.000000000000000000, 0.0000000000000000000, -0.0000000000000000000 ) ) ;
#303 = DIRECTION ( 'NONE',  ( 0.3420201433256720991, 0.0000000000000000000, -0.9396926207859070956 ) ) ;
#304 = PRODUCT_DEFINITION_FORMATION_WITH_SPECIFIED_SOURCE ( 'ANY', '', #4591, .NOT_KNOWN. ) ;
#305 =( NAMED_UNIT ( * ) PLANE_ANGLE_UNIT ( ) SI_UNIT ( $, .RADIAN. ) );
#306 = ORIENTED_EDGE ( 'NONE', *, *, #2535, .T. ) ;
#307 = LINE ( 'NONE', #2736, #3493 ) ;
#308 = EDGE_CURVE ( 'NONE', #2654, #4002, #1586, .T. ) ;
#309 = CARTESIAN_POINT ( 'NONE',  ( 1.037967468810307547, -0.05000000000000000278, -0.05000000000000019013 ) ) ;
#310 = EDGE_CURVE ( 'NONE', #4069, #4226, #6173, .T. ) ;
#311 = ORIENTED_EDGE ( 'NONE', *, *, #4156, .T. ) ;
#312 = EDGE_LOOP ( 'NONE', ( #4823, #6192 ) ) ;
#313 = CARTESIAN_POINT ( 'NONE',  ( 0.9816684688103075596, 0.0000000000000000000, -0.08424999999999954747 ) ) ;
#314 = DIRECTION ( 'NONE',  ( -1.000000000000000000, 0.0000000000000000000, -7.776898252968646568E-17 ) ) ;
#315 = CIRCLE ( 'NONE', #5021, 0.02855000000000052288 ) ;
#316 = ORIENTED_EDGE ( 'NONE', *, *, #5165, .F. ) ;
#317 = PLANE ( 'NONE',  #4751 ) ;
#318 = VERTEX_POINT ( 'NONE', #3966 ) ;
#319 = EDGE_CURVE ( 'NONE', #5306, #3622, #5311, .T. ) ;
#320 = CARTESIAN_POINT ( 'NONE',  ( 0.1379674688103073310, 0.0000000000000000000, -0.07855000000000071647 ) ) ;
#321 = CARTESIAN_POINT ( 'NONE',  ( 0.6942664688103074022, -0.1100000000000000006, -0.08424999999999957523 ) ) ;
#322 = ORIENTED_EDGE ( 'NONE', *, *, #3140, .F. ) ;
#323 = ORIENTED_EDGE ( 'NONE', *, *, #637, .T. ) ;
#324 = DIRECTION ( 'NONE',  ( 0.0000000000000000000, 0.0000000000000000000, 1.000000000000000000 ) ) ;
#325 = CARTESIAN_POINT ( 'NONE',  ( 1.975934937620615894, -0.05000000000000000278, -0.09999999999999974187 ) ) ;
#326 = ADVANCED_FACE ( 'NONE', ( #7720 ), #6345, .F. ) ;
#327 = DIRECTION ( 'NONE',  ( 0.9396926207859080948, 0.0000000000000000000, -0.3420201433256695456 ) ) ;
#328 = DIRECTION ( 'NONE',  ( 0.0000000000000000000, 0.0000000000000000000, 1.000000000000000000 ) ) ;
#329 = VECTOR ( 'NONE', #3735, 39.37007874015748143 ) ;
#330 = CARTESIAN_POINT ( 'NONE',  ( 0.0000000000000000000, -0.05000000000000000278, 0.0000000000000000000 ) ) ;
#331 = LINE ( 'NONE', #2760, #6377 ) ;
#332 = ORIENTED_EDGE ( 'NONE', *, *, #6831, .F. ) ;
#333 = ADVANCED_FACE ( 'NONE', ( #3403 ), #2299, .F. ) ;
#334 = DIRECTION ( 'NONE',  ( -0.3420201433256694346, -0.0000000000000000000, -0.9396926207859080948 ) ) ;
#335 = EDGE_LOOP ( 'NONE', ( #3718, #1507, #2853, #2027 ) ) ;
#336 = EDGE_CURVE ( 'NONE', #703, #2439, #2181, .T. ) ;
#337 = LENGTH_MEASURE_WITH_UNIT ( LENGTH_MEASURE( 0.02539999999999999897 ), #416 );
#338 = CARTESIAN_POINT ( 'NONE',  ( 1.037967468810307547, 0.0000000000000000000, -0.05000000000000019013 ) ) ;
#339 = VERTEX_POINT ( 'NONE', #3366 ) ;
#340 = VECTOR ( 'NONE', #5510, 39.37007874015748143 ) ;
#341 = DIRECTION ( 'NONE',  ( -1.000000000000000000, -0.0000000000000000000, -0.0000000000000000000 ) ) ;
#342 = DIRECTION ( 'NONE',  ( -1.000000000000000000, -0.0000000000000000000, -0.0000000000000000000 ) ) ;
#343 = CARTESIAN_POINT ( 'NONE',  ( 1.281668468810307271, 0.0000000000000000000, -0.01574999999999998623 ) ) ;
#344 = EDGE_CURVE ( 'NONE', #1905, #2438, #5821, .T. ) ;
#345 = SURFACE_SIDE_STYLE ('',( #1478 ) ) ;
#346 = ORIENTED_EDGE ( 'NONE', *, *, #3954, .F. ) ;
#347 = VECTOR ( 'NONE', #2022, 39.37007874015748143 ) ;
#348 = CARTESIAN_POINT ( 'NONE',  ( 0.2816684688103074374, -0.1100000000000000006, -0.01574999999999998623 ) ) ;
#349 = ORIENTED_EDGE ( 'NONE', *, *, #2243, .F. ) ;
#350 = EDGE_LOOP ( 'NONE', ( #87, #5973, #1493, #629 ) ) ;
#351 = PLANE ( 'NONE',  #5757 ) ;
#352 = CARTESIAN_POINT ( 'NONE',  ( 1.094266468810307424, -0.05000000000000000278, -0.08424999999999957523 ) ) ;
#353 = AXIS2_PLACEMENT_3D ( 'NONE', #5653, #5023, #7392 ) ;
#354 = ADVANCED_FACE ( 'NONE', ( #6935 ), #300, .F. ) ;
#355 = ORIENTED_EDGE ( 'NONE', *, *, #3282, .F. ) ;
#356 = ORIENTED_EDGE ( 'NONE', *, *, #4999, .F. ) ;
#357 = CARTESIAN_POINT ( 'NONE',  ( 1.837967468810307370, 0.0000000000000000000, -0.05000000000000019013 ) ) ;
#358 = VECTOR ( 'NONE', #7741, 39.37007874015748143 ) ;
#359 = DIRECTION ( 'NONE',  ( 0.0000000000000000000, 0.0000000000000000000, 1.000000000000000000 ) ) ;
#360 = ORIENTED_EDGE ( 'NONE', *, *, #6436, .F. ) ;
#361 = ORIENTED_EDGE ( 'NONE', *, *, #6176, .F. ) ;
#362 = CARTESIAN_POINT ( 'NONE',  ( 0.2816684688103074374, 0.0000000000000000000, -0.08424999999999954747 ) ) ;
#363 = EDGE_CURVE ( 'NONE', #74, #3195, #1875, .T. ) ;
#364 = VECTOR ( 'NONE', #6545, 39.37007874015748854 ) ;
#365 = LINE ( 'NONE', #1687, #2026 ) ;
#366 = DIRECTION ( 'NONE',  ( 0.0000000000000000000, 1.000000000000000000, 0.0000000000000000000 ) ) ;
#367 = CARTESIAN_POINT ( 'NONE',  ( 0.6759359376206146575, 0.0000000000000000000, -0.09999999999999989453 ) ) ;
#368 = ORIENTED_EDGE ( 'NONE', *, *, #3065, .T. ) ;
#369 = VECTOR ( 'NONE', #5006, 39.37007874015748143 ) ;
#370 = FACE_OUTER_BOUND ( 'NONE', #218, .T. ) ;
#371 = CARTESIAN_POINT ( 'NONE',  ( 0.9942664688103074466, -0.1100000000000000006, -0.01574999999999998623 ) ) ;
#372 = ADVANCED_FACE ( 'NONE', ( #7010 ), #7676, .F. ) ;
#373 = ORIENTED_EDGE ( 'NONE', *, *, #2699, .T. ) ;
#374 = DIRECTION ( 'NONE',  ( -0.3420201433256694346, -0.0000000000000000000, -0.9396926207859080948 ) ) ;
#375 = AXIS2_PLACEMENT_3D ( 'NONE', #212, #6923, #328 ) ;
#376 = VERTEX_POINT ( 'NONE', #462 ) ;
#377 =( NAMED_UNIT ( * ) PLANE_ANGLE_UNIT ( ) SI_UNIT ( $, .RADIAN. ) );
#378 = CARTESIAN_POINT ( 'NONE',  ( 0.4816684688103073930, -0.1100000000000000006, -0.08424999999999954747 ) ) ;
#379 = SHAPE_REPRESENTATION ( 'P3XX-11-012-00-000000_P320-11-012-00-000000', ( #5651 ), #1981 ) ;
#380 = ORIENTED_EDGE ( 'NONE', *, *, #3417, .F. ) ;
#381 = CARTESIAN_POINT ( 'NONE',  ( 0.0000000000000000000, 0.0000000000000000000, 0.0000000000000000000 ) ) ;
#382 = AXIS2_PLACEMENT_3D ( 'NONE', #397, #2824, #2238 ) ;
#383 = DIRECTION ( 'NONE',  ( -1.000000000000000000, -0.0000000000000000000, -0.0000000000000000000 ) ) ;
#384 = ADVANCED_FACE ( 'NONE', ( #5228 ), #7087, .F. ) ;
#385 = DIRECTION ( 'NONE',  ( -0.0000000000000000000, 1.000000000000000000, -0.0000000000000000000 ) ) ;
#386 = DIRECTION ( 'NONE',  ( -1.000000000000000000, -0.0000000000000000000, -0.0000000000000000000 ) ) ;
#387 = EDGE_LOOP ( 'NONE', ( #3246, #2625, #1517, #7019 ) ) ;
#388 = LINE ( 'NONE', #3448, #2107 ) ;
#389 = LINE ( 'NONE', #6466, #3045 ) ;
#390 = ORIENTED_EDGE ( 'NONE', *, *, #1046, .T. ) ;
#391 = EDGE_LOOP ( 'NONE', ( #986, #3518 ) ) ;
#392 = DIRECTION ( 'NONE',  ( -0.0000000000000000000, 1.000000000000000000, -0.0000000000000000000 ) ) ;
#393 = FACE_OUTER_BOUND ( 'NONE', #4439, .T. ) ;
#394 = ORIENTED_EDGE ( 'NONE', *, *, #5452, .F. ) ;
#395 = ORIENTED_EDGE ( 'NONE', *, *, #656, .F. ) ;
#396 = DIRECTION ( 'NONE',  ( -0.9659258262890728641, 3.169619151431551702E-17, -0.2588190451025033645 ) ) ;
#397 = CARTESIAN_POINT ( 'NONE',  ( 1.037967468810307547, 0.0000000000000000000, -0.05000000000000019013 ) ) ;
#398 = VERTEX_POINT ( 'NONE', #4569 ) ;
#399 = EDGE_CURVE ( 'NONE', #6950, #4203, #2220, .T. ) ;
#400 = ORIENTED_EDGE ( 'NONE', *, *, #1561, .T. ) ;
#401 = LINE ( 'NONE', #4071, #2469 ) ;
#402 = ADVANCED_BREP_SHAPE_REPRESENTATION ( '', ( #3063, #5651 ), #1981 ) ;
#403 = LINE ( 'NONE', #2793, #6954 ) ;
#404 = APPLICATION_CONTEXT ( 'automotive_design' ) ;
#405 = CARTESIAN_POINT ( 'NONE',  ( 0.6816684688103075151, -0.1100000000000000006, -0.01574999999999998623 ) ) ;
#406 = CARTESIAN_POINT ( 'NONE',  ( 1.781668468810307493, 0.0000000000000000000, -0.08424999999999954747 ) ) ;
#407 = EDGE_CURVE ( 'NONE', #5020, #553, #6975, .T. ) ;
#408 = ORIENTED_EDGE ( 'NONE', *, *, #7679, .T. ) ;
#409 = DIRECTION ( 'NONE',  ( -0.0000000000000000000, 1.000000000000000000, -0.0000000000000000000 ) ) ;
#410 = DIRECTION ( 'NONE',  ( 0.0000000000000000000, 0.0000000000000000000, 1.000000000000000000 ) ) ;
#411 = VECTOR ( 'NONE', #7662, 39.37007874015748143 ) ;
#412 = LINE ( 'NONE', #1780, #7767 ) ;
#413 = ORIENTED_EDGE ( 'NONE', *, *, #5727, .F. ) ;
#414 = DIRECTION ( 'NONE',  ( -0.0000000000000000000, 1.000000000000000000, -0.0000000000000000000 ) ) ;
#415 = ORIENTED_EDGE ( 'NONE', *, *, #5192, .F. ) ;
#416 =( LENGTH_UNIT ( ) NAMED_UNIT ( * ) SI_UNIT ( $, .METRE. ) );
#417 = DIRECTION ( 'NONE',  ( -1.000000000000000000, 0.0000000000000000000, 1.355298456929802892E-15 ) ) ;
#418 = AXIS2_PLACEMENT_3D ( 'NONE', #4978, #7546, #2123 ) ;
#419 = EDGE_CURVE ( 'NONE', #1134, #4892, #5858, .T. ) ;
#420 = VECTOR ( 'NONE', #383, 39.37007874015748143 ) ;
#421 = ORIENTED_EDGE ( 'NONE', *, *, #4500, .F. ) ;
#422 = CARTESIAN_POINT ( 'NONE',  ( 0.3942664688103074133, 0.0000000000000000000, -0.01574999999999998623 ) ) ;
#423 = LINE ( 'NONE', #5822, #420 ) ;
#424 = DIRECTION ( 'NONE',  ( -0.0000000000000000000, 1.000000000000000000, -0.0000000000000000000 ) ) ;
#425 = AXIS2_PLACEMENT_3D ( 'NONE', #3115, #3713, #7316 ) ;
#426 = AXIS2_PLACEMENT_3D ( 'NONE', #2963, #2454, #133 ) ;
#427 = LINE ( 'NONE', #6500, #222 ) ;
#428 = EDGE_LOOP ( 'NONE', ( #2729, #3340, #1064, #6022 ) ) ;
#429 = DIRECTION ( 'NONE',  ( -1.000000000000000000, 0.0000000000000000000, -7.776898252968647801E-17 ) ) ;
#430 = EDGE_CURVE ( 'NONE', #4165, #5520, #2259, .T. ) ;
#431 = ORIENTED_EDGE ( 'NONE', *, *, #1262, .T. ) ;
#432 = VECTOR ( 'NONE', #3977, 39.37007874015748854 ) ;
#433 = FACE_BOUND ( 'NONE', #6057, .T. ) ;
#434 = DIRECTION ( 'NONE',  ( 0.0000000000000000000, 0.0000000000000000000, 1.000000000000000000 ) ) ;
#435 = CARTESIAN_POINT ( 'NONE',  ( 1.393061340920587643, -0.05000000000000000278, 0.5024438250251900273 ) ) ;
#436 = CARTESIAN_POINT ( 'NONE',  ( 0.8379674688103073699, 0.0000000000000000000, -0.07855000000000071647 ) ) ;
#437 = AXIS2_PLACEMENT_3D ( 'NONE', #2231, #4060, #6470 ) ;
#438 = ORIENTED_EDGE ( 'NONE', *, *, #5192, .T. ) ;
#439 = EDGE_CURVE ( 'NONE', #290, #7367, #6496, .T. ) ;
#440 = ORIENTED_EDGE ( 'NONE', *, *, #7376, .F. ) ;
#441 = LINE ( 'NONE', #2863, #2153 ) ;
#442 = EDGE_CURVE ( 'NONE', #4254, #7143, #1864, .T. ) ;
#443 = ORIENTED_EDGE ( 'NONE', *, *, #4881, .F. ) ;
#444 = ORIENTED_EDGE ( 'NONE', *, *, #2278, .T. ) ;
#445 = CARTESIAN_POINT ( 'NONE',  ( 1.581668468810307315, -0.05000000000000000278, -0.01574999999999998623 ) ) ;
#446 = DIRECTION ( 'NONE',  ( 1.000000000000000000, 0.0000000000000000000, 0.0000000000000000000 ) ) ;
#447 = ADVANCED_FACE ( 'NONE', ( #2967 ), #1268, .F. ) ;
#448 = LINE ( 'NONE', #7156, #1539 ) ;
#449 = ORIENTED_EDGE ( 'NONE', *, *, #6176, .T. ) ;
#450 = CARTESIAN_POINT ( 'NONE',  ( 0.1850000000000032174, 0.0000000000000000000, 0.0000000000000000000 ) ) ;
#451 = CARTESIAN_POINT ( 'NONE',  ( 1.775935937620614746, 0.0000000000000000000, -9.478001694819074349E-34 ) ) ;
#452 = DIRECTION ( 'NONE',  ( 0.3420201433256638834, 0.0000000000000000000, -0.9396926207859100932 ) ) ;
#453 = ORIENTED_EDGE ( 'NONE', *, *, #5217, .F. ) ;
#454 = DIRECTION ( 'NONE',  ( 0.0000000000000000000, 0.0000000000000000000, 1.000000000000000000 ) ) ;
#455 = EDGE_CURVE ( 'NONE', #4662, #5856, #4211, .T. ) ;
#456 = PRODUCT_DEFINITION_SHAPE ( 'NONE', 'NONE',  #7846 ) ;
#457 = VECTOR ( 'NONE', #4121, 39.37007874015748854 ) ;
#458 = ORIENTED_EDGE ( 'NONE', *, *, #6113, .F. ) ;
#459 = DIRECTION ( 'NONE',  ( 0.0000000000000000000, 0.0000000000000000000, 1.000000000000000000 ) ) ;
#460 = DIRECTION ( 'NONE',  ( -0.3420201433256720991, 0.0000000000000000000, 0.9396926207859070956 ) ) ;
#461 = ORIENTED_EDGE ( 'NONE', *, *, #3662, .T. ) ;
#462 = CARTESIAN_POINT ( 'NONE',  ( 0.9999990000000001933, 0.0000000000000000000, -0.09999999999999989453 ) ) ;
#463 = FACE_OUTER_BOUND ( 'NONE', #5724, .T. ) ;
#464 = LINE ( 'NONE', #343, #5323 ) ;
#465 = AXIS2_PLACEMENT_3D ( 'NONE', #3772, #110, #6187 ) ;
#466 = EDGE_CURVE ( 'NONE', #3542, #2835, #503, .T. ) ;
#467 = DIRECTION ( 'NONE',  ( 0.0000000000000000000, 0.0000000000000000000, 1.000000000000000000 ) ) ;
#468 = ORIENTED_EDGE ( 'NONE', *, *, #6281, .F. ) ;
#469 = CARTESIAN_POINT ( 'NONE',  ( 1.975934937620615894, -0.05000000000000000278, -0.09999999999999974187 ) ) ;
#470 = DIRECTION ( 'NONE',  ( 0.0000000000000000000, 0.0000000000000000000, -1.000000000000000000 ) ) ;
#471 = DIRECTION ( 'NONE',  ( -1.000000000000000000, 0.0000000000000000000, -7.776898252968647801E-17 ) ) ;
#472 = VECTOR ( 'NONE', #5101, 39.37007874015748143 ) ;
#473 = EDGE_LOOP ( 'NONE', ( #4435, #2647, #6071, #5959 ) ) ;
#474 = ORIENTED_EDGE ( 'NONE', *, *, #1852, .T. ) ;
#475 = LINE ( 'NONE', #1165, #3618 ) ;
#476 = DIRECTION ( 'NONE',  ( -0.0000000000000000000, 1.000000000000000000, -0.0000000000000000000 ) ) ;
#477 = EDGE_CURVE ( 'NONE', #1483, #2575, #6795, .T. ) ;
#478 = AXIS2_PLACEMENT_3D ( 'NONE', #6979, #1553, #1038 ) ;
#479 = ORIENTED_EDGE ( 'NONE', *, *, #1652, .F. ) ;
#480 = CONTEXT_DEPENDENT_SHAPE_REPRESENTATION ( #6305, #844 ) ;
#481 = DIRECTION ( 'NONE',  ( 0.0000000000000000000, 0.0000000000000000000, 1.000000000000000000 ) ) ;
#482 = ORIENTED_EDGE ( 'NONE', *, *, #6239, .F. ) ;
#483 = ORIENTED_EDGE ( 'NONE', *, *, #442, .T. ) ;
#484 = VECTOR ( 'NONE', #7712, 39.37007874015748143 ) ;
#485 = PLANE ( 'NONE',  #2088 ) ;
#486 = EDGE_CURVE ( 'NONE', #163, #4313, #978, .T. ) ;
#487 = VERTEX_POINT ( 'NONE', #1821 ) ;
#488 = DIRECTION ( 'NONE',  ( -1.000000000000000000, -0.0000000000000000000, -0.0000000000000000000 ) ) ;
#489 = AXIS2_PLACEMENT_3D ( 'NONE', #4863, #2949, #1889 ) ;
#490 = DIRECTION ( 'NONE',  ( -0.0000000000000000000, 0.0000000000000000000, -1.000000000000000000 ) ) ;
#491 = DIRECTION ( 'NONE',  ( 0.0000000000000000000, 1.000000000000000000, 0.0000000000000000000 ) ) ;
#492 = ORIENTED_EDGE ( 'NONE', *, *, #4900, .F. ) ;
#493 = DIRECTION ( 'NONE',  ( -1.000000000000000000, -0.0000000000000000000, -0.0000000000000000000 ) ) ;
#494 = DIRECTION ( 'NONE',  ( 7.776898252968646568E-17, 0.0000000000000000000, -1.000000000000000000 ) ) ;
#495 = EDGE_CURVE ( 'NONE', #3788, #5520, #2382, .T. ) ;
#496 = DIRECTION ( 'NONE',  ( -0.0000000000000000000, 1.000000000000000000, -0.0000000000000000000 ) ) ;
#497 = EDGE_LOOP ( 'NONE', ( #6799, #6553, #1236, #3941 ) ) ;
#498 = DIRECTION ( 'NONE',  ( 1.355298456929802892E-15, 0.0000000000000000000, 1.000000000000000000 ) ) ;
#499 = ORIENTED_EDGE ( 'NONE', *, *, #4736, .T. ) ;
#500 = LINE ( 'NONE', #4128, #3859 ) ;
#501 = CIRCLE ( 'NONE', #6964, 0.02855000000000052982 ) ;
#502 = ORIENTED_EDGE ( 'NONE', *, *, #2720, .F. ) ;
#503 = LINE ( 'NONE', #6623, #3137 ) ;
#504 = EDGE_CURVE ( 'NONE', #1659, #3317, #7170, .T. ) ;
#505 = LINE ( 'NONE', #4253, #3984 ) ;
#506 = ORIENTED_EDGE ( 'NONE', *, *, #7168, .T. ) ;
#507 = AXIS2_PLACEMENT_3D ( 'NONE', #4261, #1240, #284 ) ;
#508 = FACE_OUTER_BOUND ( 'NONE', #1266, .T. ) ;
#509 = ORIENTED_EDGE ( 'NONE', *, *, #6079, .T. ) ;
#510 = PLANE ( 'NONE',  #2731 ) ;
#511 = DIRECTION ( 'NONE',  ( -1.000000000000000000, 0.0000000000000000000, -0.0000000000000000000 ) ) ;
#512 = CARTESIAN_POINT ( 'NONE',  ( 1.975934937620615894, 0.0000000000000000000, -0.09999999999999974187 ) ) ;
#513 = VECTOR ( 'NONE', #7112, 39.37007874015748854 ) ;
#514 = VERTEX_POINT ( 'NONE', #5474 ) ;
#515 = EDGE_CURVE ( 'NONE', #6734, #290, #4797, .T. ) ;
#516 = CARTESIAN_POINT ( 'NONE',  ( 1.637967468810307414, 0.0000000000000000000, -0.05000000000000019013 ) ) ;
#517 = LINE ( 'NONE', #1282, #2221 ) ;
#518 = CARTESIAN_POINT ( 'NONE',  ( 1.681668468810307404, 0.0000000000000000000, -0.01574999999999998623 ) ) ;
#519 = ORIENTED_EDGE ( 'NONE', *, *, #2678, .T. ) ;
#520 = CONTEXT_DEPENDENT_SHAPE_REPRESENTATION ( #2313, #1481 ) ;
#521 = LINE ( 'NONE', #6001, #631 ) ;
#522 = ORIENTED_EDGE ( 'NONE', *, *, #5131, .F. ) ;
#523 = EDGE_CURVE ( 'NONE', #2274, #3571, #2457, .T. ) ;
#524 = ORIENTED_EDGE ( 'NONE', *, *, #4552, .T. ) ;
#525 = DIRECTION ( 'NONE',  ( -0.0000000000000000000, 1.000000000000000000, -0.0000000000000000000 ) ) ;
#526 = ORIENTED_EDGE ( 'NONE', *, *, #2179, .T. ) ;
#527 = CARTESIAN_POINT ( 'NONE',  ( 0.009000000000000368816, 0.0000000000000000000, 0.0000000000000000000 ) ) ;
#528 = DIRECTION ( 'NONE',  ( -1.000000000000000000, -0.0000000000000000000, -0.0000000000000000000 ) ) ;
#529 = DIRECTION ( 'NONE',  ( -1.000000000000000000, -0.0000000000000000000, -0.0000000000000000000 ) ) ;
#530 = ORIENTED_EDGE ( 'NONE', *, *, #4924, .T. ) ;
#531 = LINE ( 'NONE', #5383, #6522 ) ;
#532 = LINE ( 'NONE', #2372, #5279 ) ;
#533 = FACE_OUTER_BOUND ( 'NONE', #255, .T. ) ;
#534 = ORIENTED_EDGE ( 'NONE', *, *, #4310, .T. ) ;
#535 = CARTESIAN_POINT ( 'NONE',  ( 1.975934937620615894, -0.05000000000000000278, -0.09999999999999974187 ) ) ;
#536 = ORIENTED_EDGE ( 'NONE', *, *, #2399, .T. ) ;
#537 = SURFACE_STYLE_USAGE ( .BOTH. , #6065 ) ;
#538 = CARTESIAN_POINT ( 'NONE',  ( 0.9816684688103075596, -0.1100000000000000006, -0.01574999999999998623 ) ) ;
#539 = ADVANCED_FACE ( 'NONE', ( #5943 ), #1788, .T. ) ;
#540 = ORIENTED_EDGE ( 'NONE', *, *, #6983, .F. ) ;
#541 = VECTOR ( 'NONE', #3273, 39.37007874015748143 ) ;
#542 = CARTESIAN_POINT ( 'NONE',  ( 1.194266468810307513, 0.0000000000000000000, -0.08424999999999957523 ) ) ;
#543 = FACE_BOUND ( 'NONE', #6658, .T. ) ;
#544 = VERTEX_POINT ( 'NONE', #3606 ) ;
#545 = PLANE ( 'NONE',  #2265 ) ;
#546 = VECTOR ( 'NONE', #496, 39.37007874015748143 ) ;
#547 = ORIENTED_EDGE ( 'NONE', *, *, #2391, .T. ) ;
#548 = CARTESIAN_POINT ( 'NONE',  ( -0.03066449223692707671, -0.05000000000000000278, -0.08424999999999709110 ) ) ;
#549 = LINE ( 'NONE', #2974, #2473 ) ;
#550 = EDGE_CURVE ( 'NONE', #4415, #808, #659, .T. ) ;
#551 = EDGE_CURVE ( 'NONE', #3461, #6952, #1114, .T. ) ;
#552 = CARTESIAN_POINT ( 'NONE',  ( 0.5874501798324965884, -0.05000000000000000278, 0.2092253419964807681 ) ) ;
#553 = VERTEX_POINT ( 'NONE', #7126 ) ;
#554 = LINE ( 'NONE', #3698, #4790 ) ;
#555 = VECTOR ( 'NONE', #2792, 39.37007874015748854 ) ;
#556 = FACE_OUTER_BOUND ( 'NONE', #2877, .T. ) ;
#557 = CARTESIAN_POINT ( 'NONE',  ( 0.0000000000000000000, 0.0000000000000000000, 0.0000000000000000000 ) ) ;
#558 = VECTOR ( 'NONE', #995, 39.37007874015748143 ) ;
#559 = VERTEX_POINT ( 'NONE', #6543 ) ;
#560 = EDGE_CURVE ( 'NONE', #3550, #7725, #7822, .T. ) ;
#561 = AXIS2_PLACEMENT_3D ( 'NONE', #4200, #7746, #2327 ) ;
#562 = DIRECTION ( 'NONE',  ( -0.0000000000000000000, 1.000000000000000000, -0.0000000000000000000 ) ) ;
#563 = VERTEX_POINT ( 'NONE', #2421 ) ;
#564 = VERTEX_POINT ( 'NONE', #1747 ) ;
#565 = CIRCLE ( 'NONE', #5257, 0.02855000000000052288 ) ;
#566 = CYLINDRICAL_SURFACE ( 'NONE', #7013, 0.02855000000000052635 ) ;
#567 = AXIS2_PLACEMENT_3D ( 'NONE', #6171, #4364, #4403 ) ;
#568 = EDGE_CURVE ( 'NONE', #4311, #7713, #585, .T. ) ;
#569 = VERTEX_POINT ( 'NONE', #1153 ) ;
#570 = LINE ( 'NONE', #4233, #6584 ) ;
#571 = DIRECTION ( 'NONE',  ( -0.9396926207859072067, 0.0000000000000000000, -0.3420201433256721546 ) ) ;
#572 = LINE ( 'NONE', #4866, #3169 ) ;
#573 = ORIENTED_EDGE ( 'NONE', *, *, #5974, .F. ) ;
#574 = LINE ( 'NONE', #2916, #3988 ) ;
#575 = PLANE ( 'NONE',  #588 ) ;
#576 = CARTESIAN_POINT ( 'NONE',  ( 0.0000000000000000000, 0.0000000000000000000, 0.0000000000000000000 ) ) ;
#577 = VERTEX_POINT ( 'NONE', #5434 ) ;
#578 = EDGE_CURVE ( 'NONE', #5983, #5516, #4843, .T. ) ;
#579 = DIRECTION ( 'NONE',  ( 0.3420201433256639389, 0.0000000000000000000, -0.9396926207859100932 ) ) ;
#580 = AXIS2_PLACEMENT_3D ( 'NONE', #469, #3654, #6074 ) ;
#581 = VERTEX_POINT ( 'NONE', #6068 ) ;
#582 = CARTESIAN_POINT ( 'NONE',  ( 0.03796746881030788751, 0.1600000000000031120, -0.05000000000000019013 ) ) ;
#583 = DIRECTION ( 'NONE',  ( 0.0000000000000000000, 0.0000000000000000000, 1.000000000000000000 ) ) ;
#584 = VERTEX_POINT ( 'NONE', #627 ) ;
#585 = LINE ( 'NONE', #6585, #3376 ) ;
#586 = FACE_BOUND ( 'NONE', #5432, .T. ) ;
#587 = VERTEX_POINT ( 'NONE', #3048 ) ;
#588 = AXIS2_PLACEMENT_3D ( 'NONE', #6533, #19, #4753 ) ;
#589 = ADVANCED_FACE ( 'NONE', ( #4990 ), #2757, .T. ) ;
#590 = CARTESIAN_POINT ( 'NONE',  ( 0.4816684688103073930, -0.1100000000000000006, -0.01574999999999998623 ) ) ;
#591 = EDGE_LOOP ( 'NONE', ( #6865, #4580, #7240, #4741 ) ) ;
#592 = DIRECTION ( 'NONE',  ( 0.3420201433256662704, -0.0000000000000000000, 0.9396926207859092051 ) ) ;
#593 = FACE_BOUND ( 'NONE', #6052, .T. ) ;
#594 = CARTESIAN_POINT ( 'NONE',  ( 0.0000000000000000000, -0.05000000000000000278, 0.0000000000000000000 ) ) ;
#595 = ORIENTED_EDGE ( 'NONE', *, *, #3166, .F. ) ;
#596 = VECTOR ( 'NONE', #6679, 39.37007874015748143 ) ;
#597 = LINE ( 'NONE', #3020, #3897 ) ;
#598 = FACE_OUTER_BOUND ( 'NONE', #4189, .T. ) ;
#599 = CARTESIAN_POINT ( 'NONE',  ( 0.4942664688103074466, -0.1100000000000000006, -0.01574999999999998623 ) ) ;
#600 = ADVANCED_FACE ( 'NONE', ( #135 ), #7322, .F. ) ;
#601 = EDGE_LOOP ( 'NONE', ( #4373, #1858, #4698, #6587 ) ) ;
#602 = VECTOR ( 'NONE', #4644, 39.37007874015748143 ) ;
#603 = LINE ( 'NONE', #3025, #3927 ) ;
#604 = ORIENTED_EDGE ( 'NONE', *, *, #3697, .T. ) ;
#605 = ORIENTED_EDGE ( 'NONE', *, *, #4006, .T. ) ;
#606 = AXIS2_PLACEMENT_3D ( 'NONE', #944, #5773, #3393 ) ;
#607 = EDGE_CURVE ( 'NONE', #4475, #4960, #4295, .T. ) ;
#608 = DIRECTION ( 'NONE',  ( -1.000000000000000000, -0.0000000000000000000, -0.0000000000000000000 ) ) ;
#609 = ORIENTED_EDGE ( 'NONE', *, *, #2083, .T. ) ;
#610 = DIRECTION ( 'NONE',  ( 0.3420201433256845891, 0.0000000000000000000, -0.9396926207859025437 ) ) ;
#611 = CARTESIAN_POINT ( 'NONE',  ( 0.1759359376206146575, -0.1100000000000000006, -0.09999999999999989453 ) ) ;
#612 = AXIS2_PLACEMENT_3D ( 'NONE', #291, #7081, #3397 ) ;
#613 = CARTESIAN_POINT ( 'NONE',  ( 0.09426646881030741054, 0.0000000000000000000, -0.01574999999999998623 ) ) ;
#614 = ORIENTED_EDGE ( 'NONE', *, *, #4958, .F. ) ;
#615 = EDGE_CURVE ( 'NONE', #5157, #764, #4163, .T. ) ;
#616 = CARTESIAN_POINT ( 'NONE',  ( 0.03796746881030733239, -0.05000000000000000278, -0.07855000000000071647 ) ) ;
#617 = LINE ( 'NONE', #2524, #3095 ) ;
#618 = ORIENTED_EDGE ( 'NONE', *, *, #15, .F. ) ;
#619 = AXIS2_PLACEMENT_3D ( 'NONE', #7432, #1337, #5137 ) ;
#620 = CARTESIAN_POINT ( 'NONE',  ( 1.975934937620615894, -0.05000000000000000278, -0.09999999999999974187 ) ) ;
#621 = ORIENTED_EDGE ( 'NONE', *, *, #5946, .T. ) ;
#622 = DIRECTION ( 'NONE',  ( 0.0000000000000000000, 0.0000000000000000000, 1.000000000000000000 ) ) ;
#623 = CARTESIAN_POINT ( 'NONE',  ( 0.4816684688103073930, 0.0000000000000000000, -0.01574999999999998623 ) ) ;
#624 = ORIENTED_EDGE ( 'NONE', *, *, #261, .T. ) ;
#625 = AXIS2_PLACEMENT_3D ( 'NONE', #5844, #4073, #2282 ) ;
#626 = EDGE_CURVE ( 'NONE', #2273, #2219, #4916, .T. ) ;
#627 = CARTESIAN_POINT ( 'NONE',  ( 1.281668468810307271, 0.0000000000000000000, -0.01574999999999998623 ) ) ;
#628 = DIRECTION ( 'NONE',  ( 1.000000000000000000, 0.0000000000000000000, 0.0000000000000000000 ) ) ;
#629 = ORIENTED_EDGE ( 'NONE', *, *, #3558, .T. ) ;
#630 = LINE ( 'NONE', #1193, #1505 ) ;
#631 = VECTOR ( 'NONE', #1763, 39.37007874015748143 ) ;
#632 = ORIENTED_EDGE ( 'NONE', *, *, #5461, .T. ) ;
#633 = CARTESIAN_POINT ( 'NONE',  ( 1.975934937620615894, 0.0000000000000000000, -0.09999999999999974187 ) ) ;
#634 = DIRECTION ( 'NONE',  ( 0.3420201433256663259, 0.0000000000000000000, 0.9396926207859092051 ) ) ;
#635 = DIRECTION ( 'NONE',  ( -0.0000000000000000000, 1.000000000000000000, -0.0000000000000000000 ) ) ;
#636 = ORIENTED_EDGE ( 'NONE', *, *, #5272, .F. ) ;
#637 = EDGE_CURVE ( 'NONE', #2735, #24, #1903, .T. ) ;
#638 = LINE ( 'NONE', #7220, #7559 ) ;
#639 = VECTOR ( 'NONE', #5952, 39.37007874015748143 ) ;
#640 = LINE ( 'NONE', #2433, #6021 ) ;
#641 = DIRECTION ( 'NONE',  ( -0.9396926207859072067, 0.0000000000000000000, -0.3420201433256721546 ) ) ;
#642 = EDGE_LOOP ( 'NONE', ( #124, #4613 ) ) ;
#643 = MECHANICAL_DESIGN_GEOMETRIC_PRESENTATION_REPRESENTATION (  '', ( #4070 ), #771 ) ;
#644 = DIRECTION ( 'NONE',  ( 0.3420201433256720991, 0.0000000000000000000, -0.9396926207859070956 ) ) ;
#645 = ADVANCED_FACE ( 'NONE', ( #5029 ), #6297, .F. ) ;
#646 = ORIENTED_EDGE ( 'NONE', *, *, #1966, .T. ) ;
#647 = ORIENTED_EDGE ( 'NONE', *, *, #6973, .T. ) ;
#648 = CARTESIAN_POINT ( 'NONE',  ( 1.237967468810307281, 3.673940397442060153E-19, -0.02144999999999966031 ) ) ;
#649 = ORIENTED_EDGE ( 'NONE', *, *, #5069, .T. ) ;
#650 = CARTESIAN_POINT ( 'NONE',  ( 1.987967468810307503, -0.05000000000000000278, -0.08424999999999935318 ) ) ;
#651 = LINE ( 'NONE', #5460, #1694 ) ;
#652 = ADVANCED_FACE ( 'NONE', ( #7437 ), #4407, .T. ) ;
#653 = LINE ( 'NONE', #5498, #6346 ) ;
#654 = ORIENTED_EDGE ( 'NONE', *, *, #2728, .T. ) ;
#655 = LINE ( 'NONE', #5612, #814 ) ;
#656 = EDGE_CURVE ( 'NONE', #1807, #2605, #3276, .T. ) ;
#657 = PLANE ( 'NONE',  #3589 ) ;
#658 = EDGE_LOOP ( 'NONE', ( #4116, #5787, #5416, #1032 ) ) ;
#659 = LINE ( 'NONE', #6028, #7802 ) ;
#660 = DIRECTION ( 'NONE',  ( -0.0000000000000000000, 1.000000000000000000, -0.0000000000000000000 ) ) ;
#661 = ORIENTED_EDGE ( 'NONE', *, *, #7194, .T. ) ;
#662 = CARTESIAN_POINT ( 'NONE',  ( -0.03066449223692707671, -0.05000000000000000278, -0.08424999999999857603 ) ) ;
#663 = VERTEX_POINT ( 'NONE', #6772 ) ;
#664 = EDGE_CURVE ( 'NONE', #5284, #4918, #6175, .T. ) ;
#665 = LINE ( 'NONE', #6853, #1728 ) ;
#666 = DIRECTION ( 'NONE',  ( -0.3420201433256720991, 0.0000000000000000000, 0.9396926207859070956 ) ) ;
#667 =( REPRESENTATION_RELATIONSHIP ('NONE','NONE', #1462, #379 ) REPRESENTATION_RELATIONSHIP_WITH_TRANSFORMATION ( #5540 )SHAPE_REPRESENTATION_RELATIONSHIP( ) );
#668 = AXIS2_PLACEMENT_3D ( 'NONE', #538, #5899, #460 ) ;
#669 = FACE_OUTER_BOUND ( 'NONE', #3268, .T. ) ;
#670 = ORIENTED_EDGE ( 'NONE', *, *, #4801, .T. ) ;
#671 = DIRECTION ( 'NONE',  ( -0.0000000000000000000, 1.000000000000000000, -0.0000000000000000000 ) ) ;
#672 = DIRECTION ( 'NONE',  ( 0.3420201433256664370, -0.0000000000000000000, 0.9396926207859092051 ) ) ;
#673 = PLANE ( 'NONE',  #3003 ) ;
#674 = AXIS2_PLACEMENT_3D ( 'NONE', #3034, #2367, #7826 ) ;
#675 = ORIENTED_EDGE ( 'NONE', *, *, #2480, .F. ) ;
#676 = ADVANCED_FACE ( 'NONE', ( #6810 ), #1303, .F. ) ;
#677 = ITEM_DEFINED_TRANSFORMATION ( 'NONE', 'NONE', #3222,  #5651 ) ;
#678 = CARTESIAN_POINT ( 'NONE',  ( 1.681668468810307404, -0.1100000000000000006, -0.01574999999999998623 ) ) ;
#679 = ORIENTED_EDGE ( 'NONE', *, *, #4101, .F. ) ;
#680 = CIRCLE ( 'NONE', #418, 0.02855000000000052288 ) ;
#681 = VECTOR ( 'NONE', #1588, 39.37007874015748143 ) ;
#682 = ORIENTED_EDGE ( 'NONE', *, *, #130, .T. ) ;
#683 = LINE ( 'NONE', #6049, #4750 ) ;
#684 = ADVANCED_FACE ( 'NONE', ( #3761 ), #1383, .F. ) ;
#685 = CIRCLE ( 'NONE', #5876, 0.02855000000000052288 ) ;
#686 = ORIENTED_EDGE ( 'NONE', *, *, #3027, .F. ) ;
#687 = EDGE_CURVE ( 'NONE', #3803, #3478, #2057, .T. ) ;
#688 = CIRCLE ( 'NONE', #5102, 0.02855000000000052982 ) ;
#689 = CARTESIAN_POINT ( 'NONE',  ( 1.594266468810307424, -0.05000000000000000278, -0.01574999999999998623 ) ) ;
#690 = LINE ( 'NONE', #4905, #6128 ) ;
#691 = DIRECTION ( 'NONE',  ( -0.0000000000000000000, 1.000000000000000000, -0.0000000000000000000 ) ) ;
#692 = ORIENTED_EDGE ( 'NONE', *, *, #1289, .T. ) ;
#693 = VECTOR ( 'NONE', #6908, 39.37007874015748854 ) ;
#694 = AXIS2_PLACEMENT_3D ( 'NONE', #1380, #6697, #1419 ) ;
#695 = CARTESIAN_POINT ( 'NONE',  ( 0.2816684688103073819, 0.0000000000000000000, -0.08424999999999954747 ) ) ;
#696 = EDGE_CURVE ( 'NONE', #4512, #2841, #3193, .T. ) ;
#697 = DIRECTION ( 'NONE',  ( -1.000000000000000000, 0.0000000000000000000, -7.776898252968646568E-17 ) ) ;
#698 =( NAMED_UNIT ( * ) SI_UNIT ( $, .STERADIAN. ) SOLID_ANGLE_UNIT ( ) );
#699 = DIRECTION ( 'NONE',  ( 0.3420201433256662704, -0.0000000000000000000, 0.9396926207859092051 ) ) ;
#700 = ORIENTED_EDGE ( 'NONE', *, *, #4101, .T. ) ;
#701 = DIRECTION ( 'NONE',  ( -0.3420201433256695456, 0.0000000000000000000, -0.9396926207859080948 ) ) ;
#702 = DIRECTION ( 'NONE',  ( -0.0000000000000000000, 1.000000000000000000, -0.0000000000000000000 ) ) ;
#703 = VERTEX_POINT ( 'NONE', #1423 ) ;
#704 = EDGE_CURVE ( 'NONE', #5068, #5010, #3838, .T. ) ;
#705 = VECTOR ( 'NONE', #6182, 39.37007874015748143 ) ;
#706 = CARTESIAN_POINT ( 'NONE',  ( 1.975934937620615894, 0.0000000000000000000, -0.09999999999999974187 ) ) ;
#707 = ORIENTED_EDGE ( 'NONE', *, *, #5879, .T. ) ;
#708 = FACE_OUTER_BOUND ( 'NONE', #1288, .T. ) ;
#709 = PLANE ( 'NONE',  #2714 ) ;
#710 = ORIENTED_EDGE ( 'NONE', *, *, #3382, .F. ) ;
#711 = ORIENTED_EDGE ( 'NONE', *, *, #6070, .F. ) ;
#712 = CARTESIAN_POINT ( 'NONE',  ( 0.7379674688103073921, 0.0000000000000000000, -0.05000000000000019013 ) ) ;
#713 = DIRECTION ( 'NONE',  ( -0.0000000000000000000, 1.000000000000000000, -0.0000000000000000000 ) ) ;
#714 = ADVANCED_FACE ( 'NONE', ( #3237 ), #4485, .T. ) ;
#715 = CARTESIAN_POINT ( 'NONE',  ( 1.681668468810307404, 0.0000000000000000000, -0.08424999999999954747 ) ) ;
#716 = ORIENTED_EDGE ( 'NONE', *, *, #2808, .T. ) ;
#717 = VECTOR ( 'NONE', #6432, 39.37007874015748143 ) ;
#718 = DIRECTION ( 'NONE',  ( -0.0000000000000000000, 1.000000000000000000, -0.0000000000000000000 ) ) ;
#719 = EDGE_LOOP ( 'NONE', ( #4813, #5369, #1488, #6344 ) ) ;
#720 = ORIENTED_EDGE ( 'NONE', *, *, #5470, .F. ) ;
#721 = DIRECTION ( 'NONE',  ( -0.0000000000000000000, 1.000000000000000000, -0.0000000000000000000 ) ) ;
#722 = EDGE_CURVE ( 'NONE', #6693, #4409, #3903, .T. ) ;
#723 = DIRECTION ( 'NONE',  ( -0.0000000000000000000, 1.000000000000000000, -0.0000000000000000000 ) ) ;
#724 = VECTOR ( 'NONE', #5269, 39.37007874015748143 ) ;
#725 = VERTEX_POINT ( 'NONE', #7590 ) ;
#726 = DIRECTION ( 'NONE',  ( -0.3420201433256720991, 0.0000000000000000000, 0.9396926207859070956 ) ) ;
#727 = CARTESIAN_POINT ( 'NONE',  ( 1.881668468810307582, -0.1100000000000000006, -0.08424999999999954747 ) ) ;
#728 = DIRECTION ( 'NONE',  ( 0.0000000000000000000, 0.0000000000000000000, 1.000000000000000000 ) ) ;
#729 = AXIS2_PLACEMENT_3D ( 'NONE', #5659, #5066, #701 ) ;
#730 = VERTEX_POINT ( 'NONE', #6965 ) ;
#731 = ADVANCED_FACE ( 'NONE', ( #4522 ), #2210, .F. ) ;
#732 = CARTESIAN_POINT ( 'NONE',  ( -1.600692183787654153E-17, -0.05000000000000000278, -0.09999999999999989453 ) ) ;
#733 = DIRECTION ( 'NONE',  ( 0.0000000000000000000, 0.0000000000000000000, 1.000000000000000000 ) ) ;
#734 = AXIS2_PLACEMENT_3D ( 'NONE', #1751, #5315, #1118 ) ;
#735 = DIRECTION ( 'NONE',  ( -0.0000000000000000000, 1.000000000000000000, -0.0000000000000000000 ) ) ;
#736 = EDGE_LOOP ( 'NONE', ( #2478, #7214, #1069, #710 ) ) ;
#737 = EDGE_CURVE ( 'NONE', #3202, #6752, #1575, .T. ) ;
#738 = DIRECTION ( 'NONE',  ( -0.3420201433256695456, 0.0000000000000000000, -0.9396926207859080948 ) ) ;
#739 = VECTOR ( 'NONE', #4284, 39.37007874015748143 ) ;
#740 = CARTESIAN_POINT ( 'NONE',  ( 1.227581210555898750, -0.05000000000000000278, -0.4737139832099488967 ) ) ;
#741 = ORIENTED_EDGE ( 'NONE', *, *, #1376, .T. ) ;
#742 = DIRECTION ( 'NONE',  ( 1.000000000000000000, 0.0000000000000000000, 0.0000000000000000000 ) ) ;
#743 = ORIENTED_EDGE ( 'NONE', *, *, #1070, .T. ) ;
#744 = DIRECTION ( 'NONE',  ( -0.0000000000000000000, 1.000000000000000000, -0.0000000000000000000 ) ) ;
#745 = FACE_OUTER_BOUND ( 'NONE', #1327, .T. ) ;
#746 = AXIS2_PLACEMENT_3D ( 'NONE', #6359, #470, #5167 ) ;
#747 = ADVANCED_FACE ( 'NONE', ( #4674 ), #2839, .F. ) ;
#748 = ADVANCED_FACE ( 'NONE', ( #6336 ), #3473, .T. ) ;
#749 = VERTEX_POINT ( 'NONE', #4597 ) ;
#750 = DIRECTION ( 'NONE',  ( 0.0000000000000000000, 1.000000000000000000, 0.0000000000000000000 ) ) ;
#751 = LINE ( 'NONE', #2030, #6255 ) ;
#752 = FACE_OUTER_BOUND ( 'NONE', #5075, .T. ) ;
#753 = VECTOR ( 'NONE', #5716, 39.37007874015748143 ) ;
#754 = ORIENTED_EDGE ( 'NONE', *, *, #3247, .F. ) ;
#755 = EDGE_CURVE ( 'NONE', #725, #4992, #4559, .T. ) ;
#756 = DIRECTION ( 'NONE',  ( -1.000000000000000000, -0.0000000000000000000, -0.0000000000000000000 ) ) ;
#757 = VECTOR ( 'NONE', #7295, 39.37007874015748854 ) ;
#758 = ORIENTED_EDGE ( 'NONE', *, *, #6730, .F. ) ;
#759 = ORIENTED_EDGE ( 'NONE', *, *, #4755, .T. ) ;
#760 = LINE ( 'NONE', #801, #5251 ) ;
#761 = LINE ( 'NONE', #6237, #3891 ) ;
#762 = LINE ( 'NONE', #6163, #4502 ) ;
#763 = VECTOR ( 'NONE', #1613, 39.37007874015748143 ) ;
#764 = VERTEX_POINT ( 'NONE', #1657 ) ;
#765 = CARTESIAN_POINT ( 'NONE',  ( 0.1816684688103074041, -0.05000000000000000278, -0.01574999999999998623 ) ) ;
#766 = EDGE_LOOP ( 'NONE', ( #1746, #7375 ) ) ;
#767 = EDGE_CURVE ( 'NONE', #5889, #569, #2683, .T. ) ;
#768 = CARTESIAN_POINT ( 'NONE',  ( 1.569665785232484900, -0.05000000000000000278, 0.5667225859938445076 ) ) ;
#769 = LINE ( 'NONE', #2750, #7096 ) ;
#770 = EDGE_LOOP ( 'NONE', ( #5121, #6168, #483, #5421 ) ) ;
#771 =( GEOMETRIC_REPRESENTATION_CONTEXT ( 3 ) GLOBAL_UNCERTAINTY_ASSIGNED_CONTEXT ( ( #5872 ) ) GLOBAL_UNIT_ASSIGNED_CONTEXT ( ( #7505, #3306, #6955 ) ) REPRESENTATION_CONTEXT ( 'NONE', 'WORKASPACE' ) );
#772 = CARTESIAN_POINT ( 'NONE',  ( 0.0000000000000000000, -0.05000000000000000278, 0.0000000000000000000 ) ) ;
#773 =( REPRESENTATION_RELATIONSHIP ('NONE','NONE', #1462, #1766 ) REPRESENTATION_RELATIONSHIP_WITH_TRANSFORMATION ( #7654 )SHAPE_REPRESENTATION_RELATIONSHIP( ) );
#774 = FACE_OUTER_BOUND ( 'NONE', #102, .T. ) ;
#775 = EDGE_CURVE ( 'NONE', #5941, #6604, #5733, .T. ) ;
#776 = CONTEXT_DEPENDENT_SHAPE_REPRESENTATION ( #667, #2051 ) ;
#777 = CARTESIAN_POINT ( 'NONE',  ( 1.216456896608690164, -0.05000000000000000278, 0.4381650640565354915 ) ) ;
#778 = ORIENTED_EDGE ( 'NONE', *, *, #7742, .T. ) ;
#779 = CARTESIAN_POINT ( 'NONE',  ( 0.8942664688103074688, -0.1100000000000000006, -0.01574999999999998623 ) ) ;
#780 = LINE ( 'NONE', #1386, #1857 ) ;
#781 = EDGE_LOOP ( 'NONE', ( #5781, #5549, #5044, #1062 ) ) ;
#782 = EDGE_CURVE ( 'NONE', #2764, #6790, #3017, .T. ) ;
#783 = ORIENTED_EDGE ( 'NONE', *, *, #2103, .F. ) ;
#784 = CARTESIAN_POINT ( 'NONE',  ( 0.0000000000000000000, 0.0000000000000000000, 0.0000000000000000000 ) ) ;
#785 = LINE ( 'NONE', #5074, #50 ) ;
#786 =( REPRESENTATION_RELATIONSHIP ('NONE','NONE', #1462, #1766 ) REPRESENTATION_RELATIONSHIP_WITH_TRANSFORMATION ( #5696 )SHAPE_REPRESENTATION_RELATIONSHIP( ) );
#787 = ORIENTED_EDGE ( 'NONE', *, *, #6135, .F. ) ;
#788 = ORIENTED_EDGE ( 'NONE', *, *, #1027, .T. ) ;
#789 = CARTESIAN_POINT ( 'NONE',  ( 1.694266468810307513, 0.0000000000000000000, -0.01574999999999998623 ) ) ;
#790 = DIRECTION ( 'NONE',  ( -0.3420201433256695456, 0.0000000000000000000, -0.9396926207859080948 ) ) ;
#791 = PLANE ( 'NONE',  #4657 ) ;
#792 = ADVANCED_FACE ( 'NONE', ( #3957 ), #6408, .F. ) ;
#793 = UNCERTAINTY_MEASURE_WITH_UNIT (LENGTH_MEASURE( 1.000000000000000082E-05 ), #3321, 'distance_accuracy_value', 'NONE');
#794 = CARTESIAN_POINT ( 'NONE',  ( 0.1600000000000029454, 0.03500000000000003803, 0.0000000000000000000 ) ) ;
#795 = ADVANCED_FACE ( 'NONE', ( #2132 ), #6369, .F. ) ;
#796 = ORIENTED_EDGE ( 'NONE', *, *, #5632, .T. ) ;
#797 = CARTESIAN_POINT ( 'NONE',  ( 1.503379038708306359, -0.05000000000000000278, -0.5740961833326848618 ) ) ;
#798 = ORIENTED_EDGE ( 'NONE', *, *, #7660, .F. ) ;
#799 = VERTEX_POINT ( 'NONE', #5810 ) ;
#800 = VECTOR ( 'NONE', #6293, 39.37007874015748143 ) ;
#801 = CARTESIAN_POINT ( 'NONE',  ( -0.03066449223692698303, -0.05000000000000000278, -0.01574999999999998623 ) ) ;
#802 = DIRECTION ( 'NONE',  ( -0.0000000000000000000, 1.000000000000000000, -0.0000000000000000000 ) ) ;
#803 = CARTESIAN_POINT ( 'NONE',  ( 1.081668468810307537, 0.0000000000000000000, -0.01574999999999998623 ) ) ;
#804 = ADVANCED_FACE ( 'NONE', ( #370 ), #2799, .F. ) ;
#805 = EDGE_CURVE ( 'NONE', #7410, #2044, #5045, .T. ) ;
#806 = ORIENTED_EDGE ( 'NONE', *, *, #6856, .F. ) ;
#807 = DIRECTION ( 'NONE',  ( -0.9396926207859093161, 0.0000000000000000000, 0.3420201433256663814 ) ) ;
#808 = VERTEX_POINT ( 'NONE', #7667 ) ;
#809 = VECTOR ( 'NONE', #3829, 39.37007874015748143 ) ;
#810 = DIRECTION ( 'NONE',  ( 0.3420201433256695456, 0.0000000000000000000, 0.9396926207859080948 ) ) ;
#811 = VECTOR ( 'NONE', #660, 39.37007874015748143 ) ;
#812 = DIRECTION ( 'NONE',  ( -0.0000000000000000000, 1.000000000000000000, -0.0000000000000000000 ) ) ;
#813 = VERTEX_POINT ( 'NONE', #6449 ) ;
#814 = VECTOR ( 'NONE', #4441, 39.37007874015748143 ) ;
#815 = LINE ( 'NONE', #2126, #7389 ) ;
#816 = EDGE_CURVE ( 'NONE', #5909, #6703, #4017, .T. ) ;
#817 = AXIS2_PLACEMENT_3D ( 'NONE', #3055, #3165, #1986 ) ;
#818 = CARTESIAN_POINT ( 'NONE',  ( 1.499999000000000082, 0.0000000000000000000, 0.0000000000000000000 ) ) ;
#819 = SHAPE_DEFINITION_REPRESENTATION ( #2739, #1766 ) ;
#820 = CARTESIAN_POINT ( 'NONE',  ( 1.099999000000000171, -0.1100000000000000006, 0.0000000000000000000 ) ) ;
#821 = DIRECTION ( 'NONE',  ( 7.776898252968646568E-17, 0.0000000000000000000, -1.000000000000000000 ) ) ;
#822 = VECTOR ( 'NONE', #3901, 39.37007874015748854 ) ;
#823 = PLANE ( 'NONE',  #6037 ) ;
#824 = DIRECTION ( 'NONE',  ( -0.3420201433256638834, 0.0000000000000000000, 0.9396926207859100932 ) ) ;
#825 =( REPRESENTATION_RELATIONSHIP ('NONE','NONE', #1462, #1766 ) REPRESENTATION_RELATIONSHIP_WITH_TRANSFORMATION ( #901 )SHAPE_REPRESENTATION_RELATIONSHIP( ) );
#826 = CARTESIAN_POINT ( 'NONE',  ( 1.437967468810307237, 3.673940397442060153E-19, -0.02144999999999966031 ) ) ;
#827 = EDGE_CURVE ( 'NONE', #2274, #6647, #6486, .T. ) ;
#828 = ORIENTED_EDGE ( 'NONE', *, *, #2640, .F. ) ;
#829 = AXIS2_PLACEMENT_3D ( 'NONE', #2980, #6712, #1799 ) ;
#830 = LINE ( 'NONE', #3883, #3023 ) ;
#831 = ORIENTED_EDGE ( 'NONE', *, *, #1792, .F. ) ;
#832 = DIRECTION ( 'NONE',  ( -0.0000000000000000000, 1.000000000000000000, -0.0000000000000000000 ) ) ;
#833 = DIRECTION ( 'NONE',  ( 0.0000000000000000000, 0.0000000000000000000, 1.000000000000000000 ) ) ;
#834 = ORIENTED_EDGE ( 'NONE', *, *, #1801, .F. ) ;
#835 = VERTEX_POINT ( 'NONE', #451 ) ;
#836 = LINE ( 'NONE', #5041, #1117 ) ;
#837 = DIRECTION ( 'NONE',  ( 0.3420201433256720991, 0.0000000000000000000, -0.9396926207859070956 ) ) ;
#838 = EDGE_CURVE ( 'NONE', #2310, #252, #5657, .T. ) ;
#839 = CARTESIAN_POINT ( 'NONE',  ( 1.694266468810307513, -0.1100000000000000006, -0.01574999999999998623 ) ) ;
#840 = PLANE ( 'NONE',  #2169 ) ;
#841 = EDGE_LOOP ( 'NONE', ( #1229, #3981 ) ) ;
#842 = MECHANICAL_DESIGN_GEOMETRIC_PRESENTATION_REPRESENTATION (  '', ( #2234 ), #4510 ) ;
#843 = PLANE ( 'NONE',  #7471 ) ;
#844 = PRODUCT_DEFINITION_SHAPE ( 'NONE', 'NONE',  #7842 ) ;
#845 = VERTEX_POINT ( 'NONE', #616 ) ;
#846 = EDGE_CURVE ( 'NONE', #4658, #6027, #4391, .T. ) ;
#847 = ORIENTED_EDGE ( 'NONE', *, *, #1083, .F. ) ;
#848 = LINE ( 'NONE', #3780, #3101 ) ;
#849 = FACE_OUTER_BOUND ( 'NONE', #6033, .T. ) ;
#850 = VECTOR ( 'NONE', #5891, 39.37007874015748143 ) ;
#851 = ORIENTED_EDGE ( 'NONE', *, *, #2233, .T. ) ;
#852 = DIMENSIONAL_EXPONENTS ( 1.000000000000000000, 0.0000000000000000000, 0.0000000000000000000, 0.0000000000000000000, 0.0000000000000000000, 0.0000000000000000000, 0.0000000000000000000 ) ;
#853 = CARTESIAN_POINT ( 'NONE',  ( 1.299999000000000127, 0.0000000000000000000, 0.0000000000000000000 ) ) ;
#854 = ORIENTED_EDGE ( 'NONE', *, *, #4287, .T. ) ;
#855 = DIRECTION ( 'NONE',  ( 1.000000000000000000, 0.0000000000000000000, -1.355298456929802892E-15 ) ) ;
#856 = LENGTH_MEASURE_WITH_UNIT ( LENGTH_MEASURE( 0.02539999999999999897 ), #3185 );
#857 = EDGE_CURVE ( 'NONE', #6720, #5599, #532, .T. ) ;
#858 = ORIENTED_EDGE ( 'NONE', *, *, #3928, .T. ) ;
#859 = CIRCLE ( 'NONE', #6050, 0.02855000000000052288 ) ;
#860 = AXIS2_PLACEMENT_3D ( 'NONE', #5112, #1512, #2142 ) ;
#861 = PLANE ( 'NONE',  #5381 ) ;
#862 = CARTESIAN_POINT ( 'NONE',  ( 1.237967468810307281, -0.05000000000000000278, -0.02144999999999967072 ) ) ;
#863 = ITEM_DEFINED_TRANSFORMATION ( 'NONE', 'NONE', #7533,  #5651 ) ;
#864 = PLANE ( 'NONE',  #5365 ) ;
#865 = VECTOR ( 'NONE', #4803, 39.37007874015748854 ) ;
#866 = PLANE ( 'NONE',  #2784 ) ;
#867 = EDGE_CURVE ( 'NONE', #4298, #3779, #5465, .T. ) ;
#868 = DIRECTION ( 'NONE',  ( -0.0000000000000000000, 1.000000000000000000, -0.0000000000000000000 ) ) ;
#869 = LINE ( 'NONE', #2098, #5868 ) ;
#870 = ORIENTED_EDGE ( 'NONE', *, *, #2134, .T. ) ;
#871 = CIRCLE ( 'NONE', #7692, 0.02855000000000052288 ) ;
#872 = CARTESIAN_POINT ( 'NONE',  ( 0.0000000000000000000, -0.05000000000000000278, 0.0000000000000000000 ) ) ;
#873 = ORIENTED_EDGE ( 'NONE', *, *, #767, .F. ) ;
#874 = PLANE ( 'NONE',  #5753 ) ;
#875 = ADVANCED_FACE ( 'NONE', ( #6792, #4794 ), #575, .F. ) ;
#876 = EDGE_LOOP ( 'NONE', ( #6092, #1749, #6911, #6378 ) ) ;
#877 = VECTOR ( 'NONE', #6732, 39.37007874015748143 ) ;
#878 = ORIENTED_EDGE ( 'NONE', *, *, #3450, .T. ) ;
#879 = CARTESIAN_POINT ( 'NONE',  ( 1.475935937620614702, -0.1100000000000000006, -9.478001694819074349E-34 ) ) ;
#880 = DIRECTION ( 'NONE',  ( -0.0000000000000000000, 1.000000000000000000, -0.0000000000000000000 ) ) ;
#881 = LINE ( 'NONE', #2619, #1224 ) ;
#882 = AXIS2_PLACEMENT_3D ( 'NONE', #5345, #2333, #454 ) ;
#883 = ORIENTED_EDGE ( 'NONE', *, *, #1415, .F. ) ;
#884 = CARTESIAN_POINT ( 'NONE',  ( 0.6379674688103074143, 3.673940397442060153E-19, -0.05000000000000019013 ) ) ;
#885 = ADVANCED_FACE ( 'NONE', ( #2447 ), #7279, .T. ) ;
#886 = ORIENTED_EDGE ( 'NONE', *, *, #2127, .T. ) ;
#887 = CIRCLE ( 'NONE', #7209, 0.02650000000000142519 ) ;
#888 = DIRECTION ( 'NONE',  ( 1.000000000000000000, 0.0000000000000000000, 0.0000000000000000000 ) ) ;
#889 = DIRECTION ( 'NONE',  ( -0.0000000000000000000, 1.000000000000000000, -0.0000000000000000000 ) ) ;
#890 = VERTEX_POINT ( 'NONE', #4833 ) ;
#891 = DIRECTION ( 'NONE',  ( -0.3420201433256720991, 0.0000000000000000000, 0.9396926207859070956 ) ) ;
#892 = EDGE_CURVE ( 'NONE', #223, #4229, #1365, .T. ) ;
#893 = CIRCLE ( 'NONE', #6203, 0.02855000000000052288 ) ;
#894 = EDGE_LOOP ( 'NONE', ( #3895, #2922 ) ) ;
#895 = DIRECTION ( 'NONE',  ( -0.0000000000000000000, 1.000000000000000000, -0.0000000000000000000 ) ) ;
#896 = ORIENTED_EDGE ( 'NONE', *, *, #6315, .T. ) ;
#897 = VECTOR ( 'NONE', #191, 39.37007874015748143 ) ;
#898 = DIRECTION ( 'NONE',  ( 0.9396926207859100932, 0.0000000000000000000, 0.3420201433256638834 ) ) ;
#899 = DIRECTION ( 'NONE',  ( -0.0000000000000000000, 1.000000000000000000, -0.0000000000000000000 ) ) ;
#900 = EDGE_CURVE ( 'NONE', #157, #7191, #2917, .T. ) ;
#901 = ITEM_DEFINED_TRANSFORMATION ( 'NONE', 'NONE', #1335,  #5651 ) ;
#902 = CARTESIAN_POINT ( 'NONE',  ( 0.03796746881030733239, 0.0000000000000000000, -0.07855000000000071647 ) ) ;
#903 = AXIS2_PLACEMENT_3D ( 'NONE', #2055, #941, #3956 ) ;
#904 = CARTESIAN_POINT ( 'NONE',  ( 1.181668468810307626, -0.1100000000000000006, -0.08424999999999954747 ) ) ;
#905 = DIRECTION ( 'NONE',  ( 1.000000000000000000, 0.0000000000000000000, 0.0000000000000000000 ) ) ;
#906 = DIRECTION ( 'NONE',  ( -1.000000000000000000, 0.0000000000000000000, -0.0000000000000000000 ) ) ;
#907 = EDGE_LOOP ( 'NONE', ( #6866, #3536, #7675, #998 ) ) ;
#908 = PRODUCT_RELATED_PRODUCT_CATEGORY ( 'part', '', ( #6478 ) ) ;
#909 = FACE_OUTER_BOUND ( 'NONE', #497, .T. ) ;
#910 = PRODUCT_DEFINITION_SHAPE ( 'NONE', 'NONE',  #7840 ) ;
#911 = VERTEX_POINT ( 'NONE', #7238 ) ;
#912 =( NAMED_UNIT ( * ) SI_UNIT ( $, .STERADIAN. ) SOLID_ANGLE_UNIT ( ) );
#913 = CARTESIAN_POINT ( 'NONE',  ( 1.581668468810307315, 0.0000000000000000000, -0.01574999999999998623 ) ) ;
#914 = VERTEX_POINT ( 'NONE', #3037 ) ;
#915 = CARTESIAN_POINT ( 'NONE',  ( 1.681668468810307404, -0.1100000000000000006, -0.08424999999999954747 ) ) ;
#916 = DIRECTION ( 'NONE',  ( 0.0000000000000000000, 0.0000000000000000000, 1.000000000000000000 ) ) ;
#917 = CARTESIAN_POINT ( 'NONE',  ( 0.5816684688103074263, -0.1100000000000000006, -0.01574999999999998623 ) ) ;
#918 = ADVANCED_FACE ( 'NONE', ( #5342 ), #4973, .T. ) ;
#919 = LENGTH_MEASURE_WITH_UNIT ( LENGTH_MEASURE( 0.02539999999999999897 ), #188 );
#920 = ORIENTED_EDGE ( 'NONE', *, *, #48, .F. ) ;
#921 = DIRECTION ( 'NONE',  ( -1.000000000000000000, 0.0000000000000000000, -7.776898252968647801E-17 ) ) ;
#922 = DIRECTION ( 'NONE',  ( -0.0000000000000000000, 1.000000000000000000, -0.0000000000000000000 ) ) ;
#923 = ORIENTED_EDGE ( 'NONE', *, *, #6418, .F. ) ;
#924 = ORIENTED_EDGE ( 'NONE', *, *, #2878, .T. ) ;
#925 = CARTESIAN_POINT ( 'NONE',  ( 0.7379674688103073921, 3.673940397442060153E-19, -0.07855000000000071647 ) ) ;
#926 = DIRECTION ( 'NONE',  ( 1.000000000000000000, 0.0000000000000000000, -1.355298456929802892E-15 ) ) ;
#927 = ORIENTED_EDGE ( 'NONE', *, *, #6407, .T. ) ;
#928 = CARTESIAN_POINT ( 'NONE',  ( 1.937967468810307459, 3.673940397442060153E-19, -0.05000000000000019013 ) ) ;
#929 = VERTEX_POINT ( 'NONE', #6017 ) ;
#930 = LINE ( 'NONE', #5800, #1016 ) ;
#931 = DIRECTION ( 'NONE',  ( -0.0000000000000000000, 1.000000000000000000, -0.0000000000000000000 ) ) ;
#932 = EDGE_LOOP ( 'NONE', ( #5478, #6004, #858, #5775 ) ) ;
#933 = CIRCLE ( 'NONE', #4107, 0.02855000000000052288 ) ;
#934 = VERTEX_POINT ( 'NONE', #6574 ) ;
#935 = EDGE_CURVE ( 'NONE', #2500, #5742, #3557, .T. ) ;
#936 = DIRECTION ( 'NONE',  ( -0.3420201433256638834, 0.0000000000000000000, 0.9396926207859100932 ) ) ;
#937 = EDGE_CURVE ( 'NONE', #1220, #5166, #1959, .T. ) ;
#938 = VECTOR ( 'NONE', #5926, 39.37007874015748143 ) ;
#939 = CARTESIAN_POINT ( 'NONE',  ( 1.281668468810307271, 0.0000000000000000000, -0.01574999999999998623 ) ) ;
#940 = CARTESIAN_POINT ( 'NONE',  ( 0.1816684688103074041, 0.0000000000000000000, -0.08424999999999954747 ) ) ;
#941 = DIRECTION ( 'NONE',  ( -1.000000000000000000, -0.0000000000000000000, -0.0000000000000000000 ) ) ;
#942 = VECTOR ( 'NONE', #4041, 39.37007874015748143 ) ;
#943 = VECTOR ( 'NONE', #6859, 39.37007874015748854 ) ;
#944 = CARTESIAN_POINT ( 'NONE',  ( 1.481668468810307449, -0.1100000000000000006, -0.08424999999999954747 ) ) ;
#945 = EDGE_CURVE ( 'NONE', #6542, #2140, #2289, .T. ) ;
#946 = CARTESIAN_POINT ( 'NONE',  ( 0.5320545949928665586, -0.05000000000000000278, -0.2205629980050904104 ) ) ;
#947 = ORIENTED_EDGE ( 'NONE', *, *, #6121, .F. ) ;
#948 =( REPRESENTATION_RELATIONSHIP ('NONE','NONE', #1462, #1766 ) REPRESENTATION_RELATIONSHIP_WITH_TRANSFORMATION ( #5875 )SHAPE_REPRESENTATION_RELATIONSHIP( ) );
#949 = DIRECTION ( 'NONE',  ( -0.0000000000000000000, 1.000000000000000000, -0.0000000000000000000 ) ) ;
#950 = VECTOR ( 'NONE', #5691, 39.37007874015748143 ) ;
#951 = ORIENTED_EDGE ( 'NONE', *, *, #846, .F. ) ;
#952 = CARTESIAN_POINT ( 'NONE',  ( 1.894266468810307691, -0.1100000000000000006, -0.08424999999999957523 ) ) ;
#953 = AXIS2_PLACEMENT_3D ( 'NONE', #1583, #2336, #4761 ) ;
#954 = ORIENTED_EDGE ( 'NONE', *, *, #4775, .F. ) ;
#955 = CARTESIAN_POINT ( 'NONE',  ( 1.781668468810307493, -0.1100000000000000006, -0.08424999999999954747 ) ) ;
#956 = EDGE_CURVE ( 'NONE', #563, #2864, #1693, .T. ) ;
#957 = VECTOR ( 'NONE', #3068, 39.37007874015748143 ) ;
#958 = LINE ( 'NONE', #2260, #7391 ) ;
#959 = CARTESIAN_POINT ( 'NONE',  ( 0.9942664688103074466, -0.1100000000000000006, -0.08424999999999957523 ) ) ;
#960 = DIRECTION ( 'NONE',  ( -0.9396926207859093161, 0.0000000000000000000, 0.3420201433256663814 ) ) ;
#961 = VERTEX_POINT ( 'NONE', #7708 ) ;
#962 = DIRECTION ( 'NONE',  ( 1.000000000000000000, 0.0000000000000000000, 0.0000000000000000000 ) ) ;
#963 = CARTESIAN_POINT ( 'NONE',  ( 1.987967468810307503, -0.05000000000000000278, -0.01574999999999984746 ) ) ;
#964 = EDGE_CURVE ( 'NONE', #4002, #2966, #6656, .T. ) ;
#965 = ORIENTED_EDGE ( 'NONE', *, *, #278, .F. ) ;
#966 = LINE ( 'NONE', #5794, #3354 ) ;
#967 = CARTESIAN_POINT ( 'NONE',  ( 0.09426646881030741054, 0.0000000000000000000, -0.01574999999999998623 ) ) ;
#968 = UNCERTAINTY_MEASURE_WITH_UNIT (LENGTH_MEASURE( 1.000000000000000082E-05 ), #3894, 'distance_accuracy_value', 'NONE');
#969 = AXIS2_PLACEMENT_3D ( 'NONE', #3198, #1469, #3088 ) ;
#970 = ORIENTED_EDGE ( 'NONE', *, *, #6945, .F. ) ;
#971 = ORIENTED_EDGE ( 'NONE', *, *, #1036, .F. ) ;
#972 = CARTESIAN_POINT ( 'NONE',  ( 1.981667468810307531, 0.0000000000000000000, -0.08424999999999935318 ) ) ;
#973 = DIRECTION ( 'NONE',  ( -0.3420201433256720991, 0.0000000000000000000, 0.9396926207859070956 ) ) ;
#974 = ORIENTED_EDGE ( 'NONE', *, *, #3266, .T. ) ;
#975 = ADVANCED_FACE ( 'NONE', ( #1778 ), #3637, .T. ) ;
#976 = EDGE_LOOP ( 'NONE', ( #5841, #6013, #1802, #2608 ) ) ;
#977 = DIRECTION ( 'NONE',  ( -1.000000000000000000, -0.0000000000000000000, -0.0000000000000000000 ) ) ;
#978 = CIRCLE ( 'NONE', #6179, 0.02855000000000052982 ) ;
#979 = CYLINDRICAL_SURFACE ( 'NONE', #232, 0.02855000000000052635 ) ;
#980 = DIRECTION ( 'NONE',  ( 0.0000000000000000000, 0.0000000000000000000, 1.000000000000000000 ) ) ;
#981 = DIRECTION ( 'NONE',  ( -0.0000000000000000000, 1.000000000000000000, -0.0000000000000000000 ) ) ;
#982 = VECTOR ( 'NONE', #1180, 39.37007874015748143 ) ;
#983 = EDGE_CURVE ( 'NONE', #7103, #1600, #761, .T. ) ;
#984 = DIRECTION ( 'NONE',  ( 0.3420201433256663259, 0.0000000000000000000, 0.9396926207859092051 ) ) ;
#985 = DIRECTION ( 'NONE',  ( 0.3420201433256639389, 0.0000000000000000000, -0.9396926207859100932 ) ) ;
#986 = ORIENTED_EDGE ( 'NONE', *, *, #2214, .T. ) ;
#987 = AXIS2_PLACEMENT_3D ( 'NONE', #6596, #1164, #4814 ) ;
#988 = FACE_OUTER_BOUND ( 'NONE', #4450, .T. ) ;
#989 = VERTEX_POINT ( 'NONE', #2703 ) ;
#990 = DIRECTION ( 'NONE',  ( -0.0000000000000000000, 1.000000000000000000, -0.0000000000000000000 ) ) ;
#991 = EDGE_CURVE ( 'NONE', #1251, #2135, #2589, .T. ) ;
#992 = ORIENTED_EDGE ( 'NONE', *, *, #7368, .T. ) ;
#993 = VECTOR ( 'NONE', #6848, 39.37007874015748143 ) ;
#994 = DIRECTION ( 'NONE',  ( 1.355298456929802892E-15, 0.0000000000000000000, 1.000000000000000000 ) ) ;
#995 = DIRECTION ( 'NONE',  ( 1.000000000000000000, 0.0000000000000000000, 0.0000000000000000000 ) ) ;
#996 = DIRECTION ( 'NONE',  ( -0.0000000000000000000, 1.000000000000000000, -0.0000000000000000000 ) ) ;
#997 = DIRECTION ( 'NONE',  ( -0.0000000000000000000, 1.000000000000000000, -0.0000000000000000000 ) ) ;
#998 = ORIENTED_EDGE ( 'NONE', *, *, #5445, .F. ) ;
#999 = EDGE_CURVE ( 'NONE', #5949, #1482, #5681, .T. ) ;
#1000 = CIRCLE ( 'NONE', #2015, 0.02855000000000052288 ) ;
#1001 = CARTESIAN_POINT ( 'NONE',  ( 0.7942664688103074910, -0.1100000000000000006, -0.01574999999999998623 ) ) ;
#1002 = ORIENTED_EDGE ( 'NONE', *, *, #4269, .F. ) ;
#1003 = CARTESIAN_POINT ( 'NONE',  ( 0.1942664688103074300, -0.1100000000000000006, -0.08424999999999957523 ) ) ;
#1004 = CARTESIAN_POINT ( 'NONE',  ( 0.1999990000000001211, -0.1100000000000000006, -0.09999999999999989453 ) ) ;
#1005 = LINE ( 'NONE', #3416, #5153 ) ;
#1006 = AXIS2_PLACEMENT_3D ( 'NONE', #2715, #2128, #733 ) ;
#1007 = EDGE_CURVE ( 'NONE', #1863, #2751, #6948, .T. ) ;
#1008 = ORIENTED_EDGE ( 'NONE', *, *, #5359, .T. ) ;
#1009 = ORIENTED_EDGE ( 'NONE', *, *, #1764, .F. ) ;
#1010 = LINE ( 'NONE', #4586, #3414 ) ;
#1011 = AXIS2_PLACEMENT_3D ( 'NONE', #2080, #6283, #726 ) ;
#1012 = CARTESIAN_POINT ( 'NONE',  ( 1.494266468810307558, 0.0000000000000000000, -0.01574999999999998623 ) ) ;
#1013 = ORIENTED_EDGE ( 'NONE', *, *, #5713, .T. ) ;
#1014 = EDGE_LOOP ( 'NONE', ( #306, #4583, #7038, #6771 ) ) ;
#1015 = FACE_OUTER_BOUND ( 'NONE', #6157, .T. ) ;
#1016 = VECTOR ( 'NONE', #3501, 39.37007874015748143 ) ;
#1017 = ADVANCED_FACE ( 'NONE', ( #3943 ), #3260, .F. ) ;
#1018 = DIRECTION ( 'NONE',  ( -0.0000000000000000000, 1.000000000000000000, -0.0000000000000000000 ) ) ;
#1019 = DIRECTION ( 'NONE',  ( 0.3420201433256662704, -0.0000000000000000000, 0.9396926207859092051 ) ) ;
#1020 = DIRECTION ( 'NONE',  ( -0.0000000000000000000, 1.000000000000000000, -0.0000000000000000000 ) ) ;
#1021 = ORIENTED_EDGE ( 'NONE', *, *, #2900, .T. ) ;
#1022 = CIRCLE ( 'NONE', #2537, 0.02855000000000052288 ) ;
#1023 = DIRECTION ( 'NONE',  ( -0.3420201433256663259, 0.0000000000000000000, -0.9396926207859092051 ) ) ;
#1024 = CARTESIAN_POINT ( 'NONE',  ( 1.337967468810307370, 3.673940397442060153E-19, -0.05000000000000019013 ) ) ;
#1025 = CARTESIAN_POINT ( 'NONE',  ( -0.005732531189692643449, 0.0000000000000000000, -0.08424999999999989442 ) ) ;
#1026 = VERTEX_POINT ( 'NONE', #6356 ) ;
#1027 = EDGE_CURVE ( 'NONE', #7162, #3084, #4582, .T. ) ;
#1028 = DIRECTION ( 'NONE',  ( -0.0000000000000000000, 1.000000000000000000, -0.0000000000000000000 ) ) ;
#1029 = AXIS2_PLACEMENT_3D ( 'NONE', #7275, #5419, #1851 ) ;
#1030 = ORIENTED_EDGE ( 'NONE', *, *, #2408, .F. ) ;
#1031 = DIRECTION ( 'NONE',  ( 1.000000000000000000, 0.0000000000000000000, 0.0000000000000000000 ) ) ;
#1032 = ORIENTED_EDGE ( 'NONE', *, *, #298, .F. ) ;
#1033 = CARTESIAN_POINT ( 'NONE',  ( 0.5942664688103074244, -0.1100000000000000006, -0.08424999999999957523 ) ) ;
#1034 = FACE_OUTER_BOUND ( 'NONE', #5014, .T. ) ;
#1035 = DIRECTION ( 'NONE',  ( -1.000000000000000000, -0.0000000000000000000, -0.0000000000000000000 ) ) ;
#1036 = EDGE_CURVE ( 'NONE', #4871, #2711, #3299, .T. ) ;
#1037 = ADVANCED_FACE ( 'NONE', ( #5720 ), #5163, .F. ) ;
#1038 = DIRECTION ( 'NONE',  ( -1.000000000000000000, 0.0000000000000000000, -7.776898252968646568E-17 ) ) ;
#1039 = ORIENTED_EDGE ( 'NONE', *, *, #7463, .F. ) ;
#1040 = PLANE ( 'NONE',  #5770 ) ;
#1041 = DIRECTION ( 'NONE',  ( 0.3420201433256662704, -0.0000000000000000000, 0.9396926207859092051 ) ) ;
#1042 = VERTEX_POINT ( 'NONE', #6832 ) ;
#1043 = ORIENTED_EDGE ( 'NONE', *, *, #2586, .T. ) ;
#1044 = FACE_OUTER_BOUND ( 'NONE', #5429, .T. ) ;
#1045 = CARTESIAN_POINT ( 'NONE',  ( 0.4816684688103073930, -0.1100000000000000006, -0.08424999999999954747 ) ) ;
#1046 = EDGE_CURVE ( 'NONE', #4897, #2049, #5125, .T. ) ;
#1047 = VERTEX_POINT ( 'NONE', #3782 ) ;
#1048 = ORIENTED_EDGE ( 'NONE', *, *, #1976, .T. ) ;
#1049 = DIRECTION ( 'NONE',  ( -0.0000000000000000000, 1.000000000000000000, -0.0000000000000000000 ) ) ;
#1050 = ORIENTED_EDGE ( 'NONE', *, *, #7819, .F. ) ;
#1051 = ORIENTED_EDGE ( 'NONE', *, *, #23, .T. ) ;
#1052 = ADVANCED_FACE ( 'NONE', ( #849 ), #7541, .F. ) ;
#1053 = CARTESIAN_POINT ( 'NONE',  ( -1.600692183787654153E-17, -0.05000000000000000278, -0.09999999999999989453 ) ) ;
#1054 = DIRECTION ( 'NONE',  ( -1.000000000000000000, 0.0000000000000000000, -7.776898252968647801E-17 ) ) ;
#1055 = DIRECTION ( 'NONE',  ( 0.3420201433256662704, -0.0000000000000000000, 0.9396926207859092051 ) ) ;
#1056 = DIRECTION ( 'NONE',  ( 1.000000000000000000, 0.0000000000000000000, 0.0000000000000000000 ) ) ;
#1057 = ORIENTED_EDGE ( 'NONE', *, *, #2427, .F. ) ;
#1058 = DIRECTION ( 'NONE',  ( -0.0000000000000000000, 1.000000000000000000, -0.0000000000000000000 ) ) ;
#1059 = DIRECTION ( 'NONE',  ( -1.000000000000000000, -0.0000000000000000000, -0.0000000000000000000 ) ) ;
#1060 = AXIS2_PLACEMENT_3D ( 'NONE', #4876, #1860, #3006 ) ;
#1061 = DIRECTION ( 'NONE',  ( 1.000000000000000000, 0.0000000000000000000, -1.355298456929802892E-15 ) ) ;
#1062 = ORIENTED_EDGE ( 'NONE', *, *, #1881, .F. ) ;
#1063 = LINE ( 'NONE', #2842, #6191 ) ;
#1064 = ORIENTED_EDGE ( 'NONE', *, *, #2187, .T. ) ;
#1065 = DIRECTION ( 'NONE',  ( 0.0000000000000000000, 0.0000000000000000000, 1.000000000000000000 ) ) ;
#1066 = DIRECTION ( 'NONE',  ( -0.3420201433256695456, 0.0000000000000000000, -0.9396926207859080948 ) ) ;
#1067 = VECTOR ( 'NONE', #3151, 39.37007874015748854 ) ;
#1068 = VECTOR ( 'NONE', #672, 39.37007874015748854 ) ;
#1069 = ORIENTED_EDGE ( 'NONE', *, *, #5729, .T. ) ;
#1070 = EDGE_CURVE ( 'NONE', #725, #911, #4542, .T. ) ;
#1071 = CARTESIAN_POINT ( 'NONE',  ( 0.5379674688103074365, 0.0000000000000000000, -0.07855000000000071647 ) ) ;
#1072 = LINE ( 'NONE', #4844, #6764 ) ;
#1073 = CARTESIAN_POINT ( 'NONE',  ( 1.675935937620614880, 0.0000000000000000000, -9.478001694819074349E-34 ) ) ;
#1074 = AXIS2_PLACEMENT_3D ( 'NONE', #1926, #2481, #6090 ) ;
#1075 = AXIS2_PLACEMENT_3D ( 'NONE', #3769, #3728, #6816 ) ;
#1076 = DIRECTION ( 'NONE',  ( 1.000000000000000000, 0.0000000000000000000, 0.0000000000000000000 ) ) ;
#1077 = ORIENTED_EDGE ( 'NONE', *, *, #5814, .F. ) ;
#1078 = CARTESIAN_POINT ( 'NONE',  ( 0.5942664688103074244, -0.1100000000000000006, -0.01574999999999998623 ) ) ;
#1079 = DIRECTION ( 'NONE',  ( 0.0000000000000000000, 1.000000000000000000, 0.0000000000000000000 ) ) ;
#1080 = CARTESIAN_POINT ( 'NONE',  ( 1.481668468810307449, -0.1100000000000000006, -0.08424999999999954747 ) ) ;
#1081 = ORIENTED_EDGE ( 'NONE', *, *, #2762, .F. ) ;
#1082 = VECTOR ( 'NONE', #1179, 39.37007874015748143 ) ;
#1083 = EDGE_CURVE ( 'NONE', #6535, #2572, #3823, .T. ) ;
#1084 = STYLED_ITEM ( 'NONE', ( #6620 ), #7121 ) ;
#1085 = ORIENTED_EDGE ( 'NONE', *, *, #664, .F. ) ;
#1086 = LINE ( 'NONE', #7060, #301 ) ;
#1087 = LINE ( 'NONE', #436, #80 ) ;
#1088 =( REPRESENTATION_RELATIONSHIP ('NONE','NONE', #1462, #1766 ) REPRESENTATION_RELATIONSHIP_WITH_TRANSFORMATION ( #3190 )SHAPE_REPRESENTATION_RELATIONSHIP( ) );
#1089 = EDGE_LOOP ( 'NONE', ( #4198, #1623, #431, #4412 ) ) ;
#1090 = CONTEXT_DEPENDENT_SHAPE_REPRESENTATION ( #3105, #4083 ) ;
#1091 = LINE ( 'NONE', #6361, #5819 ) ;
#1092 = EDGE_CURVE ( 'NONE', #5520, #1600, #2743, .T. ) ;
#1093 = ORIENTED_EDGE ( 'NONE', *, *, #2357, .T. ) ;
#1094 = ORIENTED_EDGE ( 'NONE', *, *, #3435, .F. ) ;
#1095 = AXIS2_PLACEMENT_3D ( 'NONE', #2893, #1795, #7293 ) ;
#1096 = DIRECTION ( 'NONE',  ( -1.000000000000000000, 0.0000000000000000000, -7.776898252968647801E-17 ) ) ;
#1097 = ORIENTED_EDGE ( 'NONE', *, *, #2171, .F. ) ;
#1098 = LINE ( 'NONE', #3428, #3794 ) ;
#1099 = LINE ( 'NONE', #4034, #5232 ) ;
#1100 = ADVANCED_FACE ( 'NONE', ( #2042 ), #4472, .T. ) ;
#1101 = LINE ( 'NONE', #5928, #513 ) ;
#1102 = ORIENTED_EDGE ( 'NONE', *, *, #6342, .F. ) ;
#1103 = DIRECTION ( 'NONE',  ( -1.000000000000000000, -0.0000000000000000000, -0.0000000000000000000 ) ) ;
#1104 = CARTESIAN_POINT ( 'NONE',  ( 0.0000000000000000000, -0.05000000000000000278, 0.0000000000000000000 ) ) ;
#1105 = DIRECTION ( 'NONE',  ( 0.3420201433256720991, 0.0000000000000000000, -0.9396926207859070956 ) ) ;
#1106 = EDGE_LOOP ( 'NONE', ( #6994, #3069 ) ) ;
#1107 = DIRECTION ( 'NONE',  ( -0.0000000000000000000, 1.000000000000000000, -0.0000000000000000000 ) ) ;
#1108 = VECTOR ( 'NONE', #5089, 39.37007874015748143 ) ;
#1109 = ORIENTED_EDGE ( 'NONE', *, *, #7005, .T. ) ;
#1110 = EDGE_CURVE ( 'NONE', #1794, #5172, #1444, .T. ) ;
#1111 = DIRECTION ( 'NONE',  ( -3.491481338843133355E-15, -1.000000000000000000, 0.0000000000000000000 ) ) ;
#1112 = LINE ( 'NONE', #4046, #4503 ) ;
#1113 = VERTEX_POINT ( 'NONE', #6988 ) ;
#1114 = LINE ( 'NONE', #4880, #340 ) ;
#1115 = DIRECTION ( 'NONE',  ( -0.3420201433256695456, 0.0000000000000000000, -0.9396926207859080948 ) ) ;
#1116 = CARTESIAN_POINT ( 'NONE',  ( 0.03796746881030733239, -0.05000000000000000278, -0.05000000000000019013 ) ) ;
#1117 = VECTOR ( 'NONE', #7449, 39.37007874015748143 ) ;
#1118 = DIRECTION ( 'NONE',  ( -1.000000000000000000, 0.0000000000000000000, -0.0000000000000000000 ) ) ;
#1119 = ORIENTED_EDGE ( 'NONE', *, *, #722, .F. ) ;
#1120 = ADVANCED_FACE ( 'NONE', ( #5604 ), #4506, .T. ) ;
#1121 = CYLINDRICAL_SURFACE ( 'NONE', #1095, 0.02855000000000052635 ) ;
#1122 = DIRECTION ( 'NONE',  ( 7.776898252968646568E-17, 0.0000000000000000000, -1.000000000000000000 ) ) ;
#1123 = CARTESIAN_POINT ( 'NONE',  ( 0.2050000000000032074, 1.102182119232193089E-18, -0.008999999999996528138 ) ) ;
#1124 = AXIS2_PLACEMENT_3D ( 'NONE', #3120, #3720, #6141 ) ;
#1125 = EDGE_LOOP ( 'NONE', ( #1711, #4859, #479, #2277 ) ) ;
#1126 = ORIENTED_EDGE ( 'NONE', *, *, #664, .T. ) ;
#1127 = CARTESIAN_POINT ( 'NONE',  ( 1.975934937620615894, -0.05000000000000000278, -0.09999999999999974187 ) ) ;
#1128 = LINE ( 'NONE', #4022, #717 ) ;
#1129 = VECTOR ( 'NONE', #3723, 39.37007874015748143 ) ;
#1130 = ORIENTED_EDGE ( 'NONE', *, *, #308, .T. ) ;
#1131 = EDGE_CURVE ( 'NONE', #5426, #7339, #6199, .T. ) ;
#1132 = LINE ( 'NONE', #3102, #2904 ) ;
#1133 = VERTEX_POINT ( 'NONE', #1639 ) ;
#1134 = VERTEX_POINT ( 'NONE', #4617 ) ;
#1135 = LINE ( 'NONE', #4824, #3470 ) ;
#1136 = EDGE_CURVE ( 'NONE', #1369, #3667, #3539, .T. ) ;
#1137 = ORIENTED_EDGE ( 'NONE', *, *, #6615, .T. ) ;
#1138 = DIRECTION ( 'NONE',  ( -0.0000000000000000000, 1.000000000000000000, -0.0000000000000000000 ) ) ;
#1139 = VECTOR ( 'NONE', #5925, 39.37007874015748143 ) ;
#1140 = CARTESIAN_POINT ( 'NONE',  ( 0.4379674688103074032, 3.673940397442060153E-19, -0.07855000000000071647 ) ) ;
#1141 = CARTESIAN_POINT ( 'NONE',  ( 1.937967468810307459, 3.673940397442060153E-19, -0.02144999999999966031 ) ) ;
#1142 = EDGE_LOOP ( 'NONE', ( #3167, #5047 ) ) ;
#1143 = CARTESIAN_POINT ( 'NONE',  ( 1.181668468810307626, 0.0000000000000000000, -0.08424999999999954747 ) ) ;
#1144 = DIRECTION ( 'NONE',  ( -0.0000000000000000000, 1.000000000000000000, -0.0000000000000000000 ) ) ;
#1145 = VECTOR ( 'NONE', #7735, 39.37007874015748143 ) ;
#1146 = CARTESIAN_POINT ( 'NONE',  ( 0.1942664688103074300, 0.0000000000000000000, -0.08424999999999957523 ) ) ;
#1147 = ORIENTED_EDGE ( 'NONE', *, *, #1110, .T. ) ;
#1148 = ADVANCED_FACE ( 'NONE', ( #393 ), #7691, .F. ) ;
#1149 = LINE ( 'NONE', #2526, #6949 ) ;
#1150 = VERTEX_POINT ( 'NONE', #5958 ) ;
#1151 = FACE_OUTER_BOUND ( 'NONE', #7347, .T. ) ;
#1152 = CIRCLE ( 'NONE', #5575, 0.02855000000000052982 ) ;
#1153 = CARTESIAN_POINT ( 'NONE',  ( 0.3759359376206146686, -0.05000000000000000278, -9.478001694819074349E-34 ) ) ;
#1154 = DIRECTION ( 'NONE',  ( 1.000000000000000000, 0.0000000000000000000, -0.0000000000000000000 ) ) ;
#1155 = ORIENTED_EDGE ( 'NONE', *, *, #6070, .T. ) ;
#1156 = VECTOR ( 'NONE', #491, 39.37007874015748143 ) ;
#1157 = CARTESIAN_POINT ( 'NONE',  ( 0.1943301270189207730, 0.0000000000000000000, 0.0000000000000000000 ) ) ;
#1158 = ORIENTED_EDGE ( 'NONE', *, *, #3834, .F. ) ;
#1159 = CARTESIAN_POINT ( 'NONE',  ( 0.6379674688103074143, -0.05000000000000000278, -0.05000000000000019013 ) ) ;
#1160 = FACE_OUTER_BOUND ( 'NONE', #7608, .T. ) ;
#1161 = CYLINDRICAL_SURFACE ( 'NONE', #3939, 0.02855000000000052635 ) ;
#1162 = COLOUR_RGB ( '',0.4941176470588235503, 0.4941176470588235503, 0.4941176470588235503 ) ;
#1163 = VERTEX_POINT ( 'NONE', #2356 ) ;
#1164 = DIRECTION ( 'NONE',  ( 0.9396926207859100932, 0.0000000000000000000, 0.3420201433256638834 ) ) ;
#1165 = CARTESIAN_POINT ( 'NONE',  ( 0.8523568463003442508, -0.05000000000000000278, 0.3056434834494604624 ) ) ;
#1166 = EDGE_CURVE ( 'NONE', #2611, #1026, #2819, .T. ) ;
#1167 = DIRECTION ( 'NONE',  ( -0.0000000000000000000, 1.000000000000000000, -0.0000000000000000000 ) ) ;
#1168 = ORIENTED_EDGE ( 'NONE', *, *, #504, .T. ) ;
#1169 = DIRECTION ( 'NONE',  ( -0.9396926207859072067, 0.0000000000000000000, -0.3420201433256721546 ) ) ;
#1170 = ORIENTED_EDGE ( 'NONE', *, *, #4118, .T. ) ;
#1171 = EDGE_LOOP ( 'NONE', ( #2061, #624, #4103, #1362 ) ) ;
#1172 = CARTESIAN_POINT ( 'NONE',  ( 0.1999990000000001211, 0.0000000000000000000, 0.0000000000000000000 ) ) ;
#1173 = ORIENTED_EDGE ( 'NONE', *, *, #5110, .T. ) ;
#1174 = DIRECTION ( 'NONE',  ( 0.0000000000000000000, 0.0000000000000000000, 1.000000000000000000 ) ) ;
#1175 = PLANE ( 'NONE',  #280 ) ;
#1176 = CARTESIAN_POINT ( 'NONE',  ( 0.8759359376206147241, 0.0000000000000000000, -0.09999999999999989453 ) ) ;
#1177 = ORIENTED_EDGE ( 'NONE', *, *, #7718, .T. ) ;
#1178 = ADVANCED_FACE ( 'NONE', ( #5241 ), #2858, .F. ) ;
#1179 = DIRECTION ( 'NONE',  ( -0.0000000000000000000, 1.000000000000000000, -0.0000000000000000000 ) ) ;
#1180 = DIRECTION ( 'NONE',  ( -1.000000000000000000, 0.0000000000000000000, 1.355298456929802892E-15 ) ) ;
#1181 = FACE_OUTER_BOUND ( 'NONE', #6744, .T. ) ;
#1182 = ORIENTED_EDGE ( 'NONE', *, *, #1938, .F. ) ;
#1183 = CARTESIAN_POINT ( 'NONE',  ( 0.09054348421312118089, -0.05000000000000000278, -0.05986609558345655502 ) ) ;
#1184 = ORIENTED_EDGE ( 'NONE', *, *, #2632, .T. ) ;
#1185 = DIRECTION ( 'NONE',  ( 0.0000000000000000000, 0.0000000000000000000, 1.000000000000000000 ) ) ;
#1186 = DIRECTION ( 'NONE',  ( -0.0000000000000000000, 1.000000000000000000, -0.0000000000000000000 ) ) ;
#1187 = ORIENTED_EDGE ( 'NONE', *, *, #7368, .F. ) ;
#1188 = ADVANCED_FACE ( 'NONE', ( #5364 ), #4656, .F. ) ;
#1189 = VECTOR ( 'NONE', #2016, 39.37007874015748143 ) ;
#1190 = DIRECTION ( 'NONE',  ( 1.000000000000000000, 0.0000000000000000000, -0.0000000000000000000 ) ) ;
#1191 = PLANE ( 'NONE',  #3464 ) ;
#1192 = ORIENTED_EDGE ( 'NONE', *, *, #2563, .F. ) ;
#1193 = CARTESIAN_POINT ( 'NONE',  ( 0.0000000000000000000, 0.0000000000000000000, 0.0000000000000000000 ) ) ;
#1194 = VECTOR ( 'NONE', #6371, 39.37007874015748143 ) ;
#1195 = ORIENTED_EDGE ( 'NONE', *, *, #2684, .F. ) ;
#1196 = DIRECTION ( 'NONE',  ( -0.0000000000000000000, 1.000000000000000000, -0.0000000000000000000 ) ) ;
#1197 = CARTESIAN_POINT ( 'NONE',  ( -0.005732531189692642581, -0.05000000000000000278, -0.01574999999999999664 ) ) ;
#1198 = DIRECTION ( 'NONE',  ( -0.0000000000000000000, 1.000000000000000000, -0.0000000000000000000 ) ) ;
#1199 = ADVANCED_FACE ( 'NONE', ( #4061 ), #6471, .F. ) ;
#1200 = VERTEX_POINT ( 'NONE', #3978 ) ;
#1201 = CARTESIAN_POINT ( 'NONE',  ( 1.481668468810307449, 0.0000000000000000000, -0.08424999999999954747 ) ) ;
#1202 = AXIS2_PLACEMENT_3D ( 'NONE', #2828, #1685, #5843 ) ;
#1203 = CARTESIAN_POINT ( 'NONE',  ( 0.1942664688103074300, -0.05000000000000000278, -0.08424999999999957523 ) ) ;
#1204 = DIRECTION ( 'NONE',  ( 1.000000000000000000, 0.0000000000000000000, -1.355298456929802892E-15 ) ) ;
#1205 = AXIS2_PLACEMENT_3D ( 'NONE', #4570, #1475, #7011 ) ;
#1206 = VERTEX_POINT ( 'NONE', #4734 ) ;
#1207 = VECTOR ( 'NONE', #409, 39.37007874015748143 ) ;
#1208 = EDGE_CURVE ( 'NONE', #5166, #7097, #5870, .T. ) ;
#1209 = LINE ( 'NONE', #7185, #5453 ) ;
#1210 = AXIS2_PLACEMENT_3D ( 'NONE', #5939, #622, #5981 ) ;
#1211 = VERTEX_POINT ( 'NONE', #967 ) ;
#1212 = ORIENTED_EDGE ( 'NONE', *, *, #1568, .F. ) ;
#1213 = AXIS2_PLACEMENT_3D ( 'NONE', #1127, #7139, #1719 ) ;
#1214 = CARTESIAN_POINT ( 'NONE',  ( 1.099999000000000171, -0.05000000000000000278, 0.0000000000000000000 ) ) ;
#1215 = ORIENTED_EDGE ( 'NONE', *, *, #4708, .T. ) ;
#1216 = DIRECTION ( 'NONE',  ( 1.000000000000000000, 0.0000000000000000000, -1.355298456929802892E-15 ) ) ;
#1217 = EDGE_CURVE ( 'NONE', #7696, #5068, #4697, .T. ) ;
#1218 = DIRECTION ( 'NONE',  ( -0.0000000000000000000, 1.000000000000000000, -0.0000000000000000000 ) ) ;
#1219 = CARTESIAN_POINT ( 'NONE',  ( 1.137967468810307414, 0.0000000000000000000, -0.02144999999999966725 ) ) ;
#1220 = VERTEX_POINT ( 'NONE', #352 ) ;
#1221 = DIRECTION ( 'NONE',  ( -0.0000000000000000000, 1.000000000000000000, -0.0000000000000000000 ) ) ;
#1222 = DIRECTION ( 'NONE',  ( 0.9396926207859100932, 0.0000000000000000000, 0.3420201433256638834 ) ) ;
#1223 = VERTEX_POINT ( 'NONE', #5203 ) ;
#1224 = VECTOR ( 'NONE', #5712, 39.37007874015748854 ) ;
#1225 = VECTOR ( 'NONE', #2612, 39.37007874015748143 ) ;
#1226 = ORIENTED_EDGE ( 'NONE', *, *, #7515, .F. ) ;
#1227 = EDGE_CURVE ( 'NONE', #7697, #151, #1087, .T. ) ;
#1228 = DIRECTION ( 'NONE',  ( 0.3420201433256639389, 0.0000000000000000000, -0.9396926207859100932 ) ) ;
#1229 = ORIENTED_EDGE ( 'NONE', *, *, #3908, .T. ) ;
#1230 = DIRECTION ( 'NONE',  ( 0.3420201433256639389, 0.0000000000000000000, -0.9396926207859100932 ) ) ;
#1231 = FACE_BOUND ( 'NONE', #7247, .T. ) ;
#1232 = ORIENTED_EDGE ( 'NONE', *, *, #5445, .T. ) ;
#1233 = AXIS2_PLACEMENT_3D ( 'NONE', #4636, #7040, #4040 ) ;
#1234 = ADVANCED_FACE ( 'NONE', ( #4144 ), #3497, .F. ) ;
#1235 = LINE ( 'NONE', #1272, #6701 ) ;
#1236 = ORIENTED_EDGE ( 'NONE', *, *, #123, .F. ) ;
#1237 = DIRECTION ( 'NONE',  ( -1.000000000000000000, -0.0000000000000000000, -0.0000000000000000000 ) ) ;
#1238 = LINE ( 'NONE', #4850, #1709 ) ;
#1239 =( REPRESENTATION_RELATIONSHIP ('NONE','NONE', #1462, #1766 ) REPRESENTATION_RELATIONSHIP_WITH_TRANSFORMATION ( #5961 )SHAPE_REPRESENTATION_RELATIONSHIP( ) );
#1240 = DIRECTION ( 'NONE',  ( 0.0000000000000000000, 0.0000000000000000000, 1.000000000000000000 ) ) ;
#1241 = EDGE_LOOP ( 'NONE', ( #4112, #5150, #4806, #5258 ) ) ;
#1242 = CARTESIAN_POINT ( 'NONE',  ( 0.009000000000000368816, -0.009000000000000778211, -1.102182119232445386E-18 ) ) ;
#1243 = CARTESIAN_POINT ( 'NONE',  ( 1.381668468810307360, 0.0000000000000000000, -0.01574999999999998623 ) ) ;
#1244 = DIRECTION ( 'NONE',  ( -0.0000000000000000000, 1.000000000000000000, -0.0000000000000000000 ) ) ;
#1245 = EDGE_CURVE ( 'NONE', #2611, #7539, #2191, .T. ) ;
#1246 = EDGE_CURVE ( 'NONE', #1969, #2310, #7732, .T. ) ;
#1247 = ORIENTED_EDGE ( 'NONE', *, *, #3748, .F. ) ;
#1248 = VECTOR ( 'NONE', #1798, 39.37007874015748143 ) ;
#1249 = CARTESIAN_POINT ( 'NONE',  ( 0.2759359376206146353, -0.1100000000000000006, -0.09999999999999989453 ) ) ;
#1250 = ORIENTED_EDGE ( 'NONE', *, *, #3257, .F. ) ;
#1251 = VERTEX_POINT ( 'NONE', #6556 ) ;
#1252 = CYLINDRICAL_SURFACE ( 'NONE', #4627, 0.02855000000000052635 ) ;
#1253 = EDGE_CURVE ( 'NONE', #4731, #1026, #1128, .T. ) ;
#1254 = ORIENTED_EDGE ( 'NONE', *, *, #755, .T. ) ;
#1255 = DIMENSIONAL_EXPONENTS ( 1.000000000000000000, 0.0000000000000000000, 0.0000000000000000000, 0.0000000000000000000, 0.0000000000000000000, 0.0000000000000000000, 0.0000000000000000000 ) ;
#1256 = DIRECTION ( 'NONE',  ( -0.0000000000000000000, 1.000000000000000000, -0.0000000000000000000 ) ) ;
#1257 = DIRECTION ( 'NONE',  ( 0.0000000000000000000, 0.0000000000000000000, 1.000000000000000000 ) ) ;
#1258 = VECTOR ( 'NONE', #386, 39.37007874015748143 ) ;
#1259 = DIRECTION ( 'NONE',  ( 1.000000000000000000, 0.0000000000000000000, -1.355298456929802892E-15 ) ) ;
#1260 = ORIENTED_EDGE ( 'NONE', *, *, #1995, .T. ) ;
#1261 = DIRECTION ( 'NONE',  ( 0.9396926207859080948, 0.0000000000000000000, -0.3420201433256695456 ) ) ;
#1262 = EDGE_CURVE ( 'NONE', #1393, #6720, #1005, .T. ) ;
#1263 = VECTOR ( 'NONE', #334, 39.37007874015748143 ) ;
#1264 = DIRECTION ( 'NONE',  ( -1.000000000000000000, 0.0000000000000000000, -7.776898252968646568E-17 ) ) ;
#1265 = CARTESIAN_POINT ( 'NONE',  ( 0.0000000000000000000, 0.0000000000000000000, 0.0000000000000000000 ) ) ;
#1266 = EDGE_LOOP ( 'NONE', ( #1465, #6468, #6716, #2291 ) ) ;
#1267 = VECTOR ( 'NONE', #6165, 39.37007874015748143 ) ;
#1268 = CYLINDRICAL_SURFACE ( 'NONE', #2010, 0.02855000000000052635 ) ;
#1269 = CARTESIAN_POINT ( 'NONE',  ( 0.2942664688103074355, -0.1100000000000000006, -0.08424999999999957523 ) ) ;
#1270 = EDGE_CURVE ( 'NONE', #1211, #4589, #3022, .T. ) ;
#1271 = ORIENTED_EDGE ( 'NONE', *, *, #3998, .T. ) ;
#1272 = CARTESIAN_POINT ( 'NONE',  ( 1.775935937620614746, -0.1100000000000000006, -9.478001694819074349E-34 ) ) ;
#1273 = AXIS2_PLACEMENT_3D ( 'NONE', #4780, #1169, #7817 ) ;
#1274 = ORIENTED_EDGE ( 'NONE', *, *, #5035, .F. ) ;
#1275 = CARTESIAN_POINT ( 'NONE',  ( 1.399999000000000215, -0.1100000000000000006, -0.09999999999999989453 ) ) ;
#1276 = FACE_BOUND ( 'NONE', #7284, .T. ) ;
#1277 = CARTESIAN_POINT ( 'NONE',  ( 1.281668468810307271, 0.0000000000000000000, -0.08424999999999954747 ) ) ;
#1278 = VERTEX_POINT ( 'NONE', #4225 ) ;
#1279 = ADVANCED_FACE ( 'NONE', ( #4896 ), #1878, .F. ) ;
#1280 = CARTESIAN_POINT ( 'NONE',  ( -0.005732531189692643449, -0.05000000000000000278, -0.08424999999999989442 ) ) ;
#1281 = VECTOR ( 'NONE', #1831, 39.37007874015748854 ) ;
#1282 = CARTESIAN_POINT ( 'NONE',  ( 0.7999990000000001267, -0.1100000000000000006, 0.0000000000000000000 ) ) ;
#1283 = EDGE_CURVE ( 'NONE', #6489, #4634, #4183, .T. ) ;
#1284 = DIRECTION ( 'NONE',  ( 1.000000000000000000, 0.0000000000000000000, 0.0000000000000000000 ) ) ;
#1285 = VERTEX_POINT ( 'NONE', #6713 ) ;
#1286 = AXIS2_PLACEMENT_3D ( 'NONE', #5573, #6362, #4397 ) ;
#1287 = DIRECTION ( 'NONE',  ( -0.3420201433256720991, 0.0000000000000000000, 0.9396926207859070956 ) ) ;
#1288 = EDGE_LOOP ( 'NONE', ( #4563, #7443, #215, #6512 ) ) ;
#1289 = EDGE_CURVE ( 'NONE', #5172, #5278, #2744, .T. ) ;
#1290 = ORIENTED_EDGE ( 'NONE', *, *, #2021, .T. ) ;
#1291 = LINE ( 'NONE', #3705, #5630 ) ;
#1292 = EDGE_LOOP ( 'NONE', ( #1137, #741, #5201, #1085 ) ) ;
#1293 = CARTESIAN_POINT ( 'NONE',  ( 1.537967468810307325, 0.0000000000000000000, -0.02144999999999966725 ) ) ;
#1294 = DIRECTION ( 'NONE',  ( 0.3420201433256662704, -0.0000000000000000000, 0.9396926207859092051 ) ) ;
#1295 = EDGE_CURVE ( 'NONE', #914, #2966, #3579, .T. ) ;
#1296 = ORIENTED_EDGE ( 'NONE', *, *, #737, .F. ) ;
#1297 = DIRECTION ( 'NONE',  ( 0.3420201433256639389, 0.0000000000000000000, -0.9396926207859100932 ) ) ;
#1298 = CARTESIAN_POINT ( 'NONE',  ( 1.375935937620614613, 0.0000000000000000000, -9.478001694819074349E-34 ) ) ;
#1299 = SHAPE_DEFINITION_REPRESENTATION ( #7483, #1462 ) ;
#1300 = LINE ( 'NONE', #3717, #7510 ) ;
#1301 = EDGE_CURVE ( 'NONE', #6913, #228, #6155, .T. ) ;
#1302 = ORIENTED_EDGE ( 'NONE', *, *, #6288, .F. ) ;
#1303 = PLANE ( 'NONE',  #729 ) ;
#1304 = FACE_OUTER_BOUND ( 'NONE', #6104, .T. ) ;
#1305 = ORIENTED_EDGE ( 'NONE', *, *, #2441, .T. ) ;
#1306 = LINE ( 'NONE', #3052, #1129 ) ;
#1307 = ORIENTED_EDGE ( 'NONE', *, *, #5613, .T. ) ;
#1308 = CARTESIAN_POINT ( 'NONE',  ( 1.737967468810307281, 3.673940397442060153E-19, -0.02144999999999966031 ) ) ;
#1309 = CARTESIAN_POINT ( 'NONE',  ( 1.581668468810307315, -0.1100000000000000006, -0.01574999999999998623 ) ) ;
#1310 = ADVANCED_FACE ( 'NONE', ( #1800 ), #6636, .F. ) ;
#1311 = ORIENTED_EDGE ( 'NONE', *, *, #6342, .T. ) ;
#1312 = ORIENTED_EDGE ( 'NONE', *, *, #4981, .T. ) ;
#1313 = CARTESIAN_POINT ( 'NONE',  ( 0.6816684688103075151, -0.1100000000000000006, -0.08424999999999954747 ) ) ;
#1314 = DIRECTION ( 'NONE',  ( -1.000000000000000000, 0.0000000000000000000, -7.776898252968647801E-17 ) ) ;
#1315 = CARTESIAN_POINT ( 'NONE',  ( 0.7379674688103073921, -0.05000000000000000278, -0.07855000000000071647 ) ) ;
#1316 = CIRCLE ( 'NONE', #5741, 0.02855000000000052288 ) ;
#1317 = ORIENTED_EDGE ( 'NONE', *, *, #6436, .T. ) ;
#1318 = CARTESIAN_POINT ( 'NONE',  ( 1.337967468810307370, -0.05000000000000000278, -0.05000000000000019013 ) ) ;
#1319 = EDGE_CURVE ( 'NONE', #6944, #5195, #1614, .T. ) ;
#1320 = ORIENTED_EDGE ( 'NONE', *, *, #3541, .T. ) ;
#1321 = AXIS2_PLACEMENT_3D ( 'NONE', #3474, #1222, #452 ) ;
#1322 = AXIS2_PLACEMENT_3D ( 'NONE', #4723, #4171, #1154 ) ;
#1323 = ORIENTED_EDGE ( 'NONE', *, *, #4277, .T. ) ;
#1324 = CARTESIAN_POINT ( 'NONE',  ( 0.3379674688103073699, 0.0000000000000000000, -0.07855000000000071647 ) ) ;
#1325 = CARTESIAN_POINT ( 'NONE',  ( 0.07593593762061463803, -0.1100000000000000006, -9.478001694819074349E-34 ) ) ;
#1326 = VECTOR ( 'NONE', #7549, 39.37007874015748143 ) ;
#1327 = EDGE_LOOP ( 'NONE', ( #524, #2976, #2991, #4578 ) ) ;
#1328 = CIRCLE ( 'NONE', #5878, 0.02855000000000052288 ) ;
#1329 = CARTESIAN_POINT ( 'NONE',  ( 1.381668468810307360, 0.0000000000000000000, -0.01574999999999998623 ) ) ;
#1330 = EDGE_CURVE ( 'NONE', #7103, #4165, #7299, .T. ) ;
#1331 = FACE_OUTER_BOUND ( 'NONE', #3722, .T. ) ;
#1332 = LINE ( 'NONE', #6012, #5828 ) ;
#1333 = ORIENTED_EDGE ( 'NONE', *, *, #6624, .T. ) ;
#1334 = VECTOR ( 'NONE', #2553, 39.37007874015748143 ) ;
#1335 = AXIS2_PLACEMENT_3D ( 'NONE', #7795, #1185, #7245 ) ;
#1336 = DIRECTION ( 'NONE',  ( 0.0000000000000000000, 1.000000000000000000, 0.0000000000000000000 ) ) ;
#1337 = DIRECTION ( 'NONE',  ( 0.9396926207859080948, 0.0000000000000000000, -0.3420201433256695456 ) ) ;
#1338 = EDGE_CURVE ( 'NONE', #5750, #5601, #7813, .T. ) ;
#1339 = CARTESIAN_POINT ( 'NONE',  ( 1.337967468810307814, 0.1600000000000031120, -0.05000000000000019013 ) ) ;
#1340 = LINE ( 'NONE', #6066, #1820 ) ;
#1341 = ORIENTED_EDGE ( 'NONE', *, *, #4432, .F. ) ;
#1342 = CARTESIAN_POINT ( 'NONE',  ( -0.01203253118969264436, -0.05000000000000000278, -0.01574999999999999664 ) ) ;
#1343 = CARTESIAN_POINT ( 'NONE',  ( 0.03796746881030733239, 3.673940397442060153E-19, -0.02144999999999966031 ) ) ;
#1344 = VERTEX_POINT ( 'NONE', #715 ) ;
#1345 = AXIS2_PLACEMENT_3D ( 'NONE', #6177, #3802, #4917 ) ;
#1346 = EDGE_CURVE ( 'NONE', #297, #7212, #859, .T. ) ;
#1347 = CARTESIAN_POINT ( 'NONE',  ( -0.03066449223692698303, -0.05000000000000000278, -0.01574999999999998623 ) ) ;
#1348 = ORIENTED_EDGE ( 'NONE', *, *, #4317, .F. ) ;
#1349 = LINE ( 'NONE', #5073, #5404 ) ;
#1350 = DIRECTION ( 'NONE',  ( -0.0000000000000000000, 1.000000000000000000, -0.0000000000000000000 ) ) ;
#1351 =( REPRESENTATION_RELATIONSHIP ('NONE','NONE', #1462, #1766 ) REPRESENTATION_RELATIONSHIP_WITH_TRANSFORMATION ( #6044 )SHAPE_REPRESENTATION_RELATIONSHIP( ) );
#1352 = ORIENTED_EDGE ( 'NONE', *, *, #5597, .F. ) ;
#1353 = LINE ( 'NONE', #789, #1750 ) ;
#1354 = DIRECTION ( 'NONE',  ( 1.000000000000000000, 0.0000000000000000000, -0.0000000000000000000 ) ) ;
#1355 = VECTOR ( 'NONE', #2849, 39.37007874015748143 ) ;
#1356 = LINE ( 'NONE', #2580, #6687 ) ;
#1357 = ADVANCED_FACE ( 'NONE', ( #3700 ), #673, .F. ) ;
#1358 = PRODUCT_DEFINITION_CONTEXT ( 'detailed design', #2552, 'design' ) ;
#1359 = VERTEX_POINT ( 'NONE', #6041 ) ;
#1360 = VECTOR ( 'NONE', #1284, 39.37007874015748143 ) ;
#1361 = DIRECTION ( 'NONE',  ( 1.000000000000000000, 0.0000000000000000000, 0.0000000000000000000 ) ) ;
#1362 = ORIENTED_EDGE ( 'NONE', *, *, #7158, .F. ) ;
#1363 = ORIENTED_EDGE ( 'NONE', *, *, #3255, .F. ) ;
#1364 = CARTESIAN_POINT ( 'NONE',  ( 0.7816684688103074929, 0.0000000000000000000, -0.01574999999999998623 ) ) ;
#1365 = LINE ( 'NONE', #7380, #2618 ) ;
#1366 = CARTESIAN_POINT ( 'NONE',  ( 1.481668468810307449, 0.0000000000000000000, -0.01574999999999998623 ) ) ;
#1367 = EDGE_CURVE ( 'NONE', #290, #6734, #7052, .T. ) ;
#1368 = AXIS2_PLACEMENT_3D ( 'NONE', #2106, #224, #750 ) ;
#1369 = VERTEX_POINT ( 'NONE', #2545 ) ;
#1370 = CARTESIAN_POINT ( 'NONE',  ( 1.194266468810307513, 0.0000000000000000000, -0.08424999999999957523 ) ) ;
#1371 = ORIENTED_EDGE ( 'NONE', *, *, #4958, .T. ) ;
#1372 = DIRECTION ( 'NONE',  ( 0.0000000000000000000, 0.0000000000000000000, 1.000000000000000000 ) ) ;
#1373 = DIRECTION ( 'NONE',  ( -0.0000000000000000000, 1.000000000000000000, -0.0000000000000000000 ) ) ;
#1374 = VECTOR ( 'NONE', #7478, 39.37007874015748854 ) ;
#1375 = ORIENTED_EDGE ( 'NONE', *, *, #2913, .T. ) ;
#1376 = EDGE_CURVE ( 'NONE', #563, #3080, #5524, .T. ) ;
#1377 = DIRECTION ( 'NONE',  ( 0.0000000000000000000, 0.0000000000000000000, 1.000000000000000000 ) ) ;
#1378 = LINE ( 'NONE', #4518, #7202 ) ;
#1379 = AXIS2_PLACEMENT_3D ( 'NONE', #7252, #1825, #5477 ) ;
#1380 = CARTESIAN_POINT ( 'NONE',  ( 1.637967468810307858, 0.1600000000000031120, -0.05000000000000019013 ) ) ;
#1381 = DIRECTION ( 'NONE',  ( 0.0000000000000000000, 0.0000000000000000000, 1.000000000000000000 ) ) ;
#1382 = ORIENTED_EDGE ( 'NONE', *, *, #5984, .F. ) ;
#1383 = PLANE ( 'NONE',  #3391 ) ;
#1384 = ADVANCED_FACE ( 'NONE', ( #78 ), #4930, .F. ) ;
#1385 = VECTOR ( 'NONE', #1973, 39.37007874015748143 ) ;
#1386 = CARTESIAN_POINT ( 'NONE',  ( 1.975934937620615894, 0.0000000000000000000, -0.09999999999999974187 ) ) ;
#1387 = ORIENTED_EDGE ( 'NONE', *, *, #3979, .F. ) ;
#1388 = CARTESIAN_POINT ( 'NONE',  ( 1.699999000000000260, -0.05000000000000000278, -0.09999999999999989453 ) ) ;
#1389 = ORIENTED_EDGE ( 'NONE', *, *, #5649, .F. ) ;
#1390 = CARTESIAN_POINT ( 'NONE',  ( 0.8379674688103073699, -0.05000000000000000278, -0.07855000000000071647 ) ) ;
#1391 = CARTESIAN_POINT ( 'NONE',  ( -0.03066449223692698303, -0.05000000000000000278, -0.01574999999999998623 ) ) ;
#1392 = AXIS2_PLACEMENT_3D ( 'NONE', #6053, #6725, #2322 ) ;
#1393 = VERTEX_POINT ( 'NONE', #5486 ) ;
#1394 = DIRECTION ( 'NONE',  ( -0.0000000000000000000, 1.000000000000000000, -0.0000000000000000000 ) ) ;
#1395 = EDGE_CURVE ( 'NONE', #4690, #6608, #39, .T. ) ;
#1396 = CARTESIAN_POINT ( 'NONE',  ( 0.3554501506809683575, -0.05000000000000000278, -0.1562842370364368461 ) ) ;
#1397 = FACE_OUTER_BOUND ( 'NONE', #1998, .T. ) ;
#1398 = VECTOR ( 'NONE', #1035, 39.37007874015748143 ) ;
#1399 = CARTESIAN_POINT ( 'NONE',  ( 0.0000000000000000000, 0.0000000000000000000, 0.0000000000000000000 ) ) ;
#1400 = ORIENTED_EDGE ( 'NONE', *, *, #4192, .T. ) ;
#1401 = CARTESIAN_POINT ( 'NONE',  ( 1.037967468810307547, -0.05000000000000000278, -0.07855000000000071647 ) ) ;
#1402 = CIRCLE ( 'NONE', #5457, 0.02855000000000052288 ) ;
#1403 = VERTEX_POINT ( 'NONE', #1315 ) ;
#1404 = EDGE_CURVE ( 'NONE', #3546, #6048, #3135, .T. ) ;
#1405 = EDGE_LOOP ( 'NONE', ( #3900, #5473, #1051, #5161 ) ) ;
#1406 = CARTESIAN_POINT ( 'NONE',  ( 1.437967468810307237, 0.0000000000000000000, -0.05000000000000019013 ) ) ;
#1407 = CARTESIAN_POINT ( 'NONE',  ( 1.699999000000000260, -0.1100000000000000006, 0.0000000000000000000 ) ) ;
#1408 = DIRECTION ( 'NONE',  ( -0.0000000000000000000, 1.000000000000000000, -0.0000000000000000000 ) ) ;
#1409 = VECTOR ( 'NONE', #1259, 39.37007874015748143 ) ;
#1410 = ORIENTED_EDGE ( 'NONE', *, *, #1764, .T. ) ;
#1411 = LINE ( 'NONE', #1329, #4442 ) ;
#1412 = ORIENTED_EDGE ( 'NONE', *, *, #7396, .T. ) ;
#1413 = CARTESIAN_POINT ( 'NONE',  ( 0.08166846881030738470, -0.1100000000000000006, -0.01574999999999998623 ) ) ;
#1414 = LINE ( 'NONE', #321, #3051 ) ;
#1415 = EDGE_CURVE ( 'NONE', #3494, #7300, #3814, .T. ) ;
#1416 = EDGE_LOOP ( 'NONE', ( #2059, #5707, #7592, #5865 ) ) ;
#1417 = CARTESIAN_POINT ( 'NONE',  ( 0.4942664688103074466, 0.0000000000000000000, -0.01574999999999998623 ) ) ;
#1418 = DIRECTION ( 'NONE',  ( -1.000000000000000000, -0.0000000000000000000, -0.0000000000000000000 ) ) ;
#1419 = DIRECTION ( 'NONE',  ( -3.491481338843133355E-15, -1.000000000000000000, 0.0000000000000000000 ) ) ;
#1420 = CARTESIAN_POINT ( 'NONE',  ( 1.081668468810307537, -0.1100000000000000006, -0.08424999999999954747 ) ) ;
#1421 = CARTESIAN_POINT ( 'NONE',  ( 1.881668468810307582, -0.1100000000000000006, -0.01574999999999998623 ) ) ;
#1422 = EDGE_CURVE ( 'NONE', #228, #1662, #5596, .T. ) ;
#1423 = CARTESIAN_POINT ( 'NONE',  ( 0.8942664688103074688, -0.05000000000000000278, -0.01574999999999998623 ) ) ;
#1424 = DIRECTION ( 'NONE',  ( -0.0000000000000000000, 1.000000000000000000, -0.0000000000000000000 ) ) ;
#1425 = EDGE_LOOP ( 'NONE', ( #2700, #7657, #1641, #2248 ) ) ;
#1426 = PLANE ( 'NONE',  #4430 ) ;
#1427 = ORIENTED_EDGE ( 'NONE', *, *, #6232, .F. ) ;
#1428 = LINE ( 'NONE', #784, #705 ) ;
#1429 = DIRECTION ( 'NONE',  ( -1.000000000000000000, 0.0000000000000000000, -0.0000000000000000000 ) ) ;
#1430 = ADVANCED_FACE ( 'NONE', ( #752 ), #791, .F. ) ;
#1431 = ORIENTED_EDGE ( 'NONE', *, *, #6259, .F. ) ;
#1432 = ORIENTED_EDGE ( 'NONE', *, *, #7205, .T. ) ;
#1433 = CARTESIAN_POINT ( 'NONE',  ( 0.2942664688103074355, -0.1100000000000000006, -0.08424999999999957523 ) ) ;
#1434 = DIRECTION ( 'NONE',  ( -0.0000000000000000000, 1.000000000000000000, -0.0000000000000000000 ) ) ;
#1435 = DIRECTION ( 'NONE',  ( -0.3420201433256720991, 0.0000000000000000000, 0.9396926207859070956 ) ) ;
#1436 = LINE ( 'NONE', #2111, #6570 ) ;
#1437 = ORIENTED_EDGE ( 'NONE', *, *, #7180, .F. ) ;
#1438 = EDGE_CURVE ( 'NONE', #4377, #5949, #2658, .T. ) ;
#1439 = DIRECTION ( 'NONE',  ( 0.0000000000000000000, 0.0000000000000000000, 1.000000000000000000 ) ) ;
#1440 = ORIENTED_EDGE ( 'NONE', *, *, #560, .F. ) ;
#1441 = VERTEX_POINT ( 'NONE', #3171 ) ;
#1442 = VECTOR ( 'NONE', #1653, 39.37007874015748854 ) ;
#1443 = DIRECTION ( 'NONE',  ( -0.9396926207859072067, 0.0000000000000000000, -0.3420201433256721546 ) ) ;
#1444 = LINE ( 'NONE', #7572, #6682 ) ;
#1445 = ADVANCED_FACE ( 'NONE', ( #6348 ), #3290, .F. ) ;
#1446 = ORIENTED_EDGE ( 'NONE', *, *, #838, .F. ) ;
#1447 = CYLINDRICAL_SURFACE ( 'NONE', #6083, 0.02855000000000052635 ) ;
#1448 = ORIENTED_EDGE ( 'NONE', *, *, #4828, .F. ) ;
#1449 = VECTOR ( 'NONE', #7349, 39.37007874015748143 ) ;
#1450 = DIRECTION ( 'NONE',  ( -1.000000000000000000, 0.0000000000000000000, -0.0000000000000000000 ) ) ;
#1451 = CONICAL_SURFACE ( 'NONE', #3852, 0.02249999999999293537, 0.7853981633985079869 ) ;
#1452 = FILL_AREA_STYLE ('',( #5648 ) ) ;
#1453 = EDGE_LOOP ( 'NONE', ( #1504, #1955, #3825, #4130 ) ) ;
#1454 = VECTOR ( 'NONE', #3832, 39.37007874015748143 ) ;
#1455 = PLANE ( 'NONE',  #7640 ) ;
#1456 = AXIS2_PLACEMENT_3D ( 'NONE', #6549, #5760, #6503 ) ;
#1457 = EDGE_CURVE ( 'NONE', #3696, #3554, #3893, .T. ) ;
#1458 = DIRECTION ( 'NONE',  ( 0.0000000000000000000, 0.0000000000000000000, 1.000000000000000000 ) ) ;
#1459 = LINE ( 'NONE', #5215, #411 ) ;
#1460 = DIRECTION ( 'NONE',  ( -1.000000000000000000, 0.0000000000000000000, -7.776898252968647801E-17 ) ) ;
#1461 = VECTOR ( 'NONE', #1692, 39.37007874015748143 ) ;
#1462 = SHAPE_REPRESENTATION ( 'mill-max-364-10-120-00-580000', ( #4256, #2593, #5007, #4762, #6524, #1335, #5884, #7533, #1210, #2978, #6776, #7648, #5759, #3996, #6146, #4629, #4129, #1591, #694, #567, #3222, #2721 ), #3481 ) ;
#1463 = CARTESIAN_POINT ( 'NONE',  ( 0.0000000000000000000, -0.05000000000000000278, 0.0000000000000000000 ) ) ;
#1464 = CARTESIAN_POINT ( 'NONE',  ( 1.881668468810307582, -0.1100000000000000006, -0.01574999999999998623 ) ) ;
#1465 = ORIENTED_EDGE ( 'NONE', *, *, #7821, .T. ) ;
#1466 = EDGE_CURVE ( 'NONE', #6628, #5284, #1356, .T. ) ;
#1467 = DIRECTION ( 'NONE',  ( 0.0000000000000000000, 0.0000000000000000000, 1.000000000000000000 ) ) ;
#1468 = ORIENTED_EDGE ( 'NONE', *, *, #3928, .F. ) ;
#1469 = DIRECTION ( 'NONE',  ( -1.000000000000000000, -0.0000000000000000000, -0.0000000000000000000 ) ) ;
#1470 = CARTESIAN_POINT ( 'NONE',  ( 0.2816684688103074374, -0.05000000000000000278, -0.08424999999999954747 ) ) ;
#1471 = VERTEX_POINT ( 'NONE', #7492 ) ;
#1472 = ORIENTED_EDGE ( 'NONE', *, *, #945, .F. ) ;
#1473 = CARTESIAN_POINT ( 'NONE',  ( 1.299999000000000127, -0.05000000000000000278, 0.0000000000000000000 ) ) ;
#1474 = VECTOR ( 'NONE', #1712, 39.37007874015748143 ) ;
#1475 = DIRECTION ( 'NONE',  ( 1.355298456929802892E-15, 0.0000000000000000000, 1.000000000000000000 ) ) ;
#1476 = CARTESIAN_POINT ( 'NONE',  ( -0.03066449223692698303, -0.05000000000000000278, -0.01574999999999998623 ) ) ;
#1477 = EDGE_CURVE ( 'NONE', #1393, #1776, #4966, .T. ) ;
#1478 = SURFACE_STYLE_FILL_AREA ( #6903 ) ;
#1479 = ORIENTED_EDGE ( 'NONE', *, *, #4907, .T. ) ;
#1480 = DIRECTION ( 'NONE',  ( -0.0000000000000000000, 1.000000000000000000, -0.0000000000000000000 ) ) ;
#1481 = PRODUCT_DEFINITION_SHAPE ( 'NONE', 'NONE',  #7845 ) ;
#1482 = VERTEX_POINT ( 'NONE', #5633 ) ;
#1483 = VERTEX_POINT ( 'NONE', #5114 ) ;
#1484 = CARTESIAN_POINT ( 'NONE',  ( 1.781668468810307493, 0.0000000000000000000, -0.01574999999999998623 ) ) ;
#1485 = CARTESIAN_POINT ( 'NONE',  ( 0.8379674688103073699, 0.0000000000000000000, -0.02144999999999966725 ) ) ;
#1486 = EDGE_CURVE ( 'NONE', #5679, #3575, #6311, .T. ) ;
#1487 = VECTOR ( 'NONE', #1221, 39.37007874015748143 ) ;
#1488 = ORIENTED_EDGE ( 'NONE', *, *, #1745, .T. ) ;
#1489 = CARTESIAN_POINT ( 'NONE',  ( 1.499999000000000082, -0.05000000000000000278, 0.0000000000000000000 ) ) ;
#1490 = VERTEX_POINT ( 'NONE', #4382 ) ;
#1491 = LINE ( 'NONE', #6325, #2337 ) ;
#1492 = CARTESIAN_POINT ( 'NONE',  ( 0.2999990000000001267, 0.0000000000000000000, -0.09999999999999989453 ) ) ;
#1493 = ORIENTED_EDGE ( 'NONE', *, *, #4432, .T. ) ;
#1494 = EDGE_CURVE ( 'NONE', #2414, #5535, #881, .T. ) ;
#1495 = LINE ( 'NONE', #5059, #1326 ) ;
#1496 = CARTESIAN_POINT ( 'NONE',  ( -0.03066449223692698303, -0.05000000000000000278, -0.01574999999999998623 ) ) ;
#1497 = CONTEXT_DEPENDENT_SHAPE_REPRESENTATION ( #3510, #3308 ) ;
#1498 = CARTESIAN_POINT ( 'NONE',  ( 0.7999990000000001267, -0.05000000000000000278, -0.09999999999999989453 ) ) ;
#1499 = VECTOR ( 'NONE', #3315, 39.37007874015748143 ) ;
#1500 = LINE ( 'NONE', #6334, #1534 ) ;
#1501 = EDGE_CURVE ( 'NONE', #3924, #1529, #2069, .T. ) ;
#1502 = CARTESIAN_POINT ( 'NONE',  ( 0.0000000000000000000, 3.245314017740660621E-18, -0.02650000000000142519 ) ) ;
#1503 = LINE ( 'NONE', #371, #2462 ) ;
#1504 = ORIENTED_EDGE ( 'NONE', *, *, #6215, .T. ) ;
#1505 = VECTOR ( 'NONE', #742, 39.37007874015748143 ) ;
#1506 = CARTESIAN_POINT ( 'NONE',  ( 1.481668468810307449, -0.1100000000000000006, -0.01574999999999998623 ) ) ;
#1507 = ORIENTED_EDGE ( 'NONE', *, *, #551, .T. ) ;
#1508 = CARTESIAN_POINT ( 'NONE',  ( 1.481668468810307449, 0.0000000000000000000, -0.01574999999999998623 ) ) ;
#1509 = ORIENTED_EDGE ( 'NONE', *, *, #4508, .F. ) ;
#1510 = AXIS2_PLACEMENT_3D ( 'NONE', #3641, #22, #697 ) ;
#1511 = ADVANCED_FACE ( 'NONE', ( #5081 ), #262, .F. ) ;
#1512 = DIRECTION ( 'NONE',  ( 0.9396926207859100932, 0.0000000000000000000, 0.3420201433256638834 ) ) ;
#1513 = CARTESIAN_POINT ( 'NONE',  ( 0.4379674688103074032, -0.05000000000000000278, -0.05000000000000019013 ) ) ;
#1514 = DIRECTION ( 'NONE',  ( -0.0000000000000000000, 1.000000000000000000, -0.0000000000000000000 ) ) ;
#1515 = DIRECTION ( 'NONE',  ( 0.3420201433256663259, 0.0000000000000000000, 0.9396926207859092051 ) ) ;
#1516 = AXIS2_PLACEMENT_3D ( 'NONE', #6366, #6481, #2167 ) ;
#1517 = ORIENTED_EDGE ( 'NONE', *, *, #6797, .T. ) ;
#1518 = LINE ( 'NONE', #6352, #1528 ) ;
#1519 = EDGE_CURVE ( 'NONE', #172, #7711, #4420, .T. ) ;
#1520 = VERTEX_POINT ( 'NONE', #6822 ) ;
#1521 = ADVANCED_FACE ( 'NONE', ( #1397 ), #4533, .F. ) ;
#1522 = ORIENTED_EDGE ( 'NONE', *, *, #7433, .T. ) ;
#1523 = VECTOR ( 'NONE', #3369, 39.37007874015748143 ) ;
#1524 = DIRECTION ( 'NONE',  ( -0.9396926207859093161, 0.0000000000000000000, 0.3420201433256663814 ) ) ;
#1525 = CARTESIAN_POINT ( 'NONE',  ( 1.381668468810307360, 0.0000000000000000000, -0.08424999999999954747 ) ) ;
#1526 = ORIENTED_EDGE ( 'NONE', *, *, #6787, .T. ) ;
#1527 = LINE ( 'NONE', #4177, #1838 ) ;
#1528 = VECTOR ( 'NONE', #7017, 39.37007874015748854 ) ;
#1529 = VERTEX_POINT ( 'NONE', #3850 ) ;
#1530 = LINE ( 'NONE', #2160, #5570 ) ;
#1531 = EDGE_CURVE ( 'NONE', #1931, #5426, #6270, .T. ) ;
#1532 = CARTESIAN_POINT ( 'NONE',  ( 1.199999000000000260, -0.1100000000000000006, 0.0000000000000000000 ) ) ;
#1533 = ORIENTED_EDGE ( 'NONE', *, *, #5175, .T. ) ;
#1534 = VECTOR ( 'NONE', #1733, 39.37007874015748143 ) ;
#1535 = CARTESIAN_POINT ( 'NONE',  ( 0.9759359376206147019, 0.0000000000000000000, -0.09999999999999989453 ) ) ;
#1536 = CARTESIAN_POINT ( 'NONE',  ( 0.9816684688103075596, -0.05000000000000000278, -0.08424999999999954747 ) ) ;
#1537 = CARTESIAN_POINT ( 'NONE',  ( -2.731847993664263218E-16, -2.184927303871794286E-15, 0.0000000000000000000 ) ) ;
#1538 = EDGE_CURVE ( 'NONE', #6719, #4433, #5673, .T. ) ;
#1539 = VECTOR ( 'NONE', #1020, 39.37007874015748143 ) ;
#1540 = PLANE ( 'NONE',  #3805 ) ;
#1541 = DIRECTION ( 'NONE',  ( 0.0000000000000000000, 1.000000000000000000, 0.0000000000000000000 ) ) ;
#1542 = LINE ( 'NONE', #7591, #1701 ) ;
#1543 = ORIENTED_EDGE ( 'NONE', *, *, #964, .F. ) ;
#1544 = DIRECTION ( 'NONE',  ( 0.3420201433256639389, 0.0000000000000000000, -0.9396926207859100932 ) ) ;
#1545 = PRODUCT_DEFINITION_SHAPE ( 'NONE', 'NONE',  #7841 ) ;
#1546 = ORIENTED_EDGE ( 'NONE', *, *, #3450, .F. ) ;
#1547 = EDGE_CURVE ( 'NONE', #7730, #6400, #4724, .T. ) ;
#1548 = DIRECTION ( 'NONE',  ( 0.0000000000000000000, 0.0000000000000000000, 1.000000000000000000 ) ) ;
#1549 = ORIENTED_EDGE ( 'NONE', *, *, #1092, .F. ) ;
#1550 = DIRECTION ( 'NONE',  ( 0.3420201433256638834, 0.0000000000000000000, -0.9396926207859100932 ) ) ;
#1551 = CARTESIAN_POINT ( 'NONE',  ( 1.494266468810307558, 0.0000000000000000000, -0.08424999999999957523 ) ) ;
#1552 = CARTESIAN_POINT ( 'NONE',  ( 0.3379674688103073699, 0.0000000000000000000, -0.05000000000000019013 ) ) ;
#1553 = DIRECTION ( 'NONE',  ( 7.776898252968646568E-17, 0.0000000000000000000, -1.000000000000000000 ) ) ;
#1554 = ORIENTED_EDGE ( 'NONE', *, *, #439, .T. ) ;
#1555 = LINE ( 'NONE', #1080, #6597 ) ;
#1556 = ORIENTED_EDGE ( 'NONE', *, *, #1319, .T. ) ;
#1557 = VERTEX_POINT ( 'NONE', #5230 ) ;
#1558 = CARTESIAN_POINT ( 'NONE',  ( 0.1943301270189207730, 3.245314017740660621E-18, -0.02650000000000142519 ) ) ;
#1559 = DIRECTION ( 'NONE',  ( -1.000000000000000000, -0.0000000000000000000, -0.0000000000000000000 ) ) ;
#1560 = ORIENTED_EDGE ( 'NONE', *, *, #1897, .T. ) ;
#1561 = EDGE_CURVE ( 'NONE', #764, #3560, #2851, .T. ) ;
#1562 = ORIENTED_EDGE ( 'NONE', *, *, #5857, .T. ) ;
#1563 = CARTESIAN_POINT ( 'NONE',  ( 0.9942664688103074466, -0.05000000000000000278, -0.01574999999999998623 ) ) ;
#1564 = CARTESIAN_POINT ( 'NONE',  ( 0.8816684688103074707, 0.0000000000000000000, -0.01574999999999998623 ) ) ;
#1565 = ORIENTED_EDGE ( 'NONE', *, *, #1772, .F. ) ;
#1566 = VERTEX_POINT ( 'NONE', #5314 ) ;
#1567 = FACE_OUTER_BOUND ( 'NONE', #1453, .T. ) ;
#1568 = EDGE_CURVE ( 'NONE', #5195, #6944, #893, .T. ) ;
#1569 = AXIS2_PLACEMENT_3D ( 'NONE', #2008, #4436, #1450 ) ;
#1570 = CARTESIAN_POINT ( 'NONE',  ( 0.5816684688103074263, 0.0000000000000000000, -0.08424999999999954747 ) ) ;
#1571 = FACE_OUTER_BOUND ( 'NONE', #7006, .T. ) ;
#1572 = DIRECTION ( 'NONE',  ( -0.0000000000000000000, 1.000000000000000000, -0.0000000000000000000 ) ) ;
#1573 = VECTOR ( 'NONE', #2319, 39.37007874015748143 ) ;
#1574 = VECTOR ( 'NONE', #4955, 39.37007874015748143 ) ;
#1575 = LINE ( 'NONE', #1502, #4424 ) ;
#1576 = CARTESIAN_POINT ( 'NONE',  ( 1.481668468810307449, -0.05000000000000000278, -0.08424999999999954747 ) ) ;
#1577 = ORIENTED_EDGE ( 'NONE', *, *, #6103, .T. ) ;
#1578 = EDGE_CURVE ( 'NONE', #845, #1278, #4943, .T. ) ;
#1579 = CARTESIAN_POINT ( 'NONE',  ( 0.7816684688103074929, -0.05000000000000000278, -0.01574999999999998623 ) ) ;
#1580 = VECTOR ( 'NONE', #3746, 39.37007874015748143 ) ;
#1581 = VERTEX_POINT ( 'NONE', #2145 ) ;
#1582 =( NAMED_UNIT ( * ) PLANE_ANGLE_UNIT ( ) SI_UNIT ( $, .RADIAN. ) );
#1583 = CARTESIAN_POINT ( 'NONE',  ( 0.3816684688103073597, -0.1100000000000000006, -0.01574999999999998623 ) ) ;
#1584 = AXIS2_PLACEMENT_3D ( 'NONE', #101, #136, #7360 ) ;
#1585 = ORIENTED_EDGE ( 'NONE', *, *, #1283, .T. ) ;
#1586 = LINE ( 'NONE', #4005, #724 ) ;
#1587 = AXIS2_PLACEMENT_3D ( 'NONE', #4895, #4777, #3660 ) ;
#1588 = DIRECTION ( 'NONE',  ( 0.0000000000000000000, 1.000000000000000000, 0.0000000000000000000 ) ) ;
#1589 = EDGE_CURVE ( 'NONE', #584, #7717, #464, .T. ) ;
#1590 = LINE ( 'NONE', #5945, #4695 ) ;
#1591 = AXIS2_PLACEMENT_3D ( 'NONE', #1935, #7285, #4985 ) ;
#1592 = LINE ( 'NONE', #5273, #2641 ) ;
#1593 = ORIENTED_EDGE ( 'NONE', *, *, #857, .T. ) ;
#1594 = CARTESIAN_POINT ( 'NONE',  ( 1.681668468810307404, 0.0000000000000000000, -0.08424999999999954747 ) ) ;
#1595 = VERTEX_POINT ( 'NONE', #2890 ) ;
#1596 = ORIENTED_EDGE ( 'NONE', *, *, #363, .T. ) ;
#1597 = CARTESIAN_POINT ( 'NONE',  ( -0.03066449223692707671, -0.05000000000000000278, -0.08424999999999913114 ) ) ;
#1598 = EDGE_CURVE ( 'NONE', #6995, #6950, #6461, .T. ) ;
#1599 = CARTESIAN_POINT ( 'NONE',  ( 1.794266468810307602, -0.1100000000000000006, -0.08424999999999957523 ) ) ;
#1600 = VERTEX_POINT ( 'NONE', #1668 ) ;
#1601 = ORIENTED_EDGE ( 'NONE', *, *, #2546, .F. ) ;
#1602 = CARTESIAN_POINT ( 'NONE',  ( 1.937967468810307459, -0.05000000000000000278, -0.07855000000000071647 ) ) ;
#1603 = AXIS2_PLACEMENT_3D ( 'NONE', #5745, #4462, #7532 ) ;
#1604 = CARTESIAN_POINT ( 'NONE',  ( 0.0000000000000000000, 0.0000000000000000000, 0.0000000000000000000 ) ) ;
#1605 = VERTEX_POINT ( 'NONE', #4090 ) ;
#1606 = ORIENTED_EDGE ( 'NONE', *, *, #269, .T. ) ;
#1607 = ADVANCED_FACE ( 'NONE', ( #2733 ), #5154, .F. ) ;
#1608 = CARTESIAN_POINT ( 'NONE',  ( 0.1850000000000032174, 0.0000000000000000000, 0.0000000000000000000 ) ) ;
#1609 = VECTOR ( 'NONE', #1559, 39.37007874015748143 ) ;
#1610 = AXIS2_PLACEMENT_3D ( 'NONE', #1003, #4614, #3451 ) ;
#1611 = LINE ( 'NONE', #2244, #1640 ) ;
#1612 = LINE ( 'NONE', #3993, #938 ) ;
#1613 = DIRECTION ( 'NONE',  ( 0.3420201433256695456, 0.0000000000000000000, 0.9396926207859080948 ) ) ;
#1614 = CIRCLE ( 'NONE', #4023, 0.02855000000000052288 ) ;
#1615 = EDGE_CURVE ( 'NONE', #2386, #3531, #7053, .T. ) ;
#1616 = ORIENTED_EDGE ( 'NONE', *, *, #2225, .T. ) ;
#1617 = CARTESIAN_POINT ( 'NONE',  ( 0.8852634836166629606, -0.05000000000000000278, -0.3491205199423975669 ) ) ;
#1618 = DIRECTION ( 'NONE',  ( -1.000000000000000000, -0.0000000000000000000, -0.0000000000000000000 ) ) ;
#1619 = CARTESIAN_POINT ( 'NONE',  ( 1.794266468810307602, 0.0000000000000000000, -0.01574999999999998623 ) ) ;
#1620 = ORIENTED_EDGE ( 'NONE', *, *, #7473, .F. ) ;
#1621 = VECTOR ( 'NONE', #4605, 39.37007874015748143 ) ;
#1622 = CARTESIAN_POINT ( 'NONE',  ( -0.03066449223692707671, -0.05000000000000000278, -0.08424999999999777112 ) ) ;
#1623 = ORIENTED_EDGE ( 'NONE', *, *, #1477, .F. ) ;
#1624 = DIRECTION ( 'NONE',  ( 0.3420201433256638834, 0.0000000000000000000, -0.9396926207859100932 ) ) ;
#1625 = EDGE_LOOP ( 'NONE', ( #1765, #1790, #3050, #3011 ) ) ;
#1626 = EDGE_CURVE ( 'NONE', #4956, #3139, #7565, .T. ) ;
#1627 = AXIS2_PLACEMENT_3D ( 'NONE', #6925, #3433, #984 ) ;
#1628 = DIRECTION ( 'NONE',  ( 0.9396926207859100932, 0.0000000000000000000, 0.3420201433256638834 ) ) ;
#1629 = LINE ( 'NONE', #4531, #4623 ) ;
#1630 = FACE_OUTER_BOUND ( 'NONE', #1405, .T. ) ;
#1631 = DIRECTION ( 'NONE',  ( -1.000000000000000000, -0.0000000000000000000, -0.0000000000000000000 ) ) ;
#1632 = ORIENTED_EDGE ( 'NONE', *, *, #7311, .F. ) ;
#1633 = CARTESIAN_POINT ( 'NONE',  ( 0.009000000000000368816, 0.008999999999998592459, 0.0000000000000000000 ) ) ;
#1634 = LINE ( 'NONE', #5197, #4330 ) ;
#1635 = EDGE_CURVE ( 'NONE', #6400, #7137, #1707, .T. ) ;
#1636 = ORIENTED_EDGE ( 'NONE', *, *, #767, .T. ) ;
#1637 = CARTESIAN_POINT ( 'NONE',  ( 0.3379674688103073699, 3.673940397442060153E-19, -0.05000000000000019013 ) ) ;
#1638 = DIRECTION ( 'NONE',  ( 1.000000000000000000, 0.0000000000000000000, -0.0000000000000000000 ) ) ;
#1639 = CARTESIAN_POINT ( 'NONE',  ( 1.475935937620614702, -0.05000000000000000278, -9.478001694819074349E-34 ) ) ;
#1640 = VECTOR ( 'NONE', #1054, 39.37007874015748143 ) ;
#1641 = ORIENTED_EDGE ( 'NONE', *, *, #2624, .T. ) ;
#1642 = VERTEX_POINT ( 'NONE', #7603 ) ;
#1643 = CONTEXT_DEPENDENT_SHAPE_REPRESENTATION ( #7454, #6984 ) ;
#1644 = ADVANCED_FACE ( 'NONE', ( #1630 ), #7722, .F. ) ;
#1645 = CARTESIAN_POINT ( 'NONE',  ( 0.0000000000000000000, 0.0000000000000000000, 0.0000000000000000000 ) ) ;
#1646 = AXIS2_PLACEMENT_3D ( 'NONE', #3146, #3905, #5569 ) ;
#1647 = ORIENTED_EDGE ( 'NONE', *, *, #5561, .T. ) ;
#1648 = EDGE_LOOP ( 'NONE', ( #6761, #3593, #5920, #6164 ) ) ;
#1649 = CARTESIAN_POINT ( 'NONE',  ( 0.6816684688103075151, -0.1100000000000000006, -0.08424999999999954747 ) ) ;
#1650 = VECTOR ( 'NONE', #562, 39.37007874015748143 ) ;
#1651 = FACE_OUTER_BOUND ( 'NONE', #2455, .T. ) ;
#1652 = EDGE_CURVE ( 'NONE', #3338, #3924, #1590, .T. ) ;
#1653 = DIRECTION ( 'NONE',  ( -0.3420201433256720991, 0.0000000000000000000, 0.9396926207859070956 ) ) ;
#1654 = ORIENTED_EDGE ( 'NONE', *, *, #7609, .F. ) ;
#1655 = VECTOR ( 'NONE', #7728, 39.37007874015748143 ) ;
#1656 = CARTESIAN_POINT ( 'NONE',  ( 0.9379674688103074587, 3.673940397442060153E-19, -0.07855000000000071647 ) ) ;
#1657 = CARTESIAN_POINT ( 'NONE',  ( 1.537967468810307325, -0.05000000000000000278, -0.07855000000000071647 ) ) ;
#1658 = DIRECTION ( 'NONE',  ( 0.3420201433256663259, 0.0000000000000000000, 0.9396926207859092051 ) ) ;
#1659 = VERTEX_POINT ( 'NONE', #4607 ) ;
#1660 = CARTESIAN_POINT ( 'NONE',  ( 0.09999900000000011557, -0.1100000000000000006, -0.09999999999999989453 ) ) ;
#1661 = VECTOR ( 'NONE', #1460, 39.37007874015748143 ) ;
#1662 = VERTEX_POINT ( 'NONE', #4051 ) ;
#1663 = EDGE_CURVE ( 'NONE', #3643, #1595, #7012, .T. ) ;
#1664 = CARTESIAN_POINT ( 'NONE',  ( 0.5942664688103074244, 0.0000000000000000000, -0.08424999999999957523 ) ) ;
#1665 = ORIENTED_EDGE ( 'NONE', *, *, #2754, .F. ) ;
#1666 = CARTESIAN_POINT ( 'NONE',  ( 1.381668468810307360, -0.1100000000000000006, -0.08424999999999954747 ) ) ;
#1667 = CARTESIAN_POINT ( 'NONE',  ( 1.594266468810307424, -0.05000000000000000278, -0.08424999999999957523 ) ) ;
#1668 = CARTESIAN_POINT ( 'NONE',  ( 1.394266468810307469, 0.0000000000000000000, -0.08424999999999957523 ) ) ;
#1669 = EDGE_CURVE ( 'NONE', #514, #3183, #6499, .T. ) ;
#1670 = LINE ( 'NONE', #5231, #3526 ) ;
#1671 = EDGE_LOOP ( 'NONE', ( #4867, #7503 ) ) ;
#1672 = FACE_OUTER_BOUND ( 'NONE', #5303, .T. ) ;
#1673 = CARTESIAN_POINT ( 'NONE',  ( 1.275935937620614746, -0.05000000000000000278, -9.478001694819074349E-34 ) ) ;
#1674 = LINE ( 'NONE', #5120, #5327 ) ;
#1675 = VERTEX_POINT ( 'NONE', #3405 ) ;
#1676 = DIRECTION ( 'NONE',  ( -1.000000000000000000, 0.0000000000000000000, -7.776898252968647801E-17 ) ) ;
#1677 = PLANE ( 'NONE',  #4885 ) ;
#1678 = DIRECTION ( 'NONE',  ( 0.9396926207859080948, 0.0000000000000000000, -0.3420201433256695456 ) ) ;
#1679 = EDGE_CURVE ( 'NONE', #2044, #7410, #3677, .T. ) ;
#1680 = VERTEX_POINT ( 'NONE', #7680 ) ;
#1681 = EDGE_LOOP ( 'NONE', ( #851, #1726, #6774, #2420 ) ) ;
#1682 = LINE ( 'NONE', #320, #2412 ) ;
#1683 = VERTEX_POINT ( 'NONE', #1073 ) ;
#1684 = ORIENTED_EDGE ( 'NONE', *, *, #6145, .F. ) ;
#1685 = DIRECTION ( 'NONE',  ( 0.9396926207859080948, 0.0000000000000000000, -0.3420201433256695456 ) ) ;
#1686 = EDGE_CURVE ( 'NONE', #3385, #2937, #3486, .T. ) ;
#1687 = CARTESIAN_POINT ( 'NONE',  ( 0.6942664688103074022, -0.1100000000000000006, -0.01574999999999998623 ) ) ;
#1688 = AXIS2_PLACEMENT_3D ( 'NONE', #338, #5666, #1548 ) ;
#1689 = PLANE ( 'NONE',  #5496 ) ;
#1690 = CARTESIAN_POINT ( 'NONE',  ( 0.09426646881030739666, -0.1100000000000000006, -0.08424999999999957523 ) ) ;
#1691 = EDGE_LOOP ( 'NONE', ( #5758, #2124, #7562, #360 ) ) ;
#1692 = DIRECTION ( 'NONE',  ( -0.0000000000000000000, 1.000000000000000000, -0.0000000000000000000 ) ) ;
#1693 = LINE ( 'NONE', #4160, #1867 ) ;
#1694 = VECTOR ( 'NONE', #5378, 39.37007874015748143 ) ;
#1695 = CARTESIAN_POINT ( 'NONE',  ( -0.005732531189692642581, 0.0000000000000000000, -0.01574999999999999664 ) ) ;
#1696 = EDGE_CURVE ( 'NONE', #1853, #2439, #4702, .T. ) ;
#1697 = ORIENTED_EDGE ( 'NONE', *, *, #5393, .F. ) ;
#1698 = CARTESIAN_POINT ( 'NONE',  ( 1.937967468810307459, 0.0000000000000000000, -0.05000000000000019013 ) ) ;
#1699 = EDGE_LOOP ( 'NONE', ( #143, #332, #6786, #6855 ) ) ;
#1700 = CARTESIAN_POINT ( 'NONE',  ( 1.881668468810307582, 0.0000000000000000000, -0.01574999999999998623 ) ) ;
#1701 = VECTOR ( 'NONE', #2173, 39.37007874015748143 ) ;
#1702 = VECTOR ( 'NONE', #6310, 39.37007874015748143 ) ;
#1703 = ORIENTED_EDGE ( 'NONE', *, *, #23, .F. ) ;
#1704 = CARTESIAN_POINT ( 'NONE',  ( 0.6379674688103074143, -0.05000000000000000278, -0.05000000000000019013 ) ) ;
#1705 = PLANE ( 'NONE',  #1322 ) ;
#1706 = ADVANCED_FACE ( 'NONE', ( #7105 ), #6516, .F. ) ;
#1707 = LINE ( 'NONE', #4009, #364 ) ;
#1708 = AXIS2_PLACEMENT_3D ( 'NONE', #1608, #1729, #5372 ) ;
#1709 = VECTOR ( 'NONE', #4923, 39.37007874015748143 ) ;
#1710 = CARTESIAN_POINT ( 'NONE',  ( 0.5379674688103074365, 0.0000000000000000000, -0.02144999999999966725 ) ) ;
#1711 = ORIENTED_EDGE ( 'NONE', *, *, #7758, .T. ) ;
#1712 = DIRECTION ( 'NONE',  ( -1.000000000000000000, 0.0000000000000000000, -7.776898252968647801E-17 ) ) ;
#1713 = CARTESIAN_POINT ( 'NONE',  ( 0.1850000000000032174, 0.0000000000000000000, 0.02900000000000000147 ) ) ;
#1714 = LINE ( 'NONE', #5360, #4699 ) ;
#1715 = ORIENTED_EDGE ( 'NONE', *, *, #7396, .F. ) ;
#1716 = VECTOR ( 'NONE', #2077, 39.37007874015748143 ) ;
#1717 = EDGE_CURVE ( 'NONE', #3779, #2969, #1091, .T. ) ;
#1718 = LINE ( 'NONE', #6430, #7304 ) ;
#1719 = DIRECTION ( 'NONE',  ( -1.000000000000000000, 0.0000000000000000000, -7.776898252968646568E-17 ) ) ;
#1720 = DIRECTION ( 'NONE',  ( -0.0000000000000000000, 1.000000000000000000, -0.0000000000000000000 ) ) ;
#1721 = VERTEX_POINT ( 'NONE', #7655 ) ;
#1722 = CONTEXT_DEPENDENT_SHAPE_REPRESENTATION ( #1895, #2936 ) ;
#1723 = CARTESIAN_POINT ( 'NONE',  ( 0.4379674688103074032, -0.05000000000000000278, -0.02144999999999967072 ) ) ;
#1724 = ORIENTED_EDGE ( 'NONE', *, *, #3492, .T. ) ;
#1725 = EDGE_CURVE ( 'NONE', #1962, #4226, #1682, .T. ) ;
#1726 = ORIENTED_EDGE ( 'NONE', *, *, #892, .T. ) ;
#1727 = ADVANCED_FACE ( 'NONE', ( #2903 ), #4105, .F. ) ;
#1728 = VECTOR ( 'NONE', #7365, 39.37007874015748143 ) ;
#1729 = DIRECTION ( 'NONE',  ( -1.000000000000000000, -0.0000000000000000000, -0.0000000000000000000 ) ) ;
#1730 = ORIENTED_EDGE ( 'NONE', *, *, #7433, .F. ) ;
#1731 = CARTESIAN_POINT ( 'NONE',  ( 1.499999000000000082, -0.1100000000000000006, -0.09999999999999989453 ) ) ;
#1732 = CARTESIAN_POINT ( 'NONE',  ( 1.099999000000000171, -0.05000000000000000278, -0.09999999999999989453 ) ) ;
#1733 = DIRECTION ( 'NONE',  ( -0.0000000000000000000, 1.000000000000000000, -0.0000000000000000000 ) ) ;
#1734 = EDGE_CURVE ( 'NONE', #4314, #1595, #1530, .T. ) ;
#1735 = VERTEX_POINT ( 'NONE', #5169 ) ;
#1736 = CARTESIAN_POINT ( 'NONE',  ( 0.5816684688103074263, -0.1100000000000000006, -0.08424999999999954747 ) ) ;
#1737 = CARTESIAN_POINT ( 'NONE',  ( -0.03066449223692707671, -0.05000000000000000278, -0.08424999999999803479 ) ) ;
#1738 = CARTESIAN_POINT ( 'NONE',  ( 1.494266468810307558, -0.05000000000000000278, -0.08424999999999957523 ) ) ;
#1739 = VERTEX_POINT ( 'NONE', #4738 ) ;
#1740 = CARTESIAN_POINT ( 'NONE',  ( 0.09426646881030739666, 0.0000000000000000000, -0.08424999999999957523 ) ) ;
#1741 = VECTOR ( 'NONE', #5448, 39.37007874015748143 ) ;
#1742 = ORIENTED_EDGE ( 'NONE', *, *, #41, .F. ) ;
#1743 = CARTESIAN_POINT ( 'NONE',  ( 0.0000000000000000000, 0.0000000000000000000, 0.0000000000000000000 ) ) ;
#1744 = CARTESIAN_POINT ( 'NONE',  ( 0.4942664688103074466, -0.1100000000000000006, -0.08424999999999957523 ) ) ;
#1745 = EDGE_CURVE ( 'NONE', #5761, #2479, #5762, .T. ) ;
#1746 = ORIENTED_EDGE ( 'NONE', *, *, #2441, .F. ) ;
#1747 = CARTESIAN_POINT ( 'NONE',  ( 0.2379674688103073643, -0.05000000000000000278, -0.07855000000000071647 ) ) ;
#1748 = PLANE ( 'NONE',  #4746 ) ;
#1749 = ORIENTED_EDGE ( 'NONE', *, *, #4630, .T. ) ;
#1750 = VECTOR ( 'NONE', #4494, 39.37007874015748143 ) ;
#1751 = CARTESIAN_POINT ( 'NONE',  ( 0.8816684688103074707, -0.1100000000000000006, -0.01574999999999998623 ) ) ;
#1752 = ORIENTED_EDGE ( 'NONE', *, *, #6488, .T. ) ;
#1753 = DIRECTION ( 'NONE',  ( 0.0000000000000000000, 0.0000000000000000000, 1.000000000000000000 ) ) ;
#1754 = DIRECTION ( 'NONE',  ( 0.0000000000000000000, 0.0000000000000000000, 1.000000000000000000 ) ) ;
#1755 = DIRECTION ( 'NONE',  ( -1.000000000000000000, 0.0000000000000000000, -7.776898252968647801E-17 ) ) ;
#1756 = ORIENTED_EDGE ( 'NONE', *, *, #3188, .F. ) ;
#1757 = DIRECTION ( 'NONE',  ( -0.0000000000000000000, 1.000000000000000000, -0.0000000000000000000 ) ) ;
#1758 = DIRECTION ( 'NONE',  ( -0.3420201433256663259, 0.0000000000000000000, -0.9396926207859092051 ) ) ;
#1759 = DIRECTION ( 'NONE',  ( 0.0000000000000000000, 0.0000000000000000000, 1.000000000000000000 ) ) ;
#1760 = AXIS2_PLACEMENT_3D ( 'NONE', #254, #2571, #6929 ) ;
#1761 = ORIENTED_EDGE ( 'NONE', *, *, #15, .T. ) ;
#1762 = EDGE_CURVE ( 'NONE', #1807, #5476, #1010, .T. ) ;
#1763 = DIRECTION ( 'NONE',  ( -0.0000000000000000000, 1.000000000000000000, -0.0000000000000000000 ) ) ;
#1764 = EDGE_CURVE ( 'NONE', #587, #5829, #6992, .T. ) ;
#1765 = ORIENTED_EDGE ( 'NONE', *, *, #1686, .T. ) ;
#1766 = SHAPE_REPRESENTATION ( '6458_6458-0-00-15-00-00-03-0', ( #5651 ), #6026 ) ;
#1767 = ORIENTED_EDGE ( 'NONE', *, *, #6721, .F. ) ;
#1768 = VECTOR ( 'NONE', #2639, 39.37007874015748143 ) ;
#1769 = CARTESIAN_POINT ( 'NONE',  ( 1.437967468810307237, 0.0000000000000000000, -0.07855000000000071647 ) ) ;
#1770 = VERTEX_POINT ( 'NONE', #1563 ) ;
#1771 = CARTESIAN_POINT ( 'NONE',  ( 1.094266468810307424, -0.1100000000000000006, -0.08424999999999957523 ) ) ;
#1772 = EDGE_CURVE ( 'NONE', #1278, #845, #4446, .T. ) ;
#1773 = CIRCLE ( 'NONE', #2406, 0.008999999999998729502 ) ;
#1774 = CARTESIAN_POINT ( 'NONE',  ( 0.2050000000000032074, 0.0000000000000000000, 0.0000000000000000000 ) ) ;
#1775 = PLANE ( 'NONE',  #1286 ) ;
#1776 = VERTEX_POINT ( 'NONE', #972 ) ;
#1777 = CARTESIAN_POINT ( 'NONE',  ( 0.8999990000000001045, -0.1100000000000000006, 0.0000000000000000000 ) ) ;
#1778 = FACE_OUTER_BOUND ( 'NONE', #5686, .T. ) ;
#1779 = AXIS2_PLACEMENT_3D ( 'NONE', #357, #5877, #481 ) ;
#1780 = CARTESIAN_POINT ( 'NONE',  ( 1.294266468810307380, 0.0000000000000000000, -0.01574999999999998623 ) ) ;
#1781 = VERTEX_POINT ( 'NONE', #3383 ) ;
#1782 = CARTESIAN_POINT ( 'NONE',  ( 0.7759359376206146353, -0.05000000000000000278, -9.478001694819074349E-34 ) ) ;
#1783 = ORIENTED_EDGE ( 'NONE', *, *, #5649, .T. ) ;
#1784 = CARTESIAN_POINT ( 'NONE',  ( 0.7379674688103079472, 0.1600000000000031120, -0.05000000000000019013 ) ) ;
#1785 = FACE_OUTER_BOUND ( 'NONE', #1691, .T. ) ;
#1786 = CIRCLE ( 'NONE', #5955, 0.02855000000000052982 ) ;
#1787 = ORIENTED_EDGE ( 'NONE', *, *, #2569, .T. ) ;
#1788 = PLANE ( 'NONE',  #5796 ) ;
#1789 = CARTESIAN_POINT ( 'NONE',  ( 0.5942664688103074244, 0.0000000000000000000, -0.08424999999999957523 ) ) ;
#1790 = ORIENTED_EDGE ( 'NONE', *, *, #7800, .T. ) ;
#1791 = VECTOR ( 'NONE', #6839, 39.37007874015748143 ) ;
#1792 = EDGE_CURVE ( 'NONE', #5516, #2735, #7615, .T. ) ;
#1793 = DIRECTION ( 'NONE',  ( 0.0000000000000000000, 0.0000000000000000000, 1.000000000000000000 ) ) ;
#1794 = VERTEX_POINT ( 'NONE', #5838 ) ;
#1795 = DIRECTION ( 'NONE',  ( -0.0000000000000000000, 1.000000000000000000, -0.0000000000000000000 ) ) ;
#1796 = LINE ( 'NONE', #7136, #757 ) ;
#1797 = ORIENTED_EDGE ( 'NONE', *, *, #82, .T. ) ;
#1798 = DIRECTION ( 'NONE',  ( -0.0000000000000000000, 1.000000000000000000, -0.0000000000000000000 ) ) ;
#1799 = DIRECTION ( 'NONE',  ( 0.0000000000000000000, 0.0000000000000000000, 1.000000000000000000 ) ) ;
#1800 = FACE_OUTER_BOUND ( 'NONE', #781, .T. ) ;
#1801 = EDGE_CURVE ( 'NONE', #3478, #799, #930, .T. ) ;
#1802 = ORIENTED_EDGE ( 'NONE', *, *, #7311, .T. ) ;
#1803 = CARTESIAN_POINT ( 'NONE',  ( 1.899999000000000215, 0.0000000000000000000, 0.0000000000000000000 ) ) ;
#1804 = ORIENTED_EDGE ( 'NONE', *, *, #2306, .T. ) ;
#1805 = CARTESIAN_POINT ( 'NONE',  ( -0.03066449223692707671, -0.05000000000000000278, -0.08424999999999790989 ) ) ;
#1806 = EDGE_CURVE ( 'NONE', #6676, #6554, #441, .T. ) ;
#1807 = VERTEX_POINT ( 'NONE', #5918 ) ;
#1808 = PLANE ( 'NONE',  #7331 ) ;
#1809 = LINE ( 'NONE', #4279, #4460 ) ;
#1810 = VERTEX_POINT ( 'NONE', #4622 ) ;
#1811 = DIRECTION ( 'NONE',  ( 0.0000000000000000000, 0.0000000000000000000, 1.000000000000000000 ) ) ;
#1812 = EDGE_CURVE ( 'NONE', #3739, #2459, #5288, .T. ) ;
#1813 = DIRECTION ( 'NONE',  ( 0.0000000000000000000, 0.0000000000000000000, 1.000000000000000000 ) ) ;
#1814 = ORIENTED_EDGE ( 'NONE', *, *, #5200, .T. ) ;
#1815 = CARTESIAN_POINT ( 'NONE',  ( 1.081668468810307537, -0.05000000000000000278, -0.01574999999999998623 ) ) ;
#1816 = ORIENTED_EDGE ( 'NONE', *, *, #1007, .T. ) ;
#1817 = CARTESIAN_POINT ( 'NONE',  ( 0.4379674688103079028, 0.1600000000000031120, -0.05000000000000019013 ) ) ;
#1818 = LINE ( 'NONE', #6172, #2198 ) ;
#1819 = VERTEX_POINT ( 'NONE', #1602 ) ;
#1820 = VECTOR ( 'NONE', #4365, 39.37007874015748143 ) ;
#1821 = CARTESIAN_POINT ( 'NONE',  ( 1.637967468810307414, -0.05000000000000000278, -0.02144999999999967072 ) ) ;
#1822 = EDGE_CURVE ( 'NONE', #6752, #7740, #2275, .T. ) ;
#1823 = LINE ( 'NONE', #5313, #167 ) ;
#1824 = EDGE_LOOP ( 'NONE', ( #7290, #2400, #4618, #7757 ) ) ;
#1825 = DIRECTION ( 'NONE',  ( 0.0000000000000000000, 0.0000000000000000000, 1.000000000000000000 ) ) ;
#1826 = VECTOR ( 'NONE', #5022, 39.37007874015748854 ) ;
#1827 = VERTEX_POINT ( 'NONE', #5247 ) ;
#1828 = DIRECTION ( 'NONE',  ( -0.9396926207859093161, 0.0000000000000000000, 0.3420201433256663814 ) ) ;
#1829 = DIRECTION ( 'NONE',  ( 1.000000000000000000, 0.0000000000000000000, 0.0000000000000000000 ) ) ;
#1830 = AXIS2_PLACEMENT_3D ( 'NONE', #5030, #214, #3083 ) ;
#1831 = DIRECTION ( 'NONE',  ( -0.3420201433256638834, 0.0000000000000000000, 0.9396926207859100932 ) ) ;
#1832 = ORIENTED_EDGE ( 'NONE', *, *, #1822, .T. ) ;
#1833 = ADVANCED_FACE ( 'NONE', ( #2237 ), #4660, .T. ) ;
#1834 = DIRECTION ( 'NONE',  ( -1.000000000000000000, 0.0000000000000000000, -7.776898252968646568E-17 ) ) ;
#1835 = CIRCLE ( 'NONE', #6261, 0.008999999999996543751 ) ;
#1836 = PLANE ( 'NONE',  #177 ) ;
#1837 = CARTESIAN_POINT ( 'NONE',  ( 1.061867927928561217, -0.05000000000000000278, -0.4133992809110511035 ) ) ;
#1838 = VECTOR ( 'NONE', #6593, 39.37007874015748143 ) ;
#1839 = ORIENTED_EDGE ( 'NONE', *, *, #91, .T. ) ;
#1840 = VECTOR ( 'NONE', #154, 39.37007874015748143 ) ;
#1841 = CARTESIAN_POINT ( 'NONE',  ( 0.8999990000000001045, 0.0000000000000000000, 0.0000000000000000000 ) ) ;
#1842 = ORIENTED_EDGE ( 'NONE', *, *, #2134, .F. ) ;
#1843 = ORIENTED_EDGE ( 'NONE', *, *, #4186, .F. ) ;
#1844 = EDGE_CURVE ( 'NONE', #6353, #2414, #1132, .T. ) ;
#1845 = VERTEX_POINT ( 'NONE', #1723 ) ;
#1846 = VECTOR ( 'NONE', #5912, 39.37007874015748143 ) ;
#1847 = LINE ( 'NONE', #7381, #292 ) ;
#1848 = ORIENTED_EDGE ( 'NONE', *, *, #4018, .F. ) ;
#1849 = PLANE ( 'NONE',  #3033 ) ;
#1850 = DIRECTION ( 'NONE',  ( -0.0000000000000000000, 1.000000000000000000, -0.0000000000000000000 ) ) ;
#1851 = DIRECTION ( 'NONE',  ( 0.0000000000000000000, 0.0000000000000000000, 1.000000000000000000 ) ) ;
#1852 = EDGE_CURVE ( 'NONE', #6608, #2326, #1209, .T. ) ;
#1853 = VERTEX_POINT ( 'NONE', #1841 ) ;
#1854 = CARTESIAN_POINT ( 'NONE',  ( 1.675935937620614880, 0.0000000000000000000, -0.09999999999999989453 ) ) ;
#1855 = ORIENTED_EDGE ( 'NONE', *, *, #5069, .F. ) ;
#1856 = LINE ( 'NONE', #6100, #6076 ) ;
#1857 = VECTOR ( 'NONE', #3194, 39.37007874015748143 ) ;
#1858 = ORIENTED_EDGE ( 'NONE', *, *, #7690, .T. ) ;
#1859 =( LENGTH_UNIT ( ) NAMED_UNIT ( * ) SI_UNIT ( $, .METRE. ) );
#1860 = DIRECTION ( 'NONE',  ( -1.000000000000000000, -0.0000000000000000000, -0.0000000000000000000 ) ) ;
#1861 = ADVANCED_FACE ( 'NONE', ( #4147 ), #6560, .F. ) ;
#1862 = EDGE_CURVE ( 'NONE', #1113, #4749, #7303, .T. ) ;
#1863 = VERTEX_POINT ( 'NONE', #1803 ) ;
#1864 = LINE ( 'NONE', #542, #3657 ) ;
#1865 = CARTESIAN_POINT ( 'NONE',  ( 0.7816684688103074929, 0.0000000000000000000, -0.08424999999999953360 ) ) ;
#1866 = ORIENTED_EDGE ( 'NONE', *, *, #5694, .F. ) ;
#1867 = VECTOR ( 'NONE', #7199, 39.37007874015748143 ) ;
#1868 = PLANE ( 'NONE',  #1379 ) ;
#1869 = ORIENTED_EDGE ( 'NONE', *, *, #2041, .F. ) ;
#1870 = FACE_OUTER_BOUND ( 'NONE', #3221, .T. ) ;
#1871 = FACE_BOUND ( 'NONE', #1671, .T. ) ;
#1872 = CARTESIAN_POINT ( 'NONE',  ( 1.975934937620615894, -0.05000000000000000278, -0.09999999999999974187 ) ) ;
#1873 = ORIENTED_EDGE ( 'NONE', *, *, #7690, .F. ) ;
#1874 = VECTOR ( 'NONE', #3932, 39.37007874015748143 ) ;
#1875 = CIRCLE ( 'NONE', #6056, 0.008999999999998729502 ) ;
#1876 = LINE ( 'NONE', #6116, #3513 ) ;
#1877 = CARTESIAN_POINT ( 'NONE',  ( 0.7942664688103074910, 0.0000000000000000000, -0.08424999999999957523 ) ) ;
#1878 = CYLINDRICAL_SURFACE ( 'NONE', #3765, 0.02855000000000052635 ) ;
#1879 = EDGE_LOOP ( 'NONE', ( #4509, #1077, #4693, #1943 ) ) ;
#1880 = VECTOR ( 'NONE', #213, 39.37007874015748143 ) ;
#1881 = EDGE_CURVE ( 'NONE', #2576, #3643, #521, .T. ) ;
#1882 = DIRECTION ( 'NONE',  ( -1.000000000000000000, 0.0000000000000000000, -7.776898252968647801E-17 ) ) ;
#1883 = ORIENTED_EDGE ( 'NONE', *, *, #3149, .F. ) ;
#1884 = ORIENTED_EDGE ( 'NONE', *, *, #7142, .T. ) ;
#1885 = VECTOR ( 'NONE', #1907, 39.37007874015748143 ) ;
#1886 = CARTESIAN_POINT ( 'NONE',  ( 0.3210000000000022835, 0.0000000000000000000, 0.0000000000000000000 ) ) ;
#1887 = ADVANCED_FACE ( 'NONE', ( #6683 ), #2513, .F. ) ;
#1888 = ORIENTED_EDGE ( 'NONE', *, *, #3558, .F. ) ;
#1889 = DIRECTION ( 'NONE',  ( 1.000000000000000000, 0.0000000000000000000, 0.0000000000000000000 ) ) ;
#1890 = DIRECTION ( 'NONE',  ( 0.0000000000000000000, 0.0000000000000000000, 1.000000000000000000 ) ) ;
#1891 = CIRCLE ( 'NONE', #6824, 0.02855000000000052288 ) ;
#1892 = CARTESIAN_POINT ( 'NONE',  ( 0.3379674688103073699, -0.05000000000000000278, -0.05000000000000019013 ) ) ;
#1893 = VERTEX_POINT ( 'NONE', #4270 ) ;
#1894 = PLANE ( 'NONE',  #4248 ) ;
#1895 =( REPRESENTATION_RELATIONSHIP ('NONE','NONE', #1462, #1766 ) REPRESENTATION_RELATIONSHIP_WITH_TRANSFORMATION ( #3312 )SHAPE_REPRESENTATION_RELATIONSHIP( ) );
#1896 = VECTOR ( 'NONE', #1256, 39.37007874015748143 ) ;
#1897 = EDGE_CURVE ( 'NONE', #6061, #3423, #3702, .T. ) ;
#1898 = CARTESIAN_POINT ( 'NONE',  ( 0.5816684688103074263, 0.0000000000000000000, -0.08424999999999954747 ) ) ;
#1899 = APPLICATION_PROTOCOL_DEFINITION ( 'draft international standard', 'automotive_design', 1998, #2552 ) ;
#1900 = DIRECTION ( 'NONE',  ( 1.000000000000000000, 0.0000000000000000000, -1.355298456929802892E-15 ) ) ;
#1901 = VERTEX_POINT ( 'NONE', #6085 ) ;
#1902 = CIRCLE ( 'NONE', #4184, 0.02855000000000052288 ) ;
#1903 = LINE ( 'NONE', #1978, #6433 ) ;
#1904 = CARTESIAN_POINT ( 'NONE',  ( 1.375935937620614613, -0.1100000000000000006, -9.478001694819074349E-34 ) ) ;
#1905 = VERTEX_POINT ( 'NONE', #6603 ) ;
#1906 = ADVANCED_FACE ( 'NONE', ( #2944 ), #4227, .F. ) ;
#1907 = DIRECTION ( 'NONE',  ( 1.000000000000000000, 0.0000000000000000000, 0.0000000000000000000 ) ) ;
#1908 = VECTOR ( 'NONE', #396, 39.37007874015748143 ) ;
#1909 = ORIENTED_EDGE ( 'NONE', *, *, #4708, .F. ) ;
#1910 = LINE ( 'NONE', #4374, #2363 ) ;
#1911 = FACE_OUTER_BOUND ( 'NONE', #3130, .T. ) ;
#1912 = DIRECTION ( 'NONE',  ( -0.0000000000000000000, 1.000000000000000000, -0.0000000000000000000 ) ) ;
#1913 = VERTEX_POINT ( 'NONE', #7774 ) ;
#1914 = FACE_OUTER_BOUND ( 'NONE', #4416, .T. ) ;
#1915 = VECTOR ( 'NONE', #471, 39.37007874015748143 ) ;
#1916 = CARTESIAN_POINT ( 'NONE',  ( 0.4816684688103073930, 0.0000000000000000000, -0.08424999999999954747 ) ) ;
#1917 = CARTESIAN_POINT ( 'NONE',  ( 0.5379674688103074365, -0.05000000000000000278, -0.05000000000000019013 ) ) ;
#1918 = EDGE_CURVE ( 'NONE', #703, #1581, #5527, .T. ) ;
#1919 = ORIENTED_EDGE ( 'NONE', *, *, #6051, .T. ) ;
#1920 = AXIS2_PLACEMENT_3D ( 'NONE', #4236, #728, #6651 ) ;
#1921 = LINE ( 'NONE', #2036, #6723 ) ;
#1922 = EDGE_LOOP ( 'NONE', ( #4194, #896, #4845, #3563 ) ) ;
#1923 = EDGE_LOOP ( 'NONE', ( #6303, #3160, #3074, #4848 ) ) ;
#1924 = CARTESIAN_POINT ( 'NONE',  ( -0.03066449223692707671, -0.05000000000000000278, -0.08424999999999885358 ) ) ;
#1925 = ADVANCED_FACE ( 'NONE', ( #6639 ), #2359, .F. ) ;
#1926 = CARTESIAN_POINT ( 'NONE',  ( 1.975934937620615894, -0.05000000000000000278, -0.09999999999999974187 ) ) ;
#1927 = ORIENTED_EDGE ( 'NONE', *, *, #6652, .T. ) ;
#1928 = CARTESIAN_POINT ( 'NONE',  ( 1.837967468810307370, -0.05000000000000000278, -0.05000000000000019013 ) ) ;
#1929 = LINE ( 'NONE', #4358, #4988 ) ;
#1930 = LINE ( 'NONE', #4906, #3300 ) ;
#1931 = VERTEX_POINT ( 'NONE', #3624 ) ;
#1932 = EDGE_CURVE ( 'NONE', #911, #7143, #2398, .T. ) ;
#1933 = CARTESIAN_POINT ( 'NONE',  ( 0.7816684688103074929, 0.0000000000000000000, -0.08424999999999954747 ) ) ;
#1934 = DIRECTION ( 'NONE',  ( 7.776898252968646568E-17, 0.0000000000000000000, -1.000000000000000000 ) ) ;
#1935 = CARTESIAN_POINT ( 'NONE',  ( 1.537967468810307770, 0.1600000000000031120, -0.05000000000000019013 ) ) ;
#1936 = DIRECTION ( 'NONE',  ( 0.0000000000000000000, 0.0000000000000000000, 1.000000000000000000 ) ) ;
#1937 = EDGE_LOOP ( 'NONE', ( #6473, #6363, #1184, #4590 ) ) ;
#1938 = EDGE_CURVE ( 'NONE', #1931, #7162, #603, .T. ) ;
#1939 = CARTESIAN_POINT ( 'NONE',  ( 0.2050000000000032074, 0.0000000000000000000, 0.0000000000000000000 ) ) ;
#1940 = CYLINDRICAL_SURFACE ( 'NONE', #2202, 0.02855000000000052635 ) ;
#1941 = ORIENTED_EDGE ( 'NONE', *, *, #5923, .T. ) ;
#1942 = PLANE ( 'NONE',  #4309 ) ;
#1943 = ORIENTED_EDGE ( 'NONE', *, *, #3969, .T. ) ;
#1944 = CARTESIAN_POINT ( 'NONE',  ( 0.8759359376206147241, -0.05000000000000000278, -0.09999999999999989453 ) ) ;
#1945 = FACE_OUTER_BOUND ( 'NONE', #6360, .T. ) ;
#1946 = AXIS2_PLACEMENT_3D ( 'NONE', #4445, #3233, #2642 ) ;
#1947 = ORIENTED_EDGE ( 'NONE', *, *, #2214, .F. ) ;
#1948 = EDGE_CURVE ( 'NONE', #1047, #3706, #4898, .T. ) ;
#1949 = DIRECTION ( 'NONE',  ( 0.0000000000000000000, 0.0000000000000000000, 1.000000000000000000 ) ) ;
#1950 = LINE ( 'NONE', #2544, #943 ) ;
#1951 = CARTESIAN_POINT ( 'NONE',  ( 0.3942664688103074133, -0.1100000000000000006, -0.01574999999999998623 ) ) ;
#1952 = CIRCLE ( 'NONE', #286, 0.03500000000000003803 ) ;
#1953 = ORIENTED_EDGE ( 'NONE', *, *, #3166, .T. ) ;
#1954 = CARTESIAN_POINT ( 'NONE',  ( 1.894266468810307691, 0.0000000000000000000, -0.08424999999999957523 ) ) ;
#1955 = ORIENTED_EDGE ( 'NONE', *, *, #4837, .T. ) ;
#1956 = VECTOR ( 'NONE', #3278, 39.37007874015748143 ) ;
#1957 = CIRCLE ( 'NONE', #4376, 0.02855000000000052288 ) ;
#1958 = DIRECTION ( 'NONE',  ( 1.000000000000000000, 0.0000000000000000000, 0.0000000000000000000 ) ) ;
#1959 = LINE ( 'NONE', #1737, #982 ) ;
#1960 = DIRECTION ( 'NONE',  ( 1.000000000000000000, 0.0000000000000000000, 0.0000000000000000000 ) ) ;
#1961 = VECTOR ( 'NONE', #1096, 39.37007874015748143 ) ;
#1962 = VERTEX_POINT ( 'NONE', #4858 ) ;
#1963 = VECTOR ( 'NONE', #34, 39.37007874015748143 ) ;
#1964 = PLANE ( 'NONE',  #5061 ) ;
#1965 = LINE ( 'NONE', #7427, #5239 ) ;
#1966 = EDGE_CURVE ( 'NONE', #2459, #6318, #7264, .T. ) ;
#1967 = EDGE_CURVE ( 'NONE', #7287, #3546, #2476, .T. ) ;
#1968 = CARTESIAN_POINT ( 'NONE',  ( 0.4942664688103074466, -0.05000000000000000278, -0.08424999999999957523 ) ) ;
#1969 = VERTEX_POINT ( 'NONE', #1401 ) ;
#1970 = AXIS2_PLACEMENT_3D ( 'NONE', #450, #493, #2874 ) ;
#1971 = VECTOR ( 'NONE', #2786, 39.37007874015748143 ) ;
#1972 = LINE ( 'NONE', #3793, #2964 ) ;
#1973 = DIRECTION ( 'NONE',  ( -0.0000000000000000000, 1.000000000000000000, -0.0000000000000000000 ) ) ;
#1974 = CARTESIAN_POINT ( 'NONE',  ( 1.437967468810307903, 0.1600000000000031120, -0.05000000000000019013 ) ) ;
#1975 = CARTESIAN_POINT ( 'NONE',  ( 1.975934937620614562, 0.0000000000000000000, 0.0000000000000000000 ) ) ;
#1976 = EDGE_CURVE ( 'NONE', #3112, #6262, #4969, .T. ) ;
#1977 = EDGE_LOOP ( 'NONE', ( #6617, #530, #2253, #355 ) ) ;
#1978 = CARTESIAN_POINT ( 'NONE',  ( 1.975934937620615894, 0.0000000000000000000, -0.09999999999999974187 ) ) ;
#1979 = DIRECTION ( 'NONE',  ( 0.3420201433256695456, 0.0000000000000000000, 0.9396926207859080948 ) ) ;
#1980 = EDGE_LOOP ( 'NONE', ( #4065, #2004, #1013, #3949 ) ) ;
#1981 =( GEOMETRIC_REPRESENTATION_CONTEXT ( 3 ) GLOBAL_UNCERTAINTY_ASSIGNED_CONTEXT ( ( #4931 ) ) GLOBAL_UNIT_ASSIGNED_CONTEXT ( ( #3925, #3283, #912 ) ) REPRESENTATION_CONTEXT ( 'NONE', 'WORKASPACE' ) );
#1982 = DIRECTION ( 'NONE',  ( 0.3420201433256662704, -0.0000000000000000000, 0.9396926207859092051 ) ) ;
#1983 = ORIENTED_EDGE ( 'NONE', *, *, #2391, .F. ) ;
#1984 = EDGE_CURVE ( 'NONE', #5893, #2626, #6905, .T. ) ;
#1985 = CARTESIAN_POINT ( 'NONE',  ( 1.394266468810307469, 0.0000000000000000000, -0.01574999999999998623 ) ) ;
#1986 = DIRECTION ( 'NONE',  ( 1.000000000000000000, 0.0000000000000000000, -1.355298456929802892E-15 ) ) ;
#1987 = VECTOR ( 'NONE', #1993, 39.37007874015748143 ) ;
#1988 = EDGE_LOOP ( 'NONE', ( #4174, #6557, #2239, #7653 ) ) ;
#1989 = ORIENTED_EDGE ( 'NONE', *, *, #91, .F. ) ;
#1990 = CARTESIAN_POINT ( 'NONE',  ( 1.881668468810307582, 0.0000000000000000000, -0.08424999999999954747 ) ) ;
#1991 = DIRECTION ( 'NONE',  ( 1.000000000000000000, 0.0000000000000000000, 0.0000000000000000000 ) ) ;
#1992 = AXIS2_PLACEMENT_3D ( 'NONE', #2998, #494, #2956 ) ;
#1993 = DIRECTION ( 'NONE',  ( 1.000000000000000000, 0.0000000000000000000, 0.0000000000000000000 ) ) ;
#1994 = EDGE_LOOP ( 'NONE', ( #3898, #5322, #2331, #7658 ) ) ;
#1995 = EDGE_CURVE ( 'NONE', #6262, #4271, #150, .T. ) ;
#1996 = VECTOR ( 'NONE', #5384, 39.37007874015748143 ) ;
#1997 = DIRECTION ( 'NONE',  ( 0.0000000000000000000, 0.0000000000000000000, 1.000000000000000000 ) ) ;
#1998 = EDGE_LOOP ( 'NONE', ( #3598, #1130, #7315, #1050 ) ) ;
#1999 = ORIENTED_EDGE ( 'NONE', *, *, #2604, .F. ) ;
#2000 = CARTESIAN_POINT ( 'NONE',  ( 1.237967468810307281, 3.673940397442060153E-19, -0.05000000000000019013 ) ) ;
#2001 = DIRECTION ( 'NONE',  ( -0.0000000000000000000, 1.000000000000000000, -0.0000000000000000000 ) ) ;
#2002 = DIRECTION ( 'NONE',  ( -1.000000000000000000, -0.0000000000000000000, -0.0000000000000000000 ) ) ;
#2003 = AXIS2_PLACEMENT_3D ( 'NONE', #712, #7369, #5594 ) ;
#2004 = ORIENTED_EDGE ( 'NONE', *, *, #3908, .F. ) ;
#2005 = EDGE_CURVE ( 'NONE', #3653, #2534, #3544, .T. ) ;
#2006 = LINE ( 'NONE', #6202, #107 ) ;
#2007 = ORIENTED_EDGE ( 'NONE', *, *, #7490, .F. ) ;
#2008 = CARTESIAN_POINT ( 'NONE',  ( 0.08166846881030738470, -0.1100000000000000006, -0.01574999999999998623 ) ) ;
#2009 = DIRECTION ( 'NONE',  ( 0.0000000000000000000, 0.0000000000000000000, 1.000000000000000000 ) ) ;
#2010 = AXIS2_PLACEMENT_3D ( 'NONE', #4722, #3566, #3525 ) ;
#2011 = VERTEX_POINT ( 'NONE', #3174 ) ;
#2012 = LINE ( 'NONE', #1417, #3213 ) ;
#2013 = EDGE_CURVE ( 'NONE', #6225, #74, #7584, .T. ) ;
#2014 = CARTESIAN_POINT ( 'NONE',  ( 1.375935937620614613, 0.0000000000000000000, -0.09999999999999989453 ) ) ;
#2015 = AXIS2_PLACEMENT_3D ( 'NONE', #3842, #3241, #7521 ) ;
#2016 = DIRECTION ( 'NONE',  ( -0.0000000000000000000, 1.000000000000000000, -0.0000000000000000000 ) ) ;
#2017 = DIRECTION ( 'NONE',  ( -1.000000000000000000, -0.0000000000000000000, -0.0000000000000000000 ) ) ;
#2018 = CIRCLE ( 'NONE', #4684, 0.008999999999996543751 ) ;
#2019 = PLANE ( 'NONE',  #6675 ) ;
#2020 = ORIENTED_EDGE ( 'NONE', *, *, #2344, .F. ) ;
#2021 = EDGE_CURVE ( 'NONE', #5611, #6196, #4425, .T. ) ;
#2022 = DIRECTION ( 'NONE',  ( -0.3420201433256663259, 0.0000000000000000000, -0.9396926207859092051 ) ) ;
#2023 = VERTEX_POINT ( 'NONE', #116 ) ;
#2024 = CARTESIAN_POINT ( 'NONE',  ( 1.694266468810307513, -0.1100000000000000006, -0.08424999999999957523 ) ) ;
#2025 = DIRECTION ( 'NONE',  ( -0.3420201433256720991, 0.0000000000000000000, 0.9396926207859070956 ) ) ;
#2026 = VECTOR ( 'NONE', #5253, 39.37007874015748143 ) ;
#2027 = ORIENTED_EDGE ( 'NONE', *, *, #5175, .F. ) ;
#2028 = ORIENTED_EDGE ( 'NONE', *, *, #4856, .T. ) ;
#2029 = LINE ( 'NONE', #879, #6558 ) ;
#2030 = CARTESIAN_POINT ( 'NONE',  ( 0.3816684688103073597, 0.0000000000000000000, -0.01574999999999998623 ) ) ;
#2031 = EDGE_CURVE ( 'NONE', #3922, #1471, #1921, .T. ) ;
#2032 = CARTESIAN_POINT ( 'NONE',  ( 0.0000000000000000000, 0.0000000000000000000, 0.0000000000000000000 ) ) ;
#2033 = VECTOR ( 'NONE', #3948, 39.37007874015748143 ) ;
#2034 = CARTESIAN_POINT ( 'NONE',  ( 1.987967468810307503, -0.05000000000000000278, -0.08424999999999935318 ) ) ;
#2035 = ORIENTED_EDGE ( 'NONE', *, *, #1404, .T. ) ;
#2036 = CARTESIAN_POINT ( 'NONE',  ( 0.9816684688103075596, -0.1100000000000000006, -0.08424999999999954747 ) ) ;
#2037 = VECTOR ( 'NONE', #7095, 39.37007874015748854 ) ;
#2038 = ORIENTED_EDGE ( 'NONE', *, *, #4791, .F. ) ;
#2039 = ORIENTED_EDGE ( 'NONE', *, *, #6472, .T. ) ;
#2040 = DIRECTION ( 'NONE',  ( 0.0000000000000000000, 0.0000000000000000000, 1.000000000000000000 ) ) ;
#2041 = EDGE_CURVE ( 'NONE', #6458, #1605, #3819, .T. ) ;
#2042 = FACE_OUTER_BOUND ( 'NONE', #2948, .T. ) ;
#2043 = VECTOR ( 'NONE', #1373, 39.37007874015748143 ) ;
#2044 = VERTEX_POINT ( 'NONE', #4934 ) ;
#2045 = FACE_OUTER_BOUND ( 'NONE', #3245, .T. ) ;
#2046 = ORIENTED_EDGE ( 'NONE', *, *, #2868, .T. ) ;
#2047 = DIRECTION ( 'NONE',  ( -1.000000000000000000, 0.0000000000000000000, 0.0000000000000000000 ) ) ;
#2048 = CARTESIAN_POINT ( 'NONE',  ( 0.2999990000000001267, -0.1100000000000000006, 0.0000000000000000000 ) ) ;
#2049 = VERTEX_POINT ( 'NONE', #1954 ) ;
#2050 = EDGE_CURVE ( 'NONE', #3296, #6235, #1786, .T. ) ;
#2051 = PRODUCT_DEFINITION_SHAPE ( 'NONE', 'NONE',  #7830 ) ;
#2052 = DIRECTION ( 'NONE',  ( 0.3420201433256695456, 0.0000000000000000000, 0.9396926207859080948 ) ) ;
#2053 = CARTESIAN_POINT ( 'NONE',  ( 1.599999000000000171, -0.1100000000000000006, -0.09999999999999989453 ) ) ;
#2054 = DIRECTION ( 'NONE',  ( -0.0000000000000000000, 1.000000000000000000, -0.0000000000000000000 ) ) ;
#2055 = CARTESIAN_POINT ( 'NONE',  ( 0.0000000000000000000, 0.0000000000000000000, 0.0000000000000000000 ) ) ;
#2056 = EDGE_CURVE ( 'NONE', #6980, #3803, #7340, .T. ) ;
#2057 = LINE ( 'NONE', #3158, #5164 ) ;
#2058 = PLANE ( 'NONE',  #5746 ) ;
#2059 = ORIENTED_EDGE ( 'NONE', *, *, #1110, .F. ) ;
#2060 = DIRECTION ( 'NONE',  ( 1.000000000000000000, 0.0000000000000000000, 0.0000000000000000000 ) ) ;
#2061 = ORIENTED_EDGE ( 'NONE', *, *, #3502, .T. ) ;
#2062 = CARTESIAN_POINT ( 'NONE',  ( 0.0000000000000000000, 0.0000000000000000000, 0.0000000000000000000 ) ) ;
#2063 = CARTESIAN_POINT ( 'NONE',  ( 0.0000000000000000000, -0.05000000000000000278, 0.0000000000000000000 ) ) ;
#2064 = ORIENTED_EDGE ( 'NONE', *, *, #1404, .F. ) ;
#2065 = EDGE_CURVE ( 'NONE', #3224, #1482, #265, .T. ) ;
#2066 = ORIENTED_EDGE ( 'NONE', *, *, #5606, .F. ) ;
#2067 = PLANE ( 'NONE',  #7308 ) ;
#2068 = DIRECTION ( 'NONE',  ( -0.0000000000000000000, 1.000000000000000000, -0.0000000000000000000 ) ) ;
#2069 = LINE ( 'NONE', #2032, #4010 ) ;
#2070 = SURFACE_STYLE_USAGE ( .BOTH. , #345 ) ;
#2071 = VERTEX_POINT ( 'NONE', #4466 ) ;
#2072 = EDGE_CURVE ( 'NONE', #6073, #4658, #6750, .T. ) ;
#2073 = CARTESIAN_POINT ( 'NONE',  ( 1.937967468810307459, 0.0000000000000000000, -0.02144999999999966725 ) ) ;
#2074 = EDGE_LOOP ( 'NONE', ( #4769, #3798, #1647, #2401 ) ) ;
#2075 = ORIENTED_EDGE ( 'NONE', *, *, #6060, .F. ) ;
#2076 = VECTOR ( 'NONE', #1850, 39.37007874015748143 ) ;
#2077 = DIRECTION ( 'NONE',  ( -0.3420201433256663259, 0.0000000000000000000, -0.9396926207859092051 ) ) ;
#2078 = DIRECTION ( 'NONE',  ( -0.0000000000000000000, 1.000000000000000000, -0.0000000000000000000 ) ) ;
#2079 = ORIENTED_EDGE ( 'NONE', *, *, #269, .F. ) ;
#2080 = CARTESIAN_POINT ( 'NONE',  ( 1.381668468810307360, -0.1100000000000000006, -0.01574999999999998623 ) ) ;
#2081 = ORIENTED_EDGE ( 'NONE', *, *, #3998, .F. ) ;
#2082 = VECTOR ( 'NONE', #6838, 39.37007874015748143 ) ;
#2083 = EDGE_CURVE ( 'NONE', #1163, #7405, #1022, .T. ) ;
#2084 = LINE ( 'NONE', #6873, #160 ) ;
#2085 = VECTOR ( 'NONE', #837, 39.37007874015748854 ) ;
#2086 = DIRECTION ( 'NONE',  ( 1.000000000000000000, 0.0000000000000000000, -1.355298456929802892E-15 ) ) ;
#2087 = ORIENTED_EDGE ( 'NONE', *, *, #5752, .F. ) ;
#2088 = AXIS2_PLACEMENT_3D ( 'NONE', #6565, #3547, #5252 ) ;
#2089 = LINE ( 'NONE', #6958, #2836 ) ;
#2090 = AXIS2_PLACEMENT_3D ( 'NONE', #2884, #5855, #1066 ) ;
#2091 = CARTESIAN_POINT ( 'NONE',  ( 0.9379674688103074587, -0.05000000000000000278, -0.05000000000000019013 ) ) ;
#2092 = EDGE_CURVE ( 'NONE', #7405, #1163, #1402, .T. ) ;
#2093 = LINE ( 'NONE', #1420, #4234 ) ;
#2094 = CARTESIAN_POINT ( 'NONE',  ( 0.1250000000000020817, 0.0000000000000000000, 0.0000000000000000000 ) ) ;
#2095 = VECTOR ( 'NONE', #2997, 39.37007874015748143 ) ;
#2096 = AXIS2_PLACEMENT_3D ( 'NONE', #7752, #7122, #4127 ) ;
#2097 = CARTESIAN_POINT ( 'NONE',  ( 0.7379674688103073921, 3.673940397442060153E-19, -0.05000000000000019013 ) ) ;
#2098 = CARTESIAN_POINT ( 'NONE',  ( 0.0000000000000000000, 0.0000000000000000000, 0.02650000000000142519 ) ) ;
#2099 = ORIENTED_EDGE ( 'NONE', *, *, #2660, .T. ) ;
#2100 = EDGE_CURVE ( 'NONE', #5535, #1150, #3211, .T. ) ;
#2101 = CARTESIAN_POINT ( 'NONE',  ( 0.4942664688103074466, 0.0000000000000000000, -0.08424999999999957523 ) ) ;
#2102 = ORIENTED_EDGE ( 'NONE', *, *, #5293, .F. ) ;
#2103 = EDGE_CURVE ( 'NONE', #5233, #4892, #5638, .T. ) ;
#2104 = FACE_OUTER_BOUND ( 'NONE', #4649, .T. ) ;
#2105 = ORIENTED_EDGE ( 'NONE', *, *, #1253, .F. ) ;
#2106 = CARTESIAN_POINT ( 'NONE',  ( 0.3210000000000022835, -4.370991843859528917E-15, 0.0000000000000000000 ) ) ;
#2107 = VECTOR ( 'NONE', #2774, 39.37007874015748143 ) ;
#2108 = CARTESIAN_POINT ( 'NONE',  ( 0.2942664688103074355, 0.0000000000000000000, -0.08424999999999957523 ) ) ;
#2109 = CARTESIAN_POINT ( 'NONE',  ( -0.01203253118969264436, -0.05000000000000000278, -0.08424999999999989442 ) ) ;
#2110 = EDGE_CURVE ( 'NONE', #7414, #1441, #5084, .T. ) ;
#2111 = CARTESIAN_POINT ( 'NONE',  ( 1.594266468810307424, -0.1100000000000000006, -0.08424999999999957523 ) ) ;
#2112 = ORIENTED_EDGE ( 'NONE', *, *, #6296, .F. ) ;
#2113 = LINE ( 'NONE', #2697, #2037 ) ;
#2114 = ORIENTED_EDGE ( 'NONE', *, *, #2962, .F. ) ;
#2115 = ORIENTED_EDGE ( 'NONE', *, *, #4718, .T. ) ;
#2116 = LINE ( 'NONE', #7611, #7402 ) ;
#2117 = CARTESIAN_POINT ( 'NONE',  ( 1.437967468810307237, 0.0000000000000000000, -0.05000000000000019013 ) ) ;
#2118 = ADVANCED_FACE ( 'NONE', ( #6275 ), #843, .F. ) ;
#2119 = AXIS2_PLACEMENT_3D ( 'NONE', #1024, #7077, #4078 ) ;
#2120 = ORIENTED_EDGE ( 'NONE', *, *, #2031, .F. ) ;
#2121 = DIRECTION ( 'NONE',  ( -1.000000000000000000, -0.0000000000000000000, -0.0000000000000000000 ) ) ;
#2122 = ORIENTED_EDGE ( 'NONE', *, *, #550, .F. ) ;
#2123 = DIRECTION ( 'NONE',  ( 0.0000000000000000000, 0.0000000000000000000, 1.000000000000000000 ) ) ;
#2124 = ORIENTED_EDGE ( 'NONE', *, *, #607, .T. ) ;
#2125 = AXIS2_PLACEMENT_3D ( 'NONE', #7529, #2656, #7411 ) ;
#2126 = CARTESIAN_POINT ( 'NONE',  ( 0.9406590684562935456, -0.05000000000000000278, 0.3377828639337871475 ) ) ;
#2127 = EDGE_CURVE ( 'NONE', #989, #2587, #7495, .T. ) ;
#2128 = DIRECTION ( 'NONE',  ( -0.0000000000000000000, 1.000000000000000000, -0.0000000000000000000 ) ) ;
#2129 = FACE_BOUND ( 'NONE', #4899, .T. ) ;
#2130 = AXIS2_PLACEMENT_3D ( 'NONE', #3801, #3879, #2606 ) ;
#2131 = CARTESIAN_POINT ( 'NONE',  ( 1.975934937620615894, -0.05000000000000000278, -0.09999999999999974187 ) ) ;
#2132 = FACE_OUTER_BOUND ( 'NONE', #6985, .T. ) ;
#2133 = CARTESIAN_POINT ( 'NONE',  ( 1.205565734924141097, -0.05000000000000000278, 0.4342010053867668140 ) ) ;
#2134 = EDGE_CURVE ( 'NONE', #5601, #157, #1555, .T. ) ;
#2135 = VERTEX_POINT ( 'NONE', #6386 ) ;
#2136 = VECTOR ( 'NONE', #2661, 39.37007874015748143 ) ;
#2137 = DIRECTION ( 'NONE',  ( 1.000000000000000000, 0.0000000000000000000, -0.0000000000000000000 ) ) ;
#2138 = ORIENTED_EDGE ( 'NONE', *, *, #1725, .F. ) ;
#2139 = PLANE ( 'NONE',  #6265 ) ;
#2140 = VERTEX_POINT ( 'NONE', #2775 ) ;
#2141 = VECTOR ( 'NONE', #6332, 39.37007874015748143 ) ;
#2142 = DIRECTION ( 'NONE',  ( 0.3420201433256638834, 0.0000000000000000000, -0.9396926207859100932 ) ) ;
#2143 = CARTESIAN_POINT ( 'NONE',  ( 0.3999990000000001600, -0.1100000000000000006, 0.0000000000000000000 ) ) ;
#2144 = EDGE_CURVE ( 'NONE', #4767, #2696, #1634, .T. ) ;
#2145 = CARTESIAN_POINT ( 'NONE',  ( 0.8999990000000001045, -0.05000000000000000278, 0.0000000000000000000 ) ) ;
#2146 = DIRECTION ( 'NONE',  ( 0.0000000000000000000, 0.0000000000000000000, -1.000000000000000000 ) ) ;
#2147 = VECTOR ( 'NONE', #3952, 39.37007874015748143 ) ;
#2148 = ORIENTED_EDGE ( 'NONE', *, *, #3874, .F. ) ;
#2149 = DIRECTION ( 'NONE',  ( 0.0000000000000000000, 0.0000000000000000000, 1.000000000000000000 ) ) ;
#2150 = EDGE_LOOP ( 'NONE', ( #3806, #7419, #1526, #6626 ) ) ;
#2151 = ADVANCED_FACE ( 'NONE', ( #4692 ), #5235, .T. ) ;
#2152 = ORIENTED_EDGE ( 'NONE', *, *, #4755, .F. ) ;
#2153 = VECTOR ( 'NONE', #2195, 39.37007874015748143 ) ;
#2154 = CARTESIAN_POINT ( 'NONE',  ( 0.4759359376206147019, 0.0000000000000000000, -0.09999999999999989453 ) ) ;
#2155 = CARTESIAN_POINT ( 'NONE',  ( 0.03796746881030733239, 0.0000000000000000000, -0.05000000000000019013 ) ) ;
#2156 = ORIENTED_EDGE ( 'NONE', *, *, #41, .T. ) ;
#2157 = LINE ( 'NONE', #5907, #7709 ) ;
#2158 = VECTOR ( 'NONE', #4575, 39.37007874015748143 ) ;
#2159 = ORIENTED_EDGE ( 'NONE', *, *, #310, .T. ) ;
#2160 = CARTESIAN_POINT ( 'NONE',  ( 0.1816684688103074041, -0.1100000000000000006, -0.01574999999999998623 ) ) ;
#2161 = DIRECTION ( 'NONE',  ( 1.000000000000000000, 0.0000000000000000000, 0.0000000000000000000 ) ) ;
#2162 = ORIENTED_EDGE ( 'NONE', *, *, #7149, .T. ) ;
#2163 = EDGE_CURVE ( 'NONE', #5983, #4682, #3331, .T. ) ;
#2164 = ORIENTED_EDGE ( 'NONE', *, *, #5503, .T. ) ;
#2165 = VECTOR ( 'NONE', #3591, 39.37007874015748143 ) ;
#2166 = CARTESIAN_POINT ( 'NONE',  ( 1.581668468810307315, 0.0000000000000000000, -0.08424999999999954747 ) ) ;
#2167 = DIRECTION ( 'NONE',  ( 0.0000000000000000000, 0.0000000000000000000, 1.000000000000000000 ) ) ;
#2168 = CARTESIAN_POINT ( 'NONE',  ( 0.5816684688103074263, 0.0000000000000000000, -0.08424999999999954747 ) ) ;
#2169 = AXIS2_PLACEMENT_3D ( 'NONE', #794, #2771, #6349 ) ;
#2170 = LINE ( 'NONE', #6112, #7221 ) ;
#2171 = EDGE_CURVE ( 'NONE', #1853, #1735, #5749, .T. ) ;
#2172 = DIRECTION ( 'NONE',  ( 0.0000000000000000000, 0.0000000000000000000, 1.000000000000000000 ) ) ;
#2173 = DIRECTION ( 'NONE',  ( -0.0000000000000000000, 1.000000000000000000, -0.0000000000000000000 ) ) ;
#2174 = EDGE_LOOP ( 'NONE', ( #2194, #3483 ) ) ;
#2175 = LINE ( 'NONE', #1622, #484 ) ;
#2176 = PRODUCT_DEFINITION_SHAPE ( 'NONE', 'NONE',  #7843 ) ;
#2177 = ORIENTED_EDGE ( 'NONE', *, *, #3917, .F. ) ;
#2178 = FACE_OUTER_BOUND ( 'NONE', #6152, .T. ) ;
#2179 = EDGE_CURVE ( 'NONE', #4787, #5664, #7606, .T. ) ;
#2180 = ORIENTED_EDGE ( 'NONE', *, *, #5946, .F. ) ;
#2181 = LINE ( 'NONE', #5782, #602 ) ;
#2182 = DIRECTION ( 'NONE',  ( -1.000000000000000000, -0.0000000000000000000, -0.0000000000000000000 ) ) ;
#2183 = DIRECTION ( 'NONE',  ( 0.0000000000000000000, 0.0000000000000000000, 1.000000000000000000 ) ) ;
#2184 = FACE_OUTER_BOUND ( 'NONE', #3330, .T. ) ;
#2185 = ORIENTED_EDGE ( 'NONE', *, *, #1415, .T. ) ;
#2186 = DIRECTION ( 'NONE',  ( 0.3420201433256662704, -0.0000000000000000000, 0.9396926207859092051 ) ) ;
#2187 = EDGE_CURVE ( 'NONE', #6089, #6107, #2113, .T. ) ;
#2188 = ORIENTED_EDGE ( 'NONE', *, *, #6317, .T. ) ;
#2189 = PLANE ( 'NONE',  #1610 ) ;
#2190 = DIRECTION ( 'NONE',  ( 0.3420201433256662704, -0.0000000000000000000, 0.9396926207859092051 ) ) ;
#2191 = LINE ( 'NONE', #5325, #4532 ) ;
#2192 = ORIENTED_EDGE ( 'NONE', *, *, #5387, .T. ) ;
#2193 = EDGE_CURVE ( 'NONE', #1223, #4311, #3449, .T. ) ;
#2194 = ORIENTED_EDGE ( 'NONE', *, *, #3206, .F. ) ;
#2195 = DIRECTION ( 'NONE',  ( -0.3420201433256694346, -0.0000000000000000000, -0.9396926207859080948 ) ) ;
#2196 = CARTESIAN_POINT ( 'NONE',  ( 0.8379674688103073699, 0.0000000000000000000, -0.05000000000000019013 ) ) ;
#2197 = EDGE_LOOP ( 'NONE', ( #5444, #5092, #1941, #6837 ) ) ;
#2198 = VECTOR ( 'NONE', #3153, 39.37007874015748143 ) ;
#2199 = ORIENTED_EDGE ( 'NONE', *, *, #4459, .T. ) ;
#2200 = CARTESIAN_POINT ( 'NONE',  ( 1.181668468810307626, -0.1100000000000000006, -0.01574999999999998623 ) ) ;
#2201 = AXIS2_PLACEMENT_3D ( 'NONE', #6018, #2918, #1813 ) ;
#2202 = AXIS2_PLACEMENT_3D ( 'NONE', #2533, #702, #5584 ) ;
#2203 = DIRECTION ( 'NONE',  ( 0.0000000000000000000, 0.0000000000000000000, 1.000000000000000000 ) ) ;
#2204 = EDGE_CURVE ( 'NONE', #7737, #3007, #1674, .T. ) ;
#2205 = CARTESIAN_POINT ( 'NONE',  ( 0.4816684688103073930, 0.0000000000000000000, -0.01574999999999998623 ) ) ;
#2206 = DIRECTION ( 'NONE',  ( 0.0000000000000000000, 0.0000000000000000000, 1.000000000000000000 ) ) ;
#2207 = EDGE_LOOP ( 'NONE', ( #806, #3827, #5223, #4653 ) ) ;
#2208 = CIRCLE ( 'NONE', #6515, 0.02855000000000052982 ) ;
#2209 = VECTOR ( 'NONE', #3170, 39.37007874015748143 ) ;
#2210 = CYLINDRICAL_SURFACE ( 'NONE', #6934, 0.02855000000000052635 ) ;
#2211 = DIRECTION ( 'NONE',  ( -0.3420201433256695456, 0.0000000000000000000, -0.9396926207859080948 ) ) ;
#2212 = ORIENTED_EDGE ( 'NONE', *, *, #7094, .T. ) ;
#2213 = DIRECTION ( 'NONE',  ( 1.000000000000000000, 0.0000000000000000000, -1.355298456929802892E-15 ) ) ;
#2214 = EDGE_CURVE ( 'NONE', #813, #1969, #7090, .T. ) ;
#2215 = CIRCLE ( 'NONE', #1970, 0.02800000000000000405 ) ;
#2216 = ORIENTED_EDGE ( 'NONE', *, *, #4166, .F. ) ;
#2217 = PLANE ( 'NONE',  #6124 ) ;
#2218 = CARTESIAN_POINT ( 'NONE',  ( 1.281668468810307271, -0.1100000000000000006, -0.01574999999999998623 ) ) ;
#2219 = VERTEX_POINT ( 'NONE', #5276 ) ;
#2220 = LINE ( 'NONE', #7050, #7189 ) ;
#2221 = VECTOR ( 'NONE', #5407, 39.37007874015748143 ) ;
#2222 = FACE_OUTER_BOUND ( 'NONE', #3626, .T. ) ;
#2223 = DIRECTION ( 'NONE',  ( 0.0000000000000000000, 0.0000000000000000000, 1.000000000000000000 ) ) ;
#2224 = ORIENTED_EDGE ( 'NONE', *, *, #5571, .F. ) ;
#2225 = EDGE_CURVE ( 'NONE', #1566, #1683, #7537, .T. ) ;
#2226 = DIRECTION ( 'NONE',  ( -0.0000000000000000000, 1.000000000000000000, -0.0000000000000000000 ) ) ;
#2227 = EDGE_LOOP ( 'NONE', ( #2286, #4567, #5095, #1341 ) ) ;
#2228 = FACE_OUTER_BOUND ( 'NONE', #7342, .T. ) ;
#2229 = ORIENTED_EDGE ( 'NONE', *, *, #1938, .T. ) ;
#2230 = VERTEX_POINT ( 'NONE', #6943 ) ;
#2231 = CARTESIAN_POINT ( 'NONE',  ( 0.2379674688103073643, 3.673940397442060153E-19, -0.05000000000000019013 ) ) ;
#2232 = CARTESIAN_POINT ( 'NONE',  ( 0.0000000000000000000, 0.0000000000000000000, 0.0000000000000000000 ) ) ;
#2233 = EDGE_CURVE ( 'NONE', #1441, #223, #4056, .T. ) ;
#2234 = STYLED_ITEM ( 'NONE', ( #7524 ), #402 ) ;
#2235 = EDGE_LOOP ( 'NONE', ( #3868, #2410, #5409, #6850, #686 ) ) ;
#2236 = VERTEX_POINT ( 'NONE', #4096 ) ;
#2237 = FACE_OUTER_BOUND ( 'NONE', #7228, .T. ) ;
#2238 = DIRECTION ( 'NONE',  ( 0.0000000000000000000, 0.0000000000000000000, 1.000000000000000000 ) ) ;
#2239 = ORIENTED_EDGE ( 'NONE', *, *, #3107, .T. ) ;
#2240 = ORIENTED_EDGE ( 'NONE', *, *, #4166, .T. ) ;
#2241 = DIRECTION ( 'NONE',  ( -0.3420201433256720991, 0.0000000000000000000, 0.9396926207859070956 ) ) ;
#2242 = AXIS2_PLACEMENT_3D ( 'NONE', #4429, #5012, #7421 ) ;
#2243 = EDGE_CURVE ( 'NONE', #4690, #108, #389, .T. ) ;
#2244 = CARTESIAN_POINT ( 'NONE',  ( 1.975934937620615894, 0.0000000000000000000, -0.09999999999999974187 ) ) ;
#2245 = CARTESIAN_POINT ( 'NONE',  ( 0.4816684688103073930, 0.0000000000000000000, -0.08424999999999954747 ) ) ;
#2246 = CARTESIAN_POINT ( 'NONE',  ( 1.975934937620614562, -0.05000000000000000278, 0.0000000000000000000 ) ) ;
#2247 = AXIS2_PLACEMENT_3D ( 'NONE', #146, #3327, #6938 ) ;
#2248 = ORIENTED_EDGE ( 'NONE', *, *, #6559, .T. ) ;
#2249 = CARTESIAN_POINT ( 'NONE',  ( 0.8942664688103074688, -0.1100000000000000006, -0.08424999999999957523 ) ) ;
#2250 = DIRECTION ( 'NONE',  ( 0.3420201433256664925, 0.0000000000000000000, 0.9396926207859092051 ) ) ;
#2251 = EDGE_CURVE ( 'NONE', #5893, #1344, #6504, .T. ) ;
#2252 = CARTESIAN_POINT ( 'NONE',  ( 0.3999990000000001600, -0.05000000000000000278, 0.0000000000000000000 ) ) ;
#2253 = ORIENTED_EDGE ( 'NONE', *, *, #2720, .T. ) ;
#2254 = VECTOR ( 'NONE', #4418, 39.37007874015748143 ) ;
#2255 = DIRECTION ( 'NONE',  ( 0.0000000000000000000, 0.0000000000000000000, 1.000000000000000000 ) ) ;
#2256 = ORIENTED_EDGE ( 'NONE', *, *, #1338, .T. ) ;
#2257 = FACE_OUTER_BOUND ( 'NONE', #7063, .T. ) ;
#2258 = ORIENTED_EDGE ( 'NONE', *, *, #1346, .T. ) ;
#2259 = LINE ( 'NONE', #1666, #5777 ) ;
#2260 = CARTESIAN_POINT ( 'NONE',  ( 1.975934937620615894, -0.05000000000000000278, -0.09999999999999974187 ) ) ;
#2261 = DIRECTION ( 'NONE',  ( -0.0000000000000000000, 1.000000000000000000, -0.0000000000000000000 ) ) ;
#2262 = DIRECTION ( 'NONE',  ( 7.776898252968646568E-17, 0.0000000000000000000, -1.000000000000000000 ) ) ;
#2263 = ORIENTED_EDGE ( 'NONE', *, *, #7734, .T. ) ;
#2264 = CARTESIAN_POINT ( 'NONE',  ( 0.9759359376206147019, -0.05000000000000000278, -9.478001694819074349E-34 ) ) ;
#2265 = AXIS2_PLACEMENT_3D ( 'NONE', #4052, #2262, #7054 ) ;
#2266 = CARTESIAN_POINT ( 'NONE',  ( 1.081668468810307537, 0.0000000000000000000, -0.08424999999999954747 ) ) ;
#2267 = EDGE_LOOP ( 'NONE', ( #258, #5964, #2404, #7025 ) ) ;
#2268 = EDGE_CURVE ( 'NONE', #1566, #581, #1518, .T. ) ;
#2269 = LINE ( 'NONE', #4694, #3650 ) ;
#2270 = CARTESIAN_POINT ( 'NONE',  ( -0.03066449223692698303, -0.05000000000000000278, -0.01574999999999998623 ) ) ;
#2271 = CARTESIAN_POINT ( 'NONE',  ( 0.9735657057726122554, -0.05000000000000000278, -0.3812599004267243630 ) ) ;
#2272 = AXIS2_PLACEMENT_3D ( 'NONE', #4481, #1418, #1458 ) ;
#2273 = VERTEX_POINT ( 'NONE', #963 ) ;
#2274 = VERTEX_POINT ( 'NONE', #6982 ) ;
#2275 = LINE ( 'NONE', #5329, #1908 ) ;
#2276 = VECTOR ( 'NONE', #7154, 39.37007874015748854 ) ;
#2277 = ORIENTED_EDGE ( 'NONE', *, *, #5096, .T. ) ;
#2278 = EDGE_CURVE ( 'NONE', #5941, #2835, #3373, .T. ) ;
#2279 = EDGE_LOOP ( 'NONE', ( #5968, #4796, #137, #7814 ) ) ;
#2280 = DIRECTION ( 'NONE',  ( 0.0000000000000000000, 0.0000000000000000000, 1.000000000000000000 ) ) ;
#2281 = VECTOR ( 'NONE', #2623, 39.37007874015748143 ) ;
#2282 = DIRECTION ( 'NONE',  ( -0.3420201433256720991, 0.0000000000000000000, 0.9396926207859070956 ) ) ;
#2283 = DIRECTION ( 'NONE',  ( -1.000000000000000000, -0.0000000000000000000, -0.0000000000000000000 ) ) ;
#2284 = CARTESIAN_POINT ( 'NONE',  ( 0.6379674688103074143, -0.05000000000000000278, -0.07855000000000071647 ) ) ;
#2285 = EDGE_CURVE ( 'NONE', #293, #7557, #6426, .T. ) ;
#2286 = ORIENTED_EDGE ( 'NONE', *, *, #7734, .F. ) ;
#2287 = VECTOR ( 'NONE', #1361, 39.37007874015748143 ) ;
#2288 = DIRECTION ( 'NONE',  ( 0.0000000000000000000, 1.000000000000000000, 0.0000000000000000000 ) ) ;
#2289 = LINE ( 'NONE', #5300, #1487 ) ;
#2290 = DIRECTION ( 'NONE',  ( -0.3420201433256694346, -0.0000000000000000000, -0.9396926207859080948 ) ) ;
#2291 = ORIENTED_EDGE ( 'NONE', *, *, #2450, .F. ) ;
#2292 = CARTESIAN_POINT ( 'NONE',  ( 0.7379674688103073921, -0.05000000000000000278, -0.05000000000000019013 ) ) ;
#2293 = VECTOR ( 'NONE', #5771, 39.37007874015748143 ) ;
#2294 = ORIENTED_EDGE ( 'NONE', *, *, #4900, .T. ) ;
#2295 = CARTESIAN_POINT ( 'NONE',  ( 1.075935937620614791, 0.0000000000000000000, -0.09999999999999989453 ) ) ;
#2296 = ADVANCED_FACE ( 'NONE', ( #2228 ), #5864, .F. ) ;
#2297 = VERTEX_POINT ( 'NONE', #1123 ) ;
#2298 =( REPRESENTATION_RELATIONSHIP ('NONE','NONE', #1462, #1766 ) REPRESENTATION_RELATIONSHIP_WITH_TRANSFORMATION ( #863 )SHAPE_REPRESENTATION_RELATIONSHIP( ) );
#2299 = PLANE ( 'NONE',  #4031 ) ;
#2300 = FACE_BOUND ( 'NONE', #1106, .T. ) ;
#2301 = DIRECTION ( 'NONE',  ( -0.9659258262890728641, 0.0000000000000000000, 0.2588190451025033645 ) ) ;
#2302 = DIRECTION ( 'NONE',  ( 0.3420201433256720991, 0.0000000000000000000, -0.9396926207859070956 ) ) ;
#2303 = ORIENTED_EDGE ( 'NONE', *, *, #4118, .F. ) ;
#2304 = FACE_OUTER_BOUND ( 'NONE', #5836, .T. ) ;
#2305 = LINE ( 'NONE', #7806, #5382 ) ;
#2306 = EDGE_CURVE ( 'NONE', #1845, #1794, #3295, .T. ) ;
#2307 = EDGE_CURVE ( 'NONE', #5722, #6628, #3535, .T. ) ;
#2308 = DIRECTION ( 'NONE',  ( 0.0000000000000000000, 0.0000000000000000000, 1.000000000000000000 ) ) ;
#2309 = ORIENTED_EDGE ( 'NONE', *, *, #4933, .T. ) ;
#2310 = VERTEX_POINT ( 'NONE', #3056 ) ;
#2311 = DIRECTION ( 'NONE',  ( 0.0000000000000000000, 0.0000000000000000000, -1.000000000000000000 ) ) ;
#2312 = CARTESIAN_POINT ( 'NONE',  ( 1.037967468810307547, 0.0000000000000000000, -0.07855000000000071647 ) ) ;
#2313 =( REPRESENTATION_RELATIONSHIP ('NONE','NONE', #1462, #1766 ) REPRESENTATION_RELATIONSHIP_WITH_TRANSFORMATION ( #3456 )SHAPE_REPRESENTATION_RELATIONSHIP( ) );
#2314 = EDGE_CURVE ( 'NONE', #3571, #1739, #4730, .T. ) ;
#2315 = VERTEX_POINT ( 'NONE', #1277 ) ;
#2316 = DIRECTION ( 'NONE',  ( -0.0000000000000000000, 1.000000000000000000, -0.0000000000000000000 ) ) ;
#2317 = ORIENTED_EDGE ( 'NONE', *, *, #3293, .T. ) ;
#2318 = ORIENTED_EDGE ( 'NONE', *, *, #4072, .F. ) ;
#2319 = DIRECTION ( 'NONE',  ( -1.000000000000000000, -0.0000000000000000000, -0.0000000000000000000 ) ) ;
#2320 = EDGE_CURVE ( 'NONE', #6647, #5750, #1796, .T. ) ;
#2321 = VERTEX_POINT ( 'NONE', #3694 ) ;
#2322 = DIRECTION ( 'NONE',  ( 1.000000000000000000, 0.0000000000000000000, -1.355298456929802892E-15 ) ) ;
#2323 = VECTOR ( 'NONE', #6894, 39.37007874015748143 ) ;
#2324 = LINE ( 'NONE', #5295, #2076 ) ;
#2325 = CARTESIAN_POINT ( 'NONE',  ( 0.0000000000000000000, -0.05000000000000000278, 0.0000000000000000000 ) ) ;
#2326 = VERTEX_POINT ( 'NONE', #5320 ) ;
#2327 = DIRECTION ( 'NONE',  ( 1.000000000000000000, 0.0000000000000000000, -0.0000000000000000000 ) ) ;
#2328 = DIRECTION ( 'NONE',  ( -0.0000000000000000000, 1.000000000000000000, -0.0000000000000000000 ) ) ;
#2329 = VECTOR ( 'NONE', #7286, 39.37007874015748854 ) ;
#2330 = DIRECTION ( 'NONE',  ( -0.0000000000000000000, 1.000000000000000000, -0.0000000000000000000 ) ) ;
#2331 = ORIENTED_EDGE ( 'NONE', *, *, #1092, .T. ) ;
#2332 = EDGE_CURVE ( 'NONE', #6950, #5761, #6036, .T. ) ;
#2333 = DIRECTION ( 'NONE',  ( -0.0000000000000000000, 1.000000000000000000, -0.0000000000000000000 ) ) ;
#2334 = ORIENTED_EDGE ( 'NONE', *, *, #3764, .F. ) ;
#2335 = CARTESIAN_POINT ( 'NONE',  ( 0.2379674688103078917, 0.1600000000000031120, -0.05000000000000019013 ) ) ;
#2336 = DIRECTION ( 'NONE',  ( -0.9396926207859072067, 0.0000000000000000000, -0.3420201433256721546 ) ) ;
#2337 = VECTOR ( 'NONE', #895, 39.37007874015748143 ) ;
#2338 = AXIS2_PLACEMENT_3D ( 'NONE', #5944, #3607, #4765 ) ;
#2339 = EDGE_LOOP ( 'NONE', ( #1522, #2595, #534, #2761 ) ) ;
#2340 = DIRECTION ( 'NONE',  ( -0.0000000000000000000, 1.000000000000000000, -0.0000000000000000000 ) ) ;
#2341 = DIRECTION ( 'NONE',  ( -0.3420201433256720991, 0.0000000000000000000, 0.9396926207859070956 ) ) ;
#2342 = EDGE_LOOP ( 'NONE', ( #2435, #2216, #3364, #3985 ) ) ;
#2343 = EDGE_CURVE ( 'NONE', #4897, #1200, #5482, .T. ) ;
#2344 = EDGE_CURVE ( 'NONE', #6262, #5893, #5992, .T. ) ;
#2345 = VECTOR ( 'NONE', #2613, 39.37007874015748143 ) ;
#2346 = LINE ( 'NONE', #4011, #1258 ) ;
#2347 = ORIENTED_EDGE ( 'NONE', *, *, #6121, .T. ) ;
#2348 = DIRECTION ( 'NONE',  ( 0.0000000000000000000, 0.0000000000000000000, -1.000000000000000000 ) ) ;
#2349 = DIRECTION ( 'NONE',  ( 0.0000000000000000000, 0.0000000000000000000, 1.000000000000000000 ) ) ;
#2350 = LINE ( 'NONE', #2466, #6340 ) ;
#2351 = ORIENTED_EDGE ( 'NONE', *, *, #1036, .T. ) ;
#2352 = VECTOR ( 'NONE', #6722, 39.37007874015748143 ) ;
#2353 = PRESENTATION_LAYER_ASSIGNMENT (  '', '', ( #1084 ) ) ;
#2354 = FACE_OUTER_BOUND ( 'NONE', #2267, .T. ) ;
#2355 = DIRECTION ( 'NONE',  ( 0.0000000000000000000, 0.0000000000000000000, 1.000000000000000000 ) ) ;
#2356 = CARTESIAN_POINT ( 'NONE',  ( 1.337967468810307370, -0.05000000000000000278, -0.02144999999999967072 ) ) ;
#2357 = EDGE_CURVE ( 'NONE', #1278, #7410, #6550, .T. ) ;
#2358 = ORIENTED_EDGE ( 'NONE', *, *, #4478, .T. ) ;
#2359 = PLANE ( 'NONE',  #1273 ) ;
#2360 = VERTEX_POINT ( 'NONE', #7807 ) ;
#2361 = EDGE_LOOP ( 'NONE', ( #5585, #7754 ) ) ;
#2362 = EDGE_CURVE ( 'NONE', #2788, #4963, #4220, .T. ) ;
#2363 = VECTOR ( 'NONE', #3164, 39.37007874015748854 ) ;
#2364 = LINE ( 'NONE', #1769, #6646 ) ;
#2365 = ORIENTED_EDGE ( 'NONE', *, *, #2676, .T. ) ;
#2366 = LINE ( 'NONE', #1731, #7579 ) ;
#2367 = DIRECTION ( 'NONE',  ( 0.9396926207859080948, 0.0000000000000000000, -0.3420201433256695456 ) ) ;
#2368 = CARTESIAN_POINT ( 'NONE',  ( 0.3942664688103074133, 0.0000000000000000000, -0.08424999999999957523 ) ) ;
#2369 = ORIENTED_EDGE ( 'NONE', *, *, #2343, .F. ) ;
#2370 = EDGE_CURVE ( 'NONE', #7367, #5820, #243, .T. ) ;
#2371 = DIRECTION ( 'NONE',  ( 0.0000000000000000000, 0.0000000000000000000, 1.000000000000000000 ) ) ;
#2372 = CARTESIAN_POINT ( 'NONE',  ( 1.975934937620615894, -0.05000000000000000278, -0.09999999999999974187 ) ) ;
#2373 = CARTESIAN_POINT ( 'NONE',  ( 0.07593593762061463803, 0.0000000000000000000, -9.478001694819074349E-34 ) ) ;
#2374 = ORIENTED_EDGE ( 'NONE', *, *, #5096, .F. ) ;
#2375 = LINE ( 'NONE', #7355, #3029 ) ;
#2376 = AXIS2_PLACEMENT_3D ( 'NONE', #6392, #7061, #2780 ) ;
#2377 = ORIENTED_EDGE ( 'NONE', *, *, #2632, .F. ) ;
#2378 = DIRECTION ( 'NONE',  ( 0.0000000000000000000, 0.0000000000000000000, 1.000000000000000000 ) ) ;
#2379 = CARTESIAN_POINT ( 'NONE',  ( 1.875935937620614835, 0.0000000000000000000, -0.09999999999999989453 ) ) ;
#2380 = EDGE_LOOP ( 'NONE', ( #6818, #743, #6439, #3103 ) ) ;
#2381 = EDGE_CURVE ( 'NONE', #4731, #3739, #1714, .T. ) ;
#2382 = LINE ( 'NONE', #7288, #7062 ) ;
#2383 = DIRECTION ( 'NONE',  ( -0.0000000000000000000, 1.000000000000000000, -0.0000000000000000000 ) ) ;
#2384 = ORIENTED_EDGE ( 'NONE', *, *, #4484, .T. ) ;
#2385 = CYLINDRICAL_SURFACE ( 'NONE', #3143, 0.02855000000000052635 ) ;
#2386 = VERTEX_POINT ( 'NONE', #7256 ) ;
#2387 = DIRECTION ( 'NONE',  ( 0.3420201433256663259, 0.0000000000000000000, 0.9396926207859092051 ) ) ;
#2388 = LINE ( 'NONE', #1872, #5704 ) ;
#2389 = AXIS2_PLACEMENT_3D ( 'NONE', #1939, #2017, #5583 ) ;
#2390 = EDGE_LOOP ( 'NONE', ( #394, #3745 ) ) ;
#2391 = EDGE_CURVE ( 'NONE', #6542, #4659, #6594, .T. ) ;
#2392 = CARTESIAN_POINT ( 'NONE',  ( 1.381668468810307360, -0.1100000000000000006, -0.08424999999999954747 ) ) ;
#2393 = CARTESIAN_POINT ( 'NONE',  ( 1.987967468810307503, -0.05000000000000000278, -0.01574999999999984746 ) ) ;
#2394 = CARTESIAN_POINT ( 'NONE',  ( 1.737967468810307281, -0.05000000000000000278, -0.05000000000000019013 ) ) ;
#2395 = UNCERTAINTY_MEASURE_WITH_UNIT (LENGTH_MEASURE( 1.000000000000000082E-05 ), #7714, 'distance_accuracy_value', 'NONE');
#2396 = VECTOR ( 'NONE', #6260, 39.37007874015748143 ) ;
#2397 = ORIENTED_EDGE ( 'NONE', *, *, #3750, .T. ) ;
#2398 = LINE ( 'NONE', #4819, #7337 ) ;
#2399 = EDGE_CURVE ( 'NONE', #3739, #6372, #2350, .T. ) ;
#2400 = ORIENTED_EDGE ( 'NONE', *, *, #2408, .T. ) ;
#2401 = ORIENTED_EDGE ( 'NONE', *, *, #245, .T. ) ;
#2402 = AXIS2_PLACEMENT_3D ( 'NONE', #6659, #3077, #7282 ) ;
#2403 = CARTESIAN_POINT ( 'NONE',  ( 1.799999000000000127, 0.0000000000000000000, -0.09999999999999989453 ) ) ;
#2404 = ORIENTED_EDGE ( 'NONE', *, *, #4881, .T. ) ;
#2405 = LINE ( 'NONE', #3070, #3540 ) ;
#2406 = AXIS2_PLACEMENT_3D ( 'NONE', #527, #4195, #1174 ) ;
#2407 = FACE_OUTER_BOUND ( 'NONE', #4759, .T. ) ;
#2408 = EDGE_CURVE ( 'NONE', #4377, #3224, #2388, .T. ) ;
#2409 = CARTESIAN_POINT ( 'NONE',  ( 0.0000000000000000000, -0.05000000000000000278, 0.0000000000000000000 ) ) ;
#2410 = ORIENTED_EDGE ( 'NONE', *, *, #2889, .T. ) ;
#2411 = DIRECTION ( 'NONE',  ( -1.000000000000000000, -0.0000000000000000000, -0.0000000000000000000 ) ) ;
#2412 = VECTOR ( 'NONE', #2316, 39.37007874015748143 ) ;
#2413 = CARTESIAN_POINT ( 'NONE',  ( 1.081668468810307537, 0.0000000000000000000, -0.08424999999999953360 ) ) ;
#2414 = VERTEX_POINT ( 'NONE', #4772 ) ;
#2415 = DIRECTION ( 'NONE',  ( 0.3420201433256639389, 0.0000000000000000000, -0.9396926207859100932 ) ) ;
#2416 = ORIENTED_EDGE ( 'NONE', *, *, #1295, .F. ) ;
#2417 = ADVANCED_FACE ( 'NONE', ( #4301 ), #1161, .F. ) ;
#2418 = CARTESIAN_POINT ( 'NONE',  ( 0.0000000000000000000, -0.05000000000000000278, 0.0000000000000000000 ) ) ;
#2419 = VECTOR ( 'NONE', #4014, 39.37007874015748143 ) ;
#2420 = ORIENTED_EDGE ( 'NONE', *, *, #3987, .F. ) ;
#2421 = CARTESIAN_POINT ( 'NONE',  ( 0.4942664688103074466, -0.05000000000000000278, -0.01574999999999998623 ) ) ;
#2422 = DIRECTION ( 'NONE',  ( 0.0000000000000000000, -0.0000000000000000000, -1.000000000000000000 ) ) ;
#2423 = ORIENTED_EDGE ( 'NONE', *, *, #6607, .F. ) ;
#2424 = AXIS2_PLACEMENT_3D ( 'NONE', #2758, #6882, #3878 ) ;
#2425 = LINE ( 'NONE', #706, #3396 ) ;
#2426 = ORIENTED_EDGE ( 'NONE', *, *, #5734, .F. ) ;
#2427 = EDGE_CURVE ( 'NONE', #7436, #1133, #6631, .T. ) ;
#2428 = PLANE ( 'NONE',  #580 ) ;
#2429 = DIRECTION ( 'NONE',  ( -1.000000000000000000, 0.0000000000000000000, -0.0000000000000000000 ) ) ;
#2430 = DIRECTION ( 'NONE',  ( -0.0000000000000000000, 1.000000000000000000, -0.0000000000000000000 ) ) ;
#2431 = ORIENTED_EDGE ( 'NONE', *, *, #1046, .F. ) ;
#2432 = DIRECTION ( 'NONE',  ( 0.3420201433256662704, -0.0000000000000000000, 0.9396926207859092051 ) ) ;
#2433 = CARTESIAN_POINT ( 'NONE',  ( 0.0000000000000000000, -0.05000000000000000278, 0.0000000000000000000 ) ) ;
#2434 = DIRECTION ( 'NONE',  ( -0.0000000000000000000, 1.000000000000000000, -0.0000000000000000000 ) ) ;
#2435 = ORIENTED_EDGE ( 'NONE', *, *, #3282, .T. ) ;
#2436 = ADVANCED_FACE ( 'NONE', ( #3016 ), #35, .T. ) ;
#2437 = CARTESIAN_POINT ( 'NONE',  ( 1.975934937620615894, 0.0000000000000000000, -0.09999999999999974187 ) ) ;
#2438 = VERTEX_POINT ( 'NONE', #4483 ) ;
#2439 = VERTEX_POINT ( 'NONE', #7332 ) ;
#2440 = CARTESIAN_POINT ( 'NONE',  ( 0.5759359376206146797, -0.05000000000000000278, -0.09999999999999989453 ) ) ;
#2441 = EDGE_CURVE ( 'NONE', #6258, #2711, #501, .T. ) ;
#2442 = EDGE_LOOP ( 'NONE', ( #7569, #1410, #4643, #83 ) ) ;
#2443 = DIRECTION ( 'NONE',  ( 0.3420201433256720991, 0.0000000000000000000, -0.9396926207859070956 ) ) ;
#2444 = DIRECTION ( 'NONE',  ( -0.0000000000000000000, 1.000000000000000000, -0.0000000000000000000 ) ) ;
#2445 = CARTESIAN_POINT ( 'NONE',  ( 1.881668468810307582, 0.0000000000000000000, -0.08424999999999954747 ) ) ;
#2446 = ORIENTED_EDGE ( 'NONE', *, *, #2056, .F. ) ;
#2447 = FACE_OUTER_BOUND ( 'NONE', #4172, .T. ) ;
#2448 = CARTESIAN_POINT ( 'NONE',  ( 1.437967468810307237, 3.673940397442060153E-19, -0.05000000000000019013 ) ) ;
#2449 = ORIENTED_EDGE ( 'NONE', *, *, #1438, .T. ) ;
#2450 = EDGE_CURVE ( 'NONE', #2605, #2230, #6294, .T. ) ;
#2451 = CARTESIAN_POINT ( 'NONE',  ( -0.03066449223692707671, -0.05000000000000000278, -0.08424999999999817357 ) ) ;
#2452 = VERTEX_POINT ( 'NONE', #5698 ) ;
#2453 = DIRECTION ( 'NONE',  ( 0.0000000000000000000, 0.0000000000000000000, 1.000000000000000000 ) ) ;
#2454 = DIRECTION ( 'NONE',  ( 0.0000000000000000000, 1.224646799147353207E-16, -1.000000000000000000 ) ) ;
#2455 = EDGE_LOOP ( 'NONE', ( #7694, #4342, #700, #5274 ) ) ;
#2456 = AXIS2_PLACEMENT_3D ( 'NONE', #5178, #6482, #2870 ) ;
#2457 = LINE ( 'NONE', #6105, #216 ) ;
#2458 = FACE_BOUND ( 'NONE', #7791, .T. ) ;
#2459 = VERTEX_POINT ( 'NONE', #5064 ) ;
#2460 = EDGE_CURVE ( 'NONE', #252, #2310, #1152, .T. ) ;
#2461 = CARTESIAN_POINT ( 'NONE',  ( 0.09999900000000011557, 0.0000000000000000000, 0.0000000000000000000 ) ) ;
#2462 = VECTOR ( 'NONE', #7556, 39.37007874015748143 ) ;
#2463 = ORIENTED_EDGE ( 'NONE', *, *, #7074, .F. ) ;
#2464 = CARTESIAN_POINT ( 'NONE',  ( 0.5379674688103074365, 3.673940397442060153E-19, -0.05000000000000019013 ) ) ;
#2465 = FACE_BOUND ( 'NONE', #3857, .T. ) ;
#2466 = CARTESIAN_POINT ( 'NONE',  ( 1.081668468810307537, -0.1100000000000000006, -0.01574999999999998623 ) ) ;
#2467 = ORIENTED_EDGE ( 'NONE', *, *, #2100, .F. ) ;
#2468 = CARTESIAN_POINT ( 'NONE',  ( 0.5999990000000001711, 0.0000000000000000000, -0.09999999999999989453 ) ) ;
#2469 = VECTOR ( 'NONE', #7700, 39.37007874015748143 ) ;
#2470 = LINE ( 'NONE', #7812, #5637 ) ;
#2471 = ADVANCED_FACE ( 'NONE', ( #7587 ), #866, .F. ) ;
#2472 = CARTESIAN_POINT ( 'NONE',  ( 0.3379674688103073699, 0.0000000000000000000, -0.05000000000000019013 ) ) ;
#2473 = VECTOR ( 'NONE', #1350, 39.37007874015748143 ) ;
#2474 = EDGE_LOOP ( 'NONE', ( #3749, #5289, #6753, #4620 ) ) ;
#2475 = CIRCLE ( 'NONE', #4125, 0.02855000000000052288 ) ;
#2476 = LINE ( 'NONE', #4312, #5948 ) ;
#2477 = DIRECTION ( 'NONE',  ( 0.0000000000000000000, -1.000000000000000000, 0.0000000000000000000 ) ) ;
#2478 = ORIENTED_EDGE ( 'NONE', *, *, #6730, .T. ) ;
#2479 = VERTEX_POINT ( 'NONE', #3916 ) ;
#2480 = EDGE_CURVE ( 'NONE', #7201, #2841, #2170, .T. ) ;
#2481 = DIRECTION ( 'NONE',  ( 7.776898252968646568E-17, 0.0000000000000000000, -1.000000000000000000 ) ) ;
#2482 = EDGE_LOOP ( 'NONE', ( #4389, #754, #3436, #2164 ) ) ;
#2483 = CARTESIAN_POINT ( 'NONE',  ( 0.1816684688103074041, -0.05000000000000000278, -0.08424999999999954747 ) ) ;
#2484 = CARTESIAN_POINT ( 'NONE',  ( 0.3942664688103074133, -0.05000000000000000278, -0.01574999999999998623 ) ) ;
#2485 = LINE ( 'NONE', #1219, #7 ) ;
#2486 = ORIENTED_EDGE ( 'NONE', *, *, #2092, .T. ) ;
#2487 = VECTOR ( 'NONE', #962, 39.37007874015748143 ) ;
#2488 = ADVANCED_FACE ( 'NONE', ( #669 ), #1540, .F. ) ;
#2489 = DIRECTION ( 'NONE',  ( -0.3420201433256694346, -0.0000000000000000000, -0.9396926207859080948 ) ) ;
#2490 = CYLINDRICAL_SURFACE ( 'NONE', #5177, 0.02800000000000000405 ) ;
#2491 = DIRECTION ( 'NONE',  ( 0.0000000000000000000, 0.0000000000000000000, 1.000000000000000000 ) ) ;
#2492 = CARTESIAN_POINT ( 'NONE',  ( 1.581668468810307315, -0.1100000000000000006, -0.08424999999999954747 ) ) ;
#2493 = ORIENTED_EDGE ( 'NONE', *, *, #7616, .T. ) ;
#2494 = ADVANCED_FACE ( 'NONE', ( #2682 ), #5142, .T. ) ;
#2495 = CARTESIAN_POINT ( 'NONE',  ( 1.537967468810307325, -0.05000000000000000278, -0.05000000000000019013 ) ) ;
#2496 = FACE_OUTER_BOUND ( 'NONE', #4574, .T. ) ;
#2497 = ORIENTED_EDGE ( 'NONE', *, *, #2332, .F. ) ;
#2498 = VECTOR ( 'NONE', #155, 39.37007874015748143 ) ;
#2499 = DIRECTION ( 'NONE',  ( -1.000000000000000000, 0.0000000000000000000, 0.0000000000000000000 ) ) ;
#2500 = VERTEX_POINT ( 'NONE', #72 ) ;
#2501 = CARTESIAN_POINT ( 'NONE',  ( 0.3942664688103074133, -0.1100000000000000006, -0.08424999999999957523 ) ) ;
#2502 = FACE_OUTER_BOUND ( 'NONE', #10, .T. ) ;
#2503 = DIRECTION ( 'NONE',  ( -1.000000000000000000, 0.0000000000000000000, -7.776898252968646568E-17 ) ) ;
#2504 = ORIENTED_EDGE ( 'NONE', *, *, #2990, .T. ) ;
#2505 = EDGE_CURVE ( 'NONE', #6684, #1913, #3275, .T. ) ;
#2506 = ORIENTED_EDGE ( 'NONE', *, *, #7101, .T. ) ;
#2507 = CARTESIAN_POINT ( 'NONE',  ( 1.937967468810307459, 0.0000000000000000000, -0.07855000000000071647 ) ) ;
#2508 = DIRECTION ( 'NONE',  ( -0.0000000000000000000, 1.000000000000000000, -0.0000000000000000000 ) ) ;
#2509 = DIRECTION ( 'NONE',  ( -0.0000000000000000000, 1.000000000000000000, -0.0000000000000000000 ) ) ;
#2510 = ORIENTED_EDGE ( 'NONE', *, *, #2798, .T. ) ;
#2511 = AXIS2_PLACEMENT_3D ( 'NONE', #7518, #1618, #7555 ) ;
#2512 = ADVANCED_FACE ( 'NONE', ( #4925 ), #7514, .T. ) ;
#2513 = PLANE ( 'NONE',  #5065 ) ;
#2514 = EDGE_LOOP ( 'NONE', ( #2317, #3172, #682, #3136 ) ) ;
#2515 = DIRECTION ( 'NONE',  ( -0.0000000000000000000, 1.000000000000000000, -0.0000000000000000000 ) ) ;
#2516 = DIRECTION ( 'NONE',  ( -1.000000000000000000, 0.0000000000000000000, 1.355298456929802892E-15 ) ) ;
#2517 = EDGE_LOOP ( 'NONE', ( #3264, #2369, #5609, #5911, #7751, #2848, #4214, #636, #7782, #5371, #5268, #7153, #2463, #2374, #3820, #1909, #2807, #346, #1182, #3840, #2865, #6576, #3292, #5467, #7043, #3454, #1999, #7733, #1843, #1057, #1715, #2102, #5335, #6668, #4140, #4108, #4822, #7272, #2148, #3401, #7459, #7016, #7068, #4145, #4294, #573, #7178, #2698, #3036, #1437, #6226, #6299, #395, #6204, #93, #758, #5171, #3884, #834, #7188, #2446, #6494, #6194, #3704, #4842, #4360, #7424, #3617, #4651, #183, #7092, #3866, #193, #873, #7263, #5592, #5900, #1195, #720, #6178, #1730, #4393, #5705, #3785, #2726, #3447, #7523, #6530, #618, #5717, #4098, #1009, #4536, #1697, #6284, #2318, #7693, #3123, #4263, #3635, #1187, #4210, #5793, #828, #6389, #322, #2426, #7618, #7448, #5564, #2548, #7224, #2066, #954, #5237, #3333, #5104, #6286, #1983, #2582, #1158, #1431, #6476, #5412, #380, #2592, #6474, #1030, #5851, #3569, #5560, #1102, #3087, #2599, #3119, #1742, #3871, #1302, #2740, #7147, #271, #4000, #2706, #7776, #7229, #3145, #1352, #2122, #5168, #6119, #7581, #7057, #947, #5617, #5650, #5718, #5262, #5708, #5543, #2914, #4063, #7646, #194, #5490 ) ) ;
#2518 = LINE ( 'NONE', #5608, #1267 ) ;
#2519 = EDGE_CURVE ( 'NONE', #2011, #5199, #4577, .T. ) ;
#2520 = LINE ( 'NONE', #3708, #4615 ) ;
#2521 = VECTOR ( 'NONE', #4757, 39.37007874015748143 ) ;
#2522 = DIRECTION ( 'NONE',  ( -0.9396926207859095381, 0.0000000000000000000, -0.3420201433256657153 ) ) ;
#2523 = ORIENTED_EDGE ( 'NONE', *, *, #3427, .T. ) ;
#2524 = CARTESIAN_POINT ( 'NONE',  ( 0.2379674688103073643, 0.0000000000000000000, -0.07855000000000071647 ) ) ;
#2525 = VECTOR ( 'NONE', #2594, 39.37007874015748143 ) ;
#2526 = CARTESIAN_POINT ( 'NONE',  ( 1.594266468810307424, 0.0000000000000000000, -0.08424999999999957523 ) ) ;
#2527 = ADVANCED_FACE ( 'NONE', ( #6742 ), #6962, .F. ) ;
#2528 = DIRECTION ( 'NONE',  ( 0.0000000000000000000, 0.0000000000000000000, 1.000000000000000000 ) ) ;
#2529 = PLANE ( 'NONE',  #4609 ) ;
#2530 = ORIENTED_EDGE ( 'NONE', *, *, #4204, .T. ) ;
#2531 = AXIS2_PLACEMENT_3D ( 'NONE', #1116, #7089, #5785 ) ;
#2532 = DIRECTION ( 'NONE',  ( -1.000000000000000000, 0.0000000000000000000, -7.776898252968647801E-17 ) ) ;
#2533 = CARTESIAN_POINT ( 'NONE',  ( 0.2379674688103073643, 0.0000000000000000000, -0.05000000000000019013 ) ) ;
#2534 = VERTEX_POINT ( 'NONE', #4521 ) ;
#2535 = EDGE_CURVE ( 'NONE', #1200, #7197, #6253, .T. ) ;
#2536 = FACE_OUTER_BOUND ( 'NONE', #5512, .T. ) ;
#2537 = AXIS2_PLACEMENT_3D ( 'NONE', #1318, #5046, #1439 ) ;
#2538 = EDGE_LOOP ( 'NONE', ( #3042, #1147, #692, #1665 ) ) ;
#2539 = LINE ( 'NONE', #7406, #3991 ) ;
#2540 = CARTESIAN_POINT ( 'NONE',  ( 0.1999990000000001211, -0.05000000000000000278, 0.0000000000000000000 ) ) ;
#2541 = EDGE_LOOP ( 'NONE', ( #3887, #3307, #3521, #438 ) ) ;
#2542 = CARTESIAN_POINT ( 'NONE',  ( 0.3999990000000001600, -0.05000000000000000278, -0.09999999999999989453 ) ) ;
#2543 = VECTOR ( 'NONE', #6483, 39.37007874015748854 ) ;
#2544 = CARTESIAN_POINT ( 'NONE',  ( 0.6816684688103075151, 0.0000000000000000000, -0.08424999999999954747 ) ) ;
#2545 = CARTESIAN_POINT ( 'NONE',  ( 0.5816684688103074263, -0.05000000000000000278, -0.08424999999999954747 ) ) ;
#2546 = EDGE_CURVE ( 'NONE', #2587, #1285, #2921, .T. ) ;
#2547 = ADVANCED_FACE ( 'NONE', ( #2643 ), #7477, .T. ) ;
#2548 = ORIENTED_EDGE ( 'NONE', *, *, #6215, .F. ) ;
#2549 = CARTESIAN_POINT ( 'NONE',  ( -0.03066449223692698303, -0.05000000000000000278, -0.01574999999999998623 ) ) ;
#2550 = ORIENTED_EDGE ( 'NONE', *, *, #6847, .F. ) ;
#2551 = EDGE_LOOP ( 'NONE', ( #4153, #5830, #4245, #6595 ) ) ;
#2552 = APPLICATION_CONTEXT ( 'automotive_design' ) ;
#2553 = DIRECTION ( 'NONE',  ( -0.3420201433256694346, -0.0000000000000000000, -0.9396926207859080948 ) ) ;
#2554 = DIRECTION ( 'NONE',  ( 0.0000000000000000000, 0.0000000000000000000, 1.000000000000000000 ) ) ;
#2555 = PRODUCT_DEFINITION ( 'UNKNOWN', '', #3743, #1358 ) ;
#2556 = EDGE_CURVE ( 'NONE', #4529, #6676, #1500, .T. ) ;
#2557 = EDGE_LOOP ( 'NONE', ( #3377, #1119 ) ) ;
#2558 = CARTESIAN_POINT ( 'NONE',  ( 1.899999000000000215, -0.1100000000000000006, -0.09999999999999989453 ) ) ;
#2559 = DIRECTION ( 'NONE',  ( 0.0000000000000000000, 0.0000000000000000000, 1.000000000000000000 ) ) ;
#2560 = CARTESIAN_POINT ( 'NONE',  ( 1.237967468810307281, 3.673940397442060153E-19, -0.07855000000000071647 ) ) ;
#2561 = ORIENTED_EDGE ( 'NONE', *, *, #3149, .T. ) ;
#2562 = CARTESIAN_POINT ( 'NONE',  ( 0.1816684688103074041, 0.0000000000000000000, -0.08424999999999954747 ) ) ;
#2563 = EDGE_CURVE ( 'NONE', #569, #7137, #448, .T. ) ;
#2564 = DIRECTION ( 'NONE',  ( 0.0000000000000000000, 0.0000000000000000000, 1.000000000000000000 ) ) ;
#2565 = CARTESIAN_POINT ( 'NONE',  ( 1.275935937620614746, 0.0000000000000000000, -0.09999999999999989453 ) ) ;
#2566 = VERTEX_POINT ( 'NONE', #367 ) ;
#2567 = CARTESIAN_POINT ( 'NONE',  ( 0.1600000000000026679, 0.0000000000000000000, 0.0000000000000000000 ) ) ;
#2568 = LINE ( 'NONE', #4408, #3627 ) ;
#2569 = EDGE_CURVE ( 'NONE', #4020, #5005, #2796, .T. ) ;
#2570 = ORIENTED_EDGE ( 'NONE', *, *, #1967, .T. ) ;
#2571 = DIRECTION ( 'NONE',  ( -0.0000000000000000000, 1.000000000000000000, -0.0000000000000000000 ) ) ;
#2572 = VERTEX_POINT ( 'NONE', #2368 ) ;
#2573 = DIRECTION ( 'NONE',  ( 0.0000000000000000000, 0.0000000000000000000, 1.000000000000000000 ) ) ;
#2574 = FACE_BOUND ( 'NONE', #7649, .T. ) ;
#2575 = VERTEX_POINT ( 'NONE', #2284 ) ;
#2576 = VERTEX_POINT ( 'NONE', #6571 ) ;
#2577 = FACE_OUTER_BOUND ( 'NONE', #2773, .T. ) ;
#2578 = CARTESIAN_POINT ( 'NONE',  ( 1.637967468810307414, -0.05000000000000000278, -0.07855000000000071647 ) ) ;
#2579 = EDGE_CURVE ( 'NONE', #7300, #1735, #7785, .T. ) ;
#2580 = CARTESIAN_POINT ( 'NONE',  ( 0.4217368972051520060, -0.05000000000000000278, 0.1489106396975902746 ) ) ;
#2581 = VECTOR ( 'NONE', #4754, 39.37007874015748143 ) ;
#2582 = ORIENTED_EDGE ( 'NONE', *, *, #5833, .F. ) ;
#2583 = CARTESIAN_POINT ( 'NONE',  ( 1.181668468810307626, 0.0000000000000000000, -0.01574999999999998623 ) ) ;
#2584 = VECTOR ( 'NONE', #525, 39.37007874015748143 ) ;
#2585 = VECTOR ( 'NONE', #880, 39.37007874015748143 ) ;
#2586 = EDGE_CURVE ( 'NONE', #3385, #24, #7037, .T. ) ;
#2587 = VERTEX_POINT ( 'NONE', #1141 ) ;
#2588 = CARTESIAN_POINT ( 'NONE',  ( 0.4759359376206147019, -0.05000000000000000278, -9.478001694819074349E-34 ) ) ;
#2589 = LINE ( 'NONE', #1485, #5415 ) ;
#2590 = CARTESIAN_POINT ( 'NONE',  ( 1.975934937620614562, -0.05000000000000000278, 0.0000000000000000000 ) ) ;
#2591 = AXIS2_PLACEMENT_3D ( 'NONE', #4793, #1103, #4673 ) ;
#2592 = ORIENTED_EDGE ( 'NONE', *, *, #2362, .F. ) ;
#2593 = AXIS2_PLACEMENT_3D ( 'NONE', #1743, #459, #6539 ) ;
#2594 = DIRECTION ( 'NONE',  ( -0.0000000000000000000, 1.000000000000000000, -0.0000000000000000000 ) ) ;
#2595 = ORIENTED_EDGE ( 'NONE', *, *, #1734, .T. ) ;
#2596 = DIRECTION ( 'NONE',  ( -1.000000000000000000, -0.0000000000000000000, -0.0000000000000000000 ) ) ;
#2597 = LINE ( 'NONE', #5763, #5078 ) ;
#2598 = EDGE_CURVE ( 'NONE', #6857, #4002, #4075, .T. ) ;
#2599 = ORIENTED_EDGE ( 'NONE', *, *, #937, .F. ) ;
#2600 = AXIS2_PLACEMENT_3D ( 'NONE', #3021, #3538, #5485 ) ;
#2601 = PLANE ( 'NONE',  #6890 ) ;
#2602 = CARTESIAN_POINT ( 'NONE',  ( 0.7086590393047649261, -0.05000000000000000278, -0.2848417589737440303 ) ) ;
#2603 = CARTESIAN_POINT ( 'NONE',  ( 0.2759359376206146353, -0.1100000000000000006, -9.478001694819074349E-34 ) ) ;
#2604 = EDGE_CURVE ( 'NONE', #3575, #4298, #7196, .T. ) ;
#2605 = VERTEX_POINT ( 'NONE', #2953 ) ;
#2606 = DIRECTION ( 'NONE',  ( 0.3420201433256663259, 0.0000000000000000000, 0.9396926207859092051 ) ) ;
#2607 = LINE ( 'NONE', #1904, #4243 ) ;
#2608 = ORIENTED_EDGE ( 'NONE', *, *, #5513, .F. ) ;
#2609 = VECTOR ( 'NONE', #1237, 39.37007874015748143 ) ;
#2610 = DIRECTION ( 'NONE',  ( -0.0000000000000000000, 1.000000000000000000, -0.0000000000000000000 ) ) ;
#2611 = VERTEX_POINT ( 'NONE', #5297 ) ;
#2612 = DIRECTION ( 'NONE',  ( -0.0000000000000000000, 1.000000000000000000, -0.0000000000000000000 ) ) ;
#2613 = DIRECTION ( 'NONE',  ( 1.000000000000000000, 0.0000000000000000000, 0.0000000000000000000 ) ) ;
#2614 = EDGE_LOOP ( 'NONE', ( #3945, #7736, #5039, #453 ) ) ;
#2615 = ORIENTED_EDGE ( 'NONE', *, *, #687, .T. ) ;
#2616 = DIRECTION ( 'NONE',  ( -0.9396926207859093161, 0.0000000000000000000, 0.3420201433256663814 ) ) ;
#2617 = CARTESIAN_POINT ( 'NONE',  ( 1.975934937620615894, 0.0000000000000000000, -0.09999999999999974187 ) ) ;
#2618 = VECTOR ( 'NONE', #2328, 39.37007874015748143 ) ;
#2619 = CARTESIAN_POINT ( 'NONE',  ( -1.600692183787654153E-17, 0.0000000000000000000, -0.09999999999999989453 ) ) ;
#2620 = FACE_BOUND ( 'NONE', #4275, .T. ) ;
#2621 = ORIENTED_EDGE ( 'NONE', *, *, #3121, .T. ) ;
#2622 = VECTOR ( 'NONE', #4347, 39.37007874015748143 ) ;
#2623 = DIRECTION ( 'NONE',  ( -1.000000000000000000, 0.0000000000000000000, -7.776898252968647801E-17 ) ) ;
#2624 = EDGE_CURVE ( 'NONE', #1163, #6703, #3512, .T. ) ;
#2625 = ORIENTED_EDGE ( 'NONE', *, *, #5842, .T. ) ;
#2626 = VERTEX_POINT ( 'NONE', #3430 ) ;
#2627 = DIRECTION ( 'NONE',  ( 1.000000000000000000, 0.0000000000000000000, 0.0000000000000000000 ) ) ;
#2628 = CARTESIAN_POINT ( 'NONE',  ( 1.237967468810307281, 0.0000000000000000000, -0.07855000000000071647 ) ) ;
#2629 = AXIS2_PLACEMENT_3D ( 'NONE', #3484, #4685, #2809 ) ;
#2630 = ORIENTED_EDGE ( 'NONE', *, *, #3078, .F. ) ;
#2631 = LINE ( 'NONE', #158, #4886 ) ;
#2632 = EDGE_CURVE ( 'NONE', #2735, #4682, #5846, .T. ) ;
#2633 = VERTEX_POINT ( 'NONE', #5379 ) ;
#2634 = DIRECTION ( 'NONE',  ( -0.3420201433256720991, 0.0000000000000000000, 0.9396926207859070956 ) ) ;
#2635 = CARTESIAN_POINT ( 'NONE',  ( 0.5999990000000001711, -0.1100000000000000006, -0.09999999999999989453 ) ) ;
#2636 = VECTOR ( 'NONE', #2886, 39.37007874015748143 ) ;
#2637 = ORIENTED_EDGE ( 'NONE', *, *, #3417, .T. ) ;
#2638 = DIRECTION ( 'NONE',  ( -1.000000000000000000, 0.0000000000000000000, -7.776898252968647801E-17 ) ) ;
#2639 = DIRECTION ( 'NONE',  ( 0.3420201433256695456, 0.0000000000000000000, 0.9396926207859080948 ) ) ;
#2640 = EDGE_CURVE ( 'NONE', #7737, #4512, #6528, .T. ) ;
#2641 = VECTOR ( 'NONE', #997, 39.37007874015748143 ) ;
#2642 = DIRECTION ( 'NONE',  ( -1.000000000000000000, 0.0000000000000000000, -0.0000000000000000000 ) ) ;
#2643 = FACE_OUTER_BOUND ( 'NONE', #2541, .T. ) ;
#2644 = DIRECTION ( 'NONE',  ( 1.000000000000000000, 0.0000000000000000000, -0.0000000000000000000 ) ) ;
#2645 = CIRCLE ( 'NONE', #1006, 0.02855000000000052982 ) ;
#2646 = FACE_OUTER_BOUND ( 'NONE', #6429, .T. ) ;
#2647 = ORIENTED_EDGE ( 'NONE', *, *, #7338, .T. ) ;
#2648 = EDGE_CURVE ( 'NONE', #4787, #376, #3392, .T. ) ;
#2649 = LINE ( 'NONE', #4488, #2396 ) ;
#2650 = ORIENTED_EDGE ( 'NONE', *, *, #5897, .T. ) ;
#2651 = CARTESIAN_POINT ( 'NONE',  ( 1.837967468810307370, -0.05000000000000000278, -0.05000000000000019013 ) ) ;
#2652 = LINE ( 'NONE', #1508, #296 ) ;
#2653 = VECTOR ( 'NONE', #3588, 39.37007874015748143 ) ;
#2654 = VERTEX_POINT ( 'NONE', #5216 ) ;
#2655 = EDGE_LOOP ( 'NONE', ( #1509, #7818, #2510, #7429 ) ) ;
#2656 = DIRECTION ( 'NONE',  ( -0.0000000000000000000, 1.000000000000000000, -0.0000000000000000000 ) ) ;
#2657 = DIRECTION ( 'NONE',  ( 1.000000000000000000, 0.0000000000000000000, 0.0000000000000000000 ) ) ;
#2658 = LINE ( 'NONE', #7451, #6300 ) ;
#2659 = VECTOR ( 'NONE', #7227, 39.37007874015748143 ) ;
#2660 = EDGE_CURVE ( 'NONE', #7725, #3550, #5710, .T. ) ;
#2661 = DIRECTION ( 'NONE',  ( -0.0000000000000000000, 1.000000000000000000, -0.0000000000000000000 ) ) ;
#2662 = ORIENTED_EDGE ( 'NONE', *, *, #6498, .F. ) ;
#2663 = DIRECTION ( 'NONE',  ( 1.000000000000000000, 0.0000000000000000000, -1.355298456929802892E-15 ) ) ;
#2664 = VECTOR ( 'NONE', #2186, 39.37007874015748854 ) ;
#2665 = ORIENTED_EDGE ( 'NONE', *, *, #5111, .T. ) ;
#2666 = ORIENTED_EDGE ( 'NONE', *, *, #7251, .T. ) ;
#2667 = DIRECTION ( 'NONE',  ( 0.0000000000000000000, 0.0000000000000000000, 1.000000000000000000 ) ) ;
#2668 = DIRECTION ( 'NONE',  ( 0.0000000000000000000, 0.0000000000000000000, 1.000000000000000000 ) ) ;
#2669 = EDGE_CURVE ( 'NONE', #1134, #5853, #7664, .T. ) ;
#2670 = ORIENTED_EDGE ( 'NONE', *, *, #6856, .T. ) ;
#2671 = DIRECTION ( 'NONE',  ( -0.0000000000000000000, 1.000000000000000000, -0.0000000000000000000 ) ) ;
#2672 = ORIENTED_EDGE ( 'NONE', *, *, #4508, .T. ) ;
#2673 = PLANE ( 'NONE',  #4869 ) ;
#2674 = FACE_OUTER_BOUND ( 'NONE', #4888, .T. ) ;
#2675 = ORIENTED_EDGE ( 'NONE', *, *, #2193, .T. ) ;
#2676 = EDGE_CURVE ( 'NONE', #2835, #6151, #1101, .T. ) ;
#2677 = DIRECTION ( 'NONE',  ( -1.000000000000000000, -0.0000000000000000000, -0.0000000000000000000 ) ) ;
#2678 = EDGE_CURVE ( 'NONE', #318, #3622, #2912, .T. ) ;
#2679 = LINE ( 'NONE', #2053, #6901 ) ;
#2680 = CONTEXT_DEPENDENT_SHAPE_REPRESENTATION ( #7719, #7607 ) ;
#2681 = DIRECTION ( 'NONE',  ( -0.0000000000000000000, 1.000000000000000000, -0.0000000000000000000 ) ) ;
#2682 = FACE_OUTER_BOUND ( 'NONE', #5953, .T. ) ;
#2683 = LINE ( 'NONE', #330, #1499 ) ;
#2684 = EDGE_CURVE ( 'NONE', #4550, #7614, #7744, .T. ) ;
#2685 = DIRECTION ( 'NONE',  ( -0.3420201433256720991, 0.0000000000000000000, 0.9396926207859070956 ) ) ;
#2686 = ORIENTED_EDGE ( 'NONE', *, *, #6296, .T. ) ;
#2687 = CARTESIAN_POINT ( 'NONE',  ( 0.7759359376206146353, -0.05000000000000000278, -0.09999999999999989453 ) ) ;
#2688 = ORIENTED_EDGE ( 'NONE', *, *, #1772, .T. ) ;
#2689 = LINE ( 'NONE', #5149, #7125 ) ;
#2690 = ORIENTED_EDGE ( 'NONE', *, *, #319, .F. ) ;
#2691 = DIRECTION ( 'NONE',  ( -0.0000000000000000000, 1.000000000000000000, -0.0000000000000000000 ) ) ;
#2692 = CARTESIAN_POINT ( 'NONE',  ( 0.0000000000000000000, -0.05000000000000000278, 0.0000000000000000000 ) ) ;
#2693 = DIRECTION ( 'NONE',  ( 0.0000000000000000000, 1.000000000000000000, 0.0000000000000000000 ) ) ;
#2694 =( REPRESENTATION_RELATIONSHIP ('NONE','NONE', #1462, #1766 ) REPRESENTATION_RELATIONSHIP_WITH_TRANSFORMATION ( #6880 )SHAPE_REPRESENTATION_RELATIONSHIP( ) );
#2695 = AXIS2_PLACEMENT_3D ( 'NONE', #928, #4810, #2747 ) ;
#2696 = VERTEX_POINT ( 'NONE', #2445 ) ;
#2697 = CARTESIAN_POINT ( 'NONE',  ( 0.6816684688103075151, 0.0000000000000000000, -0.01574999999999998623 ) ) ;
#2698 = ORIENTED_EDGE ( 'NONE', *, *, #6642, .F. ) ;
#2699 = EDGE_CURVE ( 'NONE', #6196, #1721, #3634, .T. ) ;
#2700 = ORIENTED_EDGE ( 'NONE', *, *, #4611, .F. ) ;
#2701 = CIRCLE ( 'NONE', #7132, 0.008999999999996528138 ) ;
#2702 = DIRECTION ( 'NONE',  ( 0.0000000000000000000, 0.0000000000000000000, 1.000000000000000000 ) ) ;
#2703 = CARTESIAN_POINT ( 'NONE',  ( 1.937967468810307459, -0.05000000000000000278, -0.02144999999999967072 ) ) ;
#2704 = VERTEX_POINT ( 'NONE', #1176 ) ;
#2705 = FACE_OUTER_BOUND ( 'NONE', #4106, .T. ) ;
#2706 = ORIENTED_EDGE ( 'NONE', *, *, #4109, .F. ) ;
#2707 = CIRCLE ( 'NONE', #6508, 0.009000000000000641168 ) ;
#2708 = VECTOR ( 'NONE', #2383, 39.37007874015748143 ) ;
#2709 = CARTESIAN_POINT ( 'NONE',  ( 1.781668468810307493, 0.0000000000000000000, -0.08424999999999954747 ) ) ;
#2710 = ADVANCED_FACE ( 'NONE', ( #3111 ), #53, .T. ) ;
#2711 = VERTEX_POINT ( 'NONE', #2560 ) ;
#2712 = VECTOR ( 'NONE', #3106, 39.37007874015748143 ) ;
#2713 = CARTESIAN_POINT ( 'NONE',  ( 0.6816684688103075151, 0.0000000000000000000, -0.01574999999999998623 ) ) ;
#2714 = AXIS2_PLACEMENT_3D ( 'NONE', #7255, #4375, #634 ) ;
#2715 = CARTESIAN_POINT ( 'NONE',  ( 1.637967468810307414, 3.673940397442060153E-19, -0.05000000000000019013 ) ) ;
#2716 = ITEM_DEFINED_TRANSFORMATION ( 'NONE', 'NONE', #6776,  #5651 ) ;
#2717 = FACE_OUTER_BOUND ( 'NONE', #5189, .T. ) ;
#2718 = CARTESIAN_POINT ( 'NONE',  ( 0.8816684688103074707, -0.1100000000000000006, -0.01574999999999998623 ) ) ;
#2719 = VECTOR ( 'NONE', #3415, 39.37007874015748143 ) ;
#2720 = EDGE_CURVE ( 'NONE', #6638, #835, #1809, .T. ) ;
#2721 = AXIS2_PLACEMENT_3D ( 'NONE', #59, #2491, #3796 ) ;
#2722 = DIRECTION ( 'NONE',  ( -0.3420201433256695456, 0.0000000000000000000, -0.9396926207859080948 ) ) ;
#2723 = LINE ( 'NONE', #289, #1956 ) ;
#2724 = ORIENTED_EDGE ( 'NONE', *, *, #6568, .T. ) ;
#2725 = DIRECTION ( 'NONE',  ( 1.000000000000000000, 0.0000000000000000000, 0.0000000000000000000 ) ) ;
#2726 = ORIENTED_EDGE ( 'NONE', *, *, #1852, .F. ) ;
#2727 = DIRECTION ( 'NONE',  ( 0.0000000000000000000, 0.0000000000000000000, -1.000000000000000000 ) ) ;
#2728 = EDGE_CURVE ( 'NONE', #6048, #5243, #4322, .T. ) ;
#2729 = ORIENTED_EDGE ( 'NONE', *, *, #2056, .T. ) ;
#2730 = DIRECTION ( 'NONE',  ( 0.0000000000000000000, 0.0000000000000000000, 1.000000000000000000 ) ) ;
#2731 = AXIS2_PLACEMENT_3D ( 'NONE', #4137, #2348, #4770 ) ;
#2732 = CARTESIAN_POINT ( 'NONE',  ( 0.1943301270189207730, 0.0000000000000000000, 0.0000000000000000000 ) ) ;
#2733 = FACE_OUTER_BOUND ( 'NONE', #7458, .T. ) ;
#2734 = PRESENTATION_STYLE_ASSIGNMENT (( #2070 ) ) ;
#2735 = VERTEX_POINT ( 'NONE', #3674 ) ;
#2736 = CARTESIAN_POINT ( 'NONE',  ( 0.0000000000000000000, 0.0000000000000000000, 0.0000000000000000000 ) ) ;
#2737 = EDGE_CURVE ( 'NONE', #1150, #3139, #6692, .T. ) ;
#2738 = CARTESIAN_POINT ( 'NONE',  ( 1.781668468810307493, -0.1100000000000000006, -0.08424999999999954747 ) ) ;
#2739 = PRODUCT_DEFINITION_SHAPE ( 'NONE', 'NONE',  #3863 ) ;
#2740 = ORIENTED_EDGE ( 'NONE', *, *, #2745, .F. ) ;
#2741 = ORIENTED_EDGE ( 'NONE', *, *, #1669, .T. ) ;
#2742 = CARTESIAN_POINT ( 'NONE',  ( 0.5379674688103074365, -0.05000000000000000278, -0.02144999999999967072 ) ) ;
#2743 = LINE ( 'NONE', #1525, #2867 ) ;
#2744 = CIRCLE ( 'NONE', #4786, 0.02855000000000052982 ) ;
#2745 = EDGE_CURVE ( 'NONE', #911, #4732, #6095, .T. ) ;
#2746 = ORIENTED_EDGE ( 'NONE', *, *, #2640, .T. ) ;
#2747 = DIRECTION ( 'NONE',  ( 0.0000000000000000000, 0.0000000000000000000, 1.000000000000000000 ) ) ;
#2748 = EDGE_LOOP ( 'NONE', ( #2229, #788, #6140, #3004 ) ) ;
#2749 = DIRECTION ( 'NONE',  ( -0.0000000000000000000, 1.000000000000000000, -0.0000000000000000000 ) ) ;
#2750 = CARTESIAN_POINT ( 'NONE',  ( 1.681668468810307404, -0.1100000000000000006, -0.01574999999999998623 ) ) ;
#2751 = VERTEX_POINT ( 'NONE', #4830 ) ;
#2752 = ORIENTED_EDGE ( 'NONE', *, *, #7041, .T. ) ;
#2753 = CARTESIAN_POINT ( 'NONE',  ( 0.5759359376206146797, -0.1100000000000000006, -0.09999999999999989453 ) ) ;
#2754 = EDGE_CURVE ( 'NONE', #1845, #5278, #1332, .T. ) ;
#2755 = LINE ( 'NONE', #5176, #7460 ) ;
#2756 = PLANE ( 'NONE',  #2456 ) ;
#2757 = CONICAL_SURFACE ( 'NONE', #2389, 0.02249999999999293537, 0.7853981633985079869 ) ;
#2758 = CARTESIAN_POINT ( 'NONE',  ( 1.975934937620614562, -0.05000000000000000278, 0.0000000000000000000 ) ) ;
#2759 = DIRECTION ( 'NONE',  ( 0.9396926207859080948, 0.0000000000000000000, -0.3420201433256695456 ) ) ;
#2760 = CARTESIAN_POINT ( 'NONE',  ( 1.437967468810307237, 0.0000000000000000000, -0.02144999999999966725 ) ) ;
#2761 = ORIENTED_EDGE ( 'NONE', *, *, #5685, .F. ) ;
#2762 = EDGE_CURVE ( 'NONE', #3571, #6048, #653, .T. ) ;
#2763 = CYLINDRICAL_SURFACE ( 'NONE', #882, 0.02855000000000052635 ) ;
#2764 = VERTEX_POINT ( 'NONE', #3711 ) ;
#2765 = FACE_OUTER_BOUND ( 'NONE', #4703, .T. ) ;
#2766 = ORIENTED_EDGE ( 'NONE', *, *, #937, .T. ) ;
#2767 = CARTESIAN_POINT ( 'NONE',  ( 0.1379674688103073310, 3.673940397442060153E-19, -0.05000000000000019013 ) ) ;
#2768 = LINE ( 'NONE', #2692, #558 ) ;
#2769 = CARTESIAN_POINT ( 'NONE',  ( 0.1459390690527502255, -0.05000000000000000278, 0.04852843957484787030 ) ) ;
#2770 = EDGE_CURVE ( 'NONE', #1662, #6447, #4945, .T. ) ;
#2771 = DIRECTION ( 'NONE',  ( -1.000000000000000000, 0.0000000000000000000, -0.0000000000000000000 ) ) ;
#2772 = VECTOR ( 'NONE', #3946, 39.37007874015748143 ) ;
#2773 = EDGE_LOOP ( 'NONE', ( #7086, #2028, #7098, #482 ) ) ;
#2774 = DIRECTION ( 'NONE',  ( -0.0000000000000000000, 1.000000000000000000, -0.0000000000000000000 ) ) ;
#2775 = CARTESIAN_POINT ( 'NONE',  ( 0.6999990000000000379, 0.0000000000000000000, -0.09999999999999989453 ) ) ;
#2776 = ORIENTED_EDGE ( 'NONE', *, *, #5879, .F. ) ;
#2777 = ORIENTED_EDGE ( 'NONE', *, *, #219, .T. ) ;
#2778 = VECTOR ( 'NONE', #2261, 39.37007874015748143 ) ;
#2779 = CARTESIAN_POINT ( 'NONE',  ( 1.975934937620615894, -0.05000000000000000278, -0.09999999999999974187 ) ) ;
#2780 = DIRECTION ( 'NONE',  ( 0.0000000000000000000, 0.0000000000000000000, 1.000000000000000000 ) ) ;
#2781 = EDGE_CURVE ( 'NONE', #3256, #1211, #5462, .T. ) ;
#2782 = EDGE_CURVE ( 'NONE', #2049, #5742, #572, .T. ) ;
#2783 = ORIENTED_EDGE ( 'NONE', *, *, #560, .T. ) ;
#2784 = AXIS2_PLACEMENT_3D ( 'NONE', #904, #7553, #249 ) ;
#2785 = ORIENTED_EDGE ( 'NONE', *, *, #5393, .T. ) ;
#2786 = DIRECTION ( 'NONE',  ( -1.000000000000000000, 0.0000000000000000000, -7.776898252968647801E-17 ) ) ;
#2787 = CARTESIAN_POINT ( 'NONE',  ( 0.3759359376206146686, 0.0000000000000000000, -0.09999999999999989453 ) ) ;
#2788 = VERTEX_POINT ( 'NONE', #2994 ) ;
#2789 = EDGE_LOOP ( 'NONE', ( #7487, #2263 ) ) ;
#2790 = ADVANCED_FACE ( 'NONE', ( #4979 ), #6727, .T. ) ;
#2791 = VECTOR ( 'NONE', #4710, 39.37007874015748143 ) ;
#2792 = DIRECTION ( 'NONE',  ( 0.3420201433256662704, -0.0000000000000000000, 0.9396926207859092051 ) ) ;
#2793 = CARTESIAN_POINT ( 'NONE',  ( 1.294266468810307380, -0.1100000000000000006, -0.01574999999999998623 ) ) ;
#2794 = PLANE ( 'NONE',  #4362 ) ;
#2795 = AXIS2_PLACEMENT_3D ( 'NONE', #2196, #7580, #7029 ) ;
#2796 = LINE ( 'NONE', #2246, #1156 ) ;
#2797 = ORIENTED_EDGE ( 'NONE', *, *, #7180, .T. ) ;
#2798 = EDGE_CURVE ( 'NONE', #73, #2452, #2485, .T. ) ;
#2799 = CYLINDRICAL_SURFACE ( 'NONE', #4152, 0.02855000000000052635 ) ;
#2800 = FACE_OUTER_BOUND ( 'NONE', #3375, .T. ) ;
#2801 = ORIENTED_EDGE ( 'NONE', *, *, #6381, .F. ) ;
#2802 = DIRECTION ( 'NONE',  ( -0.0000000000000000000, 1.000000000000000000, -0.0000000000000000000 ) ) ;
#2803 = PRODUCT_DEFINITION_SHAPE ( 'NONE', 'NONE',  #7850 ) ;
#2804 = ORIENTED_EDGE ( 'NONE', *, *, #4837, .F. ) ;
#2805 =( NAMED_UNIT ( * ) SI_UNIT ( $, .STERADIAN. ) SOLID_ANGLE_UNIT ( ) );
#2806 = CARTESIAN_POINT ( 'NONE',  ( 1.075935937620614791, -0.05000000000000000278, -9.478001694819074349E-34 ) ) ;
#2807 = ORIENTED_EDGE ( 'NONE', *, *, #5433, .F. ) ;
#2808 = EDGE_CURVE ( 'NONE', #5265, #1810, #6214, .T. ) ;
#2809 = DIRECTION ( 'NONE',  ( 0.3420201433256638834, 0.0000000000000000000, -0.9396926207859100932 ) ) ;
#2810 = CARTESIAN_POINT ( 'NONE',  ( 0.5100391193611006901, -0.05000000000000000278, 0.1810500201819175148 ) ) ;
#2811 = DIRECTION ( 'NONE',  ( -0.0000000000000000000, 1.000000000000000000, -0.0000000000000000000 ) ) ;
#2812 = LINE ( 'NONE', #7682, #6942 ) ;
#2813 = ORIENTED_EDGE ( 'NONE', *, *, #3541, .F. ) ;
#2814 = DIRECTION ( 'NONE',  ( -0.0000000000000000000, 1.000000000000000000, -0.0000000000000000000 ) ) ;
#2815 = ORIENTED_EDGE ( 'NONE', *, *, #2913, .F. ) ;
#2816 = EDGE_CURVE ( 'NONE', #4475, #4862, #1930, .T. ) ;
#2817 = ORIENTED_EDGE ( 'NONE', *, *, #4148, .F. ) ;
#2818 = CARTESIAN_POINT ( 'NONE',  ( 0.0000000000000000000, -0.05000000000000000278, 0.0000000000000000000 ) ) ;
#2819 = LINE ( 'NONE', #2232, #5784 ) ;
#2820 = ORIENTED_EDGE ( 'NONE', *, *, #48, .T. ) ;
#2821 = ORIENTED_EDGE ( 'NONE', *, *, #7536, .F. ) ;
#2822 = DIRECTION ( 'NONE',  ( -0.3420201433256694346, -0.0000000000000000000, -0.9396926207859080948 ) ) ;
#2823 = EDGE_CURVE ( 'NONE', #4779, #3323, #5464, .T. ) ;
#2824 = DIRECTION ( 'NONE',  ( -0.0000000000000000000, 1.000000000000000000, -0.0000000000000000000 ) ) ;
#2825 = ORIENTED_EDGE ( 'NONE', *, *, #2050, .F. ) ;
#2826 = AXIS2_PLACEMENT_3D ( 'NONE', #6922, #4404, #6961 ) ;
#2827 = ORIENTED_EDGE ( 'NONE', *, *, #2669, .T. ) ;
#2828 = CARTESIAN_POINT ( 'NONE',  ( 0.6942664688103074022, -0.1100000000000000006, -0.01574999999999998623 ) ) ;
#2829 = VECTOR ( 'NONE', #7026, 39.37007874015748143 ) ;
#2830 = VECTOR ( 'NONE', #4381, 39.37007874015748143 ) ;
#2831 = CARTESIAN_POINT ( 'NONE',  ( 0.5816684688103074263, 0.0000000000000000000, -0.01574999999999998623 ) ) ;
#2832 = DIRECTION ( 'NONE',  ( -0.3420201433256695456, 0.0000000000000000000, -0.9396926207859080948 ) ) ;
#2833 = ADVANCED_FACE ( 'NONE', ( #6760 ), #1775, .T. ) ;
#2834 = DIRECTION ( 'NONE',  ( -0.0000000000000000000, 1.000000000000000000, -0.0000000000000000000 ) ) ;
#2835 = VERTEX_POINT ( 'NONE', #162 ) ;
#2836 = VECTOR ( 'NONE', #6876, 39.37007874015748143 ) ;
#2837 = CONICAL_SURFACE ( 'NONE', #3214, 0.02650000000000142519, 0.2617993877991314222 ) ;
#2838 = DIRECTION ( 'NONE',  ( 0.3420201433256638834, 0.0000000000000000000, -0.9396926207859100932 ) ) ;
#2839 = PLANE ( 'NONE',  #4919 ) ;
#2840 = DIRECTION ( 'NONE',  ( 0.0000000000000000000, 0.0000000000000000000, 1.000000000000000000 ) ) ;
#2841 = VERTEX_POINT ( 'NONE', #1492 ) ;
#2842 = CARTESIAN_POINT ( 'NONE',  ( 0.8942664688103074688, -0.1100000000000000006, -0.08424999999999957523 ) ) ;
#2843 = AXIS2_PLACEMENT_3D ( 'NONE', #6278, #4505, #2667 ) ;
#2844 = EDGE_LOOP ( 'NONE', ( #2724, #6505, #3412, #6 ) ) ;
#2845 = EDGE_CURVE ( 'NONE', #553, #2140, #2597, .T. ) ;
#2846 = LINE ( 'NONE', #1664, #276 ) ;
#2847 = MECHANICAL_DESIGN_GEOMETRIC_PRESENTATION_REPRESENTATION (  '', ( #1084 ), #171 ) ;
#2848 = ORIENTED_EDGE ( 'NONE', *, *, #5503, .F. ) ;
#2849 = DIRECTION ( 'NONE',  ( -0.3420201433256694346, -0.0000000000000000000, -0.9396926207859080948 ) ) ;
#2850 = CARTESIAN_POINT ( 'NONE',  ( 1.199999000000000260, 0.0000000000000000000, -0.09999999999999989453 ) ) ;
#2851 = LINE ( 'NONE', #6978, #1523 ) ;
#2852 = CARTESIAN_POINT ( 'NONE',  ( 0.5999990000000001711, 0.0000000000000000000, 0.0000000000000000000 ) ) ;
#2853 = ORIENTED_EDGE ( 'NONE', *, *, #5806, .T. ) ;
#2854 = ADVANCED_FACE ( 'NONE', ( #2674 ), #241, .T. ) ;
#2855 = CARTESIAN_POINT ( 'NONE',  ( 1.975934937620615894, -0.05000000000000000278, -0.09999999999999974187 ) ) ;
#2856 = CARTESIAN_POINT ( 'NONE',  ( 0.4379674688103074032, 3.673940397442060153E-19, -0.05000000000000019013 ) ) ;
#2857 = DIRECTION ( 'NONE',  ( -1.000000000000000000, 0.0000000000000000000, 1.355298456929802892E-15 ) ) ;
#2858 = PLANE ( 'NONE',  #4652 ) ;
#2859 = VECTOR ( 'NONE', #7726, 39.37007874015748143 ) ;
#2860 = EDGE_LOOP ( 'NONE', ( #3475, #1752, #6538, #4676 ) ) ;
#2861 = EDGE_CURVE ( 'NONE', #5889, #6970, #7386, .T. ) ;
#2862 = ORIENTED_EDGE ( 'NONE', *, *, #3356, .T. ) ;
#2863 = CARTESIAN_POINT ( 'NONE',  ( 1.594266468810307424, 0.0000000000000000000, -0.01574999999999998623 ) ) ;
#2864 = VERTEX_POINT ( 'NONE', #3344 ) ;
#2865 = ORIENTED_EDGE ( 'NONE', *, *, #2268, .F. ) ;
#2866 = DIRECTION ( 'NONE',  ( -0.0000000000000000000, 1.000000000000000000, -0.0000000000000000000 ) ) ;
#2867 = VECTOR ( 'NONE', #926, 39.37007874015748143 ) ;
#2868 = EDGE_CURVE ( 'NONE', #2459, #4025, #4438, .T. ) ;
#2869 = CARTESIAN_POINT ( 'NONE',  ( 1.238472372240459141, -0.05000000000000000278, -0.4776780418797045291 ) ) ;
#2870 = DIRECTION ( 'NONE',  ( -0.3420201433256695456, 0.0000000000000000000, -0.9396926207859080948 ) ) ;
#2871 = DIRECTION ( 'NONE',  ( -0.3420201433256720991, 0.0000000000000000000, 0.9396926207859070956 ) ) ;
#2872 = AXIS2_PLACEMENT_3D ( 'NONE', #1313, #2616, #259 ) ;
#2873 = VERTEX_POINT ( 'NONE', #5094 ) ;
#2874 = DIRECTION ( 'NONE',  ( 0.0000000000000000000, 0.0000000000000000000, 1.000000000000000000 ) ) ;
#2875 = DIRECTION ( 'NONE',  ( -1.000000000000000000, 0.0000000000000000000, -7.776898252968647801E-17 ) ) ;
#2876 = LINE ( 'NONE', #5425, #7008 ) ;
#2877 = EDGE_LOOP ( 'NONE', ( #5128, #7595, #5009, #3345 ) ) ;
#2878 = EDGE_CURVE ( 'NONE', #4682, #4980, #4477, .T. ) ;
#2879 = EDGE_CURVE ( 'NONE', #7418, #5531, #6874, .T. ) ;
#2880 = AXIS2_PLACEMENT_3D ( 'NONE', #1704, #6700, #5394 ) ;
#2881 = CARTESIAN_POINT ( 'NONE',  ( 0.1942664688103074300, 0.0000000000000000000, -0.01574999999999998623 ) ) ;
#2882 = ORIENTED_EDGE ( 'NONE', *, *, #1568, .T. ) ;
#2883 = DIRECTION ( 'NONE',  ( -3.491481338843133355E-15, -1.000000000000000000, 0.0000000000000000000 ) ) ;
#2884 = CARTESIAN_POINT ( 'NONE',  ( 0.9942664688103074466, -0.1100000000000000006, -0.01574999999999998623 ) ) ;
#2885 = ORIENTED_EDGE ( 'NONE', *, *, #6664, .T. ) ;
#2886 = DIRECTION ( 'NONE',  ( -0.0000000000000000000, 1.000000000000000000, -0.0000000000000000000 ) ) ;
#2887 = AXIS2_PLACEMENT_3D ( 'NONE', #3530, #5947, #4768 ) ;
#2888 = CARTESIAN_POINT ( 'NONE',  ( 0.9816684688103075596, 0.0000000000000000000, -0.01574999999999998623 ) ) ;
#2889 = EDGE_CURVE ( 'NONE', #4879, #5690, #3944, .T. ) ;
#2890 = CARTESIAN_POINT ( 'NONE',  ( 0.1816684688103074041, 0.0000000000000000000, -0.01574999999999998623 ) ) ;
#2891 = PLANE ( 'NONE',  #734 ) ;
#2892 = EDGE_LOOP ( 'NONE', ( #3843, #230 ) ) ;
#2893 = CARTESIAN_POINT ( 'NONE',  ( 0.9379674688103074587, 0.0000000000000000000, -0.05000000000000019013 ) ) ;
#2894 = CARTESIAN_POINT ( 'NONE',  ( -0.03066449223692698303, -0.05000000000000000278, -0.01574999999999998623 ) ) ;
#2895 = AXIS2_PLACEMENT_3D ( 'NONE', #620, #1934, #1264 ) ;
#2896 = CARTESIAN_POINT ( 'NONE',  ( 0.4379674688103074032, -0.05000000000000000278, -0.05000000000000019013 ) ) ;
#2897 = ORIENTED_EDGE ( 'NONE', *, *, #407, .T. ) ;
#2898 = ORIENTED_EDGE ( 'NONE', *, *, #310, .F. ) ;
#2899 = CARTESIAN_POINT ( 'NONE',  ( 0.05763684689680095147, -0.05000000000000000278, 0.01638905909052128934 ) ) ;
#2900 = EDGE_CURVE ( 'NONE', #1659, #49, #4514, .T. ) ;
#2901 = DIRECTION ( 'NONE',  ( 0.0000000000000000000, 0.0000000000000000000, 1.000000000000000000 ) ) ;
#2902 = ORIENTED_EDGE ( 'NONE', *, *, #2110, .T. ) ;
#2903 = FACE_OUTER_BOUND ( 'NONE', #7464, .T. ) ;
#2904 = VECTOR ( 'NONE', #7145, 39.37007874015748143 ) ;
#2905 = ORIENTED_EDGE ( 'NONE', *, *, #1136, .T. ) ;
#2906 = EDGE_LOOP ( 'NONE', ( #5778, #4068 ) ) ;
#2907 = CARTESIAN_POINT ( 'NONE',  ( 0.0000000000000000000, 0.0000000000000000000, 0.008999999999996536812 ) ) ;
#2908 = VECTOR ( 'NONE', #996, 39.37007874015748143 ) ;
#2909 = ORIENTED_EDGE ( 'NONE', *, *, #3584, .F. ) ;
#2910 = DIRECTION ( 'NONE',  ( 0.0000000000000000000, 0.0000000000000000000, 1.000000000000000000 ) ) ;
#2911 = CARTESIAN_POINT ( 'NONE',  ( 0.6816684688103075151, -0.1100000000000000006, -0.01574999999999998623 ) ) ;
#2912 = LINE ( 'NONE', #1690, #3812 ) ;
#2913 = EDGE_CURVE ( 'NONE', #2566, #49, #6915, .T. ) ;
#2914 = ORIENTED_EDGE ( 'NONE', *, *, #6000, .F. ) ;
#2915 = EDGE_CURVE ( 'NONE', #4659, #553, #1414, .T. ) ;
#2916 = CARTESIAN_POINT ( 'NONE',  ( 1.681668468810307404, 0.0000000000000000000, -0.01574999999999998623 ) ) ;
#2917 = LINE ( 'NONE', #5931, #1996 ) ;
#2918 = DIRECTION ( 'NONE',  ( -0.0000000000000000000, 1.000000000000000000, -0.0000000000000000000 ) ) ;
#2919 = ORIENTED_EDGE ( 'NONE', *, *, #6373, .F. ) ;
#2920 = CARTESIAN_POINT ( 'NONE',  ( 1.494266468810307558, -0.05000000000000000278, -0.01574999999999998623 ) ) ;
#2921 = CIRCLE ( 'NONE', #375, 0.02855000000000052982 ) ;
#2922 = ORIENTED_EDGE ( 'NONE', *, *, #3614, .T. ) ;
#2923 = DIRECTION ( 'NONE',  ( 0.0000000000000000000, 0.0000000000000000000, 1.000000000000000000 ) ) ;
#2924 = LINE ( 'NONE', #7796, #5248 ) ;
#2925 = VERTEX_POINT ( 'NONE', #1968 ) ;
#2926 = EDGE_CURVE ( 'NONE', #581, #7339, #769, .T. ) ;
#2927 = CARTESIAN_POINT ( 'NONE',  ( 0.4991479576765472381, -0.05000000000000000278, 0.1770859615121541941 ) ) ;
#2928 = CARTESIAN_POINT ( 'NONE',  ( 0.0000000000000000000, 0.0000000000000000000, 0.0000000000000000000 ) ) ;
#2929 = ORIENTED_EDGE ( 'NONE', *, *, #7771, .F. ) ;
#2930 = PLANE ( 'NONE',  #2887 ) ;
#2931 = ORIENTED_EDGE ( 'NONE', *, *, #2144, .F. ) ;
#2932 = DIRECTION ( 'NONE',  ( -0.0000000000000000000, 1.000000000000000000, -0.0000000000000000000 ) ) ;
#2933 = CARTESIAN_POINT ( 'NONE',  ( 0.1759359376206146575, -0.05000000000000000278, -0.09999999999999989453 ) ) ;
#2934 = PRODUCT_RELATED_PRODUCT_CATEGORY ( 'part', '', ( #4591 ) ) ;
#2935 = CARTESIAN_POINT ( 'NONE',  ( 0.5379674688103074365, 3.673940397442060153E-19, -0.05000000000000019013 ) ) ;
#2936 = PRODUCT_DEFINITION_SHAPE ( 'NONE', 'NONE',  #7832 ) ;
#2937 = VERTEX_POINT ( 'NONE', #5689 ) ;
#2938 = CARTESIAN_POINT ( 'NONE',  ( 1.137967468810307414, -0.05000000000000000278, -0.02144999999999967072 ) ) ;
#2939 = CARTESIAN_POINT ( 'NONE',  ( 1.681668468810307404, -0.1100000000000000006, -0.01574999999999998623 ) ) ;
#2940 = CARTESIAN_POINT ( 'NONE',  ( 1.494266468810307558, -0.1100000000000000006, -0.01574999999999998623 ) ) ;
#2941 = ORIENTED_EDGE ( 'NONE', *, *, #3326, .T. ) ;
#2942 = MANIFOLD_SOLID_BREP ( 'RevolutionAngle1', #4019 ) ;
#2943 = ADVANCED_FACE ( 'NONE', ( #7656 ), #6245, .T. ) ;
#2944 = FACE_OUTER_BOUND ( 'NONE', #2474, .T. ) ;
#2945 = ORIENTED_EDGE ( 'NONE', *, *, #5035, .T. ) ;
#2946 = EDGE_LOOP ( 'NONE', ( #5400, #7306, #4097, #7117 ) ) ;
#2947 = DIRECTION ( 'NONE',  ( -0.0000000000000000000, 1.000000000000000000, -0.0000000000000000000 ) ) ;
#2948 = EDGE_LOOP ( 'NONE', ( #3909, #2675, #182, #4954 ) ) ;
#2949 = DIRECTION ( 'NONE',  ( -0.0000000000000000000, 0.0000000000000000000, 1.000000000000000000 ) ) ;
#2950 = CIRCLE ( 'NONE', #3334, 0.02855000000000052982 ) ;
#2951 = ADVANCED_FACE ( 'NONE', ( #5208 ), #7617, .F. ) ;
#2952 = LINE ( 'NONE', #5970, #5108 ) ;
#2953 = CARTESIAN_POINT ( 'NONE',  ( 0.8816684688103074707, -0.05000000000000000278, -0.01574999999999998623 ) ) ;
#2954 = ORIENTED_EDGE ( 'NONE', *, *, #5452, .T. ) ;
#2955 = LINE ( 'NONE', #5890, #2095 ) ;
#2956 = DIRECTION ( 'NONE',  ( -1.000000000000000000, 0.0000000000000000000, -7.776898252968646568E-17 ) ) ;
#2957 = AXIS2_PLACEMENT_3D ( 'NONE', #5850, #7628, #2211 ) ;
#2958 = LINE ( 'NONE', #4079, #2581 ) ;
#2959 = ORIENTED_EDGE ( 'NONE', *, *, #3726, .T. ) ;
#2960 = DIRECTION ( 'NONE',  ( -1.000000000000000000, -0.0000000000000000000, -0.0000000000000000000 ) ) ;
#2961 = VERTEX_POINT ( 'NONE', #4624 ) ;
#2962 = EDGE_CURVE ( 'NONE', #5531, #7717, #6398, .T. ) ;
#2963 = CARTESIAN_POINT ( 'NONE',  ( 0.3210000000000022835, -4.370991843859528917E-15, 0.0000000000000000000 ) ) ;
#2964 = VECTOR ( 'NONE', #1297, 39.37007874015748143 ) ;
#2965 = AXIS2_PLACEMENT_3D ( 'NONE', #2732, #2182, #7051 ) ;
#2966 = VERTEX_POINT ( 'NONE', #3422 ) ;
#2967 = FACE_OUTER_BOUND ( 'NONE', #976, .T. ) ;
#2968 = FACE_BOUND ( 'NONE', #4818, .T. ) ;
#2969 = VERTEX_POINT ( 'NONE', #1012 ) ;
#2970 = AXIS2_PLACEMENT_3D ( 'NONE', #4361, #6763, #1336 ) ;
#2971 = CYLINDRICAL_SURFACE ( 'NONE', #95, 0.02855000000000052635 ) ;
#2972 = ORIENTED_EDGE ( 'NONE', *, *, #4989, .F. ) ;
#2973 = CARTESIAN_POINT ( 'NONE',  ( 1.681668468810307404, 0.0000000000000000000, -0.08424999999999954747 ) ) ;
#2974 = CARTESIAN_POINT ( 'NONE',  ( 1.137967468810307414, 0.0000000000000000000, -0.07855000000000071647 ) ) ;
#2975 = CARTESIAN_POINT ( 'NONE',  ( 0.1942664688103074300, -0.1100000000000000006, -0.08424999999999957523 ) ) ;
#2976 = ORIENTED_EDGE ( 'NONE', *, *, #5226, .T. ) ;
#2977 = CIRCLE ( 'NONE', #2843, 0.008999999999996543751 ) ;
#2978 = AXIS2_PLACEMENT_3D ( 'NONE', #1784, #2378, #4208 ) ;
#2979 = LINE ( 'NONE', #6634, #4157 ) ;
#2980 = CARTESIAN_POINT ( 'NONE',  ( 0.6379674688103074143, 0.0000000000000000000, -0.05000000000000019013 ) ) ;
#2981 = DIRECTION ( 'NONE',  ( -1.000000000000000000, 0.0000000000000000000, 1.355298456929802892E-15 ) ) ;
#2982 = ADVANCED_FACE ( 'NONE', ( #4588 ), #6438, .F. ) ;
#2983 = ORIENTED_EDGE ( 'NONE', *, *, #1578, .T. ) ;
#2984 = CONTEXT_DEPENDENT_SHAPE_REPRESENTATION ( #7827, #4015 ) ;
#2985 = DIRECTION ( 'NONE',  ( 1.000000000000000000, 0.0000000000000000000, -1.355298456929802892E-15 ) ) ;
#2986 = ORIENTED_EDGE ( 'NONE', *, *, #6113, .T. ) ;
#2987 = ORIENTED_EDGE ( 'NONE', *, *, #407, .F. ) ;
#2988 = COLOUR_RGB ( '',0.4941176470588235503, 0.4941176470588235503, 0.4941176470588235503 ) ;
#2989 = CARTESIAN_POINT ( 'NONE',  ( 1.637967468810307414, 0.0000000000000000000, -0.07855000000000071647 ) ) ;
#2990 = EDGE_CURVE ( 'NONE', #2230, #5476, #6993, .T. ) ;
#2991 = ORIENTED_EDGE ( 'NONE', *, *, #5797, .T. ) ;
#2992 = CARTESIAN_POINT ( 'NONE',  ( 0.3999990000000001600, -0.1100000000000000006, -0.09999999999999989453 ) ) ;
#2993 = CARTESIAN_POINT ( 'NONE',  ( 1.594266468810307424, 0.0000000000000000000, -0.08424999999999957523 ) ) ;
#2994 = CARTESIAN_POINT ( 'NONE',  ( 0.8942664688103074688, -0.05000000000000000278, -0.08424999999999957523 ) ) ;
#2995 = EDGE_LOOP ( 'NONE', ( #2079, #2351, #5353, #7157 ) ) ;
#2996 = VECTOR ( 'NONE', #7462, 39.37007874015748143 ) ;
#2997 = DIRECTION ( 'NONE',  ( 1.000000000000000000, -0.0000000000000000000, 3.387708325476583695E-16 ) ) ;
#2998 = CARTESIAN_POINT ( 'NONE',  ( 1.975934937620615894, -0.05000000000000000278, -0.09999999999999974187 ) ) ;
#2999 = CARTESIAN_POINT ( 'NONE',  ( 0.009000000000000368816, -2.185478394931410575E-15, 0.0000000000000000000 ) ) ;
#3000 = EDGE_CURVE ( 'NONE', #235, #3560, #5966, .T. ) ;
#3001 = ORIENTED_EDGE ( 'NONE', *, *, #3651, .T. ) ;
#3002 = LINE ( 'NONE', #1183, #739 ) ;
#3003 = AXIS2_PLACEMENT_3D ( 'NONE', #7261, #7223, #1204 ) ;
#3004 = ORIENTED_EDGE ( 'NONE', *, *, #1531, .F. ) ;
#3005 = DIRECTION ( 'NONE',  ( -3.491481338843133355E-15, -1.000000000000000000, 0.0000000000000000000 ) ) ;
#3006 = DIRECTION ( 'NONE',  ( 0.0000000000000000000, 0.0000000000000000000, 1.000000000000000000 ) ) ;
#3007 = VERTEX_POINT ( 'NONE', #2787 ) ;
#3008 = DIRECTION ( 'NONE',  ( -0.0000000000000000000, 1.000000000000000000, -0.0000000000000000000 ) ) ;
#3009 = FACE_OUTER_BOUND ( 'NONE', #5529, .T. ) ;
#3010 = EDGE_CURVE ( 'NONE', #3183, #6107, #3970, .T. ) ;
#3011 = ORIENTED_EDGE ( 'NONE', *, *, #2586, .F. ) ;
#3012 = DIRECTION ( 'NONE',  ( -1.000000000000000000, 0.0000000000000000000, -7.776898252968647801E-17 ) ) ;
#3013 = ORIENTED_EDGE ( 'NONE', *, *, #2370, .T. ) ;
#3014 = CARTESIAN_POINT ( 'NONE',  ( 0.3816684688103073597, -0.1100000000000000006, -0.08424999999999954747 ) ) ;
#3015 = FACE_BOUND ( 'NONE', #4370, .T. ) ;
#3016 = FACE_OUTER_BOUND ( 'NONE', #118, .T. ) ;
#3017 = CIRCLE ( 'NONE', #2511, 0.02249999999999293537 ) ;
#3018 = EDGE_LOOP ( 'NONE', ( #3488, #1446 ) ) ;
#3019 = ADVANCED_FACE ( 'NONE', ( #3328 ), #3815, .F. ) ;
#3020 = CARTESIAN_POINT ( 'NONE',  ( 0.0000000000000000000, 0.0000000000000000000, 0.0000000000000000000 ) ) ;
#3021 = CARTESIAN_POINT ( 'NONE',  ( 1.694266468810307513, -0.1100000000000000006, -0.08424999999999957523 ) ) ;
#3022 = LINE ( 'NONE', #6748, #1741 ) ;
#3023 = VECTOR ( 'NONE', #949, 39.37007874015748143 ) ;
#3024 = ORIENTED_EDGE ( 'NONE', *, *, #1984, .F. ) ;
#3025 = CARTESIAN_POINT ( 'NONE',  ( 1.492487877023745524, -0.05000000000000000278, -0.5701321246629300621 ) ) ;
#3026 = ORIENTED_EDGE ( 'NONE', *, *, #1547, .T. ) ;
#3027 = EDGE_CURVE ( 'NONE', #2297, #6605, #3817, .T. ) ;
#3028 = ORIENTED_EDGE ( 'NONE', *, *, #3460, .F. ) ;
#3029 = VECTOR ( 'NONE', #579, 39.37007874015748143 ) ;
#3030 = CARTESIAN_POINT ( 'NONE',  ( 0.0000000000000000000, 0.0000000000000000000, 0.0000000000000000000 ) ) ;
#3031 = ORIENTED_EDGE ( 'NONE', *, *, #164, .F. ) ;
#3032 = CARTESIAN_POINT ( 'NONE',  ( 0.009000000000000368816, -2.185478394931410575E-15, 0.0000000000000000000 ) ) ;
#3033 = AXIS2_PLACEMENT_3D ( 'NONE', #650, #7310, #4394 ) ;
#3034 = CARTESIAN_POINT ( 'NONE',  ( 1.794266468810307602, -0.1100000000000000006, -0.01574999999999998623 ) ) ;
#3035 = DIRECTION ( 'NONE',  ( -0.3420201433256638834, 0.0000000000000000000, 0.9396926207859100932 ) ) ;
#3036 = ORIENTED_EDGE ( 'NONE', *, *, #5765, .F. ) ;
#3037 = CARTESIAN_POINT ( 'NONE',  ( 0.4999990000000001378, 0.0000000000000000000, 0.0000000000000000000 ) ) ;
#3038 = AXIS2_PLACEMENT_3D ( 'NONE', #1552, #6382, #2183 ) ;
#3039 = DIRECTION ( 'NONE',  ( -1.000000000000000000, 0.0000000000000000000, -7.776898252968647801E-17 ) ) ;
#3040 = ORIENTED_EDGE ( 'NONE', *, *, #6195, .F. ) ;
#3041 = LINE ( 'NONE', #6134, #3148 ) ;
#3042 = ORIENTED_EDGE ( 'NONE', *, *, #7129, .F. ) ;
#3043 = DIRECTION ( 'NONE',  ( -3.491481338843133355E-15, -1.000000000000000000, 0.0000000000000000000 ) ) ;
#3044 = CARTESIAN_POINT ( 'NONE',  ( 0.2451324528932546931, -0.05000000000000000278, 0.08463187872893579433 ) ) ;
#3045 = VECTOR ( 'NONE', #7645, 39.37007874015748143 ) ;
#3046 = ADVANCED_FACE ( 'NONE', ( #5635, #2620 ), #840, .F. ) ;
#3047 = EDGE_LOOP ( 'NONE', ( #7570, #1177, #4936, #1448 ) ) ;
#3048 = CARTESIAN_POINT ( 'NONE',  ( 0.07593593762061463803, -0.05000000000000000278, -0.09999999999999989453 ) ) ;
#3049 = FACE_BOUND ( 'NONE', #642, .T. ) ;
#3050 = ORIENTED_EDGE ( 'NONE', *, *, #4639, .T. ) ;
#3051 = VECTOR ( 'NONE', #6328, 39.37007874015748143 ) ;
#3052 = CARTESIAN_POINT ( 'NONE',  ( 0.9999990000000001933, -0.1100000000000000006, -0.09999999999999989453 ) ) ;
#3053 = ORIENTED_EDGE ( 'NONE', *, *, #1395, .T. ) ;
#3054 = CARTESIAN_POINT ( 'NONE',  ( 1.647076845703887571, -0.05000000000000000278, 0.5948979078083997951 ) ) ;
#3055 = CARTESIAN_POINT ( 'NONE',  ( 0.1816684688103074041, -0.1100000000000000006, -0.08424999999999954747 ) ) ;
#3056 = CARTESIAN_POINT ( 'NONE',  ( 1.037967468810307547, 3.673940397442060153E-19, -0.07855000000000071647 ) ) ;
#3057 = ADVANCED_FACE ( 'NONE', ( #4498 ), #3934, .T. ) ;
#3058 = EDGE_LOOP ( 'NONE', ( #4190, #1333, #4217, #3639, #1927 ) ) ;
#3059 = CARTESIAN_POINT ( 'NONE',  ( 1.975934937620615894, -0.05000000000000000278, -0.09999999999999974187 ) ) ;
#3060 = CARTESIAN_POINT ( 'NONE',  ( 1.181668468810307626, -0.05000000000000000278, -0.08424999999999954747 ) ) ;
#3061 = DIRECTION ( 'NONE',  ( -0.3420201433256720991, 0.0000000000000000000, 0.9396926207859070956 ) ) ;
#3062 = ORIENTED_EDGE ( 'NONE', *, *, #2648, .T. ) ;
#3063 = MANIFOLD_SOLID_BREP ( 'LPattern2', #6416 ) ;
#3064 = CARTESIAN_POINT ( 'NONE',  ( 0.9626745440880521976, -0.05000000000000000278, -0.3772958417569677869 ) ) ;
#3065 = EDGE_CURVE ( 'NONE', #4351, #7717, #7453, .T. ) ;
#3066 = ORIENTED_EDGE ( 'NONE', *, *, #4576, .T. ) ;
#3067 = ORIENTED_EDGE ( 'NONE', *, *, #4081, .T. ) ;
#3068 = DIRECTION ( 'NONE',  ( 0.3420201433256639389, 0.0000000000000000000, -0.9396926207859100932 ) ) ;
#3069 = ORIENTED_EDGE ( 'NONE', *, *, #1289, .F. ) ;
#3070 = CARTESIAN_POINT ( 'NONE',  ( 1.881668468810307582, 0.0000000000000000000, -0.01574999999999998623 ) ) ;
#3071 = ADVANCED_FACE ( 'NONE', ( #7604 ), #5674, .T. ) ;
#3072 = FACE_OUTER_BOUND ( 'NONE', #6513, .T. ) ;
#3073 = DIRECTION ( 'NONE',  ( -0.0000000000000000000, 1.000000000000000000, -0.0000000000000000000 ) ) ;
#3074 = ORIENTED_EDGE ( 'NONE', *, *, #2598, .T. ) ;
#3075 = CARTESIAN_POINT ( 'NONE',  ( 0.5379674688103074365, 3.673940397442060153E-19, -0.02144999999999966031 ) ) ;
#3076 = CIRCLE ( 'NONE', #3736, 0.02855000000000052982 ) ;
#3077 = DIRECTION ( 'NONE',  ( 0.0000000000000000000, 0.0000000000000000000, 1.000000000000000000 ) ) ;
#3078 = EDGE_CURVE ( 'NONE', #7287, #5243, #1436, .T. ) ;
#3079 = DIRECTION ( 'NONE',  ( 1.000000000000000000, 0.0000000000000000000, -1.355298456929802892E-15 ) ) ;
#3080 = VERTEX_POINT ( 'NONE', #4573 ) ;
#3081 = VECTOR ( 'NONE', #52, 39.37007874015748143 ) ;
#3082 = DIRECTION ( 'NONE',  ( 0.0000000000000000000, 0.0000000000000000000, 1.000000000000000000 ) ) ;
#3083 = DIRECTION ( 'NONE',  ( 0.3420201433256663259, 0.0000000000000000000, 0.9396926207859092051 ) ) ;
#3084 = VERTEX_POINT ( 'NONE', #7493 ) ;
#3085 = EDGE_CURVE ( 'NONE', #7212, #297, #871, .T. ) ;
#3086 = LINE ( 'NONE', #1347, #5554 ) ;
#3087 = ORIENTED_EDGE ( 'NONE', *, *, #1208, .F. ) ;
#3088 = DIRECTION ( 'NONE',  ( 0.0000000000000000000, 0.0000000000000000000, 1.000000000000000000 ) ) ;
#3089 = FACE_BOUND ( 'NONE', #2789, .T. ) ;
#3090 = CIRCLE ( 'NONE', #2965, 0.02650000000000142519 ) ;
#3091 = DIRECTION ( 'NONE',  ( -0.0000000000000000000, 1.000000000000000000, -0.0000000000000000000 ) ) ;
#3092 = ORIENTED_EDGE ( 'NONE', *, *, #3748, .T. ) ;
#3093 = ORIENTED_EDGE ( 'NONE', *, *, #1812, .T. ) ;
#3094 = PLANE ( 'NONE',  #7681 ) ;
#3095 = VECTOR ( 'NONE', #6132, 39.37007874015748143 ) ;
#3096 = DIRECTION ( 'NONE',  ( -1.000000000000000000, 0.0000000000000000000, -7.776898252968647801E-17 ) ) ;
#3097 = DIRECTION ( 'NONE',  ( 0.0000000000000000000, 0.0000000000000000000, 1.000000000000000000 ) ) ;
#3098 = CIRCLE ( 'NONE', #7526, 0.02855000000000052982 ) ;
#3099 = ADVANCED_FACE ( 'NONE', ( #6939 ), #6272, .T. ) ;
#3100 = ORIENTED_EDGE ( 'NONE', *, *, #4402, .F. ) ;
#3101 = VECTOR ( 'NONE', #888, 39.37007874015748143 ) ;
#3102 = CARTESIAN_POINT ( 'NONE',  ( 1.975934937620615894, 0.0000000000000000000, -0.09999999999999974187 ) ) ;
#3103 = ORIENTED_EDGE ( 'NONE', *, *, #3938, .F. ) ;
#3104 = ORIENTED_EDGE ( 'NONE', *, *, #4683, .T. ) ;
#3105 =( REPRESENTATION_RELATIONSHIP ('NONE','NONE', #1462, #1766 ) REPRESENTATION_RELATIONSHIP_WITH_TRANSFORMATION ( #5139 )SHAPE_REPRESENTATION_RELATIONSHIP( ) );
#3106 = DIRECTION ( 'NONE',  ( 0.0000000000000000000, 1.000000000000000000, 0.0000000000000000000 ) ) ;
#3107 = EDGE_CURVE ( 'NONE', #6447, #4254, #6546, .T. ) ;
#3108 = ORIENTED_EDGE ( 'NONE', *, *, #5422, .T. ) ;
#3109 = LINE ( 'NONE', #4319, #3285 ) ;
#3110 = DIRECTION ( 'NONE',  ( 1.000000000000000000, 0.0000000000000000000, -1.355298456929802892E-15 ) ) ;
#3111 = FACE_OUTER_BOUND ( 'NONE', #6240, .T. ) ;
#3112 = VERTEX_POINT ( 'NONE', #4648 ) ;
#3113 = VECTOR ( 'NONE', #6740, 39.37007874015748143 ) ;
#3114 = EDGE_CURVE ( 'NONE', #1042, #514, #5861, .T. ) ;
#3115 = CARTESIAN_POINT ( 'NONE',  ( 0.8379674688103073699, -0.05000000000000000278, -0.05000000000000019013 ) ) ;
#3116 = DIRECTION ( 'NONE',  ( 0.0000000000000000000, 0.0000000000000000000, 1.000000000000000000 ) ) ;
#3117 = APPLICATION_PROTOCOL_DEFINITION ( 'draft international standard', 'automotive_design', 1998, #7049 ) ;
#3118 = CARTESIAN_POINT ( 'NONE',  ( 0.1600000000000026679, 0.0000000000000000000, 0.03500000000000003803 ) ) ;
#3119 = ORIENTED_EDGE ( 'NONE', *, *, #5936, .F. ) ;
#3120 = CARTESIAN_POINT ( 'NONE',  ( 0.3942664688103074133, -0.1100000000000000006, -0.08424999999999957523 ) ) ;
#3121 = EDGE_CURVE ( 'NONE', #7625, #4468, #1670, .T. ) ;
#3122 = CARTESIAN_POINT ( 'NONE',  ( 1.975934937620615894, -0.05000000000000000278, -0.09999999999999974187 ) ) ;
#3123 = ORIENTED_EDGE ( 'NONE', *, *, #399, .F. ) ;
#3124 = AXIS2_PLACEMENT_3D ( 'NONE', #5913, #476, #2901 ) ;
#3125 = DIRECTION ( 'NONE',  ( -1.000000000000000000, 0.0000000000000000000, 1.355298456929802892E-15 ) ) ;
#3126 = EDGE_LOOP ( 'NONE', ( #927, #2449, #7535, #2120 ) ) ;
#3127 = CARTESIAN_POINT ( 'NONE',  ( 0.3759359376206146686, -0.05000000000000000278, -0.09999999999999989453 ) ) ;
#3128 = PLANE ( 'NONE',  #817 ) ;
#3129 = EDGE_LOOP ( 'NONE', ( #2862, #7064, #2897, #4258 ) ) ;
#3130 = EDGE_LOOP ( 'NONE', ( #6809, #4547, #4318, #3156 ) ) ;
#3131 = AXIS2_PLACEMENT_3D ( 'NONE', #3059, #7766, #1834 ) ;
#3132 = DIRECTION ( 'NONE',  ( 0.9396926207859100932, 0.0000000000000000000, 0.3420201433256638834 ) ) ;
#3133 = ADVANCED_FACE ( 'NONE', ( #2184 ), #2971, .F. ) ;
#3134 = CARTESIAN_POINT ( 'NONE',  ( 0.0000000000000000000, 0.0000000000000000000, 0.0000000000000000000 ) ) ;
#3135 = LINE ( 'NONE', #7413, #4285 ) ;
#3136 = ORIENTED_EDGE ( 'NONE', *, *, #2285, .F. ) ;
#3137 = VECTOR ( 'NONE', #5985, 39.37007874015748143 ) ;
#3138 = CARTESIAN_POINT ( 'NONE',  ( 1.337967468810307370, -0.05000000000000000278, -0.05000000000000019013 ) ) ;
#3139 = VERTEX_POINT ( 'NONE', #3407 ) ;
#3140 = EDGE_CURVE ( 'NONE', #749, #339, #427, .T. ) ;
#3141 = ORIENTED_EDGE ( 'NONE', *, *, #4192, .F. ) ;
#3142 = LINE ( 'NONE', #195, #7530 ) ;
#3143 = AXIS2_PLACEMENT_3D ( 'NONE', #4959, #3610, #1793 ) ;
#3144 = LINE ( 'NONE', #121, #957 ) ;
#3145 = ORIENTED_EDGE ( 'NONE', *, *, #1330, .F. ) ;
#3146 = CARTESIAN_POINT ( 'NONE',  ( 0.0000000000000000000, 0.0000000000000000000, 0.0000000000000000000 ) ) ;
#3147 = DIRECTION ( 'NONE',  ( 1.355298456929802892E-15, 0.0000000000000000000, 1.000000000000000000 ) ) ;
#3148 = VECTOR ( 'NONE', #3715, 39.37007874015748143 ) ;
#3149 = EDGE_CURVE ( 'NONE', #6196, #3256, #1592, .T. ) ;
#3150 = EDGE_LOOP ( 'NONE', ( #474, #5105, #670, #468 ) ) ;
#3151 = DIRECTION ( 'NONE',  ( 0.3420201433256662704, -0.0000000000000000000, 0.9396926207859092051 ) ) ;
#3152 = DIRECTION ( 'NONE',  ( 0.0000000000000000000, 0.0000000000000000000, 1.000000000000000000 ) ) ;
#3153 = DIRECTION ( 'NONE',  ( -0.0000000000000000000, 1.000000000000000000, -0.0000000000000000000 ) ) ;
#3154 = EDGE_CURVE ( 'NONE', #730, #157, #2812, .T. ) ;
#3155 = EDGE_CURVE ( 'NONE', #7418, #4351, #4173, .T. ) ;
#3156 = ORIENTED_EDGE ( 'NONE', *, *, #7142, .F. ) ;
#3157 = VECTOR ( 'NONE', #7416, 39.37007874015748143 ) ;
#3158 = CARTESIAN_POINT ( 'NONE',  ( -0.03066449223692698303, -0.05000000000000000278, -0.01574999999999998623 ) ) ;
#3159 = DIRECTION ( 'NONE',  ( -1.000000000000000000, -0.0000000000000000000, -0.0000000000000000000 ) ) ;
#3160 = ORIENTED_EDGE ( 'NONE', *, *, #3979, .T. ) ;
#3161 = DIRECTION ( 'NONE',  ( -0.3420201433256720991, 0.0000000000000000000, 0.9396926207859070956 ) ) ;
#3162 = VECTOR ( 'NONE', #429, 39.37007874015748143 ) ;
#3163 = ORIENTED_EDGE ( 'NONE', *, *, #3302, .F. ) ;
#3164 = DIRECTION ( 'NONE',  ( 0.3420201433256720991, 0.0000000000000000000, -0.9396926207859070956 ) ) ;
#3165 = DIRECTION ( 'NONE',  ( 1.355298456929802892E-15, 0.0000000000000000000, 1.000000000000000000 ) ) ;
#3166 = EDGE_CURVE ( 'NONE', #6734, #5820, #5399, .T. ) ;
#3167 = ORIENTED_EDGE ( 'NONE', *, *, #5301, .T. ) ;
#3168 = CARTESIAN_POINT ( 'NONE',  ( 1.281668468810307271, -0.1100000000000000006, -0.08424999999999954747 ) ) ;
#3169 = VECTOR ( 'NONE', #6130, 39.37007874015748143 ) ;
#3170 = DIRECTION ( 'NONE',  ( -0.3420201433256663259, 0.0000000000000000000, -0.9396926207859092051 ) ) ;
#3171 = CARTESIAN_POINT ( 'NONE',  ( 1.294266468810307380, -0.05000000000000000278, -0.01574999999999998623 ) ) ;
#3172 = ORIENTED_EDGE ( 'NONE', *, *, #6902, .T. ) ;
#3173 = PRESENTATION_LAYER_ASSIGNMENT (  '', '', ( #5204 ) ) ;
#3174 = CARTESIAN_POINT ( 'NONE',  ( 0.1250000000000020817, 0.0000000000000000000, 0.008999999999996692937 ) ) ;
#3175 = ORIENTED_EDGE ( 'NONE', *, *, #7417, .F. ) ;
#3176 = VERTEX_POINT ( 'NONE', #4726 ) ;
#3177 = LINE ( 'NONE', #5603, #1840 ) ;
#3178 = CARTESIAN_POINT ( 'NONE',  ( 1.975934937620615894, 0.0000000000000000000, -0.09999999999999974187 ) ) ;
#3179 = LINE ( 'NONE', #1325, #7144 ) ;
#3180 = EDGE_CURVE ( 'NONE', #1403, #2321, #7698, .T. ) ;
#3181 = ORIENTED_EDGE ( 'NONE', *, *, #6000, .T. ) ;
#3182 = DIRECTION ( 'NONE',  ( -0.0000000000000000000, 1.000000000000000000, -0.0000000000000000000 ) ) ;
#3183 = VERTEX_POINT ( 'NONE', #2852 ) ;
#3184 = DIRECTION ( 'NONE',  ( -1.000000000000000000, 0.0000000000000000000, -7.776898252968647801E-17 ) ) ;
#3185 =( LENGTH_UNIT ( ) NAMED_UNIT ( * ) SI_UNIT ( $, .METRE. ) );
#3186 = ORIENTED_EDGE ( 'NONE', *, *, #6768, .T. ) ;
#3187 = DIRECTION ( 'NONE',  ( 0.3420201433256663259, 0.0000000000000000000, 0.9396926207859092051 ) ) ;
#3188 = EDGE_CURVE ( 'NONE', #7539, #7300, #2346, .T. ) ;
#3189 = PLANE ( 'NONE',  #619 ) ;
#3190 = ITEM_DEFINED_TRANSFORMATION ( 'NONE', 'NONE', #5007,  #5651 ) ;
#3191 = CARTESIAN_POINT ( 'NONE',  ( 1.794266468810307602, 0.0000000000000000000, -0.08424999999999957523 ) ) ;
#3192 = ORIENTED_EDGE ( 'NONE', *, *, #6249, .F. ) ;
#3193 = LINE ( 'NONE', #5619, #993 ) ;
#3194 = DIRECTION ( 'NONE',  ( -1.000000000000000000, 0.0000000000000000000, -7.776898252968647801E-17 ) ) ;
#3195 = VERTEX_POINT ( 'NONE', #6589 ) ;
#3196 = ADVANCED_FACE ( 'NONE', ( #7642 ), #545, .T. ) ;
#3197 = ORIENTED_EDGE ( 'NONE', *, *, #1166, .T. ) ;
#3198 = CARTESIAN_POINT ( 'NONE',  ( 0.1250000000000020817, 0.0000000000000000000, 0.0000000000000000000 ) ) ;
#3199 = DIRECTION ( 'NONE',  ( 0.9396926207859100932, 0.0000000000000000000, 0.3420201433256638834 ) ) ;
#3200 = AXIS2_PLACEMENT_3D ( 'NONE', #6569, #2283, #980 ) ;
#3201 = ORIENTED_EDGE ( 'NONE', *, *, #3154, .T. ) ;
#3202 = VERTEX_POINT ( 'NONE', #4093 ) ;
#3203 = CARTESIAN_POINT ( 'NONE',  ( 0.7379674688103073921, 3.673940397442060153E-19, -0.05000000000000019013 ) ) ;
#3204 = CARTESIAN_POINT ( 'NONE',  ( 1.657968007388433529, -0.05000000000000000278, 0.5988619664781718033 ) ) ;
#3205 = DIRECTION ( 'NONE',  ( 0.9396926207859080948, 0.0000000000000000000, -0.3420201433256695456 ) ) ;
#3206 = EDGE_CURVE ( 'NONE', #6790, #2764, #4551, .T. ) ;
#3207 = AXIS2_PLACEMENT_3D ( 'NONE', #7748, #2330, #2840 ) ;
#3208 = VECTOR ( 'NONE', #5191, 39.37007874015748854 ) ;
#3209 = CARTESIAN_POINT ( 'NONE',  ( 1.975934937620615894, -0.05000000000000000278, -0.09999999999999974187 ) ) ;
#3210 = ORIENTED_EDGE ( 'NONE', *, *, #7679, .F. ) ;
#3211 = LINE ( 'NONE', #3856, #3682 ) ;
#3212 = ORIENTED_EDGE ( 'NONE', *, *, #2370, .F. ) ;
#3213 = VECTOR ( 'NONE', #2489, 39.37007874015748143 ) ;
#3214 = AXIS2_PLACEMENT_3D ( 'NONE', #5319, #2121, #7576 ) ;
#3215 = ORIENTED_EDGE ( 'NONE', *, *, #1652, .T. ) ;
#3216 = DIRECTION ( 'NONE',  ( 0.0000000000000000000, 0.0000000000000000000, 1.000000000000000000 ) ) ;
#3217 = DIRECTION ( 'NONE',  ( -0.0000000000000000000, 1.000000000000000000, -0.0000000000000000000 ) ) ;
#3218 = ADVANCED_FACE ( 'NONE', ( #508 ), #2891, .F. ) ;
#3219 = DIRECTION ( 'NONE',  ( 1.000000000000000000, 0.0000000000000000000, 0.0000000000000000000 ) ) ;
#3220 = CIRCLE ( 'NONE', #4255, 0.02855000000000052982 ) ;
#3221 = EDGE_LOOP ( 'NONE', ( #6632, #4721, #1839, #1427 ) ) ;
#3222 = AXIS2_PLACEMENT_3D ( 'NONE', #4328, #3758, #7319 ) ;
#3223 = DIRECTION ( 'NONE',  ( 0.3420201433256663259, 0.0000000000000000000, 0.9396926207859092051 ) ) ;
#3224 = VERTEX_POINT ( 'NONE', #7759 ) ;
#3225 = PLANE ( 'NONE',  #5115 ) ;
#3226 = DIRECTION ( 'NONE',  ( -1.000000000000000000, -0.0000000000000000000, -0.0000000000000000000 ) ) ;
#3227 = ORIENTED_EDGE ( 'NONE', *, *, #1422, .F. ) ;
#3228 = VECTOR ( 'NONE', #392, 39.37007874015748143 ) ;
#3229 = ADVANCED_FACE ( 'NONE', ( #7131 ), #2930, .F. ) ;
#3230 = DIRECTION ( 'NONE',  ( 0.0000000000000000000, 0.0000000000000000000, 1.000000000000000000 ) ) ;
#3231 = FACE_OUTER_BOUND ( 'NONE', #1241, .T. ) ;
#3232 = APPLICATION_PROTOCOL_DEFINITION ( 'draft international standard', 'automotive_design', 1998, #404 ) ;
#3233 = DIRECTION ( 'NONE',  ( 0.0000000000000000000, 0.0000000000000000000, -1.000000000000000000 ) ) ;
#3234 = DIRECTION ( 'NONE',  ( -0.3420201433256720991, 0.0000000000000000000, 0.9396926207859070956 ) ) ;
#3235 = EDGE_CURVE ( 'NONE', #6752, #6719, #6817, .T. ) ;
#3236 = VECTOR ( 'NONE', #4496, 39.37007874015748143 ) ;
#3237 = FACE_OUTER_BOUND ( 'NONE', #4054, .T. ) ;
#3238 = DIRECTION ( 'NONE',  ( -0.3420201433256663259, 0.0000000000000000000, -0.9396926207859092051 ) ) ;
#3239 = VERTEX_POINT ( 'NONE', #4807 ) ;
#3240 = PRESENTATION_LAYER_ASSIGNMENT (  '', '', ( #2234 ) ) ;
#3241 = DIRECTION ( 'NONE',  ( -0.0000000000000000000, 1.000000000000000000, -0.0000000000000000000 ) ) ;
#3242 = ORIENTED_EDGE ( 'NONE', *, *, #6963, .F. ) ;
#3243 = DIRECTION ( 'NONE',  ( -0.0000000000000000000, 1.000000000000000000, -0.0000000000000000000 ) ) ;
#3244 = CARTESIAN_POINT ( 'NONE',  ( 1.781668468810307493, 0.0000000000000000000, -0.08424999999999954747 ) ) ;
#3245 = EDGE_LOOP ( 'NONE', ( #5245, #3855, #1953, #4126 ) ) ;
#3246 = ORIENTED_EDGE ( 'NONE', *, *, #3710, .F. ) ;
#3247 = EDGE_CURVE ( 'NONE', #3239, #1776, #7327, .T. ) ;
#3248 = LINE ( 'NONE', #3168, #5542 ) ;
#3249 = CARTESIAN_POINT ( 'NONE',  ( 1.937967468810307459, -0.05000000000000000278, -0.05000000000000019013 ) ) ;
#3250 = VECTOR ( 'NONE', #4713, 39.37007874015748854 ) ;
#3251 = DIRECTION ( 'NONE',  ( -0.0000000000000000000, 1.000000000000000000, -0.0000000000000000000 ) ) ;
#3252 = ORIENTED_EDGE ( 'NONE', *, *, #5727, .T. ) ;
#3253 = VECTOR ( 'NONE', #2693, 39.37007874015748143 ) ;
#3254 = CARTESIAN_POINT ( 'NONE',  ( 0.2379674688103073643, 3.673940397442060153E-19, -0.05000000000000019013 ) ) ;
#3255 = EDGE_CURVE ( 'NONE', #3297, #264, #3652, .T. ) ;
#3256 = VERTEX_POINT ( 'NONE', #2461 ) ;
#3257 = EDGE_CURVE ( 'NONE', #5636, #5265, #7291, .T. ) ;
#3258 = ORIENTED_EDGE ( 'NONE', *, *, #2861, .T. ) ;
#3259 = LINE ( 'NONE', #120, #1334 ) ;
#3260 = CYLINDRICAL_SURFACE ( 'NONE', #7045, 0.02855000000000052635 ) ;
#3261 = VECTOR ( 'NONE', #5521, 39.37007874015748143 ) ;
#3262 = ORIENTED_EDGE ( 'NONE', *, *, #6232, .T. ) ;
#3263 = DIRECTION ( 'NONE',  ( 0.3420201433256663259, 0.0000000000000000000, 0.9396926207859092051 ) ) ;
#3264 = ORIENTED_EDGE ( 'NONE', *, *, #2535, .F. ) ;
#3265 = CARTESIAN_POINT ( 'NONE',  ( 1.775935937620614746, -0.05000000000000000278, -0.09999999999999989453 ) ) ;
#3266 = EDGE_CURVE ( 'NONE', #4529, #1566, #7213, .T. ) ;
#3267 = DIRECTION ( 'NONE',  ( -0.0000000000000000000, 1.000000000000000000, -0.0000000000000000000 ) ) ;
#3268 = EDGE_LOOP ( 'NONE', ( #6277, #4545, #526, #1274 ) ) ;
#3269 = DIRECTION ( 'NONE',  ( 0.3420201433256638834, 0.0000000000000000000, -0.9396926207859100932 ) ) ;
#3270 = CARTESIAN_POINT ( 'NONE',  ( 1.037967468810307547, -0.05000000000000000278, -0.05000000000000019013 ) ) ;
#3271 = VECTOR ( 'NONE', #4847, 39.37007874015748143 ) ;
#3272 = ADVANCED_FACE ( 'NONE', ( #2536 ), #2385, .F. ) ;
#3273 = DIRECTION ( 'NONE',  ( -0.0000000000000000000, 1.000000000000000000, -0.0000000000000000000 ) ) ;
#3274 = ADVANCED_FACE ( 'NONE', ( #31 ), #6669, .T. ) ;
#3275 = LINE ( 'NONE', #5100, #1661 ) ;
#3276 = LINE ( 'NONE', #7359, #1374 ) ;
#3277 = AXIS2_PLACEMENT_3D ( 'NONE', #2292, #1028, #6578 ) ;
#3278 = DIRECTION ( 'NONE',  ( -0.0000000000000000000, 1.000000000000000000, -0.0000000000000000000 ) ) ;
#3279 = ORIENTED_EDGE ( 'NONE', *, *, #867, .F. ) ;
#3280 = LINE ( 'NONE', #2101, #7447 ) ;
#3281 = ORIENTED_EDGE ( 'NONE', *, *, #4131, .T. ) ;
#3282 = EDGE_CURVE ( 'NONE', #5881, #835, #1235, .T. ) ;
#3283 =( NAMED_UNIT ( * ) PLANE_ANGLE_UNIT ( ) SI_UNIT ( $, .RADIAN. ) );
#3284 = DIRECTION ( 'NONE',  ( -0.0000000000000000000, 1.000000000000000000, -0.0000000000000000000 ) ) ;
#3285 = VECTOR ( 'NONE', #1216, 39.37007874015748143 ) ;
#3286 = ORIENTED_EDGE ( 'NONE', *, *, #7515, .T. ) ;
#3287 = ORIENTED_EDGE ( 'NONE', *, *, #5984, .T. ) ;
#3288 = FACE_OUTER_BOUND ( 'NONE', #2074, .T. ) ;
#3289 = PLANE ( 'NONE',  #1205 ) ;
#3290 = CYLINDRICAL_SURFACE ( 'NONE', #2247, 0.02855000000000052635 ) ;
#3291 = AXIS2_PLACEMENT_3D ( 'NONE', #7065, #4026, #4067 ) ;
#3292 = ORIENTED_EDGE ( 'NONE', *, *, #7205, .F. ) ;
#3293 = EDGE_CURVE ( 'NONE', #293, #4323, #4887, .T. ) ;
#3294 = DIRECTION ( 'NONE',  ( 0.0000000000000000000, 0.0000000000000000000, 1.000000000000000000 ) ) ;
#3295 = CIRCLE ( 'NONE', #4193, 0.02855000000000052288 ) ;
#3296 = VERTEX_POINT ( 'NONE', #7363 ) ;
#3297 = VERTEX_POINT ( 'NONE', #5515 ) ;
#3298 = CARTESIAN_POINT ( 'NONE',  ( 1.594266468810307424, 0.0000000000000000000, -0.01574999999999998623 ) ) ;
#3299 = LINE ( 'NONE', #2628, #7179 ) ;
#3300 = VECTOR ( 'NONE', #7313, 39.37007874015748143 ) ;
#3301 = ORIENTED_EDGE ( 'NONE', *, *, #7527, .T. ) ;
#3302 = EDGE_CURVE ( 'NONE', #6201, #6151, #630, .T. ) ;
#3303 = CYLINDRICAL_SURFACE ( 'NONE', #1646, 0.03500000000000003803 ) ;
#3304 = ORIENTED_EDGE ( 'NONE', *, *, #2013, .F. ) ;
#3305 = CARTESIAN_POINT ( 'NONE',  ( 0.2379674688103073643, -0.05000000000000000278, -0.02144999999999967072 ) ) ;
#3306 =( NAMED_UNIT ( * ) PLANE_ANGLE_UNIT ( ) SI_UNIT ( $, .RADIAN. ) );
#3307 = ORIENTED_EDGE ( 'NONE', *, *, #2569, .F. ) ;
#3308 = PRODUCT_DEFINITION_SHAPE ( 'NONE', 'NONE',  #7839 ) ;
#3309 = PLANE ( 'NONE',  #165 ) ;
#3310 = ADVANCED_FACE ( 'NONE', ( #68 ), #4216, .F. ) ;
#3311 = DIRECTION ( 'NONE',  ( 0.0000000000000000000, 0.0000000000000000000, 1.000000000000000000 ) ) ;
#3312 = ITEM_DEFINED_TRANSFORMATION ( 'NONE', 'NONE', #4762,  #5651 ) ;
#3313 = FACE_OUTER_BOUND ( 'NONE', #7309, .T. ) ;
#3314 = DIRECTION ( 'NONE',  ( 0.3420201433256639389, 0.0000000000000000000, -0.9396926207859100932 ) ) ;
#3315 = DIRECTION ( 'NONE',  ( 1.000000000000000000, 0.0000000000000000000, 0.0000000000000000000 ) ) ;
#3316 = CARTESIAN_POINT ( 'NONE',  ( 1.899999000000000215, -0.05000000000000000278, -0.09999999999999989453 ) ) ;
#3317 = VERTEX_POINT ( 'NONE', #6147 ) ;
#3318 = ADVANCED_FACE ( 'NONE', ( #6032 ), #1942, .F. ) ;
#3319 = PLANE ( 'NONE',  #612 ) ;
#3320 = ORIENTED_EDGE ( 'NONE', *, *, #5537, .T. ) ;
#3321 =( CONVERSION_BASED_UNIT ( 'INCH', #5224 ) LENGTH_UNIT ( ) NAMED_UNIT ( #3737 ) );
#3322 = CARTESIAN_POINT ( 'NONE',  ( 1.337967468810307370, 0.0000000000000000000, -0.07855000000000071647 ) ) ;
#3323 = VERTEX_POINT ( 'NONE', #6627 ) ;
#3324 = DIRECTION ( 'NONE',  ( 1.000000000000000000, 0.0000000000000000000, -1.355298456929802892E-15 ) ) ;
#3325 = DIRECTION ( 'NONE',  ( 0.0000000000000000000, 0.0000000000000000000, -1.000000000000000000 ) ) ;
#3326 = EDGE_CURVE ( 'NONE', #4997, #376, #1306, .T. ) ;
#3327 = DIRECTION ( 'NONE',  ( -0.0000000000000000000, 1.000000000000000000, -0.0000000000000000000 ) ) ;
#3328 = FACE_OUTER_BOUND ( 'NONE', #1937, .T. ) ;
#3329 = VECTOR ( 'NONE', #7217, 39.37007874015748143 ) ;
#3330 = EDGE_LOOP ( 'NONE', ( #6814, #1008, #2783, #4835 ) ) ;
#3331 = LINE ( 'NONE', #2738, #3933 ) ;
#3332 = ORIENTED_EDGE ( 'NONE', *, *, #6821, .T. ) ;
#3333 = ORIENTED_EDGE ( 'NONE', *, *, #4718, .F. ) ;
#3334 = AXIS2_PLACEMENT_3D ( 'NONE', #283, #6807, #1381 ) ;
#3335 = CARTESIAN_POINT ( 'NONE',  ( 1.794266468810307602, 0.0000000000000000000, -0.08424999999999957523 ) ) ;
#3336 = EDGE_CURVE ( 'NONE', #3788, #7713, #2425, .T. ) ;
#3337 = DIRECTION ( 'NONE',  ( -1.000000000000000000, 0.0000000000000000000, -7.776898252968646568E-17 ) ) ;
#3338 = VERTEX_POINT ( 'NONE', #5438 ) ;
#3339 = LINE ( 'NONE', #2894, #2772 ) ;
#3340 = ORIENTED_EDGE ( 'NONE', *, *, #3548, .T. ) ;
#3341 = VECTOR ( 'NONE', #4675, 39.37007874015748143 ) ;
#3342 = CARTESIAN_POINT ( 'NONE',  ( 0.8942664688103074688, 0.0000000000000000000, -0.01574999999999998623 ) ) ;
#3343 = AXIS2_PLACEMENT_3D ( 'NONE', #3648, #2477, #2422 ) ;
#3344 = CARTESIAN_POINT ( 'NONE',  ( 0.4999990000000001378, -0.05000000000000000278, 0.0000000000000000000 ) ) ;
#3345 = ORIENTED_EDGE ( 'NONE', *, *, #2926, .F. ) ;
#3346 = EDGE_LOOP ( 'NONE', ( #2885, #5290, #2665, #2038 ) ) ;
#3347 = ADVANCED_FACE ( 'NONE', ( #4371 ), #1868, .T. ) ;
#3348 = VECTOR ( 'NONE', #5334, 39.37007874015748143 ) ;
#3349 = CARTESIAN_POINT ( 'NONE',  ( 1.781668468810307493, 0.0000000000000000000, -0.01574999999999998623 ) ) ;
#3350 = AXIS2_PLACEMENT_3D ( 'NONE', #5627, #181, #1429 ) ;
#3351 = DIRECTION ( 'NONE',  ( 0.0000000000000000000, 0.0000000000000000000, 1.000000000000000000 ) ) ;
#3352 = DIRECTION ( 'NONE',  ( 1.000000000000000000, 0.0000000000000000000, -1.355298456929802892E-15 ) ) ;
#3353 = DIRECTION ( 'NONE',  ( 0.3420201433256663259, 0.0000000000000000000, 0.9396926207859092051 ) ) ;
#3354 = VECTOR ( 'NONE', #3496, 39.37007874015748143 ) ;
#3355 = PRODUCT_DEFINITION_FORMATION_WITH_SPECIFIED_SOURCE ( 'ANY', '', #4467, .NOT_KNOWN. ) ;
#3356 = EDGE_CURVE ( 'NONE', #4659, #18, #6705, .T. ) ;
#3357 = DIRECTION ( 'NONE',  ( -0.0000000000000000000, 1.000000000000000000, -0.0000000000000000000 ) ) ;
#3358 = LINE ( 'NONE', #5774, #6254 ) ;
#3359 = ORIENTED_EDGE ( 'NONE', *, *, #3709, .F. ) ;
#3360 = LINE ( 'NONE', #6490, #7323 ) ;
#3361 = ORIENTED_EDGE ( 'NONE', *, *, #7699, .F. ) ;
#3362 =( LENGTH_UNIT ( ) NAMED_UNIT ( * ) SI_UNIT ( $, .METRE. ) );
#3363 = DIRECTION ( 'NONE',  ( 0.9396926207859100932, 0.0000000000000000000, 0.3420201433256638834 ) ) ;
#3364 = ORIENTED_EDGE ( 'NONE', *, *, #1027, .F. ) ;
#3365 = EDGE_CURVE ( 'NONE', #6073, #4149, #3086, .T. ) ;
#3366 = CARTESIAN_POINT ( 'NONE',  ( 0.3816684688103073597, -0.05000000000000000278, -0.08424999999999954747 ) ) ;
#3367 = CIRCLE ( 'NONE', #190, 0.02855000000000052982 ) ;
#3368 = CARTESIAN_POINT ( 'NONE',  ( 1.737967468810307281, -0.05000000000000000278, -0.02144999999999967072 ) ) ;
#3369 = DIRECTION ( 'NONE',  ( -0.0000000000000000000, 1.000000000000000000, -0.0000000000000000000 ) ) ;
#3370 = DIRECTION ( 'NONE',  ( 0.0000000000000000000, 0.0000000000000000000, 1.000000000000000000 ) ) ;
#3371 = ORIENTED_EDGE ( 'NONE', *, *, #1669, .F. ) ;
#3372 = LINE ( 'NONE', #6465, #2487 ) ;
#3373 = LINE ( 'NONE', #348, #4452 ) ;
#3374 = ADVANCED_FACE ( 'NONE', ( #3804 ), #5663, .F. ) ;
#3375 = EDGE_LOOP ( 'NONE', ( #6312, #2039, #1919, #242 ) ) ;
#3376 = VECTOR ( 'NONE', #3008, 39.37007874015748143 ) ;
#3377 = ORIENTED_EDGE ( 'NONE', *, *, #245, .F. ) ;
#3378 = LINE ( 'NONE', #3335, #2719 ) ;
#3379 = DIRECTION ( 'NONE',  ( -1.000000000000000000, 0.0000000000000000000, -7.776898252968647801E-17 ) ) ;
#3380 = ORIENTED_EDGE ( 'NONE', *, *, #6579, .F. ) ;
#3381 = ORIENTED_EDGE ( 'NONE', *, *, #999, .T. ) ;
#3382 = EDGE_CURVE ( 'NONE', #3554, #3611, #5738, .T. ) ;
#3383 = CARTESIAN_POINT ( 'NONE',  ( 1.475935937620614702, 0.0000000000000000000, -9.478001694819074349E-34 ) ) ;
#3384 = CARTESIAN_POINT ( 'NONE',  ( 1.537967468810307325, 3.673940397442060153E-19, -0.05000000000000019013 ) ) ;
#3385 = VERTEX_POINT ( 'NONE', #1388 ) ;
#3386 = EDGE_LOOP ( 'NONE', ( #6491, #1311, #2941, #3688 ) ) ;
#3387 = AXIS2_PLACEMENT_3D ( 'NONE', #3203, #1394, #1949 ) ;
#3388 = DIRECTION ( 'NONE',  ( -0.0000000000000000000, 1.000000000000000000, -0.0000000000000000000 ) ) ;
#3389 = LINE ( 'NONE', #7110, #6444 ) ;
#3390 = FACE_OUTER_BOUND ( 'NONE', #2514, .T. ) ;
#3391 = AXIS2_PLACEMENT_3D ( 'NONE', #779, #5545, #738 ) ;
#3392 = LINE ( 'NONE', #3994, #6467 ) ;
#3393 = DIRECTION ( 'NONE',  ( 1.000000000000000000, 0.0000000000000000000, -1.355298456929802892E-15 ) ) ;
#3394 = DIRECTION ( 'NONE',  ( -0.0000000000000000000, 1.000000000000000000, -0.0000000000000000000 ) ) ;
#3395 = ORIENTED_EDGE ( 'NONE', *, *, #2782, .T. ) ;
#3396 = VECTOR ( 'NONE', #3012, 39.37007874015748143 ) ;
#3397 = DIRECTION ( 'NONE',  ( 1.000000000000000000, 0.0000000000000000000, -0.0000000000000000000 ) ) ;
#3398 = ORIENTED_EDGE ( 'NONE', *, *, #1696, .F. ) ;
#3399 = ADVANCED_FACE ( 'NONE', ( #4451 ), #5623, .F. ) ;
#3400 = FACE_OUTER_BOUND ( 'NONE', #6385, .T. ) ;
#3401 = ORIENTED_EDGE ( 'NONE', *, *, #4387, .F. ) ;
#3402 = AXIS2_PLACEMENT_3D ( 'NONE', #7551, #168, #7474 ) ;
#3403 = FACE_OUTER_BOUND ( 'NONE', #876, .T. ) ;
#3404 = CARTESIAN_POINT ( 'NONE',  ( 1.637967468810307414, 3.673940397442060153E-19, -0.02144999999999966031 ) ) ;
#3405 = CARTESIAN_POINT ( 'NONE',  ( 0.6942664688103074022, 0.0000000000000000000, -0.01574999999999998623 ) ) ;
#3406 = EDGE_CURVE ( 'NONE', #4992, #2315, #6302, .T. ) ;
#3407 = CARTESIAN_POINT ( 'NONE',  ( -0.01203253118969264436, 0.0000000000000000000, -0.01574999999999999664 ) ) ;
#3408 = VECTOR ( 'NONE', #7783, 39.37007874015748143 ) ;
#3409 = EDGE_LOOP ( 'NONE', ( #6030, #1155, #6689, #1389 ) ) ;
#3410 = DIRECTION ( 'NONE',  ( 1.000000000000000000, 0.0000000000000000000, -0.0000000000000000000 ) ) ;
#3411 = DIRECTION ( 'NONE',  ( -0.0000000000000000000, 1.000000000000000000, -0.0000000000000000000 ) ) ;
#3412 = ORIENTED_EDGE ( 'NONE', *, *, #3709, .T. ) ;
#3413 = DIRECTION ( 'NONE',  ( -0.0000000000000000000, 1.000000000000000000, -0.0000000000000000000 ) ) ;
#3414 = VECTOR ( 'NONE', #1049, 39.37007874015748143 ) ;
#3415 = DIRECTION ( 'NONE',  ( 0.3420201433256639389, 0.0000000000000000000, -0.9396926207859100932 ) ) ;
#3416 = CARTESIAN_POINT ( 'NONE',  ( 1.975934937620615894, -0.05000000000000000278, -0.09999999999999974187 ) ) ;
#3417 = EDGE_CURVE ( 'NONE', #4963, #7696, #4411, .T. ) ;
#3418 = ORIENTED_EDGE ( 'NONE', *, *, #2427, .T. ) ;
#3419 = VECTOR ( 'NONE', #4386, 39.37007874015748854 ) ;
#3420 = EDGE_LOOP ( 'NONE', ( #3380, #5160, #5346, #142 ) ) ;
#3421 = CARTESIAN_POINT ( 'NONE',  ( 1.975934937620615894, -0.05000000000000000278, -0.09999999999999974187 ) ) ;
#3422 = CARTESIAN_POINT ( 'NONE',  ( 0.5759359376206146797, 0.0000000000000000000, -9.478001694819074349E-34 ) ) ;
#3423 = VERTEX_POINT ( 'NONE', #4526 ) ;
#3424 = ORIENTED_EDGE ( 'NONE', *, *, #5729, .F. ) ;
#3425 = VECTOR ( 'NONE', #2086, 39.37007874015748143 ) ;
#3426 = CARTESIAN_POINT ( 'NONE',  ( 1.975934937620615894, -0.05000000000000000278, -0.09999999999999974187 ) ) ;
#3427 = EDGE_CURVE ( 'NONE', #1680, #6458, #7442, .T. ) ;
#3428 = CARTESIAN_POINT ( 'NONE',  ( 0.2050000000000032074, 0.0000000000000000000, 0.02249999999999293537 ) ) ;
#3429 = DIRECTION ( 'NONE',  ( -0.3420201433256638834, 0.0000000000000000000, 0.9396926207859100932 ) ) ;
#3430 = CARTESIAN_POINT ( 'NONE',  ( 1.599999000000000171, 0.0000000000000000000, -0.09999999999999989453 ) ) ;
#3431 = ORIENTED_EDGE ( 'NONE', *, *, #5632, .F. ) ;
#3432 = DIRECTION ( 'NONE',  ( -0.0000000000000000000, 1.000000000000000000, -0.0000000000000000000 ) ) ;
#3433 = DIRECTION ( 'NONE',  ( -0.9396926207859093161, 0.0000000000000000000, 0.3420201433256663814 ) ) ;
#3434 = CARTESIAN_POINT ( 'NONE',  ( 0.09426646881030741054, -0.05000000000000000278, -0.01574999999999998623 ) ) ;
#3435 = EDGE_CURVE ( 'NONE', #6970, #3542, #2649, .T. ) ;
#3436 = ORIENTED_EDGE ( 'NONE', *, *, #4230, .F. ) ;
#3437 = LINE ( 'NONE', #6536, #2521 ) ;
#3438 = ORIENTED_EDGE ( 'NONE', *, *, #2460, .T. ) ;
#3439 = LENGTH_MEASURE_WITH_UNIT ( LENGTH_MEASURE( 0.02539999999999999897 ), #256 );
#3440 = DIRECTION ( 'NONE',  ( -0.3420201433256720991, 0.0000000000000000000, 0.9396926207859070956 ) ) ;
#3441 = ORIENTED_EDGE ( 'NONE', *, *, #1270, .F. ) ;
#3442 = DIRECTION ( 'NONE',  ( 1.000000000000000000, 0.0000000000000000000, -1.355298456929802892E-15 ) ) ;
#3443 = DIRECTION ( 'NONE',  ( 0.0000000000000000000, 0.0000000000000000000, 1.000000000000000000 ) ) ;
#3444 = ADVANCED_FACE ( 'NONE', ( #6889 ), #1426, .T. ) ;
#3445 = CARTESIAN_POINT ( 'NONE',  ( 0.5999990000000001711, -0.1100000000000000006, 0.0000000000000000000 ) ) ;
#3446 = DIRECTION ( 'NONE',  ( 0.0000000000000000000, 0.0000000000000000000, 1.000000000000000000 ) ) ;
#3447 = ORIENTED_EDGE ( 'NONE', *, *, #1395, .F. ) ;
#3448 = CARTESIAN_POINT ( 'NONE',  ( 1.794266468810307602, -0.1100000000000000006, -0.01574999999999998623 ) ) ;
#3449 = LINE ( 'NONE', #2855, #3162 ) ;
#3450 = EDGE_CURVE ( 'NONE', #5211, #5306, #830, .T. ) ;
#3451 = DIRECTION ( 'NONE',  ( 0.3420201433256638834, 0.0000000000000000000, -0.9396926207859100932 ) ) ;
#3452 = CARTESIAN_POINT ( 'NONE',  ( 1.337967468810307370, 3.673940397442060153E-19, -0.02144999999999966031 ) ) ;
#3453 = DIRECTION ( 'NONE',  ( 0.9396926207859100932, 0.0000000000000000000, 0.3420201433256638834 ) ) ;
#3454 = ORIENTED_EDGE ( 'NONE', *, *, #7632, .F. ) ;
#3455 = EDGE_LOOP ( 'NONE', ( #547, #5644, #6282, #1472 ) ) ;
#3456 = ITEM_DEFINED_TRANSFORMATION ( 'NONE', 'NONE', #4129,  #5651 ) ;
#3457 = DIRECTION ( 'NONE',  ( 0.3420201433256639389, 0.0000000000000000000, -0.9396926207859100932 ) ) ;
#3458 = ORIENTED_EDGE ( 'NONE', *, *, #2505, .T. ) ;
#3459 = AXIS2_PLACEMENT_3D ( 'NONE', #6527, #490, #5337 ) ;
#3460 = EDGE_CURVE ( 'NONE', #2360, #1962, #1000, .T. ) ;
#3461 = VERTEX_POINT ( 'NONE', #2687 ) ;
#3462 = PLANE ( 'NONE',  #1202 ) ;
#3463 = AXIS2_PLACEMENT_3D ( 'NONE', #3921, #7002, #5736 ) ;
#3464 = AXIS2_PLACEMENT_3D ( 'NONE', #7721, #6586, #1115 ) ;
#3465 = FACE_OUTER_BOUND ( 'NONE', #1977, .T. ) ;
#3466 = FACE_OUTER_BOUND ( 'NONE', #3587, .T. ) ;
#3467 = DIRECTION ( 'NONE',  ( -1.000000000000000000, 0.0000000000000000000, -7.776898252968647801E-17 ) ) ;
#3468 = EDGE_CURVE ( 'NONE', #799, #3696, #5588, .T. ) ;
#3469 = ORIENTED_EDGE ( 'NONE', *, *, #2563, .T. ) ;
#3470 = VECTOR ( 'NONE', #2947, 39.37007874015748143 ) ;
#3471 = VECTOR ( 'NONE', #5037, 39.37007874015748143 ) ;
#3472 = LINE ( 'NONE', #3594, #7395 ) ;
#3473 = SPHERICAL_SURFACE ( 'NONE', #4544, 0.009000000000000641168 ) ;
#3474 = CARTESIAN_POINT ( 'NONE',  ( 1.094266468810307424, -0.1100000000000000006, -0.08424999999999957523 ) ) ;
#3475 = ORIENTED_EDGE ( 'NONE', *, *, #4743, .F. ) ;
#3476 = CARTESIAN_POINT ( 'NONE',  ( 0.2942664688103074355, 0.0000000000000000000, -0.01574999999999998623 ) ) ;
#3477 = VECTOR ( 'NONE', #2190, 39.37007874015748854 ) ;
#3478 = VERTEX_POINT ( 'NONE', #4562 ) ;
#3479 = DIRECTION ( 'NONE',  ( -3.491481338843133355E-15, -1.000000000000000000, 0.0000000000000000000 ) ) ;
#3480 = DIRECTION ( 'NONE',  ( 0.0000000000000000000, 0.0000000000000000000, 1.000000000000000000 ) ) ;
#3481 =( GEOMETRIC_REPRESENTATION_CONTEXT ( 3 ) GLOBAL_UNCERTAINTY_ASSIGNED_CONTEXT ( ( #148 ) ) GLOBAL_UNIT_ASSIGNED_CONTEXT ( ( #4288, #3680, #698 ) ) REPRESENTATION_CONTEXT ( 'NONE', 'WORKASPACE' ) );
#3482 = EDGE_CURVE ( 'NONE', #5552, #2236, #3280, .T. ) ;
#3483 = ORIENTED_EDGE ( 'NONE', *, *, #782, .F. ) ;
#3484 = CARTESIAN_POINT ( 'NONE',  ( 1.194266468810307513, -0.1100000000000000006, -0.08424999999999957523 ) ) ;
#3485 = FACE_BOUND ( 'NONE', #7401, .T. ) ;
#3486 = LINE ( 'NONE', #5903, #6959 ) ;
#3487 = DIRECTION ( 'NONE',  ( -0.0000000000000000000, 1.000000000000000000, -0.0000000000000000000 ) ) ;
#3488 = ORIENTED_EDGE ( 'NONE', *, *, #2460, .F. ) ;
#3489 = LINE ( 'NONE', #3936, #5895 ) ;
#3490 = PLANE ( 'NONE',  #5735 ) ;
#3491 = CARTESIAN_POINT ( 'NONE',  ( 1.975934937620615894, -0.05000000000000000278, -0.09999999999999974187 ) ) ;
#3492 = EDGE_CURVE ( 'NONE', #5679, #6234, #5703, .T. ) ;
#3493 = VECTOR ( 'NONE', #6981, 39.37007874015748143 ) ;
#3494 = VERTEX_POINT ( 'NONE', #6339 ) ;
#3495 = EDGE_LOOP ( 'NONE', ( #3608, #413, #5052, #2212 ) ) ;
#3496 = DIRECTION ( 'NONE',  ( -0.3420201433256694346, -0.0000000000000000000, -0.9396926207859080948 ) ) ;
#3497 = CYLINDRICAL_SURFACE ( 'NONE', #3124, 0.02855000000000052635 ) ;
#3498 = ORIENTED_EDGE ( 'NONE', *, *, #4251, .T. ) ;
#3499 = ADVANCED_FACE ( 'NONE', ( #909 ), #3319, .T. ) ;
#3500 = CONTEXT_DEPENDENT_SHAPE_REPRESENTATION ( #786, #2176 ) ;
#3501 = DIRECTION ( 'NONE',  ( 0.3420201433256695456, 0.0000000000000000000, 0.9396926207859080948 ) ) ;
#3502 = EDGE_CURVE ( 'NONE', #1359, #1827, #2175, .T. ) ;
#3503 = EDGE_LOOP ( 'NONE', ( #2637, #7575, #408, #6699 ) ) ;
#3504 = ORIENTED_EDGE ( 'NONE', *, *, #6561, .T. ) ;
#3505 = DIRECTION ( 'NONE',  ( -0.0000000000000000000, 1.000000000000000000, -0.0000000000000000000 ) ) ;
#3506 = VECTOR ( 'NONE', #3379, 39.37007874015748143 ) ;
#3507 = ORIENTED_EDGE ( 'NONE', *, *, #3614, .F. ) ;
#3508 = DIRECTION ( 'NONE',  ( -0.0000000000000000000, 1.000000000000000000, -0.0000000000000000000 ) ) ;
#3509 = EDGE_CURVE ( 'NONE', #2788, #663, #1063, .T. ) ;
#3510 =( REPRESENTATION_RELATIONSHIP ('NONE','NONE', #1462, #1766 ) REPRESENTATION_RELATIONSHIP_WITH_TRANSFORMATION ( #2716 )SHAPE_REPRESENTATION_RELATIONSHIP( ) );
#3511 = CARTESIAN_POINT ( 'NONE',  ( 0.1250000000000020817, 1.102182119232275327E-18, -0.008999999999996692937 ) ) ;
#3512 = LINE ( 'NONE', #5888, #2791 ) ;
#3513 = VECTOR ( 'NONE', #7334, 39.37007874015748143 ) ;
#3514 = ORIENTED_EDGE ( 'NONE', *, *, #4287, .F. ) ;
#3515 = CARTESIAN_POINT ( 'NONE',  ( 1.137967468810307414, 3.673940397442060153E-19, -0.05000000000000019013 ) ) ;
#3516 = CARTESIAN_POINT ( 'NONE',  ( 1.581668468810307315, 0.0000000000000000000, -0.01574999999999998623 ) ) ;
#3517 = CARTESIAN_POINT ( 'NONE',  ( 1.899999000000000215, 0.0000000000000000000, -0.09999999999999989453 ) ) ;
#3518 = ORIENTED_EDGE ( 'NONE', *, *, #3818, .T. ) ;
#3519 = AXIS2_PLACEMENT_3D ( 'NONE', #5151, #7563, #7637 ) ;
#3520 = CARTESIAN_POINT ( 'NONE',  ( 0.2379674688103073643, 0.0000000000000000000, -0.05000000000000019013 ) ) ;
#3521 = ORIENTED_EDGE ( 'NONE', *, *, #6271, .T. ) ;
#3522 = DIRECTION ( 'NONE',  ( 0.0000000000000000000, 0.0000000000000000000, 1.000000000000000000 ) ) ;
#3523 = CARTESIAN_POINT ( 'NONE',  ( 1.399999000000000215, 0.0000000000000000000, 0.0000000000000000000 ) ) ;
#3524 = ORIENTED_EDGE ( 'NONE', *, *, #5613, .F. ) ;
#3525 = DIRECTION ( 'NONE',  ( 0.0000000000000000000, 0.0000000000000000000, 1.000000000000000000 ) ) ;
#3526 = VECTOR ( 'NONE', #2302, 39.37007874015748854 ) ;
#3527 = CYLINDRICAL_SURFACE ( 'NONE', #5747, 0.02650000000000142519 ) ;
#3528 = DIRECTION ( 'NONE',  ( -0.3420201433256720991, 0.0000000000000000000, 0.9396926207859070956 ) ) ;
#3529 = ADVANCED_FACE ( 'NONE', ( #988 ), #4164, .F. ) ;
#3530 = CARTESIAN_POINT ( 'NONE',  ( 0.1816684688103074041, -0.1100000000000000006, -0.01574999999999998623 ) ) ;
#3531 = VERTEX_POINT ( 'NONE', #5263 ) ;
#3532 = DIRECTION ( 'NONE',  ( 1.000000000000000000, 0.0000000000000000000, 0.0000000000000000000 ) ) ;
#3533 = DIRECTION ( 'NONE',  ( -1.000000000000000000, 0.0000000000000000000, -7.776898252968646568E-17 ) ) ;
#3534 = AXIS2_PLACEMENT_3D ( 'NONE', #4836, #6063, #7243 ) ;
#3535 = LINE ( 'NONE', #6077, #639 ) ;
#3536 = ORIENTED_EDGE ( 'NONE', *, *, #3235, .T. ) ;
#3537 = CARTESIAN_POINT ( 'NONE',  ( 1.837967468810307370, 3.673940397442060153E-19, -0.07855000000000071647 ) ) ;
#3538 = DIRECTION ( 'NONE',  ( 0.9396926207859100932, 0.0000000000000000000, 0.3420201433256638834 ) ) ;
#3539 = LINE ( 'NONE', #5282, #6924 ) ;
#3540 = VECTOR ( 'NONE', #5495, 39.37007874015748854 ) ;
#3541 = EDGE_CURVE ( 'NONE', #3183, #6857, #7630, .T. ) ;
#3542 = VERTEX_POINT ( 'NONE', #3476 ) ;
#3543 = DIRECTION ( 'NONE',  ( -0.9396926207859072067, 0.0000000000000000000, -0.3420201433256721546 ) ) ;
#3544 = CIRCLE ( 'NONE', #6718, 0.02855000000000052982 ) ;
#3545 = EDGE_LOOP ( 'NONE', ( #5837, #3092, #3100, #4783 ) ) ;
#3546 = VERTEX_POINT ( 'NONE', #4044 ) ;
#3547 = DIRECTION ( 'NONE',  ( 1.355298456929802892E-15, 0.0000000000000000000, 1.000000000000000000 ) ) ;
#3548 = EDGE_CURVE ( 'NONE', #3803, #6089, #6453, .T. ) ;
#3549 = VECTOR ( 'NONE', #1572, 39.37007874015748143 ) ;
#3550 = VERTEX_POINT ( 'NONE', #7750 ) ;
#3551 = FACE_OUTER_BOUND ( 'NONE', #1922, .T. ) ;
#3552 = DIRECTION ( 'NONE',  ( -0.9396926207859072067, 0.0000000000000000000, -0.3420201433256721546 ) ) ;
#3553 = CARTESIAN_POINT ( 'NONE',  ( 0.5816684688103074263, 0.0000000000000000000, -0.01574999999999998623 ) ) ;
#3554 = VERTEX_POINT ( 'NONE', #1579 ) ;
#3555 = AXIS2_PLACEMENT_3D ( 'NONE', #6611, #2522, #6167 ) ;
#3556 = LINE ( 'NONE', #4712, #7778 ) ;
#3557 = LINE ( 'NONE', #7160, #5027 ) ;
#3558 = EDGE_CURVE ( 'NONE', #4313, #163, #6577, .T. ) ;
#3559 = CARTESIAN_POINT ( 'NONE',  ( 1.181668468810307626, -0.1100000000000000006, -0.08424999999999954747 ) ) ;
#3560 = VERTEX_POINT ( 'NONE', #4001 ) ;
#3561 = CARTESIAN_POINT ( 'NONE',  ( 0.1942664688103074300, 0.0000000000000000000, -0.01574999999999998623 ) ) ;
#3562 = AXIS2_PLACEMENT_3D ( 'NONE', #6384, #960, #1515 ) ;
#3563 = ORIENTED_EDGE ( 'NONE', *, *, #3509, .F. ) ;
#3564 = CARTESIAN_POINT ( 'NONE',  ( -0.01203253118969264436, -0.05000000000000000278, -0.08424999999999989442 ) ) ;
#3565 = EDGE_LOOP ( 'NONE', ( #461, #7484, #1371, #1546 ) ) ;
#3566 = DIRECTION ( 'NONE',  ( -0.0000000000000000000, 1.000000000000000000, -0.0000000000000000000 ) ) ;
#3567 = EDGE_CURVE ( 'NONE', #2321, #1403, #4178, .T. ) ;
#3568 = DIRECTION ( 'NONE',  ( 1.000000000000000000, 0.0000000000000000000, 0.0000000000000000000 ) ) ;
#3569 = ORIENTED_EDGE ( 'NONE', *, *, #3697, .F. ) ;
#3570 = DIRECTION ( 'NONE',  ( -1.000000000000000000, -0.0000000000000000000, -0.0000000000000000000 ) ) ;
#3571 = VERTEX_POINT ( 'NONE', #6411 ) ;
#3572 = CARTESIAN_POINT ( 'NONE',  ( 0.0000000000000000000, -0.05000000000000000278, 0.0000000000000000000 ) ) ;
#3573 = LINE ( 'NONE', #5991, #3329 ) ;
#3574 = CARTESIAN_POINT ( 'NONE',  ( 0.6379674688103074143, 0.0000000000000000000, -0.05000000000000019013 ) ) ;
#3575 = VERTEX_POINT ( 'NONE', #2920 ) ;
#3576 = ADVANCED_FACE ( 'NONE', ( #5305 ), #2763, .F. ) ;
#3577 = LINE ( 'NONE', #7258, #5916 ) ;
#3578 = DIRECTION ( 'NONE',  ( -1.000000000000000000, 0.0000000000000000000, -0.0000000000000000000 ) ) ;
#3579 = LINE ( 'NONE', #557, #1360 ) ;
#3580 = EDGE_LOOP ( 'NONE', ( #6440, #6661 ) ) ;
#3581 = CONTEXT_DEPENDENT_SHAPE_REPRESENTATION ( #6114, #6412 ) ;
#3582 = DIRECTION ( 'NONE',  ( 0.0000000000000000000, 0.0000000000000000000, 1.000000000000000000 ) ) ;
#3583 = ORIENTED_EDGE ( 'NONE', *, *, #5488, .T. ) ;
#3584 = EDGE_CURVE ( 'NONE', #6201, #3643, #5815, .T. ) ;
#3585 = ORIENTED_EDGE ( 'NONE', *, *, #2450, .T. ) ;
#3586 = LINE ( 'NONE', #2907, #1573 ) ;
#3587 = EDGE_LOOP ( 'NONE', ( #11, #3281, #5249, #5317 ) ) ;
#3588 = DIRECTION ( 'NONE',  ( -0.0000000000000000000, 1.000000000000000000, -0.0000000000000000000 ) ) ;
#3589 = AXIS2_PLACEMENT_3D ( 'NONE', #5506, #4911, #1900 ) ;
#3590 = CARTESIAN_POINT ( 'NONE',  ( 0.8816684688103074707, -0.1100000000000000006, -0.01574999999999998623 ) ) ;
#3591 = DIRECTION ( 'NONE',  ( 1.000000000000000000, 0.0000000000000000000, 0.0000000000000000000 ) ) ;
#3592 = ADVANCED_FACE ( 'NONE', ( #5937 ), #5776, .F. ) ;
#3593 = ORIENTED_EDGE ( 'NONE', *, *, #3853, .T. ) ;
#3594 = CARTESIAN_POINT ( 'NONE',  ( 1.326774594396408213, -0.05000000000000000278, -0.5098174223640313807 ) ) ;
#3595 = CARTESIAN_POINT ( 'NONE',  ( 1.499999000000000082, -0.1100000000000000006, 0.0000000000000000000 ) ) ;
#3596 = VECTOR ( 'NONE', #6205, 39.37007874015748143 ) ;
#3597 = DIRECTION ( 'NONE',  ( 1.000000000000000000, 0.0000000000000000000, 0.0000000000000000000 ) ) ;
#3598 = ORIENTED_EDGE ( 'NONE', *, *, #7215, .T. ) ;
#3599 = PLANE ( 'NONE',  #1510 ) ;
#3600 = ORIENTED_EDGE ( 'NONE', *, *, #945, .T. ) ;
#3601 = CARTESIAN_POINT ( 'NONE',  ( 0.3942664688103074133, 0.0000000000000000000, -0.01574999999999998623 ) ) ;
#3602 = EDGE_CURVE ( 'NONE', #7197, #5905, #3437, .T. ) ;
#3603 = CIRCLE ( 'NONE', #5624, 0.02855000000000052982 ) ;
#3604 = VECTOR ( 'NONE', #1991, 39.37007874015748143 ) ;
#3605 = ORIENTED_EDGE ( 'NONE', *, *, #6195, .T. ) ;
#3606 = CARTESIAN_POINT ( 'NONE',  ( 1.381668468810307360, -0.05000000000000000278, -0.01574999999999998623 ) ) ;
#3607 = DIRECTION ( 'NONE',  ( -0.0000000000000000000, 1.000000000000000000, -0.0000000000000000000 ) ) ;
#3608 = ORIENTED_EDGE ( 'NONE', *, *, #7408, .T. ) ;
#3609 = CIRCLE ( 'NONE', #6144, 0.02855000000000052982 ) ;
#3610 = DIRECTION ( 'NONE',  ( -0.0000000000000000000, 1.000000000000000000, -0.0000000000000000000 ) ) ;
#3611 = VERTEX_POINT ( 'NONE', #5222 ) ;
#3612 = LINE ( 'NONE', #3054, #5526 ) ;
#3613 = PLANE ( 'NONE',  #7146 ) ;
#3614 = EDGE_CURVE ( 'NONE', #2961, #73, #1891, .T. ) ;
#3615 = ADVANCED_FACE ( 'NONE', ( #5852 ), #7119, .F. ) ;
#3616 = DIRECTION ( 'NONE',  ( -1.000000000000000000, 0.0000000000000000000, 1.355298456929802892E-15 ) ) ;
#3617 = ORIENTED_EDGE ( 'NONE', *, *, #6615, .F. ) ;
#3618 = VECTOR ( 'NONE', #4733, 39.37007874015748854 ) ;
#3619 = FACE_OUTER_BOUND ( 'NONE', #5450, .T. ) ;
#3620 = CARTESIAN_POINT ( 'NONE',  ( 0.7759359376206146353, 0.0000000000000000000, -0.09999999999999989453 ) ) ;
#3621 = CARTESIAN_POINT ( 'NONE',  ( 1.437967468810307237, -0.05000000000000000278, -0.05000000000000019013 ) ) ;
#3622 = VERTEX_POINT ( 'NONE', #1740 ) ;
#3623 = EDGE_CURVE ( 'NONE', #5963, #3706, #4678, .T. ) ;
#3624 = CARTESIAN_POINT ( 'NONE',  ( 1.694266468810307513, -0.05000000000000000278, -0.01574999999999998623 ) ) ;
#3625 = ORIENTED_EDGE ( 'NONE', *, *, #1862, .T. ) ;
#3626 = EDGE_LOOP ( 'NONE', ( #6484, #7643, #6354, #5361 ) ) ;
#3627 = VECTOR ( 'NONE', #3159, 39.37007874015748143 ) ;
#3628 = FACE_OUTER_BOUND ( 'NONE', #201, .T. ) ;
#3629 = EDGE_CURVE ( 'NONE', #5905, #4012, #3360, .T. ) ;
#3630 = ORIENTED_EDGE ( 'NONE', *, *, #253, .F. ) ;
#3631 = AXIS2_PLACEMENT_3D ( 'NONE', #917, #6860, #1435 ) ;
#3632 = FACE_OUTER_BOUND ( 'NONE', #3129, .T. ) ;
#3633 = CARTESIAN_POINT ( 'NONE',  ( 0.08166846881030741245, 0.0000000000000000000, -0.08424999999999954747 ) ) ;
#3634 = LINE ( 'NONE', #2409, #2165 ) ;
#3635 = ORIENTED_EDGE ( 'NONE', *, *, #7168, .F. ) ;
#3636 = AXIS2_PLACEMENT_3D ( 'NONE', #6909, #5756, #314 ) ;
#3637 = PLANE ( 'NONE',  #7809 ) ;
#3638 = LINE ( 'NONE', #7116, #7634 ) ;
#3639 = ORIENTED_EDGE ( 'NONE', *, *, #6186, .F. ) ;
#3640 = EDGE_CURVE ( 'NONE', #2864, #914, #6020, .T. ) ;
#3641 = CARTESIAN_POINT ( 'NONE',  ( 1.975934937620615894, -0.05000000000000000278, -0.09999999999999974187 ) ) ;
#3642 = AXIS2_PLACEMENT_3D ( 'NONE', #1917, #2509, #3097 ) ;
#3643 = VERTEX_POINT ( 'NONE', #3561 ) ;
#3644 = FILL_AREA_STYLE ('',( #7673 ) ) ;
#3645 = DIRECTION ( 'NONE',  ( -0.0000000000000000000, 1.000000000000000000, -0.0000000000000000000 ) ) ;
#3646 = ORIENTED_EDGE ( 'NONE', *, *, #7718, .F. ) ;
#3647 = DIRECTION ( 'NONE',  ( -0.3420201433256663259, 0.0000000000000000000, -0.9396926207859092051 ) ) ;
#3648 = CARTESIAN_POINT ( 'NONE',  ( -0.03066449223692698303, 0.0000000000000000000, -0.01575000000000053094 ) ) ;
#3649 = ORIENTED_EDGE ( 'NONE', *, *, #2798, .F. ) ;
#3650 = VECTOR ( 'NONE', #1676, 39.37007874015748143 ) ;
#3651 = EDGE_CURVE ( 'NONE', #3622, #3706, #2375, .T. ) ;
#3652 = LINE ( 'NONE', #103, #3910 ) ;
#3653 = VERTEX_POINT ( 'NONE', #4244 ) ;
#3654 = DIRECTION ( 'NONE',  ( 7.776898252968646568E-17, 0.0000000000000000000, -1.000000000000000000 ) ) ;
#3655 = CARTESIAN_POINT ( 'NONE',  ( 0.2999990000000001267, -0.05000000000000000278, -0.09999999999999989453 ) ) ;
#3656 = DIRECTION ( 'NONE',  ( 0.0000000000000000000, 0.0000000000000000000, -1.000000000000000000 ) ) ;
#3657 = VECTOR ( 'NONE', #1230, 39.37007874015748143 ) ;
#3658 = EDGE_LOOP ( 'NONE', ( #7824, #2416, #5405, #69 ) ) ;
#3659 = DIRECTION ( 'NONE',  ( -0.0000000000000000000, 1.000000000000000000, -0.0000000000000000000 ) ) ;
#3660 = DIRECTION ( 'NONE',  ( 0.0000000000000000000, 0.0000000000000000000, 1.000000000000000000 ) ) ;
#3661 = CARTESIAN_POINT ( 'NONE',  ( -0.03066449223692707671, -0.05000000000000000278, -0.08424999999999750744 ) ) ;
#3662 = EDGE_CURVE ( 'NONE', #5211, #587, #3002, .T. ) ;
#3663 = PRODUCT_DEFINITION_CONTEXT ( 'detailed design', #7049, 'design' ) ;
#3664 = VECTOR ( 'NONE', #2226, 39.37007874015748143 ) ;
#3665 = ORIENTED_EDGE ( 'NONE', *, *, #1663, .F. ) ;
#3666 = CARTESIAN_POINT ( 'NONE',  ( 0.4816684688103073930, -0.1100000000000000006, -0.08424999999999954747 ) ) ;
#3667 = VERTEX_POINT ( 'NONE', #1898 ) ;
#3668 = ORIENTED_EDGE ( 'NONE', *, *, #637, .F. ) ;
#3669 = LINE ( 'NONE', #3030, #7522 ) ;
#3670 = ORIENTED_EDGE ( 'NONE', *, *, #3010, .T. ) ;
#3671 = LINE ( 'NONE', #2992, #1896 ) ;
#3672 = AXIS2_PLACEMENT_3D ( 'NONE', #6912, #6798, #3263 ) ;
#3673 = CARTESIAN_POINT ( 'NONE',  ( 0.1379674688103073310, -0.05000000000000000278, -0.05000000000000019013 ) ) ;
#3674 = CARTESIAN_POINT ( 'NONE',  ( 1.775935937620614746, 0.0000000000000000000, -0.09999999999999989453 ) ) ;
#3675 = ORIENTED_EDGE ( 'NONE', *, *, #4334, .T. ) ;
#3676 = ADVANCED_FACE ( 'NONE', ( #5468 ), #3599, .T. ) ;
#3677 = CIRCLE ( 'NONE', #5188, 0.02855000000000052982 ) ;
#3678 = CARTESIAN_POINT ( 'NONE',  ( 0.3379674688103073699, 3.673940397442060153E-19, -0.07855000000000071647 ) ) ;
#3679 = DIRECTION ( 'NONE',  ( -0.3420201433256638834, 0.0000000000000000000, 0.9396926207859100932 ) ) ;
#3680 =( NAMED_UNIT ( * ) PLANE_ANGLE_UNIT ( ) SI_UNIT ( $, .RADIAN. ) );
#3681 = LINE ( 'NONE', #2418, #7760 ) ;
#3682 = VECTOR ( 'NONE', #6826, 39.37007874015748143 ) ;
#3683 = DIMENSIONAL_EXPONENTS ( 1.000000000000000000, 0.0000000000000000000, 0.0000000000000000000, 0.0000000000000000000, 0.0000000000000000000, 0.0000000000000000000, 0.0000000000000000000 ) ;
#3684 = ORIENTED_EDGE ( 'NONE', *, *, #4784, .F. ) ;
#3685 = ADVANCED_FACE ( 'NONE', ( #6696 ), #4327, .T. ) ;
#3686 = DIRECTION ( 'NONE',  ( 0.3420201433256662704, -0.0000000000000000000, 0.9396926207859092051 ) ) ;
#3687 = CARTESIAN_POINT ( 'NONE',  ( 0.2671479285250193403, -0.05000000000000000278, -0.1241448565521100916 ) ) ;
#3688 = ORIENTED_EDGE ( 'NONE', *, *, #2648, .F. ) ;
#3689 = AXIS2_PLACEMENT_3D ( 'NONE', #2094, #5732, #6368 ) ;
#3690 = CARTESIAN_POINT ( 'NONE',  ( 0.6977678776202056454, -0.05000000000000000278, -0.2808777003039867881 ) ) ;
#3691 = ORIENTED_EDGE ( 'NONE', *, *, #6529, .F. ) ;
#3692 = DIRECTION ( 'NONE',  ( -0.0000000000000000000, 1.000000000000000000, -0.0000000000000000000 ) ) ;
#3693 = DIRECTION ( 'NONE',  ( -0.9396926207859072067, 0.0000000000000000000, -0.3420201433256721546 ) ) ;
#3694 = CARTESIAN_POINT ( 'NONE',  ( 0.7379674688103073921, -0.05000000000000000278, -0.02144999999999967072 ) ) ;
#3695 = ORIENTED_EDGE ( 'NONE', *, *, #2770, .F. ) ;
#3696 = VERTEX_POINT ( 'NONE', #1782 ) ;
#3697 = EDGE_CURVE ( 'NONE', #2386, #3922, #6655, .T. ) ;
#3698 = CARTESIAN_POINT ( 'NONE',  ( 0.8816684688103074707, 0.0000000000000000000, -0.08424999999999954747 ) ) ;
#3699 = LINE ( 'NONE', #6784, #6643 ) ;
#3700 = FACE_OUTER_BOUND ( 'NONE', #4715, .T. ) ;
#3701 = VERTEX_POINT ( 'NONE', #1298 ) ;
#3702 = LINE ( 'NONE', #1249, #1650 ) ;
#3703 = ADVANCED_FACE ( 'NONE', ( #5388 ), #5979, .T. ) ;
#3704 = ORIENTED_EDGE ( 'NONE', *, *, #4619, .F. ) ;
#3705 = CARTESIAN_POINT ( 'NONE',  ( -0.03066449223692707671, -0.05000000000000000278, -0.08424999999999722988 ) ) ;
#3706 = VERTEX_POINT ( 'NONE', #4363 ) ;
#3707 = DIRECTION ( 'NONE',  ( 1.000000000000000000, 0.0000000000000000000, -1.355298456929802892E-15 ) ) ;
#3708 = CARTESIAN_POINT ( 'NONE',  ( 0.9816684688103075596, 0.0000000000000000000, -0.08424999999999954747 ) ) ;
#3709 = EDGE_CURVE ( 'NONE', #5243, #2626, #1149, .T. ) ;
#3710 = EDGE_CURVE ( 'NONE', #564, #5390, #227, .T. ) ;
#3711 = CARTESIAN_POINT ( 'NONE',  ( 0.2050000000000032074, 3.000384657910669750E-18, -0.02249999999999293537 ) ) ;
#3712 = ORIENTED_EDGE ( 'NONE', *, *, #7005, .F. ) ;
#3713 = DIRECTION ( 'NONE',  ( -0.0000000000000000000, 1.000000000000000000, -0.0000000000000000000 ) ) ;
#3714 = AXIS2_PLACEMENT_3D ( 'NONE', #7007, #5392, #1624 ) ;
#3715 = DIRECTION ( 'NONE',  ( -0.0000000000000000000, 1.000000000000000000, -0.0000000000000000000 ) ) ;
#3716 = APPLICATION_PROTOCOL_DEFINITION ( 'draft international standard', 'automotive_design', 1998, #6244 ) ;
#3717 = CARTESIAN_POINT ( 'NONE',  ( 0.08166846881030741245, 0.0000000000000000000, -0.08424999999999954747 ) ) ;
#3718 = ORIENTED_EDGE ( 'NONE', *, *, #3834, .T. ) ;
#3719 = AXIS2_PLACEMENT_3D ( 'NONE', #6610, #7312, #7784 ) ;
#3720 = DIRECTION ( 'NONE',  ( 0.9396926207859100932, 0.0000000000000000000, 0.3420201433256638834 ) ) ;
#3721 = PLANE ( 'NONE',  #1584 ) ;
#3722 = EDGE_LOOP ( 'NONE', ( #7548, #1173, #5980, #2431 ) ) ;
#3723 = DIRECTION ( 'NONE',  ( -0.0000000000000000000, 1.000000000000000000, -0.0000000000000000000 ) ) ;
#3724 = VECTOR ( 'NONE', #274, 39.37007874015748143 ) ;
#3725 = ORIENTED_EDGE ( 'NONE', *, *, #7473, .T. ) ;
#3726 = EDGE_CURVE ( 'NONE', #7436, #4739, #3041, .T. ) ;
#3727 = CARTESIAN_POINT ( 'NONE',  ( -0.03066449223692698303, -0.05000000000000000278, -0.01574999999999998623 ) ) ;
#3728 = DIRECTION ( 'NONE',  ( 0.0000000000000000000, -1.000000000000000000, 0.0000000000000000000 ) ) ;
#3729 = VECTOR ( 'NONE', #1314, 39.37007874015748143 ) ;
#3730 = ORIENTED_EDGE ( 'NONE', *, *, #696, .T. ) ;
#3731 = ORIENTED_EDGE ( 'NONE', *, *, #6156, .T. ) ;
#3732 = FACE_OUTER_BOUND ( 'NONE', #3455, .T. ) ;
#3733 = VECTOR ( 'NONE', #4860, 39.37007874015748143 ) ;
#3734 = CARTESIAN_POINT ( 'NONE',  ( 0.1999990000000001211, -0.05000000000000000278, -0.09999999999999989453 ) ) ;
#3735 = DIRECTION ( 'NONE',  ( 0.3420201433256695456, 0.0000000000000000000, 0.9396926207859080948 ) ) ;
#3736 = AXIS2_PLACEMENT_3D ( 'NONE', #4603, #7561, #833 ) ;
#3737 = DIMENSIONAL_EXPONENTS ( 1.000000000000000000, 0.0000000000000000000, 0.0000000000000000000, 0.0000000000000000000, 0.0000000000000000000, 0.0000000000000000000, 0.0000000000000000000 ) ;
#3738 = UNCERTAINTY_MEASURE_WITH_UNIT (LENGTH_MEASURE( 1.000000000000000082E-05 ), #4564, 'distance_accuracy_value', 'NONE');
#3739 = VERTEX_POINT ( 'NONE', #1815 ) ;
#3740 = ADVANCED_FACE ( 'NONE', ( #4798 ), #4873, .T. ) ;
#3741 = AXIS2_PLACEMENT_3D ( 'NONE', #6355, #6509, #5202 ) ;
#3742 = DIRECTION ( 'NONE',  ( -1.000000000000000000, -0.0000000000000000000, -0.0000000000000000000 ) ) ;
#3743 = PRODUCT_DEFINITION_FORMATION_WITH_SPECIFIED_SOURCE ( 'ANY', '', #6478, .NOT_KNOWN. ) ;
#3744 = ORIENTED_EDGE ( 'NONE', *, *, #3899, .T. ) ;
#3745 = ORIENTED_EDGE ( 'NONE', *, *, #607, .F. ) ;
#3746 = DIRECTION ( 'NONE',  ( -0.0000000000000000000, 1.000000000000000000, -0.0000000000000000000 ) ) ;
#3747 = CARTESIAN_POINT ( 'NONE',  ( 0.8816684688103074707, -0.1100000000000000006, -0.08424999999999954747 ) ) ;
#3748 = EDGE_CURVE ( 'NONE', #2764, #3202, #1856, .T. ) ;
#3749 = ORIENTED_EDGE ( 'NONE', *, *, #2268, .T. ) ;
#3750 = EDGE_CURVE ( 'NONE', #4433, #7740, #7071, .T. ) ;
#3751 = CARTESIAN_POINT ( 'NONE',  ( 1.494266468810307558, -0.1100000000000000006, -0.08424999999999957523 ) ) ;
#3752 = LINE ( 'NONE', #5725, #809 ) ;
#3753 = CARTESIAN_POINT ( 'NONE',  ( 1.028961290612242729, -0.05000000000000000278, 0.3699222444181136660 ) ) ;
#3754 = EDGE_LOOP ( 'NONE', ( #1804, #4700 ) ) ;
#3755 = LINE ( 'NONE', #4982, #5122 ) ;
#3756 = ADVANCED_FACE ( 'NONE', ( #4206 ), #2490, .T. ) ;
#3757 = CARTESIAN_POINT ( 'NONE',  ( 1.050976766244001048, -0.05000000000000000278, -0.4094352222412948605 ) ) ;
#3758 = DIRECTION ( 'NONE',  ( 0.0000000000000000000, 0.0000000000000000000, 1.000000000000000000 ) ) ;
#3759 = CYLINDRICAL_SURFACE ( 'NONE', #4878, 0.03500000000000003803 ) ;
#3760 = ORIENTED_EDGE ( 'NONE', *, *, #123, .T. ) ;
#3761 = FACE_OUTER_BOUND ( 'NONE', #3882, .T. ) ;
#3762 = LINE ( 'NONE', #5546, #811 ) ;
#3763 = ORIENTED_EDGE ( 'NONE', *, *, #1007, .F. ) ;
#3764 = EDGE_CURVE ( 'NONE', #3779, #6027, #5539, .T. ) ;
#3765 = AXIS2_PLACEMENT_3D ( 'NONE', #2472, #2434, #1759 ) ;
#3766 = CARTESIAN_POINT ( 'NONE',  ( 0.0000000000000000000, -0.05000000000000000278, 0.0000000000000000000 ) ) ;
#3767 = VERTEX_POINT ( 'NONE', #4401 ) ;
#3768 = DIRECTION ( 'NONE',  ( -1.000000000000000000, -0.0000000000000000000, -0.0000000000000000000 ) ) ;
#3769 = CARTESIAN_POINT ( 'NONE',  ( -0.03066449223692698303, -0.05000000000000000278, -0.01575000000000053094 ) ) ;
#3770 = ORIENTED_EDGE ( 'NONE', *, *, #4743, .T. ) ;
#3771 = ORIENTED_EDGE ( 'NONE', *, *, #6559, .F. ) ;
#3772 = CARTESIAN_POINT ( 'NONE',  ( 0.2816684688103074374, -0.1100000000000000006, -0.08424999999999954747 ) ) ;
#3773 = DIRECTION ( 'NONE',  ( 0.0000000000000000000, 0.0000000000000000000, 1.000000000000000000 ) ) ;
#3774 = EDGE_CURVE ( 'NONE', #3696, #4799, #1378, .T. ) ;
#3775 = DIRECTION ( 'NONE',  ( 1.000000000000000000, 0.0000000000000000000, 0.0000000000000000000 ) ) ;
#3776 = VERTEX_POINT ( 'NONE', #862 ) ;
#3777 = AXIS2_PLACEMENT_3D ( 'NONE', #2495, #868, #4368 ) ;
#3778 = CARTESIAN_POINT ( 'NONE',  ( 0.5983413415170493188, -0.05000000000000000278, 0.2131894006662447272 ) ) ;
#3779 = VERTEX_POINT ( 'NONE', #818 ) ;
#3780 = CARTESIAN_POINT ( 'NONE',  ( -0.03066449223692698303, -0.05000000000000000278, -0.01574999999999998623 ) ) ;
#3781 = ADVANCED_FACE ( 'NONE', ( #6765 ), #3790, .T. ) ;
#3782 = CARTESIAN_POINT ( 'NONE',  ( 0.1759359376206146575, 0.0000000000000000000, -0.09999999999999989453 ) ) ;
#3783 = AXIS2_PLACEMENT_3D ( 'NONE', #6968, #2610, #5070 ) ;
#3784 = LINE ( 'NONE', #4231, #2712 ) ;
#3785 = ORIENTED_EDGE ( 'NONE', *, *, #6521, .F. ) ;
#3786 = DIMENSIONAL_EXPONENTS ( 1.000000000000000000, 0.0000000000000000000, 0.0000000000000000000, 0.0000000000000000000, 0.0000000000000000000, 0.0000000000000000000, 0.0000000000000000000 ) ;
#3787 = FACE_OUTER_BOUND ( 'NONE', #7631, .T. ) ;
#3788 = VERTEX_POINT ( 'NONE', #2014 ) ;
#3789 = CARTESIAN_POINT ( 'NONE',  ( 0.3445589889964101871, -0.05000000000000000278, -0.1523201783666786047 ) ) ;
#3790 = CONICAL_SURFACE ( 'NONE', #2272, 0.02650000000000142519, 0.2617993877991314222 ) ;
#3791 = DIRECTION ( 'NONE',  ( 7.776898252968646568E-17, 0.0000000000000000000, -1.000000000000000000 ) ) ;
#3792 = ORIENTED_EDGE ( 'NONE', *, *, #3154, .F. ) ;
#3793 = CARTESIAN_POINT ( 'NONE',  ( 1.494266468810307558, 0.0000000000000000000, -0.08424999999999957523 ) ) ;
#3794 = VECTOR ( 'NONE', #5885, 39.37007874015748854 ) ;
#3795 = DIRECTION ( 'NONE',  ( 0.0000000000000000000, 0.0000000000000000000, 1.000000000000000000 ) ) ;
#3796 = DIRECTION ( 'NONE',  ( -3.491481338843133355E-15, -1.000000000000000000, 0.0000000000000000000 ) ) ;
#3797 = CARTESIAN_POINT ( 'NONE',  ( 1.594266468810307424, -0.1100000000000000006, -0.01574999999999998623 ) ) ;
#3798 = ORIENTED_EDGE ( 'NONE', *, *, #3567, .F. ) ;
#3799 = EDGE_CURVE ( 'NONE', #5690, #2023, #2018, .T. ) ;
#3800 = VECTOR ( 'NONE', #2301, 39.37007874015748143 ) ;
#3801 = CARTESIAN_POINT ( 'NONE',  ( 0.7816684688103074929, -0.1100000000000000006, -0.08424999999999954747 ) ) ;
#3802 = DIRECTION ( 'NONE',  ( -0.0000000000000000000, 1.000000000000000000, -0.0000000000000000000 ) ) ;
#3803 = VERTEX_POINT ( 'NONE', #3875 ) ;
#3804 = FACE_OUTER_BOUND ( 'NONE', #1879, .T. ) ;
#3805 = AXIS2_PLACEMENT_3D ( 'NONE', #5519, #4341, #3353 ) ;
#3806 = ORIENTED_EDGE ( 'NONE', *, *, #3874, .T. ) ;
#3807 = DIRECTION ( 'NONE',  ( -0.0000000000000000000, 1.000000000000000000, -0.0000000000000000000 ) ) ;
#3808 = FACE_OUTER_BOUND ( 'NONE', #7113, .T. ) ;
#3809 = ADVANCED_FACE ( 'NONE', ( #3231 ), #6806, .T. ) ;
#3810 = ORIENTED_EDGE ( 'NONE', *, *, #2251, .F. ) ;
#3811 = CARTESIAN_POINT ( 'NONE',  ( 1.737967468810307281, -0.05000000000000000278, -0.07855000000000071647 ) ) ;
#3812 = VECTOR ( 'NONE', #5338, 39.37007874015748143 ) ;
#3813 = LINE ( 'NONE', #2617, #5376 ) ;
#3814 = LINE ( 'NONE', #6785, #1874 ) ;
#3815 = PLANE ( 'NONE',  #3562 ) ;
#3816 = EDGE_LOOP ( 'NONE', ( #2162, #1832, #7253, #5547 ) ) ;
#3817 = CIRCLE ( 'NONE', #128, 0.008999999999996528138 ) ;
#3818 = EDGE_CURVE ( 'NONE', #1969, #813, #4048, .T. ) ;
#3819 = LINE ( 'NONE', #2583, #4947 ) ;
#3820 = ORIENTED_EDGE ( 'NONE', *, *, #4907, .F. ) ;
#3821 = ORIENTED_EDGE ( 'NONE', *, *, #1519, .T. ) ;
#3822 = DIRECTION ( 'NONE',  ( 0.0000000000000000000, 0.0000000000000000000, 1.000000000000000000 ) ) ;
#3823 = LINE ( 'NONE', #5050, #2996 ) ;
#3824 = DIRECTION ( 'NONE',  ( 0.0000000000000000000, 0.0000000000000000000, 1.000000000000000000 ) ) ;
#3825 = ORIENTED_EDGE ( 'NONE', *, *, #3482, .T. ) ;
#3826 = CARTESIAN_POINT ( 'NONE',  ( 0.1379674688103073310, 3.673940397442060153E-19, -0.07855000000000071647 ) ) ;
#3827 = ORIENTED_EDGE ( 'NONE', *, *, #1227, .T. ) ;
#3828 = ADVANCED_FACE ( 'NONE', ( #774 ), #5577, .F. ) ;
#3829 = DIRECTION ( 'NONE',  ( -0.0000000000000000000, 1.000000000000000000, -0.0000000000000000000 ) ) ;
#3830 = DIRECTION ( 'NONE',  ( -0.0000000000000000000, 1.000000000000000000, -0.0000000000000000000 ) ) ;
#3831 = ORIENTED_EDGE ( 'NONE', *, *, #6480, .T. ) ;
#3832 = DIRECTION ( 'NONE',  ( 0.3420201433256639389, 0.0000000000000000000, -0.9396926207859100932 ) ) ;
#3833 = DIRECTION ( 'NONE',  ( 1.000000000000000000, 0.0000000000000000000, 0.0000000000000000000 ) ) ;
#3834 = EDGE_CURVE ( 'NONE', #5147, #3461, #3912, .T. ) ;
#3835 = PRODUCT_CONTEXT ( 'NONE', #5834, 'mechanical' ) ;
#3836 = LINE ( 'NONE', #820, #4740 ) ;
#3837 = DIRECTION ( 'NONE',  ( -0.9396926207859072067, 0.0000000000000000000, -0.3420201433256721546 ) ) ;
#3838 = LINE ( 'NONE', #6256, #4035 ) ;
#3839 = LINE ( 'NONE', #3122, #1574 ) ;
#3840 = ORIENTED_EDGE ( 'NONE', *, *, #6541, .F. ) ;
#3841 = ADVANCED_FACE ( 'NONE', ( #4443 ), #3189, .F. ) ;
#3842 = CARTESIAN_POINT ( 'NONE',  ( 0.1379674688103073310, -0.05000000000000000278, -0.05000000000000019013 ) ) ;
#3843 = ORIENTED_EDGE ( 'NONE', *, *, #805, .F. ) ;
#3844 = CARTESIAN_POINT ( 'NONE',  ( 1.537967468810307325, -0.05000000000000000278, -0.05000000000000019013 ) ) ;
#3845 = CARTESIAN_POINT ( 'NONE',  ( 1.637967468810307414, -0.05000000000000000278, -0.05000000000000019013 ) ) ;
#3846 = CIRCLE ( 'NONE', #7627, 0.02855000000000052288 ) ;
#3847 = ORIENTED_EDGE ( 'NONE', *, *, #1801, .T. ) ;
#3848 = CARTESIAN_POINT ( 'NONE',  ( 1.150170150084510068, -0.05000000000000000278, -0.4455386613953776775 ) ) ;
#3849 = LINE ( 'NONE', #3134, #1068 ) ;
#3850 = CARTESIAN_POINT ( 'NONE',  ( 1.875935937620614835, 0.0000000000000000000, -9.478001694819074349E-34 ) ) ;
#3851 = VECTOR ( 'NONE', #6094, 39.37007874015748143 ) ;
#3852 = AXIS2_PLACEMENT_3D ( 'NONE', #6380, #342, #3443 ) ;
#3853 = EDGE_CURVE ( 'NONE', #6115, #6454, #207, .T. ) ;
#3854 = DIRECTION ( 'NONE',  ( 0.0000000000000000000, 0.0000000000000000000, 1.000000000000000000 ) ) ;
#3855 = ORIENTED_EDGE ( 'NONE', *, *, #515, .F. ) ;
#3856 = CARTESIAN_POINT ( 'NONE',  ( -0.01203253118969264436, 0.0000000000000000000, -0.08424999999999989442 ) ) ;
#3857 = EDGE_LOOP ( 'NONE', ( #6322, #7358 ) ) ;
#3858 = VECTOR ( 'NONE', #2241, 39.37007874015748854 ) ;
#3859 = VECTOR ( 'NONE', #3440, 39.37007874015748854 ) ;
#3860 = ORIENTED_EDGE ( 'NONE', *, *, #626, .T. ) ;
#3861 = LINE ( 'NONE', #1324, #1580 ) ;
#3862 = DIRECTION ( 'NONE',  ( -0.0000000000000000000, 1.000000000000000000, -0.0000000000000000000 ) ) ;
#3863 = PRODUCT_DEFINITION ( 'UNKNOWN', '', #304, #3663 ) ;
#3864 = EDGE_CURVE ( 'NONE', #4314, #2576, #7511, .T. ) ;
#3865 = AXIS2_PLACEMENT_3D ( 'NONE', #2249, #6573, #2838 ) ;
#3866 = ORIENTED_EDGE ( 'NONE', *, *, #4334, .F. ) ;
#3867 = CARTESIAN_POINT ( 'NONE',  ( 0.5379674688103074365, 0.0000000000000000000, -0.05000000000000019013 ) ) ;
#3868 = ORIENTED_EDGE ( 'NONE', *, *, #6624, .F. ) ;
#3869 = LINE ( 'NONE', #5056, #3976 ) ;
#3870 = SURFACE_SIDE_STYLE ('',( #6206 ) ) ;
#3871 = ORIENTED_EDGE ( 'NONE', *, *, #1301, .F. ) ;
#3872 = CIRCLE ( 'NONE', #1587, 0.02855000000000052288 ) ;
#3873 = CARTESIAN_POINT ( 'NONE',  ( 1.594266468810307424, -0.1100000000000000006, -0.08424999999999957523 ) ) ;
#3874 = EDGE_CURVE ( 'NONE', #1680, #7418, #6291, .T. ) ;
#3875 = CARTESIAN_POINT ( 'NONE',  ( 0.6816684688103075151, -0.05000000000000000278, -0.01574999999999998623 ) ) ;
#3876 = ITEM_DEFINED_TRANSFORMATION ( 'NONE', 'NONE', #3996,  #5651 ) ;
#3877 = DIRECTION ( 'NONE',  ( -0.0000000000000000000, 1.000000000000000000, -0.0000000000000000000 ) ) ;
#3878 = DIRECTION ( 'NONE',  ( 0.3420201433256845891, 0.0000000000000000000, -0.9396926207859025437 ) ) ;
#3879 = DIRECTION ( 'NONE',  ( -0.9396926207859093161, 0.0000000000000000000, 0.3420201433256663814 ) ) ;
#3880 = PLANE ( 'NONE',  #7384 ) ;
#3881 = EDGE_CURVE ( 'NONE', #5010, #6871, #281, .T. ) ;
#3882 = EDGE_LOOP ( 'NONE', ( #5919, #5701, #4016, #5209 ) ) ;
#3883 = CARTESIAN_POINT ( 'NONE',  ( 0.08166846881030741245, -0.1100000000000000006, -0.08424999999999954747 ) ) ;
#3884 = ORIENTED_EDGE ( 'NONE', *, *, #3468, .F. ) ;
#3885 = SURFACE_STYLE_FILL_AREA ( #5106 ) ;
#3886 = CARTESIAN_POINT ( 'NONE',  ( 0.08166846881030738470, 0.0000000000000000000, -0.01574999999999998623 ) ) ;
#3887 = ORIENTED_EDGE ( 'NONE', *, *, #4213, .F. ) ;
#3888 = VERTEX_POINT ( 'NONE', #6844 ) ;
#3889 = LINE ( 'NONE', #1990, #2254 ) ;
#3890 = CARTESIAN_POINT ( 'NONE',  ( -1.600692183787654153E-17, -0.05000000000000000278, -0.09999999999999989453 ) ) ;
#3891 = VECTOR ( 'NONE', #196, 39.37007874015748143 ) ;
#3892 = ADVANCED_FACE ( 'NONE', ( #5062 ), #6170, .F. ) ;
#3893 = LINE ( 'NONE', #5043, #5662 ) ;
#3894 =( CONVERSION_BASED_UNIT ( 'INCH', #919 ) LENGTH_UNIT ( ) NAMED_UNIT ( #4463 ) );
#3895 = ORIENTED_EDGE ( 'NONE', *, *, #6401, .T. ) ;
#3896 = CARTESIAN_POINT ( 'NONE',  ( 1.975934937620615894, -0.05000000000000000278, -0.09999999999999974187 ) ) ;
#3897 = VECTOR ( 'NONE', #4222, 39.37007874015748143 ) ;
#3898 = ORIENTED_EDGE ( 'NONE', *, *, #1330, .T. ) ;
#3899 = EDGE_CURVE ( 'NONE', #4271, #2626, #2679, .T. ) ;
#3900 = ORIENTED_EDGE ( 'NONE', *, *, #5479, .F. ) ;
#3901 = DIRECTION ( 'NONE',  ( -0.3420201433256720991, 0.0000000000000000000, 0.9396926207859070956 ) ) ;
#3902 = DIRECTION ( 'NONE',  ( -0.0000000000000000000, 1.000000000000000000, -0.0000000000000000000 ) ) ;
#3903 = CIRCLE ( 'NONE', #6564, 0.02855000000000052982 ) ;
#3904 = EDGE_LOOP ( 'NONE', ( #4080, #3625, #1170, #4470 ) ) ;
#3905 = DIRECTION ( 'NONE',  ( -1.000000000000000000, -0.0000000000000000000, -0.0000000000000000000 ) ) ;
#3906 = ORIENTED_EDGE ( 'NONE', *, *, #5571, .T. ) ;
#3907 = LINE ( 'NONE', #4548, #4744 ) ;
#3908 = EDGE_CURVE ( 'NONE', #1893, #6115, #5057, .T. ) ;
#3909 = ORIENTED_EDGE ( 'NONE', *, *, #147, .F. ) ;
#3910 = VECTOR ( 'NONE', #6072, 39.37007874015748143 ) ;
#3911 = CARTESIAN_POINT ( 'NONE',  ( 0.2816684688103074374, -0.05000000000000000278, -0.01574999999999998623 ) ) ;
#3912 = LINE ( 'NONE', #2602, #5559 ) ;
#3913 = VECTOR ( 'NONE', #5894, 39.37007874015748143 ) ;
#3914 = ITEM_DEFINED_TRANSFORMATION ( 'NONE', 'NONE', #694,  #5651 ) ;
#3915 = FACE_OUTER_BOUND ( 'NONE', #5873, .T. ) ;
#3916 = CARTESIAN_POINT ( 'NONE',  ( 0.1999990000000001211, 0.0000000000000000000, -0.09999999999999989453 ) ) ;
#3917 = EDGE_CURVE ( 'NONE', #5487, #7133, #2645, .T. ) ;
#3918 = CARTESIAN_POINT ( 'NONE',  ( 0.009000000000000368816, -2.185478394931410575E-15, 0.0000000000000000000 ) ) ;
#3919 =( REPRESENTATION_RELATIONSHIP ('NONE','NONE', #1462, #1766 ) REPRESENTATION_RELATIONSHIP_WITH_TRANSFORMATION ( #6292 )SHAPE_REPRESENTATION_RELATIONSHIP( ) );
#3920 = CIRCLE ( 'NONE', #1516, 0.02650000000000142519 ) ;
#3921 = CARTESIAN_POINT ( 'NONE',  ( 0.6379674688103074143, 3.673940397442060153E-19, -0.05000000000000019013 ) ) ;
#3922 = VERTEX_POINT ( 'NONE', #1536 ) ;
#3923 = DIRECTION ( 'NONE',  ( -0.0000000000000000000, 1.000000000000000000, -0.0000000000000000000 ) ) ;
#3924 = VERTEX_POINT ( 'NONE', #6996 ) ;
#3925 =( CONVERSION_BASED_UNIT ( 'INCH', #3439 ) LENGTH_UNIT ( ) NAMED_UNIT ( #3786 ) );
#3926 = CARTESIAN_POINT ( 'NONE',  ( 1.081668468810307537, -0.1100000000000000006, -0.01574999999999998623 ) ) ;
#3927 = VECTOR ( 'NONE', #8, 39.37007874015748143 ) ;
#3928 = EDGE_CURVE ( 'NONE', #1483, #6235, #3389, .T. ) ;
#3929 = ORIENTED_EDGE ( 'NONE', *, *, #6472, .F. ) ;
#3930 = DIRECTION ( 'NONE',  ( -0.0000000000000000000, 1.000000000000000000, -0.0000000000000000000 ) ) ;
#3931 = CARTESIAN_POINT ( 'NONE',  ( 1.837967468810307370, -0.05000000000000000278, -0.07855000000000071647 ) ) ;
#3932 = DIRECTION ( 'NONE',  ( -0.0000000000000000000, 1.000000000000000000, -0.0000000000000000000 ) ) ;
#3933 = VECTOR ( 'NONE', #3973, 39.37007874015748143 ) ;
#3934 = PLANE ( 'NONE',  #4838 ) ;
#3935 = ORIENTED_EDGE ( 'NONE', *, *, #6847, .T. ) ;
#3936 = CARTESIAN_POINT ( 'NONE',  ( 1.975934937620615894, 0.0000000000000000000, -0.09999999999999974187 ) ) ;
#3937 = CARTESIAN_POINT ( 'NONE',  ( 0.0000000000000000000, 0.0000000000000000000, 0.0000000000000000000 ) ) ;
#3938 = EDGE_CURVE ( 'NONE', #4992, #7143, #1611, .T. ) ;
#3939 = AXIS2_PLACEMENT_3D ( 'NONE', #3574, #6709, #4812 ) ;
#3940 = ORIENTED_EDGE ( 'NONE', *, *, #6888, .T. ) ;
#3941 = ORIENTED_EDGE ( 'NONE', *, *, #3468, .T. ) ;
#3942 = DIRECTION ( 'NONE',  ( 0.3420201433256663259, 0.0000000000000000000, 0.9396926207859092051 ) ) ;
#3943 = FACE_OUTER_BOUND ( 'NONE', #7629, .T. ) ;
#3944 = CIRCLE ( 'NONE', #5198, 0.008999999999996543751 ) ;
#3945 = ORIENTED_EDGE ( 'NONE', *, *, #2604, .T. ) ;
#3946 = DIRECTION ( 'NONE',  ( 1.000000000000000000, 0.0000000000000000000, 0.0000000000000000000 ) ) ;
#3947 = ORIENTED_EDGE ( 'NONE', *, *, #1984, .T. ) ;
#3948 = DIRECTION ( 'NONE',  ( -0.0000000000000000000, 1.000000000000000000, -0.0000000000000000000 ) ) ;
#3949 = ORIENTED_EDGE ( 'NONE', *, *, #5024, .T. ) ;
#3950 = PRODUCT_DEFINITION_SHAPE ( 'NONE', 'NONE',  #7835 ) ;
#3951 = DIRECTION ( 'NONE',  ( 0.0000000000000000000, 0.0000000000000000000, -1.000000000000000000 ) ) ;
#3952 = DIRECTION ( 'NONE',  ( -1.000000000000000000, -0.0000000000000000000, -0.0000000000000000000 ) ) ;
#3953 = EDGE_CURVE ( 'NONE', #6790, #4610, #1098, .T. ) ;
#3954 = EDGE_CURVE ( 'NONE', #7162, #5881, #6443, .T. ) ;
#3955 = CARTESIAN_POINT ( 'NONE',  ( 0.7942664688103074910, -0.05000000000000000278, -0.08424999999999957523 ) ) ;
#3956 = DIRECTION ( 'NONE',  ( 0.0000000000000000000, 0.0000000000000000000, 1.000000000000000000 ) ) ;
#3957 = FACE_OUTER_BOUND ( 'NONE', #6840, .T. ) ;
#3958 = LINE ( 'NONE', #1619, #1194 ) ;
#3959 = ORIENTED_EDGE ( 'NONE', *, *, #3881, .T. ) ;
#3960 = CARTESIAN_POINT ( 'NONE',  ( 1.281668468810307271, 0.0000000000000000000, -0.08424999999999954747 ) ) ;
#3961 = ADVANCED_FACE ( 'NONE', ( #3465 ), #5768, .F. ) ;
#3962 = VERTEX_POINT ( 'NONE', #6526 ) ;
#3963 = DIRECTION ( 'NONE',  ( 0.0000000000000000000, 0.0000000000000000000, 1.000000000000000000 ) ) ;
#3964 = PLANE ( 'NONE',  #6495 ) ;
#3965 = ORIENTED_EDGE ( 'NONE', *, *, #7251, .F. ) ;
#3966 = CARTESIAN_POINT ( 'NONE',  ( 0.09426646881030739666, -0.05000000000000000278, -0.08424999999999957523 ) ) ;
#3967 = DIRECTION ( 'NONE',  ( 0.0000000000000000000, 0.0000000000000000000, 1.000000000000000000 ) ) ;
#3968 = DIRECTION ( 'NONE',  ( 0.0000000000000000000, 1.000000000000000000, 0.0000000000000000000 ) ) ;
#3969 = EDGE_CURVE ( 'NONE', #2135, #151, #4937, .T. ) ;
#3970 = LINE ( 'NONE', #1399, #7601 ) ;
#3971 = VECTOR ( 'NONE', #1186, 39.37007874015748143 ) ;
#3972 = ORIENTED_EDGE ( 'NONE', *, *, #7527, .F. ) ;
#3973 = DIRECTION ( 'NONE',  ( -0.0000000000000000000, 1.000000000000000000, -0.0000000000000000000 ) ) ;
#3974 = ORIENTED_EDGE ( 'NONE', *, *, #7573, .F. ) ;
#3975 = EDGE_LOOP ( 'NONE', ( #4946, #356 ) ) ;
#3976 = VECTOR ( 'NONE', #2047, 39.37007874015748143 ) ;
#3977 = DIRECTION ( 'NONE',  ( 0.3420201433256720991, 0.0000000000000000000, -0.9396926207859070956 ) ) ;
#3978 = CARTESIAN_POINT ( 'NONE',  ( 1.881668468810307582, -0.05000000000000000278, -0.08424999999999954747 ) ) ;
#3979 = EDGE_CURVE ( 'NONE', #1042, #6857, #2755, .T. ) ;
#3980 = ORIENTED_EDGE ( 'NONE', *, *, #2598, .F. ) ;
#3981 = ORIENTED_EDGE ( 'NONE', *, *, #5244, .T. ) ;
#3982 = VECTOR ( 'NONE', #2677, 39.37007874015748143 ) ;
#3983 = CARTESIAN_POINT ( 'NONE',  ( 1.494266468810307558, -0.1100000000000000006, -0.08424999999999957523 ) ) ;
#3984 = VECTOR ( 'NONE', #6069, 39.37007874015748143 ) ;
#3985 = ORIENTED_EDGE ( 'NONE', *, *, #3954, .T. ) ;
#3986 = ORIENTED_EDGE ( 'NONE', *, *, #5060, .F. ) ;
#3987 = EDGE_CURVE ( 'NONE', #1441, #7619, #403, .T. ) ;
#3988 = VECTOR ( 'NONE', #6613, 39.37007874015748854 ) ;
#3989 = CARTESIAN_POINT ( 'NONE',  ( 1.881668468810307582, 0.0000000000000000000, -0.01574999999999998623 ) ) ;
#3990 = EDGE_CURVE ( 'NONE', #4165, #1223, #5336, .T. ) ;
#3991 = VECTOR ( 'NONE', #5517, 39.37007874015748854 ) ;
#3992 = CARTESIAN_POINT ( 'NONE',  ( 1.794266468810307602, -0.05000000000000000278, -0.08424999999999957523 ) ) ;
#3993 = CARTESIAN_POINT ( 'NONE',  ( 1.581668468810307315, 0.0000000000000000000, -0.01574999999999998623 ) ) ;
#3994 = CARTESIAN_POINT ( 'NONE',  ( 1.975934937620615894, 0.0000000000000000000, -0.09999999999999974187 ) ) ;
#3995 = VECTOR ( 'NONE', #2857, 39.37007874015748143 ) ;
#3996 = AXIS2_PLACEMENT_3D ( 'NONE', #5471, #2528, #7434 ) ;
#3997 = CARTESIAN_POINT ( 'NONE',  ( 1.237967468810307281, 0.0000000000000000000, -0.05000000000000019013 ) ) ;
#3998 = EDGE_CURVE ( 'NONE', #1901, #4862, #6197, .T. ) ;
#3999 = DIRECTION ( 'NONE',  ( -0.9396926207859072067, 0.0000000000000000000, -0.3420201433256721546 ) ) ;
#4000 = ORIENTED_EDGE ( 'NONE', *, *, #3502, .F. ) ;
#4001 = CARTESIAN_POINT ( 'NONE',  ( 1.537967468810307325, 3.673940397442060153E-19, -0.07855000000000071647 ) ) ;
#4002 = VERTEX_POINT ( 'NONE', #2831 ) ;
#4003 = LINE ( 'NONE', #378, #7506 ) ;
#4004 = ORIENTED_EDGE ( 'NONE', *, *, #7194, .F. ) ;
#4005 = CARTESIAN_POINT ( 'NONE',  ( 0.5816684688103074263, -0.1100000000000000006, -0.01574999999999998623 ) ) ;
#4006 = EDGE_CURVE ( 'NONE', #3667, #7244, #4707, .T. ) ;
#4007 = VECTOR ( 'NONE', #70, 39.37007874015748143 ) ;
#4008 = LINE ( 'NONE', #6977, #45 ) ;
#4009 = CARTESIAN_POINT ( 'NONE',  ( 0.3816684688103073597, 0.0000000000000000000, -0.01574999999999998623 ) ) ;
#4010 = VECTOR ( 'NONE', #3775, 39.37007874015748143 ) ;
#4011 = CARTESIAN_POINT ( 'NONE',  ( 0.9816684688103075596, 0.0000000000000000000, -0.01574999999999998623 ) ) ;
#4012 = VERTEX_POINT ( 'NONE', #3992 ) ;
#4013 = DIRECTION ( 'NONE',  ( 0.3420201433256663259, 0.0000000000000000000, 0.9396926207859092051 ) ) ;
#4014 = DIRECTION ( 'NONE',  ( 1.000000000000000000, 0.0000000000000000000, 0.0000000000000000000 ) ) ;
#4015 = PRODUCT_DEFINITION_SHAPE ( 'NONE', 'NONE',  #7849 ) ;
#4016 = ORIENTED_EDGE ( 'NONE', *, *, #1696, .T. ) ;
#4017 = CIRCLE ( 'NONE', #2119, 0.02855000000000052982 ) ;
#4018 = EDGE_CURVE ( 'NONE', #3080, #4918, #6960, .T. ) ;
#4019 = CLOSED_SHELL ( 'NONE', ( #7225, #4308, #3756, #4421, #7810, #589, #2512, #236, #5915, #748, #5210, #6365, #875, #7186, #7302, #3781, #5018, #918, #3046, #4861, #5312, #1833 ) ) ;
#4020 = VERTEX_POINT ( 'NONE', #4554 ) ;
#4021 = FACE_OUTER_BOUND ( 'NONE', #4353, .T. ) ;
#4022 = CARTESIAN_POINT ( 'NONE',  ( 1.075935937620614791, -0.1100000000000000006, -9.478001694819074349E-34 ) ) ;
#4023 = AXIS2_PLACEMENT_3D ( 'NONE', #3621, #5997, #5558 ) ;
#4024 = EDGE_LOOP ( 'NONE', ( #6547, #4763, #3104, #42 ) ) ;
#4025 = VERTEX_POINT ( 'NONE', #7034 ) ;
#4026 = DIRECTION ( 'NONE',  ( -0.0000000000000000000, 1.000000000000000000, -0.0000000000000000000 ) ) ;
#4027 = CARTESIAN_POINT ( 'NONE',  ( 0.0000000000000000000, -0.05000000000000000278, 0.0000000000000000000 ) ) ;
#4028 = ORIENTED_EDGE ( 'NONE', *, *, #6529, .T. ) ;
#4029 = EDGE_CURVE ( 'NONE', #3478, #1675, #365, .T. ) ;
#4030 = ORIENTED_EDGE ( 'NONE', *, *, #5965, .F. ) ;
#4031 = AXIS2_PLACEMENT_3D ( 'NONE', #915, #5901, #3324 ) ;
#4032 = DIRECTION ( 'NONE',  ( -0.0000000000000000000, 1.000000000000000000, -0.0000000000000000000 ) ) ;
#4033 = CARTESIAN_POINT ( 'NONE',  ( 0.8379674688103073699, 3.673940397442060153E-19, -0.05000000000000019013 ) ) ;
#4034 = CARTESIAN_POINT ( 'NONE',  ( 0.7640546241443949560, -0.05000000000000000278, 0.2735041029651339439 ) ) ;
#4035 = VECTOR ( 'NONE', #824, 39.37007874015748854 ) ;
#4036 = CARTESIAN_POINT ( 'NONE',  ( 1.699999000000000260, -0.1100000000000000006, -0.09999999999999989453 ) ) ;
#4037 = ADVANCED_FACE ( 'NONE', ( #1651 ), #979, .F. ) ;
#4038 = ORIENTED_EDGE ( 'NONE', *, *, #3629, .T. ) ;
#4039 = LINE ( 'NONE', #7076, #6014 ) ;
#4040 = DIRECTION ( 'NONE',  ( 0.0000000000000000000, 0.0000000000000000000, 1.000000000000000000 ) ) ;
#4041 = DIRECTION ( 'NONE',  ( -0.0000000000000000000, 1.000000000000000000, -0.0000000000000000000 ) ) ;
#4042 = EDGE_LOOP ( 'NONE', ( #604, #6148, #7075, #4228 ) ) ;
#4043 = VECTOR ( 'NONE', #3923, 39.37007874015748143 ) ;
#4044 = CARTESIAN_POINT ( 'NONE',  ( 1.581668468810307315, -0.05000000000000000278, -0.08424999999999954747 ) ) ;
#4045 = ORIENTED_EDGE ( 'NONE', *, *, #2556, .F. ) ;
#4046 = CARTESIAN_POINT ( 'NONE',  ( 0.0000000000000000000, 0.0000000000000000000, 0.0000000000000000000 ) ) ;
#4047 = EDGE_LOOP ( 'NONE', ( #4487, #1596, #277, #4901 ) ) ;
#4048 = CIRCLE ( 'NONE', #5304, 0.02855000000000052288 ) ;
#4049 = DIRECTION ( 'NONE',  ( -1.000000000000000000, 0.0000000000000000000, 1.355298456929802892E-15 ) ) ;
#4050 = CARTESIAN_POINT ( 'NONE',  ( 0.0000000000000000000, 0.0000000000000000000, 0.0000000000000000000 ) ) ;
#4051 = CARTESIAN_POINT ( 'NONE',  ( 1.175935937620614880, 0.0000000000000000000, -0.09999999999999989453 ) ) ;
#4052 = CARTESIAN_POINT ( 'NONE',  ( 1.975934937620615894, -0.05000000000000000278, -0.09999999999999974187 ) ) ;
#4053 = VECTOR ( 'NONE', #4977, 39.37007874015748143 ) ;
#4054 = EDGE_LOOP ( 'NONE', ( #540, #4280, #632, #5798 ) ) ;
#4055 = EDGE_CURVE ( 'NONE', #7619, #584, #4666, .T. ) ;
#4056 = LINE ( 'NONE', #7568, #2158 ) ;
#4057 = ORIENTED_EDGE ( 'NONE', *, *, #3235, .F. ) ;
#4058 = ORIENTED_EDGE ( 'NONE', *, *, #2041, .T. ) ;
#4059 = VECTOR ( 'NONE', #81, 39.37007874015748143 ) ;
#4060 = DIRECTION ( 'NONE',  ( -0.0000000000000000000, 1.000000000000000000, -0.0000000000000000000 ) ) ;
#4061 = FACE_OUTER_BOUND ( 'NONE', #3346, .T. ) ;
#4062 = EDGE_CURVE ( 'NONE', #3202, #4610, #3920, .T. ) ;
#4063 = ORIENTED_EDGE ( 'NONE', *, *, #578, .F. ) ;
#4064 = VECTOR ( 'NONE', #3411, 39.37007874015748143 ) ;
#4065 = ORIENTED_EDGE ( 'NONE', *, *, #3853, .F. ) ;
#4066 = CONTEXT_DEPENDENT_SHAPE_REPRESENTATION ( #825, #6289 ) ;
#4067 = DIRECTION ( 'NONE',  ( 0.0000000000000000000, 0.0000000000000000000, 1.000000000000000000 ) ) ;
#4068 = ORIENTED_EDGE ( 'NONE', *, *, #3710, .T. ) ;
#4069 = VERTEX_POINT ( 'NONE', #7621 ) ;
#4070 = STYLED_ITEM ( 'NONE', ( #4549 ), #2942 ) ;
#4071 = CARTESIAN_POINT ( 'NONE',  ( 1.415076816552357064, -0.05000000000000000278, -0.5419568028483580102 ) ) ;
#4072 = EDGE_CURVE ( 'NONE', #4473, #5963, #5294, .T. ) ;
#4073 = DIRECTION ( 'NONE',  ( -0.9396926207859072067, 0.0000000000000000000, -0.3420201433256721546 ) ) ;
#4074 = CARTESIAN_POINT ( 'NONE',  ( 0.7816684688103074929, -0.1100000000000000006, -0.08424999999999954747 ) ) ;
#4075 = LINE ( 'NONE', #3553, #5581 ) ;
#4076 = ORIENTED_EDGE ( 'NONE', *, *, #2381, .T. ) ;
#4077 = LINE ( 'NONE', #84, #1082 ) ;
#4078 = DIRECTION ( 'NONE',  ( 0.0000000000000000000, 0.0000000000000000000, 1.000000000000000000 ) ) ;
#4079 = CARTESIAN_POINT ( 'NONE',  ( 0.7816684688103074929, 0.0000000000000000000, -0.01574999999999998623 ) ) ;
#4080 = ORIENTED_EDGE ( 'NONE', *, *, #7074, .T. ) ;
#4081 = EDGE_CURVE ( 'NONE', #7212, #7725, #4114, .T. ) ;
#4082 = DIRECTION ( 'NONE',  ( -0.0000000000000000000, 1.000000000000000000, -0.0000000000000000000 ) ) ;
#4083 = PRODUCT_DEFINITION_SHAPE ( 'NONE', 'NONE',  #7838 ) ;
#4084 = ORIENTED_EDGE ( 'NONE', *, *, #7387, .F. ) ;
#4085 = CARTESIAN_POINT ( 'NONE',  ( 0.1379674688103078861, 0.1600000000000031120, -0.05000000000000019013 ) ) ;
#4086 = DIRECTION ( 'NONE',  ( -0.3420201433256720991, 0.0000000000000000000, 0.9396926207859070956 ) ) ;
#4087 = ORIENTED_EDGE ( 'NONE', *, *, #4500, .T. ) ;
#4088 = DIRECTION ( 'NONE',  ( -0.0000000000000000000, 1.000000000000000000, -0.0000000000000000000 ) ) ;
#4089 = FACE_OUTER_BOUND ( 'NONE', #189, .T. ) ;
#4090 = CARTESIAN_POINT ( 'NONE',  ( 1.181668468810307626, 0.0000000000000000000, -0.01574999999999998623 ) ) ;
#4091 = ADVANCED_FACE ( 'NONE', ( #3632 ), #14, .F. ) ;
#4092 = EDGE_CURVE ( 'NONE', #2315, #398, #3109, .T. ) ;
#4093 = CARTESIAN_POINT ( 'NONE',  ( 0.2010000000000032039, 3.245314017740660621E-18, -0.02650000000000142519 ) ) ;
#4094 = ORIENTED_EDGE ( 'NONE', *, *, #4791, .T. ) ;
#4095 = CARTESIAN_POINT ( 'NONE',  ( 0.2010000000000032039, 0.0000000000000000000, 0.0000000000000000000 ) ) ;
#4096 = CARTESIAN_POINT ( 'NONE',  ( 0.4999990000000001378, 0.0000000000000000000, -0.09999999999999989453 ) ) ;
#4097 = ORIENTED_EDGE ( 'NONE', *, *, #7118, .F. ) ;
#4098 = ORIENTED_EDGE ( 'NONE', *, *, #6156, .F. ) ;
#4099 = CARTESIAN_POINT ( 'NONE',  ( 0.1943301270189207730, 0.0000000000000000000, 0.02650000000000142519 ) ) ;
#4100 = DIRECTION ( 'NONE',  ( -0.3420201433256695456, 0.0000000000000000000, -0.9396926207859080948 ) ) ;
#4101 = EDGE_CURVE ( 'NONE', #5157, #235, #7234, .T. ) ;
#4102 = VECTOR ( 'NONE', #7674, 39.37007874015748143 ) ;
#4103 = ORIENTED_EDGE ( 'NONE', *, *, #4092, .T. ) ;
#4104 = ORIENTED_EDGE ( 'NONE', *, *, #4092, .F. ) ;
#4105 = PLANE ( 'NONE',  #4324 ) ;
#4106 = EDGE_LOOP ( 'NONE', ( #3675, #4168, #6435, #5469 ) ) ;
#4107 = AXIS2_PLACEMENT_3D ( 'NONE', #5418, #6726, #1257 ) ;
#4108 = ORIENTED_EDGE ( 'NONE', *, *, #2110, .F. ) ;
#4109 = EDGE_CURVE ( 'NONE', #4311, #1359, #6609, .T. ) ;
#4110 = CARTESIAN_POINT ( 'NONE',  ( 1.694266468810307513, 0.0000000000000000000, -0.08424999999999957523 ) ) ;
#4111 = VECTOR ( 'NONE', #5017, 39.37007874015748854 ) ;
#4112 = ORIENTED_EDGE ( 'NONE', *, *, #1762, .T. ) ;
#4113 = AXIS2_PLACEMENT_3D ( 'NONE', #5270, #3325, #302 ) ;
#4114 = LINE ( 'NONE', #4276, #3408 ) ;
#4115 = CARTESIAN_POINT ( 'NONE',  ( 1.081668468810307537, -0.05000000000000000278, -0.08424999999999954747 ) ) ;
#4116 = ORIENTED_EDGE ( 'NONE', *, *, #6695, .T. ) ;
#4117 = VECTOR ( 'NONE', #3505, 39.37007874015748143 ) ;
#4118 = EDGE_CURVE ( 'NONE', #4749, #1529, #2405, .T. ) ;
#4119 = VECTOR ( 'NONE', #1228, 39.37007874015748143 ) ;
#4120 = DIRECTION ( 'NONE',  ( 0.3420201433256663259, 0.0000000000000000000, 0.9396926207859092051 ) ) ;
#4121 = DIRECTION ( 'NONE',  ( -0.3420201433256720991, 0.0000000000000000000, 0.9396926207859070956 ) ) ;
#4122 = CARTESIAN_POINT ( 'NONE',  ( 0.8632480079848952048, -0.05000000000000000278, 0.3096075421192264754 ) ) ;
#4123 = EDGE_LOOP ( 'NONE', ( #6181, #4237, #3965, #4335 ) ) ;
#4124 = DIRECTION ( 'NONE',  ( -0.0000000000000000000, 1.000000000000000000, -0.0000000000000000000 ) ) ;
#4125 = AXIS2_PLACEMENT_3D ( 'NONE', #7159, #5423, #6448 ) ;
#4126 = ORIENTED_EDGE ( 'NONE', *, *, #7599, .T. ) ;
#4127 = DIRECTION ( 'NONE',  ( 1.000000000000000000, 0.0000000000000000000, 0.0000000000000000000 ) ) ;
#4128 = CARTESIAN_POINT ( 'NONE',  ( 1.081668468810307537, 0.0000000000000000000, -0.01574999999999998623 ) ) ;
#4129 = AXIS2_PLACEMENT_3D ( 'NONE', #1974, #4951, #6136 ) ;
#4130 = ORIENTED_EDGE ( 'NONE', *, *, #4395, .F. ) ;
#4131 = EDGE_CURVE ( 'NONE', #5493, #3767, #6450, .T. ) ;
#4132 = DIRECTION ( 'NONE',  ( -0.0000000000000000000, 1.000000000000000000, -0.0000000000000000000 ) ) ;
#4133 = LINE ( 'NONE', #7127, #2708 ) ;
#4134 = CARTESIAN_POINT ( 'NONE',  ( 1.437967468810307237, -0.05000000000000000278, -0.05000000000000019013 ) ) ;
#4135 = DIRECTION ( 'NONE',  ( 0.3420201433256662704, -0.0000000000000000000, 0.9396926207859092051 ) ) ;
#4136 = ORIENTED_EDGE ( 'NONE', *, *, #2782, .F. ) ;
#4137 = CARTESIAN_POINT ( 'NONE',  ( 0.2816684688103074374, -0.1100000000000000006, -0.01574999999999998623 ) ) ;
#4138 = FACE_OUTER_BOUND ( 'NONE', #127, .T. ) ;
#4139 = DIRECTION ( 'NONE',  ( 0.0000000000000000000, 0.0000000000000000000, 1.000000000000000000 ) ) ;
#4140 = ORIENTED_EDGE ( 'NONE', *, *, #2233, .F. ) ;
#4141 = EDGE_CURVE ( 'NONE', #5664, #3297, #4747, .T. ) ;
#4142 = ORIENTED_EDGE ( 'NONE', *, *, #5358, .T. ) ;
#4143 = DIRECTION ( 'NONE',  ( -0.0000000000000000000, 1.000000000000000000, -0.0000000000000000000 ) ) ;
#4144 = FACE_OUTER_BOUND ( 'NONE', #6131, .T. ) ;
#4145 = ORIENTED_EDGE ( 'NONE', *, *, #1812, .F. ) ;
#4146 = CONTEXT_DEPENDENT_SHAPE_REPRESENTATION ( #1088, #7738 ) ;
#4147 = FACE_OUTER_BOUND ( 'NONE', #4717, .T. ) ;
#4148 = EDGE_CURVE ( 'NONE', #179, #1913, #3671, .T. ) ;
#4149 = VERTEX_POINT ( 'NONE', #689 ) ;
#4150 = ORIENTED_EDGE ( 'NONE', *, *, #7232, .F. ) ;
#4151 = FACE_OUTER_BOUND ( 'NONE', #1171, .T. ) ;
#4152 = AXIS2_PLACEMENT_3D ( 'NONE', #5219, #7626, #410 ) ;
#4153 = ORIENTED_EDGE ( 'NONE', *, *, #5578, .F. ) ;
#4154 = DIRECTION ( 'NONE',  ( -0.0000000000000000000, 1.000000000000000000, -0.0000000000000000000 ) ) ;
#4155 = LINE ( 'NONE', #2205, #1442 ) ;
#4156 = EDGE_CURVE ( 'NONE', #1905, #4025, #4788, .T. ) ;
#4157 = VECTOR ( 'NONE', #3659, 39.37007874015748143 ) ;
#4158 = ORIENTED_EDGE ( 'NONE', *, *, #5080, .F. ) ;
#4159 = DIRECTION ( 'NONE',  ( -0.0000000000000000000, 1.000000000000000000, -0.0000000000000000000 ) ) ;
#4160 = CARTESIAN_POINT ( 'NONE',  ( 0.4328612111523590378, -0.05000000000000000278, -0.1844595588510056505 ) ) ;
#4161 = FACE_OUTER_BOUND ( 'NONE', #1988, .T. ) ;
#4162 = EDGE_LOOP ( 'NONE', ( #368, #2114, #6161, #99 ) ) ;
#4163 = CIRCLE ( 'NONE', #3777, 0.02855000000000052288 ) ;
#4164 = PLANE ( 'NONE',  #4555 ) ;
#4165 = VERTEX_POINT ( 'NONE', #51 ) ;
#4166 = EDGE_CURVE ( 'NONE', #3084, #835, #7192, .T. ) ;
#4167 = DIRECTION ( 'NONE',  ( -0.0000000000000000000, 1.000000000000000000, -0.0000000000000000000 ) ) ;
#4168 = ORIENTED_EDGE ( 'NONE', *, *, #2103, .T. ) ;
#4169 = CARTESIAN_POINT ( 'NONE',  ( 0.0000000000000000000, -0.05000000000000000278, 0.0000000000000000000 ) ) ;
#4170 = VECTOR ( 'NONE', #6180, 39.37007874015748143 ) ;
#4171 = DIRECTION ( 'NONE',  ( 0.0000000000000000000, 0.0000000000000000000, 1.000000000000000000 ) ) ;
#4172 = EDGE_LOOP ( 'NONE', ( #5896, #2746, #3730, #1620 ) ) ;
#4173 = LINE ( 'NONE', #6424, #5296 ) ;
#4174 = ORIENTED_EDGE ( 'NONE', *, *, #6288, .T. ) ;
#4175 = ADVANCED_FACE ( 'NONE', ( #3551 ), #1808, .F. ) ;
#4176 = CARTESIAN_POINT ( 'NONE',  ( 0.7942664688103074910, 0.0000000000000000000, -0.01574999999999998623 ) ) ;
#4177 = CARTESIAN_POINT ( 'NONE',  ( -0.01203253118969264436, -0.05000000000000000278, -0.01574999999999999664 ) ) ;
#4178 = CIRCLE ( 'NONE', #3277, 0.02855000000000052288 ) ;
#4179 = DIRECTION ( 'NONE',  ( -0.0000000000000000000, 1.000000000000000000, -0.0000000000000000000 ) ) ;
#4180 = EDGE_LOOP ( 'NONE', ( #6231, #4504, #1883, #373 ) ) ;
#4181 = PLANE ( 'NONE',  #3131 ) ;
#4182 = DIRECTION ( 'NONE',  ( 0.0000000000000000000, 0.0000000000000000000, -1.000000000000000000 ) ) ;
#4183 = LINE ( 'NONE', #4306, #329 ) ;
#4184 = AXIS2_PLACEMENT_3D ( 'NONE', #1928, #3182, #88 ) ;
#4185 = ORIENTED_EDGE ( 'NONE', *, *, #6051, .F. ) ;
#4186 = EDGE_CURVE ( 'NONE', #1133, #5679, #7825, .T. ) ;
#4187 = DIRECTION ( 'NONE',  ( 1.355298456929802892E-15, 0.0000000000000000000, 1.000000000000000000 ) ) ;
#4188 = AXIS2_PLACEMENT_3D ( 'NONE', #7374, #756, #5600 ) ;
#4189 = EDGE_LOOP ( 'NONE', ( #149, #4561, #5629, #2087 ) ) ;
#4190 = ORIENTED_EDGE ( 'NONE', *, *, #6239, .T. ) ;
#4191 = DIRECTION ( 'NONE',  ( -0.0000000000000000000, 1.000000000000000000, -0.0000000000000000000 ) ) ;
#4192 = EDGE_CURVE ( 'NONE', #6647, #1739, #2366, .T. ) ;
#4193 = AXIS2_PLACEMENT_3D ( 'NONE', #2896, #635, #4139 ) ;
#4194 = ORIENTED_EDGE ( 'NONE', *, *, #2362, .T. ) ;
#4195 = DIRECTION ( 'NONE',  ( -1.000000000000000000, -0.0000000000000000000, -0.0000000000000000000 ) ) ;
#4196 = FACE_BOUND ( 'NONE', #7364, .T. ) ;
#4197 = CARTESIAN_POINT ( 'NONE',  ( 1.181668468810307626, 0.0000000000000000000, -0.08424999999999954747 ) ) ;
#4198 = ORIENTED_EDGE ( 'NONE', *, *, #5887, .F. ) ;
#4199 = VECTOR ( 'NONE', #1056, 39.37007874015748143 ) ;
#4200 = CARTESIAN_POINT ( 'NONE',  ( 0.0000000000000000000, -0.05000000000000000278, 0.0000000000000000000 ) ) ;
#4201 = DIRECTION ( 'NONE',  ( -0.0000000000000000000, 1.000000000000000000, -0.0000000000000000000 ) ) ;
#4202 = LINE ( 'NONE', #4122, #4240 ) ;
#4203 = VERTEX_POINT ( 'NONE', #2483 ) ;
#4204 = EDGE_CURVE ( 'NONE', #1220, #3297, #6567, .T. ) ;
#4205 = EDGE_CURVE ( 'NONE', #7481, #6225, #1773, .T. ) ;
#4206 = FACE_OUTER_BOUND ( 'NONE', #6572, .T. ) ;
#4207 = ORIENTED_EDGE ( 'NONE', *, *, #2163, .T. ) ;
#4208 = DIRECTION ( 'NONE',  ( -3.491481338843133355E-15, -1.000000000000000000, 0.0000000000000000000 ) ) ;
#4209 = DIRECTION ( 'NONE',  ( 0.0000000000000000000, 0.0000000000000000000, 1.000000000000000000 ) ) ;
#4210 = ORIENTED_EDGE ( 'NONE', *, *, #6695, .F. ) ;
#4211 = LINE ( 'NONE', #62, #6062 ) ;
#4212 = FACE_BOUND ( 'NONE', #5072, .T. ) ;
#4213 = EDGE_CURVE ( 'NONE', #5005, #1490, #570, .T. ) ;
#4214 = ORIENTED_EDGE ( 'NONE', *, *, #626, .F. ) ;
#4215 = EDGE_CURVE ( 'NONE', #7481, #4998, #4689, .T. ) ;
#4216 = PLANE ( 'NONE',  #5927 ) ;
#4217 = ORIENTED_EDGE ( 'NONE', *, *, #5301, .F. ) ;
#4218 = DIRECTION ( 'NONE',  ( 0.0000000000000000000, 0.0000000000000000000, 1.000000000000000000 ) ) ;
#4219 = PLANE ( 'NONE',  #1456 ) ;
#4220 = LINE ( 'NONE', #7764, #1655 ) ;
#4221 = ORIENTED_EDGE ( 'NONE', *, *, #261, .F. ) ;
#4222 = DIRECTION ( 'NONE',  ( 1.000000000000000000, 0.0000000000000000000, 0.0000000000000000000 ) ) ;
#4223 = LINE ( 'NONE', #2899, #4264 ) ;
#4224 = ADVANCED_FACE ( 'NONE', ( #7274 ), #1849, .T. ) ;
#4225 = CARTESIAN_POINT ( 'NONE',  ( 0.03796746881030733239, -0.05000000000000000278, -0.02144999999999967072 ) ) ;
#4226 = VERTEX_POINT ( 'NONE', #3826 ) ;
#4227 = PLANE ( 'NONE',  #6086 ) ;
#4228 = ORIENTED_EDGE ( 'NONE', *, *, #1615, .F. ) ;
#4229 = VERTEX_POINT ( 'NONE', #853 ) ;
#4230 = EDGE_CURVE ( 'NONE', #2219, #3239, #2631, .T. ) ;
#4231 = CARTESIAN_POINT ( 'NONE',  ( -0.005732531189692643449, -0.05000000000000000278, -0.08424999999999989442 ) ) ;
#4232 = ORIENTED_EDGE ( 'NONE', *, *, #97, .T. ) ;
#4233 = CARTESIAN_POINT ( 'NONE',  ( 1.975934937620614562, 0.0000000000000000000, 0.0000000000000000000 ) ) ;
#4234 = VECTOR ( 'NONE', #2054, 39.37007874015748143 ) ;
#4235 = DIRECTION ( 'NONE',  ( -0.0000000000000000000, 1.000000000000000000, -0.0000000000000000000 ) ) ;
#4236 = CARTESIAN_POINT ( 'NONE',  ( 0.0000000000000000000, -0.05000000000000000278, 0.0000000000000000000 ) ) ;
#4237 = ORIENTED_EDGE ( 'NONE', *, *, #1166, .F. ) ;
#4238 = ADVANCED_FACE ( 'NONE', ( #4942 ), #4474, .F. ) ;
#4239 = DIRECTION ( 'NONE',  ( -1.000000000000000000, 0.0000000000000000000, -7.776898252968647801E-17 ) ) ;
#4240 = VECTOR ( 'NONE', #1105, 39.37007874015748854 ) ;
#4241 = LINE ( 'NONE', #7200, #2829 ) ;
#4242 = ORIENTED_EDGE ( 'NONE', *, *, #1806, .F. ) ;
#4243 = VECTOR ( 'NONE', #1424, 39.37007874015748143 ) ;
#4244 = CARTESIAN_POINT ( 'NONE',  ( 0.2379674688103073643, 3.673940397442060153E-19, -0.02144999999999966031 ) ) ;
#4245 = ORIENTED_EDGE ( 'NONE', *, *, #6031, .T. ) ;
#4246 = CARTESIAN_POINT ( 'NONE',  ( 1.037967468810307992, 0.1600000000000031120, -0.05000000000000019013 ) ) ;
#4247 = DIRECTION ( 'NONE',  ( 1.000000000000000000, 0.0000000000000000000, 0.0000000000000000000 ) ) ;
#4248 = AXIS2_PLACEMENT_3D ( 'NONE', #772, #1377, #5576 ) ;
#4249 = VECTOR ( 'NONE', #1079, 39.37007874015748143 ) ;
#4250 = EDGE_LOOP ( 'NONE', ( #119, #5458, #7292, #2497 ) ) ;
#4251 = EDGE_CURVE ( 'NONE', #5574, #3701, #1411, .T. ) ;
#4252 = DIRECTION ( 'NONE',  ( 0.0000000000000000000, 0.0000000000000000000, 1.000000000000000000 ) ) ;
#4253 = CARTESIAN_POINT ( 'NONE',  ( 1.281668468810307271, -0.1100000000000000006, -0.01574999999999998623 ) ) ;
#4254 = VERTEX_POINT ( 'NONE', #1370 ) ;
#4255 = AXIS2_PLACEMENT_3D ( 'NONE', #5566, #2515, #3822 ) ;
#4256 = AXIS2_PLACEMENT_3D ( 'NONE', #5854, #5266, #208 ) ;
#4257 = CARTESIAN_POINT ( 'NONE',  ( 1.987967468810307503, 0.0000000000000000000, -0.08424999999999935318 ) ) ;
#4258 = ORIENTED_EDGE ( 'NONE', *, *, #2915, .F. ) ;
#4259 = CARTESIAN_POINT ( 'NONE',  ( 0.2759359376206146353, -0.05000000000000000278, -9.478001694819074349E-34 ) ) ;
#4260 = CARTESIAN_POINT ( 'NONE',  ( 1.599999000000000171, -0.05000000000000000278, 0.0000000000000000000 ) ) ;
#4261 = CARTESIAN_POINT ( 'NONE',  ( 0.0000000000000000000, -0.05000000000000000278, 0.0000000000000000000 ) ) ;
#4262 = EDGE_CURVE ( 'NONE', #5802, #7219, #1902, .T. ) ;
#4263 = ORIENTED_EDGE ( 'NONE', *, *, #1598, .F. ) ;
#4264 = VECTOR ( 'NONE', #6678, 39.37007874015748854 ) ;
#4265 = DIRECTION ( 'NONE',  ( -0.0000000000000000000, 1.000000000000000000, -0.0000000000000000000 ) ) ;
#4266 = PLANE ( 'NONE',  #4633 ) ;
#4267 = DIRECTION ( 'NONE',  ( 0.0000000000000000000, 0.0000000000000000000, 1.000000000000000000 ) ) ;
#4268 = ORIENTED_EDGE ( 'NONE', *, *, #7536, .T. ) ;
#4269 = EDGE_CURVE ( 'NONE', #7446, #6871, #4357, .T. ) ;
#4270 = CARTESIAN_POINT ( 'NONE',  ( 0.9379674688103074587, -0.05000000000000000278, -0.02144999999999967072 ) ) ;
#4271 = VERTEX_POINT ( 'NONE', #6241 ) ;
#4272 = ORIENTED_EDGE ( 'NONE', *, *, #7338, .F. ) ;
#4273 = VECTOR ( 'NONE', #4454, 39.37007874015748143 ) ;
#4274 = DIRECTION ( 'NONE',  ( 0.0000000000000000000, 0.0000000000000000000, 1.000000000000000000 ) ) ;
#4275 = EDGE_LOOP ( 'NONE', ( #716, #7333 ) ) ;
#4276 = CARTESIAN_POINT ( 'NONE',  ( 1.737967468810307281, 0.0000000000000000000, -0.02144999999999966725 ) ) ;
#4277 = EDGE_CURVE ( 'NONE', #5750, #7191, #5054, .T. ) ;
#4278 = FACE_OUTER_BOUND ( 'NONE', #7469, .T. ) ;
#4279 = CARTESIAN_POINT ( 'NONE',  ( 1.781668468810307493, 0.0000000000000000000, -0.01574999999999998623 ) ) ;
#4280 = ORIENTED_EDGE ( 'NONE', *, *, #4459, .F. ) ;
#4281 = AXIS2_PLACEMENT_3D ( 'NONE', #1045, #7769, #4778 ) ;
#4282 = CARTESIAN_POINT ( 'NONE',  ( 1.337967468810307370, 3.673940397442060153E-19, -0.07855000000000071647 ) ) ;
#4283 = ORIENTED_EDGE ( 'NONE', *, *, #1635, .F. ) ;
#4284 = DIRECTION ( 'NONE',  ( -0.3420201433256663259, 0.0000000000000000000, -0.9396926207859092051 ) ) ;
#4285 = VECTOR ( 'NONE', #7372, 39.37007874015748143 ) ;
#4286 = ORIENTED_EDGE ( 'NONE', *, *, #1494, .T. ) ;
#4287 = EDGE_CURVE ( 'NONE', #7625, #2438, #2518, .T. ) ;
#4288 =( CONVERSION_BASED_UNIT ( 'INCH', #5505 ) LENGTH_UNIT ( ) NAMED_UNIT ( #852 ) );
#4289 = DIRECTION ( 'NONE',  ( -0.0000000000000000000, 1.000000000000000000, -0.0000000000000000000 ) ) ;
#4290 = AXIS2_PLACEMENT_3D ( 'NONE', #2, #6080, #37 ) ;
#4291 = ORIENTED_EDGE ( 'NONE', *, *, #7041, .F. ) ;
#4292 = DIRECTION ( 'NONE',  ( -0.0000000000000000000, 1.000000000000000000, -0.0000000000000000000 ) ) ;
#4293 = PLANE ( 'NONE',  #1830 ) ;
#4294 = ORIENTED_EDGE ( 'NONE', *, *, #2381, .F. ) ;
#4295 = CIRCLE ( 'NONE', #5291, 0.03500000000000003803 ) ;
#4296 = ADVANCED_FACE ( 'NONE', ( #3787 ), #5015, .F. ) ;
#4297 = DIRECTION ( 'NONE',  ( 1.000000000000000000, 0.0000000000000000000, -0.0000000000000000000 ) ) ;
#4298 = VERTEX_POINT ( 'NONE', #1489 ) ;
#4299 = DIRECTION ( 'NONE',  ( 1.000000000000000000, 0.0000000000000000000, -0.0000000000000000000 ) ) ;
#4300 = FACE_BOUND ( 'NONE', #312, .T. ) ;
#4301 = FACE_OUTER_BOUND ( 'NONE', #932, .T. ) ;
#4302 = AXIS2_PLACEMENT_3D ( 'NONE', #1157, #3570, #5988 ) ;
#4303 = ORIENTED_EDGE ( 'NONE', *, *, #5561, .F. ) ;
#4304 = LINE ( 'NONE', #6746, #5040 ) ;
#4305 = FACE_OUTER_BOUND ( 'NONE', #1625, .T. ) ;
#4306 = CARTESIAN_POINT ( 'NONE',  ( 1.669092321335643225, -0.05000000000000000278, -0.6344108856315840983 ) ) ;
#4307 = DIMENSIONAL_EXPONENTS ( 1.000000000000000000, 0.0000000000000000000, 0.0000000000000000000, 0.0000000000000000000, 0.0000000000000000000, 0.0000000000000000000, 0.0000000000000000000 ) ;
#4308 = ADVANCED_FACE ( 'NONE', ( #7425 ), #3303, .T. ) ;
#4309 = AXIS2_PLACEMENT_3D ( 'NONE', #590, #4337, #6738 ) ;
#4310 = EDGE_CURVE ( 'NONE', #1595, #7683, #2006, .T. ) ;
#4311 = VERTEX_POINT ( 'NONE', #4511 ) ;
#4312 = CARTESIAN_POINT ( 'NONE',  ( -0.03066449223692707671, -0.05000000000000000278, -0.08424999999999736866 ) ) ;
#4313 = VERTEX_POINT ( 'NONE', #125 ) ;
#4314 = VERTEX_POINT ( 'NONE', #765 ) ;
#4315 = VECTOR ( 'NONE', #4082, 39.37007874015748143 ) ;
#4316 = DIRECTION ( 'NONE',  ( -0.0000000000000000000, 1.000000000000000000, -0.0000000000000000000 ) ) ;
#4317 = EDGE_CURVE ( 'NONE', #5599, #5742, #4434, .T. ) ;
#4318 = ORIENTED_EDGE ( 'NONE', *, *, #846, .T. ) ;
#4319 = CARTESIAN_POINT ( 'NONE',  ( 1.281668468810307271, 0.0000000000000000000, -0.08424999999999954747 ) ) ;
#4320 = VECTOR ( 'NONE', #7465, 39.37007874015748143 ) ;
#4321 = LINE ( 'NONE', #4865, #3851 ) ;
#4322 = LINE ( 'NONE', #6055, #1409 ) ;
#4323 = VERTEX_POINT ( 'NONE', #7383 ) ;
#4324 = AXIS2_PLACEMENT_3D ( 'NONE', #3983, #6397, #6437 ) ;
#4325 = PLANE ( 'NONE',  #5370 ) ;
#4326 = ADVANCED_FACE ( 'NONE', ( #5684 ), #1964, .F. ) ;
#4327 = PLANE ( 'NONE',  #2895 ) ;
#4328 = CARTESIAN_POINT ( 'NONE',  ( 1.837967468810308036, 0.1600000000000031120, -0.05000000000000019013 ) ) ;
#4329 = CARTESIAN_POINT ( 'NONE',  ( -0.01203253118969264436, -0.05000000000000000278, -0.01574999999999999664 ) ) ;
#4330 = VECTOR ( 'NONE', #5908, 39.37007874015748854 ) ;
#4331 = ORIENTED_EDGE ( 'NONE', *, *, #363, .F. ) ;
#4332 = CARTESIAN_POINT ( 'NONE',  ( 0.4816684688103073930, -0.1100000000000000006, -0.01574999999999998623 ) ) ;
#4333 = CARTESIAN_POINT ( 'NONE',  ( 1.399999000000000215, -0.05000000000000000278, 0.0000000000000000000 ) ) ;
#4334 = EDGE_CURVE ( 'NONE', #7730, #5233, #200, .T. ) ;
#4335 = ORIENTED_EDGE ( 'NONE', *, *, #5974, .T. ) ;
#4336 = AXIS2_PLACEMENT_3D ( 'NONE', #1421, #3837, #3234 ) ;
#4337 = DIRECTION ( 'NONE',  ( 0.0000000000000000000, 0.0000000000000000000, -1.000000000000000000 ) ) ;
#4338 = ORIENTED_EDGE ( 'NONE', *, *, #3938, .T. ) ;
#4339 = CYLINDRICAL_SURFACE ( 'NONE', #6158, 0.02650000000000142519 ) ;
#4340 = DIRECTION ( 'NONE',  ( 0.0000000000000000000, 0.0000000000000000000, -1.000000000000000000 ) ) ;
#4341 = DIRECTION ( 'NONE',  ( -0.9396926207859093161, 0.0000000000000000000, 0.3420201433256663814 ) ) ;
#4342 = ORIENTED_EDGE ( 'NONE', *, *, #615, .F. ) ;
#4343 = ADVANCED_FACE ( 'NONE', ( #2045 ), #1447, .F. ) ;
#4344 = PLANE ( 'NONE',  #2872 ) ;
#4345 = CARTESIAN_POINT ( 'NONE',  ( 1.394266468810307469, -0.05000000000000000278, -0.08424999999999957523 ) ) ;
#4346 = EDGE_CURVE ( 'NONE', #5135, #264, #7502, .T. ) ;
#4347 = DIRECTION ( 'NONE',  ( 1.000000000000000000, 0.0000000000000000000, 0.0000000000000000000 ) ) ;
#4348 = ORIENTED_EDGE ( 'NONE', *, *, #3085, .T. ) ;
#4349 = CONTEXT_DEPENDENT_SHAPE_REPRESENTATION ( #7169, #2803 ) ;
#4350 = DIRECTION ( 'NONE',  ( -0.0000000000000000000, 1.000000000000000000, -0.0000000000000000000 ) ) ;
#4351 = VERTEX_POINT ( 'NONE', #1673 ) ;
#4352 = ADVANCED_FACE ( 'NONE', ( #2705 ), #7763, .F. ) ;
#4353 = EDGE_LOOP ( 'NONE', ( #6710, #3262, #21, #3361 ) ) ;
#4354 = LINE ( 'NONE', #5719, #693 ) ;
#4355 = CARTESIAN_POINT ( 'NONE',  ( 0.009000000000000368816, 1.102182119232462334E-18, -0.008999999999998727768 ) ) ;
#4356 = ORIENTED_EDGE ( 'NONE', *, *, #2808, .F. ) ;
#4357 = LINE ( 'NONE', #6758, #7078 ) ;
#4358 = CARTESIAN_POINT ( 'NONE',  ( 1.737967468810307281, 0.0000000000000000000, -0.07855000000000071647 ) ) ;
#4359 = DIRECTION ( 'NONE',  ( 0.0000000000000000000, 0.0000000000000000000, 1.000000000000000000 ) ) ;
#4360 = ORIENTED_EDGE ( 'NONE', *, *, #7058, .F. ) ;
#4361 = CARTESIAN_POINT ( 'NONE',  ( 0.009000000000000368816, -2.185478394931410575E-15, 0.0000000000000000000 ) ) ;
#4362 = AXIS2_PLACEMENT_3D ( 'NONE', #4594, #327, #2832 ) ;
#4363 = CARTESIAN_POINT ( 'NONE',  ( 0.09999900000000011557, 0.0000000000000000000, -0.09999999999999989453 ) ) ;
#4364 = DIRECTION ( 'NONE',  ( 0.0000000000000000000, 0.0000000000000000000, 1.000000000000000000 ) ) ;
#4365 = DIRECTION ( 'NONE',  ( 0.3420201433256695456, 0.0000000000000000000, 0.9396926207859080948 ) ) ;
#4366 = ORIENTED_EDGE ( 'NONE', *, *, #3406, .F. ) ;
#4367 = AXIS2_PLACEMENT_3D ( 'NONE', #4482, #5697, #6333 ) ;
#4368 = DIRECTION ( 'NONE',  ( 0.0000000000000000000, 0.0000000000000000000, 1.000000000000000000 ) ) ;
#4369 = LINE ( 'NONE', #7400, #5242 ) ;
#4370 = EDGE_LOOP ( 'NONE', ( #4348, #2258 ) ) ;
#4371 = FACE_OUTER_BOUND ( 'NONE', #5924, .T. ) ;
#4372 = AXIS2_PLACEMENT_3D ( 'NONE', #3559, #5385, #7789 ) ;
#4373 = ORIENTED_EDGE ( 'NONE', *, *, #775, .T. ) ;
#4374 = CARTESIAN_POINT ( 'NONE',  ( 1.128154674452741313, -0.05000000000000000278, 0.4060256835722082513 ) ) ;
#4375 = DIRECTION ( 'NONE',  ( -0.9396926207859093161, 0.0000000000000000000, 0.3420201433256663814 ) ) ;
#4376 = AXIS2_PLACEMENT_3D ( 'NONE', #1513, #6936, #3967 ) ;
#4377 = VERTEX_POINT ( 'NONE', #4729 ) ;
#4378 = EDGE_LOOP ( 'NONE', ( #5350, #7276 ) ) ;
#4379 = CARTESIAN_POINT ( 'NONE',  ( 0.6942664688103074022, -0.1100000000000000006, -0.08424999999999957523 ) ) ;
#4380 = VECTOR ( 'NONE', #4706, 39.37007874015748854 ) ;
#4381 = DIRECTION ( 'NONE',  ( -0.0000000000000000000, 1.000000000000000000, -0.0000000000000000000 ) ) ;
#4382 = CARTESIAN_POINT ( 'NONE',  ( 1.981667468810307531, 0.0000000000000000000, -0.01574999999999985092 ) ) ;
#4383 = VECTOR ( 'NONE', #5308, 39.37007874015748143 ) ;
#4384 = ORIENTED_EDGE ( 'NONE', *, *, #1897, .F. ) ;
#4385 = CIRCLE ( 'NONE', #2591, 0.03500000000000003803 ) ;
#4386 = DIRECTION ( 'NONE',  ( 0.3420201433256720991, 0.0000000000000000000, -0.9396926207859070956 ) ) ;
#4387 = EDGE_CURVE ( 'NONE', #4468, #1680, #3339, .T. ) ;
#4388 = DIRECTION ( 'NONE',  ( -1.000000000000000000, 0.0000000000000000000, -7.776898252968647801E-17 ) ) ;
#4389 = ORIENTED_EDGE ( 'NONE', *, *, #1477, .T. ) ;
#4390 = LINE ( 'NONE', #1364, #822 ) ;
#4391 = LINE ( 'NONE', #3516, #457 ) ;
#4392 = CARTESIAN_POINT ( 'NONE',  ( 0.07593593762061463803, 0.0000000000000000000, -0.09999999999999989453 ) ) ;
#4393 = ORIENTED_EDGE ( 'NONE', *, *, #2699, .F. ) ;
#4394 = DIRECTION ( 'NONE',  ( 0.0000000000000000000, 0.0000000000000000000, -1.000000000000000000 ) ) ;
#4395 = EDGE_CURVE ( 'NONE', #1206, #2236, #2157, .T. ) ;
#4396 = CARTESIAN_POINT ( 'NONE',  ( 1.637967468810307414, 3.673940397442060153E-19, -0.07855000000000071647 ) ) ;
#4397 = DIRECTION ( 'NONE',  ( 1.000000000000000000, 0.0000000000000000000, -0.0000000000000000000 ) ) ;
#4398 = ORIENTED_EDGE ( 'NONE', *, *, #1501, .T. ) ;
#4399 = VECTOR ( 'NONE', #6893, 39.37007874015748143 ) ;
#4400 = DIRECTION ( 'NONE',  ( -0.9396926207859093161, 0.0000000000000000000, 0.3420201433256663814 ) ) ;
#4401 = CARTESIAN_POINT ( 'NONE',  ( 0.3210000000000022835, 0.008999999999996543751, 0.0000000000000000000 ) ) ;
#4402 = EDGE_CURVE ( 'NONE', #4610, #3202, #887, .T. ) ;
#4403 = DIRECTION ( 'NONE',  ( -3.491481338843133355E-15, -1.000000000000000000, 0.0000000000000000000 ) ) ;
#4404 = DIRECTION ( 'NONE',  ( 1.000000000000000000, 0.0000000000000000000, 0.0000000000000000000 ) ) ;
#4405 = VECTOR ( 'NONE', #3647, 39.37007874015748143 ) ;
#4406 = ORIENTED_EDGE ( 'NONE', *, *, #6096, .F. ) ;
#4407 = PLANE ( 'NONE',  #7314 ) ;
#4408 = CARTESIAN_POINT ( 'NONE',  ( 0.0000000000000000000, 0.0000000000000000000, 0.03500000000000003803 ) ) ;
#4409 = VERTEX_POINT ( 'NONE', #7544 ) ;
#4410 = EDGE_CURVE ( 'NONE', #1285, #2587, #7775, .T. ) ;
#4411 = LINE ( 'NONE', #5033, #347 ) ;
#4412 = ORIENTED_EDGE ( 'NONE', *, *, #7376, .T. ) ;
#4413 = CARTESIAN_POINT ( 'NONE',  ( 0.1759359376206146575, 0.0000000000000000000, -9.478001694819074349E-34 ) ) ;
#4414 = FACE_BOUND ( 'NONE', #391, .T. ) ;
#4415 = VERTEX_POINT ( 'NONE', #4584 ) ;
#4416 = EDGE_LOOP ( 'NONE', ( #3940, #6875, #647, #787 ) ) ;
#4417 = CIRCLE ( 'NONE', #4538, 0.02855000000000052982 ) ;
#4418 = DIRECTION ( 'NONE',  ( 1.000000000000000000, 0.0000000000000000000, -1.355298456929802892E-15 ) ) ;
#4419 = DIRECTION ( 'NONE',  ( -1.000000000000000000, -0.0000000000000000000, -0.0000000000000000000 ) ) ;
#4420 = LINE ( 'NONE', #2109, #3236 ) ;
#4421 = ADVANCED_FACE ( 'NONE', ( #7727 ), #2837, .T. ) ;
#4422 = CARTESIAN_POINT ( 'NONE',  ( 1.275935937620614746, -0.1100000000000000006, -9.478001694819074349E-34 ) ) ;
#4423 = ORIENTED_EDGE ( 'NONE', *, *, #7644, .T. ) ;
#4424 = VECTOR ( 'NONE', #1059, 39.37007874015748143 ) ;
#4425 = LINE ( 'NONE', #7457, #753 ) ;
#4426 = ORIENTED_EDGE ( 'NONE', *, *, #6779, .T. ) ;
#4427 = ORIENTED_EDGE ( 'NONE', *, *, #1217, .T. ) ;
#4428 = FACE_OUTER_BOUND ( 'NONE', #6622, .T. ) ;
#4429 = CARTESIAN_POINT ( 'NONE',  ( 1.481668468810307449, -0.1100000000000000006, -0.01574999999999998623 ) ) ;
#4430 = AXIS2_PLACEMENT_3D ( 'NONE', #217, #1467, #2137 ) ;
#4431 = LINE ( 'NONE', #5643, #5389 ) ;
#4432 = EDGE_CURVE ( 'NONE', #5802, #4313, #2305, .T. ) ;
#4433 = VERTEX_POINT ( 'NONE', #1713 ) ;
#4434 = LINE ( 'NONE', #2558, #4053 ) ;
#4435 = ORIENTED_EDGE ( 'NONE', *, *, #7706, .T. ) ;
#4436 = DIRECTION ( 'NONE',  ( 0.0000000000000000000, 0.0000000000000000000, -1.000000000000000000 ) ) ;
#4437 = AXIS2_PLACEMENT_3D ( 'NONE', #2091, #899, #3311 ) ;
#4438 = LINE ( 'NONE', #5019, #6846 ) ;
#4439 = EDGE_LOOP ( 'NONE', ( #4038, #4994, #4626, #7106 ) ) ;
#4440 = ADVANCED_FACE ( 'NONE', ( #4138 ), #4219, .T. ) ;
#4441 = DIRECTION ( 'NONE',  ( -1.000000000000000000, -0.0000000000000000000, -0.0000000000000000000 ) ) ;
#4442 = VECTOR ( 'NONE', #891, 39.37007874015748854 ) ;
#4443 = FACE_OUTER_BOUND ( 'NONE', #1681, .T. ) ;
#4444 = APPLICATION_PROTOCOL_DEFINITION ( 'draft international standard', 'automotive_design', 1998, #5133 ) ;
#4445 = CARTESIAN_POINT ( 'NONE',  ( 0.5816684688103074263, -0.1100000000000000006, -0.01574999999999998623 ) ) ;
#4446 = CIRCLE ( 'NONE', #3291, 0.02855000000000052288 ) ;
#4447 = DIRECTION ( 'NONE',  ( -1.000000000000000000, -0.0000000000000000000, -0.0000000000000000000 ) ) ;
#4448 = ADVANCED_FACE ( 'NONE', ( #5723 ), #317, .T. ) ;
#4449 = CARTESIAN_POINT ( 'NONE',  ( 1.681668468810307404, -0.1100000000000000006, -0.08424999999999954747 ) ) ;
#4450 = EDGE_LOOP ( 'NONE', ( #2785, #878, #7208, #4737 ) ) ;
#4451 = FACE_OUTER_BOUND ( 'NONE', #1416, .T. ) ;
#4452 = VECTOR ( 'NONE', #2814, 39.37007874015748143 ) ;
#4453 = ORIENTED_EDGE ( 'NONE', *, *, #2013, .T. ) ;
#4454 = DIRECTION ( 'NONE',  ( 1.000000000000000000, 0.0000000000000000000, 0.0000000000000000000 ) ) ;
#4455 = CARTESIAN_POINT ( 'NONE',  ( 0.7942664688103074910, -0.1100000000000000006, -0.08424999999999957523 ) ) ;
#4456 = ORIENTED_EDGE ( 'NONE', *, *, #285, .F. ) ;
#4457 = ORIENTED_EDGE ( 'NONE', *, *, #4269, .T. ) ;
#4458 = CARTESIAN_POINT ( 'NONE',  ( 0.7942664688103074910, -0.05000000000000000278, -0.01574999999999998623 ) ) ;
#4459 = EDGE_CURVE ( 'NONE', #961, #5754, #4771, .T. ) ;
#4460 = VECTOR ( 'NONE', #17, 39.37007874015748854 ) ;
#4461 = CARTESIAN_POINT ( 'NONE',  ( 0.0000000000000000000, -0.05000000000000000278, 0.0000000000000000000 ) ) ;
#4462 = DIRECTION ( 'NONE',  ( 0.9396926207859080948, 0.0000000000000000000, -0.3420201433256695456 ) ) ;
#4463 = DIMENSIONAL_EXPONENTS ( 1.000000000000000000, 0.0000000000000000000, 0.0000000000000000000, 0.0000000000000000000, 0.0000000000000000000, 0.0000000000000000000, 0.0000000000000000000 ) ;
#4464 = DIRECTION ( 'NONE',  ( -1.000000000000000000, 0.0000000000000000000, -0.0000000000000000000 ) ) ;
#4465 = ORIENTED_EDGE ( 'NONE', *, *, #4277, .F. ) ;
#4466 = CARTESIAN_POINT ( 'NONE',  ( 0.9379674688103074587, 3.673940397442060153E-19, -0.02144999999999966031 ) ) ;
#4467 = PRODUCT ( 'P3XX-11-012-00-000000_P320-11-012-00-000000', 'P3XX-11-012-00-000000_P320-11-012-00-000000', '', ( #3835 ) ) ;
#4468 = VERTEX_POINT ( 'NONE', #4546 ) ;
#4469 = ADVANCED_FACE ( 'NONE', ( #1160 ), #3490, .F. ) ;
#4470 = ORIENTED_EDGE ( 'NONE', *, *, #7758, .F. ) ;
#4471 = LINE ( 'NONE', #4938, #5001 ) ;
#4472 = PLANE ( 'NONE',  #5536 ) ;
#4473 = VERTEX_POINT ( 'NONE', #2933 ) ;
#4474 = PLANE ( 'NONE',  #3672 ) ;
#4475 = VERTEX_POINT ( 'NONE', #5357 ) ;
#4476 = CARTESIAN_POINT ( 'NONE',  ( 1.987967468810307503, 0.0000000000000000000, -0.08424999999999935318 ) ) ;
#4477 = LINE ( 'NONE', #2709, #3425 ) ;
#4478 = EDGE_CURVE ( 'NONE', #7772, #2452, #688, .T. ) ;
#4479 = ORIENTED_EDGE ( 'NONE', *, *, #138, .F. ) ;
#4480 = CYLINDRICAL_SURFACE ( 'NONE', #4877, 0.02855000000000052635 ) ;
#4481 = CARTESIAN_POINT ( 'NONE',  ( 0.1943301270189207730, 0.0000000000000000000, 0.0000000000000000000 ) ) ;
#4482 = CARTESIAN_POINT ( 'NONE',  ( 0.9379674688103074587, 3.673940397442060153E-19, -0.05000000000000019013 ) ) ;
#4483 = CARTESIAN_POINT ( 'NONE',  ( 1.175935937620614880, 0.0000000000000000000, -9.478001694819074349E-34 ) ) ;
#4484 = EDGE_CURVE ( 'NONE', #4956, #961, #1527, .T. ) ;
#4485 = PLANE ( 'NONE',  #92 ) ;
#4486 = CARTESIAN_POINT ( 'NONE',  ( 0.9816684688103075596, -0.1100000000000000006, -0.08424999999999954747 ) ) ;
#4487 = ORIENTED_EDGE ( 'NONE', *, *, #5695, .F. ) ;
#4488 = CARTESIAN_POINT ( 'NONE',  ( 0.2942664688103074355, 0.0000000000000000000, -0.01574999999999998623 ) ) ;
#4489 = EDGE_LOOP ( 'NONE', ( #7373, #2670 ) ) ;
#4490 = DIRECTION ( 'NONE',  ( 0.0000000000000000000, 0.0000000000000000000, 1.000000000000000000 ) ) ;
#4491 = DIRECTION ( 'NONE',  ( -0.0000000000000000000, 1.000000000000000000, -0.0000000000000000000 ) ) ;
#4492 = VECTOR ( 'NONE', #366, 39.37007874015748143 ) ;
#4493 = ORIENTED_EDGE ( 'NONE', *, *, #2900, .F. ) ;
#4494 = DIRECTION ( 'NONE',  ( -0.3420201433256694346, -0.0000000000000000000, -0.9396926207859080948 ) ) ;
#4495 = LINE ( 'NONE', #5672, #3604 ) ;
#4496 = DIRECTION ( 'NONE',  ( -1.000000000000000000, -0.0000000000000000000, -0.0000000000000000000 ) ) ;
#4497 = VECTOR ( 'NONE', #3597, 39.37007874015748143 ) ;
#4498 = FACE_OUTER_BOUND ( 'NONE', #1089, .T. ) ;
#4499 = ORIENTED_EDGE ( 'NONE', *, *, #7699, .T. ) ;
#4500 = EDGE_CURVE ( 'NONE', #2572, #1913, #3573, .T. ) ;
#4501 = DIRECTION ( 'NONE',  ( -1.000000000000000000, 0.0000000000000000000, -7.776898252968647801E-17 ) ) ;
#4502 = VECTOR ( 'NONE', #6793, 39.37007874015748854 ) ;
#4503 = VECTOR ( 'NONE', #1031, 39.37007874015748143 ) ;
#4504 = ORIENTED_EDGE ( 'NONE', *, *, #82, .F. ) ;
#4505 = DIRECTION ( 'NONE',  ( -1.000000000000000000, -0.0000000000000000000, -0.0000000000000000000 ) ) ;
#4506 = PLANE ( 'NONE',  #3636 ) ;
#4507 = VECTOR ( 'NONE', #1023, 39.37007874015748143 ) ;
#4508 = EDGE_CURVE ( 'NONE', #2961, #7772, #549, .T. ) ;
#4509 = ORIENTED_EDGE ( 'NONE', *, *, #1227, .F. ) ;
#4510 =( GEOMETRIC_REPRESENTATION_CONTEXT ( 3 ) GLOBAL_UNCERTAINTY_ASSIGNED_CONTEXT ( ( #3738 ) ) GLOBAL_UNIT_ASSIGNED_CONTEXT ( ( #4564, #377, #294 ) ) REPRESENTATION_CONTEXT ( 'NONE', 'WORKASPACE' ) );
#4511 = CARTESIAN_POINT ( 'NONE',  ( 1.299999000000000127, -0.05000000000000000278, -0.09999999999999989453 ) ) ;
#4512 = VERTEX_POINT ( 'NONE', #3655 ) ;
#4513 = CARTESIAN_POINT ( 'NONE',  ( 1.381668468810307360, 0.0000000000000000000, -0.08424999999999954747 ) ) ;
#4514 = LINE ( 'NONE', #2635, #2043 ) ;
#4515 = ORIENTED_EDGE ( 'NONE', *, *, #5906, .T. ) ;
#4516 = LINE ( 'NONE', #3349, #3982 ) ;
#4517 = EDGE_CURVE ( 'NONE', #514, #6980, #6035, .T. ) ;
#4518 = CARTESIAN_POINT ( 'NONE',  ( 0.7759359376206146353, -0.1100000000000000006, -9.478001694819074349E-34 ) ) ;
#4519 = CARTESIAN_POINT ( 'NONE',  ( 0.1999990000000001211, -0.1100000000000000006, 0.0000000000000000000 ) ) ;
#4520 = CIRCLE ( 'NONE', #6016, 0.02855000000000052982 ) ;
#4521 = CARTESIAN_POINT ( 'NONE',  ( 0.2379674688103073643, 3.673940397442060153E-19, -0.07855000000000071647 ) ) ;
#4522 = FACE_OUTER_BOUND ( 'NONE', #2995, .T. ) ;
#4523 = DIRECTION ( 'NONE',  ( -1.000000000000000000, -0.0000000000000000000, -0.0000000000000000000 ) ) ;
#4524 = ORIENTED_EDGE ( 'NONE', *, *, #1301, .T. ) ;
#4525 = ADVANCED_FACE ( 'NONE', ( #1911 ), #3613, .F. ) ;
#4526 = CARTESIAN_POINT ( 'NONE',  ( 0.2759359376206146353, 0.0000000000000000000, -0.09999999999999989453 ) ) ;
#4527 = EDGE_LOOP ( 'NONE', ( #5668, #6185 ) ) ;
#4528 = PLANE ( 'NONE',  #5508 ) ;
#4529 = VERTEX_POINT ( 'NONE', #4260 ) ;
#4530 = CARTESIAN_POINT ( 'NONE',  ( 1.099999000000000171, 0.0000000000000000000, -0.09999999999999989453 ) ) ;
#4531 = CARTESIAN_POINT ( 'NONE',  ( 1.404185654867796673, -0.05000000000000000278, -0.5379927441786029885 ) ) ;
#4532 = VECTOR ( 'NONE', #7022, 39.37007874015748143 ) ;
#4533 = PLANE ( 'NONE',  #3631 ) ;
#4534 = ADVANCED_FACE ( 'NONE', ( #6672, #593, #3089, #3015, #433, #2465, #5441, #141, #1276, #5591, #4414, #6183, #6781, #6075, #1871, #6111, #4996, #2574, #5518, #4300, #106 ), #6708, .T. ) ;
#4535 = DIRECTION ( 'NONE',  ( -0.0000000000000000000, 1.000000000000000000, -0.0000000000000000000 ) ) ;
#4536 = ORIENTED_EDGE ( 'NONE', *, *, #3662, .F. ) ;
#4537 = DIRECTION ( 'NONE',  ( 7.776898252968646568E-17, 0.0000000000000000000, -1.000000000000000000 ) ) ;
#4538 = AXIS2_PLACEMENT_3D ( 'NONE', #4894, #4853, #7297 ) ;
#4539 = ORIENTED_EDGE ( 'NONE', *, *, #7101, .F. ) ;
#4540 = ORIENTED_EDGE ( 'NONE', *, *, #4663, .T. ) ;
#4541 = LINE ( 'NONE', #5124, #4758 ) ;
#4542 = LINE ( 'NONE', #5642, #1108 ) ;
#4543 = ADVANCED_FACE ( 'NONE', ( #7407 ), #6741, .F. ) ;
#4544 = AXIS2_PLACEMENT_3D ( 'NONE', #3918, #5260, #1541 ) ;
#4545 = ORIENTED_EDGE ( 'NONE', *, *, #5264, .T. ) ;
#4546 = CARTESIAN_POINT ( 'NONE',  ( 1.181668468810307626, -0.05000000000000000278, -0.01574999999999998623 ) ) ;
#4547 = ORIENTED_EDGE ( 'NONE', *, *, #2072, .T. ) ;
#4548 = CARTESIAN_POINT ( 'NONE',  ( 1.975934937620615894, -0.05000000000000000278, -0.09999999999999974187 ) ) ;
#4549 = PRESENTATION_STYLE_ASSIGNMENT (( #7547 ) ) ;
#4550 = VERTEX_POINT ( 'NONE', #2540 ) ;
#4551 = CIRCLE ( 'NONE', #5051, 0.02249999999999293537 ) ;
#4552 = EDGE_CURVE ( 'NONE', #4203, #4473, #1238, .T. ) ;
#4553 = FACE_OUTER_BOUND ( 'NONE', #2844, .T. ) ;
#4554 = CARTESIAN_POINT ( 'NONE',  ( 1.975934937620614562, -0.05000000000000000278, 0.0000000000000000000 ) ) ;
#4555 = AXIS2_PLACEMENT_3D ( 'NONE', #7004, #498, #2213 ) ;
#4556 = LINE ( 'NONE', #4519, #5998 ) ;
#4557 = CARTESIAN_POINT ( 'NONE',  ( 1.037967468810307547, 3.673940397442060153E-19, -0.05000000000000019013 ) ) ;
#4558 = ADVANCED_FACE ( 'NONE', ( #745 ), #709, .F. ) ;
#4559 = LINE ( 'NONE', #7000, #472 ) ;
#4560 = PLANE ( 'NONE',  #44 ) ;
#4561 = ORIENTED_EDGE ( 'NONE', *, *, #550, .T. ) ;
#4562 = CARTESIAN_POINT ( 'NONE',  ( 0.6942664688103074022, -0.05000000000000000278, -0.01574999999999998623 ) ) ;
#4563 = ORIENTED_EDGE ( 'NONE', *, *, #4402, .T. ) ;
#4564 =( CONVERSION_BASED_UNIT ( 'INCH', #337 ) LENGTH_UNIT ( ) NAMED_UNIT ( #3683 ) );
#4565 = LINE ( 'NONE', #6223, #3471 ) ;
#4566 = VECTOR ( 'NONE', #3968, 39.37007874015748143 ) ;
#4567 = ORIENTED_EDGE ( 'NONE', *, *, #6688, .T. ) ;
#4568 = ADVANCED_FACE ( 'NONE', ( #7366 ), #3128, .F. ) ;
#4569 = CARTESIAN_POINT ( 'NONE',  ( 1.294266468810307380, 0.0000000000000000000, -0.08424999999999957523 ) ) ;
#4570 = CARTESIAN_POINT ( 'NONE',  ( 0.7816684688103074929, -0.1100000000000000006, -0.08424999999999954747 ) ) ;
#4571 = DIRECTION ( 'NONE',  ( -0.0000000000000000000, 1.000000000000000000, -0.0000000000000000000 ) ) ;
#4572 = AXIS2_PLACEMENT_3D ( 'NONE', #2935, #2430, #2308 ) ;
#4573 = CARTESIAN_POINT ( 'NONE',  ( 0.4942664688103074466, 0.0000000000000000000, -0.01574999999999998623 ) ) ;
#4574 = EDGE_LOOP ( 'NONE', ( #4150, #2820, #6749, #5978 ) ) ;
#4575 = DIRECTION ( 'NONE',  ( 0.3420201433256695456, 0.0000000000000000000, 0.9396926207859080948 ) ) ;
#4576 = EDGE_CURVE ( 'NONE', #6980, #6107, #5481, .T. ) ;
#4577 = CIRCLE ( 'NONE', #3689, 0.008999999999996692937 ) ;
#4578 = ORIENTED_EDGE ( 'NONE', *, *, #6419, .F. ) ;
#4579 = ADVANCED_FACE ( 'NONE', ( #2502 ), #4890, .T. ) ;
#4580 = ORIENTED_EDGE ( 'NONE', *, *, #147, .T. ) ;
#4581 = CARTESIAN_POINT ( 'NONE',  ( 0.1816684688103074041, 0.0000000000000000000, -0.08424999999999954747 ) ) ;
#4582 = LINE ( 'NONE', #1407, #5910 ) ;
#4583 = ORIENTED_EDGE ( 'NONE', *, *, #5578, .T. ) ;
#4584 = CARTESIAN_POINT ( 'NONE',  ( 1.475935937620614702, -0.05000000000000000278, -0.09999999999999989453 ) ) ;
#4585 = ORIENTED_EDGE ( 'NONE', *, *, #4230, .T. ) ;
#4586 = CARTESIAN_POINT ( 'NONE',  ( 0.8759359376206147241, -0.1100000000000000006, -9.478001694819074349E-34 ) ) ;
#4587 = ADVANCED_FACE ( 'NONE', ( #1945 ), #6972, .F. ) ;
#4588 = FACE_OUTER_BOUND ( 'NONE', #2279, .T. ) ;
#4589 = VERTEX_POINT ( 'NONE', #3886 ) ;
#4590 = ORIENTED_EDGE ( 'NONE', *, *, #2163, .F. ) ;
#4591 = PRODUCT ( '6458_6458-0-00-15-00-00-03-0', '6458_6458-0-00-15-00-00-03-0', '', ( #6212 ) ) ;
#4592 = LINE ( 'NONE', #3989, #5507 ) ;
#4593 = CARTESIAN_POINT ( 'NONE',  ( 0.0000000000000000000, -0.05000000000000000278, 0.0000000000000000000 ) ) ;
#4594 = CARTESIAN_POINT ( 'NONE',  ( 0.7942664688103074910, -0.1100000000000000006, -0.01574999999999998623 ) ) ;
#4595 = EDGE_CURVE ( 'NONE', #7048, #487, #1328, .T. ) ;
#4596 = DIRECTION ( 'NONE',  ( 0.0000000000000000000, 0.0000000000000000000, 1.000000000000000000 ) ) ;
#4597 = CARTESIAN_POINT ( 'NONE',  ( 0.3942664688103074133, -0.05000000000000000278, -0.08424999999999957523 ) ) ;
#4598 = CARTESIAN_POINT ( 'NONE',  ( 1.381668468810307360, 0.0000000000000000000, -0.01574999999999998623 ) ) ;
#4599 = ORIENTED_EDGE ( 'NONE', *, *, #5923, .F. ) ;
#4600 = DIRECTION ( 'NONE',  ( 0.0000000000000000000, 0.0000000000000000000, 1.000000000000000000 ) ) ;
#4601 = ORIENTED_EDGE ( 'NONE', *, *, #1806, .T. ) ;
#4602 = ADVANCED_FACE ( 'NONE', ( #3808 ), #2139, .F. ) ;
#4603 = CARTESIAN_POINT ( 'NONE',  ( 0.9379674688103074587, 3.673940397442060153E-19, -0.05000000000000019013 ) ) ;
#4604 = EDGE_LOOP ( 'NONE', ( #4808, #3192, #6974, #3418 ) ) ;
#4605 = DIRECTION ( 'NONE',  ( 1.000000000000000000, 0.0000000000000000000, 0.0000000000000000000 ) ) ;
#4606 = CARTESIAN_POINT ( 'NONE',  ( 1.937967468810307459, -0.05000000000000000278, -0.05000000000000019013 ) ) ;
#4607 = CARTESIAN_POINT ( 'NONE',  ( 0.5999990000000001711, -0.05000000000000000278, -0.09999999999999989453 ) ) ;
#4608 = CARTESIAN_POINT ( 'NONE',  ( 0.5211634333083079440, -0.05000000000000000278, -0.2165989393353326964 ) ) ;
#4609 = AXIS2_PLACEMENT_3D ( 'NONE', #4952, #1936, #5731 ) ;
#4610 = VERTEX_POINT ( 'NONE', #6304 ) ;
#4611 = EDGE_CURVE ( 'NONE', #7405, #5909, #6264, .T. ) ;
#4612 = DIRECTION ( 'NONE',  ( -0.0000000000000000000, 1.000000000000000000, -0.0000000000000000000 ) ) ;
#4613 = ORIENTED_EDGE ( 'NONE', *, *, #97, .F. ) ;
#4614 = DIRECTION ( 'NONE',  ( 0.9396926207859100932, 0.0000000000000000000, 0.3420201433256638834 ) ) ;
#4615 = VECTOR ( 'NONE', #3110, 39.37007874015748143 ) ;
#4616 = CARTESIAN_POINT ( 'NONE',  ( 0.2050000000000032074, 0.0000000000000000000, 0.02249999999999293537 ) ) ;
#4617 = CARTESIAN_POINT ( 'NONE',  ( 0.3999990000000001600, 0.0000000000000000000, 0.0000000000000000000 ) ) ;
#4618 = ORIENTED_EDGE ( 'NONE', *, *, #2065, .T. ) ;
#4619 = EDGE_CURVE ( 'NONE', #2654, #1042, #4565, .T. ) ;
#4620 = ORIENTED_EDGE ( 'NONE', *, *, #2225, .F. ) ;
#4621 = VECTOR ( 'NONE', #5883, 39.37007874015748143 ) ;
#4622 = CARTESIAN_POINT ( 'NONE',  ( 0.1600000000000032230, 3.429011037612589091E-18, -0.02800000000000000405 ) ) ;
#4623 = VECTOR ( 'NONE', #7677, 39.37007874015748143 ) ;
#4624 = CARTESIAN_POINT ( 'NONE',  ( 1.137967468810307414, -0.05000000000000000278, -0.07855000000000071647 ) ) ;
#4625 = ORIENTED_EDGE ( 'NONE', *, *, #3085, .F. ) ;
#4626 = ORIENTED_EDGE ( 'NONE', *, *, #6721, .T. ) ;
#4627 = AXIS2_PLACEMENT_3D ( 'NONE', #6756, #5530, #7231 ) ;
#4628 = FACE_OUTER_BOUND ( 'NONE', #6862, .T. ) ;
#4629 = AXIS2_PLACEMENT_3D ( 'NONE', #1339, #5654, #7393 ) ;
#4630 = EDGE_CURVE ( 'NONE', #3112, #1344, #785, .T. ) ;
#4631 = DIRECTION ( 'NONE',  ( -0.0000000000000000000, 1.000000000000000000, -0.0000000000000000000 ) ) ;
#4632 = CARTESIAN_POINT ( 'NONE',  ( 1.437967468810307237, -0.05000000000000000278, -0.02144999999999967072 ) ) ;
#4633 = AXIS2_PLACEMENT_3D ( 'NONE', #7731, #2311, #3578 ) ;
#4634 = VERTEX_POINT ( 'NONE', #6932 ) ;
#4635 = LINE ( 'NONE', #5259, #1207 ) ;
#4636 = CARTESIAN_POINT ( 'NONE',  ( 0.03796746881030733239, 3.673940397442060153E-19, -0.05000000000000019013 ) ) ;
#4637 = DIRECTION ( 'NONE',  ( 0.9396926207859100932, 0.0000000000000000000, 0.3420201433256638834 ) ) ;
#4638 = ORIENTED_EDGE ( 'NONE', *, *, #3188, .T. ) ;
#4639 = EDGE_CURVE ( 'NONE', #6123, #24, #7597, .T. ) ;
#4640 = CARTESIAN_POINT ( 'NONE',  ( 0.6816684688103075151, -0.1100000000000000006, -0.01574999999999998623 ) ) ;
#4641 = ORIENTED_EDGE ( 'NONE', *, *, #2728, .F. ) ;
#4642 = LINE ( 'NONE', #5267, #4102 ) ;
#4643 = ORIENTED_EDGE ( 'NONE', *, *, #7130, .T. ) ;
#4644 = DIRECTION ( 'NONE',  ( -0.0000000000000000000, 1.000000000000000000, -0.0000000000000000000 ) ) ;
#4645 = LINE ( 'NONE', #2810, #3208 ) ;
#4646 = ADVANCED_FACE ( 'NONE', ( #2178 ), #5740, .F. ) ;
#4647 = DIRECTION ( 'NONE',  ( -0.3420201433256638834, 0.0000000000000000000, 0.9396926207859100932 ) ) ;
#4648 = CARTESIAN_POINT ( 'NONE',  ( 1.681668468810307404, -0.05000000000000000278, -0.08424999999999954747 ) ) ;
#4649 = EDGE_LOOP ( 'NONE', ( #5218, #390, #3395, #1348 ) ) ;
#4650 = DIRECTION ( 'NONE',  ( -0.0000000000000000000, 1.000000000000000000, -0.0000000000000000000 ) ) ;
#4651 = ORIENTED_EDGE ( 'NONE', *, *, #1466, .F. ) ;
#4652 = AXIS2_PLACEMENT_3D ( 'NONE', #2940, #1678, #4100 ) ;
#4653 = ORIENTED_EDGE ( 'NONE', *, *, #991, .F. ) ;
#4654 = LINE ( 'NONE', #435, #432 ) ;
#4655 = ADVANCED_FACE ( 'NONE', ( #2765 ), #874, .F. ) ;
#4656 = CYLINDRICAL_SURFACE ( 'NONE', #2376, 0.02855000000000052635 ) ;
#4657 = AXIS2_PLACEMENT_3D ( 'NONE', #1951, #3205, #6190 ) ;
#4658 = VERTEX_POINT ( 'NONE', #913 ) ;
#4659 = VERTEX_POINT ( 'NONE', #257 ) ;
#4660 = CYLINDRICAL_SURFACE ( 'NONE', #6457, 0.008999999999997711220 ) ;
#4661 = ORIENTED_EDGE ( 'NONE', *, *, #7644, .F. ) ;
#4662 = VERTEX_POINT ( 'NONE', #1470 ) ;
#4663 = EDGE_CURVE ( 'NONE', #1605, #2438, #2689, .T. ) ;
#4664 = AXIS2_PLACEMENT_3D ( 'NONE', #1033, #1628, #1550 ) ;
#4665 = LINE ( 'NONE', #1649, #4117 ) ;
#4666 = LINE ( 'NONE', #939, #2147 ) ;
#4667 = CARTESIAN_POINT ( 'NONE',  ( 0.1850000000000032174, 3.429011037612589091E-18, -0.02800000000000000405 ) ) ;
#4668 = VECTOR ( 'NONE', #3442, 39.37007874015748143 ) ;
#4669 = CARTESIAN_POINT ( 'NONE',  ( 0.0000000000000000000, 0.0000000000000000000, 0.0000000000000000000 ) ) ;
#4670 = ADVANCED_FACE ( 'NONE', ( #5107 ), #3964, .F. ) ;
#4671 = ORIENTED_EDGE ( 'NONE', *, *, #2579, .T. ) ;
#4672 = EDGE_CURVE ( 'NONE', #6454, #2071, #3076, .T. ) ;
#4673 = DIRECTION ( 'NONE',  ( 0.0000000000000000000, 0.0000000000000000000, 1.000000000000000000 ) ) ;
#4674 = FACE_OUTER_BOUND ( 'NONE', #2150, .T. ) ;
#4675 = DIRECTION ( 'NONE',  ( -0.0000000000000000000, 1.000000000000000000, -0.0000000000000000000 ) ) ;
#4676 = ORIENTED_EDGE ( 'NONE', *, *, #4913, .F. ) ;
#4677 = AXIS2_PLACEMENT_3D ( 'NONE', #5904, #3487, #4688 ) ;
#4678 = LINE ( 'NONE', #1660, #4315 ) ;
#4679 = ORIENTED_EDGE ( 'NONE', *, *, #2861, .F. ) ;
#4680 = CARTESIAN_POINT ( 'NONE',  ( 0.0000000000000000000, 0.0000000000000000000, 0.0000000000000000000 ) ) ;
#4681 = DIRECTION ( 'NONE',  ( 0.3420201433256639389, 0.0000000000000000000, -0.9396926207859100932 ) ) ;
#4682 = VERTEX_POINT ( 'NONE', #3244 ) ;
#4683 = EDGE_CURVE ( 'NONE', #2969, #6234, #2652, .T. ) ;
#4684 = AXIS2_PLACEMENT_3D ( 'NONE', #4984, #5730, #3795 ) ;
#4685 = DIRECTION ( 'NONE',  ( 0.9396926207859100932, 0.0000000000000000000, 0.3420201433256638834 ) ) ;
#4686 = DIRECTION ( 'NONE',  ( 0.0000000000000000000, 0.0000000000000000000, 1.000000000000000000 ) ) ;
#4687 = CARTESIAN_POINT ( 'NONE',  ( 0.3816684688103073597, -0.1100000000000000006, -0.01574999999999998623 ) ) ;
#4688 = DIRECTION ( 'NONE',  ( 0.0000000000000000000, 0.0000000000000000000, 1.000000000000000000 ) ) ;
#4689 = CIRCLE ( 'NONE', #6715, 0.009000000000000641168 ) ;
#4690 = VERTEX_POINT ( 'NONE', #2063 ) ;
#4691 = PRODUCT_DEFINITION ( 'UNKNOWN', '', #3355, #7534 ) ;
#4692 = FACE_OUTER_BOUND ( 'NONE', #2442, .T. ) ;
#4693 = ORIENTED_EDGE ( 'NONE', *, *, #991, .T. ) ;
#4694 = CARTESIAN_POINT ( 'NONE',  ( 1.975934937620615894, -0.05000000000000000278, -0.09999999999999974187 ) ) ;
#4695 = VECTOR ( 'NONE', #4571, 39.37007874015748143 ) ;
#4696 = DIRECTION ( 'NONE',  ( 1.355298456929802892E-15, 0.0000000000000000000, 1.000000000000000000 ) ) ;
#4697 = LINE ( 'NONE', #5795, #3506 ) ;
#4698 = ORIENTED_EDGE ( 'NONE', *, *, #466, .T. ) ;
#4699 = VECTOR ( 'NONE', #4851, 39.37007874015748854 ) ;
#4700 = ORIENTED_EDGE ( 'NONE', *, *, #7129, .T. ) ;
#4701 = ADVANCED_FACE ( 'NONE', ( #2104 ), #4528, .F. ) ;
#4702 = LINE ( 'NONE', #3342, #1145 ) ;
#4703 = EDGE_LOOP ( 'NONE', ( #3093, #2046, #661, #7107 ) ) ;
#4704 = ORIENTED_EDGE ( 'NONE', *, *, #7566, .T. ) ;
#4705 = AXIS2_PLACEMENT_3D ( 'NONE', #1892, #691, #4359 ) ;
#4706 = DIRECTION ( 'NONE',  ( -0.3420201433256656043, 0.0000000000000000000, 0.9396926207859094271 ) ) ;
#4707 = LINE ( 'NONE', #1570, #358 ) ;
#4708 = EDGE_CURVE ( 'NONE', #7398, #3962, #5187, .T. ) ;
#4709 = DIRECTION ( 'NONE',  ( -0.0000000000000000000, 1.000000000000000000, -0.0000000000000000000 ) ) ;
#4710 = DIRECTION ( 'NONE',  ( -0.0000000000000000000, 1.000000000000000000, -0.0000000000000000000 ) ) ;
#4711 = EDGE_LOOP ( 'NONE', ( #1585, #4932, #1816, #3929 ) ) ;
#4712 = CARTESIAN_POINT ( 'NONE',  ( 1.894266468810307691, -0.1100000000000000006, -0.01574999999999998623 ) ) ;
#4713 = DIRECTION ( 'NONE',  ( -0.3420201433256720991, 0.0000000000000000000, 0.9396926207859070956 ) ) ;
#4714 = CARTESIAN_POINT ( 'NONE',  ( 1.481668468810307449, -0.05000000000000000278, -0.01574999999999998623 ) ) ;
#4715 = EDGE_LOOP ( 'NONE', ( #2766, #2945, #4839, #7765 ) ) ;
#4716 = DIRECTION ( 'NONE',  ( -0.0000000000000000000, 1.000000000000000000, -0.0000000000000000000 ) ) ;
#4717 = EDGE_LOOP ( 'NONE', ( #2621, #6109, #4540, #3514 ) ) ;
#4718 = EDGE_CURVE ( 'NONE', #3176, #1659, #7633, .T. ) ;
#4719 =( NAMED_UNIT ( * ) PLANE_ANGLE_UNIT ( ) SI_UNIT ( $, .RADIAN. ) );
#4720 = CARTESIAN_POINT ( 'NONE',  ( 1.975934937620615894, -0.05000000000000000278, -0.09999999999999974187 ) ) ;
#4721 = ORIENTED_EDGE ( 'NONE', *, *, #2204, .T. ) ;
#4722 = CARTESIAN_POINT ( 'NONE',  ( 0.1379674688103073310, 0.0000000000000000000, -0.05000000000000019013 ) ) ;
#4723 = CARTESIAN_POINT ( 'NONE',  ( 0.0000000000000000000, -0.05000000000000000278, 0.0000000000000000000 ) ) ;
#4724 = LINE ( 'NONE', #4687, #113 ) ;
#4725 = ADVANCED_FACE ( 'NONE', ( #7083 ), #7047, .F. ) ;
#4726 = CARTESIAN_POINT ( 'NONE',  ( 0.6759359376206146575, -0.05000000000000000278, -0.09999999999999989453 ) ) ;
#4727 = EDGE_LOOP ( 'NONE', ( #3332, #519, #3001, #5683 ) ) ;
#4728 = CARTESIAN_POINT ( 'NONE',  ( 1.294266468810307380, 0.0000000000000000000, -0.01574999999999998623 ) ) ;
#4729 = CARTESIAN_POINT ( 'NONE',  ( 0.9759359376206147019, -0.05000000000000000278, -0.09999999999999989453 ) ) ;
#4730 = LINE ( 'NONE', #512, #1915 ) ;
#4731 = VERTEX_POINT ( 'NONE', #2806 ) ;
#4732 = VERTEX_POINT ( 'NONE', #6415 ) ;
#4733 = DIRECTION ( 'NONE',  ( -0.3420201433256638834, 0.0000000000000000000, 0.9396926207859100932 ) ) ;
#4734 = CARTESIAN_POINT ( 'NONE',  ( 0.4999990000000001378, -0.05000000000000000278, -0.09999999999999989453 ) ) ;
#4735 = VECTOR ( 'NONE', #4167, 39.37007874015748143 ) ;
#4736 = EDGE_CURVE ( 'NONE', #1520, #4799, #1112, .T. ) ;
#4737 = ORIENTED_EDGE ( 'NONE', *, *, #2678, .F. ) ;
#4738 = CARTESIAN_POINT ( 'NONE',  ( 1.499999000000000082, 0.0000000000000000000, -0.09999999999999989453 ) ) ;
#4739 = VERTEX_POINT ( 'NONE', #3523 ) ;
#4740 = VECTOR ( 'NONE', #2681, 39.37007874015748143 ) ;
#4741 = ORIENTED_EDGE ( 'NONE', *, *, #430, .F. ) ;
#4742 = CARTESIAN_POINT ( 'NONE',  ( 1.481668468810307449, 0.0000000000000000000, -0.01574999999999998623 ) ) ;
#4743 = EDGE_CURVE ( 'NONE', #5118, #1810, #6582, .T. ) ;
#4744 = VECTOR ( 'NONE', #3184, 39.37007874015748143 ) ;
#4745 = ORIENTED_EDGE ( 'NONE', *, *, #7278, .T. ) ;
#4746 = AXIS2_PLACEMENT_3D ( 'NONE', #6544, #6625, #2341 ) ;
#4747 = LINE ( 'NONE', #4827, #5942 ) ;
#4748 = DIRECTION ( 'NONE',  ( 1.000000000000000000, 0.0000000000000000000, 0.0000000000000000000 ) ) ;
#4749 = VERTEX_POINT ( 'NONE', #1700 ) ;
#4750 = VECTOR ( 'NONE', #7344, 39.37007874015748143 ) ;
#4751 = AXIS2_PLACEMENT_3D ( 'NONE', #7093, #1122, #3533 ) ;
#4752 = CARTESIAN_POINT ( 'NONE',  ( 1.794266468810307602, 0.0000000000000000000, -0.01574999999999998623 ) ) ;
#4753 = DIRECTION ( 'NONE',  ( -0.0000000000000000000, 0.0000000000000000000, 1.000000000000000000 ) ) ;
#4754 = DIRECTION ( 'NONE',  ( -1.000000000000000000, -0.0000000000000000000, -0.0000000000000000000 ) ) ;
#4755 = EDGE_CURVE ( 'NONE', #6372, #1026, #500, .T. ) ;
#4756 = ORIENTED_EDGE ( 'NONE', *, *, #2962, .T. ) ;
#4757 = DIRECTION ( 'NONE',  ( -1.000000000000000000, 0.0000000000000000000, -7.776898252968647801E-17 ) ) ;
#4758 = VECTOR ( 'NONE', #6390, 39.37007874015748854 ) ;
#4759 = EDGE_LOOP ( 'NONE', ( #1271, #1317 ) ) ;
#4760 = LENGTH_MEASURE_WITH_UNIT ( LENGTH_MEASURE( 0.02539999999999999897 ), #5347 );
#4761 = DIRECTION ( 'NONE',  ( -0.3420201433256720991, 0.0000000000000000000, 0.9396926207859070956 ) ) ;
#4762 = AXIS2_PLACEMENT_3D ( 'NONE', #4085, #6492, #1111 ) ;
#4763 = ORIENTED_EDGE ( 'NONE', *, *, #5217, .T. ) ;
#4764 = DIRECTION ( 'NONE',  ( 0.0000000000000000000, 0.0000000000000000000, 1.000000000000000000 ) ) ;
#4765 = DIRECTION ( 'NONE',  ( 0.0000000000000000000, 0.0000000000000000000, 1.000000000000000000 ) ) ;
#4766 = ADVANCED_FACE ( 'NONE', ( #1151 ), #5940, .F. ) ;
#4767 = VERTEX_POINT ( 'NONE', #2379 ) ;
#4768 = DIRECTION ( 'NONE',  ( -0.3420201433256720991, 0.0000000000000000000, 0.9396926207859070956 ) ) ;
#4769 = ORIENTED_EDGE ( 'NONE', *, *, #4914, .F. ) ;
#4770 = DIRECTION ( 'NONE',  ( -1.000000000000000000, 0.0000000000000000000, -0.0000000000000000000 ) ) ;
#4771 = LINE ( 'NONE', #1197, #4249 ) ;
#4772 = CARTESIAN_POINT ( 'NONE',  ( -1.600692183787654153E-17, 0.0000000000000000000, -0.09999999999999989453 ) ) ;
#4773 = VECTOR ( 'NONE', #592, 39.37007874015748854 ) ;
#4774 = ORIENTED_EDGE ( 'NONE', *, *, #1295, .T. ) ;
#4775 = EDGE_CURVE ( 'NONE', #3317, #1369, #2924, .T. ) ;
#4776 = LINE ( 'NONE', #5362, #3261 ) ;
#4777 = DIRECTION ( 'NONE',  ( -0.0000000000000000000, 1.000000000000000000, -0.0000000000000000000 ) ) ;
#4778 = DIRECTION ( 'NONE',  ( 0.3420201433256663259, 0.0000000000000000000, 0.9396926207859092051 ) ) ;
#4779 = VERTEX_POINT ( 'NONE', #7715 ) ;
#4780 = CARTESIAN_POINT ( 'NONE',  ( 0.7816684688103074929, -0.1100000000000000006, -0.01574999999999998623 ) ) ;
#4781 = ORIENTED_EDGE ( 'NONE', *, *, #827, .T. ) ;
#4782 = ADVANCED_FACE ( 'NONE', ( #5818 ), #5348, .F. ) ;
#4783 = ORIENTED_EDGE ( 'NONE', *, *, #3953, .F. ) ;
#4784 = EDGE_CURVE ( 'NONE', #7244, #49, #2846, .T. ) ;
#4785 = FACE_OUTER_BOUND ( 'NONE', #5563, .T. ) ;
#4786 = AXIS2_PLACEMENT_3D ( 'NONE', #6599, #1167, #5408 ) ;
#4787 = VERTEX_POINT ( 'NONE', #2295 ) ;
#4788 = LINE ( 'NONE', #6690, #6327 ) ;
#4789 = CARTESIAN_POINT ( 'NONE',  ( 0.4379674688103074032, 3.673940397442060153E-19, -0.02144999999999966031 ) ) ;
#4790 = VECTOR ( 'NONE', #6711, 39.37007874015748143 ) ;
#4791 = EDGE_CURVE ( 'NONE', #6452, #6087, #4003, .T. ) ;
#4792 = ORIENTED_EDGE ( 'NONE', *, *, #5349, .F. ) ;
#4793 = CARTESIAN_POINT ( 'NONE',  ( 0.1250000000000020817, 0.0000000000000000000, 0.0000000000000000000 ) ) ;
#4794 = FACE_BOUND ( 'NONE', #1142, .T. ) ;
#4795 = LINE ( 'NONE', #5261, #3341 ) ;
#4796 = ORIENTED_EDGE ( 'NONE', *, *, #1246, .T. ) ;
#4797 = CIRCLE ( 'NONE', #5427, 0.02855000000000052288 ) ;
#4798 = FACE_OUTER_BOUND ( 'NONE', #7027, .T. ) ;
#4799 = VERTEX_POINT ( 'NONE', #7753 ) ;
#4800 = CARTESIAN_POINT ( 'NONE',  ( 0.3210000000000022835, 1.102182119232194630E-18, -0.008999999999996543751 ) ) ;
#4801 = EDGE_CURVE ( 'NONE', #4589, #5748, #5225, .T. ) ;
#4802 = ORIENTED_EDGE ( 'NONE', *, *, #4974, .T. ) ;
#4803 = DIRECTION ( 'NONE',  ( -0.3420201433256638834, 0.0000000000000000000, 0.9396926207859100932 ) ) ;
#4804 = AXIS2_PLACEMENT_3D ( 'NONE', #2034, #2146, #4464 ) ;
#4805 = FACE_BOUND ( 'NONE', #6891, .T. ) ;
#4806 = ORIENTED_EDGE ( 'NONE', *, *, #6902, .F. ) ;
#4807 = CARTESIAN_POINT ( 'NONE',  ( 1.987967468810307503, 0.0000000000000000000, -0.08424999999999935318 ) ) ;
#4808 = ORIENTED_EDGE ( 'NONE', *, *, #285, .T. ) ;
#4809 = CARTESIAN_POINT ( 'NONE',  ( 0.0000000000000000000, -0.05000000000000000278, 0.0000000000000000000 ) ) ;
#4810 = DIRECTION ( 'NONE',  ( -0.0000000000000000000, 1.000000000000000000, -0.0000000000000000000 ) ) ;
#4811 = VECTOR ( 'NONE', #246, 39.37007874015748143 ) ;
#4812 = DIRECTION ( 'NONE',  ( 0.0000000000000000000, 0.0000000000000000000, 1.000000000000000000 ) ) ;
#4813 = ORIENTED_EDGE ( 'NONE', *, *, #1598, .T. ) ;
#4814 = DIRECTION ( 'NONE',  ( 0.3420201433256638834, 0.0000000000000000000, -0.9396926207859100932 ) ) ;
#4815 = DIRECTION ( 'NONE',  ( 0.0000000000000000000, 1.000000000000000000, 0.0000000000000000000 ) ) ;
#4816 = DIRECTION ( 'NONE',  ( -0.0000000000000000000, 1.000000000000000000, -0.0000000000000000000 ) ) ;
#4817 = VECTOR ( 'NONE', #446, 39.37007874015748143 ) ;
#4818 = EDGE_LOOP ( 'NONE', ( #3771, #176 ) ) ;
#4819 = CARTESIAN_POINT ( 'NONE',  ( 1.199999000000000260, -0.1100000000000000006, -0.09999999999999989453 ) ) ;
#4820 = ADVANCED_FACE ( 'NONE', ( #3400 ), #2217, .T. ) ;
#4821 = VECTOR ( 'NONE', #4647, 39.37007874015748854 ) ;
#4822 = ORIENTED_EDGE ( 'NONE', *, *, #7706, .F. ) ;
#4823 = ORIENTED_EDGE ( 'NONE', *, *, #3460, .T. ) ;
#4824 = CARTESIAN_POINT ( 'NONE',  ( 0.8759359376206147241, -0.1100000000000000006, -0.09999999999999989453 ) ) ;
#4825 = AXIS2_PLACEMENT_3D ( 'NONE', #3491, #4537, #5790 ) ;
#4826 = ORIENTED_EDGE ( 'NONE', *, *, #4055, .T. ) ;
#4827 = CARTESIAN_POINT ( 'NONE',  ( 1.081668468810307537, 0.0000000000000000000, -0.08424999999999954747 ) ) ;
#4828 = EDGE_CURVE ( 'NONE', #2326, #4589, #4642, .T. ) ;
#4829 = CARTESIAN_POINT ( 'NONE',  ( 0.4816684688103073930, -0.05000000000000000278, -0.01574999999999998623 ) ) ;
#4830 = CARTESIAN_POINT ( 'NONE',  ( 1.894266468810307691, 0.0000000000000000000, -0.01574999999999998623 ) ) ;
#4831 = ORIENTED_EDGE ( 'NONE', *, *, #4784, .T. ) ;
#4832 = VECTOR ( 'NONE', #3467, 39.37007874015748143 ) ;
#4833 = CARTESIAN_POINT ( 'NONE',  ( 1.875935937620614835, -0.05000000000000000278, -9.478001694819074349E-34 ) ) ;
#4834 = CARTESIAN_POINT ( 'NONE',  ( 0.2816684688103074374, 0.0000000000000000000, -0.08424999999999954747 ) ) ;
#4835 = ORIENTED_EDGE ( 'NONE', *, *, #4081, .F. ) ;
#4836 = CARTESIAN_POINT ( 'NONE',  ( 0.2379674688103073643, -0.05000000000000000278, -0.05000000000000019013 ) ) ;
#4837 = EDGE_CURVE ( 'NONE', #2925, #5552, #6493, .T. ) ;
#4838 = AXIS2_PLACEMENT_3D ( 'NONE', #3209, #263, #5786 ) ;
#4839 = ORIENTED_EDGE ( 'NONE', *, *, #4141, .T. ) ;
#4840 = DIRECTION ( 'NONE',  ( -3.491481338843133355E-15, -1.000000000000000000, 0.0000000000000000000 ) ) ;
#4841 = CARTESIAN_POINT ( 'NONE',  ( 1.637967468810307414, 3.673940397442060153E-19, -0.05000000000000019013 ) ) ;
#4842 = ORIENTED_EDGE ( 'NONE', *, *, #7215, .F. ) ;
#4843 = LINE ( 'NONE', #6666, #4405 ) ;
#4844 = CARTESIAN_POINT ( 'NONE',  ( 0.0000000000000000000, 0.0000000000000000000, 0.0000000000000000000 ) ) ;
#4845 = ORIENTED_EDGE ( 'NONE', *, *, #138, .T. ) ;
#4846 = ADVANCED_FACE ( 'NONE', ( #2257 ), #5982, .F. ) ;
#4847 = DIRECTION ( 'NONE',  ( 0.3420201433256695456, 0.0000000000000000000, 0.9396926207859080948 ) ) ;
#4848 = ORIENTED_EDGE ( 'NONE', *, *, #308, .F. ) ;
#4849 = DIRECTION ( 'NONE',  ( 0.0000000000000000000, 0.0000000000000000000, 1.000000000000000000 ) ) ;
#4850 = CARTESIAN_POINT ( 'NONE',  ( 0.1788457063690702953, -0.05000000000000000278, -0.09200547606778332332 ) ) ;
#4851 = DIRECTION ( 'NONE',  ( 0.3420201433256720991, 0.0000000000000000000, -0.9396926207859070956 ) ) ;
#4852 = ORIENTED_EDGE ( 'NONE', *, *, #6983, .T. ) ;
#4853 = DIRECTION ( 'NONE',  ( -0.0000000000000000000, 1.000000000000000000, -0.0000000000000000000 ) ) ;
#4854 = LINE ( 'NONE', #6081, #7024 ) ;
#4855 = DIRECTION ( 'NONE',  ( -0.3420201433256695456, 0.0000000000000000000, -0.9396926207859080948 ) ) ;
#4856 = EDGE_CURVE ( 'NONE', #5493, #5690, #6517, .T. ) ;
#4857 = EDGE_LOOP ( 'NONE', ( #7268, #621, #1814, #5999 ) ) ;
#4858 = CARTESIAN_POINT ( 'NONE',  ( 0.1379674688103073310, -0.05000000000000000278, -0.07855000000000071647 ) ) ;
#4859 = ORIENTED_EDGE ( 'NONE', *, *, #1501, .F. ) ;
#4860 = DIRECTION ( 'NONE',  ( -1.000000000000000000, 0.0000000000000000000, 1.355298456929802892E-15 ) ) ;
#4861 = ADVANCED_FACE ( 'NONE', ( #1785 ), #3759, .T. ) ;
#4862 = VERTEX_POINT ( 'NONE', #60 ) ;
#4863 = CARTESIAN_POINT ( 'NONE',  ( 0.3210000000000022835, -4.370991843859528917E-15, 0.0000000000000000000 ) ) ;
#4864 = AXIS2_PLACEMENT_3D ( 'NONE', #405, #3552, #7155 ) ;
#4865 = CARTESIAN_POINT ( 'NONE',  ( 0.8743723219321033469, -0.05000000000000000278, -0.3451564612726407688 ) ) ;
#4866 = CARTESIAN_POINT ( 'NONE',  ( 1.894266468810307691, 0.0000000000000000000, -0.08424999999999957523 ) ) ;
#4867 = ORIENTED_EDGE ( 'NONE', *, *, #477, .T. ) ;
#4868 = EDGE_CURVE ( 'NONE', #7133, #5487, #3098, .T. ) ;
#4869 = AXIS2_PLACEMENT_3D ( 'NONE', #1413, #6953, #2634 ) ;
#4870 = DIRECTION ( 'NONE',  ( -0.0000000000000000000, 1.000000000000000000, -0.0000000000000000000 ) ) ;
#4871 = VERTEX_POINT ( 'NONE', #5580 ) ;
#4872 = AXIS2_PLACEMENT_3D ( 'NONE', #4461, #6820, #1354 ) ;
#4873 = PLANE ( 'NONE',  #2402 ) ;
#4874 = ORIENTED_EDGE ( 'NONE', *, *, #3764, .T. ) ;
#4875 = DIRECTION ( 'NONE',  ( -3.491481338843133355E-15, -1.000000000000000000, 0.0000000000000000000 ) ) ;
#4876 = CARTESIAN_POINT ( 'NONE',  ( 0.1600000000000032230, 0.0000000000000000000, 0.0000000000000000000 ) ) ;
#4877 = AXIS2_PLACEMENT_3D ( 'NONE', #244, #7509, #3230 ) ;
#4878 = AXIS2_PLACEMENT_3D ( 'NONE', #1265, #7320, #6733 ) ;
#4879 = VERTEX_POINT ( 'NONE', #4800 ) ;
#4880 = CARTESIAN_POINT ( 'NONE',  ( 0.7759359376206146353, -0.1100000000000000006, -0.09999999999999989453 ) ) ;
#4881 = EDGE_CURVE ( 'NONE', #3531, #376, #6621, .T. ) ;
#4882 = EDGE_CURVE ( 'NONE', #3888, #6684, #6663, .T. ) ;
#4883 = DIRECTION ( 'NONE',  ( 0.9396926207859100932, 0.0000000000000000000, 0.3420201433256638834 ) ) ;
#4884 = ORIENTED_EDGE ( 'NONE', *, *, #696, .F. ) ;
#4885 = AXIS2_PLACEMENT_3D ( 'NONE', #7571, #1524, #3942 ) ;
#4886 = VECTOR ( 'NONE', #7348, 39.37007874015748143 ) ;
#4887 = LINE ( 'NONE', #3690, #3271 ) ;
#4888 = EDGE_LOOP ( 'NONE', ( #2020, #1260, #3744, #3024 ) ) ;
#4889 = DIRECTION ( 'NONE',  ( -0.0000000000000000000, 1.000000000000000000, -0.0000000000000000000 ) ) ;
#4890 = PLANE ( 'NONE',  #6754 ) ;
#4891 = DIRECTION ( 'NONE',  ( -0.0000000000000000000, 1.000000000000000000, -0.0000000000000000000 ) ) ;
#4892 = VERTEX_POINT ( 'NONE', #3601 ) ;
#4893 = ADVANCED_FACE ( 'NONE', ( #6767 ), #6698, .F. ) ;
#4894 = CARTESIAN_POINT ( 'NONE',  ( 1.537967468810307325, 3.673940397442060153E-19, -0.05000000000000019013 ) ) ;
#4895 = CARTESIAN_POINT ( 'NONE',  ( 0.8379674688103073699, -0.05000000000000000278, -0.05000000000000019013 ) ) ;
#4896 = FACE_OUTER_BOUND ( 'NONE', #3420, .T. ) ;
#4897 = VERTEX_POINT ( 'NONE', #6025 ) ;
#4898 = LINE ( 'NONE', #2437, #7085 ) ;
#4899 = EDGE_LOOP ( 'NONE', ( #3040, #7777 ) ) ;
#4900 = EDGE_CURVE ( 'NONE', #3776, #4871, #3846, .T. ) ;
#4901 = ORIENTED_EDGE ( 'NONE', *, *, #4215, .T. ) ;
#4902 = CARTESIAN_POINT ( 'NONE',  ( 1.975934937620615894, -0.05000000000000000278, -0.09999999999999974187 ) ) ;
#4903 = EDGE_LOOP ( 'NONE', ( #4987, #6417, #6047, #6518 ) ) ;
#4904 = DIRECTION ( 'NONE',  ( 1.000000000000000000, 0.0000000000000000000, 0.0000000000000000000 ) ) ;
#4905 = CARTESIAN_POINT ( 'NONE',  ( -0.03066449223692698303, -0.05000000000000000278, -0.01574999999999998623 ) ) ;
#4906 = CARTESIAN_POINT ( 'NONE',  ( 0.0000000000000000000, 4.286263797015740601E-18, -0.03500000000000003803 ) ) ;
#4907 = EDGE_CURVE ( 'NONE', #3962, #3338, #1340, .T. ) ;
#4908 = EDGE_LOOP ( 'NONE', ( #711, #4406, #1783, #5792 ) ) ;
#4909 = CARTESIAN_POINT ( 'NONE',  ( 1.775935937620614746, -0.05000000000000000278, -9.478001694819074349E-34 ) ) ;
#4910 = CARTESIAN_POINT ( 'NONE',  ( 0.0000000000000000000, 0.0000000000000000000, 0.0000000000000000000 ) ) ;
#4911 = DIRECTION ( 'NONE',  ( 1.355298456929802892E-15, 0.0000000000000000000, 1.000000000000000000 ) ) ;
#4912 = AXIS2_PLACEMENT_3D ( 'NONE', #2856, #5280, #7688 ) ;
#4913 = EDGE_CURVE ( 'NONE', #1810, #5265, #40, .T. ) ;
#4914 = EDGE_CURVE ( 'NONE', #1403, #6693, #1818, .T. ) ;
#4915 = ORIENTED_EDGE ( 'NONE', *, *, #3881, .F. ) ;
#4916 = LINE ( 'NONE', #7399, #1880 ) ;
#4917 = DIRECTION ( 'NONE',  ( 0.0000000000000000000, 0.0000000000000000000, 1.000000000000000000 ) ) ;
#4918 = VERTEX_POINT ( 'NONE', #623 ) ;
#4919 = AXIS2_PLACEMENT_3D ( 'NONE', #5143, #2759, #2722 ) ;
#4920 = CARTESIAN_POINT ( 'NONE',  ( 0.0000000000000000000, 0.0000000000000000000, 0.02800000000000000405 ) ) ;
#4921 = ORIENTED_EDGE ( 'NONE', *, *, #2480, .T. ) ;
#4922 = CARTESIAN_POINT ( 'NONE',  ( 0.2942664688103074355, -0.1100000000000000006, -0.01574999999999998623 ) ) ;
#4923 = DIRECTION ( 'NONE',  ( -0.3420201433256663259, 0.0000000000000000000, -0.9396926207859092051 ) ) ;
#4924 = EDGE_CURVE ( 'NONE', #7398, #6638, #6102, .T. ) ;
#4925 = FACE_OUTER_BOUND ( 'NONE', #3058, .T. ) ;
#4926 = EDGE_LOOP ( 'NONE', ( #5286, #5525, #5840, #6834 ) ) ;
#4927 = ORIENTED_EDGE ( 'NONE', *, *, #4346, .T. ) ;
#4928 = PLANE ( 'NONE',  #4290 ) ;
#4929 = LINE ( 'NONE', #1396, #2209 ) ;
#4930 = PLANE ( 'NONE',  #5032 ) ;
#4931 = UNCERTAINTY_MEASURE_WITH_UNIT (LENGTH_MEASURE( 1.000000000000000082E-05 ), #3925, 'distance_accuracy_value', 'NONE');
#4932 = ORIENTED_EDGE ( 'NONE', *, *, #6937, .T. ) ;
#4933 = EDGE_CURVE ( 'NONE', #6318, #7625, #3681, .T. ) ;
#4934 = CARTESIAN_POINT ( 'NONE',  ( 0.03796746881030733239, 3.673940397442060153E-19, -0.07855000000000071647 ) ) ;
#4935 = ORIENTED_EDGE ( 'NONE', *, *, #495, .F. ) ;
#4936 = ORIENTED_EDGE ( 'NONE', *, *, #1270, .T. ) ;
#4937 = CIRCLE ( 'NONE', #5449, 0.02855000000000052982 ) ;
#4938 = CARTESIAN_POINT ( 'NONE',  ( 1.975934937620615894, 0.0000000000000000000, -0.09999999999999974187 ) ) ;
#4939 = DIRECTION ( 'NONE',  ( -0.0000000000000000000, 1.000000000000000000, -0.0000000000000000000 ) ) ;
#4940 = EDGE_CURVE ( 'NONE', #7614, #5941, #7357, .T. ) ;
#4941 = VERTEX_POINT ( 'NONE', #5472 ) ;
#4942 = FACE_OUTER_BOUND ( 'NONE', #6531, .T. ) ;
#4943 = CIRCLE ( 'NONE', #2531, 0.02855000000000052288 ) ;
#4944 = CARTESIAN_POINT ( 'NONE',  ( 1.394266468810307469, 0.0000000000000000000, -0.01574999999999998623 ) ) ;
#4945 = LINE ( 'NONE', #4197, #6602 ) ;
#4946 = ORIENTED_EDGE ( 'NONE', *, *, #3969, .F. ) ;
#4947 = VECTOR ( 'NONE', #3742, 39.37007874015748143 ) ;
#4948 = LINE ( 'NONE', #6169, #1454 ) ;
#4949 = ADVANCED_FACE ( 'NONE', ( #25 ), #657, .F. ) ;
#4950 = DIRECTION ( 'NONE',  ( 0.0000000000000000000, 0.0000000000000000000, 1.000000000000000000 ) ) ;
#4951 = DIRECTION ( 'NONE',  ( 0.0000000000000000000, 0.0000000000000000000, 1.000000000000000000 ) ) ;
#4952 = CARTESIAN_POINT ( 'NONE',  ( 0.0000000000000000000, -0.05000000000000000278, 0.0000000000000000000 ) ) ;
#4953 = VECTOR ( 'NONE', #2871, 39.37007874015748854 ) ;
#4954 = ORIENTED_EDGE ( 'NONE', *, *, #3336, .F. ) ;
#4955 = DIRECTION ( 'NONE',  ( 0.0000000000000000000, 1.000000000000000000, 0.0000000000000000000 ) ) ;
#4956 = VERTEX_POINT ( 'NONE', #4329 ) ;
#4957 = AXIS2_PLACEMENT_3D ( 'NONE', #2131, #821, #2503 ) ;
#4958 = EDGE_CURVE ( 'NONE', #6353, #5306, #1300, .T. ) ;
#4959 = CARTESIAN_POINT ( 'NONE',  ( 1.137967468810307414, 0.0000000000000000000, -0.05000000000000019013 ) ) ;
#4960 = VERTEX_POINT ( 'NONE', #3118 ) ;
#4961 = CARTESIAN_POINT ( 'NONE',  ( 0.3816684688103073597, -0.05000000000000000278, -0.01574999999999998623 ) ) ;
#4962 = CARTESIAN_POINT ( 'NONE',  ( 0.7816684688103074929, -0.1100000000000000006, -0.01574999999999998623 ) ) ;
#4963 = VERTEX_POINT ( 'NONE', #5541 ) ;
#4964 = DIRECTION ( 'NONE',  ( -0.3420201433256663259, 0.0000000000000000000, -0.9396926207859092051 ) ) ;
#4965 = CARTESIAN_POINT ( 'NONE',  ( 1.594266468810307424, -0.1100000000000000006, -0.01574999999999998623 ) ) ;
#4966 = LINE ( 'NONE', #187, #3253 ) ;
#4967 = ADVANCED_FACE ( 'NONE', ( #96 ), #2529, .T. ) ;
#4968 = ORIENTED_EDGE ( 'NONE', *, *, #4029, .F. ) ;
#4969 = LINE ( 'NONE', #797, #3157 ) ;
#4970 = ORIENTED_EDGE ( 'NONE', *, *, #722, .T. ) ;
#4971 = EDGE_LOOP ( 'NONE', ( #2570, #2035, #654, #2630 ) ) ;
#4972 = DIRECTION ( 'NONE',  ( -1.000000000000000000, 0.0000000000000000000, -7.776898252968647801E-17 ) ) ;
#4973 = CYLINDRICAL_SURFACE ( 'NONE', #5410, 0.02800000000000000405 ) ;
#4974 = EDGE_CURVE ( 'NONE', #845, #2044, #209, .T. ) ;
#4975 = LINE ( 'NONE', #1805, #3733 ) ;
#4976 = ORIENTED_EDGE ( 'NONE', *, *, #4062, .T. ) ;
#4977 = DIRECTION ( 'NONE',  ( -0.0000000000000000000, 1.000000000000000000, -0.0000000000000000000 ) ) ;
#4978 = CARTESIAN_POINT ( 'NONE',  ( 0.3379674688103073699, -0.05000000000000000278, -0.05000000000000019013 ) ) ;
#4979 = FACE_OUTER_BOUND ( 'NONE', #4180, .T. ) ;
#4980 = VERTEX_POINT ( 'NONE', #3191 ) ;
#4981 = EDGE_CURVE ( 'NONE', #1557, #544, #5025, .T. ) ;
#4982 = CARTESIAN_POINT ( 'NONE',  ( 1.975934937620615894, -0.05000000000000000278, -0.09999999999999974187 ) ) ;
#4983 = VECTOR ( 'NONE', #1019, 39.37007874015748854 ) ;
#4984 = CARTESIAN_POINT ( 'NONE',  ( 0.3210000000000022835, 0.0000000000000000000, 0.0000000000000000000 ) ) ;
#4985 = DIRECTION ( 'NONE',  ( -3.491481338843133355E-15, -1.000000000000000000, 0.0000000000000000000 ) ) ;
#4986 = LINE ( 'NONE', #2603, #1189 ) ;
#4987 = ORIENTED_EDGE ( 'NONE', *, *, #5226, .F. ) ;
#4988 = VECTOR ( 'NONE', #6759, 39.37007874015748143 ) ;
#4989 = EDGE_CURVE ( 'NONE', #4550, #6201, #4556, .T. ) ;
#4990 = FACE_OUTER_BOUND ( 'NONE', #3545, .T. ) ;
#4991 = CARTESIAN_POINT ( 'NONE',  ( 1.337967468810307370, -0.05000000000000000278, -0.07855000000000071647 ) ) ;
#4992 = VERTEX_POINT ( 'NONE', #2565 ) ;
#4993 = VECTOR ( 'NONE', #2638, 39.37007874015748143 ) ;
#4994 = ORIENTED_EDGE ( 'NONE', *, *, #6418, .T. ) ;
#4995 = CARTESIAN_POINT ( 'NONE',  ( 1.875935937620614835, -0.1100000000000000006, -9.478001694819074349E-34 ) ) ;
#4996 = FACE_BOUND ( 'NONE', #3754, .T. ) ;
#4997 = VERTEX_POINT ( 'NONE', #7513 ) ;
#4998 = VERTEX_POINT ( 'NONE', #1537 ) ;
#4999 = EDGE_CURVE ( 'NONE', #151, #2135, #2950, .T. ) ;
#5000 = DIRECTION ( 'NONE',  ( -0.0000000000000000000, 1.000000000000000000, -0.0000000000000000000 ) ) ;
#5001 = VECTOR ( 'NONE', #4972, 39.37007874015748143 ) ;
#5002 = DIRECTION ( 'NONE',  ( 0.0000000000000000000, 0.0000000000000000000, 1.000000000000000000 ) ) ;
#5003 = CARTESIAN_POINT ( 'NONE',  ( 1.175935937620614880, -0.1100000000000000006, -0.09999999999999989453 ) ) ;
#5004 = CIRCLE ( 'NONE', #7663, 0.02855000000000052288 ) ;
#5005 = VERTEX_POINT ( 'NONE', #1975 ) ;
#5006 = DIRECTION ( 'NONE',  ( -0.0000000000000000000, 1.000000000000000000, -0.0000000000000000000 ) ) ;
#5007 = AXIS2_PLACEMENT_3D ( 'NONE', #582, #7165, #4875 ) ;
#5008 = ADVANCED_FACE ( 'NONE', ( #2717 ), #5616, .T. ) ;
#5009 = ORIENTED_EDGE ( 'NONE', *, *, #1131, .T. ) ;
#5010 = VERTEX_POINT ( 'NONE', #3955 ) ;
#5011 = DIRECTION ( 'NONE',  ( 1.000000000000000000, 0.0000000000000000000, 0.0000000000000000000 ) ) ;
#5012 = DIRECTION ( 'NONE',  ( 0.0000000000000000000, 0.0000000000000000000, -1.000000000000000000 ) ) ;
#5013 = CARTESIAN_POINT ( 'NONE',  ( -0.03066449223692698303, -0.05000000000000000278, -0.01574999999999998623 ) ) ;
#5014 = EDGE_LOOP ( 'NONE', ( #7174, #1533, #4457, #4915 ) ) ;
#5015 = PLANE ( 'NONE',  #1011 ) ;
#5016 = ORIENTED_EDGE ( 'NONE', *, *, #1319, .F. ) ;
#5017 = DIRECTION ( 'NONE',  ( 0.3420201433256664370, -0.0000000000000000000, 0.9396926207859092051 ) ) ;
#5018 = ADVANCED_FACE ( 'NONE', ( #2129, #3915 ), #5099, .F. ) ;
#5019 = CARTESIAN_POINT ( 'NONE',  ( 1.094266468810307424, -0.1100000000000000006, -0.01574999999999998623 ) ) ;
#5020 = VERTEX_POINT ( 'NONE', #7435 ) ;
#5021 = AXIS2_PLACEMENT_3D ( 'NONE', #1159, #1196, #4849 ) ;
#5022 = DIRECTION ( 'NONE',  ( 0.3420201433256662704, -0.0000000000000000000, 0.9396926207859092051 ) ) ;
#5023 = DIRECTION ( 'NONE',  ( 0.0000000000000000000, 0.0000000000000000000, 1.000000000000000000 ) ) ;
#5024 = EDGE_CURVE ( 'NONE', #2071, #6454, #6637, .T. ) ;
#5025 = LINE ( 'NONE', #777, #5614 ) ;
#5026 = EDGE_CURVE ( 'NONE', #4149, #6554, #169, .T. ) ;
#5027 = VECTOR ( 'NONE', #4239, 39.37007874015748143 ) ;
#5028 = EDGE_LOOP ( 'NONE', ( #4524, #7237, #6757, #3031 ) ) ;
#5029 = FACE_OUTER_BOUND ( 'NONE', #5863, .T. ) ;
#5030 = CARTESIAN_POINT ( 'NONE',  ( 0.8816684688103074707, -0.1100000000000000006, -0.08424999999999954747 ) ) ;
#5031 = ORIENTED_EDGE ( 'NONE', *, *, #1376, .F. ) ;
#5032 = AXIS2_PLACEMENT_3D ( 'NONE', #6082, #641, #3061 ) ;
#5033 = CARTESIAN_POINT ( 'NONE',  ( 0.7969612614607138878, -0.05000000000000000278, -0.3169811394580707709 ) ) ;
#5034 = ORIENTED_EDGE ( 'NONE', *, *, #1626, .T. ) ;
#5035 = EDGE_CURVE ( 'NONE', #5166, #5664, #2093, .T. ) ;
#5036 = LINE ( 'NONE', #3727, #4273 ) ;
#5037 = DIRECTION ( 'NONE',  ( 1.000000000000000000, 0.0000000000000000000, 0.0000000000000000000 ) ) ;
#5038 = ORIENTED_EDGE ( 'NONE', *, *, #2762, .T. ) ;
#5039 = ORIENTED_EDGE ( 'NONE', *, *, #1717, .T. ) ;
#5040 = VECTOR ( 'NONE', #671, 39.37007874015748143 ) ;
#5041 = CARTESIAN_POINT ( 'NONE',  ( 0.6759359376206146575, -0.1100000000000000006, -0.09999999999999989453 ) ) ;
#5042 = LINE ( 'NONE', #5631, #3729 ) ;
#5043 = CARTESIAN_POINT ( 'NONE',  ( 0.6866435636729979475, -0.05000000000000000278, 0.2453287811505719951 ) ) ;
#5044 = ORIENTED_EDGE ( 'NONE', *, *, #3584, .T. ) ;
#5045 = CIRCLE ( 'NONE', #1233, 0.02855000000000052982 ) ;
#5046 = DIRECTION ( 'NONE',  ( -0.0000000000000000000, 1.000000000000000000, -0.0000000000000000000 ) ) ;
#5047 = ORIENTED_EDGE ( 'NONE', *, *, #3027, .T. ) ;
#5048 = ORIENTED_EDGE ( 'NONE', *, *, #7387, .T. ) ;
#5049 = CARTESIAN_POINT ( 'NONE',  ( 0.6999990000000000379, -0.05000000000000000278, -0.09999999999999989453 ) ) ;
#5050 = CARTESIAN_POINT ( 'NONE',  ( 0.3816684688103073597, 0.0000000000000000000, -0.08424999999999954747 ) ) ;
#5051 = AXIS2_PLACEMENT_3D ( 'NONE', #7091, #1631, #467 ) ;
#5052 = ORIENTED_EDGE ( 'NONE', *, *, #892, .F. ) ;
#5053 = ADVANCED_FACE ( 'NONE', ( #3313 ), #864, .T. ) ;
#5054 = LINE ( 'NONE', #3751, #2525 ) ;
#5055 = ORIENTED_EDGE ( 'NONE', *, *, #3114, .T. ) ;
#5056 = CARTESIAN_POINT ( 'NONE',  ( 1.987967468810307503, -0.05000000000000000278, -0.08424999999999935318 ) ) ;
#5057 = CIRCLE ( 'NONE', #4437, 0.02855000000000052288 ) ;
#5058 = ORIENTED_EDGE ( 'NONE', *, *, #4595, .T. ) ;
#5059 = CARTESIAN_POINT ( 'NONE',  ( 1.799999000000000127, -0.1100000000000000006, -0.09999999999999989453 ) ) ;
#5060 = EDGE_CURVE ( 'NONE', #7614, #6151, #4986, .T. ) ;
#5061 = AXIS2_PLACEMENT_3D ( 'NONE', #6835, #807, #3223 ) ;
#5062 = FACE_OUTER_BOUND ( 'NONE', #7120, .T. ) ;
#5063 = LINE ( 'NONE', #7475, #800 ) ;
#5064 = CARTESIAN_POINT ( 'NONE',  ( 1.094266468810307424, -0.05000000000000000278, -0.01574999999999998623 ) ) ;
#5065 = AXIS2_PLACEMENT_3D ( 'NONE', #3666, #4187, #2985 ) ;
#5066 = DIRECTION ( 'NONE',  ( 0.9396926207859080948, 0.0000000000000000000, -0.3420201433256695456 ) ) ;
#5067 = CARTESIAN_POINT ( 'NONE',  ( 1.481668468810307449, -0.1100000000000000006, -0.01574999999999998623 ) ) ;
#5068 = VERTEX_POINT ( 'NONE', #1498 ) ;
#5069 = EDGE_CURVE ( 'NONE', #6318, #1905, #3836, .T. ) ;
#5070 = DIRECTION ( 'NONE',  ( 0.0000000000000000000, 0.0000000000000000000, 1.000000000000000000 ) ) ;
#5071 = VECTOR ( 'NONE', #4179, 39.37007874015748143 ) ;
#5072 = EDGE_LOOP ( 'NONE', ( #2898, #1632 ) ) ;
#5073 = CARTESIAN_POINT ( 'NONE',  ( 0.09426646881030741054, -0.1100000000000000006, -0.01574999999999998623 ) ) ;
#5074 = CARTESIAN_POINT ( 'NONE',  ( 1.681668468810307404, -0.1100000000000000006, -0.08424999999999954747 ) ) ;
#5075 = EDGE_LOOP ( 'NONE', ( #2192, #6007, #6064, #783 ) ) ;
#5076 = EDGE_LOOP ( 'NONE', ( #6591, #2905, #605, #159 ) ) ;
#5077 = FACE_OUTER_BOUND ( 'NONE', #2197, .T. ) ;
#5078 = VECTOR ( 'NONE', #7468, 39.37007874015748143 ) ;
#5079 = CARTESIAN_POINT ( 'NONE',  ( 1.075935937620614791, -0.05000000000000000278, -0.09999999999999989453 ) ) ;
#5080 = EDGE_CURVE ( 'NONE', #6778, #5761, #5655, .T. ) ;
#5081 = FACE_OUTER_BOUND ( 'NONE', #6828, .T. ) ;
#5082 = DIRECTION ( 'NONE',  ( -0.0000000000000000000, 1.000000000000000000, -0.0000000000000000000 ) ) ;
#5083 = ORIENTED_EDGE ( 'NONE', *, *, #6841, .T. ) ;
#5084 = LINE ( 'NONE', #2549, #2287 ) ;
#5085 = ORIENTED_EDGE ( 'NONE', *, *, #4205, .T. ) ;
#5086 = EDGE_LOOP ( 'NONE', ( #6316, #1554, #3013, #595 ) ) ;
#5087 = LINE ( 'NONE', #7499, #1716 ) ;
#5088 = ADVANCED_FACE ( 'NONE', ( #5769 ), #7552, .F. ) ;
#5089 = DIRECTION ( 'NONE',  ( -1.000000000000000000, 0.0000000000000000000, -7.776898252968647801E-17 ) ) ;
#5090 = ORIENTED_EDGE ( 'NONE', *, *, #6326, .T. ) ;
#5091 = DIRECTION ( 'NONE',  ( 0.0000000000000000000, 0.0000000000000000000, 1.000000000000000000 ) ) ;
#5092 = ORIENTED_EDGE ( 'NONE', *, *, #7158, .T. ) ;
#5093 = FACE_OUTER_BOUND ( 'NONE', #3047, .T. ) ;
#5094 = CARTESIAN_POINT ( 'NONE',  ( 1.399999000000000215, 0.0000000000000000000, -0.09999999999999989453 ) ) ;
#5095 = ORIENTED_EDGE ( 'NONE', *, *, #486, .T. ) ;
#5096 = EDGE_CURVE ( 'NONE', #3338, #890, #5063, .T. ) ;
#5097 = LINE ( 'NONE', #2713, #5246 ) ;
#5098 = DIRECTION ( 'NONE',  ( -0.0000000000000000000, 1.000000000000000000, -0.0000000000000000000 ) ) ;
#5099 = PLANE ( 'NONE',  #2826 ) ;
#5100 = CARTESIAN_POINT ( 'NONE',  ( 1.975934937620615894, 0.0000000000000000000, -0.09999999999999974187 ) ) ;
#5101 = DIRECTION ( 'NONE',  ( -0.0000000000000000000, 1.000000000000000000, -0.0000000000000000000 ) ) ;
#5102 = AXIS2_PLACEMENT_3D ( 'NONE', #7176, #6951, #1754 ) ;
#5103 = CARTESIAN_POINT ( 'NONE',  ( 0.4942664688103074466, 0.0000000000000000000, -0.08424999999999957523 ) ) ;
#5104 = ORIENTED_EDGE ( 'NONE', *, *, #6888, .F. ) ;
#5105 = ORIENTED_EDGE ( 'NONE', *, *, #4828, .T. ) ;
#5106 = FILL_AREA_STYLE ('',( #6931 ) ) ;
#5107 = FACE_OUTER_BOUND ( 'NONE', #3565, .T. ) ;
#5108 = VECTOR ( 'NONE', #1218, 39.37007874015748143 ) ;
#5109 = ORIENTED_EDGE ( 'NONE', *, *, #2519, .T. ) ;
#5110 = EDGE_CURVE ( 'NONE', #1200, #2696, #1459, .T. ) ;
#5111 = EDGE_CURVE ( 'NONE', #6684, #6087, #5255, .T. ) ;
#5112 = CARTESIAN_POINT ( 'NONE',  ( 1.294266468810307380, -0.1100000000000000006, -0.08424999999999957523 ) ) ;
#5113 = CARTESIAN_POINT ( 'NONE',  ( 1.875935937620614835, -0.05000000000000000278, -0.09999999999999989453 ) ) ;
#5114 = CARTESIAN_POINT ( 'NONE',  ( 0.6379674688103074143, -0.05000000000000000278, -0.02144999999999967072 ) ) ;
#5115 = AXIS2_PLACEMENT_3D ( 'NONE', #727, #3147, #855 ) ;
#5116 = AXIS2_PLACEMENT_3D ( 'NONE', #6747, #713, #3773 ) ;
#5117 =( NAMED_UNIT ( * ) SI_UNIT ( $, .STERADIAN. ) SOLID_ANGLE_UNIT ( ) );
#5118 = VERTEX_POINT ( 'NONE', #4667 ) ;
#5119 = ADVANCED_FACE ( 'NONE', ( #5845 ), #7111, .F. ) ;
#5120 = CARTESIAN_POINT ( 'NONE',  ( 0.3759359376206146686, -0.1100000000000000006, -0.09999999999999989453 ) ) ;
#5121 = ORIENTED_EDGE ( 'NONE', *, *, #2745, .T. ) ;
#5122 = VECTOR ( 'NONE', #3039, 39.37007874015748143 ) ;
#5123 = EDGE_LOOP ( 'NONE', ( #5826, #1577, #7031, #6612 ) ) ;
#5124 = CARTESIAN_POINT ( 'NONE',  ( 0.2342412912086994925, -0.05000000000000000278, 0.08066782005917447207 ) ) ;
#5125 = LINE ( 'NONE', #270, #6045 ) ;
#5126 = AXIS2_PLACEMENT_3D ( 'NONE', #1406, #233, #3216 ) ;
#5127 = ORIENTED_EDGE ( 'NONE', *, *, #344, .F. ) ;
#5128 = ORIENTED_EDGE ( 'NONE', *, *, #6541, .T. ) ;
#5129 = CARTESIAN_POINT ( 'NONE',  ( 1.581668468810307315, -0.1100000000000000006, -0.01574999999999998623 ) ) ;
#5130 = ORIENTED_EDGE ( 'NONE', *, *, #656, .T. ) ;
#5131 = EDGE_CURVE ( 'NONE', #3195, #7481, #7378, .T. ) ;
#5132 = DIRECTION ( 'NONE',  ( -1.000000000000000000, -0.0000000000000000000, -0.0000000000000000000 ) ) ;
#5133 = APPLICATION_CONTEXT ( 'automotive_design' ) ;
#5134 = CARTESIAN_POINT ( 'NONE',  ( 1.975934937620615894, -0.05000000000000000278, -0.09999999999999974187 ) ) ;
#5135 = VERTEX_POINT ( 'NONE', #1732 ) ;
#5136 = DIRECTION ( 'NONE',  ( 0.3420201433256638834, 0.0000000000000000000, -0.9396926207859100932 ) ) ;
#5137 = DIRECTION ( 'NONE',  ( -0.3420201433256695456, 0.0000000000000000000, -0.9396926207859080948 ) ) ;
#5138 = EDGE_CURVE ( 'NONE', #3224, #2788, #1099, .T. ) ;
#5139 = ITEM_DEFINED_TRANSFORMATION ( 'NONE', 'NONE', #2978,  #5651 ) ;
#5140 = DIRECTION ( 'NONE',  ( 7.776898252968646568E-17, 0.0000000000000000000, -1.000000000000000000 ) ) ;
#5141 = AXIS2_PLACEMENT_3D ( 'NONE', #3844, #5590, #7485 ) ;
#5142 = PLANE ( 'NONE',  #4957 ) ;
#5143 = CARTESIAN_POINT ( 'NONE',  ( 1.194266468810307513, -0.1100000000000000006, -0.01574999999999998623 ) ) ;
#5144 = FACE_OUTER_BOUND ( 'NONE', #4727, .T. ) ;
#5145 = ORIENTED_EDGE ( 'NONE', *, *, #2868, .F. ) ;
#5146 = EDGE_CURVE ( 'NONE', #6554, #4658, #1612, .T. ) ;
#5147 = VERTEX_POINT ( 'NONE', #6446 ) ;
#5148 = ADVANCED_FACE ( 'NONE', ( #3390 ), #2794, .F. ) ;
#5149 = CARTESIAN_POINT ( 'NONE',  ( 1.181668468810307626, 0.0000000000000000000, -0.01574999999999998623 ) ) ;
#5150 = ORIENTED_EDGE ( 'NONE', *, *, #7326, .F. ) ;
#5151 = CARTESIAN_POINT ( 'NONE',  ( 0.4942664688103074466, -0.1100000000000000006, -0.01574999999999998623 ) ) ;
#5152 = LINE ( 'NONE', #3890, #681 ) ;
#5153 = VECTOR ( 'NONE', #5832, 39.37007874015748854 ) ;
#5154 = CYLINDRICAL_SURFACE ( 'NONE', #6836, 0.02855000000000052635 ) ;
#5155 = ADVANCED_FACE ( 'NONE', ( #1571 ), #1689, .F. ) ;
#5156 = DIRECTION ( 'NONE',  ( -1.000000000000000000, -0.0000000000000000000, -0.0000000000000000000 ) ) ;
#5157 = VERTEX_POINT ( 'NONE', #5809 ) ;
#5158 = CARTESIAN_POINT ( 'NONE',  ( 0.0000000000000000000, -0.05000000000000000278, 0.0000000000000000000 ) ) ;
#5159 = CARTESIAN_POINT ( 'NONE',  ( 1.675935937620614880, -0.1100000000000000006, -9.478001694819074349E-34 ) ) ;
#5160 = ORIENTED_EDGE ( 'NONE', *, *, #2823, .F. ) ;
#5161 = ORIENTED_EDGE ( 'NONE', *, *, #5772, .F. ) ;
#5162 = DIRECTION ( 'NONE',  ( -0.0000000000000000000, 1.000000000000000000, -0.0000000000000000000 ) ) ;
#5163 = PLANE ( 'NONE',  #2242 ) ;
#5164 = VECTOR ( 'NONE', #100, 39.37007874015748143 ) ;
#5165 = EDGE_CURVE ( 'NONE', #4918, #5853, #4155, .T. ) ;
#5166 = VERTEX_POINT ( 'NONE', #4115 ) ;
#5167 = DIRECTION ( 'NONE',  ( -1.000000000000000000, 0.0000000000000000000, -0.0000000000000000000 ) ) ;
#5168 = ORIENTED_EDGE ( 'NONE', *, *, #6480, .F. ) ;
#5169 = CARTESIAN_POINT ( 'NONE',  ( 0.9759359376206147019, 0.0000000000000000000, -9.478001694819074349E-34 ) ) ;
#5170 = DIRECTION ( 'NONE',  ( 1.000000000000000000, 0.0000000000000000000, -0.0000000000000000000 ) ) ;
#5171 = ORIENTED_EDGE ( 'NONE', *, *, #1457, .F. ) ;
#5172 = VERTEX_POINT ( 'NONE', #1140 ) ;
#5173 = VECTOR ( 'NONE', #7404, 39.37007874015748143 ) ;
#5174 = CARTESIAN_POINT ( 'NONE',  ( 0.2562567668404614474, -0.05000000000000000278, -0.1201807978823516004 ) ) ;
#5175 = EDGE_CURVE ( 'NONE', #5147, #7446, #6998, .T. ) ;
#5176 = CARTESIAN_POINT ( 'NONE',  ( 0.5942664688103074244, -0.1100000000000000006, -0.01574999999999998623 ) ) ;
#5177 = AXIS2_PLACEMENT_3D ( 'NONE', #4910, #7317, #4950 ) ;
#5178 = CARTESIAN_POINT ( 'NONE',  ( 1.694266468810307513, -0.1100000000000000006, -0.01574999999999998623 ) ) ;
#5179 = DIRECTION ( 'NONE',  ( 0.0000000000000000000, 0.0000000000000000000, 1.000000000000000000 ) ) ;
#5180 = CARTESIAN_POINT ( 'NONE',  ( -0.03066449223692698303, -0.05000000000000000278, -0.01574999999999998623 ) ) ;
#5181 = VECTOR ( 'NONE', #1138, 39.37007874015748143 ) ;
#5182 = PLANE ( 'NONE',  #5373 ) ;
#5183 = ADVANCED_FACE ( 'NONE', ( #5886 ), #2756, .F. ) ;
#5184 = ORIENTED_EDGE ( 'NONE', *, *, #3435, .T. ) ;
#5185 = DIRECTION ( 'NONE',  ( 0.0000000000000000000, 0.0000000000000000000, 1.000000000000000000 ) ) ;
#5186 = ORIENTED_EDGE ( 'NONE', *, *, #5587, .F. ) ;
#5187 = LINE ( 'NONE', #1391, #2345 ) ;
#5188 = AXIS2_PLACEMENT_3D ( 'NONE', #5823, #385, #5860 ) ;
#5189 = EDGE_LOOP ( 'NONE', ( #5413, #4781, #1400, #6396 ) ) ;
#5190 = DIRECTION ( 'NONE',  ( 0.0000000000000000000, 0.0000000000000000000, 1.000000000000000000 ) ) ;
#5191 = DIRECTION ( 'NONE',  ( 0.3420201433256720991, 0.0000000000000000000, -0.9396926207859070956 ) ) ;
#5192 = EDGE_CURVE ( 'NONE', #7577, #1490, #6404, .T. ) ;
#5193 = CARTESIAN_POINT ( 'NONE',  ( -0.01203253118969264436, -0.05000000000000000278, -0.01574999999999999664 ) ) ;
#5194 = VECTOR ( 'NONE', #4891, 39.37007874015748143 ) ;
#5195 = VERTEX_POINT ( 'NONE', #4632 ) ;
#5196 = DIRECTION ( 'NONE',  ( 0.0000000000000000000, 0.0000000000000000000, 1.000000000000000000 ) ) ;
#5197 = CARTESIAN_POINT ( 'NONE',  ( 1.881668468810307582, 0.0000000000000000000, -0.08424999999999954747 ) ) ;
#5198 = AXIS2_PLACEMENT_3D ( 'NONE', #7428, #3226, #2009 ) ;
#5199 = VERTEX_POINT ( 'NONE', #3511 ) ;
#5200 = EDGE_CURVE ( 'NONE', #2633, #3667, #7035, .T. ) ;
#5201 = ORIENTED_EDGE ( 'NONE', *, *, #4018, .T. ) ;
#5202 = DIRECTION ( 'NONE',  ( -1.000000000000000000, 0.0000000000000000000, -0.0000000000000000000 ) ) ;
#5203 = CARTESIAN_POINT ( 'NONE',  ( 1.375935937620614613, -0.05000000000000000278, -0.09999999999999989453 ) ) ;
#5204 = STYLED_ITEM ( 'NONE', ( #2734 ), #3063 ) ;
#5205 = ORIENTED_EDGE ( 'NONE', *, *, #5965, .T. ) ;
#5206 = EDGE_LOOP ( 'NONE', ( #920, #3712, #886, #6563 ) ) ;
#5207 = DIRECTION ( 'NONE',  ( -0.3420201433256638834, 0.0000000000000000000, 0.9396926207859100932 ) ) ;
#5208 = FACE_OUTER_BOUND ( 'NONE', #2207, .T. ) ;
#5209 = ORIENTED_EDGE ( 'NONE', *, *, #336, .F. ) ;
#5210 = ADVANCED_FACE ( 'NONE', ( #3466 ), #7703, .T. ) ;
#5211 = VERTEX_POINT ( 'NONE', #7743 ) ;
#5212 = PRODUCT_DEFINITION_SHAPE ( 'NONE', 'NONE',  #7848 ) ;
#5213 = LINE ( 'NONE', #2753, #7271 ) ;
#5214 = CARTESIAN_POINT ( 'NONE',  ( 1.537967468810307325, 0.0000000000000000000, -0.05000000000000019013 ) ) ;
#5215 = CARTESIAN_POINT ( 'NONE',  ( 1.881668468810307582, -0.1100000000000000006, -0.08424999999999954747 ) ) ;
#5216 = CARTESIAN_POINT ( 'NONE',  ( 0.5816684688103074263, -0.05000000000000000278, -0.01574999999999998623 ) ) ;
#5217 = EDGE_CURVE ( 'NONE', #3575, #2969, #2324, .T. ) ;
#5218 = ORIENTED_EDGE ( 'NONE', *, *, #7670, .T. ) ;
#5219 = CARTESIAN_POINT ( 'NONE',  ( 1.237967468810307281, 0.0000000000000000000, -0.05000000000000019013 ) ) ;
#5220 = PLANE ( 'NONE',  #2957 ) ;
#5221 = ORIENTED_EDGE ( 'NONE', *, *, #1589, .F. ) ;
#5222 = CARTESIAN_POINT ( 'NONE',  ( 0.7816684688103074929, 0.0000000000000000000, -0.01574999999999998623 ) ) ;
#5223 = ORIENTED_EDGE ( 'NONE', *, *, #4999, .T. ) ;
#5224 = LENGTH_MEASURE_WITH_UNIT ( LENGTH_MEASURE( 0.02539999999999999897 ), #3362 );
#5225 = LINE ( 'NONE', #6540, #7273 ) ;
#5226 = EDGE_CURVE ( 'NONE', #4473, #1047, #6011, .T. ) ;
#5227 = ORIENTED_EDGE ( 'NONE', *, *, #1245, .F. ) ;
#5228 = FACE_OUTER_BOUND ( 'NONE', #6399, .T. ) ;
#5229 = DIRECTION ( 'NONE',  ( -1.000000000000000000, -0.0000000000000000000, -0.0000000000000000000 ) ) ;
#5230 = CARTESIAN_POINT ( 'NONE',  ( 1.375935937620614613, -0.05000000000000000278, -9.478001694819074349E-34 ) ) ;
#5231 = CARTESIAN_POINT ( 'NONE',  ( 1.039852452296792684, -0.05000000000000000278, 0.3738863030878810667 ) ) ;
#5232 = VECTOR ( 'NONE', #3429, 39.37007874015748854 ) ;
#5233 = VERTEX_POINT ( 'NONE', #2484 ) ;
#5234 = PLANE ( 'NONE',  #6910 ) ;
#5235 = PLANE ( 'NONE',  #4825 ) ;
#5236 = EDGE_CURVE ( 'NONE', #2575, #3296, #6650, .T. ) ;
#5237 = ORIENTED_EDGE ( 'NONE', *, *, #504, .F. ) ;
#5238 = ORIENTED_EDGE ( 'NONE', *, *, #6506, .F. ) ;
#5239 = VECTOR ( 'NONE', #810, 39.37007874015748143 ) ;
#5240 = FACE_OUTER_BOUND ( 'NONE', #1014, .T. ) ;
#5241 = FACE_OUTER_BOUND ( 'NONE', #2614, .T. ) ;
#5242 = VECTOR ( 'NONE', #5660, 39.37007874015748854 ) ;
#5243 = VERTEX_POINT ( 'NONE', #2993 ) ;
#5244 = EDGE_CURVE ( 'NONE', #6115, #1893, #933, .T. ) ;
#5245 = ORIENTED_EDGE ( 'NONE', *, *, #439, .F. ) ;
#5246 = VECTOR ( 'NONE', #6918, 39.37007874015748143 ) ;
#5247 = CARTESIAN_POINT ( 'NONE',  ( 1.281668468810307271, -0.05000000000000000278, -0.08424999999999954747 ) ) ;
#5248 = VECTOR ( 'NONE', #417, 39.37007874015748143 ) ;
#5249 = ORIENTED_EDGE ( 'NONE', *, *, #6652, .F. ) ;
#5250 = ORIENTED_EDGE ( 'NONE', *, *, #3509, .T. ) ;
#5251 = VECTOR ( 'NONE', #5011, 39.37007874015748143 ) ;
#5252 = DIRECTION ( 'NONE',  ( 1.000000000000000000, 0.0000000000000000000, -1.355298456929802892E-15 ) ) ;
#5253 = DIRECTION ( 'NONE',  ( -0.0000000000000000000, 1.000000000000000000, -0.0000000000000000000 ) ) ;
#5254 = ADVANCED_FACE ( 'NONE', ( #3072 ), #7193, .F. ) ;
#5255 = LINE ( 'NONE', #2245, #4983 ) ;
#5256 = CARTESIAN_POINT ( 'NONE',  ( 1.975934937620615894, -0.05000000000000000278, -0.09999999999999974187 ) ) ;
#5257 = AXIS2_PLACEMENT_3D ( 'NONE', #5324, #4143, #2355 ) ;
#5258 = ORIENTED_EDGE ( 'NONE', *, *, #56, .T. ) ;
#5259 = CARTESIAN_POINT ( 'NONE',  ( 1.794266468810307602, -0.1100000000000000006, -0.08424999999999957523 ) ) ;
#5260 = DIRECTION ( 'NONE',  ( -0.0000000000000000000, 0.0000000000000000000, -1.000000000000000000 ) ) ;
#5261 = CARTESIAN_POINT ( 'NONE',  ( 0.9379674688103074587, 0.0000000000000000000, -0.02144999999999966725 ) ) ;
#5262 = ORIENTED_EDGE ( 'NONE', *, *, #1976, .F. ) ;
#5263 = CARTESIAN_POINT ( 'NONE',  ( 0.9942664688103074466, 0.0000000000000000000, -0.08424999999999957523 ) ) ;
#5264 = EDGE_CURVE ( 'NONE', #7097, #4787, #2952, .T. ) ;
#5265 = VERTEX_POINT ( 'NONE', #6129 ) ;
#5266 = DIRECTION ( 'NONE',  ( 0.0000000000000000000, 0.0000000000000000000, 1.000000000000000000 ) ) ;
#5267 = CARTESIAN_POINT ( 'NONE',  ( 0.08166846881030738470, -0.1100000000000000006, -0.01574999999999998623 ) ) ;
#5268 = ORIENTED_EDGE ( 'NONE', *, *, #1283, .F. ) ;
#5269 = DIRECTION ( 'NONE',  ( -0.0000000000000000000, 1.000000000000000000, -0.0000000000000000000 ) ) ;
#5270 = CARTESIAN_POINT ( 'NONE',  ( 0.1816684688103074041, -0.1100000000000000006, -0.01574999999999998623 ) ) ;
#5271 = CARTESIAN_POINT ( 'NONE',  ( 0.03796746881030733239, 0.0000000000000000000, -0.05000000000000019013 ) ) ;
#5272 = EDGE_CURVE ( 'NONE', #7577, #2273, #651, .T. ) ;
#5273 = CARTESIAN_POINT ( 'NONE',  ( 0.09999900000000011557, -0.1100000000000000006, 0.0000000000000000000 ) ) ;
#5274 = ORIENTED_EDGE ( 'NONE', *, *, #3000, .T. ) ;
#5275 = DIRECTION ( 'NONE',  ( -0.9396926207859093161, 0.0000000000000000000, 0.3420201433256663814 ) ) ;
#5276 = CARTESIAN_POINT ( 'NONE',  ( 1.987967468810307503, -0.05000000000000000278, -0.08424999999999935318 ) ) ;
#5277 = PRODUCT_DEFINITION_SHAPE ( 'NONE', 'NONE',  #7836 ) ;
#5278 = VERTEX_POINT ( 'NONE', #4789 ) ;
#5279 = VECTOR ( 'NONE', #2875, 39.37007874015748143 ) ;
#5280 = DIRECTION ( 'NONE',  ( -0.0000000000000000000, 1.000000000000000000, -0.0000000000000000000 ) ) ;
#5281 = LINE ( 'NONE', #2270, #6775 ) ;
#5282 = CARTESIAN_POINT ( 'NONE',  ( 0.5816684688103074263, -0.1100000000000000006, -0.08424999999999954747 ) ) ;
#5283 = AXIS2_PLACEMENT_3D ( 'NONE', #5, #6118, #4855 ) ;
#5284 = VERTEX_POINT ( 'NONE', #4829 ) ;
#5285 = CIRCLE ( 'NONE', #2125, 0.02855000000000052288 ) ;
#5286 = ORIENTED_EDGE ( 'NONE', *, *, #1457, .T. ) ;
#5287 = CONTEXT_DEPENDENT_SHAPE_REPRESENTATION ( #3919, #910 ) ;
#5288 = LINE ( 'NONE', #7695, #6335 ) ;
#5289 = ORIENTED_EDGE ( 'NONE', *, *, #2926, .T. ) ;
#5290 = ORIENTED_EDGE ( 'NONE', *, *, #4882, .T. ) ;
#5291 = AXIS2_PLACEMENT_3D ( 'NONE', #2567, #4447, #6217 ) ;
#5292 = LINE ( 'NONE', #4742, #3858 ) ;
#5293 = EDGE_CURVE ( 'NONE', #544, #13, #690, .T. ) ;
#5294 = LINE ( 'NONE', #325, #6829 ) ;
#5295 = CARTESIAN_POINT ( 'NONE',  ( 1.494266468810307558, -0.1100000000000000006, -0.01574999999999998623 ) ) ;
#5296 = VECTOR ( 'NONE', #1076, 39.37007874015748143 ) ;
#5297 = CARTESIAN_POINT ( 'NONE',  ( 0.9999990000000001933, 0.0000000000000000000, 0.0000000000000000000 ) ) ;
#5298 = ORIENTED_EDGE ( 'NONE', *, *, #5272, .T. ) ;
#5299 = CARTESIAN_POINT ( 'NONE',  ( 1.894266468810307691, -0.05000000000000000278, -0.01574999999999998623 ) ) ;
#5300 = CARTESIAN_POINT ( 'NONE',  ( 0.6999990000000000379, -0.1100000000000000006, -0.09999999999999989453 ) ) ;
#5301 = EDGE_CURVE ( 'NONE', #6605, #2297, #2701, .T. ) ;
#5302 = DIRECTION ( 'NONE',  ( 0.0000000000000000000, 1.224646799147353207E-16, -1.000000000000000000 ) ) ;
#5303 = EDGE_LOOP ( 'NONE', ( #5055, #2741, #1320, #1387 ) ) ;
#5304 = AXIS2_PLACEMENT_3D ( 'NONE', #3270, #6211, #3152 ) ;
#5305 = FACE_OUTER_BOUND ( 'NONE', #6464, .T. ) ;
#5306 = VERTEX_POINT ( 'NONE', #3633 ) ;
#5307 = SHAPE_REPRESENTATION_RELATIONSHIP ( 'NONE' , 'NONE' ,  #1766, #7121 ) ;
#5308 = DIRECTION ( 'NONE',  ( -1.000000000000000000, -0.0000000000000000000, -0.0000000000000000000 ) ) ;
#5309 = ORIENTED_EDGE ( 'NONE', *, *, #4663, .F. ) ;
#5310 = AXIS2_PLACEMENT_3D ( 'NONE', #1698, #414, #2255 ) ;
#5311 = LINE ( 'NONE', #6379, #5420 ) ;
#5312 = ADVANCED_FACE ( 'NONE', ( #4196, #2407 ), #16, .F. ) ;
#5313 = CARTESIAN_POINT ( 'NONE',  ( 0.0000000000000000000, 0.0000000000000000000, 0.0000000000000000000 ) ) ;
#5314 = CARTESIAN_POINT ( 'NONE',  ( 1.675935937620614880, -0.05000000000000000278, -9.478001694819074349E-34 ) ) ;
#5315 = DIRECTION ( 'NONE',  ( 0.0000000000000000000, 0.0000000000000000000, -1.000000000000000000 ) ) ;
#5316 = AXIS2_PLACEMENT_3D ( 'NONE', #5807, #488, #2910 ) ;
#5317 = ORIENTED_EDGE ( 'NONE', *, *, #3799, .F. ) ;
#5318 = CARTESIAN_POINT ( 'NONE',  ( 0.8816684688103074707, 0.0000000000000000000, -0.01574999999999998623 ) ) ;
#5319 = CARTESIAN_POINT ( 'NONE',  ( 0.1943301270189207730, 0.0000000000000000000, 0.0000000000000000000 ) ) ;
#5320 = CARTESIAN_POINT ( 'NONE',  ( 0.08166846881030738470, -0.05000000000000000278, -0.01574999999999998623 ) ) ;
#5321 = ADVANCED_FACE ( 'NONE', ( #4278 ), #1175, .F. ) ;
#5322 = ORIENTED_EDGE ( 'NONE', *, *, #430, .T. ) ;
#5323 = VECTOR ( 'NONE', #3528, 39.37007874015748854 ) ;
#5324 = CARTESIAN_POINT ( 'NONE',  ( 0.2379674688103073643, -0.05000000000000000278, -0.05000000000000019013 ) ) ;
#5325 = CARTESIAN_POINT ( 'NONE',  ( 0.9942664688103074466, 0.0000000000000000000, -0.01574999999999998623 ) ) ;
#5326 = ORIENTED_EDGE ( 'NONE', *, *, #1635, .T. ) ;
#5327 = VECTOR ( 'NONE', #7056, 39.37007874015748143 ) ;
#5328 = CONTEXT_DEPENDENT_SHAPE_REPRESENTATION ( #773, #1545 ) ;
#5329 = CARTESIAN_POINT ( 'NONE',  ( 0.1943301270189207730, 3.245314017740660621E-18, -0.02650000000000142519 ) ) ;
#5330 = EDGE_LOOP ( 'NONE', ( #992, #1560, #7265, #5938 ) ) ;
#5331 = EDGE_CURVE ( 'NONE', #1962, #2360, #1316, .T. ) ;
#5332 = EDGE_LOOP ( 'NONE', ( #2007, #7498, #2384, #2199 ) ) ;
#5333 = VECTOR ( 'NONE', #7781, 39.37007874015748143 ) ;
#5334 = DIRECTION ( 'NONE',  ( -1.000000000000000000, 0.0000000000000000000, -7.776898252968647801E-17 ) ) ;
#5335 = ORIENTED_EDGE ( 'NONE', *, *, #4981, .F. ) ;
#5336 = LINE ( 'NONE', #2869, #1139 ) ;
#5337 = DIRECTION ( 'NONE',  ( 0.0000000000000000000, 1.000000000000000000, 0.0000000000000000000 ) ) ;
#5338 = DIRECTION ( 'NONE',  ( -0.0000000000000000000, 1.000000000000000000, -0.0000000000000000000 ) ) ;
#5339 = EDGE_CURVE ( 'NONE', #1770, #7055, #4321, .T. ) ;
#5340 = ORIENTED_EDGE ( 'NONE', *, *, #6023, .F. ) ;
#5341 = FACE_OUTER_BOUND ( 'NONE', #1125, .T. ) ;
#5342 = FACE_OUTER_BOUND ( 'NONE', #2860, .T. ) ;
#5343 = DIRECTION ( 'NONE',  ( 0.0000000000000000000, 1.000000000000000000, 1.224646799147353207E-16 ) ) ;
#5344 = ORIENTED_EDGE ( 'NONE', *, *, #6462, .F. ) ;
#5345 = CARTESIAN_POINT ( 'NONE',  ( 1.737967468810307281, 0.0000000000000000000, -0.05000000000000019013 ) ) ;
#5346 = ORIENTED_EDGE ( 'NONE', *, *, #5772, .T. ) ;
#5347 =( LENGTH_UNIT ( ) NAMED_UNIT ( * ) SI_UNIT ( $, .METRE. ) );
#5348 = PLANE ( 'NONE',  #953 ) ;
#5349 = EDGE_CURVE ( 'NONE', #1471, #3531, #2520, .T. ) ;
#5350 = ORIENTED_EDGE ( 'NONE', *, *, #2005, .F. ) ;
#5351 = DIRECTION ( 'NONE',  ( 0.0000000000000000000, 0.0000000000000000000, 1.000000000000000000 ) ) ;
#5352 = DIRECTION ( 'NONE',  ( 0.0000000000000000000, 0.0000000000000000000, 1.000000000000000000 ) ) ;
#5353 = ORIENTED_EDGE ( 'NONE', *, *, #6551, .T. ) ;
#5354 = CARTESIAN_POINT ( 'NONE',  ( 1.181668468810307626, 0.0000000000000000000, -0.08424999999999954747 ) ) ;
#5355 = VERTEX_POINT ( 'NONE', #5533 ) ;
#5356 = LINE ( 'NONE', #2973, #6287 ) ;
#5357 = CARTESIAN_POINT ( 'NONE',  ( 0.1600000000000026679, 4.286263797015740601E-18, -0.03500000000000003803 ) ) ;
#5358 = EDGE_CURVE ( 'NONE', #4739, #7808, #89, .T. ) ;
#5359 = EDGE_CURVE ( 'NONE', #297, #3550, #1929, .T. ) ;
#5360 = CARTESIAN_POINT ( 'NONE',  ( 0.9515502301408440555, -0.05000000000000000278, 0.3417469226035537710 ) ) ;
#5361 = ORIENTED_EDGE ( 'NONE', *, *, #1734, .F. ) ;
#5362 = CARTESIAN_POINT ( 'NONE',  ( 0.0000000000000000000, -0.05000000000000000278, 0.0000000000000000000 ) ) ;
#5363 = CARTESIAN_POINT ( 'NONE',  ( 1.381668468810307360, -0.1100000000000000006, -0.01574999999999998623 ) ) ;
#5364 = FACE_OUTER_BOUND ( 'NONE', #1648, .T. ) ;
#5365 = AXIS2_PLACEMENT_3D ( 'NONE', #6213, #5140, #6367 ) ;
#5366 = ORIENTED_EDGE ( 'NONE', *, *, #5734, .T. ) ;
#5367 = CONTEXT_DEPENDENT_SHAPE_REPRESENTATION ( #1351, #5212 ) ;
#5368 = DIRECTION ( 'NONE',  ( -0.3420201433256720991, 0.0000000000000000000, 0.9396926207859070956 ) ) ;
#5369 = ORIENTED_EDGE ( 'NONE', *, *, #2332, .T. ) ;
#5370 = AXIS2_PLACEMENT_3D ( 'NONE', #6694, #1261, #6059 ) ;
#5371 = ORIENTED_EDGE ( 'NONE', *, *, #6879, .F. ) ;
#5372 = DIRECTION ( 'NONE',  ( 0.0000000000000000000, 0.0000000000000000000, 1.000000000000000000 ) ) ;
#5373 = AXIS2_PLACEMENT_3D ( 'NONE', #5067, #3999, #2685 ) ;
#5374 = ADVANCED_FACE ( 'NONE', ( #1331 ), #3225, .F. ) ;
#5375 = ORIENTED_EDGE ( 'NONE', *, *, #1948, .T. ) ;
#5376 = VECTOR ( 'NONE', #3096, 39.37007874015748143 ) ;
#5377 = DIRECTION ( 'NONE',  ( 1.000000000000000000, 0.0000000000000000000, -1.355298456929802892E-15 ) ) ;
#5378 = DIRECTION ( 'NONE',  ( 1.000000000000000000, -0.0000000000000000000, 3.387708325476583695E-16 ) ) ;
#5379 = CARTESIAN_POINT ( 'NONE',  ( 0.5759359376206146797, 0.0000000000000000000, -0.09999999999999989453 ) ) ;
#5380 = EDGE_LOOP ( 'NONE', ( #6640, #7613, #3600, #3691 ) ) ;
#5381 = AXIS2_PLACEMENT_3D ( 'NONE', #7032, #898, #3269 ) ;
#5382 = VECTOR ( 'NONE', #7135, 39.37007874015748143 ) ;
#5383 = CARTESIAN_POINT ( 'NONE',  ( -0.01203253118969264436, -0.05000000000000000278, -0.08424999999999989442 ) ) ;
#5384 = DIRECTION ( 'NONE',  ( 1.000000000000000000, 0.0000000000000000000, -1.355298456929802892E-15 ) ) ;
#5385 = DIRECTION ( 'NONE',  ( 1.355298456929802892E-15, 0.0000000000000000000, 1.000000000000000000 ) ) ;
#5386 = EDGE_LOOP ( 'NONE', ( #4384, #506, #5880, #4661 ) ) ;
#5387 = EDGE_CURVE ( 'NONE', #5233, #5722, #5687, .T. ) ;
#5388 = FACE_OUTER_BOUND ( 'NONE', #5380, .T. ) ;
#5389 = VECTOR ( 'NONE', #1408, 39.37007874015748143 ) ;
#5390 = VERTEX_POINT ( 'NONE', #3305 ) ;
#5391 = SURFACE_STYLE_FILL_AREA ( #3644 ) ;
#5392 = DIRECTION ( 'NONE',  ( 0.9396926207859100932, 0.0000000000000000000, 0.3420201433256638834 ) ) ;
#5393 = EDGE_CURVE ( 'NONE', #318, #5211, #665, .T. ) ;
#5394 = DIRECTION ( 'NONE',  ( 0.0000000000000000000, 0.0000000000000000000, 1.000000000000000000 ) ) ;
#5395 = FACE_BOUND ( 'NONE', #3018, .T. ) ;
#5396 = ORIENTED_EDGE ( 'NONE', *, *, #6281, .T. ) ;
#5397 = EDGE_CURVE ( 'NONE', #813, #252, #3752, .T. ) ;
#5398 = EDGE_CURVE ( 'NONE', #587, #6353, #6243, .T. ) ;
#5399 = LINE ( 'NONE', #1710, #3664 ) ;
#5400 = ORIENTED_EDGE ( 'NONE', *, *, #7417, .T. ) ;
#5401 = CARTESIAN_POINT ( 'NONE',  ( 1.437967468810307237, 3.673940397442060153E-19, -0.05000000000000019013 ) ) ;
#5402 = DIRECTION ( 'NONE',  ( -1.000000000000000000, -0.0000000000000000000, -0.0000000000000000000 ) ) ;
#5403 = CARTESIAN_POINT ( 'NONE',  ( 0.03796746881030733239, 0.0000000000000000000, -0.02144999999999966725 ) ) ;
#5404 = VECTOR ( 'NONE', #3807, 39.37007874015748143 ) ;
#5405 = ORIENTED_EDGE ( 'NONE', *, *, #3640, .F. ) ;
#5406 = CARTESIAN_POINT ( 'NONE',  ( 0.8379674688103073699, 3.673940397442060153E-19, -0.07855000000000071647 ) ) ;
#5407 = DIRECTION ( 'NONE',  ( -0.0000000000000000000, 1.000000000000000000, -0.0000000000000000000 ) ) ;
#5408 = DIRECTION ( 'NONE',  ( 0.0000000000000000000, 0.0000000000000000000, 1.000000000000000000 ) ) ;
#5409 = ORIENTED_EDGE ( 'NONE', *, *, #3799, .T. ) ;
#5410 = AXIS2_PLACEMENT_3D ( 'NONE', #7115, #2411, #1811 ) ;
#5411 = CARTESIAN_POINT ( 'NONE',  ( 0.7860700997761546072, -0.05000000000000000278, -0.3130170807883137507 ) ) ;
#5412 = ORIENTED_EDGE ( 'NONE', *, *, #1217, .F. ) ;
#5413 = ORIENTED_EDGE ( 'NONE', *, *, #523, .F. ) ;
#5414 = CARTESIAN_POINT ( 'NONE',  ( 0.7379674688103073921, 0.0000000000000000000, -0.05000000000000019013 ) ) ;
#5415 = VECTOR ( 'NONE', #3862, 39.37007874015748143 ) ;
#5416 = ORIENTED_EDGE ( 'NONE', *, *, #5667, .T. ) ;
#5417 = DIRECTION ( 'NONE',  ( -0.3420201433256694346, -0.0000000000000000000, -0.9396926207859080948 ) ) ;
#5418 = CARTESIAN_POINT ( 'NONE',  ( 0.9379674688103074587, -0.05000000000000000278, -0.05000000000000019013 ) ) ;
#5419 = DIRECTION ( 'NONE',  ( -1.000000000000000000, -0.0000000000000000000, -0.0000000000000000000 ) ) ;
#5420 = VECTOR ( 'NONE', #6420, 39.37007874015748143 ) ;
#5421 = ORIENTED_EDGE ( 'NONE', *, *, #1932, .F. ) ;
#5422 = EDGE_CURVE ( 'NONE', #577, #3239, #7385, .T. ) ;
#5423 = DIRECTION ( 'NONE',  ( -0.0000000000000000000, 1.000000000000000000, -0.0000000000000000000 ) ) ;
#5424 = CARTESIAN_POINT ( 'NONE',  ( 1.037967468810307547, 3.673940397442060153E-19, -0.05000000000000019013 ) ) ;
#5425 = CARTESIAN_POINT ( 'NONE',  ( 1.975934937620615894, 0.0000000000000000000, -0.09999999999999974187 ) ) ;
#5426 = VERTEX_POINT ( 'NONE', #6166 ) ;
#5427 = AXIS2_PLACEMENT_3D ( 'NONE', #7210, #7248, #5351 ) ;
#5428 = DIRECTION ( 'NONE',  ( -1.000000000000000000, 0.0000000000000000000, -7.776898252968646568E-17 ) ) ;
#5429 = EDGE_LOOP ( 'NONE', ( #798, #7124, #66, #1468 ) ) ;
#5430 = CARTESIAN_POINT ( 'NONE',  ( 0.9379674688103080138, 0.1600000000000031120, -0.05000000000000019013 ) ) ;
#5431 = CARTESIAN_POINT ( 'NONE',  ( 0.4759359376206147019, -0.1100000000000000006, -0.09999999999999989453 ) ) ;
#5432 = EDGE_LOOP ( 'NONE', ( #5669, #1703 ) ) ;
#5433 = EDGE_CURVE ( 'NONE', #5881, #7398, #5572, .T. ) ;
#5434 = CARTESIAN_POINT ( 'NONE',  ( 1.987967468810307503, 0.0000000000000000000, -0.01574999999999984746 ) ) ;
#5435 = VECTOR ( 'NONE', #6463, 39.37007874015748143 ) ;
#5436 = PLANE ( 'NONE',  #3343 ) ;
#5437 = EDGE_LOOP ( 'NONE', ( #5109, #707, #5994, #522, #7172 ) ) ;
#5438 = CARTESIAN_POINT ( 'NONE',  ( 1.799999000000000127, -0.05000000000000000278, 0.0000000000000000000 ) ) ;
#5439 = EDGE_LOOP ( 'NONE', ( #1048, #6685, #114, #6802 ) ) ;
#5440 = DIRECTION ( 'NONE',  ( 0.0000000000000000000, 0.0000000000000000000, 1.000000000000000000 ) ) ;
#5441 = FACE_BOUND ( 'NONE', #7610, .T. ) ;
#5442 = AXIS2_PLACEMENT_3D ( 'NONE', #535, #7203, #5428 ) ;
#5443 = DIRECTION ( 'NONE',  ( 1.000000000000000000, 0.0000000000000000000, 0.0000000000000000000 ) ) ;
#5444 = ORIENTED_EDGE ( 'NONE', *, *, #4109, .T. ) ;
#5445 = EDGE_CURVE ( 'NONE', #7740, #4433, #6762, .T. ) ;
#5446 = DIRECTION ( 'NONE',  ( 1.355298456929802892E-15, 0.0000000000000000000, 1.000000000000000000 ) ) ;
#5447 = DIRECTION ( 'NONE',  ( 1.000000000000000000, 0.0000000000000000000, 0.0000000000000000000 ) ) ;
#5448 = DIRECTION ( 'NONE',  ( -1.000000000000000000, -0.0000000000000000000, -0.0000000000000000000 ) ) ;
#5449 = AXIS2_PLACEMENT_3D ( 'NONE', #4033, #4631, #3351 ) ;
#5450 = EDGE_LOOP ( 'NONE', ( #3630, #2115, #1021, #2815 ) ) ;
#5451 = DIRECTION ( 'NONE',  ( -1.000000000000000000, -0.0000000000000000000, -0.0000000000000000000 ) ) ;
#5452 = EDGE_CURVE ( 'NONE', #4960, #4475, #1952, .T. ) ;
#5453 = VECTOR ( 'NONE', #644, 39.37007874015748854 ) ;
#5454 = ORIENTED_EDGE ( 'NONE', *, *, #4156, .F. ) ;
#5455 = EDGE_LOOP ( 'NONE', ( #7148, #1126, #7296, #3175 ) ) ;
#5456 = CARTESIAN_POINT ( 'NONE',  ( 1.675935937620614880, -0.05000000000000000278, -0.09999999999999989453 ) ) ;
#5457 = AXIS2_PLACEMENT_3D ( 'NONE', #3138, #6788, #1997 ) ;
#5458 = ORIENTED_EDGE ( 'NONE', *, *, #6419, .T. ) ;
#5459 = DIRECTION ( 'NONE',  ( -0.0000000000000000000, 0.0000000000000000000, 1.000000000000000000 ) ) ;
#5460 = CARTESIAN_POINT ( 'NONE',  ( 1.987967468810307503, -0.05000000000000000278, -0.01574999999999984746 ) ) ;
#5461 = EDGE_CURVE ( 'NONE', #961, #4690, #240, .T. ) ;
#5462 = LINE ( 'NONE', #613, #248 ) ;
#5463 = EDGE_LOOP ( 'NONE', ( #3504, #4094, #2506, #2804 ) ) ;
#5464 = CIRCLE ( 'NONE', #4705, 0.02855000000000052288 ) ;
#5465 = LINE ( 'NONE', #3595, #7301 ) ;
#5466 = DIRECTION ( 'NONE',  ( -0.3420201433256022661, -0.0000000000000000000, -0.9396926207859325197 ) ) ;
#5467 = ORIENTED_EDGE ( 'NONE', *, *, #3365, .F. ) ;
#5468 = FACE_OUTER_BOUND ( 'NONE', #3386, .T. ) ;
#5469 = ORIENTED_EDGE ( 'NONE', *, *, #1547, .F. ) ;
#5470 = EDGE_CURVE ( 'NONE', #2576, #4550, #1965, .T. ) ;
#5471 = CARTESIAN_POINT ( 'NONE',  ( 1.137967468810308080, 0.1600000000000031120, -0.05000000000000019013 ) ) ;
#5472 = CARTESIAN_POINT ( 'NONE',  ( 0.8816684688103074707, 0.0000000000000000000, -0.08424999999999953360 ) ) ;
#5473 = ORIENTED_EDGE ( 'NONE', *, *, #6579, .T. ) ;
#5474 = CARTESIAN_POINT ( 'NONE',  ( 0.5999990000000001711, -0.05000000000000000278, 0.0000000000000000000 ) ) ;
#5475 = FACE_OUTER_BOUND ( 'NONE', #7745, .T. ) ;
#5476 = VERTEX_POINT ( 'NONE', #7467 ) ;
#5477 = DIRECTION ( 'NONE',  ( 1.000000000000000000, 0.0000000000000000000, -0.0000000000000000000 ) ) ;
#5478 = ORIENTED_EDGE ( 'NONE', *, *, #5236, .F. ) ;
#5479 = EDGE_CURVE ( 'NONE', #3323, #4779, #680, .T. ) ;
#5480 = DIRECTION ( 'NONE',  ( -0.3420201433256638834, 0.0000000000000000000, 0.9396926207859100932 ) ) ;
#5481 = LINE ( 'NONE', #71, #1963 ) ;
#5482 = LINE ( 'NONE', #7177, #7346 ) ;
#5483 = ORIENTED_EDGE ( 'NONE', *, *, #7490, .T. ) ;
#5484 = FACE_OUTER_BOUND ( 'NONE', #1994, .T. ) ;
#5485 = DIRECTION ( 'NONE',  ( 0.3420201433256638834, 0.0000000000000000000, -0.9396926207859100932 ) ) ;
#5486 = CARTESIAN_POINT ( 'NONE',  ( 1.981667468810307531, -0.05000000000000000278, -0.08424999999999935318 ) ) ;
#5487 = VERTEX_POINT ( 'NONE', #4396 ) ;
#5488 = EDGE_CURVE ( 'NONE', #6273, #1206, #3907, .T. ) ;
#5489 = DIRECTION ( 'NONE',  ( -0.9396926207859072067, 0.0000000000000000000, -0.3420201433256721546 ) ) ;
#5490 = ORIENTED_EDGE ( 'NONE', *, *, #3602, .F. ) ;
#5491 = CARTESIAN_POINT ( 'NONE',  ( 0.5942664688103074244, -0.1100000000000000006, -0.08424999999999957523 ) ) ;
#5492 = ADVANCED_FACE ( 'NONE', ( #5093 ), #5610, .F. ) ;
#5493 = VERTEX_POINT ( 'NONE', #7504 ) ;
#5494 = ADVANCED_FACE ( 'NONE', ( #202 ), #2673, .F. ) ;
#5495 = DIRECTION ( 'NONE',  ( -0.3420201433256720991, 0.0000000000000000000, 0.9396926207859070956 ) ) ;
#5496 = AXIS2_PLACEMENT_3D ( 'NONE', #2911, #7622, #7072 ) ;
#5497 = DIRECTION ( 'NONE',  ( 1.000000000000000000, 0.0000000000000000000, 0.0000000000000000000 ) ) ;
#5498 = CARTESIAN_POINT ( 'NONE',  ( 1.581668468810307315, 0.0000000000000000000, -0.08424999999999954747 ) ) ;
#5499 = ORIENTED_EDGE ( 'NONE', *, *, #6997, .F. ) ;
#5500 = CIRCLE ( 'NONE', #425, 0.02855000000000052288 ) ;
#5501 = LINE ( 'NONE', #57, #6006 ) ;
#5502 = AXIS2_PLACEMENT_3D ( 'NONE', #3249, #2508, #5002 ) ;
#5503 = EDGE_CURVE ( 'NONE', #2219, #1393, #3869, .T. ) ;
#5504 = DIRECTION ( 'NONE',  ( -0.7071067811857981722, 8.659560562364108297E-17, -0.7071067811872967512 ) ) ;
#5505 = LENGTH_MEASURE_WITH_UNIT ( LENGTH_MEASURE( 0.02539999999999999897 ), #1859 );
#5506 = CARTESIAN_POINT ( 'NONE',  ( 0.5816684688103074263, -0.1100000000000000006, -0.08424999999999954747 ) ) ;
#5507 = VECTOR ( 'NONE', #977, 39.37007874015748143 ) ;
#5508 = AXIS2_PLACEMENT_3D ( 'NONE', #952, #3363, #5779 ) ;
#5509 = ORIENTED_EDGE ( 'NONE', *, *, #935, .F. ) ;
#5510 = DIRECTION ( 'NONE',  ( -0.0000000000000000000, 1.000000000000000000, -0.0000000000000000000 ) ) ;
#5511 = FACE_OUTER_BOUND ( 'NONE', #273, .T. ) ;
#5512 = EDGE_LOOP ( 'NONE', ( #3507, #2672, #2358, #3649 ) ) ;
#5513 = EDGE_CURVE ( 'NONE', #2360, #4069, #2084, .T. ) ;
#5514 = AXIS2_PLACEMENT_3D ( 'NONE', #1736, #5975, #4120 ) ;
#5515 = CARTESIAN_POINT ( 'NONE',  ( 1.094266468810307424, 0.0000000000000000000, -0.08424999999999957523 ) ) ;
#5516 = VERTEX_POINT ( 'NONE', #3265 ) ;
#5517 = DIRECTION ( 'NONE',  ( 0.3420201433256720991, 0.0000000000000000000, -0.9396926207859070956 ) ) ;
#5518 = FACE_BOUND ( 'NONE', #2906, .T. ) ;
#5519 = CARTESIAN_POINT ( 'NONE',  ( 1.081668468810307537, -0.1100000000000000006, -0.08424999999999954747 ) ) ;
#5520 = VERTEX_POINT ( 'NONE', #4513 ) ;
#5521 = DIRECTION ( 'NONE',  ( 1.000000000000000000, 0.0000000000000000000, 0.0000000000000000000 ) ) ;
#5522 = CYLINDRICAL_SURFACE ( 'NONE', #5116, 0.02855000000000052635 ) ;
#5523 = EDGE_CURVE ( 'NONE', #4732, #4254, #1491, .T. ) ;
#5524 = LINE ( 'NONE', #599, #7430 ) ;
#5525 = ORIENTED_EDGE ( 'NONE', *, *, #3382, .T. ) ;
#5526 = VECTOR ( 'NONE', #5480, 39.37007874015748854 ) ;
#5527 = LINE ( 'NONE', #5411, #2659 ) ;
#5528 = VECTOR ( 'NONE', #3251, 39.37007874015748143 ) ;
#5529 = EDGE_LOOP ( 'NONE', ( #965, #2931, #6043, #1767, #6812, #2377, #323, #7501, #3974, #3810, #3947, #3359, #4641, #1081, #46, #5628, #6580, #3792, #199, #7761, #1549, #4935, #6174, #4599, #4104, #4366, #4338, #5568, #7018, #3695, #2752, #1363, #5989, #5582, #3062, #443, #4792, #6619, #3381, #1382, #4479, #3210, #449, #7082, #1002, #7003, #4028, #6306, #2987, #7456, #1375, #3684, #6991, #6434, #3301, #6410, #4539, #6670, #3458, #421, #847, #1989, #3725, #675, #6562, #2075, #4423, #5987, #4158, #6989, #5375, #5847, #2690, #614, #6827, #4286, #6324, #5640, #5483, #4852, #5589, #6477, #3441, #6329, #1797, #7801, #3665, #2909, #5675, #6084, #7466, #1094, #4745, #4283, #5499, #7341, #2827, #316, #1848, #29, #4774, #1543, #3980, #2813, #3670, #6242, #5340, #7328, #499, #2423, #3424, #6907, #7250, #5813, #1654, #3398, #5678, #6425, #1756, #5227, #3197, #2152, #4004, #5454, #152, #5309, #1869, #6002, #4756, #5221, #231, #1866, #3252, #6143, #2550, #5607, #6928, #5661, #7605, #7403, #4874, #951, #6680, #4242, #4268, #5238, #1, #7281, #2240, #502, #4030, #3524, #4398, #2303, #4185, #3763, #2686, #54, #109, #3108, #6986, #6906, #7538, #4136 ) ) ;
#5530 = DIRECTION ( 'NONE',  ( -0.0000000000000000000, 1.000000000000000000, -0.0000000000000000000 ) ) ;
#5531 = VERTEX_POINT ( 'NONE', #7519 ) ;
#5532 = CARTESIAN_POINT ( 'NONE',  ( 1.304759118764638570, -0.05000000000000000278, 0.4703044445408626761 ) ) ;
#5533 = CARTESIAN_POINT ( 'NONE',  ( 0.2942664688103074355, -0.05000000000000000278, -0.08424999999999957523 ) ) ;
#5534 = CARTESIAN_POINT ( 'NONE',  ( -0.01203253118969264436, 0.0000000000000000000, -0.08424999999999989442 ) ) ;
#5535 = VERTEX_POINT ( 'NONE', #1025 ) ;
#5536 = AXIS2_PLACEMENT_3D ( 'NONE', #7500, #6868, #3337 ) ;
#5537 = EDGE_CURVE ( 'NONE', #4610, #6719, #869, .T. ) ;
#5538 = FACE_OUTER_BOUND ( 'NONE', #7749, .T. ) ;
#5539 = LINE ( 'NONE', #6618, #7455 ) ;
#5540 = ITEM_DEFINED_TRANSFORMATION ( 'NONE', 'NONE', #2593,  #5651 ) ;
#5541 = CARTESIAN_POINT ( 'NONE',  ( 0.8816684688103074707, -0.05000000000000000278, -0.08424999999999954747 ) ) ;
#5542 = VECTOR ( 'NONE', #5000, 39.37007874015748143 ) ;
#5543 = ORIENTED_EDGE ( 'NONE', *, *, #1686, .F. ) ;
#5544 = ADVANCED_FACE ( 'NONE', ( #6886 ), #5182, .F. ) ;
#5545 = DIRECTION ( 'NONE',  ( 0.9396926207859080948, 0.0000000000000000000, -0.3420201433256695456 ) ) ;
#5546 = CARTESIAN_POINT ( 'NONE',  ( 0.4759359376206147019, -0.1100000000000000006, -9.478001694819074349E-34 ) ) ;
#5547 = ORIENTED_EDGE ( 'NONE', *, *, #1538, .F. ) ;
#5548 = DIRECTION ( 'NONE',  ( -0.0000000000000000000, 1.000000000000000000, -0.0000000000000000000 ) ) ;
#5549 = ORIENTED_EDGE ( 'NONE', *, *, #4989, .T. ) ;
#5550 = CARTESIAN_POINT ( 'NONE',  ( 1.299999000000000127, 0.0000000000000000000, -0.09999999999999989453 ) ) ;
#5551 = DIRECTION ( 'NONE',  ( -1.000000000000000000, 0.0000000000000000000, -7.776898252968646568E-17 ) ) ;
#5552 = VERTEX_POINT ( 'NONE', #5103 ) ;
#5553 = ADVANCED_FACE ( 'NONE', ( #5144 ), #3880, .F. ) ;
#5554 = VECTOR ( 'NONE', #2060, 39.37007874015748143 ) ;
#5555 = ORIENTED_EDGE ( 'NONE', *, *, #983, .T. ) ;
#5556 = FACE_OUTER_BOUND ( 'NONE', #658, .T. ) ;
#5557 = PLANE ( 'NONE',  #4872 ) ;
#5558 = DIRECTION ( 'NONE',  ( 0.0000000000000000000, 0.0000000000000000000, 1.000000000000000000 ) ) ;
#5559 = VECTOR ( 'NONE', #5693, 39.37007874015748143 ) ;
#5560 = ORIENTED_EDGE ( 'NONE', *, *, #6892, .F. ) ;
#5561 = EDGE_CURVE ( 'NONE', #2321, #4409, #1542, .T. ) ;
#5562 = CARTESIAN_POINT ( 'NONE',  ( 0.3942664688103074133, -0.1100000000000000006, -0.01574999999999998623 ) ) ;
#5563 = EDGE_LOOP ( 'NONE', ( #5799, #5739, #4970, #4303 ) ) ;
#5564 = ORIENTED_EDGE ( 'NONE', *, *, #6561, .F. ) ;
#5565 = VECTOR ( 'NONE', #7585, 39.37007874015748143 ) ;
#5566 = CARTESIAN_POINT ( 'NONE',  ( 1.337967468810307370, 3.673940397442060153E-19, -0.05000000000000019013 ) ) ;
#5567 = LINE ( 'NONE', #5491, #170 ) ;
#5568 = ORIENTED_EDGE ( 'NONE', *, *, #442, .F. ) ;
#5569 = DIRECTION ( 'NONE',  ( 0.0000000000000000000, 0.0000000000000000000, 1.000000000000000000 ) ) ;
#5570 = VECTOR ( 'NONE', #2749, 39.37007874015748143 ) ;
#5571 = EDGE_CURVE ( 'NONE', #1770, #7539, #1503, .T. ) ;
#5572 = LINE ( 'NONE', #768, #7266 ) ;
#5573 = CARTESIAN_POINT ( 'NONE',  ( 0.0000000000000000000, -0.05000000000000000278, 0.0000000000000000000 ) ) ;
#5574 = VERTEX_POINT ( 'NONE', #4598 ) ;
#5575 = AXIS2_PLACEMENT_3D ( 'NONE', #4557, #1912, #4596 ) ;
#5576 = DIRECTION ( 'NONE',  ( 1.000000000000000000, 0.0000000000000000000, -0.0000000000000000000 ) ) ;
#5577 = CYLINDRICAL_SURFACE ( 'NONE', #6321, 0.02855000000000052635 ) ;
#5578 = EDGE_CURVE ( 'NONE', #7197, #4767, #2723, .T. ) ;
#5579 = APPLICATION_PROTOCOL_DEFINITION ( 'draft international standard', 'automotive_design', 1998, #5834 ) ;
#5580 = CARTESIAN_POINT ( 'NONE',  ( 1.237967468810307281, -0.05000000000000000278, -0.07855000000000071647 ) ) ;
#5581 = VECTOR ( 'NONE', #529, 39.37007874015748143 ) ;
#5582 = ORIENTED_EDGE ( 'NONE', *, *, #2179, .F. ) ;
#5583 = DIRECTION ( 'NONE',  ( 0.0000000000000000000, 0.0000000000000000000, 1.000000000000000000 ) ) ;
#5584 = DIRECTION ( 'NONE',  ( 0.0000000000000000000, 0.0000000000000000000, 1.000000000000000000 ) ) ;
#5585 = ORIENTED_EDGE ( 'NONE', *, *, #5024, .F. ) ;
#5586 = MECHANICAL_DESIGN_GEOMETRIC_PRESENTATION_REPRESENTATION (  '', ( #5204 ), #7318 ) ;
#5587 = EDGE_CURVE ( 'NONE', #6235, #3296, #6883, .T. ) ;
#5588 = LINE ( 'NONE', #872, #6441 ) ;
#5589 = ORIENTED_EDGE ( 'NONE', *, *, #7704, .T. ) ;
#5590 = DIRECTION ( 'NONE',  ( -0.0000000000000000000, 1.000000000000000000, -0.0000000000000000000 ) ) ;
#5591 = FACE_BOUND ( 'NONE', #894, .T. ) ;
#5592 = ORIENTED_EDGE ( 'NONE', *, *, #775, .F. ) ;
#5593 = ORIENTED_EDGE ( 'NONE', *, *, #4062, .F. ) ;
#5594 = DIRECTION ( 'NONE',  ( 0.0000000000000000000, 0.0000000000000000000, 1.000000000000000000 ) ) ;
#5595 = LINE ( 'NONE', #145, #2830 ) ;
#5596 = LINE ( 'NONE', #5003, #205 ) ;
#5597 = EDGE_CURVE ( 'NONE', #808, #7103, #251, .T. ) ;
#5598 = ADVANCED_FACE ( 'NONE', ( #2800 ), #4560, .F. ) ;
#5599 = VERTEX_POINT ( 'NONE', #3316 ) ;
#5600 = DIRECTION ( 'NONE',  ( 0.0000000000000000000, 0.0000000000000000000, 1.000000000000000000 ) ) ;
#5601 = VERTEX_POINT ( 'NONE', #1576 ) ;
#5602 = ORIENTED_EDGE ( 'NONE', *, *, #2816, .T. ) ;
#5603 = CARTESIAN_POINT ( 'NONE',  ( 0.0000000000000000000, 1.102182119232193667E-18, -0.008999999999996536812 ) ) ;
#5604 = FACE_OUTER_BOUND ( 'NONE', #2551, .T. ) ;
#5605 = DIRECTION ( 'NONE',  ( 1.000000000000000000, 0.0000000000000000000, 0.0000000000000000000 ) ) ;
#5606 = EDGE_CURVE ( 'NONE', #1369, #6273, #6966, .T. ) ;
#5607 = ORIENTED_EDGE ( 'NONE', *, *, #5358, .F. ) ;
#5608 = CARTESIAN_POINT ( 'NONE',  ( 1.175935937620614880, -0.1100000000000000006, -9.478001694819074349E-34 ) ) ;
#5609 = ORIENTED_EDGE ( 'NONE', *, *, #7670, .F. ) ;
#5610 = PLANE ( 'NONE',  #1569 ) ;
#5611 = VERTEX_POINT ( 'NONE', #3434 ) ;
#5612 = CARTESIAN_POINT ( 'NONE',  ( 0.0000000000000000000, 1.102182119232337727E-18, -0.008999999999997711220 ) ) ;
#5613 = EDGE_CURVE ( 'NONE', #3924, #6520, #3958, .T. ) ;
#5614 = VECTOR ( 'NONE', #6881, 39.37007874015748854 ) ;
#5615 = CARTESIAN_POINT ( 'NONE',  ( 0.7942664688103074910, -0.1100000000000000006, -0.08424999999999957523 ) ) ;
#5616 = PLANE ( 'NONE',  #6248 ) ;
#5617 = ORIENTED_EDGE ( 'NONE', *, *, #1967, .F. ) ;
#5618 = VECTOR ( 'NONE', #1061, 39.37007874015748143 ) ;
#5619 = CARTESIAN_POINT ( 'NONE',  ( 0.2999990000000001267, -0.1100000000000000006, -0.09999999999999989453 ) ) ;
#5620 = FACE_OUTER_BOUND ( 'NONE', #5439, .T. ) ;
#5621 = EDGE_CURVE ( 'NONE', #1600, #2873, #3358, .T. ) ;
#5622 = ORIENTED_EDGE ( 'NONE', *, *, #1679, .T. ) ;
#5623 = CYLINDRICAL_SURFACE ( 'NONE', #3783, 0.02855000000000052635 ) ;
#5624 = AXIS2_PLACEMENT_3D ( 'NONE', #2448, #4870, #7280 ) ;
#5625 = EDGE_LOOP ( 'NONE', ( #7508, #5250, #3287, #6338 ) ) ;
#5626 = CYLINDRICAL_SURFACE ( 'NONE', #6405, 0.02855000000000052635 ) ;
#5627 = CARTESIAN_POINT ( 'NONE',  ( 1.781668468810307493, -0.1100000000000000006, -0.01574999999999998623 ) ) ;
#5628 = ORIENTED_EDGE ( 'NONE', *, *, #5857, .F. ) ;
#5629 = ORIENTED_EDGE ( 'NONE', *, *, #7558, .T. ) ;
#5630 = VECTOR ( 'NONE', #2516, 39.37007874015748143 ) ;
#5631 = CARTESIAN_POINT ( 'NONE',  ( 1.975934937620615894, 0.0000000000000000000, -0.09999999999999974187 ) ) ;
#5632 = EDGE_CURVE ( 'NONE', #5195, #7426, #331, .T. ) ;
#5633 = CARTESIAN_POINT ( 'NONE',  ( 0.8999990000000001045, 0.0000000000000000000, -0.09999999999999989453 ) ) ;
#5634 = CARTESIAN_POINT ( 'NONE',  ( 1.781668468810307493, -0.1100000000000000006, -0.01574999999999998623 ) ) ;
#5635 = FACE_OUTER_BOUND ( 'NONE', #2390, .T. ) ;
#5636 = VERTEX_POINT ( 'NONE', #5812 ) ;
#5637 = VECTOR ( 'NONE', #7222, 39.37007874015748143 ) ;
#5638 = LINE ( 'NONE', #5562, #897 ) ;
#5639 = ADVANCED_FACE ( 'NONE', ( #2646 ), #5220, .F. ) ;
#5640 = ORIENTED_EDGE ( 'NONE', *, *, #2737, .T. ) ;
#5641 = CARTESIAN_POINT ( 'NONE',  ( 0.2050000000000032074, 0.0000000000000000000, 0.008999999999996528138 ) ) ;
#5642 = CARTESIAN_POINT ( 'NONE',  ( 1.975934937620615894, -0.05000000000000000278, -0.09999999999999974187 ) ) ;
#5643 = CARTESIAN_POINT ( 'NONE',  ( 1.181668468810307626, -0.1100000000000000006, -0.01574999999999998623 ) ) ;
#5644 = ORIENTED_EDGE ( 'NONE', *, *, #2915, .T. ) ;
#5645 = DIRECTION ( 'NONE',  ( -0.3420201433256720991, 0.0000000000000000000, 0.9396926207859070956 ) ) ;
#5646 = EDGE_LOOP ( 'NONE', ( #2688, #2983 ) ) ;
#5647 = CARTESIAN_POINT ( 'NONE',  ( 0.07593593762061463803, -0.1100000000000000006, -0.09999999999999989453 ) ) ;
#5648 = FILL_AREA_STYLE_COLOUR ( '', #7476 ) ;
#5649 = EDGE_CURVE ( 'NONE', #487, #7133, #7042, .T. ) ;
#5650 = ORIENTED_EDGE ( 'NONE', *, *, #6568, .F. ) ;
#5651 = AXIS2_PLACEMENT_3D ( 'NONE', #4680, #3963, #5817 ) ;
#5652 = DIRECTION ( 'NONE',  ( 0.9396926207859100932, 0.0000000000000000000, 0.3420201433256638834 ) ) ;
#5653 = CARTESIAN_POINT ( 'NONE',  ( 0.0000000000000000000, -0.05000000000000000278, 0.0000000000000000000 ) ) ;
#5654 = DIRECTION ( 'NONE',  ( 0.0000000000000000000, 0.0000000000000000000, 1.000000000000000000 ) ) ;
#5655 = LINE ( 'NONE', #940, #6370 ) ;
#5656 = CARTESIAN_POINT ( 'NONE',  ( 1.679983483020204504, -0.05000000000000000278, -0.6383749443013384539 ) ) ;
#5657 = CIRCLE ( 'NONE', #6803, 0.02855000000000052982 ) ;
#5658 = ADVANCED_FACE ( 'NONE', ( #6451 ), #2058, .F. ) ;
#5659 = CARTESIAN_POINT ( 'NONE',  ( 1.894266468810307691, -0.1100000000000000006, -0.01574999999999998623 ) ) ;
#5660 = DIRECTION ( 'NONE',  ( 0.3420201433256720991, 0.0000000000000000000, -0.9396926207859070956 ) ) ;
#5661 = ORIENTED_EDGE ( 'NONE', *, *, #6079, .F. ) ;
#5662 = VECTOR ( 'NONE', #303, 39.37007874015748854 ) ;
#5663 = CYLINDRICAL_SURFACE ( 'NONE', #1760, 0.02855000000000052635 ) ;
#5664 = VERTEX_POINT ( 'NONE', #2413 ) ;
#5665 = CARTESIAN_POINT ( 'NONE',  ( 0.1850000000000032174, 3.551475717527324911E-18, -0.02900000000000000147 ) ) ;
#5666 = DIRECTION ( 'NONE',  ( -0.0000000000000000000, 1.000000000000000000, -0.0000000000000000000 ) ) ;
#5667 = EDGE_CURVE ( 'NONE', #5856, #7201, #6657, .T. ) ;
#5668 = ORIENTED_EDGE ( 'NONE', *, *, #515, .T. ) ;
#5669 = ORIENTED_EDGE ( 'NONE', *, *, #6042, .F. ) ;
#5670 = CIRCLE ( 'NONE', #6427, 0.02855000000000052982 ) ;
#5671 = SPHERICAL_SURFACE ( 'NONE', #1368, 0.009000000000000915254 ) ;
#5672 = CARTESIAN_POINT ( 'NONE',  ( 0.0000000000000000000, -0.05000000000000000278, 0.0000000000000000000 ) ) ;
#5673 = LINE ( 'NONE', #226, #3800 ) ;
#5674 = PLANE ( 'NONE',  #4804 ) ;
#5675 = ORIENTED_EDGE ( 'NONE', *, *, #3302, .T. ) ;
#5676 = CARTESIAN_POINT ( 'NONE',  ( 0.9816684688103075596, -0.1100000000000000006, -0.08424999999999954747 ) ) ;
#5677 = ADVANCED_FACE ( 'NONE', ( #7161 ), #7239, .F. ) ;
#5678 = ORIENTED_EDGE ( 'NONE', *, *, #2171, .T. ) ;
#5679 = VERTEX_POINT ( 'NONE', #4714 ) ;
#5680 = LINE ( 'NONE', #6319, #6268 ) ;
#5681 = LINE ( 'NONE', #3178, #2498 ) ;
#5682 = VECTOR ( 'NONE', #2499, 39.37007874015748143 ) ;
#5683 = ORIENTED_EDGE ( 'NONE', *, *, #3623, .F. ) ;
#5684 = FACE_OUTER_BOUND ( 'NONE', #5330, .T. ) ;
#5685 = EDGE_CURVE ( 'NONE', #1721, #7683, #4241, .T. ) ;
#5686 = EDGE_LOOP ( 'NONE', ( #3066, #7567, #3371, #5803 ) ) ;
#5687 = LINE ( 'NONE', #3789, #3596 ) ;
#5688 = AXIS2_PLACEMENT_3D ( 'NONE', #7792, #2960, #3116 ) ;
#5689 = CARTESIAN_POINT ( 'NONE',  ( 1.694266468810307513, -0.05000000000000000278, -0.08424999999999957523 ) ) ;
#5690 = VERTEX_POINT ( 'NONE', #5977 ) ;
#5691 = DIRECTION ( 'NONE',  ( 1.000000000000000000, 0.0000000000000000000, 0.0000000000000000000 ) ) ;
#5692 = VECTOR ( 'NONE', #6009, 39.37007874015748143 ) ;
#5693 = DIRECTION ( 'NONE',  ( -0.3420201433256663259, 0.0000000000000000000, -0.9396926207859092051 ) ) ;
#5694 = EDGE_CURVE ( 'NONE', #4229, #7619, #412, .T. ) ;
#5695 = EDGE_CURVE ( 'NONE', #74, #4998, #2707, .T. ) ;
#5696 = ITEM_DEFINED_TRANSFORMATION ( 'NONE', 'NONE', #6146,  #5651 ) ;
#5697 = DIRECTION ( 'NONE',  ( -0.0000000000000000000, 1.000000000000000000, -0.0000000000000000000 ) ) ;
#5698 = CARTESIAN_POINT ( 'NONE',  ( 1.137967468810307414, 3.673940397442060153E-19, -0.02144999999999966031 ) ) ;
#5699 = VECTOR ( 'NONE', #4501, 39.37007874015748143 ) ;
#5700 = DIRECTION ( 'NONE',  ( -0.3420201433256638834, 0.0000000000000000000, 0.9396926207859100932 ) ) ;
#5701 = ORIENTED_EDGE ( 'NONE', *, *, #6462, .T. ) ;
#5702 = ADVANCED_FACE ( 'NONE', ( #533 ), #5892, .F. ) ;
#5703 = LINE ( 'NONE', #1506, #4043 ) ;
#5704 = VECTOR ( 'NONE', #1755, 39.37007874015748143 ) ;
#5705 = ORIENTED_EDGE ( 'NONE', *, *, #2021, .F. ) ;
#5706 = DIRECTION ( 'NONE',  ( -1.000000000000000000, 0.0000000000000000000, -0.0000000000000000000 ) ) ;
#5707 = ORIENTED_EDGE ( 'NONE', *, *, #2306, .F. ) ;
#5708 = ORIENTED_EDGE ( 'NONE', *, *, #6351, .F. ) ;
#5709 = CARTESIAN_POINT ( 'NONE',  ( 1.175935937620614880, -0.05000000000000000278, -0.09999999999999989453 ) ) ;
#5710 = CIRCLE ( 'NONE', #7226, 0.02855000000000052982 ) ;
#5711 = DIRECTION ( 'NONE',  ( -0.0000000000000000000, 1.000000000000000000, -0.0000000000000000000 ) ) ;
#5712 = DIRECTION ( 'NONE',  ( -0.3420201433256656043, 0.0000000000000000000, 0.9396926207859094271 ) ) ;
#5713 = EDGE_CURVE ( 'NONE', #1893, #2071, #4795, .T. ) ;
#5714 = DIRECTION ( 'NONE',  ( 1.000000000000000000, 0.0000000000000000000, 0.0000000000000000000 ) ) ;
#5715 = ORIENTED_EDGE ( 'NONE', *, *, #5765, .T. ) ;
#5716 = DIRECTION ( 'NONE',  ( 0.3420201433256695456, 0.0000000000000000000, 0.9396926207859080948 ) ) ;
#5717 = ORIENTED_EDGE ( 'NONE', *, *, #1519, .F. ) ;
#5718 = ORIENTED_EDGE ( 'NONE', *, *, #1995, .F. ) ;
#5719 = CARTESIAN_POINT ( 'NONE',  ( 1.382170179236039687, -0.05000000000000000278, 0.4984797663554199065 ) ) ;
#5720 = FACE_OUTER_BOUND ( 'NONE', #4024, .T. ) ;
#5721 = ADVANCED_FACE ( 'NONE', ( #1181 ), #7668, .F. ) ;
#5722 = VERTEX_POINT ( 'NONE', #2252 ) ;
#5723 = FACE_OUTER_BOUND ( 'NONE', #2380, .T. ) ;
#5724 = EDGE_LOOP ( 'NONE', ( #7187, #444, #2365, #3986 ) ) ;
#5725 = CARTESIAN_POINT ( 'NONE',  ( 1.037967468810307547, 0.0000000000000000000, -0.02144999999999966725 ) ) ;
#5726 = ORIENTED_EDGE ( 'NONE', *, *, #6280, .T. ) ;
#5727 = EDGE_CURVE ( 'NONE', #4229, #3701, #7079, .T. ) ;
#5728 = DIRECTION ( 'NONE',  ( -1.000000000000000000, 0.0000000000000000000, -0.0000000000000000000 ) ) ;
#5729 = EDGE_CURVE ( 'NONE', #7557, #3611, #2958, .T. ) ;
#5730 = DIRECTION ( 'NONE',  ( -1.000000000000000000, -0.0000000000000000000, -0.0000000000000000000 ) ) ;
#5731 = DIRECTION ( 'NONE',  ( 1.000000000000000000, 0.0000000000000000000, -0.0000000000000000000 ) ) ;
#5732 = DIRECTION ( 'NONE',  ( -1.000000000000000000, -0.0000000000000000000, -0.0000000000000000000 ) ) ;
#5733 = LINE ( 'NONE', #5180, #5921 ) ;
#5734 = EDGE_CURVE ( 'NONE', #179, #749, #3638, .T. ) ;
#5735 = AXIS2_PLACEMENT_3D ( 'NONE', #5129, #5951, #511 ) ;
#5736 = DIRECTION ( 'NONE',  ( 0.0000000000000000000, 0.0000000000000000000, 1.000000000000000000 ) ) ;
#5737 = EDGE_LOOP ( 'NONE', ( #2493, #4207, #924, #923 ) ) ;
#5738 = LINE ( 'NONE', #178, #5173 ) ;
#5739 = ORIENTED_EDGE ( 'NONE', *, *, #4914, .T. ) ;
#5740 = CYLINDRICAL_SURFACE ( 'NONE', #1688, 0.02855000000000052635 ) ;
#5741 = AXIS2_PLACEMENT_3D ( 'NONE', #3673, #2444, #1890 ) ;
#5742 = VERTEX_POINT ( 'NONE', #3517 ) ;
#5743 = CARTESIAN_POINT ( 'NONE',  ( 0.009000000000000368816, 0.0000000000000000000, 0.0000000000000000000 ) ) ;
#5744 = LINE ( 'NONE', #5783, #2585 ) ;
#5745 = CARTESIAN_POINT ( 'NONE',  ( 1.394266468810307469, -0.1100000000000000006, -0.01574999999999998623 ) ) ;
#5746 = AXIS2_PLACEMENT_3D ( 'NONE', #4486, #6534, #1658 ) ;
#5747 = AXIS2_PLACEMENT_3D ( 'NONE', #2928, #6497, #5352 ) ;
#5748 = VERTEX_POINT ( 'NONE', #2373 ) ;
#5749 = LINE ( 'NONE', #3937, #2419 ) ;
#5750 = VERTEX_POINT ( 'NONE', #1738 ) ;
#5751 = VECTOR ( 'NONE', #2052, 39.37007874015748143 ) ;
#5752 = EDGE_CURVE ( 'NONE', #730, #2873, #2876, .T. ) ;
#5753 = AXIS2_PLACEMENT_3D ( 'NONE', #3926, #2727, #5706 ) ;
#5754 = VERTEX_POINT ( 'NONE', #1695 ) ;
#5755 = LINE ( 'NONE', #313, #3477 ) ;
#5756 = DIRECTION ( 'NONE',  ( 7.776898252968646568E-17, 0.0000000000000000000, -1.000000000000000000 ) ) ;
#5757 = AXIS2_PLACEMENT_3D ( 'NONE', #2818, #2702, #1638 ) ;
#5758 = ORIENTED_EDGE ( 'NONE', *, *, #2816, .F. ) ;
#5759 = AXIS2_PLACEMENT_3D ( 'NONE', #4246, #6662, #3043 ) ;
#5760 = DIRECTION ( 'NONE',  ( -3.387708325476583695E-16, 0.0000000000000000000, 1.000000000000000000 ) ) ;
#5761 = VERTEX_POINT ( 'NONE', #1146 ) ;
#5762 = LINE ( 'NONE', #7578, #7716 ) ;
#5763 = CARTESIAN_POINT ( 'NONE',  ( 0.6942664688103074022, 0.0000000000000000000, -0.08424999999999957523 ) ) ;
#5764 = ORIENTED_EDGE ( 'NONE', *, *, #6879, .T. ) ;
#5765 = EDGE_CURVE ( 'NONE', #7520, #3494, #4202, .T. ) ;
#5766 = ORIENTED_EDGE ( 'NONE', *, *, #1494, .F. ) ;
#5767 = DIRECTION ( 'NONE',  ( -0.0000000000000000000, 1.000000000000000000, -0.0000000000000000000 ) ) ;
#5768 = PLANE ( 'NONE',  #625 ) ;
#5769 = FACE_OUTER_BOUND ( 'NONE', #1923, .T. ) ;
#5770 = AXIS2_PLACEMENT_3D ( 'NONE', #1078, #6941, #5788 ) ;
#5771 = DIRECTION ( 'NONE',  ( -0.3420201433256663259, 0.0000000000000000000, -0.9396926207859092051 ) ) ;
#5772 = EDGE_CURVE ( 'NONE', #4779, #929, #6616, .T. ) ;
#5773 = DIRECTION ( 'NONE',  ( 1.355298456929802892E-15, 0.0000000000000000000, 1.000000000000000000 ) ) ;
#5774 = CARTESIAN_POINT ( 'NONE',  ( 1.394266468810307469, 0.0000000000000000000, -0.08424999999999957523 ) ) ;
#5775 = ORIENTED_EDGE ( 'NONE', *, *, #5587, .T. ) ;
#5776 = CYLINDRICAL_SURFACE ( 'NONE', #7574, 0.02855000000000052635 ) ;
#5777 = VECTOR ( 'NONE', #4088, 39.37007874015748143 ) ;
#5778 = ORIENTED_EDGE ( 'NONE', *, *, #6831, .T. ) ;
#5779 = DIRECTION ( 'NONE',  ( 0.3420201433256638834, 0.0000000000000000000, -0.9396926207859100932 ) ) ;
#5780 = ADVANCED_FACE ( 'NONE', ( #4161 ), #6575, .F. ) ;
#5781 = ORIENTED_EDGE ( 'NONE', *, *, #5470, .T. ) ;
#5782 = CARTESIAN_POINT ( 'NONE',  ( 0.8942664688103074688, -0.1100000000000000006, -0.01574999999999998623 ) ) ;
#5783 = CARTESIAN_POINT ( 'NONE',  ( 1.294266468810307380, -0.1100000000000000006, -0.08424999999999957523 ) ) ;
#5784 = VECTOR ( 'NONE', #7100, 39.37007874015748143 ) ;
#5785 = DIRECTION ( 'NONE',  ( 0.0000000000000000000, 0.0000000000000000000, 1.000000000000000000 ) ) ;
#5786 = DIRECTION ( 'NONE',  ( -0.3420201433256022661, 0.0000000000000000000, -0.9396926207859325197 ) ) ;
#5787 = ORIENTED_EDGE ( 'NONE', *, *, #455, .T. ) ;
#5788 = DIRECTION ( 'NONE',  ( -0.3420201433256695456, 0.0000000000000000000, -0.9396926207859080948 ) ) ;
#5789 = ADVANCED_FACE ( 'NONE', ( #7390 ), #4325, .F. ) ;
#5790 = DIRECTION ( 'NONE',  ( -1.000000000000000000, 0.0000000000000000000, -7.776898252968646568E-17 ) ) ;
#5791 = AXIS2_PLACEMENT_3D ( 'NONE', #2767, #3930, #5190 ) ;
#5792 = ORIENTED_EDGE ( 'NONE', *, *, #4868, .T. ) ;
#5793 = ORIENTED_EDGE ( 'NONE', *, *, #6779, .F. ) ;
#5794 = CARTESIAN_POINT ( 'NONE',  ( 1.194266468810307513, 0.0000000000000000000, -0.01574999999999998623 ) ) ;
#5795 = CARTESIAN_POINT ( 'NONE',  ( 1.975934937620615894, -0.05000000000000000278, -0.09999999999999974187 ) ) ;
#5796 = AXIS2_PLACEMENT_3D ( 'NONE', #4169, #4252, #1190 ) ;
#5797 = EDGE_CURVE ( 'NONE', #1047, #6778, #6843, .T. ) ;
#5798 = ORIENTED_EDGE ( 'NONE', *, *, #2243, .T. ) ;
#5799 = ORIENTED_EDGE ( 'NONE', *, *, #3180, .F. ) ;
#5800 = CARTESIAN_POINT ( 'NONE',  ( 0.6094656554642567947, -0.05000000000000000278, -0.2487383198196597145 ) ) ;
#5801 = DIRECTION ( 'NONE',  ( -0.0000000000000000000, 1.000000000000000000, -0.0000000000000000000 ) ) ;
#5802 = VERTEX_POINT ( 'NONE', #6804 ) ;
#5803 = ORIENTED_EDGE ( 'NONE', *, *, #4517, .T. ) ;
#5804 = VECTOR ( 'NONE', #7482, 39.37007874015748143 ) ;
#5805 = LINE ( 'NONE', #362, #555 ) ;
#5806 = EDGE_CURVE ( 'NONE', #6952, #7446, #166, .T. ) ;
#5807 = CARTESIAN_POINT ( 'NONE',  ( 0.1250000000000020817, 0.0000000000000000000, 0.0000000000000000000 ) ) ;
#5808 = AXIS2_PLACEMENT_3D ( 'NONE', #7593, #1107, #4600 ) ;
#5809 = CARTESIAN_POINT ( 'NONE',  ( 1.537967468810307325, -0.05000000000000000278, -0.02144999999999967072 ) ) ;
#5810 = CARTESIAN_POINT ( 'NONE',  ( 0.6999990000000000379, -0.05000000000000000278, 0.0000000000000000000 ) ) ;
#5811 = VECTOR ( 'NONE', #2443, 39.37007874015748854 ) ;
#5812 = CARTESIAN_POINT ( 'NONE',  ( 0.1850000000000032174, 0.0000000000000000000, 0.02800000000000000405 ) ) ;
#5813 = ORIENTED_EDGE ( 'NONE', *, *, #2990, .F. ) ;
#5814 = EDGE_CURVE ( 'NONE', #1251, #7697, #5500, .T. ) ;
#5815 = LINE ( 'NONE', #2881, #5935 ) ;
#5816 = VERTEX_POINT ( 'NONE', #3678 ) ;
#5817 = DIRECTION ( 'NONE',  ( 1.000000000000000000, 0.0000000000000000000, 0.0000000000000000000 ) ) ;
#5818 = FACE_OUTER_BOUND ( 'NONE', #6782, .T. ) ;
#5819 = VECTOR ( 'NONE', #2822, 39.37007874015748143 ) ;
#5820 = VERTEX_POINT ( 'NONE', #3075 ) ;
#5821 = LINE ( 'NONE', #381, #1621 ) ;
#5822 = CARTESIAN_POINT ( 'NONE',  ( 1.081668468810307537, 0.0000000000000000000, -0.01574999999999998623 ) ) ;
#5823 = CARTESIAN_POINT ( 'NONE',  ( 0.03796746881030733239, 3.673940397442060153E-19, -0.05000000000000019013 ) ) ;
#5824 = VECTOR ( 'NONE', #4650, 39.37007874015748143 ) ;
#5825 = CARTESIAN_POINT ( 'NONE',  ( 1.737967468810307281, 0.0000000000000000000, -0.05000000000000019013 ) ) ;
#5826 = ORIENTED_EDGE ( 'NONE', *, *, #4882, .F. ) ;
#5827 = DIRECTION ( 'NONE',  ( -0.0000000000000000000, 1.000000000000000000, -0.0000000000000000000 ) ) ;
#5828 = VECTOR ( 'NONE', #3073, 39.37007874015748143 ) ;
#5829 = VERTEX_POINT ( 'NONE', #732 ) ;
#5830 = ORIENTED_EDGE ( 'NONE', *, *, #3602, .T. ) ;
#5831 = PLANE ( 'NONE',  #55 ) ;
#5832 = DIRECTION ( 'NONE',  ( -0.3420201433256022661, -0.0000000000000000000, -0.9396926207859325197 ) ) ;
#5833 = EDGE_CURVE ( 'NONE', #3461, #6542, #3755, .T. ) ;
#5834 = APPLICATION_CONTEXT ( 'automotive_design' ) ;
#5835 = AXIS2_PLACEMENT_3D ( 'NONE', #4027, #5839, #5170 ) ;
#5836 = EDGE_LOOP ( 'NONE', ( #3469, #6957, #4679, #1636 ) ) ;
#5837 = ORIENTED_EDGE ( 'NONE', *, *, #3206, .T. ) ;
#5838 = CARTESIAN_POINT ( 'NONE',  ( 0.4379674688103074032, -0.05000000000000000278, -0.07855000000000071647 ) ) ;
#5839 = DIRECTION ( 'NONE',  ( 0.0000000000000000000, 0.0000000000000000000, 1.000000000000000000 ) ) ;
#5840 = ORIENTED_EDGE ( 'NONE', *, *, #6607, .T. ) ;
#5841 = ORIENTED_EDGE ( 'NONE', *, *, #5331, .F. ) ;
#5842 = EDGE_CURVE ( 'NONE', #564, #2534, #617, .T. ) ;
#5843 = DIRECTION ( 'NONE',  ( -0.3420201433256695456, 0.0000000000000000000, -0.9396926207859080948 ) ) ;
#5844 = CARTESIAN_POINT ( 'NONE',  ( 1.781668468810307493, -0.1100000000000000006, -0.01574999999999998623 ) ) ;
#5845 = FACE_OUTER_BOUND ( 'NONE', #428, .T. ) ;
#5846 = LINE ( 'NONE', #406, #2543 ) ;
#5847 = ORIENTED_EDGE ( 'NONE', *, *, #3651, .F. ) ;
#5848 = ADVANCED_FACE ( 'NONE', ( #6731 ), #1894, .T. ) ;
#5849 = CARTESIAN_POINT ( 'NONE',  ( 0.3816684688103073597, 0.0000000000000000000, -0.01574999999999998623 ) ) ;
#5850 = CARTESIAN_POINT ( 'NONE',  ( 0.2942664688103074355, -0.1100000000000000006, -0.01574999999999998623 ) ) ;
#5851 = ORIENTED_EDGE ( 'NONE', *, *, #6407, .F. ) ;
#5852 = FACE_OUTER_BOUND ( 'NONE', #5206, .T. ) ;
#5853 = VERTEX_POINT ( 'NONE', #7431 ) ;
#5854 = CARTESIAN_POINT ( 'NONE',  ( 0.0000000000000000000, 0.0000000000000000000, 0.0000000000000000000 ) ) ;
#5855 = DIRECTION ( 'NONE',  ( 0.9396926207859080948, 0.0000000000000000000, -0.3420201433256695456 ) ) ;
#5856 = VERTEX_POINT ( 'NONE', #695 ) ;
#5857 = EDGE_CURVE ( 'NONE', #7191, #1739, #1972, .T. ) ;
#5858 = LINE ( 'NONE', #422, #1355 ) ;
#5859 = CARTESIAN_POINT ( 'NONE',  ( 0.3759359376206146686, 0.0000000000000000000, -9.478001694819074349E-34 ) ) ;
#5860 = DIRECTION ( 'NONE',  ( 0.0000000000000000000, 0.0000000000000000000, 1.000000000000000000 ) ) ;
#5861 = LINE ( 'NONE', #4608, #6184 ) ;
#5862 = VECTOR ( 'NONE', #4709, 39.37007874015748143 ) ;
#5863 = EDGE_LOOP ( 'NONE', ( #5366, #4499, #4087, #2817 ) ) ;
#5864 = PLANE ( 'NONE',  #6209 ) ;
#5865 = ORIENTED_EDGE ( 'NONE', *, *, #30, .T. ) ;
#5866 = ADVANCED_FACE ( 'NONE', ( #6099 ), #2601, .F. ) ;
#5867 = CARTESIAN_POINT ( 'NONE',  ( 1.699999000000000260, 0.0000000000000000000, -0.09999999999999989453 ) ) ;
#5868 = VECTOR ( 'NONE', #4523, 39.37007874015748143 ) ;
#5869 = FACE_OUTER_BOUND ( 'NONE', #4123, .T. ) ;
#5870 = LINE ( 'NONE', #2271, #6295 ) ;
#5871 = VECTOR ( 'NONE', #6899, 39.37007874015748143 ) ;
#5872 = UNCERTAINTY_MEASURE_WITH_UNIT (LENGTH_MEASURE( 1.000000000000000082E-05 ), #7505, 'distance_accuracy_value', 'NONE');
#5873 = EDGE_LOOP ( 'NONE', ( #2397, #1232 ) ) ;
#5874 = ORIENTED_EDGE ( 'NONE', *, *, #900, .T. ) ;
#5875 = ITEM_DEFINED_TRANSFORMATION ( 'NONE', 'NONE', #1591,  #5651 ) ;
#5876 = AXIS2_PLACEMENT_3D ( 'NONE', #7739, #2866, #2280 ) ;
#5877 = DIRECTION ( 'NONE',  ( -0.0000000000000000000, 1.000000000000000000, -0.0000000000000000000 ) ) ;
#5878 = AXIS2_PLACEMENT_3D ( 'NONE', #3845, #3284, #7486 ) ;
#5879 = EDGE_CURVE ( 'NONE', #5199, #6225, #655, .T. ) ;
#5880 = ORIENTED_EDGE ( 'NONE', *, *, #6794, .T. ) ;
#5881 = VERTEX_POINT ( 'NONE', #4909 ) ;
#5882 = AXIS2_PLACEMENT_3D ( 'NONE', #2000, #721, #2040 ) ;
#5883 = DIRECTION ( 'NONE',  ( -0.0000000000000000000, 1.000000000000000000, -0.0000000000000000000 ) ) ;
#5884 = AXIS2_PLACEMENT_3D ( 'NONE', #1817, #3522, #3479 ) ;
#5885 = DIRECTION ( 'NONE',  ( -0.7071067811857981722, 0.0000000000000000000, 0.7071067811872967512 ) ) ;
#5886 = FACE_OUTER_BOUND ( 'NONE', #2748, .T. ) ;
#5887 = EDGE_CURVE ( 'NONE', #1776, #2500, #5501, .T. ) ;
#5888 = CARTESIAN_POINT ( 'NONE',  ( 1.337967468810307370, 0.0000000000000000000, -0.02144999999999966725 ) ) ;
#5889 = VERTEX_POINT ( 'NONE', #6210 ) ;
#5890 = CARTESIAN_POINT ( 'NONE',  ( 1.987967468810307503, 0.0000000000000000000, -0.01574999999999984746 ) ) ;
#5891 = DIRECTION ( 'NONE',  ( -1.000000000000000000, 0.0000000000000000000, -7.776898252968647801E-17 ) ) ;
#5892 = CYLINDRICAL_SURFACE ( 'NONE', #3207, 0.02855000000000052635 ) ;
#5893 = VERTEX_POINT ( 'NONE', #1854 ) ;
#5894 = DIRECTION ( 'NONE',  ( -0.0000000000000000000, 1.000000000000000000, -0.0000000000000000000 ) ) ;
#5895 = VECTOR ( 'NONE', #921, 39.37007874015748143 ) ;
#5896 = ORIENTED_EDGE ( 'NONE', *, *, #2204, .F. ) ;
#5897 = EDGE_CURVE ( 'NONE', #914, #3080, #2012, .T. ) ;
#5898 =( NAMED_UNIT ( * ) SI_UNIT ( $, .STERADIAN. ) SOLID_ANGLE_UNIT ( ) );
#5899 = DIRECTION ( 'NONE',  ( -0.9396926207859072067, 0.0000000000000000000, -0.3420201433256721546 ) ) ;
#5900 = ORIENTED_EDGE ( 'NONE', *, *, #4940, .F. ) ;
#5901 = DIRECTION ( 'NONE',  ( 1.355298456929802892E-15, 0.0000000000000000000, 1.000000000000000000 ) ) ;
#5902 = FACE_BOUND ( 'NONE', #3975, .T. ) ;
#5903 = CARTESIAN_POINT ( 'NONE',  ( 1.470472401391988981, -0.05000000000000000278, 0.5306191468397465361 ) ) ;
#5904 = CARTESIAN_POINT ( 'NONE',  ( 0.7379674688103073921, -0.05000000000000000278, -0.05000000000000019013 ) ) ;
#5905 = VERTEX_POINT ( 'NONE', #20 ) ;
#5906 = EDGE_CURVE ( 'NONE', #7426, #1642, #3603, .T. ) ;
#5907 = CARTESIAN_POINT ( 'NONE',  ( 0.4999990000000001378, -0.1100000000000000006, -0.09999999999999989453 ) ) ;
#5908 = DIRECTION ( 'NONE',  ( 0.3420201433256662704, -0.0000000000000000000, 0.9396926207859092051 ) ) ;
#5909 = VERTEX_POINT ( 'NONE', #4282 ) ;
#5910 = VECTOR ( 'NONE', #2001, 39.37007874015748143 ) ;
#5911 = ORIENTED_EDGE ( 'NONE', *, *, #857, .F. ) ;
#5912 = DIRECTION ( 'NONE',  ( -0.0000000000000000000, 1.000000000000000000, -0.0000000000000000000 ) ) ;
#5913 = CARTESIAN_POINT ( 'NONE',  ( 1.537967468810307325, 0.0000000000000000000, -0.05000000000000019013 ) ) ;
#5914 = ORIENTED_EDGE ( 'NONE', *, *, #486, .F. ) ;
#5915 = ADVANCED_FACE ( 'NONE', ( #5538 ), #7353, .T. ) ;
#5916 = VECTOR ( 'NONE', #2432, 39.37007874015748854 ) ;
#5917 = ITEM_DEFINED_TRANSFORMATION ( 'NONE', 'NONE', #4629,  #5651 ) ;
#5918 = CARTESIAN_POINT ( 'NONE',  ( 0.8759359376206147241, -0.05000000000000000278, -9.478001694819074349E-34 ) ) ;
#5919 = ORIENTED_EDGE ( 'NONE', *, *, #1918, .T. ) ;
#5920 = ORIENTED_EDGE ( 'NONE', *, *, #4672, .T. ) ;
#5921 = VECTOR ( 'NONE', #905, 39.37007874015748143 ) ;
#5922 = CARTESIAN_POINT ( 'NONE',  ( 0.6816684688103075151, 0.0000000000000000000, -0.01574999999999998623 ) ) ;
#5923 = EDGE_CURVE ( 'NONE', #398, #7713, #4948, .T. ) ;
#5924 = EDGE_LOOP ( 'NONE', ( #6341, #5764, #1787, #2112 ) ) ;
#5925 = DIRECTION ( 'NONE',  ( -0.3420201433256663259, 0.0000000000000000000, -0.9396926207859092051 ) ) ;
#5926 = DIRECTION ( 'NONE',  ( -1.000000000000000000, -0.0000000000000000000, -0.0000000000000000000 ) ) ;
#5927 = AXIS2_PLACEMENT_3D ( 'NONE', #2218, #7803, #3161 ) ;
#5928 = CARTESIAN_POINT ( 'NONE',  ( 0.2816684688103074374, 0.0000000000000000000, -0.01574999999999998623 ) ) ;
#5929 = ORIENTED_EDGE ( 'NONE', *, *, #2556, .T. ) ;
#5930 = CARTESIAN_POINT ( 'NONE',  ( 0.4816684688103073930, -0.05000000000000000278, -0.08424999999999954747 ) ) ;
#5931 = CARTESIAN_POINT ( 'NONE',  ( 1.481668468810307449, 0.0000000000000000000, -0.08424999999999954747 ) ) ;
#5932 = CARTESIAN_POINT ( 'NONE',  ( 0.3379674688103073699, 0.0000000000000000000, -0.02144999999999966725 ) ) ;
#5933 = ORIENTED_EDGE ( 'NONE', *, *, #7780, .T. ) ;
#5934 = EDGE_CURVE ( 'NONE', #6604, #5889, #6330, .T. ) ;
#5935 = VECTOR ( 'NONE', #374, 39.37007874015748143 ) ;
#5936 = EDGE_CURVE ( 'NONE', #5135, #1220, #815, .T. ) ;
#5937 = FACE_OUTER_BOUND ( 'NONE', #1699, .T. ) ;
#5938 = ORIENTED_EDGE ( 'NONE', *, *, #455, .F. ) ;
#5939 = CARTESIAN_POINT ( 'NONE',  ( 0.6379674688103078584, 0.1600000000000031120, -0.05000000000000019013 ) ) ;
#5940 = PLANE ( 'NONE',  #2090 ) ;
#5941 = VERTEX_POINT ( 'NONE', #3911 ) ;
#5942 = VECTOR ( 'NONE', #3707, 39.37007874015748143 ) ;
#5943 = FACE_OUTER_BOUND ( 'NONE', #2342, .T. ) ;
#5944 = CARTESIAN_POINT ( 'NONE',  ( 0.1379674688103073310, 3.673940397442060153E-19, -0.05000000000000019013 ) ) ;
#5945 = CARTESIAN_POINT ( 'NONE',  ( 1.799999000000000127, -0.1100000000000000006, 0.0000000000000000000 ) ) ;
#5946 = EDGE_CURVE ( 'NONE', #6273, #2633, #5213, .T. ) ;
#5947 = DIRECTION ( 'NONE',  ( -0.9396926207859072067, 0.0000000000000000000, -0.3420201433256721546 ) ) ;
#5948 = VECTOR ( 'NONE', #6717, 39.37007874015748143 ) ;
#5949 = VERTEX_POINT ( 'NONE', #1535 ) ;
#5950 = LINE ( 'NONE', #4809, #6537 ) ;
#5951 = DIRECTION ( 'NONE',  ( 0.0000000000000000000, 0.0000000000000000000, -1.000000000000000000 ) ) ;
#5952 = DIRECTION ( 'NONE',  ( 1.000000000000000000, 0.0000000000000000000, 0.0000000000000000000 ) ) ;
#5953 = EDGE_LOOP ( 'NONE', ( #2180, #3583, #7528, #3972 ) ) ;
#5954 = CYLINDRICAL_SURFACE ( 'NONE', #7815, 0.02855000000000052635 ) ;
#5955 = AXIS2_PLACEMENT_3D ( 'NONE', #884, #6314, #6233 ) ;
#5956 = LINE ( 'NONE', #1243, #6274 ) ;
#5957 = ADVANCED_FACE ( 'NONE', ( #4628 ), #3309, .F. ) ;
#5958 = CARTESIAN_POINT ( 'NONE',  ( -0.01203253118969264436, 0.0000000000000000000, -0.08424999999999989442 ) ) ;
#5959 = ORIENTED_EDGE ( 'NONE', *, *, #3065, .F. ) ;
#5960 = VECTOR ( 'NONE', #2834, 39.37007874015748143 ) ;
#5961 = ITEM_DEFINED_TRANSFORMATION ( 'NONE', 'NONE', #5884,  #5651 ) ;
#5962 = CARTESIAN_POINT ( 'NONE',  ( 1.881668468810307582, -0.1100000000000000006, -0.01574999999999998623 ) ) ;
#5963 = VERTEX_POINT ( 'NONE', #6402 ) ;
#5964 = ORIENTED_EDGE ( 'NONE', *, *, #1615, .T. ) ;
#5965 = EDGE_CURVE ( 'NONE', #6520, #6638, #4516, .T. ) ;
#5966 = CIRCLE ( 'NONE', #6976, 0.02855000000000052982 ) ;
#5967 = LINE ( 'NONE', #1053, #4380 ) ;
#5968 = ORIENTED_EDGE ( 'NONE', *, *, #3818, .F. ) ;
#5969 = CARTESIAN_POINT ( 'NONE',  ( 0.0000000000000000000, 0.0000000000000000000, 0.0000000000000000000 ) ) ;
#5970 = CARTESIAN_POINT ( 'NONE',  ( 1.075935937620614791, -0.1100000000000000006, -0.09999999999999989453 ) ) ;
#5971 = CARTESIAN_POINT ( 'NONE',  ( 1.315883432711847600, -0.05000000000000000278, -0.5058533636942759149 ) ) ;
#5972 = ADVANCED_FACE ( 'NONE', ( #7472 ), #4480, .F. ) ;
#5973 = ORIENTED_EDGE ( 'NONE', *, *, #4262, .F. ) ;
#5974 = EDGE_CURVE ( 'NONE', #7055, #4731, #6247, .T. ) ;
#5975 = DIRECTION ( 'NONE',  ( -0.9396926207859093161, 0.0000000000000000000, 0.3420201433256663814 ) ) ;
#5976 = CARTESIAN_POINT ( 'NONE',  ( 0.5816684688103074263, 0.0000000000000000000, -0.01574999999999998623 ) ) ;
#5977 = CARTESIAN_POINT ( 'NONE',  ( 0.3210000000000022835, -0.009000000000000915254, -1.102182119232194245E-18 ) ) ;
#5978 = ORIENTED_EDGE ( 'NONE', *, *, #2127, .F. ) ;
#5979 = PLANE ( 'NONE',  #5442 ) ;
#5980 = ORIENTED_EDGE ( 'NONE', *, *, #278, .T. ) ;
#5981 = DIRECTION ( 'NONE',  ( -3.491481338843133355E-15, -1.000000000000000000, 0.0000000000000000000 ) ) ;
#5982 = PLANE ( 'NONE',  #668 ) ;
#5983 = VERTEX_POINT ( 'NONE', #279 ) ;
#5984 = EDGE_CURVE ( 'NONE', #663, #1482, #2089, .T. ) ;
#5985 = DIRECTION ( 'NONE',  ( -1.000000000000000000, -0.0000000000000000000, -0.0000000000000000000 ) ) ;
#5986 = FACE_BOUND ( 'NONE', #7362, .T. ) ;
#5987 = ORIENTED_EDGE ( 'NONE', *, *, #1745, .F. ) ;
#5988 = DIRECTION ( 'NONE',  ( 0.0000000000000000000, 0.0000000000000000000, 1.000000000000000000 ) ) ;
#5989 = ORIENTED_EDGE ( 'NONE', *, *, #4141, .F. ) ;
#5990 = DIRECTION ( 'NONE',  ( 1.000000000000000000, 0.0000000000000000000, -1.355298456929802892E-15 ) ) ;
#5991 = CARTESIAN_POINT ( 'NONE',  ( 0.3942664688103074133, 0.0000000000000000000, -0.08424999999999957523 ) ) ;
#5992 = LINE ( 'NONE', #6674, #117 ) ;
#5993 = ADVANCED_FACE ( 'NONE', ( #4553 ), #1455, .F. ) ;
#5994 = ORIENTED_EDGE ( 'NONE', *, *, #4205, .F. ) ;
#5995 = CARTESIAN_POINT ( 'NONE',  ( 0.0000000000000000000, 0.0000000000000000000, 0.0000000000000000000 ) ) ;
#5996 = CYLINDRICAL_SURFACE ( 'NONE', #829, 0.02855000000000052635 ) ;
#5997 = DIRECTION ( 'NONE',  ( -0.0000000000000000000, 1.000000000000000000, -0.0000000000000000000 ) ) ;
#5998 = VECTOR ( 'NONE', #247, 39.37007874015748143 ) ;
#5999 = ORIENTED_EDGE ( 'NONE', *, *, #1136, .F. ) ;
#6000 = EDGE_CURVE ( 'NONE', #5516, #3385, #206, .T. ) ;
#6001 = CARTESIAN_POINT ( 'NONE',  ( 0.1942664688103074300, -0.1100000000000000006, -0.01574999999999998623 ) ) ;
#6002 = ORIENTED_EDGE ( 'NONE', *, *, #6787, .F. ) ;
#6003 = VECTOR ( 'NONE', #5700, 39.37007874015748854 ) ;
#6004 = ORIENTED_EDGE ( 'NONE', *, *, #477, .F. ) ;
#6005 = CARTESIAN_POINT ( 'NONE',  ( 0.2379674688103073643, 0.0000000000000000000, -0.02144999999999966725 ) ) ;
#6006 = VECTOR ( 'NONE', #5466, 39.37007874015748854 ) ;
#6007 = ORIENTED_EDGE ( 'NONE', *, *, #7118, .T. ) ;
#6008 = VECTOR ( 'NONE', #6106, 39.37007874015748143 ) ;
#6009 = DIRECTION ( 'NONE',  ( 1.000000000000000000, 0.0000000000000000000, 0.0000000000000000000 ) ) ;
#6010 = ADVANCED_FACE ( 'NONE', ( #1567 ), #861, .F. ) ;
#6011 = LINE ( 'NONE', #611, #6501 ) ;
#6012 = CARTESIAN_POINT ( 'NONE',  ( 0.4379674688103074032, 0.0000000000000000000, -0.02144999999999966725 ) ) ;
#6013 = ORIENTED_EDGE ( 'NONE', *, *, #1725, .T. ) ;
#6014 = VECTOR ( 'NONE', #3432, 39.37007874015748143 ) ;
#6015 = FACE_OUTER_BOUND ( 'NONE', #4857, .T. ) ;
#6016 = AXIS2_PLACEMENT_3D ( 'NONE', #2464, #4889, #5440 ) ;
#6017 = CARTESIAN_POINT ( 'NONE',  ( 0.3379674688103073699, 3.673940397442060153E-19, -0.02144999999999966031 ) ) ;
#6018 = CARTESIAN_POINT ( 'NONE',  ( 1.337967468810307370, 0.0000000000000000000, -0.05000000000000019013 ) ) ;
#6019 = ORIENTED_EDGE ( 'NONE', *, *, #4478, .F. ) ;
#6020 = LINE ( 'NONE', #94, #7702 ) ;
#6021 = VECTOR ( 'NONE', #5447, 39.37007874015748143 ) ;
#6022 = ORIENTED_EDGE ( 'NONE', *, *, #4576, .F. ) ;
#6023 = EDGE_CURVE ( 'NONE', #1675, #6089, #5097, .T. ) ;
#6024 = CARTESIAN_POINT ( 'NONE',  ( 0.8379674688103079250, 0.1600000000000031120, -0.05000000000000019013 ) ) ;
#6025 = CARTESIAN_POINT ( 'NONE',  ( 1.894266468810307691, -0.05000000000000000278, -0.08424999999999957523 ) ) ;
#6026 =( GEOMETRIC_REPRESENTATION_CONTEXT ( 3 ) GLOBAL_UNCERTAINTY_ASSIGNED_CONTEXT ( ( #793 ) ) GLOBAL_UNIT_ASSIGNED_CONTEXT ( ( #3321, #1582, #2805 ) ) REPRESENTATION_CONTEXT ( 'NONE', 'WORKASPACE' ) );
#6027 = VERTEX_POINT ( 'NONE', #7620 ) ;
#6028 = CARTESIAN_POINT ( 'NONE',  ( 1.975934937620615894, -0.05000000000000000278, -0.09999999999999974187 ) ) ;
#6029 = FACE_BOUND ( 'NONE', #2892, .T. ) ;
#6030 = ORIENTED_EDGE ( 'NONE', *, *, #4595, .F. ) ;
#6031 = EDGE_CURVE ( 'NONE', #5905, #6067, #1495, .T. ) ;
#6032 = FACE_OUTER_BOUND ( 'NONE', #1292, .T. ) ;
#6033 = EDGE_LOOP ( 'NONE', ( #458, #1212, #796, #4515 ) ) ;
#6034 = CARTESIAN_POINT ( 'NONE',  ( 0.8816684688103074707, 0.0000000000000000000, -0.08424999999999954747 ) ) ;
#6035 = LINE ( 'NONE', #6150, #6895 ) ;
#6036 = LINE ( 'NONE', #2975, #5194 ) ;
#6037 = AXIS2_PLACEMENT_3D ( 'NONE', #3572, #1753, #4299 ) ;
#6038 = ORIENTED_EDGE ( 'NONE', *, *, #5479, .T. ) ;
#6039 = FACE_OUTER_BOUND ( 'NONE', #5123, .T. ) ;
#6040 = PLANE ( 'NONE',  #2600 ) ;
#6041 = CARTESIAN_POINT ( 'NONE',  ( 1.294266468810307380, -0.05000000000000000278, -0.08424999999999957523 ) ) ;
#6042 = EDGE_CURVE ( 'NONE', #929, #5816, #2208, .T. ) ;
#6043 = ORIENTED_EDGE ( 'NONE', *, *, #7033, .T. ) ;
#6044 = ITEM_DEFINED_TRANSFORMATION ( 'NONE', 'NONE', #567,  #5651 ) ;
#6045 = VECTOR ( 'NONE', #802, 39.37007874015748143 ) ;
#6046 = DIRECTION ( 'NONE',  ( -0.0000000000000000000, 1.000000000000000000, -0.0000000000000000000 ) ) ;
#6047 = ORIENTED_EDGE ( 'NONE', *, *, #3623, .T. ) ;
#6048 = VERTEX_POINT ( 'NONE', #2166 ) ;
#6049 = CARTESIAN_POINT ( 'NONE',  ( 0.3816684688103073597, -0.1100000000000000006, -0.08424999999999954747 ) ) ;
#6050 = AXIS2_PLACEMENT_3D ( 'NONE', #2394, #4816, #4267 ) ;
#6051 = EDGE_CURVE ( 'NONE', #2751, #4749, #4592, .T. ) ;
#6052 = EDGE_LOOP ( 'NONE', ( #1109, #7794 ) ) ;
#6053 = CARTESIAN_POINT ( 'NONE',  ( 0.6816684688103075151, -0.1100000000000000006, -0.08424999999999954747 ) ) ;
#6054 = CARTESIAN_POINT ( 'NONE',  ( 0.6379674688103074143, 0.0000000000000000000, -0.07855000000000071647 ) ) ;
#6055 = CARTESIAN_POINT ( 'NONE',  ( 1.581668468810307315, 0.0000000000000000000, -0.08424999999999954747 ) ) ;
#6056 = AXIS2_PLACEMENT_3D ( 'NONE', #5743, #341, #2730 ) ;
#6057 = EDGE_LOOP ( 'NONE', ( #6739, #5058 ) ) ;
#6058 = DIRECTION ( 'NONE',  ( 0.0000000000000000000, 0.0000000000000000000, 1.000000000000000000 ) ) ;
#6059 = DIRECTION ( 'NONE',  ( -0.3420201433256695456, 0.0000000000000000000, -0.9396926207859080948 ) ) ;
#6060 = EDGE_CURVE ( 'NONE', #3423, #5856, #5805, .T. ) ;
#6061 = VERTEX_POINT ( 'NONE', #7190 ) ;
#6062 = VECTOR ( 'NONE', #4292, 39.37007874015748143 ) ;
#6063 = DIRECTION ( 'NONE',  ( -0.0000000000000000000, 1.000000000000000000, -0.0000000000000000000 ) ) ;
#6064 = ORIENTED_EDGE ( 'NONE', *, *, #419, .T. ) ;
#6065 = SURFACE_SIDE_STYLE ('',( #5391 ) ) ;
#6066 = CARTESIAN_POINT ( 'NONE',  ( 1.580790099179694153, -0.05000000000000000278, -0.6022715051472570247 ) ) ;
#6067 = VERTEX_POINT ( 'NONE', #2403 ) ;
#6068 = CARTESIAN_POINT ( 'NONE',  ( 1.681668468810307404, -0.05000000000000000278, -0.01574999999999998623 ) ) ;
#6069 = DIRECTION ( 'NONE',  ( -0.0000000000000000000, 1.000000000000000000, -0.0000000000000000000 ) ) ;
#6070 = EDGE_CURVE ( 'NONE', #7048, #5487, #7823, .T. ) ;
#6071 = ORIENTED_EDGE ( 'NONE', *, *, #1589, .T. ) ;
#6072 = DIRECTION ( 'NONE',  ( 0.3420201433256639389, 0.0000000000000000000, -0.9396926207859100932 ) ) ;
#6073 = VERTEX_POINT ( 'NONE', #445 ) ;
#6074 = DIRECTION ( 'NONE',  ( -1.000000000000000000, 0.0000000000000000000, -7.776898252968646568E-17 ) ) ;
#6075 = FACE_BOUND ( 'NONE', #3580, .T. ) ;
#6076 = VECTOR ( 'NONE', #5504, 39.37007874015748854 ) ;
#6077 = CARTESIAN_POINT ( 'NONE',  ( 0.0000000000000000000, -0.05000000000000000278, 0.0000000000000000000 ) ) ;
#6078 = ORIENTED_EDGE ( 'NONE', *, *, #1245, .T. ) ;
#6079 = EDGE_CURVE ( 'NONE', #6234, #1781, #5292, .T. ) ;
#6080 = DIRECTION ( 'NONE',  ( 7.776898252968646568E-17, 0.0000000000000000000, -1.000000000000000000 ) ) ;
#6081 = CARTESIAN_POINT ( 'NONE',  ( 0.6203568171488157423, -0.05000000000000000278, -0.2527023784894172342 ) ) ;
#6082 = CARTESIAN_POINT ( 'NONE',  ( 1.081668468810307537, -0.1100000000000000006, -0.01574999999999998623 ) ) ;
#6083 = AXIS2_PLACEMENT_3D ( 'NONE', #3867, #2671, #5091 ) ;
#6084 = ORIENTED_EDGE ( 'NONE', *, *, #2676, .F. ) ;
#6085 = CARTESIAN_POINT ( 'NONE',  ( 0.1250000000000020817, 0.0000000000000000000, 0.03500000000000003803 ) ) ;
#6086 = AXIS2_PLACEMENT_3D ( 'NONE', #678, #5489, #5368 ) ;
#6087 = VERTEX_POINT ( 'NONE', #6442 ) ;
#6088 = ADVANCED_FACE ( 'NONE', ( #1015 ), #3462, .F. ) ;
#6089 = VERTEX_POINT ( 'NONE', #5922 ) ;
#6090 = DIRECTION ( 'NONE',  ( -1.000000000000000000, 0.0000000000000000000, -7.776898252968646568E-17 ) ) ;
#6091 = VECTOR ( 'NONE', #4350, 39.37007874015748143 ) ;
#6092 = ORIENTED_EDGE ( 'NONE', *, *, #6351, .T. ) ;
#6093 = CARTESIAN_POINT ( 'NONE',  ( 0.8816684688103074707, -0.1100000000000000006, -0.08424999999999954747 ) ) ;
#6094 = DIRECTION ( 'NONE',  ( 0.3420201433256695456, 0.0000000000000000000, 0.9396926207859080948 ) ) ;
#6095 = LINE ( 'NONE', #3753, #6729 ) ;
#6096 = EDGE_CURVE ( 'NONE', #487, #7048, #685, .T. ) ;
#6097 = ORIENTED_EDGE ( 'NONE', *, *, #782, .T. ) ;
#6098 = PRESENTATION_LAYER_ASSIGNMENT (  '', '', ( #4070 ) ) ;
#6099 = FACE_OUTER_BOUND ( 'NONE', #591, .T. ) ;
#6100 = CARTESIAN_POINT ( 'NONE',  ( 0.2050000000000032074, 2.755455298080679265E-18, -0.02249999999999293537 ) ) ;
#6101 = DIRECTION ( 'NONE',  ( -3.491481338843133355E-15, -1.000000000000000000, 0.0000000000000000000 ) ) ;
#6102 = LINE ( 'NONE', #5634, #153 ) ;
#6103 = EDGE_CURVE ( 'NONE', #3888, #179, #6523, .T. ) ;
#6104 = EDGE_LOOP ( 'NONE', ( #2347, #6387, #5038, #2064 ) ) ;
#6105 = CARTESIAN_POINT ( 'NONE',  ( 1.575935937620614791, -0.1100000000000000006, -0.09999999999999989453 ) ) ;
#6106 = DIRECTION ( 'NONE',  ( -0.0000000000000000000, 1.000000000000000000, -0.0000000000000000000 ) ) ;
#6107 = VERTEX_POINT ( 'NONE', #7659 ) ;
#6108 = CARTESIAN_POINT ( 'NONE',  ( 0.0000000000000000000, -0.05000000000000000278, 0.0000000000000000000 ) ) ;
#6109 = ORIENTED_EDGE ( 'NONE', *, *, #6373, .T. ) ;
#6110 = LINE ( 'NONE', #4995, #7036 ) ;
#6111 = FACE_BOUND ( 'NONE', #4527, .T. ) ;
#6112 = CARTESIAN_POINT ( 'NONE',  ( 0.2942664688103074355, 0.0000000000000000000, -0.08424999999999957523 ) ) ;
#6113 = EDGE_CURVE ( 'NONE', #6944, #1642, #2364, .T. ) ;
#6114 =( REPRESENTATION_RELATIONSHIP ('NONE','NONE', #1462, #1766 ) REPRESENTATION_RELATIONSHIP_WITH_TRANSFORMATION ( #3914 )SHAPE_REPRESENTATION_RELATIONSHIP( ) );
#6115 = VERTEX_POINT ( 'NONE', #7069 ) ;
#6116 = CARTESIAN_POINT ( 'NONE',  ( 0.7942664688103074910, 0.0000000000000000000, -0.01574999999999998623 ) ) ;
#6117 = CARTESIAN_POINT ( 'NONE',  ( 0.6759359376206146575, -0.05000000000000000278, -9.478001694819074349E-34 ) ) ;
#6118 = DIRECTION ( 'NONE',  ( 0.9396926207859080948, 0.0000000000000000000, -0.3420201433256695456 ) ) ;
#6119 = ORIENTED_EDGE ( 'NONE', *, *, #1338, .F. ) ;
#6120 = CARTESIAN_POINT ( 'NONE',  ( 1.181668468810307626, -0.1100000000000000006, -0.01574999999999998623 ) ) ;
#6121 = EDGE_CURVE ( 'NONE', #3546, #2274, #401, .T. ) ;
#6122 = ORIENTED_EDGE ( 'NONE', *, *, #2737, .F. ) ;
#6123 = VERTEX_POINT ( 'NONE', #4110 ) ;
#6124 = AXIS2_PLACEMENT_3D ( 'NONE', #3564, #7166, #3480 ) ;
#6125 = LINE ( 'NONE', #3747, #6769 ) ;
#6126 = DIRECTION ( 'NONE',  ( 1.355298456929802892E-15, 0.0000000000000000000, 1.000000000000000000 ) ) ;
#6127 = ADVANCED_FACE ( 'NONE', ( #4151 ), #485, .F. ) ;
#6128 = VECTOR ( 'NONE', #5497, 39.37007874015748143 ) ;
#6129 = CARTESIAN_POINT ( 'NONE',  ( 0.1600000000000032230, 0.0000000000000000000, 0.02800000000000000405 ) ) ;
#6130 = DIRECTION ( 'NONE',  ( 0.3420201433256639389, 0.0000000000000000000, -0.9396926207859100932 ) ) ;
#6131 = EDGE_LOOP ( 'NONE', ( #2929, #400, #4232, #679 ) ) ;
#6132 = DIRECTION ( 'NONE',  ( -0.0000000000000000000, 1.000000000000000000, -0.0000000000000000000 ) ) ;
#6133 = CIRCLE ( 'NONE', #5502, 0.02855000000000052288 ) ;
#6134 = CARTESIAN_POINT ( 'NONE',  ( 1.399999000000000215, -0.1100000000000000006, 0.0000000000000000000 ) ) ;
#6135 = EDGE_CURVE ( 'NONE', #18, #5020, #4665, .T. ) ;
#6136 = DIRECTION ( 'NONE',  ( -3.491481338843133355E-15, -1.000000000000000000, 0.0000000000000000000 ) ) ;
#6137 = DIRECTION ( 'NONE',  ( 1.355298456929802892E-15, 0.0000000000000000000, 1.000000000000000000 ) ) ;
#6138 = VECTOR ( 'NONE', #7270, 39.37007874015748143 ) ;
#6139 = AXIS2_PLACEMENT_3D ( 'NONE', #4962, #4340, #2429 ) ;
#6140 = ORIENTED_EDGE ( 'NONE', *, *, #192, .T. ) ;
#6141 = DIRECTION ( 'NONE',  ( 0.3420201433256638834, 0.0000000000000000000, -0.9396926207859100932 ) ) ;
#6142 = DIRECTION ( 'NONE',  ( 0.3420201433256638834, 0.0000000000000000000, -0.9396926207859100932 ) ) ;
#6143 = ORIENTED_EDGE ( 'NONE', *, *, #4251, .F. ) ;
#6144 = AXIS2_PLACEMENT_3D ( 'NONE', #3515, #4159, #2371 ) ;
#6145 = EDGE_CURVE ( 'NONE', #7696, #2704, #1135, .T. ) ;
#6146 = AXIS2_PLACEMENT_3D ( 'NONE', #6766, #7356, #6101 ) ;
#6147 = CARTESIAN_POINT ( 'NONE',  ( 0.5942664688103074244, -0.05000000000000000278, -0.08424999999999957523 ) ) ;
#6148 = ORIENTED_EDGE ( 'NONE', *, *, #2031, .T. ) ;
#6149 = CARTESIAN_POINT ( 'NONE',  ( 1.137967468810307414, 3.673940397442060153E-19, -0.07855000000000071647 ) ) ;
#6150 = CARTESIAN_POINT ( 'NONE',  ( 0.0000000000000000000, -0.05000000000000000278, 0.0000000000000000000 ) ) ;
#6151 = VERTEX_POINT ( 'NONE', #6479 ) ;
#6152 = EDGE_LOOP ( 'NONE', ( #6246, #1947, #134, #3438 ) ) ;
#6153 = CYLINDRICAL_SURFACE ( 'NONE', #2003, 0.02855000000000052635 ) ;
#6154 = CARTESIAN_POINT ( 'NONE',  ( 0.2999990000000001267, 0.0000000000000000000, 0.0000000000000000000 ) ) ;
#6155 = LINE ( 'NONE', #1837, #596 ) ;
#6156 = EDGE_CURVE ( 'NONE', #5829, #172, #5967, .T. ) ;
#6157 = EDGE_LOOP ( 'NONE', ( #3847, #3760, #204, #4968 ) ) ;
#6158 = AXIS2_PLACEMENT_3D ( 'NONE', #2062, #3768, #4490 ) ;
#6159 = CARTESIAN_POINT ( 'NONE',  ( 0.8999990000000001045, -0.1100000000000000006, -0.09999999999999989453 ) ) ;
#6160 = EDGE_LOOP ( 'NONE', ( #1290, #2561, #7496, #3646 ) ) ;
#6161 = ORIENTED_EDGE ( 'NONE', *, *, #2879, .F. ) ;
#6162 = PLANE ( 'NONE',  #7277 ) ;
#6163 = CARTESIAN_POINT ( 'NONE',  ( 0.4108457355205978878, -0.05000000000000000278, 0.1449465810278275923 ) ) ;
#6164 = ORIENTED_EDGE ( 'NONE', *, *, #5713, .F. ) ;
#6165 = DIRECTION ( 'NONE',  ( -0.0000000000000000000, 1.000000000000000000, -0.0000000000000000000 ) ) ;
#6166 = CARTESIAN_POINT ( 'NONE',  ( 1.694266468810307513, 0.0000000000000000000, -0.01574999999999998623 ) ) ;
#6167 = DIRECTION ( 'NONE',  ( -0.3420201433256656598, 0.0000000000000000000, 0.9396926207859094271 ) ) ;
#6168 = ORIENTED_EDGE ( 'NONE', *, *, #5523, .T. ) ;
#6169 = CARTESIAN_POINT ( 'NONE',  ( 1.294266468810307380, 0.0000000000000000000, -0.08424999999999957523 ) ) ;
#6170 = PLANE ( 'NONE',  #3402 ) ;
#6171 = CARTESIAN_POINT ( 'NONE',  ( 1.737967468810307947, 0.1600000000000031120, -0.05000000000000019013 ) ) ;
#6172 = CARTESIAN_POINT ( 'NONE',  ( 0.7379674688103073921, 0.0000000000000000000, -0.07855000000000071647 ) ) ;
#6173 = CIRCLE ( 'NONE', #5791, 0.02855000000000052982 ) ;
#6174 = ORIENTED_EDGE ( 'NONE', *, *, #3336, .T. ) ;
#6175 = LINE ( 'NONE', #4332, #6813 ) ;
#6176 = EDGE_CURVE ( 'NONE', #2704, #934, #6606, .T. ) ;
#6177 = CARTESIAN_POINT ( 'NONE',  ( 1.937967468810307459, 0.0000000000000000000, -0.05000000000000019013 ) ) ;
#6178 = ORIENTED_EDGE ( 'NONE', *, *, #3864, .F. ) ;
#6179 = AXIS2_PLACEMENT_3D ( 'NONE', #27, #7798, #3082 ) ;
#6180 = DIRECTION ( 'NONE',  ( -1.000000000000000000, -0.0000000000000000000, -0.0000000000000000000 ) ) ;
#6181 = ORIENTED_EDGE ( 'NONE', *, *, #1253, .T. ) ;
#6182 = DIRECTION ( 'NONE',  ( 1.000000000000000000, 0.0000000000000000000, 0.0000000000000000000 ) ) ;
#6183 = FACE_BOUND ( 'NONE', #841, .T. ) ;
#6184 = VECTOR ( 'NONE', #7724, 39.37007874015748143 ) ;
#6185 = ORIENTED_EDGE ( 'NONE', *, *, #1367, .T. ) ;
#6186 = EDGE_CURVE ( 'NONE', #2023, #6605, #3586, .T. ) ;
#6187 = DIRECTION ( 'NONE',  ( 1.000000000000000000, 0.0000000000000000000, -1.355298456929802892E-15 ) ) ;
#6188 = EDGE_CURVE ( 'NONE', #5390, #3653, #7151, .T. ) ;
#6189 = FACE_OUTER_BOUND ( 'NONE', #3495, .T. ) ;
#6190 = DIRECTION ( 'NONE',  ( -0.3420201433256695456, 0.0000000000000000000, -0.9396926207859080948 ) ) ;
#6191 = VECTOR ( 'NONE', #4124, 39.37007874015748143 ) ;
#6192 = ORIENTED_EDGE ( 'NONE', *, *, #5331, .T. ) ;
#6193 = CARTESIAN_POINT ( 'NONE',  ( 1.975934937620615894, 0.0000000000000000000, -0.09999999999999974187 ) ) ;
#6194 = ORIENTED_EDGE ( 'NONE', *, *, #3114, .F. ) ;
#6195 = EDGE_CURVE ( 'NONE', #5636, #5118, #7773, .T. ) ;
#6196 = VERTEX_POINT ( 'NONE', #7779 ) ;
#6197 = CIRCLE ( 'NONE', #5316, 0.03500000000000003803 ) ;
#6198 = DIRECTION ( 'NONE',  ( -1.000000000000000000, 0.0000000000000000000, 1.355298456929802892E-15 ) ) ;
#6199 = LINE ( 'NONE', #518, #1609 ) ;
#6200 = CARTESIAN_POINT ( 'NONE',  ( -0.03066449223692707671, -0.05000000000000000278, -0.08424999999999843725 ) ) ;
#6201 = VERTEX_POINT ( 'NONE', #1172 ) ;
#6202 = CARTESIAN_POINT ( 'NONE',  ( 0.1816684688103074041, 0.0000000000000000000, -0.01574999999999998623 ) ) ;
#6203 = AXIS2_PLACEMENT_3D ( 'NONE', #4134, #2811, #7128 ) ;
#6204 = ORIENTED_EDGE ( 'NONE', *, *, #56, .F. ) ;
#6205 = DIRECTION ( 'NONE',  ( 0.3420201433256695456, 0.0000000000000000000, 0.9396926207859080948 ) ) ;
#6206 = SURFACE_STYLE_FILL_AREA ( #1452 ) ;
#6207 = ADVANCED_FACE ( 'NONE', ( #4785 ), #566, .F. ) ;
#6208 = ORIENTED_EDGE ( 'NONE', *, *, #2072, .F. ) ;
#6209 = AXIS2_PLACEMENT_3D ( 'NONE', #7685, #3656, #7829 ) ;
#6210 = CARTESIAN_POINT ( 'NONE',  ( 0.2999990000000001267, -0.05000000000000000278, 0.0000000000000000000 ) ) ;
#6211 = DIRECTION ( 'NONE',  ( -0.0000000000000000000, 1.000000000000000000, -0.0000000000000000000 ) ) ;
#6212 = PRODUCT_CONTEXT ( 'NONE', #6244, 'mechanical' ) ;
#6213 = CARTESIAN_POINT ( 'NONE',  ( 1.975934937620615894, -0.05000000000000000278, -0.09999999999999974187 ) ) ;
#6214 = CIRCLE ( 'NONE', #1029, 0.02800000000000000405 ) ;
#6215 = EDGE_CURVE ( 'NONE', #1206, #2925, #762, .T. ) ;
#6216 = ORIENTED_EDGE ( 'NONE', *, *, #6945, .T. ) ;
#6217 = DIRECTION ( 'NONE',  ( 0.0000000000000000000, 0.0000000000000000000, 1.000000000000000000 ) ) ;
#6218 = CYLINDRICAL_SURFACE ( 'NONE', #1345, 0.02855000000000052635 ) ;
#6219 = ORIENTED_EDGE ( 'NONE', *, *, #3365, .T. ) ;
#6220 = VECTOR ( 'NONE', #973, 39.37007874015748854 ) ;
#6221 = EDGE_LOOP ( 'NONE', ( #7080, #1097, #5344, #2797 ) ) ;
#6222 = LINE ( 'NONE', #2501, #3113 ) ;
#6223 = CARTESIAN_POINT ( 'NONE',  ( -0.03066449223692698303, -0.05000000000000000278, -0.01574999999999998623 ) ) ;
#6224 = ADVANCED_FACE ( 'NONE', ( #3628 ), #7307, .T. ) ;
#6225 = VERTEX_POINT ( 'NONE', #4355 ) ;
#6226 = ORIENTED_EDGE ( 'NONE', *, *, #1918, .F. ) ;
#6227 = CARTESIAN_POINT ( 'NONE',  ( 0.5759359376206146797, -0.05000000000000000278, -9.478001694819074349E-34 ) ) ;
#6228 = DIRECTION ( 'NONE',  ( 0.9396926207859080948, 0.0000000000000000000, -0.3420201433256695456 ) ) ;
#6229 = DIRECTION ( 'NONE',  ( -0.0000000000000000000, 1.000000000000000000, -0.0000000000000000000 ) ) ;
#6230 = CARTESIAN_POINT ( 'NONE',  ( 0.2050000000000032074, 0.0000000000000000000, 0.0000000000000000000 ) ) ;
#6231 = ORIENTED_EDGE ( 'NONE', *, *, #5685, .T. ) ;
#6232 = EDGE_CURVE ( 'NONE', #339, #6535, #683, .T. ) ;
#6233 = DIRECTION ( 'NONE',  ( 0.0000000000000000000, 0.0000000000000000000, 1.000000000000000000 ) ) ;
#6234 = VERTEX_POINT ( 'NONE', #1366 ) ;
#6235 = VERTEX_POINT ( 'NONE', #156 ) ;
#6236 = FACE_OUTER_BOUND ( 'NONE', #5455, .T. ) ;
#6237 = CARTESIAN_POINT ( 'NONE',  ( 1.394266468810307469, -0.1100000000000000006, -0.08424999999999957523 ) ) ;
#6238 = CYLINDRICAL_SURFACE ( 'NONE', #7647, 0.008999999999996536812 ) ;
#6239 = EDGE_CURVE ( 'NONE', #3767, #4879, #1835, .T. ) ;
#6240 = EDGE_LOOP ( 'NONE', ( #5766, #7545, #3731, #5726 ) ) ;
#6241 = CARTESIAN_POINT ( 'NONE',  ( 1.599999000000000171, -0.05000000000000000278, -0.09999999999999989453 ) ) ;
#6242 = ORIENTED_EDGE ( 'NONE', *, *, #2187, .F. ) ;
#6243 = LINE ( 'NONE', #5647, #2082 ) ;
#6244 = APPLICATION_CONTEXT ( 'automotive_design' ) ;
#6245 = PLANE ( 'NONE',  #5835 ) ;
#6246 = ORIENTED_EDGE ( 'NONE', *, *, #1246, .F. ) ;
#6247 = LINE ( 'NONE', #7583, #950 ) ;
#6248 = AXIS2_PLACEMENT_3D ( 'NONE', #6845, #6252, #7394 ) ;
#6249 = EDGE_CURVE ( 'NONE', #4739, #1781, #3669, .T. ) ;
#6250 = DIRECTION ( 'NONE',  ( -0.0000000000000000000, 1.000000000000000000, -0.0000000000000000000 ) ) ;
#6251 = PRODUCT_CONTEXT ( 'NONE', #5133, 'mechanical' ) ;
#6252 = DIRECTION ( 'NONE',  ( 7.776898252968646568E-17, 0.0000000000000000000, -1.000000000000000000 ) ) ;
#6253 = LINE ( 'NONE', #5656, #2293 ) ;
#6254 = VECTOR ( 'NONE', #985, 39.37007874015748143 ) ;
#6255 = VECTOR ( 'NONE', #4419, 39.37007874015748143 ) ;
#6256 = CARTESIAN_POINT ( 'NONE',  ( 0.6757524019884456612, -0.05000000000000000278, 0.2413647224808073144 ) ) ;
#6257 = LINE ( 'NONE', #6736, #6008 ) ;
#6258 = VERTEX_POINT ( 'NONE', #648 ) ;
#6259 = EDGE_CURVE ( 'NONE', #5010, #5147, #6686, .T. ) ;
#6260 = DIRECTION ( 'NONE',  ( -0.3420201433256694346, -0.0000000000000000000, -0.9396926207859080948 ) ) ;
#6261 = AXIS2_PLACEMENT_3D ( 'NONE', #1886, #608, #4274 ) ;
#6262 = VERTEX_POINT ( 'NONE', #5456 ) ;
#6263 = LINE ( 'NONE', #4922, #4399 ) ;
#6264 = LINE ( 'NONE', #3322, #7641 ) ;
#6265 = AXIS2_PLACEMENT_3D ( 'NONE', #4455, #3199, #6854 ) ;
#6266 = ORIENTED_EDGE ( 'NONE', *, *, #7742, .F. ) ;
#6267 = DIRECTION ( 'NONE',  ( -0.0000000000000000000, 1.000000000000000000, -0.0000000000000000000 ) ) ;
#6268 = VECTOR ( 'NONE', #2627, 39.37007874015748143 ) ;
#6269 = LINE ( 'NONE', #3204, #2085 ) ;
#6270 = LINE ( 'NONE', #839, #5528 ) ;
#6271 = EDGE_CURVE ( 'NONE', #4020, #7577, #85, .T. ) ;
#6272 = PLANE ( 'NONE',  #478 ) ;
#6273 = VERTEX_POINT ( 'NONE', #2440 ) ;
#6274 = VECTOR ( 'NONE', #6555, 39.37007874015748143 ) ;
#6275 = FACE_OUTER_BOUND ( 'NONE', #4042, .T. ) ;
#6276 = EDGE_LOOP ( 'NONE', ( #7321, #970, #3860, #4585 ) ) ;
#6277 = ORIENTED_EDGE ( 'NONE', *, *, #1208, .T. ) ;
#6278 = CARTESIAN_POINT ( 'NONE',  ( 0.3210000000000022835, 0.0000000000000000000, 0.0000000000000000000 ) ) ;
#6279 = DIRECTION ( 'NONE',  ( -0.3420201433256694346, -0.0000000000000000000, -0.9396926207859080948 ) ) ;
#6280 = EDGE_CURVE ( 'NONE', #172, #5535, #3784, .T. ) ;
#6281 = EDGE_CURVE ( 'NONE', #6608, #5748, #3179, .T. ) ;
#6282 = ORIENTED_EDGE ( 'NONE', *, *, #2845, .T. ) ;
#6283 = DIRECTION ( 'NONE',  ( -0.9396926207859072067, 0.0000000000000000000, -0.3420201433256721546 ) ) ;
#6284 = ORIENTED_EDGE ( 'NONE', *, *, #6821, .F. ) ;
#6285 = DIRECTION ( 'NONE',  ( -0.0000000000000000000, 1.000000000000000000, -0.0000000000000000000 ) ) ;
#6286 = ORIENTED_EDGE ( 'NONE', *, *, #3356, .F. ) ;
#6287 = VECTOR ( 'NONE', #5990, 39.37007874015748143 ) ;
#6288 = EDGE_CURVE ( 'NONE', #4732, #6913, #4975, .T. ) ;
#6289 = PRODUCT_DEFINITION_SHAPE ( 'NONE', 'NONE',  #7834 ) ;
#6290 = CARTESIAN_POINT ( 'NONE',  ( 1.975934937620615894, -0.05000000000000000278, -0.09999999999999974187 ) ) ;
#6291 = LINE ( 'NONE', #3757, #1768 ) ;
#6292 = ITEM_DEFINED_TRANSFORMATION ( 'NONE', 'NONE', #7648,  #5651 ) ;
#6293 = DIRECTION ( 'NONE',  ( 1.000000000000000000, 0.0000000000000000000, 0.0000000000000000000 ) ) ;
#6294 = LINE ( 'NONE', #2718, #3549 ) ;
#6295 = VECTOR ( 'NONE', #7140, 39.37007874015748143 ) ;
#6296 = EDGE_CURVE ( 'NONE', #1863, #5005, #1847, .T. ) ;
#6297 = PLANE ( 'NONE',  #1124 ) ;
#6298 = CARTESIAN_POINT ( 'NONE',  ( 0.09426646881030739666, -0.1100000000000000006, -0.08424999999999957523 ) ) ;
#6299 = ORIENTED_EDGE ( 'NONE', *, *, #7821, .F. ) ;
#6300 = VECTOR ( 'NONE', #1514, 39.37007874015748143 ) ;
#6301 = CIRCLE ( 'NONE', #4912, 0.02855000000000052982 ) ;
#6302 = LINE ( 'NONE', #3960, #7195 ) ;
#6303 = ORIENTED_EDGE ( 'NONE', *, *, #4619, .T. ) ;
#6304 = CARTESIAN_POINT ( 'NONE',  ( 0.2010000000000032039, 0.0000000000000000000, 0.02650000000000142519 ) ) ;
#6305 =( REPRESENTATION_RELATIONSHIP ('NONE','NONE', #1462, #1766 ) REPRESENTATION_RELATIONSHIP_WITH_TRANSFORMATION ( #3876 )SHAPE_REPRESENTATION_RELATIONSHIP( ) );
#6306 = ORIENTED_EDGE ( 'NONE', *, *, #2845, .F. ) ;
#6307 = ORIENTED_EDGE ( 'NONE', *, *, #1578, .F. ) ;
#6308 = ADVANCED_FACE ( 'NONE', ( #6645 ), #1252, .F. ) ;
#6309 = CARTESIAN_POINT ( 'NONE',  ( 1.537967468810307325, 3.673940397442060153E-19, -0.02144999999999966031 ) ) ;
#6310 = DIRECTION ( 'NONE',  ( -0.0000000000000000000, 1.000000000000000000, -0.0000000000000000000 ) ) ;
#6311 = LINE ( 'NONE', #1476, #1987 ) ;
#6312 = ORIENTED_EDGE ( 'NONE', *, *, #6358, .T. ) ;
#6313 = AXIS2_PLACEMENT_3D ( 'NONE', #3766, #6777, #4297 ) ;
#6314 = DIRECTION ( 'NONE',  ( -0.0000000000000000000, 1.000000000000000000, -0.0000000000000000000 ) ) ;
#6315 = EDGE_CURVE ( 'NONE', #4963, #4941, #6125, .T. ) ;
#6316 = ORIENTED_EDGE ( 'NONE', *, *, #1367, .F. ) ;
#6317 = EDGE_CURVE ( 'NONE', #6871, #934, #3144, .T. ) ;
#6318 = VERTEX_POINT ( 'NONE', #1214 ) ;
#6319 = CARTESIAN_POINT ( 'NONE',  ( -0.03066449223692698303, -0.05000000000000000278, -0.01574999999999998623 ) ) ;
#6320 = CARTESIAN_POINT ( 'NONE',  ( 1.894266468810307691, 0.0000000000000000000, -0.01574999999999998623 ) ) ;
#6321 = AXIS2_PLACEMENT_3D ( 'NONE', #6920, #131, #2564 ) ;
#6322 = ORIENTED_EDGE ( 'NONE', *, *, #615, .T. ) ;
#6323 = CARTESIAN_POINT ( 'NONE',  ( 1.099999000000000171, -0.1100000000000000006, -0.09999999999999989453 ) ) ;
#6324 = ORIENTED_EDGE ( 'NONE', *, *, #2100, .T. ) ;
#6325 = CARTESIAN_POINT ( 'NONE',  ( 1.194266468810307513, -0.1100000000000000006, -0.08424999999999957523 ) ) ;
#6326 = EDGE_CURVE ( 'NONE', #3317, #7244, #5567, .T. ) ;
#6327 = VECTOR ( 'NONE', #5417, 39.37007874015748143 ) ;
#6328 = DIRECTION ( 'NONE',  ( -0.0000000000000000000, 1.000000000000000000, -0.0000000000000000000 ) ) ;
#6329 = ORIENTED_EDGE ( 'NONE', *, *, #2781, .F. ) ;
#6330 = LINE ( 'NONE', #5174, #5751 ) ;
#6331 = VECTOR ( 'NONE', #272, 39.37007874015748143 ) ;
#6332 = DIRECTION ( 'NONE',  ( 1.000000000000000000, 0.0000000000000000000, 0.0000000000000000000 ) ) ;
#6333 = DIRECTION ( 'NONE',  ( 0.0000000000000000000, 0.0000000000000000000, 1.000000000000000000 ) ) ;
#6334 = CARTESIAN_POINT ( 'NONE',  ( 1.599999000000000171, -0.1100000000000000006, 0.0000000000000000000 ) ) ;
#6335 = VECTOR ( 'NONE', #7028, 39.37007874015748143 ) ;
#6336 = FACE_OUTER_BOUND ( 'NONE', #4047, .T. ) ;
#6337 = DIRECTION ( 'NONE',  ( 0.0000000000000000000, 0.0000000000000000000, -1.000000000000000000 ) ) ;
#6338 = ORIENTED_EDGE ( 'NONE', *, *, #2065, .F. ) ;
#6339 = CARTESIAN_POINT ( 'NONE',  ( 0.9816684688103075596, -0.05000000000000000278, -0.01574999999999998623 ) ) ;
#6340 = VECTOR ( 'NONE', #7218, 39.37007874015748143 ) ;
#6341 = ORIENTED_EDGE ( 'NONE', *, *, #6937, .F. ) ;
#6342 = EDGE_CURVE ( 'NONE', #7097, #4997, #47, .T. ) ;
#6343 = DIRECTION ( 'NONE',  ( -1.000000000000000000, -0.0000000000000000000, -0.0000000000000000000 ) ) ;
#6344 = ORIENTED_EDGE ( 'NONE', *, *, #6794, .F. ) ;
#6345 = PLANE ( 'NONE',  #7686 ) ;
#6346 = VECTOR ( 'NONE', #1294, 39.37007874015748854 ) ;
#6347 = FACE_OUTER_BOUND ( 'NONE', #5437, .T. ) ;
#6348 = FACE_OUTER_BOUND ( 'NONE', #2538, .T. ) ;
#6349 = DIRECTION ( 'NONE',  ( -0.0000000000000000000, 0.0000000000000000000, 1.000000000000000000 ) ) ;
#6350 = ORIENTED_EDGE ( 'NONE', *, *, #4974, .F. ) ;
#6351 = EDGE_CURVE ( 'NONE', #2937, #3112, #1291, .T. ) ;
#6352 = CARTESIAN_POINT ( 'NONE',  ( 1.481363563076536050, -0.05000000000000000278, 0.5345832055095172120 ) ) ;
#6353 = VERTEX_POINT ( 'NONE', #4392 ) ;
#6354 = ORIENTED_EDGE ( 'NONE', *, *, #1663, .T. ) ;
#6355 = CARTESIAN_POINT ( 'NONE',  ( -0.01203253118969264436, -0.05000000000000000278, -0.08424999999999989442 ) ) ;
#6356 = CARTESIAN_POINT ( 'NONE',  ( 1.075935937620614791, 0.0000000000000000000, -9.478001694819074349E-34 ) ) ;
#6357 = ORIENTED_EDGE ( 'NONE', *, *, #4317, .T. ) ;
#6358 = EDGE_CURVE ( 'NONE', #1113, #6489, #197, .T. ) ;
#6359 = CARTESIAN_POINT ( 'NONE',  ( 0.3816684688103073597, -0.1100000000000000006, -0.01574999999999998623 ) ) ;
#6360 = EDGE_LOOP ( 'NONE', ( #1215, #3286, #5205, #32 ) ) ;
#6361 = CARTESIAN_POINT ( 'NONE',  ( 1.494266468810307558, 0.0000000000000000000, -0.01574999999999998623 ) ) ;
#6362 = DIRECTION ( 'NONE',  ( 0.0000000000000000000, 0.0000000000000000000, 1.000000000000000000 ) ) ;
#6363 = ORIENTED_EDGE ( 'NONE', *, *, #1792, .T. ) ;
#6364 = CARTESIAN_POINT ( 'NONE',  ( 0.3379674688103073699, 3.673940397442060153E-19, -0.05000000000000019013 ) ) ;
#6365 = ADVANCED_FACE ( 'NONE', ( #6833 ), #6238, .T. ) ;
#6366 = CARTESIAN_POINT ( 'NONE',  ( 0.2010000000000032039, 0.0000000000000000000, 0.0000000000000000000 ) ) ;
#6367 = DIRECTION ( 'NONE',  ( -1.000000000000000000, 0.0000000000000000000, -7.776898252968646568E-17 ) ) ;
#6368 = DIRECTION ( 'NONE',  ( 0.0000000000000000000, 0.0000000000000000000, 1.000000000000000000 ) ) ;
#6369 = PLANE ( 'NONE',  #606 ) ;
#6370 = VECTOR ( 'NONE', #3352, 39.37007874015748143 ) ;
#6371 = DIRECTION ( 'NONE',  ( -0.3420201433256694346, -0.0000000000000000000, -0.9396926207859080948 ) ) ;
#6372 = VERTEX_POINT ( 'NONE', #803 ) ;
#6373 = EDGE_CURVE ( 'NONE', #4468, #1605, #4431, .T. ) ;
#6374 = ORIENTED_EDGE ( 'NONE', *, *, #3987, .T. ) ;
#6375 = SURFACE_SIDE_STYLE ('',( #3885 ) ) ;
#6376 = CARTESIAN_POINT ( 'NONE',  ( 0.08166846881030741245, -0.1100000000000000006, -0.08424999999999954747 ) ) ;
#6377 = VECTOR ( 'NONE', #3394, 39.37007874015748143 ) ;
#6378 = ORIENTED_EDGE ( 'NONE', *, *, #7800, .F. ) ;
#6379 = CARTESIAN_POINT ( 'NONE',  ( 0.08166846881030741245, 0.0000000000000000000, -0.08424999999999954747 ) ) ;
#6380 = CARTESIAN_POINT ( 'NONE',  ( 0.2050000000000032074, 0.0000000000000000000, 0.0000000000000000000 ) ) ;
#6381 = EDGE_CURVE ( 'NONE', #1490, #577, #2955, .T. ) ;
#6382 = DIRECTION ( 'NONE',  ( -0.0000000000000000000, 1.000000000000000000, -0.0000000000000000000 ) ) ;
#6383 = AXIS2_PLACEMENT_3D ( 'NONE', #4606, #7638, #916 ) ;
#6384 = CARTESIAN_POINT ( 'NONE',  ( 1.781668468810307493, -0.1100000000000000006, -0.08424999999999954747 ) ) ;
#6385 = EDGE_LOOP ( 'NONE', ( #6122, #2662, #1761, #5034 ) ) ;
#6386 = CARTESIAN_POINT ( 'NONE',  ( 0.8379674688103073699, 3.673940397442060153E-19, -0.02144999999999966031 ) ) ;
#6387 = ORIENTED_EDGE ( 'NONE', *, *, #523, .T. ) ;
#6388 = VECTOR ( 'NONE', #12, 39.37007874015748854 ) ;
#6389 = ORIENTED_EDGE ( 'NONE', *, *, #7014, .F. ) ;
#6390 = DIRECTION ( 'NONE',  ( -0.3420201433256638834, 0.0000000000000000000, 0.9396926207859100932 ) ) ;
#6391 = EDGE_CURVE ( 'NONE', #2452, #7772, #3609, .T. ) ;
#6392 = CARTESIAN_POINT ( 'NONE',  ( 0.9379674688103074587, 0.0000000000000000000, -0.05000000000000019013 ) ) ;
#6393 = VECTOR ( 'NONE', #6198, 39.37007874015748143 ) ;
#6394 = EDGE_LOOP ( 'NONE', ( #1684, #4427, #5048, #361 ) ) ;
#6395 = DIRECTION ( 'NONE',  ( 0.0000000000000000000, 0.0000000000000000000, 1.000000000000000000 ) ) ;
#6396 = ORIENTED_EDGE ( 'NONE', *, *, #2314, .F. ) ;
#6397 = DIRECTION ( 'NONE',  ( 0.9396926207859100932, 0.0000000000000000000, 0.3420201433256638834 ) ) ;
#6398 = LINE ( 'NONE', #1604, #7230 ) ;
#6399 = EDGE_LOOP ( 'NONE', ( #6653, #6940, #2650, #5031 ) ) ;
#6400 = VERTEX_POINT ( 'NONE', #5849 ) ;
#6401 = EDGE_CURVE ( 'NONE', #73, #2961, #2475, .T. ) ;
#6402 = CARTESIAN_POINT ( 'NONE',  ( 0.09999900000000011557, -0.05000000000000000278, -0.09999999999999989453 ) ) ;
#6403 = DIRECTION ( 'NONE',  ( -0.0000000000000000000, 1.000000000000000000, -0.0000000000000000000 ) ) ;
#6404 = LINE ( 'NONE', #7586, #4492 ) ;
#6405 = AXIS2_PLACEMENT_3D ( 'NONE', #7444, #3243, #105 ) ;
#6406 = DIRECTION ( 'NONE',  ( -1.000000000000000000, 0.0000000000000000000, -7.776898252968647801E-17 ) ) ;
#6407 = EDGE_CURVE ( 'NONE', #3922, #4377, #6532, .T. ) ;
#6408 = PLANE ( 'NONE',  #1627 ) ;
#6409 = DIRECTION ( 'NONE',  ( -0.3420201433256663259, 0.0000000000000000000, -0.9396926207859092051 ) ) ;
#6410 = ORIENTED_EDGE ( 'NONE', *, *, #3482, .F. ) ;
#6411 = CARTESIAN_POINT ( 'NONE',  ( 1.575935937620614791, 0.0000000000000000000, -0.09999999999999989453 ) ) ;
#6412 = PRODUCT_DEFINITION_SHAPE ( 'NONE', 'NONE',  #7847 ) ;
#6413 = VECTOR ( 'NONE', #6279, 39.37007874015748143 ) ;
#6414 = EDGE_LOOP ( 'NONE', ( #6887, #1440 ) ) ;
#6415 = CARTESIAN_POINT ( 'NONE',  ( 1.194266468810307513, -0.05000000000000000278, -0.08424999999999957523 ) ) ;
#6416 = CLOSED_SHELL ( 'NONE', ( #7452, #5972, #3133, #64, #1234, #6633, #5702, #731, #3272, #2982, #1188, #2951, #6207, #6805, #6308, #1445, #1644, #7371, #447, #1017, #1120, #3347, #5053, #6519, #2854, #539, #5008, #7260, #6863, #2943, #1100, #5848, #4448, #6990, #6224, #3274, #3676, #2436, #3196, #6673, #3099, #3444, #3703, #3809, #98, #3499, #2494, #975, #75, #2833, #885, #7497, #3685, #7623, #7542, #4967, #2151, #2790, #2710, #4579, #3057, #3071, #4224, #4440, #2547, #3740, #714, #652, #4820, #6751, #4534, #7354, #1607, #5789, #5494, #5492, #4670, #5553, #3529, #3828, #3592, #1279, #3399, #4343, #2417, #203, #3374, #7550, #4646, #6956, #804, #5677, #1052, #4037, #7790, #3576, #1706, #3615, #1310, #3229, #7241, #4558, #9, #4568, #5639, #7242, #7652, #4326, #7361, #211, #1430, #4782, #4352, #7589, #645, #6714, #384, #6588, #3318, #1199, #6010, #1887, #7507, #1521, #5088, #6445, #354, #4949, #6088, #5119, #5155, #173, #184, #4091, #5148, #1925, #4543, #600, #4602, #7109, #684, #5321, #3218, #7441, #6428, #4175, #4766, #4846, #2296, #5658, #115, #2118, #7269, #1384, #4655, #2488, #5721, #1357, #747, #1861, #5957, #2471, #372, #5780, #3841, #3310, #3892, #792, #299, #6127, #1511, #4296, #6927, #5866, #4725, #63, #1178, #5544, #1037, #4238, #1727, #795, #7067, #4525, #4469, #7470, #5993, #4893, #5183, #1906, #6919, #7479, #6872, #333, #5254, #3961, #4587, #3019, #1148, #326, #676, #2527, #5598, #6745, #4701, #5374 ) ) ;
#6417 = ORIENTED_EDGE ( 'NONE', *, *, #4072, .T. ) ;
#6418 = EDGE_CURVE ( 'NONE', #4012, #4980, #4635, .T. ) ;
#6419 = EDGE_CURVE ( 'NONE', #4203, #6778, #4039, .T. ) ;
#6420 = DIRECTION ( 'NONE',  ( 1.000000000000000000, 0.0000000000000000000, -1.355298456929802892E-15 ) ) ;
#6421 = CARTESIAN_POINT ( 'NONE',  ( 1.699999000000000260, -0.05000000000000000278, 0.0000000000000000000 ) ) ;
#6422 = VECTOR ( 'NONE', #112, 39.37007874015748143 ) ;
#6423 = CARTESIAN_POINT ( 'NONE',  ( 0.1816684688103074041, 0.0000000000000000000, -0.01574999999999998623 ) ) ;
#6424 = CARTESIAN_POINT ( 'NONE',  ( 0.0000000000000000000, -0.05000000000000000278, 0.0000000000000000000 ) ) ;
#6425 = ORIENTED_EDGE ( 'NONE', *, *, #2579, .F. ) ;
#6426 = LINE ( 'NONE', #1001, #4064 ) ;
#6427 = AXIS2_PLACEMENT_3D ( 'NONE', #1637, #3413, #6469 ) ;
#6428 = ADVANCED_FACE ( 'NONE', ( #7039 ), #7666, .F. ) ;
#6429 = EDGE_LOOP ( 'NONE', ( #6904, #3258, #5184, #1873 ) ) ;
#6430 = CARTESIAN_POINT ( 'NONE',  ( -0.01203253118969264436, -0.05000000000000000278, -0.08424999999999989442 ) ) ;
#6431 = CARTESIAN_POINT ( 'NONE',  ( 0.3816684688103073597, -0.1100000000000000006, -0.08424999999999954747 ) ) ;
#6432 = DIRECTION ( 'NONE',  ( -0.0000000000000000000, 1.000000000000000000, -0.0000000000000000000 ) ) ;
#6433 = VECTOR ( 'NONE', #2532, 39.37007874015748143 ) ;
#6434 = ORIENTED_EDGE ( 'NONE', *, *, #5200, .F. ) ;
#6435 = ORIENTED_EDGE ( 'NONE', *, *, #6997, .T. ) ;
#6436 = EDGE_CURVE ( 'NONE', #4862, #1901, #4385, .T. ) ;
#6437 = DIRECTION ( 'NONE',  ( 0.3420201433256638834, 0.0000000000000000000, -0.9396926207859100932 ) ) ;
#6438 = CYLINDRICAL_SURFACE ( 'NONE', #382, 0.02855000000000052635 ) ;
#6439 = ORIENTED_EDGE ( 'NONE', *, *, #1932, .T. ) ;
#6440 = ORIENTED_EDGE ( 'NONE', *, *, #3567, .T. ) ;
#6441 = VECTOR ( 'NONE', #2725, 39.37007874015748143 ) ;
#6442 = CARTESIAN_POINT ( 'NONE',  ( 0.4816684688103073930, 0.0000000000000000000, -0.08424999999999954747 ) ) ;
#6443 = LINE ( 'NONE', #4593, #4817 ) ;
#6444 = VECTOR ( 'NONE', #3508, 39.37007874015748143 ) ;
#6445 = ADVANCED_FACE ( 'NONE', ( #6015 ), #7114, .F. ) ;
#6446 = CARTESIAN_POINT ( 'NONE',  ( 0.7816684688103074929, -0.05000000000000000278, -0.08424999999999954747 ) ) ;
#6447 = VERTEX_POINT ( 'NONE', #1143 ) ;
#6448 = DIRECTION ( 'NONE',  ( 0.0000000000000000000, 0.0000000000000000000, 1.000000000000000000 ) ) ;
#6449 = CARTESIAN_POINT ( 'NONE',  ( 1.037967468810307547, -0.05000000000000000278, -0.02144999999999967072 ) ) ;
#6450 = CIRCLE ( 'NONE', #489, 0.009000000000000915254 ) ;
#6451 = FACE_OUTER_BOUND ( 'NONE', #3126, .T. ) ;
#6452 = VERTEX_POINT ( 'NONE', #5930 ) ;
#6453 = LINE ( 'NONE', #4640, #3913 ) ;
#6454 = VERTEX_POINT ( 'NONE', #1656 ) ;
#6455 = EDGE_CURVE ( 'NONE', #7520, #1735, #4077, .T. ) ;
#6456 = DIRECTION ( 'NONE',  ( -1.000000000000000000, 0.0000000000000000000, -7.776898252968647801E-17 ) ) ;
#6457 = AXIS2_PLACEMENT_3D ( 'NONE', #1645, #5451, #3582 ) ;
#6458 = VERTEX_POINT ( 'NONE', #7198 ) ;
#6459 = CARTESIAN_POINT ( 'NONE',  ( 0.6816684688103075151, 0.0000000000000000000, -0.08424999999999954747 ) ) ;
#6460 = PLANE ( 'NONE',  #4113 ) ;
#6461 = LINE ( 'NONE', #2769, #4821 ) ;
#6462 = EDGE_CURVE ( 'NONE', #1581, #1853, #6485, .T. ) ;
#6463 = DIRECTION ( 'NONE',  ( 1.000000000000000000, 0.0000000000000000000, -1.355298456929802892E-15 ) ) ;
#6464 = EDGE_LOOP ( 'NONE', ( #7409, #4625, #3067, #2099 ) ) ;
#6465 = CARTESIAN_POINT ( 'NONE',  ( -0.01203253118969264436, 0.0000000000000000000, -0.01574999999999999664 ) ) ;
#6466 = CARTESIAN_POINT ( 'NONE',  ( 0.0000000000000000000, -0.05000000000000000278, 0.0000000000000000000 ) ) ;
#6467 = VECTOR ( 'NONE', #6406, 39.37007874015748143 ) ;
#6468 = ORIENTED_EDGE ( 'NONE', *, *, #336, .T. ) ;
#6469 = DIRECTION ( 'NONE',  ( 0.0000000000000000000, 0.0000000000000000000, 1.000000000000000000 ) ) ;
#6470 = DIRECTION ( 'NONE',  ( 0.0000000000000000000, 0.0000000000000000000, 1.000000000000000000 ) ) ;
#6471 = PLANE ( 'NONE',  #4281 ) ;
#6472 = EDGE_CURVE ( 'NONE', #6489, #2751, #3556, .T. ) ;
#6473 = ORIENTED_EDGE ( 'NONE', *, *, #578, .T. ) ;
#6474 = ORIENTED_EDGE ( 'NONE', *, *, #5138, .F. ) ;
#6475 = CARTESIAN_POINT ( 'NONE',  ( 1.775935937620614746, -0.1100000000000000006, -0.09999999999999989453 ) ) ;
#6476 = ORIENTED_EDGE ( 'NONE', *, *, #704, .F. ) ;
#6477 = ORIENTED_EDGE ( 'NONE', *, *, #4801, .F. ) ;
#6478 = PRODUCT ( 'mill-max-364-10-120-00-580000', 'mill-max-364-10-120-00-580000', '', ( #6251 ) ) ;
#6479 = CARTESIAN_POINT ( 'NONE',  ( 0.2759359376206146353, 0.0000000000000000000, -9.478001694819074349E-34 ) ) ;
#6480 = EDGE_CURVE ( 'NONE', #5601, #4415, #3472, .T. ) ;
#6481 = DIRECTION ( 'NONE',  ( -1.000000000000000000, -0.0000000000000000000, -0.0000000000000000000 ) ) ;
#6482 = DIRECTION ( 'NONE',  ( 0.9396926207859080948, 0.0000000000000000000, -0.3420201433256695456 ) ) ;
#6483 = DIRECTION ( 'NONE',  ( 0.3420201433256662704, -0.0000000000000000000, 0.9396926207859092051 ) ) ;
#6484 = ORIENTED_EDGE ( 'NONE', *, *, #3864, .T. ) ;
#6485 = LINE ( 'NONE', #1777, #1461 ) ;
#6486 = LINE ( 'NONE', #7788, #850 ) ;
#6487 = DIRECTION ( 'NONE',  ( -0.3420201433256638834, 0.0000000000000000000, 0.9396926207859100932 ) ) ;
#6488 = EDGE_CURVE ( 'NONE', #5118, #5636, #2215, .T. ) ;
#6489 = VERTEX_POINT ( 'NONE', #5299 ) ;
#6490 = CARTESIAN_POINT ( 'NONE',  ( 1.558774623547938276, -0.05000000000000000278, 0.5627585273240731656 ) ) ;
#6491 = ORIENTED_EDGE ( 'NONE', *, *, #5264, .F. ) ;
#6492 = DIRECTION ( 'NONE',  ( 0.0000000000000000000, 0.0000000000000000000, 1.000000000000000000 ) ) ;
#6493 = LINE ( 'NONE', #1744, #4735 ) ;
#6494 = ORIENTED_EDGE ( 'NONE', *, *, #4517, .F. ) ;
#6495 = AXIS2_PLACEMENT_3D ( 'NONE', #6376, #295, #7525 ) ;
#6496 = LINE ( 'NONE', #1071, #2636 ) ;
#6497 = DIRECTION ( 'NONE',  ( -1.000000000000000000, -0.0000000000000000000, -0.0000000000000000000 ) ) ;
#6498 = EDGE_CURVE ( 'NONE', #7711, #1150, #531, .T. ) ;
#6499 = LINE ( 'NONE', #3445, #2908 ) ;
#6500 = CARTESIAN_POINT ( 'NONE',  ( -0.03066449223692707671, -0.05000000000000000278, -0.08424999999999899236 ) ) ;
#6501 = VECTOR ( 'NONE', #4235, 39.37007874015748143 ) ;
#6502 = ORIENTED_EDGE ( 'NONE', *, *, #4410, .F. ) ;
#6503 = DIRECTION ( 'NONE',  ( 1.000000000000000000, 0.0000000000000000000, 3.387708325476583695E-16 ) ) ;
#6504 = LINE ( 'NONE', #1594, #3 ) ;
#6505 = ORIENTED_EDGE ( 'NONE', *, *, #3078, .T. ) ;
#6506 = EDGE_CURVE ( 'NONE', #7339, #1683, #574, .T. ) ;
#6507 = LINE ( 'NONE', #2507, #1248 ) ;
#6508 = AXIS2_PLACEMENT_3D ( 'NONE', #2999, #5302, #5343 ) ;
#6509 = DIRECTION ( 'NONE',  ( 0.0000000000000000000, 0.0000000000000000000, -1.000000000000000000 ) ) ;
#6510 = DIRECTION ( 'NONE',  ( -0.0000000000000000000, 1.000000000000000000, -0.0000000000000000000 ) ) ;
#6511 = VECTOR ( 'NONE', #2068, 39.37007874015748143 ) ;
#6512 = ORIENTED_EDGE ( 'NONE', *, *, #5537, .F. ) ;
#6513 = EDGE_LOOP ( 'NONE', ( #1479, #3215, #1307, #1226 ) ) ;
#6514 = CONTEXT_DEPENDENT_SHAPE_REPRESENTATION ( #2298, #5277 ) ;
#6515 = AXIS2_PLACEMENT_3D ( 'NONE', #6364, #5767, #324 ) ;
#6516 = CYLINDRICAL_SURFACE ( 'NONE', #1779, 0.02855000000000052635 ) ;
#6517 = CIRCLE ( 'NONE', #426, 0.009000000000000915254 ) ;
#6518 = ORIENTED_EDGE ( 'NONE', *, *, #1948, .F. ) ;
#6519 = ADVANCED_FACE ( 'NONE', ( #5341 ), #7787, .T. ) ;
#6520 = VERTEX_POINT ( 'NONE', #4752 ) ;
#6521 = EDGE_CURVE ( 'NONE', #2326, #5611, #848, .T. ) ;
#6522 = VECTOR ( 'NONE', #2288, 39.37007874015748143 ) ;
#6523 = LINE ( 'NONE', #3426, #3348 ) ;
#6524 = AXIS2_PLACEMENT_3D ( 'NONE', #2335, #1065, #6581 ) ;
#6525 = ORIENTED_EDGE ( 'NONE', *, *, #6498, .T. ) ;
#6526 = CARTESIAN_POINT ( 'NONE',  ( 1.794266468810307602, -0.05000000000000000278, -0.01574999999999998623 ) ) ;
#6527 = CARTESIAN_POINT ( 'NONE',  ( 0.3210000000000022835, -4.370991843859528917E-15, 0.0000000000000000000 ) ) ;
#6528 = LINE ( 'NONE', #5256, #4832 ) ;
#6529 = EDGE_CURVE ( 'NONE', #6952, #2140, #4471, .T. ) ;
#6530 = ORIENTED_EDGE ( 'NONE', *, *, #4484, .F. ) ;
#6531 = EDGE_LOOP ( 'NONE', ( #3831, #7804, #3201, #1842 ) ) ;
#6532 = LINE ( 'NONE', #1617, #4507 ) ;
#6533 = CARTESIAN_POINT ( 'NONE',  ( 0.2050000000000032074, 0.02249999999999293537, 0.0000000000000000000 ) ) ;
#6534 = DIRECTION ( 'NONE',  ( -0.9396926207859093161, 0.0000000000000000000, 0.3420201433256663814 ) ) ;
#6535 = VERTEX_POINT ( 'NONE', #7343 ) ;
#6536 = CARTESIAN_POINT ( 'NONE',  ( 1.975934937620615894, -0.05000000000000000278, -0.09999999999999974187 ) ) ;
#6537 = VECTOR ( 'NONE', #3532, 39.37007874015748143 ) ;
#6538 = ORIENTED_EDGE ( 'NONE', *, *, #3257, .T. ) ;
#6539 = DIRECTION ( 'NONE',  ( 1.000000000000000000, 0.0000000000000000000, 0.0000000000000000000 ) ) ;
#6540 = CARTESIAN_POINT ( 'NONE',  ( 0.08166846881030738470, 0.0000000000000000000, -0.01574999999999998623 ) ) ;
#6541 = EDGE_CURVE ( 'NONE', #581, #1931, #3142, .T. ) ;
#6542 = VERTEX_POINT ( 'NONE', #5049 ) ;
#6543 = CARTESIAN_POINT ( 'NONE',  ( 1.575935937620614791, -0.05000000000000000278, -9.478001694819074349E-34 ) ) ;
#6544 = CARTESIAN_POINT ( 'NONE',  ( 0.2816684688103074374, -0.1100000000000000006, -0.01574999999999998623 ) ) ;
#6545 = DIRECTION ( 'NONE',  ( -0.3420201433256720991, 0.0000000000000000000, 0.9396926207859070956 ) ) ;
#6546 = LINE ( 'NONE', #5354, #5435 ) ;
#6547 = ORIENTED_EDGE ( 'NONE', *, *, #1486, .T. ) ;
#6548 = CARTESIAN_POINT ( 'NONE',  ( 1.175935937620614880, -0.05000000000000000278, -9.478001694819074349E-34 ) ) ;
#6549 = CARTESIAN_POINT ( 'NONE',  ( 1.987967468810307503, -0.05000000000000000278, -0.01574999999999984746 ) ) ;
#6550 = LINE ( 'NONE', #5403, #5071 ) ;
#6551 = EDGE_CURVE ( 'NONE', #2711, #6258, #6654, .T. ) ;
#6552 = PRODUCT_DEFINITION_SHAPE ( 'NONE', 'NONE',  #7837 ) ;
#6553 = ORIENTED_EDGE ( 'NONE', *, *, #4736, .F. ) ;
#6554 = VERTEX_POINT ( 'NONE', #3298 ) ;
#6555 = DIRECTION ( 'NONE',  ( -1.000000000000000000, -0.0000000000000000000, -0.0000000000000000000 ) ) ;
#6556 = CARTESIAN_POINT ( 'NONE',  ( 0.8379674688103073699, -0.05000000000000000278, -0.02144999999999967072 ) ) ;
#6557 = ORIENTED_EDGE ( 'NONE', *, *, #164, .T. ) ;
#6558 = VECTOR ( 'NONE', #2691, 39.37007874015748143 ) ;
#6559 = EDGE_CURVE ( 'NONE', #6703, #5909, #3220, .T. ) ;
#6560 = PLANE ( 'NONE',  #6590 ) ;
#6561 = EDGE_CURVE ( 'NONE', #2925, #6452, #6755, .T. ) ;
#6562 = ORIENTED_EDGE ( 'NONE', *, *, #5667, .F. ) ;
#6563 = ORIENTED_EDGE ( 'NONE', *, *, #2546, .T. ) ;
#6564 = AXIS2_PLACEMENT_3D ( 'NONE', #2097, #3357, #250 ) ;
#6565 = CARTESIAN_POINT ( 'NONE',  ( 1.281668468810307271, -0.1100000000000000006, -0.08424999999999954747 ) ) ;
#6566 = ORIENTED_EDGE ( 'NONE', *, *, #2092, .F. ) ;
#6567 = LINE ( 'NONE', #1771, #5181 ) ;
#6568 = EDGE_CURVE ( 'NONE', #4271, #7287, #4354, .T. ) ;
#6569 = CARTESIAN_POINT ( 'NONE',  ( 0.009000000000000368816, 0.0000000000000000000, 0.0000000000000000000 ) ) ;
#6570 = VECTOR ( 'NONE', #5082, 39.37007874015748143 ) ;
#6571 = CARTESIAN_POINT ( 'NONE',  ( 0.1942664688103074300, -0.05000000000000000278, -0.01574999999999998623 ) ) ;
#6572 = EDGE_LOOP ( 'NONE', ( #3605, #3770, #4356, #1250 ) ) ;
#6573 = DIRECTION ( 'NONE',  ( 0.9396926207859100932, 0.0000000000000000000, 0.3420201433256638834 ) ) ;
#6574 = CARTESIAN_POINT ( 'NONE',  ( 0.7999990000000001267, 0.0000000000000000000, -0.09999999999999989453 ) ) ;
#6575 = PLANE ( 'NONE',  #4372 ) ;
#6576 = ORIENTED_EDGE ( 'NONE', *, *, #3266, .F. ) ;
#6577 = CIRCLE ( 'NONE', #5808, 0.02855000000000052982 ) ;
#6578 = DIRECTION ( 'NONE',  ( 0.0000000000000000000, 0.0000000000000000000, 1.000000000000000000 ) ) ;
#6579 = EDGE_CURVE ( 'NONE', #3323, #5816, #3861, .T. ) ;
#6580 = ORIENTED_EDGE ( 'NONE', *, *, #900, .F. ) ;
#6581 = DIRECTION ( 'NONE',  ( -3.491481338843133355E-15, -1.000000000000000000, 0.0000000000000000000 ) ) ;
#6582 = LINE ( 'NONE', #7123, #4383 ) ;
#6583 = ORIENTED_EDGE ( 'NONE', *, *, #2823, .T. ) ;
#6584 = VECTOR ( 'NONE', #610, 39.37007874015748854 ) ;
#6585 = CARTESIAN_POINT ( 'NONE',  ( 1.299999000000000127, -0.1100000000000000006, -0.09999999999999989453 ) ) ;
#6586 = DIRECTION ( 'NONE',  ( 0.9396926207859080948, 0.0000000000000000000, -0.3420201433256695456 ) ) ;
#6587 = ORIENTED_EDGE ( 'NONE', *, *, #2278, .F. ) ;
#6588 = ADVANCED_FACE ( 'NONE', ( #6236 ), #6162, .F. ) ;
#6589 = CARTESIAN_POINT ( 'NONE',  ( 0.009000000000000368816, 0.0000000000000000000, 0.008999999999998727768 ) ) ;
#6590 = AXIS2_PLACEMENT_3D ( 'NONE', #6120, #3543, #1287 ) ;
#6591 = ORIENTED_EDGE ( 'NONE', *, *, #4775, .T. ) ;
#6592 = CARTESIAN_POINT ( 'NONE',  ( 1.981667468810307531, -0.05000000000000000278, -0.01574999999999985092 ) ) ;
#6593 = DIRECTION ( 'NONE',  ( 1.000000000000000000, 0.0000000000000000000, 0.0000000000000000000 ) ) ;
#6594 = LINE ( 'NONE', #552, #1281 ) ;
#6595 = ORIENTED_EDGE ( 'NONE', *, *, #7033, .F. ) ;
#6596 = CARTESIAN_POINT ( 'NONE',  ( 0.9942664688103074466, -0.1100000000000000006, -0.08424999999999957523 ) ) ;
#6597 = VECTOR ( 'NONE', #5827, 39.37007874015748143 ) ;
#6598 = LINE ( 'NONE', #2393, #6660 ) ;
#6599 = CARTESIAN_POINT ( 'NONE',  ( 0.4379674688103074032, 3.673940397442060153E-19, -0.05000000000000019013 ) ) ;
#6600 = EDGE_CURVE ( 'NONE', #1520, #1675, #3259, .T. ) ;
#6601 = EDGE_LOOP ( 'NONE', ( #6896, #7439 ) ) ;
#6602 = VECTOR ( 'NONE', #7236, 39.37007874015748854 ) ;
#6603 = CARTESIAN_POINT ( 'NONE',  ( 1.099999000000000171, 0.0000000000000000000, 0.0000000000000000000 ) ) ;
#6604 = VERTEX_POINT ( 'NONE', #7379 ) ;
#6605 = VERTEX_POINT ( 'NONE', #5641 ) ;
#6606 = LINE ( 'NONE', #7108, #1961 ) ;
#6607 = EDGE_CURVE ( 'NONE', #3611, #4799, #4390, .T. ) ;
#6608 = VERTEX_POINT ( 'NONE', #6791 ) ;
#6609 = LINE ( 'NONE', #6649, #2276 ) ;
#6610 = CARTESIAN_POINT ( 'NONE',  ( 0.1250000000000020817, 0.008999999999996692937, 0.0000000000000000000 ) ) ;
#6611 = CARTESIAN_POINT ( 'NONE',  ( -1.600692183787654153E-17, -0.05000000000000000278, -0.09999999999999989453 ) ) ;
#6612 = ORIENTED_EDGE ( 'NONE', *, *, #2505, .F. ) ;
#6613 = DIRECTION ( 'NONE',  ( -0.3420201433256720991, 0.0000000000000000000, 0.9396926207859070956 ) ) ;
#6614 = DIRECTION ( 'NONE',  ( 0.0000000000000000000, 0.0000000000000000000, 1.000000000000000000 ) ) ;
#6615 = EDGE_CURVE ( 'NONE', #5284, #563, #760, .T. ) ;
#6616 = LINE ( 'NONE', #5932, #546 ) ;
#6617 = ORIENTED_EDGE ( 'NONE', *, *, #5433, .T. ) ;
#6618 = CARTESIAN_POINT ( 'NONE',  ( 0.0000000000000000000, 0.0000000000000000000, 0.0000000000000000000 ) ) ;
#6619 = ORIENTED_EDGE ( 'NONE', *, *, #6704, .F. ) ;
#6620 = PRESENTATION_STYLE_ASSIGNMENT (( #537 ) ) ;
#6621 = LINE ( 'NONE', #7246, #4119 ) ;
#6622 = EDGE_LOOP ( 'NONE', ( #5016, #2986, #4704, #3431 ) ) ;
#6623 = CARTESIAN_POINT ( 'NONE',  ( 0.2816684688103074374, 0.0000000000000000000, -0.01574999999999998623 ) ) ;
#6624 = EDGE_CURVE ( 'NONE', #4879, #2297, #3177, .T. ) ;
#6625 = DIRECTION ( 'NONE',  ( -0.9396926207859072067, 0.0000000000000000000, -0.3420201433256721546 ) ) ;
#6626 = ORIENTED_EDGE ( 'NONE', *, *, #3427, .F. ) ;
#6627 = CARTESIAN_POINT ( 'NONE',  ( 0.3379674688103073699, -0.05000000000000000278, -0.07855000000000071647 ) ) ;
#6628 = VERTEX_POINT ( 'NONE', #2588 ) ;
#6629 = LINE ( 'NONE', #5318, #2609 ) ;
#6630 = DIRECTION ( 'NONE',  ( -0.0000000000000000000, 1.000000000000000000, -0.0000000000000000000 ) ) ;
#6631 = LINE ( 'NONE', #594, #7723 ) ;
#6632 = ORIENTED_EDGE ( 'NONE', *, *, #7014, .T. ) ;
#6633 = ADVANCED_FACE ( 'NONE', ( #4428 ), #6830, .F. ) ;
#6634 = CARTESIAN_POINT ( 'NONE',  ( 1.375935937620614613, -0.1100000000000000006, -0.09999999999999989453 ) ) ;
#6635 = LINE ( 'NONE', #5363, #1846 ) ;
#6636 = PLANE ( 'NONE',  #5283 ) ;
#6637 = CIRCLE ( 'NONE', #4367, 0.02855000000000052982 ) ;
#6638 = VERTEX_POINT ( 'NONE', #1484 ) ;
#6639 = FACE_OUTER_BOUND ( 'NONE', #4926, .T. ) ;
#6640 = ORIENTED_EDGE ( 'NONE', *, *, #551, .F. ) ;
#6641 = VECTOR ( 'NONE', #6409, 39.37007874015748143 ) ;
#6642 = EDGE_CURVE ( 'NONE', #3494, #1770, #5680, .T. ) ;
#6643 = VECTOR ( 'NONE', #1434, 39.37007874015748143 ) ;
#6644 = ORIENTED_EDGE ( 'NONE', *, *, #1762, .F. ) ;
#6645 = FACE_OUTER_BOUND ( 'NONE', #5086, .T. ) ;
#6646 = VECTOR ( 'NONE', #4191, 39.37007874015748143 ) ;
#6647 = VERTEX_POINT ( 'NONE', #7461 ) ;
#6648 = AXIS2_PLACEMENT_3D ( 'NONE', #1269, #4883, #6142 ) ;
#6649 = CARTESIAN_POINT ( 'NONE',  ( 1.117263512768191802, -0.05000000000000000278, 0.4020616249024401845 ) ) ;
#6650 = LINE ( 'NONE', #6054, #3081 ) ;
#6651 = DIRECTION ( 'NONE',  ( 1.000000000000000000, 0.0000000000000000000, -0.0000000000000000000 ) ) ;
#6652 = EDGE_CURVE ( 'NONE', #2023, #3767, #2977, .T. ) ;
#6653 = ORIENTED_EDGE ( 'NONE', *, *, #956, .T. ) ;
#6654 = CIRCLE ( 'NONE', #5882, 0.02855000000000052982 ) ;
#6655 = LINE ( 'NONE', #2451, #877 ) ;
#6656 = LINE ( 'NONE', #5976, #3250 ) ;
#6657 = LINE ( 'NONE', #4834, #5618 ) ;
#6658 = EDGE_LOOP ( 'NONE', ( #7488, #2177 ) ) ;
#6659 = CARTESIAN_POINT ( 'NONE',  ( 0.0000000000000000000, -0.05000000000000000278, 0.0000000000000000000 ) ) ;
#6660 = VECTOR ( 'NONE', #4815, 39.37007874015748143 ) ;
#6661 = ORIENTED_EDGE ( 'NONE', *, *, #3180, .T. ) ;
#6662 = DIRECTION ( 'NONE',  ( 0.0000000000000000000, 0.0000000000000000000, 1.000000000000000000 ) ) ;
#6663 = LINE ( 'NONE', #5431, #3971 ) ;
#6664 = EDGE_CURVE ( 'NONE', #6452, #3888, #5087, .T. ) ;
#6665 = ORIENTED_EDGE ( 'NONE', *, *, #7408, .F. ) ;
#6666 = CARTESIAN_POINT ( 'NONE',  ( 1.591681260864255654, -0.05000000000000000278, -0.6062355638170116023 ) ) ;
#6667 = CARTESIAN_POINT ( 'NONE',  ( 1.681668468810307404, 0.0000000000000000000, -0.01574999999999998623 ) ) ;
#6668 = ORIENTED_EDGE ( 'NONE', *, *, #7094, .F. ) ;
#6669 = PLANE ( 'NONE',  #6313 ) ;
#6670 = ORIENTED_EDGE ( 'NONE', *, *, #5111, .F. ) ;
#6671 = LINE ( 'NONE', #548, #2859 ) ;
#6672 = FACE_OUTER_BOUND ( 'NONE', #2517, .T. ) ;
#6673 = ADVANCED_FACE ( 'NONE', ( #5869 ), #351, .T. ) ;
#6674 = CARTESIAN_POINT ( 'NONE',  ( 1.675935937620614880, -0.1100000000000000006, -0.09999999999999989453 ) ) ;
#6675 = AXIS2_PLACEMENT_3D ( 'NONE', #4449, #5275, #4013 ) ;
#6676 = VERTEX_POINT ( 'NONE', #7099 ) ;
#6677 = DIRECTION ( 'NONE',  ( 1.000000000000000000, 0.0000000000000000000, -1.355298456929802892E-15 ) ) ;
#6678 = DIRECTION ( 'NONE',  ( -0.3420201433256638834, 0.0000000000000000000, 0.9396926207859100932 ) ) ;
#6679 = DIRECTION ( 'NONE',  ( -0.3420201433256663259, 0.0000000000000000000, -0.9396926207859092051 ) ) ;
#6680 = ORIENTED_EDGE ( 'NONE', *, *, #5146, .F. ) ;
#6681 = EDGE_CURVE ( 'NONE', #559, #6073, #4654, .T. ) ;
#6682 = VECTOR ( 'NONE', #2078, 39.37007874015748143 ) ;
#6683 = FACE_OUTER_BOUND ( 'NONE', #5463, .T. ) ;
#6684 = VERTEX_POINT ( 'NONE', #2154 ) ;
#6685 = ORIENTED_EDGE ( 'NONE', *, *, #2344, .T. ) ;
#6686 = LINE ( 'NONE', #6200, #6138 ) ;
#6687 = VECTOR ( 'NONE', #6900, 39.37007874015748854 ) ;
#6688 = EDGE_CURVE ( 'NONE', #7219, #163, #2116, .T. ) ;
#6689 = ORIENTED_EDGE ( 'NONE', *, *, #3917, .T. ) ;
#6690 = CARTESIAN_POINT ( 'NONE',  ( 1.094266468810307424, 0.0000000000000000000, -0.01574999999999998623 ) ) ;
#6691 = DIRECTION ( 'NONE',  ( -0.3420201433256720991, 0.0000000000000000000, 0.9396926207859070956 ) ) ;
#6692 = LINE ( 'NONE', #5534, #5333 ) ;
#6693 = VERTEX_POINT ( 'NONE', #925 ) ;
#6694 = CARTESIAN_POINT ( 'NONE',  ( 0.09426646881030741054, -0.1100000000000000006, -0.01574999999999998623 ) ) ;
#6695 = EDGE_CURVE ( 'NONE', #5355, #4662, #6987, .T. ) ;
#6696 = FACE_OUTER_BOUND ( 'NONE', #5386, .T. ) ;
#6697 = DIRECTION ( 'NONE',  ( 0.0000000000000000000, 0.0000000000000000000, 1.000000000000000000 ) ) ;
#6698 = PLANE ( 'NONE',  #7001 ) ;
#6699 = ORIENTED_EDGE ( 'NONE', *, *, #6315, .F. ) ;
#6700 = DIRECTION ( 'NONE',  ( -0.0000000000000000000, 1.000000000000000000, -0.0000000000000000000 ) ) ;
#6701 = VECTOR ( 'NONE', #5548, 39.37007874015748143 ) ;
#6702 = CARTESIAN_POINT ( 'NONE',  ( 0.5379674688103074365, 3.673940397442060153E-19, -0.07855000000000071647 ) ) ;
#6703 = VERTEX_POINT ( 'NONE', #3452 ) ;
#6704 = EDGE_CURVE ( 'NONE', #5949, #1471, #5755, .T. ) ;
#6705 = LINE ( 'NONE', #662, #7828 ) ;
#6706 = EDGE_LOOP ( 'NONE', ( #26, #7494, #3935, #6852 ) ) ;
#6707 = FACE_OUTER_BOUND ( 'NONE', #1980, .T. ) ;
#6708 = PLANE ( 'NONE',  #1075 ) ;
#6709 = DIRECTION ( 'NONE',  ( -0.0000000000000000000, 1.000000000000000000, -0.0000000000000000000 ) ) ;
#6710 = ORIENTED_EDGE ( 'NONE', *, *, #3140, .T. ) ;
#6711 = DIRECTION ( 'NONE',  ( 1.000000000000000000, 0.0000000000000000000, -1.355298456929802892E-15 ) ) ;
#6712 = DIRECTION ( 'NONE',  ( -0.0000000000000000000, 1.000000000000000000, -0.0000000000000000000 ) ) ;
#6713 = CARTESIAN_POINT ( 'NONE',  ( 1.937967468810307459, 3.673940397442060153E-19, -0.07855000000000071647 ) ) ;
#6714 = ADVANCED_FACE ( 'NONE', ( #4021 ), #5831, .F. ) ;
#6715 = AXIS2_PLACEMENT_3D ( 'NONE', #3032, #5459, #4904 ) ;
#6716 = ORIENTED_EDGE ( 'NONE', *, *, #7609, .T. ) ;
#6717 = DIRECTION ( 'NONE',  ( -1.000000000000000000, 0.0000000000000000000, 1.355298456929802892E-15 ) ) ;
#6718 = AXIS2_PLACEMENT_3D ( 'NONE', #3254, #718, #3294 ) ;
#6719 = VERTEX_POINT ( 'NONE', #4099 ) ;
#6720 = VERTEX_POINT ( 'NONE', #2779 ) ;
#6721 = EDGE_CURVE ( 'NONE', #4980, #6067, #3378, .T. ) ;
#6722 = DIRECTION ( 'NONE',  ( -1.000000000000000000, 0.0000000000000000000, -7.776898252968647801E-17 ) ) ;
#6723 = VECTOR ( 'NONE', #1480, 39.37007874015748143 ) ;
#6724 = ORIENTED_EDGE ( 'NONE', *, *, #3953, .T. ) ;
#6725 = DIRECTION ( 'NONE',  ( 1.355298456929802892E-15, 0.0000000000000000000, 1.000000000000000000 ) ) ;
#6726 = DIRECTION ( 'NONE',  ( -0.0000000000000000000, 1.000000000000000000, -0.0000000000000000000 ) ) ;
#6727 = PLANE ( 'NONE',  #1920 ) ;
#6728 = EDGE_LOOP ( 'NONE', ( #1616, #2821, #4045, #974 ) ) ;
#6729 = VECTOR ( 'NONE', #3035, 39.37007874015748854 ) ;
#6730 = EDGE_CURVE ( 'NONE', #3554, #293, #5281, .T. ) ;
#6731 = FACE_OUTER_BOUND ( 'NONE', #4604, .T. ) ;
#6732 = DIRECTION ( 'NONE',  ( -1.000000000000000000, 0.0000000000000000000, 1.355298456929802892E-15 ) ) ;
#6733 = DIRECTION ( 'NONE',  ( 0.0000000000000000000, 0.0000000000000000000, 1.000000000000000000 ) ) ;
#6734 = VERTEX_POINT ( 'NONE', #2742 ) ;
#6735 = DIRECTION ( 'NONE',  ( 0.0000000000000000000, 0.0000000000000000000, 1.000000000000000000 ) ) ;
#6736 = CARTESIAN_POINT ( 'NONE',  ( 0.7999990000000001267, -0.1100000000000000006, -0.09999999999999989453 ) ) ;
#6737 = ORIENTED_EDGE ( 'NONE', *, *, #3255, .T. ) ;
#6738 = DIRECTION ( 'NONE',  ( -1.000000000000000000, 0.0000000000000000000, -0.0000000000000000000 ) ) ;
#6739 = ORIENTED_EDGE ( 'NONE', *, *, #6096, .T. ) ;
#6740 = DIRECTION ( 'NONE',  ( -0.0000000000000000000, 1.000000000000000000, -0.0000000000000000000 ) ) ;
#6741 = PLANE ( 'NONE',  #6139 ) ;
#6742 = FACE_OUTER_BOUND ( 'NONE', #3904, .T. ) ;
#6743 = ORIENTED_EDGE ( 'NONE', *, *, #5060, .T. ) ;
#6744 = EDGE_LOOP ( 'NONE', ( #7729, #2530, #6737, #6933 ) ) ;
#6745 = ADVANCED_FACE ( 'NONE', ( #5240 ), #1677, .F. ) ;
#6746 = CARTESIAN_POINT ( 'NONE',  ( 1.181668468810307626, -0.1100000000000000006, -0.08424999999999954747 ) ) ;
#6747 = CARTESIAN_POINT ( 'NONE',  ( 1.137967468810307414, 0.0000000000000000000, -0.05000000000000019013 ) ) ;
#6748 = CARTESIAN_POINT ( 'NONE',  ( 0.08166846881030738470, 0.0000000000000000000, -0.01574999999999998623 ) ) ;
#6749 = ORIENTED_EDGE ( 'NONE', *, *, #4410, .T. ) ;
#6750 = LINE ( 'NONE', #6864, #369 ) ;
#6751 = ADVANCED_FACE ( 'NONE', ( #6947 ), #7689, .T. ) ;
#6752 = VERTEX_POINT ( 'NONE', #1558 ) ;
#6753 = ORIENTED_EDGE ( 'NONE', *, *, #6506, .T. ) ;
#6754 = AXIS2_PLACEMENT_3D ( 'NONE', #7294, #7330, #5551 ) ;
#6755 = LINE ( 'NONE', #1924, #6393 ) ;
#6756 = CARTESIAN_POINT ( 'NONE',  ( 0.5379674688103074365, 0.0000000000000000000, -0.05000000000000019013 ) ) ;
#6757 = ORIENTED_EDGE ( 'NONE', *, *, #2770, .T. ) ;
#6758 = CARTESIAN_POINT ( 'NONE',  ( 0.7816684688103074929, 0.0000000000000000000, -0.08424999999999954747 ) ) ;
#6759 = DIRECTION ( 'NONE',  ( -0.0000000000000000000, 1.000000000000000000, -0.0000000000000000000 ) ) ;
#6760 = FACE_OUTER_BOUND ( 'NONE', #3658, .T. ) ;
#6761 = ORIENTED_EDGE ( 'NONE', *, *, #5244, .F. ) ;
#6762 = CIRCLE ( 'NONE', #7516, 0.02900000000000000147 ) ;
#6763 = DIRECTION ( 'NONE',  ( -0.0000000000000000000, 0.0000000000000000000, -1.000000000000000000 ) ) ;
#6764 = VECTOR ( 'NONE', #628, 39.37007874015748143 ) ;
#6765 = FACE_OUTER_BOUND ( 'NONE', #907, .T. ) ;
#6766 = CARTESIAN_POINT ( 'NONE',  ( 1.237967468810307725, 0.1600000000000031120, -0.05000000000000019013 ) ) ;
#6767 = FACE_OUTER_BOUND ( 'NONE', #4971, .T. ) ;
#6768 = EDGE_CURVE ( 'NONE', #2011, #3195, #1086, .T. ) ;
#6769 = VECTOR ( 'NONE', #723, 39.37007874015748143 ) ;
#6770 = VECTOR ( 'NONE', #6456, 39.37007874015748143 ) ;
#6771 = ORIENTED_EDGE ( 'NONE', *, *, #5110, .F. ) ;
#6772 = CARTESIAN_POINT ( 'NONE',  ( 0.8942664688103074688, 0.0000000000000000000, -0.08424999999999957523 ) ) ;
#6773 = CARTESIAN_POINT ( 'NONE',  ( 1.781668468810307493, -0.05000000000000000278, -0.01574999999999998623 ) ) ;
#6774 = ORIENTED_EDGE ( 'NONE', *, *, #5694, .T. ) ;
#6775 = VECTOR ( 'NONE', #7540, 39.37007874015748143 ) ;
#6776 = AXIS2_PLACEMENT_3D ( 'NONE', #6024, #2923, #3005 ) ;
#6777 = DIRECTION ( 'NONE',  ( 0.0000000000000000000, 0.0000000000000000000, 1.000000000000000000 ) ) ;
#6778 = VERTEX_POINT ( 'NONE', #4581 ) ;
#6779 = EDGE_CURVE ( 'NONE', #4512, #5355, #4541, .T. ) ;
#6780 = FACE_OUTER_BOUND ( 'NONE', #4908, .T. ) ;
#6781 = FACE_BOUND ( 'NONE', #4489, .T. ) ;
#6782 = EDGE_LOOP ( 'NONE', ( #5933, #3026, #5326, #1192 ) ) ;
#6783 = DIRECTION ( 'NONE',  ( 0.3420201433256638834, 0.0000000000000000000, -0.9396926207859100932 ) ) ;
#6784 = CARTESIAN_POINT ( 'NONE',  ( 1.394266468810307469, -0.1100000000000000006, -0.01574999999999998623 ) ) ;
#6785 = CARTESIAN_POINT ( 'NONE',  ( 0.9816684688103075596, -0.1100000000000000006, -0.01574999999999998623 ) ) ;
#6786 = ORIENTED_EDGE ( 'NONE', *, *, #6188, .T. ) ;
#6787 = EDGE_CURVE ( 'NONE', #5531, #6458, #966, .T. ) ;
#6788 = DIRECTION ( 'NONE',  ( -0.0000000000000000000, 1.000000000000000000, -0.0000000000000000000 ) ) ;
#6789 = ORIENTED_EDGE ( 'NONE', *, *, #5695, .T. ) ;
#6790 = VERTEX_POINT ( 'NONE', #4616 ) ;
#6791 = CARTESIAN_POINT ( 'NONE',  ( 0.07593593762061463803, -0.05000000000000000278, -9.478001694819074349E-34 ) ) ;
#6792 = FACE_OUTER_BOUND ( 'NONE', #2174, .T. ) ;
#6793 = DIRECTION ( 'NONE',  ( -0.3420201433256638834, 0.0000000000000000000, 0.9396926207859100932 ) ) ;
#6794 = EDGE_CURVE ( 'NONE', #6995, #2479, #7021, .T. ) ;
#6795 = CIRCLE ( 'NONE', #2880, 0.02855000000000052288 ) ;
#6796 = ORIENTED_EDGE ( 'NONE', *, *, #5513, .T. ) ;
#6797 = EDGE_CURVE ( 'NONE', #2534, #3653, #7283, .T. ) ;
#6798 = DIRECTION ( 'NONE',  ( -0.9396926207859093161, 0.0000000000000000000, 0.3420201433256663814 ) ) ;
#6799 = ORIENTED_EDGE ( 'NONE', *, *, #3774, .T. ) ;
#6800 = CARTESIAN_POINT ( 'NONE',  ( 0.1600000000000026679, 0.0000000000000000000, 0.0000000000000000000 ) ) ;
#6801 = DIRECTION ( 'NONE',  ( -1.000000000000000000, 0.0000000000000000000, -7.776898252968646568E-17 ) ) ;
#6802 = ORIENTED_EDGE ( 'NONE', *, *, #4630, .F. ) ;
#6803 = AXIS2_PLACEMENT_3D ( 'NONE', #5424, #1144, #6058 ) ;
#6804 = CARTESIAN_POINT ( 'NONE',  ( 1.837967468810307370, -0.05000000000000000278, -0.02144999999999967072 ) ) ;
#6805 = ADVANCED_FACE ( 'NONE', ( #1044 ), #5996, .F. ) ;
#6806 = PLANE ( 'NONE',  #353 ) ;
#6807 = DIRECTION ( 'NONE',  ( -0.0000000000000000000, 1.000000000000000000, -0.0000000000000000000 ) ) ;
#6808 = VECTOR ( 'NONE', #4964, 39.37007874015748143 ) ;
#6809 = ORIENTED_EDGE ( 'NONE', *, *, #6681, .T. ) ;
#6810 = FACE_OUTER_BOUND ( 'NONE', #4711, .T. ) ;
#6811 = CARTESIAN_POINT ( 'NONE',  ( 1.199999000000000260, -0.05000000000000000278, 0.0000000000000000000 ) ) ;
#6812 = ORIENTED_EDGE ( 'NONE', *, *, #2878, .F. ) ;
#6813 = VECTOR ( 'NONE', #174, 39.37007874015748143 ) ;
#6814 = ORIENTED_EDGE ( 'NONE', *, *, #1346, .F. ) ;
#6815 = LINE ( 'NONE', #180, #1225 ) ;
#6816 = DIRECTION ( 'NONE',  ( 0.0000000000000000000, -0.0000000000000000000, -1.000000000000000000 ) ) ;
#6817 = CIRCLE ( 'NONE', #4302, 0.02650000000000142519 ) ;
#6818 = ORIENTED_EDGE ( 'NONE', *, *, #755, .F. ) ;
#6819 = CARTESIAN_POINT ( 'NONE',  ( 0.5379674688103074365, -0.05000000000000000278, -0.07855000000000071647 ) ) ;
#6820 = DIRECTION ( 'NONE',  ( 0.0000000000000000000, 0.0000000000000000000, 1.000000000000000000 ) ) ;
#6821 = EDGE_CURVE ( 'NONE', #5963, #318, #4223, .T. ) ;
#6822 = CARTESIAN_POINT ( 'NONE',  ( 0.6999990000000000379, 0.0000000000000000000, 0.0000000000000000000 ) ) ;
#6823 = CARTESIAN_POINT ( 'NONE',  ( 1.737967468810307281, -0.05000000000000000278, -0.05000000000000019013 ) ) ;
#6824 = AXIS2_PLACEMENT_3D ( 'NONE', #7044, #4716, #7163 ) ;
#6825 = ORIENTED_EDGE ( 'NONE', *, *, #2684, .T. ) ;
#6826 = DIRECTION ( 'NONE',  ( -1.000000000000000000, -0.0000000000000000000, -0.0000000000000000000 ) ) ;
#6827 = ORIENTED_EDGE ( 'NONE', *, *, #1844, .T. ) ;
#6828 = EDGE_LOOP ( 'NONE', ( #1412, #2959, #4142, #3242 ) ) ;
#6829 = VECTOR ( 'NONE', #7701, 39.37007874015748143 ) ;
#6830 = CYLINDRICAL_SURFACE ( 'NONE', #5126, 0.02855000000000052635 ) ;
#6831 = EDGE_CURVE ( 'NONE', #5390, #564, #565, .T. ) ;
#6832 = CARTESIAN_POINT ( 'NONE',  ( 0.5942664688103074244, -0.05000000000000000278, -0.01574999999999998623 ) ) ;
#6833 = FACE_OUTER_BOUND ( 'NONE', #2235, .T. ) ;
#6834 = ORIENTED_EDGE ( 'NONE', *, *, #3774, .F. ) ;
#6835 = CARTESIAN_POINT ( 'NONE',  ( 0.2816684688103074374, -0.1100000000000000006, -0.08424999999999954747 ) ) ;
#6836 = AXIS2_PLACEMENT_3D ( 'NONE', #5271, #7639, #2223 ) ;
#6837 = ORIENTED_EDGE ( 'NONE', *, *, #568, .F. ) ;
#6838 = DIRECTION ( 'NONE',  ( -0.0000000000000000000, 1.000000000000000000, -0.0000000000000000000 ) ) ;
#6839 = DIRECTION ( 'NONE',  ( -1.000000000000000000, 0.0000000000000000000, -7.776898252968647801E-17 ) ) ;
#6840 = EDGE_LOOP ( 'NONE', ( #2777, #1254, #36, #4221 ) ) ;
#6841 = EDGE_CURVE ( 'NONE', #544, #5574, #6635, .T. ) ;
#6842 = VECTOR ( 'NONE', #922, 39.37007874015748143 ) ;
#6843 = LINE ( 'NONE', #2562, #1826 ) ;
#6844 = CARTESIAN_POINT ( 'NONE',  ( 0.4759359376206147019, -0.05000000000000000278, -0.09999999999999989453 ) ) ;
#6845 = CARTESIAN_POINT ( 'NONE',  ( 1.975934937620615894, -0.05000000000000000278, -0.09999999999999974187 ) ) ;
#6846 = VECTOR ( 'NONE', #3267, 39.37007874015748143 ) ;
#6847 = EDGE_CURVE ( 'NONE', #7808, #5574, #5956, .T. ) ;
#6848 = DIRECTION ( 'NONE',  ( -0.0000000000000000000, 1.000000000000000000, -0.0000000000000000000 ) ) ;
#6849 = LINE ( 'NONE', #740, #7635 ) ;
#6850 = ORIENTED_EDGE ( 'NONE', *, *, #6186, .T. ) ;
#6851 = CARTESIAN_POINT ( 'NONE',  ( 1.194266468810307513, -0.1100000000000000006, -0.01574999999999998623 ) ) ;
#6852 = ORIENTED_EDGE ( 'NONE', *, *, #6841, .F. ) ;
#6853 = CARTESIAN_POINT ( 'NONE',  ( -0.03066449223692707671, -0.05000000000000000278, -0.08424999999999939482 ) ) ;
#6854 = DIRECTION ( 'NONE',  ( 0.3420201433256638834, 0.0000000000000000000, -0.9396926207859100932 ) ) ;
#6855 = ORIENTED_EDGE ( 'NONE', *, *, #2005, .T. ) ;
#6856 = EDGE_CURVE ( 'NONE', #7697, #1251, #3872, .T. ) ;
#6857 = VERTEX_POINT ( 'NONE', #4 ) ;
#6858 = LINE ( 'NONE', #1433, #210 ) ;
#6859 = DIRECTION ( 'NONE',  ( 0.3420201433256662704, -0.0000000000000000000, 0.9396926207859092051 ) ) ;
#6860 = DIRECTION ( 'NONE',  ( -0.9396926207859072067, 0.0000000000000000000, -0.3420201433256721546 ) ) ;
#6861 = FILL_AREA_STYLE_COLOUR ( '', #1162 ) ;
#6862 = EDGE_LOOP ( 'NONE', ( #7351, #2523, #4058, #2919 ) ) ;
#6863 = ADVANCED_FACE ( 'NONE', ( #598 ), #7298, .T. ) ;
#6864 = CARTESIAN_POINT ( 'NONE',  ( 1.581668468810307315, -0.1100000000000000006, -0.01574999999999998623 ) ) ;
#6865 = ORIENTED_EDGE ( 'NONE', *, *, #3990, .T. ) ;
#6866 = ORIENTED_EDGE ( 'NONE', *, *, #1822, .F. ) ;
#6867 = DIRECTION ( 'NONE',  ( -0.3420201433256720991, 0.0000000000000000000, 0.9396926207859070956 ) ) ;
#6868 = DIRECTION ( 'NONE',  ( 7.776898252968646568E-17, 0.0000000000000000000, -1.000000000000000000 ) ) ;
#6869 = ORIENTED_EDGE ( 'NONE', *, *, #4186, .T. ) ;
#6870 = CARTESIAN_POINT ( 'NONE',  ( -0.03066449223692698303, -0.05000000000000000278, -0.01574999999999998623 ) ) ;
#6871 = VERTEX_POINT ( 'NONE', #1877 ) ;
#6872 = ADVANCED_FACE ( 'NONE', ( #4305 ), #6040, .F. ) ;
#6873 = CARTESIAN_POINT ( 'NONE',  ( 0.1379674688103073310, 0.0000000000000000000, -0.02144999999999966725 ) ) ;
#6874 = LINE ( 'NONE', #1532, #7352 ) ;
#6875 = ORIENTED_EDGE ( 'NONE', *, *, #253, .T. ) ;
#6876 = DIRECTION ( 'NONE',  ( 0.3420201433256639389, 0.0000000000000000000, -0.9396926207859100932 ) ) ;
#6877 = VECTOR ( 'NONE', #1055, 39.37007874015748854 ) ;
#6878 = CARTESIAN_POINT ( 'NONE',  ( 0.9379674688103074587, 0.0000000000000000000, -0.07855000000000071647 ) ) ;
#6879 = EDGE_CURVE ( 'NONE', #4634, #4020, #640, .T. ) ;
#6880 = ITEM_DEFINED_TRANSFORMATION ( 'NONE', 'NONE', #1210,  #5651 ) ;
#6881 = DIRECTION ( 'NONE',  ( 0.3420201433256720991, 0.0000000000000000000, -0.9396926207859070956 ) ) ;
#6882 = DIRECTION ( 'NONE',  ( 0.9396926207859026547, -0.0000000000000000000, 0.3420201433256846446 ) ) ;
#6883 = CIRCLE ( 'NONE', #3463, 0.02855000000000052982 ) ;
#6884 = CIRCLE ( 'NONE', #6383, 0.02855000000000052288 ) ;
#6885 = DIRECTION ( 'NONE',  ( -0.9396926207859092051, 0.0000000000000000000, 0.3420201433256664925 ) ) ;
#6886 = FACE_OUTER_BOUND ( 'NONE', #7543, .T. ) ;
#6887 = ORIENTED_EDGE ( 'NONE', *, *, #2660, .F. ) ;
#6888 = EDGE_CURVE ( 'NONE', #18, #3176, #4854, .T. ) ;
#6889 = FACE_OUTER_BOUND ( 'NONE', #6221, .T. ) ;
#6890 = AXIS2_PLACEMENT_3D ( 'NONE', #129, #4400, #3187 ) ;
#6891 = EDGE_LOOP ( 'NONE', ( #7030, #3212 ) ) ;
#6892 = EDGE_CURVE ( 'NONE', #4997, #2386, #475, .T. ) ;
#6893 = DIRECTION ( 'NONE',  ( -0.0000000000000000000, 1.000000000000000000, -0.0000000000000000000 ) ) ;
#6894 = DIRECTION ( 'NONE',  ( 0.3420201433256639389, 0.0000000000000000000, -0.9396926207859100932 ) ) ;
#6895 = VECTOR ( 'NONE', #1829, 39.37007874015748143 ) ;
#6896 = ORIENTED_EDGE ( 'NONE', *, *, #5906, .F. ) ;
#6897 = ORIENTED_EDGE ( 'NONE', *, *, #5026, .F. ) ;
#6898 = PLANE ( 'NONE',  #465 ) ;
#6899 = DIRECTION ( 'NONE',  ( 1.000000000000000000, 0.0000000000000000000, -1.355298456929802892E-15 ) ) ;
#6900 = DIRECTION ( 'NONE',  ( 0.3420201433256720991, 0.0000000000000000000, -0.9396926207859070956 ) ) ;
#6901 = VECTOR ( 'NONE', #5098, 39.37007874015748143 ) ;
#6902 = EDGE_CURVE ( 'NONE', #4323, #6916, #517, .T. ) ;
#6903 = FILL_AREA_STYLE ('',( #6861 ) ) ;
#6904 = ORIENTED_EDGE ( 'NONE', *, *, #5934, .T. ) ;
#6905 = LINE ( 'NONE', #6193, #5699 ) ;
#6906 = ORIENTED_EDGE ( 'NONE', *, *, #5887, .T. ) ;
#6907 = ORIENTED_EDGE ( 'NONE', *, *, #130, .F. ) ;
#6908 = DIRECTION ( 'NONE',  ( -0.3420201433256638834, 0.0000000000000000000, 0.9396926207859100932 ) ) ;
#6909 = CARTESIAN_POINT ( 'NONE',  ( 1.975934937620615894, -0.05000000000000000278, -0.09999999999999974187 ) ) ;
#6910 = AXIS2_PLACEMENT_3D ( 'NONE', #5158, #5196, #3410 ) ;
#6911 = ORIENTED_EDGE ( 'NONE', *, *, #7573, .T. ) ;
#6912 = CARTESIAN_POINT ( 'NONE',  ( 1.481668468810307449, -0.1100000000000000006, -0.08424999999999954747 ) ) ;
#6913 = VERTEX_POINT ( 'NONE', #3060 ) ;
#6914 = CARTESIAN_POINT ( 'NONE',  ( 0.0000000000000000000, -0.05000000000000000278, 0.0000000000000000000 ) ) ;
#6915 = LINE ( 'NONE', #275, #1791 ) ;
#6916 = VERTEX_POINT ( 'NONE', #7259 ) ;
#6917 = PRODUCT_DEFINITION_SHAPE ( 'NONE', 'NONE',  #4691 ) ;
#6918 = DIRECTION ( 'NONE',  ( -1.000000000000000000, -0.0000000000000000000, -0.0000000000000000000 ) ) ;
#6919 = ADVANCED_FACE ( 'NONE', ( #556 ), #1836, .F. ) ;
#6920 = CARTESIAN_POINT ( 'NONE',  ( 0.1379674688103073310, 0.0000000000000000000, -0.05000000000000019013 ) ) ;
#6921 = CONTEXT_DEPENDENT_SHAPE_REPRESENTATION ( #948, #456 ) ;
#6922 = CARTESIAN_POINT ( 'NONE',  ( 0.1850000000000032174, 0.02800000000000000405, 0.0000000000000000000 ) ) ;
#6923 = DIRECTION ( 'NONE',  ( -0.0000000000000000000, 1.000000000000000000, -0.0000000000000000000 ) ) ;
#6924 = VECTOR ( 'NONE', #6510, 39.37007874015748143 ) ;
#6925 = CARTESIAN_POINT ( 'NONE',  ( 1.281668468810307271, -0.1100000000000000006, -0.08424999999999954747 ) ) ;
#6926 = DIRECTION ( 'NONE',  ( 0.3420201433256638834, 0.0000000000000000000, -0.9396926207859100932 ) ) ;
#6927 = ADVANCED_FACE ( 'NONE', ( #38 ), #4266, .F. ) ;
#6928 = ORIENTED_EDGE ( 'NONE', *, *, #6249, .T. ) ;
#6929 = DIRECTION ( 'NONE',  ( 0.0000000000000000000, 0.0000000000000000000, 1.000000000000000000 ) ) ;
#6930 = EDGE_LOOP ( 'NONE', ( #1168, #5090, #4831, #4493 ) ) ;
#6931 = FILL_AREA_STYLE_COLOUR ( '', #2988 ) ;
#6932 = CARTESIAN_POINT ( 'NONE',  ( 1.899999000000000215, -0.05000000000000000278, 0.0000000000000000000 ) ) ;
#6933 = ORIENTED_EDGE ( 'NONE', *, *, #4346, .F. ) ;
#6934 = AXIS2_PLACEMENT_3D ( 'NONE', #3997, #288, #2172 ) ;
#6935 = FACE_OUTER_BOUND ( 'NONE', #6930, .T. ) ;
#6936 = DIRECTION ( 'NONE',  ( -0.0000000000000000000, 1.000000000000000000, -0.0000000000000000000 ) ) ;
#6937 = EDGE_CURVE ( 'NONE', #4634, #1863, #2470, .T. ) ;
#6938 = DIRECTION ( 'NONE',  ( 0.0000000000000000000, 0.0000000000000000000, 1.000000000000000000 ) ) ;
#6939 = FACE_OUTER_BOUND ( 'NONE', #6394, .T. ) ;
#6940 = ORIENTED_EDGE ( 'NONE', *, *, #3640, .T. ) ;
#6941 = DIRECTION ( 'NONE',  ( 0.9396926207859080948, 0.0000000000000000000, -0.3420201433256695456 ) ) ;
#6942 = VECTOR ( 'NONE', #4135, 39.37007874015748854 ) ;
#6943 = CARTESIAN_POINT ( 'NONE',  ( 0.8816684688103074707, 0.0000000000000000000, -0.01574999999999998623 ) ) ;
#6944 = VERTEX_POINT ( 'NONE', #7182 ) ;
#6945 = EDGE_CURVE ( 'NONE', #2273, #577, #6598, .T. ) ;
#6946 = ORIENTED_EDGE ( 'NONE', *, *, #4029, .T. ) ;
#6947 = FACE_OUTER_BOUND ( 'NONE', #7257, .T. ) ;
#6948 = LINE ( 'NONE', #6320, #6413 ) ;
#6949 = VECTOR ( 'NONE', #2415, 39.37007874015748143 ) ;
#6950 = VERTEX_POINT ( 'NONE', #1203 ) ;
#6951 = DIRECTION ( 'NONE',  ( -0.0000000000000000000, 1.000000000000000000, -0.0000000000000000000 ) ) ;
#6952 = VERTEX_POINT ( 'NONE', #3620 ) ;
#6953 = DIRECTION ( 'NONE',  ( -0.9396926207859072067, 0.0000000000000000000, -0.3420201433256721546 ) ) ;
#6954 = VECTOR ( 'NONE', #6403, 39.37007874015748143 ) ;
#6955 =( NAMED_UNIT ( * ) SI_UNIT ( $, .STERADIAN. ) SOLID_ANGLE_UNIT ( ) );
#6956 = ADVANCED_FACE ( 'NONE', ( #7370 ), #5522, .F. ) ;
#6957 = ORIENTED_EDGE ( 'NONE', *, *, #7278, .F. ) ;
#6958 = CARTESIAN_POINT ( 'NONE',  ( 0.8942664688103074688, 0.0000000000000000000, -0.08424999999999957523 ) ) ;
#6959 = VECTOR ( 'NONE', #5207, 39.37007874015748854 ) ;
#6960 = LINE ( 'NONE', #7070, #5565 ) ;
#6961 = DIRECTION ( 'NONE',  ( 0.0000000000000000000, 0.0000000000000000000, -1.000000000000000000 ) ) ;
#6962 = PLANE ( 'NONE',  #4336 ) ;
#6963 = EDGE_CURVE ( 'NONE', #13, #7808, #3699, .T. ) ;
#6964 = AXIS2_PLACEMENT_3D ( 'NONE', #6999, #3091, #5179 ) ;
#6965 = CARTESIAN_POINT ( 'NONE',  ( 1.475935937620614702, 0.0000000000000000000, -0.09999999999999989453 ) ) ;
#6966 = LINE ( 'NONE', #946, #6641 ) ;
#6967 = ORIENTED_EDGE ( 'NONE', *, *, #704, .T. ) ;
#6968 = CARTESIAN_POINT ( 'NONE',  ( 0.4379674688103074032, 0.0000000000000000000, -0.05000000000000019013 ) ) ;
#6969 = VECTOR ( 'NONE', #4748, 39.37007874015748143 ) ;
#6970 = VERTEX_POINT ( 'NONE', #6154 ) ;
#6971 = SHAPE_REPRESENTATION_RELATIONSHIP ( 'NONE' , 'NONE' ,  #379, #402 ) ;
#6972 = PLANE ( 'NONE',  #3350 ) ;
#6973 = EDGE_CURVE ( 'NONE', #2566, #5020, #1950, .T. ) ;
#6974 = ORIENTED_EDGE ( 'NONE', *, *, #3726, .F. ) ;
#6975 = LINE ( 'NONE', #6459, #4668 ) ;
#6976 = AXIS2_PLACEMENT_3D ( 'NONE', #3384, #5801, #359 ) ;
#6977 = CARTESIAN_POINT ( 'NONE',  ( 1.575935937620614791, -0.1100000000000000006, -9.478001694819074349E-34 ) ) ;
#6978 = CARTESIAN_POINT ( 'NONE',  ( 1.537967468810307325, 0.0000000000000000000, -0.07855000000000071647 ) ) ;
#6979 = CARTESIAN_POINT ( 'NONE',  ( 1.975934937620615894, -0.05000000000000000278, -0.09999999999999974187 ) ) ;
#6980 = VERTEX_POINT ( 'NONE', #6117 ) ;
#6981 = DIRECTION ( 'NONE',  ( 1.000000000000000000, 0.0000000000000000000, 0.0000000000000000000 ) ) ;
#6982 = CARTESIAN_POINT ( 'NONE',  ( 1.575935937620614791, -0.05000000000000000278, -0.09999999999999989453 ) ) ;
#6983 = EDGE_CURVE ( 'NONE', #5754, #108, #3849, .T. ) ;
#6984 = PRODUCT_DEFINITION_SHAPE ( 'NONE', 'NONE',  #7833 ) ;
#6985 = EDGE_LOOP ( 'NONE', ( #2256, #870, #5874, #4465 ) ) ;
#6986 = ORIENTED_EDGE ( 'NONE', *, *, #3247, .T. ) ;
#6987 = LINE ( 'NONE', #1597, #3995 ) ;
#6988 = CARTESIAN_POINT ( 'NONE',  ( 1.881668468810307582, -0.05000000000000000278, -0.01574999999999998623 ) ) ;
#6989 = ORIENTED_EDGE ( 'NONE', *, *, #5797, .F. ) ;
#6990 = ADVANCED_FACE ( 'NONE', ( #6189 ), #5557, .T. ) ;
#6991 = ORIENTED_EDGE ( 'NONE', *, *, #4006, .F. ) ;
#6992 = LINE ( 'NONE', #3421, #1971 ) ;
#6993 = LINE ( 'NONE', #1564, #6220 ) ;
#6994 = ORIENTED_EDGE ( 'NONE', *, *, #30, .F. ) ;
#6995 = VERTEX_POINT ( 'NONE', #3734 ) ;
#6996 = CARTESIAN_POINT ( 'NONE',  ( 1.799999000000000127, 0.0000000000000000000, 0.0000000000000000000 ) ) ;
#6997 = EDGE_CURVE ( 'NONE', #4892, #6400, #751, .T. ) ;
#6998 = LINE ( 'NONE', #4074, #5862 ) ;
#6999 = CARTESIAN_POINT ( 'NONE',  ( 1.237967468810307281, 3.673940397442060153E-19, -0.05000000000000019013 ) ) ;
#7000 = CARTESIAN_POINT ( 'NONE',  ( 1.275935937620614746, -0.1100000000000000006, -0.09999999999999989453 ) ) ;
#7001 = AXIS2_PLACEMENT_3D ( 'NONE', #2492, #6137, #3079 ) ;
#7002 = DIRECTION ( 'NONE',  ( -0.0000000000000000000, 1.000000000000000000, -0.0000000000000000000 ) ) ;
#7003 = ORIENTED_EDGE ( 'NONE', *, *, #5806, .F. ) ;
#7004 = CARTESIAN_POINT ( 'NONE',  ( 0.08166846881030741245, -0.1100000000000000006, -0.08424999999999954747 ) ) ;
#7005 = EDGE_CURVE ( 'NONE', #989, #1819, #6133, .T. ) ;
#7006 = EDGE_LOOP ( 'NONE', ( #2615, #6946, #7672, #7382 ) ) ;
#7007 = CARTESIAN_POINT ( 'NONE',  ( 1.394266468810307469, -0.1100000000000000006, -0.08424999999999957523 ) ) ;
#7008 = VECTOR ( 'NONE', #7710, 39.37007874015748143 ) ;
#7009 = ORIENTED_EDGE ( 'NONE', *, *, #6455, .F. ) ;
#7010 = FACE_OUTER_BOUND ( 'NONE', #770, .T. ) ;
#7011 = DIRECTION ( 'NONE',  ( 1.000000000000000000, 0.0000000000000000000, -1.355298456929802892E-15 ) ) ;
#7012 = LINE ( 'NONE', #6423, #1398 ) ;
#7013 = AXIS2_PLACEMENT_3D ( 'NONE', #5414, #4032, #2554 ) ;
#7014 = EDGE_CURVE ( 'NONE', #339, #7737, #4929, .T. ) ;
#7015 = DIRECTION ( 'NONE',  ( -1.000000000000000000, 0.0000000000000000000, 1.355298456929802892E-15 ) ) ;
#7016 = ORIENTED_EDGE ( 'NONE', *, *, #4933, .F. ) ;
#7017 = DIRECTION ( 'NONE',  ( 0.3420201433256720991, 0.0000000000000000000, -0.9396926207859070956 ) ) ;
#7018 = ORIENTED_EDGE ( 'NONE', *, *, #3107, .F. ) ;
#7019 = ORIENTED_EDGE ( 'NONE', *, *, #6188, .F. ) ;
#7020 = CARTESIAN_POINT ( 'NONE',  ( 1.394266468810307469, -0.05000000000000000278, -0.01574999999999998623 ) ) ;
#7021 = LINE ( 'NONE', #1004, #3228 ) ;
#7022 = DIRECTION ( 'NONE',  ( -0.3420201433256694346, -0.0000000000000000000, -0.9396926207859080948 ) ) ;
#7023 = EDGE_CURVE ( 'NONE', #4415, #730, #5595, .T. ) ;
#7024 = VECTOR ( 'NONE', #1758, 39.37007874015748143 ) ;
#7025 = ORIENTED_EDGE ( 'NONE', *, *, #3326, .F. ) ;
#7026 = DIRECTION ( 'NONE',  ( -0.0000000000000000000, 1.000000000000000000, -0.0000000000000000000 ) ) ;
#7027 = EDGE_LOOP ( 'NONE', ( #5396, #7786, #349, #3053 ) ) ;
#7028 = DIRECTION ( 'NONE',  ( 1.000000000000000000, 0.0000000000000000000, 0.0000000000000000000 ) ) ;
#7029 = DIRECTION ( 'NONE',  ( 0.0000000000000000000, 0.0000000000000000000, 1.000000000000000000 ) ) ;
#7030 = ORIENTED_EDGE ( 'NONE', *, *, #7599, .F. ) ;
#7031 = ORIENTED_EDGE ( 'NONE', *, *, #4148, .T. ) ;
#7032 = CARTESIAN_POINT ( 'NONE',  ( 0.4942664688103074466, -0.1100000000000000006, -0.08424999999999957523 ) ) ;
#7033 = EDGE_CURVE ( 'NONE', #4767, #6067, #5042, .T. ) ;
#7034 = CARTESIAN_POINT ( 'NONE',  ( 1.094266468810307424, 0.0000000000000000000, -0.01574999999999998623 ) ) ;
#7035 = LINE ( 'NONE', #2168, #6877 ) ;
#7036 = VECTOR ( 'NONE', #744, 39.37007874015748143 ) ;
#7037 = LINE ( 'NONE', #4036, #5960 ) ;
#7038 = ORIENTED_EDGE ( 'NONE', *, *, #2144, .T. ) ;
#7039 = FACE_OUTER_BOUND ( 'NONE', #5625, .T. ) ;
#7040 = DIRECTION ( 'NONE',  ( -0.0000000000000000000, 1.000000000000000000, -0.0000000000000000000 ) ) ;
#7041 = EDGE_CURVE ( 'NONE', #1662, #264, #3813, .T. ) ;
#7042 = LINE ( 'NONE', #7480, #942 ) ;
#7043 = ORIENTED_EDGE ( 'NONE', *, *, #6681, .F. ) ;
#7044 = CARTESIAN_POINT ( 'NONE',  ( 1.137967468810307414, -0.05000000000000000278, -0.05000000000000019013 ) ) ;
#7045 = AXIS2_PLACEMENT_3D ( 'NONE', #2155, #3902, #234 ) ;
#7046 = EDGE_LOOP ( 'NONE', ( #1432, #5929, #4601, #6897 ) ) ;
#7047 = PLANE ( 'NONE',  #3714 ) ;
#7048 = VERTEX_POINT ( 'NONE', #2578 ) ;
#7049 = APPLICATION_CONTEXT ( 'automotive_design' ) ;
#7050 = CARTESIAN_POINT ( 'NONE',  ( -0.03066449223692707671, -0.05000000000000000278, -0.08424999999999925604 ) ) ;
#7051 = DIRECTION ( 'NONE',  ( 0.0000000000000000000, 0.0000000000000000000, 1.000000000000000000 ) ) ;
#7052 = CIRCLE ( 'NONE', #3642, 0.02855000000000052288 ) ;
#7053 = LINE ( 'NONE', #959, #2778 ) ;
#7054 = DIRECTION ( 'NONE',  ( -1.000000000000000000, 0.0000000000000000000, -7.776898252968646568E-17 ) ) ;
#7055 = VERTEX_POINT ( 'NONE', #7412 ) ;
#7056 = DIRECTION ( 'NONE',  ( -0.0000000000000000000, 1.000000000000000000, -0.0000000000000000000 ) ) ;
#7057 = ORIENTED_EDGE ( 'NONE', *, *, #827, .F. ) ;
#7058 = EDGE_CURVE ( 'NONE', #2864, #267, #4495, .T. ) ;
#7059 = CARTESIAN_POINT ( 'NONE',  ( 0.6816684688103075151, -0.05000000000000000278, -0.08424999999999954747 ) ) ;
#7060 = CARTESIAN_POINT ( 'NONE',  ( 0.0000000000000000000, 0.0000000000000000000, 0.008999999999997711220 ) ) ;
#7061 = DIRECTION ( 'NONE',  ( -0.0000000000000000000, 1.000000000000000000, -0.0000000000000000000 ) ) ;
#7062 = VECTOR ( 'NONE', #3686, 39.37007874015748854 ) ;
#7063 = EDGE_LOOP ( 'NONE', ( #5715, #2185, #4671, #7009 ) ) ;
#7064 = ORIENTED_EDGE ( 'NONE', *, *, #6135, .T. ) ;
#7065 = CARTESIAN_POINT ( 'NONE',  ( 0.03796746881030733239, -0.05000000000000000278, -0.05000000000000019013 ) ) ;
#7066 = ORIENTED_EDGE ( 'NONE', *, *, #2320, .T. ) ;
#7067 = ADVANCED_FACE ( 'NONE', ( #77 ), #111, .F. ) ;
#7068 = ORIENTED_EDGE ( 'NONE', *, *, #1966, .F. ) ;
#7069 = CARTESIAN_POINT ( 'NONE',  ( 0.9379674688103074587, -0.05000000000000000278, -0.07855000000000071647 ) ) ;
#7070 = CARTESIAN_POINT ( 'NONE',  ( 0.4816684688103073930, 0.0000000000000000000, -0.01574999999999998623 ) ) ;
#7071 = CIRCLE ( 'NONE', #5688, 0.02900000000000000147 ) ;
#7072 = DIRECTION ( 'NONE',  ( -1.000000000000000000, 0.0000000000000000000, -0.0000000000000000000 ) ) ;
#7073 = CARTESIAN_POINT ( 'NONE',  ( 0.9816684688103075596, 0.0000000000000000000, -0.01574999999999998623 ) ) ;
#7074 = EDGE_CURVE ( 'NONE', #890, #1113, #6269, .T. ) ;
#7075 = ORIENTED_EDGE ( 'NONE', *, *, #5349, .T. ) ;
#7076 = CARTESIAN_POINT ( 'NONE',  ( 0.1816684688103074041, -0.1100000000000000006, -0.08424999999999954747 ) ) ;
#7077 = DIRECTION ( 'NONE',  ( -0.0000000000000000000, 1.000000000000000000, -0.0000000000000000000 ) ) ;
#7078 = VECTOR ( 'NONE', #237, 39.37007874015748143 ) ;
#7079 = LINE ( 'NONE', #576, #4497 ) ;
#7080 = ORIENTED_EDGE ( 'NONE', *, *, #6455, .T. ) ;
#7081 = DIRECTION ( 'NONE',  ( 0.0000000000000000000, 0.0000000000000000000, 1.000000000000000000 ) ) ;
#7082 = ORIENTED_EDGE ( 'NONE', *, *, #6317, .F. ) ;
#7083 = FACE_OUTER_BOUND ( 'NONE', #79, .T. ) ;
#7084 = EDGE_CURVE ( 'NONE', #3776, #6258, #186, .T. ) ;
#7085 = VECTOR ( 'NONE', #1882, 39.37007874015748143 ) ;
#7086 = ORIENTED_EDGE ( 'NONE', *, *, #4131, .F. ) ;
#7087 = PLANE ( 'NONE',  #3519 ) ;
#7088 = FACE_OUTER_BOUND ( 'NONE', #6728, .T. ) ;
#7089 = DIRECTION ( 'NONE',  ( -0.0000000000000000000, 1.000000000000000000, -0.0000000000000000000 ) ) ;
#7090 = CIRCLE ( 'NONE', #7588, 0.02855000000000052288 ) ;
#7091 = CARTESIAN_POINT ( 'NONE',  ( 0.2050000000000032074, 0.0000000000000000000, 0.0000000000000000000 ) ) ;
#7092 = ORIENTED_EDGE ( 'NONE', *, *, #5387, .F. ) ;
#7093 = CARTESIAN_POINT ( 'NONE',  ( 1.975934937620615894, -0.05000000000000000278, -0.09999999999999974187 ) ) ;
#7094 = EDGE_CURVE ( 'NONE', #223, #1557, #7335, .T. ) ;
#7095 = DIRECTION ( 'NONE',  ( -0.3420201433256720991, 0.0000000000000000000, 0.9396926207859070956 ) ) ;
#7096 = VECTOR ( 'NONE', #3830, 39.37007874015748143 ) ;
#7097 = VERTEX_POINT ( 'NONE', #5079 ) ;
#7098 = ORIENTED_EDGE ( 'NONE', *, *, #2889, .F. ) ;
#7099 = CARTESIAN_POINT ( 'NONE',  ( 1.599999000000000171, 0.0000000000000000000, 0.0000000000000000000 ) ) ;
#7100 = DIRECTION ( 'NONE',  ( 1.000000000000000000, 0.0000000000000000000, 0.0000000000000000000 ) ) ;
#7101 = EDGE_CURVE ( 'NONE', #6087, #5552, #7491, .T. ) ;
#7102 = ORIENTED_EDGE ( 'NONE', *, *, #2357, .F. ) ;
#7103 = VERTEX_POINT ( 'NONE', #4345 ) ;
#7104 = ITEM_DEFINED_TRANSFORMATION ( 'NONE', 'NONE', #6524,  #5651 ) ;
#7105 = FACE_OUTER_BOUND ( 'NONE', #350, .T. ) ;
#7106 = ORIENTED_EDGE ( 'NONE', *, *, #6031, .F. ) ;
#7107 = ORIENTED_EDGE ( 'NONE', *, *, #2399, .F. ) ;
#7108 = CARTESIAN_POINT ( 'NONE',  ( 1.975934937620615894, 0.0000000000000000000, -0.09999999999999974187 ) ) ;
#7109 = ADVANCED_FACE ( 'NONE', ( #1034 ), #3289, .F. ) ;
#7110 = CARTESIAN_POINT ( 'NONE',  ( 0.6379674688103074143, 0.0000000000000000000, -0.02144999999999966725 ) ) ;
#7111 = PLANE ( 'NONE',  #4864 ) ;
#7112 = DIRECTION ( 'NONE',  ( -0.3420201433256720991, 0.0000000000000000000, 0.9396926207859070956 ) ) ;
#7113 = EDGE_LOOP ( 'NONE', ( #6967, #3959, #2188, #4084 ) ) ;
#7114 = PLANE ( 'NONE',  #5514 ) ;
#7115 = CARTESIAN_POINT ( 'NONE',  ( 0.0000000000000000000, 0.0000000000000000000, 0.0000000000000000000 ) ) ;
#7116 = CARTESIAN_POINT ( 'NONE',  ( 0.3225435133646486485, -0.05000000000000000278, 0.1128072005435010045 ) ) ;
#7117 = ORIENTED_EDGE ( 'NONE', *, *, #2307, .T. ) ;
#7118 = EDGE_CURVE ( 'NONE', #5722, #1134, #7531, .T. ) ;
#7119 = CYLINDRICAL_SURFACE ( 'NONE', #5310, 0.02855000000000052635 ) ;
#7120 = EDGE_LOOP ( 'NONE', ( #2902, #6374, #4826, #4272 ) ) ;
#7121 = ADVANCED_BREP_SHAPE_REPRESENTATION ( '', ( #2942, #5651 ), #6026 ) ;
#7122 = DIRECTION ( 'NONE',  ( 0.0000000000000000000, 0.0000000000000000000, 1.000000000000000000 ) ) ;
#7123 = CARTESIAN_POINT ( 'NONE',  ( 0.0000000000000000000, 3.429011037612589091E-18, -0.02800000000000000405 ) ) ;
#7124 = ORIENTED_EDGE ( 'NONE', *, *, #5236, .T. ) ;
#7125 = VECTOR ( 'NONE', #2025, 39.37007874015748854 ) ;
#7126 = CARTESIAN_POINT ( 'NONE',  ( 0.6942664688103074022, 0.0000000000000000000, -0.08424999999999957523 ) ) ;
#7127 = CARTESIAN_POINT ( 'NONE',  ( 0.9999990000000001933, -0.1100000000000000006, 0.0000000000000000000 ) ) ;
#7128 = DIRECTION ( 'NONE',  ( 0.0000000000000000000, 0.0000000000000000000, 1.000000000000000000 ) ) ;
#7129 = EDGE_CURVE ( 'NONE', #1794, #1845, #1957, .T. ) ;
#7130 = EDGE_CURVE ( 'NONE', #5829, #2414, #5152, .T. ) ;
#7131 = FACE_OUTER_BOUND ( 'NONE', #2339, .T. ) ;
#7132 = AXIS2_PLACEMENT_3D ( 'NONE', #1774, #528, #7235 ) ;
#7133 = VERTEX_POINT ( 'NONE', #3404 ) ;
#7134 = FACE_OUTER_BOUND ( 'NONE', #4903, .T. ) ;
#7135 = DIRECTION ( 'NONE',  ( -0.0000000000000000000, 1.000000000000000000, -0.0000000000000000000 ) ) ;
#7136 = CARTESIAN_POINT ( 'NONE',  ( 1.293867957080090614, -0.05000000000000000278, 0.4663403858710933880 ) ) ;
#7137 = VERTEX_POINT ( 'NONE', #5859 ) ;
#7138 = FACE_OUTER_BOUND ( 'NONE', #719, .T. ) ;
#7139 = DIRECTION ( 'NONE',  ( 7.776898252968646568E-17, 0.0000000000000000000, -1.000000000000000000 ) ) ;
#7140 = DIRECTION ( 'NONE',  ( -0.3420201433256663259, 0.0000000000000000000, -0.9396926207859092051 ) ) ;
#7141 = CIRCLE ( 'NONE', #2338, 0.02855000000000052982 ) ;
#7142 = EDGE_CURVE ( 'NONE', #559, #6027, #4008, .T. ) ;
#7143 = VERTEX_POINT ( 'NONE', #2850 ) ;
#7144 = VECTOR ( 'NONE', #4939, 39.37007874015748143 ) ;
#7145 = DIRECTION ( 'NONE',  ( -1.000000000000000000, 0.0000000000000000000, -7.776898252968647801E-17 ) ) ;
#7146 = AXIS2_PLACEMENT_3D ( 'NONE', #1309, #3693, #666 ) ;
#7147 = ORIENTED_EDGE ( 'NONE', *, *, #1070, .F. ) ;
#7148 = ORIENTED_EDGE ( 'NONE', *, *, #1466, .T. ) ;
#7149 = EDGE_CURVE ( 'NONE', #6719, #6752, #3090, .T. ) ;
#7150 = VECTOR ( 'NONE', #3219, 39.37007874015748143 ) ;
#7151 = LINE ( 'NONE', #6005, #2584 ) ;
#7152 = COLOUR_RGB ( '',1.000000000000000000, 0.8039215686274510109, 0.4941176470588235503 ) ;
#7153 = ORIENTED_EDGE ( 'NONE', *, *, #6358, .F. ) ;
#7154 = DIRECTION ( 'NONE',  ( -0.3420201433256638834, 0.0000000000000000000, 0.9396926207859100932 ) ) ;
#7155 = DIRECTION ( 'NONE',  ( -0.3420201433256720991, 0.0000000000000000000, 0.9396926207859070956 ) ) ;
#7156 = CARTESIAN_POINT ( 'NONE',  ( 0.3759359376206146686, -0.1100000000000000006, -9.478001694819074349E-34 ) ) ;
#7157 = ORIENTED_EDGE ( 'NONE', *, *, #7084, .F. ) ;
#7158 = EDGE_CURVE ( 'NONE', #1359, #398, #5744, .T. ) ;
#7159 = CARTESIAN_POINT ( 'NONE',  ( 1.137967468810307414, -0.05000000000000000278, -0.05000000000000019013 ) ) ;
#7160 = CARTESIAN_POINT ( 'NONE',  ( 1.975934937620615894, 0.0000000000000000000, -0.09999999999999974187 ) ) ;
#7161 = FACE_OUTER_BOUND ( 'NONE', #1425, .T. ) ;
#7162 = VERTEX_POINT ( 'NONE', #6421 ) ;
#7163 = DIRECTION ( 'NONE',  ( 0.0000000000000000000, 0.0000000000000000000, 1.000000000000000000 ) ) ;
#7164 = ORIENTED_EDGE ( 'NONE', *, *, #5146, .T. ) ;
#7165 = DIRECTION ( 'NONE',  ( 0.0000000000000000000, 0.0000000000000000000, 1.000000000000000000 ) ) ;
#7166 = DIRECTION ( 'NONE',  ( -1.000000000000000000, 0.0000000000000000000, 0.0000000000000000000 ) ) ;
#7167 = ORIENTED_EDGE ( 'NONE', *, *, #4215, .F. ) ;
#7168 = EDGE_CURVE ( 'NONE', #6061, #6995, #958, .T. ) ;
#7169 =( REPRESENTATION_RELATIONSHIP ('NONE','NONE', #1462, #1766 ) REPRESENTATION_RELATIONSHIP_WITH_TRANSFORMATION ( #7816 )SHAPE_REPRESENTATION_RELATIONSHIP( ) );
#7170 = LINE ( 'NONE', #2927, #865 ) ;
#7171 = FACE_BOUND ( 'NONE', #6601, .T. ) ;
#7172 = ORIENTED_EDGE ( 'NONE', *, *, #6768, .F. ) ;
#7173 = DIRECTION ( 'NONE',  ( -0.0000000000000000000, 1.000000000000000000, -0.0000000000000000000 ) ) ;
#7174 = ORIENTED_EDGE ( 'NONE', *, *, #6259, .T. ) ;
#7175 = CARTESIAN_POINT ( 'NONE',  ( 0.9942664688103074466, 0.0000000000000000000, -0.01574999999999998623 ) ) ;
#7176 = CARTESIAN_POINT ( 'NONE',  ( 1.137967468810307414, 3.673940397442060153E-19, -0.05000000000000019013 ) ) ;
#7177 = CARTESIAN_POINT ( 'NONE',  ( -0.03066449223692707671, -0.05000000000000000278, -0.08424999999999695233 ) ) ;
#7178 = ORIENTED_EDGE ( 'NONE', *, *, #5339, .F. ) ;
#7179 = VECTOR ( 'NONE', #889, 39.37007874015748143 ) ;
#7180 = EDGE_CURVE ( 'NONE', #1581, #7520, #2768, .T. ) ;
#7181 = PLANE ( 'NONE',  #987 ) ;
#7182 = CARTESIAN_POINT ( 'NONE',  ( 1.437967468810307237, -0.05000000000000000278, -0.07855000000000071647 ) ) ;
#7183 = CARTESIAN_POINT ( 'NONE',  ( -0.03066449223692707671, -0.05000000000000000278, -0.08424999999999764622 ) ) ;
#7184 = EDGE_LOOP ( 'NONE', ( #6743, #3163, #2972, #6825 ) ) ;
#7185 = CARTESIAN_POINT ( 'NONE',  ( 0.06852800858135736639, -0.05000000000000000278, 0.02035311776028129321 ) ) ;
#7186 = ADVANCED_FACE ( 'NONE', ( #7564 ), #1451, .T. ) ;
#7187 = ORIENTED_EDGE ( 'NONE', *, *, #4940, .T. ) ;
#7188 = ORIENTED_EDGE ( 'NONE', *, *, #687, .F. ) ;
#7189 = VECTOR ( 'NONE', #4049, 39.37007874015748143 ) ;
#7190 = CARTESIAN_POINT ( 'NONE',  ( 0.2759359376206146353, -0.05000000000000000278, -0.09999999999999989453 ) ) ;
#7191 = VERTEX_POINT ( 'NONE', #1551 ) ;
#7192 = LINE ( 'NONE', #5969, #5692 ) ;
#7193 = PLANE ( 'NONE',  #674 ) ;
#7194 = EDGE_CURVE ( 'NONE', #4025, #6372, #423, .T. ) ;
#7195 = VECTOR ( 'NONE', #1982, 39.37007874015748854 ) ;
#7196 = LINE ( 'NONE', #5971, #763 ) ;
#7197 = VERTEX_POINT ( 'NONE', #5113 ) ;
#7198 = CARTESIAN_POINT ( 'NONE',  ( 1.194266468810307513, 0.0000000000000000000, -0.01574999999999998623 ) ) ;
#7199 = DIRECTION ( 'NONE',  ( 0.3420201433256695456, 0.0000000000000000000, 0.9396926207859080948 ) ) ;
#7200 = CARTESIAN_POINT ( 'NONE',  ( 0.1759359376206146575, -0.1100000000000000006, -9.478001694819074349E-34 ) ) ;
#7201 = VERTEX_POINT ( 'NONE', #2108 ) ;
#7202 = VECTOR ( 'NONE', #6250, 39.37007874015748143 ) ;
#7203 = DIRECTION ( 'NONE',  ( 7.776898252968646568E-17, 0.0000000000000000000, -1.000000000000000000 ) ) ;
#7204 = ORIENTED_EDGE ( 'NONE', *, *, #4611, .T. ) ;
#7205 = EDGE_CURVE ( 'NONE', #4149, #4529, #1629, .T. ) ;
#7206 = CARTESIAN_POINT ( 'NONE',  ( 0.5379674688103079916, 0.1600000000000031120, -0.05000000000000019013 ) ) ;
#7207 = CARTESIAN_POINT ( 'NONE',  ( 1.237967468810307281, -0.05000000000000000278, -0.05000000000000019013 ) ) ;
#7208 = ORIENTED_EDGE ( 'NONE', *, *, #319, .T. ) ;
#7209 = AXIS2_PLACEMENT_3D ( 'NONE', #4095, #5402, #2349 ) ;
#7210 = CARTESIAN_POINT ( 'NONE',  ( 0.5379674688103074365, -0.05000000000000000278, -0.05000000000000019013 ) ) ;
#7211 = FACE_BOUND ( 'NONE', #4378, .T. ) ;
#7212 = VERTEX_POINT ( 'NONE', #3368 ) ;
#7213 = LINE ( 'NONE', #6108, #1885 ) ;
#7214 = ORIENTED_EDGE ( 'NONE', *, *, #2285, .T. ) ;
#7215 = EDGE_CURVE ( 'NONE', #267, #2654, #4645, .T. ) ;
#7216 = LINE ( 'NONE', #633, #1474 ) ;
#7217 = DIRECTION ( 'NONE',  ( 0.3420201433256639389, 0.0000000000000000000, -0.9396926207859100932 ) ) ;
#7218 = DIRECTION ( 'NONE',  ( -0.0000000000000000000, 1.000000000000000000, -0.0000000000000000000 ) ) ;
#7219 = VERTEX_POINT ( 'NONE', #3931 ) ;
#7220 = CARTESIAN_POINT ( 'NONE',  ( 0.6999990000000000379, -0.1100000000000000006, 0.0000000000000000000 ) ) ;
#7221 = VECTOR ( 'NONE', #3314, 39.37007874015748143 ) ;
#7222 = DIRECTION ( 'NONE',  ( -0.0000000000000000000, 1.000000000000000000, -0.0000000000000000000 ) ) ;
#7223 = DIRECTION ( 'NONE',  ( 1.355298456929802892E-15, 0.0000000000000000000, 1.000000000000000000 ) ) ;
#7224 = ORIENTED_EDGE ( 'NONE', *, *, #5488, .F. ) ;
#7225 = ADVANCED_FACE ( 'NONE', ( #6347 ), #7602, .T. ) ;
#7226 = AXIS2_PLACEMENT_3D ( 'NONE', #7624, #981, #2206 ) ;
#7227 = DIRECTION ( 'NONE',  ( 0.3420201433256695456, 0.0000000000000000000, 0.9396926207859080948 ) ) ;
#7228 = EDGE_LOOP ( 'NONE', ( #2776, #778, #3186, #4331, #3304 ) ) ;
#7229 = ORIENTED_EDGE ( 'NONE', *, *, #3990, .F. ) ;
#7230 = VECTOR ( 'NONE', #2161, 39.37007874015748143 ) ;
#7231 = DIRECTION ( 'NONE',  ( 0.0000000000000000000, 0.0000000000000000000, 1.000000000000000000 ) ) ;
#7232 = EDGE_CURVE ( 'NONE', #1819, #989, #6884, .T. ) ;
#7233 = ORIENTED_EDGE ( 'NONE', *, *, #805, .T. ) ;
#7234 = LINE ( 'NONE', #1293, #2653 ) ;
#7235 = DIRECTION ( 'NONE',  ( 0.0000000000000000000, 0.0000000000000000000, 1.000000000000000000 ) ) ;
#7236 = DIRECTION ( 'NONE',  ( 0.3420201433256662704, -0.0000000000000000000, 0.9396926207859092051 ) ) ;
#7237 = ORIENTED_EDGE ( 'NONE', *, *, #1422, .T. ) ;
#7238 = CARTESIAN_POINT ( 'NONE',  ( 1.199999000000000260, -0.05000000000000000278, -0.09999999999999989453 ) ) ;
#7239 = CYLINDRICAL_SURFACE ( 'NONE', #2201, 0.02855000000000052635 ) ;
#7240 = ORIENTED_EDGE ( 'NONE', *, *, #495, .T. ) ;
#7241 = ADVANCED_FACE ( 'NONE', ( #2222 ), #6460, .F. ) ;
#7242 = ADVANCED_FACE ( 'NONE', ( #463 ), #1748, .F. ) ;
#7243 = DIRECTION ( 'NONE',  ( 0.0000000000000000000, 0.0000000000000000000, 1.000000000000000000 ) ) ;
#7244 = VERTEX_POINT ( 'NONE', #1789 ) ;
#7245 = DIRECTION ( 'NONE',  ( -3.491481338843133355E-15, -1.000000000000000000, 0.0000000000000000000 ) ) ;
#7246 = CARTESIAN_POINT ( 'NONE',  ( 0.9942664688103074466, 0.0000000000000000000, -0.08424999999999957523 ) ) ;
#7247 = EDGE_LOOP ( 'NONE', ( #1601, #6502 ) ) ;
#7248 = DIRECTION ( 'NONE',  ( -0.0000000000000000000, 1.000000000000000000, -0.0000000000000000000 ) ) ;
#7249 = FACE_BOUND ( 'NONE', #2361, .T. ) ;
#7250 = ORIENTED_EDGE ( 'NONE', *, *, #7326, .T. ) ;
#7251 = EDGE_CURVE ( 'NONE', #7055, #2611, #4133, .T. ) ;
#7252 = CARTESIAN_POINT ( 'NONE',  ( 0.0000000000000000000, -0.05000000000000000278, 0.0000000000000000000 ) ) ;
#7253 = ORIENTED_EDGE ( 'NONE', *, *, #3750, .F. ) ;
#7254 = LINE ( 'NONE', #1275, #67 ) ;
#7255 = CARTESIAN_POINT ( 'NONE',  ( 0.1816684688103074041, -0.1100000000000000006, -0.08424999999999954747 ) ) ;
#7256 = CARTESIAN_POINT ( 'NONE',  ( 0.9942664688103074466, -0.05000000000000000278, -0.08424999999999957523 ) ) ;
#7257 = EDGE_LOOP ( 'NONE', ( #2467, #239, #3821, #6525 ) ) ;
#7258 = CARTESIAN_POINT ( 'NONE',  ( 0.3816684688103073597, 0.0000000000000000000, -0.08424999999999954747 ) ) ;
#7259 = CARTESIAN_POINT ( 'NONE',  ( 0.7999990000000001267, 0.0000000000000000000, 0.0000000000000000000 ) ) ;
#7260 = ADVANCED_FACE ( 'NONE', ( #7088 ), #1705, .T. ) ;
#7261 = CARTESIAN_POINT ( 'NONE',  ( 1.081668468810307537, -0.1100000000000000006, -0.08424999999999954747 ) ) ;
#7262 = VECTOR ( 'NONE', #3877, 39.37007874015748143 ) ;
#7263 = ORIENTED_EDGE ( 'NONE', *, *, #5934, .F. ) ;
#7264 = LINE ( 'NONE', #3064, #238 ) ;
#7265 = ORIENTED_EDGE ( 'NONE', *, *, #6060, .T. ) ;
#7266 = VECTOR ( 'NONE', #161, 39.37007874015748854 ) ;
#7267 = VECTOR ( 'NONE', #2657, 39.37007874015748143 ) ;
#7268 = ORIENTED_EDGE ( 'NONE', *, *, #5606, .T. ) ;
#7269 = ADVANCED_FACE ( 'NONE', ( #4089 ), #1191, .F. ) ;
#7270 = DIRECTION ( 'NONE',  ( -1.000000000000000000, 0.0000000000000000000, 1.355298456929802892E-15 ) ) ;
#7271 = VECTOR ( 'NONE', #3388, 39.37007874015748143 ) ;
#7272 = ORIENTED_EDGE ( 'NONE', *, *, #3155, .F. ) ;
#7273 = VECTOR ( 'NONE', #4086, 39.37007874015748854 ) ;
#7274 = FACE_OUTER_BOUND ( 'NONE', #6276, .T. ) ;
#7275 = CARTESIAN_POINT ( 'NONE',  ( 0.1600000000000032230, 0.0000000000000000000, 0.0000000000000000000 ) ) ;
#7276 = ORIENTED_EDGE ( 'NONE', *, *, #6797, .F. ) ;
#7277 = AXIS2_PLACEMENT_3D ( 'NONE', #7420, #1443, #6867 ) ;
#7278 = EDGE_CURVE ( 'NONE', #6970, #7137, #1823, .T. ) ;
#7279 = PLANE ( 'NONE',  #1992 ) ;
#7280 = DIRECTION ( 'NONE',  ( 0.0000000000000000000, 0.0000000000000000000, 1.000000000000000000 ) ) ;
#7281 = ORIENTED_EDGE ( 'NONE', *, *, #192, .F. ) ;
#7282 = DIRECTION ( 'NONE',  ( 1.000000000000000000, 0.0000000000000000000, -0.0000000000000000000 ) ) ;
#7283 = CIRCLE ( 'NONE', #437, 0.02855000000000052982 ) ;
#7284 = EDGE_LOOP ( 'NONE', ( #2294, #1606 ) ) ;
#7285 = DIRECTION ( 'NONE',  ( 0.0000000000000000000, 0.0000000000000000000, 1.000000000000000000 ) ) ;
#7286 = DIRECTION ( 'NONE',  ( 0.3420201433256720991, 0.0000000000000000000, -0.9396926207859070956 ) ) ;
#7287 = VERTEX_POINT ( 'NONE', #1667 ) ;
#7288 = CARTESIAN_POINT ( 'NONE',  ( 1.381668468810307360, 0.0000000000000000000, -0.08424999999999954747 ) ) ;
#7289 = CARTESIAN_POINT ( 'NONE',  ( 1.281668468810307271, -0.05000000000000000278, -0.01574999999999998623 ) ) ;
#7290 = ORIENTED_EDGE ( 'NONE', *, *, #1438, .F. ) ;
#7291 = LINE ( 'NONE', #4920, #4170 ) ;
#7292 = ORIENTED_EDGE ( 'NONE', *, *, #5080, .T. ) ;
#7293 = DIRECTION ( 'NONE',  ( 0.0000000000000000000, 0.0000000000000000000, 1.000000000000000000 ) ) ;
#7294 = CARTESIAN_POINT ( 'NONE',  ( 1.975934937620615894, -0.05000000000000000278, -0.09999999999999974187 ) ) ;
#7295 = DIRECTION ( 'NONE',  ( -0.3420201433256638834, 0.0000000000000000000, 0.9396926207859100932 ) ) ;
#7296 = ORIENTED_EDGE ( 'NONE', *, *, #5165, .T. ) ;
#7297 = DIRECTION ( 'NONE',  ( 0.0000000000000000000, 0.0000000000000000000, 1.000000000000000000 ) ) ;
#7298 = PLANE ( 'NONE',  #1213 ) ;
#7299 = LINE ( 'NONE', #7183, #7678 ) ;
#7300 = VERTEX_POINT ( 'NONE', #2888 ) ;
#7301 = VECTOR ( 'NONE', #4201, 39.37007874015748143 ) ;
#7302 = ADVANCED_FACE ( 'NONE', ( #5475 ), #3527, .T. ) ;
#7303 = LINE ( 'NONE', #5962, #4059 ) ;
#7304 = VECTOR ( 'NONE', #434, 39.37007874015748143 ) ;
#7305 = ORIENTED_EDGE ( 'NONE', *, *, #5339, .T. ) ;
#7306 = ORIENTED_EDGE ( 'NONE', *, *, #2669, .F. ) ;
#7307 = PLANE ( 'NONE',  #1074 ) ;
#7308 = AXIS2_PLACEMENT_3D ( 'NONE', #4379, #3132, #6783 ) ;
#7309 = EDGE_LOOP ( 'NONE', ( #831, #3181, #1043, #3668 ) ) ;
#7310 = DIRECTION ( 'NONE',  ( 1.000000000000000000, 0.0000000000000000000, 0.0000000000000000000 ) ) ;
#7311 = EDGE_CURVE ( 'NONE', #4226, #4069, #7141, .T. ) ;
#7312 = DIRECTION ( 'NONE',  ( 1.000000000000000000, 0.0000000000000000000, 0.0000000000000000000 ) ) ;
#7313 = DIRECTION ( 'NONE',  ( -1.000000000000000000, -0.0000000000000000000, -0.0000000000000000000 ) ) ;
#7314 = AXIS2_PLACEMENT_3D ( 'NONE', #1342, #6735, #2644 ) ;
#7315 = ORIENTED_EDGE ( 'NONE', *, *, #964, .T. ) ;
#7316 = DIRECTION ( 'NONE',  ( 0.0000000000000000000, 0.0000000000000000000, 1.000000000000000000 ) ) ;
#7317 = DIRECTION ( 'NONE',  ( -1.000000000000000000, -0.0000000000000000000, -0.0000000000000000000 ) ) ;
#7318 =( GEOMETRIC_REPRESENTATION_CONTEXT ( 3 ) GLOBAL_UNCERTAINTY_ASSIGNED_CONTEXT ( ( #968 ) ) GLOBAL_UNIT_ASSIGNED_CONTEXT ( ( #3894, #305, #5117 ) ) REPRESENTATION_CONTEXT ( 'NONE', 'WORKASPACE' ) );
#7319 = DIRECTION ( 'NONE',  ( -3.491481338843133355E-15, -1.000000000000000000, 0.0000000000000000000 ) ) ;
#7320 = DIRECTION ( 'NONE',  ( -1.000000000000000000, -0.0000000000000000000, -0.0000000000000000000 ) ) ;
#7321 = ORIENTED_EDGE ( 'NONE', *, *, #5422, .F. ) ;
#7322 = PLANE ( 'NONE',  #2130 ) ;
#7323 = VECTOR ( 'NONE', #3679, 39.37007874015748854 ) ;
#7324 = PLANE ( 'NONE',  #6648 ) ;
#7325 = EDGE_LOOP ( 'NONE', ( #1884, #2334, #3279, #7687 ) ) ;
#7326 = EDGE_CURVE ( 'NONE', #6916, #5476, #1072, .T. ) ;
#7327 = LINE ( 'NONE', #4257, #5682 ) ;
#7328 = ORIENTED_EDGE ( 'NONE', *, *, #6600, .F. ) ;
#7329 = CARTESIAN_POINT ( 'NONE',  ( 1.275935937620614746, 0.0000000000000000000, -9.478001694819074349E-34 ) ) ;
#7330 = DIRECTION ( 'NONE',  ( 7.776898252968646568E-17, 0.0000000000000000000, -1.000000000000000000 ) ) ;
#7331 = AXIS2_PLACEMENT_3D ( 'NONE', #6093, #6126, #5377 ) ;
#7332 = CARTESIAN_POINT ( 'NONE',  ( 0.8942664688103074688, 0.0000000000000000000, -0.01574999999999998623 ) ) ;
#7333 = ORIENTED_EDGE ( 'NONE', *, *, #4913, .T. ) ;
#7334 = DIRECTION ( 'NONE',  ( -0.3420201433256694346, -0.0000000000000000000, -0.9396926207859080948 ) ) ;
#7335 = LINE ( 'NONE', #225, #7267 ) ;
#7336 = CARTESIAN_POINT ( 'NONE',  ( 0.0000000000000000000, -0.05000000000000000278, 0.0000000000000000000 ) ) ;
#7337 = VECTOR ( 'NONE', #6046, 39.37007874015748143 ) ;
#7338 = EDGE_CURVE ( 'NONE', #7414, #584, #505, .T. ) ;
#7339 = VERTEX_POINT ( 'NONE', #6667 ) ;
#7340 = LINE ( 'NONE', #3778, #3419 ) ;
#7341 = ORIENTED_EDGE ( 'NONE', *, *, #419, .F. ) ;
#7342 = EDGE_LOOP ( 'NONE', ( #139, #3906, #4638, #883 ) ) ;
#7343 = CARTESIAN_POINT ( 'NONE',  ( 0.3816684688103073597, 0.0000000000000000000, -0.08424999999999954747 ) ) ;
#7344 = DIRECTION ( 'NONE',  ( -0.0000000000000000000, 1.000000000000000000, -0.0000000000000000000 ) ) ;
#7345 = PRODUCT_RELATED_PRODUCT_CATEGORY ( 'part', '', ( #4467 ) ) ;
#7346 = VECTOR ( 'NONE', #3616, 39.37007874015748143 ) ;
#7347 = EDGE_LOOP ( 'NONE', ( #7305, #2666, #6078, #2224 ) ) ;
#7348 = DIRECTION ( 'NONE',  ( 0.0000000000000000000, 1.000000000000000000, 0.0000000000000000000 ) ) ;
#7349 = DIRECTION ( 'NONE',  ( -0.3420201433256694346, -0.0000000000000000000, -0.9396926207859080948 ) ) ;
#7350 = DIRECTION ( 'NONE',  ( -0.3420201433256694346, -0.0000000000000000000, -0.9396926207859080948 ) ) ;
#7351 = ORIENTED_EDGE ( 'NONE', *, *, #4387, .T. ) ;
#7352 = VECTOR ( 'NONE', #812, 39.37007874015748143 ) ;
#7353 = SPHERICAL_SURFACE ( 'NONE', #2970, 0.009000000000000641168 ) ;
#7354 = ADVANCED_FACE ( 'NONE', ( #1231, #5986, #7756, #543, #3049, #7171, #2968, #28, #2458, #5395, #7249, #5902, #7799, #3485, #4805, #2300, #586, #7211, #4212, #6029, #3009 ), #5436, .F. ) ;
#7355 = CARTESIAN_POINT ( 'NONE',  ( 0.09426646881030739666, 0.0000000000000000000, -0.08424999999999957523 ) ) ;
#7356 = DIRECTION ( 'NONE',  ( 0.0000000000000000000, 0.0000000000000000000, 1.000000000000000000 ) ) ;
#7357 = LINE ( 'NONE', #3044, #2329 ) ;
#7358 = ORIENTED_EDGE ( 'NONE', *, *, #7771, .T. ) ;
#7359 = CARTESIAN_POINT ( 'NONE',  ( 0.7749457858289466872, -0.05000000000000000278, 0.2774681616348992352 ) ) ;
#7360 = DIRECTION ( 'NONE',  ( 0.3420201433256663259, 0.0000000000000000000, 0.9396926207859092051 ) ) ;
#7361 = ADVANCED_FACE ( 'NONE', ( #5511 ), #7324, .F. ) ;
#7362 = EDGE_LOOP ( 'NONE', ( #1888, #5914 ) ) ;
#7363 = CARTESIAN_POINT ( 'NONE',  ( 0.6379674688103074143, 3.673940397442060153E-19, -0.07855000000000071647 ) ) ;
#7364 = EDGE_LOOP ( 'NONE', ( #7705, #6266 ) ) ;
#7365 = DIRECTION ( 'NONE',  ( -1.000000000000000000, 0.0000000000000000000, 1.355298456929802892E-15 ) ) ;
#7366 = FACE_OUTER_BOUND ( 'NONE', #4250, .T. ) ;
#7367 = VERTEX_POINT ( 'NONE', #6702 ) ;
#7368 = EDGE_CURVE ( 'NONE', #4662, #6061, #175, .T. ) ;
#7369 = DIRECTION ( 'NONE',  ( -0.0000000000000000000, 1.000000000000000000, -0.0000000000000000000 ) ) ;
#7370 = FACE_OUTER_BOUND ( 'NONE', #2655, .T. ) ;
#7371 = ADVANCED_FACE ( 'NONE', ( #7438 ), #1940, .F. ) ;
#7372 = DIRECTION ( 'NONE',  ( -0.0000000000000000000, 1.000000000000000000, -0.0000000000000000000 ) ) ;
#7373 = ORIENTED_EDGE ( 'NONE', *, *, #5814, .T. ) ;
#7374 = CARTESIAN_POINT ( 'NONE',  ( 0.009000000000000368816, 0.0000000000000000000, 0.0000000000000000000 ) ) ;
#7375 = ORIENTED_EDGE ( 'NONE', *, *, #6551, .F. ) ;
#7376 = EDGE_CURVE ( 'NONE', #6720, #2500, #3839, .T. ) ;
#7377 = ORIENTED_EDGE ( 'NONE', *, *, #2624, .F. ) ;
#7378 = CIRCLE ( 'NONE', #3200, 0.008999999999998729502 ) ;
#7379 = CARTESIAN_POINT ( 'NONE',  ( 0.2942664688103074355, -0.05000000000000000278, -0.01574999999999998623 ) ) ;
#7380 = CARTESIAN_POINT ( 'NONE',  ( 1.299999000000000127, -0.1100000000000000006, 0.0000000000000000000 ) ) ;
#7381 = CARTESIAN_POINT ( 'NONE',  ( 0.0000000000000000000, 0.0000000000000000000, 0.0000000000000000000 ) ) ;
#7382 = ORIENTED_EDGE ( 'NONE', *, *, #3548, .F. ) ;
#7383 = CARTESIAN_POINT ( 'NONE',  ( 0.7999990000000001267, -0.05000000000000000278, 0.0000000000000000000 ) ) ;
#7384 = AXIS2_PLACEMENT_3D ( 'NONE', #6298, #4637, #6926 ) ;
#7385 = LINE ( 'NONE', #4476, #3724 ) ;
#7386 = LINE ( 'NONE', #2048, #7594 ) ;
#7387 = EDGE_CURVE ( 'NONE', #5068, #934, #6257, .T. ) ;
#7388 = EDGE_LOOP ( 'NONE', ( #609, #2486 ) ) ;
#7389 = VECTOR ( 'NONE', #936, 39.37007874015748854 ) ;
#7390 = FACE_OUTER_BOUND ( 'NONE', #6160, .T. ) ;
#7391 = VECTOR ( 'NONE', #260, 39.37007874015748143 ) ;
#7392 = DIRECTION ( 'NONE',  ( 1.000000000000000000, 0.0000000000000000000, -0.0000000000000000000 ) ) ;
#7393 = DIRECTION ( 'NONE',  ( -3.491481338843133355E-15, -1.000000000000000000, 0.0000000000000000000 ) ) ;
#7394 = DIRECTION ( 'NONE',  ( -1.000000000000000000, 0.0000000000000000000, -7.776898252968646568E-17 ) ) ;
#7395 = VECTOR ( 'NONE', #7707, 39.37007874015748143 ) ;
#7396 = EDGE_CURVE ( 'NONE', #13, #7436, #6849, .T. ) ;
#7397 = CIRCLE ( 'NONE', #5141, 0.02855000000000052288 ) ;
#7398 = VERTEX_POINT ( 'NONE', #6773 ) ;
#7399 = CARTESIAN_POINT ( 'NONE',  ( 1.987967468810307503, -0.05000000000000000278, -0.08424999999999935318 ) ) ;
#7400 = CARTESIAN_POINT ( 'NONE',  ( 0.1568302307373060367, -0.05000000000000000278, 0.05249249824460854030 ) ) ;
#7401 = EDGE_LOOP ( 'NONE', ( #5186, #2825 ) ) ;
#7402 = VECTOR ( 'NONE', #5162, 39.37007874015748143 ) ;
#7403 = ORIENTED_EDGE ( 'NONE', *, *, #1717, .F. ) ;
#7404 = DIRECTION ( 'NONE',  ( -0.0000000000000000000, 1.000000000000000000, -0.0000000000000000000 ) ) ;
#7405 = VERTEX_POINT ( 'NONE', #4991 ) ;
#7406 = CARTESIAN_POINT ( 'NONE',  ( 0.3334346750492034328, -0.05000000000000000278, 0.1167712592132630345 ) ) ;
#7407 = FACE_OUTER_BOUND ( 'NONE', #736, .T. ) ;
#7408 = EDGE_CURVE ( 'NONE', #1557, #3701, #2607, .T. ) ;
#7409 = ORIENTED_EDGE ( 'NONE', *, *, #5359, .F. ) ;
#7410 = VERTEX_POINT ( 'NONE', #1343 ) ;
#7411 = DIRECTION ( 'NONE',  ( 0.0000000000000000000, 0.0000000000000000000, 1.000000000000000000 ) ) ;
#7412 = CARTESIAN_POINT ( 'NONE',  ( 0.9999990000000001933, -0.05000000000000000278, 0.0000000000000000000 ) ) ;
#7413 = CARTESIAN_POINT ( 'NONE',  ( 1.581668468810307315, -0.1100000000000000006, -0.08424999999999954747 ) ) ;
#7414 = VERTEX_POINT ( 'NONE', #7289 ) ;
#7415 = AXIS2_PLACEMENT_3D ( 'NONE', #3014, #1828, #2387 ) ;
#7416 = DIRECTION ( 'NONE',  ( -0.3420201433256663259, 0.0000000000000000000, -0.9396926207859092051 ) ) ;
#7417 = EDGE_CURVE ( 'NONE', #6628, #5853, #3762, .T. ) ;
#7418 = VERTEX_POINT ( 'NONE', #6811 ) ;
#7419 = ORIENTED_EDGE ( 'NONE', *, *, #2879, .T. ) ;
#7420 = CARTESIAN_POINT ( 'NONE',  ( 0.4816684688103073930, -0.1100000000000000006, -0.01574999999999998623 ) ) ;
#7421 = DIRECTION ( 'NONE',  ( -1.000000000000000000, 0.0000000000000000000, -0.0000000000000000000 ) ) ;
#7422 = CARTESIAN_POINT ( 'NONE',  ( 0.0000000000000000000, 0.0000000000000000000, 0.0000000000000000000 ) ) ;
#7423 = AXIS2_PLACEMENT_3D ( 'NONE', #2117, #3217, #2668 ) ;
#7424 = ORIENTED_EDGE ( 'NONE', *, *, #956, .F. ) ;
#7425 = FACE_OUTER_BOUND ( 'NONE', #7598, .T. ) ;
#7426 = VERTEX_POINT ( 'NONE', #826 ) ;
#7427 = CARTESIAN_POINT ( 'NONE',  ( 0.1679545446845125689, -0.05000000000000000278, -0.08804141739802455457 ) ) ;
#7428 = CARTESIAN_POINT ( 'NONE',  ( 0.3210000000000022835, 0.0000000000000000000, 0.0000000000000000000 ) ) ;
#7429 = ORIENTED_EDGE ( 'NONE', *, *, #6391, .T. ) ;
#7430 = VECTOR ( 'NONE', #1244, 39.37007874015748143 ) ;
#7431 = CARTESIAN_POINT ( 'NONE',  ( 0.4759359376206147019, 0.0000000000000000000, -9.478001694819074349E-34 ) ) ;
#7432 = CARTESIAN_POINT ( 'NONE',  ( 1.294266468810307380, -0.1100000000000000006, -0.01574999999999998623 ) ) ;
#7433 = EDGE_CURVE ( 'NONE', #1721, #4314, #4369, .T. ) ;
#7434 = DIRECTION ( 'NONE',  ( -3.491481338843133355E-15, -1.000000000000000000, 0.0000000000000000000 ) ) ;
#7435 = CARTESIAN_POINT ( 'NONE',  ( 0.6816684688103075151, 0.0000000000000000000, -0.08424999999999954747 ) ) ;
#7436 = VERTEX_POINT ( 'NONE', #4333 ) ;
#7437 = FACE_OUTER_BOUND ( 'NONE', #5332, .T. ) ;
#7438 = FACE_OUTER_BOUND ( 'NONE', #387, .T. ) ;
#7439 = ORIENTED_EDGE ( 'NONE', *, *, #7566, .F. ) ;
#7440 = AXIS2_PLACEMENT_3D ( 'NONE', #7755, #2340, #4764 ) ;
#7441 = ADVANCED_FACE ( 'NONE', ( #65 ), #4293, .F. ) ;
#7442 = LINE ( 'NONE', #6851, #5804 ) ;
#7443 = ORIENTED_EDGE ( 'NONE', *, *, #737, .T. ) ;
#7444 = CARTESIAN_POINT ( 'NONE',  ( 1.637967468810307414, 0.0000000000000000000, -0.05000000000000019013 ) ) ;
#7445 = DIRECTION ( 'NONE',  ( -0.0000000000000000000, 1.000000000000000000, -0.0000000000000000000 ) ) ;
#7446 = VERTEX_POINT ( 'NONE', #1865 ) ;
#7447 = VECTOR ( 'NONE', #1544, 39.37007874015748143 ) ;
#7448 = ORIENTED_EDGE ( 'NONE', *, *, #6664, .F. ) ;
#7449 = DIRECTION ( 'NONE',  ( -0.0000000000000000000, 1.000000000000000000, -0.0000000000000000000 ) ) ;
#7450 = CARTESIAN_POINT ( 'NONE',  ( 1.237967468810307281, 0.0000000000000000000, -0.02144999999999966725 ) ) ;
#7451 = CARTESIAN_POINT ( 'NONE',  ( 0.9759359376206147019, -0.1100000000000000006, -0.09999999999999989453 ) ) ;
#7452 = ADVANCED_FACE ( 'NONE', ( #2496 ), #6218, .F. ) ;
#7453 = LINE ( 'NONE', #4422, #2136 ) ;
#7454 =( REPRESENTATION_RELATIONSHIP ('NONE','NONE', #1462, #1766 ) REPRESENTATION_RELATIONSHIP_WITH_TRANSFORMATION ( #7104 )SHAPE_REPRESENTATION_RELATIONSHIP( ) );
#7455 = VECTOR ( 'NONE', #3833, 39.37007874015748143 ) ;
#7456 = ORIENTED_EDGE ( 'NONE', *, *, #6973, .F. ) ;
#7457 = CARTESIAN_POINT ( 'NONE',  ( 0.07965232252856366268, -0.05000000000000000278, -0.05590203691369751565 ) ) ;
#7458 = EDGE_LOOP ( 'NONE', ( #6350, #1565, #1093, #7233 ) ) ;
#7459 = ORIENTED_EDGE ( 'NONE', *, *, #3121, .F. ) ;
#7460 = VECTOR ( 'NONE', #1018, 39.37007874015748143 ) ;
#7461 = CARTESIAN_POINT ( 'NONE',  ( 1.499999000000000082, -0.05000000000000000278, -0.09999999999999989453 ) ) ;
#7462 = DIRECTION ( 'NONE',  ( 1.000000000000000000, 0.0000000000000000000, -1.355298456929802892E-15 ) ) ;
#7463 = EDGE_CURVE ( 'NONE', #4960, #1901, #2568, .T. ) ;
#7464 = EDGE_LOOP ( 'NONE', ( #7066, #1323, #1562, #3141 ) ) ;
#7465 = DIRECTION ( 'NONE',  ( 1.000000000000000000, 0.0000000000000000000, 0.0000000000000000000 ) ) ;
#7466 = ORIENTED_EDGE ( 'NONE', *, *, #466, .F. ) ;
#7467 = CARTESIAN_POINT ( 'NONE',  ( 0.8759359376206147241, 0.0000000000000000000, -9.478001694819074349E-34 ) ) ;
#7468 = DIRECTION ( 'NONE',  ( 0.3420201433256639389, 0.0000000000000000000, -0.9396926207859100932 ) ) ;
#7469 = EDGE_LOOP ( 'NONE', ( #5130, #3585, #2504, #6644 ) ) ;
#7470 = ADVANCED_FACE ( 'NONE', ( #1304 ), #3721, .F. ) ;
#7471 = AXIS2_PLACEMENT_3D ( 'NONE', #5676, #229, #2663 ) ;
#7472 = FACE_OUTER_BOUND ( 'NONE', #2227, .T. ) ;
#7473 = EDGE_CURVE ( 'NONE', #3007, #2841, #780, .T. ) ;
#7474 = DIRECTION ( 'NONE',  ( -1.000000000000000000, 0.0000000000000000000, -0.0000000000000000000 ) ) ;
#7475 = CARTESIAN_POINT ( 'NONE',  ( 0.0000000000000000000, -0.05000000000000000278, 0.0000000000000000000 ) ) ;
#7476 = COLOUR_RGB ( '',1.000000000000000000, 0.8039215686274510109, 0.4941176470588235503 ) ;
#7477 = PLANE ( 'NONE',  #2424 ) ;
#7478 = DIRECTION ( 'NONE',  ( 0.3420201433256720991, 0.0000000000000000000, -0.9396926207859070956 ) ) ;
#7479 = ADVANCED_FACE ( 'NONE', ( #5620 ), #2019, .F. ) ;
#7480 = CARTESIAN_POINT ( 'NONE',  ( 1.637967468810307414, 0.0000000000000000000, -0.02144999999999966725 ) ) ;
#7481 = VERTEX_POINT ( 'NONE', #1633 ) ;
#7482 = DIRECTION ( 'NONE',  ( -0.0000000000000000000, 1.000000000000000000, -0.0000000000000000000 ) ) ;
#7483 = PRODUCT_DEFINITION_SHAPE ( 'NONE', 'NONE',  #2555 ) ;
#7484 = ORIENTED_EDGE ( 'NONE', *, *, #5398, .T. ) ;
#7485 = DIRECTION ( 'NONE',  ( 0.0000000000000000000, 0.0000000000000000000, 1.000000000000000000 ) ) ;
#7486 = DIRECTION ( 'NONE',  ( 0.0000000000000000000, 0.0000000000000000000, 1.000000000000000000 ) ) ;
#7487 = ORIENTED_EDGE ( 'NONE', *, *, #4262, .T. ) ;
#7488 = ORIENTED_EDGE ( 'NONE', *, *, #4868, .F. ) ;
#7489 = PLANE ( 'NONE',  #860 ) ;
#7490 = EDGE_CURVE ( 'NONE', #3139, #5754, #3372, .T. ) ;
#7491 = LINE ( 'NONE', #1916, #5871 ) ;
#7492 = CARTESIAN_POINT ( 'NONE',  ( 0.9816684688103075596, 0.0000000000000000000, -0.08424999999999953360 ) ) ;
#7493 = CARTESIAN_POINT ( 'NONE',  ( 1.699999000000000260, 0.0000000000000000000, 0.0000000000000000000 ) ) ;
#7494 = ORIENTED_EDGE ( 'NONE', *, *, #6963, .T. ) ;
#7495 = LINE ( 'NONE', #2073, #5824 ) ;
#7496 = ORIENTED_EDGE ( 'NONE', *, *, #2781, .T. ) ;
#7497 = ADVANCED_FACE ( 'NONE', ( #7684 ), #5234, .T. ) ;
#7498 = ORIENTED_EDGE ( 'NONE', *, *, #1626, .F. ) ;
#7499 = CARTESIAN_POINT ( 'NONE',  ( 0.4437523728369174858, -0.05000000000000000278, -0.1884236175207636421 ) ) ;
#7500 = CARTESIAN_POINT ( 'NONE',  ( 1.975934937620615894, -0.05000000000000000278, -0.09999999999999974187 ) ) ;
#7501 = ORIENTED_EDGE ( 'NONE', *, *, #4639, .F. ) ;
#7502 = LINE ( 'NONE', #6323, #6331 ) ;
#7503 = ORIENTED_EDGE ( 'NONE', *, *, #7660, .T. ) ;
#7504 = CARTESIAN_POINT ( 'NONE',  ( 0.3300000000000031797, -4.370440752799912628E-15, 0.0000000000000000000 ) ) ;
#7505 =( CONVERSION_BASED_UNIT ( 'INCH', #856 ) LENGTH_UNIT ( ) NAMED_UNIT ( #1255 ) );
#7506 = VECTOR ( 'NONE', #990, 39.37007874015748143 ) ;
#7507 = ADVANCED_FACE ( 'NONE', ( #1672 ), #1040, .F. ) ;
#7508 = ORIENTED_EDGE ( 'NONE', *, *, #5138, .T. ) ;
#7509 = DIRECTION ( 'NONE',  ( -0.0000000000000000000, 1.000000000000000000, -0.0000000000000000000 ) ) ;
#7510 = VECTOR ( 'NONE', #699, 39.37007874015748854 ) ;
#7511 = LINE ( 'NONE', #1496, #2141 ) ;
#7512 = CONTEXT_DEPENDENT_SHAPE_REPRESENTATION ( #1239, #3950 ) ;
#7513 = CARTESIAN_POINT ( 'NONE',  ( 0.9999990000000001933, -0.05000000000000000278, -0.09999999999999989453 ) ) ;
#7514 = CYLINDRICAL_SURFACE ( 'NONE', #903, 0.008999999999996536812 ) ;
#7515 = EDGE_CURVE ( 'NONE', #3962, #6520, #388, .T. ) ;
#7516 = AXIS2_PLACEMENT_3D ( 'NONE', #126, #2596, #2559 ) ;
#7517 = AXIS2_PLACEMENT_3D ( 'NONE', #4050, #5229, #4686 ) ;
#7518 = CARTESIAN_POINT ( 'NONE',  ( 0.2050000000000032074, 0.0000000000000000000, 0.0000000000000000000 ) ) ;
#7519 = CARTESIAN_POINT ( 'NONE',  ( 1.199999000000000260, 0.0000000000000000000, 0.0000000000000000000 ) ) ;
#7520 = VERTEX_POINT ( 'NONE', #2264 ) ;
#7521 = DIRECTION ( 'NONE',  ( 0.0000000000000000000, 0.0000000000000000000, 1.000000000000000000 ) ) ;
#7522 = VECTOR ( 'NONE', #5605, 39.37007874015748143 ) ;
#7523 = ORIENTED_EDGE ( 'NONE', *, *, #5461, .F. ) ;
#7524 = PRESENTATION_STYLE_ASSIGNMENT (( #7596 ) ) ;
#7525 = DIRECTION ( 'NONE',  ( 0.3420201433256663259, 0.0000000000000000000, 0.9396926207859092051 ) ) ;
#7526 = AXIS2_PLACEMENT_3D ( 'NONE', #4841, #4289, #4209 ) ;
#7527 = EDGE_CURVE ( 'NONE', #2633, #2236, #3489, .T. ) ;
#7528 = ORIENTED_EDGE ( 'NONE', *, *, #4395, .T. ) ;
#7529 = CARTESIAN_POINT ( 'NONE',  ( 1.237967468810307281, -0.05000000000000000278, -0.05000000000000019013 ) ) ;
#7530 = VECTOR ( 'NONE', #1958, 39.37007874015748143 ) ;
#7531 = LINE ( 'NONE', #2143, #1702 ) ;
#7532 = DIRECTION ( 'NONE',  ( -0.3420201433256695456, 0.0000000000000000000, -0.9396926207859080948 ) ) ;
#7533 = AXIS2_PLACEMENT_3D ( 'NONE', #7206, #2453, #2883 ) ;
#7534 = PRODUCT_DEFINITION_CONTEXT ( 'detailed design', #404, 'design' ) ;
#7535 = ORIENTED_EDGE ( 'NONE', *, *, #6704, .T. ) ;
#7536 = EDGE_CURVE ( 'NONE', #6676, #1683, #307, .T. ) ;
#7537 = LINE ( 'NONE', #5159, #6842 ) ;
#7538 = ORIENTED_EDGE ( 'NONE', *, *, #935, .T. ) ;
#7539 = VERTEX_POINT ( 'NONE', #7175 ) ;
#7540 = DIRECTION ( 'NONE',  ( 1.000000000000000000, 0.0000000000000000000, 0.0000000000000000000 ) ) ;
#7541 = CYLINDRICAL_SURFACE ( 'NONE', #7423, 0.02855000000000052635 ) ;
#7542 = ADVANCED_FACE ( 'NONE', ( #7134 ), #2428, .T. ) ;
#7543 = EDGE_LOOP ( 'NONE', ( #6869, #1724, #509, #4456 ) ) ;
#7544 = CARTESIAN_POINT ( 'NONE',  ( 0.7379674688103073921, 3.673940397442060153E-19, -0.02144999999999966031 ) ) ;
#7545 = ORIENTED_EDGE ( 'NONE', *, *, #7130, .F. ) ;
#7546 = DIRECTION ( 'NONE',  ( -0.0000000000000000000, 1.000000000000000000, -0.0000000000000000000 ) ) ;
#7547 = SURFACE_STYLE_USAGE ( .BOTH. , #3870 ) ;
#7548 = ORIENTED_EDGE ( 'NONE', *, *, #2343, .T. ) ;
#7549 = DIRECTION ( 'NONE',  ( -0.0000000000000000000, 1.000000000000000000, -0.0000000000000000000 ) ) ;
#7550 = ADVANCED_FACE ( 'NONE', ( #6707 ), #1121, .F. ) ;
#7551 = CARTESIAN_POINT ( 'NONE',  ( 1.281668468810307271, -0.1100000000000000006, -0.01574999999999998623 ) ) ;
#7552 = PLANE ( 'NONE',  #1946 ) ;
#7553 = DIRECTION ( 'NONE',  ( -0.9396926207859093161, 0.0000000000000000000, 0.3420201433256663814 ) ) ;
#7554 = VECTOR ( 'NONE', #1720, 39.37007874015748143 ) ;
#7555 = DIRECTION ( 'NONE',  ( 0.0000000000000000000, 0.0000000000000000000, 1.000000000000000000 ) ) ;
#7556 = DIRECTION ( 'NONE',  ( -0.0000000000000000000, 1.000000000000000000, -0.0000000000000000000 ) ) ;
#7557 = VERTEX_POINT ( 'NONE', #4176 ) ;
#7558 = EDGE_CURVE ( 'NONE', #808, #2873, #7254, .T. ) ;
#7559 = VECTOR ( 'NONE', #4265, 39.37007874015748143 ) ;
#7560 = ORIENTED_EDGE ( 'NONE', *, *, #7558, .F. ) ;
#7561 = DIRECTION ( 'NONE',  ( -0.0000000000000000000, 1.000000000000000000, -0.0000000000000000000 ) ) ;
#7562 = ORIENTED_EDGE ( 'NONE', *, *, #7463, .T. ) ;
#7563 = DIRECTION ( 'NONE',  ( 0.9396926207859080948, 0.0000000000000000000, -0.3420201433256695456 ) ) ;
#7564 = FACE_OUTER_BOUND ( 'NONE', #104, .T. ) ;
#7565 = LINE ( 'NONE', #5193, #4566 ) ;
#7566 = EDGE_CURVE ( 'NONE', #1642, #7426, #3367, .T. ) ;
#7567 = ORIENTED_EDGE ( 'NONE', *, *, #3010, .F. ) ;
#7568 = CARTESIAN_POINT ( 'NONE',  ( 1.139278988399949899, -0.05000000000000000278, -0.4415746027256218786 ) ) ;
#7569 = ORIENTED_EDGE ( 'NONE', *, *, #5398, .F. ) ;
#7570 = ORIENTED_EDGE ( 'NONE', *, *, #6521, .T. ) ;
#7571 = CARTESIAN_POINT ( 'NONE',  ( 1.881668468810307582, -0.1100000000000000006, -0.08424999999999954747 ) ) ;
#7572 = CARTESIAN_POINT ( 'NONE',  ( 0.4379674688103074032, 0.0000000000000000000, -0.07855000000000071647 ) ) ;
#7573 = EDGE_CURVE ( 'NONE', #1344, #6123, #5356, .T. ) ;
#7574 = AXIS2_PLACEMENT_3D ( 'NONE', #3520, #2802, #5185 ) ;
#7575 = ORIENTED_EDGE ( 'NONE', *, *, #6145, .T. ) ;
#7576 = DIRECTION ( 'NONE',  ( 0.0000000000000000000, 0.0000000000000000000, 1.000000000000000000 ) ) ;
#7577 = VERTEX_POINT ( 'NONE', #6592 ) ;
#7578 = CARTESIAN_POINT ( 'NONE',  ( 0.1942664688103074300, 0.0000000000000000000, -0.08424999999999957523 ) ) ;
#7579 = VECTOR ( 'NONE', #4154, 39.37007874015748143 ) ;
#7580 = DIRECTION ( 'NONE',  ( -0.0000000000000000000, 1.000000000000000000, -0.0000000000000000000 ) ) ;
#7581 = ORIENTED_EDGE ( 'NONE', *, *, #2320, .F. ) ;
#7582 = ORIENTED_EDGE ( 'NONE', *, *, #5026, .T. ) ;
#7583 = CARTESIAN_POINT ( 'NONE',  ( 0.0000000000000000000, -0.05000000000000000278, 0.0000000000000000000 ) ) ;
#7584 = CIRCLE ( 'NONE', #4188, 0.008999999999998729502 ) ;
#7585 = DIRECTION ( 'NONE',  ( -1.000000000000000000, -0.0000000000000000000, -0.0000000000000000000 ) ) ;
#7586 = CARTESIAN_POINT ( 'NONE',  ( 1.981667468810307531, -0.05000000000000000278, -0.01574999999999985092 ) ) ;
#7587 = FACE_OUTER_BOUND ( 'NONE', #5028, .T. ) ;
#7588 = AXIS2_PLACEMENT_3D ( 'NONE', #309, #4612, #2149 ) ;
#7589 = ADVANCED_FACE ( 'NONE', ( #1870 ), #7805, .F. ) ;
#7590 = CARTESIAN_POINT ( 'NONE',  ( 1.275935937620614746, -0.05000000000000000278, -0.09999999999999989453 ) ) ;
#7591 = CARTESIAN_POINT ( 'NONE',  ( 0.7379674688103073921, 0.0000000000000000000, -0.02144999999999966725 ) ) ;
#7592 = ORIENTED_EDGE ( 'NONE', *, *, #2754, .T. ) ;
#7593 = CARTESIAN_POINT ( 'NONE',  ( 1.837967468810307370, 3.673940397442060153E-19, -0.05000000000000019013 ) ) ;
#7594 = VECTOR ( 'NONE', #931, 39.37007874015748143 ) ;
#7595 = ORIENTED_EDGE ( 'NONE', *, *, #1531, .T. ) ;
#7596 = SURFACE_STYLE_USAGE ( .BOTH. , #6375 ) ;
#7597 = LINE ( 'NONE', #221, #2323 ) ;
#7598 = EDGE_LOOP ( 'NONE', ( #2954, #5602, #2081, #1039 ) ) ;
#7599 = EDGE_CURVE ( 'NONE', #5820, #7367, #4520, .T. ) ;
#7600 = DIRECTION ( 'NONE',  ( 1.000000000000000000, 0.0000000000000000000, -1.355298456929802892E-15 ) ) ;
#7601 = VECTOR ( 'NONE', #5714, 39.37007874015748143 ) ;
#7602 = CYLINDRICAL_SURFACE ( 'NONE', #7517, 0.008999999999997711220 ) ;
#7603 = CARTESIAN_POINT ( 'NONE',  ( 1.437967468810307237, 3.673940397442060153E-19, -0.07855000000000071647 ) ) ;
#7604 = FACE_OUTER_BOUND ( 'NONE', #2482, .T. ) ;
#7605 = ORIENTED_EDGE ( 'NONE', *, *, #4683, .F. ) ;
#7606 = LINE ( 'NONE', #2266, #2664 ) ;
#7607 = PRODUCT_DEFINITION_SHAPE ( 'NONE', 'NONE',  #7844 ) ;
#7608 = EDGE_LOOP ( 'NONE', ( #6219, #7582, #7164, #6208 ) ) ;
#7609 = EDGE_CURVE ( 'NONE', #2439, #2230, #6629, .T. ) ;
#7610 = EDGE_LOOP ( 'NONE', ( #2882, #1556 ) ) ;
#7611 = CARTESIAN_POINT ( 'NONE',  ( 1.837967468810307370, 0.0000000000000000000, -0.07855000000000071647 ) ) ;
#7612 = DIRECTION ( 'NONE',  ( -0.0000000000000000000, 1.000000000000000000, -0.0000000000000000000 ) ) ;
#7613 = ORIENTED_EDGE ( 'NONE', *, *, #5833, .T. ) ;
#7614 = VERTEX_POINT ( 'NONE', #4259 ) ;
#7615 = LINE ( 'NONE', #6475, #2033 ) ;
#7616 = EDGE_CURVE ( 'NONE', #4012, #5983, #6671, .T. ) ;
#7617 = CYLINDRICAL_SURFACE ( 'NONE', #2795, 0.02855000000000052635 ) ;
#7618 = ORIENTED_EDGE ( 'NONE', *, *, #6103, .F. ) ;
#7619 = VERTEX_POINT ( 'NONE', #4728 ) ;
#7620 = CARTESIAN_POINT ( 'NONE',  ( 1.575935937620614791, 0.0000000000000000000, -9.478001694819074349E-34 ) ) ;
#7621 = CARTESIAN_POINT ( 'NONE',  ( 0.1379674688103073310, 3.673940397442060153E-19, -0.02144999999999966031 ) ) ;
#7622 = DIRECTION ( 'NONE',  ( 0.0000000000000000000, 0.0000000000000000000, -1.000000000000000000 ) ) ;
#7623 = ADVANCED_FACE ( 'NONE', ( #2304 ), #823, .T. ) ;
#7624 = CARTESIAN_POINT ( 'NONE',  ( 1.737967468810307281, 3.673940397442060153E-19, -0.05000000000000019013 ) ) ;
#7625 = VERTEX_POINT ( 'NONE', #6548 ) ;
#7626 = DIRECTION ( 'NONE',  ( -0.0000000000000000000, 1.000000000000000000, -0.0000000000000000000 ) ) ;
#7627 = AXIS2_PLACEMENT_3D ( 'NONE', #7207, #3645, #583 ) ;
#7628 = DIRECTION ( 'NONE',  ( 0.9396926207859080948, 0.0000000000000000000, -0.3420201433256695456 ) ) ;
#7629 = EDGE_LOOP ( 'NONE', ( #6307, #4802, #5622, #7102 ) ) ;
#7630 = LINE ( 'NONE', #7671, #1263 ) ;
#7631 = EDGE_LOOP ( 'NONE', ( #1312, #5083, #3498, #6665 ) ) ;
#7632 = EDGE_CURVE ( 'NONE', #4298, #559, #5950, .T. ) ;
#7633 = LINE ( 'NONE', #4720, #6770 ) ;
#7634 = VECTOR ( 'NONE', #6487, 39.37007874015748854 ) ;
#7635 = VECTOR ( 'NONE', #1979, 39.37007874015748143 ) ;
#7636 = ORIENTED_EDGE ( 'NONE', *, *, #298, .T. ) ;
#7637 = DIRECTION ( 'NONE',  ( -0.3420201433256695456, 0.0000000000000000000, -0.9396926207859080948 ) ) ;
#7638 = DIRECTION ( 'NONE',  ( -0.0000000000000000000, 1.000000000000000000, -0.0000000000000000000 ) ) ;
#7639 = DIRECTION ( 'NONE',  ( -0.0000000000000000000, 1.000000000000000000, -0.0000000000000000000 ) ) ;
#7640 = AXIS2_PLACEMENT_3D ( 'NONE', #3873, #5652, #5136 ) ;
#7641 = VECTOR ( 'NONE', #4491, 39.37007874015748143 ) ;
#7642 = FACE_OUTER_BOUND ( 'NONE', #1824, .T. ) ;
#7643 = ORIENTED_EDGE ( 'NONE', *, *, #1881, .T. ) ;
#7644 = EDGE_CURVE ( 'NONE', #3423, #2479, #7216, .T. ) ;
#7645 = DIRECTION ( 'NONE',  ( 0.0000000000000000000, 1.000000000000000000, 0.0000000000000000000 ) ) ;
#7646 = ORIENTED_EDGE ( 'NONE', *, *, #7616, .F. ) ;
#7647 = AXIS2_PLACEMENT_3D ( 'NONE', #7422, #2002, #3824 ) ;
#7648 = AXIS2_PLACEMENT_3D ( 'NONE', #5430, #6395, #4840 ) ;
#7649 = EDGE_LOOP ( 'NONE', ( #6583, #6038 ) ) ;
#7650 = DIRECTION ( 'NONE',  ( -1.000000000000000000, -0.0000000000000000000, -0.0000000000000000000 ) ) ;
#7651 = DIRECTION ( 'NONE',  ( 0.3420201433256638834, 0.0000000000000000000, -0.9396926207859100932 ) ) ;
#7652 = ADVANCED_FACE ( 'NONE', ( #7762 ), #510, .F. ) ;
#7653 = ORIENTED_EDGE ( 'NONE', *, *, #5523, .F. ) ;
#7654 = ITEM_DEFINED_TRANSFORMATION ( 'NONE', 'NONE', #5759,  #5651 ) ;
#7655 = CARTESIAN_POINT ( 'NONE',  ( 0.1759359376206146575, -0.05000000000000000278, -9.478001694819074349E-34 ) ) ;
#7656 = FACE_OUTER_BOUND ( 'NONE', #7325, .T. ) ;
#7657 = ORIENTED_EDGE ( 'NONE', *, *, #2083, .F. ) ;
#7658 = ORIENTED_EDGE ( 'NONE', *, *, #983, .F. ) ;
#7659 = CARTESIAN_POINT ( 'NONE',  ( 0.6759359376206146575, 0.0000000000000000000, -9.478001694819074349E-34 ) ) ;
#7660 = EDGE_CURVE ( 'NONE', #2575, #1483, #315, .T. ) ;
#7661 = DIRECTION ( 'NONE',  ( -0.0000000000000000000, 1.000000000000000000, -0.0000000000000000000 ) ) ;
#7662 = DIRECTION ( 'NONE',  ( -0.0000000000000000000, 1.000000000000000000, -0.0000000000000000000 ) ) ;
#7663 = AXIS2_PLACEMENT_3D ( 'NONE', #2651, #832, #2573 ) ;
#7664 = LINE ( 'NONE', #4669, #4199 ) ;
#7665 = ORIENTED_EDGE ( 'NONE', *, *, #816, .T. ) ;
#7666 = PLANE ( 'NONE',  #3865 ) ;
#7667 = CARTESIAN_POINT ( 'NONE',  ( 1.399999000000000215, -0.05000000000000000278, -0.09999999999999989453 ) ) ;
#7668 = PLANE ( 'NONE',  #1321 ) ;
#7669 = EDGE_LOOP ( 'NONE', ( #4076, #536, #759, #2105 ) ) ;
#7670 = EDGE_CURVE ( 'NONE', #5599, #4897, #3612, .T. ) ;
#7671 = CARTESIAN_POINT ( 'NONE',  ( 0.5942664688103074244, 0.0000000000000000000, -0.01574999999999998623 ) ) ;
#7672 = ORIENTED_EDGE ( 'NONE', *, *, #6023, .T. ) ;
#7673 = FILL_AREA_STYLE_COLOUR ( '', #7152 ) ;
#7674 = DIRECTION ( 'NONE',  ( -0.0000000000000000000, 1.000000000000000000, -0.0000000000000000000 ) ) ;
#7675 = ORIENTED_EDGE ( 'NONE', *, *, #1538, .T. ) ;
#7676 = PLANE ( 'NONE',  #2629 ) ;
#7677 = DIRECTION ( 'NONE',  ( 0.3420201433256695456, 0.0000000000000000000, 0.9396926207859080948 ) ) ;
#7678 = VECTOR ( 'NONE', #2981, 39.37007874015748143 ) ;
#7679 = EDGE_CURVE ( 'NONE', #2704, #4941, #33, .T. ) ;
#7680 = CARTESIAN_POINT ( 'NONE',  ( 1.194266468810307513, -0.05000000000000000278, -0.01574999999999998623 ) ) ;
#7681 = AXIS2_PLACEMENT_3D ( 'NONE', #2392, #5446, #6677 ) ;
#7682 = CARTESIAN_POINT ( 'NONE',  ( 1.481668468810307449, 0.0000000000000000000, -0.08424999999999954747 ) ) ;
#7683 = VERTEX_POINT ( 'NONE', #4413 ) ;
#7684 = FACE_OUTER_BOUND ( 'NONE', #2946, .T. ) ;
#7685 = CARTESIAN_POINT ( 'NONE',  ( 0.9816684688103075596, -0.1100000000000000006, -0.01574999999999998623 ) ) ;
#7686 = AXIS2_PLACEMENT_3D ( 'NONE', #955, #994, #7600 ) ;
#7687 = ORIENTED_EDGE ( 'NONE', *, *, #7632, .T. ) ;
#7688 = DIRECTION ( 'NONE',  ( 0.0000000000000000000, 0.0000000000000000000, 1.000000000000000000 ) ) ;
#7689 = PLANE ( 'NONE',  #3741 ) ;
#7690 = EDGE_CURVE ( 'NONE', #6604, #3542, #6263, .T. ) ;
#7691 = PLANE ( 'NONE',  #198 ) ;
#7692 = AXIS2_PLACEMENT_3D ( 'NONE', #6823, #4535, #3854 ) ;
#7693 = ORIENTED_EDGE ( 'NONE', *, *, #4552, .F. ) ;
#7694 = ORIENTED_EDGE ( 'NONE', *, *, #1561, .F. ) ;
#7695 = CARTESIAN_POINT ( 'NONE',  ( -0.03066449223692698303, -0.05000000000000000278, -0.01574999999999998623 ) ) ;
#7696 = VERTEX_POINT ( 'NONE', #1944 ) ;
#7697 = VERTEX_POINT ( 'NONE', #1390 ) ;
#7698 = CIRCLE ( 'NONE', #4677, 0.02855000000000052288 ) ;
#7699 = EDGE_CURVE ( 'NONE', #749, #2572, #6222, .T. ) ;
#7700 = DIRECTION ( 'NONE',  ( -0.3420201433256663259, 0.0000000000000000000, -0.9396926207859092051 ) ) ;
#7701 = DIRECTION ( 'NONE',  ( -1.000000000000000000, 0.0000000000000000000, -7.776898252968647801E-17 ) ) ;
#7702 = VECTOR ( 'NONE', #58, 39.37007874015748143 ) ;
#7703 = SPHERICAL_SURFACE ( 'NONE', #3459, 0.009000000000000915254 ) ;
#7704 = EDGE_CURVE ( 'NONE', #108, #5748, #1428, .T. ) ;
#7705 = ORIENTED_EDGE ( 'NONE', *, *, #2519, .F. ) ;
#7706 = EDGE_CURVE ( 'NONE', #4351, #7414, #1910, .T. ) ;
#7707 = DIRECTION ( 'NONE',  ( -0.3420201433256663259, 0.0000000000000000000, -0.9396926207859092051 ) ) ;
#7708 = CARTESIAN_POINT ( 'NONE',  ( -0.005732531189692642581, -0.05000000000000000278, -0.01574999999999999664 ) ) ;
#7709 = VECTOR ( 'NONE', #6630, 39.37007874015748143 ) ;
#7710 = DIRECTION ( 'NONE',  ( -1.000000000000000000, 0.0000000000000000000, -7.776898252968647801E-17 ) ) ;
#7711 = VERTEX_POINT ( 'NONE', #220 ) ;
#7712 = DIRECTION ( 'NONE',  ( -1.000000000000000000, 0.0000000000000000000, 1.355298456929802892E-15 ) ) ;
#7713 = VERTEX_POINT ( 'NONE', #5550 ) ;
#7714 =( CONVERSION_BASED_UNIT ( 'INCH', #4760 ) LENGTH_UNIT ( ) NAMED_UNIT ( #4307 ) );
#7715 = CARTESIAN_POINT ( 'NONE',  ( 0.3379674688103073699, -0.05000000000000000278, -0.02144999999999967072 ) ) ;
#7716 = VECTOR ( 'NONE', #3457, 39.37007874015748143 ) ;
#7717 = VERTEX_POINT ( 'NONE', #7329 ) ;
#7718 = EDGE_CURVE ( 'NONE', #5611, #1211, #1349, .T. ) ;
#7719 =( REPRESENTATION_RELATIONSHIP ('NONE','NONE', #1462, #1766 ) REPRESENTATION_RELATIONSHIP_WITH_TRANSFORMATION ( #5917 )SHAPE_REPRESENTATION_RELATIONSHIP( ) );
#7720 = FACE_OUTER_BOUND ( 'NONE', #5737, .T. ) ;
#7721 = CARTESIAN_POINT ( 'NONE',  ( 1.094266468810307424, -0.1100000000000000006, -0.01574999999999998623 ) ) ;
#7722 = CYLINDRICAL_SURFACE ( 'NONE', #3038, 0.02855000000000052635 ) ;
#7723 = VECTOR ( 'NONE', #5443, 39.37007874015748143 ) ;
#7724 = DIRECTION ( 'NONE',  ( 0.3420201433256695456, 0.0000000000000000000, 0.9396926207859080948 ) ) ;
#7725 = VERTEX_POINT ( 'NONE', #1308 ) ;
#7726 = DIRECTION ( 'NONE',  ( -1.000000000000000000, 0.0000000000000000000, 1.355298456929802892E-15 ) ) ;
#7727 = FACE_OUTER_BOUND ( 'NONE', #3816, .T. ) ;
#7728 = DIRECTION ( 'NONE',  ( -1.000000000000000000, 0.0000000000000000000, 1.355298456929802892E-15 ) ) ;
#7729 = ORIENTED_EDGE ( 'NONE', *, *, #5936, .T. ) ;
#7730 = VERTEX_POINT ( 'NONE', #4961 ) ;
#7731 = CARTESIAN_POINT ( 'NONE',  ( 1.381668468810307360, -0.1100000000000000006, -0.01574999999999998623 ) ) ;
#7732 = LINE ( 'NONE', #2312, #7554 ) ;
#7733 = ORIENTED_EDGE ( 'NONE', *, *, #1486, .F. ) ;
#7734 = EDGE_CURVE ( 'NONE', #7219, #5802, #5004, .T. ) ;
#7735 = DIRECTION ( 'NONE',  ( -0.3420201433256694346, -0.0000000000000000000, -0.9396926207859080948 ) ) ;
#7736 = ORIENTED_EDGE ( 'NONE', *, *, #867, .T. ) ;
#7737 = VERTEX_POINT ( 'NONE', #3127 ) ;
#7738 = PRODUCT_DEFINITION_SHAPE ( 'NONE', 'NONE',  #7831 ) ;
#7739 = CARTESIAN_POINT ( 'NONE',  ( 1.637967468810307414, -0.05000000000000000278, -0.05000000000000019013 ) ) ;
#7740 = VERTEX_POINT ( 'NONE', #5665 ) ;
#7741 = DIRECTION ( 'NONE',  ( 1.000000000000000000, 0.0000000000000000000, -1.355298456929802892E-15 ) ) ;
#7742 = EDGE_CURVE ( 'NONE', #5199, #2011, #7793, .T. ) ;
#7743 = CARTESIAN_POINT ( 'NONE',  ( 0.08166846881030741245, -0.05000000000000000278, -0.08424999999999954747 ) ) ;
#7744 = LINE ( 'NONE', #2325, #6969 ) ;
#7745 = EDGE_LOOP ( 'NONE', ( #1296, #4976, #3320, #4057 ) ) ;
#7746 = DIRECTION ( 'NONE',  ( 0.0000000000000000000, 0.0000000000000000000, 1.000000000000000000 ) ) ;
#7747 = DIRECTION ( 'NONE',  ( 1.000000000000000000, 0.0000000000000000000, -0.0000000000000000000 ) ) ;
#7748 = CARTESIAN_POINT ( 'NONE',  ( 1.337967468810307370, 0.0000000000000000000, -0.05000000000000019013 ) ) ;
#7749 = EDGE_LOOP ( 'NONE', ( #5085, #4453, #6789, #7167 ) ) ;
#7750 = CARTESIAN_POINT ( 'NONE',  ( 1.737967468810307281, 3.673940397442060153E-19, -0.07855000000000071647 ) ) ;
#7751 = ORIENTED_EDGE ( 'NONE', *, *, #1262, .F. ) ;
#7752 = CARTESIAN_POINT ( 'NONE',  ( 0.0000000000000000000, 0.0000000000000000000, 0.0000000000000000000 ) ) ;
#7753 = CARTESIAN_POINT ( 'NONE',  ( 0.7759359376206146353, 0.0000000000000000000, -9.478001694819074349E-34 ) ) ;
#7754 = ORIENTED_EDGE ( 'NONE', *, *, #4672, .F. ) ;
#7755 = CARTESIAN_POINT ( 'NONE',  ( 1.737967468810307281, 3.673940397442060153E-19, -0.05000000000000019013 ) ) ;
#7756 = FACE_BOUND ( 'NONE', #6414, .T. ) ;
#7757 = ORIENTED_EDGE ( 'NONE', *, *, #999, .F. ) ;
#7758 = EDGE_CURVE ( 'NONE', #890, #1529, #6110, .T. ) ;
#7759 = CARTESIAN_POINT ( 'NONE',  ( 0.8999990000000001045, -0.05000000000000000278, -0.09999999999999989453 ) ) ;
#7760 = VECTOR ( 'NONE', #4247, 39.37007874015748143 ) ;
#7761 = ORIENTED_EDGE ( 'NONE', *, *, #5621, .F. ) ;
#7762 = FACE_OUTER_BOUND ( 'NONE', #601, .T. ) ;
#7763 = PLANE ( 'NONE',  #746 ) ;
#7764 = CARTESIAN_POINT ( 'NONE',  ( -0.03066449223692707671, -0.05000000000000000278, -0.08424999999999831235 ) ) ;
#7765 = ORIENTED_EDGE ( 'NONE', *, *, #4204, .F. ) ;
#7766 = DIRECTION ( 'NONE',  ( 7.776898252968646568E-17, 0.0000000000000000000, -1.000000000000000000 ) ) ;
#7767 = VECTOR ( 'NONE', #2290, 39.37007874015748143 ) ;
#7768 = DIRECTION ( 'NONE',  ( -1.000000000000000000, 0.0000000000000000000, -0.0000000000000000000 ) ) ;
#7769 = DIRECTION ( 'NONE',  ( -0.9396926207859093161, 0.0000000000000000000, 0.3420201433256663814 ) ) ;
#7770 = VECTOR ( 'NONE', #3238, 39.37007874015748143 ) ;
#7771 = EDGE_CURVE ( 'NONE', #764, #5157, #7397, .T. ) ;
#7772 = VERTEX_POINT ( 'NONE', #6149 ) ;
#7773 = CIRCLE ( 'NONE', #1708, 0.02800000000000000405 ) ;
#7774 = CARTESIAN_POINT ( 'NONE',  ( 0.3999990000000001600, 0.0000000000000000000, -0.09999999999999989453 ) ) ;
#7775 = CIRCLE ( 'NONE', #2695, 0.02855000000000052982 ) ;
#7776 = ORIENTED_EDGE ( 'NONE', *, *, #2193, .F. ) ;
#7777 = ORIENTED_EDGE ( 'NONE', *, *, #6488, .F. ) ;
#7778 = VECTOR ( 'NONE', #1058, 39.37007874015748143 ) ;
#7779 = CARTESIAN_POINT ( 'NONE',  ( 0.09999900000000011557, -0.05000000000000000278, 0.0000000000000000000 ) ) ;
#7780 = EDGE_CURVE ( 'NONE', #569, #7730, #2539, .T. ) ;
#7781 = DIRECTION ( 'NONE',  ( 0.0000000000000000000, 0.0000000000000000000, 1.000000000000000000 ) ) ;
#7782 = ORIENTED_EDGE ( 'NONE', *, *, #6271, .F. ) ;
#7783 = DIRECTION ( 'NONE',  ( -0.0000000000000000000, 1.000000000000000000, -0.0000000000000000000 ) ) ;
#7784 = DIRECTION ( 'NONE',  ( 0.0000000000000000000, 0.0000000000000000000, -1.000000000000000000 ) ) ;
#7785 = LINE ( 'NONE', #7073, #4953 ) ;
#7786 = ORIENTED_EDGE ( 'NONE', *, *, #7704, .F. ) ;
#7787 = PLANE ( 'NONE',  #561 ) ;
#7788 = CARTESIAN_POINT ( 'NONE',  ( 1.975934937620615894, -0.05000000000000000278, -0.09999999999999974187 ) ) ;
#7789 = DIRECTION ( 'NONE',  ( 1.000000000000000000, 0.0000000000000000000, -1.355298456929802892E-15 ) ) ;
#7790 = ADVANCED_FACE ( 'NONE', ( #6780 ), #5626, .F. ) ;
#7791 = EDGE_LOOP ( 'NONE', ( #7820, #6019 ) ) ;
#7792 = CARTESIAN_POINT ( 'NONE',  ( 0.1850000000000032174, 0.0000000000000000000, 0.0000000000000000000 ) ) ;
#7793 = CIRCLE ( 'NONE', #969, 0.008999999999996692937 ) ;
#7794 = ORIENTED_EDGE ( 'NONE', *, *, #7232, .T. ) ;
#7795 = CARTESIAN_POINT ( 'NONE',  ( 0.3379674688103078695, 0.1600000000000031120, -0.05000000000000019013 ) ) ;
#7796 = CARTESIAN_POINT ( 'NONE',  ( -0.03066449223692707671, -0.05000000000000000278, -0.08424999999999871481 ) ) ;
#7797 = ORIENTED_EDGE ( 'NONE', *, *, #5621, .T. ) ;
#7798 = DIRECTION ( 'NONE',  ( -0.0000000000000000000, 1.000000000000000000, -0.0000000000000000000 ) ) ;
#7799 = FACE_BOUND ( 'NONE', #2557, .T. ) ;
#7800 = EDGE_CURVE ( 'NONE', #2937, #6123, #140, .T. ) ;
#7801 = ORIENTED_EDGE ( 'NONE', *, *, #4310, .F. ) ;
#7802 = VECTOR ( 'NONE', #4388, 39.37007874015748143 ) ;
#7803 = DIRECTION ( 'NONE',  ( -0.9396926207859072067, 0.0000000000000000000, -0.3420201433256721546 ) ) ;
#7804 = ORIENTED_EDGE ( 'NONE', *, *, #7023, .T. ) ;
#7805 = PLANE ( 'NONE',  #7415 ) ;
#7806 = CARTESIAN_POINT ( 'NONE',  ( 1.837967468810307370, 0.0000000000000000000, -0.02144999999999966725 ) ) ;
#7807 = CARTESIAN_POINT ( 'NONE',  ( 0.1379674688103073310, -0.05000000000000000278, -0.02144999999999967072 ) ) ;
#7808 = VERTEX_POINT ( 'NONE', #1985 ) ;
#7809 = AXIS2_PLACEMENT_3D ( 'NONE', #1104, #6614, #7747 ) ;
#7810 = ADVANCED_FACE ( 'NONE', ( #708 ), #4339, .T. ) ;
#7811 = DIRECTION ( 'NONE',  ( 0.0000000000000000000, 0.0000000000000000000, 1.000000000000000000 ) ) ;
#7812 = CARTESIAN_POINT ( 'NONE',  ( 1.899999000000000215, -0.1100000000000000006, 0.0000000000000000000 ) ) ;
#7813 = LINE ( 'NONE', #3661, #6422 ) ;
#7814 = ORIENTED_EDGE ( 'NONE', *, *, #5397, .F. ) ;
#7815 = AXIS2_PLACEMENT_3D ( 'NONE', #516, #1757, #7811 ) ;
#7816 = ITEM_DEFINED_TRANSFORMATION ( 'NONE', 'NONE', #2721,  #5651 ) ;
#7817 = DIRECTION ( 'NONE',  ( -0.3420201433256720991, 0.0000000000000000000, 0.9396926207859070956 ) ) ;
#7818 = ORIENTED_EDGE ( 'NONE', *, *, #6401, .F. ) ;
#7819 = EDGE_CURVE ( 'NONE', #267, #2966, #6815, .T. ) ;
#7820 = ORIENTED_EDGE ( 'NONE', *, *, #6391, .F. ) ;
#7821 = EDGE_CURVE ( 'NONE', #2605, #703, #5036, .T. ) ;
#7822 = CIRCLE ( 'NONE', #7440, 0.02855000000000052982 ) ;
#7823 = LINE ( 'NONE', #2989, #4621 ) ;
#7824 = ORIENTED_EDGE ( 'NONE', *, *, #7819, .T. ) ;
#7825 = LINE ( 'NONE', #5532, #5811 ) ;
#7826 = DIRECTION ( 'NONE',  ( -0.3420201433256695456, 0.0000000000000000000, -0.9396926207859080948 ) ) ;
#7827 =( REPRESENTATION_RELATIONSHIP ('NONE','NONE', #1462, #1766 ) REPRESENTATION_RELATIONSHIP_WITH_TRANSFORMATION ( #677 )SHAPE_REPRESENTATION_RELATIONSHIP( ) );
#7828 = VECTOR ( 'NONE', #3125, 39.37007874015748143 ) ;
#7829 = DIRECTION ( 'NONE',  ( -1.000000000000000000, 0.0000000000000000000, -0.0000000000000000000 ) ) ;
#7830 = NEXT_ASSEMBLY_USAGE_OCCURRENCE ( 'NAUO1', ' ', ' ', #2555, #4691, $ ) ;
#7831 = NEXT_ASSEMBLY_USAGE_OCCURRENCE ( 'NAUO2', ' ', ' ', #2555, #3863, $ ) ;
#7832 = NEXT_ASSEMBLY_USAGE_OCCURRENCE ( 'NAUO3', ' ', ' ', #2555, #3863, $ ) ;
#7833 = NEXT_ASSEMBLY_USAGE_OCCURRENCE ( 'NAUO4', ' ', ' ', #2555, #3863, $ ) ;
#7834 = NEXT_ASSEMBLY_USAGE_OCCURRENCE ( 'NAUO5', ' ', ' ', #2555, #3863, $ ) ;
#7835 = NEXT_ASSEMBLY_USAGE_OCCURRENCE ( 'NAUO6', ' ', ' ', #2555, #3863, $ ) ;
#7836 = NEXT_ASSEMBLY_USAGE_OCCURRENCE ( 'NAUO7', ' ', ' ', #2555, #3863, $ ) ;
#7837 = NEXT_ASSEMBLY_USAGE_OCCURRENCE ( 'NAUO8', ' ', ' ', #2555, #3863, $ ) ;
#7838 = NEXT_ASSEMBLY_USAGE_OCCURRENCE ( 'NAUO9', ' ', ' ', #2555, #3863, $ ) ;
#7839 = NEXT_ASSEMBLY_USAGE_OCCURRENCE ( 'NAUO10', ' ', ' ', #2555, #3863, $ ) ;
#7840 = NEXT_ASSEMBLY_USAGE_OCCURRENCE ( 'NAUO11', ' ', ' ', #2555, #3863, $ ) ;
#7841 = NEXT_ASSEMBLY_USAGE_OCCURRENCE ( 'NAUO12', ' ', ' ', #2555, #3863, $ ) ;
#7842 = NEXT_ASSEMBLY_USAGE_OCCURRENCE ( 'NAUO13', ' ', ' ', #2555, #3863, $ ) ;
#7843 = NEXT_ASSEMBLY_USAGE_OCCURRENCE ( 'NAUO14', ' ', ' ', #2555, #3863, $ ) ;
#7844 = NEXT_ASSEMBLY_USAGE_OCCURRENCE ( 'NAUO15', ' ', ' ', #2555, #3863, $ ) ;
#7845 = NEXT_ASSEMBLY_USAGE_OCCURRENCE ( 'NAUO16', ' ', ' ', #2555, #3863, $ ) ;
#7846 = NEXT_ASSEMBLY_USAGE_OCCURRENCE ( 'NAUO17', ' ', ' ', #2555, #3863, $ ) ;
#7847 = NEXT_ASSEMBLY_USAGE_OCCURRENCE ( 'NAUO18', ' ', ' ', #2555, #3863, $ ) ;
#7848 = NEXT_ASSEMBLY_USAGE_OCCURRENCE ( 'NAUO19', ' ', ' ', #2555, #3863, $ ) ;
#7849 = NEXT_ASSEMBLY_USAGE_OCCURRENCE ( 'NAUO20', ' ', ' ', #2555, #3863, $ ) ;
#7850 = NEXT_ASSEMBLY_USAGE_OCCURRENCE ( 'NAUO21', ' ', ' ', #2555, #3863, $ ) ;
ENDSEC;
END-ISO-10303-21;
