#VRML V2.0 utf8
# 3D model generated by easyeda2kicad.py (https://github.com/uPesy/easyeda2kicad.py)

Shape{
    appearance Appearance {
        material  Material 	{
            diffuseColor 1.0 1.0 1.0
            specularColor 0.5019607843137255 0.5019607843137255 0.5019607843137255
            ambientIntensity 0.2
            transparency 0
            shininess 0.5
        }
    }
    geometry IndexedFaceSet {
        ccw TRUE
        solid FALSE
        coord DEF co Coordinate {
            point [
                0.3937 0.0984 0.1535, 0.3937 0.0984 -0.1535, 0.3926 0.1278 0.1535, 0.3926 0.1278 -0.1535, 0.3913 0.1395 0.1535, 0.3913 0.1395 -0.1535, 0.3893 0.1571 0.1535, 0.3893 0.1571 -0.1535, 0.3849 0.1802 0.1535, 0.3849 0.1802 -0.1535, 0.3838 0.186 0.1535, 0.3838 0.186 -0.1535, 0.3762 0.2145 0.1535, 0.3762 0.2145 -0.1535, 0.3743 0.22 0.1535, 0.3743 0.22 -0.1535, 0.3665 0.2423 0.1535, 0.3665 0.2423 -0.1535, 0.3594 0.2585 0.1535, 0.3594 0.2585 -0.1535, 0.3547 0.2692 0.1535, 0.3547 0.2692 -0.1535, 0.341 0.2953 0.1535, 0.341 0.2953 -0.1535, 0.3253 0.3202 0.1535, 0.3253 0.3202 -0.1535, 0.3183 0.3297 0.1535, 0.3183 0.3297 -0.1535, 0.3078 0.3439 0.1535, 0.3078 0.3439 -0.1535, 0.2924 0.3617 0.1535, 0.2924 0.3617 -0.1535, 0.2886 0.3662 0.1535, 0.2886 0.3662 -0.1535, 0.2678 0.387 0.1535, 0.2678 0.387 -0.1535, 0.2633 0.3909 0.1535, 0.2633 0.3909 -0.1535, 0.2455 0.4062 0.1535, 0.2455 0.4062 -0.1535, 0.2313 0.4167 0.1535, 0.2313 0.4167 -0.1535, 0.2218 0.4237 0.1535, 0.2218 0.4237 -0.1535, 0.1969 0.4394 0.1535, 0.1969 0.4394 -0.1535, 0.1708 0.4531 0.1535, 0.1708 0.4531 -0.1535, 0.16 0.4578 0.1535, 0.16 0.4578 -0.1535, 0.1438 0.4649 0.1535, 0.1438 0.4649 -0.1535, 0.1216 0.4727 0.1535, 0.1216 0.4727 -0.1535, 0.116 0.4746 0.1535, 0.116 0.4746 -0.1535, 0.0876 0.4823 0.1535, 0.0876 0.4823 -0.1535, 0.0818 0.4833 0.1535, 0.0818 0.4833 -0.1535, 0.0587 0.4877 0.1535, 0.0587 0.4877 -0.1535, 0.0411 0.4897 0.1535, 0.0411 0.4897 -0.1535, 0.0294 0.491 0.1535, 0.0294 0.491 -0.1535, 0.0 0.4921 0.1535, 0.0 0.4921 -0.1535, -0.0294 0.491 0.1535, -0.0294 0.491 -0.1535, -0.0411 0.4897 0.1535, -0.0411 0.4897 -0.1535, -0.0587 0.4877 0.1535, -0.0587 0.4877 -0.1535, -0.0818 0.4833 0.1535, -0.0818 0.4833 -0.1535, -0.0876 0.4823 0.1535, -0.0876 0.4823 -0.1535, -0.116 0.4746 0.1535, -0.116 0.4746 -0.1535, -0.1216 0.4727 0.1535, -0.1216 0.4727 -0.1535, -0.1438 0.4649 0.1535, -0.1438 0.4649 -0.1535, -0.16 0.4578 0.1535, -0.16 0.4578 -0.1535, -0.1708 0.4531 0.1535, -0.1708 0.4531 -0.1535, -0.1969 0.4394 0.1535, -0.1969 0.4394 -0.1535, -0.2218 0.4237 0.1535, -0.2218 0.4237 -0.1535, -0.2313 0.4167 0.1535, -0.2313 0.4167 -0.1535, -0.2455 0.4062 0.1535, -0.2455 0.4062 -0.1535, -0.2633 0.3909 0.1535, -0.2633 0.3909 -0.1535, -0.2678 0.387 0.1535, -0.2678 0.387 -0.1535, -0.2886 0.3662 0.1535, -0.2886 0.3662 -0.1535, -0.2924 0.3617 0.1535, -0.2924 0.3617 -0.1535, -0.3078 0.3439 0.1535, -0.3078 0.3439 -0.1535, -0.3183 0.3297 0.1535, -0.3183 0.3297 -0.1535, -0.3253 0.3202 0.1535, -0.3253 0.3202 -0.1535, -0.341 0.2953 0.1535, -0.341 0.2953 -0.1535, -0.3547 0.2692 0.1535, -0.3547 0.2692 -0.1535, -0.3594 0.2585 0.1535, -0.3594 0.2585 -0.1535, -0.3665 0.2423 0.1535, -0.3665 0.2423 -0.1535, -0.3743 0.22 0.1535, -0.3743 0.22 -0.1535, -0.3762 0.2145 0.1535, -0.3762 0.2145 -0.1535, -0.3838 0.186 0.1535, -0.3838 0.186 -0.1535, -0.3849 0.1802 0.1535, -0.3849 0.1802 -0.1535, -0.3893 0.1571 0.1535, -0.3893 0.1571 -0.1535, -0.3913 0.1395 0.1535, -0.3913 0.1395 -0.1535, -0.3926 0.1278 0.1535, -0.3926 0.1278 -0.1535, -0.3937 0.0984 0.1535, -0.3937 0.0984 -0.1535, -0.3898 0.0984 0.1575, -0.3898 0.0984 -0.1575, 0.3898 0.0984 0.1575, 0.3898 0.0984 -0.1575, -0.3908 0.0984 0.1573, -0.3936 0.0984 0.1546, -0.3936 0.0984 -0.1546, -0.3932 0.0984 -0.1555, -0.3925 0.0984 -0.1563, -0.3908 0.0984 -0.1573, -0.3917 0.0984 -0.157, 0.3936 0.0984 0.1546, 0.3932 0.0984 0.1555, 0.3908 0.0984 -0.1573, 0.3917 0.0984 -0.157, 0.3925 0.0984 -0.1563, 0.3932 0.0984 -0.1555, 0.3936 0.0984 -0.1546, -0.3917 0.0984 0.157, -0.3925 0.0984 0.1563, -0.3932 0.0984 0.1555, 0.3925 0.0984 0.1563, 0.3917 0.0984 0.157, 0.3908 0.0984 0.1573, -0.3887 0.1276 0.1575, -0.1424 0.4612 0.1575, 0.243 0.4032 0.1575, 0.2196 0.4205 0.1575, 0.1949 0.436 0.1575, 0.3047 0.3414 0.1575, 0.2857 0.3635 0.1575, 0.2651 0.3841 0.1575, 0.1691 0.4496 0.1575, 0.1424 0.4612 0.1575, 0.1149 0.4709 0.1575, 0.0867 0.4784 0.1575, 0.0581 0.4838 0.1575, 0.0291 0.4871 0.1575, 0.0 0.4882 0.1575, -0.0291 0.4871 0.1575, -0.0581 0.4838 0.1575, -0.1949 0.436 0.1575, -0.3375 0.2933 0.1575, -0.1691 0.4496 0.1575, -0.0867 0.4784 0.1575, -0.1149 0.4709 0.1575, -0.3512 0.2675 0.1575, -0.3628 0.2408 0.1575, -0.3724 0.2133 0.1575, 0.3887 0.1276 0.1575, 0.3854 0.1565 0.1575, 0.38 0.1852 0.1575, -0.2196 0.4205 0.1575, -0.243 0.4032 0.1575, -0.2651 0.3841 0.1575, -0.2857 0.3635 0.1575, -0.3047 0.3414 0.1575, -0.322 0.318 0.1575, -0.38 0.1852 0.1575, -0.3854 0.1565 0.1575, 0.3724 0.2133 0.1575, 0.3628 0.2408 0.1575, 0.3512 0.2675 0.1575, 0.3375 0.2933 0.1575, 0.322 0.318 0.1575, 0.3887 0.1276 -0.1575, 0.1949 0.436 -0.1575, 0.2196 0.4205 -0.1575, -0.3887 0.1276 -0.1575, -0.3854 0.1565 -0.1575, -0.1424 0.4612 -0.1575, -0.0867 0.4784 -0.1575, -0.0581 0.4838 -0.1575, -0.0291 0.4871 -0.1575, 0.0 0.4882 -0.1575, 0.0291 0.4871 -0.1575, 0.0581 0.4838 -0.1575, 0.0867 0.4784 -0.1575, 0.1149 0.4709 -0.1575, 0.1424 0.4612 -0.1575, 0.1691 0.4496 -0.1575, 0.243 0.4032 -0.1575, 0.2651 0.3841 -0.1575, 0.2857 0.3635 -0.1575, -0.38 0.1852 -0.1575, -0.3724 0.2133 -0.1575, -0.3628 0.2408 -0.1575, -0.1149 0.4709 -0.1575, -0.1949 0.436 -0.1575, -0.1691 0.4496 -0.1575, -0.3375 0.2933 -0.1575, -0.3512 0.2675 -0.1575, -0.322 0.318 -0.1575, -0.3047 0.3414 -0.1575, -0.2857 0.3635 -0.1575, -0.2651 0.3841 -0.1575, -0.243 0.4032 -0.1575, -0.2196 0.4205 -0.1575, 0.3047 0.3414 -0.1575, 0.322 0.318 -0.1575, 0.3375 0.2933 -0.1575, 0.3512 0.2675 -0.1575, 0.3628 0.2408 -0.1575, 0.3724 0.2133 -0.1575, 0.38 0.1852 -0.1575, 0.3854 0.1565 -0.1575, -0.3892 0.1571 -0.1546, -0.3837 0.186 -0.1546, -0.3664 0.2422 -0.1546, -0.3546 0.2692 -0.1546, -0.3077 0.3438 -0.1546, -0.2885 0.3661 -0.1546, -0.2454 0.4061 -0.1546, -0.2217 0.4236 -0.1546, -0.1438 0.4648 -0.1546, -0.116 0.4745 -0.1546, -0.0587 0.4876 -0.1546, -0.0294 0.4909 -0.1546, 0.0587 0.4876 -0.1546, 0.0876 0.4821 -0.1546, 0.1438 0.4648 -0.1546, 0.1708 0.453 -0.1546, 0.2454 0.4061 -0.1546, 0.2677 0.3869 -0.1546, 0.3077 0.3438 -0.1546, 0.3252 0.3201 -0.1546, 0.3664 0.2422 -0.1546, 0.3761 0.2144 -0.1546, 0.3892 0.1571 -0.1546, 0.3925 0.1278 -0.1546, 0.3897 0.1276 -0.1573, 0.3906 0.1277 -0.157, 0.3915 0.1278 -0.1563, 0.3921 0.1278 -0.1555, 0.3864 0.1567 -0.1573, 0.3874 0.1568 -0.157, 0.3882 0.1569 -0.1563, 0.3888 0.157 -0.1555, 0.3837 0.186 -0.1546, 0.3833 0.1859 -0.1555, 0.3827 0.1858 -0.1563, 0.3819 0.1856 -0.157, 0.381 0.1854 -0.1573, 0.3734 0.2136 -0.1573, 0.3743 0.2139 -0.157, 0.3751 0.2141 -0.1563, 0.3757 0.2143 -0.1555, 0.3638 0.2412 -0.1573, 0.3647 0.2415 -0.157, 0.3654 0.2418 -0.1563, 0.366 0.2421 -0.1555, 0.3546 0.2692 -0.1546, 0.3542 0.269 -0.1555, 0.3537 0.2687 -0.1563, 0.3529 0.2684 -0.157, 0.3521 0.268 -0.1573, 0.3384 0.2938 -0.1573, 0.3392 0.2943 -0.157, 0.34 0.2947 -0.1563, 0.3405 0.295 -0.1555, 0.3408 0.2952 -0.1546, 0.3229 0.3186 -0.1573, 0.3237 0.3191 -0.157, 0.3243 0.3196 -0.1563, 0.3249 0.3199 -0.1555, 0.3055 0.3421 -0.1573, 0.3063 0.3427 -0.157, 0.3069 0.3432 -0.1563, 0.3074 0.3436 -0.1555, 0.2885 0.3661 -0.1546, 0.2882 0.3659 -0.1555, 0.2878 0.3654 -0.1563, 0.2872 0.3649 -0.157, 0.2865 0.3642 -0.1573, 0.2658 0.3849 -0.1573, 0.2664 0.3856 -0.157, 0.267 0.3862 -0.1563, 0.2674 0.3866 -0.1555, 0.2436 0.404 -0.1573, 0.2442 0.4047 -0.157, 0.2447 0.4053 -0.1563, 0.2451 0.4058 -0.1555, 0.2217 0.4236 -0.1546, 0.2215 0.4233 -0.1555, 0.2211 0.4228 -0.1563, 0.2207 0.4221 -0.157, 0.2201 0.4213 -0.1573, 0.1954 0.4369 -0.1573, 0.1959 0.4377 -0.157, 0.1963 0.4384 -0.1563, 0.1966 0.4389 -0.1555, 0.1968 0.4393 -0.1546, 0.1696 0.4505 -0.1573, 0.17 0.4514 -0.157, 0.1703 0.4521 -0.1563, 0.1706 0.4527 -0.1555, 0.1428 0.4622 -0.1573, 0.1431 0.4631 -0.157, 0.1434 0.4638 -0.1563, 0.1436 0.4644 -0.1555, 0.116 0.4745 -0.1546, 0.1159 0.4741 -0.1555, 0.1157 0.4735 -0.1563, 0.1155 0.4728 -0.157, 0.1152 0.4718 -0.1573, 0.087 0.4794 -0.1573, 0.0872 0.4803 -0.157, 0.0873 0.4811 -0.1563, 0.0875 0.4817 -0.1555, 0.0582 0.4848 -0.1573, 0.0584 0.4858 -0.157, 0.0585 0.4866 -0.1563, 0.0586 0.4872 -0.1555, 0.0294 0.4909 -0.1546, 0.0294 0.4905 -0.1555, 0.0293 0.4899 -0.1563, 0.0293 0.4891 -0.157, 0.0292 0.4881 -0.1573, 0.0 0.4892 -0.1573, 0.0 0.4902 -0.157, 0.0 0.491 -0.1563, 0.0 0.4916 -0.1555, 0.0 0.492 -0.1546, -0.0292 0.4881 -0.1573, -0.0293 0.4891 -0.157, -0.0293 0.4899 -0.1563, -0.0294 0.4905 -0.1555, -0.0582 0.4848 -0.1573, -0.0584 0.4858 -0.157, -0.0585 0.4866 -0.1563, -0.0586 0.4872 -0.1555, -0.0876 0.4821 -0.1546, -0.0875 0.4817 -0.1555, -0.0873 0.4811 -0.1563, -0.0872 0.4803 -0.157, -0.087 0.4794 -0.1573, -0.1152 0.4718 -0.1573, -0.1155 0.4728 -0.157, -0.1157 0.4735 -0.1563, -0.1159 0.4741 -0.1555, -0.1428 0.4622 -0.1573, -0.1431 0.4631 -0.157, -0.1434 0.4638 -0.1563, -0.1436 0.4644 -0.1555, -0.1708 0.453 -0.1546, -0.1706 0.4527 -0.1555, -0.1703 0.4521 -0.1563, -0.17 0.4514 -0.157, -0.1696 0.4505 -0.1573, -0.1954 0.4369 -0.1573, -0.1959 0.4377 -0.157, -0.1963 0.4384 -0.1563, -0.1966 0.4389 -0.1555, -0.1968 0.4393 -0.1546, -0.2201 0.4213 -0.1573, -0.2207 0.4221 -0.157, -0.2211 0.4228 -0.1563, -0.2215 0.4233 -0.1555, -0.2436 0.404 -0.1573, -0.2442 0.4047 -0.157, -0.2447 0.4053 -0.1563, -0.2451 0.4058 -0.1555, -0.2677 0.3869 -0.1546, -0.2674 0.3866 -0.1555, -0.267 0.3862 -0.1563, -0.2664 0.3856 -0.157, -0.2658 0.3849 -0.1573, -0.2865 0.3642 -0.1573, -0.2872 0.3649 -0.157, -0.2878 0.3654 -0.1563, -0.2882 0.3659 -0.1555, -0.3055 0.3421 -0.1573, -0.3063 0.3427 -0.157, -0.3069 0.3432 -0.1563, -0.3074 0.3436 -0.1555, -0.3252 0.3201 -0.1546, -0.3249 0.3199 -0.1555, -0.3243 0.3196 -0.1563, -0.3237 0.3191 -0.157, -0.3229 0.3186 -0.1573, -0.3384 0.2938 -0.1573, -0.3392 0.2943 -0.157, -0.34 0.2947 -0.1563, -0.3405 0.295 -0.1555, -0.3408 0.2952 -0.1546, -0.3521 0.268 -0.1573, -0.3529 0.2684 -0.157, -0.3537 0.2687 -0.1563, -0.3542 0.269 -0.1555, -0.3638 0.2412 -0.1573, -0.3647 0.2415 -0.157, -0.3654 0.2418 -0.1563, -0.366 0.2421 -0.1555, -0.3761 0.2144 -0.1546, -0.3757 0.2143 -0.1555, -0.3751 0.2141 -0.1563, -0.3743 0.2139 -0.157, -0.3734 0.2136 -0.1573, -0.381 0.1854 -0.1573, -0.3819 0.1856 -0.157, -0.3827 0.1858 -0.1563, -0.3833 0.1859 -0.1555, -0.3864 0.1567 -0.1573, -0.3874 0.1568 -0.157, -0.3882 0.1569 -0.1563, -0.3888 0.157 -0.1555, -0.3925 0.1278 -0.1546, -0.3921 0.1278 -0.1555, -0.3915 0.1278 -0.1563, -0.3906 0.1277 -0.157, -0.3897 0.1276 -0.1573, 0.3897 0.1276 0.1573, 0.3906 0.1277 0.157, 0.3915 0.1278 0.1563, 0.3921 0.1278 0.1555, 0.3925 0.1278 0.1546, 0.3837 0.186 0.1546, 0.3892 0.1571 0.1546, 0.3546 0.2692 0.1546, 0.3664 0.2422 0.1546, 0.3761 0.2144 0.1546, 0.2885 0.3661 0.1546, 0.3077 0.3438 0.1546, 0.3408 0.2952 0.1546, 0.3252 0.3201 0.1546, 0.2217 0.4236 0.1546, 0.2454 0.4061 0.1546, 0.2677 0.3869 0.1546, 0.116 0.4745 0.1546, 0.1438 0.4648 0.1546, 0.1968 0.4393 0.1546, 0.1708 0.453 0.1546, 0.0294 0.4909 0.1546, 0.0587 0.4876 0.1546, 0.0876 0.4821 0.1546, -0.0876 0.4821 0.1546, -0.0587 0.4876 0.1546, 0.0 0.492 0.1546, -0.0294 0.4909 0.1546, -0.1708 0.453 0.1546, -0.1438 0.4648 0.1546, -0.116 0.4745 0.1546, -0.2677 0.3869 0.1546, -0.2454 0.4061 0.1546, -0.1968 0.4393 0.1546, -0.2217 0.4236 0.1546, -0.3252 0.3201 0.1546, -0.3077 0.3438 0.1546, -0.2885 0.3661 0.1546, -0.3761 0.2144 0.1546, -0.3664 0.2422 0.1546, -0.3408 0.2952 0.1546, -0.3546 0.2692 0.1546, -0.3925 0.1278 0.1546, -0.3892 0.1571 0.1546, -0.3837 0.186 0.1546, 0.3888 0.157 0.1555, 0.3833 0.1859 0.1555, 0.3757 0.2143 0.1555, 0.366 0.2421 0.1555, 0.3542 0.269 0.1555, 0.3405 0.295 0.1555, 0.3249 0.3199 0.1555, 0.3074 0.3436 0.1555, 0.2882 0.3659 0.1555, 0.2674 0.3866 0.1555, 0.2451 0.4058 0.1555, 0.2215 0.4233 0.1555, 0.1966 0.4389 0.1555, 0.1706 0.4527 0.1555, 0.1436 0.4644 0.1555, 0.1159 0.4741 0.1555, 0.0875 0.4817 0.1555, 0.0586 0.4872 0.1555, 0.0294 0.4905 0.1555, 0.0 0.4916 0.1555, -0.0294 0.4905 0.1555, -0.0586 0.4872 0.1555, -0.0875 0.4817 0.1555, -0.1159 0.4741 0.1555, -0.1436 0.4644 0.1555, -0.1706 0.4527 0.1555, -0.1966 0.4389 0.1555, -0.2215 0.4233 0.1555, -0.2451 0.4058 0.1555, -0.2674 0.3866 0.1555, -0.2882 0.3659 0.1555, -0.3074 0.3436 0.1555, -0.3249 0.3199 0.1555, -0.3405 0.295 0.1555, -0.3542 0.269 0.1555, -0.366 0.2421 0.1555, -0.3757 0.2143 0.1555, -0.3833 0.1859 0.1555, -0.3888 0.157 0.1555, -0.3921 0.1278 0.1555, 0.3882 0.1569 0.1563, 0.3827 0.1858 0.1563, 0.3751 0.2141 0.1563, 0.3654 0.2418 0.1563, 0.3537 0.2687 0.1563, 0.34 0.2947 0.1563, 0.3243 0.3196 0.1563, 0.3069 0.3432 0.1563, 0.2878 0.3654 0.1563, 0.267 0.3862 0.1563, 0.2447 0.4053 0.1563, 0.2211 0.4228 0.1563, 0.1963 0.4384 0.1563, 0.1703 0.4521 0.1563, 0.1434 0.4638 0.1563, 0.1157 0.4735 0.1563, 0.0873 0.4811 0.1563, 0.0585 0.4866 0.1563, 0.0293 0.4899 0.1563, 0.0 0.491 0.1563, -0.0293 0.4899 0.1563, -0.0585 0.4866 0.1563, -0.0873 0.4811 0.1563, -0.1157 0.4735 0.1563, -0.1434 0.4638 0.1563, -0.1703 0.4521 0.1563, -0.1963 0.4384 0.1563, -0.2211 0.4228 0.1563, -0.2447 0.4053 0.1563, -0.267 0.3862 0.1563, -0.2878 0.3654 0.1563, -0.3069 0.3432 0.1563, -0.3243 0.3196 0.1563, -0.34 0.2947 0.1563, -0.3537 0.2687 0.1563, -0.3654 0.2418 0.1563, -0.3751 0.2141 0.1563, -0.3827 0.1858 0.1563, -0.3882 0.1569 0.1563, -0.3915 0.1278 0.1563, 0.3874 0.1568 0.157, 0.3819 0.1856 0.157, 0.3743 0.2139 0.157, 0.3647 0.2415 0.157, 0.3529 0.2684 0.157, 0.3392 0.2943 0.157, 0.3237 0.3191 0.157, 0.3063 0.3427 0.157, 0.2872 0.3649 0.157, 0.2664 0.3856 0.157, 0.2442 0.4047 0.157, 0.2207 0.4221 0.157, 0.1959 0.4377 0.157, 0.17 0.4514 0.157, 0.1431 0.4631 0.157, 0.1155 0.4728 0.157, 0.0872 0.4803 0.157, 0.0584 0.4858 0.157, 0.0293 0.4891 0.157, 0.0 0.4902 0.157, -0.0293 0.4891 0.157, -0.0584 0.4858 0.157, -0.0872 0.4803 0.157, -0.1155 0.4728 0.157, -0.1431 0.4631 0.157, -0.17 0.4514 0.157, -0.1959 0.4377 0.157, -0.2207 0.4221 0.157, -0.2442 0.4047 0.157, -0.2664 0.3856 0.157, -0.2872 0.3649 0.157, -0.3063 0.3427 0.157, -0.3237 0.3191 0.157, -0.3392 0.2943 0.157, -0.3529 0.2684 0.157, -0.3647 0.2415 0.157, -0.3743 0.2139 0.157, -0.3819 0.1856 0.157, -0.3874 0.1568 0.157, -0.3906 0.1277 0.157, 0.3864 0.1567 0.1573, 0.381 0.1854 0.1573, 0.3734 0.2136 0.1573, 0.3638 0.2412 0.1573, 0.3521 0.268 0.1573, 0.3384 0.2938 0.1573, 0.3229 0.3186 0.1573, 0.3055 0.3421 0.1573, 0.2865 0.3642 0.1573, 0.2658 0.3849 0.1573, 0.2436 0.404 0.1573, 0.2201 0.4213 0.1573, 0.1954 0.4369 0.1573, 0.1696 0.4505 0.1573, 0.1428 0.4622 0.1573, 0.1152 0.4718 0.1573, 0.087 0.4794 0.1573, 0.0582 0.4848 0.1573, 0.0292 0.4881 0.1573, 0.0 0.4892 0.1573, -0.0292 0.4881 0.1573, -0.0582 0.4848 0.1573, -0.087 0.4794 0.1573, -0.1152 0.4718 0.1573, -0.1428 0.4622 0.1573, -0.1696 0.4505 0.1573, -0.1954 0.4369 0.1573, -0.2201 0.4213 0.1573, -0.2436 0.404 0.1573, -0.2658 0.3849 0.1573, -0.2865 0.3642 0.1573, -0.3055 0.3421 0.1573, -0.3229 0.3186 0.1573, -0.3384 0.2938 0.1573, -0.3521 0.268 0.1573, -0.3638 0.2412 0.1573, -0.3734 0.2136 0.1573, -0.381 0.1854 0.1573, -0.3864 0.1567 0.1573, -0.3897 0.1276 0.1573, 0.6299 -0.0984 0.0952, 0.6299 -0.0984 -0.0952, 0.6299 0.0984 0.0952, 0.6299 0.0984 -0.0952, 0.6071 0.0984 0.1093, 0.5483 0.0984 0.1969, 0.5571 0.0984 0.1715, -0.5483 0.0984 0.1969, 0.5701 0.0984 0.148, 0.5869 0.0984 -0.1271, 0.5869 0.0984 0.1271, 0.6071 0.0984 -0.1093, 0.5483 0.0984 -0.1969, -0.5483 0.0984 -0.1969, 0.5571 0.0984 -0.1715, -0.5571 0.0984 -0.1715, -0.5701 0.0984 -0.148, 0.5701 0.0984 -0.148, -0.5571 0.0984 0.1715, -0.5701 0.0984 0.148, -0.6071 0.0984 0.1093, -0.5869 0.0984 0.1271, -0.6299 0.0984 -0.0952, -0.6299 0.0984 0.0952, -0.6071 0.0984 -0.1093, -0.5869 0.0984 -0.1271, -0.6299 -0.0984 0.0952, -0.6299 -0.0984 -0.0952, 0.5571 -0.0984 0.1715, 0.5483 -0.0984 0.1969, -0.5483 -0.0984 0.1969, 0.5701 -0.0984 -0.148, 0.5869 -0.0984 -0.1271, -0.5869 -0.0984 -0.1271, -0.5701 -0.0984 -0.148, -0.6071 -0.0984 0.1093, -0.5571 -0.0984 0.1715, 0.5483 -0.0984 -0.1969, 0.5571 -0.0984 -0.1715, -0.5701 -0.0984 0.148, -0.5869 -0.0984 0.1271, -0.5483 -0.0984 -0.1969, -0.5571 -0.0984 -0.1715, 0.6071 -0.0984 -0.1093, 0.6071 -0.0984 0.1093, 0.5869 -0.0984 0.1271, 0.5701 -0.0984 0.148, -0.6071 -0.0984 -0.1093, -0.6071 -0.0984 -0.1093
            ]
        }
        coordIndex [
            0,1,2,-1,2,1,3,-1,2,3,4,-1,4,3,5,-1,4,5,6,-1,6,5,7,-1,6,7,8,-1,8,7,9,-1,8,9,10,-1,10,9,11,-1,10,11,12,-1,12,11,13,-1,12,13,14,-1,14,13,15,-1,14,15,16,-1,16,15,17,-1,16,17,18,-1,18,17,19,-1,18,19,20,-1,20,19,21,-1,20,21,22,-1,22,21,23,-1,22,23,24,-1,24,23,25,-1,24,25,26,-1,26,25,27,-1,26,27,28,-1,28,27,29,-1,28,29,30,-1,30,29,31,-1,30,31,32,-1,32,31,33,-1,32,33,34,-1,34,33,35,-1,34,35,36,-1,36,35,37,-1,36,37,38,-1,38,37,39,-1,38,39,40,-1,40,39,41,-1,40,41,42,-1,42,41,43,-1,42,43,44,-1,44,43,45,-1,44,45,46,-1,46,45,47,-1,46,47,48,-1,48,47,49,-1,48,49,50,-1,50,49,51,-1,50,51,52,-1,52,51,53,-1,52,53,54,-1,54,53,55,-1,54,55,56,-1,56,55,57,-1,56,57,58,-1,58,57,59,-1,58,59,60,-1,60,59,61,-1,60,61,62,-1,62,61,63,-1,62,63,64,-1,64,63,65,-1,64,65,66,-1,66,65,67,-1,66,67,68,-1,68,67,69,-1,68,69,70,-1,70,69,71,-1,70,71,72,-1,72,71,73,-1,72,73,74,-1,74,73,75,-1,74,75,76,-1,76,75,77,-1,76,77,78,-1,78,77,79,-1,78,79,80,-1,80,79,81,-1,80,81,82,-1,82,81,83,-1,82,83,84,-1,84,83,85,-1,84,85,86,-1,86,85,87,-1,86,87,88,-1,88,87,89,-1,88,89,90,-1,90,89,91,-1,90,91,92,-1,92,91,93,-1,92,93,94,-1,94,93,95,-1,94,95,96,-1,96,95,97,-1,96,97,98,-1,98,97,99,-1,98,99,100,-1,100,99,101,-1,100,101,102,-1,102,101,103,-1,102,103,104,-1,104,103,105,-1,104,105,106,-1,106,105,107,-1,106,107,108,-1,108,107,109,-1,108,109,110,-1,110,109,111,-1,110,111,112,-1,112,111,113,-1,112,113,114,-1,114,113,115,-1,114,115,116,-1,116,115,117,-1,116,117,118,-1,118,117,119,-1,118,119,120,-1,120,119,121,-1,120,121,122,-1,122,121,123,-1,122,123,124,-1,124,123,125,-1,124,125,126,-1,126,125,127,-1,126,127,128,-1,128,127,129,-1,128,129,130,-1,130,129,131,-1,130,131,132,-1,132,131,133,-1,134,135,136,-1,136,135,137,-1,138,139,134,-1,134,139,132,-1,134,132,135,-1,135,132,133,-1,135,133,140,-1,140,141,135,-1,135,141,142,-1,135,142,143,-1,143,142,144,-1,145,146,136,-1,147,148,137,-1,137,148,149,-1,137,149,150,-1,150,151,137,-1,137,151,1,-1,137,1,136,-1,136,1,0,-1,136,0,145,-1,152,153,138,-1,138,153,154,-1,138,154,139,-1,155,156,146,-1,146,156,157,-1,146,157,136,-1,158,134,159,-1,160,161,134,-1,134,161,162,-1,163,164,134,-1,134,164,165,-1,134,165,160,-1,162,166,134,-1,134,166,167,-1,134,167,168,-1,168,169,134,-1,134,169,170,-1,134,170,171,-1,171,172,134,-1,134,172,173,-1,134,173,174,-1,175,176,177,-1,177,176,159,-1,174,178,134,-1,134,178,179,-1,134,179,159,-1,176,180,159,-1,159,180,181,-1,159,181,182,-1,136,183,134,-1,134,183,184,-1,134,184,185,-1,175,186,176,-1,176,186,187,-1,176,187,188,-1,188,189,176,-1,176,189,190,-1,176,190,191,-1,182,192,159,-1,159,192,193,-1,159,193,158,-1,185,194,134,-1,134,194,195,-1,134,195,196,-1,196,197,134,-1,134,197,198,-1,134,198,163,-1,199,137,135,-1,200,201,135,-1,202,203,204,-1,205,206,135,-1,206,207,135,-1,135,207,208,-1,135,208,209,-1,209,210,135,-1,135,210,211,-1,135,211,212,-1,212,213,135,-1,135,213,214,-1,135,214,200,-1,201,215,135,-1,135,215,216,-1,135,216,217,-1,203,218,204,-1,204,218,219,-1,204,219,220,-1,202,204,135,-1,135,204,221,-1,135,221,205,-1,222,223,224,-1,224,223,204,-1,224,204,225,-1,225,204,220,-1,226,227,224,-1,224,227,228,-1,224,228,229,-1,229,230,224,-1,224,230,231,-1,224,231,222,-1,217,232,135,-1,135,232,233,-1,135,233,234,-1,234,235,135,-1,135,235,236,-1,135,236,237,-1,237,238,135,-1,135,238,239,-1,135,239,199,-1,129,127,240,-1,125,123,241,-1,119,117,242,-1,115,113,243,-1,107,105,244,-1,103,101,245,-1,97,95,246,-1,93,91,247,-1,85,83,248,-1,81,79,249,-1,75,73,250,-1,71,69,251,-1,63,61,252,-1,59,57,253,-1,53,51,254,-1,49,47,255,-1,41,39,256,-1,37,35,257,-1,31,29,258,-1,27,25,259,-1,19,17,260,-1,15,13,261,-1,9,7,262,-1,5,3,263,-1,137,199,147,-1,147,199,264,-1,147,264,148,-1,148,264,265,-1,148,265,149,-1,149,265,266,-1,149,266,150,-1,150,266,267,-1,150,267,151,-1,151,267,263,-1,151,263,1,-1,1,263,3,-1,199,239,264,-1,264,239,268,-1,264,268,265,-1,265,268,269,-1,265,269,266,-1,266,269,270,-1,266,270,267,-1,267,270,271,-1,267,271,263,-1,263,271,262,-1,263,262,5,-1,5,262,7,-1,11,9,272,-1,272,9,262,-1,272,262,273,-1,273,262,271,-1,273,271,274,-1,274,271,270,-1,274,270,275,-1,275,270,269,-1,275,269,276,-1,276,269,268,-1,276,268,238,-1,238,268,239,-1,238,237,276,-1,276,237,277,-1,276,277,275,-1,275,277,278,-1,275,278,274,-1,274,278,279,-1,274,279,273,-1,273,279,280,-1,273,280,272,-1,272,280,261,-1,272,261,11,-1,11,261,13,-1,237,236,277,-1,277,236,281,-1,277,281,278,-1,278,281,282,-1,278,282,279,-1,279,282,283,-1,279,283,280,-1,280,283,284,-1,280,284,261,-1,261,284,260,-1,261,260,15,-1,15,260,17,-1,21,19,285,-1,285,19,260,-1,285,260,286,-1,286,260,284,-1,286,284,287,-1,287,284,283,-1,287,283,288,-1,288,283,282,-1,288,282,289,-1,289,282,281,-1,289,281,235,-1,235,281,236,-1,235,234,289,-1,289,234,290,-1,289,290,288,-1,288,290,291,-1,288,291,287,-1,287,291,292,-1,287,292,286,-1,286,292,293,-1,286,293,285,-1,285,293,294,-1,285,294,21,-1,21,294,23,-1,234,233,290,-1,290,233,295,-1,290,295,291,-1,291,295,296,-1,291,296,292,-1,292,296,297,-1,292,297,293,-1,293,297,298,-1,293,298,294,-1,294,298,259,-1,294,259,23,-1,23,259,25,-1,233,232,295,-1,295,232,299,-1,295,299,296,-1,296,299,300,-1,296,300,297,-1,297,300,301,-1,297,301,298,-1,298,301,302,-1,298,302,259,-1,259,302,258,-1,259,258,27,-1,27,258,29,-1,33,31,303,-1,303,31,258,-1,303,258,304,-1,304,258,302,-1,304,302,305,-1,305,302,301,-1,305,301,306,-1,306,301,300,-1,306,300,307,-1,307,300,299,-1,307,299,217,-1,217,299,232,-1,217,216,307,-1,307,216,308,-1,307,308,306,-1,306,308,309,-1,306,309,305,-1,305,309,310,-1,305,310,304,-1,304,310,311,-1,304,311,303,-1,303,311,257,-1,303,257,33,-1,33,257,35,-1,216,215,308,-1,308,215,312,-1,308,312,309,-1,309,312,313,-1,309,313,310,-1,310,313,314,-1,310,314,311,-1,311,314,315,-1,311,315,257,-1,257,315,256,-1,257,256,37,-1,37,256,39,-1,43,41,316,-1,316,41,256,-1,316,256,317,-1,317,256,315,-1,317,315,318,-1,318,315,314,-1,318,314,319,-1,319,314,313,-1,319,313,320,-1,320,313,312,-1,320,312,201,-1,201,312,215,-1,201,200,320,-1,320,200,321,-1,320,321,319,-1,319,321,322,-1,319,322,318,-1,318,322,323,-1,318,323,317,-1,317,323,324,-1,317,324,316,-1,316,324,325,-1,316,325,43,-1,43,325,45,-1,200,214,321,-1,321,214,326,-1,321,326,322,-1,322,326,327,-1,322,327,323,-1,323,327,328,-1,323,328,324,-1,324,328,329,-1,324,329,325,-1,325,329,255,-1,325,255,45,-1,45,255,47,-1,214,213,326,-1,326,213,330,-1,326,330,327,-1,327,330,331,-1,327,331,328,-1,328,331,332,-1,328,332,329,-1,329,332,333,-1,329,333,255,-1,255,333,254,-1,255,254,49,-1,49,254,51,-1,55,53,334,-1,334,53,254,-1,334,254,335,-1,335,254,333,-1,335,333,336,-1,336,333,332,-1,336,332,337,-1,337,332,331,-1,337,331,338,-1,338,331,330,-1,338,330,212,-1,212,330,213,-1,212,211,338,-1,338,211,339,-1,338,339,337,-1,337,339,340,-1,337,340,336,-1,336,340,341,-1,336,341,335,-1,335,341,342,-1,335,342,334,-1,334,342,253,-1,334,253,55,-1,55,253,57,-1,211,210,339,-1,339,210,343,-1,339,343,340,-1,340,343,344,-1,340,344,341,-1,341,344,345,-1,341,345,342,-1,342,345,346,-1,342,346,253,-1,253,346,252,-1,253,252,59,-1,59,252,61,-1,65,63,347,-1,347,63,252,-1,347,252,348,-1,348,252,346,-1,348,346,349,-1,349,346,345,-1,349,345,350,-1,350,345,344,-1,350,344,351,-1,351,344,343,-1,351,343,209,-1,209,343,210,-1,209,208,351,-1,351,208,352,-1,351,352,350,-1,350,352,353,-1,350,353,349,-1,349,353,354,-1,349,354,348,-1,348,354,355,-1,348,355,347,-1,347,355,356,-1,347,356,65,-1,65,356,67,-1,208,207,352,-1,352,207,357,-1,352,357,353,-1,353,357,358,-1,353,358,354,-1,354,358,359,-1,354,359,355,-1,355,359,360,-1,355,360,356,-1,356,360,251,-1,356,251,67,-1,67,251,69,-1,207,206,357,-1,357,206,361,-1,357,361,358,-1,358,361,362,-1,358,362,359,-1,359,362,363,-1,359,363,360,-1,360,363,364,-1,360,364,251,-1,251,364,250,-1,251,250,71,-1,71,250,73,-1,77,75,365,-1,365,75,250,-1,365,250,366,-1,366,250,364,-1,366,364,367,-1,367,364,363,-1,367,363,368,-1,368,363,362,-1,368,362,369,-1,369,362,361,-1,369,361,205,-1,205,361,206,-1,205,221,369,-1,369,221,370,-1,369,370,368,-1,368,370,371,-1,368,371,367,-1,367,371,372,-1,367,372,366,-1,366,372,373,-1,366,373,365,-1,365,373,249,-1,365,249,77,-1,77,249,79,-1,221,204,370,-1,370,204,374,-1,370,374,371,-1,371,374,375,-1,371,375,372,-1,372,375,376,-1,372,376,373,-1,373,376,377,-1,373,377,249,-1,249,377,248,-1,249,248,81,-1,81,248,83,-1,87,85,378,-1,378,85,248,-1,378,248,379,-1,379,248,377,-1,379,377,380,-1,380,377,376,-1,380,376,381,-1,381,376,375,-1,381,375,382,-1,382,375,374,-1,382,374,223,-1,223,374,204,-1,223,222,382,-1,382,222,383,-1,382,383,381,-1,381,383,384,-1,381,384,380,-1,380,384,385,-1,380,385,379,-1,379,385,386,-1,379,386,378,-1,378,386,387,-1,378,387,87,-1,87,387,89,-1,222,231,383,-1,383,231,388,-1,383,388,384,-1,384,388,389,-1,384,389,385,-1,385,389,390,-1,385,390,386,-1,386,390,391,-1,386,391,387,-1,387,391,247,-1,387,247,89,-1,89,247,91,-1,231,230,388,-1,388,230,392,-1,388,392,389,-1,389,392,393,-1,389,393,390,-1,390,393,394,-1,390,394,391,-1,391,394,395,-1,391,395,247,-1,247,395,246,-1,247,246,93,-1,93,246,95,-1,99,97,396,-1,396,97,246,-1,396,246,397,-1,397,246,395,-1,397,395,398,-1,398,395,394,-1,398,394,399,-1,399,394,393,-1,399,393,400,-1,400,393,392,-1,400,392,229,-1,229,392,230,-1,229,228,400,-1,400,228,401,-1,400,401,399,-1,399,401,402,-1,399,402,398,-1,398,402,403,-1,398,403,397,-1,397,403,404,-1,397,404,396,-1,396,404,245,-1,396,245,99,-1,99,245,101,-1,228,227,401,-1,401,227,405,-1,401,405,402,-1,402,405,406,-1,402,406,403,-1,403,406,407,-1,403,407,404,-1,404,407,408,-1,404,408,245,-1,245,408,244,-1,245,244,103,-1,103,244,105,-1,109,107,409,-1,409,107,244,-1,409,244,410,-1,410,244,408,-1,410,408,411,-1,411,408,407,-1,411,407,412,-1,412,407,406,-1,412,406,413,-1,413,406,405,-1,413,405,226,-1,226,405,227,-1,226,224,413,-1,413,224,414,-1,413,414,412,-1,412,414,415,-1,412,415,411,-1,411,415,416,-1,411,416,410,-1,410,416,417,-1,410,417,409,-1,409,417,418,-1,409,418,109,-1,109,418,111,-1,224,225,414,-1,414,225,419,-1,414,419,415,-1,415,419,420,-1,415,420,416,-1,416,420,421,-1,416,421,417,-1,417,421,422,-1,417,422,418,-1,418,422,243,-1,418,243,111,-1,111,243,113,-1,225,220,419,-1,419,220,423,-1,419,423,420,-1,420,423,424,-1,420,424,421,-1,421,424,425,-1,421,425,422,-1,422,425,426,-1,422,426,243,-1,243,426,242,-1,243,242,115,-1,115,242,117,-1,121,119,427,-1,427,119,242,-1,427,242,428,-1,428,242,426,-1,428,426,429,-1,429,426,425,-1,429,425,430,-1,430,425,424,-1,430,424,431,-1,431,424,423,-1,431,423,219,-1,219,423,220,-1,219,218,431,-1,431,218,432,-1,431,432,430,-1,430,432,433,-1,430,433,429,-1,429,433,434,-1,429,434,428,-1,428,434,435,-1,428,435,427,-1,427,435,241,-1,427,241,121,-1,121,241,123,-1,218,203,432,-1,432,203,436,-1,432,436,433,-1,433,436,437,-1,433,437,434,-1,434,437,438,-1,434,438,435,-1,435,438,439,-1,435,439,241,-1,241,439,240,-1,241,240,125,-1,125,240,127,-1,131,129,440,-1,440,129,240,-1,440,240,441,-1,441,240,439,-1,441,439,442,-1,442,439,438,-1,442,438,443,-1,443,438,437,-1,443,437,444,-1,444,437,436,-1,444,436,202,-1,202,436,203,-1,202,135,444,-1,444,135,143,-1,444,143,443,-1,443,143,144,-1,443,144,442,-1,442,144,142,-1,442,142,441,-1,441,142,141,-1,441,141,440,-1,440,141,140,-1,440,140,131,-1,131,140,133,-1,136,157,445,-1,157,156,446,-1,156,155,447,-1,155,146,448,-1,146,145,449,-1,145,0,2,-1,8,450,451,-1,145,2,449,-1,449,2,4,-1,449,4,451,-1,451,4,6,-1,451,6,8,-1,18,452,453,-1,8,10,450,-1,450,10,12,-1,450,12,454,-1,454,12,14,-1,454,14,453,-1,453,14,16,-1,453,16,18,-1,30,455,456,-1,18,20,452,-1,452,20,22,-1,452,22,457,-1,457,22,24,-1,457,24,458,-1,458,24,26,-1,458,26,456,-1,456,26,28,-1,456,28,30,-1,40,459,460,-1,30,32,455,-1,455,32,34,-1,455,34,461,-1,461,34,36,-1,461,36,460,-1,460,36,38,-1,460,38,40,-1,52,462,463,-1,40,42,459,-1,459,42,44,-1,459,44,464,-1,464,44,46,-1,464,46,465,-1,465,46,48,-1,465,48,463,-1,463,48,50,-1,463,50,52,-1,62,466,467,-1,52,54,462,-1,462,54,56,-1,462,56,468,-1,468,56,58,-1,468,58,467,-1,467,58,60,-1,467,60,62,-1,74,469,470,-1,62,64,466,-1,466,64,66,-1,466,66,471,-1,471,66,68,-1,471,68,472,-1,472,68,70,-1,472,70,470,-1,470,70,72,-1,470,72,74,-1,84,473,474,-1,74,76,469,-1,469,76,78,-1,469,78,475,-1,475,78,80,-1,475,80,474,-1,474,80,82,-1,474,82,84,-1,96,476,477,-1,84,86,473,-1,473,86,88,-1,473,88,478,-1,478,88,90,-1,478,90,479,-1,479,90,92,-1,479,92,477,-1,477,92,94,-1,477,94,96,-1,106,480,481,-1,96,98,476,-1,476,98,100,-1,476,100,482,-1,482,100,102,-1,482,102,481,-1,481,102,104,-1,481,104,106,-1,118,483,484,-1,106,108,480,-1,480,108,110,-1,480,110,485,-1,485,110,112,-1,485,112,486,-1,486,112,114,-1,486,114,484,-1,484,114,116,-1,484,116,118,-1,128,487,488,-1,118,120,483,-1,483,120,122,-1,483,122,489,-1,489,122,124,-1,489,124,488,-1,488,124,126,-1,488,126,128,-1,128,130,487,-1,487,130,132,-1,487,132,139,-1,146,449,448,-1,448,449,451,-1,448,451,490,-1,490,451,450,-1,490,450,491,-1,491,450,454,-1,491,454,492,-1,492,454,453,-1,492,453,493,-1,493,453,452,-1,493,452,494,-1,494,452,457,-1,494,457,495,-1,495,457,458,-1,495,458,496,-1,496,458,456,-1,496,456,497,-1,497,456,455,-1,497,455,498,-1,498,455,461,-1,498,461,499,-1,499,461,460,-1,499,460,500,-1,500,460,459,-1,500,459,501,-1,501,459,464,-1,501,464,502,-1,502,464,465,-1,502,465,503,-1,503,465,463,-1,503,463,504,-1,504,463,462,-1,504,462,505,-1,505,462,468,-1,505,468,506,-1,506,468,467,-1,506,467,507,-1,507,467,466,-1,507,466,508,-1,508,466,471,-1,508,471,509,-1,509,471,472,-1,509,472,510,-1,510,472,470,-1,510,470,511,-1,511,470,469,-1,511,469,512,-1,512,469,475,-1,512,475,513,-1,513,475,474,-1,513,474,514,-1,514,474,473,-1,514,473,515,-1,515,473,478,-1,515,478,516,-1,516,478,479,-1,516,479,517,-1,517,479,477,-1,517,477,518,-1,518,477,476,-1,518,476,519,-1,519,476,482,-1,519,482,520,-1,520,482,481,-1,520,481,521,-1,521,481,480,-1,521,480,522,-1,522,480,485,-1,522,485,523,-1,523,485,486,-1,523,486,524,-1,524,486,484,-1,524,484,525,-1,525,484,483,-1,525,483,526,-1,526,483,489,-1,526,489,527,-1,527,489,488,-1,527,488,528,-1,528,488,487,-1,528,487,529,-1,529,487,139,-1,529,139,154,-1,155,448,447,-1,447,448,490,-1,447,490,530,-1,530,490,491,-1,530,491,531,-1,531,491,492,-1,531,492,532,-1,532,492,493,-1,532,493,533,-1,533,493,494,-1,533,494,534,-1,534,494,495,-1,534,495,535,-1,535,495,496,-1,535,496,536,-1,536,496,497,-1,536,497,537,-1,537,497,498,-1,537,498,538,-1,538,498,499,-1,538,499,539,-1,539,499,500,-1,539,500,540,-1,540,500,501,-1,540,501,541,-1,541,501,502,-1,541,502,542,-1,542,502,503,-1,542,503,543,-1,543,503,504,-1,543,504,544,-1,544,504,505,-1,544,505,545,-1,545,505,506,-1,545,506,546,-1,546,506,507,-1,546,507,547,-1,547,507,508,-1,547,508,548,-1,548,508,509,-1,548,509,549,-1,549,509,510,-1,549,510,550,-1,550,510,511,-1,550,511,551,-1,551,511,512,-1,551,512,552,-1,552,512,513,-1,552,513,553,-1,553,513,514,-1,553,514,554,-1,554,514,515,-1,554,515,555,-1,555,515,516,-1,555,516,556,-1,556,516,517,-1,556,517,557,-1,557,517,518,-1,557,518,558,-1,558,518,519,-1,558,519,559,-1,559,519,520,-1,559,520,560,-1,560,520,521,-1,560,521,561,-1,561,521,522,-1,561,522,562,-1,562,522,523,-1,562,523,563,-1,563,523,524,-1,563,524,564,-1,564,524,525,-1,564,525,565,-1,565,525,526,-1,565,526,566,-1,566,526,527,-1,566,527,567,-1,567,527,528,-1,567,528,568,-1,568,528,529,-1,568,529,569,-1,569,529,154,-1,569,154,153,-1,156,447,446,-1,446,447,530,-1,446,530,570,-1,570,530,531,-1,570,531,571,-1,571,531,532,-1,571,532,572,-1,572,532,533,-1,572,533,573,-1,573,533,534,-1,573,534,574,-1,574,534,535,-1,574,535,575,-1,575,535,536,-1,575,536,576,-1,576,536,537,-1,576,537,577,-1,577,537,538,-1,577,538,578,-1,578,538,539,-1,578,539,579,-1,579,539,540,-1,579,540,580,-1,580,540,541,-1,580,541,581,-1,581,541,542,-1,581,542,582,-1,582,542,543,-1,582,543,583,-1,583,543,544,-1,583,544,584,-1,584,544,545,-1,584,545,585,-1,585,545,546,-1,585,546,586,-1,586,546,547,-1,586,547,587,-1,587,547,548,-1,587,548,588,-1,588,548,549,-1,588,549,589,-1,589,549,550,-1,589,550,590,-1,590,550,551,-1,590,551,591,-1,591,551,552,-1,591,552,592,-1,592,552,553,-1,592,553,593,-1,593,553,554,-1,593,554,594,-1,594,554,555,-1,594,555,595,-1,595,555,556,-1,595,556,596,-1,596,556,557,-1,596,557,597,-1,597,557,558,-1,597,558,598,-1,598,558,559,-1,598,559,599,-1,599,559,560,-1,599,560,600,-1,600,560,561,-1,600,561,601,-1,601,561,562,-1,601,562,602,-1,602,562,563,-1,602,563,603,-1,603,563,564,-1,603,564,604,-1,604,564,565,-1,604,565,605,-1,605,565,566,-1,605,566,606,-1,606,566,567,-1,606,567,607,-1,607,567,568,-1,607,568,608,-1,608,568,569,-1,608,569,609,-1,609,569,153,-1,609,153,152,-1,157,446,445,-1,445,446,570,-1,445,570,610,-1,610,570,571,-1,610,571,611,-1,611,571,572,-1,611,572,612,-1,612,572,573,-1,612,573,613,-1,613,573,574,-1,613,574,614,-1,614,574,575,-1,614,575,615,-1,615,575,576,-1,615,576,616,-1,616,576,577,-1,616,577,617,-1,617,577,578,-1,617,578,618,-1,618,578,579,-1,618,579,619,-1,619,579,580,-1,619,580,620,-1,620,580,581,-1,620,581,621,-1,621,581,582,-1,621,582,622,-1,622,582,583,-1,622,583,623,-1,623,583,584,-1,623,584,624,-1,624,584,585,-1,624,585,625,-1,625,585,586,-1,625,586,626,-1,626,586,587,-1,626,587,627,-1,627,587,588,-1,627,588,628,-1,628,588,589,-1,628,589,629,-1,629,589,590,-1,629,590,630,-1,630,590,591,-1,630,591,631,-1,631,591,592,-1,631,592,632,-1,632,592,593,-1,632,593,633,-1,633,593,594,-1,633,594,634,-1,634,594,595,-1,634,595,635,-1,635,595,596,-1,635,596,636,-1,636,596,597,-1,636,597,637,-1,637,597,598,-1,637,598,638,-1,638,598,599,-1,638,599,639,-1,639,599,600,-1,639,600,640,-1,640,600,601,-1,640,601,641,-1,641,601,602,-1,641,602,642,-1,642,602,603,-1,642,603,643,-1,643,603,604,-1,643,604,644,-1,644,604,605,-1,644,605,645,-1,645,605,606,-1,645,606,646,-1,646,606,607,-1,646,607,647,-1,647,607,608,-1,647,608,648,-1,648,608,609,-1,648,609,649,-1,649,609,152,-1,649,152,138,-1,136,445,183,-1,183,445,610,-1,183,610,184,-1,184,610,611,-1,184,611,185,-1,185,611,612,-1,185,612,194,-1,194,612,613,-1,194,613,195,-1,195,613,614,-1,195,614,196,-1,196,614,615,-1,196,615,197,-1,197,615,616,-1,197,616,198,-1,198,616,617,-1,198,617,163,-1,163,617,618,-1,163,618,164,-1,164,618,619,-1,164,619,165,-1,165,619,620,-1,165,620,160,-1,160,620,621,-1,160,621,161,-1,161,621,622,-1,161,622,162,-1,162,622,623,-1,162,623,166,-1,166,623,624,-1,166,624,167,-1,167,624,625,-1,167,625,168,-1,168,625,626,-1,168,626,169,-1,169,626,627,-1,169,627,170,-1,170,627,628,-1,170,628,171,-1,171,628,629,-1,171,629,172,-1,172,629,630,-1,172,630,173,-1,173,630,631,-1,173,631,174,-1,174,631,632,-1,174,632,178,-1,178,632,633,-1,178,633,179,-1,179,633,634,-1,179,634,159,-1,159,634,635,-1,159,635,177,-1,177,635,636,-1,177,636,175,-1,175,636,637,-1,175,637,186,-1,186,637,638,-1,186,638,187,-1,187,638,639,-1,187,639,188,-1,188,639,640,-1,188,640,189,-1,189,640,641,-1,189,641,190,-1,190,641,642,-1,190,642,191,-1,191,642,643,-1,191,643,176,-1,176,643,644,-1,176,644,180,-1,180,644,645,-1,180,645,181,-1,181,645,646,-1,181,646,182,-1,182,646,647,-1,182,647,192,-1,192,647,648,-1,192,648,193,-1,193,648,649,-1,193,649,158,-1,158,649,138,-1,158,138,134,-1,650,651,652,-1,652,651,653,-1,654,652,653,-1,655,656,657,-1,657,656,658,-1,657,658,659,-1,658,660,659,-1,659,660,654,-1,659,654,661,-1,661,654,653,-1,662,663,664,-1,664,663,665,-1,664,665,666,-1,659,667,657,-1,657,667,664,-1,657,664,668,-1,668,664,669,-1,666,670,664,-1,664,670,671,-1,664,671,669,-1,672,673,674,-1,674,673,670,-1,674,670,675,-1,675,670,666,-1,673,672,676,-1,676,672,677,-1,678,679,680,-1,681,682,680,-1,683,684,685,-1,686,687,680,-1,680,687,688,-1,680,688,681,-1,686,689,687,-1,687,689,690,-1,687,690,691,-1,691,690,685,-1,691,685,692,-1,692,685,684,-1,651,650,693,-1,693,650,694,-1,693,694,682,-1,682,694,695,-1,682,695,680,-1,680,695,696,-1,680,696,678,-1,676,677,685,-1,685,677,697,-1,685,697,683,-1,679,655,680,-1,680,655,657,-1,687,691,662,-1,662,691,663,-1,
        ]
    }
}
Shape{
    appearance Appearance {
        material  Material 	{
            diffuseColor 1.0 1.0 1.0
            specularColor 0.8784313725490196 0.8784313725490196 0.8784313725490196
            ambientIntensity 0.2
            transparency 0
            shininess 0.5
        }
    }
    geometry IndexedFaceSet {
        ccw TRUE
        solid FALSE
        coord DEF co Coordinate {
            point [
                -0.6299 -0.0984 -0.0952, -0.6299 0.0984 -0.0952, -0.6071 -0.0984 -0.1093, -0.6071 0.0984 -0.1093, -0.5869 -0.0984 -0.1271, -0.5869 0.0984 -0.1271, -0.5701 -0.0984 -0.148, -0.5701 0.0984 -0.148, -0.5571 -0.0984 -0.1715, -0.5571 0.0984 -0.1715, -0.5483 -0.0984 -0.1969, -0.5483 0.0984 -0.1969, 0.5483 -0.0984 -0.1969, 0.5483 0.0984 -0.1969, 0.5571 -0.0984 -0.1715, 0.5571 0.0984 -0.1715, 0.5701 -0.0984 -0.148, 0.5701 0.0984 -0.148, 0.5869 -0.0984 -0.1271, 0.5869 0.0984 -0.1271, 0.6071 -0.0984 -0.1093, 0.6071 0.0984 -0.1093, 0.6299 -0.0984 -0.0952, 0.6299 0.0984 -0.0952, 0.6299 -0.0984 0.0952, 0.6299 0.0984 0.0952, 0.6071 -0.0984 0.1093, 0.6071 0.0984 0.1093, 0.5869 -0.0984 0.1271, 0.5869 0.0984 0.1271, 0.5701 -0.0984 0.148, 0.5701 0.0984 0.148, 0.5571 -0.0984 0.1715, 0.5571 0.0984 0.1715, 0.5483 -0.0984 0.1969, 0.5483 0.0984 0.1969, -0.5483 -0.0984 0.1969, -0.5483 0.0984 0.1969, -0.5571 -0.0984 0.1715, -0.5571 0.0984 0.1715, -0.5701 -0.0984 0.148, -0.5701 0.0984 0.148, -0.5869 -0.0984 0.1271, -0.5869 0.0984 0.1271, -0.6071 -0.0984 0.1093, -0.6071 0.0984 0.1093, -0.6299 -0.0984 0.0952, -0.6299 0.0984 0.0952, -0.6299 0.0984 0.0952
            ]
        }
        coordIndex [
            0,1,2,-1,2,1,3,-1,2,3,4,-1,4,3,5,-1,4,5,6,-1,6,5,7,-1,6,7,8,-1,8,7,9,-1,8,9,10,-1,10,9,11,-1,12,13,14,-1,14,13,15,-1,14,15,16,-1,16,15,17,-1,16,17,18,-1,18,17,19,-1,18,19,20,-1,20,19,21,-1,20,21,22,-1,22,21,23,-1,24,25,26,-1,26,25,27,-1,26,27,28,-1,28,27,29,-1,28,29,30,-1,30,29,31,-1,30,31,32,-1,32,31,33,-1,32,33,34,-1,34,33,35,-1,36,37,38,-1,38,37,39,-1,38,39,40,-1,40,39,41,-1,40,41,42,-1,42,41,43,-1,42,43,44,-1,44,43,45,-1,44,45,46,-1,46,45,47,-1,
        ]
    }
}
Shape{
    appearance Appearance {
        material  Material 	{
            diffuseColor 0.7529411764705882 0.7529411764705882 0.7529411764705882
            specularColor 0.3764705882352941 0.3764705882352941 0.3764705882352941
            ambientIntensity 0.2
            transparency 0
            shininess 0.5
        }
    }
    geometry IndexedFaceSet {
        ccw TRUE
        solid FALSE
        coord DEF co Coordinate {
            point [
                -0.5483 0.1024 -0.1969, -0.5483 0.0984 -0.1969, -0.5527 0.1024 -0.1826, -0.5527 0.0984 -0.1826, -0.5584 0.1024 -0.1688, -0.5584 0.0984 -0.1688, -0.5653 0.1024 -0.1556, -0.5653 0.0984 -0.1556, -0.5736 0.1024 -0.1431, -0.5736 0.0984 -0.1431, -0.5829 0.1024 -0.1315, -0.5829 0.0984 -0.1315, -0.5933 0.1024 -0.1208, -0.5933 0.0984 -0.1208, -0.6047 0.1024 -0.1111, -0.6047 0.0984 -0.1111, -0.6169 0.1024 -0.1026, -0.6169 0.0984 -0.1026, -0.6299 0.1024 -0.0952, -0.6299 0.0984 -0.0952, -0.6299 0.1024 -0.0212, -0.6299 0.0984 -0.0212, -0.3937 0.1024 -0.0212, -0.3937 0.0984 -0.0212, -0.3937 0.1024 -0.1969, -0.3937 0.0984 -0.1969, 0.6299 0.1024 -0.0952, 0.6299 0.0984 -0.0952, 0.6169 0.1024 -0.1026, 0.6169 0.0984 -0.1026, 0.6047 0.1024 -0.1111, 0.6047 0.0984 -0.1111, 0.5933 0.1024 -0.1208, 0.5933 0.0984 -0.1208, 0.5829 0.1024 -0.1315, 0.5829 0.0984 -0.1315, 0.5736 0.1024 -0.1431, 0.5736 0.0984 -0.1431, 0.5653 0.1024 -0.1556, 0.5653 0.0984 -0.1556, 0.5584 0.1024 -0.1688, 0.5584 0.0984 -0.1688, 0.5527 0.1024 -0.1826, 0.5527 0.0984 -0.1826, 0.5483 0.1024 -0.1969, 0.5483 0.0984 -0.1969, 0.3937 0.1024 -0.1969, 0.3937 0.0984 -0.1969, 0.3937 0.1024 -0.0212, 0.3937 0.0984 -0.0212, 0.6299 0.1024 -0.0212, 0.6299 0.0984 -0.0212, -0.6299 0.1024 0.0952, -0.6299 0.0984 0.0952, -0.6169 0.1024 0.1026, -0.6169 0.0984 0.1026, -0.6047 0.1024 0.1111, -0.6047 0.0984 0.1111, -0.5933 0.1024 0.1208, -0.5933 0.0984 0.1208, -0.5829 0.1024 0.1315, -0.5829 0.0984 0.1315, -0.5736 0.1024 0.1431, -0.5736 0.0984 0.1431, -0.5653 0.1024 0.1556, -0.5653 0.0984 0.1556, -0.5584 0.1024 0.1688, -0.5584 0.0984 0.1688, -0.5527 0.1024 0.1826, -0.5527 0.0984 0.1826, -0.5483 0.1024 0.1969, -0.5483 0.0984 0.1969, -0.3937 0.1024 0.1969, -0.3937 0.0984 0.1969, -0.3937 0.1024 0.0212, -0.3937 0.0984 0.0212, -0.6299 0.1024 0.0212, -0.6299 0.0984 0.0212, 0.5483 0.1024 0.1969, 0.5483 0.0984 0.1969, 0.5527 0.1024 0.1826, 0.5527 0.0984 0.1826, 0.5584 0.1024 0.1688, 0.5584 0.0984 0.1688, 0.5653 0.1024 0.1556, 0.5653 0.0984 0.1556, 0.5736 0.1024 0.1431, 0.5736 0.0984 0.1431, 0.5829 0.1024 0.1315, 0.5829 0.0984 0.1315, 0.5933 0.1024 0.1208, 0.5933 0.0984 0.1208, 0.6047 0.1024 0.1111, 0.6047 0.0984 0.1111, 0.6169 0.1024 0.1026, 0.6169 0.0984 0.1026, 0.6299 0.1024 0.0952, 0.6299 0.0984 0.0952, 0.6299 0.1024 0.0212, 0.6299 0.0984 0.0212, 0.3937 0.1024 0.0212, 0.3937 0.0984 0.0212, 0.3937 0.1024 0.1969, 0.3937 0.0984 0.1969, 0.1969 -0.1024 0.0394, 0.1969 -0.1024 -0.0394, 0.1969 -0.0984 0.0394, 0.1969 -0.0984 -0.0394, 0.6299 -0.1024 0.0394, 0.6299 -0.0984 0.0394, 0.6299 -0.1024 0.0952, 0.6299 -0.0984 0.0952, 0.6107 -0.1024 0.1067, 0.6107 -0.0984 0.1067, 0.5933 -0.1024 0.1208, 0.5933 -0.0984 0.1208, 0.5781 -0.1024 0.1372, 0.5781 -0.0984 0.1372, 0.5653 -0.1024 0.1556, 0.5653 -0.0984 0.1556, 0.5553 -0.1024 0.1756, 0.5553 -0.0984 0.1756, 0.5483 -0.1024 0.1969, 0.5483 -0.0984 0.1969, 0.4331 -0.1024 0.1969, 0.4331 -0.0984 0.1969, 0.4331 -0.1024 0.1181, 0.4331 -0.0984 0.1181, 0.1181 -0.1024 0.1181, 0.1181 -0.0984 0.1181, 0.1181 -0.1024 -0.0394, 0.1181 -0.0984 -0.0394, 0.0591 -0.1024 -0.0394, 0.0591 -0.0984 -0.0394, 0.0591 -0.1024 -0.1969, 0.0591 -0.0984 -0.1969, 0.2559 -0.1024 -0.1969, 0.2559 -0.0984 -0.1969, 0.2559 -0.1024 -0.0394, 0.2559 -0.0984 -0.0394, -0.6299 -0.1024 0.0394, -0.6299 -0.1024 0.0952, -0.6299 -0.0984 0.0394, -0.6299 -0.0984 0.0952, -0.1969 -0.1024 0.0394, -0.1969 -0.0984 0.0394, -0.1969 -0.1024 -0.0394, -0.1969 -0.0984 -0.0394, -0.2559 -0.1024 -0.0394, -0.2559 -0.0984 -0.0394, -0.2559 -0.1024 -0.1969, -0.2559 -0.0984 -0.1969, -0.0591 -0.1024 -0.1969, -0.0591 -0.0984 -0.1969, -0.0591 -0.1024 -0.0394, -0.0591 -0.0984 -0.0394, -0.1181 -0.1024 -0.0394, -0.1181 -0.0984 -0.0394, -0.1181 -0.1024 0.1181, -0.1181 -0.0984 0.1181, -0.4331 -0.1024 0.1181, -0.4331 -0.0984 0.1181, -0.4331 -0.1024 0.1969, -0.4331 -0.0984 0.1969, -0.5483 -0.1024 0.1969, -0.5483 -0.0984 0.1969, -0.5553 -0.1024 0.1756, -0.5553 -0.0984 0.1756, -0.5653 -0.1024 0.1556, -0.5653 -0.0984 0.1556, -0.5781 -0.1024 0.1372, -0.5781 -0.0984 0.1372, -0.5933 -0.1024 0.1208, -0.5933 -0.0984 0.1208, -0.6107 -0.1024 0.1067, -0.6107 -0.0984 0.1067, -0.6299 -0.1024 -0.0952, -0.6299 -0.0984 -0.0952, -0.6182 -0.1024 -0.1018, -0.6182 -0.0984 -0.1018, -0.6071 -0.1024 -0.1093, -0.6071 -0.0984 -0.1093, -0.5966 -0.1024 -0.1178, -0.5966 -0.0984 -0.1178, -0.5869 -0.1024 -0.1271, -0.5869 -0.0984 -0.1271, -0.5781 -0.1024 -0.1372, -0.5781 -0.0984 -0.1372, -0.5701 -0.1024 -0.148, -0.5701 -0.0984 -0.148, -0.5631 -0.1024 -0.1595, -0.5631 -0.0984 -0.1595, -0.5571 -0.1024 -0.1715, -0.5571 -0.0984 -0.1715, -0.5522 -0.1024 -0.184, -0.5522 -0.0984 -0.184, -0.5483 -0.1024 -0.1969, -0.5483 -0.0984 -0.1969, -0.4331 -0.1024 -0.1969, -0.4331 -0.0984 -0.1969, -0.4331 -0.1024 -0.0394, -0.4331 -0.0984 -0.0394, -0.6299 -0.1024 -0.0394, -0.6299 -0.0984 -0.0394, 0.5483 -0.1024 -0.1969, 0.5483 -0.0984 -0.1969, 0.5522 -0.1024 -0.184, 0.5522 -0.0984 -0.184, 0.5571 -0.1024 -0.1715, 0.5571 -0.0984 -0.1715, 0.5631 -0.1024 -0.1595, 0.5631 -0.0984 -0.1595, 0.5701 -0.1024 -0.148, 0.5701 -0.0984 -0.148, 0.5781 -0.1024 -0.1372, 0.5781 -0.0984 -0.1372, 0.5869 -0.1024 -0.1271, 0.5869 -0.0984 -0.1271, 0.5966 -0.1024 -0.1178, 0.5966 -0.0984 -0.1178, 0.6071 -0.1024 -0.1093, 0.6071 -0.0984 -0.1093, 0.6182 -0.1024 -0.1018, 0.6182 -0.0984 -0.1018, 0.6299 -0.1024 -0.0952, 0.6299 -0.0984 -0.0952, 0.6299 -0.1024 -0.0394, 0.6299 -0.0984 -0.0394, 0.4331 -0.1024 -0.0394, 0.4331 -0.0984 -0.0394, 0.4331 -0.1024 -0.1969, 0.4331 -0.0984 -0.1969, -0.6339 0.1024 0.0952, -0.6339 -0.1024 0.0952, -0.6339 0.1024 0.0394, -0.6299 0.1024 0.0394, -0.6339 -0.1024 0.0394, -0.6339 -0.1024 -0.0952, -0.6339 0.1024 -0.0952, -0.6339 -0.1024 -0.0348, -0.6299 -0.1024 -0.0348, -0.6339 0.1024 -0.0348, -0.6299 0.1024 -0.0348, 0.6339 0.1024 -0.0952, 0.6339 -0.1024 -0.0952, 0.6339 -0.1024 -0.0348, 0.6299 -0.1024 -0.0348, 0.6339 0.1024 -0.0348, 0.6299 0.1024 -0.0348, 0.6339 -0.1024 0.0952, 0.6339 0.1024 0.0952, 0.6339 0.1024 0.0394, 0.6299 0.1024 0.0394, 0.6339 -0.1024 0.0394, -0.4331 -0.1024 -0.2008, -0.4331 0.1024 -0.2008, -0.4331 0.1024 -0.1969, -0.5483 -0.1024 -0.2008, -0.5483 0.1024 -0.2008, 0.5483 -0.1024 -0.2008, 0.5483 0.1024 -0.2008, 0.4331 -0.1024 -0.2008, 0.4331 0.1024 -0.2008, 0.4331 0.1024 -0.1969, 0.2559 -0.1024 -0.2008, 0.2559 0.0984 -0.2008, 0.2559 0.0984 -0.1969, 0.0591 -0.1024 -0.2008, 0.0591 0.0984 -0.2008, 0.0591 0.0984 -0.1969, -0.0591 -0.1024 -0.2008, -0.0591 0.0984 -0.2008, -0.0591 0.0984 -0.1969, -0.2559 -0.1024 -0.2008, -0.2559 0.0984 -0.2008, -0.2559 0.0984 -0.1969, -0.2559 0.0984 -0.1969
            ]
        }
        coordIndex [
            0,1,2,-1,2,1,3,-1,2,3,4,-1,4,3,5,-1,4,5,6,-1,6,5,7,-1,6,7,8,-1,8,7,9,-1,8,9,10,-1,10,9,11,-1,10,11,12,-1,12,11,13,-1,12,13,14,-1,14,13,15,-1,14,15,16,-1,16,15,17,-1,16,17,18,-1,18,17,19,-1,20,18,21,-1,21,18,19,-1,22,20,23,-1,23,20,21,-1,24,22,25,-1,25,22,23,-1,0,24,1,-1,1,24,25,-1,24,0,2,-1,18,20,16,-1,16,20,22,-1,16,22,14,-1,14,22,12,-1,6,8,22,-1,22,8,10,-1,22,10,12,-1,24,2,22,-1,22,2,4,-1,22,4,6,-1,21,19,23,-1,23,19,17,-1,23,17,15,-1,15,13,23,-1,23,13,11,-1,23,11,9,-1,9,7,23,-1,23,7,5,-1,23,5,25,-1,25,5,3,-1,25,3,1,-1,26,27,28,-1,28,27,29,-1,28,29,30,-1,30,29,31,-1,30,31,32,-1,32,31,33,-1,32,33,34,-1,34,33,35,-1,34,35,36,-1,36,35,37,-1,36,37,38,-1,38,37,39,-1,38,39,40,-1,40,39,41,-1,40,41,42,-1,42,41,43,-1,42,43,44,-1,44,43,45,-1,46,44,47,-1,47,44,45,-1,48,46,49,-1,49,46,47,-1,50,48,51,-1,51,48,49,-1,26,50,27,-1,27,50,51,-1,50,26,48,-1,48,26,28,-1,48,28,30,-1,30,32,48,-1,48,32,34,-1,48,34,36,-1,36,38,48,-1,48,38,40,-1,48,40,46,-1,46,40,42,-1,46,42,44,-1,47,45,43,-1,47,43,49,-1,49,43,41,-1,49,41,39,-1,39,37,49,-1,49,37,35,-1,49,35,33,-1,27,51,29,-1,29,51,49,-1,29,49,31,-1,31,49,33,-1,52,53,54,-1,54,53,55,-1,54,55,56,-1,56,55,57,-1,56,57,58,-1,58,57,59,-1,58,59,60,-1,60,59,61,-1,60,61,62,-1,62,61,63,-1,62,63,64,-1,64,63,65,-1,64,65,66,-1,66,65,67,-1,66,67,68,-1,68,67,69,-1,68,69,70,-1,70,69,71,-1,72,70,73,-1,73,70,71,-1,74,72,75,-1,75,72,73,-1,76,74,77,-1,77,74,75,-1,52,76,53,-1,53,76,77,-1,76,52,74,-1,74,52,54,-1,74,54,56,-1,56,58,74,-1,74,58,60,-1,74,60,62,-1,62,64,74,-1,74,64,66,-1,74,66,72,-1,72,66,68,-1,72,68,70,-1,73,71,69,-1,63,61,75,-1,53,77,55,-1,55,77,75,-1,63,75,65,-1,61,59,75,-1,75,59,57,-1,75,57,55,-1,73,69,75,-1,75,69,67,-1,75,67,65,-1,78,79,80,-1,80,79,81,-1,80,81,82,-1,82,81,83,-1,82,83,84,-1,84,83,85,-1,84,85,86,-1,86,85,87,-1,86,87,88,-1,88,87,89,-1,88,89,90,-1,90,89,91,-1,90,91,92,-1,92,91,93,-1,92,93,94,-1,94,93,95,-1,94,95,96,-1,96,95,97,-1,98,96,99,-1,99,96,97,-1,100,98,101,-1,101,98,99,-1,102,100,103,-1,103,100,101,-1,78,102,79,-1,79,102,103,-1,96,98,94,-1,94,98,100,-1,82,100,80,-1,80,100,102,-1,80,102,78,-1,82,84,100,-1,100,84,86,-1,100,86,88,-1,88,90,100,-1,100,90,92,-1,100,92,94,-1,99,97,101,-1,101,97,95,-1,101,95,93,-1,87,85,101,-1,101,85,83,-1,101,83,103,-1,103,83,81,-1,103,81,79,-1,93,91,101,-1,101,91,89,-1,101,89,87,-1,104,105,106,-1,106,105,107,-1,108,104,109,-1,109,104,106,-1,110,108,111,-1,111,108,109,-1,110,111,112,-1,112,111,113,-1,112,113,114,-1,114,113,115,-1,114,115,116,-1,116,115,117,-1,116,117,118,-1,118,117,119,-1,118,119,120,-1,120,119,121,-1,120,121,122,-1,122,121,123,-1,124,122,125,-1,125,122,123,-1,126,124,127,-1,127,124,125,-1,128,126,129,-1,129,126,127,-1,130,128,131,-1,131,128,129,-1,132,130,133,-1,133,130,131,-1,134,132,135,-1,135,132,133,-1,136,134,137,-1,137,134,135,-1,138,136,139,-1,139,136,137,-1,105,138,107,-1,107,138,139,-1,130,132,134,-1,136,138,105,-1,108,126,104,-1,104,126,128,-1,104,128,105,-1,105,128,130,-1,105,130,136,-1,136,130,134,-1,108,110,112,-1,108,112,126,-1,126,112,114,-1,126,114,116,-1,122,124,120,-1,120,124,126,-1,120,126,118,-1,118,126,116,-1,107,139,137,-1,135,133,131,-1,137,135,107,-1,107,135,131,-1,107,131,106,-1,106,131,129,-1,106,129,109,-1,109,129,127,-1,119,117,127,-1,127,117,115,-1,127,115,109,-1,109,115,113,-1,109,113,111,-1,125,123,127,-1,127,123,121,-1,127,121,119,-1,140,141,142,-1,142,141,143,-1,144,140,145,-1,145,140,142,-1,146,144,147,-1,147,144,145,-1,148,146,149,-1,149,146,147,-1,150,148,151,-1,151,148,149,-1,152,150,153,-1,153,150,151,-1,154,152,155,-1,155,152,153,-1,156,154,157,-1,157,154,155,-1,158,156,159,-1,159,156,157,-1,160,158,161,-1,161,158,159,-1,162,160,163,-1,163,160,161,-1,164,162,165,-1,165,162,163,-1,164,165,166,-1,166,165,167,-1,166,167,168,-1,168,167,169,-1,168,169,170,-1,170,169,171,-1,170,171,172,-1,172,171,173,-1,172,173,174,-1,174,173,175,-1,174,175,141,-1,141,175,143,-1,146,148,150,-1,174,141,140,-1,174,140,172,-1,152,154,156,-1,160,168,170,-1,162,164,160,-1,160,164,166,-1,160,166,168,-1,170,172,160,-1,160,172,140,-1,160,140,158,-1,158,140,144,-1,158,144,156,-1,156,144,146,-1,156,146,152,-1,152,146,150,-1,157,155,153,-1,142,143,175,-1,151,149,147,-1,165,163,167,-1,167,163,161,-1,167,161,169,-1,169,161,171,-1,142,161,145,-1,145,161,159,-1,145,159,147,-1,147,159,157,-1,147,157,151,-1,151,157,153,-1,142,175,161,-1,161,175,173,-1,161,173,171,-1,176,177,178,-1,178,177,179,-1,178,179,180,-1,180,179,181,-1,180,181,182,-1,182,181,183,-1,182,183,184,-1,184,183,185,-1,184,185,186,-1,186,185,187,-1,186,187,188,-1,188,187,189,-1,188,189,190,-1,190,189,191,-1,190,191,192,-1,192,191,193,-1,192,193,194,-1,194,193,195,-1,194,195,196,-1,196,195,197,-1,198,196,199,-1,199,196,197,-1,200,198,201,-1,201,198,199,-1,202,200,203,-1,203,200,201,-1,176,202,177,-1,177,202,203,-1,180,182,200,-1,182,184,200,-1,200,184,186,-1,200,186,188,-1,188,190,200,-1,200,190,192,-1,200,192,198,-1,198,192,194,-1,198,194,196,-1,202,176,200,-1,200,176,178,-1,200,178,180,-1,199,197,195,-1,201,191,189,-1,199,195,201,-1,201,195,193,-1,201,193,191,-1,189,187,201,-1,201,187,185,-1,201,185,183,-1,177,203,179,-1,179,203,201,-1,179,201,181,-1,181,201,183,-1,204,205,206,-1,206,205,207,-1,206,207,208,-1,208,207,209,-1,208,209,210,-1,210,209,211,-1,210,211,212,-1,212,211,213,-1,212,213,214,-1,214,213,215,-1,214,215,216,-1,216,215,217,-1,216,217,218,-1,218,217,219,-1,218,219,220,-1,220,219,221,-1,220,221,222,-1,222,221,223,-1,222,223,224,-1,224,223,225,-1,226,224,227,-1,227,224,225,-1,228,226,229,-1,229,226,227,-1,230,228,231,-1,231,228,229,-1,204,230,205,-1,205,230,231,-1,224,226,222,-1,222,226,228,-1,222,228,220,-1,208,210,228,-1,228,210,212,-1,228,212,214,-1,214,216,228,-1,228,216,218,-1,228,218,220,-1,208,228,206,-1,206,228,230,-1,206,230,204,-1,229,227,225,-1,225,223,229,-1,229,223,221,-1,229,221,219,-1,219,217,229,-1,229,217,215,-1,229,215,213,-1,213,211,229,-1,229,211,209,-1,229,209,231,-1,231,209,207,-1,231,207,205,-1,232,233,52,-1,52,233,141,-1,234,232,235,-1,235,232,52,-1,236,234,140,-1,140,234,235,-1,233,236,141,-1,141,236,140,-1,234,236,232,-1,232,236,233,-1,140,235,141,-1,141,235,52,-1,237,238,176,-1,176,238,18,-1,239,237,240,-1,240,237,176,-1,241,239,242,-1,242,239,240,-1,238,241,18,-1,18,241,242,-1,239,241,237,-1,237,241,238,-1,242,240,18,-1,18,240,176,-1,243,244,26,-1,26,244,224,-1,244,245,224,-1,224,245,246,-1,245,247,246,-1,246,247,248,-1,247,243,248,-1,248,243,26,-1,247,245,243,-1,243,245,244,-1,246,248,224,-1,224,248,26,-1,249,250,110,-1,110,250,96,-1,250,251,96,-1,96,251,252,-1,251,253,252,-1,252,253,108,-1,253,249,108,-1,108,249,110,-1,253,251,249,-1,249,251,250,-1,252,108,96,-1,96,108,110,-1,254,255,198,-1,198,255,256,-1,257,254,196,-1,196,254,198,-1,258,257,0,-1,0,257,196,-1,255,258,256,-1,256,258,0,-1,257,258,254,-1,254,258,255,-1,0,196,256,-1,256,196,198,-1,259,260,204,-1,204,260,44,-1,261,259,230,-1,230,259,204,-1,262,261,263,-1,263,261,230,-1,260,262,44,-1,44,262,263,-1,261,262,259,-1,259,262,260,-1,263,230,44,-1,44,230,204,-1,264,265,136,-1,136,265,266,-1,267,264,134,-1,134,264,136,-1,268,267,269,-1,269,267,134,-1,265,268,266,-1,266,268,269,-1,267,268,264,-1,264,268,265,-1,269,134,266,-1,266,134,136,-1,270,271,152,-1,152,271,272,-1,273,270,150,-1,150,270,152,-1,274,273,275,-1,275,273,150,-1,271,274,272,-1,272,274,275,-1,273,274,270,-1,270,274,271,-1,275,150,272,-1,272,150,152,-1,
        ]
    }
}
Shape{
    appearance Appearance {
        material  Material 	{
            diffuseColor 0.25098039215686274 0.25098039215686274 0.25098039215686274
            specularColor 0.12549019607843137 0.12549019607843137 0.12549019607843137
            ambientIntensity 0.2
            transparency 0
            shininess 0.5
        }
    }
    geometry IndexedFaceSet {
        ccw TRUE
        solid FALSE
        coord DEF co Coordinate {
            point [
                -0.1567 0.1883 0.1614, -0.1538 0.1859 0.1614, -0.163 0.2164 0.1614, -0.1404 0.2641 0.1614, -0.1385 0.2631 0.1614, -0.1466 0.2823 0.1614, -0.1184 0.2249 0.1614, -0.1385 0.2172 0.1614, -0.1367 0.2171 0.1614, -0.1118 0.2072 0.1614, -0.1282 0.206 0.1614, -0.1121 0.2038 0.1614, -0.1288 0.2035 0.1614, -0.1231 0.2827 0.1614, -0.1186 0.2851 0.1614, -0.1268 0.2988 0.1614, -0.0707 0.2691 0.1614, -0.0685 0.2645 0.1614, -0.0533 0.2697 0.1614, -0.067 0.2596 0.1614, -0.0662 0.2554 0.1614, -0.1466 0.2132 0.1614, -0.1618 0.2191 0.1614, -0.1479 0.2109 0.1614, -0.1486 0.2084 0.1614, -0.0562 0.2158 0.1614, -0.0599 0.2147 0.1614, -0.056 0.199 0.1614, -0.1632 0.1988 0.1614, -0.1616 0.1949 0.1614, -0.1594 0.1914 0.1614, -0.1302 0.2131 0.1614, -0.129 0.211 0.1614, -0.1283 0.2086 0.1614, -0.0749 0.2293 0.1614, -0.0831 0.2433 0.1614, -0.1118 0.2098 0.1614, -0.1409 0.2169 0.1614, -0.1368 0.2338 0.1614, -0.1382 0.2338 0.1614, -0.16 0.2659 0.1614, -0.1634 0.2815 0.1614, -0.1686 0.2798 0.1614, -0.1342 0.2163 0.1614, -0.132 0.2149 0.1614, -0.13 0.2012 0.1614, -0.1146 0.1956 0.1614, -0.113 0.1996 0.1614, -0.1453 0.1993 0.1614, -0.1433 0.1979 0.1614, -0.1501 0.1836 0.1614, -0.1408 0.1969 0.1614, -0.1433 0.216 0.1614, -0.1535 0.2289 0.1614, -0.1453 0.2146 0.1614, -0.1567 0.2261 0.1614, -0.1595 0.2228 0.1614, -0.1424 0.2335 0.1614, -0.1464 0.2325 0.1614, -0.1502 0.2309 0.1614, -0.061 0.1982 0.1614, -0.0626 0.2143 0.1614, -0.0765 0.1982 0.1614, -0.0744 0.2143 0.1614, -0.0778 0.1984 0.1614, -0.1212 0.3012 0.1614, -0.1138 0.2869 0.1614, -0.1154 0.3028 0.1614, -0.1668 0.2185 0.1614, -0.1713 0.2017 0.1614, -0.1662 0.1996 0.1614, -0.1641 0.2643 0.1614, -0.1735 0.2774 0.1614, -0.1678 0.2621 0.1614, -0.1781 0.2744 0.1614, -0.171 0.2593 0.1614, -0.1214 0.2278 0.1614, -0.1248 0.2302 0.1614, -0.1287 0.2321 0.1614, -0.1328 0.2333 0.1614, -0.0444 0.2408 0.1614, -0.0305 0.2494 0.1614, -0.0459 0.2443 0.1614, -0.0329 0.2538 0.1614, -0.048 0.2475 0.1614, -0.0359 0.258 0.1614, -0.0506 0.2503 0.1614, -0.0394 0.2617 0.1614, -0.0536 0.2525 0.1614, -0.1732 0.2244 0.1614, -0.1843 0.2114 0.1614, -0.1702 0.2212 0.1614, -0.1803 0.2076 0.1614, -0.176 0.2043 0.1614, -0.1581 0.2825 0.1614, -0.1558 0.2668 0.1614, -0.1527 0.2828 0.1614, -0.1524 0.267 0.1614, -0.1497 0.2827 0.1614, -0.1483 0.2667 0.1614, -0.1443 0.2657 0.1614, -0.147 0.2012 0.1614, -0.1481 0.2034 0.1614, -0.1487 0.2059 0.1614, -0.0512 0.2004 0.1614, -0.0467 0.2025 0.1614, -0.0529 0.2176 0.1614, -0.0424 0.2052 0.1614, -0.0499 0.2199 0.1614, -0.0385 0.2086 0.1614, -0.0487 0.2212 0.1614, -0.037 0.2101 0.1614, -0.0465 0.2242 0.1614, -0.1322 0.2958 0.1614, -0.135 0.2939 0.1614, -0.1272 0.2797 0.1614, -0.1392 0.2905 0.1614, -0.1308 0.2762 0.1614, -0.143 0.2867 0.1614, -0.1339 0.2722 0.1614, -0.1365 0.2678 0.1614, -0.0556 0.275 0.1614, -0.0586 0.28 0.1614, -0.0734 0.2734 0.1614, -0.0621 0.2848 0.1614, -0.0768 0.2773 0.1614, -0.1784 0.2359 0.1614, -0.194 0.2295 0.1614, -0.1772 0.2318 0.1614, -0.1923 0.2243 0.1614, -0.1754 0.2278 0.1614, -0.19 0.2193 0.1614, -0.187 0.2147 0.1614, -0.1336 0.1979 0.1614, -0.1225 0.186 0.1614, -0.1316 0.1993 0.1614, -0.1196 0.1886 0.1614, -0.1168 0.1919 0.1614, -0.1461 0.182 0.1614, -0.1418 0.1811 0.1614, -0.1385 0.1967 0.1614, -0.1382 0.1809 0.1614, -0.1359 0.197 0.1614, -0.0439 0.2311 0.1614, -0.0273 0.2328 0.1614, -0.0436 0.2349 0.1614, -0.0272 0.2351 0.1614, -0.0437 0.237 0.1614, -0.0277 0.2401 0.1614, -0.0288 0.2448 0.1614, -0.0338 0.214 0.1614, -0.0313 0.2183 0.1614, -0.0449 0.2275 0.1614, -0.0293 0.2229 0.1614, -0.028 0.2278 0.1614, -0.134 0.1812 0.1614, -0.1299 0.1822 0.1614, -0.1261 0.1838 0.1614, -0.0757 0.2146 0.1614, -0.0821 0.2011 0.1614, -0.0813 0.2003 0.1614, -0.1034 0.3042 0.1614, -0.1031 0.2884 0.1614, -0.1016 0.3042 0.1614, -0.0981 0.288 0.1614, -0.1758 0.2528 0.1614, -0.192 0.2569 0.1614, -0.1775 0.2489 0.1614, -0.1938 0.2517 0.1614, -0.1784 0.2449 0.1614, -0.1949 0.2464 0.1614, -0.1788 0.2407 0.1614, -0.1954 0.2413 0.1614, -0.1788 0.2399 0.1614, -0.1954 0.2402 0.1614, -0.195 0.2348 0.1614, -0.0641 0.2554 0.1614, -0.0604 0.2551 0.1614, -0.0523 0.2693 0.1614, -0.0569 0.2541 0.1614, -0.0479 0.2675 0.1614, -0.0435 0.2649 0.1614, -0.0842 0.2064 0.1614, -0.0839 0.2045 0.1614, -0.0833 0.2027 0.1614, -0.0749 0.2144 0.1614, -0.0796 0.1991 0.1614, -0.1095 0.3039 0.1614, -0.1088 0.288 0.1614, -0.1039 0.2884 0.1614, -0.078 0.2143 0.1614, -0.0798 0.2136 0.1614, -0.0841 0.2072 0.1614, -0.0814 0.2125 0.1614, -0.0827 0.2111 0.1614, -0.0837 0.2092 0.1614, -0.1821 0.2711 0.1614, -0.183 0.2702 0.1614, -0.1736 0.2563 0.1614, -0.1866 0.2661 0.1614, -0.1896 0.2617 0.1614, -0.076 0.2146 0.1614, -0.0663 0.2893 0.1614, -0.0676 0.2905 0.1614, -0.08 0.2802 0.1614, -0.0726 0.2944 0.1614, -0.0842 0.2831 0.1614, -0.0779 0.2977 0.1614, -0.0886 0.2854 0.1614, -0.0836 0.3003 0.1614, -0.0933 0.287 0.1614, -0.0895 0.3023 0.1614, -0.0955 0.3036 0.1614, -0.0831 0.2433 0.1575, -0.0749 0.2293 0.1575, -0.1184 0.2249 0.1575, -0.1118 0.2098 0.1575, -0.1261 0.1838 0.1575, -0.163 0.2164 0.1575, -0.1409 0.2169 0.1575, -0.1433 0.216 0.1575, -0.1479 0.2109 0.1575, -0.1486 0.2084 0.1575, -0.176 0.2043 0.1575, -0.1487 0.2059 0.1575, -0.1713 0.2017 0.1575, -0.1118 0.2072 0.1575, -0.1121 0.2038 0.1575, -0.1225 0.186 0.1575, -0.1196 0.1886 0.1575, -0.1702 0.2212 0.1575, -0.1668 0.2185 0.1575, -0.1186 0.2851 0.1575, -0.1231 0.2827 0.1575, -0.1322 0.2958 0.1575, -0.1433 0.1979 0.1575, -0.1538 0.1859 0.1575, -0.1453 0.1993 0.1575, -0.1567 0.1883 0.1575, -0.147 0.2012 0.1575, -0.1385 0.1967 0.1575, -0.1359 0.197 0.1575, -0.134 0.1812 0.1575, -0.13 0.2012 0.1575, -0.1288 0.2035 0.1575, -0.1282 0.206 0.1575, -0.1283 0.2086 0.1575, -0.1365 0.2678 0.1575, -0.1385 0.2631 0.1575, -0.1466 0.2823 0.1575, -0.1404 0.2641 0.1575, -0.1641 0.2643 0.1575, -0.1686 0.2798 0.1575, -0.16 0.2659 0.1575, -0.1634 0.2815 0.1575, -0.1558 0.2668 0.1575, -0.1581 0.2825 0.1575, -0.1524 0.267 0.1575, -0.1803 0.2076 0.1575, -0.1843 0.2114 0.1575, -0.1732 0.2244 0.1575, -0.187 0.2147 0.1575, -0.1754 0.2278 0.1575, -0.19 0.2193 0.1575, -0.1772 0.2318 0.1575, -0.1453 0.2146 0.1575, -0.1466 0.2132 0.1575, -0.0734 0.2734 0.1575, -0.0586 0.28 0.1575, -0.0707 0.2691 0.1575, -0.0556 0.275 0.1575, -0.0685 0.2645 0.1575, -0.0533 0.2697 0.1575, -0.067 0.2596 0.1575, -0.135 0.2939 0.1575, -0.1272 0.2797 0.1575, -0.1392 0.2905 0.1575, -0.0569 0.2541 0.1575, -0.0604 0.2551 0.1575, -0.113 0.1996 0.1575, -0.1146 0.1956 0.1575, -0.1168 0.1919 0.1575, -0.1443 0.2657 0.1575, -0.1483 0.2667 0.1575, -0.1497 0.2827 0.1575, -0.1527 0.2828 0.1575, -0.143 0.2867 0.1575, -0.1308 0.2762 0.1575, -0.1339 0.2722 0.1575, -0.0449 0.2275 0.1575, -0.0313 0.2183 0.1575, -0.0465 0.2242 0.1575, -0.0338 0.214 0.1575, -0.0487 0.2212 0.1575, -0.037 0.2101 0.1575, -0.0499 0.2199 0.1575, -0.0385 0.2086 0.1575, -0.0529 0.2176 0.1575, -0.0459 0.2443 0.1575, -0.0305 0.2494 0.1575, -0.0444 0.2408 0.1575, -0.0288 0.2448 0.1575, -0.0437 0.237 0.1575, -0.0277 0.2401 0.1575, -0.0436 0.2349 0.1575, -0.0641 0.2554 0.1575, -0.0662 0.2554 0.1575, -0.1594 0.1914 0.1575, -0.1616 0.1949 0.1575, -0.1481 0.2034 0.1575, -0.1632 0.1988 0.1575, -0.1662 0.1996 0.1575, -0.1299 0.1822 0.1575, -0.1336 0.1979 0.1575, -0.1316 0.1993 0.1575, -0.1385 0.2172 0.1575, -0.1368 0.2338 0.1575, -0.1367 0.2171 0.1575, -0.1328 0.2333 0.1575, -0.1342 0.2163 0.1575, -0.1382 0.1809 0.1575, -0.1418 0.1811 0.1575, -0.1408 0.1969 0.1575, -0.1461 0.182 0.1575, -0.1501 0.1836 0.1575, -0.1287 0.2321 0.1575, -0.1248 0.2302 0.1575, -0.132 0.2149 0.1575, -0.1214 0.2278 0.1575, -0.1302 0.2131 0.1575, -0.129 0.211 0.1575, -0.1502 0.2309 0.1575, -0.1464 0.2325 0.1575, -0.1775 0.2489 0.1575, -0.192 0.2569 0.1575, -0.1758 0.2528 0.1575, -0.1896 0.2617 0.1575, -0.1736 0.2563 0.1575, -0.1923 0.2243 0.1575, -0.194 0.2295 0.1575, -0.1784 0.2359 0.1575, -0.195 0.2348 0.1575, -0.1788 0.2399 0.1575, -0.1954 0.2402 0.1575, -0.1788 0.2407 0.1575, -0.1954 0.2413 0.1575, -0.1784 0.2449 0.1575, -0.1949 0.2464 0.1575, -0.1938 0.2517 0.1575, -0.0813 0.2003 0.1575, -0.0821 0.2011 0.1575, -0.0757 0.2146 0.1575, -0.0833 0.2027 0.1575, -0.0272 0.2351 0.1575, -0.0273 0.2328 0.1575, -0.0439 0.2311 0.1575, -0.028 0.2278 0.1575, -0.0293 0.2229 0.1575, -0.0523 0.2693 0.1575, -0.0479 0.2675 0.1575, -0.0536 0.2525 0.1575, -0.0435 0.2649 0.1575, -0.0506 0.2503 0.1575, -0.0394 0.2617 0.1575, -0.048 0.2475 0.1575, -0.0359 0.258 0.1575, -0.0329 0.2538 0.1575, -0.1595 0.2228 0.1575, -0.1567 0.2261 0.1575, -0.1535 0.2289 0.1575, -0.1424 0.2335 0.1575, -0.1382 0.2338 0.1575, -0.1866 0.2661 0.1575, -0.183 0.2702 0.1575, -0.171 0.2593 0.1575, -0.1821 0.2711 0.1575, -0.1678 0.2621 0.1575, -0.1781 0.2744 0.1575, -0.1735 0.2774 0.1575, -0.0424 0.2052 0.1575, -0.0467 0.2025 0.1575, -0.0562 0.2158 0.1575, -0.0512 0.2004 0.1575, -0.0599 0.2147 0.1575, -0.056 0.199 0.1575, -0.0626 0.2143 0.1575, -0.061 0.1982 0.1575, -0.0744 0.2143 0.1575, -0.0765 0.1982 0.1575, -0.0749 0.2144 0.1575, -0.0778 0.1984 0.1575, -0.0796 0.1991 0.1575, -0.0839 0.2045 0.1575, -0.0842 0.2064 0.1575, -0.0841 0.2072 0.1575, -0.1618 0.2191 0.1575, -0.0837 0.2092 0.1575, -0.0827 0.2111 0.1575, -0.0814 0.2125 0.1575, -0.0798 0.2136 0.1575, -0.08 0.2802 0.1575, -0.0676 0.2905 0.1575, -0.0768 0.2773 0.1575, -0.0663 0.2893 0.1575, -0.0621 0.2848 0.1575, -0.1268 0.2988 0.1575, -0.1212 0.3012 0.1575, -0.1138 0.2869 0.1575, -0.1154 0.3028 0.1575, -0.1088 0.288 0.1575, -0.1095 0.3039 0.1575, -0.1039 0.2884 0.1575, -0.1034 0.3042 0.1575, -0.1031 0.2884 0.1575, -0.1016 0.3042 0.1575, -0.0981 0.288 0.1575, -0.0955 0.3036 0.1575, -0.0933 0.287 0.1575, -0.0895 0.3023 0.1575, -0.0886 0.2854 0.1575, -0.0836 0.3003 0.1575, -0.0842 0.2831 0.1575, -0.0779 0.2977 0.1575, -0.0726 0.2944 0.1575, -0.078 0.2143 0.1575, -0.076 0.2146 0.1575, 0.0227 0.2614 0.1614, 0.0227 0.2572 0.1614, 0.0227 0.2614 0.1575, 0.0227 0.2572 0.1575, 0.0079 0.2614 0.1614, 0.0079 0.2614 0.1575, 0.0079 0.2942 0.1614, 0.0079 0.2942 0.1575, 0.0031 0.2942 0.1614, 0.0031 0.2942 0.1575, 0.0031 0.2572 0.1614, 0.0031 0.2572 0.1575, 0.0417 0.2566 0.1614, 0.0417 0.2566 0.1575, 0.0439 0.2566 0.1575, 0.0439 0.2566 0.1614, 0.046 0.2569 0.1575, 0.046 0.2569 0.1614, 0.0479 0.2572 0.1575, 0.0479 0.2572 0.1614, 0.0497 0.2577 0.1575, 0.0497 0.2577 0.1614, 0.0512 0.2583 0.1575, 0.0512 0.2583 0.1614, 0.0519 0.2587 0.1575, 0.0519 0.2587 0.1614, 0.0519 0.2633 0.1614, 0.0519 0.2633 0.1575, 0.0505 0.2625 0.1575, 0.0505 0.2625 0.1614, 0.0491 0.2619 0.1575, 0.0491 0.2619 0.1614, 0.0475 0.2614 0.1575, 0.0475 0.2614 0.1614, 0.0458 0.2611 0.1575, 0.0458 0.2611 0.1614, 0.0441 0.2609 0.1575, 0.0441 0.2609 0.1614, 0.0424 0.2608 0.1575, 0.0424 0.2608 0.1614, 0.0407 0.2609 0.1575, 0.0407 0.2609 0.1614, 0.0392 0.2611 0.1575, 0.0392 0.2611 0.1614, 0.0378 0.2615 0.1575, 0.0378 0.2615 0.1614, 0.0365 0.262 0.1575, 0.0365 0.262 0.1614, 0.0353 0.2627 0.1575, 0.0353 0.2627 0.1614, 0.0342 0.2634 0.1575, 0.0342 0.2634 0.1614, 0.0332 0.2644 0.1575, 0.0332 0.2644 0.1614, 0.0328 0.2647 0.1575, 0.0328 0.2647 0.1614, 0.0319 0.2658 0.1575, 0.0319 0.2658 0.1614, 0.0312 0.267 0.1575, 0.0312 0.267 0.1614, 0.0305 0.2683 0.1575, 0.0305 0.2683 0.1614, 0.03 0.2696 0.1575, 0.03 0.2696 0.1614, 0.0296 0.2711 0.1575, 0.0296 0.2711 0.1614, 0.0293 0.2728 0.1575, 0.0293 0.2728 0.1614, 0.0292 0.2745 0.1575, 0.0292 0.2745 0.1614, 0.0292 0.2753 0.1575, 0.0292 0.2753 0.1614, 0.0293 0.2772 0.1575, 0.0293 0.2772 0.1614, 0.0295 0.279 0.1575, 0.0295 0.279 0.1614, 0.0299 0.2807 0.1575, 0.0299 0.2807 0.1614, 0.0304 0.2822 0.1575, 0.0304 0.2822 0.1614, 0.031 0.2835 0.1575, 0.031 0.2835 0.1614, 0.0318 0.2848 0.1575, 0.0318 0.2848 0.1614, 0.0327 0.286 0.1575, 0.0327 0.286 0.1614, 0.0331 0.2864 0.1575, 0.0331 0.2864 0.1614, 0.0342 0.2875 0.1575, 0.0342 0.2875 0.1614, 0.0353 0.2883 0.1575, 0.0353 0.2883 0.1614, 0.0365 0.289 0.1575, 0.0365 0.289 0.1614, 0.0378 0.2896 0.1575, 0.0378 0.2896 0.1614, 0.0392 0.2901 0.1575, 0.0392 0.2901 0.1614, 0.0406 0.2904 0.1575, 0.0406 0.2904 0.1614, 0.0422 0.2905 0.1575, 0.0422 0.2905 0.1614, 0.0432 0.2906 0.1575, 0.0432 0.2906 0.1614, 0.045 0.2905 0.1575, 0.045 0.2905 0.1614, 0.0467 0.2902 0.1575, 0.0467 0.2902 0.1614, 0.0483 0.2899 0.1575, 0.0483 0.2899 0.1614, 0.0499 0.2893 0.1575, 0.0499 0.2893 0.1614, 0.0514 0.2886 0.1575, 0.0514 0.2886 0.1614, 0.0519 0.2884 0.1575, 0.0519 0.2884 0.1614, 0.0519 0.2934 0.1614, 0.0519 0.2934 0.1575, 0.0505 0.2939 0.1575, 0.0505 0.2939 0.1614, 0.0489 0.2943 0.1575, 0.0489 0.2943 0.1614, 0.0471 0.2946 0.1575, 0.0471 0.2946 0.1614, 0.0451 0.2948 0.1575, 0.0451 0.2948 0.1614, 0.0432 0.2949 0.1575, 0.0432 0.2949 0.1614, 0.0412 0.2948 0.1575, 0.0412 0.2948 0.1614, 0.0394 0.2946 0.1575, 0.0394 0.2946 0.1614, 0.0376 0.2942 0.1575, 0.0376 0.2942 0.1614, 0.036 0.2937 0.1575, 0.036 0.2937 0.1614, 0.0345 0.293 0.1575, 0.0345 0.293 0.1614, 0.033 0.2922 0.1575, 0.033 0.2922 0.1614, 0.0316 0.2913 0.1575, 0.0316 0.2913 0.1614, 0.0303 0.2902 0.1575, 0.0303 0.2902 0.1614, 0.0295 0.2894 0.1575, 0.0295 0.2894 0.1614, 0.0284 0.2881 0.1575, 0.0284 0.2881 0.1614, 0.0274 0.2868 0.1575, 0.0274 0.2868 0.1614, 0.0265 0.2854 0.1575, 0.0265 0.2854 0.1614, 0.0258 0.2838 0.1575, 0.0258 0.2838 0.1614, 0.0252 0.2822 0.1575, 0.0252 0.2822 0.1614, 0.0248 0.2805 0.1575, 0.0248 0.2805 0.1614, 0.0244 0.2787 0.1575, 0.0244 0.2787 0.1614, 0.0242 0.2767 0.1575, 0.0242 0.2767 0.1614, 0.0242 0.275 0.1575, 0.0242 0.275 0.1614, 0.0243 0.2729 0.1575, 0.0243 0.2729 0.1614, 0.0245 0.271 0.1575, 0.0245 0.271 0.1614, 0.0249 0.2691 0.1575, 0.0249 0.2691 0.1614, 0.0254 0.2675 0.1575, 0.0254 0.2675 0.1614, 0.026 0.2659 0.1575, 0.026 0.2659 0.1614, 0.0268 0.2645 0.1575, 0.0268 0.2645 0.1614, 0.0277 0.2631 0.1575, 0.0277 0.2631 0.1614, 0.0287 0.2619 0.1575, 0.0287 0.2619 0.1614, 0.0289 0.2616 0.1575, 0.0289 0.2616 0.1614, 0.0301 0.2605 0.1575, 0.0301 0.2605 0.1614, 0.0313 0.2595 0.1575, 0.0313 0.2595 0.1614, 0.0326 0.2587 0.1575, 0.0326 0.2587 0.1614, 0.034 0.258 0.1575, 0.034 0.258 0.1614, 0.0355 0.2575 0.1575, 0.0355 0.2575 0.1614, 0.0371 0.257 0.1575, 0.0371 0.257 0.1614, 0.0388 0.2567 0.1575, 0.0388 0.2567 0.1614, 0.0406 0.2566 0.1575, 0.0406 0.2566 0.1614, 0.0793 0.2614 0.1614, 0.0793 0.2572 0.1614, 0.0793 0.2614 0.1575, 0.0793 0.2572 0.1575, 0.0641 0.2614 0.1614, 0.0641 0.2614 0.1575, 0.0641 0.2739 0.1614, 0.0641 0.2739 0.1575, 0.0774 0.2739 0.1614, 0.0774 0.2739 0.1575, 0.0774 0.2781 0.1614, 0.0774 0.2781 0.1575, 0.0641 0.2781 0.1614, 0.0641 0.2781 0.1575, 0.0641 0.29 0.1614, 0.0641 0.29 0.1575, 0.0784 0.29 0.1614, 0.0784 0.29 0.1575, 0.0784 0.2942 0.1614, 0.0784 0.2942 0.1575, 0.0594 0.2942 0.1614, 0.0594 0.2942 0.1575, 0.0594 0.2572 0.1614, 0.0594 0.2572 0.1575, 0.1034 0.2626 0.1614, 0.1059 0.2591 0.1614, 0.1047 0.2632 0.1614, 0.1075 0.2598 0.1614, 0.1059 0.264 0.1614, 0.1089 0.2608 0.1614, 0.107 0.2648 0.1614, 0.1103 0.2618 0.1614, 0.1075 0.2653 0.1614, 0.1109 0.2624 0.1614, 0.1084 0.2663 0.1614, 0.1121 0.2636 0.1614, 0.1092 0.2674 0.1614, 0.1131 0.2649 0.1614, 0.1099 0.2686 0.1614, 0.114 0.2663 0.1614, 0.1105 0.2699 0.1614, 0.1111 0.2796 0.1614, 0.1158 0.2816 0.1614, 0.1108 0.2812 0.1614, 0.1153 0.2832 0.1614, 0.1103 0.2826 0.1614, 0.1146 0.2846 0.1614, 0.1096 0.2838 0.1614, 0.1138 0.286 0.1614, 0.1089 0.2849 0.1614, 0.1148 0.2677 0.1614, 0.1154 0.2692 0.1614, 0.1109 0.2714 0.1614, 0.1159 0.2709 0.1614, 0.1112 0.273 0.1614, 0.1162 0.2726 0.1614, 0.1114 0.2747 0.1614, 0.1164 0.2744 0.1614, 0.1114 0.2761 0.1614, 0.1165 0.2762 0.1614, 0.1114 0.2779 0.1614, 0.1164 0.2781 0.1614, 0.1162 0.2799 0.1614, 0.1129 0.2873 0.1614, 0.1118 0.2885 0.1614, 0.108 0.2859 0.1614, 0.1109 0.2893 0.1614, 0.1074 0.2865 0.1614, 0.1095 0.2904 0.1614, 0.1062 0.2874 0.1614, 0.1081 0.2914 0.1614, 0.105 0.2881 0.1614, 0.1065 0.2922 0.1614, 0.1036 0.2888 0.1614, 0.1049 0.2929 0.1614, 0.1022 0.2893 0.1614, 0.1032 0.2934 0.1614, 0.1006 0.2896 0.1614, 0.1014 0.2939 0.1614, 0.0989 0.2899 0.1614, 0.0995 0.2941 0.1614, 0.0971 0.29 0.1614, 0.0975 0.2942 0.1614, 0.0967 0.29 0.1614, 0.0969 0.2942 0.1614, 0.0911 0.29 0.1614, 0.0863 0.2942 0.1614, 0.0911 0.2614 0.1614, 0.0863 0.2572 0.1614, 0.0965 0.2614 0.1614, 0.0965 0.2572 0.1614, 0.0984 0.2615 0.1614, 0.0986 0.2573 0.1614, 0.1002 0.2617 0.1614, 0.1006 0.2575 0.1614, 0.1019 0.2621 0.1614, 0.1025 0.2579 0.1614, 0.1043 0.2584 0.1614, 0.1062 0.2874 0.1575, 0.1095 0.2904 0.1575, 0.1074 0.2865 0.1575, 0.1109 0.2893 0.1575, 0.108 0.2859 0.1575, 0.1118 0.2885 0.1575, 0.1089 0.2849 0.1575, 0.1129 0.2873 0.1575, 0.1096 0.2838 0.1575, 0.1138 0.286 0.1575, 0.1103 0.2826 0.1575, 0.1146 0.2846 0.1575, 0.1108 0.2812 0.1575, 0.1047 0.2632 0.1575, 0.1059 0.2591 0.1575, 0.1034 0.2626 0.1575, 0.1043 0.2584 0.1575, 0.1019 0.2621 0.1575, 0.1025 0.2579 0.1575, 0.1002 0.2617 0.1575, 0.1006 0.2575 0.1575, 0.0984 0.2615 0.1575, 0.0986 0.2573 0.1575, 0.0965 0.2614 0.1575, 0.0965 0.2572 0.1575, 0.0911 0.2614 0.1575, 0.0863 0.2572 0.1575, 0.0911 0.29 0.1575, 0.0863 0.2942 0.1575, 0.0967 0.29 0.1575, 0.0969 0.2942 0.1575, 0.0971 0.29 0.1575, 0.0975 0.2942 0.1575, 0.0989 0.2899 0.1575, 0.0995 0.2941 0.1575, 0.1006 0.2896 0.1575, 0.1014 0.2939 0.1575, 0.1022 0.2893 0.1575, 0.1032 0.2934 0.1575, 0.1036 0.2888 0.1575, 0.1049 0.2929 0.1575, 0.105 0.2881 0.1575, 0.1065 0.2922 0.1575, 0.1081 0.2914 0.1575, 0.1109 0.2714 0.1575, 0.1154 0.2692 0.1575, 0.1105 0.2699 0.1575, 0.1148 0.2677 0.1575, 0.1099 0.2686 0.1575, 0.114 0.2663 0.1575, 0.1092 0.2674 0.1575, 0.1131 0.2649 0.1575, 0.1084 0.2663 0.1575, 0.1121 0.2636 0.1575, 0.1075 0.2653 0.1575, 0.1109 0.2624 0.1575, 0.107 0.2648 0.1575, 0.1103 0.2618 0.1575, 0.1059 0.264 0.1575, 0.1089 0.2608 0.1575, 0.1075 0.2598 0.1575, 0.1153 0.2832 0.1575, 0.1158 0.2816 0.1575, 0.1111 0.2796 0.1575, 0.1162 0.2799 0.1575, 0.1114 0.2779 0.1575, 0.1164 0.2781 0.1575, 0.1114 0.2761 0.1575, 0.1165 0.2762 0.1575, 0.1114 0.2747 0.1575, 0.1164 0.2744 0.1575, 0.1112 0.273 0.1575, 0.1162 0.2726 0.1575, 0.1159 0.2709 0.1575, 0.1289 0.2715 0.1614, 0.1274 0.2673 0.1614, 0.1413 0.2715 0.1614, 0.1428 0.2673 0.1614, 0.1344 0.2869 0.1614, 0.1326 0.2942 0.1614, 0.1185 0.2572 0.1614, 0.1238 0.2572 0.1614, 0.1348 0.288 0.1614, 0.135 0.2895 0.1614, 0.1378 0.2942 0.1614, 0.1352 0.2895 0.1614, 0.1355 0.2879 0.1614, 0.1357 0.2869 0.1614, 0.1519 0.2572 0.1614, 0.1466 0.2572 0.1614, 0.1274 0.2673 0.1575, 0.1289 0.2715 0.1575, 0.1428 0.2673 0.1575, 0.1413 0.2715 0.1575, 0.1357 0.2869 0.1575, 0.1378 0.2942 0.1575, 0.1519 0.2572 0.1575, 0.1466 0.2572 0.1575, 0.1355 0.2879 0.1575, 0.1352 0.2895 0.1575, 0.1326 0.2942 0.1575, 0.135 0.2895 0.1575, 0.1348 0.288 0.1575, 0.1344 0.2869 0.1575, 0.1185 0.2572 0.1575, 0.1238 0.2572 0.1575, 0.0231 0.2026 0.1614, 0.0231 0.1984 0.1614, 0.0231 0.2026 0.1575, 0.0231 0.1984 0.1575, 0.0079 0.2026 0.1614, 0.0079 0.2026 0.1575, 0.0079 0.2151 0.1614, 0.0079 0.2151 0.1575, 0.0212 0.2151 0.1614, 0.0212 0.2151 0.1575, 0.0212 0.2193 0.1614, 0.0212 0.2193 0.1575, 0.0079 0.2193 0.1614, 0.0079 0.2193 0.1575, 0.0079 0.2312 0.1614, 0.0079 0.2312 0.1575, 0.0222 0.2312 0.1614, 0.0222 0.2312 0.1575, 0.0222 0.2354 0.1614, 0.0222 0.2354 0.1575, 0.0031 0.2354 0.1614, 0.0031 0.2354 0.1575, 0.0031 0.1984 0.1614, 0.0031 0.1984 0.1575, 0.0354 0.2103 0.1614, 0.0365 0.2106 0.1614, 0.0441 0.2152 0.1614, 0.0379 0.2108 0.1614, 0.0313 0.2125 0.1614, 0.0334 0.2092 0.1614, 0.034 0.2096 0.1614, 0.0425 0.2204 0.1614, 0.045 0.2241 0.1614, 0.0419 0.2208 0.1614, 0.0441 0.2245 0.1614, 0.0413 0.2212 0.1614, 0.0432 0.2249 0.1614, 0.0406 0.2215 0.1614, 0.0441 0.2089 0.1614, 0.0441 0.2079 0.1614, 0.0488 0.2154 0.1614, 0.0429 0.2199 0.1614, 0.0464 0.2229 0.1614, 0.0457 0.2236 0.1614, 0.0331 0.2032 0.1614, 0.0327 0.2038 0.1614, 0.0288 0.2009 0.1614, 0.0304 0.212 0.1614, 0.0297 0.2114 0.1614, 0.033 0.2087 0.1614, 0.0441 0.1984 0.1614, 0.0488 0.1984 0.1614, 0.0441 0.2025 0.1614, 0.0439 0.2069 0.1614, 0.0296 0.2113 0.1614, 0.029 0.2106 0.1614, 0.0327 0.2081 0.1614, 0.0285 0.2098 0.1614, 0.0324 0.2075 0.1614, 0.0363 0.2141 0.1614, 0.0348 0.2138 0.1614, 0.0346 0.21 0.1614, 0.0335 0.2135 0.1614, 0.0323 0.213 0.1614, 0.0439 0.2176 0.1614, 0.0483 0.2195 0.1614, 0.0436 0.2185 0.1614, 0.0479 0.2205 0.1614, 0.0433 0.2192 0.1614, 0.0475 0.2215 0.1614, 0.047 0.2223 0.1614, 0.0336 0.2028 0.1614, 0.0313 0.1988 0.1614, 0.0341 0.2023 0.1614, 0.0322 0.1984 0.1614, 0.0348 0.202 0.1614, 0.0331 0.1981 0.1614, 0.0355 0.2017 0.1614, 0.0294 0.2002 0.1614, 0.0298 0.1998 0.1614, 0.0305 0.1993 0.1614, 0.0323 0.2051 0.1614, 0.0277 0.2034 0.1614, 0.0324 0.2044 0.1614, 0.028 0.2024 0.1614, 0.0284 0.2016 0.1614, 0.0487 0.2169 0.1614, 0.0441 0.2117 0.1614, 0.0441 0.2091 0.1614, 0.0441 0.2167 0.1614, 0.0485 0.2183 0.1614, 0.0441 0.2155 0.1614, 0.0281 0.209 0.1614, 0.0278 0.2081 0.1614, 0.0323 0.2067 0.1614, 0.0276 0.2071 0.1614, 0.0322 0.2058 0.1614, 0.0422 0.2252 0.1614, 0.041 0.2254 0.1614, 0.0397 0.2216 0.1614, 0.0397 0.2254 0.1614, 0.0388 0.2217 0.1614, 0.0392 0.2255 0.1614, 0.0383 0.2217 0.1614, 0.0376 0.2254 0.1614, 0.0371 0.2216 0.1614, 0.0361 0.2252 0.1614, 0.0359 0.2214 0.1614, 0.0347 0.2249 0.1614, 0.0347 0.221 0.1614, 0.0334 0.2245 0.1614, 0.0335 0.2206 0.1614, 0.0321 0.2241 0.1614, 0.0323 0.22 0.1614, 0.0309 0.2235 0.1614, 0.0312 0.2193 0.1614, 0.0301 0.223 0.1614, 0.0301 0.2185 0.1614, 0.0436 0.206 0.1614, 0.0432 0.2052 0.1614, 0.044 0.2025 0.1614, 0.0427 0.2044 0.1614, 0.0438 0.2021 0.1614, 0.0381 0.2016 0.1614, 0.0391 0.1983 0.1614, 0.039 0.2018 0.1614, 0.0401 0.1986 0.1614, 0.0398 0.2021 0.1614, 0.0409 0.1991 0.1614, 0.0406 0.2024 0.1614, 0.0275 0.2061 0.1614, 0.0275 0.2055 0.1614, 0.0276 0.2044 0.1614, 0.0417 0.1997 0.1614, 0.0425 0.2004 0.1614, 0.0413 0.2029 0.1614, 0.0431 0.2012 0.1614, 0.042 0.2035 0.1614, 0.0421 0.2037 0.1614, 0.0341 0.1979 0.1614, 0.0353 0.1978 0.1614, 0.0363 0.2016 0.1614, 0.0359 0.1977 0.1614, 0.0371 0.2016 0.1614, 0.037 0.1978 0.1614, 0.0381 0.198 0.1614, 0.0312 0.2193 0.1575, 0.0301 0.2185 0.1575, 0.0301 0.223 0.1575, 0.045 0.2241 0.1575, 0.0425 0.2204 0.1575, 0.0419 0.2208 0.1575, 0.0331 0.2032 0.1575, 0.0288 0.2009 0.1575, 0.0327 0.2038 0.1575, 0.0284 0.2016 0.1575, 0.0324 0.2044 0.1575, 0.0334 0.2092 0.1575, 0.033 0.2087 0.1575, 0.0297 0.2114 0.1575, 0.0439 0.2069 0.1575, 0.0441 0.2079 0.1575, 0.0488 0.2154 0.1575, 0.0323 0.2051 0.1575, 0.0275 0.2055 0.1575, 0.0322 0.2058 0.1575, 0.0275 0.2061 0.1575, 0.0323 0.2067 0.1575, 0.0327 0.2081 0.1575, 0.029 0.2106 0.1575, 0.0296 0.2113 0.1575, 0.0457 0.2236 0.1575, 0.0464 0.2229 0.1575, 0.0429 0.2199 0.1575, 0.047 0.2223 0.1575, 0.0433 0.2192 0.1575, 0.0475 0.2215 0.1575, 0.0436 0.2185 0.1575, 0.0397 0.2216 0.1575, 0.041 0.2254 0.1575, 0.0406 0.2215 0.1575, 0.0422 0.2252 0.1575, 0.0413 0.2212 0.1575, 0.0432 0.2249 0.1575, 0.0441 0.2245 0.1575, 0.0436 0.206 0.1575, 0.0441 0.2025 0.1575, 0.0441 0.1984 0.1575, 0.0488 0.1984 0.1575, 0.028 0.2024 0.1575, 0.0277 0.2034 0.1575, 0.0276 0.2044 0.1575, 0.0336 0.2028 0.1575, 0.0298 0.1998 0.1575, 0.0294 0.2002 0.1575, 0.0341 0.2023 0.1575, 0.0313 0.1988 0.1575, 0.0305 0.1993 0.1575, 0.0304 0.212 0.1575, 0.0313 0.2125 0.1575, 0.034 0.2096 0.1575, 0.0323 0.213 0.1575, 0.0346 0.21 0.1575, 0.0335 0.2135 0.1575, 0.0354 0.2103 0.1575, 0.0348 0.2138 0.1575, 0.0365 0.2106 0.1575, 0.0363 0.2141 0.1575, 0.0276 0.2071 0.1575, 0.0278 0.2081 0.1575, 0.0324 0.2075 0.1575, 0.0281 0.209 0.1575, 0.0285 0.2098 0.1575, 0.0441 0.2117 0.1575, 0.0487 0.2169 0.1575, 0.0441 0.2091 0.1575, 0.0441 0.2089 0.1575, 0.0479 0.2205 0.1575, 0.0483 0.2195 0.1575, 0.0439 0.2176 0.1575, 0.0485 0.2183 0.1575, 0.0441 0.2167 0.1575, 0.0441 0.2155 0.1575, 0.0441 0.2152 0.1575, 0.0379 0.2108 0.1575, 0.0438 0.2021 0.1575, 0.0431 0.2012 0.1575, 0.0413 0.2029 0.1575, 0.0425 0.2004 0.1575, 0.0406 0.2024 0.1575, 0.0417 0.1997 0.1575, 0.0398 0.2021 0.1575, 0.0409 0.1991 0.1575, 0.039 0.2018 0.1575, 0.0323 0.22 0.1575, 0.0309 0.2235 0.1575, 0.0335 0.2206 0.1575, 0.0321 0.2241 0.1575, 0.0347 0.221 0.1575, 0.0334 0.2245 0.1575, 0.0359 0.2214 0.1575, 0.0347 0.2249 0.1575, 0.0371 0.2216 0.1575, 0.0361 0.2252 0.1575, 0.0383 0.2217 0.1575, 0.0376 0.2254 0.1575, 0.0388 0.2217 0.1575, 0.0392 0.2255 0.1575, 0.0397 0.2254 0.1575, 0.0363 0.2016 0.1575, 0.0353 0.1978 0.1575, 0.0355 0.2017 0.1575, 0.0341 0.1979 0.1575, 0.0348 0.202 0.1575, 0.0331 0.1981 0.1575, 0.0322 0.1984 0.1575, 0.0401 0.1986 0.1575, 0.0391 0.1983 0.1575, 0.0381 0.2016 0.1575, 0.0381 0.198 0.1575, 0.0371 0.2016 0.1575, 0.037 0.1978 0.1575, 0.0359 0.1977 0.1575, 0.042 0.2035 0.1575, 0.0421 0.2037 0.1575, 0.044 0.2025 0.1575, 0.0427 0.2044 0.1575, 0.0432 0.2052 0.1575, 0.0627 0.2015 0.1614, 0.0627 0.2015 0.1575, 0.0615 0.2016 0.1575, 0.0615 0.2016 0.1614, 0.0603 0.2018 0.1575, 0.0603 0.2018 0.1614, 0.0592 0.202 0.1575, 0.0592 0.202 0.1614, 0.0581 0.2024 0.1575, 0.0581 0.2024 0.1614, 0.057 0.2029 0.1575, 0.057 0.2029 0.1614, 0.0559 0.2035 0.1575, 0.0559 0.2035 0.1614, 0.0551 0.2041 0.1575, 0.0551 0.2041 0.1614, 0.0551 0.1993 0.1614, 0.0551 0.1993 0.1575, 0.0562 0.1988 0.1575, 0.0562 0.1988 0.1614, 0.0574 0.1984 0.1575, 0.0574 0.1984 0.1614, 0.0586 0.1981 0.1575, 0.0586 0.1981 0.1614, 0.0599 0.1979 0.1575, 0.0599 0.1979 0.1614, 0.0613 0.1978 0.1575, 0.0613 0.1978 0.1614, 0.0622 0.1977 0.1575, 0.0622 0.1977 0.1614, 0.0637 0.1978 0.1575, 0.0637 0.1978 0.1614, 0.0651 0.198 0.1575, 0.0651 0.198 0.1614, 0.0664 0.1982 0.1575, 0.0664 0.1982 0.1614, 0.0675 0.1986 0.1575, 0.0675 0.1986 0.1614, 0.0685 0.199 0.1575, 0.0685 0.199 0.1614, 0.0695 0.1995 0.1575, 0.0695 0.1995 0.1614, 0.07 0.1999 0.1575, 0.07 0.1999 0.1614, 0.0707 0.2004 0.1575, 0.0707 0.2004 0.1614, 0.0713 0.2011 0.1575, 0.0713 0.2011 0.1614, 0.0719 0.2018 0.1575, 0.0719 0.2018 0.1614, 0.0723 0.2025 0.1575, 0.0723 0.2025 0.1614, 0.0726 0.2033 0.1575, 0.0726 0.2033 0.1614, 0.0728 0.2041 0.1575, 0.0728 0.2041 0.1614, 0.0729 0.205 0.1575, 0.0729 0.205 0.1614, 0.0729 0.2056 0.1575, 0.0729 0.2056 0.1614, 0.0729 0.2065 0.1575, 0.0729 0.2065 0.1614, 0.0727 0.2074 0.1575, 0.0727 0.2074 0.1614, 0.0725 0.2082 0.1575, 0.0725 0.2082 0.1614, 0.0721 0.2089 0.1575, 0.0721 0.2089 0.1614, 0.0717 0.2096 0.1575, 0.0717 0.2096 0.1614, 0.0714 0.21 0.1575, 0.0714 0.21 0.1614, 0.0708 0.2105 0.1575, 0.0708 0.2105 0.1614, 0.0701 0.2111 0.1575, 0.0701 0.2111 0.1614, 0.0691 0.2117 0.1575, 0.0691 0.2117 0.1614, 0.0679 0.2123 0.1575, 0.0679 0.2123 0.1614, 0.0664 0.213 0.1575, 0.0664 0.213 0.1614, 0.0654 0.2134 0.1575, 0.0654 0.2134 0.1614, 0.0634 0.2142 0.1575, 0.0634 0.2142 0.1614, 0.0621 0.2148 0.1575, 0.0621 0.2148 0.1614, 0.0613 0.2153 0.1575, 0.0613 0.2153 0.1614, 0.0609 0.2157 0.1575, 0.0609 0.2157 0.1614, 0.0605 0.2161 0.1575, 0.0605 0.2161 0.1614, 0.0602 0.2165 0.1575, 0.0602 0.2165 0.1614, 0.06 0.2171 0.1575, 0.06 0.2171 0.1614, 0.0599 0.2177 0.1575, 0.0599 0.2177 0.1614, 0.0599 0.2181 0.1575, 0.0599 0.2181 0.1614, 0.0599 0.2187 0.1575, 0.0599 0.2187 0.1614, 0.0601 0.2193 0.1575, 0.0601 0.2193 0.1614, 0.0604 0.2198 0.1575, 0.0604 0.2198 0.1614, 0.0607 0.2202 0.1575, 0.0607 0.2202 0.1614, 0.0612 0.2206 0.1575, 0.0612 0.2206 0.1614, 0.0613 0.2207 0.1575, 0.0613 0.2207 0.1614, 0.0619 0.2211 0.1575, 0.0619 0.2211 0.1614, 0.0626 0.2213 0.1575, 0.0626 0.2213 0.1614, 0.0634 0.2215 0.1575, 0.0634 0.2215 0.1614, 0.0642 0.2217 0.1575, 0.0642 0.2217 0.1614, 0.0649 0.2217 0.1575, 0.0649 0.2217 0.1614, 0.0662 0.2216 0.1575, 0.0662 0.2216 0.1614, 0.0674 0.2215 0.1575, 0.0674 0.2215 0.1614, 0.0685 0.2212 0.1575, 0.0685 0.2212 0.1614, 0.0696 0.2208 0.1575, 0.0696 0.2208 0.1614, 0.0707 0.2204 0.1575, 0.0707 0.2204 0.1614, 0.0717 0.2198 0.1575, 0.0717 0.2198 0.1614, 0.0717 0.2243 0.1614, 0.0717 0.2243 0.1575, 0.0705 0.2247 0.1575, 0.0705 0.2247 0.1614, 0.0692 0.2251 0.1575, 0.0692 0.2251 0.1614, 0.0679 0.2253 0.1575, 0.0679 0.2253 0.1614, 0.0666 0.2254 0.1575, 0.0666 0.2254 0.1614, 0.0654 0.2255 0.1575, 0.0654 0.2255 0.1614, 0.064 0.2254 0.1575, 0.064 0.2254 0.1614, 0.0627 0.2252 0.1575, 0.0627 0.2252 0.1614, 0.0616 0.225 0.1575, 0.0616 0.225 0.1614, 0.0604 0.2246 0.1575, 0.0604 0.2246 0.1614, 0.0594 0.2242 0.1575, 0.0594 0.2242 0.1614, 0.0585 0.2236 0.1575, 0.0585 0.2236 0.1614, 0.0581 0.2234 0.1575, 0.0581 0.2234 0.1614, 0.0573 0.2227 0.1575, 0.0573 0.2227 0.1614, 0.0566 0.2221 0.1575, 0.0566 0.2221 0.1614, 0.0561 0.2214 0.1575, 0.0561 0.2214 0.1614, 0.0557 0.2206 0.1575, 0.0557 0.2206 0.1614, 0.0554 0.2199 0.1575, 0.0554 0.2199 0.1614, 0.0552 0.219 0.1575, 0.0552 0.219 0.1614, 0.0551 0.2182 0.1575, 0.0551 0.2182 0.1614, 0.0551 0.2177 0.1575, 0.0551 0.2177 0.1614, 0.0551 0.2167 0.1575, 0.0551 0.2167 0.1614, 0.0553 0.2158 0.1575, 0.0553 0.2158 0.1614, 0.0556 0.215 0.1575, 0.0556 0.215 0.1614, 0.0559 0.2142 0.1575, 0.0559 0.2142 0.1614, 0.0564 0.2136 0.1575, 0.0564 0.2136 0.1614, 0.0564 0.2135 0.1575, 0.0564 0.2135 0.1614, 0.0569 0.213 0.1575, 0.0569 0.213 0.1614, 0.0575 0.2124 0.1575, 0.0575 0.2124 0.1614, 0.0584 0.2119 0.1575, 0.0584 0.2119 0.1614, 0.0595 0.2112 0.1575, 0.0595 0.2112 0.1614, 0.0608 0.2106 0.1575, 0.0608 0.2106 0.1614, 0.0621 0.21 0.1575, 0.0621 0.21 0.1614, 0.0642 0.2092 0.1575, 0.0642 0.2092 0.1614, 0.0655 0.2086 0.1575, 0.0655 0.2086 0.1614, 0.0664 0.208 0.1575, 0.0664 0.208 0.1614, 0.067 0.2076 0.1575, 0.067 0.2076 0.1614, 0.0674 0.2072 0.1575, 0.0674 0.2072 0.1614, 0.0678 0.2067 0.1575, 0.0678 0.2067 0.1614, 0.068 0.2062 0.1575, 0.068 0.2062 0.1614, 0.0681 0.2056 0.1575, 0.0681 0.2056 0.1614, 0.0682 0.2051 0.1575, 0.0682 0.2051 0.1614, 0.0681 0.2044 0.1575, 0.0681 0.2044 0.1614, 0.068 0.2038 0.1575, 0.068 0.2038 0.1614, 0.0677 0.2033 0.1575, 0.0677 0.2033 0.1614, 0.0674 0.2029 0.1575, 0.0674 0.2029 0.1614, 0.0669 0.2025 0.1575, 0.0669 0.2025 0.1614, 0.0664 0.2022 0.1575, 0.0664 0.2022 0.1614, 0.0657 0.2019 0.1575, 0.0657 0.2019 0.1614, 0.0649 0.2017 0.1575, 0.0649 0.2017 0.1614, 0.064 0.2016 0.1575, 0.064 0.2016 0.1614, 0.096 0.2248 0.1614, 0.1008 0.2248 0.1614, 0.096 0.2248 0.1575, 0.1008 0.2248 0.1575, 0.0887 0.2049 0.1614, 0.0887 0.2049 0.1575, 0.0884 0.2037 0.1575, 0.0884 0.2037 0.1614, 0.0882 0.2028 0.1575, 0.0882 0.2028 0.1614, 0.088 0.2028 0.1614, 0.088 0.2028 0.1575, 0.0875 0.2049 0.1614, 0.0875 0.2049 0.1575, 0.0806 0.2248 0.1614, 0.0806 0.2248 0.1575, 0.0754 0.2248 0.1614, 0.0754 0.2248 0.1575, 0.0857 0.1984 0.1614, 0.0857 0.1984 0.1575, 0.0837 0.1936 0.1614, 0.0837 0.1936 0.1575, 0.0832 0.1925 0.1575, 0.0832 0.1925 0.1614, 0.0826 0.1917 0.1575, 0.0826 0.1917 0.1614, 0.082 0.191 0.1575, 0.082 0.191 0.1614, 0.0813 0.1905 0.1575, 0.0813 0.1905 0.1614, 0.0805 0.1901 0.1575, 0.0805 0.1901 0.1614, 0.0797 0.1899 0.1575, 0.0797 0.1899 0.1614, 0.079 0.1899 0.1575, 0.079 0.1899 0.1614, 0.0779 0.19 0.1575, 0.0779 0.19 0.1614, 0.0769 0.1902 0.1575, 0.0769 0.1902 0.1614, 0.0763 0.1904 0.1575, 0.0763 0.1904 0.1614, 0.0763 0.1863 0.1614, 0.0763 0.1863 0.1575, 0.0774 0.186 0.1575, 0.0774 0.186 0.1614, 0.0787 0.1859 0.1575, 0.0787 0.1859 0.1614, 0.0793 0.1859 0.1575, 0.0793 0.1859 0.1614, 0.0804 0.186 0.1575, 0.0804 0.186 0.1614, 0.0815 0.1862 0.1575, 0.0815 0.1862 0.1614, 0.0826 0.1866 0.1575, 0.0826 0.1866 0.1614, 0.0835 0.1871 0.1575, 0.0835 0.1871 0.1614, 0.0845 0.1878 0.1575, 0.0845 0.1878 0.1614, 0.0854 0.1887 0.1575, 0.0854 0.1887 0.1614, 0.0862 0.1897 0.1575, 0.0862 0.1897 0.1614, 0.0871 0.1909 0.1575, 0.0871 0.1909 0.1614, 0.0879 0.1924 0.1575, 0.0879 0.1924 0.1614, 0.0887 0.1941 0.1575, 0.0887 0.1941 0.1614, 0.0888 0.1944 0.1575, 0.0888 0.1944 0.1614, 0.1257 0.2026 0.1614, 0.1257 0.1984 0.1614, 0.1257 0.2026 0.1575, 0.1257 0.1984 0.1575, 0.1106 0.2026 0.1614, 0.1106 0.2026 0.1575, 0.1106 0.2151 0.1614, 0.1106 0.2151 0.1575, 0.1238 0.2151 0.1614, 0.1238 0.2151 0.1575, 0.1238 0.2193 0.1614, 0.1238 0.2193 0.1575, 0.1106 0.2193 0.1614, 0.1106 0.2193 0.1575, 0.1106 0.2312 0.1614, 0.1106 0.2312 0.1575, 0.1249 0.2312 0.1614, 0.1249 0.2312 0.1575, 0.1249 0.2354 0.1614, 0.1249 0.2354 0.1575, 0.1058 0.2354 0.1614, 0.1058 0.2354 0.1575, 0.1058 0.1984 0.1614, 0.1058 0.1984 0.1575, 0.1498 0.2038 0.1614, 0.1523 0.2003 0.1614, 0.1511 0.2044 0.1614, 0.1539 0.201 0.1614, 0.1523 0.2052 0.1614, 0.1553 0.202 0.1614, 0.1534 0.206 0.1614, 0.1567 0.203 0.1614, 0.1539 0.2065 0.1614, 0.1573 0.2036 0.1614, 0.1548 0.2075 0.1614, 0.1585 0.2048 0.1614, 0.1557 0.2086 0.1614, 0.1595 0.2061 0.1614, 0.1563 0.2098 0.1614, 0.1604 0.2074 0.1614, 0.1569 0.2111 0.1614, 0.1576 0.2208 0.1614, 0.1622 0.2228 0.1614, 0.1572 0.2224 0.1614, 0.1617 0.2243 0.1614, 0.1567 0.2237 0.1614, 0.161 0.2258 0.1614, 0.1561 0.225 0.1614, 0.1602 0.2272 0.1614, 0.1553 0.2261 0.1614, 0.1612 0.2089 0.1614, 0.1618 0.2104 0.1614, 0.1573 0.2126 0.1614, 0.1623 0.212 0.1614, 0.1576 0.2141 0.1614, 0.1626 0.2138 0.1614, 0.1578 0.2159 0.1614, 0.1628 0.2156 0.1614, 0.1579 0.2172 0.1614, 0.1629 0.2174 0.1614, 0.1578 0.2191 0.1614, 0.1628 0.2193 0.1614, 0.1626 0.2211 0.1614, 0.1593 0.2284 0.1614, 0.1582 0.2297 0.1614, 0.1545 0.2271 0.1614, 0.1573 0.2305 0.1614, 0.1538 0.2277 0.1614, 0.1559 0.2316 0.1614, 0.1526 0.2286 0.1614, 0.1545 0.2326 0.1614, 0.1514 0.2293 0.1614, 0.1529 0.2334 0.1614, 0.1501 0.23 0.1614, 0.1513 0.2341 0.1614, 0.1486 0.2305 0.1614, 0.1496 0.2346 0.1614, 0.147 0.2308 0.1614, 0.1479 0.235 0.1614, 0.1453 0.2311 0.1614, 0.146 0.2353 0.1614, 0.1435 0.2312 0.1614, 0.1439 0.2354 0.1614, 0.1431 0.2312 0.1614, 0.1433 0.2354 0.1614, 0.1375 0.2312 0.1614, 0.1327 0.2354 0.1614, 0.1375 0.2026 0.1614, 0.1327 0.1984 0.1614, 0.1429 0.2026 0.1614, 0.1429 0.1984 0.1614, 0.1448 0.2027 0.1614, 0.145 0.1985 0.1614, 0.1467 0.2029 0.1614, 0.1471 0.1987 0.1614, 0.1483 0.2033 0.1614, 0.1489 0.1991 0.1614, 0.1507 0.1996 0.1614, 0.1526 0.2286 0.1575, 0.1559 0.2316 0.1575, 0.1538 0.2277 0.1575, 0.1573 0.2305 0.1575, 0.1545 0.2271 0.1575, 0.1582 0.2297 0.1575, 0.1553 0.2261 0.1575, 0.1593 0.2284 0.1575, 0.1561 0.225 0.1575, 0.1602 0.2272 0.1575, 0.1567 0.2237 0.1575, 0.161 0.2258 0.1575, 0.1572 0.2224 0.1575, 0.1511 0.2044 0.1575, 0.1523 0.2003 0.1575, 0.1498 0.2038 0.1575, 0.1507 0.1996 0.1575, 0.1483 0.2033 0.1575, 0.1489 0.1991 0.1575, 0.1467 0.2029 0.1575, 0.1471 0.1987 0.1575, 0.1448 0.2027 0.1575, 0.145 0.1985 0.1575, 0.1429 0.2026 0.1575, 0.1429 0.1984 0.1575, 0.1375 0.2026 0.1575, 0.1327 0.1984 0.1575, 0.1375 0.2312 0.1575, 0.1327 0.2354 0.1575, 0.1431 0.2312 0.1575, 0.1433 0.2354 0.1575, 0.1435 0.2312 0.1575, 0.1439 0.2354 0.1575, 0.1453 0.2311 0.1575, 0.146 0.2353 0.1575, 0.147 0.2308 0.1575, 0.1479 0.235 0.1575, 0.1486 0.2305 0.1575, 0.1496 0.2346 0.1575, 0.1501 0.23 0.1575, 0.1513 0.2341 0.1575, 0.1514 0.2293 0.1575, 0.1529 0.2334 0.1575, 0.1545 0.2326 0.1575, 0.1573 0.2126 0.1575, 0.1618 0.2104 0.1575, 0.1569 0.2111 0.1575, 0.1612 0.2089 0.1575, 0.1563 0.2098 0.1575, 0.1604 0.2074 0.1575, 0.1557 0.2086 0.1575, 0.1595 0.2061 0.1575, 0.1548 0.2075 0.1575, 0.1585 0.2048 0.1575, 0.1539 0.2065 0.1575, 0.1573 0.2036 0.1575, 0.1534 0.206 0.1575, 0.1567 0.203 0.1575, 0.1523 0.2052 0.1575, 0.1553 0.202 0.1575, 0.1539 0.201 0.1575, 0.1617 0.2243 0.1575, 0.1622 0.2228 0.1575, 0.1576 0.2208 0.1575, 0.1626 0.2211 0.1575, 0.1578 0.2191 0.1575, 0.1628 0.2193 0.1575, 0.1579 0.2172 0.1575, 0.1629 0.2174 0.1575, 0.1578 0.2159 0.1575, 0.1628 0.2156 0.1575, 0.1576 0.2141 0.1575, 0.1626 0.2138 0.1575, 0.1623 0.212 0.1575, 0.1753 0.2127 0.1614, 0.1738 0.2085 0.1614, 0.1878 0.2127 0.1614, 0.1892 0.2085 0.1614, 0.1809 0.2281 0.1614, 0.1791 0.2354 0.1614, 0.165 0.1984 0.1614, 0.1702 0.1984 0.1614, 0.1812 0.2292 0.1614, 0.1815 0.2307 0.1614, 0.1842 0.2354 0.1614, 0.1816 0.2307 0.1614, 0.1819 0.2291 0.1614, 0.1822 0.2281 0.1614, 0.1983 0.1984 0.1614, 0.193 0.1984 0.1614, 0.1738 0.2085 0.1575, 0.1753 0.2127 0.1575, 0.1892 0.2085 0.1575, 0.1878 0.2127 0.1575, 0.1822 0.2281 0.1575, 0.1842 0.2354 0.1575, 0.1983 0.1984 0.1575, 0.193 0.1984 0.1575, 0.1819 0.2291 0.1575, 0.1816 0.2307 0.1575, 0.1791 0.2354 0.1575, 0.1815 0.2307 0.1575, 0.1812 0.2292 0.1575, 0.1809 0.2281 0.1575, 0.165 0.1984 0.1575, 0.1702 0.1984 0.1575, 0.1702 0.1984 0.1575
            ]
        }
        coordIndex [
            0,1,2,-1,3,4,5,-1,6,7,8,-1,9,10,11,-1,11,10,12,-1,13,14,15,-1,16,17,18,-1,18,17,19,-1,18,19,20,-1,21,22,23,-1,23,22,2,-1,23,2,24,-1,25,26,27,-1,28,29,2,-1,2,29,30,-1,2,30,0,-1,31,32,9,-1,9,32,33,-1,9,33,10,-1,34,35,36,-1,36,35,6,-1,37,38,39,-1,40,41,42,-1,6,8,36,-1,36,8,43,-1,36,43,9,-1,9,43,44,-1,9,44,31,-1,45,46,12,-1,12,46,47,-1,12,47,11,-1,48,1,49,-1,49,1,50,-1,49,50,51,-1,52,53,54,-1,54,53,55,-1,54,55,21,-1,21,55,56,-1,21,56,22,-1,39,57,37,-1,37,57,58,-1,37,58,52,-1,52,58,59,-1,52,59,53,-1,27,26,60,-1,60,26,61,-1,60,61,62,-1,62,61,63,-1,62,63,64,-1,15,14,65,-1,65,14,66,-1,65,66,67,-1,68,69,2,-1,2,69,70,-1,2,70,28,-1,40,42,71,-1,71,42,72,-1,71,72,73,-1,73,72,74,-1,73,74,75,-1,7,6,37,-1,37,6,76,-1,37,76,77,-1,77,78,37,-1,37,78,79,-1,37,79,38,-1,80,81,82,-1,82,81,83,-1,82,83,84,-1,84,83,85,-1,84,85,86,-1,86,85,87,-1,86,87,88,-1,89,90,91,-1,91,90,92,-1,91,92,68,-1,68,92,93,-1,68,93,69,-1,41,40,94,-1,94,40,95,-1,94,95,96,-1,96,95,97,-1,96,97,98,-1,98,97,99,-1,98,99,5,-1,5,99,100,-1,5,100,3,-1,48,101,1,-1,1,101,102,-1,1,102,2,-1,2,102,103,-1,2,103,24,-1,27,104,25,-1,25,104,105,-1,25,105,106,-1,106,105,107,-1,106,107,108,-1,108,107,109,-1,108,109,110,-1,110,109,111,-1,110,111,112,-1,15,113,13,-1,13,113,114,-1,13,114,115,-1,115,114,116,-1,115,116,117,-1,117,116,118,-1,117,118,119,-1,119,118,5,-1,119,5,120,-1,120,5,4,-1,18,121,16,-1,16,121,122,-1,16,122,123,-1,123,122,124,-1,123,124,125,-1,126,127,128,-1,128,127,129,-1,128,129,130,-1,130,129,131,-1,130,131,89,-1,89,131,132,-1,89,132,90,-1,133,134,135,-1,135,134,136,-1,135,136,45,-1,45,136,137,-1,45,137,46,-1,50,138,51,-1,51,138,139,-1,51,139,140,-1,140,139,141,-1,140,141,142,-1,143,144,145,-1,145,144,146,-1,145,146,147,-1,147,146,148,-1,147,148,80,-1,80,148,149,-1,80,149,81,-1,111,150,112,-1,112,150,151,-1,112,151,152,-1,152,151,153,-1,152,153,143,-1,143,153,154,-1,143,154,144,-1,141,155,142,-1,142,155,156,-1,142,156,133,-1,133,156,157,-1,133,157,134,-1,158,159,160,-1,161,162,163,-1,163,162,164,-1,165,166,167,-1,167,166,168,-1,167,168,169,-1,169,168,170,-1,169,170,171,-1,171,170,172,-1,171,172,173,-1,173,172,174,-1,173,174,126,-1,126,174,175,-1,126,175,127,-1,20,176,18,-1,18,176,177,-1,18,177,178,-1,178,177,179,-1,178,179,180,-1,180,179,88,-1,180,88,181,-1,181,88,87,-1,182,183,158,-1,158,183,184,-1,158,184,159,-1,63,185,64,-1,64,185,158,-1,64,158,186,-1,186,158,160,-1,67,66,187,-1,187,66,188,-1,187,188,161,-1,161,188,189,-1,161,189,162,-1,190,191,192,-1,191,193,192,-1,192,193,194,-1,192,194,195,-1,74,196,75,-1,75,196,197,-1,75,197,198,-1,198,197,199,-1,198,199,165,-1,165,199,200,-1,165,200,166,-1,182,158,192,-1,192,158,201,-1,192,201,190,-1,124,202,125,-1,125,202,203,-1,125,203,204,-1,204,203,205,-1,204,205,206,-1,206,205,207,-1,206,207,208,-1,208,207,209,-1,208,209,210,-1,210,209,211,-1,210,211,164,-1,164,211,212,-1,164,212,163,-1,213,214,215,-1,215,214,216,-1,215,216,217,-1,218,219,220,-1,221,222,223,-1,223,222,224,-1,223,224,225,-1,216,226,217,-1,217,226,227,-1,217,227,228,-1,228,227,229,-1,230,231,223,-1,223,231,218,-1,223,218,221,-1,232,233,234,-1,235,236,237,-1,237,236,238,-1,237,238,239,-1,240,241,242,-1,243,244,217,-1,217,244,245,-1,217,245,215,-1,215,245,246,-1,247,248,249,-1,249,248,250,-1,251,252,253,-1,253,252,254,-1,253,254,255,-1,255,254,256,-1,255,256,257,-1,223,258,230,-1,230,258,259,-1,230,259,260,-1,260,259,261,-1,260,261,262,-1,262,261,263,-1,262,263,264,-1,220,265,218,-1,218,265,266,-1,218,266,221,-1,267,268,269,-1,269,268,270,-1,269,270,271,-1,271,270,272,-1,271,272,273,-1,234,233,274,-1,274,233,275,-1,274,275,276,-1,277,278,272,-1,279,280,227,-1,227,280,281,-1,227,281,229,-1,250,282,249,-1,249,282,283,-1,249,283,284,-1,284,283,257,-1,284,257,285,-1,285,257,256,-1,276,275,286,-1,286,275,287,-1,286,287,249,-1,249,287,288,-1,249,288,247,-1,289,290,291,-1,291,290,292,-1,291,292,293,-1,293,292,294,-1,293,294,295,-1,295,294,296,-1,295,296,297,-1,298,299,300,-1,300,299,301,-1,300,301,302,-1,302,301,303,-1,302,303,304,-1,278,305,272,-1,272,305,306,-1,272,306,273,-1,238,307,239,-1,239,307,308,-1,239,308,309,-1,309,308,310,-1,309,310,224,-1,224,310,311,-1,224,311,225,-1,242,241,312,-1,312,241,313,-1,312,313,217,-1,217,313,314,-1,217,314,243,-1,315,316,317,-1,317,316,318,-1,317,318,319,-1,242,320,240,-1,240,320,321,-1,240,321,322,-1,322,321,323,-1,322,323,235,-1,235,323,324,-1,235,324,236,-1,318,325,319,-1,319,325,326,-1,319,326,327,-1,327,326,328,-1,327,328,329,-1,329,328,215,-1,329,215,330,-1,330,215,246,-1,315,331,332,-1,333,334,335,-1,335,334,336,-1,335,336,337,-1,263,338,264,-1,264,338,339,-1,264,339,340,-1,340,339,341,-1,340,341,342,-1,342,341,343,-1,342,343,344,-1,344,343,345,-1,344,345,346,-1,346,345,347,-1,346,347,333,-1,333,347,348,-1,333,348,334,-1,349,350,351,-1,351,350,352,-1,303,353,304,-1,304,353,354,-1,304,354,355,-1,355,354,356,-1,355,356,289,-1,289,356,357,-1,289,357,290,-1,272,358,277,-1,277,358,359,-1,277,359,360,-1,360,359,361,-1,360,361,362,-1,362,361,363,-1,362,363,364,-1,364,363,365,-1,364,365,298,-1,298,365,366,-1,298,366,299,-1,367,368,315,-1,315,368,369,-1,315,369,331,-1,332,370,315,-1,315,370,371,-1,315,371,316,-1,336,372,337,-1,337,372,373,-1,337,373,374,-1,374,373,375,-1,374,375,376,-1,376,375,377,-1,376,377,251,-1,251,377,378,-1,251,378,252,-1,296,379,297,-1,297,379,380,-1,297,380,381,-1,381,380,382,-1,381,382,383,-1,383,382,384,-1,383,384,385,-1,385,384,386,-1,385,386,387,-1,387,386,388,-1,387,388,389,-1,389,388,390,-1,389,390,351,-1,351,390,391,-1,351,391,349,-1,352,392,351,-1,351,392,393,-1,351,393,394,-1,219,218,315,-1,315,218,395,-1,315,395,367,-1,396,397,394,-1,394,397,398,-1,394,398,399,-1,400,401,402,-1,402,401,403,-1,402,403,267,-1,267,403,404,-1,267,404,268,-1,234,405,232,-1,232,405,406,-1,232,406,407,-1,407,406,408,-1,407,408,409,-1,409,408,410,-1,409,410,411,-1,411,410,412,-1,411,412,413,-1,413,412,414,-1,413,414,415,-1,415,414,416,-1,415,416,417,-1,417,416,418,-1,417,418,419,-1,419,418,420,-1,419,420,421,-1,421,420,422,-1,421,422,400,-1,400,422,423,-1,400,423,401,-1,399,424,394,-1,394,424,425,-1,394,425,351,-1,146,353,303,-1,146,303,148,-1,148,303,301,-1,148,301,149,-1,149,301,299,-1,149,299,81,-1,81,299,366,-1,81,366,83,-1,83,366,365,-1,83,365,85,-1,85,365,363,-1,85,363,87,-1,87,363,361,-1,87,361,181,-1,181,361,359,-1,181,359,180,-1,180,359,358,-1,180,358,178,-1,178,358,272,-1,178,272,18,-1,18,272,270,-1,18,270,121,-1,121,270,268,-1,121,268,122,-1,122,268,404,-1,122,404,124,-1,124,404,403,-1,124,403,202,-1,202,403,401,-1,202,401,203,-1,203,401,423,-1,203,423,205,-1,205,423,422,-1,205,422,207,-1,207,422,420,-1,207,420,209,-1,209,420,418,-1,209,418,211,-1,211,418,416,-1,211,416,212,-1,212,416,414,-1,212,414,163,-1,163,414,412,-1,163,412,161,-1,161,412,410,-1,161,410,187,-1,187,410,408,-1,187,408,67,-1,67,408,406,-1,67,406,65,-1,65,406,405,-1,65,405,15,-1,15,405,234,-1,15,234,113,-1,113,234,274,-1,113,274,114,-1,114,274,276,-1,114,276,116,-1,116,276,286,-1,116,286,118,-1,118,286,249,-1,118,249,5,-1,5,249,284,-1,5,284,98,-1,98,284,285,-1,98,285,96,-1,96,285,256,-1,96,256,94,-1,94,256,254,-1,94,254,41,-1,41,254,252,-1,41,252,42,-1,42,252,378,-1,42,378,72,-1,72,378,377,-1,72,377,74,-1,74,377,375,-1,74,375,196,-1,196,375,373,-1,196,373,197,-1,197,373,372,-1,197,372,199,-1,199,372,336,-1,199,336,200,-1,200,336,334,-1,200,334,166,-1,166,334,348,-1,166,348,168,-1,168,348,347,-1,168,347,170,-1,170,347,345,-1,170,345,172,-1,172,345,343,-1,172,343,174,-1,174,343,341,-1,174,341,175,-1,175,341,339,-1,175,339,127,-1,127,339,338,-1,127,338,129,-1,129,338,263,-1,129,263,131,-1,131,263,261,-1,131,261,132,-1,132,261,259,-1,132,259,90,-1,90,259,258,-1,90,258,92,-1,92,258,223,-1,92,223,93,-1,93,223,225,-1,93,225,69,-1,69,225,311,-1,69,311,70,-1,70,311,310,-1,70,310,28,-1,28,310,308,-1,28,308,29,-1,29,308,307,-1,29,307,30,-1,30,307,238,-1,30,238,0,-1,0,238,236,-1,0,236,1,-1,1,236,324,-1,1,324,50,-1,50,324,323,-1,50,323,138,-1,138,323,321,-1,138,321,139,-1,139,321,320,-1,139,320,141,-1,141,320,242,-1,141,242,155,-1,155,242,312,-1,155,312,156,-1,156,312,217,-1,156,217,157,-1,157,217,228,-1,157,228,134,-1,134,228,229,-1,134,229,136,-1,136,229,281,-1,136,281,137,-1,137,281,280,-1,137,280,46,-1,46,280,279,-1,46,279,47,-1,47,279,227,-1,47,227,11,-1,11,227,226,-1,11,226,9,-1,36,9,216,-1,216,9,226,-1,34,36,214,-1,214,36,216,-1,35,34,213,-1,213,34,214,-1,6,35,215,-1,215,35,213,-1,6,215,328,-1,6,328,76,-1,76,328,326,-1,76,326,77,-1,77,326,325,-1,77,325,78,-1,78,325,318,-1,78,318,79,-1,79,318,316,-1,79,316,38,-1,38,316,371,-1,38,371,39,-1,39,371,370,-1,39,370,57,-1,57,370,332,-1,57,332,58,-1,58,332,331,-1,58,331,59,-1,59,331,369,-1,59,369,53,-1,53,369,368,-1,53,368,55,-1,55,368,367,-1,55,367,56,-1,56,367,395,-1,56,395,22,-1,22,395,218,-1,22,218,2,-1,2,218,231,-1,2,231,68,-1,68,231,230,-1,68,230,91,-1,91,230,260,-1,91,260,89,-1,89,260,262,-1,89,262,130,-1,130,262,264,-1,130,264,128,-1,128,264,340,-1,128,340,126,-1,126,340,342,-1,126,342,173,-1,173,342,344,-1,173,344,171,-1,171,344,346,-1,171,346,169,-1,169,346,333,-1,169,333,167,-1,167,333,335,-1,167,335,165,-1,165,335,337,-1,165,337,198,-1,198,337,374,-1,198,374,75,-1,75,374,376,-1,75,376,73,-1,73,376,251,-1,73,251,71,-1,71,251,253,-1,71,253,40,-1,40,253,255,-1,40,255,95,-1,95,255,257,-1,95,257,97,-1,97,257,283,-1,97,283,99,-1,99,283,282,-1,99,282,100,-1,100,282,250,-1,100,250,3,-1,3,250,248,-1,3,248,4,-1,4,248,247,-1,4,247,120,-1,120,247,288,-1,120,288,119,-1,119,288,287,-1,119,287,117,-1,117,287,275,-1,117,275,115,-1,115,275,233,-1,115,233,13,-1,13,233,232,-1,13,232,14,-1,14,232,407,-1,14,407,66,-1,66,407,409,-1,66,409,188,-1,188,409,411,-1,188,411,189,-1,189,411,413,-1,189,413,162,-1,162,413,415,-1,162,415,164,-1,164,415,417,-1,164,417,210,-1,210,417,419,-1,210,419,208,-1,208,419,421,-1,208,421,206,-1,206,421,400,-1,206,400,204,-1,204,400,402,-1,204,402,125,-1,125,402,267,-1,125,267,123,-1,123,267,269,-1,123,269,16,-1,16,269,271,-1,16,271,17,-1,17,271,273,-1,17,273,19,-1,19,273,306,-1,19,306,20,-1,176,20,305,-1,305,20,306,-1,176,305,278,-1,176,278,177,-1,177,278,277,-1,177,277,179,-1,179,277,360,-1,179,360,88,-1,88,360,362,-1,88,362,86,-1,86,362,364,-1,86,364,84,-1,84,364,298,-1,84,298,82,-1,82,298,300,-1,82,300,80,-1,80,300,302,-1,80,302,147,-1,147,302,304,-1,147,304,145,-1,145,304,355,-1,145,355,143,-1,143,355,289,-1,143,289,152,-1,152,289,291,-1,152,291,112,-1,112,291,293,-1,112,293,110,-1,110,293,295,-1,110,295,108,-1,108,295,297,-1,108,297,106,-1,106,297,381,-1,106,381,25,-1,25,381,383,-1,25,383,26,-1,26,383,385,-1,26,385,61,-1,63,61,387,-1,387,61,385,-1,63,387,389,-1,63,389,185,-1,185,389,351,-1,185,351,158,-1,158,351,425,-1,158,425,201,-1,201,425,424,-1,201,424,190,-1,190,424,399,-1,190,399,191,-1,191,399,398,-1,191,398,193,-1,193,398,397,-1,193,397,194,-1,194,397,396,-1,194,396,195,-1,195,396,394,-1,195,394,192,-1,192,394,393,-1,192,393,182,-1,182,393,392,-1,182,392,183,-1,183,392,352,-1,183,352,184,-1,184,352,350,-1,184,350,159,-1,159,350,349,-1,159,349,160,-1,160,349,391,-1,160,391,186,-1,186,391,390,-1,186,390,64,-1,64,390,388,-1,64,388,62,-1,60,62,386,-1,386,62,388,-1,60,386,384,-1,60,384,27,-1,27,384,382,-1,27,382,104,-1,104,382,380,-1,104,380,105,-1,105,380,379,-1,105,379,107,-1,107,379,296,-1,107,296,109,-1,109,296,294,-1,109,294,111,-1,111,294,292,-1,111,292,150,-1,150,292,290,-1,150,290,151,-1,151,290,357,-1,151,357,153,-1,153,357,356,-1,153,356,154,-1,154,356,354,-1,154,354,144,-1,144,354,353,-1,144,353,146,-1,7,315,317,-1,7,317,8,-1,8,317,319,-1,8,319,43,-1,43,319,327,-1,43,327,44,-1,44,327,329,-1,44,329,31,-1,31,329,330,-1,31,330,32,-1,32,330,246,-1,32,246,33,-1,33,246,245,-1,33,245,10,-1,10,245,244,-1,10,244,12,-1,12,244,243,-1,12,243,45,-1,45,243,314,-1,45,314,135,-1,135,314,313,-1,135,313,133,-1,133,313,241,-1,133,241,142,-1,142,241,240,-1,142,240,140,-1,140,240,322,-1,140,322,51,-1,51,322,235,-1,51,235,49,-1,49,235,237,-1,49,237,48,-1,48,237,239,-1,48,239,101,-1,101,239,309,-1,101,309,102,-1,102,309,224,-1,102,224,103,-1,103,224,222,-1,103,222,24,-1,24,222,221,-1,24,221,23,-1,23,221,266,-1,23,266,21,-1,21,266,265,-1,21,265,54,-1,54,265,220,-1,54,220,52,-1,52,220,219,-1,52,219,37,-1,37,219,315,-1,37,315,7,-1,426,427,428,-1,428,427,429,-1,430,426,431,-1,431,426,428,-1,432,430,433,-1,433,430,431,-1,434,432,435,-1,435,432,433,-1,436,434,437,-1,437,434,435,-1,427,436,429,-1,429,436,437,-1,432,434,430,-1,430,434,436,-1,430,436,426,-1,426,436,427,-1,428,429,431,-1,431,429,437,-1,431,437,433,-1,433,437,435,-1,438,439,440,-1,438,440,441,-1,441,440,442,-1,441,442,443,-1,443,442,444,-1,443,444,445,-1,445,444,446,-1,445,446,447,-1,447,446,448,-1,447,448,449,-1,449,448,450,-1,449,450,451,-1,452,451,453,-1,453,451,450,-1,452,453,454,-1,452,454,455,-1,455,454,456,-1,455,456,457,-1,457,456,458,-1,457,458,459,-1,459,458,460,-1,459,460,461,-1,461,460,462,-1,461,462,463,-1,463,462,464,-1,463,464,465,-1,465,464,466,-1,465,466,467,-1,467,466,468,-1,467,468,469,-1,469,468,470,-1,469,470,471,-1,471,470,472,-1,471,472,473,-1,473,472,474,-1,473,474,475,-1,475,474,476,-1,475,476,477,-1,477,476,478,-1,477,478,479,-1,479,478,480,-1,479,480,481,-1,481,480,482,-1,481,482,483,-1,483,482,484,-1,483,484,485,-1,485,484,486,-1,485,486,487,-1,487,486,488,-1,487,488,489,-1,489,488,490,-1,489,490,491,-1,491,490,492,-1,491,492,493,-1,493,492,494,-1,493,494,495,-1,495,494,496,-1,495,496,497,-1,497,496,498,-1,497,498,499,-1,499,498,500,-1,499,500,501,-1,501,500,502,-1,501,502,503,-1,503,502,504,-1,503,504,505,-1,505,504,506,-1,505,506,507,-1,507,506,508,-1,507,508,509,-1,509,508,510,-1,509,510,511,-1,511,510,512,-1,511,512,513,-1,513,512,514,-1,513,514,515,-1,515,514,516,-1,515,516,517,-1,517,516,518,-1,517,518,519,-1,519,518,520,-1,519,520,521,-1,521,520,522,-1,521,522,523,-1,523,522,524,-1,523,524,525,-1,525,524,526,-1,525,526,527,-1,527,526,528,-1,527,528,529,-1,529,528,530,-1,529,530,531,-1,531,530,532,-1,531,532,533,-1,533,532,534,-1,533,534,535,-1,535,534,536,-1,535,536,537,-1,537,536,538,-1,537,538,539,-1,539,538,540,-1,539,540,541,-1,542,541,543,-1,543,541,540,-1,542,543,544,-1,542,544,545,-1,545,544,546,-1,545,546,547,-1,547,546,548,-1,547,548,549,-1,549,548,550,-1,549,550,551,-1,551,550,552,-1,551,552,553,-1,553,552,554,-1,553,554,555,-1,555,554,556,-1,555,556,557,-1,557,556,558,-1,557,558,559,-1,559,558,560,-1,559,560,561,-1,561,560,562,-1,561,562,563,-1,563,562,564,-1,563,564,565,-1,565,564,566,-1,565,566,567,-1,567,566,568,-1,567,568,569,-1,569,568,570,-1,569,570,571,-1,571,570,572,-1,571,572,573,-1,573,572,574,-1,573,574,575,-1,575,574,576,-1,575,576,577,-1,577,576,578,-1,577,578,579,-1,579,578,580,-1,579,580,581,-1,581,580,582,-1,581,582,583,-1,583,582,584,-1,583,584,585,-1,585,584,586,-1,585,586,587,-1,587,586,588,-1,587,588,589,-1,589,588,590,-1,589,590,591,-1,591,590,592,-1,591,592,593,-1,593,592,594,-1,593,594,595,-1,595,594,596,-1,595,596,597,-1,597,596,598,-1,597,598,599,-1,599,598,600,-1,599,600,601,-1,601,600,602,-1,601,602,603,-1,603,602,604,-1,603,604,605,-1,605,604,606,-1,605,606,607,-1,607,606,608,-1,607,608,609,-1,609,608,610,-1,609,610,611,-1,611,610,612,-1,611,612,613,-1,613,612,614,-1,613,614,615,-1,615,614,616,-1,615,616,617,-1,617,616,618,-1,617,618,619,-1,619,618,620,-1,619,620,621,-1,621,620,622,-1,621,622,623,-1,623,622,439,-1,623,439,438,-1,539,541,542,-1,483,603,605,-1,459,447,457,-1,457,447,449,-1,457,449,455,-1,455,449,451,-1,455,451,452,-1,483,605,481,-1,481,605,607,-1,481,607,479,-1,479,607,609,-1,479,609,477,-1,477,609,611,-1,477,611,475,-1,475,611,613,-1,475,613,473,-1,613,615,473,-1,473,615,617,-1,473,617,471,-1,471,617,619,-1,471,619,469,-1,469,619,621,-1,469,621,467,-1,467,621,623,-1,467,623,465,-1,465,623,438,-1,465,438,463,-1,463,438,441,-1,463,441,461,-1,461,441,443,-1,461,443,459,-1,459,443,445,-1,459,445,447,-1,515,569,513,-1,513,569,571,-1,513,571,511,-1,511,571,573,-1,511,573,509,-1,509,573,575,-1,509,575,507,-1,507,575,577,-1,507,577,505,-1,505,577,579,-1,505,579,503,-1,503,579,581,-1,503,581,501,-1,539,542,537,-1,537,542,545,-1,537,545,535,-1,535,545,547,-1,535,547,533,-1,533,547,549,-1,533,549,531,-1,531,549,551,-1,531,551,529,-1,529,551,553,-1,529,553,527,-1,527,553,555,-1,527,555,525,-1,525,555,557,-1,525,557,523,-1,523,557,559,-1,523,559,521,-1,521,559,561,-1,521,561,519,-1,519,561,563,-1,519,563,517,-1,517,563,565,-1,517,565,515,-1,515,565,567,-1,515,567,569,-1,603,483,601,-1,601,483,485,-1,601,485,599,-1,599,485,487,-1,599,487,597,-1,597,487,489,-1,597,489,595,-1,595,489,491,-1,595,491,593,-1,593,491,591,-1,591,491,493,-1,591,493,589,-1,581,583,501,-1,501,583,585,-1,501,585,499,-1,499,585,587,-1,499,587,497,-1,497,587,589,-1,497,589,495,-1,495,589,493,-1,454,453,450,-1,454,450,456,-1,470,616,472,-1,472,616,614,-1,472,614,474,-1,474,614,612,-1,474,612,476,-1,476,612,610,-1,476,610,478,-1,478,610,608,-1,478,608,480,-1,540,538,543,-1,543,538,536,-1,543,536,544,-1,544,536,534,-1,608,606,480,-1,480,606,604,-1,480,604,482,-1,482,604,602,-1,482,602,484,-1,484,602,600,-1,484,600,486,-1,486,600,598,-1,486,598,488,-1,450,448,456,-1,456,448,446,-1,456,446,458,-1,458,446,444,-1,458,444,460,-1,460,444,442,-1,460,442,462,-1,462,442,440,-1,462,440,464,-1,464,440,439,-1,464,439,466,-1,466,439,622,-1,466,622,468,-1,468,622,620,-1,468,620,470,-1,470,620,618,-1,470,618,616,-1,508,572,510,-1,510,572,570,-1,510,570,512,-1,512,570,568,-1,512,568,514,-1,514,568,566,-1,514,566,516,-1,516,566,564,-1,516,564,518,-1,518,564,562,-1,518,562,520,-1,520,562,560,-1,520,560,522,-1,522,560,558,-1,522,558,524,-1,524,558,556,-1,524,556,526,-1,526,556,554,-1,526,554,528,-1,528,554,552,-1,528,552,530,-1,530,552,550,-1,530,550,532,-1,532,550,548,-1,532,548,534,-1,534,548,546,-1,534,546,544,-1,588,586,498,-1,498,586,584,-1,498,584,500,-1,500,584,582,-1,500,582,502,-1,502,582,580,-1,502,580,504,-1,504,580,578,-1,504,578,506,-1,506,578,576,-1,506,576,508,-1,508,576,574,-1,508,574,572,-1,598,596,488,-1,488,596,594,-1,488,594,490,-1,490,594,592,-1,490,592,492,-1,492,592,590,-1,492,590,494,-1,494,590,588,-1,494,588,496,-1,496,588,498,-1,624,625,626,-1,626,625,627,-1,628,624,629,-1,629,624,626,-1,630,628,631,-1,631,628,629,-1,632,630,633,-1,633,630,631,-1,634,632,635,-1,635,632,633,-1,636,634,637,-1,637,634,635,-1,638,636,639,-1,639,636,637,-1,640,638,641,-1,641,638,639,-1,642,640,643,-1,643,640,641,-1,644,642,645,-1,645,642,643,-1,646,644,647,-1,647,644,645,-1,625,646,627,-1,627,646,647,-1,646,625,624,-1,624,628,646,-1,646,628,630,-1,646,630,644,-1,640,642,638,-1,638,642,644,-1,638,644,636,-1,636,644,630,-1,636,630,634,-1,634,630,632,-1,645,643,641,-1,641,639,645,-1,645,639,637,-1,645,637,647,-1,626,627,629,-1,629,627,647,-1,629,647,631,-1,631,647,637,-1,631,637,633,-1,633,637,635,-1,648,649,650,-1,650,649,651,-1,650,651,652,-1,652,651,653,-1,652,653,654,-1,654,653,655,-1,654,655,656,-1,656,655,657,-1,656,657,658,-1,658,657,659,-1,658,659,660,-1,660,659,661,-1,660,661,662,-1,662,661,663,-1,662,663,664,-1,665,666,667,-1,667,666,668,-1,667,668,669,-1,669,668,670,-1,669,670,671,-1,671,670,672,-1,671,672,673,-1,663,674,664,-1,664,674,675,-1,664,675,676,-1,676,675,677,-1,676,677,678,-1,678,677,679,-1,678,679,680,-1,680,679,681,-1,680,681,682,-1,682,681,683,-1,682,683,684,-1,684,683,685,-1,684,685,665,-1,665,685,686,-1,665,686,666,-1,672,687,673,-1,673,687,688,-1,673,688,689,-1,689,688,690,-1,689,690,691,-1,691,690,692,-1,691,692,693,-1,693,692,694,-1,693,694,695,-1,695,694,696,-1,695,696,697,-1,697,696,698,-1,697,698,699,-1,699,698,700,-1,699,700,701,-1,701,700,702,-1,701,702,703,-1,703,702,704,-1,703,704,705,-1,705,704,706,-1,705,706,707,-1,707,706,708,-1,707,708,709,-1,709,708,710,-1,709,710,711,-1,711,710,712,-1,711,712,713,-1,713,712,714,-1,713,714,715,-1,715,714,716,-1,715,716,717,-1,717,716,718,-1,717,718,719,-1,719,718,720,-1,719,720,648,-1,648,720,721,-1,648,721,649,-1,722,723,724,-1,724,723,725,-1,724,725,726,-1,726,725,727,-1,726,727,728,-1,728,727,729,-1,728,729,730,-1,730,729,731,-1,730,731,732,-1,732,731,733,-1,732,733,734,-1,735,736,737,-1,737,736,738,-1,737,738,739,-1,739,738,740,-1,739,740,741,-1,741,740,742,-1,741,742,743,-1,743,742,744,-1,743,744,745,-1,745,744,746,-1,745,746,747,-1,747,746,748,-1,747,748,749,-1,749,748,750,-1,749,750,751,-1,751,750,752,-1,751,752,753,-1,753,752,754,-1,753,754,755,-1,755,754,756,-1,755,756,757,-1,757,756,758,-1,757,758,759,-1,759,758,760,-1,759,760,761,-1,761,760,762,-1,761,762,763,-1,763,762,764,-1,763,764,722,-1,722,764,765,-1,722,765,723,-1,766,767,768,-1,768,767,769,-1,768,769,770,-1,770,769,771,-1,770,771,772,-1,772,771,773,-1,772,773,774,-1,774,773,775,-1,774,775,776,-1,776,775,777,-1,776,777,778,-1,778,777,779,-1,778,779,780,-1,780,779,781,-1,780,781,735,-1,735,781,782,-1,735,782,736,-1,733,783,734,-1,734,783,784,-1,734,784,785,-1,785,784,786,-1,785,786,787,-1,787,786,788,-1,787,788,789,-1,789,788,790,-1,789,790,791,-1,791,790,792,-1,791,792,793,-1,793,792,794,-1,793,794,766,-1,766,794,795,-1,766,795,767,-1,714,712,746,-1,746,712,748,-1,714,746,744,-1,714,744,716,-1,716,744,742,-1,716,742,718,-1,718,742,740,-1,718,740,720,-1,720,740,738,-1,720,738,721,-1,721,738,736,-1,721,736,649,-1,649,736,782,-1,649,782,651,-1,651,782,781,-1,651,781,653,-1,653,781,779,-1,653,779,655,-1,655,779,777,-1,655,777,657,-1,657,777,775,-1,657,775,659,-1,659,775,773,-1,659,773,661,-1,661,773,771,-1,661,771,663,-1,663,771,769,-1,663,769,674,-1,674,769,767,-1,674,767,675,-1,675,767,795,-1,675,795,677,-1,677,795,794,-1,677,794,679,-1,679,794,792,-1,679,792,681,-1,681,792,790,-1,681,790,683,-1,683,790,788,-1,683,788,685,-1,685,788,786,-1,685,786,686,-1,686,786,784,-1,686,784,666,-1,666,784,783,-1,666,783,668,-1,668,783,733,-1,668,733,670,-1,670,733,731,-1,670,731,672,-1,672,731,729,-1,672,729,687,-1,687,729,727,-1,687,727,688,-1,688,727,725,-1,688,725,690,-1,690,725,723,-1,690,723,692,-1,692,723,765,-1,692,765,694,-1,694,765,764,-1,694,764,696,-1,696,764,762,-1,696,762,698,-1,698,762,760,-1,698,760,700,-1,700,760,758,-1,700,758,702,-1,702,758,756,-1,702,756,704,-1,704,756,754,-1,704,754,706,-1,706,754,752,-1,706,752,708,-1,710,708,750,-1,750,708,752,-1,712,710,748,-1,748,710,750,-1,707,709,751,-1,751,709,749,-1,709,711,749,-1,749,711,747,-1,711,713,747,-1,747,713,745,-1,656,776,778,-1,656,778,654,-1,654,778,780,-1,654,780,652,-1,652,780,735,-1,652,735,650,-1,650,735,737,-1,650,737,648,-1,648,737,739,-1,648,739,719,-1,719,739,741,-1,719,741,717,-1,717,741,743,-1,717,743,715,-1,715,743,745,-1,715,745,713,-1,682,789,791,-1,682,791,680,-1,680,791,793,-1,680,793,678,-1,678,793,766,-1,678,766,676,-1,676,766,768,-1,676,768,664,-1,664,768,770,-1,664,770,662,-1,662,770,772,-1,662,772,660,-1,660,772,774,-1,660,774,658,-1,658,774,776,-1,658,776,656,-1,691,724,726,-1,691,726,689,-1,689,726,728,-1,689,728,673,-1,673,728,730,-1,673,730,671,-1,671,730,732,-1,671,732,669,-1,669,732,734,-1,669,734,667,-1,667,734,785,-1,667,785,665,-1,665,785,787,-1,665,787,684,-1,684,787,789,-1,684,789,682,-1,707,751,753,-1,707,753,705,-1,705,753,755,-1,705,755,703,-1,703,755,757,-1,703,757,701,-1,701,757,759,-1,701,759,699,-1,699,759,761,-1,699,761,697,-1,697,761,763,-1,697,763,695,-1,695,763,722,-1,695,722,693,-1,693,722,724,-1,693,724,691,-1,796,797,798,-1,798,797,799,-1,800,801,796,-1,796,801,802,-1,796,802,797,-1,797,802,803,-1,800,804,801,-1,801,804,805,-1,801,805,806,-1,806,805,807,-1,806,807,808,-1,808,809,806,-1,806,809,798,-1,806,798,810,-1,810,798,799,-1,810,799,811,-1,812,813,814,-1,814,813,815,-1,816,817,815,-1,815,817,818,-1,815,818,814,-1,814,818,819,-1,816,820,817,-1,817,820,821,-1,817,821,822,-1,822,821,823,-1,822,823,824,-1,824,825,822,-1,822,825,813,-1,822,813,826,-1,826,813,812,-1,826,812,827,-1,806,810,817,-1,817,810,818,-1,801,806,822,-1,822,806,817,-1,802,801,826,-1,826,801,822,-1,803,802,827,-1,827,802,826,-1,797,803,812,-1,812,803,827,-1,799,797,814,-1,814,797,812,-1,811,799,819,-1,819,799,814,-1,810,811,818,-1,818,811,819,-1,796,798,813,-1,813,798,815,-1,798,809,815,-1,815,809,816,-1,807,821,820,-1,807,820,808,-1,808,820,816,-1,808,816,809,-1,807,805,821,-1,821,805,823,-1,800,825,824,-1,800,824,804,-1,804,824,823,-1,804,823,805,-1,800,796,825,-1,825,796,813,-1,828,829,830,-1,830,829,831,-1,832,828,833,-1,833,828,830,-1,834,832,835,-1,835,832,833,-1,836,834,837,-1,837,834,835,-1,838,836,839,-1,839,836,837,-1,840,838,841,-1,841,838,839,-1,842,840,843,-1,843,840,841,-1,844,842,845,-1,845,842,843,-1,846,844,847,-1,847,844,845,-1,848,846,849,-1,849,846,847,-1,850,848,851,-1,851,848,849,-1,829,850,831,-1,831,850,851,-1,850,829,828,-1,828,832,850,-1,850,832,834,-1,850,834,848,-1,844,846,842,-1,842,846,848,-1,842,848,840,-1,840,848,834,-1,840,834,838,-1,838,834,836,-1,849,847,845,-1,845,843,849,-1,849,843,841,-1,849,841,851,-1,830,831,833,-1,833,831,851,-1,833,851,835,-1,835,851,841,-1,835,841,837,-1,837,841,839,-1,852,853,854,-1,854,853,855,-1,856,857,858,-1,859,860,861,-1,861,860,862,-1,861,862,863,-1,863,862,864,-1,863,864,865,-1,866,867,868,-1,869,870,859,-1,859,870,871,-1,859,871,860,-1,872,873,874,-1,856,875,857,-1,857,875,876,-1,857,876,877,-1,878,879,880,-1,880,879,868,-1,880,868,881,-1,881,868,867,-1,876,882,877,-1,877,882,883,-1,877,883,884,-1,884,883,885,-1,884,885,886,-1,854,887,852,-1,852,887,888,-1,852,888,889,-1,889,888,890,-1,889,890,858,-1,858,890,891,-1,858,891,856,-1,892,893,894,-1,894,893,895,-1,894,895,896,-1,896,895,897,-1,896,897,869,-1,869,897,898,-1,869,898,870,-1,899,900,901,-1,901,900,902,-1,901,902,903,-1,903,902,904,-1,903,904,905,-1,874,906,872,-1,872,906,907,-1,872,907,899,-1,899,907,908,-1,899,908,900,-1,909,910,911,-1,911,910,912,-1,911,912,873,-1,873,912,913,-1,873,913,874,-1,914,915,868,-1,868,915,916,-1,868,916,866,-1,917,914,892,-1,892,914,918,-1,892,918,893,-1,855,915,854,-1,854,915,914,-1,854,914,919,-1,919,914,917,-1,885,920,886,-1,886,920,921,-1,886,921,922,-1,922,921,923,-1,922,923,924,-1,864,925,865,-1,865,925,926,-1,865,926,927,-1,927,926,928,-1,927,928,929,-1,929,928,930,-1,929,930,931,-1,931,930,932,-1,931,932,933,-1,933,932,934,-1,933,934,935,-1,935,934,936,-1,935,936,937,-1,937,936,938,-1,937,938,939,-1,939,938,940,-1,939,940,941,-1,941,940,942,-1,941,942,943,-1,943,942,944,-1,943,944,945,-1,881,946,880,-1,880,946,947,-1,880,947,948,-1,948,947,949,-1,948,949,950,-1,951,952,953,-1,953,952,954,-1,953,954,955,-1,955,954,956,-1,955,956,957,-1,923,958,924,-1,924,958,959,-1,924,959,909,-1,909,959,960,-1,909,960,910,-1,956,961,957,-1,957,961,962,-1,957,962,963,-1,963,962,964,-1,963,964,965,-1,965,964,950,-1,965,950,966,-1,966,950,949,-1,904,967,905,-1,905,967,968,-1,905,968,969,-1,969,968,970,-1,969,970,971,-1,971,970,972,-1,971,972,951,-1,951,972,973,-1,951,973,952,-1,974,975,976,-1,977,978,979,-1,980,981,982,-1,982,981,983,-1,982,983,984,-1,985,986,987,-1,988,989,990,-1,991,992,993,-1,993,992,994,-1,993,994,995,-1,996,997,986,-1,986,997,998,-1,986,998,987,-1,977,999,978,-1,978,999,1000,-1,978,1000,1001,-1,1001,1000,1002,-1,1001,1002,1003,-1,1003,1002,1004,-1,1003,1004,1005,-1,1006,1007,1008,-1,1008,1007,1009,-1,1008,1009,1010,-1,1010,1009,1011,-1,1010,1011,979,-1,979,1011,1012,-1,979,1012,977,-1,1013,988,1014,-1,1014,988,990,-1,1014,990,1015,-1,1015,990,1016,-1,983,1017,984,-1,984,1017,1018,-1,984,1018,991,-1,991,1018,1019,-1,991,1019,992,-1,1020,1021,980,-1,980,1021,1022,-1,980,1022,981,-1,1023,1024,1020,-1,1020,1024,1025,-1,1020,1025,1021,-1,987,1026,985,-1,985,1026,1027,-1,985,1027,1028,-1,1028,1027,1029,-1,1028,1029,1030,-1,1030,1029,1031,-1,1030,1031,1032,-1,1032,1031,1033,-1,1032,1033,1034,-1,1034,1033,1035,-1,994,1036,995,-1,995,1036,1037,-1,995,1037,1038,-1,1038,1037,1039,-1,1038,1039,996,-1,996,1039,1040,-1,996,1040,997,-1,1041,1042,1043,-1,1043,1042,990,-1,1043,990,1044,-1,1044,990,989,-1,1004,1045,1005,-1,1005,1045,1046,-1,1005,1046,1047,-1,1047,1046,1048,-1,1047,1048,1049,-1,1049,1048,1042,-1,1049,1042,1050,-1,1050,1042,1051,-1,1051,1042,1041,-1,1051,1041,1035,-1,1035,1041,1052,-1,1035,1052,1034,-1,1053,1054,1055,-1,1055,1054,1056,-1,1055,1056,1057,-1,1057,1056,1058,-1,1057,1058,1059,-1,1059,1058,1060,-1,1059,1060,1061,-1,974,976,1062,-1,1062,976,1063,-1,1062,1063,1064,-1,1064,1063,1065,-1,1064,1065,1066,-1,1066,1065,1067,-1,1066,1067,1068,-1,1068,1067,1069,-1,1068,1069,1070,-1,1070,1069,1071,-1,1070,1071,1072,-1,1072,1071,1073,-1,1072,1073,1074,-1,1074,1073,1075,-1,1074,1075,1006,-1,1006,1075,1076,-1,1006,1076,1007,-1,1077,1078,1079,-1,1079,1078,1080,-1,1079,1080,1081,-1,1081,1080,1082,-1,1081,1082,1023,-1,1023,1082,1083,-1,1023,1083,1024,-1,1060,1084,1061,-1,1061,1084,1085,-1,1061,1085,1086,-1,1086,1085,1087,-1,1086,1087,1088,-1,1088,1087,1089,-1,1088,1089,1077,-1,1077,1089,1090,-1,1077,1090,1078,-1,1055,1091,1053,-1,1053,1091,1092,-1,1053,1092,1093,-1,1093,1092,1094,-1,1093,1094,1014,-1,1014,1094,1095,-1,1014,1095,1013,-1,930,1075,1073,-1,930,1073,932,-1,932,1073,1071,-1,932,1071,934,-1,934,1071,1069,-1,934,1069,936,-1,936,1069,1067,-1,936,1067,938,-1,938,1067,1065,-1,938,1065,940,-1,940,1065,1063,-1,940,1063,942,-1,942,1063,976,-1,942,976,944,-1,945,944,975,-1,975,944,976,-1,945,975,974,-1,945,974,943,-1,943,974,1062,-1,943,1062,941,-1,941,1062,1064,-1,941,1064,939,-1,939,1064,1066,-1,939,1066,937,-1,937,1066,1068,-1,937,1068,935,-1,935,1068,1070,-1,935,1070,933,-1,933,1070,1072,-1,933,1072,931,-1,931,1072,1074,-1,931,1074,929,-1,929,1074,1006,-1,929,1006,927,-1,927,1006,1008,-1,927,1008,865,-1,865,1008,1010,-1,865,1010,863,-1,863,1010,979,-1,863,979,861,-1,861,979,978,-1,861,978,859,-1,859,978,1001,-1,859,1001,869,-1,869,1001,1003,-1,869,1003,896,-1,896,1003,1005,-1,896,1005,894,-1,894,1005,1047,-1,894,1047,892,-1,892,1047,1049,-1,892,1049,917,-1,917,1049,1050,-1,917,1050,919,-1,919,1050,1051,-1,919,1051,854,-1,887,854,1035,-1,1035,854,1051,-1,887,1035,1033,-1,887,1033,888,-1,888,1033,1031,-1,888,1031,890,-1,890,1031,1029,-1,890,1029,891,-1,891,1029,1027,-1,891,1027,856,-1,856,1027,1026,-1,856,1026,875,-1,875,1026,987,-1,875,987,876,-1,876,987,998,-1,876,998,882,-1,882,998,997,-1,882,997,883,-1,883,997,1040,-1,883,1040,885,-1,885,1040,1039,-1,885,1039,920,-1,920,1039,1037,-1,920,1037,921,-1,921,1037,1036,-1,921,1036,923,-1,923,1036,994,-1,923,994,958,-1,958,994,992,-1,958,992,959,-1,959,992,1019,-1,959,1019,960,-1,960,1019,1018,-1,960,1018,910,-1,910,1018,1017,-1,910,1017,912,-1,912,1017,983,-1,912,983,913,-1,913,983,981,-1,913,981,874,-1,874,981,1022,-1,874,1022,906,-1,906,1022,1021,-1,906,1021,907,-1,907,1021,1025,-1,907,1025,908,-1,908,1025,1024,-1,908,1024,900,-1,900,1024,1083,-1,900,1083,902,-1,902,1083,1082,-1,902,1082,904,-1,904,1082,1080,-1,904,1080,967,-1,967,1080,1078,-1,967,1078,968,-1,968,1078,1090,-1,968,1090,970,-1,970,1090,1089,-1,970,1089,972,-1,972,1089,1087,-1,972,1087,973,-1,973,1087,1085,-1,973,1085,952,-1,952,1085,1084,-1,952,1084,954,-1,954,1084,1060,-1,954,1060,956,-1,956,1060,1058,-1,956,1058,961,-1,961,1058,1056,-1,961,1056,962,-1,962,1056,1054,-1,962,1054,964,-1,964,1054,1053,-1,964,1053,950,-1,950,1053,1093,-1,950,1093,948,-1,880,948,1014,-1,1014,948,1093,-1,878,880,1015,-1,1015,880,1014,-1,879,878,1016,-1,1016,878,1015,-1,868,879,990,-1,990,879,1016,-1,868,990,1042,-1,868,1042,914,-1,914,1042,1048,-1,914,1048,918,-1,918,1048,1046,-1,918,1046,893,-1,893,1046,1045,-1,893,1045,895,-1,895,1045,1004,-1,895,1004,897,-1,897,1004,1002,-1,897,1002,898,-1,898,1002,1000,-1,898,1000,870,-1,870,1000,999,-1,870,999,871,-1,871,999,977,-1,871,977,860,-1,860,977,1012,-1,860,1012,862,-1,862,1012,1011,-1,862,1011,864,-1,864,1011,1009,-1,864,1009,925,-1,925,1009,1007,-1,925,1007,926,-1,926,1007,1076,-1,926,1076,928,-1,928,1076,1075,-1,928,1075,930,-1,857,985,1028,-1,857,1028,858,-1,858,1028,1030,-1,858,1030,889,-1,889,1030,1032,-1,889,1032,852,-1,852,1032,1034,-1,852,1034,853,-1,853,1034,1052,-1,853,1052,855,-1,924,993,995,-1,924,995,922,-1,922,995,1038,-1,922,1038,886,-1,886,1038,996,-1,886,996,884,-1,884,996,986,-1,884,986,877,-1,877,986,985,-1,877,985,857,-1,899,1020,980,-1,899,980,872,-1,872,980,982,-1,872,982,873,-1,873,982,984,-1,873,984,911,-1,911,984,991,-1,911,991,909,-1,909,991,993,-1,909,993,924,-1,971,1088,1077,-1,971,1077,969,-1,969,1077,1079,-1,969,1079,905,-1,905,1079,1081,-1,905,1081,903,-1,903,1081,1023,-1,903,1023,901,-1,901,1023,1020,-1,901,1020,899,-1,966,1092,1091,-1,966,1091,965,-1,965,1091,1055,-1,965,1055,963,-1,963,1055,1057,-1,963,1057,957,-1,957,1057,1059,-1,957,1059,955,-1,955,1059,1061,-1,955,1061,953,-1,953,1061,1086,-1,953,1086,951,-1,951,1086,1088,-1,951,1088,971,-1,916,1043,1044,-1,916,1044,866,-1,866,1044,989,-1,866,989,867,-1,867,989,988,-1,867,988,881,-1,881,988,1013,-1,881,1013,946,-1,946,1013,1095,-1,946,1095,947,-1,947,1095,1094,-1,947,1094,949,-1,949,1094,1092,-1,949,1092,966,-1,916,915,1043,-1,1043,915,1041,-1,915,855,1041,-1,1041,855,1052,-1,1096,1097,1098,-1,1096,1098,1099,-1,1099,1098,1100,-1,1099,1100,1101,-1,1101,1100,1102,-1,1101,1102,1103,-1,1103,1102,1104,-1,1103,1104,1105,-1,1105,1104,1106,-1,1105,1106,1107,-1,1107,1106,1108,-1,1107,1108,1109,-1,1109,1108,1110,-1,1109,1110,1111,-1,1112,1111,1113,-1,1113,1111,1110,-1,1112,1113,1114,-1,1112,1114,1115,-1,1115,1114,1116,-1,1115,1116,1117,-1,1117,1116,1118,-1,1117,1118,1119,-1,1119,1118,1120,-1,1119,1120,1121,-1,1121,1120,1122,-1,1121,1122,1123,-1,1123,1122,1124,-1,1123,1124,1125,-1,1125,1124,1126,-1,1125,1126,1127,-1,1127,1126,1128,-1,1127,1128,1129,-1,1129,1128,1130,-1,1129,1130,1131,-1,1131,1130,1132,-1,1131,1132,1133,-1,1133,1132,1134,-1,1133,1134,1135,-1,1135,1134,1136,-1,1135,1136,1137,-1,1137,1136,1138,-1,1137,1138,1139,-1,1139,1138,1140,-1,1139,1140,1141,-1,1141,1140,1142,-1,1141,1142,1143,-1,1143,1142,1144,-1,1143,1144,1145,-1,1145,1144,1146,-1,1145,1146,1147,-1,1147,1146,1148,-1,1147,1148,1149,-1,1149,1148,1150,-1,1149,1150,1151,-1,1151,1150,1152,-1,1151,1152,1153,-1,1153,1152,1154,-1,1153,1154,1155,-1,1155,1154,1156,-1,1155,1156,1157,-1,1157,1156,1158,-1,1157,1158,1159,-1,1159,1158,1160,-1,1159,1160,1161,-1,1161,1160,1162,-1,1161,1162,1163,-1,1163,1162,1164,-1,1163,1164,1165,-1,1165,1164,1166,-1,1165,1166,1167,-1,1167,1166,1168,-1,1167,1168,1169,-1,1169,1168,1170,-1,1169,1170,1171,-1,1171,1170,1172,-1,1171,1172,1173,-1,1173,1172,1174,-1,1173,1174,1175,-1,1175,1174,1176,-1,1175,1176,1177,-1,1177,1176,1178,-1,1177,1178,1179,-1,1179,1178,1180,-1,1179,1180,1181,-1,1181,1180,1182,-1,1181,1182,1183,-1,1183,1182,1184,-1,1183,1184,1185,-1,1185,1184,1186,-1,1185,1186,1187,-1,1187,1186,1188,-1,1187,1188,1189,-1,1189,1188,1190,-1,1189,1190,1191,-1,1191,1190,1192,-1,1191,1192,1193,-1,1193,1192,1194,-1,1193,1194,1195,-1,1195,1194,1196,-1,1195,1196,1197,-1,1197,1196,1198,-1,1197,1198,1199,-1,1199,1198,1200,-1,1199,1200,1201,-1,1201,1200,1202,-1,1201,1202,1203,-1,1203,1202,1204,-1,1203,1204,1205,-1,1205,1204,1206,-1,1205,1206,1207,-1,1207,1206,1208,-1,1207,1208,1209,-1,1209,1208,1210,-1,1209,1210,1211,-1,1211,1210,1212,-1,1211,1212,1213,-1,1213,1212,1214,-1,1213,1214,1215,-1,1215,1214,1216,-1,1215,1216,1217,-1,1217,1216,1218,-1,1217,1218,1219,-1,1219,1218,1220,-1,1219,1220,1221,-1,1221,1220,1222,-1,1221,1222,1223,-1,1223,1222,1224,-1,1223,1224,1225,-1,1225,1224,1226,-1,1225,1226,1227,-1,1227,1226,1228,-1,1227,1228,1229,-1,1229,1228,1230,-1,1229,1230,1231,-1,1232,1231,1233,-1,1233,1231,1230,-1,1232,1233,1234,-1,1232,1234,1235,-1,1235,1234,1236,-1,1235,1236,1237,-1,1237,1236,1238,-1,1237,1238,1239,-1,1239,1238,1240,-1,1239,1240,1241,-1,1241,1240,1242,-1,1241,1242,1243,-1,1243,1242,1244,-1,1243,1244,1245,-1,1245,1244,1246,-1,1245,1246,1247,-1,1247,1246,1248,-1,1247,1248,1249,-1,1249,1248,1250,-1,1249,1250,1251,-1,1251,1250,1252,-1,1251,1252,1253,-1,1253,1252,1254,-1,1253,1254,1255,-1,1255,1254,1256,-1,1255,1256,1257,-1,1257,1256,1258,-1,1257,1258,1259,-1,1259,1258,1260,-1,1259,1260,1261,-1,1261,1260,1262,-1,1261,1262,1263,-1,1263,1262,1264,-1,1263,1264,1265,-1,1265,1264,1266,-1,1265,1266,1267,-1,1267,1266,1268,-1,1267,1268,1269,-1,1269,1268,1270,-1,1269,1270,1271,-1,1271,1270,1272,-1,1271,1272,1273,-1,1273,1272,1274,-1,1273,1274,1275,-1,1275,1274,1276,-1,1275,1276,1277,-1,1277,1276,1278,-1,1277,1278,1279,-1,1279,1278,1280,-1,1279,1280,1281,-1,1281,1280,1282,-1,1281,1282,1283,-1,1283,1282,1284,-1,1283,1284,1285,-1,1285,1284,1286,-1,1285,1286,1287,-1,1287,1286,1288,-1,1287,1288,1289,-1,1289,1288,1290,-1,1289,1290,1291,-1,1291,1290,1292,-1,1291,1292,1293,-1,1293,1292,1294,-1,1293,1294,1295,-1,1295,1294,1296,-1,1295,1296,1297,-1,1297,1296,1298,-1,1297,1298,1299,-1,1299,1298,1300,-1,1299,1300,1301,-1,1301,1300,1302,-1,1301,1302,1303,-1,1303,1302,1304,-1,1303,1304,1305,-1,1305,1304,1306,-1,1305,1306,1307,-1,1307,1306,1308,-1,1307,1308,1309,-1,1309,1308,1310,-1,1309,1310,1311,-1,1311,1310,1312,-1,1311,1312,1313,-1,1313,1312,1314,-1,1313,1314,1315,-1,1315,1314,1316,-1,1315,1316,1317,-1,1317,1316,1318,-1,1317,1318,1319,-1,1319,1318,1320,-1,1319,1320,1321,-1,1321,1320,1322,-1,1321,1322,1323,-1,1323,1322,1324,-1,1323,1324,1325,-1,1325,1324,1326,-1,1325,1326,1327,-1,1327,1326,1328,-1,1327,1328,1329,-1,1329,1328,1330,-1,1329,1330,1331,-1,1331,1330,1332,-1,1331,1332,1333,-1,1333,1332,1097,-1,1333,1097,1096,-1,1109,1111,1112,-1,1229,1231,1232,-1,1139,1141,1323,-1,1323,1141,1321,-1,1203,1263,1201,-1,1201,1263,1265,-1,1201,1265,1199,-1,1141,1143,1321,-1,1321,1143,1145,-1,1321,1145,1319,-1,1319,1145,1147,-1,1319,1147,1317,-1,1205,1259,1203,-1,1203,1259,1261,-1,1203,1261,1263,-1,1139,1323,1137,-1,1137,1323,1325,-1,1137,1325,1135,-1,1135,1325,1327,-1,1135,1327,1133,-1,1133,1327,1329,-1,1133,1329,1131,-1,1281,1191,1279,-1,1279,1191,1193,-1,1163,1309,1161,-1,1161,1309,1311,-1,1265,1267,1199,-1,1199,1267,1269,-1,1199,1269,1197,-1,1269,1271,1197,-1,1197,1271,1273,-1,1197,1273,1195,-1,1195,1273,1275,-1,1195,1275,1193,-1,1193,1275,1277,-1,1193,1277,1279,-1,1281,1283,1191,-1,1191,1283,1285,-1,1191,1285,1189,-1,1189,1285,1287,-1,1189,1287,1187,-1,1187,1287,1289,-1,1187,1289,1185,-1,1185,1289,1291,-1,1185,1291,1183,-1,1315,1155,1313,-1,1313,1155,1157,-1,1313,1157,1311,-1,1311,1157,1159,-1,1311,1159,1161,-1,1147,1149,1317,-1,1317,1149,1151,-1,1317,1151,1315,-1,1315,1151,1153,-1,1315,1153,1155,-1,1131,1329,1129,-1,1129,1329,1331,-1,1129,1331,1127,-1,1127,1331,1333,-1,1127,1333,1125,-1,1125,1333,1096,-1,1125,1096,1123,-1,1123,1096,1099,-1,1123,1099,1121,-1,1121,1099,1101,-1,1121,1101,1119,-1,1119,1101,1103,-1,1119,1103,1117,-1,1117,1103,1105,-1,1117,1105,1115,-1,1115,1105,1112,-1,1112,1105,1107,-1,1112,1107,1109,-1,1163,1165,1309,-1,1309,1165,1167,-1,1309,1167,1307,-1,1307,1167,1169,-1,1307,1169,1305,-1,1305,1169,1171,-1,1305,1171,1303,-1,1303,1171,1173,-1,1303,1173,1301,-1,1301,1173,1175,-1,1301,1175,1299,-1,1229,1232,1227,-1,1227,1232,1235,-1,1227,1235,1225,-1,1225,1235,1237,-1,1225,1237,1223,-1,1223,1237,1239,-1,1223,1239,1221,-1,1221,1239,1241,-1,1221,1241,1219,-1,1219,1241,1243,-1,1219,1243,1217,-1,1217,1243,1245,-1,1217,1245,1215,-1,1215,1245,1247,-1,1215,1247,1213,-1,1213,1247,1249,-1,1213,1249,1211,-1,1211,1249,1251,-1,1211,1251,1209,-1,1209,1251,1253,-1,1209,1253,1207,-1,1207,1253,1255,-1,1207,1255,1205,-1,1205,1255,1257,-1,1205,1257,1259,-1,1291,1293,1183,-1,1183,1293,1295,-1,1183,1295,1181,-1,1181,1295,1297,-1,1181,1297,1179,-1,1179,1297,1299,-1,1179,1299,1177,-1,1177,1299,1175,-1,1320,1140,1322,-1,1322,1140,1138,-1,1322,1138,1324,-1,1324,1138,1136,-1,1324,1136,1326,-1,1202,1200,1262,-1,1282,1190,1284,-1,1284,1190,1188,-1,1318,1144,1320,-1,1320,1144,1142,-1,1320,1142,1140,-1,1312,1310,1158,-1,1158,1310,1160,-1,1160,1310,1308,-1,1160,1308,1162,-1,1282,1280,1190,-1,1190,1280,1278,-1,1190,1278,1192,-1,1192,1278,1276,-1,1192,1276,1194,-1,1306,1166,1308,-1,1308,1166,1164,-1,1308,1164,1162,-1,1196,1268,1198,-1,1198,1268,1266,-1,1198,1266,1200,-1,1200,1266,1264,-1,1200,1264,1262,-1,1276,1274,1194,-1,1194,1274,1272,-1,1194,1272,1196,-1,1196,1272,1270,-1,1196,1270,1268,-1,1136,1134,1326,-1,1326,1134,1132,-1,1326,1132,1328,-1,1328,1132,1130,-1,1328,1130,1330,-1,1330,1130,1128,-1,1330,1128,1332,-1,1332,1128,1126,-1,1332,1126,1097,-1,1097,1126,1124,-1,1097,1124,1098,-1,1098,1124,1122,-1,1098,1122,1100,-1,1100,1122,1120,-1,1100,1120,1102,-1,1314,1150,1316,-1,1316,1150,1148,-1,1316,1148,1318,-1,1318,1148,1146,-1,1318,1146,1144,-1,1158,1156,1312,-1,1312,1156,1154,-1,1312,1154,1314,-1,1314,1154,1152,-1,1314,1152,1150,-1,1120,1118,1102,-1,1102,1118,1116,-1,1102,1116,1104,-1,1104,1116,1114,-1,1104,1114,1106,-1,1106,1114,1113,-1,1106,1113,1108,-1,1108,1113,1110,-1,1262,1260,1202,-1,1202,1260,1258,-1,1202,1258,1204,-1,1204,1258,1256,-1,1204,1256,1206,-1,1206,1256,1254,-1,1206,1254,1208,-1,1208,1254,1252,-1,1208,1252,1210,-1,1210,1252,1250,-1,1210,1250,1212,-1,1212,1250,1248,-1,1212,1248,1214,-1,1214,1248,1246,-1,1214,1246,1216,-1,1216,1246,1244,-1,1216,1244,1218,-1,1218,1244,1242,-1,1218,1242,1220,-1,1220,1242,1240,-1,1220,1240,1222,-1,1222,1240,1238,-1,1222,1238,1224,-1,1224,1238,1236,-1,1224,1236,1226,-1,1226,1236,1234,-1,1226,1234,1228,-1,1228,1234,1233,-1,1228,1233,1230,-1,1298,1296,1180,-1,1180,1296,1294,-1,1180,1294,1182,-1,1182,1294,1292,-1,1182,1292,1184,-1,1184,1292,1290,-1,1184,1290,1186,-1,1186,1290,1288,-1,1186,1288,1188,-1,1188,1288,1286,-1,1188,1286,1284,-1,1180,1178,1298,-1,1298,1178,1176,-1,1298,1176,1300,-1,1300,1176,1174,-1,1300,1174,1302,-1,1302,1174,1172,-1,1302,1172,1304,-1,1304,1172,1170,-1,1304,1170,1306,-1,1306,1170,1168,-1,1306,1168,1166,-1,1334,1335,1336,-1,1336,1335,1337,-1,1338,1334,1339,-1,1339,1334,1336,-1,1338,1339,1340,-1,1338,1340,1341,-1,1341,1340,1342,-1,1341,1342,1343,-1,1344,1343,1345,-1,1345,1343,1342,-1,1346,1344,1347,-1,1347,1344,1345,-1,1348,1346,1349,-1,1349,1346,1347,-1,1350,1348,1351,-1,1351,1348,1349,-1,1352,1350,1353,-1,1353,1350,1351,-1,1354,1352,1355,-1,1355,1352,1353,-1,1354,1355,1356,-1,1354,1356,1357,-1,1357,1356,1358,-1,1357,1358,1359,-1,1359,1358,1360,-1,1359,1360,1361,-1,1361,1360,1362,-1,1361,1362,1363,-1,1363,1362,1364,-1,1363,1364,1365,-1,1365,1364,1366,-1,1365,1366,1367,-1,1367,1366,1368,-1,1367,1368,1369,-1,1369,1368,1370,-1,1369,1370,1371,-1,1371,1370,1372,-1,1371,1372,1373,-1,1373,1372,1374,-1,1373,1374,1375,-1,1376,1375,1377,-1,1377,1375,1374,-1,1376,1377,1378,-1,1376,1378,1379,-1,1379,1378,1380,-1,1379,1380,1381,-1,1381,1380,1382,-1,1381,1382,1383,-1,1383,1382,1384,-1,1383,1384,1385,-1,1385,1384,1386,-1,1385,1386,1387,-1,1387,1386,1388,-1,1387,1388,1389,-1,1389,1388,1390,-1,1389,1390,1391,-1,1391,1390,1392,-1,1391,1392,1393,-1,1393,1392,1394,-1,1393,1394,1395,-1,1395,1394,1396,-1,1395,1396,1397,-1,1397,1396,1398,-1,1397,1398,1399,-1,1399,1398,1400,-1,1399,1400,1401,-1,1401,1400,1402,-1,1401,1402,1403,-1,1403,1402,1404,-1,1403,1404,1405,-1,1335,1405,1337,-1,1337,1405,1404,-1,1341,1343,1405,-1,1335,1334,1405,-1,1405,1334,1338,-1,1405,1338,1341,-1,1348,1350,1346,-1,1346,1350,1352,-1,1346,1352,1344,-1,1359,1361,1393,-1,1393,1361,1391,-1,1391,1361,1363,-1,1391,1363,1389,-1,1389,1363,1365,-1,1389,1365,1387,-1,1387,1365,1385,-1,1385,1365,1367,-1,1385,1367,1383,-1,1383,1367,1369,-1,1383,1369,1381,-1,1393,1395,1359,-1,1359,1395,1397,-1,1359,1397,1357,-1,1357,1397,1399,-1,1357,1399,1354,-1,1381,1369,1379,-1,1379,1369,1371,-1,1379,1371,1376,-1,1376,1371,1373,-1,1376,1373,1375,-1,1399,1401,1354,-1,1354,1401,1403,-1,1354,1403,1352,-1,1352,1403,1405,-1,1352,1405,1344,-1,1344,1405,1343,-1,1366,1364,1386,-1,1353,1351,1349,-1,1336,1337,1339,-1,1339,1337,1404,-1,1386,1364,1388,-1,1388,1364,1362,-1,1388,1362,1390,-1,1386,1384,1366,-1,1366,1384,1382,-1,1366,1382,1368,-1,1368,1382,1380,-1,1368,1380,1370,-1,1370,1380,1378,-1,1370,1378,1372,-1,1372,1378,1377,-1,1372,1377,1374,-1,1390,1362,1392,-1,1392,1362,1360,-1,1392,1360,1394,-1,1394,1360,1358,-1,1394,1358,1396,-1,1396,1358,1356,-1,1396,1356,1398,-1,1398,1356,1400,-1,1400,1356,1355,-1,1400,1355,1402,-1,1345,1342,1404,-1,1404,1342,1340,-1,1404,1340,1339,-1,1349,1347,1353,-1,1353,1347,1345,-1,1353,1345,1355,-1,1355,1345,1404,-1,1355,1404,1402,-1,1406,1407,1408,-1,1408,1407,1409,-1,1410,1406,1411,-1,1411,1406,1408,-1,1412,1410,1413,-1,1413,1410,1411,-1,1414,1412,1415,-1,1415,1412,1413,-1,1416,1414,1417,-1,1417,1414,1415,-1,1418,1416,1419,-1,1419,1416,1417,-1,1420,1418,1421,-1,1421,1418,1419,-1,1422,1420,1423,-1,1423,1420,1421,-1,1424,1422,1425,-1,1425,1422,1423,-1,1426,1424,1427,-1,1427,1424,1425,-1,1428,1426,1429,-1,1429,1426,1427,-1,1407,1428,1409,-1,1409,1428,1429,-1,1428,1407,1406,-1,1406,1410,1428,-1,1428,1410,1412,-1,1428,1412,1426,-1,1422,1424,1420,-1,1420,1424,1426,-1,1420,1426,1418,-1,1418,1426,1412,-1,1418,1412,1416,-1,1416,1412,1414,-1,1427,1425,1423,-1,1423,1421,1427,-1,1427,1421,1419,-1,1427,1419,1429,-1,1408,1409,1411,-1,1411,1409,1429,-1,1411,1429,1413,-1,1413,1429,1419,-1,1413,1419,1415,-1,1415,1419,1417,-1,1430,1431,1432,-1,1432,1431,1433,-1,1432,1433,1434,-1,1434,1433,1435,-1,1434,1435,1436,-1,1436,1435,1437,-1,1436,1437,1438,-1,1438,1437,1439,-1,1438,1439,1440,-1,1440,1439,1441,-1,1440,1441,1442,-1,1442,1441,1443,-1,1442,1443,1444,-1,1444,1443,1445,-1,1444,1445,1446,-1,1447,1448,1449,-1,1449,1448,1450,-1,1449,1450,1451,-1,1451,1450,1452,-1,1451,1452,1453,-1,1453,1452,1454,-1,1453,1454,1455,-1,1445,1456,1446,-1,1446,1456,1457,-1,1446,1457,1458,-1,1458,1457,1459,-1,1458,1459,1460,-1,1460,1459,1461,-1,1460,1461,1462,-1,1462,1461,1463,-1,1462,1463,1464,-1,1464,1463,1465,-1,1464,1465,1466,-1,1466,1465,1467,-1,1466,1467,1447,-1,1447,1467,1468,-1,1447,1468,1448,-1,1454,1469,1455,-1,1455,1469,1470,-1,1455,1470,1471,-1,1471,1470,1472,-1,1471,1472,1473,-1,1473,1472,1474,-1,1473,1474,1475,-1,1475,1474,1476,-1,1475,1476,1477,-1,1477,1476,1478,-1,1477,1478,1479,-1,1479,1478,1480,-1,1479,1480,1481,-1,1481,1480,1482,-1,1481,1482,1483,-1,1483,1482,1484,-1,1483,1484,1485,-1,1485,1484,1486,-1,1485,1486,1487,-1,1487,1486,1488,-1,1487,1488,1489,-1,1489,1488,1490,-1,1489,1490,1491,-1,1491,1490,1492,-1,1491,1492,1493,-1,1493,1492,1494,-1,1493,1494,1495,-1,1495,1494,1496,-1,1495,1496,1497,-1,1497,1496,1498,-1,1497,1498,1499,-1,1499,1498,1500,-1,1499,1500,1501,-1,1501,1500,1502,-1,1501,1502,1430,-1,1430,1502,1503,-1,1430,1503,1431,-1,1504,1505,1506,-1,1506,1505,1507,-1,1506,1507,1508,-1,1508,1507,1509,-1,1508,1509,1510,-1,1510,1509,1511,-1,1510,1511,1512,-1,1512,1511,1513,-1,1512,1513,1514,-1,1514,1513,1515,-1,1514,1515,1516,-1,1517,1518,1519,-1,1519,1518,1520,-1,1519,1520,1521,-1,1521,1520,1522,-1,1521,1522,1523,-1,1523,1522,1524,-1,1523,1524,1525,-1,1525,1524,1526,-1,1525,1526,1527,-1,1527,1526,1528,-1,1527,1528,1529,-1,1529,1528,1530,-1,1529,1530,1531,-1,1531,1530,1532,-1,1531,1532,1533,-1,1533,1532,1534,-1,1533,1534,1535,-1,1535,1534,1536,-1,1535,1536,1537,-1,1537,1536,1538,-1,1537,1538,1539,-1,1539,1538,1540,-1,1539,1540,1541,-1,1541,1540,1542,-1,1541,1542,1543,-1,1543,1542,1544,-1,1543,1544,1545,-1,1545,1544,1546,-1,1545,1546,1504,-1,1504,1546,1547,-1,1504,1547,1505,-1,1548,1549,1550,-1,1550,1549,1551,-1,1550,1551,1552,-1,1552,1551,1553,-1,1552,1553,1554,-1,1554,1553,1555,-1,1554,1555,1556,-1,1556,1555,1557,-1,1556,1557,1558,-1,1558,1557,1559,-1,1558,1559,1560,-1,1560,1559,1561,-1,1560,1561,1562,-1,1562,1561,1563,-1,1562,1563,1517,-1,1517,1563,1564,-1,1517,1564,1518,-1,1515,1565,1516,-1,1516,1565,1566,-1,1516,1566,1567,-1,1567,1566,1568,-1,1567,1568,1569,-1,1569,1568,1570,-1,1569,1570,1571,-1,1571,1570,1572,-1,1571,1572,1573,-1,1573,1572,1574,-1,1573,1574,1575,-1,1575,1574,1576,-1,1575,1576,1548,-1,1548,1576,1577,-1,1548,1577,1549,-1,1496,1494,1528,-1,1528,1494,1530,-1,1496,1528,1526,-1,1496,1526,1498,-1,1498,1526,1524,-1,1498,1524,1500,-1,1500,1524,1522,-1,1500,1522,1502,-1,1502,1522,1520,-1,1502,1520,1503,-1,1503,1520,1518,-1,1503,1518,1431,-1,1431,1518,1564,-1,1431,1564,1433,-1,1433,1564,1563,-1,1433,1563,1435,-1,1435,1563,1561,-1,1435,1561,1437,-1,1437,1561,1559,-1,1437,1559,1439,-1,1439,1559,1557,-1,1439,1557,1441,-1,1441,1557,1555,-1,1441,1555,1443,-1,1443,1555,1553,-1,1443,1553,1445,-1,1445,1553,1551,-1,1445,1551,1456,-1,1456,1551,1549,-1,1456,1549,1457,-1,1457,1549,1577,-1,1457,1577,1459,-1,1459,1577,1576,-1,1459,1576,1461,-1,1461,1576,1574,-1,1461,1574,1463,-1,1463,1574,1572,-1,1463,1572,1465,-1,1465,1572,1570,-1,1465,1570,1467,-1,1467,1570,1568,-1,1467,1568,1468,-1,1468,1568,1566,-1,1468,1566,1448,-1,1448,1566,1565,-1,1448,1565,1450,-1,1450,1565,1515,-1,1450,1515,1452,-1,1452,1515,1513,-1,1452,1513,1454,-1,1454,1513,1511,-1,1454,1511,1469,-1,1469,1511,1509,-1,1469,1509,1470,-1,1470,1509,1507,-1,1470,1507,1472,-1,1472,1507,1505,-1,1472,1505,1474,-1,1474,1505,1547,-1,1474,1547,1476,-1,1476,1547,1546,-1,1476,1546,1478,-1,1478,1546,1544,-1,1478,1544,1480,-1,1480,1544,1542,-1,1480,1542,1482,-1,1482,1542,1540,-1,1482,1540,1484,-1,1484,1540,1538,-1,1484,1538,1486,-1,1486,1538,1536,-1,1486,1536,1488,-1,1488,1536,1534,-1,1488,1534,1490,-1,1492,1490,1532,-1,1532,1490,1534,-1,1494,1492,1530,-1,1530,1492,1532,-1,1489,1491,1533,-1,1533,1491,1531,-1,1491,1493,1531,-1,1531,1493,1529,-1,1493,1495,1529,-1,1529,1495,1527,-1,1438,1558,1560,-1,1438,1560,1436,-1,1436,1560,1562,-1,1436,1562,1434,-1,1434,1562,1517,-1,1434,1517,1432,-1,1432,1517,1519,-1,1432,1519,1430,-1,1430,1519,1521,-1,1430,1521,1501,-1,1501,1521,1523,-1,1501,1523,1499,-1,1499,1523,1525,-1,1499,1525,1497,-1,1497,1525,1527,-1,1497,1527,1495,-1,1464,1571,1573,-1,1464,1573,1462,-1,1462,1573,1575,-1,1462,1575,1460,-1,1460,1575,1548,-1,1460,1548,1458,-1,1458,1548,1550,-1,1458,1550,1446,-1,1446,1550,1552,-1,1446,1552,1444,-1,1444,1552,1554,-1,1444,1554,1442,-1,1442,1554,1556,-1,1442,1556,1440,-1,1440,1556,1558,-1,1440,1558,1438,-1,1473,1506,1508,-1,1473,1508,1471,-1,1471,1508,1510,-1,1471,1510,1455,-1,1455,1510,1512,-1,1455,1512,1453,-1,1453,1512,1514,-1,1453,1514,1451,-1,1451,1514,1516,-1,1451,1516,1449,-1,1449,1516,1567,-1,1449,1567,1447,-1,1447,1567,1569,-1,1447,1569,1466,-1,1466,1569,1571,-1,1466,1571,1464,-1,1489,1533,1535,-1,1489,1535,1487,-1,1487,1535,1537,-1,1487,1537,1485,-1,1485,1537,1539,-1,1485,1539,1483,-1,1483,1539,1541,-1,1483,1541,1481,-1,1481,1541,1543,-1,1481,1543,1479,-1,1479,1543,1545,-1,1479,1545,1477,-1,1477,1545,1504,-1,1477,1504,1475,-1,1475,1504,1506,-1,1475,1506,1473,-1,1578,1579,1580,-1,1580,1579,1581,-1,1582,1583,1578,-1,1578,1583,1584,-1,1578,1584,1579,-1,1579,1584,1585,-1,1582,1586,1583,-1,1583,1586,1587,-1,1583,1587,1588,-1,1588,1587,1589,-1,1588,1589,1590,-1,1590,1591,1588,-1,1588,1591,1580,-1,1588,1580,1592,-1,1592,1580,1581,-1,1592,1581,1593,-1,1594,1595,1596,-1,1596,1595,1597,-1,1598,1599,1597,-1,1597,1599,1600,-1,1597,1600,1596,-1,1596,1600,1601,-1,1598,1602,1599,-1,1599,1602,1603,-1,1599,1603,1604,-1,1604,1603,1605,-1,1604,1605,1606,-1,1606,1607,1604,-1,1604,1607,1595,-1,1604,1595,1608,-1,1608,1595,1594,-1,1608,1594,1609,-1,1588,1592,1599,-1,1599,1592,1600,-1,1583,1588,1604,-1,1604,1588,1599,-1,1584,1583,1608,-1,1608,1583,1604,-1,1585,1584,1609,-1,1609,1584,1608,-1,1579,1585,1594,-1,1594,1585,1609,-1,1581,1579,1596,-1,1596,1579,1594,-1,1593,1581,1601,-1,1601,1581,1596,-1,1592,1593,1600,-1,1600,1593,1601,-1,1578,1580,1595,-1,1595,1580,1597,-1,1580,1591,1597,-1,1597,1591,1598,-1,1589,1603,1602,-1,1589,1602,1590,-1,1590,1602,1598,-1,1590,1598,1591,-1,1589,1587,1603,-1,1603,1587,1605,-1,1582,1607,1606,-1,1582,1606,1586,-1,1586,1606,1605,-1,1586,1605,1587,-1,1582,1578,1607,-1,1607,1578,1595,-1,
        ]
    }
}