#VRML V2.0 utf8
# 3D model generated by easyeda2kicad.py (https://github.com/uPesy/easyeda2kicad.py)

Shape{
    appearance Appearance {
        material  Material 	{
            diffuseColor 0.0 0.5019607843137255 0.0
            specularColor 0.0 0.25098039215686274 0.0
            ambientIntensity 0.2947
            transparency 0.0
            shininess 0.5
        }
    }
    geometry IndexedFaceSet {
        ccw TRUE
        solid FALSE
        coord DEF co Coordinate {
            point [
                -1.7946 -0.2305 1.4567, -1.7946 -0.1545 1.4567, -2.1793 -0.1545 1.4567, -2.7568 -0.5987 1.4567, -2.7421 -0.564 1.4567, -2.7634 -0.51 1.4567, -2.6213 0.1214 1.4567, -2.6159 0.1194 1.4567, -2.6159 0.7815 1.4567, 6.7514 -0.6457 1.4567, 6.7309 -0.6724 1.4567, 6.9685 -0.6724 1.4567, -3.6778 -0.0822 1.4567, -3.6263 -0.1258 1.4567, -3.4464 0.7815 1.4567, -4.604 0.0072 1.4567, -4.5337 0.0345 1.4567, -4.9324 0.7815 1.4567, -4.0229 0.1886 1.4567, -3.928 0.1543 1.4567, -3.846 0.0988 1.4567, -3.783 0.0258 1.4567, -4.6644 -0.0352 1.4567, -3.7435 -0.0511 1.4567, -3.7343 -0.0542 1.4567, -4.7531 -0.1742 1.4567, -4.7443 -0.1545 1.4567, -4.9324 -0.1545 1.4567, -4.7228 -0.1058 1.4567, -4.6772 -0.0473 1.4567, -4.3764 0.0853 1.4567, -4.3318 0.1235 1.4567, -4.2854 0.1522 1.4567, -4.1979 0.1859 1.4567, -4.1041 0.1975 1.4567, -4.4153 0.04 1.4567, -4.4371 0.0426 1.4567, -4.4589 0.0438 1.4567, -4.7571 -0.338 1.4567, -4.9324 -0.2305 1.4567, -4.73 -0.4087 1.4567, -4.9324 -0.6724 1.4567, -4.6866 -0.4705 1.4567, -4.6274 -0.521 1.4567, -4.7663 -0.2637 1.4567, -4.7658 -0.2455 1.4567, -4.7631 -0.2305 1.4567, -4.5158 -0.6024 1.4567, -4.4875 -0.6372 1.4567, -4.4504 -0.6651 1.4567, -4.5348 -0.5616 1.4567, -4.5589 -0.5544 1.4567, -4.3546 -0.6906 1.4567, -4.9324 -1.187 1.4567, -4.3086 -0.6849 1.4567, -3.4464 -1.187 1.4567, -4.276 -0.6724 1.4567, -4.3618 -0.6905 1.4567, -4.4066 -0.6835 1.4567, -4.433 -0.6724 1.4567, -3.9344 -0.4548 1.4567, -3.9214 -0.4496 1.4567, -3.8991 -0.3415 1.4567, -4.3315 -0.3106 1.4567, -4.2857 -0.3219 1.4567, -3.958 -0.2409 1.4567, -4.2454 -0.3435 1.4567, -4.2122 -0.3737 1.4567, -3.9461 -0.463 1.4567, -3.4464 -0.6724 1.4567, -4.177 -0.5676 1.4567, -4.1995 -0.6099 1.4567, -3.6929 -0.2305 1.4567, -3.6832 -0.2484 1.4567, -3.6743 -0.2848 1.4567, -3.5882 -0.4275 1.4567, -3.6259 -0.48 1.4567, -3.6775 -0.5237 1.4567, -3.7354 -0.552 1.4567, -4.2285 -0.6424 1.4567, -4.2662 -0.6687 1.4567, -3.9067 -0.4477 1.4567, -3.9049 -0.4479 1.4567, -3.8992 -0.4491 1.4567, -3.5673 -0.2305 1.4567, -3.5644 -0.2377 1.4567, -3.4464 -0.2305 1.4567, -3.5557 -0.2997 1.4567, -3.5644 -0.3674 1.4567, -4.512 -0.3937 1.4567, -4.6445 -0.2893 1.4567, -4.6308 -0.3357 1.4567, -4.6083 -0.374 1.4567, -4.5743 -0.4089 1.4567, -4.5329 -0.4344 1.4567, -4.6468 -0.2599 1.4567, -4.4806 -0.3578 1.4567, -4.6432 -0.2305 1.4567, -4.4419 -0.3308 1.4567, -4.3999 -0.3148 1.4567, -4.3546 -0.3092 1.4567, -3.7119 -0.402 1.4567, -3.691 -0.3724 1.4567, -3.6779 -0.3386 1.4567, -3.6733 -0.3016 1.4567, -3.9655 -0.5065 1.4567, -3.9651 -0.4991 1.4567, -4.1648 -0.4819 1.4567, -3.9613 -0.4846 1.4567, -3.954 -0.4717 1.4567, -3.9338 -0.5587 1.4567, -3.9461 -0.55 1.4567, -3.9505 -0.5455 1.4567, -3.9587 -0.5336 1.4567, -3.9637 -0.5207 1.4567, -4.1658 -0.5208 1.4567, -4.1648 -0.5009 1.4567, -3.8953 -0.4496 1.4567, -3.8099 -0.4496 1.4567, -3.7757 -0.4431 1.4567, -3.7986 -0.5654 1.4567, -3.9105 -0.5654 1.4567, -3.9212 -0.5637 1.4567, -3.7423 -0.4275 1.4567, -3.7142 -0.4046 1.4567, -3.8143 -0.1545 1.4567, -3.7009 -0.2156 1.4567, -3.7226 -0.1914 1.4567, -3.7521 -0.1708 1.4567, -3.7852 -0.1581 1.4567, -4.613 -0.1545 1.4567, -4.6248 -0.1715 1.4567, -4.6411 -0.2139 1.4567, -3.8775 -0.0394 1.4567, -3.9204 0.0117 1.4567, -4.3565 -0.0986 1.4567, -3.925 0.0159 1.4567, -3.9783 0.0529 1.4567, -4.3274 -0.0385 1.4567, -3.8213 -0.1536 1.4567, -3.8365 -0.1536 1.4567, -4.3698 -0.0913 1.4567, -3.8482 -0.1005 1.4567, -4.4123 -0.0757 1.4567, -4.457 -0.0701 1.4567, -4.477 -0.0711 1.4567, -4.2849 0.0123 1.4567, -4.0378 0.0757 1.4567, -4.2341 0.0495 1.4567, -4.1022 0.0836 1.4567, -4.1721 0.0746 1.4567, -4.5238 -0.0823 1.4567, -4.5661 -0.1048 1.4567, -4.5985 -0.1338 1.4567, -3.5876 -0.1797 1.4567, -3.4464 -0.1545 1.4567, -3.6057 -0.1545 1.4567, -2.3676 0.1259 1.4567, -2.2659 -0.141 1.4567, -2.304 -0.141 1.4567, -2.1793 0.7815 1.4567, -2.4044 0.1259 1.4567, -2.4292 0.7815 1.4567, -2.4292 0.0609 1.4567, -2.468 -0.141 1.4567, -2.5061 -0.141 1.4567, -2.5135 -0.1545 1.4567, -2.4292 -0.068 1.4567, -2.4424 -0.068 1.4567, -2.4292 -0.1545 1.4567, -2.9856 0.1194 1.4567, -2.9856 0.0834 1.4567, -2.9743 -0.1545 1.4567, -3.0098 0.1268 1.4567, -2.9743 0.7815 1.4567, -3.0545 -0.1148 1.4567, -3.0386 -0.1141 1.4567, -2.9901 -0.1323 1.4567, -3.0188 -0.1417 1.4567, -3.1639 0.0696 1.4567, -3.1469 0.0911 1.4567, -3.1735 0.7815 1.4567, -3.1409 0.0968 1.4567, -3.1151 0.115 1.4567, -3.0872 0.1257 1.4567, -3.0488 0.1304 1.4567, -3.0438 0.1303 1.4567, -3.0199 0.0963 1.4567, -3.0485 0.0992 1.4567, -3.1212 0.0696 1.4567, -3.1232 0.0674 1.4567, -3.1361 0.0488 1.4567, -3.1449 0.0257 1.4567, -3.0089 -0.1078 1.4567, -2.9856 -0.097 1.4567, -2.9856 -0.13 1.4567, -3.0595 -0.1455 1.4567, -3.0782 -0.1445 1.4567, -3.1735 -0.1545 1.4567, -3.1067 -0.1381 1.4567, -3.1316 -0.1257 1.4567, -3.1512 -0.1091 1.4567, -3.1536 -0.1065 1.4567, -3.1694 -0.0836 1.4567, -3.1493 -0.0106 1.4567, -3.1492 -0.0145 1.4567, -3.1448 -0.0468 1.4567, -3.1169 -0.0928 1.4567, -3.0992 -0.1049 1.4567, -3.0799 -0.112 1.4567, -2.9924 0.0869 1.4567, -3.0589 0.0988 1.4567, -3.0821 0.0943 1.4567, -3.1031 0.0846 1.4567, -3.1362 -0.0684 1.4567, -3.1231 -0.0867 1.4567, -3.1735 -0.0732 1.4567, -3.1802 -0.0557 1.4567, -3.1895 -0.1545 1.4567, -3.1854 -0.0126 1.4567, -3.1845 0.0067 1.4567, -3.1895 0.7815 1.4567, -3.1775 0.0406 1.4567, -3.1735 0.0492 1.4567, 1.4592 -0.158 1.4567, 1.4507 -0.1545 1.4567, 1.0 -0.1545 1.4567, 1.4213 -0.1423 1.4567, 1.3886 0.1055 1.4567, 1.4213 0.1305 1.4567, 1.0 0.7815 1.4567, 1.4592 0.1462 1.4567, 1.5 0.1516 1.4567, 1.5408 0.1462 1.4567, 3.378 0.7815 1.4567, 1.5787 0.1305 1.4567, 1.6114 0.1055 1.4567, 1.6575 -0.0059 1.4567, 3.378 -0.1545 1.4567, 1.6521 0.0349 1.4567, 1.6364 0.0728 1.4567, 1.6521 -0.0467 1.4567, 1.6364 -0.0846 1.4567, 1.6114 -0.1172 1.4567, 1.3886 -0.1172 1.4567, 1.3636 -0.0846 1.4567, 1.3479 -0.0467 1.4567, 1.3425 -0.0059 1.4567, 1.3479 0.0349 1.4567, 1.3636 0.0728 1.4567, 1.5 -0.1634 1.4567, 1.0 -0.2305 1.4567, 3.378 -0.2305 1.4567, 1.5787 -0.1423 1.4567, 1.5493 -0.1545 1.4567, 1.5408 -0.158 1.4567, 0.3886 0.1055 1.4567, 0.4213 0.1305 1.4567, 0.0 0.7815 1.4567, 0.4592 -0.158 1.4567, 0.4507 -0.1545 1.4567, 0.0 -0.1545 1.4567, 0.4213 -0.1423 1.4567, 0.6114 -0.1172 1.4567, 0.5787 -0.1423 1.4567, 0.3886 -0.1172 1.4567, 0.3636 -0.0846 1.4567, 0.3479 -0.0467 1.4567, 0.3425 -0.0059 1.4567, 0.3479 0.0349 1.4567, 0.3636 0.0728 1.4567, 0.4592 0.1462 1.4567, 0.5 0.1516 1.4567, 0.5408 0.1462 1.4567, 0.5787 0.1305 1.4567, 0.6575 -0.0059 1.4567, 0.6521 -0.0467 1.4567, 0.6364 -0.0846 1.4567, 0.6114 0.1055 1.4567, 0.6364 0.0728 1.4567, 0.6521 0.0349 1.4567, 0.5493 -0.1545 1.4567, 0.5408 -0.158 1.4567, 0.5 -0.1634 1.4567, 0.0 -0.2305 1.4567, 3.378 -1.2854 1.4567, 6.6929 -1.2854 1.4567, 6.9685 -1.187 1.4567, 6.9685 -10.439 1.4567, 6.6929 -10.3405 1.4567, 3.378 -10.439 1.4567, -4.9324 -10.3405 1.4567, -6.6929 -10.3405 1.4567, -6.7815 -10.439 1.4567, -6.7815 -1.187 1.4567, -6.6929 -1.2854 1.4567, 2.7559 -12.4075 1.4567, 3.378 -12.4075 1.4567, 2.7559 -10.6555 1.4567, 1.0 -10.6555 1.4567, -2.6159 -10.439 1.4567, -2.5135 -10.6555 1.4567, -2.5135 -10.439 1.4567, -2.4292 -10.6555 1.4567, -2.4292 -10.439 1.4567, -2.1793 -10.6555 1.4567, -2.1793 -10.439 1.4567, -1.7946 -10.6555 1.4567, -1.7946 -10.439 1.4567, -1.0 -10.6555 1.4567, -1.0 -10.439 1.4567, 0.0 -10.6555 1.4567, 0.0 -10.439 1.4567, 1.0 -10.439 1.4567, -2.7634 -12.4075 1.4567, -2.7559 -12.4075 1.4567, -2.7559 -10.6555 1.4567, -5.1048 -0.1545 1.4567, -6.7815 0.1675 1.4567, -6.7514 0.2402 1.4567, -6.7815 0.7815 1.4567, -6.6106 0.4236 1.4567, -6.4272 0.5644 1.4567, -6.2135 0.6529 1.4567, -5.9843 0.6831 1.4567, -5.755 0.6529 1.4567, -5.5413 0.5644 1.4567, -5.3579 0.4236 1.4567, -5.2171 0.2402 1.4567, -5.1286 0.0265 1.4567, -6.9685 -0.1545 1.4567, -6.8637 -0.1545 1.4567, -6.8399 0.0265 1.4567, -6.9685 0.7815 1.4567, -6.8701 -0.2027 1.4567, -6.9685 -0.2305 1.4567, -6.8664 -0.2305 1.4567, -6.8399 -0.432 1.4567, -6.9685 -0.6724 1.4567, -6.7815 -0.573 1.4567, -6.7815 -0.6724 1.4567, -6.7309 -0.6724 1.4567, -6.7514 -0.6457 1.4567, -6.6106 -0.8291 1.4567, -6.4272 -0.9699 1.4567, -5.5413 -0.9699 1.4567, -5.755 -1.0584 1.4567, -5.9843 -1.0886 1.4567, -6.2135 -1.0584 1.4567, -5.0984 -0.2027 1.4567, -5.1021 -0.2305 1.4567, -5.1286 -0.432 1.4567, -5.2171 -0.6457 1.4567, -5.2376 -0.6724 1.4567, -5.3579 -0.8291 1.4567, 5.1286 -0.432 1.4567, 3.378 -0.6724 1.4567, 5.2171 -0.6457 1.4567, 5.2376 -0.6724 1.4567, 6.4272 -0.9699 1.4567, 6.2135 -1.0584 1.4567, 6.6106 -0.8291 1.4567, 5.9843 -1.0886 1.4567, 5.755 -1.0584 1.4567, 3.378 -1.187 1.4567, 5.5413 -0.9699 1.4567, 5.3579 -0.8291 1.4567, 1.0 -1.187 1.4567, 1.0 -1.2854 1.4567, 0.0 -1.187 1.4567, 0.0 -1.2854 1.4567, -1.0 -1.187 1.4567, -1.0 -1.2854 1.4567, -1.7946 -1.187 1.4567, -1.7946 -1.2854 1.4567, -2.1793 -1.187 1.4567, -2.1793 -1.2854 1.4567, -2.4292 -1.187 1.4567, -2.4292 -1.2854 1.4567, -2.5135 -1.187 1.4567, -2.5135 -1.2854 1.4567, -2.6159 -1.187 1.4567, -2.6159 -1.2854 1.4567, -2.7634 -1.187 1.4567, -2.7634 -1.2854 1.4567, -2.9476 -1.187 1.4567, -2.9476 -1.2854 1.4567, -2.9743 -1.187 1.4567, -2.9743 -1.2854 1.4567, -3.1735 -1.187 1.4567, -3.1735 -1.2854 1.4567, -3.1895 -1.187 1.4567, -3.1895 -1.2854 1.4567, -3.4464 -1.2854 1.4567, -4.9324 -1.2854 1.4567, 6.9685 -0.2305 1.4567, 6.8664 -0.2305 1.4567, 6.8399 -0.432 1.4567, 6.9685 0.7815 1.4567, 6.8399 0.0265 1.4567, 6.9685 -0.1545 1.4567, 6.8637 -0.1545 1.4567, 6.8701 -0.2027 1.4567, 6.4272 0.5644 1.4567, 6.6106 0.4236 1.4567, 6.7514 0.2402 1.4567, 5.1021 -0.2305 1.4567, 5.0984 -0.2027 1.4567, 5.1048 -0.1545 1.4567, 5.1286 0.0265 1.4567, 5.2171 0.2402 1.4567, 5.3579 0.4236 1.4567, 5.5413 0.5644 1.4567, 5.755 0.6529 1.4567, 5.9843 0.6831 1.4567, 6.2135 0.6529 1.4567, -6.8399 -11.1939 1.4567, -6.7815 -11.053 1.4567, -6.7514 -10.9803 1.4567, -5.0984 -11.4232 1.4567, -5.1286 -11.6525 1.4567, -4.9324 -12.4075 1.4567, -6.4272 -12.1904 1.4567, -6.6106 -12.0496 1.4567, -6.7815 -12.4075 1.4567, -5.9843 -10.5374 1.4567, -5.755 -10.5676 1.4567, -4.9324 -10.439 1.4567, -5.5413 -10.6561 1.4567, -5.3579 -10.7968 1.4567, -5.2171 -11.8661 1.4567, -5.3579 -12.0496 1.4567, -5.5413 -12.1904 1.4567, -5.755 -12.2789 1.4567, -5.9843 -12.309 1.4567, -6.2135 -12.2789 1.4567, -6.6106 -10.7968 1.4567, -6.4272 -10.6561 1.4567, -6.2135 -10.5676 1.4567, -3.4464 -10.439 1.4567, -3.4464 -10.3405 1.4567, -3.1895 -10.439 1.4567, -3.1895 -10.3405 1.4567, -3.1735 -10.439 1.4567, -3.1735 -10.3405 1.4567, -2.9743 -10.439 1.4567, -2.9743 -10.3405 1.4567, -2.9476 -10.439 1.4567, -2.9476 -10.3405 1.4567, -2.7634 -10.439 1.4567, -2.7634 -10.3405 1.4567, -2.6159 -10.3405 1.4567, -2.5135 -10.3405 1.4567, -2.4292 -10.3405 1.4567, -2.1793 -10.3405 1.4567, -1.7946 -10.3405 1.4567, -1.0 -10.3405 1.4567, 0.0 -10.3405 1.4567, 1.0 -10.3405 1.4567, 3.378 -10.3405 1.4567, -5.2171 -10.9803 1.4567, -5.1286 -11.1939 1.4567, -6.7514 -11.8661 1.4567, -6.7815 -11.7935 1.4567, -6.9685 -12.4075 1.4567, -6.8399 -11.6525 1.4567, -6.8701 -11.4232 1.4567, -6.9685 -10.439 1.4567, -1.5787 -0.1423 1.4567, -1.6114 -0.1172 1.4567, -1.3425 -0.0059 1.4567, -1.3479 -0.0467 1.4567, -1.0 -0.1545 1.4567, -1.3636 -0.0846 1.4567, -1.3886 -0.1172 1.4567, -1.6364 -0.0846 1.4567, -1.6521 -0.0467 1.4567, -1.6575 -0.0059 1.4567, -1.6521 0.0349 1.4567, -1.6364 0.0728 1.4567, -1.7946 0.7815 1.4567, -1.6114 0.1055 1.4567, -1.5787 0.1305 1.4567, -1.5408 0.1462 1.4567, -1.5 0.1516 1.4567, -1.0 0.7815 1.4567, -1.4592 0.1462 1.4567, -1.4213 0.1305 1.4567, -1.3886 0.1055 1.4567, -1.3636 0.0728 1.4567, -1.3479 0.0349 1.4567, -1.4213 -0.1423 1.4567, -1.4507 -0.1545 1.4567, -1.0 -0.2305 1.4567, -1.4592 -0.158 1.4567, -1.5 -0.1634 1.4567, -1.5408 -0.158 1.4567, -1.5493 -0.1545 1.4567, -0.6114 0.1055 1.4567, -0.5787 0.1305 1.4567, -0.3886 -0.1172 1.4567, -0.4213 -0.1423 1.4567, -0.5787 -0.1423 1.4567, -0.6114 -0.1172 1.4567, -0.6364 -0.0846 1.4567, -0.6521 -0.0467 1.4567, -0.5408 0.1462 1.4567, -0.5 0.1516 1.4567, -0.4592 0.1462 1.4567, -0.4213 0.1305 1.4567, -0.3425 -0.0059 1.4567, -0.3479 -0.0467 1.4567, -0.3636 -0.0846 1.4567, -0.6575 -0.0059 1.4567, -0.6521 0.0349 1.4567, -0.6364 0.0728 1.4567, -0.3886 0.1055 1.4567, -0.3636 0.0728 1.4567, -0.3479 0.0349 1.4567, -0.4507 -0.1545 1.4567, -0.4592 -0.158 1.4567, -0.5 -0.1634 1.4567, -0.5408 -0.158 1.4567, -0.5493 -0.1545 1.4567, -2.5611 0.0905 1.4567, -2.5516 0.0811 1.4567, -2.5135 0.7815 1.4567, -2.5351 0.0578 1.4567, -2.5253 0.0323 1.4567, -2.5209 -0.0042 1.4567, -2.5222 -0.0254 1.4567, -2.5294 -0.056 1.4567, -2.5434 -0.0832 1.4567, -2.5891 0.1096 1.4567, -2.6159 -0.1341 1.4567, -2.6159 -0.1545 1.4567, -2.5893 -0.1238 1.4567, -2.5611 -0.1037 1.4567, -2.7382 0.1259 1.4567, -2.7634 0.7815 1.4567, -2.7634 -0.1545 1.4567, -2.6621 0.1259 1.4567, -2.6198 -0.1356 1.4567, -2.6648 -0.141 1.4567, -2.7382 -0.141 1.4567, -2.9743 -0.2305 1.4567, -2.9743 -0.6724 1.4567, -2.9631 -0.5232 1.4567, -2.9631 -0.5578 1.4567, -2.9515 -0.5305 1.4567, -2.9476 -0.5321 1.4567, -2.9476 -0.4613 1.4567, -2.9534 -0.4554 1.4567, -2.9577 -0.4485 1.4567, -2.9614 -0.4382 1.4567, -2.9629 -0.4253 1.4567, -2.9615 -0.4133 1.4567, -2.9479 -0.4611 1.4567, -2.9476 -0.5633 1.4567, -2.9476 -0.6724 1.4567, -2.9406 -0.5658 1.4567, -2.9322 -0.379 1.4567, -2.9141 -0.3723 1.4567, -2.9476 -0.2305 1.4567, -2.8169 -0.3738 1.4567, -2.7634 -0.2305 1.4567, -2.7795 -0.3738 1.4567, -2.7634 -0.6724 1.4567, -2.7634 -0.6483 1.4567, -2.775 -0.6527 1.4567, -2.8455 -0.4811 1.4567, -2.8393 -0.4903 1.4567, -2.8435 -0.4104 1.4567, -2.9414 -0.3846 1.4567, -2.9576 -0.4026 1.4567, -2.9513 -0.3935 1.4567, -2.9476 -0.3902 1.4567, -2.8435 -0.3779 1.4567, -2.8673 -0.3712 1.4567, -2.8886 -0.3695 1.4567, -2.81 -0.6515 1.4567, -2.81 -0.6218 1.4567, -2.8558 -0.5538 1.4567, -2.7634 -0.6107 1.4567, -2.8357 -0.5001 1.4567, -2.8343 -0.5126 1.4567, -2.8462 -0.5454 1.4567, -2.7959 -0.654 1.4567, -2.7885 -0.6542 1.4567, -2.8657 -0.5596 1.4567, -2.8839 -0.566 1.4567, -2.9113 -0.569 1.4567, -2.8032 -0.624 1.4567, -2.7911 -0.6256 1.4567, -2.783 -0.6247 1.4567, -2.8359 -0.526 1.4567, -2.84 -0.5366 1.4567, -2.7696 -0.6177 1.4567, -2.7757 -0.6219 1.4567, -2.8919 -0.3966 1.4567, -2.9018 -0.3974 1.4567, -2.9284 -0.4223 1.4567, -2.9107 -0.3997 1.4567, -2.9182 -0.4037 1.4567, -2.9281 -0.4267 1.4567, -2.9268 -0.4319 1.4567, -2.9244 -0.4364 1.4567, -2.9211 -0.44 1.4567, -2.9093 -0.4474 1.4567, -2.8686 -0.3995 1.4567, -2.8886 -0.4564 1.4567, -2.8496 -0.4068 1.4567, -2.8757 -0.4616 1.4567, -2.8535 -0.474 1.4567, -2.9233 -0.4082 1.4567, -2.9261 -0.4124 1.4567, -2.9278 -0.4169 1.4567, -2.9306 -0.5388 1.4567, -2.9122 -0.4807 1.4567, -2.9322 -0.4715 1.4567, -2.9081 -0.5417 1.4567, -2.9066 -0.5417 1.4567, -2.8903 -0.4899 1.4567, -2.8895 -0.5397 1.4567, -2.8686 -0.5159 1.4567, -2.869 -0.5117 1.4567, -2.8808 -0.5366 1.4567, -2.8778 -0.5347 1.4567, -2.8739 -0.5313 1.4567, -2.871 -0.527 1.4567, -2.8693 -0.5223 1.4567, -2.8705 -0.5065 1.4567, -2.8731 -0.5021 1.4567, -2.8772 -0.4977 1.4567, -2.7297 -0.5171 1.4567, -2.7256 -0.5328 1.4567, -2.7248 -0.5328 1.4567, -2.6686 -0.3738 1.4567, -2.7634 -0.4202 1.4567, -2.7207 -0.5174 1.4567, -2.7232 -0.5263 1.4567, -2.6159 -0.2305 1.4567, -2.6339 -0.3738 1.4567, -2.6159 -0.6724 1.4567, -2.7205 -0.5932 1.4567, -2.7356 -0.6227 1.4567, -2.7478 -0.6374 1.4567, -2.7501 -0.6395 1.4567, -2.7618 -0.6477 1.4567, -2.7634 -0.6107 1.4567, -2.5135 -0.4442 1.4567, -2.5635 -0.4442 1.4567, -2.5135 -0.534 1.4567, -2.5635 -0.534 1.4567, -2.468 -0.4442 1.4567, -2.4544 -0.534 1.4567, -2.468 -0.4137 1.4567, -2.4604 -0.3283 1.4567, -2.5135 -0.4137 1.4567, -2.5135 -0.3283 1.4567, -2.5635 -0.3283 1.4567, -2.5635 -0.4137 1.4567, -2.4604 -0.2976 1.4567, -2.4292 -0.2305 1.4567, -2.4292 -0.6724 1.4567, -2.4544 -0.5644 1.4567, -2.5135 -0.6724 1.4567, -2.5135 -0.5644 1.4567, -2.5979 -0.5644 1.4567, -2.5979 -0.2976 1.4567, -2.5135 -0.2305 1.4567, -2.5135 -0.2976 1.4567, -2.9476 -0.1545 1.4567, -2.9322 -0.141 1.4567, -2.9322 0.1259 1.4567, -2.7886 -0.141 1.4567, -2.7886 -0.1106 1.4567, -2.7947 0.0952 1.4567, -2.8977 -0.0208 1.4567, -2.8977 -0.1106 1.4567, -2.8023 -0.0208 1.4567, -2.8023 0.0097 1.4567, -2.8977 0.0097 1.4567, -2.8977 0.0952 1.4567, -2.9476 0.7815 1.4567, -2.7947 0.1259 1.4567, -3.1963 -0.1106 1.4567, -3.1963 -0.141 1.4567, -3.3371 -0.141 1.4567, -3.3371 0.1259 1.4567, -3.3026 -0.1106 1.4567, -3.3026 0.1259 1.4567, -3.1895 -0.2305 1.4567, -2.3312 -0.068 1.4567, -2.1793 -0.2305 1.4567, -2.0334 -0.2976 1.4567, 1.0 -0.6724 1.4567, 0.0 -0.6724 1.4567, -1.0 -0.6724 1.4567, -1.7946 -0.6724 1.4567, -1.9317 -0.5644 1.4567, -1.997 -0.4914 1.4567, -2.1081 -0.4914 1.4567, -1.9698 -0.5644 1.4567, -2.1338 -0.5644 1.4567, -2.1793 -0.6724 1.4567, -2.1719 -0.5644 1.4567, -2.0702 -0.2976 1.4567, -2.2871 -0.3021 1.4567, -2.2549 -0.3138 1.4567, -2.1952 -0.4794 1.4567, -2.2092 -0.5066 1.4567, -2.2856 -0.559 1.4567, -2.2009 -0.3656 1.4567, -2.191 -0.3911 1.4567, -2.1867 -0.4276 1.4567, -2.1879 -0.4489 1.4567, -2.2269 -0.5271 1.4567, -2.2551 -0.5472 1.4567, -2.3305 -0.5644 1.4567, -2.404 -0.5644 1.4567, -2.404 -0.2976 1.4567, -2.3278 -0.2976 1.4567, -2.2269 -0.3329 1.4567, -2.2173 -0.3423 1.4567, -3.1484 -0.4741 1.4567, -3.1429 -0.4197 1.4567, -3.1556 -0.4849 1.4567, -3.1598 -0.497 1.4567, -3.0084 -0.4418 1.4567, -3.0084 -0.5644 1.4567, -3.1735 -0.6724 1.4567, -3.0418 -0.5644 1.4567, -3.0324 -0.3815 1.4567, -3.0236 -0.3898 1.4567, -3.1211 -0.5666 1.4567, -3.1339 -0.5618 1.4567, -3.1384 -0.4651 1.4567, -3.1245 -0.4578 1.4567, -3.1213 -0.4059 1.4567, -3.0983 -0.4512 1.4567, -3.0691 -0.3978 1.4567, -3.0804 -0.3966 1.4567, -3.1004 -0.3987 1.4567, -3.1011 -0.569 1.4567, -3.0166 -0.4003 1.4567, -3.0113 -0.4151 1.4567, -3.0585 -0.5543 1.4567, -3.0703 -0.5621 1.4567, -3.1452 -0.5539 1.4567, -3.1489 -0.5502 1.4567, -3.1558 -0.5399 1.4567, -3.1061 -0.3724 1.4567, -3.1735 -0.2305 1.4567, -3.1318 -0.3811 1.4567, -3.1429 -0.3872 1.4567, -3.1599 -0.5286 1.4567, -3.1615 -0.5134 1.4567, -3.0773 -0.3695 1.4567, -3.0579 -0.3711 1.4567, -3.0436 -0.3753 1.4567, -3.0418 -0.4433 1.4567, -3.043 -0.4285 1.4567, -3.0464 -0.4166 1.4567, -3.0503 -0.4097 1.4567, -3.0838 -0.567 1.4567, -3.0418 -0.535 1.4567, -3.0427 -0.535 1.4567, -3.0479 -0.543 1.4567, -3.0554 -0.4043 1.4567, -3.0613 -0.4005 1.4567, -3.1895 -0.6724 1.4567, -3.1996 -0.2976 1.4567, -3.3371 -0.2976 1.4567, -3.3371 -0.5644 1.4567, -3.1935 -0.5644 1.4567, -3.1935 -0.534 1.4567, -3.1996 -0.3283 1.4567, -3.3026 -0.4442 1.4567, -3.3026 -0.534 1.4567, -3.2072 -0.4442 1.4567, -3.2072 -0.4137 1.4567, -3.3026 -0.4137 1.4567, -3.3026 -0.3283 1.4567, -6.9685 -1.187 1.4567, 6.8399 -11.6525 1.4567, 6.9685 -12.4075 1.4567, 6.8701 -11.4232 1.4567, 6.8399 -11.1939 1.4567, 6.7514 -11.8661 1.4567, 6.6106 -12.0496 1.4567, 6.4272 -12.1904 1.4567, 5.2171 -10.9803 1.4567, 5.3579 -10.7968 1.4567, 5.5413 -10.6561 1.4567, 5.755 -12.2789 1.4567, 5.9843 -12.309 1.4567, 6.2135 -12.2789 1.4567, 6.4272 -10.6561 1.4567, 6.6106 -10.7968 1.4567, 6.7514 -10.9803 1.4567, 5.5413 -12.1904 1.4567, 5.3579 -12.0496 1.4567, 5.2171 -11.8661 1.4567, 5.755 -10.5676 1.4567, 5.9843 -10.5374 1.4567, 6.2135 -10.5676 1.4567, 5.1286 -11.6525 1.4567, 5.0984 -11.4232 1.4567, 5.1286 -11.1939 1.4567, -3.4464 -12.4075 1.4567, -3.1895 -12.4075 1.4567, -3.1735 -12.4075 1.4567, -2.9743 -12.4075 1.4567, -2.9476 -12.4075 1.4567, -2.6159 -10.6555 1.4567
            ]
        }
        coordIndex [
            0,1,2,-1,3,4,5,-1,6,7,8,-1,9,10,11,-1,12,13,14,-1,15,16,17,-1,18,19,14,-1,14,19,20,-1,14,20,21,-1,15,17,22,-1,21,23,14,-1,14,23,24,-1,14,24,12,-1,25,26,27,-1,27,26,28,-1,27,28,17,-1,17,28,29,-1,17,29,22,-1,30,31,17,-1,31,32,17,-1,17,32,33,-1,17,33,14,-1,14,33,34,-1,14,34,18,-1,35,30,36,-1,36,30,17,-1,36,17,37,-1,37,17,16,-1,38,39,40,-1,40,39,41,-1,40,41,42,-1,42,41,43,-1,38,44,39,-1,39,44,45,-1,39,45,46,-1,47,41,48,-1,48,41,49,-1,47,50,41,-1,41,50,51,-1,41,51,43,-1,52,53,54,-1,54,53,55,-1,54,55,56,-1,52,57,53,-1,53,57,58,-1,53,58,41,-1,41,58,59,-1,41,59,49,-1,60,61,62,-1,63,64,65,-1,65,64,66,-1,65,66,67,-1,60,62,68,-1,69,70,71,-1,72,65,73,-1,73,65,74,-1,75,76,69,-1,69,76,77,-1,69,77,78,-1,71,79,69,-1,69,79,80,-1,69,80,56,-1,61,81,62,-1,62,81,82,-1,62,82,83,-1,84,85,86,-1,86,85,87,-1,86,87,69,-1,69,87,88,-1,69,88,75,-1,89,90,91,-1,91,92,89,-1,89,92,93,-1,89,93,94,-1,90,89,95,-1,95,89,96,-1,95,96,97,-1,96,98,97,-1,97,98,99,-1,97,99,100,-1,101,102,62,-1,62,102,103,-1,62,103,65,-1,65,103,104,-1,65,104,74,-1,105,106,107,-1,107,106,108,-1,107,108,62,-1,62,108,109,-1,62,109,68,-1,110,111,70,-1,70,111,112,-1,112,113,70,-1,70,113,114,-1,70,114,115,-1,115,114,105,-1,115,105,116,-1,116,105,107,-1,83,117,62,-1,62,117,118,-1,62,118,119,-1,78,120,69,-1,69,120,121,-1,69,121,70,-1,70,121,122,-1,70,122,110,-1,119,123,62,-1,62,123,124,-1,62,124,101,-1,125,72,126,-1,126,127,125,-1,125,127,128,-1,125,128,129,-1,130,131,72,-1,131,132,72,-1,72,132,97,-1,72,97,65,-1,65,97,100,-1,65,100,63,-1,133,134,135,-1,134,136,135,-1,135,136,137,-1,135,137,138,-1,125,139,140,-1,130,135,141,-1,72,125,130,-1,130,125,140,-1,130,140,135,-1,135,140,142,-1,135,142,133,-1,141,143,130,-1,130,143,144,-1,130,144,145,-1,138,137,146,-1,146,137,147,-1,146,147,148,-1,148,147,149,-1,148,149,150,-1,151,152,145,-1,145,152,153,-1,145,153,130,-1,84,86,154,-1,154,86,155,-1,154,155,156,-1,157,158,2,-1,2,158,159,-1,157,160,161,-1,161,160,162,-1,161,162,163,-1,164,165,166,-1,167,168,169,-1,169,168,164,-1,170,171,172,-1,173,170,174,-1,175,176,171,-1,177,178,172,-1,179,180,181,-1,181,180,182,-1,181,182,183,-1,183,184,181,-1,181,184,185,-1,181,185,174,-1,174,185,186,-1,174,186,173,-1,187,188,189,-1,190,191,171,-1,171,191,192,-1,176,193,171,-1,171,193,194,-1,171,194,172,-1,172,194,195,-1,172,195,177,-1,196,197,198,-1,198,197,199,-1,198,199,200,-1,200,201,198,-1,198,201,202,-1,198,202,203,-1,192,204,171,-1,171,204,205,-1,171,205,206,-1,207,208,171,-1,171,208,209,-1,171,209,175,-1,190,171,189,-1,189,171,210,-1,189,210,187,-1,188,211,189,-1,189,211,212,-1,189,212,213,-1,206,214,171,-1,171,214,215,-1,171,215,207,-1,216,217,218,-1,218,217,219,-1,219,220,221,-1,221,220,222,-1,221,222,181,-1,181,222,223,-1,181,223,179,-1,224,225,226,-1,226,225,227,-1,228,229,230,-1,230,229,231,-1,231,232,230,-1,230,232,233,-1,230,233,234,-1,234,233,235,-1,234,235,236,-1,237,238,239,-1,239,238,234,-1,239,234,240,-1,240,234,236,-1,237,241,238,-1,238,241,242,-1,238,242,243,-1,227,244,226,-1,226,244,245,-1,226,245,246,-1,246,247,226,-1,226,247,248,-1,226,248,230,-1,230,248,249,-1,230,249,228,-1,250,251,252,-1,243,253,238,-1,238,253,254,-1,238,254,252,-1,252,254,255,-1,252,255,250,-1,256,257,258,-1,259,260,261,-1,261,260,262,-1,263,264,226,-1,262,265,261,-1,261,265,266,-1,261,266,267,-1,267,268,261,-1,261,268,269,-1,261,269,258,-1,258,269,270,-1,258,270,256,-1,257,271,258,-1,258,271,272,-1,258,272,230,-1,230,272,273,-1,230,273,274,-1,275,276,226,-1,226,276,277,-1,226,277,263,-1,274,278,230,-1,230,278,279,-1,230,279,226,-1,226,279,280,-1,226,280,275,-1,264,281,226,-1,226,281,251,-1,226,251,224,-1,224,251,250,-1,281,282,251,-1,251,282,283,-1,251,283,284,-1,285,286,287,-1,287,286,288,-1,288,286,289,-1,288,289,290,-1,291,292,293,-1,293,292,294,-1,294,292,295,-1,294,295,53,-1,296,297,298,-1,298,297,290,-1,298,290,299,-1,300,301,302,-1,302,301,303,-1,302,303,304,-1,304,303,305,-1,304,305,306,-1,306,305,307,-1,306,307,308,-1,308,307,309,-1,308,309,310,-1,310,309,311,-1,310,311,312,-1,312,311,299,-1,312,299,313,-1,313,299,290,-1,314,315,316,-1,317,39,27,-1,27,39,46,-1,27,46,25,-1,318,319,320,-1,320,319,321,-1,320,321,322,-1,322,323,320,-1,320,323,324,-1,320,324,17,-1,17,324,325,-1,17,325,326,-1,326,327,17,-1,17,327,328,-1,17,328,27,-1,27,328,329,-1,27,329,317,-1,330,331,332,-1,318,320,332,-1,332,320,333,-1,332,333,330,-1,331,330,334,-1,334,330,335,-1,334,335,336,-1,336,335,337,-1,337,335,338,-1,337,338,339,-1,340,341,342,-1,341,340,343,-1,343,340,294,-1,343,294,344,-1,345,346,53,-1,53,346,347,-1,53,347,294,-1,294,347,348,-1,294,348,344,-1,317,349,39,-1,39,349,350,-1,39,350,41,-1,41,350,351,-1,351,352,41,-1,41,352,353,-1,41,353,53,-1,53,353,354,-1,53,354,345,-1,355,356,357,-1,357,356,358,-1,359,360,287,-1,11,10,287,-1,287,10,361,-1,287,361,359,-1,362,363,364,-1,364,363,365,-1,364,365,366,-1,360,362,287,-1,287,362,364,-1,287,364,285,-1,285,364,367,-1,285,367,368,-1,368,367,369,-1,368,369,370,-1,370,369,371,-1,370,371,372,-1,372,371,373,-1,372,373,374,-1,374,373,375,-1,374,375,376,-1,376,375,377,-1,376,377,378,-1,378,377,379,-1,378,379,380,-1,380,379,381,-1,380,381,382,-1,382,381,383,-1,382,383,384,-1,384,383,385,-1,384,385,386,-1,386,385,387,-1,386,387,388,-1,388,387,389,-1,388,389,390,-1,390,389,391,-1,390,391,392,-1,392,391,55,-1,392,55,393,-1,393,55,53,-1,393,53,394,-1,394,53,295,-1,395,396,11,-1,11,396,397,-1,11,397,9,-1,398,399,400,-1,400,399,401,-1,400,401,395,-1,395,401,402,-1,395,402,396,-1,403,404,398,-1,398,404,405,-1,398,405,399,-1,355,406,252,-1,252,406,407,-1,252,407,238,-1,238,407,408,-1,238,408,234,-1,234,408,409,-1,409,410,234,-1,234,410,411,-1,234,411,412,-1,412,413,234,-1,234,413,414,-1,234,414,398,-1,398,414,415,-1,398,415,403,-1,416,417,293,-1,293,417,418,-1,419,420,421,-1,422,423,424,-1,425,426,427,-1,427,426,428,-1,427,428,429,-1,420,430,421,-1,421,430,431,-1,421,431,432,-1,432,433,421,-1,421,433,434,-1,421,434,424,-1,424,434,435,-1,424,435,422,-1,418,436,293,-1,293,436,437,-1,293,437,438,-1,438,425,293,-1,293,425,427,-1,293,427,291,-1,291,427,439,-1,291,439,440,-1,440,439,441,-1,440,441,442,-1,442,441,443,-1,442,443,444,-1,444,443,445,-1,444,445,446,-1,446,445,447,-1,446,447,448,-1,448,447,449,-1,448,449,450,-1,450,449,300,-1,450,300,451,-1,451,300,302,-1,451,302,452,-1,452,302,304,-1,452,304,453,-1,453,304,306,-1,453,306,454,-1,454,306,308,-1,454,308,455,-1,455,308,310,-1,455,310,456,-1,456,310,312,-1,456,312,457,-1,457,312,313,-1,457,313,458,-1,458,313,290,-1,458,290,459,-1,459,290,289,-1,429,460,427,-1,427,460,461,-1,427,461,419,-1,423,462,424,-1,424,462,463,-1,424,463,464,-1,463,465,464,-1,464,465,466,-1,464,466,467,-1,1,468,469,-1,470,471,472,-1,472,471,473,-1,472,473,474,-1,469,475,1,-1,1,475,476,-1,1,476,477,-1,478,479,480,-1,480,479,481,-1,480,481,482,-1,482,483,480,-1,480,483,484,-1,480,484,485,-1,485,484,486,-1,485,486,487,-1,487,488,485,-1,485,488,489,-1,485,489,472,-1,472,489,490,-1,472,490,470,-1,474,491,472,-1,472,491,492,-1,472,492,493,-1,492,494,493,-1,493,494,495,-1,493,495,0,-1,0,495,496,-1,0,496,1,-1,1,496,497,-1,1,497,468,-1,498,499,485,-1,500,501,261,-1,502,503,472,-1,472,503,504,-1,472,504,505,-1,499,506,485,-1,485,506,507,-1,485,507,258,-1,258,507,508,-1,258,508,509,-1,510,511,261,-1,261,511,512,-1,261,512,500,-1,505,513,472,-1,472,513,514,-1,472,514,485,-1,485,514,515,-1,485,515,498,-1,509,516,258,-1,258,516,517,-1,258,517,261,-1,261,517,518,-1,261,518,510,-1,501,519,261,-1,261,519,284,-1,261,284,259,-1,259,284,283,-1,519,520,284,-1,284,520,521,-1,284,521,493,-1,493,521,522,-1,493,522,472,-1,472,522,523,-1,472,523,502,-1,524,525,526,-1,525,527,526,-1,526,527,528,-1,526,528,529,-1,530,531,166,-1,166,531,532,-1,8,7,526,-1,526,7,533,-1,526,533,524,-1,534,535,536,-1,536,535,166,-1,536,166,537,-1,537,166,532,-1,163,162,165,-1,165,162,526,-1,165,526,166,-1,166,526,529,-1,166,529,530,-1,538,539,540,-1,539,538,8,-1,8,538,541,-1,8,541,6,-1,534,542,535,-1,535,542,543,-1,535,543,540,-1,540,543,544,-1,540,544,538,-1,545,546,547,-1,547,546,548,-1,549,550,551,-1,552,553,547,-1,553,554,547,-1,547,554,555,-1,547,555,545,-1,545,555,556,-1,549,551,547,-1,547,551,557,-1,547,557,552,-1,548,546,558,-1,558,546,559,-1,558,559,560,-1,561,562,563,-1,563,564,565,-1,565,564,566,-1,567,568,569,-1,570,571,572,-1,561,563,573,-1,556,574,545,-1,545,574,575,-1,545,575,563,-1,563,575,576,-1,563,576,573,-1,572,5,577,-1,577,5,564,-1,577,564,578,-1,578,564,563,-1,578,563,579,-1,579,563,562,-1,580,581,582,-1,583,584,585,-1,582,581,586,-1,580,559,587,-1,587,559,567,-1,587,567,588,-1,588,567,569,-1,582,589,580,-1,580,589,590,-1,580,590,559,-1,559,590,591,-1,559,591,560,-1,581,592,586,-1,586,592,593,-1,586,593,594,-1,585,595,583,-1,583,595,596,-1,583,596,597,-1,597,596,586,-1,597,586,598,-1,598,586,594,-1,599,600,601,-1,601,600,602,-1,601,602,603,-1,601,604,599,-1,599,604,605,-1,599,605,606,-1,606,607,599,-1,599,607,608,-1,599,608,609,-1,609,608,610,-1,609,610,611,-1,611,610,612,-1,611,612,572,-1,572,612,613,-1,572,613,570,-1,614,615,603,-1,603,615,616,-1,603,616,601,-1,617,618,550,-1,550,618,619,-1,550,619,551,-1,617,620,618,-1,618,620,621,-1,618,621,622,-1,622,621,623,-1,622,624,625,-1,623,626,622,-1,622,626,627,-1,622,627,628,-1,628,629,622,-1,622,629,630,-1,622,630,624,-1,625,631,622,-1,622,631,632,-1,622,632,633,-1,634,635,636,-1,637,638,639,-1,639,638,634,-1,639,634,640,-1,640,634,636,-1,566,638,565,-1,565,638,637,-1,565,637,641,-1,641,637,642,-1,641,642,643,-1,643,642,644,-1,643,644,645,-1,645,646,643,-1,643,646,647,-1,643,647,567,-1,567,647,648,-1,567,648,568,-1,571,584,572,-1,572,584,583,-1,572,583,5,-1,5,583,649,-1,5,649,3,-1,650,651,652,-1,652,651,653,-1,650,652,654,-1,654,652,655,-1,654,655,656,-1,656,655,657,-1,656,657,658,-1,657,659,658,-1,658,659,660,-1,658,660,661,-1,662,657,663,-1,663,657,655,-1,663,655,664,-1,664,655,665,-1,664,665,666,-1,666,665,667,-1,666,667,643,-1,643,667,668,-1,643,668,641,-1,641,668,669,-1,641,669,670,-1,670,669,671,-1,670,671,663,-1,663,671,662,-1,157,2,160,-1,160,2,1,-1,160,1,480,-1,480,1,477,-1,480,477,478,-1,672,673,674,-1,673,672,675,-1,675,672,540,-1,675,540,676,-1,676,540,539,-1,676,539,677,-1,678,679,680,-1,680,679,676,-1,680,676,681,-1,681,676,677,-1,681,677,682,-1,682,677,683,-1,170,172,174,-1,174,172,672,-1,174,672,684,-1,684,672,674,-1,684,674,539,-1,539,674,685,-1,539,685,677,-1,219,221,218,-1,218,221,686,-1,218,686,687,-1,155,688,689,-1,690,686,691,-1,691,686,221,-1,691,221,689,-1,689,221,14,-1,689,14,155,-1,155,14,13,-1,155,13,156,-1,663,166,670,-1,670,166,535,-1,670,535,641,-1,641,535,540,-1,641,540,565,-1,565,540,672,-1,565,672,563,-1,563,672,172,-1,563,172,545,-1,687,688,218,-1,218,688,155,-1,218,155,692,-1,692,155,86,-1,693,167,159,-1,159,167,169,-1,159,169,2,-1,2,169,694,-1,2,694,0,-1,0,694,695,-1,355,252,356,-1,356,252,251,-1,356,251,696,-1,696,251,284,-1,696,284,697,-1,697,284,493,-1,697,493,698,-1,698,493,0,-1,698,0,699,-1,699,0,695,-1,699,695,700,-1,701,702,703,-1,703,702,704,-1,700,703,699,-1,699,703,704,-1,699,704,705,-1,705,704,706,-1,705,706,694,-1,694,706,707,-1,694,707,695,-1,708,709,694,-1,705,710,711,-1,664,705,712,-1,713,714,694,-1,694,714,715,-1,694,715,705,-1,705,715,716,-1,705,716,710,-1,711,717,705,-1,705,717,718,-1,705,718,712,-1,712,719,664,-1,664,719,720,-1,664,720,663,-1,663,720,721,-1,663,721,722,-1,164,166,169,-1,169,166,663,-1,169,663,694,-1,694,663,722,-1,694,722,708,-1,709,723,694,-1,694,723,724,-1,694,724,713,-1,725,726,727,-1,727,726,728,-1,545,729,546,-1,546,729,730,-1,546,730,731,-1,731,730,732,-1,733,734,545,-1,735,736,731,-1,725,737,726,-1,726,737,738,-1,726,738,739,-1,739,738,740,-1,741,742,740,-1,740,742,743,-1,740,743,739,-1,735,731,744,-1,734,745,545,-1,545,745,746,-1,545,746,729,-1,747,748,732,-1,736,749,731,-1,731,749,750,-1,731,750,751,-1,752,753,754,-1,754,753,755,-1,751,756,731,-1,731,756,757,-1,731,757,753,-1,753,757,728,-1,753,728,755,-1,755,728,726,-1,758,759,545,-1,545,759,760,-1,545,760,733,-1,761,762,740,-1,740,762,763,-1,740,763,764,-1,732,748,731,-1,731,748,765,-1,731,765,744,-1,766,767,732,-1,732,767,768,-1,732,768,747,-1,752,758,753,-1,753,758,545,-1,753,545,198,-1,198,545,172,-1,198,172,196,-1,196,172,178,-1,764,769,740,-1,740,769,770,-1,740,770,741,-1,203,216,198,-1,198,216,218,-1,198,218,753,-1,753,218,692,-1,753,692,731,-1,731,692,771,-1,772,692,773,-1,773,692,86,-1,773,86,774,-1,774,86,69,-1,774,69,775,-1,775,69,771,-1,775,771,776,-1,776,771,692,-1,776,692,777,-1,777,692,772,-1,778,779,780,-1,780,779,776,-1,780,776,781,-1,781,776,777,-1,781,777,782,-1,782,777,783,-1,56,55,69,-1,69,55,391,-1,69,391,771,-1,771,391,389,-1,771,389,731,-1,731,389,387,-1,731,387,546,-1,546,387,385,-1,546,385,559,-1,559,385,383,-1,559,383,567,-1,567,383,381,-1,567,381,643,-1,643,381,379,-1,643,379,666,-1,666,379,377,-1,666,377,664,-1,664,377,375,-1,664,375,705,-1,705,375,373,-1,705,373,699,-1,699,373,371,-1,699,371,698,-1,698,371,369,-1,698,369,697,-1,697,369,367,-1,697,367,696,-1,696,367,364,-1,696,364,356,-1,356,364,366,-1,356,366,358,-1,342,339,340,-1,340,339,338,-1,340,338,294,-1,294,338,784,-1,294,784,293,-1,293,784,467,-1,293,467,416,-1,416,467,466,-1,785,786,787,-1,787,786,288,-1,787,288,788,-1,785,789,786,-1,786,789,790,-1,786,790,791,-1,792,793,290,-1,290,793,794,-1,795,297,796,-1,796,297,786,-1,796,786,797,-1,797,786,791,-1,798,799,288,-1,288,799,800,-1,288,800,788,-1,795,801,297,-1,297,801,802,-1,297,802,803,-1,794,804,290,-1,290,804,805,-1,290,805,288,-1,288,805,806,-1,288,806,798,-1,803,807,297,-1,297,807,808,-1,297,808,290,-1,290,808,809,-1,290,809,792,-1,419,421,427,-1,427,421,810,-1,427,810,439,-1,439,810,811,-1,439,811,441,-1,441,811,812,-1,441,812,443,-1,443,812,813,-1,443,813,445,-1,445,813,814,-1,445,814,447,-1,447,814,314,-1,447,314,449,-1,449,314,316,-1,449,316,300,-1,300,316,815,-1,300,815,301,-1,
        ]
    }
}
Shape{
    appearance Appearance {
        material  Material 	{
            diffuseColor 1.0 1.0 0.0
            specularColor 0.5019607843137255 0.5019607843137255 0.0
            ambientIntensity 0.886
            transparency 0.0
            shininess 0.5
        }
    }
    geometry IndexedFaceSet {
        ccw TRUE
        solid FALSE
        coord DEF co Coordinate {
            point [
                1.5 -0.0059 -1.9685, 1.4606 0.0047 -1.9631, 1.4647 0.0145 -1.9631, 1.4592 -0.0059 -1.9631, 1.4796 0.0294 -1.9631, 1.4895 0.0335 -1.9631, 1.4712 0.0229 -1.9631, 1.5105 0.0335 -1.9631, 1.5204 0.0294 -1.9631, 1.5 0.0349 -1.9631, 1.5353 0.0145 -1.9631, 1.5394 0.0047 -1.9631, 1.5288 0.0229 -1.9631, 1.5394 -0.0164 -1.9631, 1.5353 -0.0263 -1.9631, 1.5408 -0.0059 -1.9631, 1.5204 -0.0412 -1.9631, 1.5105 -0.0453 -1.9631, 1.5288 -0.0347 -1.9631, 1.4895 -0.0453 -1.9631, 1.4796 -0.0412 -1.9631, 1.5 -0.0467 -1.9631, 1.4647 -0.0263 -1.9631, 1.4606 -0.0164 -1.9631, 1.4712 -0.0347 -1.9631, 1.4239 0.0145 -1.9474, 1.4318 0.0335 -1.9474, 1.4443 0.0498 -1.9474, 1.4606 0.0623 -1.9474, 1.4796 0.0702 -1.9474, 1.5 0.0728 -1.9474, 1.5204 0.0702 -1.9474, 1.5394 0.0623 -1.9474, 1.5557 0.0498 -1.9474, 1.5682 0.0335 -1.9474, 1.5761 0.0145 -1.9474, 1.5787 -0.0059 -1.9474, 1.5761 -0.0263 -1.9474, 1.5682 -0.0453 -1.9474, 1.5557 -0.0616 -1.9474, 1.5394 -0.0741 -1.9474, 1.5204 -0.082 -1.9474, 1.5 -0.0846 -1.9474, 1.4796 -0.082 -1.9474, 1.4606 -0.0741 -1.9474, 1.4443 -0.0616 -1.9474, 1.4318 -0.0453 -1.9474, 1.4239 -0.0263 -1.9474, 1.4213 -0.0059 -1.9474, 1.3924 0.0229 -1.9224, 1.4036 0.0498 -1.9224, 1.4213 0.0728 -1.9224, 1.4443 0.0905 -1.9224, 1.4712 0.1017 -1.9224, 1.5 0.1055 -1.9224, 1.5288 0.1017 -1.9224, 1.5557 0.0905 -1.9224, 1.5787 0.0728 -1.9224, 1.5964 0.0498 -1.9224, 1.6076 0.0229 -1.9224, 1.6114 -0.0059 -1.9224, 1.6076 -0.0347 -1.9224, 1.5964 -0.0616 -1.9224, 1.5787 -0.0846 -1.9224, 1.5557 -0.1023 -1.9224, 1.5288 -0.1135 -1.9224, 1.5 -0.1172 -1.9224, 1.4712 -0.1135 -1.9224, 1.4443 -0.1023 -1.9224, 1.4213 -0.0846 -1.9224, 1.4036 -0.0616 -1.9224, 1.3924 -0.0347 -1.9224, 1.3886 -0.0059 -1.9224, 1.3683 0.0294 -1.8898, 1.3819 0.0623 -1.8898, 1.4036 0.0905 -1.8898, 1.4318 0.1122 -1.8898, 1.4647 0.1258 -1.8898, 1.5 0.1305 -1.8898, 1.5353 0.1258 -1.8898, 1.5682 0.1122 -1.8898, 1.5964 0.0905 -1.8898, 1.6181 0.0623 -1.8898, 1.6317 0.0294 -1.8898, 1.6364 -0.0059 -1.8898, 1.6317 -0.0412 -1.8898, 1.6181 -0.0741 -1.8898, 1.5964 -0.1023 -1.8898, 1.5682 -0.124 -1.8898, 1.5353 -0.1376 -1.8898, 1.5 -0.1423 -1.8898, 1.4647 -0.1376 -1.8898, 1.4318 -0.124 -1.8898, 1.4036 -0.1023 -1.8898, 1.3819 -0.0741 -1.8898, 1.3683 -0.0412 -1.8898, 1.3636 -0.0059 -1.8898, 1.3531 0.0335 -1.8518, 1.3683 0.0702 -1.8518, 1.3924 0.1017 -1.8518, 1.4239 0.1258 -1.8518, 1.4606 0.141 -1.8518, 1.5 0.1462 -1.8518, 1.5394 0.141 -1.8518, 1.5761 0.1258 -1.8518, 1.6076 0.1017 -1.8518, 1.6317 0.0702 -1.8518, 1.6469 0.0335 -1.8518, 1.6521 -0.0059 -1.8518, 1.6469 -0.0453 -1.8518, 1.6317 -0.082 -1.8518, 1.6076 -0.1135 -1.8518, 1.5761 -0.1376 -1.8518, 1.5394 -0.1528 -1.8518, 1.5 -0.158 -1.8518, 1.4606 -0.1528 -1.8518, 1.4239 -0.1376 -1.8518, 1.3924 -0.1135 -1.8518, 1.3683 -0.082 -1.8518, 1.3531 -0.0453 -1.8518, 1.3479 -0.0059 -1.8518, 1.3479 0.0349 -1.811, 1.3636 0.0728 -1.811, 1.3886 0.1055 -1.811, 1.4213 0.1305 -1.811, 1.4592 0.1462 -1.811, 1.5 0.1516 -1.811, 1.5408 0.1462 -1.811, 1.5787 0.1305 -1.811, 1.6114 0.1055 -1.811, 1.6364 0.0728 -1.811, 1.6521 0.0349 -1.811, 1.6575 -0.0059 -1.811, 1.6521 -0.0467 -1.811, 1.6364 -0.0846 -1.811, 1.6114 -0.1172 -1.811, 1.5787 -0.1423 -1.811, 1.5408 -0.158 -1.811, 1.5 -0.1634 -1.811, 1.4592 -0.158 -1.811, 1.4213 -0.1423 -1.811, 1.3886 -0.1172 -1.811, 1.3636 -0.0846 -1.811, 1.3479 -0.0467 -1.811, 1.3425 -0.0059 -1.811, 1.3479 0.0349 0.0, 1.3636 0.0728 0.0, 1.3886 0.1055 0.0, 1.4213 0.1305 0.0, 1.4592 0.1462 0.0, 1.5 0.1516 0.0, 1.5408 0.1462 0.0, 1.5787 0.1305 0.0, 1.6114 0.1055 0.0, 1.6364 0.0728 0.0, 1.6521 0.0349 0.0, 1.6575 -0.0059 0.0, 1.6521 -0.0467 0.0, 1.6364 -0.0846 0.0, 1.6114 -0.1172 0.0, 1.5787 -0.1423 0.0, 1.5408 -0.158 0.0, 1.5 -0.1634 0.0, 1.4592 -0.158 0.0, 1.4213 -0.1423 0.0, 1.3886 -0.1172 0.0, 1.3636 -0.0846 0.0, 1.3479 -0.0467 0.0, 1.3425 -0.0059 0.0, 0.5 -0.0059 -1.9685, 0.4606 0.0047 -1.9631, 0.4647 0.0145 -1.9631, 0.4592 -0.0059 -1.9631, 0.4796 0.0294 -1.9631, 0.4895 0.0335 -1.9631, 0.4712 0.0229 -1.9631, 0.5105 0.0335 -1.9631, 0.5204 0.0294 -1.9631, 0.5 0.0349 -1.9631, 0.5353 0.0145 -1.9631, 0.5394 0.0047 -1.9631, 0.5288 0.0229 -1.9631, 0.5394 -0.0164 -1.9631, 0.5353 -0.0263 -1.9631, 0.5408 -0.0059 -1.9631, 0.5204 -0.0412 -1.9631, 0.5105 -0.0453 -1.9631, 0.5288 -0.0347 -1.9631, 0.4895 -0.0453 -1.9631, 0.4796 -0.0412 -1.9631, 0.5 -0.0467 -1.9631, 0.4647 -0.0263 -1.9631, 0.4606 -0.0164 -1.9631, 0.4712 -0.0347 -1.9631, 0.4239 0.0145 -1.9474, 0.4318 0.0335 -1.9474, 0.4443 0.0498 -1.9474, 0.4606 0.0623 -1.9474, 0.4796 0.0702 -1.9474, 0.5 0.0728 -1.9474, 0.5204 0.0702 -1.9474, 0.5394 0.0623 -1.9474, 0.5557 0.0498 -1.9474, 0.5682 0.0335 -1.9474, 0.5761 0.0145 -1.9474, 0.5787 -0.0059 -1.9474, 0.5761 -0.0263 -1.9474, 0.5682 -0.0453 -1.9474, 0.5557 -0.0616 -1.9474, 0.5394 -0.0741 -1.9474, 0.5204 -0.082 -1.9474, 0.5 -0.0846 -1.9474, 0.4796 -0.082 -1.9474, 0.4606 -0.0741 -1.9474, 0.4443 -0.0616 -1.9474, 0.4318 -0.0453 -1.9474, 0.4239 -0.0263 -1.9474, 0.4213 -0.0059 -1.9474, 0.3924 0.0229 -1.9224, 0.4036 0.0498 -1.9224, 0.4213 0.0728 -1.9224, 0.4443 0.0905 -1.9224, 0.4712 0.1017 -1.9224, 0.5 0.1055 -1.9224, 0.5288 0.1017 -1.9224, 0.5557 0.0905 -1.9224, 0.5787 0.0728 -1.9224, 0.5964 0.0498 -1.9224, 0.6076 0.0229 -1.9224, 0.6114 -0.0059 -1.9224, 0.6076 -0.0347 -1.9224, 0.5964 -0.0616 -1.9224, 0.5787 -0.0846 -1.9224, 0.5557 -0.1023 -1.9224, 0.5288 -0.1135 -1.9224, 0.5 -0.1172 -1.9224, 0.4712 -0.1135 -1.9224, 0.4443 -0.1023 -1.9224, 0.4213 -0.0846 -1.9224, 0.4036 -0.0616 -1.9224, 0.3924 -0.0347 -1.9224, 0.3886 -0.0059 -1.9224, 0.3683 0.0294 -1.8898, 0.3819 0.0623 -1.8898, 0.4036 0.0905 -1.8898, 0.4318 0.1122 -1.8898, 0.4647 0.1258 -1.8898, 0.5 0.1305 -1.8898, 0.5353 0.1258 -1.8898, 0.5682 0.1122 -1.8898, 0.5964 0.0905 -1.8898, 0.6181 0.0623 -1.8898, 0.6317 0.0294 -1.8898, 0.6364 -0.0059 -1.8898, 0.6317 -0.0412 -1.8898, 0.6181 -0.0741 -1.8898, 0.5964 -0.1023 -1.8898, 0.5682 -0.124 -1.8898, 0.5353 -0.1376 -1.8898, 0.5 -0.1423 -1.8898, 0.4647 -0.1376 -1.8898, 0.4318 -0.124 -1.8898, 0.4036 -0.1023 -1.8898, 0.3819 -0.0741 -1.8898, 0.3683 -0.0412 -1.8898, 0.3636 -0.0059 -1.8898, 0.3531 0.0335 -1.8518, 0.3683 0.0702 -1.8518, 0.3924 0.1017 -1.8518, 0.4239 0.1258 -1.8518, 0.4606 0.141 -1.8518, 0.5 0.1462 -1.8518, 0.5394 0.141 -1.8518, 0.5761 0.1258 -1.8518, 0.6076 0.1017 -1.8518, 0.6317 0.0702 -1.8518, 0.6469 0.0335 -1.8518, 0.6521 -0.0059 -1.8518, 0.6469 -0.0453 -1.8518, 0.6317 -0.082 -1.8518, 0.6076 -0.1135 -1.8518, 0.5761 -0.1376 -1.8518, 0.5394 -0.1528 -1.8518, 0.5 -0.158 -1.8518, 0.4606 -0.1528 -1.8518, 0.4239 -0.1376 -1.8518, 0.3924 -0.1135 -1.8518, 0.3683 -0.082 -1.8518, 0.3531 -0.0453 -1.8518, 0.3479 -0.0059 -1.8518, 0.3479 0.0349 -1.811, 0.3636 0.0728 -1.811, 0.3886 0.1055 -1.811, 0.4213 0.1305 -1.811, 0.4592 0.1462 -1.811, 0.5 0.1516 -1.811, 0.5408 0.1462 -1.811, 0.5787 0.1305 -1.811, 0.6114 0.1055 -1.811, 0.6364 0.0728 -1.811, 0.6521 0.0349 -1.811, 0.6575 -0.0059 -1.811, 0.6521 -0.0467 -1.811, 0.6364 -0.0846 -1.811, 0.6114 -0.1172 -1.811, 0.5787 -0.1423 -1.811, 0.5408 -0.158 -1.811, 0.5 -0.1634 -1.811, 0.4592 -0.158 -1.811, 0.4213 -0.1423 -1.811, 0.3886 -0.1172 -1.811, 0.3636 -0.0846 -1.811, 0.3479 -0.0467 -1.811, 0.3425 -0.0059 -1.811, 0.3479 0.0349 0.0, 0.3636 0.0728 0.0, 0.3886 0.1055 0.0, 0.4213 0.1305 0.0, 0.4592 0.1462 0.0, 0.5 0.1516 0.0, 0.5408 0.1462 0.0, 0.5787 0.1305 0.0, 0.6114 0.1055 0.0, 0.6364 0.0728 0.0, 0.6521 0.0349 0.0, 0.6575 -0.0059 0.0, 0.6521 -0.0467 0.0, 0.6364 -0.0846 0.0, 0.6114 -0.1172 0.0, 0.5787 -0.1423 0.0, 0.5408 -0.158 0.0, 0.5 -0.1634 0.0, 0.4592 -0.158 0.0, 0.4213 -0.1423 0.0, 0.3886 -0.1172 0.0, 0.3636 -0.0846 0.0, 0.3479 -0.0467 0.0, 0.3425 -0.0059 0.0, 1.4647 0.0145 1.7663, 1.4606 0.0047 1.7663, 1.5 -0.0059 1.7717, 1.4712 0.0229 1.7663, 1.4796 0.0294 1.7663, 1.4895 0.0335 1.7663, 1.5 0.0349 1.7663, 1.5105 0.0335 1.7663, 1.5204 0.0294 1.7663, 1.5288 0.0229 1.7663, 1.5353 0.0145 1.7663, 1.5394 0.0047 1.7663, 1.5408 -0.0059 1.7663, 1.5394 -0.0164 1.7663, 1.5353 -0.0263 1.7663, 1.5288 -0.0347 1.7663, 1.5204 -0.0412 1.7663, 1.5105 -0.0453 1.7663, 1.5 -0.0467 1.7663, 1.4895 -0.0453 1.7663, 1.4796 -0.0412 1.7663, 1.4712 -0.0347 1.7663, 1.4647 -0.0263 1.7663, 1.4606 -0.0164 1.7663, 1.4592 -0.0059 1.7663, 1.3425 -0.0059 1.6142, 1.3531 0.0335 1.6549, 1.3479 0.0349 1.6142, 1.3683 0.0702 1.6549, 1.3636 0.0728 1.6142, 1.3924 0.1017 1.6549, 1.3886 0.1055 1.6142, 1.4239 0.1258 1.6549, 1.4213 0.1305 1.6142, 1.4606 0.141 1.6549, 1.4592 0.1462 1.6142, 1.5 0.1462 1.6549, 1.5 0.1516 1.6142, 1.5394 0.141 1.6549, 1.5408 0.1462 1.6142, 1.5761 0.1258 1.6549, 1.5787 0.1305 1.6142, 1.6076 0.1017 1.6549, 1.6114 0.1055 1.6142, 1.6317 0.0702 1.6549, 1.6364 0.0728 1.6142, 1.6469 0.0335 1.6549, 1.6521 0.0349 1.6142, 1.6521 -0.0059 1.6549, 1.6575 -0.0059 1.6142, 1.6469 -0.0453 1.6549, 1.6521 -0.0467 1.6142, 1.6317 -0.082 1.6549, 1.6364 -0.0846 1.6142, 1.6076 -0.1135 1.6549, 1.6114 -0.1172 1.6142, 1.5761 -0.1376 1.6549, 1.5787 -0.1423 1.6142, 1.5394 -0.1528 1.6549, 1.5408 -0.158 1.6142, 1.5 -0.158 1.6549, 1.5 -0.1634 1.6142, 1.4606 -0.1528 1.6549, 1.4592 -0.158 1.6142, 1.4239 -0.1376 1.6549, 1.4213 -0.1423 1.6142, 1.3924 -0.1135 1.6549, 1.3886 -0.1172 1.6142, 1.3683 -0.082 1.6549, 1.3636 -0.0846 1.6142, 1.3531 -0.0453 1.6549, 1.3479 -0.0467 1.6142, 1.3479 -0.0059 1.6549, 1.3683 0.0294 1.6929, 1.3819 0.0623 1.6929, 1.4036 0.0905 1.6929, 1.4318 0.1122 1.6929, 1.4647 0.1258 1.6929, 1.5 0.1305 1.6929, 1.5353 0.1258 1.6929, 1.5682 0.1122 1.6929, 1.5964 0.0905 1.6929, 1.6181 0.0623 1.6929, 1.6317 0.0294 1.6929, 1.6364 -0.0059 1.6929, 1.6317 -0.0412 1.6929, 1.6181 -0.0741 1.6929, 1.5964 -0.1023 1.6929, 1.5682 -0.124 1.6929, 1.5353 -0.1376 1.6929, 1.5 -0.1423 1.6929, 1.4647 -0.1376 1.6929, 1.4318 -0.124 1.6929, 1.4036 -0.1023 1.6929, 1.3819 -0.0741 1.6929, 1.3683 -0.0412 1.6929, 1.3636 -0.0059 1.6929, 1.3924 0.0229 1.7255, 1.4036 0.0498 1.7255, 1.4213 0.0728 1.7255, 1.4443 0.0905 1.7255, 1.4712 0.1017 1.7255, 1.5 0.1055 1.7255, 1.5288 0.1017 1.7255, 1.5557 0.0905 1.7255, 1.5787 0.0728 1.7255, 1.5964 0.0498 1.7255, 1.6076 0.0229 1.7255, 1.6114 -0.0059 1.7255, 1.6076 -0.0347 1.7255, 1.5964 -0.0616 1.7255, 1.5787 -0.0846 1.7255, 1.5557 -0.1023 1.7255, 1.5288 -0.1135 1.7255, 1.5 -0.1172 1.7255, 1.4712 -0.1135 1.7255, 1.4443 -0.1023 1.7255, 1.4213 -0.0846 1.7255, 1.4036 -0.0616 1.7255, 1.3924 -0.0347 1.7255, 1.3886 -0.0059 1.7255, 1.4239 0.0145 1.7506, 1.4318 0.0335 1.7506, 1.4443 0.0498 1.7506, 1.4606 0.0623 1.7506, 1.4796 0.0702 1.7506, 1.5 0.0728 1.7506, 1.5204 0.0702 1.7506, 1.5394 0.0623 1.7506, 1.5557 0.0498 1.7506, 1.5682 0.0335 1.7506, 1.5761 0.0145 1.7506, 1.5787 -0.0059 1.7506, 1.5761 -0.0263 1.7506, 1.5682 -0.0453 1.7506, 1.5557 -0.0616 1.7506, 1.5394 -0.0741 1.7506, 1.5204 -0.082 1.7506, 1.5 -0.0846 1.7506, 1.4796 -0.082 1.7506, 1.4606 -0.0741 1.7506, 1.4443 -0.0616 1.7506, 1.4318 -0.0453 1.7506, 1.4239 -0.0263 1.7506, 1.4213 -0.0059 1.7506, 1.3425 -0.0059 1.4567, 1.3479 0.0349 1.4567, 1.3636 0.0728 1.4567, 1.3886 0.1055 1.4567, 1.4213 0.1305 1.4567, 1.4592 0.1462 1.4567, 1.5 0.1516 1.4567, 1.5408 0.1462 1.4567, 1.5787 0.1305 1.4567, 1.6114 0.1055 1.4567, 1.6364 0.0728 1.4567, 1.6521 0.0349 1.4567, 1.6575 -0.0059 1.4567, 1.6521 -0.0467 1.4567, 1.6364 -0.0846 1.4567, 1.6114 -0.1172 1.4567, 1.5787 -0.1423 1.4567, 1.5408 -0.158 1.4567, 1.5 -0.1634 1.4567, 1.4592 -0.158 1.4567, 1.4213 -0.1423 1.4567, 1.3886 -0.1172 1.4567, 1.3636 -0.0846 1.4567, 1.3479 -0.0467 1.4567, 0.4647 0.0145 1.7663, 0.4606 0.0047 1.7663, 0.5 -0.0059 1.7717, 0.4712 0.0229 1.7663, 0.4796 0.0294 1.7663, 0.4895 0.0335 1.7663, 0.5 0.0349 1.7663, 0.5105 0.0335 1.7663, 0.5204 0.0294 1.7663, 0.5288 0.0229 1.7663, 0.5353 0.0145 1.7663, 0.5394 0.0047 1.7663, 0.5408 -0.0059 1.7663, 0.5394 -0.0164 1.7663, 0.5353 -0.0263 1.7663, 0.5288 -0.0347 1.7663, 0.5204 -0.0412 1.7663, 0.5105 -0.0453 1.7663, 0.5 -0.0467 1.7663, 0.4895 -0.0453 1.7663, 0.4796 -0.0412 1.7663, 0.4712 -0.0347 1.7663, 0.4647 -0.0263 1.7663, 0.4606 -0.0164 1.7663, 0.4592 -0.0059 1.7663, 0.3425 -0.0059 1.6142, 0.3531 0.0335 1.6549, 0.3479 0.0349 1.6142, 0.3683 0.0702 1.6549, 0.3636 0.0728 1.6142, 0.3924 0.1017 1.6549, 0.3886 0.1055 1.6142, 0.4239 0.1258 1.6549, 0.4213 0.1305 1.6142, 0.4606 0.141 1.6549, 0.4592 0.1462 1.6142, 0.5 0.1462 1.6549, 0.5 0.1516 1.6142, 0.5394 0.141 1.6549, 0.5408 0.1462 1.6142, 0.5761 0.1258 1.6549, 0.5787 0.1305 1.6142, 0.6076 0.1017 1.6549, 0.6114 0.1055 1.6142, 0.6317 0.0702 1.6549, 0.6364 0.0728 1.6142, 0.6469 0.0335 1.6549, 0.6521 0.0349 1.6142, 0.6521 -0.0059 1.6549, 0.6575 -0.0059 1.6142, 0.6469 -0.0453 1.6549, 0.6521 -0.0467 1.6142, 0.6317 -0.082 1.6549, 0.6364 -0.0846 1.6142, 0.6076 -0.1135 1.6549, 0.6114 -0.1172 1.6142, 0.5761 -0.1376 1.6549, 0.5787 -0.1423 1.6142, 0.5394 -0.1528 1.6549, 0.5408 -0.158 1.6142, 0.5 -0.158 1.6549, 0.5 -0.1634 1.6142, 0.4606 -0.1528 1.6549, 0.4592 -0.158 1.6142, 0.4239 -0.1376 1.6549, 0.4213 -0.1423 1.6142, 0.3924 -0.1135 1.6549, 0.3886 -0.1172 1.6142, 0.3683 -0.082 1.6549, 0.3636 -0.0846 1.6142, 0.3531 -0.0453 1.6549, 0.3479 -0.0467 1.6142, 0.3479 -0.0059 1.6549, 0.3683 0.0294 1.6929, 0.3819 0.0623 1.6929, 0.4036 0.0905 1.6929, 0.4318 0.1122 1.6929, 0.4647 0.1258 1.6929, 0.5 0.1305 1.6929, 0.5353 0.1258 1.6929, 0.5682 0.1122 1.6929, 0.5964 0.0905 1.6929, 0.6181 0.0623 1.6929, 0.6317 0.0294 1.6929, 0.6364 -0.0059 1.6929, 0.6317 -0.0412 1.6929, 0.6181 -0.0741 1.6929, 0.5964 -0.1023 1.6929, 0.5682 -0.124 1.6929, 0.5353 -0.1376 1.6929, 0.5 -0.1423 1.6929, 0.4647 -0.1376 1.6929, 0.4318 -0.124 1.6929, 0.4036 -0.1023 1.6929, 0.3819 -0.0741 1.6929, 0.3683 -0.0412 1.6929, 0.3636 -0.0059 1.6929, 0.3924 0.0229 1.7255, 0.4036 0.0498 1.7255, 0.4213 0.0728 1.7255, 0.4443 0.0905 1.7255, 0.4712 0.1017 1.7255, 0.5 0.1055 1.7255, 0.5288 0.1017 1.7255, 0.5557 0.0905 1.7255, 0.5787 0.0728 1.7255, 0.5964 0.0498 1.7255, 0.6076 0.0229 1.7255, 0.6114 -0.0059 1.7255, 0.6076 -0.0347 1.7255, 0.5964 -0.0616 1.7255, 0.5787 -0.0846 1.7255, 0.5557 -0.1023 1.7255, 0.5288 -0.1135 1.7255, 0.5 -0.1172 1.7255, 0.4712 -0.1135 1.7255, 0.4443 -0.1023 1.7255, 0.4213 -0.0846 1.7255, 0.4036 -0.0616 1.7255, 0.3924 -0.0347 1.7255, 0.3886 -0.0059 1.7255, 0.4239 0.0145 1.7506, 0.4318 0.0335 1.7506, 0.4443 0.0498 1.7506, 0.4606 0.0623 1.7506, 0.4796 0.0702 1.7506, 0.5 0.0728 1.7506, 0.5204 0.0702 1.7506, 0.5394 0.0623 1.7506, 0.5557 0.0498 1.7506, 0.5682 0.0335 1.7506, 0.5761 0.0145 1.7506, 0.5787 -0.0059 1.7506, 0.5761 -0.0263 1.7506, 0.5682 -0.0453 1.7506, 0.5557 -0.0616 1.7506, 0.5394 -0.0741 1.7506, 0.5204 -0.082 1.7506, 0.5 -0.0846 1.7506, 0.4796 -0.082 1.7506, 0.4606 -0.0741 1.7506, 0.4443 -0.0616 1.7506, 0.4318 -0.0453 1.7506, 0.4239 -0.0263 1.7506, 0.4213 -0.0059 1.7506, 0.3425 -0.0059 1.4567, 0.3479 0.0349 1.4567, 0.3636 0.0728 1.4567, 0.3886 0.1055 1.4567, 0.4213 0.1305 1.4567, 0.4592 0.1462 1.4567, 0.5 0.1516 1.4567, 0.5408 0.1462 1.4567, 0.5787 0.1305 1.4567, 0.6114 0.1055 1.4567, 0.6364 0.0728 1.4567, 0.6521 0.0349 1.4567, 0.6575 -0.0059 1.4567, 0.6521 -0.0467 1.4567, 0.6364 -0.0846 1.4567, 0.6114 -0.1172 1.4567, 0.5787 -0.1423 1.4567, 0.5408 -0.158 1.4567, 0.5 -0.1634 1.4567, 0.4592 -0.158 1.4567, 0.4213 -0.1423 1.4567, 0.3886 -0.1172 1.4567, 0.3636 -0.0846 1.4567, 0.3479 -0.0467 1.4567
            ]
        }
        coordIndex [
            0,1,2,-1,3,1,0,-1,0,4,5,-1,6,4,0,-1,2,6,0,-1,0,7,8,-1,9,7,0,-1,5,9,0,-1,0,10,11,-1,12,10,0,-1,8,12,0,-1,0,13,14,-1,15,13,0,-1,11,15,0,-1,0,16,17,-1,18,16,0,-1,14,18,0,-1,0,19,20,-1,21,19,0,-1,17,21,0,-1,0,22,23,-1,24,22,0,-1,20,24,0,-1,23,3,0,-1,3,25,1,-1,1,25,26,-1,1,26,2,-1,2,26,27,-1,2,27,6,-1,6,27,28,-1,6,28,4,-1,4,28,29,-1,4,29,5,-1,5,29,30,-1,5,30,9,-1,9,30,31,-1,9,31,7,-1,7,31,32,-1,7,32,8,-1,8,32,33,-1,8,33,12,-1,12,33,34,-1,12,34,10,-1,10,34,35,-1,10,35,11,-1,11,35,36,-1,11,36,15,-1,15,36,37,-1,15,37,13,-1,13,37,38,-1,13,38,14,-1,14,38,39,-1,14,39,18,-1,18,39,40,-1,18,40,16,-1,16,40,41,-1,16,41,17,-1,17,41,42,-1,17,42,21,-1,21,42,43,-1,21,43,19,-1,19,43,44,-1,19,44,20,-1,20,44,45,-1,20,45,24,-1,24,45,46,-1,24,46,22,-1,22,46,47,-1,22,47,23,-1,23,47,48,-1,23,48,3,-1,3,48,25,-1,48,49,25,-1,25,49,50,-1,25,50,26,-1,26,50,51,-1,26,51,27,-1,27,51,52,-1,27,52,28,-1,28,52,53,-1,28,53,29,-1,29,53,54,-1,29,54,30,-1,30,54,55,-1,30,55,31,-1,31,55,56,-1,31,56,32,-1,32,56,57,-1,32,57,33,-1,33,57,58,-1,33,58,34,-1,34,58,59,-1,34,59,35,-1,35,59,60,-1,35,60,36,-1,36,60,61,-1,36,61,37,-1,37,61,62,-1,37,62,38,-1,38,62,63,-1,38,63,39,-1,39,63,64,-1,39,64,40,-1,40,64,65,-1,40,65,41,-1,41,65,66,-1,41,66,42,-1,42,66,67,-1,42,67,43,-1,43,67,68,-1,43,68,44,-1,44,68,69,-1,44,69,45,-1,45,69,70,-1,45,70,46,-1,46,70,71,-1,46,71,47,-1,47,71,72,-1,47,72,48,-1,48,72,49,-1,72,73,49,-1,49,73,74,-1,49,74,50,-1,50,74,75,-1,50,75,51,-1,51,75,76,-1,51,76,52,-1,52,76,77,-1,52,77,53,-1,53,77,78,-1,53,78,54,-1,54,78,79,-1,54,79,55,-1,55,79,80,-1,55,80,56,-1,56,80,81,-1,56,81,57,-1,57,81,82,-1,57,82,58,-1,58,82,83,-1,58,83,59,-1,59,83,84,-1,59,84,60,-1,60,84,85,-1,60,85,61,-1,61,85,86,-1,61,86,62,-1,62,86,87,-1,62,87,63,-1,63,87,88,-1,63,88,64,-1,64,88,89,-1,64,89,65,-1,65,89,90,-1,65,90,66,-1,66,90,91,-1,66,91,67,-1,67,91,92,-1,67,92,68,-1,68,92,93,-1,68,93,69,-1,69,93,94,-1,69,94,70,-1,70,94,95,-1,70,95,71,-1,71,95,96,-1,71,96,72,-1,72,96,73,-1,96,97,73,-1,73,97,98,-1,73,98,74,-1,74,98,99,-1,74,99,75,-1,75,99,100,-1,75,100,76,-1,76,100,101,-1,76,101,77,-1,77,101,102,-1,77,102,78,-1,78,102,103,-1,78,103,79,-1,79,103,104,-1,79,104,80,-1,80,104,105,-1,80,105,81,-1,81,105,106,-1,81,106,82,-1,82,106,107,-1,82,107,83,-1,83,107,108,-1,83,108,84,-1,84,108,109,-1,84,109,85,-1,85,109,110,-1,85,110,86,-1,86,110,111,-1,86,111,87,-1,87,111,112,-1,87,112,88,-1,88,112,113,-1,88,113,89,-1,89,113,114,-1,89,114,90,-1,90,114,115,-1,90,115,91,-1,91,115,116,-1,91,116,92,-1,92,116,117,-1,92,117,93,-1,93,117,118,-1,93,118,94,-1,94,118,119,-1,94,119,95,-1,95,119,120,-1,95,120,96,-1,96,120,97,-1,120,121,97,-1,97,121,122,-1,97,122,98,-1,98,122,123,-1,98,123,99,-1,99,123,124,-1,99,124,100,-1,100,124,125,-1,100,125,101,-1,101,125,126,-1,101,126,102,-1,102,126,127,-1,102,127,103,-1,103,127,128,-1,103,128,104,-1,104,128,129,-1,104,129,105,-1,105,129,130,-1,105,130,106,-1,106,130,131,-1,106,131,107,-1,107,131,132,-1,107,132,108,-1,108,132,133,-1,108,133,109,-1,109,133,134,-1,109,134,110,-1,110,134,135,-1,110,135,111,-1,111,135,136,-1,111,136,112,-1,112,136,137,-1,112,137,113,-1,113,137,138,-1,113,138,114,-1,114,138,139,-1,114,139,115,-1,115,139,140,-1,115,140,116,-1,116,140,141,-1,116,141,117,-1,117,141,142,-1,117,142,118,-1,118,142,143,-1,118,143,119,-1,119,143,144,-1,119,144,120,-1,120,144,121,-1,144,145,121,-1,121,145,146,-1,121,146,122,-1,122,146,147,-1,122,147,123,-1,123,147,148,-1,123,148,124,-1,124,148,149,-1,124,149,125,-1,125,149,150,-1,125,150,126,-1,126,150,151,-1,126,151,127,-1,127,151,152,-1,127,152,128,-1,128,152,153,-1,128,153,129,-1,129,153,154,-1,129,154,130,-1,130,154,155,-1,130,155,131,-1,131,155,156,-1,131,156,132,-1,132,156,157,-1,132,157,133,-1,133,157,158,-1,133,158,134,-1,134,158,159,-1,134,159,135,-1,135,159,160,-1,135,160,136,-1,136,160,161,-1,136,161,137,-1,137,161,162,-1,137,162,138,-1,138,162,163,-1,138,163,139,-1,139,163,164,-1,139,164,140,-1,140,164,165,-1,140,165,141,-1,141,165,166,-1,141,166,142,-1,142,166,167,-1,142,167,143,-1,143,167,168,-1,143,168,144,-1,144,168,145,-1,169,170,171,-1,172,170,169,-1,169,173,174,-1,175,173,169,-1,171,175,169,-1,169,176,177,-1,178,176,169,-1,174,178,169,-1,169,179,180,-1,181,179,169,-1,177,181,169,-1,169,182,183,-1,184,182,169,-1,180,184,169,-1,169,185,186,-1,187,185,169,-1,183,187,169,-1,169,188,189,-1,190,188,169,-1,186,190,169,-1,169,191,192,-1,193,191,169,-1,189,193,169,-1,192,172,169,-1,172,194,170,-1,170,194,195,-1,170,195,171,-1,171,195,196,-1,171,196,175,-1,175,196,197,-1,175,197,173,-1,173,197,198,-1,173,198,174,-1,174,198,199,-1,174,199,178,-1,178,199,200,-1,178,200,176,-1,176,200,201,-1,176,201,177,-1,177,201,202,-1,177,202,181,-1,181,202,203,-1,181,203,179,-1,179,203,204,-1,179,204,180,-1,180,204,205,-1,180,205,184,-1,184,205,206,-1,184,206,182,-1,182,206,207,-1,182,207,183,-1,183,207,208,-1,183,208,187,-1,187,208,209,-1,187,209,185,-1,185,209,210,-1,185,210,186,-1,186,210,211,-1,186,211,190,-1,190,211,212,-1,190,212,188,-1,188,212,213,-1,188,213,189,-1,189,213,214,-1,189,214,193,-1,193,214,215,-1,193,215,191,-1,191,215,216,-1,191,216,192,-1,192,216,217,-1,192,217,172,-1,172,217,194,-1,217,218,194,-1,194,218,219,-1,194,219,195,-1,195,219,220,-1,195,220,196,-1,196,220,221,-1,196,221,197,-1,197,221,222,-1,197,222,198,-1,198,222,223,-1,198,223,199,-1,199,223,224,-1,199,224,200,-1,200,224,225,-1,200,225,201,-1,201,225,226,-1,201,226,202,-1,202,226,227,-1,202,227,203,-1,203,227,228,-1,203,228,204,-1,204,228,229,-1,204,229,205,-1,205,229,230,-1,205,230,206,-1,206,230,231,-1,206,231,207,-1,207,231,232,-1,207,232,208,-1,208,232,233,-1,208,233,209,-1,209,233,234,-1,209,234,210,-1,210,234,235,-1,210,235,211,-1,211,235,236,-1,211,236,212,-1,212,236,237,-1,212,237,213,-1,213,237,238,-1,213,238,214,-1,214,238,239,-1,214,239,215,-1,215,239,240,-1,215,240,216,-1,216,240,241,-1,216,241,217,-1,217,241,218,-1,241,242,218,-1,218,242,243,-1,218,243,219,-1,219,243,244,-1,219,244,220,-1,220,244,245,-1,220,245,221,-1,221,245,246,-1,221,246,222,-1,222,246,247,-1,222,247,223,-1,223,247,248,-1,223,248,224,-1,224,248,249,-1,224,249,225,-1,225,249,250,-1,225,250,226,-1,226,250,251,-1,226,251,227,-1,227,251,252,-1,227,252,228,-1,228,252,253,-1,228,253,229,-1,229,253,254,-1,229,254,230,-1,230,254,255,-1,230,255,231,-1,231,255,256,-1,231,256,232,-1,232,256,257,-1,232,257,233,-1,233,257,258,-1,233,258,234,-1,234,258,259,-1,234,259,235,-1,235,259,260,-1,235,260,236,-1,236,260,261,-1,236,261,237,-1,237,261,262,-1,237,262,238,-1,238,262,263,-1,238,263,239,-1,239,263,264,-1,239,264,240,-1,240,264,265,-1,240,265,241,-1,241,265,242,-1,265,266,242,-1,242,266,267,-1,242,267,243,-1,243,267,268,-1,243,268,244,-1,244,268,269,-1,244,269,245,-1,245,269,270,-1,245,270,246,-1,246,270,271,-1,246,271,247,-1,247,271,272,-1,247,272,248,-1,248,272,273,-1,248,273,249,-1,249,273,274,-1,249,274,250,-1,250,274,275,-1,250,275,251,-1,251,275,276,-1,251,276,252,-1,252,276,277,-1,252,277,253,-1,253,277,278,-1,253,278,254,-1,254,278,279,-1,254,279,255,-1,255,279,280,-1,255,280,256,-1,256,280,281,-1,256,281,257,-1,257,281,282,-1,257,282,258,-1,258,282,283,-1,258,283,259,-1,259,283,284,-1,259,284,260,-1,260,284,285,-1,260,285,261,-1,261,285,286,-1,261,286,262,-1,262,286,287,-1,262,287,263,-1,263,287,288,-1,263,288,264,-1,264,288,289,-1,264,289,265,-1,265,289,266,-1,289,290,266,-1,266,290,291,-1,266,291,267,-1,267,291,292,-1,267,292,268,-1,268,292,293,-1,268,293,269,-1,269,293,294,-1,269,294,270,-1,270,294,295,-1,270,295,271,-1,271,295,296,-1,271,296,272,-1,272,296,297,-1,272,297,273,-1,273,297,298,-1,273,298,274,-1,274,298,299,-1,274,299,275,-1,275,299,300,-1,275,300,276,-1,276,300,301,-1,276,301,277,-1,277,301,302,-1,277,302,278,-1,278,302,303,-1,278,303,279,-1,279,303,304,-1,279,304,280,-1,280,304,305,-1,280,305,281,-1,281,305,306,-1,281,306,282,-1,282,306,307,-1,282,307,283,-1,283,307,308,-1,283,308,284,-1,284,308,309,-1,284,309,285,-1,285,309,310,-1,285,310,286,-1,286,310,311,-1,286,311,287,-1,287,311,312,-1,287,312,288,-1,288,312,313,-1,288,313,289,-1,289,313,290,-1,313,314,290,-1,290,314,315,-1,290,315,291,-1,291,315,316,-1,291,316,292,-1,292,316,317,-1,292,317,293,-1,293,317,318,-1,293,318,294,-1,294,318,319,-1,294,319,295,-1,295,319,320,-1,295,320,296,-1,296,320,321,-1,296,321,297,-1,297,321,322,-1,297,322,298,-1,298,322,323,-1,298,323,299,-1,299,323,324,-1,299,324,300,-1,300,324,325,-1,300,325,301,-1,301,325,326,-1,301,326,302,-1,302,326,327,-1,302,327,303,-1,303,327,328,-1,303,328,304,-1,304,328,329,-1,304,329,305,-1,305,329,330,-1,305,330,306,-1,306,330,331,-1,306,331,307,-1,307,331,332,-1,307,332,308,-1,308,332,333,-1,308,333,309,-1,309,333,334,-1,309,334,310,-1,310,334,335,-1,310,335,311,-1,311,335,336,-1,311,336,312,-1,312,336,337,-1,312,337,313,-1,313,337,314,-1,338,339,340,-1,338,340,341,-1,342,341,340,-1,343,342,340,-1,344,343,340,-1,345,344,340,-1,346,345,340,-1,347,346,340,-1,348,347,340,-1,349,348,340,-1,350,349,340,-1,351,350,340,-1,352,351,340,-1,353,352,340,-1,354,353,340,-1,355,354,340,-1,356,355,340,-1,357,356,340,-1,358,357,340,-1,359,358,340,-1,360,359,340,-1,361,360,340,-1,362,361,340,-1,339,362,340,-1,363,364,365,-1,365,364,366,-1,365,366,367,-1,367,366,368,-1,367,368,369,-1,369,368,370,-1,369,370,371,-1,371,370,372,-1,371,372,373,-1,373,372,374,-1,373,374,375,-1,375,374,376,-1,375,376,377,-1,377,376,378,-1,377,378,379,-1,379,378,380,-1,379,380,381,-1,381,380,382,-1,381,382,383,-1,383,382,384,-1,383,384,385,-1,385,384,386,-1,385,386,387,-1,387,386,388,-1,387,388,389,-1,389,388,390,-1,389,390,391,-1,391,390,392,-1,391,392,393,-1,393,392,394,-1,393,394,395,-1,395,394,396,-1,395,396,397,-1,397,396,398,-1,397,398,399,-1,399,398,400,-1,399,400,401,-1,401,400,402,-1,401,402,403,-1,403,402,404,-1,403,404,405,-1,405,404,406,-1,405,406,407,-1,407,406,408,-1,407,408,409,-1,409,408,410,-1,409,410,363,-1,363,410,364,-1,410,411,364,-1,364,411,412,-1,364,412,366,-1,366,412,413,-1,366,413,368,-1,368,413,414,-1,368,414,370,-1,370,414,415,-1,370,415,372,-1,372,415,416,-1,372,416,374,-1,374,416,417,-1,374,417,376,-1,376,417,418,-1,376,418,378,-1,378,418,419,-1,378,419,380,-1,380,419,420,-1,380,420,382,-1,382,420,421,-1,382,421,384,-1,384,421,422,-1,384,422,386,-1,386,422,423,-1,386,423,388,-1,388,423,424,-1,388,424,390,-1,390,424,425,-1,390,425,392,-1,392,425,426,-1,392,426,394,-1,394,426,427,-1,394,427,396,-1,396,427,428,-1,396,428,398,-1,398,428,429,-1,398,429,400,-1,400,429,430,-1,400,430,402,-1,402,430,431,-1,402,431,404,-1,404,431,432,-1,404,432,406,-1,406,432,433,-1,406,433,408,-1,408,433,434,-1,408,434,410,-1,410,434,411,-1,434,435,411,-1,411,435,436,-1,411,436,412,-1,412,436,437,-1,412,437,413,-1,413,437,438,-1,413,438,414,-1,414,438,439,-1,414,439,415,-1,415,439,440,-1,415,440,416,-1,416,440,441,-1,416,441,417,-1,417,441,442,-1,417,442,418,-1,418,442,443,-1,418,443,419,-1,419,443,444,-1,419,444,420,-1,420,444,445,-1,420,445,421,-1,421,445,446,-1,421,446,422,-1,422,446,447,-1,422,447,423,-1,423,447,448,-1,423,448,424,-1,424,448,449,-1,424,449,425,-1,425,449,450,-1,425,450,426,-1,426,450,451,-1,426,451,427,-1,427,451,452,-1,427,452,428,-1,428,452,453,-1,428,453,429,-1,429,453,454,-1,429,454,430,-1,430,454,455,-1,430,455,431,-1,431,455,456,-1,431,456,432,-1,432,456,457,-1,432,457,433,-1,433,457,458,-1,433,458,434,-1,434,458,435,-1,458,459,435,-1,435,459,460,-1,435,460,436,-1,436,460,461,-1,436,461,437,-1,437,461,462,-1,437,462,438,-1,438,462,463,-1,438,463,439,-1,439,463,464,-1,439,464,440,-1,440,464,465,-1,440,465,441,-1,441,465,466,-1,441,466,442,-1,442,466,467,-1,442,467,443,-1,443,467,468,-1,443,468,444,-1,444,468,469,-1,444,469,445,-1,445,469,470,-1,445,470,446,-1,446,470,471,-1,446,471,447,-1,447,471,472,-1,447,472,448,-1,448,472,473,-1,448,473,449,-1,449,473,474,-1,449,474,450,-1,450,474,475,-1,450,475,451,-1,451,475,476,-1,451,476,452,-1,452,476,477,-1,452,477,453,-1,453,477,478,-1,453,478,454,-1,454,478,479,-1,454,479,455,-1,455,479,480,-1,455,480,456,-1,456,480,481,-1,456,481,457,-1,457,481,482,-1,457,482,458,-1,458,482,459,-1,482,339,459,-1,459,339,338,-1,459,338,460,-1,460,338,341,-1,460,341,461,-1,461,341,342,-1,461,342,462,-1,462,342,343,-1,462,343,463,-1,463,343,344,-1,463,344,464,-1,464,344,345,-1,464,345,465,-1,465,345,346,-1,465,346,466,-1,466,346,347,-1,466,347,467,-1,467,347,348,-1,467,348,468,-1,468,348,349,-1,468,349,469,-1,469,349,350,-1,469,350,470,-1,470,350,351,-1,470,351,471,-1,471,351,352,-1,471,352,472,-1,472,352,353,-1,472,353,473,-1,473,353,354,-1,473,354,474,-1,474,354,355,-1,474,355,475,-1,475,355,356,-1,475,356,476,-1,476,356,357,-1,476,357,477,-1,477,357,358,-1,477,358,478,-1,478,358,359,-1,478,359,479,-1,479,359,360,-1,479,360,480,-1,480,360,361,-1,480,361,481,-1,481,361,362,-1,481,362,482,-1,482,362,339,-1,483,365,484,-1,484,365,367,-1,484,367,485,-1,485,367,369,-1,485,369,486,-1,486,369,371,-1,486,371,487,-1,487,371,373,-1,487,373,488,-1,488,373,375,-1,488,375,489,-1,489,375,377,-1,489,377,490,-1,490,377,379,-1,490,379,491,-1,491,379,381,-1,491,381,492,-1,492,381,383,-1,492,383,493,-1,493,383,385,-1,493,385,494,-1,494,385,387,-1,494,387,495,-1,495,387,389,-1,495,389,496,-1,496,389,391,-1,496,391,497,-1,497,391,393,-1,497,393,498,-1,498,393,395,-1,498,395,499,-1,499,395,397,-1,499,397,500,-1,500,397,399,-1,500,399,501,-1,501,399,401,-1,501,401,502,-1,502,401,403,-1,502,403,503,-1,503,403,405,-1,503,405,504,-1,504,405,407,-1,504,407,505,-1,505,407,409,-1,505,409,506,-1,506,409,363,-1,506,363,483,-1,483,363,365,-1,507,508,509,-1,507,509,510,-1,511,510,509,-1,512,511,509,-1,513,512,509,-1,514,513,509,-1,515,514,509,-1,516,515,509,-1,517,516,509,-1,518,517,509,-1,519,518,509,-1,520,519,509,-1,521,520,509,-1,522,521,509,-1,523,522,509,-1,524,523,509,-1,525,524,509,-1,526,525,509,-1,527,526,509,-1,528,527,509,-1,529,528,509,-1,530,529,509,-1,531,530,509,-1,508,531,509,-1,532,533,534,-1,534,533,535,-1,534,535,536,-1,536,535,537,-1,536,537,538,-1,538,537,539,-1,538,539,540,-1,540,539,541,-1,540,541,542,-1,542,541,543,-1,542,543,544,-1,544,543,545,-1,544,545,546,-1,546,545,547,-1,546,547,548,-1,548,547,549,-1,548,549,550,-1,550,549,551,-1,550,551,552,-1,552,551,553,-1,552,553,554,-1,554,553,555,-1,554,555,556,-1,556,555,557,-1,556,557,558,-1,558,557,559,-1,558,559,560,-1,560,559,561,-1,560,561,562,-1,562,561,563,-1,562,563,564,-1,564,563,565,-1,564,565,566,-1,566,565,567,-1,566,567,568,-1,568,567,569,-1,568,569,570,-1,570,569,571,-1,570,571,572,-1,572,571,573,-1,572,573,574,-1,574,573,575,-1,574,575,576,-1,576,575,577,-1,576,577,578,-1,578,577,579,-1,578,579,532,-1,532,579,533,-1,579,580,533,-1,533,580,581,-1,533,581,535,-1,535,581,582,-1,535,582,537,-1,537,582,583,-1,537,583,539,-1,539,583,584,-1,539,584,541,-1,541,584,585,-1,541,585,543,-1,543,585,586,-1,543,586,545,-1,545,586,587,-1,545,587,547,-1,547,587,588,-1,547,588,549,-1,549,588,589,-1,549,589,551,-1,551,589,590,-1,551,590,553,-1,553,590,591,-1,553,591,555,-1,555,591,592,-1,555,592,557,-1,557,592,593,-1,557,593,559,-1,559,593,594,-1,559,594,561,-1,561,594,595,-1,561,595,563,-1,563,595,596,-1,563,596,565,-1,565,596,597,-1,565,597,567,-1,567,597,598,-1,567,598,569,-1,569,598,599,-1,569,599,571,-1,571,599,600,-1,571,600,573,-1,573,600,601,-1,573,601,575,-1,575,601,602,-1,575,602,577,-1,577,602,603,-1,577,603,579,-1,579,603,580,-1,603,604,580,-1,580,604,605,-1,580,605,581,-1,581,605,606,-1,581,606,582,-1,582,606,607,-1,582,607,583,-1,583,607,608,-1,583,608,584,-1,584,608,609,-1,584,609,585,-1,585,609,610,-1,585,610,586,-1,586,610,611,-1,586,611,587,-1,587,611,612,-1,587,612,588,-1,588,612,613,-1,588,613,589,-1,589,613,614,-1,589,614,590,-1,590,614,615,-1,590,615,591,-1,591,615,616,-1,591,616,592,-1,592,616,617,-1,592,617,593,-1,593,617,618,-1,593,618,594,-1,594,618,619,-1,594,619,595,-1,595,619,620,-1,595,620,596,-1,596,620,621,-1,596,621,597,-1,597,621,622,-1,597,622,598,-1,598,622,623,-1,598,623,599,-1,599,623,624,-1,599,624,600,-1,600,624,625,-1,600,625,601,-1,601,625,626,-1,601,626,602,-1,602,626,627,-1,602,627,603,-1,603,627,604,-1,627,628,604,-1,604,628,629,-1,604,629,605,-1,605,629,630,-1,605,630,606,-1,606,630,631,-1,606,631,607,-1,607,631,632,-1,607,632,608,-1,608,632,633,-1,608,633,609,-1,609,633,634,-1,609,634,610,-1,610,634,635,-1,610,635,611,-1,611,635,636,-1,611,636,612,-1,612,636,637,-1,612,637,613,-1,613,637,638,-1,613,638,614,-1,614,638,639,-1,614,639,615,-1,615,639,640,-1,615,640,616,-1,616,640,641,-1,616,641,617,-1,617,641,642,-1,617,642,618,-1,618,642,643,-1,618,643,619,-1,619,643,644,-1,619,644,620,-1,620,644,645,-1,620,645,621,-1,621,645,646,-1,621,646,622,-1,622,646,647,-1,622,647,623,-1,623,647,648,-1,623,648,624,-1,624,648,649,-1,624,649,625,-1,625,649,650,-1,625,650,626,-1,626,650,651,-1,626,651,627,-1,627,651,628,-1,651,508,628,-1,628,508,507,-1,628,507,629,-1,629,507,510,-1,629,510,630,-1,630,510,511,-1,630,511,631,-1,631,511,512,-1,631,512,632,-1,632,512,513,-1,632,513,633,-1,633,513,514,-1,633,514,634,-1,634,514,515,-1,634,515,635,-1,635,515,516,-1,635,516,636,-1,636,516,517,-1,636,517,637,-1,637,517,518,-1,637,518,638,-1,638,518,519,-1,638,519,639,-1,639,519,520,-1,639,520,640,-1,640,520,521,-1,640,521,641,-1,641,521,522,-1,641,522,642,-1,642,522,523,-1,642,523,643,-1,643,523,524,-1,643,524,644,-1,644,524,525,-1,644,525,645,-1,645,525,526,-1,645,526,646,-1,646,526,527,-1,646,527,647,-1,647,527,528,-1,647,528,648,-1,648,528,529,-1,648,529,649,-1,649,529,530,-1,649,530,650,-1,650,530,531,-1,650,531,651,-1,651,531,508,-1,652,534,653,-1,653,534,536,-1,653,536,654,-1,654,536,538,-1,654,538,655,-1,655,538,540,-1,655,540,656,-1,656,540,542,-1,656,542,657,-1,657,542,544,-1,657,544,658,-1,658,544,546,-1,658,546,659,-1,659,546,548,-1,659,548,660,-1,660,548,550,-1,660,550,661,-1,661,550,552,-1,661,552,662,-1,662,552,554,-1,662,554,663,-1,663,554,556,-1,663,556,664,-1,664,556,558,-1,664,558,665,-1,665,558,560,-1,665,560,666,-1,666,560,562,-1,666,562,667,-1,667,562,564,-1,667,564,668,-1,668,564,566,-1,668,566,669,-1,669,566,568,-1,669,568,670,-1,670,568,570,-1,670,570,671,-1,671,570,572,-1,671,572,672,-1,672,572,574,-1,672,574,673,-1,673,574,576,-1,673,576,674,-1,674,576,578,-1,674,578,675,-1,675,578,532,-1,675,532,652,-1,652,532,534,-1,
        ]
    }
}
Shape{
    appearance Appearance {
        material  Material 	{
            diffuseColor 0.0 0.5019607843137255 0.0
            specularColor 0.0 0.25098039215686274 0.0
            ambientIntensity 0.2947
            transparency 0.0
            shininess 0.5
        }
    }
    geometry IndexedFaceSet {
        ccw TRUE
        solid FALSE
        coord DEF co Coordinate {
            point [
                -6.7717 -12.4075 0.9843, -6.9685 -12.4075 0.9843, -6.9685 -12.2106 0.9843, -0.1437 0.441 0.9843, 0.1437 0.441 0.9843, 0.0 0.2973 0.9843, -1.1437 0.441 0.9843, -0.8563 0.441 0.9843, -1.0 0.2973 0.9843, -1.8031 0.4941 0.9843, -1.8563 0.441 0.9843, -2.5677 0.441 0.9843, 3.4303 -9.2272 0.9843, 2.7152 -9.2272 0.9843, 2.7152 -5.0102 0.9843, -5.689 -0.7142 0.9843, -5.6048 -0.6496 0.9843, -4.2646 -0.6496 0.9843, -2.5677 -10.5606 0.9843, -2.5677 -10.6555 0.9843, -2.7559 -10.6555 0.9843, -2.7559 -12.2106 0.9843, -4.2646 -12.2106 0.9843, -4.2646 -10.5606 0.9843, 2.7152 -10.6555 0.9843, 2.7152 -10.5606 0.9843, 2.7559 -10.6555 0.9843, 2.7559 -12.2106 0.9843, 4.412 -10.5606 0.9843, -5.5667 0.2148 0.9843, -5.689 0.3087 0.9843, -4.2646 0.441 0.9843, -5.5667 -0.6203 0.9843, -5.4728 -0.498 0.9843, -5.4138 -0.3556 0.9843, -6.2795 0.3087 0.9843, -6.4018 0.2148 0.9843, -6.7717 0.441 0.9843, -6.4957 0.0925 0.9843, -5.8314 0.3677 0.9843, -5.9843 0.3878 0.9843, -6.1371 0.3677 0.9843, -6.5547 -0.0499 0.9843, -6.5748 -0.2027 0.9843, -6.7717 -0.6496 0.9843, -6.5547 -0.3556 0.9843, -6.4957 -0.498 0.9843, -5.3937 -0.2027 0.9843, -5.4138 -0.0499 0.9843, -5.4728 0.0925 0.9843, -6.1371 -0.7732 0.9843, -5.9843 -0.7933 0.9843, -6.7717 -5.0102 0.9843, -6.4018 -0.6203 0.9843, -6.3637 -0.6496 0.9843, -6.2795 -0.7142 0.9843, -5.8314 -0.7732 0.9843, -4.2646 -5.0102 0.9843, 6.9685 -0.6496 0.9843, 6.4018 -0.6203 0.9843, 6.4957 -0.498 0.9843, 6.4957 0.0925 0.9843, 6.4018 0.2148 0.9843, 6.9685 0.441 0.9843, 5.4138 -0.3556 0.9843, 5.4728 -0.498 0.9843, 4.412 -0.6496 0.9843, 6.5547 -0.3556 0.9843, 6.5748 -0.2027 0.9843, 6.5547 -0.0499 0.9843, 5.5667 0.2148 0.9843, 5.4728 0.0925 0.9843, 4.412 0.441 0.9843, 5.4138 -0.0499 0.9843, 5.3937 -0.2027 0.9843, 6.2795 0.3087 0.9843, 6.1371 0.3677 0.9843, 5.9843 0.3878 0.9843, 5.8314 0.3677 0.9843, 5.689 0.3087 0.9843, 5.8314 -0.7732 0.9843, 5.9843 -0.7933 0.9843, 6.9685 -5.0102 0.9843, 5.5667 -0.6203 0.9843, 5.6048 -0.6496 0.9843, 4.412 -5.0102 0.9843, 5.689 -0.7142 0.9843, 6.1371 -0.7732 0.9843, 6.2795 -0.7142 0.9843, 6.3637 -0.6496 0.9843, 3.4303 -10.2885 0.9843, -2.5677 -5.0102 0.9843, -2.5677 -9.2272 0.9843, -3.1354 -9.2272 0.9843, -3.1354 -10.2885 0.9843, -2.5677 -10.2885 0.9843, 2.7152 -10.2885 0.9843, -2.0 0.2973 0.9843, -2.0 -0.309 0.9843, -2.5677 -0.6496 0.9843, -1.1969 -0.5059 0.9843, -1.0 -0.309 0.9843, -0.8031 -0.5059 0.9843, 1.1969 -0.5059 0.9843, 1.8031 -0.5059 0.9843, 2.7152 -0.6496 0.9843, 2.0 -0.309 0.9843, 2.7152 0.441 0.9843, -1.8031 -0.5059 0.9843, -0.1969 -0.5059 0.9843, 1.0 -0.309 0.9843, 0.8031 -0.5059 0.9843, 0.1969 -0.5059 0.9843, 0.0 -0.309 0.9843, -0.1969 0.4941 0.9843, -0.8031 0.4941 0.9843, -2.5677 0.7815 0.9843, 1.1969 0.4941 0.9843, 2.7152 0.7815 0.9843, 0.1969 0.4941 0.9843, -1.1969 0.4941 0.9843, 2.0 0.2973 0.9843, 1.8563 0.441 0.9843, 1.8031 0.4941 0.9843, 0.8031 0.4941 0.9843, 0.8563 0.441 0.9843, 1.1437 0.441 0.9843, 1.0 0.2973 0.9843, 4.412 -12.4075 0.9843, 4.412 -12.2106 0.9843, 6.9685 -12.4075 0.9843, 6.9685 -12.2106 0.9843, -6.7717 -12.2106 0.9843, -4.2646 -12.4075 0.9843, -2.7559 -12.4075 0.9843, 5.4138 -11.2704 0.9843, 5.3937 -11.4232 0.9843, 5.4138 -11.5761 0.9843, 5.4728 -11.7185 0.9843, 5.5667 -11.8408 0.9843, 5.689 -11.9346 0.9843, 6.2795 -11.9346 0.9843, 6.4018 -11.8408 0.9843, 6.4957 -11.7185 0.9843, 5.8314 -11.9936 0.9843, 5.9843 -12.0138 0.9843, 6.1371 -11.9936 0.9843, 6.4957 -11.1279 0.9843, 6.4018 -11.0056 0.9843, 6.9685 -10.5606 0.9843, 5.4728 -11.1279 0.9843, 2.7559 -12.4075 0.9843, 6.5547 -11.5761 0.9843, 6.5748 -11.4232 0.9843, 6.5547 -11.2704 0.9843, 6.2795 -10.9118 0.9843, 6.1371 -10.8528 0.9843, 5.9843 -10.8327 0.9843, 5.8314 -10.8528 0.9843, 5.689 -10.9118 0.9843, 5.5667 -11.0056 0.9843, -6.2795 -11.9346 0.9843, -6.4018 -11.8408 0.9843, -6.4957 -11.7185 0.9843, -6.4957 -11.1279 0.9843, -6.5547 -11.2704 0.9843, -6.7717 -10.5606 0.9843, -6.5748 -11.4232 0.9843, -6.5547 -11.5761 0.9843, -5.8314 -11.9936 0.9843, -5.9843 -12.0138 0.9843, -6.1371 -11.9936 0.9843, -5.689 -11.9346 0.9843, -5.5667 -11.8408 0.9843, -5.4728 -11.7185 0.9843, -6.1371 -10.8528 0.9843, -6.2795 -10.9118 0.9843, -6.4018 -11.0056 0.9843, -5.4728 -11.1279 0.9843, -5.5667 -11.0056 0.9843, -5.4138 -11.5761 0.9843, -5.3937 -11.4232 0.9843, -5.4138 -11.2704 0.9843, -5.689 -10.9118 0.9843, -5.8314 -10.8528 0.9843, -5.9843 -10.8327 0.9843, 4.412 0.7815 0.9843, 6.9685 0.7815 0.9843, -6.7717 0.7815 0.9843, -4.2646 0.7815 0.9843, -6.9685 -10.5606 0.9843, -6.9685 -5.0102 0.9843, -6.9685 -0.6496 0.9843, -6.9685 0.441 0.9843, -6.9685 0.7815 0.9843
            ]
        }
        coordIndex [
            0,1,2,-1,3,4,5,-1,6,7,8,-1,9,10,11,-1,12,13,14,-1,15,16,17,-1,18,19,20,-1,21,22,20,-1,20,22,23,-1,20,23,18,-1,19,18,24,-1,24,18,25,-1,24,25,26,-1,27,26,28,-1,29,30,31,-1,16,32,17,-1,17,32,33,-1,17,33,34,-1,35,36,37,-1,37,36,38,-1,30,39,31,-1,31,39,40,-1,31,40,37,-1,37,40,41,-1,37,41,35,-1,38,42,37,-1,37,42,43,-1,37,43,44,-1,44,43,45,-1,44,45,46,-1,47,48,31,-1,31,48,49,-1,31,49,29,-1,50,51,52,-1,46,53,44,-1,44,53,54,-1,44,54,52,-1,52,54,55,-1,52,55,50,-1,51,56,57,-1,58,59,60,-1,61,62,63,-1,64,65,66,-1,60,67,58,-1,58,67,68,-1,58,68,63,-1,63,68,69,-1,63,69,61,-1,70,71,72,-1,72,71,73,-1,72,73,66,-1,66,73,74,-1,66,74,64,-1,62,75,63,-1,63,75,76,-1,63,76,77,-1,77,78,72,-1,72,78,79,-1,72,79,70,-1,80,81,82,-1,65,83,66,-1,66,83,84,-1,66,84,85,-1,85,84,86,-1,85,86,80,-1,81,87,82,-1,82,87,88,-1,82,88,58,-1,58,88,89,-1,58,89,59,-1,12,85,28,-1,26,25,28,-1,28,25,90,-1,28,90,12,-1,14,13,91,-1,91,13,92,-1,91,92,57,-1,57,92,93,-1,57,93,23,-1,23,93,94,-1,23,94,18,-1,18,94,95,-1,18,95,25,-1,25,95,96,-1,25,96,90,-1,97,98,99,-1,100,101,102,-1,103,104,105,-1,105,104,106,-1,105,106,107,-1,98,108,99,-1,99,108,100,-1,99,100,105,-1,105,100,102,-1,105,102,109,-1,110,103,111,-1,111,103,105,-1,111,105,112,-1,112,105,109,-1,112,109,113,-1,114,115,116,-1,117,116,118,-1,4,3,119,-1,7,6,115,-1,115,6,120,-1,115,120,116,-1,106,121,107,-1,107,121,122,-1,107,122,118,-1,118,122,123,-1,118,123,117,-1,3,114,119,-1,119,114,116,-1,119,116,124,-1,124,116,117,-1,124,117,125,-1,125,117,126,-1,125,126,127,-1,128,129,130,-1,130,129,131,-1,0,132,133,-1,133,132,22,-1,133,22,134,-1,134,22,21,-1,135,136,129,-1,129,136,137,-1,137,138,129,-1,129,138,139,-1,129,139,140,-1,141,142,131,-1,131,142,143,-1,140,144,129,-1,129,144,145,-1,129,145,131,-1,131,145,146,-1,131,146,141,-1,147,148,149,-1,150,135,28,-1,28,135,129,-1,28,129,27,-1,27,129,128,-1,27,128,151,-1,143,152,131,-1,131,152,153,-1,131,153,149,-1,149,153,154,-1,149,154,147,-1,148,155,149,-1,149,155,156,-1,149,156,157,-1,158,159,28,-1,28,159,160,-1,28,160,150,-1,161,132,162,-1,162,132,163,-1,164,165,166,-1,166,165,167,-1,166,167,132,-1,132,167,168,-1,132,168,163,-1,169,22,170,-1,170,22,132,-1,170,132,171,-1,171,132,161,-1,169,172,22,-1,22,172,173,-1,22,173,174,-1,175,176,166,-1,166,176,177,-1,166,177,164,-1,23,178,179,-1,174,180,22,-1,22,180,181,-1,22,181,23,-1,23,181,182,-1,23,182,178,-1,179,183,23,-1,23,183,184,-1,23,184,185,-1,80,82,85,-1,85,82,149,-1,85,149,28,-1,28,149,157,-1,28,157,158,-1,51,57,52,-1,52,57,23,-1,52,23,166,-1,166,23,185,-1,166,185,175,-1,56,15,57,-1,57,15,17,-1,57,17,91,-1,91,17,99,-1,91,99,14,-1,14,99,105,-1,34,47,17,-1,17,47,31,-1,17,31,99,-1,99,31,11,-1,99,11,97,-1,97,11,10,-1,77,72,63,-1,63,72,186,-1,63,186,187,-1,12,14,85,-1,85,14,105,-1,85,105,66,-1,66,105,107,-1,66,107,72,-1,72,107,118,-1,72,118,186,-1,37,188,31,-1,31,188,189,-1,31,189,11,-1,11,189,116,-1,11,116,9,-1,9,116,120,-1,0,2,132,-1,132,2,190,-1,132,190,166,-1,166,190,191,-1,166,191,52,-1,52,191,192,-1,52,192,44,-1,44,192,193,-1,44,193,37,-1,37,193,194,-1,37,194,188,-1,
        ]
    }
}
Shape{
    appearance Appearance {
        material  Material 	{
            diffuseColor 0.48627450980392156 0.23529411764705882 0.01568627450980392
            specularColor 0.24313725490196078 0.11764705882352941 0.00784313725490196
            ambientIntensity 0.2853
            transparency 0.0
            shininess 0.5
        }
    }
    geometry IndexedFaceSet {
        ccw TRUE
        solid FALSE
        coord DEF co Coordinate {
            point [
                2.5591 -10.3405 1.5083, 2.5591 -10.3405 1.5477, 2.5591 -11.6533 1.5083, 2.5591 -11.6533 1.5477, 2.5591 -11.7229 1.4992, 2.5591 -11.7331 1.5372, 2.5591 -11.7877 1.4723, 2.5591 -11.8074 1.5064, 2.5591 -11.8433 1.4296, 2.5591 -11.8712 1.4575, 2.5591 -11.8861 1.374, 2.5591 -11.9202 1.3937, 2.5591 -11.9129 1.3092, 2.5591 -11.9509 1.3194, 2.5591 -11.9221 1.2396, 2.5591 -11.9614 1.2396, 2.5591 -11.9129 1.1701, 2.5591 -11.9509 1.1599, 2.5591 -11.8861 1.1052, 2.5591 -11.9202 1.0856, 2.5591 -11.8433 1.0496, 2.5591 -11.8712 1.0217, 2.5591 -11.7877 1.0069, 2.5591 -11.8074 0.9728, 2.5591 -11.7229 0.98, 2.5591 -11.7331 0.942, 2.5591 -11.6533 0.9709, 2.5591 -11.6533 0.9315, 2.5591 -10.2885 0.9709, 2.5591 -10.2885 0.9315, -2.5591 -10.2885 0.9709, -2.5591 -10.2885 0.9315, -2.5591 -11.6533 0.9709, -2.5591 -11.6533 0.9315, -2.5591 -11.7229 0.98, -2.5591 -11.7331 0.942, -2.5591 -11.7877 1.0069, -2.5591 -11.8074 0.9728, -2.5591 -11.8433 1.0496, -2.5591 -11.8712 1.0217, -2.5591 -11.8861 1.1052, -2.5591 -11.9202 1.0856, -2.5591 -11.9129 1.1701, -2.5591 -11.9509 1.1599, -2.5591 -11.9221 1.2396, -2.5591 -11.9614 1.2396, -2.5591 -11.9129 1.3092, -2.5591 -11.9509 1.3194, -2.5591 -11.8861 1.374, -2.5591 -11.9202 1.3937, -2.5591 -11.8433 1.4296, -2.5591 -11.8712 1.4575, -2.5591 -11.7877 1.4723, -2.5591 -11.8074 1.5064, -2.5591 -11.7229 1.4992, -2.5591 -11.7331 1.5372, -2.5591 -11.6533 1.5083, -2.5591 -11.6533 1.5477, -2.5591 -10.3405 1.5083, -2.5591 -10.3405 1.5477
            ]
        }
        coordIndex [
            0,1,2,-1,2,1,3,-1,2,3,4,-1,4,3,5,-1,4,5,6,-1,6,5,7,-1,6,7,8,-1,8,7,9,-1,8,9,10,-1,10,9,11,-1,10,11,12,-1,12,11,13,-1,12,13,14,-1,14,13,15,-1,14,15,16,-1,16,15,17,-1,16,17,18,-1,18,17,19,-1,18,19,20,-1,20,19,21,-1,20,21,22,-1,22,21,23,-1,22,23,24,-1,24,23,25,-1,24,25,26,-1,26,25,27,-1,26,27,28,-1,28,27,29,-1,30,31,32,-1,32,31,33,-1,32,33,34,-1,34,33,35,-1,34,35,36,-1,36,35,37,-1,36,37,38,-1,38,37,39,-1,38,39,40,-1,40,39,41,-1,40,41,42,-1,42,41,43,-1,42,43,44,-1,44,43,45,-1,44,45,46,-1,46,45,47,-1,46,47,48,-1,48,47,49,-1,48,49,50,-1,50,49,51,-1,50,51,52,-1,52,51,53,-1,52,53,54,-1,54,53,55,-1,54,55,56,-1,56,55,57,-1,56,57,58,-1,58,57,59,-1,27,33,29,-1,29,33,31,-1,30,32,28,-1,28,32,26,-1,
        ]
    }
}
Shape{
    appearance Appearance {
        material  Material 	{
            diffuseColor 0.0 0.5019607843137255 0.0
            specularColor 0.0 0.25098039215686274 0.0
            ambientIntensity 0.2947
            transparency 0.0
            shininess 0.5
        }
    }
    geometry IndexedFaceSet {
        ccw TRUE
        solid FALSE
        coord DEF co Coordinate {
            point [
                -5.3937 -11.4232 0.9843, -5.3937 -11.4232 1.4173, -5.4138 -11.2704 0.9843, -5.4138 -11.2704 1.4173, -5.4728 -11.1279 0.9843, -5.4728 -11.1279 1.4173, -5.5667 -11.0056 0.9843, -5.5667 -11.0056 1.4173, -5.689 -10.9118 0.9843, -5.689 -10.9118 1.4173, -5.8314 -10.8528 0.9843, -5.8314 -10.8528 1.4173, -5.9843 -10.8327 0.9843, -5.9843 -10.8327 1.4173, -6.1371 -10.8528 0.9843, -6.1371 -10.8528 1.4173, -6.2795 -10.9118 0.9843, -6.2795 -10.9118 1.4173, -6.4018 -11.0056 0.9843, -6.4018 -11.0056 1.4173, -6.4957 -11.1279 0.9843, -6.4957 -11.1279 1.4173, -6.5547 -11.2704 0.9843, -6.5547 -11.2704 1.4173, -6.5748 -11.4232 0.9843, -6.5748 -11.4232 1.4173, -6.5547 -11.5761 0.9843, -6.5547 -11.5761 1.4173, -6.4957 -11.7185 0.9843, -6.4957 -11.7185 1.4173, -6.4018 -11.8408 0.9843, -6.4018 -11.8408 1.4173, -6.2795 -11.9346 0.9843, -6.2795 -11.9346 1.4173, -6.1371 -11.9936 0.9843, -6.1371 -11.9936 1.4173, -5.9843 -12.0138 0.9843, -5.9843 -12.0138 1.4173, -5.8314 -11.9936 0.9843, -5.8314 -11.9936 1.4173, -5.689 -11.9346 0.9843, -5.689 -11.9346 1.4173, -5.5667 -11.8408 0.9843, -5.5667 -11.8408 1.4173, -5.4728 -11.7185 0.9843, -5.4728 -11.7185 1.4173, -5.4138 -11.5761 0.9843, -5.4138 -11.5761 1.4173, 6.5748 -11.4232 0.9843, 6.5748 -11.4232 1.4173, 6.5547 -11.2704 0.9843, 6.5547 -11.2704 1.4173, 6.4957 -11.1279 0.9843, 6.4957 -11.1279 1.4173, 6.4018 -11.0056 0.9843, 6.4018 -11.0056 1.4173, 6.2795 -10.9118 0.9843, 6.2795 -10.9118 1.4173, 6.1371 -10.8528 0.9843, 6.1371 -10.8528 1.4173, 5.9843 -10.8327 0.9843, 5.9843 -10.8327 1.4173, 5.8314 -10.8528 0.9843, 5.8314 -10.8528 1.4173, 5.689 -10.9118 0.9843, 5.689 -10.9118 1.4173, 5.5667 -11.0056 0.9843, 5.5667 -11.0056 1.4173, 5.4728 -11.1279 0.9843, 5.4728 -11.1279 1.4173, 5.4138 -11.2704 0.9843, 5.4138 -11.2704 1.4173, 5.3937 -11.4232 0.9843, 5.3937 -11.4232 1.4173, 5.4138 -11.5761 0.9843, 5.4138 -11.5761 1.4173, 5.4728 -11.7185 0.9843, 5.4728 -11.7185 1.4173, 5.5667 -11.8408 0.9843, 5.5667 -11.8408 1.4173, 5.689 -11.9346 0.9843, 5.689 -11.9346 1.4173, 5.8314 -11.9936 0.9843, 5.8314 -11.9936 1.4173, 5.9843 -12.0138 0.9843, 5.9843 -12.0138 1.4173, 6.1371 -11.9936 0.9843, 6.1371 -11.9936 1.4173, 6.2795 -11.9346 0.9843, 6.2795 -11.9346 1.4173, 6.4018 -11.8408 0.9843, 6.4018 -11.8408 1.4173, 6.4957 -11.7185 0.9843, 6.4957 -11.7185 1.4173, 6.5547 -11.5761 0.9843, 6.5547 -11.5761 1.4173, 6.4018 -0.6203 1.4173, 6.3637 -0.6496 0.9843, 6.2795 -0.7142 1.4173, 6.2795 -0.7142 0.9843, 6.1371 -0.7732 1.4173, 6.1371 -0.7732 0.9843, 5.9843 -0.7933 1.4173, 5.9843 -0.7933 0.9843, 5.8314 -0.7732 1.4173, 5.8314 -0.7732 0.9843, 5.689 -0.7142 1.4173, 5.689 -0.7142 0.9843, 5.6048 -0.6496 0.9843, 5.5667 -0.6203 1.4173, 5.5667 -0.6203 0.9843, 5.4728 -0.498 1.4173, 5.4728 -0.498 0.9843, 5.4138 -0.3556 1.4173, 5.4138 -0.3556 0.9843, 5.3937 -0.2027 1.4173, 5.3937 -0.2027 0.9843, 5.4138 -0.0499 1.4173, 5.4138 -0.0499 0.9843, 5.4728 0.0925 1.4173, 5.4728 0.0925 0.9843, 5.5667 0.2148 1.4173, 5.5667 0.2148 0.9843, 5.689 0.3087 1.4173, 5.689 0.3087 0.9843, 5.8314 0.3677 1.4173, 5.8314 0.3677 0.9843, 5.9843 0.3878 1.4173, 5.9843 0.3878 0.9843, 6.1371 0.3677 1.4173, 6.1371 0.3677 0.9843, 6.2795 0.3087 1.4173, 6.2795 0.3087 0.9843, 6.4018 0.2148 1.4173, 6.4018 0.2148 0.9843, 6.4957 0.0925 1.4173, 6.4957 0.0925 0.9843, 6.5547 -0.0499 1.4173, 6.5547 -0.0499 0.9843, 6.5748 -0.2027 1.4173, 6.5748 -0.2027 0.9843, 6.5547 -0.3556 1.4173, 6.5547 -0.3556 0.9843, 6.4957 -0.498 1.4173, 6.4957 -0.498 0.9843, 6.4018 -0.6203 0.9843, -5.5667 -0.6203 1.4173, -5.6048 -0.6496 0.9843, -5.689 -0.7142 1.4173, -5.689 -0.7142 0.9843, -5.8314 -0.7732 1.4173, -5.8314 -0.7732 0.9843, -5.9843 -0.7933 1.4173, -5.9843 -0.7933 0.9843, -6.1371 -0.7732 1.4173, -6.1371 -0.7732 0.9843, -6.2795 -0.7142 1.4173, -6.2795 -0.7142 0.9843, -6.3637 -0.6496 0.9843, -6.4018 -0.6203 1.4173, -6.4018 -0.6203 0.9843, -6.4957 -0.498 1.4173, -6.4957 -0.498 0.9843, -6.5547 -0.3556 1.4173, -6.5547 -0.3556 0.9843, -6.5748 -0.2027 1.4173, -6.5748 -0.2027 0.9843, -6.5547 -0.0499 1.4173, -6.5547 -0.0499 0.9843, -6.4957 0.0925 1.4173, -6.4957 0.0925 0.9843, -6.4018 0.2148 1.4173, -6.4018 0.2148 0.9843, -6.2795 0.3087 1.4173, -6.2795 0.3087 0.9843, -6.1371 0.3677 1.4173, -6.1371 0.3677 0.9843, -5.9843 0.3878 1.4173, -5.9843 0.3878 0.9843, -5.8314 0.3677 1.4173, -5.8314 0.3677 0.9843, -5.689 0.3087 1.4173, -5.689 0.3087 0.9843, -5.5667 0.2148 1.4173, -5.5667 0.2148 0.9843, -5.4728 0.0925 1.4173, -5.4728 0.0925 0.9843, -5.4138 -0.0499 1.4173, -5.4138 -0.0499 0.9843, -5.3937 -0.2027 1.4173, -5.3937 -0.2027 0.9843, -5.4138 -0.3556 1.4173, -5.4138 -0.3556 0.9843, -5.4728 -0.498 1.4173, -5.4728 -0.498 0.9843, -5.5667 -0.6203 0.9843, 6.9685 -12.4075 0.9843, 6.9685 -12.4075 1.4567, 4.412 -12.4075 0.9843, 3.378 -12.4075 1.4567, 2.7559 -12.4075 0.9843, 2.7559 -12.4075 1.4567, 6.9685 -12.3583 1.4567, 6.9685 -12.2106 0.9843, 6.9685 -10.439 1.4567, 6.9685 0.7815 0.9843, 6.9685 0.7815 1.4567, 6.9685 0.441 0.9843, 6.9685 0.4173 1.4567, 6.9685 -0.6496 0.9843, 6.9685 -0.626 1.4567, 6.9685 -5.0102 0.9843, 6.9685 -10.5606 0.9843, 3.378 0.7815 1.4567, 4.412 0.7815 0.9843, 2.7152 0.7815 0.9843, -6.9685 0.7815 0.9843, -6.9685 0.7815 1.4567, -6.7717 0.7815 0.9843, -6.7815 0.7815 1.4567, -4.2646 0.7815 0.9843, -3.378 0.7815 1.4567, -2.5677 0.7815 0.9843, -1.0 0.7815 1.4567, 0.0 0.7815 1.4567, 1.0 0.7815 1.4567, -6.9685 0.4173 1.4567, -6.9685 0.441 0.9843, -6.9685 -0.626 1.4567, -6.9685 -12.4075 0.9843, -6.9685 -12.4075 1.4567, -6.9685 -12.2106 0.9843, -6.9685 -12.3583 1.4567, -6.9685 -10.5606 0.9843, -6.9685 -10.439 1.4567, -6.9685 -5.0102 0.9843, -6.9685 -0.6496 0.9843, -2.7559 -12.4075 0.9843, -2.7559 -12.4075 1.4567, -4.2646 -12.4075 0.9843, -3.378 -12.4075 1.4567, -6.7717 -12.4075 0.9843, -6.7815 -12.4075 1.4567
            ]
        }
        coordIndex [
            0,1,2,-1,2,1,3,-1,2,3,4,-1,4,3,5,-1,4,5,6,-1,6,5,7,-1,6,7,8,-1,8,7,9,-1,8,9,10,-1,10,9,11,-1,10,11,12,-1,12,11,13,-1,12,13,14,-1,14,13,15,-1,14,15,16,-1,16,15,17,-1,16,17,18,-1,18,17,19,-1,18,19,20,-1,20,19,21,-1,20,21,22,-1,22,21,23,-1,22,23,24,-1,24,23,25,-1,24,25,26,-1,26,25,27,-1,26,27,28,-1,28,27,29,-1,28,29,30,-1,30,29,31,-1,30,31,32,-1,32,31,33,-1,32,33,34,-1,34,33,35,-1,34,35,36,-1,36,35,37,-1,36,37,38,-1,38,37,39,-1,38,39,40,-1,40,39,41,-1,40,41,42,-1,42,41,43,-1,42,43,44,-1,44,43,45,-1,44,45,46,-1,46,45,47,-1,46,47,0,-1,0,47,1,-1,48,49,50,-1,50,49,51,-1,50,51,52,-1,52,51,53,-1,52,53,54,-1,54,53,55,-1,54,55,56,-1,56,55,57,-1,56,57,58,-1,58,57,59,-1,58,59,60,-1,60,59,61,-1,60,61,62,-1,62,61,63,-1,62,63,64,-1,64,63,65,-1,64,65,66,-1,66,65,67,-1,66,67,68,-1,68,67,69,-1,68,69,70,-1,70,69,71,-1,70,71,72,-1,72,71,73,-1,72,73,74,-1,74,73,75,-1,74,75,76,-1,76,75,77,-1,76,77,78,-1,78,77,79,-1,78,79,80,-1,80,79,81,-1,80,81,82,-1,82,81,83,-1,82,83,84,-1,84,83,85,-1,84,85,86,-1,86,85,87,-1,86,87,88,-1,88,87,89,-1,88,89,90,-1,90,89,91,-1,90,91,92,-1,92,91,93,-1,92,93,94,-1,94,93,95,-1,94,95,48,-1,48,95,49,-1,96,97,98,-1,98,97,99,-1,98,99,100,-1,100,99,101,-1,100,101,102,-1,102,101,103,-1,102,103,104,-1,104,103,105,-1,104,105,106,-1,105,107,106,-1,106,107,108,-1,106,108,109,-1,109,108,110,-1,109,110,111,-1,111,110,112,-1,111,112,113,-1,113,112,114,-1,113,114,115,-1,115,114,116,-1,115,116,117,-1,117,116,118,-1,117,118,119,-1,119,118,120,-1,119,120,121,-1,121,120,122,-1,121,122,123,-1,123,122,124,-1,123,124,125,-1,125,124,126,-1,125,126,127,-1,127,126,128,-1,127,128,129,-1,129,128,130,-1,129,130,131,-1,131,130,132,-1,131,132,133,-1,133,132,134,-1,133,134,135,-1,135,134,136,-1,135,136,137,-1,137,136,138,-1,137,138,139,-1,139,138,140,-1,139,140,141,-1,141,140,142,-1,141,142,143,-1,143,142,144,-1,143,144,96,-1,96,144,145,-1,96,145,97,-1,146,147,148,-1,148,147,149,-1,148,149,150,-1,150,149,151,-1,150,151,152,-1,152,151,153,-1,152,153,154,-1,154,153,155,-1,154,155,156,-1,155,157,156,-1,156,157,158,-1,156,158,159,-1,159,158,160,-1,159,160,161,-1,161,160,162,-1,161,162,163,-1,163,162,164,-1,163,164,165,-1,165,164,166,-1,165,166,167,-1,167,166,168,-1,167,168,169,-1,169,168,170,-1,169,170,171,-1,171,170,172,-1,171,172,173,-1,173,172,174,-1,173,174,175,-1,175,174,176,-1,175,176,177,-1,177,176,178,-1,177,178,179,-1,179,178,180,-1,179,180,181,-1,181,180,182,-1,181,182,183,-1,183,182,184,-1,183,184,185,-1,185,184,186,-1,185,186,187,-1,187,186,188,-1,187,188,189,-1,189,188,190,-1,189,190,191,-1,191,190,192,-1,191,192,193,-1,193,192,194,-1,193,194,146,-1,146,194,195,-1,146,195,147,-1,196,197,198,-1,198,197,199,-1,198,199,200,-1,200,199,201,-1,197,196,202,-1,202,196,203,-1,202,203,204,-1,205,206,207,-1,207,206,208,-1,207,208,209,-1,209,208,210,-1,209,210,211,-1,211,210,204,-1,211,204,212,-1,212,204,203,-1,206,205,213,-1,213,205,214,-1,213,214,215,-1,216,217,218,-1,218,217,219,-1,218,219,220,-1,220,219,221,-1,220,221,222,-1,221,223,222,-1,222,223,224,-1,222,224,215,-1,215,224,225,-1,215,225,213,-1,217,216,226,-1,226,216,227,-1,226,227,228,-1,229,230,231,-1,231,230,232,-1,231,232,233,-1,233,232,234,-1,233,234,235,-1,235,234,228,-1,235,228,236,-1,236,228,227,-1,237,238,239,-1,239,238,240,-1,239,240,241,-1,241,240,242,-1,241,242,229,-1,229,242,230,-1,
        ]
    }
}
Shape{
    appearance Appearance {
        material  Material 	{
            diffuseColor 0.7529411764705882 0.7529411764705882 0.7529411764705882
            specularColor 0.3764705882352941 0.3764705882352941 0.3764705882352941
            ambientIntensity 0.7529
            transparency 0.0
            shininess 0.5
        }
    }
    geometry IndexedFaceSet {
        ccw TRUE
        solid FALSE
        coord DEF co Coordinate {
            point [
                6.6929 -1.2854 2.0472, 6.6929 -10.3405 2.0472, 6.6929 -1.2854 1.4567, 6.6929 -10.3405 1.4567, -3.378 -1.2854 1.4567, -6.6929 -1.2854 1.4567, -6.6929 -1.2854 2.0472, 3.378 -1.2854 1.4567, 1.0 -1.2854 1.4567, 0.0 -1.2854 1.4567, -1.0 -1.2854 1.4567, -6.6929 -10.3405 2.0472, -6.6929 -10.3405 1.4567, 3.378 -10.3405 1.4567, -3.378 -10.3405 1.4567, -2.5591 -10.3405 1.5083, -2.5591 -10.3405 1.5477, -1.0 -10.3405 1.4567, 0.0 -10.3405 1.4567, 2.5591 -10.3405 1.5083, 2.5591 -10.3405 1.5477, 1.0 -10.3405 1.4567, -5.7779 -2.3253 2.0472, -5.7386 -2.2303 2.0472, -5.676 -2.1488 2.0472, -5.5945 -2.0862 2.0472, 5.7779 -7.5291 2.0472, 5.7386 -7.624 2.0472, 5.676 -7.7055 2.0472, 5.5945 -7.7681 2.0472, 5.4995 -2.0469 2.0472, 5.5945 -2.0862 2.0472, 5.676 -2.1488 2.0472, 5.7913 -7.4272 2.0472, 5.7913 -2.4272 2.0472, -5.4995 -7.8074 2.0472, -5.5945 -7.7681 2.0472, -5.676 -7.7055 2.0472, -5.7386 -7.624 2.0472, -5.4995 -2.0469 2.0472, -5.3976 -2.0335 2.0472, 5.3976 -2.0335 2.0472, 5.7386 -2.2303 2.0472, 5.7779 -2.3253 2.0472, 5.4995 -7.8074 2.0472, 5.3976 -7.8209 2.0472, -5.3976 -7.8209 2.0472, -5.7779 -7.5291 2.0472, -5.7913 -7.4272 2.0472, -5.7913 -2.4272 2.0472
            ]
        }
        coordIndex [
            0,1,2,-1,2,1,3,-1,4,5,6,-1,0,2,7,-1,7,8,0,-1,0,8,9,-1,0,9,6,-1,6,9,10,-1,6,10,4,-1,11,6,12,-1,12,6,5,-1,13,3,1,-1,14,15,16,-1,14,17,15,-1,15,17,18,-1,15,18,19,-1,12,14,11,-1,11,14,16,-1,11,16,1,-1,1,16,20,-1,1,20,13,-1,13,20,19,-1,13,19,21,-1,21,19,18,-1,22,23,6,-1,6,23,24,-1,6,24,25,-1,26,27,1,-1,1,27,28,-1,1,28,29,-1,30,31,0,-1,0,31,32,-1,26,1,33,-1,33,1,0,-1,33,0,34,-1,35,36,11,-1,11,36,37,-1,11,37,38,-1,25,39,6,-1,6,39,40,-1,6,40,0,-1,0,40,41,-1,0,41,30,-1,32,42,0,-1,0,42,43,-1,0,43,34,-1,29,44,1,-1,1,44,45,-1,1,45,11,-1,11,45,46,-1,11,46,35,-1,38,47,11,-1,11,47,48,-1,11,48,6,-1,6,48,49,-1,6,49,22,-1,
        ]
    }
}
Shape{
    appearance Appearance {
        material  Material 	{
            diffuseColor 0.0 0.0 0.0
            specularColor 0.0 0.0 0.0
            ambientIntensity 0.0
            transparency 0.0
            shininess 0.5
        }
    }
    geometry IndexedFaceSet {
        ccw TRUE
        solid FALSE
        coord DEF co Coordinate {
            point [
                -5.7913 -7.4272 2.0079, -5.7913 -7.4272 2.0472, -5.7779 -7.5291 2.0079, -5.7779 -7.5291 2.0472, -5.7386 -7.624 2.0079, -5.7386 -7.624 2.0472, -5.676 -7.7055 2.0079, -5.676 -7.7055 2.0472, -5.5945 -7.7681 2.0079, -5.5945 -7.7681 2.0472, -5.4995 -7.8074 2.0079, -5.4995 -7.8074 2.0472, -5.3976 -7.8209 2.0079, -5.3976 -7.8209 2.0472, -5.7913 -2.4272 2.0079, -5.7913 -2.4272 2.0472, -5.3976 -2.0335 2.0079, -5.3976 -2.0335 2.0472, -5.4995 -2.0469 2.0079, -5.4995 -2.0469 2.0472, -5.5945 -2.0862 2.0079, -5.5945 -2.0862 2.0472, -5.676 -2.1488 2.0079, -5.676 -2.1488 2.0472, -5.7386 -2.2303 2.0079, -5.7386 -2.2303 2.0472, -5.7779 -2.3253 2.0079, -5.7779 -2.3253 2.0472, 5.3976 -2.0335 2.0079, 5.3976 -2.0335 2.0472, 5.7913 -2.4272 2.0079, 5.7913 -2.4272 2.0472, 5.7779 -2.3253 2.0079, 5.7779 -2.3253 2.0472, 5.7386 -2.2303 2.0079, 5.7386 -2.2303 2.0472, 5.676 -2.1488 2.0079, 5.676 -2.1488 2.0472, 5.5945 -2.0862 2.0079, 5.5945 -2.0862 2.0472, 5.4995 -2.0469 2.0079, 5.4995 -2.0469 2.0472, 5.7913 -7.4272 2.0079, 5.7913 -7.4272 2.0472, 5.3976 -7.8209 2.0079, 5.3976 -7.8209 2.0472, 5.4995 -7.8074 2.0079, 5.4995 -7.8074 2.0472, 5.5945 -7.7681 2.0079, 5.5945 -7.7681 2.0472, 5.676 -7.7055 2.0079, 5.676 -7.7055 2.0472, 5.7386 -7.624 2.0079, 5.7386 -7.624 2.0472, 5.7779 -7.5291 2.0079, 5.7779 -7.5291 2.0472
            ]
        }
        coordIndex [
            0,1,2,-1,2,1,3,-1,2,3,4,-1,4,3,5,-1,4,5,6,-1,6,5,7,-1,6,7,8,-1,8,7,9,-1,8,9,10,-1,10,9,11,-1,10,11,12,-1,12,11,13,-1,0,14,1,-1,1,14,15,-1,16,17,18,-1,18,17,19,-1,18,19,20,-1,20,19,21,-1,20,21,22,-1,22,21,23,-1,22,23,24,-1,24,23,25,-1,24,25,26,-1,26,25,27,-1,26,27,14,-1,14,27,15,-1,16,28,17,-1,17,28,29,-1,30,31,32,-1,32,31,33,-1,32,33,34,-1,34,33,35,-1,34,35,36,-1,36,35,37,-1,36,37,38,-1,38,37,39,-1,38,39,40,-1,40,39,41,-1,40,41,28,-1,28,41,29,-1,30,42,31,-1,31,42,43,-1,44,45,46,-1,46,45,47,-1,46,47,48,-1,48,47,49,-1,48,49,50,-1,50,49,51,-1,50,51,52,-1,52,51,53,-1,52,53,54,-1,54,53,55,-1,54,55,42,-1,42,55,43,-1,44,12,45,-1,45,12,13,-1,46,48,50,-1,42,30,28,-1,28,30,32,-1,28,32,34,-1,50,52,46,-1,46,52,54,-1,46,54,44,-1,34,36,28,-1,28,36,38,-1,28,38,40,-1,22,24,20,-1,20,24,18,-1,54,42,44,-1,44,42,28,-1,44,28,12,-1,12,28,16,-1,12,16,14,-1,14,16,18,-1,14,18,26,-1,26,18,24,-1,8,2,6,-1,6,2,4,-1,14,0,12,-1,12,0,2,-1,12,2,10,-1,10,2,8,-1,
        ]
    }
}
Shape{
    appearance Appearance {
        material  Material 	{
            diffuseColor 0.0 0.5019607843137255 0.0
            specularColor 0.0 0.25098039215686274 0.0
            ambientIntensity 0.2947
            transparency 0.0
            shininess 0.5
        }
    }
    geometry IndexedFaceSet {
        ccw TRUE
        solid FALSE
        coord DEF co Coordinate {
            point [
                2.7559 -12.4075 0.9843, 2.7559 -12.4075 1.4567, 2.7559 -12.3583 1.4567, 2.7559 -12.2106 0.9843, 2.7559 -10.6555 1.4567, 2.7559 -10.6555 0.9843, -2.7559 -10.6555 0.9843, -2.7559 -10.6555 1.4567, -2.7559 -12.2106 0.9843, -2.7559 -12.3583 1.4567, -2.7559 -12.4075 0.9843, -2.7559 -12.4075 1.4567, 2.7152 -10.6555 0.9843, 1.0 -10.6555 1.4567, 0.0 -10.6555 1.4567, -2.5677 -10.6555 0.9843, -1.0 -10.6555 1.4567
            ]
        }
        coordIndex [
            0,1,2,-1,0,2,3,-1,3,2,4,-1,3,4,5,-1,6,7,8,-1,8,7,9,-1,8,9,10,-1,10,9,11,-1,12,5,4,-1,4,13,12,-1,12,13,14,-1,12,14,15,-1,14,16,15,-1,15,16,7,-1,15,7,6,-1,
        ]
    }
}
Shape{
    appearance Appearance {
        material  Material 	{
            diffuseColor 0.48627450980392156 0.23529411764705882 0.01568627450980392
            specularColor 0.24313725490196078 0.11764705882352941 0.00784313725490196
            ambientIntensity 0.2853
            transparency 0.0
            shininess 0.5
        }
    }
    geometry IndexedFaceSet {
        ccw TRUE
        solid FALSE
        coord DEF co Coordinate {
            point [
                2.5591 -11.6533 1.5083, -2.5591 -11.6533 1.5083, 2.5591 -10.3405 1.5083, -2.5591 -10.3405 1.5083, -2.5591 -10.3405 1.5477, -2.5591 -11.6533 1.5477, 2.5591 -10.3405 1.5477, 2.5591 -11.6533 1.5477, 2.5591 -11.6533 0.9709, -2.5591 -11.6533 0.9709, 2.5591 -11.7229 0.98, -2.5591 -11.7229 0.98, 2.5591 -11.7877 1.0069, -2.5591 -11.7877 1.0069, 2.5591 -11.8433 1.0496, -2.5591 -11.8433 1.0496, 2.5591 -11.8861 1.1052, -2.5591 -11.8861 1.1052, 2.5591 -11.9129 1.1701, -2.5591 -11.9129 1.1701, 2.5591 -11.9221 1.2396, -2.5591 -11.9221 1.2396, 2.5591 -11.9129 1.3092, -2.5591 -11.9129 1.3092, 2.5591 -11.8861 1.374, -2.5591 -11.8861 1.374, 2.5591 -11.8433 1.4296, -2.5591 -11.8433 1.4296, 2.5591 -11.7877 1.4723, -2.5591 -11.7877 1.4723, 2.5591 -11.7229 1.4992, -2.5591 -11.7229 1.4992, -2.5591 -11.7331 1.5372, 2.5591 -11.7331 1.5372, -2.5591 -11.8074 1.5064, 2.5591 -11.8074 1.5064, -2.5591 -11.8712 1.4575, 2.5591 -11.8712 1.4575, -2.5591 -11.9202 1.3937, 2.5591 -11.9202 1.3937, -2.5591 -11.9509 1.3194, 2.5591 -11.9509 1.3194, -2.5591 -11.9614 1.2396, 2.5591 -11.9614 1.2396, -2.5591 -11.9509 1.1599, 2.5591 -11.9509 1.1599, -2.5591 -11.9202 1.0856, 2.5591 -11.9202 1.0856, -2.5591 -11.8712 1.0217, 2.5591 -11.8712 1.0217, -2.5591 -11.8074 0.9728, 2.5591 -11.8074 0.9728, -2.5591 -11.7331 0.942, 2.5591 -11.7331 0.942, -2.5591 -11.6533 0.9315, 2.5591 -11.6533 0.9315
            ]
        }
        coordIndex [
            0,1,2,-1,2,1,3,-1,4,5,6,-1,6,5,7,-1,8,9,10,-1,10,9,11,-1,10,11,12,-1,12,11,13,-1,12,13,14,-1,14,13,15,-1,14,15,16,-1,16,15,17,-1,16,17,18,-1,18,17,19,-1,18,19,20,-1,20,19,21,-1,20,21,22,-1,22,21,23,-1,22,23,24,-1,24,23,25,-1,24,25,26,-1,26,25,27,-1,26,27,28,-1,28,27,29,-1,28,29,30,-1,30,29,31,-1,30,31,0,-1,0,31,1,-1,7,5,32,-1,7,32,33,-1,33,32,34,-1,33,34,35,-1,35,34,36,-1,35,36,37,-1,37,36,38,-1,37,38,39,-1,39,38,40,-1,39,40,41,-1,41,40,42,-1,41,42,43,-1,43,42,44,-1,43,44,45,-1,45,44,46,-1,45,46,47,-1,47,46,48,-1,47,48,49,-1,49,48,50,-1,49,50,51,-1,51,50,52,-1,51,52,53,-1,53,52,54,-1,53,54,55,-1,
        ]
    }
}
Shape{
    appearance Appearance {
        material  Material 	{
            diffuseColor 0.5019607843137255 0.5019607843137255 0.0
            specularColor 0.25098039215686274 0.25098039215686274 0.0
            ambientIntensity 0.4447
            transparency 0.0
            shininess 0.5
        }
    }
    geometry IndexedFaceSet {
        ccw TRUE
        solid FALSE
        coord DEF co Coordinate {
            point [
                -6.1371 0.3677 1.4173, -6.2135 0.6529 1.4173, -6.2795 0.3087 1.4173, -6.4272 0.5644 1.4173, -6.4018 0.2148 1.4173, -6.6106 0.4236 1.4173, -6.4957 0.0925 1.4173, -6.7514 0.2402 1.4173, -6.5547 -0.0499 1.4173, -6.8399 0.0265 1.4173, -6.5748 -0.2027 1.4173, -6.8701 -0.2027 1.4173, -6.5547 -0.3556 1.4173, -6.8399 -0.432 1.4173, -6.4957 -0.498 1.4173, -6.7514 -0.6457 1.4173, -6.4018 -0.6203 1.4173, -6.6106 -0.8291 1.4173, -6.2795 -0.7142 1.4173, -6.4272 -0.9699 1.4173, -6.1371 -0.7732 1.4173, -6.2135 -1.0584 1.4173, -5.9843 -0.7933 1.4173, -5.9843 -1.0886 1.4173, -5.8314 -0.7732 1.4173, -5.755 -1.0584 1.4173, -5.689 -0.7142 1.4173, -5.5413 -0.9699 1.4173, -5.5667 -0.6203 1.4173, -5.3579 -0.8291 1.4173, -5.4728 -0.498 1.4173, -5.2171 -0.6457 1.4173, -5.4138 -0.3556 1.4173, -5.1286 -0.432 1.4173, -5.3937 -0.2027 1.4173, -5.0984 -0.2027 1.4173, -5.4138 -0.0499 1.4173, -5.1286 0.0265 1.4173, -5.4728 0.0925 1.4173, -5.2171 0.2402 1.4173, -5.5667 0.2148 1.4173, -5.3579 0.4236 1.4173, -5.689 0.3087 1.4173, -5.5413 0.5644 1.4173, -5.8314 0.3677 1.4173, -5.755 0.6529 1.4173, -5.9843 0.3878 1.4173, -5.9843 0.6831 1.4173, -5.353 0.4173 1.4567, -5.3579 0.4236 1.4567, -5.5413 0.5644 1.4567, -5.755 0.6529 1.4567, -5.9843 0.6831 1.4567, -6.2135 0.6529 1.4567, -6.4272 0.5644 1.4567, -6.6106 0.4236 1.4567, -6.6155 0.4173 1.4567, -6.7514 0.2402 1.4567, -6.7815 0.1675 1.4567, -6.8399 0.0265 1.4567, -6.8701 -0.2027 1.4567, -6.8399 -0.432 1.4567, -6.7815 -0.573 1.4567, -6.7596 -0.626 1.4567, -6.7514 -0.6457 1.4567, -6.6106 -0.8291 1.4567, -6.4272 -0.9699 1.4567, -6.2135 -1.0584 1.4567, -5.9843 -1.0886 1.4567, -5.755 -1.0584 1.4567, -5.5413 -0.9699 1.4567, -5.3579 -0.8291 1.4567, -5.2171 -0.6457 1.4567, -5.2089 -0.626 1.4567, -5.1286 -0.432 1.4567, -5.0984 -0.2027 1.4567, -5.1286 0.0265 1.4567, -5.2171 0.2402 1.4567, 6.7514 0.2402 1.4173, 6.6155 0.4173 1.4567, 6.6106 0.4236 1.4173, 6.6106 0.4236 1.4567, 6.4272 0.5644 1.4173, 6.4272 0.5644 1.4567, 6.2135 0.6529 1.4173, 6.2135 0.6529 1.4567, 5.9843 0.6831 1.4173, 5.9843 0.6831 1.4567, 5.755 0.6529 1.4173, 5.755 0.6529 1.4567, 5.5413 0.5644 1.4173, 5.5413 0.5644 1.4567, 5.3579 0.4236 1.4173, 5.3579 0.4236 1.4567, 5.353 0.4173 1.4567, 5.2171 0.2402 1.4173, 5.2171 0.2402 1.4567, 5.1286 0.0265 1.4173, 5.1286 0.0265 1.4567, 5.0984 -0.2027 1.4173, 5.0984 -0.2027 1.4567, 5.1286 -0.432 1.4173, 5.1286 -0.432 1.4567, 5.2089 -0.626 1.4567, 5.2171 -0.6457 1.4173, 5.2171 -0.6457 1.4567, 5.3579 -0.8291 1.4173, 5.3579 -0.8291 1.4567, 5.5413 -0.9699 1.4173, 5.5413 -0.9699 1.4567, 5.755 -1.0584 1.4173, 5.755 -1.0584 1.4567, 5.9843 -1.0886 1.4173, 5.9843 -1.0886 1.4567, 6.2135 -1.0584 1.4173, 6.2135 -1.0584 1.4567, 6.4272 -0.9699 1.4173, 6.4272 -0.9699 1.4567, 6.6106 -0.8291 1.4173, 6.6106 -0.8291 1.4567, 6.7514 -0.6457 1.4173, 6.7514 -0.6457 1.4567, 6.7596 -0.626 1.4567, 6.8399 -0.432 1.4173, 6.8399 -0.432 1.4567, 6.8701 -0.2027 1.4173, 6.8701 -0.2027 1.4567, 6.8399 0.0265 1.4173, 6.8399 0.0265 1.4567, 6.7514 0.2402 1.4567, 5.4138 -0.3556 1.4173, 5.4728 -0.498 1.4173, 5.5667 -0.6203 1.4173, 5.689 -0.7142 1.4173, 5.8314 -0.7732 1.4173, 5.9843 -0.7933 1.4173, 6.1371 -0.7732 1.4173, 6.2795 -0.7142 1.4173, 6.4018 -0.6203 1.4173, 6.4957 -0.498 1.4173, 6.5547 -0.3556 1.4173, 6.5748 -0.2027 1.4173, 6.5547 -0.0499 1.4173, 6.4957 0.0925 1.4173, 6.4018 0.2148 1.4173, 6.2795 0.3087 1.4173, 6.1371 0.3677 1.4173, 5.9843 0.3878 1.4173, 5.8314 0.3677 1.4173, 5.689 0.3087 1.4173, 5.5667 0.2148 1.4173, 5.4728 0.0925 1.4173, 5.4138 -0.0499 1.4173, 5.3937 -0.2027 1.4173, 5.4138 -11.5761 1.4173, 5.1286 -11.6525 1.4173, 5.4728 -11.7185 1.4173, 5.2171 -11.8661 1.4173, 5.5667 -11.8408 1.4173, 5.3579 -12.0496 1.4173, 5.689 -11.9346 1.4173, 5.5413 -12.1904 1.4173, 5.8314 -11.9936 1.4173, 5.755 -12.2789 1.4173, 5.9843 -12.0138 1.4173, 5.9843 -12.309 1.4173, 6.1371 -11.9936 1.4173, 6.2135 -12.2789 1.4173, 6.2795 -11.9346 1.4173, 6.4272 -12.1904 1.4173, 6.4018 -11.8408 1.4173, 6.6106 -12.0496 1.4173, 6.4957 -11.7185 1.4173, 6.7514 -11.8661 1.4173, 6.5547 -11.5761 1.4173, 6.8399 -11.6525 1.4173, 6.5748 -11.4232 1.4173, 6.8701 -11.4232 1.4173, 6.5547 -11.2704 1.4173, 6.8399 -11.1939 1.4173, 6.4957 -11.1279 1.4173, 6.7514 -10.9803 1.4173, 6.4018 -11.0056 1.4173, 6.6106 -10.7968 1.4173, 6.2795 -10.9118 1.4173, 6.4272 -10.6561 1.4173, 6.1371 -10.8528 1.4173, 6.2135 -10.5676 1.4173, 5.9843 -10.8327 1.4173, 5.9843 -10.5374 1.4173, 5.8314 -10.8528 1.4173, 5.755 -10.5676 1.4173, 5.689 -10.9118 1.4173, 5.5413 -10.6561 1.4173, 5.5667 -11.0056 1.4173, 5.3579 -10.7968 1.4173, 5.4728 -11.1279 1.4173, 5.2171 -10.9803 1.4173, 5.4138 -11.2704 1.4173, 5.1286 -11.1939 1.4173, 5.3937 -11.4232 1.4173, 5.0984 -11.4232 1.4173, 6.8701 -11.4232 1.4567, 6.8399 -11.1939 1.4567, 6.7514 -10.9803 1.4567, 6.6106 -10.7968 1.4567, 6.4272 -10.6561 1.4567, 6.2135 -10.5676 1.4567, 5.9843 -10.5374 1.4567, 5.755 -10.5676 1.4567, 5.5413 -10.6561 1.4567, 5.3579 -10.7968 1.4567, 5.2171 -10.9803 1.4567, 5.1286 -11.1939 1.4567, 5.0984 -11.4232 1.4567, 5.1286 -11.6525 1.4567, 5.2171 -11.8661 1.4567, 5.3579 -12.0496 1.4567, 5.5413 -12.1904 1.4567, 5.755 -12.2789 1.4567, 5.9843 -12.309 1.4567, 6.2135 -12.2789 1.4567, 6.4272 -12.1904 1.4567, 6.6106 -12.0496 1.4567, 6.7514 -11.8661 1.4567, 6.8399 -11.6525 1.4567, -6.7514 -10.9803 1.4173, -6.7815 -11.053 1.4567, -6.8399 -11.1939 1.4173, -6.8399 -11.1939 1.4567, -6.8701 -11.4232 1.4173, -6.8701 -11.4232 1.4567, -6.8399 -11.6525 1.4173, -6.8399 -11.6525 1.4567, -6.7514 -11.8661 1.4173, -6.7815 -11.7935 1.4567, -6.7514 -11.8661 1.4567, -6.6106 -12.0496 1.4173, -6.6106 -12.0496 1.4567, -6.4272 -12.1904 1.4173, -6.4272 -12.1904 1.4567, -6.2135 -12.2789 1.4173, -6.2135 -12.2789 1.4567, -5.9843 -12.309 1.4173, -5.9843 -12.309 1.4567, -5.755 -12.2789 1.4173, -5.755 -12.2789 1.4567, -5.5413 -12.1904 1.4173, -5.5413 -12.1904 1.4567, -5.3579 -12.0496 1.4173, -5.3579 -12.0496 1.4567, -5.2171 -11.8661 1.4173, -5.2171 -11.8661 1.4567, -5.1286 -11.6525 1.4173, -5.1286 -11.6525 1.4567, -5.0984 -11.4232 1.4173, -5.0984 -11.4232 1.4567, -5.1286 -11.1939 1.4173, -5.1286 -11.1939 1.4567, -5.2171 -10.9803 1.4173, -5.2171 -10.9803 1.4567, -5.3579 -10.7968 1.4173, -5.3579 -10.7968 1.4567, -5.5413 -10.6561 1.4173, -5.5413 -10.6561 1.4567, -5.755 -10.5676 1.4173, -5.755 -10.5676 1.4567, -5.9843 -10.5374 1.4173, -5.9843 -10.5374 1.4567, -6.2135 -10.5676 1.4173, -6.2135 -10.5676 1.4567, -6.4272 -10.6561 1.4173, -6.4272 -10.6561 1.4567, -6.6106 -10.7968 1.4173, -6.6106 -10.7968 1.4567, -6.7514 -10.9803 1.4567, -5.4138 -11.2704 1.4173, -5.4728 -11.1279 1.4173, -5.5667 -11.0056 1.4173, -5.689 -10.9118 1.4173, -5.8314 -10.8528 1.4173, -5.9843 -10.8327 1.4173, -6.1371 -10.8528 1.4173, -6.2795 -10.9118 1.4173, -6.4018 -11.0056 1.4173, -6.4957 -11.1279 1.4173, -6.5547 -11.2704 1.4173, -6.5748 -11.4232 1.4173, -6.5547 -11.5761 1.4173, -6.4957 -11.7185 1.4173, -6.4018 -11.8408 1.4173, -6.2795 -11.9346 1.4173, -6.1371 -11.9936 1.4173, -5.9843 -12.0138 1.4173, -5.8314 -11.9936 1.4173, -5.689 -11.9346 1.4173, -5.5667 -11.8408 1.4173, -5.4728 -11.7185 1.4173, -5.4138 -11.5761 1.4173, -5.3937 -11.4232 1.4173
            ]
        }
        coordIndex [
            0,1,2,-1,2,1,3,-1,2,3,4,-1,4,3,5,-1,4,5,6,-1,6,5,7,-1,6,7,8,-1,8,7,9,-1,8,9,10,-1,10,9,11,-1,10,11,12,-1,12,11,13,-1,12,13,14,-1,14,13,15,-1,14,15,16,-1,16,15,17,-1,16,17,18,-1,18,17,19,-1,18,19,20,-1,20,19,21,-1,20,21,22,-1,22,21,23,-1,22,23,24,-1,24,23,25,-1,24,25,26,-1,26,25,27,-1,26,27,28,-1,28,27,29,-1,28,29,30,-1,30,29,31,-1,30,31,32,-1,32,31,33,-1,32,33,34,-1,34,33,35,-1,34,35,36,-1,36,35,37,-1,36,37,38,-1,38,37,39,-1,38,39,40,-1,40,39,41,-1,40,41,42,-1,42,41,43,-1,42,43,44,-1,44,43,45,-1,44,45,46,-1,46,45,47,-1,46,47,0,-1,0,47,1,-1,39,48,41,-1,41,48,49,-1,41,49,43,-1,43,49,50,-1,43,50,45,-1,45,50,51,-1,45,51,47,-1,47,51,52,-1,47,52,1,-1,1,52,53,-1,1,53,3,-1,3,53,54,-1,3,54,5,-1,54,55,5,-1,5,55,56,-1,5,56,7,-1,56,57,7,-1,7,57,58,-1,7,58,9,-1,9,58,59,-1,9,59,11,-1,11,59,60,-1,11,60,13,-1,13,60,61,-1,13,61,15,-1,15,61,62,-1,62,63,15,-1,15,63,64,-1,15,64,17,-1,17,64,65,-1,17,65,19,-1,19,65,66,-1,19,66,21,-1,21,66,67,-1,21,67,23,-1,23,67,68,-1,23,68,25,-1,25,68,69,-1,25,69,27,-1,27,69,70,-1,27,70,29,-1,29,70,71,-1,29,71,31,-1,71,72,31,-1,31,72,73,-1,31,73,33,-1,33,73,74,-1,33,74,35,-1,35,74,75,-1,35,75,37,-1,37,75,76,-1,37,76,39,-1,39,76,77,-1,39,77,48,-1,78,79,80,-1,80,79,81,-1,80,81,82,-1,82,81,83,-1,82,83,84,-1,84,83,85,-1,84,85,86,-1,86,85,87,-1,86,87,88,-1,88,87,89,-1,88,89,90,-1,90,89,91,-1,90,91,92,-1,91,93,92,-1,92,93,94,-1,92,94,95,-1,95,94,96,-1,95,96,97,-1,97,96,98,-1,97,98,99,-1,99,98,100,-1,99,100,101,-1,100,102,101,-1,101,102,103,-1,101,103,104,-1,104,103,105,-1,104,105,106,-1,106,105,107,-1,106,107,108,-1,108,107,109,-1,108,109,110,-1,110,109,111,-1,110,111,112,-1,112,111,113,-1,112,113,114,-1,114,113,115,-1,114,115,116,-1,116,115,117,-1,116,117,118,-1,118,117,119,-1,118,119,120,-1,119,121,120,-1,120,121,122,-1,120,122,123,-1,123,122,124,-1,123,124,125,-1,125,124,126,-1,125,126,127,-1,127,126,128,-1,127,128,78,-1,78,128,129,-1,78,129,79,-1,130,101,131,-1,131,101,104,-1,131,104,132,-1,132,104,106,-1,132,106,133,-1,133,106,108,-1,133,108,134,-1,134,108,110,-1,134,110,135,-1,135,110,112,-1,135,112,136,-1,136,112,114,-1,136,114,137,-1,137,114,116,-1,137,116,138,-1,138,116,118,-1,138,118,139,-1,139,118,120,-1,139,120,140,-1,140,120,123,-1,140,123,141,-1,141,123,125,-1,141,125,142,-1,142,125,127,-1,142,127,143,-1,143,127,78,-1,143,78,144,-1,144,78,80,-1,144,80,145,-1,145,80,82,-1,145,82,146,-1,146,82,84,-1,146,84,147,-1,147,84,86,-1,147,86,148,-1,148,86,88,-1,148,88,149,-1,149,88,90,-1,149,90,150,-1,150,90,92,-1,150,92,151,-1,151,92,95,-1,151,95,152,-1,152,95,97,-1,152,97,153,-1,153,97,99,-1,153,99,130,-1,130,99,101,-1,154,155,156,-1,156,155,157,-1,156,157,158,-1,158,157,159,-1,158,159,160,-1,160,159,161,-1,160,161,162,-1,162,161,163,-1,162,163,164,-1,164,163,165,-1,164,165,166,-1,166,165,167,-1,166,167,168,-1,168,167,169,-1,168,169,170,-1,170,169,171,-1,170,171,172,-1,172,171,173,-1,172,173,174,-1,174,173,175,-1,174,175,176,-1,176,175,177,-1,176,177,178,-1,178,177,179,-1,178,179,180,-1,180,179,181,-1,180,181,182,-1,182,181,183,-1,182,183,184,-1,184,183,185,-1,184,185,186,-1,186,185,187,-1,186,187,188,-1,188,187,189,-1,188,189,190,-1,190,189,191,-1,190,191,192,-1,192,191,193,-1,192,193,194,-1,194,193,195,-1,194,195,196,-1,196,195,197,-1,196,197,198,-1,198,197,199,-1,198,199,200,-1,200,199,201,-1,200,201,154,-1,154,201,155,-1,177,202,179,-1,179,202,203,-1,179,203,181,-1,181,203,204,-1,181,204,183,-1,183,204,205,-1,183,205,185,-1,185,205,206,-1,185,206,187,-1,187,206,207,-1,187,207,189,-1,189,207,208,-1,189,208,191,-1,191,208,209,-1,191,209,193,-1,193,209,210,-1,193,210,195,-1,195,210,211,-1,195,211,197,-1,197,211,212,-1,197,212,199,-1,199,212,213,-1,199,213,201,-1,201,213,214,-1,201,214,155,-1,155,214,215,-1,155,215,157,-1,157,215,216,-1,157,216,159,-1,159,216,217,-1,159,217,161,-1,161,217,218,-1,161,218,163,-1,163,218,219,-1,163,219,165,-1,165,219,220,-1,165,220,167,-1,167,220,221,-1,167,221,169,-1,169,221,222,-1,169,222,171,-1,171,222,223,-1,171,223,173,-1,173,223,224,-1,173,224,175,-1,175,224,225,-1,175,225,177,-1,177,225,202,-1,226,227,228,-1,228,227,229,-1,228,229,230,-1,230,229,231,-1,230,231,232,-1,232,231,233,-1,232,233,234,-1,233,235,234,-1,234,235,236,-1,234,236,237,-1,237,236,238,-1,237,238,239,-1,239,238,240,-1,239,240,241,-1,241,240,242,-1,241,242,243,-1,243,242,244,-1,243,244,245,-1,245,244,246,-1,245,246,247,-1,247,246,248,-1,247,248,249,-1,249,248,250,-1,249,250,251,-1,251,250,252,-1,251,252,253,-1,253,252,254,-1,253,254,255,-1,255,254,256,-1,255,256,257,-1,257,256,258,-1,257,258,259,-1,259,258,260,-1,259,260,261,-1,261,260,262,-1,261,262,263,-1,263,262,264,-1,263,264,265,-1,265,264,266,-1,265,266,267,-1,267,266,268,-1,267,268,269,-1,269,268,270,-1,269,270,271,-1,271,270,272,-1,271,272,273,-1,273,272,274,-1,273,274,226,-1,226,274,275,-1,226,275,227,-1,276,257,277,-1,277,257,259,-1,277,259,278,-1,278,259,261,-1,278,261,279,-1,279,261,263,-1,279,263,280,-1,280,263,265,-1,280,265,281,-1,281,265,267,-1,281,267,282,-1,282,267,269,-1,282,269,283,-1,283,269,271,-1,283,271,284,-1,284,271,273,-1,284,273,285,-1,285,273,226,-1,285,226,286,-1,286,226,228,-1,286,228,287,-1,287,228,230,-1,287,230,288,-1,288,230,232,-1,288,232,289,-1,289,232,234,-1,289,234,290,-1,290,234,237,-1,290,237,291,-1,291,237,239,-1,291,239,292,-1,292,239,241,-1,292,241,293,-1,293,241,243,-1,293,243,294,-1,294,243,245,-1,294,245,295,-1,295,245,247,-1,295,247,296,-1,296,247,249,-1,296,249,297,-1,297,249,251,-1,297,251,298,-1,298,251,253,-1,298,253,299,-1,299,253,255,-1,299,255,276,-1,276,255,257,-1,
        ]
    }
}
Shape{
    appearance Appearance {
        material  Material 	{
            diffuseColor 1.0 1.0 1.0
            specularColor 0.5019607843137255 0.5019607843137255 0.5019607843137255
            ambientIntensity 1.0
            transparency 0.0
            shininess 0.5
        }
    }
    geometry IndexedFaceSet {
        ccw TRUE
        solid FALSE
        coord DEF co Coordinate {
            point [
                2.5591 -10.2885 0.9315, -2.5591 -10.2885 0.9315, -3.1354 -10.2885 0.5906, -2.5591 -10.2885 0.9709, 3.4303 -10.2885 0.5906, 3.4303 -10.2885 0.9843, 2.7152 -10.2885 0.9843, 2.5591 -10.2885 0.9709, -2.5677 -10.2885 0.9843, -3.1354 -10.2885 0.9843, -3.1354 -9.2272 0.5906, -3.1354 -9.2272 0.9843, -2.5677 -9.2272 0.9843, 3.4303 -9.2272 0.5906, 2.7152 -9.2272 0.9843, 3.4303 -9.2272 0.9843
            ]
        }
        coordIndex [
            0,1,2,-1,2,1,3,-1,4,5,6,-1,2,4,0,-1,0,4,6,-1,0,6,7,-1,7,6,8,-1,7,8,3,-1,3,8,9,-1,3,9,2,-1,10,2,11,-1,11,2,9,-1,10,11,12,-1,10,12,13,-1,13,12,14,-1,13,14,15,-1,4,13,5,-1,5,13,15,-1,13,4,10,-1,10,4,2,-1,
        ]
    }
}
Shape{
    appearance Appearance {
        material  Material 	{
            diffuseColor 1.0 1.0 0.0
            specularColor 0.5019607843137255 0.5019607843137255 0.0
            ambientIntensity 0.886
            transparency 0.0
            shininess 0.5
        }
    }
    geometry IndexedFaceSet {
        ccw TRUE
        solid FALSE
        coord DEF co Coordinate {
            point [
                -1.6575 -0.0059 1.4567, -1.6521 0.0349 1.6142, -1.6521 0.0349 1.4567, -1.6364 0.0728 1.6142, -1.6364 0.0728 1.4567, -1.6114 0.1055 1.6142, -1.6114 0.1055 1.4567, -1.5787 0.1305 1.6142, -1.5787 0.1305 1.4567, -1.5408 0.1462 1.6142, -1.5408 0.1462 1.4567, -1.5 0.1516 1.6142, -1.5 0.1516 1.4567, -1.4592 0.1462 1.6142, -1.4592 0.1462 1.4567, -1.4213 0.1305 1.6142, -1.4213 0.1305 1.4567, -1.3886 0.1055 1.6142, -1.3886 0.1055 1.4567, -1.3636 0.0728 1.6142, -1.3636 0.0728 1.4567, -1.3479 0.0349 1.6142, -1.3479 0.0349 1.4567, -1.3425 -0.0059 1.6142, -1.3425 -0.0059 1.4567, -1.3479 -0.0467 1.6142, -1.3479 -0.0467 1.4567, -1.3636 -0.0846 1.6142, -1.3636 -0.0846 1.4567, -1.3886 -0.1172 1.6142, -1.3886 -0.1172 1.4567, -1.4213 -0.1423 1.6142, -1.4213 -0.1423 1.4567, -1.4592 -0.158 1.6142, -1.4592 -0.158 1.4567, -1.5 -0.1634 1.6142, -1.5 -0.1634 1.4567, -1.5408 -0.158 1.6142, -1.5408 -0.158 1.4567, -1.5787 -0.1423 1.6142, -1.5787 -0.1423 1.4567, -1.6114 -0.1172 1.6142, -1.6114 -0.1172 1.4567, -1.6364 -0.0846 1.6142, -1.6364 -0.0846 1.4567, -1.6521 -0.0467 1.6142, -1.6521 -0.0467 1.4567, -1.6575 -0.0059 1.6142, -1.5353 0.0145 1.7663, -1.5394 0.0047 1.7663, -1.5 -0.0059 1.7717, -1.5288 0.0229 1.7663, -1.5204 0.0294 1.7663, -1.5105 0.0335 1.7663, -1.5 0.0349 1.7663, -1.4895 0.0335 1.7663, -1.4796 0.0294 1.7663, -1.4712 0.0229 1.7663, -1.4647 0.0145 1.7663, -1.4606 0.0047 1.7663, -1.4592 -0.0059 1.7663, -1.4606 -0.0164 1.7663, -1.4647 -0.0263 1.7663, -1.4712 -0.0347 1.7663, -1.4796 -0.0412 1.7663, -1.4895 -0.0453 1.7663, -1.5 -0.0467 1.7663, -1.5105 -0.0453 1.7663, -1.5204 -0.0412 1.7663, -1.5288 -0.0347 1.7663, -1.5353 -0.0263 1.7663, -1.5394 -0.0164 1.7663, -1.5408 -0.0059 1.7663, -1.6469 0.0335 1.6549, -1.6317 0.0702 1.6549, -1.6076 0.1017 1.6549, -1.5761 0.1258 1.6549, -1.5394 0.141 1.6549, -1.5 0.1462 1.6549, -1.4606 0.141 1.6549, -1.4239 0.1258 1.6549, -1.3924 0.1017 1.6549, -1.3683 0.0702 1.6549, -1.3531 0.0335 1.6549, -1.3479 -0.0059 1.6549, -1.3531 -0.0453 1.6549, -1.3683 -0.082 1.6549, -1.3924 -0.1135 1.6549, -1.4239 -0.1376 1.6549, -1.4606 -0.1528 1.6549, -1.5 -0.158 1.6549, -1.5394 -0.1528 1.6549, -1.5761 -0.1376 1.6549, -1.6076 -0.1135 1.6549, -1.6317 -0.082 1.6549, -1.6469 -0.0453 1.6549, -1.6521 -0.0059 1.6549, -1.6317 0.0294 1.6929, -1.6181 0.0623 1.6929, -1.5964 0.0905 1.6929, -1.5682 0.1122 1.6929, -1.5353 0.1258 1.6929, -1.5 0.1305 1.6929, -1.4647 0.1258 1.6929, -1.4318 0.1122 1.6929, -1.4036 0.0905 1.6929, -1.3819 0.0623 1.6929, -1.3683 0.0294 1.6929, -1.3636 -0.0059 1.6929, -1.3683 -0.0412 1.6929, -1.3819 -0.0741 1.6929, -1.4036 -0.1023 1.6929, -1.4318 -0.124 1.6929, -1.4647 -0.1376 1.6929, -1.5 -0.1423 1.6929, -1.5353 -0.1376 1.6929, -1.5682 -0.124 1.6929, -1.5964 -0.1023 1.6929, -1.6181 -0.0741 1.6929, -1.6317 -0.0412 1.6929, -1.6364 -0.0059 1.6929, -1.6076 0.0229 1.7255, -1.5964 0.0498 1.7255, -1.5787 0.0728 1.7255, -1.5557 0.0905 1.7255, -1.5288 0.1017 1.7255, -1.5 0.1055 1.7255, -1.4712 0.1017 1.7255, -1.4443 0.0905 1.7255, -1.4213 0.0728 1.7255, -1.4036 0.0498 1.7255, -1.3924 0.0229 1.7255, -1.3886 -0.0059 1.7255, -1.3924 -0.0347 1.7255, -1.4036 -0.0616 1.7255, -1.4213 -0.0846 1.7255, -1.4443 -0.1023 1.7255, -1.4712 -0.1135 1.7255, -1.5 -0.1172 1.7255, -1.5288 -0.1135 1.7255, -1.5557 -0.1023 1.7255, -1.5787 -0.0846 1.7255, -1.5964 -0.0616 1.7255, -1.6076 -0.0347 1.7255, -1.6114 -0.0059 1.7255, -1.5761 0.0145 1.7506, -1.5682 0.0335 1.7506, -1.5557 0.0498 1.7506, -1.5394 0.0623 1.7506, -1.5204 0.0702 1.7506, -1.5 0.0728 1.7506, -1.4796 0.0702 1.7506, -1.4606 0.0623 1.7506, -1.4443 0.0498 1.7506, -1.4318 0.0335 1.7506, -1.4239 0.0145 1.7506, -1.4213 -0.0059 1.7506, -1.4239 -0.0263 1.7506, -1.4318 -0.0453 1.7506, -1.4443 -0.0616 1.7506, -1.4606 -0.0741 1.7506, -1.4796 -0.082 1.7506, -1.5 -0.0846 1.7506, -1.5204 -0.082 1.7506, -1.5394 -0.0741 1.7506, -1.5557 -0.0616 1.7506, -1.5682 -0.0453 1.7506, -1.5761 -0.0263 1.7506, -1.5787 -0.0059 1.7506
            ]
        }
        coordIndex [
            0,1,2,-1,2,1,3,-1,2,3,4,-1,4,3,5,-1,4,5,6,-1,6,5,7,-1,6,7,8,-1,8,7,9,-1,8,9,10,-1,10,9,11,-1,10,11,12,-1,12,11,13,-1,12,13,14,-1,14,13,15,-1,14,15,16,-1,16,15,17,-1,16,17,18,-1,18,17,19,-1,18,19,20,-1,20,19,21,-1,20,21,22,-1,22,21,23,-1,22,23,24,-1,24,23,25,-1,24,25,26,-1,26,25,27,-1,26,27,28,-1,28,27,29,-1,28,29,30,-1,30,29,31,-1,30,31,32,-1,32,31,33,-1,32,33,34,-1,34,33,35,-1,34,35,36,-1,36,35,37,-1,36,37,38,-1,38,37,39,-1,38,39,40,-1,40,39,41,-1,40,41,42,-1,42,41,43,-1,42,43,44,-1,44,43,45,-1,44,45,46,-1,46,45,47,-1,46,47,0,-1,0,47,1,-1,48,49,50,-1,48,50,51,-1,52,51,50,-1,53,52,50,-1,54,53,50,-1,55,54,50,-1,56,55,50,-1,57,56,50,-1,58,57,50,-1,59,58,50,-1,60,59,50,-1,61,60,50,-1,62,61,50,-1,63,62,50,-1,64,63,50,-1,65,64,50,-1,66,65,50,-1,67,66,50,-1,68,67,50,-1,69,68,50,-1,70,69,50,-1,71,70,50,-1,72,71,50,-1,49,72,50,-1,47,73,1,-1,1,73,74,-1,1,74,3,-1,3,74,75,-1,3,75,5,-1,5,75,76,-1,5,76,7,-1,7,76,77,-1,7,77,9,-1,9,77,78,-1,9,78,11,-1,11,78,79,-1,11,79,13,-1,13,79,80,-1,13,80,15,-1,15,80,81,-1,15,81,17,-1,17,81,82,-1,17,82,19,-1,19,82,83,-1,19,83,21,-1,21,83,84,-1,21,84,23,-1,23,84,85,-1,23,85,25,-1,25,85,86,-1,25,86,27,-1,27,86,87,-1,27,87,29,-1,29,87,88,-1,29,88,31,-1,31,88,89,-1,31,89,33,-1,33,89,90,-1,33,90,35,-1,35,90,91,-1,35,91,37,-1,37,91,92,-1,37,92,39,-1,39,92,93,-1,39,93,41,-1,41,93,94,-1,41,94,43,-1,43,94,95,-1,43,95,45,-1,45,95,96,-1,45,96,47,-1,47,96,73,-1,96,97,73,-1,73,97,98,-1,73,98,74,-1,74,98,99,-1,74,99,75,-1,75,99,100,-1,75,100,76,-1,76,100,101,-1,76,101,77,-1,77,101,102,-1,77,102,78,-1,78,102,103,-1,78,103,79,-1,79,103,104,-1,79,104,80,-1,80,104,105,-1,80,105,81,-1,81,105,106,-1,81,106,82,-1,82,106,107,-1,82,107,83,-1,83,107,108,-1,83,108,84,-1,84,108,109,-1,84,109,85,-1,85,109,110,-1,85,110,86,-1,86,110,111,-1,86,111,87,-1,87,111,112,-1,87,112,88,-1,88,112,113,-1,88,113,89,-1,89,113,114,-1,89,114,90,-1,90,114,115,-1,90,115,91,-1,91,115,116,-1,91,116,92,-1,92,116,117,-1,92,117,93,-1,93,117,118,-1,93,118,94,-1,94,118,119,-1,94,119,95,-1,95,119,120,-1,95,120,96,-1,96,120,97,-1,120,121,97,-1,97,121,122,-1,97,122,98,-1,98,122,123,-1,98,123,99,-1,99,123,124,-1,99,124,100,-1,100,124,125,-1,100,125,101,-1,101,125,126,-1,101,126,102,-1,102,126,127,-1,102,127,103,-1,103,127,128,-1,103,128,104,-1,104,128,129,-1,104,129,105,-1,105,129,130,-1,105,130,106,-1,106,130,131,-1,106,131,107,-1,107,131,132,-1,107,132,108,-1,108,132,133,-1,108,133,109,-1,109,133,134,-1,109,134,110,-1,110,134,135,-1,110,135,111,-1,111,135,136,-1,111,136,112,-1,112,136,137,-1,112,137,113,-1,113,137,138,-1,113,138,114,-1,114,138,139,-1,114,139,115,-1,115,139,140,-1,115,140,116,-1,116,140,141,-1,116,141,117,-1,117,141,142,-1,117,142,118,-1,118,142,143,-1,118,143,119,-1,119,143,144,-1,119,144,120,-1,120,144,121,-1,144,145,121,-1,121,145,146,-1,121,146,122,-1,122,146,147,-1,122,147,123,-1,123,147,148,-1,123,148,124,-1,124,148,149,-1,124,149,125,-1,125,149,150,-1,125,150,126,-1,126,150,151,-1,126,151,127,-1,127,151,152,-1,127,152,128,-1,128,152,153,-1,128,153,129,-1,129,153,154,-1,129,154,130,-1,130,154,155,-1,130,155,131,-1,131,155,156,-1,131,156,132,-1,132,156,157,-1,132,157,133,-1,133,157,158,-1,133,158,134,-1,134,158,159,-1,134,159,135,-1,135,159,160,-1,135,160,136,-1,136,160,161,-1,136,161,137,-1,137,161,162,-1,137,162,138,-1,138,162,163,-1,138,163,139,-1,139,163,164,-1,139,164,140,-1,140,164,165,-1,140,165,141,-1,141,165,166,-1,141,166,142,-1,142,166,167,-1,142,167,143,-1,143,167,168,-1,143,168,144,-1,144,168,145,-1,168,49,145,-1,145,49,48,-1,145,48,146,-1,146,48,51,-1,146,51,147,-1,147,51,52,-1,147,52,148,-1,148,52,53,-1,148,53,149,-1,149,53,54,-1,149,54,150,-1,150,54,55,-1,150,55,151,-1,151,55,56,-1,151,56,152,-1,152,56,57,-1,152,57,153,-1,153,57,58,-1,153,58,154,-1,154,58,59,-1,154,59,155,-1,155,59,60,-1,155,60,156,-1,156,60,61,-1,156,61,157,-1,157,61,62,-1,157,62,158,-1,158,62,63,-1,158,63,159,-1,159,63,64,-1,159,64,160,-1,160,64,65,-1,160,65,161,-1,161,65,66,-1,161,66,162,-1,162,66,67,-1,162,67,163,-1,163,67,68,-1,163,68,164,-1,164,68,69,-1,164,69,165,-1,165,69,70,-1,165,70,166,-1,166,70,71,-1,166,71,167,-1,167,71,72,-1,167,72,168,-1,168,72,49,-1,
        ]
    }
}
Shape{
    appearance Appearance {
        material  Material 	{
            diffuseColor 0.25098039215686274 0.25098039215686274 0.25098039215686274
            specularColor 0.12549019607843137 0.12549019607843137 0.12549019607843137
            ambientIntensity 0.251
            transparency 0.0
            shininess 0.5
        }
    }
    geometry IndexedFaceSet {
        ccw TRUE
        solid FALSE
        coord DEF co Coordinate {
            point [
                -2.0 0.2973 0.0, -2.0 -0.309 0.0, -2.0 0.2973 0.9843, -2.0 -0.309 0.9843, -1.8031 0.4941 0.9843, -1.1969 0.4941 0.9843, -1.8031 0.4941 0.0, -1.1969 0.4941 0.0, -1.1969 -0.5059 0.9843, -1.8031 -0.5059 0.9843, -1.1969 -0.5059 0.0, -1.8031 -0.5059 0.0, -1.4592 -0.158 0.0, -1.4213 -0.1423 0.0, 1.0 -0.309 0.0, 1.3425 -0.0059 0.0, 1.3479 -0.0467 0.0, 0.0 -0.309 0.0, 0.3425 -0.0059 0.0, 0.3479 -0.0467 0.0, 1.0 0.2973 0.0, 1.5408 0.1462 0.0, 1.5 0.1516 0.0, 1.5 -0.1634 0.0, 1.8031 -0.5059 0.0, 1.4592 -0.158 0.0, 1.1969 -0.5059 0.0, 0.3636 -0.0846 0.0, 0.3886 -0.1172 0.0, 0.1969 -0.5059 0.0, -1.4213 0.1305 0.0, -1.3886 0.1055 0.0, -1.0 0.2973 0.0, -1.3636 0.0728 0.0, -1.3479 0.0349 0.0, 1.3636 -0.0846 0.0, 1.3886 -0.1172 0.0, 1.4213 -0.1423 0.0, 1.6521 0.0349 0.0, 1.6364 0.0728 0.0, 2.0 0.2973 0.0, 1.6114 0.1055 0.0, 1.8031 0.4941 0.0, 1.1969 0.4941 0.0, 1.5787 0.1305 0.0, 0.4213 -0.1423 0.0, 0.4592 -0.158 0.0, 0.8031 -0.5059 0.0, 0.5 -0.1634 0.0, 0.5408 -0.158 0.0, -0.6575 -0.0059 0.0, -0.6521 -0.0467 0.0, -1.3425 -0.0059 0.0, -1.0 -0.309 0.0, -1.3479 -0.0467 0.0, -1.3636 -0.0846 0.0, -0.6364 -0.0846 0.0, -0.6114 -0.1172 0.0, -0.8031 -0.5059 0.0, -1.6114 -0.1172 0.0, -1.6364 -0.0846 0.0, -1.3886 -0.1172 0.0, -1.6364 0.0728 0.0, -1.6114 0.1055 0.0, -1.5787 0.1305 0.0, -0.4213 0.1305 0.0, -0.1969 0.4941 0.0, -0.3886 0.1055 0.0, 0.0 0.2973 0.0, -0.6521 0.0349 0.0, -0.6364 0.0728 0.0, -0.5787 -0.1423 0.0, -0.5408 -0.158 0.0, -0.1969 -0.5059 0.0, -0.5 -0.1634 0.0, -0.4592 -0.158 0.0, -1.6521 0.0349 0.0, -1.6575 -0.0059 0.0, -1.6521 -0.0467 0.0, -1.4592 0.1462 0.0, -1.5 0.1516 0.0, -1.5408 0.1462 0.0, -0.3886 -0.1172 0.0, -0.3636 -0.0846 0.0, -0.3479 -0.0467 0.0, -0.3425 -0.0059 0.0, -0.3479 0.0349 0.0, -0.3636 0.0728 0.0, -0.6114 0.1055 0.0, -0.8031 0.4941 0.0, -0.5787 0.1305 0.0, 0.5787 0.1305 0.0, 0.8031 0.4941 0.0, 0.6114 0.1055 0.0, 1.5408 -0.158 0.0, 1.5787 -0.1423 0.0, 2.0 -0.309 0.0, 1.6114 -0.1172 0.0, 1.6364 -0.0846 0.0, 1.6521 -0.0467 0.0, 1.6575 -0.0059 0.0, -1.5787 -0.1423 0.0, -1.5408 -0.158 0.0, -1.5 -0.1634 0.0, -0.4592 0.1462 0.0, -0.5 0.1516 0.0, -0.5408 0.1462 0.0, 0.6114 -0.1172 0.0, 0.6364 -0.0846 0.0, 0.6521 -0.0467 0.0, 0.6575 -0.0059 0.0, 0.6521 0.0349 0.0, 0.6364 0.0728 0.0, 1.4592 0.1462 0.0, 1.4213 0.1305 0.0, 1.3886 0.1055 0.0, 0.4592 0.1462 0.0, 0.1969 0.4941 0.0, 0.5 0.1516 0.0, 0.5408 0.1462 0.0, 0.4213 0.1305 0.0, 0.3886 0.1055 0.0, 0.3636 0.0728 0.0, 0.3479 0.0349 0.0, -0.4213 -0.1423 0.0, 1.3636 0.0728 0.0, 1.3479 0.0349 0.0, 0.5787 -0.1423 0.0
            ]
        }
        coordIndex [
            0,1,2,-1,2,1,3,-1,4,5,6,-1,6,5,7,-1,8,9,10,-1,10,9,11,-1,12,13,10,-1,14,15,16,-1,17,18,19,-1,20,21,22,-1,23,24,25,-1,25,24,26,-1,19,27,17,-1,17,27,28,-1,17,28,29,-1,30,7,31,-1,31,7,32,-1,31,32,33,-1,33,32,34,-1,16,35,14,-1,14,35,36,-1,14,36,26,-1,26,36,37,-1,26,37,25,-1,38,39,40,-1,40,39,41,-1,40,41,42,-1,20,43,21,-1,21,43,42,-1,21,42,44,-1,44,42,41,-1,28,45,29,-1,29,45,46,-1,29,46,47,-1,47,46,48,-1,47,48,14,-1,14,48,49,-1,14,49,15,-1,50,51,52,-1,52,51,53,-1,52,53,54,-1,54,53,55,-1,51,56,53,-1,53,56,57,-1,53,57,58,-1,59,11,60,-1,60,11,1,-1,10,13,53,-1,53,13,61,-1,53,61,55,-1,62,0,63,-1,63,0,6,-1,63,6,64,-1,65,66,67,-1,67,66,68,-1,52,34,50,-1,50,34,32,-1,50,32,69,-1,69,32,70,-1,57,71,58,-1,58,71,72,-1,58,72,73,-1,73,72,74,-1,73,74,17,-1,17,74,75,-1,17,75,18,-1,62,76,0,-1,0,76,77,-1,0,77,1,-1,1,77,78,-1,1,78,60,-1,30,79,7,-1,7,79,80,-1,7,80,6,-1,6,80,81,-1,6,81,64,-1,82,83,68,-1,68,83,84,-1,68,84,85,-1,85,86,68,-1,68,86,87,-1,68,87,67,-1,70,32,88,-1,88,32,89,-1,88,89,90,-1,91,92,93,-1,93,92,20,-1,23,94,24,-1,24,94,95,-1,24,95,96,-1,96,95,97,-1,97,98,96,-1,96,98,99,-1,96,99,40,-1,40,99,100,-1,40,100,38,-1,59,101,11,-1,11,101,102,-1,11,102,10,-1,10,102,103,-1,10,103,12,-1,65,104,66,-1,66,104,105,-1,66,105,89,-1,89,105,106,-1,89,106,90,-1,107,108,20,-1,20,108,109,-1,20,109,110,-1,110,111,20,-1,20,111,112,-1,20,112,93,-1,22,113,20,-1,20,113,114,-1,20,114,115,-1,116,117,118,-1,118,117,92,-1,118,92,119,-1,119,92,91,-1,116,120,117,-1,117,120,121,-1,117,121,68,-1,121,122,68,-1,68,122,123,-1,68,123,82,-1,82,123,18,-1,82,18,124,-1,124,18,75,-1,115,125,20,-1,20,125,126,-1,20,126,107,-1,107,126,15,-1,107,15,127,-1,127,15,49,-1,
        ]
    }
}
Shape{
    appearance Appearance {
        material  Material 	{
            diffuseColor 1.0 1.0 0.0
            specularColor 0.5019607843137255 0.5019607843137255 0.0
            ambientIntensity 0.886
            transparency 0.0
            shininess 0.5
        }
    }
    geometry IndexedFaceSet {
        ccw TRUE
        solid FALSE
        coord DEF co Coordinate {
            point [
                -1.5 -0.0059 -1.9685, -1.5394 0.0047 -1.9631, -1.5353 0.0145 -1.9631, -1.5408 -0.0059 -1.9631, -1.5204 0.0294 -1.9631, -1.5105 0.0335 -1.9631, -1.5288 0.0229 -1.9631, -1.4895 0.0335 -1.9631, -1.4796 0.0294 -1.9631, -1.5 0.0349 -1.9631, -1.4647 0.0145 -1.9631, -1.4606 0.0047 -1.9631, -1.4712 0.0229 -1.9631, -1.4606 -0.0164 -1.9631, -1.4647 -0.0263 -1.9631, -1.4592 -0.0059 -1.9631, -1.4796 -0.0412 -1.9631, -1.4895 -0.0453 -1.9631, -1.4712 -0.0347 -1.9631, -1.5105 -0.0453 -1.9631, -1.5204 -0.0412 -1.9631, -1.5 -0.0467 -1.9631, -1.5353 -0.0263 -1.9631, -1.5394 -0.0164 -1.9631, -1.5288 -0.0347 -1.9631, -1.5761 0.0145 -1.9474, -1.5682 0.0335 -1.9474, -1.5557 0.0498 -1.9474, -1.5394 0.0623 -1.9474, -1.5204 0.0702 -1.9474, -1.5 0.0728 -1.9474, -1.4796 0.0702 -1.9474, -1.4606 0.0623 -1.9474, -1.4443 0.0498 -1.9474, -1.4318 0.0335 -1.9474, -1.4239 0.0145 -1.9474, -1.4213 -0.0059 -1.9474, -1.4239 -0.0263 -1.9474, -1.4318 -0.0453 -1.9474, -1.4443 -0.0616 -1.9474, -1.4606 -0.0741 -1.9474, -1.4796 -0.082 -1.9474, -1.5 -0.0846 -1.9474, -1.5204 -0.082 -1.9474, -1.5394 -0.0741 -1.9474, -1.5557 -0.0616 -1.9474, -1.5682 -0.0453 -1.9474, -1.5761 -0.0263 -1.9474, -1.5787 -0.0059 -1.9474, -1.6076 0.0229 -1.9224, -1.5964 0.0498 -1.9224, -1.5787 0.0728 -1.9224, -1.5557 0.0905 -1.9224, -1.5288 0.1017 -1.9224, -1.5 0.1055 -1.9224, -1.4712 0.1017 -1.9224, -1.4443 0.0905 -1.9224, -1.4213 0.0728 -1.9224, -1.4036 0.0498 -1.9224, -1.3924 0.0229 -1.9224, -1.3886 -0.0059 -1.9224, -1.3924 -0.0347 -1.9224, -1.4036 -0.0616 -1.9224, -1.4213 -0.0846 -1.9224, -1.4443 -0.1023 -1.9224, -1.4712 -0.1135 -1.9224, -1.5 -0.1172 -1.9224, -1.5288 -0.1135 -1.9224, -1.5557 -0.1023 -1.9224, -1.5787 -0.0846 -1.9224, -1.5964 -0.0616 -1.9224, -1.6076 -0.0347 -1.9224, -1.6114 -0.0059 -1.9224, -1.6317 0.0294 -1.8898, -1.6181 0.0623 -1.8898, -1.5964 0.0905 -1.8898, -1.5682 0.1122 -1.8898, -1.5353 0.1258 -1.8898, -1.5 0.1305 -1.8898, -1.4647 0.1258 -1.8898, -1.4318 0.1122 -1.8898, -1.4036 0.0905 -1.8898, -1.3819 0.0623 -1.8898, -1.3683 0.0294 -1.8898, -1.3636 -0.0059 -1.8898, -1.3683 -0.0412 -1.8898, -1.3819 -0.0741 -1.8898, -1.4036 -0.1023 -1.8898, -1.4318 -0.124 -1.8898, -1.4647 -0.1376 -1.8898, -1.5 -0.1423 -1.8898, -1.5353 -0.1376 -1.8898, -1.5682 -0.124 -1.8898, -1.5964 -0.1023 -1.8898, -1.6181 -0.0741 -1.8898, -1.6317 -0.0412 -1.8898, -1.6364 -0.0059 -1.8898, -1.6469 0.0335 -1.8518, -1.6317 0.0702 -1.8518, -1.6076 0.1017 -1.8518, -1.5761 0.1258 -1.8518, -1.5394 0.141 -1.8518, -1.5 0.1462 -1.8518, -1.4606 0.141 -1.8518, -1.4239 0.1258 -1.8518, -1.3924 0.1017 -1.8518, -1.3683 0.0702 -1.8518, -1.3531 0.0335 -1.8518, -1.3479 -0.0059 -1.8518, -1.3531 -0.0453 -1.8518, -1.3683 -0.082 -1.8518, -1.3924 -0.1135 -1.8518, -1.4239 -0.1376 -1.8518, -1.4606 -0.1528 -1.8518, -1.5 -0.158 -1.8518, -1.5394 -0.1528 -1.8518, -1.5761 -0.1376 -1.8518, -1.6076 -0.1135 -1.8518, -1.6317 -0.082 -1.8518, -1.6469 -0.0453 -1.8518, -1.6521 -0.0059 -1.8518, -1.6521 0.0349 -1.811, -1.6364 0.0728 -1.811, -1.6114 0.1055 -1.811, -1.5787 0.1305 -1.811, -1.5408 0.1462 -1.811, -1.5 0.1516 -1.811, -1.4592 0.1462 -1.811, -1.4213 0.1305 -1.811, -1.3886 0.1055 -1.811, -1.3636 0.0728 -1.811, -1.3479 0.0349 -1.811, -1.3425 -0.0059 -1.811, -1.3479 -0.0467 -1.811, -1.3636 -0.0846 -1.811, -1.3886 -0.1172 -1.811, -1.4213 -0.1423 -1.811, -1.4592 -0.158 -1.811, -1.5 -0.1634 -1.811, -1.5408 -0.158 -1.811, -1.5787 -0.1423 -1.811, -1.6114 -0.1172 -1.811, -1.6364 -0.0846 -1.811, -1.6521 -0.0467 -1.811, -1.6575 -0.0059 -1.811, -1.6521 0.0349 0.0, -1.6364 0.0728 0.0, -1.6114 0.1055 0.0, -1.5787 0.1305 0.0, -1.5408 0.1462 0.0, -1.5 0.1516 0.0, -1.4592 0.1462 0.0, -1.4213 0.1305 0.0, -1.3886 0.1055 0.0, -1.3636 0.0728 0.0, -1.3479 0.0349 0.0, -1.3425 -0.0059 0.0, -1.3479 -0.0467 0.0, -1.3636 -0.0846 0.0, -1.3886 -0.1172 0.0, -1.4213 -0.1423 0.0, -1.4592 -0.158 0.0, -1.5 -0.1634 0.0, -1.5408 -0.158 0.0, -1.5787 -0.1423 0.0, -1.6114 -0.1172 0.0, -1.6364 -0.0846 0.0, -1.6521 -0.0467 0.0, -1.6575 -0.0059 0.0
            ]
        }
        coordIndex [
            0,1,2,-1,3,1,0,-1,0,4,5,-1,6,4,0,-1,2,6,0,-1,0,7,8,-1,9,7,0,-1,5,9,0,-1,0,10,11,-1,12,10,0,-1,8,12,0,-1,0,13,14,-1,15,13,0,-1,11,15,0,-1,0,16,17,-1,18,16,0,-1,14,18,0,-1,0,19,20,-1,21,19,0,-1,17,21,0,-1,0,22,23,-1,24,22,0,-1,20,24,0,-1,23,3,0,-1,3,25,1,-1,1,25,26,-1,1,26,2,-1,2,26,27,-1,2,27,6,-1,6,27,28,-1,6,28,4,-1,4,28,29,-1,4,29,5,-1,5,29,30,-1,5,30,9,-1,9,30,31,-1,9,31,7,-1,7,31,32,-1,7,32,8,-1,8,32,33,-1,8,33,12,-1,12,33,34,-1,12,34,10,-1,10,34,35,-1,10,35,11,-1,11,35,36,-1,11,36,15,-1,15,36,37,-1,15,37,13,-1,13,37,38,-1,13,38,14,-1,14,38,39,-1,14,39,18,-1,18,39,40,-1,18,40,16,-1,16,40,41,-1,16,41,17,-1,17,41,42,-1,17,42,21,-1,21,42,43,-1,21,43,19,-1,19,43,44,-1,19,44,20,-1,20,44,45,-1,20,45,24,-1,24,45,46,-1,24,46,22,-1,22,46,47,-1,22,47,23,-1,23,47,48,-1,23,48,3,-1,3,48,25,-1,48,49,25,-1,25,49,50,-1,25,50,26,-1,26,50,51,-1,26,51,27,-1,27,51,52,-1,27,52,28,-1,28,52,53,-1,28,53,29,-1,29,53,54,-1,29,54,30,-1,30,54,55,-1,30,55,31,-1,31,55,56,-1,31,56,32,-1,32,56,57,-1,32,57,33,-1,33,57,58,-1,33,58,34,-1,34,58,59,-1,34,59,35,-1,35,59,60,-1,35,60,36,-1,36,60,61,-1,36,61,37,-1,37,61,62,-1,37,62,38,-1,38,62,63,-1,38,63,39,-1,39,63,64,-1,39,64,40,-1,40,64,65,-1,40,65,41,-1,41,65,66,-1,41,66,42,-1,42,66,67,-1,42,67,43,-1,43,67,68,-1,43,68,44,-1,44,68,69,-1,44,69,45,-1,45,69,70,-1,45,70,46,-1,46,70,71,-1,46,71,47,-1,47,71,72,-1,47,72,48,-1,48,72,49,-1,72,73,49,-1,49,73,74,-1,49,74,50,-1,50,74,75,-1,50,75,51,-1,51,75,76,-1,51,76,52,-1,52,76,77,-1,52,77,53,-1,53,77,78,-1,53,78,54,-1,54,78,79,-1,54,79,55,-1,55,79,80,-1,55,80,56,-1,56,80,81,-1,56,81,57,-1,57,81,82,-1,57,82,58,-1,58,82,83,-1,58,83,59,-1,59,83,84,-1,59,84,60,-1,60,84,85,-1,60,85,61,-1,61,85,86,-1,61,86,62,-1,62,86,87,-1,62,87,63,-1,63,87,88,-1,63,88,64,-1,64,88,89,-1,64,89,65,-1,65,89,90,-1,65,90,66,-1,66,90,91,-1,66,91,67,-1,67,91,92,-1,67,92,68,-1,68,92,93,-1,68,93,69,-1,69,93,94,-1,69,94,70,-1,70,94,95,-1,70,95,71,-1,71,95,96,-1,71,96,72,-1,72,96,73,-1,96,97,73,-1,73,97,98,-1,73,98,74,-1,74,98,99,-1,74,99,75,-1,75,99,100,-1,75,100,76,-1,76,100,101,-1,76,101,77,-1,77,101,102,-1,77,102,78,-1,78,102,103,-1,78,103,79,-1,79,103,104,-1,79,104,80,-1,80,104,105,-1,80,105,81,-1,81,105,106,-1,81,106,82,-1,82,106,107,-1,82,107,83,-1,83,107,108,-1,83,108,84,-1,84,108,109,-1,84,109,85,-1,85,109,110,-1,85,110,86,-1,86,110,111,-1,86,111,87,-1,87,111,112,-1,87,112,88,-1,88,112,113,-1,88,113,89,-1,89,113,114,-1,89,114,90,-1,90,114,115,-1,90,115,91,-1,91,115,116,-1,91,116,92,-1,92,116,117,-1,92,117,93,-1,93,117,118,-1,93,118,94,-1,94,118,119,-1,94,119,95,-1,95,119,120,-1,95,120,96,-1,96,120,97,-1,120,121,97,-1,97,121,122,-1,97,122,98,-1,98,122,123,-1,98,123,99,-1,99,123,124,-1,99,124,100,-1,100,124,125,-1,100,125,101,-1,101,125,126,-1,101,126,102,-1,102,126,127,-1,102,127,103,-1,103,127,128,-1,103,128,104,-1,104,128,129,-1,104,129,105,-1,105,129,130,-1,105,130,106,-1,106,130,131,-1,106,131,107,-1,107,131,132,-1,107,132,108,-1,108,132,133,-1,108,133,109,-1,109,133,134,-1,109,134,110,-1,110,134,135,-1,110,135,111,-1,111,135,136,-1,111,136,112,-1,112,136,137,-1,112,137,113,-1,113,137,138,-1,113,138,114,-1,114,138,139,-1,114,139,115,-1,115,139,140,-1,115,140,116,-1,116,140,141,-1,116,141,117,-1,117,141,142,-1,117,142,118,-1,118,142,143,-1,118,143,119,-1,119,143,144,-1,119,144,120,-1,120,144,121,-1,144,145,121,-1,121,145,146,-1,121,146,122,-1,122,146,147,-1,122,147,123,-1,123,147,148,-1,123,148,124,-1,124,148,149,-1,124,149,125,-1,125,149,150,-1,125,150,126,-1,126,150,151,-1,126,151,127,-1,127,151,152,-1,127,152,128,-1,128,152,153,-1,128,153,129,-1,129,153,154,-1,129,154,130,-1,130,154,155,-1,130,155,131,-1,131,155,156,-1,131,156,132,-1,132,156,157,-1,132,157,133,-1,133,157,158,-1,133,158,134,-1,134,158,159,-1,134,159,135,-1,135,159,160,-1,135,160,136,-1,136,160,161,-1,136,161,137,-1,137,161,162,-1,137,162,138,-1,138,162,163,-1,138,163,139,-1,139,163,164,-1,139,164,140,-1,140,164,165,-1,140,165,141,-1,141,165,166,-1,141,166,142,-1,142,166,167,-1,142,167,143,-1,143,167,168,-1,143,168,144,-1,144,168,145,-1,
        ]
    }
}
Shape{
    appearance Appearance {
        material  Material 	{
            diffuseColor 0.25098039215686274 0.25098039215686274 0.25098039215686274
            specularColor 0.12549019607843137 0.12549019607843137 0.12549019607843137
            ambientIntensity 0.251
            transparency 0.0
            shininess 0.5
        }
    }
    geometry IndexedFaceSet {
        ccw TRUE
        solid FALSE
        coord DEF co Coordinate {
            point [
                -1.8031 0.4941 0.9843, -1.8031 0.4941 0.0, -1.8563 0.441 0.9843, -2.0 0.2973 0.0, -2.0 0.2973 0.9843, -1.0 0.2973 0.9843, -1.0 0.2973 0.0, -1.1437 0.441 0.9843, -1.1969 0.4941 0.0, -1.1969 0.4941 0.9843, -1.0 -0.309 0.9843, -1.1969 -0.5059 0.9843, -1.0 -0.309 0.0, -1.1969 -0.5059 0.0, -1.8031 -0.5059 0.9843, -2.0 -0.309 0.9843, -1.8031 -0.5059 0.0, -2.0 -0.309 0.0, -0.8031 0.4941 0.9843, -0.8031 0.4941 0.0, -0.8563 0.441 0.9843, -0.1969 0.4941 0.9843, -0.1969 0.4941 0.0, 0.0 0.2973 0.9843, 0.0 0.2973 0.0, -0.1437 0.441 0.9843, -0.1969 -0.5059 0.9843, -0.8031 -0.5059 0.9843, -0.1969 -0.5059 0.0, -0.8031 -0.5059 0.0, 0.0 -0.309 0.9843, 0.0 -0.309 0.0, 0.1969 0.4941 0.9843, 0.1969 0.4941 0.0, 0.1437 0.441 0.9843, 0.8031 0.4941 0.9843, 0.8031 0.4941 0.0, 1.0 0.2973 0.9843, 1.0 0.2973 0.0, 0.8563 0.441 0.9843, 0.8031 -0.5059 0.9843, 0.1969 -0.5059 0.9843, 0.8031 -0.5059 0.0, 0.1969 -0.5059 0.0, 1.0 -0.309 0.9843, 1.0 -0.309 0.0, 1.1969 0.4941 0.9843, 1.1969 0.4941 0.0, 1.1437 0.441 0.9843, 1.8031 0.4941 0.9843, 1.8031 0.4941 0.0, 2.0 0.2973 0.9843, 2.0 0.2973 0.0, 1.8563 0.441 0.9843, 2.0 -0.309 0.9843, 2.0 -0.309 0.0, 1.8031 -0.5059 0.9843, 1.1969 -0.5059 0.9843, 1.8031 -0.5059 0.0, 1.1969 -0.5059 0.0
            ]
        }
        coordIndex [
            0,1,2,-1,2,1,3,-1,2,3,4,-1,5,6,7,-1,7,6,8,-1,7,8,9,-1,10,11,12,-1,12,11,13,-1,14,15,16,-1,16,15,17,-1,18,19,20,-1,20,19,6,-1,20,6,5,-1,18,21,19,-1,19,21,22,-1,23,24,25,-1,25,24,22,-1,25,22,21,-1,26,27,28,-1,28,27,29,-1,30,26,31,-1,31,26,28,-1,27,10,29,-1,29,10,12,-1,32,33,34,-1,34,33,24,-1,34,24,23,-1,32,35,33,-1,33,35,36,-1,37,38,39,-1,39,38,36,-1,39,36,35,-1,40,41,42,-1,42,41,43,-1,44,40,45,-1,45,40,42,-1,41,30,43,-1,43,30,31,-1,46,47,48,-1,48,47,38,-1,48,38,37,-1,46,49,47,-1,47,49,50,-1,51,52,53,-1,53,52,50,-1,53,50,49,-1,51,54,52,-1,52,54,55,-1,56,57,58,-1,58,57,59,-1,54,56,55,-1,55,56,58,-1,57,44,59,-1,59,44,45,-1,
        ]
    }
}
Shape{
    appearance Appearance {
        material  Material 	{
            diffuseColor 1.0 1.0 0.0
            specularColor 0.5019607843137255 0.5019607843137255 0.0
            ambientIntensity 0.886
            transparency 0.0
            shininess 0.5
        }
    }
    geometry IndexedFaceSet {
        ccw TRUE
        solid FALSE
        coord DEF co Coordinate {
            point [
                -0.6575 -0.0059 1.4567, -0.6521 0.0349 1.6142, -0.6521 0.0349 1.4567, -0.6364 0.0728 1.6142, -0.6364 0.0728 1.4567, -0.6114 0.1055 1.6142, -0.6114 0.1055 1.4567, -0.5787 0.1305 1.6142, -0.5787 0.1305 1.4567, -0.5408 0.1462 1.6142, -0.5408 0.1462 1.4567, -0.5 0.1516 1.6142, -0.5 0.1516 1.4567, -0.4592 0.1462 1.6142, -0.4592 0.1462 1.4567, -0.4213 0.1305 1.6142, -0.4213 0.1305 1.4567, -0.3886 0.1055 1.6142, -0.3886 0.1055 1.4567, -0.3636 0.0728 1.6142, -0.3636 0.0728 1.4567, -0.3479 0.0349 1.6142, -0.3479 0.0349 1.4567, -0.3425 -0.0059 1.6142, -0.3425 -0.0059 1.4567, -0.3479 -0.0467 1.6142, -0.3479 -0.0467 1.4567, -0.3636 -0.0846 1.6142, -0.3636 -0.0846 1.4567, -0.3886 -0.1172 1.6142, -0.3886 -0.1172 1.4567, -0.4213 -0.1423 1.6142, -0.4213 -0.1423 1.4567, -0.4592 -0.158 1.6142, -0.4592 -0.158 1.4567, -0.5 -0.1634 1.6142, -0.5 -0.1634 1.4567, -0.5408 -0.158 1.6142, -0.5408 -0.158 1.4567, -0.5787 -0.1423 1.6142, -0.5787 -0.1423 1.4567, -0.6114 -0.1172 1.6142, -0.6114 -0.1172 1.4567, -0.6364 -0.0846 1.6142, -0.6364 -0.0846 1.4567, -0.6521 -0.0467 1.6142, -0.6521 -0.0467 1.4567, -0.6575 -0.0059 1.6142, -0.5353 0.0145 1.7663, -0.5394 0.0047 1.7663, -0.5 -0.0059 1.7717, -0.5288 0.0229 1.7663, -0.5204 0.0294 1.7663, -0.5105 0.0335 1.7663, -0.5 0.0349 1.7663, -0.4895 0.0335 1.7663, -0.4796 0.0294 1.7663, -0.4712 0.0229 1.7663, -0.4647 0.0145 1.7663, -0.4606 0.0047 1.7663, -0.4592 -0.0059 1.7663, -0.4606 -0.0164 1.7663, -0.4647 -0.0263 1.7663, -0.4712 -0.0347 1.7663, -0.4796 -0.0412 1.7663, -0.4895 -0.0453 1.7663, -0.5 -0.0467 1.7663, -0.5105 -0.0453 1.7663, -0.5204 -0.0412 1.7663, -0.5288 -0.0347 1.7663, -0.5353 -0.0263 1.7663, -0.5394 -0.0164 1.7663, -0.5408 -0.0059 1.7663, -0.6469 0.0335 1.6549, -0.6317 0.0702 1.6549, -0.6076 0.1017 1.6549, -0.5761 0.1258 1.6549, -0.5394 0.141 1.6549, -0.5 0.1462 1.6549, -0.4606 0.141 1.6549, -0.4239 0.1258 1.6549, -0.3924 0.1017 1.6549, -0.3683 0.0702 1.6549, -0.3531 0.0335 1.6549, -0.3479 -0.0059 1.6549, -0.3531 -0.0453 1.6549, -0.3683 -0.082 1.6549, -0.3924 -0.1135 1.6549, -0.4239 -0.1376 1.6549, -0.4606 -0.1528 1.6549, -0.5 -0.158 1.6549, -0.5394 -0.1528 1.6549, -0.5761 -0.1376 1.6549, -0.6076 -0.1135 1.6549, -0.6317 -0.082 1.6549, -0.6469 -0.0453 1.6549, -0.6521 -0.0059 1.6549, -0.6317 0.0294 1.6929, -0.6181 0.0623 1.6929, -0.5964 0.0905 1.6929, -0.5682 0.1122 1.6929, -0.5353 0.1258 1.6929, -0.5 0.1305 1.6929, -0.4647 0.1258 1.6929, -0.4318 0.1122 1.6929, -0.4036 0.0905 1.6929, -0.3819 0.0623 1.6929, -0.3683 0.0294 1.6929, -0.3636 -0.0059 1.6929, -0.3683 -0.0412 1.6929, -0.3819 -0.0741 1.6929, -0.4036 -0.1023 1.6929, -0.4318 -0.124 1.6929, -0.4647 -0.1376 1.6929, -0.5 -0.1423 1.6929, -0.5353 -0.1376 1.6929, -0.5682 -0.124 1.6929, -0.5964 -0.1023 1.6929, -0.6181 -0.0741 1.6929, -0.6317 -0.0412 1.6929, -0.6364 -0.0059 1.6929, -0.6076 0.0229 1.7255, -0.5964 0.0498 1.7255, -0.5787 0.0728 1.7255, -0.5557 0.0905 1.7255, -0.5288 0.1017 1.7255, -0.5 0.1055 1.7255, -0.4712 0.1017 1.7255, -0.4443 0.0905 1.7255, -0.4213 0.0728 1.7255, -0.4036 0.0498 1.7255, -0.3924 0.0229 1.7255, -0.3886 -0.0059 1.7255, -0.3924 -0.0347 1.7255, -0.4036 -0.0616 1.7255, -0.4213 -0.0846 1.7255, -0.4443 -0.1023 1.7255, -0.4712 -0.1135 1.7255, -0.5 -0.1172 1.7255, -0.5288 -0.1135 1.7255, -0.5557 -0.1023 1.7255, -0.5787 -0.0846 1.7255, -0.5964 -0.0616 1.7255, -0.6076 -0.0347 1.7255, -0.6114 -0.0059 1.7255, -0.5761 0.0145 1.7506, -0.5682 0.0335 1.7506, -0.5557 0.0498 1.7506, -0.5394 0.0623 1.7506, -0.5204 0.0702 1.7506, -0.5 0.0728 1.7506, -0.4796 0.0702 1.7506, -0.4606 0.0623 1.7506, -0.4443 0.0498 1.7506, -0.4318 0.0335 1.7506, -0.4239 0.0145 1.7506, -0.4213 -0.0059 1.7506, -0.4239 -0.0263 1.7506, -0.4318 -0.0453 1.7506, -0.4443 -0.0616 1.7506, -0.4606 -0.0741 1.7506, -0.4796 -0.082 1.7506, -0.5 -0.0846 1.7506, -0.5204 -0.082 1.7506, -0.5394 -0.0741 1.7506, -0.5557 -0.0616 1.7506, -0.5682 -0.0453 1.7506, -0.5761 -0.0263 1.7506, -0.5787 -0.0059 1.7506, -0.6575 -0.0059 -1.811, -0.6521 0.0349 0.0, -0.6521 0.0349 -1.811, -0.6364 0.0728 0.0, -0.6364 0.0728 -1.811, -0.6114 0.1055 0.0, -0.6114 0.1055 -1.811, -0.5787 0.1305 0.0, -0.5787 0.1305 -1.811, -0.5408 0.1462 0.0, -0.5408 0.1462 -1.811, -0.5 0.1516 0.0, -0.5 0.1516 -1.811, -0.4592 0.1462 0.0, -0.4592 0.1462 -1.811, -0.4213 0.1305 0.0, -0.4213 0.1305 -1.811, -0.3886 0.1055 0.0, -0.3886 0.1055 -1.811, -0.3636 0.0728 0.0, -0.3636 0.0728 -1.811, -0.3479 0.0349 0.0, -0.3479 0.0349 -1.811, -0.3425 -0.0059 0.0, -0.3425 -0.0059 -1.811, -0.3479 -0.0467 0.0, -0.3479 -0.0467 -1.811, -0.3636 -0.0846 0.0, -0.3636 -0.0846 -1.811, -0.3886 -0.1172 0.0, -0.3886 -0.1172 -1.811, -0.4213 -0.1423 0.0, -0.4213 -0.1423 -1.811, -0.4592 -0.158 0.0, -0.4592 -0.158 -1.811, -0.5 -0.1634 0.0, -0.5 -0.1634 -1.811, -0.5408 -0.158 0.0, -0.5408 -0.158 -1.811, -0.5787 -0.1423 0.0, -0.5787 -0.1423 -1.811, -0.6114 -0.1172 0.0, -0.6114 -0.1172 -1.811, -0.6364 -0.0846 0.0, -0.6364 -0.0846 -1.811, -0.6521 -0.0467 0.0, -0.6521 -0.0467 -1.811, -0.6575 -0.0059 0.0, -0.5 -0.0059 -1.9685, -0.5394 0.0047 -1.9631, -0.5353 0.0145 -1.9631, -0.5408 -0.0059 -1.9631, -0.5204 0.0294 -1.9631, -0.5105 0.0335 -1.9631, -0.5288 0.0229 -1.9631, -0.4895 0.0335 -1.9631, -0.4796 0.0294 -1.9631, -0.5 0.0349 -1.9631, -0.4647 0.0145 -1.9631, -0.4606 0.0047 -1.9631, -0.4712 0.0229 -1.9631, -0.4606 -0.0164 -1.9631, -0.4647 -0.0263 -1.9631, -0.4592 -0.0059 -1.9631, -0.4796 -0.0412 -1.9631, -0.4895 -0.0453 -1.9631, -0.4712 -0.0347 -1.9631, -0.5105 -0.0453 -1.9631, -0.5204 -0.0412 -1.9631, -0.5 -0.0467 -1.9631, -0.5353 -0.0263 -1.9631, -0.5394 -0.0164 -1.9631, -0.5288 -0.0347 -1.9631, -0.5761 0.0145 -1.9474, -0.5682 0.0335 -1.9474, -0.5557 0.0498 -1.9474, -0.5394 0.0623 -1.9474, -0.5204 0.0702 -1.9474, -0.5 0.0728 -1.9474, -0.4796 0.0702 -1.9474, -0.4606 0.0623 -1.9474, -0.4443 0.0498 -1.9474, -0.4318 0.0335 -1.9474, -0.4239 0.0145 -1.9474, -0.4213 -0.0059 -1.9474, -0.4239 -0.0263 -1.9474, -0.4318 -0.0453 -1.9474, -0.4443 -0.0616 -1.9474, -0.4606 -0.0741 -1.9474, -0.4796 -0.082 -1.9474, -0.5 -0.0846 -1.9474, -0.5204 -0.082 -1.9474, -0.5394 -0.0741 -1.9474, -0.5557 -0.0616 -1.9474, -0.5682 -0.0453 -1.9474, -0.5761 -0.0263 -1.9474, -0.5787 -0.0059 -1.9474, -0.6076 0.0229 -1.9224, -0.5964 0.0498 -1.9224, -0.5787 0.0728 -1.9224, -0.5557 0.0905 -1.9224, -0.5288 0.1017 -1.9224, -0.5 0.1055 -1.9224, -0.4712 0.1017 -1.9224, -0.4443 0.0905 -1.9224, -0.4213 0.0728 -1.9224, -0.4036 0.0498 -1.9224, -0.3924 0.0229 -1.9224, -0.3886 -0.0059 -1.9224, -0.3924 -0.0347 -1.9224, -0.4036 -0.0616 -1.9224, -0.4213 -0.0846 -1.9224, -0.4443 -0.1023 -1.9224, -0.4712 -0.1135 -1.9224, -0.5 -0.1172 -1.9224, -0.5288 -0.1135 -1.9224, -0.5557 -0.1023 -1.9224, -0.5787 -0.0846 -1.9224, -0.5964 -0.0616 -1.9224, -0.6076 -0.0347 -1.9224, -0.6114 -0.0059 -1.9224, -0.6317 0.0294 -1.8898, -0.6181 0.0623 -1.8898, -0.5964 0.0905 -1.8898, -0.5682 0.1122 -1.8898, -0.5353 0.1258 -1.8898, -0.5 0.1305 -1.8898, -0.4647 0.1258 -1.8898, -0.4318 0.1122 -1.8898, -0.4036 0.0905 -1.8898, -0.3819 0.0623 -1.8898, -0.3683 0.0294 -1.8898, -0.3636 -0.0059 -1.8898, -0.3683 -0.0412 -1.8898, -0.3819 -0.0741 -1.8898, -0.4036 -0.1023 -1.8898, -0.4318 -0.124 -1.8898, -0.4647 -0.1376 -1.8898, -0.5 -0.1423 -1.8898, -0.5353 -0.1376 -1.8898, -0.5682 -0.124 -1.8898, -0.5964 -0.1023 -1.8898, -0.6181 -0.0741 -1.8898, -0.6317 -0.0412 -1.8898, -0.6364 -0.0059 -1.8898, -0.6469 0.0335 -1.8518, -0.6317 0.0702 -1.8518, -0.6076 0.1017 -1.8518, -0.5761 0.1258 -1.8518, -0.5394 0.141 -1.8518, -0.5 0.1462 -1.8518, -0.4606 0.141 -1.8518, -0.4239 0.1258 -1.8518, -0.3924 0.1017 -1.8518, -0.3683 0.0702 -1.8518, -0.3531 0.0335 -1.8518, -0.3479 -0.0059 -1.8518, -0.3531 -0.0453 -1.8518, -0.3683 -0.082 -1.8518, -0.3924 -0.1135 -1.8518, -0.4239 -0.1376 -1.8518, -0.4606 -0.1528 -1.8518, -0.5 -0.158 -1.8518, -0.5394 -0.1528 -1.8518, -0.5761 -0.1376 -1.8518, -0.6076 -0.1135 -1.8518, -0.6317 -0.082 -1.8518, -0.6469 -0.0453 -1.8518, -0.6521 -0.0059 -1.8518
            ]
        }
        coordIndex [
            0,1,2,-1,2,1,3,-1,2,3,4,-1,4,3,5,-1,4,5,6,-1,6,5,7,-1,6,7,8,-1,8,7,9,-1,8,9,10,-1,10,9,11,-1,10,11,12,-1,12,11,13,-1,12,13,14,-1,14,13,15,-1,14,15,16,-1,16,15,17,-1,16,17,18,-1,18,17,19,-1,18,19,20,-1,20,19,21,-1,20,21,22,-1,22,21,23,-1,22,23,24,-1,24,23,25,-1,24,25,26,-1,26,25,27,-1,26,27,28,-1,28,27,29,-1,28,29,30,-1,30,29,31,-1,30,31,32,-1,32,31,33,-1,32,33,34,-1,34,33,35,-1,34,35,36,-1,36,35,37,-1,36,37,38,-1,38,37,39,-1,38,39,40,-1,40,39,41,-1,40,41,42,-1,42,41,43,-1,42,43,44,-1,44,43,45,-1,44,45,46,-1,46,45,47,-1,46,47,0,-1,0,47,1,-1,48,49,50,-1,48,50,51,-1,52,51,50,-1,53,52,50,-1,54,53,50,-1,55,54,50,-1,56,55,50,-1,57,56,50,-1,58,57,50,-1,59,58,50,-1,60,59,50,-1,61,60,50,-1,62,61,50,-1,63,62,50,-1,64,63,50,-1,65,64,50,-1,66,65,50,-1,67,66,50,-1,68,67,50,-1,69,68,50,-1,70,69,50,-1,71,70,50,-1,72,71,50,-1,49,72,50,-1,47,73,1,-1,1,73,74,-1,1,74,3,-1,3,74,75,-1,3,75,5,-1,5,75,76,-1,5,76,7,-1,7,76,77,-1,7,77,9,-1,9,77,78,-1,9,78,11,-1,11,78,79,-1,11,79,13,-1,13,79,80,-1,13,80,15,-1,15,80,81,-1,15,81,17,-1,17,81,82,-1,17,82,19,-1,19,82,83,-1,19,83,21,-1,21,83,84,-1,21,84,23,-1,23,84,85,-1,23,85,25,-1,25,85,86,-1,25,86,27,-1,27,86,87,-1,27,87,29,-1,29,87,88,-1,29,88,31,-1,31,88,89,-1,31,89,33,-1,33,89,90,-1,33,90,35,-1,35,90,91,-1,35,91,37,-1,37,91,92,-1,37,92,39,-1,39,92,93,-1,39,93,41,-1,41,93,94,-1,41,94,43,-1,43,94,95,-1,43,95,45,-1,45,95,96,-1,45,96,47,-1,47,96,73,-1,96,97,73,-1,73,97,98,-1,73,98,74,-1,74,98,99,-1,74,99,75,-1,75,99,100,-1,75,100,76,-1,76,100,101,-1,76,101,77,-1,77,101,102,-1,77,102,78,-1,78,102,103,-1,78,103,79,-1,79,103,104,-1,79,104,80,-1,80,104,105,-1,80,105,81,-1,81,105,106,-1,81,106,82,-1,82,106,107,-1,82,107,83,-1,83,107,108,-1,83,108,84,-1,84,108,109,-1,84,109,85,-1,85,109,110,-1,85,110,86,-1,86,110,111,-1,86,111,87,-1,87,111,112,-1,87,112,88,-1,88,112,113,-1,88,113,89,-1,89,113,114,-1,89,114,90,-1,90,114,115,-1,90,115,91,-1,91,115,116,-1,91,116,92,-1,92,116,117,-1,92,117,93,-1,93,117,118,-1,93,118,94,-1,94,118,119,-1,94,119,95,-1,95,119,120,-1,95,120,96,-1,96,120,97,-1,120,121,97,-1,97,121,122,-1,97,122,98,-1,98,122,123,-1,98,123,99,-1,99,123,124,-1,99,124,100,-1,100,124,125,-1,100,125,101,-1,101,125,126,-1,101,126,102,-1,102,126,127,-1,102,127,103,-1,103,127,128,-1,103,128,104,-1,104,128,129,-1,104,129,105,-1,105,129,130,-1,105,130,106,-1,106,130,131,-1,106,131,107,-1,107,131,132,-1,107,132,108,-1,108,132,133,-1,108,133,109,-1,109,133,134,-1,109,134,110,-1,110,134,135,-1,110,135,111,-1,111,135,136,-1,111,136,112,-1,112,136,137,-1,112,137,113,-1,113,137,138,-1,113,138,114,-1,114,138,139,-1,114,139,115,-1,115,139,140,-1,115,140,116,-1,116,140,141,-1,116,141,117,-1,117,141,142,-1,117,142,118,-1,118,142,143,-1,118,143,119,-1,119,143,144,-1,119,144,120,-1,120,144,121,-1,144,145,121,-1,121,145,146,-1,121,146,122,-1,122,146,147,-1,122,147,123,-1,123,147,148,-1,123,148,124,-1,124,148,149,-1,124,149,125,-1,125,149,150,-1,125,150,126,-1,126,150,151,-1,126,151,127,-1,127,151,152,-1,127,152,128,-1,128,152,153,-1,128,153,129,-1,129,153,154,-1,129,154,130,-1,130,154,155,-1,130,155,131,-1,131,155,156,-1,131,156,132,-1,132,156,157,-1,132,157,133,-1,133,157,158,-1,133,158,134,-1,134,158,159,-1,134,159,135,-1,135,159,160,-1,135,160,136,-1,136,160,161,-1,136,161,137,-1,137,161,162,-1,137,162,138,-1,138,162,163,-1,138,163,139,-1,139,163,164,-1,139,164,140,-1,140,164,165,-1,140,165,141,-1,141,165,166,-1,141,166,142,-1,142,166,167,-1,142,167,143,-1,143,167,168,-1,143,168,144,-1,144,168,145,-1,168,49,145,-1,145,49,48,-1,145,48,146,-1,146,48,51,-1,146,51,147,-1,147,51,52,-1,147,52,148,-1,148,52,53,-1,148,53,149,-1,149,53,54,-1,149,54,150,-1,150,54,55,-1,150,55,151,-1,151,55,56,-1,151,56,152,-1,152,56,57,-1,152,57,153,-1,153,57,58,-1,153,58,154,-1,154,58,59,-1,154,59,155,-1,155,59,60,-1,155,60,156,-1,156,60,61,-1,156,61,157,-1,157,61,62,-1,157,62,158,-1,158,62,63,-1,158,63,159,-1,159,63,64,-1,159,64,160,-1,160,64,65,-1,160,65,161,-1,161,65,66,-1,161,66,162,-1,162,66,67,-1,162,67,163,-1,163,67,68,-1,163,68,164,-1,164,68,69,-1,164,69,165,-1,165,69,70,-1,165,70,166,-1,166,70,71,-1,166,71,167,-1,167,71,72,-1,167,72,168,-1,168,72,49,-1,169,170,171,-1,171,170,172,-1,171,172,173,-1,173,172,174,-1,173,174,175,-1,175,174,176,-1,175,176,177,-1,177,176,178,-1,177,178,179,-1,179,178,180,-1,179,180,181,-1,181,180,182,-1,181,182,183,-1,183,182,184,-1,183,184,185,-1,185,184,186,-1,185,186,187,-1,187,186,188,-1,187,188,189,-1,189,188,190,-1,189,190,191,-1,191,190,192,-1,191,192,193,-1,193,192,194,-1,193,194,195,-1,195,194,196,-1,195,196,197,-1,197,196,198,-1,197,198,199,-1,199,198,200,-1,199,200,201,-1,201,200,202,-1,201,202,203,-1,203,202,204,-1,203,204,205,-1,205,204,206,-1,205,206,207,-1,207,206,208,-1,207,208,209,-1,209,208,210,-1,209,210,211,-1,211,210,212,-1,211,212,213,-1,213,212,214,-1,213,214,215,-1,215,214,216,-1,215,216,169,-1,169,216,170,-1,217,218,219,-1,220,218,217,-1,217,221,222,-1,223,221,217,-1,219,223,217,-1,217,224,225,-1,226,224,217,-1,222,226,217,-1,217,227,228,-1,229,227,217,-1,225,229,217,-1,217,230,231,-1,232,230,217,-1,228,232,217,-1,217,233,234,-1,235,233,217,-1,231,235,217,-1,217,236,237,-1,238,236,217,-1,234,238,217,-1,217,239,240,-1,241,239,217,-1,237,241,217,-1,240,220,217,-1,220,242,218,-1,218,242,243,-1,218,243,219,-1,219,243,244,-1,219,244,223,-1,223,244,245,-1,223,245,221,-1,221,245,246,-1,221,246,222,-1,222,246,247,-1,222,247,226,-1,226,247,248,-1,226,248,224,-1,224,248,249,-1,224,249,225,-1,225,249,250,-1,225,250,229,-1,229,250,251,-1,229,251,227,-1,227,251,252,-1,227,252,228,-1,228,252,253,-1,228,253,232,-1,232,253,254,-1,232,254,230,-1,230,254,255,-1,230,255,231,-1,231,255,256,-1,231,256,235,-1,235,256,257,-1,235,257,233,-1,233,257,258,-1,233,258,234,-1,234,258,259,-1,234,259,238,-1,238,259,260,-1,238,260,236,-1,236,260,261,-1,236,261,237,-1,237,261,262,-1,237,262,241,-1,241,262,263,-1,241,263,239,-1,239,263,264,-1,239,264,240,-1,240,264,265,-1,240,265,220,-1,220,265,242,-1,265,266,242,-1,242,266,267,-1,242,267,243,-1,243,267,268,-1,243,268,244,-1,244,268,269,-1,244,269,245,-1,245,269,270,-1,245,270,246,-1,246,270,271,-1,246,271,247,-1,247,271,272,-1,247,272,248,-1,248,272,273,-1,248,273,249,-1,249,273,274,-1,249,274,250,-1,250,274,275,-1,250,275,251,-1,251,275,276,-1,251,276,252,-1,252,276,277,-1,252,277,253,-1,253,277,278,-1,253,278,254,-1,254,278,279,-1,254,279,255,-1,255,279,280,-1,255,280,256,-1,256,280,281,-1,256,281,257,-1,257,281,282,-1,257,282,258,-1,258,282,283,-1,258,283,259,-1,259,283,284,-1,259,284,260,-1,260,284,285,-1,260,285,261,-1,261,285,286,-1,261,286,262,-1,262,286,287,-1,262,287,263,-1,263,287,288,-1,263,288,264,-1,264,288,289,-1,264,289,265,-1,265,289,266,-1,289,290,266,-1,266,290,291,-1,266,291,267,-1,267,291,292,-1,267,292,268,-1,268,292,293,-1,268,293,269,-1,269,293,294,-1,269,294,270,-1,270,294,295,-1,270,295,271,-1,271,295,296,-1,271,296,272,-1,272,296,297,-1,272,297,273,-1,273,297,298,-1,273,298,274,-1,274,298,299,-1,274,299,275,-1,275,299,300,-1,275,300,276,-1,276,300,301,-1,276,301,277,-1,277,301,302,-1,277,302,278,-1,278,302,303,-1,278,303,279,-1,279,303,304,-1,279,304,280,-1,280,304,305,-1,280,305,281,-1,281,305,306,-1,281,306,282,-1,282,306,307,-1,282,307,283,-1,283,307,308,-1,283,308,284,-1,284,308,309,-1,284,309,285,-1,285,309,310,-1,285,310,286,-1,286,310,311,-1,286,311,287,-1,287,311,312,-1,287,312,288,-1,288,312,313,-1,288,313,289,-1,289,313,290,-1,313,314,290,-1,290,314,315,-1,290,315,291,-1,291,315,316,-1,291,316,292,-1,292,316,317,-1,292,317,293,-1,293,317,318,-1,293,318,294,-1,294,318,319,-1,294,319,295,-1,295,319,320,-1,295,320,296,-1,296,320,321,-1,296,321,297,-1,297,321,322,-1,297,322,298,-1,298,322,323,-1,298,323,299,-1,299,323,324,-1,299,324,300,-1,300,324,325,-1,300,325,301,-1,301,325,326,-1,301,326,302,-1,302,326,327,-1,302,327,303,-1,303,327,328,-1,303,328,304,-1,304,328,329,-1,304,329,305,-1,305,329,330,-1,305,330,306,-1,306,330,331,-1,306,331,307,-1,307,331,332,-1,307,332,308,-1,308,332,333,-1,308,333,309,-1,309,333,334,-1,309,334,310,-1,310,334,335,-1,310,335,311,-1,311,335,336,-1,311,336,312,-1,312,336,337,-1,312,337,313,-1,313,337,314,-1,337,171,314,-1,314,171,173,-1,314,173,315,-1,315,173,175,-1,315,175,316,-1,316,175,177,-1,316,177,317,-1,317,177,179,-1,317,179,318,-1,318,179,181,-1,318,181,319,-1,319,181,183,-1,319,183,320,-1,320,183,185,-1,320,185,321,-1,321,185,187,-1,321,187,322,-1,322,187,189,-1,322,189,323,-1,323,189,191,-1,323,191,324,-1,324,191,193,-1,324,193,325,-1,325,193,195,-1,325,195,326,-1,326,195,197,-1,326,197,327,-1,327,197,199,-1,327,199,328,-1,328,199,201,-1,328,201,329,-1,329,201,203,-1,329,203,330,-1,330,203,205,-1,330,205,331,-1,331,205,207,-1,331,207,332,-1,332,207,209,-1,332,209,333,-1,333,209,211,-1,333,211,334,-1,334,211,213,-1,334,213,335,-1,335,213,215,-1,335,215,336,-1,336,215,169,-1,336,169,337,-1,337,169,171,-1,
        ]
    }
}
Shape{
    appearance Appearance {
        material  Material 	{
            diffuseColor 0.0 0.0 0.0
            specularColor 0.0 0.0 0.0
            ambientIntensity 0.0
            transparency 0.0
            shininess 0.5
        }
    }
    geometry IndexedFaceSet {
        ccw TRUE
        solid FALSE
        coord DEF co Coordinate {
            point [
                -3.1963 -0.1106 1.4606, -3.1963 -0.141 1.4606, -3.1963 -0.1106 1.4567, -3.1963 -0.141 1.4567, -3.3026 -0.1106 1.4606, -3.3026 -0.1106 1.4567, -3.3026 0.1259 1.4606, -3.3026 0.1259 1.4567, -3.3371 0.1259 1.4606, -3.3371 0.1259 1.4567, -3.3371 -0.141 1.4606, -3.3371 -0.141 1.4567, -3.0595 -0.1455 1.4606, -3.0595 -0.1455 1.4567, -3.0188 -0.1417 1.4567, -3.0188 -0.1417 1.4606, -2.9901 -0.1323 1.4567, -2.9901 -0.1323 1.4606, -2.9856 -0.13 1.4567, -2.9856 -0.13 1.4606, -2.9856 -0.097 1.4606, -2.9856 -0.097 1.4567, -3.0089 -0.1078 1.4567, -3.0089 -0.1078 1.4606, -3.0386 -0.1141 1.4567, -3.0386 -0.1141 1.4606, -3.0545 -0.1148 1.4567, -3.0545 -0.1148 1.4606, -3.0799 -0.112 1.4567, -3.0799 -0.112 1.4606, -3.0992 -0.1049 1.4567, -3.0992 -0.1049 1.4606, -3.1169 -0.0928 1.4567, -3.1169 -0.0928 1.4606, -3.1231 -0.0867 1.4567, -3.1231 -0.0867 1.4606, -3.1362 -0.0684 1.4567, -3.1362 -0.0684 1.4606, -3.1448 -0.0468 1.4567, -3.1448 -0.0468 1.4606, -3.1492 -0.0145 1.4567, -3.1492 -0.0145 1.4606, -3.1493 -0.0106 1.4567, -3.1493 -0.0106 1.4606, -3.1449 0.0257 1.4567, -3.1449 0.0257 1.4606, -3.1361 0.0488 1.4567, -3.1361 0.0488 1.4606, -3.1232 0.0674 1.4567, -3.1232 0.0674 1.4606, -3.1212 0.0696 1.4567, -3.1212 0.0696 1.4606, -3.1031 0.0846 1.4567, -3.1031 0.0846 1.4606, -3.0821 0.0943 1.4567, -3.0821 0.0943 1.4606, -3.0589 0.0988 1.4567, -3.0589 0.0988 1.4606, -3.0485 0.0992 1.4567, -3.0485 0.0992 1.4606, -3.0199 0.0963 1.4567, -3.0199 0.0963 1.4606, -2.9924 0.0869 1.4567, -2.9924 0.0869 1.4606, -2.9856 0.0834 1.4567, -2.9856 0.0834 1.4606, -2.9856 0.1194 1.4606, -2.9856 0.1194 1.4567, -3.0098 0.1268 1.4567, -3.0098 0.1268 1.4606, -3.0438 0.1303 1.4567, -3.0438 0.1303 1.4606, -3.0488 0.1304 1.4567, -3.0488 0.1304 1.4606, -3.0872 0.1257 1.4567, -3.0872 0.1257 1.4606, -3.1151 0.115 1.4567, -3.1151 0.115 1.4606, -3.1409 0.0968 1.4567, -3.1409 0.0968 1.4606, -3.1469 0.0911 1.4567, -3.1469 0.0911 1.4606, -3.1639 0.0696 1.4567, -3.1735 0.0492 1.4567, -3.1775 0.0406 1.4606, -3.1639 0.0696 1.4606, -3.1775 0.0406 1.4567, -3.1845 0.0067 1.4567, -3.1845 0.0067 1.4606, -3.1854 -0.0126 1.4567, -3.1854 -0.0126 1.4606, -3.1802 -0.0557 1.4567, -3.1735 -0.0732 1.4567, -3.1694 -0.0836 1.4606, -3.1802 -0.0557 1.4606, -3.1694 -0.0836 1.4567, -3.1536 -0.1065 1.4567, -3.1536 -0.1065 1.4606, -3.1512 -0.1091 1.4567, -3.1512 -0.1091 1.4606, -3.1316 -0.1257 1.4567, -3.1316 -0.1257 1.4606, -3.1067 -0.1381 1.4567, -3.1067 -0.1381 1.4606, -3.0782 -0.1445 1.4567, -3.0782 -0.1445 1.4606, -2.7886 -0.1106 1.4606, -2.7886 -0.141 1.4606, -2.7886 -0.1106 1.4567, -2.7886 -0.141 1.4567, -2.8977 -0.1106 1.4606, -2.8977 -0.1106 1.4567, -2.8977 -0.0208 1.4606, -2.8977 -0.0208 1.4567, -2.8023 -0.0208 1.4606, -2.8023 -0.0208 1.4567, -2.8023 0.0097 1.4606, -2.8023 0.0097 1.4567, -2.8977 0.0097 1.4606, -2.8977 0.0097 1.4567, -2.8977 0.0952 1.4606, -2.8977 0.0952 1.4567, -2.7947 0.0952 1.4606, -2.7947 0.0952 1.4567, -2.7947 0.1259 1.4606, -2.7947 0.1259 1.4567, -2.9322 0.1259 1.4606, -2.9322 0.1259 1.4567, -2.9322 -0.141 1.4606, -2.9322 -0.141 1.4567, -2.5719 -0.0656 1.4606, -2.5856 -0.0828 1.4606, -2.5611 -0.1037 1.4606, -2.589 -0.0859 1.4606, -2.5893 -0.1238 1.4606, -2.6063 -0.0978 1.4606, -2.6198 -0.1356 1.4606, -2.6284 -0.1063 1.4606, -2.6648 -0.141 1.4606, -2.665 -0.1106 1.4606, -2.7382 -0.141 1.4606, -2.7037 -0.1106 1.4606, -2.7382 0.1259 1.4606, -2.7037 0.0952 1.4606, -2.6621 0.1259 1.4606, -2.6634 0.0952 1.4606, -2.6213 0.1214 1.4606, -2.6288 0.0913 1.4606, -2.5891 0.1096 1.4606, -2.6057 0.0829 1.4606, -2.5611 0.0905 1.4606, -2.5864 0.07 1.4606, -2.5516 0.0811 1.4606, -2.5768 0.0602 1.4606, -2.5351 0.0578 1.4606, -2.567 0.0446 1.4606, -2.5253 0.0323 1.4606, -2.56 0.0239 1.4606, -2.5209 -0.0042 1.4606, -2.5571 -0.0051 1.4606, -2.5222 -0.0254 1.4606, -2.5579 -0.0209 1.4606, -2.5294 -0.056 1.4606, -2.5629 -0.0456 1.4606, -2.5434 -0.0832 1.4606, -2.6648 -0.141 1.4567, -2.7382 -0.141 1.4567, -2.5611 -0.1037 1.4567, -2.6198 -0.1356 1.4567, -2.6159 -0.1341 1.4567, -2.5893 -0.1238 1.4567, -2.5434 -0.0832 1.4567, -2.5294 -0.056 1.4567, -2.5222 -0.0254 1.4567, -2.5209 -0.0042 1.4567, -2.5253 0.0323 1.4567, -2.5351 0.0578 1.4567, -2.5516 0.0811 1.4567, -2.5611 0.0905 1.4567, -2.5891 0.1096 1.4567, -2.6159 0.1194 1.4567, -2.6213 0.1214 1.4567, -2.6621 0.1259 1.4567, -2.7382 0.1259 1.4567, -2.6634 0.0952 1.4567, -2.7037 0.0952 1.4567, -2.7037 -0.1106 1.4567, -2.665 -0.1106 1.4567, -2.5856 -0.0828 1.4567, -2.589 -0.0859 1.4567, -2.6063 -0.0978 1.4567, -2.6284 -0.1063 1.4567, -2.5571 -0.0051 1.4567, -2.5579 -0.0209 1.4567, -2.5629 -0.0456 1.4567, -2.5719 -0.0656 1.4567, -2.5864 0.07 1.4567, -2.5768 0.0602 1.4567, -2.567 0.0446 1.4567, -2.56 0.0239 1.4567, -2.6288 0.0913 1.4567, -2.6057 0.0829 1.4567
            ]
        }
        coordIndex [
            0,1,2,-1,2,1,3,-1,4,0,5,-1,5,0,2,-1,6,4,7,-1,7,4,5,-1,8,6,9,-1,9,6,7,-1,10,8,11,-1,11,8,9,-1,1,10,3,-1,3,10,11,-1,6,8,4,-1,4,8,10,-1,4,10,0,-1,0,10,1,-1,12,13,14,-1,12,14,15,-1,15,14,16,-1,15,16,17,-1,17,16,18,-1,17,18,19,-1,20,19,21,-1,21,19,18,-1,20,21,22,-1,20,22,23,-1,23,22,24,-1,23,24,25,-1,25,24,26,-1,25,26,27,-1,27,26,28,-1,27,28,29,-1,29,28,30,-1,29,30,31,-1,31,30,32,-1,31,32,33,-1,33,32,34,-1,33,34,35,-1,35,34,36,-1,35,36,37,-1,37,36,38,-1,37,38,39,-1,39,38,40,-1,39,40,41,-1,41,40,42,-1,41,42,43,-1,43,42,44,-1,43,44,45,-1,45,44,46,-1,45,46,47,-1,47,46,48,-1,47,48,49,-1,49,48,50,-1,49,50,51,-1,51,50,52,-1,51,52,53,-1,53,52,54,-1,53,54,55,-1,55,54,56,-1,55,56,57,-1,57,56,58,-1,57,58,59,-1,59,58,60,-1,59,60,61,-1,61,60,62,-1,61,62,63,-1,63,62,64,-1,63,64,65,-1,66,65,67,-1,67,65,64,-1,66,67,68,-1,66,68,69,-1,69,68,70,-1,69,70,71,-1,71,70,72,-1,71,72,73,-1,73,72,74,-1,73,74,75,-1,75,74,76,-1,75,76,77,-1,77,76,78,-1,77,78,79,-1,79,78,80,-1,79,80,81,-1,81,80,82,-1,83,84,82,-1,82,84,85,-1,82,85,81,-1,83,86,84,-1,84,86,87,-1,84,87,88,-1,88,87,89,-1,88,89,90,-1,90,89,91,-1,92,93,91,-1,91,93,94,-1,91,94,90,-1,92,95,93,-1,93,95,96,-1,93,96,97,-1,97,96,98,-1,97,98,99,-1,99,98,100,-1,99,100,101,-1,101,100,102,-1,101,102,103,-1,103,102,104,-1,103,104,105,-1,105,104,13,-1,105,13,12,-1,63,65,66,-1,53,55,75,-1,45,47,85,-1,75,55,73,-1,85,47,81,-1,63,66,61,-1,75,77,53,-1,53,77,79,-1,53,79,51,-1,51,79,81,-1,51,81,49,-1,49,81,47,-1,55,57,73,-1,73,57,59,-1,73,59,71,-1,71,59,61,-1,71,61,69,-1,69,61,66,-1,90,43,88,-1,88,43,45,-1,88,45,84,-1,84,45,85,-1,19,20,17,-1,17,20,23,-1,17,23,15,-1,15,23,25,-1,15,25,12,-1,12,25,27,-1,12,27,105,-1,105,27,29,-1,105,29,103,-1,103,29,31,-1,103,31,101,-1,101,31,33,-1,101,33,99,-1,99,33,35,-1,99,35,97,-1,97,35,37,-1,97,37,93,-1,93,37,94,-1,94,37,39,-1,94,39,90,-1,90,39,41,-1,90,41,43,-1,106,107,108,-1,108,107,109,-1,110,106,111,-1,111,106,108,-1,112,110,113,-1,113,110,111,-1,114,112,115,-1,115,112,113,-1,116,114,117,-1,117,114,115,-1,118,116,119,-1,119,116,117,-1,120,118,121,-1,121,118,119,-1,122,120,123,-1,123,120,121,-1,124,122,125,-1,125,122,123,-1,126,124,127,-1,127,124,125,-1,128,126,129,-1,129,126,127,-1,107,128,109,-1,109,128,129,-1,128,107,106,-1,106,110,128,-1,128,110,112,-1,128,112,126,-1,122,124,120,-1,120,124,126,-1,120,126,118,-1,118,126,112,-1,118,112,116,-1,116,112,114,-1,130,131,132,-1,132,131,133,-1,132,133,134,-1,134,133,135,-1,134,135,136,-1,136,135,137,-1,136,137,138,-1,138,137,139,-1,138,139,140,-1,140,139,141,-1,140,141,142,-1,142,141,143,-1,142,143,144,-1,144,143,145,-1,144,145,146,-1,146,145,147,-1,146,147,148,-1,148,147,149,-1,148,149,150,-1,150,149,151,-1,150,151,152,-1,152,151,153,-1,152,153,154,-1,154,153,155,-1,154,155,156,-1,156,155,157,-1,156,157,158,-1,158,157,159,-1,158,159,160,-1,160,159,161,-1,160,161,162,-1,162,161,163,-1,162,163,164,-1,164,163,130,-1,164,130,132,-1,138,140,165,-1,165,140,166,-1,167,132,134,-1,138,165,168,-1,138,168,136,-1,136,168,169,-1,136,169,134,-1,134,169,170,-1,134,170,167,-1,132,167,171,-1,132,171,164,-1,164,171,172,-1,164,172,162,-1,162,172,173,-1,162,173,160,-1,160,173,174,-1,160,174,158,-1,158,174,175,-1,158,175,156,-1,156,175,176,-1,156,176,154,-1,154,176,177,-1,154,177,152,-1,152,177,178,-1,152,178,150,-1,150,178,179,-1,180,146,179,-1,179,146,148,-1,179,148,150,-1,180,181,146,-1,146,181,182,-1,146,182,144,-1,142,144,183,-1,183,144,182,-1,140,142,166,-1,166,142,183,-1,145,143,184,-1,184,143,185,-1,143,141,185,-1,185,141,186,-1,141,139,186,-1,186,139,187,-1,131,188,189,-1,131,189,133,-1,133,189,190,-1,133,190,135,-1,135,190,191,-1,135,191,137,-1,137,191,187,-1,137,187,139,-1,159,192,193,-1,159,193,161,-1,161,193,194,-1,161,194,163,-1,163,194,195,-1,163,195,130,-1,130,195,188,-1,130,188,131,-1,151,196,197,-1,151,197,153,-1,153,197,198,-1,153,198,155,-1,155,198,199,-1,155,199,157,-1,157,199,192,-1,157,192,159,-1,145,184,200,-1,145,200,147,-1,147,200,201,-1,147,201,149,-1,149,201,196,-1,149,196,151,-1,
        ]
    }
}
Shape{
    appearance Appearance {
        material  Material 	{
            diffuseColor 0.0 0.5019607843137255 0.0
            specularColor 0.0 0.25098039215686274 0.0
            ambientIntensity 0.2947
            transparency 0.0
            shininess 0.5
        }
    }
    geometry IndexedFaceSet {
        ccw TRUE
        solid FALSE
        coord DEF co Coordinate {
            point [
                -2.7037 0.0952 1.4567, -2.7037 -0.1106 1.4567, -2.6634 0.0952 1.4567, -2.665 -0.1106 1.4567, -2.6284 -0.1063 1.4567, -2.6063 -0.0978 1.4567, -2.589 -0.0859 1.4567, -2.5856 -0.0828 1.4567, -2.5579 -0.0209 1.4567, -2.5571 -0.0051 1.4567, -2.56 0.0239 1.4567, -2.567 0.0446 1.4567, -2.5768 0.0602 1.4567, -2.5864 0.07 1.4567, -2.6288 0.0913 1.4567, -2.6057 0.0829 1.4567, -2.5719 -0.0656 1.4567, -2.5629 -0.0456 1.4567
            ]
        }
        coordIndex [
            0,1,2,-1,2,1,3,-1,2,3,4,-1,4,5,2,-1,2,5,6,-1,2,6,7,-1,8,9,2,-1,2,9,10,-1,2,10,11,-1,11,12,2,-1,2,12,13,-1,2,13,14,-1,14,13,15,-1,7,16,2,-1,2,16,17,-1,2,17,8,-1,
        ]
    }
}
Shape{
    appearance Appearance {
        material  Material 	{
            diffuseColor 0.0 0.0 0.0
            specularColor 0.0 0.0 0.0
            ambientIntensity 0.0
            transparency 0.0
            shininess 0.5
        }
    }
    geometry IndexedFaceSet {
        ccw TRUE
        solid FALSE
        coord DEF co Coordinate {
            point [
                -2.4315 -0.0379 1.4606, -2.4424 -0.068 1.4606, -2.3419 -0.0379 1.4606, -2.3312 -0.068 1.4606, -2.3915 0.0731 1.4606, -2.4044 0.1259 1.4606, -2.5061 -0.141 1.4606, -2.468 -0.141 1.4606, -2.3892 0.081 1.4606, -2.3872 0.0917 1.4606, -2.3676 0.1259 1.4606, -2.3864 0.0917 1.4606, -2.3842 0.0805 1.4606, -2.3822 0.0731 1.4606, -2.2659 -0.141 1.4606, -2.304 -0.141 1.4606, -2.3676 0.1259 1.4567, -2.2659 -0.141 1.4567, -2.4044 0.1259 1.4567, -2.5061 -0.141 1.4567, -2.4292 0.0609 1.4567, -2.468 -0.141 1.4567, -2.4424 -0.068 1.4567, -2.3312 -0.068 1.4567, -2.4292 -0.068 1.4567, -2.304 -0.141 1.4567, -2.4315 -0.0379 1.4567, -2.3419 -0.0379 1.4567, -2.3822 0.0731 1.4567, -2.3864 0.0917 1.4567, -2.3842 0.0805 1.4567, -2.3872 0.0917 1.4567, -2.3915 0.0731 1.4567, -2.3892 0.081 1.4567
            ]
        }
        coordIndex [
            0,1,2,-1,2,1,3,-1,4,5,0,-1,0,5,6,-1,0,6,1,-1,1,6,7,-1,4,8,5,-1,5,8,9,-1,5,9,10,-1,10,9,11,-1,10,11,12,-1,12,13,10,-1,10,13,2,-1,10,2,14,-1,14,2,3,-1,14,3,15,-1,10,14,16,-1,16,14,17,-1,5,10,18,-1,18,10,16,-1,19,6,20,-1,20,6,5,-1,20,5,18,-1,7,6,21,-1,21,6,19,-1,1,7,22,-1,22,7,21,-1,23,3,24,-1,24,3,1,-1,24,1,22,-1,15,3,25,-1,25,3,23,-1,14,15,17,-1,17,15,25,-1,0,2,26,-1,26,2,27,-1,2,13,27,-1,27,13,28,-1,11,29,30,-1,11,30,12,-1,12,30,28,-1,12,28,13,-1,11,9,29,-1,29,9,31,-1,4,32,33,-1,4,33,8,-1,8,33,31,-1,8,31,9,-1,4,0,32,-1,32,0,26,-1,
        ]
    }
}
Shape{
    appearance Appearance {
        material  Material 	{
            diffuseColor 0.0 0.5019607843137255 0.0
            specularColor 0.0 0.25098039215686274 0.0
            ambientIntensity 0.2947
            transparency 0.0
            shininess 0.5
        }
    }
    geometry IndexedFaceSet {
        ccw TRUE
        solid FALSE
        coord DEF co Coordinate {
            point [
                -2.3864 0.0917 1.4567, -2.3872 0.0917 1.4567, -2.3842 0.0805 1.4567, -2.3892 0.081 1.4567, -2.3822 0.0731 1.4567, -2.3915 0.0731 1.4567, -2.3419 -0.0379 1.4567, -2.4315 -0.0379 1.4567
            ]
        }
        coordIndex [
            0,1,2,-1,2,1,3,-1,2,3,4,-1,4,3,5,-1,4,5,6,-1,6,5,7,-1,
        ]
    }
}
Shape{
    appearance Appearance {
        material  Material 	{
            diffuseColor 0.0 0.0 0.0
            specularColor 0.0 0.0 0.0
            ambientIntensity 0.0
            transparency 0.0
            shininess 0.5
        }
    }
    geometry IndexedFaceSet {
        ccw TRUE
        solid FALSE
        coord DEF co Coordinate {
            point [
                -3.1935 -0.534 1.4606, -3.1935 -0.5644 1.4606, -3.1935 -0.534 1.4567, -3.1935 -0.5644 1.4567, -3.3026 -0.534 1.4606, -3.3026 -0.534 1.4567, -3.3026 -0.4442 1.4606, -3.3026 -0.4442 1.4567, -3.2072 -0.4442 1.4606, -3.2072 -0.4442 1.4567, -3.2072 -0.4137 1.4606, -3.2072 -0.4137 1.4567, -3.3026 -0.4137 1.4606, -3.3026 -0.4137 1.4567, -3.3026 -0.3283 1.4606, -3.3026 -0.3283 1.4567, -3.1996 -0.3283 1.4606, -3.1996 -0.3283 1.4567, -3.1996 -0.2976 1.4606, -3.1996 -0.2976 1.4567, -3.3371 -0.2976 1.4606, -3.3371 -0.2976 1.4567, -3.3371 -0.5644 1.4606, -3.3371 -0.5644 1.4567, -3.0418 -0.5644 1.4606, -3.0084 -0.5644 1.4606, -3.0418 -0.535 1.4606, -3.0084 -0.4418 1.4606, -3.0418 -0.4433 1.4606, -3.1143 -0.4832 1.4606, -3.1064 -0.4794 1.4606, -3.0427 -0.535 1.4606, -3.0603 -0.5301 1.4606, -3.0479 -0.543 1.4606, -3.0698 -0.5364 1.4606, -3.0864 -0.4748 1.4606, -3.0418 -0.4688 1.4606, -3.0418 -0.4871 1.4606, -3.0418 -0.4893 1.4606, -3.044 -0.5042 1.4606, -3.0489 -0.5161 1.4606, -3.0561 -0.526 1.4606, -3.043 -0.4285 1.4606, -3.0113 -0.4151 1.4606, -3.0464 -0.4166 1.4606, -3.0166 -0.4003 1.4606, -3.0503 -0.4097 1.4606, -3.0236 -0.3898 1.4606, -3.0554 -0.4043 1.4606, -3.0324 -0.3815 1.4606, -3.0613 -0.4005 1.4606, -3.0436 -0.3753 1.4606, -3.0691 -0.3978 1.4606, -3.0579 -0.3711 1.4606, -3.0804 -0.3966 1.4606, -3.0773 -0.3695 1.4606, -3.1004 -0.3987 1.4606, -3.1061 -0.3724 1.4606, -3.1213 -0.4059 1.4606, -3.1318 -0.3811 1.4606, -3.1429 -0.4197 1.4606, -3.1429 -0.3872 1.4606, -3.1208 -0.5301 1.4606, -3.1452 -0.5539 1.4606, -3.1179 -0.5329 1.4606, -3.1339 -0.5618 1.4606, -3.1113 -0.5375 1.4606, -3.1211 -0.5666 1.4606, -3.1037 -0.5403 1.4606, -3.1011 -0.569 1.4606, -3.0924 -0.5415 1.4606, -3.0838 -0.567 1.4606, -3.0799 -0.5401 1.4606, -3.0703 -0.5621 1.4606, -3.0585 -0.5543 1.4606, -3.0983 -0.4512 1.4606, -3.1245 -0.4578 1.4606, -3.1188 -0.4865 1.4606, -3.1384 -0.4651 1.4606, -3.1228 -0.4915 1.4606, -3.1484 -0.4741 1.4606, -3.1257 -0.4977 1.4606, -3.1556 -0.4849 1.4606, -3.1273 -0.5054 1.4606, -3.1598 -0.497 1.4606, -3.1276 -0.5107 1.4606, -3.1615 -0.5134 1.4606, -3.1268 -0.5184 1.4606, -3.1599 -0.5286 1.4606, -3.1246 -0.5244 1.4606, -3.1558 -0.5399 1.4606, -3.1489 -0.5502 1.4606, -3.0773 -0.3695 1.4567, -3.1061 -0.3724 1.4567, -3.1318 -0.3811 1.4567, -3.1429 -0.3872 1.4567, -3.1429 -0.4197 1.4567, -3.1213 -0.4059 1.4567, -3.1004 -0.3987 1.4567, -3.0804 -0.3966 1.4567, -3.0691 -0.3978 1.4567, -3.0613 -0.4005 1.4567, -3.0554 -0.4043 1.4567, -3.0503 -0.4097 1.4567, -3.0464 -0.4166 1.4567, -3.043 -0.4285 1.4567, -3.0418 -0.4433 1.4567, -3.0983 -0.4512 1.4567, -3.1245 -0.4578 1.4567, -3.1384 -0.4651 1.4567, -3.1484 -0.4741 1.4567, -3.1556 -0.4849 1.4567, -3.1598 -0.497 1.4567, -3.1615 -0.5134 1.4567, -3.1599 -0.5286 1.4567, -3.1558 -0.5399 1.4567, -3.1489 -0.5502 1.4567, -3.1452 -0.5539 1.4567, -3.1339 -0.5618 1.4567, -3.1211 -0.5666 1.4567, -3.1011 -0.569 1.4567, -3.0838 -0.567 1.4567, -3.0703 -0.5621 1.4567, -3.0585 -0.5543 1.4567, -3.0479 -0.543 1.4567, -3.0427 -0.535 1.4567, -3.0418 -0.535 1.4567, -3.0418 -0.5644 1.4567, -3.0084 -0.5644 1.4567, -3.0084 -0.4418 1.4567, -3.0113 -0.4151 1.4567, -3.0166 -0.4003 1.4567, -3.0236 -0.3898 1.4567, -3.0324 -0.3815 1.4567, -3.0436 -0.3753 1.4567, -3.0579 -0.3711 1.4567, -3.1188 -0.4865 1.4567, -3.1143 -0.4832 1.4567, -3.1064 -0.4794 1.4567, -3.0864 -0.4748 1.4567, -3.1276 -0.5107 1.4567, -3.1273 -0.5054 1.4567, -3.1257 -0.4977 1.4567, -3.1228 -0.4915 1.4567, -3.1179 -0.5329 1.4567, -3.1208 -0.5301 1.4567, -3.1246 -0.5244 1.4567, -3.1268 -0.5184 1.4567, -3.0924 -0.5415 1.4567, -3.1037 -0.5403 1.4567, -3.1113 -0.5375 1.4567, -3.0561 -0.526 1.4567, -3.0603 -0.5301 1.4567, -3.0698 -0.5364 1.4567, -3.0799 -0.5401 1.4567, -3.0418 -0.4871 1.4567, -3.0418 -0.4893 1.4567, -3.044 -0.5042 1.4567, -3.0489 -0.5161 1.4567, -3.0418 -0.4688 1.4567
            ]
        }
        coordIndex [
            0,1,2,-1,2,1,3,-1,4,0,5,-1,5,0,2,-1,6,4,7,-1,7,4,5,-1,8,6,9,-1,9,6,7,-1,10,8,11,-1,11,8,9,-1,12,10,13,-1,13,10,11,-1,14,12,15,-1,15,12,13,-1,16,14,17,-1,17,14,15,-1,18,16,19,-1,19,16,17,-1,20,18,21,-1,21,18,19,-1,22,20,23,-1,23,20,21,-1,1,22,3,-1,3,22,23,-1,22,1,0,-1,0,4,22,-1,22,4,6,-1,22,6,20,-1,16,18,14,-1,14,18,20,-1,14,20,12,-1,12,20,6,-1,12,6,10,-1,10,6,8,-1,24,25,26,-1,26,25,27,-1,28,29,30,-1,31,32,33,-1,33,32,34,-1,35,36,27,-1,27,36,37,-1,37,38,27,-1,27,38,39,-1,27,39,26,-1,26,39,40,-1,26,40,31,-1,31,40,41,-1,31,41,32,-1,30,35,28,-1,28,35,27,-1,28,27,42,-1,42,27,43,-1,42,43,44,-1,44,43,45,-1,44,45,46,-1,46,45,47,-1,46,47,48,-1,48,47,49,-1,48,49,50,-1,50,49,51,-1,50,51,52,-1,52,51,53,-1,52,53,54,-1,54,53,55,-1,54,55,56,-1,56,55,57,-1,56,57,58,-1,58,57,59,-1,58,59,60,-1,60,59,61,-1,62,63,64,-1,64,63,65,-1,64,65,66,-1,66,65,67,-1,66,67,68,-1,68,67,69,-1,68,69,70,-1,70,69,71,-1,70,71,72,-1,72,71,73,-1,72,73,34,-1,34,73,74,-1,34,74,33,-1,28,75,29,-1,29,75,76,-1,29,76,77,-1,77,76,78,-1,77,78,79,-1,79,78,80,-1,79,80,81,-1,81,80,82,-1,81,82,83,-1,83,82,84,-1,83,84,85,-1,85,84,86,-1,85,86,87,-1,87,86,88,-1,87,88,89,-1,89,88,90,-1,89,90,62,-1,62,90,91,-1,62,91,63,-1,55,92,93,-1,55,93,57,-1,57,93,94,-1,57,94,59,-1,59,94,95,-1,59,95,61,-1,60,61,96,-1,96,61,95,-1,60,96,97,-1,60,97,58,-1,58,97,98,-1,58,98,56,-1,56,98,99,-1,56,99,54,-1,54,99,100,-1,54,100,52,-1,52,100,101,-1,52,101,50,-1,50,101,102,-1,50,102,48,-1,48,102,103,-1,48,103,46,-1,46,103,104,-1,46,104,44,-1,44,104,105,-1,44,105,42,-1,42,105,106,-1,42,106,28,-1,75,28,107,-1,107,28,106,-1,75,107,108,-1,75,108,76,-1,76,108,109,-1,76,109,78,-1,78,109,110,-1,78,110,80,-1,80,110,111,-1,80,111,82,-1,82,111,112,-1,82,112,84,-1,84,112,113,-1,84,113,86,-1,86,113,114,-1,86,114,88,-1,88,114,115,-1,88,115,90,-1,90,115,116,-1,90,116,91,-1,91,116,117,-1,91,117,63,-1,63,117,118,-1,63,118,65,-1,65,118,119,-1,65,119,67,-1,67,119,120,-1,67,120,69,-1,69,120,121,-1,69,121,71,-1,71,121,122,-1,71,122,73,-1,73,122,123,-1,73,123,74,-1,74,123,124,-1,74,124,33,-1,33,124,125,-1,33,125,31,-1,26,31,126,-1,126,31,125,-1,24,26,127,-1,127,26,126,-1,25,24,128,-1,128,24,127,-1,27,25,129,-1,129,25,128,-1,27,129,130,-1,27,130,43,-1,43,130,131,-1,43,131,45,-1,45,131,132,-1,45,132,47,-1,47,132,133,-1,47,133,49,-1,49,133,134,-1,49,134,51,-1,51,134,135,-1,51,135,53,-1,53,135,92,-1,53,92,55,-1,77,136,137,-1,77,137,29,-1,29,137,138,-1,29,138,30,-1,30,138,139,-1,30,139,35,-1,85,140,141,-1,85,141,83,-1,83,141,142,-1,83,142,81,-1,81,142,143,-1,81,143,79,-1,79,143,136,-1,79,136,77,-1,64,144,145,-1,64,145,62,-1,62,145,146,-1,62,146,89,-1,89,146,147,-1,89,147,87,-1,87,147,140,-1,87,140,85,-1,70,148,149,-1,70,149,68,-1,68,149,150,-1,68,150,66,-1,66,150,144,-1,66,144,64,-1,41,151,152,-1,41,152,32,-1,32,152,153,-1,32,153,34,-1,34,153,154,-1,34,154,72,-1,72,154,148,-1,72,148,70,-1,37,155,156,-1,37,156,38,-1,38,156,157,-1,38,157,39,-1,39,157,158,-1,39,158,40,-1,40,158,151,-1,40,151,41,-1,37,36,155,-1,155,36,159,-1,36,35,159,-1,159,35,139,-1,
        ]
    }
}
Shape{
    appearance Appearance {
        material  Material 	{
            diffuseColor 0.0 0.5019607843137255 0.0
            specularColor 0.0 0.25098039215686274 0.0
            ambientIntensity 0.2947
            transparency 0.0
            shininess 0.5
        }
    }
    geometry IndexedFaceSet {
        ccw TRUE
        solid FALSE
        coord DEF co Coordinate {
            point [
                -3.0418 -0.4893 1.4567, -3.0418 -0.4871 1.4567, -3.1188 -0.4865 1.4567, -3.0418 -0.4688 1.4567, -3.0864 -0.4748 1.4567, -3.1064 -0.4794 1.4567, -3.1143 -0.4832 1.4567, -3.044 -0.5042 1.4567, -3.1228 -0.4915 1.4567, -3.0489 -0.5161 1.4567, -3.1208 -0.5301 1.4567, -3.1179 -0.5329 1.4567, -3.0603 -0.5301 1.4567, -3.1246 -0.5244 1.4567, -3.0698 -0.5364 1.4567, -3.0799 -0.5401 1.4567, -3.0924 -0.5415 1.4567, -3.1257 -0.4977 1.4567, -3.1273 -0.5054 1.4567, -3.0561 -0.526 1.4567, -3.1276 -0.5107 1.4567, -3.1268 -0.5184 1.4567, -3.1113 -0.5375 1.4567, -3.1037 -0.5403 1.4567
            ]
        }
        coordIndex [
            0,1,2,-1,1,3,4,-1,4,5,1,-1,1,5,6,-1,1,6,2,-1,0,2,7,-1,7,2,8,-1,7,8,9,-1,10,11,12,-1,10,12,13,-1,14,12,15,-1,15,12,16,-1,8,17,9,-1,9,17,18,-1,9,18,19,-1,19,18,20,-1,19,20,12,-1,12,20,21,-1,12,21,13,-1,11,22,12,-1,12,22,23,-1,12,23,16,-1,
        ]
    }
}
Shape{
    appearance Appearance {
        material  Material 	{
            diffuseColor 0.0 0.0 0.0
            specularColor 0.0 0.0 0.0
            ambientIntensity 0.0
            transparency 0.0
            shininess 0.5
        }
    }
    geometry IndexedFaceSet {
        ccw TRUE
        solid FALSE
        coord DEF co Coordinate {
            point [
                -2.9081 -0.5417 1.4606, -2.9081 -0.5417 1.4567, -2.9306 -0.5388 1.4567, -2.9476 -0.5321 1.4567, -2.9515 -0.5305 1.4606, -2.9306 -0.5388 1.4606, -2.9515 -0.5305 1.4567, -2.9631 -0.5232 1.4567, -2.9631 -0.5232 1.4606, -2.9631 -0.5578 1.4606, -2.9631 -0.5578 1.4567, -2.9406 -0.5658 1.4606, -2.9476 -0.5633 1.4567, -2.9406 -0.5658 1.4567, -2.9113 -0.569 1.4567, -2.9113 -0.569 1.4606, -2.8839 -0.566 1.4567, -2.8839 -0.566 1.4606, -2.8657 -0.5596 1.4567, -2.8657 -0.5596 1.4606, -2.8558 -0.5538 1.4567, -2.8558 -0.5538 1.4606, -2.8462 -0.5454 1.4567, -2.8462 -0.5454 1.4606, -2.84 -0.5366 1.4567, -2.84 -0.5366 1.4606, -2.8359 -0.526 1.4567, -2.8359 -0.526 1.4606, -2.8343 -0.5126 1.4567, -2.8343 -0.5126 1.4606, -2.8357 -0.5001 1.4567, -2.8357 -0.5001 1.4606, -2.8393 -0.4903 1.4567, -2.8393 -0.4903 1.4606, -2.8455 -0.4811 1.4567, -2.8455 -0.4811 1.4606, -2.8535 -0.474 1.4567, -2.8535 -0.474 1.4606, -2.8757 -0.4616 1.4567, -2.8757 -0.4616 1.4606, -2.8886 -0.4564 1.4567, -2.8886 -0.4564 1.4606, -2.9093 -0.4474 1.4567, -2.9093 -0.4474 1.4606, -2.9211 -0.44 1.4567, -2.9211 -0.44 1.4606, -2.9244 -0.4364 1.4567, -2.9244 -0.4364 1.4606, -2.9268 -0.4319 1.4567, -2.9268 -0.4319 1.4606, -2.9281 -0.4267 1.4567, -2.9281 -0.4267 1.4606, -2.9284 -0.4223 1.4567, -2.9284 -0.4223 1.4606, -2.9278 -0.4169 1.4567, -2.9278 -0.4169 1.4606, -2.9261 -0.4124 1.4567, -2.9261 -0.4124 1.4606, -2.9233 -0.4082 1.4567, -2.9233 -0.4082 1.4606, -2.9182 -0.4037 1.4567, -2.9182 -0.4037 1.4606, -2.9107 -0.3997 1.4567, -2.9107 -0.3997 1.4606, -2.9018 -0.3974 1.4567, -2.9018 -0.3974 1.4606, -2.8919 -0.3966 1.4567, -2.8919 -0.3966 1.4606, -2.8686 -0.3995 1.4567, -2.8686 -0.3995 1.4606, -2.8496 -0.4068 1.4567, -2.8496 -0.4068 1.4606, -2.8435 -0.4104 1.4567, -2.8435 -0.4104 1.4606, -2.8435 -0.3779 1.4606, -2.8435 -0.3779 1.4567, -2.8673 -0.3712 1.4567, -2.8673 -0.3712 1.4606, -2.8886 -0.3695 1.4567, -2.8886 -0.3695 1.4606, -2.9141 -0.3723 1.4567, -2.9141 -0.3723 1.4606, -2.9322 -0.379 1.4567, -2.9322 -0.379 1.4606, -2.9414 -0.3846 1.4567, -2.9414 -0.3846 1.4606, -2.9513 -0.3935 1.4606, -2.9476 -0.3902 1.4567, -2.9513 -0.3935 1.4567, -2.9576 -0.4026 1.4567, -2.9576 -0.4026 1.4606, -2.9615 -0.4133 1.4567, -2.9615 -0.4133 1.4606, -2.9629 -0.4253 1.4567, -2.9629 -0.4253 1.4606, -2.9614 -0.4382 1.4567, -2.9614 -0.4382 1.4606, -2.9577 -0.4485 1.4567, -2.9577 -0.4485 1.4606, -2.9534 -0.4554 1.4567, -2.9534 -0.4554 1.4606, -2.9122 -0.4807 1.4567, -2.9122 -0.4807 1.4606, -2.9322 -0.4715 1.4606, -2.9479 -0.4611 1.4567, -2.9479 -0.4611 1.4606, -2.9476 -0.4613 1.4567, -2.9322 -0.4715 1.4567, -2.8903 -0.4899 1.4567, -2.8903 -0.4899 1.4606, -2.8772 -0.4977 1.4567, -2.8772 -0.4977 1.4606, -2.8731 -0.5021 1.4567, -2.8731 -0.5021 1.4606, -2.8705 -0.5065 1.4567, -2.8705 -0.5065 1.4606, -2.869 -0.5117 1.4567, -2.869 -0.5117 1.4606, -2.8686 -0.5159 1.4567, -2.8686 -0.5159 1.4606, -2.8693 -0.5223 1.4567, -2.8693 -0.5223 1.4606, -2.871 -0.527 1.4567, -2.871 -0.527 1.4606, -2.8739 -0.5313 1.4567, -2.8739 -0.5313 1.4606, -2.8778 -0.5347 1.4567, -2.8778 -0.5347 1.4606, -2.8808 -0.5366 1.4567, -2.8808 -0.5366 1.4606, -2.8895 -0.5397 1.4567, -2.8895 -0.5397 1.4606, -2.9066 -0.5417 1.4567, -2.9066 -0.5417 1.4606, -2.6686 -0.3738 1.4606, -2.6339 -0.3738 1.4606, -2.6686 -0.3738 1.4567, -2.6339 -0.3738 1.4567, -2.7207 -0.5174 1.4606, -2.7207 -0.5174 1.4567, -2.7232 -0.5263 1.4567, -2.7232 -0.5263 1.4606, -2.7248 -0.5328 1.4567, -2.7248 -0.5328 1.4606, -2.7256 -0.5328 1.4606, -2.7256 -0.5328 1.4567, -2.7297 -0.5171 1.4606, -2.7297 -0.5171 1.4567, -2.7795 -0.3738 1.4567, -2.7795 -0.3738 1.4606, -2.7634 -0.4202 1.4567, -2.8169 -0.3738 1.4606, -2.8169 -0.3738 1.4567, -2.7421 -0.564 1.4567, -2.7421 -0.564 1.4606, -2.7634 -0.51 1.4567, -2.7568 -0.5987 1.4606, -2.7568 -0.5987 1.4567, -2.7634 -0.6107 1.4567, -2.7634 -0.6107 1.4606, -2.7634 -0.6107 1.4567, -2.7696 -0.6177 1.4606, -2.7696 -0.6177 1.4567, -2.7757 -0.6219 1.4567, -2.7757 -0.6219 1.4606, -2.783 -0.6247 1.4567, -2.783 -0.6247 1.4606, -2.7911 -0.6256 1.4567, -2.7911 -0.6256 1.4606, -2.8032 -0.624 1.4567, -2.8032 -0.624 1.4606, -2.81 -0.6218 1.4567, -2.81 -0.6218 1.4606, -2.81 -0.6515 1.4606, -2.81 -0.6515 1.4567, -2.7959 -0.654 1.4567, -2.7959 -0.654 1.4606, -2.7885 -0.6542 1.4567, -2.7885 -0.6542 1.4606, -2.775 -0.6527 1.4567, -2.775 -0.6527 1.4606, -2.7634 -0.6483 1.4567, -2.7618 -0.6477 1.4606, -2.7618 -0.6477 1.4567, -2.7501 -0.6395 1.4567, -2.7501 -0.6395 1.4606, -2.7478 -0.6374 1.4567, -2.7478 -0.6374 1.4606, -2.7356 -0.6227 1.4567, -2.7356 -0.6227 1.4606, -2.7205 -0.5932 1.4567, -2.7205 -0.5932 1.4606, -2.4544 -0.534 1.4606, -2.4544 -0.5644 1.4606, -2.4544 -0.534 1.4567, -2.4544 -0.5644 1.4567, -2.5635 -0.534 1.4567, -2.5635 -0.534 1.4606, -2.5135 -0.534 1.4567, -2.5635 -0.4442 1.4606, -2.5635 -0.4442 1.4567, -2.468 -0.4442 1.4567, -2.468 -0.4442 1.4606, -2.5135 -0.4442 1.4567, -2.468 -0.4137 1.4606, -2.468 -0.4137 1.4567, -2.5635 -0.4137 1.4567, -2.5635 -0.4137 1.4606, -2.5135 -0.4137 1.4567, -2.5635 -0.3283 1.4606, -2.5635 -0.3283 1.4567, -2.4604 -0.3283 1.4567, -2.4604 -0.3283 1.4606, -2.5135 -0.3283 1.4567, -2.4604 -0.2976 1.4606, -2.4604 -0.2976 1.4567, -2.5979 -0.2976 1.4567, -2.5979 -0.2976 1.4606, -2.5135 -0.2976 1.4567, -2.5979 -0.5644 1.4606, -2.5979 -0.5644 1.4567, -2.5135 -0.5644 1.4567, -2.2377 -0.489 1.4606, -2.2514 -0.5062 1.4606, -2.2269 -0.5271 1.4606, -2.2548 -0.5093 1.4606, -2.2551 -0.5472 1.4606, -2.272 -0.5212 1.4606, -2.2856 -0.559 1.4606, -2.2942 -0.5297 1.4606, -2.3305 -0.5644 1.4606, -2.3307 -0.534 1.4606, -2.404 -0.5644 1.4606, -2.3695 -0.534 1.4606, -2.404 -0.2976 1.4606, -2.3695 -0.3283 1.4606, -2.3278 -0.2976 1.4606, -2.3292 -0.3283 1.4606, -2.2871 -0.3021 1.4606, -2.2945 -0.3321 1.4606, -2.2549 -0.3138 1.4606, -2.2714 -0.3405 1.4606, -2.2269 -0.3329 1.4606, -2.2522 -0.3534 1.4606, -2.2173 -0.3423 1.4606, -2.2426 -0.3632 1.4606, -2.2009 -0.3656 1.4606, -2.2328 -0.3788 1.4606, -2.191 -0.3911 1.4606, -2.2258 -0.3995 1.4606, -2.1867 -0.4276 1.4606, -2.2229 -0.4285 1.4606, -2.1879 -0.4489 1.4606, -2.2236 -0.4443 1.4606, -2.1952 -0.4794 1.4606, -2.2287 -0.469 1.4606, -2.2092 -0.5066 1.4606, -2.3305 -0.5644 1.4567, -2.404 -0.5644 1.4567, -2.2856 -0.559 1.4567, -2.2551 -0.5472 1.4567, -2.2269 -0.5271 1.4567, -2.2092 -0.5066 1.4567, -2.1952 -0.4794 1.4567, -2.1879 -0.4489 1.4567, -2.1867 -0.4276 1.4567, -2.191 -0.3911 1.4567, -2.2009 -0.3656 1.4567, -2.2173 -0.3423 1.4567, -2.2269 -0.3329 1.4567, -2.2549 -0.3138 1.4567, -2.2871 -0.3021 1.4567, -2.3278 -0.2976 1.4567, -2.404 -0.2976 1.4567, -2.3292 -0.3283 1.4567, -2.3695 -0.3283 1.4567, -2.3695 -0.534 1.4567, -2.3307 -0.534 1.4567, -2.2514 -0.5062 1.4567, -2.2548 -0.5093 1.4567, -2.272 -0.5212 1.4567, -2.2942 -0.5297 1.4567, -2.2229 -0.4285 1.4567, -2.2236 -0.4443 1.4567, -2.2287 -0.469 1.4567, -2.2377 -0.489 1.4567, -2.2522 -0.3534 1.4567, -2.2426 -0.3632 1.4567, -2.2328 -0.3788 1.4567, -2.2258 -0.3995 1.4567, -2.2945 -0.3321 1.4567, -2.2714 -0.3405 1.4567
            ]
        }
        coordIndex [
            0,1,2,-1,3,4,2,-1,2,4,5,-1,2,5,0,-1,3,6,4,-1,4,6,7,-1,4,7,8,-1,9,8,10,-1,10,8,7,-1,9,10,11,-1,11,10,12,-1,12,13,11,-1,11,13,14,-1,11,14,15,-1,15,14,16,-1,15,16,17,-1,17,16,18,-1,17,18,19,-1,19,18,20,-1,19,20,21,-1,21,20,22,-1,21,22,23,-1,23,22,24,-1,23,24,25,-1,25,24,26,-1,25,26,27,-1,27,26,28,-1,27,28,29,-1,29,28,30,-1,29,30,31,-1,31,30,32,-1,31,32,33,-1,33,32,34,-1,33,34,35,-1,35,34,36,-1,35,36,37,-1,37,36,38,-1,37,38,39,-1,39,38,40,-1,39,40,41,-1,41,40,42,-1,41,42,43,-1,43,42,44,-1,43,44,45,-1,45,44,46,-1,45,46,47,-1,47,46,48,-1,47,48,49,-1,49,48,50,-1,49,50,51,-1,51,50,52,-1,51,52,53,-1,53,52,54,-1,53,54,55,-1,55,54,56,-1,55,56,57,-1,57,56,58,-1,57,58,59,-1,59,58,60,-1,59,60,61,-1,61,60,62,-1,61,62,63,-1,63,62,64,-1,63,64,65,-1,65,64,66,-1,65,66,67,-1,67,66,68,-1,67,68,69,-1,69,68,70,-1,69,70,71,-1,71,70,72,-1,71,72,73,-1,74,73,75,-1,75,73,72,-1,74,75,76,-1,74,76,77,-1,77,76,78,-1,77,78,79,-1,79,78,80,-1,79,80,81,-1,81,80,82,-1,81,82,83,-1,83,82,84,-1,83,84,85,-1,85,84,86,-1,86,84,87,-1,87,88,86,-1,86,88,89,-1,86,89,90,-1,90,89,91,-1,90,91,92,-1,92,91,93,-1,92,93,94,-1,94,93,95,-1,94,95,96,-1,96,95,97,-1,96,97,98,-1,98,97,99,-1,98,99,100,-1,101,102,103,-1,100,99,104,-1,100,104,105,-1,105,104,106,-1,105,106,103,-1,103,106,107,-1,103,107,101,-1,102,101,108,-1,102,108,109,-1,109,108,110,-1,109,110,111,-1,111,110,112,-1,111,112,113,-1,113,112,114,-1,113,114,115,-1,115,114,116,-1,115,116,117,-1,117,116,118,-1,117,118,119,-1,119,118,120,-1,119,120,121,-1,121,120,122,-1,121,122,123,-1,123,122,124,-1,123,124,125,-1,125,124,126,-1,125,126,127,-1,127,126,128,-1,127,128,129,-1,129,128,130,-1,129,130,131,-1,131,130,132,-1,131,132,133,-1,133,132,1,-1,133,1,0,-1,59,61,83,-1,83,61,81,-1,109,41,102,-1,102,41,43,-1,15,0,11,-1,11,0,5,-1,11,5,9,-1,9,5,4,-1,9,4,8,-1,61,63,81,-1,81,63,65,-1,81,65,79,-1,79,65,67,-1,79,67,77,-1,77,67,69,-1,77,69,74,-1,74,69,71,-1,74,71,73,-1,19,21,125,-1,125,21,23,-1,125,23,123,-1,123,23,25,-1,123,25,121,-1,121,25,27,-1,121,27,119,-1,119,27,29,-1,119,29,117,-1,117,29,31,-1,117,31,115,-1,115,31,33,-1,115,33,113,-1,113,33,35,-1,113,35,111,-1,111,35,37,-1,111,37,109,-1,109,37,39,-1,109,39,41,-1,125,127,19,-1,19,127,129,-1,19,129,17,-1,17,129,131,-1,17,131,15,-1,15,131,133,-1,15,133,0,-1,83,85,59,-1,59,85,86,-1,59,86,57,-1,57,86,90,-1,57,90,55,-1,55,90,92,-1,55,92,53,-1,53,92,94,-1,53,94,51,-1,51,94,96,-1,51,96,49,-1,49,96,98,-1,49,98,47,-1,47,98,100,-1,47,100,45,-1,45,100,105,-1,45,105,43,-1,43,105,103,-1,43,103,102,-1,134,135,136,-1,136,135,137,-1,138,134,139,-1,139,134,136,-1,138,139,140,-1,138,140,141,-1,141,140,142,-1,141,142,143,-1,144,143,145,-1,145,143,142,-1,146,144,147,-1,147,144,145,-1,148,149,150,-1,150,149,146,-1,150,146,147,-1,151,149,152,-1,152,149,148,-1,153,154,155,-1,155,154,151,-1,155,151,152,-1,156,154,157,-1,157,154,153,-1,156,157,158,-1,156,158,159,-1,159,158,160,-1,159,160,161,-1,160,162,161,-1,161,162,163,-1,161,163,164,-1,164,163,165,-1,164,165,166,-1,166,165,167,-1,166,167,168,-1,168,167,169,-1,168,169,170,-1,170,169,171,-1,170,171,172,-1,173,172,174,-1,174,172,171,-1,173,174,175,-1,173,175,176,-1,176,175,177,-1,176,177,178,-1,178,177,179,-1,178,179,180,-1,180,179,181,-1,180,181,182,-1,181,183,182,-1,182,183,184,-1,182,184,185,-1,185,184,186,-1,185,186,187,-1,187,186,188,-1,187,188,189,-1,189,188,190,-1,189,190,191,-1,135,191,137,-1,137,191,190,-1,141,143,191,-1,135,134,191,-1,191,134,138,-1,191,138,141,-1,149,151,146,-1,146,151,154,-1,146,154,144,-1,189,159,187,-1,187,159,161,-1,172,173,170,-1,170,173,176,-1,170,176,168,-1,168,176,178,-1,168,178,166,-1,166,178,180,-1,166,180,164,-1,164,180,182,-1,164,182,161,-1,161,182,185,-1,161,185,187,-1,143,144,191,-1,191,144,154,-1,191,154,189,-1,189,154,156,-1,189,156,159,-1,192,193,194,-1,194,193,195,-1,196,197,198,-1,198,197,192,-1,198,192,194,-1,199,197,200,-1,200,197,196,-1,201,202,203,-1,203,202,199,-1,203,199,200,-1,204,202,205,-1,205,202,201,-1,206,207,208,-1,208,207,204,-1,208,204,205,-1,209,207,210,-1,210,207,206,-1,211,212,213,-1,213,212,209,-1,213,209,210,-1,214,212,215,-1,215,212,211,-1,216,217,218,-1,218,217,214,-1,218,214,215,-1,219,217,220,-1,220,217,216,-1,195,193,221,-1,221,193,219,-1,221,219,220,-1,219,193,192,-1,192,197,219,-1,219,197,199,-1,219,199,217,-1,212,214,209,-1,209,214,217,-1,209,217,207,-1,207,217,199,-1,207,199,204,-1,204,199,202,-1,222,223,224,-1,224,223,225,-1,224,225,226,-1,226,225,227,-1,226,227,228,-1,228,227,229,-1,228,229,230,-1,230,229,231,-1,230,231,232,-1,232,231,233,-1,232,233,234,-1,234,233,235,-1,234,235,236,-1,236,235,237,-1,236,237,238,-1,238,237,239,-1,238,239,240,-1,240,239,241,-1,240,241,242,-1,242,241,243,-1,242,243,244,-1,244,243,245,-1,244,245,246,-1,246,245,247,-1,246,247,248,-1,248,247,249,-1,248,249,250,-1,250,249,251,-1,250,251,252,-1,252,251,253,-1,252,253,254,-1,254,253,255,-1,254,255,256,-1,256,255,222,-1,256,222,224,-1,230,232,257,-1,257,232,258,-1,230,257,259,-1,230,259,228,-1,228,259,260,-1,228,260,226,-1,226,260,261,-1,226,261,224,-1,224,261,262,-1,224,262,256,-1,256,262,263,-1,256,263,254,-1,254,263,264,-1,254,264,252,-1,252,264,265,-1,252,265,250,-1,250,265,266,-1,250,266,248,-1,248,266,267,-1,248,267,246,-1,246,267,268,-1,246,268,244,-1,244,268,269,-1,244,269,242,-1,242,269,270,-1,242,270,240,-1,240,270,271,-1,240,271,238,-1,238,271,272,-1,238,272,236,-1,234,236,273,-1,273,236,272,-1,232,234,258,-1,258,234,273,-1,237,235,274,-1,274,235,275,-1,235,233,275,-1,275,233,276,-1,233,231,276,-1,276,231,277,-1,223,278,279,-1,223,279,225,-1,225,279,280,-1,225,280,227,-1,227,280,281,-1,227,281,229,-1,229,281,277,-1,229,277,231,-1,251,282,283,-1,251,283,253,-1,253,283,284,-1,253,284,255,-1,255,284,285,-1,255,285,222,-1,222,285,278,-1,222,278,223,-1,243,286,287,-1,243,287,245,-1,245,287,288,-1,245,288,247,-1,247,288,289,-1,247,289,249,-1,249,289,282,-1,249,282,251,-1,237,274,290,-1,237,290,239,-1,239,290,291,-1,239,291,241,-1,241,291,286,-1,241,286,243,-1,
        ]
    }
}
Shape{
    appearance Appearance {
        material  Material 	{
            diffuseColor 0.0 0.5019607843137255 0.0
            specularColor 0.0 0.25098039215686274 0.0
            ambientIntensity 0.2947
            transparency 0.0
            shininess 0.5
        }
    }
    geometry IndexedFaceSet {
        ccw TRUE
        solid FALSE
        coord DEF co Coordinate {
            point [
                -2.3695 -0.3283 1.4567, -2.3695 -0.534 1.4567, -2.3292 -0.3283 1.4567, -2.3307 -0.534 1.4567, -2.2942 -0.5297 1.4567, -2.272 -0.5212 1.4567, -2.2548 -0.5093 1.4567, -2.2514 -0.5062 1.4567, -2.2236 -0.4443 1.4567, -2.2229 -0.4285 1.4567, -2.2258 -0.3995 1.4567, -2.2328 -0.3788 1.4567, -2.2426 -0.3632 1.4567, -2.2522 -0.3534 1.4567, -2.2945 -0.3321 1.4567, -2.2714 -0.3405 1.4567, -2.2377 -0.489 1.4567, -2.2287 -0.469 1.4567
            ]
        }
        coordIndex [
            0,1,2,-1,2,1,3,-1,2,3,4,-1,4,5,2,-1,2,5,6,-1,2,6,7,-1,8,9,2,-1,2,9,10,-1,2,10,11,-1,11,12,2,-1,2,12,13,-1,2,13,14,-1,14,13,15,-1,7,16,2,-1,2,16,17,-1,2,17,8,-1,
        ]
    }
}
Shape{
    appearance Appearance {
        material  Material 	{
            diffuseColor 0.0 0.0 0.0
            specularColor 0.0 0.0 0.0
            ambientIntensity 0.0
            transparency 0.0
            shininess 0.5
        }
    }
    geometry IndexedFaceSet {
        ccw TRUE
        solid FALSE
        coord DEF co Coordinate {
            point [
                -2.0972 -0.4613 1.4606, -2.1081 -0.4914 1.4606, -2.0076 -0.4613 1.4606, -1.997 -0.4914 1.4606, -2.0573 -0.3504 1.4606, -2.0702 -0.2976 1.4606, -2.1719 -0.5644 1.4606, -2.1338 -0.5644 1.4606, -2.055 -0.3424 1.4606, -2.0529 -0.3317 1.4606, -2.0334 -0.2976 1.4606, -2.0521 -0.3317 1.4606, -2.05 -0.343 1.4606, -2.048 -0.3504 1.4606, -1.9317 -0.5644 1.4606, -1.9698 -0.5644 1.4606, -2.0334 -0.2976 1.4567, -1.9317 -0.5644 1.4567, -2.0702 -0.2976 1.4567, -2.1719 -0.5644 1.4567, -2.1338 -0.5644 1.4567, -2.1081 -0.4914 1.4567, -1.997 -0.4914 1.4567, -1.9698 -0.5644 1.4567, -2.0972 -0.4613 1.4567, -2.0076 -0.4613 1.4567, -2.048 -0.3504 1.4567, -2.0521 -0.3317 1.4567, -2.05 -0.343 1.4567, -2.0529 -0.3317 1.4567, -2.0573 -0.3504 1.4567, -2.055 -0.3424 1.4567
            ]
        }
        coordIndex [
            0,1,2,-1,2,1,3,-1,4,5,0,-1,0,5,6,-1,0,6,1,-1,1,6,7,-1,4,8,5,-1,5,8,9,-1,5,9,10,-1,10,9,11,-1,10,11,12,-1,12,13,10,-1,10,13,2,-1,10,2,14,-1,14,2,3,-1,14,3,15,-1,10,14,16,-1,16,14,17,-1,5,10,18,-1,18,10,16,-1,6,5,19,-1,19,5,18,-1,7,6,20,-1,20,6,19,-1,1,7,21,-1,21,7,20,-1,3,1,22,-1,22,1,21,-1,15,3,23,-1,23,3,22,-1,14,15,17,-1,17,15,23,-1,0,2,24,-1,24,2,25,-1,2,13,25,-1,25,13,26,-1,11,27,28,-1,11,28,12,-1,12,28,26,-1,12,26,13,-1,11,9,27,-1,27,9,29,-1,4,30,31,-1,4,31,8,-1,8,31,29,-1,8,29,9,-1,4,0,30,-1,30,0,24,-1,
        ]
    }
}
Shape{
    appearance Appearance {
        material  Material 	{
            diffuseColor 0.0 0.5019607843137255 0.0
            specularColor 0.0 0.25098039215686274 0.0
            ambientIntensity 0.2947
            transparency 0.0
            shininess 0.5
        }
    }
    geometry IndexedFaceSet {
        ccw TRUE
        solid FALSE
        coord DEF co Coordinate {
            point [
                -2.0521 -0.3317 1.4567, -2.0529 -0.3317 1.4567, -2.05 -0.343 1.4567, -2.055 -0.3424 1.4567, -2.048 -0.3504 1.4567, -2.0573 -0.3504 1.4567, -2.0076 -0.4613 1.4567, -2.0972 -0.4613 1.4567
            ]
        }
        coordIndex [
            0,1,2,-1,2,1,3,-1,2,3,4,-1,4,3,5,-1,4,5,6,-1,6,5,7,-1,
        ]
    }
}
Shape{
    appearance Appearance {
        material  Material 	{
            diffuseColor 0.0 0.0 0.0
            specularColor 0.0 0.0 0.0
            ambientIntensity 0.0
            transparency 0.0
            shininess 0.5
        }
    }
    geometry IndexedFaceSet {
        ccw TRUE
        solid FALSE
        coord DEF co Coordinate {
            point [
                -4.5158 -0.6024 1.4606, -4.4875 -0.6372 1.4606, -4.5329 -0.4344 1.4606, -4.5661 -0.1048 1.4606, -4.5238 -0.0823 1.4606, -4.5337 0.0345 1.4606, -4.4153 0.04 1.4606, -4.3565 -0.0986 1.4606, -4.3274 -0.0385 1.4606, -4.5743 -0.4089 1.4606, -4.5589 -0.5544 1.4606, -4.5348 -0.5616 1.4606, -4.4589 0.0438 1.4606, -4.3407 -0.4305 1.4606, -4.323 -0.4368 1.4606, -4.1648 -0.4819 1.4606, -4.3078 -0.4471 1.4606, -4.2955 -0.4607 1.4606, -3.8991 -0.3415 1.4606, -3.958 -0.2409 1.4606, -4.2122 -0.3737 1.4606, -4.3565 -0.4287 1.4606, -4.375 -0.4311 1.4606, -4.3999 -0.3148 1.4606, -4.3916 -0.4377 1.4606, -4.4419 -0.3308 1.4606, -4.4064 -0.4482 1.4606, -4.4806 -0.3578 1.4606, -4.4139 -0.4561 1.4606, -4.512 -0.3937 1.4606, -4.4237 -0.4718 1.4606, -4.4293 -0.4897 1.4606, -4.4303 -0.5082 1.4606, -4.2857 -0.3219 1.4606, -4.3315 -0.3106 1.4606, -4.3546 -0.3092 1.4606, -4.2873 -0.4763 1.4606, -4.283 -0.4939 1.4606, -4.1648 -0.5009 1.4606, -4.2829 -0.5113 1.4606, -4.1658 -0.5208 1.4606, -3.8365 -0.1536 1.4606, -3.8213 -0.1536 1.4606, -3.7435 -0.0511 1.4606, -3.7852 -0.1581 1.4606, -3.7343 -0.0542 1.4606, -3.7521 -0.1708 1.4606, -3.6778 -0.0822 1.4606, -3.6263 -0.1258 1.4606, -4.3764 0.0853 1.4606, -4.2849 0.0123 1.4606, -4.3318 0.1235 1.4606, -4.2341 0.0495 1.4606, -4.2854 0.1522 1.4606, -4.477 -0.0711 1.4606, -4.457 -0.0701 1.4606, -4.4371 0.0426 1.4606, -4.4123 -0.0757 1.4606, -4.3698 -0.0913 1.4606, -4.2454 -0.3435 1.4606, -3.6259 -0.48 1.4606, -3.7142 -0.4046 1.4606, -3.6775 -0.5237 1.4606, -3.7423 -0.4275 1.4606, -3.7354 -0.552 1.4606, -3.7757 -0.4431 1.4606, -3.7986 -0.5654 1.4606, -3.8099 -0.4496 1.4606, -3.9105 -0.5654 1.4606, -3.8953 -0.4496 1.4606, -3.9212 -0.5637 1.4606, -4.4268 -0.526 1.4606, -4.4192 -0.5419 1.4606, -3.7226 -0.1914 1.4606, -3.7009 -0.2156 1.4606, -3.5876 -0.1797 1.4606, -3.6832 -0.2484 1.4606, -3.5644 -0.2377 1.4606, -3.6743 -0.2848 1.4606, -3.5557 -0.2997 1.4606, -3.6733 -0.3016 1.4606, -3.5644 -0.3674 1.4606, -3.6779 -0.3386 1.4606, -3.5882 -0.4275 1.4606, -3.691 -0.3724 1.4606, -3.7119 -0.402 1.4606, -3.846 0.0988 1.4606, -3.9204 0.0117 1.4606, -3.783 0.0258 1.4606, -3.8775 -0.0394 1.4606, -3.8482 -0.1005 1.4606, -4.6411 -0.2139 1.4606, -4.7658 -0.2455 1.4606, -4.6468 -0.2599 1.4606, -4.7663 -0.2637 1.4606, -4.6445 -0.2893 1.4606, -4.7571 -0.338 1.4606, -4.6308 -0.3357 1.4606, -4.73 -0.4087 1.4606, -4.6083 -0.374 1.4606, -4.6866 -0.4705 1.4606, -4.6274 -0.521 1.4606, -4.177 -0.5676 1.4606, -4.2875 -0.5295 1.4606, -4.1995 -0.6099 1.4606, -4.2963 -0.5458 1.4606, -4.2285 -0.6424 1.4606, -4.3066 -0.5574 1.4606, -4.2662 -0.6687 1.4606, -4.321 -0.5677 1.4606, -4.3086 -0.6849 1.4606, -4.3375 -0.5743 1.4606, -4.3546 -0.6906 1.4606, -4.3565 -0.5768 1.4606, -4.3618 -0.6905 1.4606, -4.3597 -0.5767 1.4606, -4.4066 -0.6835 1.4606, -4.3767 -0.5739 1.4606, -4.4504 -0.6651 1.4606, -4.3939 -0.5665 1.4606, -4.4084 -0.5554 1.4606, -4.1979 0.1859 1.4606, -4.1721 0.0746 1.4606, -4.1041 0.1975 1.4606, -4.1022 0.0836 1.4606, -4.0229 0.1886 1.4606, -4.0378 0.0757 1.4606, -3.928 0.1543 1.4606, -3.9783 0.0529 1.4606, -3.925 0.0159 1.4606, -4.604 0.0072 1.4606, -4.6644 -0.0352 1.4606, -4.5985 -0.1338 1.4606, -4.6772 -0.0473 1.4606, -4.6248 -0.1715 1.4606, -4.7228 -0.1058 1.4606, -4.7531 -0.1742 1.4606, -3.9049 -0.4479 1.4606, -3.9505 -0.5455 1.4606, -3.9461 -0.55 1.4606, -3.8992 -0.4491 1.4606, -3.9338 -0.5587 1.4606, -3.9655 -0.5065 1.4606, -3.9637 -0.5207 1.4606, -3.9587 -0.5336 1.4606, -3.9214 -0.4496 1.4606, -3.9344 -0.4548 1.4606, -3.9651 -0.4991 1.4606, -3.9461 -0.463 1.4606, -3.954 -0.4717 1.4606, -3.9613 -0.4846 1.4606, -3.9067 -0.4477 1.4606, -3.5557 -0.2997 1.4567, -3.5644 -0.2377 1.4567, -3.5673 -0.2305 1.4567, -3.5876 -0.1797 1.4567, -3.6057 -0.1545 1.4567, -3.6263 -0.1258 1.4567, -3.6778 -0.0822 1.4567, -3.7343 -0.0542 1.4567, -3.7435 -0.0511 1.4567, -3.783 0.0258 1.4567, -3.846 0.0988 1.4567, -3.928 0.1543 1.4567, -4.0229 0.1886 1.4567, -4.1041 0.1975 1.4567, -4.1979 0.1859 1.4567, -4.2854 0.1522 1.4567, -4.3318 0.1235 1.4567, -4.3764 0.0853 1.4567, -4.4153 0.04 1.4567, -4.4371 0.0426 1.4567, -4.4589 0.0438 1.4567, -4.5337 0.0345 1.4567, -4.604 0.0072 1.4567, -4.6644 -0.0352 1.4567, -4.6772 -0.0473 1.4567, -4.7663 -0.2637 1.4567, -4.7228 -0.1058 1.4567, -4.7443 -0.1545 1.4567, -4.7531 -0.1742 1.4567, -4.7631 -0.2305 1.4567, -4.7658 -0.2455 1.4567, -4.7571 -0.338 1.4567, -4.73 -0.4087 1.4567, -4.6866 -0.4705 1.4567, -4.6274 -0.521 1.4567, -4.5589 -0.5544 1.4567, -4.5348 -0.5616 1.4567, -4.5158 -0.6024 1.4567, -4.4875 -0.6372 1.4567, -4.4504 -0.6651 1.4567, -4.433 -0.6724 1.4567, -4.4066 -0.6835 1.4567, -4.3618 -0.6905 1.4567, -4.3546 -0.6906 1.4567, -4.3086 -0.6849 1.4567, -4.276 -0.6724 1.4567, -4.2662 -0.6687 1.4567, -4.2285 -0.6424 1.4567, -4.1995 -0.6099 1.4567, -4.177 -0.5676 1.4567, -4.1658 -0.5208 1.4567, -4.1648 -0.5009 1.4567, -4.1648 -0.4819 1.4567, -3.8991 -0.3415 1.4567, -3.958 -0.2409 1.4567, -4.2122 -0.3737 1.4567, -4.2454 -0.3435 1.4567, -4.2857 -0.3219 1.4567, -4.3315 -0.3106 1.4567, -4.3546 -0.3092 1.4567, -4.3999 -0.3148 1.4567, -4.4419 -0.3308 1.4567, -4.4806 -0.3578 1.4567, -4.512 -0.3937 1.4567, -4.5329 -0.4344 1.4567, -4.5743 -0.4089 1.4567, -4.6083 -0.374 1.4567, -4.6308 -0.3357 1.4567, -4.6445 -0.2893 1.4567, -4.6468 -0.2599 1.4567, -4.6432 -0.2305 1.4567, -4.6411 -0.2139 1.4567, -4.6248 -0.1715 1.4567, -4.613 -0.1545 1.4567, -4.5985 -0.1338 1.4567, -4.5661 -0.1048 1.4567, -4.5238 -0.0823 1.4567, -4.477 -0.0711 1.4567, -4.457 -0.0701 1.4567, -4.4123 -0.0757 1.4567, -4.3698 -0.0913 1.4567, -4.3565 -0.0986 1.4567, -4.3274 -0.0385 1.4567, -4.2849 0.0123 1.4567, -4.2341 0.0495 1.4567, -4.1721 0.0746 1.4567, -4.1022 0.0836 1.4567, -4.0378 0.0757 1.4567, -3.9783 0.0529 1.4567, -3.925 0.0159 1.4567, -3.9204 0.0117 1.4567, -3.8775 -0.0394 1.4567, -3.8482 -0.1005 1.4567, -3.8365 -0.1536 1.4567, -3.8213 -0.1536 1.4567, -3.8143 -0.1545 1.4567, -3.7852 -0.1581 1.4567, -3.7521 -0.1708 1.4567, -3.7226 -0.1914 1.4567, -3.7009 -0.2156 1.4567, -3.6929 -0.2305 1.4567, -3.6832 -0.2484 1.4567, -3.6743 -0.2848 1.4567, -3.6733 -0.3016 1.4567, -3.6779 -0.3386 1.4567, -3.691 -0.3724 1.4567, -3.7119 -0.402 1.4567, -3.7142 -0.4046 1.4567, -3.7423 -0.4275 1.4567, -3.7757 -0.4431 1.4567, -3.8099 -0.4496 1.4567, -3.8953 -0.4496 1.4567, -3.8992 -0.4491 1.4567, -3.9049 -0.4479 1.4567, -3.9067 -0.4477 1.4567, -3.9214 -0.4496 1.4567, -3.9344 -0.4548 1.4567, -3.9461 -0.463 1.4567, -3.954 -0.4717 1.4567, -3.9613 -0.4846 1.4567, -3.9651 -0.4991 1.4567, -3.9655 -0.5065 1.4567, -3.9637 -0.5207 1.4567, -3.9587 -0.5336 1.4567, -3.9505 -0.5455 1.4567, -3.9461 -0.55 1.4567, -3.9338 -0.5587 1.4567, -3.9212 -0.5637 1.4567, -3.9105 -0.5654 1.4567, -3.7986 -0.5654 1.4567, -3.7354 -0.552 1.4567, -3.6775 -0.5237 1.4567, -3.6259 -0.48 1.4567, -3.5882 -0.4275 1.4567, -3.5644 -0.3674 1.4567, -4.3565 -0.4287 1.4567, -4.3407 -0.4305 1.4567, -4.323 -0.4368 1.4567, -4.3078 -0.4471 1.4567, -4.2955 -0.4607 1.4567, -4.2873 -0.4763 1.4567, -4.283 -0.4939 1.4567, -4.2829 -0.5113 1.4567, -4.2875 -0.5295 1.4567, -4.2963 -0.5458 1.4567, -4.3066 -0.5574 1.4567, -4.321 -0.5677 1.4567, -4.3375 -0.5743 1.4567, -4.3565 -0.5768 1.4567, -4.3597 -0.5767 1.4567, -4.3767 -0.5739 1.4567, -4.3939 -0.5665 1.4567, -4.4084 -0.5554 1.4567, -4.4192 -0.5419 1.4567, -4.4268 -0.526 1.4567, -4.4303 -0.5082 1.4567, -4.4293 -0.4897 1.4567, -4.4237 -0.4718 1.4567, -4.4139 -0.4561 1.4567, -4.4064 -0.4482 1.4567, -4.3916 -0.4377 1.4567, -4.375 -0.4311 1.4567
            ]
        }
        coordIndex [
            0,1,2,-1,3,4,5,-1,6,7,8,-1,9,10,2,-1,2,10,11,-1,2,11,0,-1,5,4,12,-1,13,14,15,-1,15,14,16,-1,15,16,17,-1,18,19,15,-1,15,19,20,-1,15,20,13,-1,13,20,21,-1,22,23,24,-1,24,23,25,-1,24,25,26,-1,26,25,27,-1,26,27,28,-1,28,27,29,-1,28,29,30,-1,30,29,2,-1,30,2,31,-1,31,2,32,-1,33,34,22,-1,22,34,35,-1,22,35,23,-1,17,36,15,-1,15,36,37,-1,15,37,38,-1,38,37,39,-1,38,39,40,-1,41,42,43,-1,43,42,44,-1,43,44,45,-1,45,44,46,-1,45,46,47,-1,47,46,48,-1,6,8,49,-1,49,8,50,-1,49,50,51,-1,51,50,52,-1,51,52,53,-1,4,54,12,-1,12,54,55,-1,12,55,56,-1,56,55,57,-1,56,57,6,-1,6,57,58,-1,6,58,7,-1,21,20,22,-1,22,20,59,-1,22,59,33,-1,60,61,62,-1,62,61,63,-1,62,63,64,-1,64,63,65,-1,64,65,66,-1,66,65,67,-1,66,67,68,-1,68,67,69,-1,68,69,70,-1,32,2,71,-1,71,2,1,-1,71,1,72,-1,46,73,48,-1,48,73,74,-1,48,74,75,-1,75,74,76,-1,75,76,77,-1,77,76,78,-1,77,78,79,-1,79,78,80,-1,79,80,81,-1,81,80,82,-1,81,82,83,-1,83,82,84,-1,83,84,60,-1,60,84,85,-1,60,85,61,-1,86,87,88,-1,88,87,89,-1,88,89,43,-1,43,89,90,-1,43,90,41,-1,91,92,93,-1,93,92,94,-1,93,94,95,-1,95,94,96,-1,95,96,97,-1,97,96,98,-1,97,98,99,-1,99,98,100,-1,99,100,9,-1,9,100,101,-1,9,101,10,-1,40,39,102,-1,102,39,103,-1,102,103,104,-1,104,103,105,-1,104,105,106,-1,106,105,107,-1,106,107,108,-1,108,107,109,-1,108,109,110,-1,110,109,111,-1,110,111,112,-1,112,111,113,-1,112,113,114,-1,114,113,115,-1,114,115,116,-1,116,115,117,-1,116,117,118,-1,118,117,119,-1,118,119,1,-1,1,119,120,-1,1,120,72,-1,53,52,121,-1,121,52,122,-1,121,122,123,-1,123,122,124,-1,123,124,125,-1,125,124,126,-1,125,126,127,-1,127,126,128,-1,127,128,86,-1,86,128,129,-1,86,129,87,-1,5,130,3,-1,3,130,131,-1,3,131,132,-1,132,131,133,-1,132,133,134,-1,134,133,135,-1,134,135,91,-1,91,135,136,-1,91,136,92,-1,137,138,139,-1,69,140,70,-1,70,140,137,-1,70,137,141,-1,141,137,139,-1,142,143,137,-1,137,143,144,-1,137,144,138,-1,145,146,147,-1,146,148,147,-1,147,148,149,-1,147,149,150,-1,142,137,147,-1,147,137,151,-1,147,151,145,-1,79,152,153,-1,79,153,77,-1,77,153,154,-1,77,154,75,-1,154,155,75,-1,75,155,156,-1,75,156,48,-1,156,157,48,-1,48,157,158,-1,48,158,47,-1,47,158,159,-1,47,159,45,-1,45,159,160,-1,45,160,43,-1,43,160,161,-1,43,161,88,-1,88,161,162,-1,88,162,86,-1,86,162,163,-1,86,163,127,-1,127,163,164,-1,127,164,125,-1,125,164,165,-1,125,165,123,-1,123,165,166,-1,123,166,121,-1,121,166,167,-1,121,167,53,-1,53,167,168,-1,53,168,51,-1,51,168,169,-1,51,169,49,-1,49,169,170,-1,49,170,6,-1,6,170,171,-1,6,171,56,-1,56,171,172,-1,56,172,12,-1,12,172,173,-1,12,173,5,-1,5,173,174,-1,5,174,130,-1,130,174,175,-1,130,175,131,-1,131,175,176,-1,131,176,133,-1,177,94,92,-1,133,176,178,-1,133,178,135,-1,135,178,179,-1,135,179,136,-1,179,180,136,-1,136,180,181,-1,136,181,92,-1,92,181,182,-1,92,182,177,-1,94,177,183,-1,94,183,96,-1,96,183,184,-1,96,184,98,-1,98,184,185,-1,98,185,100,-1,100,185,186,-1,100,186,101,-1,101,186,187,-1,101,187,10,-1,10,187,188,-1,10,188,11,-1,11,188,189,-1,11,189,0,-1,0,189,190,-1,0,190,1,-1,1,190,191,-1,1,191,118,-1,118,191,192,-1,118,192,116,-1,192,193,116,-1,116,193,194,-1,116,194,114,-1,114,194,195,-1,114,195,112,-1,112,195,196,-1,197,108,196,-1,196,108,110,-1,196,110,112,-1,197,198,108,-1,108,198,199,-1,108,199,106,-1,106,199,200,-1,106,200,104,-1,104,200,201,-1,104,201,102,-1,102,201,202,-1,102,202,40,-1,40,202,203,-1,40,203,38,-1,15,38,204,-1,204,38,203,-1,18,15,205,-1,205,15,204,-1,19,18,206,-1,206,18,205,-1,20,19,207,-1,207,19,206,-1,20,207,208,-1,20,208,59,-1,59,208,209,-1,59,209,33,-1,33,209,210,-1,33,210,34,-1,34,210,211,-1,34,211,35,-1,35,211,212,-1,35,212,23,-1,23,212,213,-1,23,213,25,-1,25,213,214,-1,25,214,27,-1,27,214,215,-1,27,215,29,-1,29,215,216,-1,29,216,2,-1,2,216,217,-1,2,217,9,-1,9,217,218,-1,9,218,99,-1,99,218,219,-1,99,219,97,-1,97,219,220,-1,97,220,95,-1,95,220,221,-1,95,221,93,-1,91,93,222,-1,222,93,221,-1,222,223,91,-1,91,223,224,-1,91,224,134,-1,134,224,225,-1,134,225,132,-1,225,226,132,-1,132,226,227,-1,132,227,3,-1,3,227,228,-1,3,228,4,-1,4,228,229,-1,4,229,54,-1,54,229,230,-1,54,230,55,-1,55,230,231,-1,55,231,57,-1,57,231,232,-1,57,232,58,-1,58,232,233,-1,58,233,7,-1,7,233,234,-1,7,234,8,-1,8,234,235,-1,8,235,50,-1,50,235,236,-1,50,236,52,-1,52,236,237,-1,52,237,122,-1,122,237,238,-1,122,238,124,-1,124,238,239,-1,124,239,126,-1,126,239,240,-1,126,240,128,-1,128,240,241,-1,128,241,129,-1,129,241,242,-1,129,242,87,-1,87,242,243,-1,87,243,89,-1,89,243,244,-1,89,244,90,-1,90,244,245,-1,90,245,41,-1,42,41,246,-1,246,41,245,-1,42,246,247,-1,42,247,44,-1,247,248,44,-1,44,248,249,-1,44,249,46,-1,46,249,250,-1,46,250,73,-1,73,250,251,-1,73,251,74,-1,74,251,252,-1,74,252,76,-1,252,253,76,-1,76,253,254,-1,76,254,78,-1,78,254,255,-1,78,255,80,-1,80,255,256,-1,80,256,82,-1,82,256,257,-1,82,257,84,-1,84,257,258,-1,84,258,85,-1,85,258,259,-1,85,259,61,-1,61,259,260,-1,61,260,63,-1,63,260,261,-1,63,261,65,-1,65,261,262,-1,65,262,67,-1,69,67,263,-1,263,67,262,-1,69,263,264,-1,69,264,140,-1,140,264,265,-1,140,265,137,-1,137,265,266,-1,137,266,151,-1,151,266,267,-1,151,267,145,-1,145,267,268,-1,145,268,146,-1,146,268,269,-1,146,269,148,-1,148,269,270,-1,148,270,149,-1,149,270,271,-1,149,271,150,-1,150,271,272,-1,150,272,147,-1,147,272,273,-1,147,273,142,-1,142,273,274,-1,142,274,143,-1,143,274,275,-1,143,275,144,-1,144,275,276,-1,144,276,138,-1,138,276,277,-1,138,277,139,-1,139,277,278,-1,139,278,141,-1,141,278,279,-1,141,279,70,-1,70,279,280,-1,70,280,68,-1,66,68,281,-1,281,68,280,-1,66,281,282,-1,66,282,64,-1,64,282,283,-1,64,283,62,-1,62,283,284,-1,62,284,60,-1,60,284,285,-1,60,285,83,-1,83,285,286,-1,83,286,81,-1,81,286,152,-1,81,152,79,-1,21,287,288,-1,21,288,13,-1,13,288,289,-1,13,289,14,-1,14,289,290,-1,14,290,16,-1,16,290,291,-1,16,291,17,-1,17,291,292,-1,17,292,36,-1,36,292,293,-1,36,293,37,-1,37,293,294,-1,37,294,39,-1,39,294,295,-1,39,295,103,-1,103,295,296,-1,103,296,105,-1,105,296,297,-1,105,297,107,-1,107,297,298,-1,107,298,109,-1,109,298,299,-1,109,299,111,-1,111,299,300,-1,111,300,113,-1,113,300,301,-1,113,301,115,-1,115,301,302,-1,115,302,117,-1,117,302,303,-1,117,303,119,-1,119,303,304,-1,119,304,120,-1,120,304,305,-1,120,305,72,-1,72,305,306,-1,72,306,71,-1,71,306,307,-1,71,307,32,-1,32,307,308,-1,32,308,31,-1,31,308,309,-1,31,309,30,-1,30,309,310,-1,30,310,28,-1,28,310,311,-1,28,311,26,-1,26,311,312,-1,26,312,24,-1,24,312,313,-1,24,313,22,-1,22,313,287,-1,22,287,21,-1,
        ]
    }
}
Shape{
    appearance Appearance {
        material  Material 	{
            diffuseColor 0.0 0.5019607843137255 0.0
            specularColor 0.0 0.25098039215686274 0.0
            ambientIntensity 0.2947
            transparency 0.0
            shininess 0.5
        }
    }
    geometry IndexedFaceSet {
        ccw TRUE
        solid FALSE
        coord DEF co Coordinate {
            point [
                -4.3597 -0.5767 1.4567, -4.4064 -0.4482 1.4567, -4.4139 -0.4561 1.4567, -4.3375 -0.5743 1.4567, -4.321 -0.5677 1.4567, -4.3407 -0.4305 1.4567, -4.3565 -0.4287 1.4567, -4.375 -0.4311 1.4567, -4.3916 -0.4377 1.4567, -4.4268 -0.526 1.4567, -4.4192 -0.5419 1.4567, -4.4084 -0.5554 1.4567, -4.3565 -0.5768 1.4567, -4.4237 -0.4718 1.4567, -4.4293 -0.4897 1.4567, -4.4303 -0.5082 1.4567, -4.3939 -0.5665 1.4567, -4.3767 -0.5739 1.4567, -4.3066 -0.5574 1.4567, -4.2963 -0.5458 1.4567, -4.2875 -0.5295 1.4567, -4.2829 -0.5113 1.4567, -4.283 -0.4939 1.4567, -4.2873 -0.4763 1.4567, -4.2955 -0.4607 1.4567, -4.3078 -0.4471 1.4567, -4.323 -0.4368 1.4567
            ]
        }
        coordIndex [
            0,1,2,-1,3,4,5,-1,6,7,0,-1,0,7,8,-1,0,8,1,-1,9,10,2,-1,2,10,11,-1,6,0,5,-1,5,0,12,-1,5,12,3,-1,13,14,2,-1,2,14,15,-1,2,15,9,-1,11,16,2,-1,2,16,17,-1,2,17,0,-1,4,18,5,-1,5,18,19,-1,5,19,20,-1,20,21,5,-1,5,21,22,-1,5,22,23,-1,23,24,5,-1,5,24,25,-1,5,25,26,-1,
        ]
    }
}