ISO-10303-21;
HEADER;
FILE_DESCRIPTION (( 'STEP AP203' ),
    '1' );
FILE_NAME ('OLED-TH_L35.4-W33.5_HS13L03W2C01.STEP',
    '2024-08-19T08:08:52',
    ( 'PC' ),
    ( 'Microsoft' ),
    'SwSTEP 2.0',
    'SolidWorks 2020',
    '' );
FILE_SCHEMA (( 'CONFIG_CONTROL_DESIGN' ));
ENDSEC;

DATA;
#1 = EDGE_LOOP ( 'NONE', ( #8279, #2150, #9997, #7920 ) ) ;
#2 = CARTESIAN_POINT ( 'NONE',  ( -11.87997449268630135, 14.64476443637584246, 1.209999999999999964 ) ) ;
#3 = ORIENTED_EDGE ( 'NONE', *, *, #4424, .F. ) ;
#4 = EDGE_CURVE ( 'NONE', #8350, #10557, #11087, .T. ) ;
#5 = EDGE_CURVE ( 'NONE', #5389, #1207, #3024, .T. ) ;
#6 = CARTESIAN_POINT ( 'NONE',  ( -9.768833352355718702, 15.01590115727772812, 1.209999999999999964 ) ) ;
#7 = VERTEX_POINT ( 'NONE', #7835 ) ;
#8 = B_SPLINE_SURFACE_WITH_KNOTS ( 'NONE', 3, 1, ( 
 ( #8212, #10898 ),
 ( #10841, #646 ),
 ( #7363, #2286 ),
 ( #9238, #5648 ) ),
 .UNSPECIFIED., .F., .F., .F.,
 ( 4, 4 ),
 ( 2, 2 ),
 ( 4.000000000000000000, 5.000000000000000000 ),
 ( 0.0000000000000000000, 1.000000000000000000 ),
 .UNSPECIFIED. ) ;
#9 = EDGE_CURVE ( 'NONE', #5295, #5415, #6622, .T. ) ;
#10 = CARTESIAN_POINT ( 'NONE',  ( -7.921637275784168430, 13.52916802070236280, 1.199999999999999956 ) ) ;
#11 = EDGE_CURVE ( 'NONE', #10083, #4578, #943, .T. ) ;
#12 = LINE ( 'NONE', #65, #2568 ) ;
#13 = CARTESIAN_POINT ( 'NONE',  ( -7.728415596335972637, 13.40613000060642612, 1.209999999999999964 ) ) ;
#14 = DIRECTION ( 'NONE',  ( 0.7071067811865474617, -0.7071067811865474617, -0.0000000000000000000 ) ) ;
#15 = ORIENTED_EDGE ( 'NONE', *, *, #155, .F. ) ;
#16 = DIRECTION ( 'NONE',  ( -0.3416038306815468717, 0.9398440417769817756, 0.0000000000000000000 ) ) ;
#17 = EDGE_CURVE ( 'NONE', #5729, #4153, #1055, .T. ) ;
#18 = PLANE ( 'NONE',  #3074 ) ;
#19 = CARTESIAN_POINT ( 'NONE',  ( 5.079999999999999183, 15.51999999999999957, -2.500000000000000000 ) ) ;
#20 = CARTESIAN_POINT ( 'NONE',  ( 8.713066640240183958, -8.672079492129114442, -1.000000000000000000 ) ) ;
#21 = DIRECTION ( 'NONE',  ( -0.0000000000000000000, -0.0000000000000000000, -1.000000000000000000 ) ) ;
#22 = ORIENTED_EDGE ( 'NONE', *, *, #9796, .F. ) ;
#23 = CARTESIAN_POINT ( 'NONE',  ( -6.249533253359885521, 14.00918959207152348, 1.199999999999999956 ) ) ;
#24 = CARTESIAN_POINT ( 'NONE',  ( -7.222400077060778578, 13.72256299313872141, 1.209999999999999964 ) ) ;
#25 = CARTESIAN_POINT ( 'NONE',  ( -7.641249224351385649, 13.64284821955283711, 1.209999999999999964 ) ) ;
#26 = CARTESIAN_POINT ( 'NONE',  ( -7.419607495190570390, 13.64735383719431283, 1.209999999999999964 ) ) ;
#27 = DIRECTION ( 'NONE',  ( -0.0000000000000000000, -0.0000000000000000000, 1.000000000000000000 ) ) ;
#28 = EDGE_LOOP ( 'NONE', ( #6934, #5056, #5162, #4324, #3419, #944, #9120, #4857 ) ) ;
#29 = LINE ( 'NONE', #5100, #8861 ) ;
#30 = EDGE_CURVE ( 'NONE', #8741, #774, #7020, .T. ) ;
#31 = CARTESIAN_POINT ( 'NONE',  ( -12.95000000000000107, -14.25000000000000178, 1.099999999999999867 ) ) ;
#32 = ORIENTED_EDGE ( 'NONE', *, *, #1095, .T. ) ;
#33 = ORIENTED_EDGE ( 'NONE', *, *, #9978, .F. ) ;
#34 = CARTESIAN_POINT ( 'NONE',  ( 3.809999999999999609, 14.75000000000000355, -7.100000000000000533 ) ) ;
#35 = ORIENTED_EDGE ( 'NONE', *, *, #6399, .F. ) ;
#36 = EDGE_LOOP ( 'NONE', ( #676, #2338, #4046 ) ) ;
#37 = CARTESIAN_POINT ( 'NONE',  ( -10.57858613110296098, 13.54099447772641263, 1.199999999999999956 ) ) ;
#38 = VERTEX_POINT ( 'NONE', #1687 ) ;
#40 = CARTESIAN_POINT ( 'NONE',  ( -11.80285515853674916, 14.10492951102230919, 1.209999999999999964 ) ) ;
#39 = DIRECTION ( 'NONE',  ( 0.0000000000000000000, 0.0000000000000000000, 1.000000000000000000 ) ) ;
#42 = FACE_OUTER_BOUND ( 'NONE', #10198, .T. ) ;
#41 = AXIS2_PLACEMENT_3D ( 'NONE', #8228, #544, #3980 ) ;
#43 = CARTESIAN_POINT ( 'NONE',  ( -6.500000000000000000, -14.83447752647037987, -0.03397984811026048824 ) ) ;
#44 = EDGE_CURVE ( 'NONE', #9763, #8316, #1750, .T. ) ;
#45 = ORIENTED_EDGE ( 'NONE', *, *, #975, .F. ) ;
#46 = CARTESIAN_POINT ( 'NONE',  ( -5.809888947745811549, 14.00918959207152525, 1.199999999999999956 ) ) ;
#47 = VERTEX_POINT ( 'NONE', #3017 ) ;
#48 = VERTEX_POINT ( 'NONE', #1968 ) ;
#49 = AXIS2_PLACEMENT_3D ( 'NONE', #2646, #5893, #7672 ) ;
#50 = EDGE_CURVE ( 'NONE', #9439, #7075, #9050, .T. ) ;
#51 = CARTESIAN_POINT ( 'NONE',  ( -6.268768774812923716, 13.71424492980840348, 1.209999999999999964 ) ) ;
#52 = CARTESIAN_POINT ( 'NONE',  ( -7.726162787517545816, 13.33126743063374597, 1.209999999999999964 ) ) ;
#53 = DIRECTION ( 'NONE',  ( -0.0000000000000000000, -0.0000000000000000000, -1.000000000000000000 ) ) ;
#54 = CARTESIAN_POINT ( 'NONE',  ( -7.379750108397628239, 13.62239964719880803, 1.209999999999999964 ) ) ;
#55 = DIRECTION ( 'NONE',  ( -1.000000000000000000, 0.0000000000000000000, 0.0000000000000000000 ) ) ;
#56 = ADVANCED_FACE ( 'NONE', ( #6313 ), #7619, .F. ) ;
#57 = CARTESIAN_POINT ( 'NONE',  ( -9.036199815826943649, 14.29290754900961602, 1.209999999999999964 ) ) ;
#58 = ORIENTED_EDGE ( 'NONE', *, *, #5753, .T. ) ;
#59 = ORIENTED_EDGE ( 'NONE', *, *, #3740, .T. ) ;
#60 = DIRECTION ( 'NONE',  ( 1.000000000000000000, 0.0000000000000000000, 0.0000000000000000000 ) ) ;
#61 = EDGE_CURVE ( 'NONE', #10248, #837, #8108, .T. ) ;
#62 = VECTOR ( 'NONE', #3276, 1000.000000000000000 ) ;
#63 = CARTESIAN_POINT ( 'NONE',  ( -5.072353999104488587, 13.51669092570689301, 1.199999999999999956 ) ) ;
#64 = ADVANCED_FACE ( 'NONE', ( #6266 ), #5394, .F. ) ;
#65 = CARTESIAN_POINT ( 'NONE',  ( -7.526182681611753189, 13.34825014326606585, 1.209999999999999964 ) ) ;
#66 = CARTESIAN_POINT ( 'NONE',  ( -7.050493434895884981, 13.17599691512713633, 1.199999999999999956 ) ) ;
#67 = LINE ( 'NONE', #5023, #8197 ) ;
#68 = ORIENTED_EDGE ( 'NONE', *, *, #5072, .T. ) ;
#69 = ORIENTED_EDGE ( 'NONE', *, *, #1221, .F. ) ;
#70 = FACE_OUTER_BOUND ( 'NONE', #6634, .T. ) ;
#71 = PLANE ( 'NONE',  #3171 ) ;
#72 = EDGE_CURVE ( 'NONE', #10584, #2226, #4529, .T. ) ;
#73 = VECTOR ( 'NONE', #3299, 1000.000000000000000 ) ;
#74 = CARTESIAN_POINT ( 'NONE',  ( -7.104907432516847088, 13.17599691512713633, 1.199999999999999956 ) ) ;
#75 = EDGE_CURVE ( 'NONE', #515, #3924, #2615, .T. ) ;
#76 = CARTESIAN_POINT ( 'NONE',  ( -6.765079886870985604, 15.00666401979160547, 1.209999999999999964 ) ) ;
#77 = EDGE_LOOP ( 'NONE', ( #5785, #6680 ) ) ;
#78 = ADVANCED_FACE ( 'NONE', ( #7945 ), #9247, .F. ) ;
#79 = CARTESIAN_POINT ( 'NONE',  ( -7.824246617622566013, 13.75756817632308326, 1.199999999999999956 ) ) ;
#80 = DIRECTION ( 'NONE',  ( -0.0000000000000000000, -0.0000000000000000000, -1.000000000000000000 ) ) ;
#81 = EDGE_CURVE ( 'NONE', #4730, #4663, #2179, .T. ) ;
#82 = CARTESIAN_POINT ( 'NONE',  ( -9.932711788034353617, 13.32891628582545174, 1.209999999999999964 ) ) ;
#83 = DIRECTION ( 'NONE',  ( 0.0000000000000000000, 0.0000000000000000000, -1.000000000000000000 ) ) ;
#84 = ORIENTED_EDGE ( 'NONE', *, *, #9064, .F. ) ;
#85 = LINE ( 'NONE', #10179, #8508 ) ;
#86 = CARTESIAN_POINT ( 'NONE',  ( -7.982982992848596027, 13.78148260839884465, 1.209999999999999964 ) ) ;
#87 = EDGE_LOOP ( 'NONE', ( #9223, #9879, #1373, #9359, #15, #142 ) ) ;
#88 = ADVANCED_FACE ( 'NONE', ( #3652 ), #3703, .F. ) ;
#90 = CARTESIAN_POINT ( 'NONE',  ( -3.409999999999999698, 14.75000000000000178, 2.000000000000000000 ) ) ;
#89 = B_SPLINE_CURVE_WITH_KNOTS ( 'NONE', 3,
 ( #7055, #388, #5352, #2088 ),
 .UNSPECIFIED., .F., .F.,
 ( 4, 4 ),
 ( 12.00000000000000000, 13.00000000000000000 ),
 .UNSPECIFIED. ) ;
#91 = ORIENTED_EDGE ( 'NONE', *, *, #7541, .F. ) ;
#92 = VERTEX_POINT ( 'NONE', #2021 ) ;
#93 = AXIS2_PLACEMENT_3D ( 'NONE', #8365, #7571, #10154 ) ;
#94 = VECTOR ( 'NONE', #8949, 1000.000000000000000 ) ;
#95 = CARTESIAN_POINT ( 'NONE',  ( -7.944165363970806304, 13.49416283752259460, 1.199999999999999956 ) ) ;
#96 = ORIENTED_EDGE ( 'NONE', *, *, #6450, .F. ) ;
#97 = EDGE_CURVE ( 'NONE', #2367, #2557, #4586, .T. ) ;
#98 = FACE_OUTER_BOUND ( 'NONE', #4321, .T. ) ;
#99 = CARTESIAN_POINT ( 'NONE',  ( -6.761614027144654315, 15.08464586351430547, 1.199999999999999956 ) ) ;
#100 = CIRCLE ( 'NONE', #7802, 0.4000000000000001887 ) ;
#101 = CARTESIAN_POINT ( 'NONE',  ( -8.146224985709171307, 13.63660967205741414, 1.199999999999999956 ) ) ;
#102 = AXIS2_PLACEMENT_3D ( 'NONE', #10059, #2386, #9896 ) ;
#103 = CARTESIAN_POINT ( 'NONE',  ( 0.0000000000000000000, 0.0000000000000000000, 1.209999999999999964 ) ) ;
#104 = DIRECTION ( 'NONE',  ( 0.0000000000000000000, 1.000000000000000000, 0.0000000000000000000 ) ) ;
#105 = ORIENTED_EDGE ( 'NONE', *, *, #10280, .T. ) ;
#106 = ORIENTED_EDGE ( 'NONE', *, *, #10011, .T. ) ;
#107 = AXIS2_PLACEMENT_3D ( 'NONE', #6454, #2206, #9042 ) ;
#108 = VECTOR ( 'NONE', #285, 1000.000000000000000 ) ;
#109 = VERTEX_POINT ( 'NONE', #10951 ) ;
#110 = DIRECTION ( 'NONE',  ( -1.000000000000000000, 0.0000000000000000000, 0.0000000000000000000 ) ) ;
#111 = CARTESIAN_POINT ( 'NONE',  ( -5.258297373139829922, 14.00918959207152348, 1.199999999999999956 ) ) ;
#112 = CARTESIAN_POINT ( 'NONE',  ( -5.724455505617483730, 13.36280675409177832, 1.209999999999999964 ) ) ;
#113 = CARTESIAN_POINT ( 'NONE',  ( -9.677254275205791956, 13.62293360363234029, 1.209999999999999964 ) ) ;
#114 = CARTESIAN_POINT ( 'NONE',  ( -11.08468164080622564, 15.02072110991754350, 1.199999999999999956 ) ) ;
#115 = DIRECTION ( 'NONE',  ( -0.0000000000000000000, -1.000000000000000000, -0.0000000000000000000 ) ) ;
#116 = AXIS2_PLACEMENT_3D ( 'NONE', #8680, #9422, #6928 ) ;
#117 = VECTOR ( 'NONE', #410, 1000.000000000000000 ) ;
#118 = ORIENTED_EDGE ( 'NONE', *, *, #702, .T. ) ;
#119 = DIRECTION ( 'NONE',  ( 0.3315284183576419630, 0.9434452330799495412, -0.0000000000000000000 ) ) ;
#120 = CARTESIAN_POINT ( 'NONE',  ( -7.322736715986543743, 13.51287848001345893, 1.209999999999999964 ) ) ;
#121 = ADVANCED_FACE ( 'NONE', ( #4078 ), #5705, .F. ) ;
#122 = VECTOR ( 'NONE', #2941, 1000.000000000000000 ) ;
#123 = AXIS2_PLACEMENT_3D ( 'NONE', #8541, #7684, #847 ) ;
#124 = CARTESIAN_POINT ( 'NONE',  ( -4.209999999999999964, 14.75000000000000178, 2.000000000000000000 ) ) ;
#125 = DIRECTION ( 'NONE',  ( 0.0000000000000000000, 0.0000000000000000000, 1.000000000000000000 ) ) ;
#126 = CARTESIAN_POINT ( 'NONE',  ( -7.526182681611753189, 13.34825014326606585, 1.199999999999999956 ) ) ;
#127 = CALENDAR_DATE ( 2024, 19, 8 ) ;
#128 = CARTESIAN_POINT ( 'NONE',  ( -5.755474950122565936, 14.40672370207652264, 1.199999999999999956 ) ) ;
#129 = ORIENTED_EDGE ( 'NONE', *, *, #5787, .F. ) ;
#130 = LINE ( 'NONE', #6978, #2811 ) ;
#131 = CIRCLE ( 'NONE', #5530, 2.249999999999998668 ) ;
#132 = EDGE_CURVE ( 'NONE', #828, #543, #1610, .T. ) ;
#133 = FACE_OUTER_BOUND ( 'NONE', #7783, .T. ) ;
#134 = LINE ( 'NONE', #8622, #634 ) ;
#135 = ORIENTED_EDGE ( 'NONE', *, *, #2486, .F. ) ;
#136 = LINE ( 'NONE', #3532, #6382 ) ;
#137 = CARTESIAN_POINT ( 'NONE',  ( -6.505313700773485586, 14.99488009673958011, 1.199999999999999956 ) ) ;
#138 = AXIS2_PLACEMENT_3D ( 'NONE', #186, #4564, #1084 ) ;
#139 = ADVANCED_FACE ( 'NONE', ( #9176 ), #6694, .F. ) ;
#140 = LINE ( 'NONE', #934, #2933 ) ;
#141 = CARTESIAN_POINT ( 'NONE',  ( -6.573417844293172330, 15.05483946991484245, 1.209999999999999964 ) ) ;
#142 = ORIENTED_EDGE ( 'NONE', *, *, #8751, .F. ) ;
#143 = LINE ( 'NONE', #2735, #10104 ) ;
#144 = PLANE ( 'NONE',  #4480 ) ;
#145 = VERTEX_POINT ( 'NONE', #6641 ) ;
#146 = EDGE_CURVE ( 'NONE', #4422, #6352, #3072, .T. ) ;
#147 = ORIENTED_EDGE ( 'NONE', *, *, #3916, .T. ) ;
#148 = CARTESIAN_POINT ( 'NONE',  ( -7.227598866643366371, 13.54303145958927068, 1.209999999999999964 ) ) ;
#149 = ORIENTED_EDGE ( 'NONE', *, *, #3931, .T. ) ;
#150 = AXIS2_PLACEMENT_3D ( 'NONE', #6995, #5344, #8855 ) ;
#151 = DIRECTION ( 'NONE',  ( 0.0000000000000000000, 0.0000000000000000000, 1.000000000000000000 ) ) ;
#152 = ORIENTED_EDGE ( 'NONE', *, *, #3293, .F. ) ;
#153 = CARTESIAN_POINT ( 'NONE',  ( -7.738293296541288058, 13.45499862267307911, 1.209999999999999964 ) ) ;
#154 = EDGE_CURVE ( 'NONE', #8438, #4842, #9898, .T. ) ;
#155 = EDGE_CURVE ( 'NONE', #8469, #10940, #1380, .T. ) ;
#156 = CARTESIAN_POINT ( 'NONE',  ( -9.498915820728903725, 14.37484685878232860, 1.209999999999999964 ) ) ;
#157 = VECTOR ( 'NONE', #1559, 1000.000000000000000 ) ;
#158 = DIRECTION ( 'NONE',  ( 0.0000000000000000000, 0.0000000000000000000, 1.000000000000000000 ) ) ;
#159 = ORIENTED_EDGE ( 'NONE', *, *, #2477, .T. ) ;
#160 = DIRECTION ( 'NONE',  ( -0.0000000000000000000, -0.0000000000000000000, -1.000000000000000000 ) ) ;
#161 = ORIENTED_EDGE ( 'NONE', *, *, #5922, .T. ) ;
#162 = CARTESIAN_POINT ( 'NONE',  ( -11.06058185462844889, 13.01079918184770001, 1.209999999999999964 ) ) ;
#163 = EDGE_CURVE ( 'NONE', #2787, #2871, #2233, .T. ) ;
#164 = ORIENTED_EDGE ( 'NONE', *, *, #10168, .F. ) ;
#165 = ORIENTED_EDGE ( 'NONE', *, *, #11058, .F. ) ;
#166 = VECTOR ( 'NONE', #11082, 1000.000000000000000 ) ;
#167 = ORIENTED_EDGE ( 'NONE', *, *, #9346, .T. ) ;
#168 = CARTESIAN_POINT ( 'NONE',  ( -7.932554733906918898, 14.54466491897449032, 1.199999999999999956 ) ) ;
#169 = FACE_OUTER_BOUND ( 'NONE', #489, .T. ) ;
#170 = DIRECTION ( 'NONE',  ( 0.0000000000000000000, 0.0000000000000000000, 1.000000000000000000 ) ) ;
#171 = DIRECTION ( 'NONE',  ( -1.000000000000000000, 0.0000000000000000000, 0.0000000000000000000 ) ) ;
#172 = ORIENTED_EDGE ( 'NONE', *, *, #6426, .T. ) ;
#173 = LINE ( 'NONE', #10590, #971 ) ;
#174 = CARTESIAN_POINT ( 'NONE',  ( -6.511205662297182784, 13.93120774834882880, 1.209999999999999964 ) ) ;
#175 = ADVANCED_FACE ( 'NONE', ( #5874 ), #5653, .F. ) ;
#176 = ORIENTED_EDGE ( 'NONE', *, *, #6798, .T. ) ;
#177 = CARTESIAN_POINT ( 'NONE',  ( -5.554108500327592957, 13.67889316065234517, 1.199999999999999956 ) ) ;
#178 = EDGE_LOOP ( 'NONE', ( #2377, #10023, #6593, #7308 ) ) ;
#179 = CARTESIAN_POINT ( 'NONE',  ( -10.42434746280384950, 15.26653894730228700, 1.209999999999999964 ) ) ;
#180 = ORIENTED_EDGE ( 'NONE', *, *, #1965, .F. ) ;
#181 = EDGE_LOOP ( 'NONE', ( #3861, #9230, #5805, #7827, #504, #1859, #5481 ) ) ;
#182 = VECTOR ( 'NONE', #2726, 1000.000000000000000 ) ;
#183 = LINE ( 'NONE', #2772, #6039 ) ;
#184 = DIRECTION ( 'NONE',  ( -1.000000000000000000, 0.0000000000000000000, 0.0000000000000000000 ) ) ;
#185 = LINE ( 'NONE', #7870, #4622 ) ;
#186 = CARTESIAN_POINT ( 'NONE',  ( 15.19999999999999929, 14.25000000000000178, 1.099999999999999867 ) ) ;
#187 = DATE_AND_TIME ( #7756, #10109 ) ;
#188 = EDGE_CURVE ( 'NONE', #1148, #8726, #8322, .T. ) ;
#189 = ORIENTED_EDGE ( 'NONE', *, *, #6578, .T. ) ;
#190 = CARTESIAN_POINT ( 'NONE',  ( -7.685092349823636759, 15.01706159895216786, 1.199999999999999956 ) ) ;
#191 = DIRECTION ( 'NONE',  ( -1.000000000000000000, 0.0000000000000000000, 0.0000000000000000000 ) ) ;
#192 = CARTESIAN_POINT ( 'NONE',  ( -7.137486513894619300, 13.18570132234891723, 1.199999999999999956 ) ) ;
#193 = DIRECTION ( 'NONE',  ( 0.0000000000000000000, -0.0000000000000000000, -1.000000000000000000 ) ) ;
#194 = ORIENTED_EDGE ( 'NONE', *, *, #4037, .F. ) ;
#195 = CARTESIAN_POINT ( 'NONE',  ( -7.299515455854197477, 13.75756817632308326, 1.209999999999999964 ) ) ;
#196 = B_SPLINE_SURFACE_WITH_KNOTS ( 'NONE', 3, 1, ( 
 ( #2786, #10454 ),
 ( #141, #5213 ),
 ( #7936, #4521 ),
 ( #5327, #6933 ) ),
 .UNSPECIFIED., .F., .F., .F.,
 ( 4, 4 ),
 ( 2, 2 ),
 ( 2.000000000000000000, 3.000000000000000000 ),
 ( 0.0000000000000000000, 1.000000000000000000 ),
 .UNSPECIFIED. ) ;
#197 = ORIENTED_EDGE ( 'NONE', *, *, #3445, .F. ) ;
#198 = DIRECTION ( 'NONE',  ( -0.0000000000000000000, -0.0000000000000000000, -1.000000000000000000 ) ) ;
#199 = VERTEX_POINT ( 'NONE', #1493 ) ;
#200 = DIRECTION ( 'NONE',  ( 5.102127870520019996E-17, -1.000000000000000000, 0.0000000000000000000 ) ) ;
#201 = CARTESIAN_POINT ( 'NONE',  ( -7.758915161881168032, 13.75756817632308326, 1.209999999999999964 ) ) ;
#202 = LINE ( 'NONE', #1145, #10722 ) ;
#203 = CARTESIAN_POINT ( 'NONE',  ( -7.869649379969819059, 13.61893378748169781, 1.209999999999999964 ) ) ;
#204 = ORIENTED_EDGE ( 'NONE', *, *, #918, .T. ) ;
#205 = LINE ( 'NONE', #148, #3282 ) ;
#206 = CARTESIAN_POINT ( 'NONE',  ( -6.437209557253773973, 14.56511349132851940, 1.199999999999999956 ) ) ;
#207 = LINE ( 'NONE', #2584, #3901 ) ;
#208 = CARTESIAN_POINT ( 'NONE',  ( -6.573417844293172330, 14.43826302553916108, 1.199999999999999956 ) ) ;
#209 = EDGE_CURVE ( 'NONE', #3549, #474, #3129, .T. ) ;
#210 = EDGE_CURVE ( 'NONE', #145, #9081, #649, .T. ) ;
#211 = LINE ( 'NONE', #7950, #6683 ) ;
#212 = CARTESIAN_POINT ( 'NONE',  ( -6.511205662297182784, 13.40855610241303886, 1.209999999999999964 ) ) ;
#213 = DIRECTION ( 'NONE',  ( -1.000000000000000000, 0.0000000000000000000, 0.0000000000000000000 ) ) ;
#214 = ORIENTED_EDGE ( 'NONE', *, *, #4545, .F. ) ;
#215 = CARTESIAN_POINT ( 'NONE',  ( -8.058365441781164762, 14.92972193398403569, 1.199999999999999956 ) ) ;
#216 = ORIENTED_EDGE ( 'NONE', *, *, #8302, .F. ) ;
#217 = ORIENTED_EDGE ( 'NONE', *, *, #5085, .T. ) ;
#218 = EDGE_CURVE ( 'NONE', #2189, #1142, #134, .T. ) ;
#219 = EDGE_CURVE ( 'NONE', #8609, #2474, #1346, .T. ) ;
#220 = DIRECTION ( 'NONE',  ( 0.0000000000000000000, 0.0000000000000000000, -1.000000000000000000 ) ) ;
#221 = EDGE_CURVE ( 'NONE', #8654, #5400, #6124, .T. ) ;
#222 = LINE ( 'NONE', #3665, #2044 ) ;
#223 = ORIENTED_EDGE ( 'NONE', *, *, #2743, .F. ) ;
#224 = CARTESIAN_POINT ( 'NONE',  ( 6.499999999999999112, -11.50000000000000000, 1.331180503930323944 ) ) ;
#225 = ORIENTED_EDGE ( 'NONE', *, *, #9258, .F. ) ;
#226 = PLANE ( 'NONE',  #8941 ) ;
#227 = EDGE_LOOP ( 'NONE', ( #1785, #3, #7490, #3352 ) ) ;
#228 = ORIENTED_EDGE ( 'NONE', *, *, #10848, .T. ) ;
#229 = CARTESIAN_POINT ( 'NONE',  ( -5.212374731832720265, 13.92254309904219589, 1.209999999999999964 ) ) ;
#230 = CIRCLE ( 'NONE', #4181, 1.500000000000003109 ) ;
#231 = EDGE_LOOP ( 'NONE', ( #2866, #10873, #3542, #1697 ) ) ;
#232 = ADVANCED_BREP_SHAPE_REPRESENTATION ( 'OLED-TH_L35.4-W33.5_HS13L03W2C01', ( #3917, #620 ), #1161 ) ;
#233 = B_SPLINE_CURVE_WITH_KNOTS ( 'NONE', 3,
 ( #9338, #10373, #5062, #7563, #3328, #3566, #10202 ),
 .UNSPECIFIED., .F., .F.,
 ( 4, 3, 4 ),
 ( 0.0000000000000000000, 1.000000000000000000, 2.000000000000000000 ),
 .UNSPECIFIED. ) ;
#234 = EDGE_CURVE ( 'NONE', #5674, #8021, #5931, .T. ) ;
#235 = LINE ( 'NONE', #5306, #4603 ) ;
#236 = DIRECTION ( 'NONE',  ( -1.000000000000000000, 0.0000000000000000000, 0.0000000000000000000 ) ) ;
#237 = EDGE_CURVE ( 'NONE', #7864, #3853, #7172, .T. ) ;
#238 = DIRECTION ( 'NONE',  ( 1.000000000000000000, 0.0000000000000000000, 0.0000000000000000000 ) ) ;
#239 = CARTESIAN_POINT ( 'NONE',  ( -7.471248805033219753, 13.78806774186596584, 1.199999999999999956 ) ) ;
#240 = AXIS2_PLACEMENT_3D ( 'NONE', #1399, #5726, #7331 ) ;
#241 = DIRECTION ( 'NONE',  ( -0.0000000000000000000, 1.000000000000000000, -0.0000000000000000000 ) ) ;
#242 = VERTEX_POINT ( 'NONE', #9479 ) ;
#243 = B_SPLINE_CURVE_WITH_KNOTS ( 'NONE', 3,
 ( #1935, #2039, #8077, #8872 ),
 .UNSPECIFIED., .F., .F.,
 ( 4, 4 ),
 ( 7.000000000000000000, 8.000000000000000000 ),
 .UNSPECIFIED. ) ;
#244 = CARTESIAN_POINT ( 'NONE',  ( -7.394826598183222188, 13.31983009355342240, 1.199999999999999956 ) ) ;
#245 = DIRECTION ( 'NONE',  ( 0.0000000000000000000, 0.0000000000000000000, -1.000000000000000000 ) ) ;
#246 = CARTESIAN_POINT ( 'NONE',  ( -7.744011965081448956, 15.09608320059462017, 1.209999999999999964 ) ) ;
#247 = VECTOR ( 'NONE', #9182, 1000.000000000000000 ) ;
#248 = ORIENTED_EDGE ( 'NONE', *, *, #10034, .F. ) ;
#249 = CARTESIAN_POINT ( 'NONE',  ( -2.540000000000000036, 13.47999999999999865, -2.500000000000000000 ) ) ;
#250 = VERTEX_POINT ( 'NONE', #8677 ) ;
#252 = DIRECTION ( 'NONE',  ( 0.0000000000000000000, 1.000000000000000000, -0.0000000000000000000 ) ) ;
#251 = VECTOR ( 'NONE', #5521, 1000.000000000000000 ) ;
#253 = ORIENTED_EDGE ( 'NONE', *, *, #2942, .F. ) ;
#254 = CARTESIAN_POINT ( 'NONE',  ( -7.082725930301961625, 13.10321386098472374, 1.209999999999999964 ) ) ;
#255 = DIRECTION ( 'NONE',  ( 0.0000000000000000000, 0.0000000000000000000, -1.000000000000000000 ) ) ;
#256 = ORIENTED_EDGE ( 'NONE', *, *, #3327, .T. ) ;
#257 = FACE_BOUND ( 'NONE', #8673, .T. ) ;
#258 = EDGE_LOOP ( 'NONE', ( #10001, #2062, #9412, #2464 ) ) ;
#259 = CARTESIAN_POINT ( 'NONE',  ( -7.758395282923619796, 14.47326820871890973, 1.209999999999999964 ) ) ;
#260 = CARTESIAN_POINT ( 'NONE',  ( -7.412329189775404892, 13.73954570577101464, 1.199999999999999956 ) ) ;
#261 = CIRCLE ( 'NONE', #5817, 2.249999999999998668 ) ;
#262 = CARTESIAN_POINT ( 'NONE',  ( -7.944165363970806304, 13.46782230364024535, 1.199999999999999956 ) ) ;
#263 = ADVANCED_FACE ( 'NONE', ( #5982 ), #5205, .T. ) ;
#264 = ADVANCED_FACE ( 'NONE', ( #8446 ), #8567, .F. ) ;
#265 = CARTESIAN_POINT ( 'NONE',  ( 0.0000000000000000000, 13.47999999999999865, 0.0000000000000000000 ) ) ;
#266 = DIRECTION ( 'NONE',  ( -0.0000000000000000000, -0.0000000000000000000, -1.000000000000000000 ) ) ;
#267 = CARTESIAN_POINT ( 'NONE',  ( -0.8699999999999996625, 14.75000000000000178, 2.000000000000000000 ) ) ;
#268 = ORIENTED_EDGE ( 'NONE', *, *, #3374, .F. ) ;
#269 = DIRECTION ( 'NONE',  ( 0.0000000000000000000, 0.0000000000000000000, 1.000000000000000000 ) ) ;
#270 = ORIENTED_EDGE ( 'NONE', *, *, #8095, .T. ) ;
#271 = CARTESIAN_POINT ( 'NONE',  ( -5.916117548195297005, 13.93120774834882880, 1.209999999999999964 ) ) ;
#272 = ORGANIZATION ( '未指定', '未指定', '' ) ;
#273 = ORIENTED_EDGE ( 'NONE', *, *, #7269, .F. ) ;
#274 = EDGE_CURVE ( 'NONE', #4422, #8274, #7710, .T. ) ;
#275 = VECTOR ( 'NONE', #21, 1000.000000000000000 ) ;
#276 = DIRECTION ( 'NONE',  ( -0.0000000000000000000, -0.0000000000000000000, 1.000000000000000000 ) ) ;
#277 = CARTESIAN_POINT ( 'NONE',  ( -8.388661873198030250, 14.48401237385580131, 1.209999999999999964 ) ) ;
#278 = ORIENTED_EDGE ( 'NONE', *, *, #7934, .T. ) ;
#279 = CARTESIAN_POINT ( 'NONE',  ( -7.386508534852937125, 13.38914728797413289, 1.209999999999999964 ) ) ;
#280 = ORIENTED_EDGE ( 'NONE', *, *, #8592, .F. ) ;
#281 = LINE ( 'NONE', #6232, #10361 ) ;
#282 = ORIENTED_EDGE ( 'NONE', *, *, #5717, .T. ) ;
#283 = ORIENTED_EDGE ( 'NONE', *, *, #9938, .F. ) ;
#284 = ORIENTED_EDGE ( 'NONE', *, *, #6483, .T. ) ;
#285 = DIRECTION ( 'NONE',  ( -1.000000000000000000, -0.0000000000000000000, -0.0000000000000000000 ) ) ;
#286 = VECTOR ( 'NONE', #3868, 1000.000000000000000 ) ;
#287 = EDGE_CURVE ( 'NONE', #1075, #7008, #10171, .T. ) ;
#288 = VECTOR ( 'NONE', #2329, 1000.000000000000000 ) ;
#289 = EDGE_CURVE ( 'NONE', #7839, #6340, #4237, .T. ) ;
#290 = B_SPLINE_SURFACE_WITH_KNOTS ( 'NONE', 3, 1, ( 
 ( #7614, #2409 ),
 ( #5170, #7551 ),
 ( #9383, #2589 ),
 ( #5832, #8468 ) ),
 .UNSPECIFIED., .F., .F., .F.,
 ( 4, 4 ),
 ( 2, 2 ),
 ( 3.000000000000000000, 4.000000000000000000 ),
 ( 0.0000000000000000000, 1.000000000000000000 ),
 .UNSPECIFIED. ) ;
#291 = B_SPLINE_CURVE_WITH_KNOTS ( 'NONE', 3,
 ( #10283, #4255, #2731, #10343 ),
 .UNSPECIFIED., .F., .F.,
 ( 4, 4 ),
 ( 16.00000000000000000, 17.00000000000000000 ),
 .UNSPECIFIED. ) ;
#292 = DIRECTION ( 'NONE',  ( 1.000000000000000000, -0.0000000000000000000, -0.0000000000000000000 ) ) ;
#293 = CARTESIAN_POINT ( 'NONE',  ( 6.500000000000000000, -11.36787109524561856, -0.1339798481102604799 ) ) ;
#294 = CARTESIAN_POINT ( 'NONE',  ( -6.569432105613887352, 14.94289220092290549, 1.209999999999999964 ) ) ;
#295 = DIRECTION ( 'NONE',  ( -0.0000000000000000000, -0.0000000000000000000, 1.000000000000000000 ) ) ;
#296 = AXIS2_PLACEMENT_3D ( 'NONE', #51, #3504, #1582 ) ;
#297 = EDGE_CURVE ( 'NONE', #6640, #5729, #9193, .T. ) ;
#298 = CARTESIAN_POINT ( 'NONE',  ( -7.695836514958223518, 14.39528636499620617, 1.199999999999999956 ) ) ;
#299 = VECTOR ( 'NONE', #9632, 1000.000000000000000 ) ;
#300 = ORIENTED_EDGE ( 'NONE', *, *, #1779, .T. ) ;
#301 = APPROVAL_STATUS ( 'not_yet_approved' ) ;
#302 = EDGE_LOOP ( 'NONE', ( #1134, #2734, #2973, #5337 ) ) ;
#303 = CARTESIAN_POINT ( 'NONE',  ( -6.765079886870985604, 15.00666401979160547, 1.199999999999999956 ) ) ;
#304 = CARTESIAN_POINT ( 'NONE',  ( -7.932554733906918898, 14.54466491897449032, 1.199999999999999956 ) ) ;
#305 = ADVANCED_FACE ( 'NONE', ( #9587 ), #9420, .T. ) ;
#306 = EDGE_LOOP ( 'NONE', ( #3482, #10893, #3258, #8548, #4815, #189, #6469, #7426, #4976, #7654, #5654, #2840, #8486, #9172 ) ) ;
#307 = CARTESIAN_POINT ( 'NONE',  ( -8.388661873198030250, 13.71424492980840348, 1.209999999999999964 ) ) ;
#308 = EDGE_CURVE ( 'NONE', #4071, #2649, #1730, .T. ) ;
#309 = CARTESIAN_POINT ( 'NONE',  ( -7.283052622179448932, 13.58566153415587507, 1.209999999999999964 ) ) ;
#310 = VECTOR ( 'NONE', #292, 1000.000000000000000 ) ;
#311 = ORIENTED_EDGE ( 'NONE', *, *, #218, .F. ) ;
#312 = DIRECTION ( 'NONE',  ( 1.000000000000000000, 0.0000000000000000000, 0.0000000000000000000 ) ) ;
#313 = ORIENTED_EDGE ( 'NONE', *, *, #8105, .T. ) ;
#314 = AXIS2_PLACEMENT_3D ( 'NONE', #8968, #10741, #5662 ) ;
#315 = CARTESIAN_POINT ( 'NONE',  ( -11.53293758094323174, 14.87612239286012894, 1.199999999999999956 ) ) ;
#316 = ORIENTED_EDGE ( 'NONE', *, *, #1042, .T. ) ;
#317 = CARTESIAN_POINT ( 'NONE',  ( -7.394826598183222188, 13.31983009355342240, 1.209999999999999964 ) ) ;
#318 = CARTESIAN_POINT ( 'NONE',  ( -7.217374580466353606, 13.38360191242213126, 1.199999999999999956 ) ) ;
#319 = DIRECTION ( 'NONE',  ( -0.3897582650654685676, -0.9209172030172723122, -0.0000000000000000000 ) ) ;
#320 = EDGE_LOOP ( 'NONE', ( #1223, #2327, #1518, #4492 ) ) ;
#321 = DIRECTION ( 'NONE',  ( 0.0000000000000000000, 0.0000000000000000000, -1.000000000000000000 ) ) ;
#322 = ORIENTED_EDGE ( 'NONE', *, *, #1067, .F. ) ;
#323 = CARTESIAN_POINT ( 'NONE',  ( 13.71000000000000085, 8.599999999999999645, 2.600000000000000533 ) ) ;
#324 = VECTOR ( 'NONE', #5679, 1000.000000000000114 ) ;
#325 = CARTESIAN_POINT ( 'NONE',  ( -7.360168000972892699, 14.71206594350019969, 1.199999999999999956 ) ) ;
#326 = CARTESIAN_POINT ( 'NONE',  ( -7.960974783619562345, 13.33265377452059042, 1.209999999999999964 ) ) ;
#327 = CARTESIAN_POINT ( 'NONE',  ( -6.682939011478516100, 14.48401237385580131, 1.199999999999999956 ) ) ;
#328 = FACE_OUTER_BOUND ( 'NONE', #10814, .T. ) ;
#329 = ORIENTED_EDGE ( 'NONE', *, *, #8719, .F. ) ;
#330 = FACE_OUTER_BOUND ( 'NONE', #9401, .T. ) ;
#331 = PLANE ( 'NONE',  #8777 ) ;
#332 = VECTOR ( 'NONE', #1017, 1000.000000000000000 ) ;
#333 = ORIENTED_EDGE ( 'NONE', *, *, #1015, .F. ) ;
#334 = CARTESIAN_POINT ( 'NONE',  ( -11.06540183025160751, 13.29999624822893800, 1.199999999999999956 ) ) ;
#335 = VECTOR ( 'NONE', #5558, 1000.000000000000000 ) ;
#336 = CARTESIAN_POINT ( 'NONE',  ( -9.768833352355718702, 15.01590115727772812, 1.199999999999999956 ) ) ;
#337 = DIRECTION ( 'NONE',  ( 0.0000000000000000000, 0.0000000000000000000, -1.000000000000000000 ) ) ;
#338 = DIRECTION ( 'NONE',  ( -1.000000000000000000, 0.0000000000000000000, 0.0000000000000000000 ) ) ;
#339 = CARTESIAN_POINT ( 'NONE',  ( -7.936020593626339270, 13.42588540101703565, 1.209999999999999964 ) ) ;
#340 = ORIENTED_EDGE ( 'NONE', *, *, #782, .F. ) ;
#341 = CARTESIAN_POINT ( 'NONE',  ( -7.447680958929176143, 15.08464586351430547, 1.209999999999999964 ) ) ;
#342 = CARTESIAN_POINT ( 'NONE',  ( -6.768545746588096712, 14.40672370207652264, 1.199999999999999956 ) ) ;
#343 = EDGE_LOOP ( 'NONE', ( #33, #3731, #9617, #10825 ) ) ;
#344 = ORIENTED_EDGE ( 'NONE', *, *, #10417, .T. ) ;
#345 = CARTESIAN_POINT ( 'NONE',  ( -9.031379932137193478, 14.00371029876158069, 1.209999999999999964 ) ) ;
#346 = VECTOR ( 'NONE', #198, 1000.000000000000000 ) ;
#347 = DIRECTION ( 'NONE',  ( -0.0000000000000000000, 1.000000000000000000, -0.0000000000000000000 ) ) ;
#348 = CARTESIAN_POINT ( 'NONE',  ( -7.869649379969819059, 13.61893378748169425, 1.199999999999999956 ) ) ;
#349 = CARTESIAN_POINT ( 'NONE',  ( 7.000000000000000000, -21.20000000000000284, 1.199999999999999956 ) ) ;
#350 = DIRECTION ( 'NONE',  ( -0.0000000000000000000, -0.0000000000000000000, -1.000000000000000000 ) ) ;
#351 = AXIS2_PLACEMENT_3D ( 'NONE', #4091, #9430, #6880 ) ;
#352 = ADVANCED_FACE ( 'NONE', ( #6869, #2680 ), #6097, .F. ) ;
#353 = CARTESIAN_POINT ( 'NONE',  ( -5.003210097665032663, 13.33126743063374597, 1.199999999999999956 ) ) ;
#354 = CARTESIAN_POINT ( 'NONE',  ( -7.436416914837041148, 13.38914728797413289, 1.209999999999999964 ) ) ;
#355 = ADVANCED_FACE ( 'NONE', ( #1041 ), #362, .T. ) ;
#356 = ORIENTED_EDGE ( 'NONE', *, *, #8880, .T. ) ;
#357 = ORIENTED_EDGE ( 'NONE', *, *, #3993, .F. ) ;
#358 = DIRECTION ( 'NONE',  ( -0.3283461648125110544, 0.9445574604294411092, -0.0000000000000000000 ) ) ;
#359 = VERTEX_POINT ( 'NONE', #9634 ) ;
#360 = CARTESIAN_POINT ( 'NONE',  ( -5.852172436340742578, 14.40672370207652264, 1.199999999999999956 ) ) ;
#361 = ORIENTED_EDGE ( 'NONE', *, *, #10615, .F. ) ;
#362 = SPHERICAL_SURFACE ( 'NONE', #7978, 0.4000000000000000222 ) ;
#363 = EDGE_CURVE ( 'NONE', #2398, #2474, #3157, .T. ) ;
#364 = EDGE_CURVE ( 'NONE', #1344, #4364, #10114, .T. ) ;
#365 = ORIENTED_EDGE ( 'NONE', *, *, #5641, .T. ) ;
#366 = LINE ( 'NONE', #10609, #8553 ) ;
#367 = B_SPLINE_CURVE_WITH_KNOTS ( 'NONE', 3,
 ( #3945, #7292, #6397, #1413 ),
 .UNSPECIFIED., .F., .F.,
 ( 4, 4 ),
 ( 6.000000000000000000, 7.000000000000000000 ),
 .UNSPECIFIED. ) ;
#368 = ADVANCED_FACE ( 'NONE', ( #5430 ), #2535, .F. ) ;
#369 = EDGE_LOOP ( 'NONE', ( #4098, #7692, #7773, #9940 ) ) ;
#370 = CARTESIAN_POINT ( 'NONE',  ( -5.164719160667035958, 14.00918959207152348, 1.209999999999999964 ) ) ;
#371 = ORIENTED_EDGE ( 'NONE', *, *, #5840, .T. ) ;
#372 = CARTESIAN_POINT ( 'NONE',  ( -1.269999999999999796, 14.75000000000000178, -7.500000000000000888 ) ) ;
#373 = EDGE_CURVE ( 'NONE', #7242, #8759, #2943, .T. ) ;
#374 = DIRECTION ( 'NONE',  ( 1.000000000000000000, 0.0000000000000000000, 0.0000000000000000000 ) ) ;
#375 = ORIENTED_EDGE ( 'NONE', *, *, #8390, .T. ) ;
#376 = CARTESIAN_POINT ( 'NONE',  ( -7.975358101461707427, 14.89125089107794153, 1.199999999999999956 ) ) ;
#377 = VERTEX_POINT ( 'NONE', #10560 ) ;
#378 = DIRECTION ( 'NONE',  ( -0.0000000000000000000, -0.0000000000000000000, -1.000000000000000000 ) ) ;
#379 = DIRECTION ( 'NONE',  ( -1.000000000000000000, -0.0000000000000000000, -0.0000000000000000000 ) ) ;
#380 = CARTESIAN_POINT ( 'NONE',  ( -7.816275140263978294, 13.82653878477206355, 1.209999999999999964 ) ) ;
#381 = EDGE_LOOP ( 'NONE', ( #1545, #2326, #3571, #3962 ) ) ;
#382 = LINE ( 'NONE', #10415, #3143 ) ;
#383 = CARTESIAN_POINT ( 'NONE',  ( -7.927702530296055095, 15.06281094727342840, 1.209999999999999964 ) ) ;
#384 = B_SPLINE_SURFACE_WITH_KNOTS ( 'NONE', 3, 1, ( 
 ( #6977, #3524 ),
 ( #9475, #8728 ),
 ( #10334, #5375 ),
 ( #9532, #8779 ) ),
 .UNSPECIFIED., .F., .F., .F.,
 ( 4, 4 ),
 ( 2, 2 ),
 ( 34.00000000000000000, 35.00000000000000000 ),
 ( 0.0000000000000000000, 1.000000000000000000 ),
 .UNSPECIFIED. ) ;
#385 = LINE ( 'NONE', #3876, #1775 ) ;
#386 = CARTESIAN_POINT ( 'NONE',  ( 4.579999999999984972, 16.01999999999999957, -2.500000000000000000 ) ) ;
#387 = PLANE ( 'NONE',  #5156 ) ;
#388 = CARTESIAN_POINT ( 'NONE',  ( -7.438149844697894864, 13.71181882800181917, 1.209999999999999964 ) ) ;
#389 = PLANE ( 'NONE',  #3215 ) ;
#390 = ORIENTED_EDGE ( 'NONE', *, *, #5725, .F. ) ;
#391 = CYLINDRICAL_SURFACE ( 'NONE', #4210, 2.249999999999998668 ) ;
#392 = CARTESIAN_POINT ( 'NONE',  ( -10.42434746280384950, 15.26653894730228700, 1.209999999999999964 ) ) ;
#393 = VERTEX_POINT ( 'NONE', #2886 ) ;
#394 = CARTESIAN_POINT ( 'NONE',  ( -7.098495592033263080, 15.08464586351430547, 1.209999999999999964 ) ) ;
#395 = ORIENTED_EDGE ( 'NONE', *, *, #6784, .F. ) ;
#396 = CARTESIAN_POINT ( 'NONE',  ( -7.222400077060778578, 13.80505045449826262, 1.199999999999999956 ) ) ;
#397 = DIRECTION ( 'NONE',  ( 0.0000000000000000000, 0.0000000000000000000, -1.000000000000000000 ) ) ;
#398 = CARTESIAN_POINT ( 'NONE',  ( -11.06540183025160751, 13.67595305967071084, 1.209999999999999964 ) ) ;
#399 = ADVANCED_FACE ( 'NONE', ( #3003 ), #9835, .F. ) ;
#400 = CARTESIAN_POINT ( 'NONE',  ( -9.706173945071018494, 14.37484685878232860, 1.199999999999999956 ) ) ;
#401 = CARTESIAN_POINT ( 'NONE',  ( -9.168748685762462713, 14.39533168622493164, 1.209999999999999964 ) ) ;
#402 = DIRECTION ( 'NONE',  ( -1.000000000000000000, -0.0000000000000000000, -0.0000000000000000000 ) ) ;
#403 = CARTESIAN_POINT ( 'NONE',  ( -8.111566388498816949, 13.40855610241303886, 1.199999999999999956 ) ) ;
#404 = EDGE_LOOP ( 'NONE', ( #7582, #7384, #7647, #6366 ) ) ;
#405 = CARTESIAN_POINT ( 'NONE',  ( -6.054058765093263794, 14.95987491355521470, 1.209999999999999964 ) ) ;
#406 = ORIENTED_EDGE ( 'NONE', *, *, #1738, .T. ) ;
#407 = CARTESIAN_POINT ( 'NONE',  ( -4.580000000000007176, 13.47999999999999865, -2.500000000000000000 ) ) ;
#408 = CARTESIAN_POINT ( 'NONE',  ( -7.227598866643366371, 13.54303145958927068, 1.209999999999999964 ) ) ;
#409 = VECTOR ( 'NONE', #550, 1000.000000000000000 ) ;
#410 = DIRECTION ( 'NONE',  ( -0.0000000000000000000, -0.0000000000000000000, -1.000000000000000000 ) ) ;
#411 = CARTESIAN_POINT ( 'NONE',  ( -7.816275140263978294, 13.82653878477206355, 1.209999999999999964 ) ) ;
#412 = FACE_OUTER_BOUND ( 'NONE', #3321, .T. ) ;
#413 = CYLINDRICAL_SURFACE ( 'NONE', #5405, 2.249999999999998668 ) ;
#414 = CYLINDRICAL_SURFACE ( 'NONE', #2268, 2.250000000000000444 ) ;
#415 = AXIS2_PLACEMENT_3D ( 'NONE', #9070, #9801, #1386 ) ;
#416 = VERTEX_POINT ( 'NONE', #2114 ) ;
#417 = EDGE_CURVE ( 'NONE', #4243, #600, #3851, .T. ) ;
#418 = DIRECTION ( 'NONE',  ( -0.7071067811865474617, 0.7071067811865474617, -0.0000000000000000000 ) ) ;
#419 = CARTESIAN_POINT ( 'NONE',  ( -7.762554314588752113, 13.42900467476706972, 1.199999999999999956 ) ) ;
#420 = VECTOR ( 'NONE', #4339, 1000.000000000000000 ) ;
#421 = CARTESIAN_POINT ( 'NONE',  ( 7.000000000000000000, -16.75000000000000000, 0.0000000000000000000 ) ) ;
#422 = VERTEX_POINT ( 'NONE', #4686 ) ;
#423 = ADVANCED_FACE ( 'NONE', ( #8783 ), #816, .F. ) ;
#424 = DIRECTION ( 'NONE',  ( -0.0000000000000000000, -0.0000000000000000000, -1.000000000000000000 ) ) ;
#425 = ORIENTED_EDGE ( 'NONE', *, *, #3420, .T. ) ;
#426 = CARTESIAN_POINT ( 'NONE',  ( -7.482859435099390666, 13.40474365671958168, 1.199999999999999956 ) ) ;
#427 = CARTESIAN_POINT ( 'NONE',  ( -6.950849967915857519, 13.15485517082968592, 1.199999999999999956 ) ) ;
#428 = CARTESIAN_POINT ( 'NONE',  ( 15.19999999999999929, 14.25000000000000178, 1.199999999999999956 ) ) ;
#429 = CARTESIAN_POINT ( 'NONE',  ( -7.286345188915333893, 13.45465203670137555, 1.209999999999999964 ) ) ;
#430 = AXIS2_PLACEMENT_3D ( 'NONE', #8839, #3596, #6984 ) ;
#431 = ADVANCED_FACE ( 'NONE', ( #1195 ), #7084, .F. ) ;
#432 = ADVANCED_FACE ( 'NONE', ( #2273 ), #3444, .F. ) ;
#433 = DIRECTION ( 'NONE',  ( 1.000000000000000000, 0.0000000000000000000, 0.0000000000000000000 ) ) ;
#434 = ORIENTED_EDGE ( 'NONE', *, *, #9001, .F. ) ;
#435 = FACE_OUTER_BOUND ( 'NONE', #11002, .T. ) ;
#436 = LOCAL_TIME ( 16, 8, 52.00000000000000000, #2777 ) ;
#437 = LINE ( 'NONE', #2252, #4813 ) ;
#438 = VERTEX_POINT ( 'NONE', #6682 ) ;
#439 = CARTESIAN_POINT ( 'NONE',  ( -6.495089414594157340, 14.75192333029313829, 1.199999999999999956 ) ) ;
#440 = APPLICATION_CONTEXT ( 'configuration controlled 3d designs of mechanical parts and assemblies' ) ;
#441 = CARTESIAN_POINT ( 'NONE',  ( -10.07249062140200735, 13.56027401248085340, 1.199999999999999956 ) ) ;
#442 = VERTEX_POINT ( 'NONE', #635 ) ;
#443 = ORIENTED_EDGE ( 'NONE', *, *, #8372, .T. ) ;
#444 = ORIENTED_EDGE ( 'NONE', *, *, #4637, .T. ) ;
#445 = FACE_OUTER_BOUND ( 'NONE', #4034, .T. ) ;
#446 = ORIENTED_EDGE ( 'NONE', *, *, #10515, .T. ) ;
#447 = DIRECTION ( 'NONE',  ( -0.5048830486499218395, 0.8631877589412170204, 0.0000000000000000000 ) ) ;
#448 = PLANE ( 'NONE',  #10679 ) ;
#449 = CARTESIAN_POINT ( 'NONE',  ( -7.482859435099390666, 13.40474365671958168, 1.199999999999999956 ) ) ;
#450 = DIRECTION ( 'NONE',  ( -0.0000000000000000000, -0.0000000000000000000, -1.000000000000000000 ) ) ;
#451 = CARTESIAN_POINT ( 'NONE',  ( -9.744733566180256545, 14.37484685878232860, 1.209999999999999964 ) ) ;
#452 = CARTESIAN_POINT ( 'NONE',  ( -5.919583407912386797, 13.33126743063374420, 1.209999999999999964 ) ) ;
#453 = CARTESIAN_POINT ( 'NONE',  ( -7.438149844697894864, 13.67300119912862044, 1.209999999999999964 ) ) ;
#454 = VECTOR ( 'NONE', #2129, 1000.000000000000000 ) ;
#455 = VERTEX_POINT ( 'NONE', #3280 ) ;
#456 = DIRECTION ( 'NONE',  ( 0.0000000000000000000, -1.000000000000000000, 0.0000000000000000000 ) ) ;
#457 = VERTEX_POINT ( 'NONE', #9992 ) ;
#458 = CARTESIAN_POINT ( 'NONE',  ( -10.91598304563763655, 13.97961060451951099, 1.209999999999999964 ) ) ;
#459 = EDGE_CURVE ( 'NONE', #10975, #1368, #9244, .T. ) ;
#460 = EDGE_CURVE ( 'NONE', #8186, #10956, #4010, .T. ) ;
#461 = CARTESIAN_POINT ( 'NONE',  ( -7.360168000972892699, 14.78970120125118903, 1.199999999999999956 ) ) ;
#462 = AXIS2_PLACEMENT_3D ( 'NONE', #25, #10284, #8087 ) ;
#463 = VECTOR ( 'NONE', #10594, 1000.000000000000000 ) ;
#464 = CARTESIAN_POINT ( 'NONE',  ( -5.201803859686291887, 13.87506082086700054, 1.209999999999999964 ) ) ;
#465 = B_SPLINE_SURFACE_WITH_KNOTS ( 'NONE', 3, 1, ( 
 ( #10642, #4207 ),
 ( #6707, #11028 ),
 ( #3835, #10128 ),
 ( #3372, #9765 ) ),
 .UNSPECIFIED., .F., .F., .F.,
 ( 4, 4 ),
 ( 2, 2 ),
 ( 4.000000000000000000, 5.000000000000000000 ),
 ( 0.0000000000000000000, 1.000000000000000000 ),
 .UNSPECIFIED. ) ;
#466 = ORIENTED_EDGE ( 'NONE', *, *, #1085, .F. ) ;
#467 = EDGE_CURVE ( 'NONE', #7437, #8999, #5720, .T. ) ;
#468 = LINE ( 'NONE', #5545, #5380 ) ;
#469 = ORIENTED_EDGE ( 'NONE', *, *, #8075, .T. ) ;
#470 = LINE ( 'NONE', #7313, #7971 ) ;
#471 = CARTESIAN_POINT ( 'NONE',  ( -8.476174831154338563, 14.40672370207652264, 1.209999999999999964 ) ) ;
#472 = VECTOR ( 'NONE', #9481, 1000.000000000000000 ) ;
#473 = AXIS2_PLACEMENT_3D ( 'NONE', #4819, #10745, #5565 ) ;
#474 = VERTEX_POINT ( 'NONE', #3909 ) ;
#475 = DIRECTION ( 'NONE',  ( -1.000000000000000000, 0.0000000000000000000, 0.0000000000000000000 ) ) ;
#476 = B_SPLINE_CURVE_WITH_KNOTS ( 'NONE', 3,
 ( #9349, #5863, #8614, #4400 ),
 .UNSPECIFIED., .F., .F.,
 ( 4, 4 ),
 ( 11.00000000000000000, 12.00000000000000000 ),
 .UNSPECIFIED. ) ;
#477 = EDGE_CURVE ( 'NONE', #4367, #8027, #5588, .T. ) ;
#478 = CARTESIAN_POINT ( 'NONE',  ( -7.060024549129475524, 13.81544803366346308, 1.209999999999999964 ) ) ;
#479 = CARTESIAN_POINT ( 'NONE',  ( -7.583369367008717887, 14.97685762619213889, 1.209999999999999964 ) ) ;
#480 = AXIS2_PLACEMENT_3D ( 'NONE', #7879, #3526, #9534 ) ;
#481 = CARTESIAN_POINT ( 'NONE',  ( -7.726162787517545816, 13.71805737550183935, 1.199999999999999956 ) ) ;
#482 = EDGE_CURVE ( 'NONE', #9700, #3956, #2465, .T. ) ;
#483 = CARTESIAN_POINT ( 'NONE',  ( -5.003210097665032663, 13.33126743063374597, 1.209999999999999964 ) ) ;
#484 = ORIENTED_EDGE ( 'NONE', *, *, #6483, .F. ) ;
#485 = CARTESIAN_POINT ( 'NONE',  ( -6.175883734288176719, 14.66874269699015443, 1.209999999999999964 ) ) ;
#486 = EDGE_CURVE ( 'NONE', #1623, #6278, #7519, .T. ) ;
#487 = CARTESIAN_POINT ( 'NONE',  ( -10.00501133042985735, 13.62775348731978298, 1.209999999999999964 ) ) ;
#488 = CARTESIAN_POINT ( 'NONE',  ( -6.965059992772179243, 13.33230718854889219, 1.199999999999999956 ) ) ;
#489 = EDGE_LOOP ( 'NONE', ( #7813, #6576, #3686, #1435 ) ) ;
#490 = DIRECTION ( 'NONE',  ( -0.0000000000000000000, -0.0000000000000000000, -1.000000000000000000 ) ) ;
#491 = ORIENTED_EDGE ( 'NONE', *, *, #7127, .T. ) ;
#492 = VECTOR ( 'NONE', #350, 1000.000000000000000 ) ;
#493 = EDGE_CURVE ( 'NONE', #6962, #2787, #6628, .T. ) ;
#494 = LINE ( 'NONE', #5665, #10863 ) ;
#495 = EDGE_CURVE ( 'NONE', #7097, #10184, #3116, .T. ) ;
#496 = FACE_OUTER_BOUND ( 'NONE', #3620, .T. ) ;
#497 = CIRCLE ( 'NONE', #6774, 0.4000000000000001887 ) ;
#498 = CYLINDRICAL_SURFACE ( 'NONE', #689, 2.250000000000000444 ) ;
#499 = ORIENTED_EDGE ( 'NONE', *, *, #877, .F. ) ;
#500 = LINE ( 'NONE', #1514, #9417 ) ;
#501 = EDGE_CURVE ( 'NONE', #5900, #9095, #9052, .T. ) ;
#502 = CARTESIAN_POINT ( 'NONE',  ( -8.388661873198030250, 13.63660967205741414, 1.209999999999999964 ) ) ;
#503 = ORIENTED_EDGE ( 'NONE', *, *, #2636, .F. ) ;
#504 = ORIENTED_EDGE ( 'NONE', *, *, #8208, .F. ) ;
#505 = CARTESIAN_POINT ( 'NONE',  ( -15.19999999999999929, -14.25000000000000178, 0.0000000000000000000 ) ) ;
#506 = AXIS2_PLACEMENT_3D ( 'NONE', #3262, #6836, #10974 ) ;
#507 = CARTESIAN_POINT ( 'NONE',  ( -6.070348305782141018, 14.96160784341838657, 1.199999999999999956 ) ) ;
#508 = CARTESIAN_POINT ( 'NONE',  ( -10.00983121411961818, 13.33373616951289620, 1.209999999999999964 ) ) ;
#509 = CARTESIAN_POINT ( 'NONE',  ( -10.42434746280384950, 15.26653894730228700, 1.199999999999999956 ) ) ;
#510 = CARTESIAN_POINT ( 'NONE',  ( -7.771045670904913827, 14.39528636499620617, 1.209999999999999964 ) ) ;
#511 = CARTESIAN_POINT ( 'NONE',  ( -6.778250153805251088, 13.81544803366346308, 1.209999999999999964 ) ) ;
#512 = FACE_OUTER_BOUND ( 'NONE', #715, .T. ) ;
#513 = ADVANCED_FACE ( 'NONE', ( #6465 ), #9936, .F. ) ;
#514 = CIRCLE ( 'NONE', #2853, 0.4000000000000001887 ) ;
#515 = VERTEX_POINT ( 'NONE', #9885 ) ;
#516 = DIRECTION ( 'NONE',  ( -0.0000000000000000000, -0.0000000000000000000, -1.000000000000000000 ) ) ;
#517 = VERTEX_POINT ( 'NONE', #461 ) ;
#518 = CARTESIAN_POINT ( 'NONE',  ( -17.00000000000000355, -11.50000000000000000, 2.700000000000000178 ) ) ;
#519 = DIRECTION ( 'NONE',  ( 1.000000000000000000, -0.0000000000000000000, -0.0000000000000000000 ) ) ;
#520 = ORIENTED_EDGE ( 'NONE', *, *, #5210, .F. ) ;
#521 = AXIS2_PLACEMENT_3D ( 'NONE', #4525, #4581, #7995 ) ;
#522 = B_SPLINE_CURVE_WITH_KNOTS ( 'NONE', 3,
 ( #4664, #7909, #7958, #8016 ),
 .UNSPECIFIED., .F., .F.,
 ( 4, 4 ),
 ( 4.000000000000000000, 5.000000000000000000 ),
 .UNSPECIFIED. ) ;
#523 = EDGE_CURVE ( 'NONE', #4070, #5178, #1385, .T. ) ;
#524 = ORIENTED_EDGE ( 'NONE', *, *, #767, .T. ) ;
#525 = FACE_OUTER_BOUND ( 'NONE', #3493, .T. ) ;
#526 = ORIENTED_EDGE ( 'NONE', *, *, #5321, .F. ) ;
#527 = CARTESIAN_POINT ( 'NONE',  ( -6.569432105613887352, 14.94289220092290549, 1.209999999999999964 ) ) ;
#528 = ORIENTED_EDGE ( 'NONE', *, *, #3622, .T. ) ;
#529 = CARTESIAN_POINT ( 'NONE',  ( -3.810000000000000053, 14.75000000000000178, 2.000000000000000000 ) ) ;
#530 = CARTESIAN_POINT ( 'NONE',  ( -4.580000000000007176, 16.01999999999999957, -2.500000000000000000 ) ) ;
#531 = ORIENTED_EDGE ( 'NONE', *, *, #4227, .F. ) ;
#532 = DIRECTION ( 'NONE',  ( -0.0000000000000000000, -0.0000000000000000000, -1.000000000000000000 ) ) ;
#533 = ORIENTED_EDGE ( 'NONE', *, *, #9734, .T. ) ;
#534 = EDGE_CURVE ( 'NONE', #10517, #8886, #8200, .T. ) ;
#535 = PLANE ( 'NONE',  #5841 ) ;
#536 = FACE_BOUND ( 'NONE', #10567, .T. ) ;
#537 = FACE_OUTER_BOUND ( 'NONE', #10166, .T. ) ;
#538 = DIRECTION ( 'NONE',  ( 0.3493954794973183064, -0.9369753459439789101, -0.0000000000000000000 ) ) ;
#539 = VERTEX_POINT ( 'NONE', #7461 ) ;
#540 = CARTESIAN_POINT ( 'NONE',  ( -7.199178816930749569, 13.41860709560186748, 1.199999999999999956 ) ) ;
#541 = CARTESIAN_POINT ( 'NONE',  ( -8.126989464258420170, 13.93120774834882880, 1.209999999999999964 ) ) ;
#542 = DIRECTION ( 'NONE',  ( -0.0000000000000000000, -0.0000000000000000000, -1.000000000000000000 ) ) ;
#543 = VERTEX_POINT ( 'NONE', #9113 ) ;
#544 = DIRECTION ( 'NONE',  ( 0.9400931103999041749, -0.3409177962187274202, 0.0000000000000000000 ) ) ;
#545 = ORIENTED_EDGE ( 'NONE', *, *, #578, .T. ) ;
#546 = ADVANCED_FACE ( 'NONE', ( #10050 ), #5801, .F. ) ;
#547 = CARTESIAN_POINT ( 'NONE',  ( -11.25338014403910769, 13.38193555800165946, 1.209999999999999964 ) ) ;
#548 = ADVANCED_FACE ( 'NONE', ( #1595 ), #2432, .F. ) ;
#549 = ORIENTED_EDGE ( 'NONE', *, *, #4820, .T. ) ;
#551 = CARTESIAN_POINT ( 'NONE',  ( -11.25338014403910769, 13.59401374989802136, 1.199999999999999956 ) ) ;
#550 = DIRECTION ( 'NONE',  ( -0.0000000000000000000, -0.0000000000000000000, -1.000000000000000000 ) ) ;
#552 = FACE_OUTER_BOUND ( 'NONE', #10102, .T. ) ;
#553 = EDGE_LOOP ( 'NONE', ( #714, #10451, #4768 ) ) ;
#554 = DIRECTION ( 'NONE',  ( -0.0000000000000000000, -0.0000000000000000000, -1.000000000000000000 ) ) ;
#555 = CARTESIAN_POINT ( 'NONE',  ( -7.089311063773702237, 13.17599691512713633, 1.209999999999999964 ) ) ;
#556 = ADVANCED_FACE ( 'NONE', ( #7573 ), #4178, .F. ) ;
#557 = ORIENTED_EDGE ( 'NONE', *, *, #3536, .T. ) ;
#558 = ORIENTED_EDGE ( 'NONE', *, *, #4231, .T. ) ;
#559 = LINE ( 'NONE', #4673, #9463 ) ;
#560 = B_SPLINE_SURFACE_WITH_KNOTS ( 'NONE', 3, 1, ( 
 ( #9044, #6566 ),
 ( #4728, #7344 ),
 ( #9984, #9217 ),
 ( #1352, #4779 ),
 ( #5742, #4001 ),
 ( #10821, #8138 ),
 ( #1418, #8192 ) ),
 .UNSPECIFIED., .F., .F., .F.,
 ( 4, 3, 4 ),
 ( 2, 2 ),
 ( 0.0000000000000000000, 1.000000000000000000, 2.000000000000000000 ),
 ( 0.0000000000000000000, 1.000000000000000000 ),
 .UNSPECIFIED. ) ;
#561 = DIRECTION ( 'NONE',  ( 0.0000000000000000000, 0.0000000000000000000, -1.000000000000000000 ) ) ;
#562 = ADVANCED_FACE ( 'NONE', ( #5549 ), #414, .F. ) ;
#563 = EDGE_CURVE ( 'NONE', #10478, #2500, #9790, .T. ) ;
#564 = CARTESIAN_POINT ( 'NONE',  ( -11.32567941063441452, 14.87612239286012894, 1.209999999999999964 ) ) ;
#565 = CARTESIAN_POINT ( 'NONE',  ( -7.386508534852937125, 13.38914728797413289, 1.209999999999999964 ) ) ;
#566 = CARTESIAN_POINT ( 'NONE',  ( -9.036199815826943649, 14.29290754900961602, 1.209999999999999964 ) ) ;
#567 = CARTESIAN_POINT ( 'NONE',  ( 9.529999999999997584, 4.449999999999996625, 0.0000000000000000000 ) ) ;
#568 = CARTESIAN_POINT ( 'NONE',  ( -0.8699999999999996625, 14.75000000000000178, -2.500000000000000444 ) ) ;
#569 = CARTESIAN_POINT ( 'NONE',  ( -8.030291978040246192, 13.41756733768675147, 1.209999999999999964 ) ) ;
#570 = ORIENTED_EDGE ( 'NONE', *, *, #5117, .T. ) ;
#571 = EDGE_CURVE ( 'NONE', #3701, #3078, #4481, .T. ) ;
#572 = ORIENTED_EDGE ( 'NONE', *, *, #7679, .F. ) ;
#573 = CARTESIAN_POINT ( 'NONE',  ( -7.641249224351385649, 13.64284821955283711, 1.199999999999999956 ) ) ;
#574 = ORIENTED_EDGE ( 'NONE', *, *, #5590, .F. ) ;
#575 = ORIENTED_EDGE ( 'NONE', *, *, #8749, .F. ) ;
#576 = CARTESIAN_POINT ( 'NONE',  ( -7.060024549129475524, 13.81544803366346308, 1.209999999999999964 ) ) ;
#577 = EDGE_CURVE ( 'NONE', #1431, #6437, #10518, .T. ) ;
#578 = EDGE_CURVE ( 'NONE', #6066, #4161, #1000, .T. ) ;
#579 = ADVANCED_FACE ( 'NONE', ( #2792 ), #7093, .T. ) ;
#580 = VECTOR ( 'NONE', #1944, 1000.000000000000000 ) ;
#581 = ORIENTED_EDGE ( 'NONE', *, *, #962, .T. ) ;
#582 = ORIENTED_EDGE ( 'NONE', *, *, #9916, .T. ) ;
#583 = CARTESIAN_POINT ( 'NONE',  ( -5.718563544093785644, 13.47925964072056537, 1.209999999999999964 ) ) ;
#584 = ORIENTED_EDGE ( 'NONE', *, *, #3946, .T. ) ;
#585 = LINE ( 'NONE', #10569, #3054 ) ;
#586 = ORIENTED_EDGE ( 'NONE', *, *, #10065, .T. ) ;
#587 = DIRECTION ( 'NONE',  ( -0.0000000000000000000, 0.0000000000000000000, 1.000000000000000000 ) ) ;
#588 = ORIENTED_EDGE ( 'NONE', *, *, #6207, .F. ) ;
#589 = VECTOR ( 'NONE', #1474, 1000.000000000000000 ) ;
#590 = CARTESIAN_POINT ( 'NONE',  ( -11.06058176269505111, 13.97961060451951099, 1.199999999999999956 ) ) ;
#591 = CARTESIAN_POINT ( 'NONE',  ( -7.337120033828714583, 13.82653878477206355, 1.209999999999999964 ) ) ;
#592 = CARTESIAN_POINT ( 'NONE',  ( 6.500000000000000000, -14.83447752647037987, 0.6486003279100314156 ) ) ;
#593 = ORIENTED_EDGE ( 'NONE', *, *, #8866, .F. ) ;
#595 = CARTESIAN_POINT ( 'NONE',  ( -3.810000000000000053, 14.75000000000000178, 2.000000000000000000 ) ) ;
#594 = CIRCLE ( 'NONE', #1500, 1.500000000000003109 ) ;
#596 = ORIENTED_EDGE ( 'NONE', *, *, #7901, .T. ) ;
#597 = CARTESIAN_POINT ( 'NONE',  ( -7.217374580466353606, 13.38360191242213126, 1.199999999999999956 ) ) ;
#598 = DIRECTION ( 'NONE',  ( 0.0000000000000000000, 1.000000000000000000, -0.0000000000000000000 ) ) ;
#599 = CARTESIAN_POINT ( 'NONE',  ( 13.71000000000000085, -4.099999999999998757, 2.600000000000000533 ) ) ;
#600 = VERTEX_POINT ( 'NONE', #3807 ) ;
#601 = CARTESIAN_POINT ( 'NONE',  ( -5.326921395612489007, 13.59328642554276456, 1.199999999999999956 ) ) ;
#602 = EDGE_LOOP ( 'NONE', ( #3384, #4431, #10108 ) ) ;
#603 = EDGE_CURVE ( 'NONE', #9897, #9081, #9025, .T. ) ;
#604 = VECTOR ( 'NONE', #8362, 1000.000000000000000 ) ;
#605 = CARTESIAN_POINT ( 'NONE',  ( -13.69999999999999751, 14.25000000000000178, 0.0000000000000000000 ) ) ;
#606 = ORIENTED_EDGE ( 'NONE', *, *, #1873, .F. ) ;
#608 = LINE ( 'NONE', #4036, #8920 ) ;
#607 = DIRECTION ( 'NONE',  ( 0.0000000000000000000, 0.0000000000000000000, 1.000000000000000000 ) ) ;
#609 = PLANE ( 'NONE',  #2673 ) ;
#610 = ORIENTED_EDGE ( 'NONE', *, *, #10844, .T. ) ;
#611 = DIRECTION ( 'NONE',  ( 1.000000000000000000, -0.0000000000000000000, -0.0000000000000000000 ) ) ;
#612 = CARTESIAN_POINT ( 'NONE',  ( -10.57858613110296098, 13.22769725743150282, 1.199999999999999956 ) ) ;
#613 = ADVANCED_FACE ( 'NONE', ( #5332 ), #4332, .F. ) ;
#614 = AXIS2_PLACEMENT_3D ( 'NONE', #7938, #200, #9688 ) ;
#615 = ORIENTED_EDGE ( 'NONE', *, *, #628, .T. ) ;
#616 = ORIENTED_EDGE ( 'NONE', *, *, #4546, .T. ) ;
#617 = EDGE_LOOP ( 'NONE', ( #9530, #1002, #172, #5077 ) ) ;
#618 = CARTESIAN_POINT ( 'NONE',  ( -7.726162787517545816, 13.40613000060642435, 1.209999999999999964 ) ) ;
#619 = EDGE_CURVE ( 'NONE', #3903, #2151, #10458, .T. ) ;
#620 = AXIS2_PLACEMENT_3D ( 'NONE', #2616, #6032, #7523 ) ;
#621 = PLANE ( 'NONE',  #8565 ) ;
#622 = CARTESIAN_POINT ( 'NONE',  ( -6.365466261026480943, 14.40672370207652264, 1.199999999999999956 ) ) ;
#623 = FACE_OUTER_BOUND ( 'NONE', #4188, .T. ) ;
#624 = PLANE ( 'NONE',  #9809 ) ;
#625 = DIRECTION ( 'NONE',  ( -0.3385350343141495522, -0.9409537876760566411, 0.0000000000000000000 ) ) ;
#626 = CARTESIAN_POINT ( 'NONE',  ( -7.583369367008716999, 14.43479716581743411, 1.209999999999999964 ) ) ;
#627 = ORIENTED_EDGE ( 'NONE', *, *, #6001, .F. ) ;
#628 = EDGE_CURVE ( 'NONE', #8695, #3071, #10570, .T. ) ;
#629 = EDGE_CURVE ( 'NONE', #3722, #5697, #6262, .T. ) ;
#630 = ORIENTED_EDGE ( 'NONE', *, *, #1376, .F. ) ;
#631 = CARTESIAN_POINT ( 'NONE',  ( -6.175883734288176719, 14.66874269699015443, 1.209999999999999964 ) ) ;
#632 = VERTEX_POINT ( 'NONE', #6211 ) ;
#633 = VERTEX_POINT ( 'NONE', #9738 ) ;
#634 = VECTOR ( 'NONE', #2565, 1000.000000000000000 ) ;
#635 = CARTESIAN_POINT ( 'NONE',  ( -10.07249062140200735, 13.47833488657492751, 1.209999999999999964 ) ) ;
#636 = EDGE_LOOP ( 'NONE', ( #4709, #7152, #1966, #11039, #4927, #8165, #1066, #10808, #10324, #6054, #7539, #9937, #8062, #5199 ) ) ;
#637 = EDGE_CURVE ( 'NONE', #6529, #10995, #8958, .T. ) ;
#638 = EDGE_CURVE ( 'NONE', #9521, #8216, #5750, .T. ) ;
#639 = AXIS2_PLACEMENT_3D ( 'NONE', #5391, #321, #7201 ) ;
#640 = ORIENTED_EDGE ( 'NONE', *, *, #2473, .T. ) ;
#641 = B_SPLINE_CURVE_WITH_KNOTS ( 'NONE', 3,
 ( #1184, #4626, #2105, #7924 ),
 .UNSPECIFIED., .F., .F.,
 ( 4, 4 ),
 ( 33.00000000000000000, 34.00000000000000000 ),
 .UNSPECIFIED. ) ;
#642 = ORIENTED_EDGE ( 'NONE', *, *, #7873, .T. ) ;
#643 = CARTESIAN_POINT ( 'NONE',  ( 6.989999999999996660, 4.449999999999996625, 0.0000000000000000000 ) ) ;
#644 = ORIENTED_EDGE ( 'NONE', *, *, #10346, .F. ) ;
#645 = CARTESIAN_POINT ( 'NONE',  ( -10.07249062140200735, 13.47833488657492751, 1.199999999999999956 ) ) ;
#646 = CARTESIAN_POINT ( 'NONE',  ( -7.485632122875391481, 13.58704787804734160, 1.199999999999999956 ) ) ;
#647 = LINE ( 'NONE', #7474, #9799 ) ;
#648 = ORIENTED_EDGE ( 'NONE', *, *, #7070, .T. ) ;
#649 = LINE ( 'NONE', #4251, #5833 ) ;
#650 = VECTOR ( 'NONE', #6044, 1000.000000000000000 ) ;
#651 = VECTOR ( 'NONE', #4306, 1000.000000000000000 ) ;
#652 = CARTESIAN_POINT ( 'NONE',  ( -7.154989105486801115, 13.81544803366346308, 1.209999999999999964 ) ) ;
#653 = DIRECTION ( 'NONE',  ( 1.000000000000000000, 0.0000000000000000000, 0.0000000000000000000 ) ) ;
#654 = CARTESIAN_POINT ( 'NONE',  ( -7.104040967587574862, 13.10321386098472374, 1.199999999999999956 ) ) ;
#655 = ORIENTED_EDGE ( 'NONE', *, *, #10823, .T. ) ;
#656 = CIRCLE ( 'NONE', #6218, 1.500000000000003109 ) ;
#657 = CARTESIAN_POINT ( 'NONE',  ( -7.919557759951618259, 13.41132879018670288, 1.209999999999999964 ) ) ;
#658 = VECTOR ( 'NONE', #5458, 1000.000000000000000 ) ;
#659 = CARTESIAN_POINT ( 'NONE',  ( -15.19999999999999929, 14.25000000000000178, -0.1339798481102603966 ) ) ;
#660 = SPHERICAL_SURFACE ( 'NONE', #9520, 0.4000000000000000222 ) ;
#661 = B_SPLINE_SURFACE_WITH_KNOTS ( 'NONE', 3, 1, ( 
 ( #4795, #9842 ),
 ( #2173, #5594 ),
 ( #9787, #10778 ),
 ( #583, #1261 ) ),
 .UNSPECIFIED., .F., .F., .F.,
 ( 4, 4 ),
 ( 2, 2 ),
 ( 2.000000000000000000, 3.000000000000000000 ),
 ( 0.0000000000000000000, 1.000000000000000000 ),
 .UNSPECIFIED. ) ;
#662 = LINE ( 'NONE', #10858, #4076 ) ;
#663 = ORIENTED_EDGE ( 'NONE', *, *, #629, .T. ) ;
#664 = PLANE ( 'NONE',  #6854 ) ;
#665 = VECTOR ( 'NONE', #2712, 1000.000000000000000 ) ;
#666 = DIRECTION ( 'NONE',  ( -0.0000000000000000000, -1.000000000000000000, -0.0000000000000000000 ) ) ;
#667 = ORIENTED_EDGE ( 'NONE', *, *, #4483, .T. ) ;
#669 = CARTESIAN_POINT ( 'NONE',  ( -0.5000000000000143219, 16.01999999999999957, 0.0000000000000000000 ) ) ;
#668 = CARTESIAN_POINT ( 'NONE',  ( -7.337120033828714583, 13.82653878477206355, 1.199999999999999956 ) ) ;
#670 = DIRECTION ( 'NONE',  ( -0.0000000000000000000, -0.0000000000000000000, -1.000000000000000000 ) ) ;
#671 = EDGE_LOOP ( 'NONE', ( #8005, #1766, #4147, #8241 ) ) ;
#672 = CARTESIAN_POINT ( 'NONE',  ( -7.337120033828714583, 13.82653878477206355, 1.209999999999999964 ) ) ;
#673 = ADVANCED_FACE ( 'NONE', ( #9644, #5441, #1964, #257, #8844, #1490, #9844 ), #6528, .F. ) ;
#674 = CARTESIAN_POINT ( 'NONE',  ( -10.00501133042985735, 13.62775348731978298, 1.199999999999999956 ) ) ;
#675 = VECTOR ( 'NONE', #6347, 999.9999999999998863 ) ;
#676 = ORIENTED_EDGE ( 'NONE', *, *, #3049, .F. ) ;
#677 = B_SPLINE_CURVE_WITH_KNOTS ( 'NONE', 3,
 ( #2558, #5139, #1725, #870 ),
 .UNSPECIFIED., .F., .F.,
 ( 4, 4 ),
 ( 18.00000000000000000, 19.00000000000000000 ),
 .UNSPECIFIED. ) ;
#678 = ORIENTED_EDGE ( 'NONE', *, *, #10065, .F. ) ;
#679 = ORIENTED_EDGE ( 'NONE', *, *, #4882, .F. ) ;
#680 = CARTESIAN_POINT ( 'NONE',  ( -8.388661873198030250, 13.40855610241303886, 1.199999999999999956 ) ) ;
#681 = AXIS2_PLACEMENT_3D ( 'NONE', #511, #3843, #4893 ) ;
#682 = CARTESIAN_POINT ( 'NONE',  ( -5.921316337775574645, 14.59214719715429709, 1.199999999999999956 ) ) ;
#683 = CARTESIAN_POINT ( 'NONE',  ( -11.06058176269505111, 13.97961060451951099, 1.209999999999999964 ) ) ;
#684 = DIRECTION ( 'NONE',  ( 0.0000000000000000000, -0.0000000000000000000, -1.000000000000000000 ) ) ;
#685 = CARTESIAN_POINT ( 'NONE',  ( -7.407130400192813546, 13.63626308608571769, 1.209999999999999964 ) ) ;
#686 = LINE ( 'NONE', #10932, #62 ) ;
#687 = ORIENTED_EDGE ( 'NONE', *, *, #2209, .T. ) ;
#688 = CARTESIAN_POINT ( 'NONE',  ( 15.19999999999999929, -14.25000000000000178, 1.099999999999999867 ) ) ;
#689 = AXIS2_PLACEMENT_3D ( 'NONE', #7383, #2977, #3149 ) ;
#690 = ORIENTED_EDGE ( 'NONE', *, *, #8840, .T. ) ;
#691 = CARTESIAN_POINT ( 'NONE',  ( -7.771045670904913827, 14.39528636499620617, 1.199999999999999956 ) ) ;
#692 = EDGE_CURVE ( 'NONE', #2474, #2398, #6911, .T. ) ;
#693 = EDGE_CURVE ( 'NONE', #3073, #6799, #4946, .T. ) ;
#694 = AXIS2_PLACEMENT_3D ( 'NONE', #595, #2515, #5819 ) ;
#695 = ORIENTED_EDGE ( 'NONE', *, *, #1762, .F. ) ;
#696 = FACE_OUTER_BOUND ( 'NONE', #2940, .T. ) ;
#697 = ORIENTED_EDGE ( 'NONE', *, *, #8732, .F. ) ;
#698 = CARTESIAN_POINT ( 'NONE',  ( -10.07249062140200735, 13.47833488657492751, 1.209999999999999964 ) ) ;
#699 = ORIENTED_EDGE ( 'NONE', *, *, #6370, .F. ) ;
#700 = FACE_OUTER_BOUND ( 'NONE', #10110, .T. ) ;
#701 = EDGE_CURVE ( 'NONE', #377, #4496, #7527, .T. ) ;
#702 = EDGE_CURVE ( 'NONE', #6260, #9521, #10060, .T. ) ;
#703 = VERTEX_POINT ( 'NONE', #8263 ) ;
#704 = AXIS2_PLACEMENT_3D ( 'NONE', #4984, #3252, #4203 ) ;
#705 = ORIENTED_EDGE ( 'NONE', *, *, #297, .T. ) ;
#706 = CARTESIAN_POINT ( 'NONE',  ( -5.208562286143883391, 13.90001501085789393, 1.209999999999999964 ) ) ;
#707 = ADVANCED_FACE ( 'NONE', ( #10728 ), #8, .F. ) ;
#708 = LINE ( 'NONE', #10227, #9951 ) ;
#709 = CARTESIAN_POINT ( 'NONE',  ( -7.286345188915333893, 13.45465203670137555, 1.199999999999999956 ) ) ;
#710 = ORIENTED_EDGE ( 'NONE', *, *, #1814, .T. ) ;
#711 = CARTESIAN_POINT ( 'NONE',  ( -7.286345188915333893, 13.41098220421500642, 1.199999999999999956 ) ) ;
#712 = DIRECTION ( 'NONE',  ( -0.0000000000000000000, -0.0000000000000000000, -1.000000000000000000 ) ) ;
#713 = LINE ( 'NONE', #4146, #166 ) ;
#714 = ORIENTED_EDGE ( 'NONE', *, *, #1814, .F. ) ;
#715 = EDGE_LOOP ( 'NONE', ( #869, #854, #5997 ) ) ;
#716 = CARTESIAN_POINT ( 'NONE',  ( -7.337120033828714583, 13.60576352053820592, 1.199999999999999956 ) ) ;
#717 = VERTEX_POINT ( 'NONE', #3237 ) ;
#718 = CARTESIAN_POINT ( 'NONE',  ( -7.222400077060778578, 13.80505045449826440, 1.209999999999999964 ) ) ;
#720 = CARTESIAN_POINT ( 'NONE',  ( -8.090944523158912105, 14.84203568303957255, 1.199999999999999956 ) ) ;
#719 = CARTESIAN_POINT ( 'NONE',  ( -6.682939011478516100, 14.48401237385580131, 1.209999999999999964 ) ) ;
#721 = LINE ( 'NONE', #4102, #874 ) ;
#722 = CARTESIAN_POINT ( 'NONE',  ( -6.511205662297182784, 13.63660967205741414, 1.199999999999999956 ) ) ;
#723 = DIRECTION ( 'NONE',  ( 0.0000000000000000000, 0.0000000000000000000, -1.000000000000000000 ) ) ;
#724 = VERTEX_POINT ( 'NONE', #1546 ) ;
#725 = ORIENTED_EDGE ( 'NONE', *, *, #6871, .T. ) ;
#726 = DIRECTION ( 'NONE',  ( -0.0000000000000000000, -0.0000000000000000000, -1.000000000000000000 ) ) ;
#727 = CYLINDRICAL_SURFACE ( 'NONE', #2451, 0.6825801760202917512 ) ;
#728 = FACE_BOUND ( 'NONE', #9760, .T. ) ;
#729 = CARTESIAN_POINT ( 'NONE',  ( -5.919583407912386797, 13.33126743063374420, 1.199999999999999956 ) ) ;
#730 = CARTESIAN_POINT ( 'NONE',  ( 3.809999999999999609, 14.75000000000000355, -7.100000000000000533 ) ) ;
#731 = CARTESIAN_POINT ( 'NONE',  ( -7.771045670904913827, 14.39528636499620617, 1.209999999999999964 ) ) ;
#732 = B_SPLINE_CURVE_WITH_KNOTS ( 'NONE', 3,
 ( #8764, #5353, #3774, #6229 ),
 .UNSPECIFIED., .F., .F.,
 ( 4, 4 ),
 ( 4.000000000000000000, 5.000000000000000000 ),
 .UNSPECIFIED. ) ;
#733 = CARTESIAN_POINT ( 'NONE',  ( -11.73055580000804277, 14.79418312905872845, 1.199999999999999956 ) ) ;
#734 = EDGE_LOOP ( 'NONE', ( #7305, #223, #3650, #4065 ) ) ;
#735 = ORIENTED_EDGE ( 'NONE', *, *, #8865, .T. ) ;
#736 = FACE_OUTER_BOUND ( 'NONE', #8520, .T. ) ;
#737 = ORIENTED_EDGE ( 'NONE', *, *, #2357, .T. ) ;
#738 = CARTESIAN_POINT ( 'NONE',  ( -7.526182681611753189, 13.34825014326606585, 1.209999999999999964 ) ) ;
#739 = EDGE_LOOP ( 'NONE', ( #8281, #10051, #7200, #10345, #7937, #4852, #7787 ) ) ;
#740 = CARTESIAN_POINT ( 'NONE',  ( -6.955008999581013818, 14.40672370207652264, 1.209999999999999964 ) ) ;
#741 = EDGE_CURVE ( 'NONE', #5003, #7811, #4972, .T. ) ;
#742 = CARTESIAN_POINT ( 'NONE',  ( -7.208709931164340112, 13.52154312932009361, 1.199999999999999956 ) ) ;
#743 = CARTESIAN_POINT ( 'NONE',  ( -5.354648273386310109, 13.51669092570689301, 1.209999999999999964 ) ) ;
#744 = B_SPLINE_SURFACE_WITH_KNOTS ( 'NONE', 3, 1, ( 
 ( #5420, #8882 ),
 ( #3682, #10494 ),
 ( #8033, #2773 ),
 ( #8822, #4677 ) ),
 .UNSPECIFIED., .F., .F., .F.,
 ( 4, 4 ),
 ( 2, 2 ),
 ( 16.00000000000000000, 17.00000000000000000 ),
 ( 0.0000000000000000000, 1.000000000000000000 ),
 .UNSPECIFIED. ) ;
#745 = LINE ( 'NONE', #1600, #6953 ) ;
#746 = ORIENTED_EDGE ( 'NONE', *, *, #8545, .F. ) ;
#747 =( NAMED_UNIT ( * ) SI_UNIT ( $, .STERADIAN. ) SOLID_ANGLE_UNIT ( ) );
#748 = CARTESIAN_POINT ( 'NONE',  ( -9.932711788034353617, 13.32891628582545174, 1.199999999999999956 ) ) ;
#749 = EDGE_LOOP ( 'NONE', ( #11008, #7522, #8831, #10717 ) ) ;
#750 = CARTESIAN_POINT ( 'NONE',  ( -7.993033986039764116, 14.99626644062642633, 1.209999999999999964 ) ) ;
#751 = ADVANCED_FACE ( 'NONE', ( #700 ), #10948, .T. ) ;
#752 = ORIENTED_EDGE ( 'NONE', *, *, #7279, .T. ) ;
#753 = DIRECTION ( 'NONE',  ( -1.000000000000000000, 0.0000000000000000000, 0.0000000000000000000 ) ) ;
#754 = EDGE_LOOP ( 'NONE', ( #1609, #3120, #8024, #10465 ) ) ;
#755 = DIRECTION ( 'NONE',  ( -1.000000000000000000, 0.0000000000000000000, 0.0000000000000000000 ) ) ;
#756 = VERTEX_POINT ( 'NONE', #6473 ) ;
#757 = CARTESIAN_POINT ( 'NONE',  ( -6.933520669311833196, 13.45153276295136813, 1.209999999999999964 ) ) ;
#758 = CARTESIAN_POINT ( 'NONE',  ( -7.816275140263978294, 13.82653878477206355, 1.199999999999999956 ) ) ;
#759 = CARTESIAN_POINT ( 'NONE',  ( -6.569432105613887352, 14.94289220092290549, 1.209999999999999964 ) ) ;
#760 = CARTESIAN_POINT ( 'NONE',  ( -5.919583407912386797, 13.33126743063374597, 1.209999999999999964 ) ) ;
#761 = EDGE_LOOP ( 'NONE', ( #2491, #5950, #4671, #10611, #4895, #6221, #4965, #5201, #586, #9237, #7848, #6967 ) ) ;
#762 = CARTESIAN_POINT ( 'NONE',  ( -7.988701661386450326, 13.35795455048319980, 1.199999999999999956 ) ) ;
#763 = VERTEX_POINT ( 'NONE', #530 ) ;
#764 = PLANE ( 'NONE',  #2950 ) ;
#765 = FACE_OUTER_BOUND ( 'NONE', #7228, .T. ) ;
#766 = ORIENTED_EDGE ( 'NONE', *, *, #8185, .F. ) ;
#767 = EDGE_CURVE ( 'NONE', #9054, #2737, #3126, .T. ) ;
#768 = AXIS2_PLACEMENT_3D ( 'NONE', #9716, #7973, #7180 ) ;
#769 = DIRECTION ( 'NONE',  ( 0.0000000000000000000, -0.0000000000000000000, -1.000000000000000000 ) ) ;
#770 = ADVANCED_FACE ( 'NONE', ( #5702 ), #7716, .F. ) ;
#771 = ORIENTED_EDGE ( 'NONE', *, *, #10781, .F. ) ;
#772 = CARTESIAN_POINT ( 'NONE',  ( -7.137486513894619300, 13.11014558042819367, 1.199999999999999956 ) ) ;
#773 = DIRECTION ( 'NONE',  ( 0.0000000000000000000, 1.000000000000000000, -0.0000000000000000000 ) ) ;
#774 = VERTEX_POINT ( 'NONE', #5203 ) ;
#775 = CARTESIAN_POINT ( 'NONE',  ( 1.270000000000000240, 14.75000000000000178, 2.000000000000000000 ) ) ;
#776 = EDGE_CURVE ( 'NONE', #5749, #9167, #2619, .T. ) ;
#777 = CIRCLE ( 'NONE', #3663, 1.500000000000003109 ) ;
#778 = CARTESIAN_POINT ( 'NONE',  ( -11.80285515853674916, 14.37002715896167437, 1.199999999999999956 ) ) ;
#779 = CARTESIAN_POINT ( 'NONE',  ( -7.526182681611753189, 13.43593639420589092, 1.209999999999999964 ) ) ;
#780 = CARTESIAN_POINT ( 'NONE',  ( 6.500000000000000000, -14.83447752647037987, -0.1339798481102604799 ) ) ;
#781 = DIRECTION ( 'NONE',  ( 0.0000000000000000000, 1.000000000000000000, 0.0000000000000000000 ) ) ;
#782 = EDGE_CURVE ( 'NONE', #856, #9439, #2505, .T. ) ;
#783 = ORIENTED_EDGE ( 'NONE', *, *, #6441, .F. ) ;
#784 = ORIENTED_EDGE ( 'NONE', *, *, #274, .F. ) ;
#785 = VECTOR ( 'NONE', #3427, 1000.000000000000000 ) ;
#786 = CARTESIAN_POINT ( 'NONE',  ( -8.476174831154338563, 13.33126743063374597, 1.209999999999999964 ) ) ;
#787 = CARTESIAN_POINT ( 'NONE',  ( -8.118671400925821402, 14.40672370207652264, 1.209999999999999964 ) ) ;
#788 = CARTESIAN_POINT ( 'NONE',  ( -8.111566388498816949, 13.33126743063374597, 1.209999999999999964 ) ) ;
#789 = CARTESIAN_POINT ( 'NONE',  ( -6.268768774812923716, 14.40672370207652264, 1.199999999999999956 ) ) ;
#790 = VECTOR ( 'NONE', #2761, 1000.000000000000000 ) ;
#791 = CARTESIAN_POINT ( 'NONE',  ( -5.656351362102395086, 13.42623198698875875, 1.209999999999999964 ) ) ;
#792 = CARTESIAN_POINT ( 'NONE',  ( -7.945898293831654691, 14.42613251651542505, 1.199999999999999956 ) ) ;
#793 = CARTESIAN_POINT ( 'NONE',  ( -11.73055580000804277, 14.79418312905872845, 1.209999999999999964 ) ) ;
#794 = ORIENTED_EDGE ( 'NONE', *, *, #3848, .F. ) ;
#795 = CARTESIAN_POINT ( 'NONE',  ( -7.921637275784168430, 13.52916802070236280, 1.209999999999999964 ) ) ;
#796 = VERTEX_POINT ( 'NONE', #1851 ) ;
#797 = CARTESIAN_POINT ( 'NONE',  ( -6.437209557253773973, 14.93492072356431954, 1.199999999999999956 ) ) ;
#798 = LINE ( 'NONE', #124, #8277 ) ;
#799 = CARTESIAN_POINT ( 'NONE',  ( -7.625652855605935976, 15.08672537934918978, 1.209999999999999964 ) ) ;
#800 = LINE ( 'NONE', #8669, #5541 ) ;
#801 = ORIENTED_EDGE ( 'NONE', *, *, #8709, .F. ) ;
#802 = DIRECTION ( 'NONE',  ( 1.000000000000000000, 0.0000000000000000000, 0.0000000000000000000 ) ) ;
#803 = EDGE_CURVE ( 'NONE', #3701, #9583, #3525, .T. ) ;
#804 = EDGE_CURVE ( 'NONE', #3924, #3502, #5927, .T. ) ;
#805 = ORIENTED_EDGE ( 'NONE', *, *, #5582, .F. ) ;
#806 = CARTESIAN_POINT ( 'NONE',  ( -7.360168000972892699, 14.71206594350019969, 1.209999999999999964 ) ) ;
#807 = LINE ( 'NONE', #6691, #1365 ) ;
#808 = ORIENTED_EDGE ( 'NONE', *, *, #8076, .F. ) ;
#809 = CARTESIAN_POINT ( 'NONE',  ( -3.039999999999993818, 13.47999999999999865, 0.0000000000000000000 ) ) ;
#810 = ORIENTED_EDGE ( 'NONE', *, *, #1873, .T. ) ;
#811 = B_SPLINE_CURVE_WITH_KNOTS ( 'NONE', 3,
 ( #4541, #5403, #7954, #5285 ),
 .UNSPECIFIED., .F., .F.,
 ( 4, 4 ),
 ( 5.000000000000000000, 6.000000000000000000 ),
 .UNSPECIFIED. ) ;
#812 = DIRECTION ( 'NONE',  ( 1.000000000000000000, 0.0000000000000000000, 0.0000000000000000000 ) ) ;
#813 = EDGE_LOOP ( 'NONE', ( #6287, #6830, #3224, #2200 ) ) ;
#814 = DIRECTION ( 'NONE',  ( -0.9903286039881267211, -0.1387416884823308716, -0.0000000000000000000 ) ) ;
#815 = CARTESIAN_POINT ( 'NONE',  ( -6.500000000000000000, -14.83447752647037987, -0.1339798481102604799 ) ) ;
#816 = B_SPLINE_SURFACE_WITH_KNOTS ( 'NONE', 3, 1, ( 
 ( #246, #4470 ),
 ( #2783, #5319 ),
 ( #8097, #3691 ),
 ( #6303, #9730 ) ),
 .UNSPECIFIED., .F., .F., .F.,
 ( 4, 4 ),
 ( 2, 2 ),
 ( 4.000000000000000000, 5.000000000000000000 ),
 ( 0.0000000000000000000, 1.000000000000000000 ),
 .UNSPECIFIED. ) ;
#817 = EDGE_CURVE ( 'NONE', #856, #3919, #3718, .T. ) ;
#818 = LINE ( 'NONE', #9308, #9588 ) ;
#819 = ORIENTED_EDGE ( 'NONE', *, *, #9330, .F. ) ;
#820 = CARTESIAN_POINT ( 'NONE',  ( -7.876754392396827953, 13.31983009355342240, 1.199999999999999956 ) ) ;
#821 = CYLINDRICAL_SURFACE ( 'NONE', #1153, 2.250000000000000444 ) ;
#822 = LINE ( 'NONE', #9187, #5557 ) ;
#823 = CIRCLE ( 'NONE', #5323, 0.3999999999999999667 ) ;
#824 = CARTESIAN_POINT ( 'NONE',  ( -5.212374731832720265, 13.92254309904219589, 1.209999999999999964 ) ) ;
#825 = EDGE_LOOP ( 'NONE', ( #6584, #4751, #5914, #7208 ) ) ;
#826 = LINE ( 'NONE', #8634, #4530 ) ;
#827 = CARTESIAN_POINT ( 'NONE',  ( -11.87997449268630135, 14.64476443637584246, 1.209999999999999964 ) ) ;
#828 = VERTEX_POINT ( 'NONE', #1726 ) ;
#829 = FACE_BOUND ( 'NONE', #1249, .T. ) ;
#830 = ORIENTED_EDGE ( 'NONE', *, *, #8932, .F. ) ;
#831 = AXIS2_PLACEMENT_3D ( 'NONE', #1268, #5602, #3971 ) ;
#832 = ADVANCED_FACE ( 'NONE', ( #6865 ), #9476, .T. ) ;
#833 = CIRCLE ( 'NONE', #2988, 1.500000000000003109 ) ;
#834 = EDGE_CURVE ( 'NONE', #393, #6863, #10336, .T. ) ;
#835 = CARTESIAN_POINT ( 'NONE',  ( -12.10651261144982982, 13.90249108650084864, 1.209999999999999964 ) ) ;
#836 = CARTESIAN_POINT ( 'NONE',  ( -11.06540183025160751, 13.29999624822893800, 1.199999999999999956 ) ) ;
#837 = VERTEX_POINT ( 'NONE', #8620 ) ;
#838 = CARTESIAN_POINT ( 'NONE',  ( -9.330217317496021678, 13.99889023120733178, 1.209999999999999964 ) ) ;
#839 = CARTESIAN_POINT ( 'NONE',  ( 2.539999999999999591, 13.97999999999999332, -2.500000000000000000 ) ) ;
#840 = ORIENTED_EDGE ( 'NONE', *, *, #10514, .T. ) ;
#841 = ORIENTED_EDGE ( 'NONE', *, *, #7198, .F. ) ;
#842 = VECTOR ( 'NONE', #397, 1000.000000000000000 ) ;
#843 = EDGE_CURVE ( 'NONE', #3314, #1504, #8498, .T. ) ;
#844 = LINE ( 'NONE', #7622, #8368 ) ;
#845 = EDGE_CURVE ( 'NONE', #6352, #911, #807, .T. ) ;
#846 = DIRECTION ( 'NONE',  ( -0.0000000000000000000, 0.0000000000000000000, 1.000000000000000000 ) ) ;
#847 = DIRECTION ( 'NONE',  ( -1.000000000000000000, 0.0000000000000000000, 0.0000000000000000000 ) ) ;
#848 = EDGE_CURVE ( 'NONE', #3057, #2226, #10317, .T. ) ;
#849 = DIRECTION ( 'NONE',  ( -1.224646799147353207E-16, 1.000000000000000000, 0.0000000000000000000 ) ) ;
#850 = DIRECTION ( 'NONE',  ( -0.0000000000000000000, -0.0000000000000000000, -1.000000000000000000 ) ) ;
#851 = VECTOR ( 'NONE', #5486, 1000.000000000000000 ) ;
#852 = CARTESIAN_POINT ( 'NONE',  ( -8.476174831154338563, 13.33126743063374597, 1.209999999999999964 ) ) ;
#853 = CARTESIAN_POINT ( 'NONE',  ( -6.505313700773485586, 14.99488009673958011, 1.209999999999999964 ) ) ;
#854 = ORIENTED_EDGE ( 'NONE', *, *, #9181, .F. ) ;
#855 = CARTESIAN_POINT ( 'NONE',  ( -8.118671400925821402, 14.40672370207652264, 1.209999999999999964 ) ) ;
#856 = VERTEX_POINT ( 'NONE', #7815 ) ;
#857 = DIRECTION ( 'NONE',  ( 0.9903286039881267211, 0.1387416884823308438, 0.0000000000000000000 ) ) ;
#858 = ORIENTED_EDGE ( 'NONE', *, *, #11088, .F. ) ;
#859 = VECTOR ( 'NONE', #6296, 1000.000000000000000 ) ;
#860 = B_SPLINE_CURVE_WITH_KNOTS ( 'NONE', 3,
 ( #1677, #711, #3363, #7484 ),
 .UNSPECIFIED., .F., .F.,
 ( 4, 4 ),
 ( 1.000000000000000000, 2.000000000000000000 ),
 .UNSPECIFIED. ) ;
#861 = DIRECTION ( 'NONE',  ( -1.000000000000000000, 0.0000000000000000000, 0.0000000000000000000 ) ) ;
#862 = CC_DESIGN_DATE_AND_TIME_ASSIGNMENT ( #187, #3522, ( #7495 ) ) ;
#863 = FACE_OUTER_BOUND ( 'NONE', #10206, .T. ) ;
#864 = CARTESIAN_POINT ( 'NONE',  ( -7.289984341622917086, 13.33265377452059042, 1.199999999999999956 ) ) ;
#865 = CARTESIAN_POINT ( 'NONE',  ( -6.500000000000000000, -11.36787109524561856, -0.1339798481102605077 ) ) ;
#866 = AXIS2_PLACEMENT_3D ( 'NONE', #3656, #4536, #6271 ) ;
#867 = ORIENTED_EDGE ( 'NONE', *, *, #3808, .T. ) ;
#868 = CARTESIAN_POINT ( 'NONE',  ( -10.63642556276681717, 15.26653894730228700, 1.209999999999999964 ) ) ;
#869 = ORIENTED_EDGE ( 'NONE', *, *, #6302, .F. ) ;
#870 = CARTESIAN_POINT ( 'NONE',  ( -7.253766107537557239, 13.35830113645489625, 1.209999999999999964 ) ) ;
#871 = DIRECTION ( 'NONE',  ( -2.071311613106635153E-16, 1.000000000000000000, -0.0000000000000000000 ) ) ;
#872 = FACE_OUTER_BOUND ( 'NONE', #7414, .T. ) ;
#873 = ORIENTED_EDGE ( 'NONE', *, *, #701, .F. ) ;
#874 = VECTOR ( 'NONE', #4274, 1000.000000000000000 ) ;
#875 = CARTESIAN_POINT ( 'NONE',  ( -7.000000000000000888, -12.29999999999999893, 0.0000000000000000000 ) ) ;
#876 = DIRECTION ( 'NONE',  ( 0.0000000000000000000, 1.000000000000000000, -0.0000000000000000000 ) ) ;
#877 = EDGE_CURVE ( 'NONE', #9968, #6596, #3469, .T. ) ;
#878 = DIRECTION ( 'NONE',  ( -1.000000000000000000, -0.0000000000000000000, -0.0000000000000000000 ) ) ;
#879 = CARTESIAN_POINT ( 'NONE',  ( -7.771045670904913827, 14.39528636499620617, 1.209999999999999964 ) ) ;
#880 = DIRECTION ( 'NONE',  ( 0.0000000000000000000, -0.0000000000000000000, -1.000000000000000000 ) ) ;
#881 = ORIENTED_EDGE ( 'NONE', *, *, #1752, .T. ) ;
#882 = FACE_OUTER_BOUND ( 'NONE', #10782, .T. ) ;
#883 = DIRECTION ( 'NONE',  ( -0.0000000000000000000, 1.000000000000000000, 0.0000000000000000000 ) ) ;
#884 = EDGE_LOOP ( 'NONE', ( #9322, #5414, #10304, #4908 ) ) ;
#885 = AXIS2_PLACEMENT_3D ( 'NONE', #4316, #252, #3537 ) ;
#886 = ORIENTED_EDGE ( 'NONE', *, *, #10702, .F. ) ;
#887 = CARTESIAN_POINT ( 'NONE',  ( 5.079999999999999183, 16.01999999999999957, -2.500000000000000000 ) ) ;
#888 = VERTEX_POINT ( 'NONE', #11069 ) ;
#889 = ADVANCED_FACE ( 'NONE', ( #10275 ), #71, .F. ) ;
#890 = LINE ( 'NONE', #4326, #2801 ) ;
#891 = ORIENTED_EDGE ( 'NONE', *, *, #10795, .T. ) ;
#892 = EDGE_CURVE ( 'NONE', #1447, #7266, #5141, .T. ) ;
#893 = VECTOR ( 'NONE', #723, 1000.000000000000000 ) ;
#894 = DIRECTION ( 'NONE',  ( -1.000000000000000000, 0.0000000000000000000, 0.0000000000000000000 ) ) ;
#895 = DIRECTION ( 'NONE',  ( -0.0000000000000000000, -0.0000000000000000000, -1.000000000000000000 ) ) ;
#896 = ORIENTED_EDGE ( 'NONE', *, *, #4818, .F. ) ;
#897 = CARTESIAN_POINT ( 'NONE',  ( -17.69999999999999574, 16.75000000000000000, 0.0000000000000000000 ) ) ;
#898 = CARTESIAN_POINT ( 'NONE',  ( -7.308180105158522011, 13.50074797098971935, 1.199999999999999956 ) ) ;
#899 = ORIENTED_EDGE ( 'NONE', *, *, #287, .T. ) ;
#900 = VECTOR ( 'NONE', #4466, 1000.000000000000000 ) ;
#901 = EDGE_CURVE ( 'NONE', #8923, #9786, #5261, .T. ) ;
#902 = FACE_OUTER_BOUND ( 'NONE', #6687, .T. ) ;
#903 = CARTESIAN_POINT ( 'NONE',  ( -7.501575077592571361, 13.60818962234479734, 1.199999999999999956 ) ) ;
#904 = CARTESIAN_POINT ( 'NONE',  ( -5.656351362102395086, 13.42623198698875875, 1.199999999999999956 ) ) ;
#905 = EDGE_CURVE ( 'NONE', #4393, #8262, #5334, .T. ) ;
#906 = CARTESIAN_POINT ( 'NONE',  ( -8.388661873198030250, 13.93120774834882880, 1.209999999999999964 ) ) ;
#907 = LINE ( 'NONE', #6960, #420 ) ;
#908 = EDGE_CURVE ( 'NONE', #7788, #7970, #2983, .T. ) ;
#909 = PLANE ( 'NONE',  #5196 ) ;
#910 = VERTEX_POINT ( 'NONE', #1607 ) ;
#911 = VERTEX_POINT ( 'NONE', #1950 ) ;
#912 = LINE ( 'NONE', #10323, #6901 ) ;
#913 = B_SPLINE_CURVE_WITH_KNOTS ( 'NONE', 3,
 ( #1143, #992, #10349, #317 ),
 .UNSPECIFIED., .F., .F.,
 ( 4, 4 ),
 ( 19.00000000000000000, 20.00000000000000000 ),
 .UNSPECIFIED. ) ;
#914 = ADVANCED_FACE ( 'NONE', ( #2113 ), #2627, .F. ) ;
#915 = B_SPLINE_SURFACE_WITH_KNOTS ( 'NONE', 3, 1, ( 
 ( #8464, #7291 ),
 ( #8188, #1410 ),
 ( #1625, #4831 ),
 ( #8240, #3941 ) ),
 .UNSPECIFIED., .F., .F., .F.,
 ( 4, 4 ),
 ( 2, 2 ),
 ( 5.000000000000000000, 6.000000000000000000 ),
 ( 0.0000000000000000000, 1.000000000000000000 ),
 .UNSPECIFIED. ) ;
#916 = LINE ( 'NONE', #4238, #2214 ) ;
#917 = DIRECTION ( 'NONE',  ( -0.3315284183576420185, -0.9434452330799495412, 0.0000000000000000000 ) ) ;
#918 = EDGE_CURVE ( 'NONE', #3595, #199, #6301, .T. ) ;
#919 = CARTESIAN_POINT ( 'NONE',  ( -8.090944523158912105, 14.63131141199919227, 1.209999999999999964 ) ) ;
#920 = PERSON_AND_ORGANIZATION ( #3476, #272 ) ;
#921 = ORIENTED_EDGE ( 'NONE', *, *, #1027, .T. ) ;
#922 = B_SPLINE_CURVE_WITH_KNOTS ( 'NONE', 3,
 ( #10871, #3211, #3040, #5673 ),
 .UNSPECIFIED., .F., .F.,
 ( 4, 4 ),
 ( 26.00000000000000000, 27.00000000000000000 ),
 .UNSPECIFIED. ) ;
#923 = FACE_OUTER_BOUND ( 'NONE', #11026, .T. ) ;
#924 = ORIENTED_EDGE ( 'NONE', *, *, #7300, .T. ) ;
#925 = CARTESIAN_POINT ( 'NONE',  ( -7.352369816600157648, 13.52743509084378992, 1.199999999999999956 ) ) ;
#926 = ADVANCED_FACE ( 'NONE', ( #3744 ), #2939, .F. ) ;
#927 = EDGE_CURVE ( 'NONE', #4631, #1566, #1220, .T. ) ;
#928 = PLANE ( 'NONE',  #480 ) ;
#929 = EDGE_CURVE ( 'NONE', #1760, #5618, #8888, .T. ) ;
#930 = DIRECTION ( 'NONE',  ( 1.000000000000000000, -0.0000000000000000000, -0.0000000000000000000 ) ) ;
#931 = VERTEX_POINT ( 'NONE', #7188 ) ;
#932 = CARTESIAN_POINT ( 'NONE',  ( 13.69999999999999751, -14.25000000000000178, -0.1339798481102603966 ) ) ;
#933 = DIRECTION ( 'NONE',  ( 0.0000000000000000000, 0.0000000000000000000, 1.000000000000000000 ) ) ;
#934 = CARTESIAN_POINT ( 'NONE',  ( -7.471248805033219753, 13.78806774186596584, 1.209999999999999964 ) ) ;
#935 = CARTESIAN_POINT ( 'NONE',  ( 4.579999999999984972, 16.01999999999999957, 0.0000000000000000000 ) ) ;
#936 = VERTEX_POINT ( 'NONE', #5540 ) ;
#937 = CARTESIAN_POINT ( 'NONE',  ( -7.485632122875391481, 13.58704787804734160, 1.209999999999999964 ) ) ;
#938 = AXIS2_PLACEMENT_3D ( 'NONE', #10934, #4843, #3166 ) ;
#939 = CARTESIAN_POINT ( 'NONE',  ( 2.540000000000000036, 15.51999999999999957, -2.500000000000000000 ) ) ;
#940 = ORIENTED_EDGE ( 'NONE', *, *, #2609, .F. ) ;
#941 = ORIENTED_EDGE ( 'NONE', *, *, #6133, .T. ) ;
#942 = DIRECTION ( 'NONE',  ( -1.000000000000000000, 0.0000000000000000000, 0.0000000000000000000 ) ) ;
#943 = LINE ( 'NONE', #2582, #7608 ) ;
#944 = ORIENTED_EDGE ( 'NONE', *, *, #8233, .T. ) ;
#945 = CARTESIAN_POINT ( 'NONE',  ( -7.691330897321342341, 14.47326820871890973, 1.199999999999999956 ) ) ;
#946 = EDGE_LOOP ( 'NONE', ( #7533, #10992, #1506, #4571 ) ) ;
#947 = CARTESIAN_POINT ( 'NONE',  ( -7.923716791616747024, 13.31983009355342240, 1.209999999999999964 ) ) ;
#948 = CARTESIAN_POINT ( 'NONE',  ( -10.96418270992428035, 13.67595305967071084, 1.199999999999999956 ) ) ;
#949 = CARTESIAN_POINT ( 'NONE',  ( 1.670000000000000373, 14.75000000000000178, -7.100000000000000533 ) ) ;
#950 = ORIENTED_EDGE ( 'NONE', *, *, #7204, .F. ) ;
#951 = CARTESIAN_POINT ( 'NONE',  ( -3.409999999999999698, 14.75000000000000178, 2.000000000000000000 ) ) ;
#952 = LINE ( 'NONE', #7845, #2153 ) ;
#953 = B_SPLINE_CURVE_WITH_KNOTS ( 'NONE', 3,
 ( #4739, #8099, #2947, #2118 ),
 .UNSPECIFIED., .F., .F.,
 ( 4, 4 ),
 ( 4.000000000000000000, 5.000000000000000000 ),
 .UNSPECIFIED. ) ;
#954 = ADVANCED_FACE ( 'NONE', ( #2727 ), #1087, .T. ) ;
#955 = EDGE_CURVE ( 'NONE', #7515, #9309, #130, .T. ) ;
#956 = EDGE_LOOP ( 'NONE', ( #1510, #1990, #2564 ) ) ;
#957 = ORIENTED_EDGE ( 'NONE', *, *, #5533, .F. ) ;
#958 = AXIS2_PLACEMENT_3D ( 'NONE', #1773, #1584, #5241 ) ;
#959 = PLANE ( 'NONE',  #9791 ) ;
#960 = LINE ( 'NONE', #1703, #8715 ) ;
#961 = DIRECTION ( 'NONE',  ( -0.0000000000000000000, -0.0000000000000000000, -1.000000000000000000 ) ) ;
#962 = EDGE_CURVE ( 'NONE', #3694, #4158, #1038, .T. ) ;
#963 = LINE ( 'NONE', #8810, #9659 ) ;
#964 = CARTESIAN_POINT ( 'NONE',  ( -11.00274233103350952, 15.07856061052913077, 1.199999999999999956 ) ) ;
#965 = DIRECTION ( 'NONE',  ( -0.0000000000000000000, -0.0000000000000000000, -1.000000000000000000 ) ) ;
#966 = VECTOR ( 'NONE', #11078, 1000.000000000000000 ) ;
#967 = VERTEX_POINT ( 'NONE', #8729 ) ;
#968 = CARTESIAN_POINT ( 'NONE',  ( -6.615701332888102471, 14.50758021995985558, 1.209999999999999964 ) ) ;
#969 = EDGE_LOOP ( 'NONE', ( #2172, #10188, #129, #159 ) ) ;
#970 = ADVANCED_FACE ( 'NONE', ( #4467 ), #7878, .T. ) ;
#971 = VECTOR ( 'NONE', #7006, 1000.000000000000000 ) ;
#972 = DIRECTION ( 'NONE',  ( -0.0000000000000000000, -1.000000000000000000, -0.0000000000000000000 ) ) ;
#973 = DIRECTION ( 'NONE',  ( 0.0000000000000000000, 0.0000000000000000000, -1.000000000000000000 ) ) ;
#974 = CARTESIAN_POINT ( 'NONE',  ( -8.030291978040246192, 13.46089058420139750, 1.209999999999999964 ) ) ;
#975 = EDGE_CURVE ( 'NONE', #3940, #2026, #4515, .T. ) ;
#976 = ORIENTED_EDGE ( 'NONE', *, *, #2031, .F. ) ;
#977 = ORIENTED_EDGE ( 'NONE', *, *, #75, .T. ) ;
#978 = CARTESIAN_POINT ( 'NONE',  ( -7.811422936655427307, 13.31983009355342240, 1.209999999999999964 ) ) ;
#979 = ORIENTED_EDGE ( 'NONE', *, *, #8665, .F. ) ;
#980 = DIRECTION ( 'NONE',  ( -0.0000000000000000000, -0.0000000000000000000, -1.000000000000000000 ) ) ;
#981 = VECTOR ( 'NONE', #6481, 1000.000000000000000 ) ;
#982 = CARTESIAN_POINT ( 'NONE',  ( -8.062004594488747955, 14.54951712258305996, 1.209999999999999964 ) ) ;
#983 = DIRECTION ( 'NONE',  ( 1.000000000000000000, 0.0000000000000000000, 0.0000000000000000000 ) ) ;
#984 = EDGE_CURVE ( 'NONE', #2163, #4392, #3688, .T. ) ;
#985 = EDGE_CURVE ( 'NONE', #9856, #10885, #10935, .T. ) ;
#986 = ORIENTED_EDGE ( 'NONE', *, *, #10744, .F. ) ;
#987 = CARTESIAN_POINT ( 'NONE',  ( -7.976744445348555423, 13.60403059067966858, 1.199999999999999956 ) ) ;
#988 = VECTOR ( 'NONE', #5026, 1000.000000000000000 ) ;
#989 = LINE ( 'NONE', #82, #9027 ) ;
#990 = CARTESIAN_POINT ( 'NONE',  ( -7.988701661386450326, 13.35795455048319980, 1.199999999999999956 ) ) ;
#991 = EDGE_LOOP ( 'NONE', ( #1947, #2514, #771, #4846 ) ) ;
#992 = CARTESIAN_POINT ( 'NONE',  ( -7.488751396625402457, 13.32953450077058122, 1.209999999999999964 ) ) ;
#993 = CARTESIAN_POINT ( 'NONE',  ( -6.063416586338693293, 14.99799937048959464, 1.209999999999999964 ) ) ;
#994 = ORIENTED_EDGE ( 'NONE', *, *, #10499, .F. ) ;
#995 = ORIENTED_EDGE ( 'NONE', *, *, #1824, .T. ) ;
#996 = CARTESIAN_POINT ( 'NONE',  ( 12.95000000000000107, -14.25000000000000178, 1.099999999999999867 ) ) ;
#997 = ORIENTED_EDGE ( 'NONE', *, *, #8209, .T. ) ;
#998 = AXIS2_PLACEMENT_3D ( 'NONE', #1713, #8551, #857 ) ;
#999 = AXIS2_PLACEMENT_3D ( 'NONE', #4191, #1796, #6756 ) ;
#1000 = B_SPLINE_CURVE_WITH_KNOTS ( 'NONE', 3,
 ( #7996, #8056, #8791, #1101 ),
 .UNSPECIFIED., .F., .F.,
 ( 4, 4 ),
 ( 10.00000000000000000, 11.00000000000000000 ),
 .UNSPECIFIED. ) ;
#1001 = CARTESIAN_POINT ( 'NONE',  ( -5.221385967106424886, 13.88615157197098426, 1.199999999999999956 ) ) ;
#1002 = ORIENTED_EDGE ( 'NONE', *, *, #10937, .T. ) ;
#1003 = CARTESIAN_POINT ( 'NONE',  ( -6.615701332888102471, 14.50758021995985558, 1.199999999999999956 ) ) ;
#1004 = VECTOR ( 'NONE', #9337, 1000.000000000000000 ) ;
#1005 = CARTESIAN_POINT ( 'NONE',  ( -9.677254275205791956, 13.62293360363234029, 1.209999999999999964 ) ) ;
#1006 = VECTOR ( 'NONE', #1052, 1000.000000000000000 ) ;
#1007 = CARTESIAN_POINT ( 'NONE',  ( -7.839496400396323672, 13.55897441430642303, 1.209999999999999964 ) ) ;
#1008 = ORIENTED_EDGE ( 'NONE', *, *, #10758, .F. ) ;
#1009 = CARTESIAN_POINT ( 'NONE',  ( -5.948350043601348780, 14.66874269699015443, 1.209999999999999964 ) ) ;
#1010 = B_SPLINE_SURFACE_WITH_KNOTS ( 'NONE', 3, 1, ( 
 ( #2236, #419 ),
 ( #5554, #9901 ),
 ( #4022, #2906 ),
 ( #6533, #9743 ) ),
 .UNSPECIFIED., .F., .F., .F.,
 ( 4, 4 ),
 ( 2, 2 ),
 ( 5.000000000000000000, 6.000000000000000000 ),
 ( 0.0000000000000000000, 1.000000000000000000 ),
 .UNSPECIFIED. ) ;
#1011 = EDGE_LOOP ( 'NONE', ( #8009, #3409 ) ) ;
#1012 = VERTEX_POINT ( 'NONE', #738 ) ;
#1013 = CIRCLE ( 'NONE', #4770, 0.4000000000000001887 ) ;
#1014 = AXIS2_PLACEMENT_3D ( 'NONE', #6043, #876, #933 ) ;
#1015 = EDGE_CURVE ( 'NONE', #5604, #3412, #4710, .T. ) ;
#1016 = CARTESIAN_POINT ( 'NONE',  ( -6.769065625545668041, 14.48401237385580131, 1.209999999999999964 ) ) ;
#1017 = DIRECTION ( 'NONE',  ( -0.0000000000000000000, -0.0000000000000000000, -1.000000000000000000 ) ) ;
#1018 = ORIENTED_EDGE ( 'NONE', *, *, #2970, .T. ) ;
#1019 = CARTESIAN_POINT ( 'NONE',  ( -7.222400077060778578, 13.80505045449826262, 1.209999999999999964 ) ) ;
#1020 = LINE ( 'NONE', #8767, #10547 ) ;
#1021 = VECTOR ( 'NONE', #6099, 1000.000000000000000 ) ;
#1022 = VECTOR ( 'NONE', #2971, 1000.000000000000000 ) ;
#1023 = ORIENTED_EDGE ( 'NONE', *, *, #274, .T. ) ;
#1024 = DIRECTION ( 'NONE',  ( 0.0000000000000000000, 0.0000000000000000000, -1.000000000000000000 ) ) ;
#1025 = VERTEX_POINT ( 'NONE', #4175 ) ;
#1026 = DIRECTION ( 'NONE',  ( -0.0000000000000000000, -0.0000000000000000000, -1.000000000000000000 ) ) ;
#1027 = EDGE_CURVE ( 'NONE', #1709, #10584, #8996, .T. ) ;
#1028 = VECTOR ( 'NONE', #6500, 1000.000000000000114 ) ;
#1029 = VECTOR ( 'NONE', #7420, 1000.000000000000000 ) ;
#1030 = LINE ( 'NONE', #4460, #7997 ) ;
#1031 = SPHERICAL_SURFACE ( 'NONE', #2918, 0.4000000000000000222 ) ;
#1032 = DIRECTION ( 'NONE',  ( -1.000000000000000000, 0.0000000000000000000, 0.0000000000000000000 ) ) ;
#1033 = CARTESIAN_POINT ( 'NONE',  ( -8.388661873198030250, 13.71424492980840348, 1.199999999999999956 ) ) ;
#1034 = ORIENTED_EDGE ( 'NONE', *, *, #10241, .F. ) ;
#1035 = CALENDAR_DATE ( 2024, 19, 8 ) ;
#1036 = ORIENTED_EDGE ( 'NONE', *, *, #1973, .T. ) ;
#1037 = CARTESIAN_POINT ( 'NONE',  ( -7.583369367008717887, 14.97685762619213889, 1.199999999999999956 ) ) ;
#1038 = LINE ( 'NONE', #5317, #299 ) ;
#1039 = VECTOR ( 'NONE', #1417, 1000.000000000000000 ) ;
#1040 = CARTESIAN_POINT ( 'NONE',  ( -8.090944523158912105, 14.63131141199919227, 1.209999999999999964 ) ) ;
#1041 = FACE_OUTER_BOUND ( 'NONE', #36, .T. ) ;
#1042 = EDGE_CURVE ( 'NONE', #10187, #6799, #9618, .T. ) ;
#1043 = ORIENTED_EDGE ( 'NONE', *, *, #3217, .F. ) ;
#1044 = LINE ( 'NONE', #5987, #7267 ) ;
#1045 = AXIS2_PLACEMENT_3D ( 'NONE', #8987, #7298, #2161 ) ;
#1046 = ORIENTED_EDGE ( 'NONE', *, *, #8672, .T. ) ;
#1047 = CARTESIAN_POINT ( 'NONE',  ( -9.330217317496021678, 13.99889023120733178, 1.199999999999999956 ) ) ;
#1048 = ORIENTED_EDGE ( 'NONE', *, *, #5234, .F. ) ;
#1049 = PLANE ( 'NONE',  #614 ) ;
#1050 = EDGE_CURVE ( 'NONE', #6098, #5108, #8028, .T. ) ;
#1051 = CARTESIAN_POINT ( 'NONE',  ( -11.06058185462844889, 13.01079918184770001, 1.209999999999999964 ) ) ;
#1052 = DIRECTION ( 'NONE',  ( -0.0000000000000000000, -0.0000000000000000000, -1.000000000000000000 ) ) ;
#1053 = ORIENTED_EDGE ( 'NONE', *, *, #6882, .T. ) ;
#1054 = DIRECTION ( 'NONE',  ( -0.0000000000000000000, -0.0000000000000000000, -1.000000000000000000 ) ) ;
#1055 = LINE ( 'NONE', #4486, #5305 ) ;
#1056 = AXIS2_PLACEMENT_3D ( 'NONE', #9017, #1325, #10737 ) ;
#1057 = DIRECTION ( 'NONE',  ( 0.0000000000000000000, -0.0000000000000000000, -1.000000000000000000 ) ) ;
#1058 = EDGE_LOOP ( 'NONE', ( #11004, #8794, #3193, #6472 ) ) ;
#1059 = FACE_OUTER_BOUND ( 'NONE', #6093, .T. ) ;
#1060 = CARTESIAN_POINT ( 'NONE',  ( -9.932711788034353617, 13.32891628582545174, 1.209999999999999964 ) ) ;
#1061 = VECTOR ( 'NONE', #1285, 1000.000000000000000 ) ;
#1062 = DIRECTION ( 'NONE',  ( -0.0000000000000000000, -0.0000000000000000000, -1.000000000000000000 ) ) ;
#1063 = EDGE_LOOP ( 'NONE', ( #697, #6832, #4522, #7149 ) ) ;
#1064 = DIRECTION ( 'NONE',  ( 0.0000000000000000000, 0.0000000000000000000, 1.000000000000000000 ) ) ;
#1065 = CARTESIAN_POINT ( 'NONE',  ( -11.45581838469377089, 13.14575794765878669, 1.209999999999999964 ) ) ;
#1066 = ORIENTED_EDGE ( 'NONE', *, *, #4602, .F. ) ;
#1067 = EDGE_CURVE ( 'NONE', #2984, #9866, #8771, .T. ) ;
#1068 = VECTOR ( 'NONE', #8740, 1000.000000000000000 ) ;
#1069 = CARTESIAN_POINT ( 'NONE',  ( -8.016428539155645794, 13.38325532644580917, 1.199999999999999956 ) ) ;
#1070 = CARTESIAN_POINT ( 'NONE',  ( -7.839496400396323672, 13.55897441430642125, 1.209999999999999964 ) ) ;
#1071 = ORIENTED_EDGE ( 'NONE', *, *, #834, .F. ) ;
#1072 = CARTESIAN_POINT ( 'NONE',  ( -7.286345188915333893, 13.45465203670137555, 1.209999999999999964 ) ) ;
#1073 = CARTESIAN_POINT ( 'NONE',  ( -6.919137351471976949, 13.42068661143675889, 1.209999999999999964 ) ) ;
#1074 = EDGE_LOOP ( 'NONE', ( #8427, #9317, #5924, #3954 ) ) ;
#1075 = VERTEX_POINT ( 'NONE', #7014 ) ;
#1076 = CARTESIAN_POINT ( 'NONE',  ( -6.054058765093263794, 14.95987491355521470, 1.209999999999999964 ) ) ;
#1077 = VERTEX_POINT ( 'NONE', #1841 ) ;
#1078 = CARTESIAN_POINT ( 'NONE',  ( 3.409999999999999254, 14.75000000000000355, 2.000000000000000000 ) ) ;
#1079 = VERTEX_POINT ( 'NONE', #3730 ) ;
#1080 = DIRECTION ( 'NONE',  ( -0.0000000000000000000, -0.0000000000000000000, -1.000000000000000000 ) ) ;
#1081 = CARTESIAN_POINT ( 'NONE',  ( -11.25338014403910769, 13.38193555800165946, 1.209999999999999964 ) ) ;
#1082 = DIRECTION ( 'NONE',  ( 0.0000000000000000000, 1.000000000000000000, 0.0000000000000000000 ) ) ;
#1083 = FACE_OUTER_BOUND ( 'NONE', #3728, .T. ) ;
#1084 = DIRECTION ( 'NONE',  ( 1.000000000000000000, 0.0000000000000000000, 0.0000000000000000000 ) ) ;
#1085 = EDGE_CURVE ( 'NONE', #10838, #3134, #1176, .T. ) ;
#1086 = CARTESIAN_POINT ( 'NONE',  ( -7.743145500149867466, 15.01706159895216786, 1.209999999999999964 ) ) ;
#1087 = CYLINDRICAL_SURFACE ( 'NONE', #11033, 0.4000000000000001887 ) ;
#1088 = ADVANCED_FACE ( 'NONE', ( #4454 ), #6341, .F. ) ;
#1089 = DIRECTION ( 'NONE',  ( 0.0000000000000000000, 0.0000000000000000000, 1.000000000000000000 ) ) ;
#1090 = B_SPLINE_CURVE_WITH_KNOTS ( 'NONE', 3,
 ( #7183, #8139, #3739, #5269 ),
 .UNSPECIFIED., .F., .F.,
 ( 4, 4 ),
 ( 1.000000000000000000, 2.000000000000000000 ),
 .UNSPECIFIED. ) ;
#1091 = VERTEX_POINT ( 'NONE', #1885 ) ;
#1092 = CARTESIAN_POINT ( 'NONE',  ( -7.117731113486324368, 14.78970120125118903, 1.199999999999999956 ) ) ;
#1093 = B_SPLINE_SURFACE_WITH_KNOTS ( 'NONE', 3, 1, ( 
 ( #8168, #3138 ),
 ( #487, #3926 ),
 ( #10740, #3080 ),
 ( #6482, #3197 ) ),
 .UNSPECIFIED., .F., .F., .F.,
 ( 4, 4 ),
 ( 2, 2 ),
 ( 27.00000000000000000, 28.00000000000000000 ),
 ( 0.0000000000000000000, 1.000000000000000000 ),
 .UNSPECIFIED. ) ;
#1094 = ORIENTED_EDGE ( 'NONE', *, *, #4546, .F. ) ;
#1095 = EDGE_CURVE ( 'NONE', #2340, #9095, #2443, .T. ) ;
#1096 = LINE ( 'NONE', #6203, #5004 ) ;
#1097 = ORIENTED_EDGE ( 'NONE', *, *, #4064, .T. ) ;
#1098 = DIRECTION ( 'NONE',  ( -1.000000000000000000, 0.0000000000000000000, 0.0000000000000000000 ) ) ;
#1099 = LINE ( 'NONE', #939, #4661 ) ;
#1100 = ORIENTED_EDGE ( 'NONE', *, *, #9064, .T. ) ;
#1101 = CARTESIAN_POINT ( 'NONE',  ( -10.57858613110296098, 13.49279490537085913, 1.209999999999999964 ) ) ;
#1102 = ORIENTED_EDGE ( 'NONE', *, *, #2651, .T. ) ;
#1103 = CARTESIAN_POINT ( 'NONE',  ( -9.706173945071018494, 14.37484685878232860, 1.209999999999999964 ) ) ;
#1104 = EDGE_CURVE ( 'NONE', #5097, #4153, #3392, .T. ) ;
#1105 = CARTESIAN_POINT ( 'NONE',  ( -7.944165363970806304, 13.49416283752259460, 1.209999999999999964 ) ) ;
#1106 = CARTESIAN_POINT ( 'NONE',  ( -7.299515455854197477, 13.75756817632308326, 1.199999999999999956 ) ) ;
#1107 = CARTESIAN_POINT ( 'NONE',  ( -5.080000000000000071, 15.52000000000000668, -2.500000000000000000 ) ) ;
#1108 = EDGE_CURVE ( 'NONE', #1363, #3595, #10986, .T. ) ;
#1109 = CARTESIAN_POINT ( 'NONE',  ( -7.002317984774967030, 13.24427435163269529, 1.209999999999999964 ) ) ;
#1110 = EDGE_LOOP ( 'NONE', ( #7022, #9283, #9523, #344 ) ) ;
#1111 = DIRECTION ( 'NONE',  ( 0.0000000000000000000, -1.000000000000000000, 0.0000000000000000000 ) ) ;
#1112 = CARTESIAN_POINT ( 'NONE',  ( -7.345438097158998758, 13.75756817632308326, 1.199999999999999956 ) ) ;
#1113 = VERTEX_POINT ( 'NONE', #10431 ) ;
#1114 = EDGE_CURVE ( 'NONE', #10061, #3716, #6234, .T. ) ;
#1115 = VECTOR ( 'NONE', #5253, 1000.000000000000000 ) ;
#1116 = CARTESIAN_POINT ( 'NONE',  ( -17.00000000000000355, 11.50000000000000000, 1.199999999999999956 ) ) ;
#1117 = CARTESIAN_POINT ( 'NONE',  ( -7.944165363970806304, 13.44460104351252561, 1.209999999999999964 ) ) ;
#1118 = CARTESIAN_POINT ( 'NONE',  ( -10.57858613110296098, 13.54099447772641263, 1.199999999999999956 ) ) ;
#1119 = EDGE_CURVE ( 'NONE', #5354, #3729, #7801, .T. ) ;
#1120 = LINE ( 'NONE', #8813, #10714 ) ;
#1121 = ORIENTED_EDGE ( 'NONE', *, *, #8209, .F. ) ;
#1122 = ORIENTED_EDGE ( 'NONE', *, *, #3310, .T. ) ;
#1123 = ORIENTED_EDGE ( 'NONE', *, *, #1837, .F. ) ;
#1124 = AXIS2_PLACEMENT_3D ( 'NONE', #3983, #3146, #5567 ) ;
#1125 = ORIENTED_EDGE ( 'NONE', *, *, #1067, .T. ) ;
#1126 = CARTESIAN_POINT ( 'NONE',  ( -11.16662095057663073, 13.29999624822893800, 1.209999999999999964 ) ) ;
#1127 = FACE_OUTER_BOUND ( 'NONE', #4582, .T. ) ;
#1128 = CARTESIAN_POINT ( 'NONE',  ( -7.154989105486801115, 13.81544803366346308, 1.209999999999999964 ) ) ;
#1129 = VECTOR ( 'NONE', #4139, 1000.000000000000000 ) ;
#1130 = CARTESIAN_POINT ( 'NONE',  ( -7.337120033828714583, 13.60576352053820592, 1.209999999999999964 ) ) ;
#1131 = ORIENTED_EDGE ( 'NONE', *, *, #30, .T. ) ;
#1132 = ORIENTED_EDGE ( 'NONE', *, *, #10942, .T. ) ;
#1133 = CARTESIAN_POINT ( 'NONE',  ( -9.209718386616387420, 13.54581436141388195, 1.199999999999999956 ) ) ;
#1134 = ORIENTED_EDGE ( 'NONE', *, *, #4141, .T. ) ;
#1135 = CARTESIAN_POINT ( 'NONE',  ( -6.074507337447295541, 14.95051709230978787, 1.209999999999999964 ) ) ;
#1136 = VECTOR ( 'NONE', #2470, 1000.000000000000000 ) ;
#1137 = ORIENTED_EDGE ( 'NONE', *, *, #10844, .F. ) ;
#1138 = EDGE_CURVE ( 'NONE', #6701, #2871, #7066, .T. ) ;
#1139 = ORIENTED_EDGE ( 'NONE', *, *, #3386, .F. ) ;
#1141 = CARTESIAN_POINT ( 'NONE',  ( -11.32567941063441452, 14.87612239286012894, 1.209999999999999964 ) ) ;
#1140 = VECTOR ( 'NONE', #611, 1000.000000000000000 ) ;
#1142 = VERTEX_POINT ( 'NONE', #9669 ) ;
#1143 = CARTESIAN_POINT ( 'NONE',  ( -7.526182681611753189, 13.34825014326606585, 1.209999999999999964 ) ) ;
#1144 = DIRECTION ( 'NONE',  ( 0.9910683662997862298, 0.1333547648937705166, 0.0000000000000000000 ) ) ;
#1145 = CARTESIAN_POINT ( 'NONE',  ( -5.214454247667609010, 13.92254309904219411, 1.209999999999999964 ) ) ;
#1146 = ORIENTED_EDGE ( 'NONE', *, *, #4408, .F. ) ;
#1147 = DIRECTION ( 'NONE',  ( -1.000000000000000000, -0.0000000000000000000, -0.0000000000000000000 ) ) ;
#1148 = VERTEX_POINT ( 'NONE', #179 ) ;
#1149 = CARTESIAN_POINT ( 'NONE',  ( -10.07249062140200735, 13.56027401248085340, 1.209999999999999964 ) ) ;
#1150 = CARTESIAN_POINT ( 'NONE',  ( 1.270000000000000240, 14.75000000000000178, -2.500000000000000444 ) ) ;
#1151 = B_SPLINE_CURVE_WITH_KNOTS ( 'NONE', 3,
 ( #7994, #318, #1961, #2789 ),
 .UNSPECIFIED., .F., .F.,
 ( 4, 4 ),
 ( 17.00000000000000000, 18.00000000000000000 ),
 .UNSPECIFIED. ) ;
#1152 = EDGE_CURVE ( 'NONE', #6543, #3208, #1992, .T. ) ;
#1153 = AXIS2_PLACEMENT_3D ( 'NONE', #5942, #8513, #2517 ) ;
#1154 = FACE_OUTER_BOUND ( 'NONE', #1564, .T. ) ;
#1155 = CARTESIAN_POINT ( 'NONE',  ( -6.505313700773485586, 14.50168825843153186, 1.199999999999999956 ) ) ;
#1156 = CARTESIAN_POINT ( 'NONE',  ( -9.706173945071018494, 14.37484685878232860, 1.199999999999999956 ) ) ;
#1157 = LINE ( 'NONE', #212, #1969 ) ;
#1158 = DIRECTION ( 'NONE',  ( -0.0000000000000000000, -0.0000000000000000000, -1.000000000000000000 ) ) ;
#1159 = B_SPLINE_CURVE_WITH_KNOTS ( 'NONE', 3,
 ( #9394, #4168, #9516, #5962 ),
 .UNSPECIFIED., .F., .F.,
 ( 4, 4 ),
 ( 10.00000000000000000, 11.00000000000000000 ),
 .UNSPECIFIED. ) ;
#1160 = CARTESIAN_POINT ( 'NONE',  ( -7.993033986039764116, 14.99626644062642633, 1.199999999999999956 ) ) ;
#1161 =( GEOMETRIC_REPRESENTATION_CONTEXT ( 3 ) GLOBAL_UNCERTAINTY_ASSIGNED_CONTEXT ( ( #3243 ) ) GLOBAL_UNIT_ASSIGNED_CONTEXT ( ( #11003, #10055, #747 ) ) REPRESENTATION_CONTEXT ( 'NONE', 'WORKASPACE' ) );
#1162 = ORIENTED_EDGE ( 'NONE', *, *, #3623, .T. ) ;
#1163 = ADVANCED_FACE ( 'NONE', ( #3890 ), #7605, .F. ) ;
#1164 = CARTESIAN_POINT ( 'NONE',  ( -17.00000000000000355, -11.50000000000000000, 1.199999999999999956 ) ) ;
#1165 = VECTOR ( 'NONE', #1442, 1000.000000000000000 ) ;
#1166 = FACE_BOUND ( 'NONE', #4275, .T. ) ;
#1167 = CARTESIAN_POINT ( 'NONE',  ( -7.982982992848596027, 13.69899514703465115, 1.199999999999999956 ) ) ;
#1168 = FACE_OUTER_BOUND ( 'NONE', #8636, .T. ) ;
#1169 = PLANE ( 'NONE',  #1798 ) ;
#1170 = CARTESIAN_POINT ( 'NONE',  ( 2.540000000000000036, 15.51999999999999957, -2.500000000000000000 ) ) ;
#1171 = CARTESIAN_POINT ( 'NONE',  ( -5.766738994217011971, 13.43212394851245683, 1.209999999999999964 ) ) ;
#1172 = EDGE_LOOP ( 'NONE', ( #3108, #2665, #1381, #1429 ) ) ;
#1173 = ADVANCED_FACE ( 'NONE', ( #7544 ), #9319, .F. ) ;
#1174 = EDGE_LOOP ( 'NONE', ( #6735, #3183, #6728, #4674 ) ) ;
#1175 = ORIENTED_EDGE ( 'NONE', *, *, #5920, .T. ) ;
#1176 = LINE ( 'NONE', #4618, #9958 ) ;
#1177 = VECTOR ( 'NONE', #5739, 1000.000000000000000 ) ;
#1178 = B_SPLINE_SURFACE_WITH_KNOTS ( 'NONE', 3, 1, ( 
 ( #6601, #10183 ),
 ( #8579, #10020 ),
 ( #9372, #6829 ),
 ( #1684, #8516 ) ),
 .UNSPECIFIED., .F., .F., .F.,
 ( 4, 4 ),
 ( 2, 2 ),
 ( 12.00000000000000000, 13.00000000000000000 ),
 ( 0.0000000000000000000, 1.000000000000000000 ),
 .UNSPECIFIED. ) ;
#1179 = DIRECTION ( 'NONE',  ( -0.3658589216693567958, 0.9306703226357523340, 0.0000000000000000000 ) ) ;
#1180 = B_SPLINE_CURVE_WITH_KNOTS ( 'NONE', 3,
 ( #1133, #2055, #8992, #10605 ),
 .UNSPECIFIED., .F., .F.,
 ( 4, 4 ),
 ( 34.00000000000000000, 35.00000000000000000 ),
 .UNSPECIFIED. ) ;
#1181 = LINE ( 'NONE', #4623, #842 ) ;
#1182 = DIRECTION ( 'NONE',  ( -0.0000000000000000000, -0.0000000000000000000, -1.000000000000000000 ) ) ;
#1183 = DIRECTION ( 'NONE',  ( 0.3658589216693569068, -0.9306703226357524450, -0.0000000000000000000 ) ) ;
#1184 = CARTESIAN_POINT ( 'NONE',  ( -9.648334421473771627, 13.32891628582545174, 1.209999999999999964 ) ) ;
#1185 = AXIS2_PLACEMENT_3D ( 'NONE', #5904, #846, #9392 ) ;
#1186 = CARTESIAN_POINT ( 'NONE',  ( -11.68235622765479498, 13.73861274275561684, 1.209999999999999964 ) ) ;
#1187 = VECTOR ( 'NONE', #6095, 1000.000000000000000 ) ;
#1188 = LINE ( 'NONE', #2109, #2765 ) ;
#1189 = ORIENTED_EDGE ( 'NONE', *, *, #5309, .F. ) ;
#1190 = EDGE_LOOP ( 'NONE', ( #6822, #1139, #2861, #7471 ) ) ;
#1191 = CYLINDRICAL_SURFACE ( 'NONE', #9175, 0.4000000000000001887 ) ;
#1192 = CARTESIAN_POINT ( 'NONE',  ( -7.345438097158998758, 13.75756817632308326, 1.209999999999999964 ) ) ;
#1193 = VERTEX_POINT ( 'NONE', #2096 ) ;
#1194 = DIRECTION ( 'NONE',  ( 1.000000000000000000, 0.0000000000000000000, 0.0000000000000000000 ) ) ;
#1195 = FACE_OUTER_BOUND ( 'NONE', #8707, .T. ) ;
#1196 = VECTOR ( 'NONE', #6513, 1000.000000000000000 ) ;
#1197 = CC_DESIGN_PERSON_AND_ORGANIZATION_ASSIGNMENT ( #7875, #7023, ( #6531 ) ) ;
#1198 = EDGE_LOOP ( 'NONE', ( #5923, #10949, #3416, #6143 ) ) ;
#1199 = CARTESIAN_POINT ( 'NONE',  ( -7.880220252118532720, 14.99210740896127270, 1.199999999999999956 ) ) ;
#1200 = ORIENTED_EDGE ( 'NONE', *, *, #6207, .T. ) ;
#1201 = VECTOR ( 'NONE', #6722, 1000.000000000000000 ) ;
#1202 = CARTESIAN_POINT ( 'NONE',  ( -7.641249224351386538, 13.76553965368166921, 1.199999999999999956 ) ) ;
#1203 = ORIENTED_EDGE ( 'NONE', *, *, #9335, .F. ) ;
#1204 = CARTESIAN_POINT ( 'NONE',  ( -7.083072516275969122, 14.40672370207652264, 1.199999999999999956 ) ) ;
#1205 = CARTESIAN_POINT ( 'NONE',  ( -5.164719160667035958, 14.00918959207152348, 1.209999999999999964 ) ) ;
#1206 = CARTESIAN_POINT ( 'NONE',  ( -7.246661095108242634, 13.56451978985842111, 1.199999999999999956 ) ) ;
#1207 = VERTEX_POINT ( 'NONE', #5676 ) ;
#1208 = CARTESIAN_POINT ( 'NONE',  ( -11.79803536678269360, 13.45423510039484327, 1.209999999999999964 ) ) ;
#1209 = EDGE_CURVE ( 'NONE', #1284, #5810, #9921, .T. ) ;
#1210 = CARTESIAN_POINT ( 'NONE',  ( -7.098495592033263080, 15.08464586351430547, 1.209999999999999964 ) ) ;
#1211 = CARTESIAN_POINT ( 'NONE',  ( -7.395173184157256330, 13.75167621479475955, 1.199999999999999956 ) ) ;
#1212 = LINE ( 'NONE', #7102, #10972 ) ;
#1213 = CARTESIAN_POINT ( 'NONE',  ( -7.525662802654181860, 13.68478512218066889, 1.209999999999999964 ) ) ;
#1214 = ORIENTED_EDGE ( 'NONE', *, *, #7901, .F. ) ;
#1215 = PLANE ( 'NONE',  #8303 ) ;
#1216 = CARTESIAN_POINT ( 'NONE',  ( -6.909952823207794914, 13.25813779051961028, 1.199999999999999956 ) ) ;
#1217 = VECTOR ( 'NONE', #4388, 1000.000000000000000 ) ;
#1218 = CARTESIAN_POINT ( 'NONE',  ( 15.19999999999999929, -14.25000000000000178, 0.0000000000000000000 ) ) ;
#1219 = VERTEX_POINT ( 'NONE', #1236 ) ;
#1220 = B_SPLINE_CURVE_WITH_KNOTS ( 'NONE', 3,
 ( #1192, #7134, #4634, #8042 ),
 .UNSPECIFIED., .F., .F.,
 ( 4, 4 ),
 ( 10.00000000000000000, 11.00000000000000000 ),
 .UNSPECIFIED. ) ;
#1221 = EDGE_CURVE ( 'NONE', #5108, #3256, #6445, .T. ) ;
#1222 = CARTESIAN_POINT ( 'NONE',  ( -11.16662095057663073, 13.29999624822893800, 1.199999999999999956 ) ) ;
#1223 = ORIENTED_EDGE ( 'NONE', *, *, #10216, .F. ) ;
#1224 = AXIS2_PLACEMENT_3D ( 'NONE', #4171, #4289, #8655 ) ;
#1225 = CARTESIAN_POINT ( 'NONE',  ( -6.778250153805251088, 13.81544803366346308, 1.209999999999999964 ) ) ;
#1226 = CARTESIAN_POINT ( 'NONE',  ( -7.744011965081448956, 15.09608320059462017, 1.199999999999999956 ) ) ;
#1227 = DIRECTION ( 'NONE',  ( 0.0000000000000000000, -1.000000000000000000, 0.0000000000000000000 ) ) ;
#1228 = ORIENTED_EDGE ( 'NONE', *, *, #209, .F. ) ;
#1229 = CARTESIAN_POINT ( 'NONE',  ( -7.419607495190570390, 13.64735383719431283, 1.209999999999999964 ) ) ;
#1230 = CARTESIAN_POINT ( 'NONE',  ( -5.833976672807452246, 13.40855610241303886, 1.209999999999999964 ) ) ;
#1231 = VERTEX_POINT ( 'NONE', #9869 ) ;
#1232 = ADVANCED_FACE ( 'NONE', ( #5620 ), #915, .T. ) ;
#1233 = EDGE_CURVE ( 'NONE', #1940, #1219, #8930, .T. ) ;
#1234 = EDGE_LOOP ( 'NONE', ( #8181, #8991, #5300, #3583 ) ) ;
#1235 = VERTEX_POINT ( 'NONE', #2202 ) ;
#1236 = CARTESIAN_POINT ( 'NONE',  ( -7.098495592033263080, 15.08464586351430547, 1.199999999999999956 ) ) ;
#1237 = VECTOR ( 'NONE', #4026, 1000.000000000000000 ) ;
#1238 = CARTESIAN_POINT ( 'NONE',  ( -9.903792118169125303, 13.89767129474679486, 1.209999999999999964 ) ) ;
#1239 = EDGE_CURVE ( 'NONE', #4161, #3855, #559, .T. ) ;
#1240 = CARTESIAN_POINT ( 'NONE',  ( -7.583369367008716999, 15.06835632282541937, 1.209999999999999964 ) ) ;
#1241 = EDGE_CURVE ( 'NONE', #5140, #9356, #833, .T. ) ;
#1242 = DIRECTION ( 'NONE',  ( -0.0000000000000000000, 0.0000000000000000000, -1.000000000000000000 ) ) ;
#1243 = CARTESIAN_POINT ( 'NONE',  ( -7.641249224351386538, 13.76553965368166921, 1.199999999999999956 ) ) ;
#1244 = VECTOR ( 'NONE', #4277, 1000.000000000000000 ) ;
#1245 = CARTESIAN_POINT ( 'NONE',  ( -11.68235622765479498, 13.73861274275561684, 1.199999999999999956 ) ) ;
#1246 = CARTESIAN_POINT ( 'NONE',  ( -5.755474950122565936, 14.40672370207652264, 1.199999999999999956 ) ) ;
#1247 = VERTEX_POINT ( 'NONE', #10755 ) ;
#1248 = ADVANCED_FACE ( 'NONE', ( #445 ), #4149, .F. ) ;
#1249 = EDGE_LOOP ( 'NONE', ( #5930, #10235 ) ) ;
#1250 = CARTESIAN_POINT ( 'NONE',  ( -7.771045670904913827, 14.39528636499620617, 1.199999999999999956 ) ) ;
#1251 = ORIENTED_EDGE ( 'NONE', *, *, #1221, .T. ) ;
#1252 = DIRECTION ( 'NONE',  ( 0.0000000000000000000, 0.0000000000000000000, -1.000000000000000000 ) ) ;
#1253 = ORIENTED_EDGE ( 'NONE', *, *, #3993, .T. ) ;
#1254 = CARTESIAN_POINT ( 'NONE',  ( -5.212374731832720265, 13.92254309904219589, 1.209999999999999964 ) ) ;
#1255 = CARTESIAN_POINT ( 'NONE',  ( -5.719999999999996199, 8.259999999999996234, 0.0000000000000000000 ) ) ;
#1256 = ADVANCED_FACE ( 'NONE', ( #9822 ), #465, .T. ) ;
#1257 = CARTESIAN_POINT ( 'NONE',  ( -7.726162787517545816, 13.52778167681551480, 1.199999999999999956 ) ) ;
#1258 = VERTEX_POINT ( 'NONE', #2152 ) ;
#1259 = CARTESIAN_POINT ( 'NONE',  ( -7.199178816930749569, 13.46297010003166683, 1.199999999999999956 ) ) ;
#1260 = ORIENTED_EDGE ( 'NONE', *, *, #8734, .F. ) ;
#1261 = CARTESIAN_POINT ( 'NONE',  ( -5.718563544093785644, 13.47925964072056537, 1.199999999999999956 ) ) ;
#1262 = EDGE_CURVE ( 'NONE', #8575, #4730, #7230, .T. ) ;
#1263 = EDGE_CURVE ( 'NONE', #2175, #6908, #1288, .T. ) ;
#1264 = DIRECTION ( 'NONE',  ( 0.0000000000000000000, 0.0000000000000000000, 1.000000000000000000 ) ) ;
#1265 = VERTEX_POINT ( 'NONE', #10396 ) ;
#1266 = CARTESIAN_POINT ( 'NONE',  ( -11.90407441676186373, 13.56991414758934589, 1.199999999999999956 ) ) ;
#1267 = CARTESIAN_POINT ( 'NONE',  ( -6.249533253359885521, 14.00918959207152348, 1.209999999999999964 ) ) ;
#1268 = CARTESIAN_POINT ( 'NONE',  ( 15.19999999999999929, -14.25000000000000178, -0.1339798481102603966 ) ) ;
#1269 = CARTESIAN_POINT ( 'NONE',  ( -6.234110177600258318, 13.40855610241303886, 1.199999999999999956 ) ) ;
#1270 = ORIENTED_EDGE ( 'NONE', *, *, #9729, .F. ) ;
#1271 = CARTESIAN_POINT ( 'NONE',  ( -9.923072020657146552, 13.62775348731978298, 1.209999999999999964 ) ) ;
#1272 = ORIENTED_EDGE ( 'NONE', *, *, #10880, .F. ) ;
#1273 = LINE ( 'NONE', #6540, #981 ) ;
#1274 = FACE_OUTER_BOUND ( 'NONE', #6049, .T. ) ;
#1275 = B_SPLINE_SURFACE_WITH_KNOTS ( 'NONE', 3, 1, ( 
 ( #6642, #758 ),
 ( #10117, #10063 ),
 ( #1443, #2392 ),
 ( #3130, #2448 ) ),
 .UNSPECIFIED., .F., .F., .F.,
 ( 4, 4 ),
 ( 2, 2 ),
 ( 0.0000000000000000000, 1.000000000000000000 ),
 ( 0.0000000000000000000, 1.000000000000000000 ),
 .UNSPECIFIED. ) ;
#1276 = FACE_OUTER_BOUND ( 'NONE', #739, .T. ) ;
#1277 = CARTESIAN_POINT ( 'NONE',  ( -7.286345188915333893, 13.47336767919686551, 1.209999999999999964 ) ) ;
#1278 = CARTESIAN_POINT ( 'NONE',  ( -6.175883734288176719, 14.66874269699015443, 1.209999999999999964 ) ) ;
#1279 = CARTESIAN_POINT ( 'NONE',  ( -5.809888947745811549, 14.00918959207152525, 1.209999999999999964 ) ) ;
#1280 = CARTESIAN_POINT ( 'NONE',  ( -9.330217317496021678, 13.80127196617351970, 1.199999999999999956 ) ) ;
#1281 = DIRECTION ( 'NONE',  ( 0.0000000000000000000, 0.0000000000000000000, 1.000000000000000000 ) ) ;
#1282 = DIRECTION ( 'NONE',  ( -0.0000000000000000000, -0.0000000000000000000, -1.000000000000000000 ) ) ;
#1283 = EDGE_CURVE ( 'NONE', #11066, #2279, #3425, .T. ) ;
#1284 = VERTEX_POINT ( 'NONE', #1734 ) ;
#1285 = DIRECTION ( 'NONE',  ( -0.0000000000000000000, -0.0000000000000000000, -1.000000000000000000 ) ) ;
#1286 = ORIENTED_EDGE ( 'NONE', *, *, #5177, .F. ) ;
#1287 = ORIENTED_EDGE ( 'NONE', *, *, #10435, .T. ) ;
#1288 = LINE ( 'NONE', #4719, #4425 ) ;
#1289 = CARTESIAN_POINT ( 'NONE',  ( -7.222400077060778578, 13.80505045449826262, 1.209999999999999964 ) ) ;
#1290 = EDGE_CURVE ( 'NONE', #3849, #4925, #291, .T. ) ;
#1291 = DIRECTION ( 'NONE',  ( -0.0000000000000000000, -0.0000000000000000000, 1.000000000000000000 ) ) ;
#1292 = FACE_OUTER_BOUND ( 'NONE', #1481, .T. ) ;
#1293 = CARTESIAN_POINT ( 'NONE',  ( -7.337120033828714583, 13.60576352053820592, 1.209999999999999964 ) ) ;
#1294 = CARTESIAN_POINT ( 'NONE',  ( -10.41952757911408867, 14.97734151318745610, 1.199999999999999956 ) ) ;
#1295 = FACE_OUTER_BOUND ( 'NONE', #2924, .T. ) ;
#1296 = LINE ( 'NONE', #1246, #7218 ) ;
#1297 = VERTEX_POINT ( 'NONE', #4473 ) ;
#1298 = VECTOR ( 'NONE', #2048, 1000.000000000000114 ) ;
#1299 = ORIENTED_EDGE ( 'NONE', *, *, #10088, .F. ) ;
#1300 = CARTESIAN_POINT ( 'NONE',  ( -6.500000000000000000, -14.83447752647037987, 1.331180503930323278 ) ) ;
#1301 = EDGE_CURVE ( 'NONE', #4496, #4272, #2313, .T. ) ;
#1302 = VERTEX_POINT ( 'NONE', #11076 ) ;
#1303 = CARTESIAN_POINT ( 'NONE',  ( -7.199178816930749569, 13.46297010003166683, 1.209999999999999964 ) ) ;
#1304 = ORIENTED_EDGE ( 'NONE', *, *, #10912, .F. ) ;
#1305 = ADVANCED_FACE ( 'NONE', ( #2626 ), #4361, .F. ) ;
#1306 = VECTOR ( 'NONE', #5846, 1000.000000000000000 ) ;
#1307 = CARTESIAN_POINT ( 'NONE',  ( -7.927875823281901546, 14.94185244300777349, 1.209999999999999964 ) ) ;
#1308 = ADVANCED_FACE ( 'NONE', ( #4415 ), #9621, .T. ) ;
#1309 = PLANE ( 'NONE',  #6606 ) ;
#1310 = CARTESIAN_POINT ( 'NONE',  ( -6.061337070508429292, 14.99799937048959464, 1.209999999999999964 ) ) ;
#1311 = FACE_OUTER_BOUND ( 'NONE', #5041, .T. ) ;
#1312 = ORIENTED_EDGE ( 'NONE', *, *, #6574, .T. ) ;
#1313 = CARTESIAN_POINT ( 'NONE',  ( 3.809999999999999609, 14.75000000000000355, 1.600000000000000089 ) ) ;
#1314 = EDGE_CURVE ( 'NONE', #8999, #2926, #6873, .T. ) ;
#1315 = AXIS2_PLACEMENT_3D ( 'NONE', #2025, #5447, #5603 ) ;
#1316 = EDGE_CURVE ( 'NONE', #10013, #10798, #3642, .T. ) ;
#1317 = EDGE_LOOP ( 'NONE', ( #6678, #2283, #9249, #10193 ) ) ;
#1318 = EDGE_CURVE ( 'NONE', #8186, #3783, #1044, .T. ) ;
#1319 = CARTESIAN_POINT ( 'NONE',  ( -5.718563544093785644, 13.47925964072056537, 1.209999999999999964 ) ) ;
#1320 = EDGE_CURVE ( 'NONE', #4278, #4697, #10498, .T. ) ;
#1321 = B_SPLINE_CURVE_WITH_KNOTS ( 'NONE', 3,
 ( #10294, #3255, #8518, #5824 ),
 .UNSPECIFIED., .F., .F.,
 ( 4, 4 ),
 ( 3.000000000000000000, 4.000000000000000000 ),
 .UNSPECIFIED. ) ;
#1322 = CARTESIAN_POINT ( 'NONE',  ( -7.412329189775404892, 13.73954570577101464, 1.199999999999999956 ) ) ;
#1323 = VECTOR ( 'NONE', #7223, 1000.000000000000000 ) ;
#1324 = CARTESIAN_POINT ( 'NONE',  ( -4.209999999999999964, 14.75000000000000178, 1.199999999999999956 ) ) ;
#1325 = DIRECTION ( 'NONE',  ( 0.7071067811865475727, 0.7071067811865475727, -0.0000000000000000000 ) ) ;
#1326 = EDGE_LOOP ( 'NONE', ( #10358, #9168 ) ) ;
#1327 = CARTESIAN_POINT ( 'NONE',  ( -7.743145500149867466, 15.01706159895216786, 1.209999999999999964 ) ) ;
#1328 = CARTESIAN_POINT ( 'NONE',  ( -5.080000000000000071, 13.97999999999999332, 0.0000000000000000000 ) ) ;
#1329 = CARTESIAN_POINT ( 'NONE',  ( -0.8699999999999996625, 14.75000000000000178, 1.600000000000000089 ) ) ;
#1330 = DIRECTION ( 'NONE',  ( -1.000000000000000000, 0.0000000000000000000, 0.0000000000000000000 ) ) ;
#1331 = ORIENTED_EDGE ( 'NONE', *, *, #8383, .F. ) ;
#1332 = AXIS2_PLACEMENT_3D ( 'NONE', #7371, #6597, #4090 ) ;
#1333 = CARTESIAN_POINT ( 'NONE',  ( -11.16662095057663073, 13.29999624822893800, 1.209999999999999964 ) ) ;
#1334 = PRODUCT_RELATED_PRODUCT_CATEGORY ( 'detail', '', ( #1658 ) ) ;
#1335 = ORIENTED_EDGE ( 'NONE', *, *, #10890, .F. ) ;
#1336 = LINE ( 'NONE', #5668, #4368 ) ;
#1337 = APPROVAL_PERSON_ORGANIZATION ( #5314, #6338, #6920 ) ;
#1338 = CARTESIAN_POINT ( 'NONE',  ( -6.983797296889726169, 13.14194484336844404, 1.209999999999999964 ) ) ;
#1339 = ORIENTED_EDGE ( 'NONE', *, *, #10653, .T. ) ;
#1340 = CARTESIAN_POINT ( 'NONE',  ( -7.390147687560519429, 13.82653878477206355, 1.209999999999999964 ) ) ;
#1341 = VERTEX_POINT ( 'NONE', #7883 ) ;
#1342 = CARTESIAN_POINT ( 'NONE',  ( -7.999099240549312206, 14.82332004054871355, 1.209999999999999964 ) ) ;
#1343 = ORIENTED_EDGE ( 'NONE', *, *, #2485, .T. ) ;
#1344 = VERTEX_POINT ( 'NONE', #7822 ) ;
#1345 = CARTESIAN_POINT ( 'NONE',  ( -5.080000000000000071, 16.01999999999999957, -2.500000000000000000 ) ) ;
#1346 = CIRCLE ( 'NONE', #2431, 0.4000000000000001887 ) ;
#1347 = EDGE_CURVE ( 'NONE', #2506, #9309, #3513, .T. ) ;
#1348 = CARTESIAN_POINT ( 'NONE',  ( -17.69999999999999574, -16.75000000000000000, 1.199999999999999956 ) ) ;
#1349 = CARTESIAN_POINT ( 'NONE',  ( -6.569432105613887352, 14.94289220092290549, 1.199999999999999956 ) ) ;
#1350 = DIRECTION ( 'NONE',  ( -0.0000000000000000000, -0.0000000000000000000, 1.000000000000000000 ) ) ;
#1351 = CARTESIAN_POINT ( 'NONE',  ( 3.039999999999993374, 16.01999999999999957, 0.0000000000000000000 ) ) ;
#1352 = CARTESIAN_POINT ( 'NONE',  ( -10.87742351646410910, 13.48797465394981465, 1.209999999999999964 ) ) ;
#1353 = CARTESIAN_POINT ( 'NONE',  ( -7.526182681611753189, 13.34825014326606585, 1.199999999999999956 ) ) ;
#1354 = VERTEX_POINT ( 'NONE', #10452 ) ;
#1355 = AXIS2_PLACEMENT_3D ( 'NONE', #9225, #5018, #8430 ) ;
#1356 = ORIENTED_EDGE ( 'NONE', *, *, #1108, .T. ) ;
#1357 = PLANE ( 'NONE',  #3811 ) ;
#1358 = EDGE_LOOP ( 'NONE', ( #4259, #1653, #9540, #8588 ) ) ;
#1359 = EDGE_CURVE ( 'NONE', #5190, #4549, #1856, .T. ) ;
#1360 = PLANE ( 'NONE',  #2821 ) ;
#1361 = CARTESIAN_POINT ( 'NONE',  ( 15.19999999999999929, 14.25000000000000178, 1.099999999999999867 ) ) ;
#1362 = ADVANCED_FACE ( 'NONE', ( #5324 ), #7000, .F. ) ;
#1363 = VERTEX_POINT ( 'NONE', #464 ) ;
#1364 = VECTOR ( 'NONE', #7972, 1000.000000000000000 ) ;
#1365 = VECTOR ( 'NONE', #7649, 999.9999999999998863 ) ;
#1366 = CARTESIAN_POINT ( 'NONE',  ( -7.818701242068282653, 15.01706159895216786, 1.199999999999999956 ) ) ;
#1367 = B_SPLINE_SURFACE_WITH_KNOTS ( 'NONE', 3, 1, ( 
 ( #6, #10382 ),
 ( #5189, #2767 ),
 ( #9465, #6184 ),
 ( #9616, #8610 ) ),
 .UNSPECIFIED., .F., .F., .F.,
 ( 4, 4 ),
 ( 2, 2 ),
 ( 1.000000000000000000, 2.000000000000000000 ),
 ( 0.0000000000000000000, 1.000000000000000000 ),
 .UNSPECIFIED. ) ;
#1368 = VERTEX_POINT ( 'NONE', #7309 ) ;
#1369 = CARTESIAN_POINT ( 'NONE',  ( 1.270000000000000240, 14.75000000000000178, 1.600000000000000089 ) ) ;
#1370 = VERTEX_POINT ( 'NONE', #1092 ) ;
#1371 = CARTESIAN_POINT ( 'NONE',  ( -7.060024549129475524, 13.81544803366346308, 1.199999999999999956 ) ) ;
#1372 = DIRECTION ( 'NONE',  ( 1.000000000000000000, 0.0000000000000000000, 0.0000000000000000000 ) ) ;
#1373 = ORIENTED_EDGE ( 'NONE', *, *, #1720, .F. ) ;
#1374 = DIRECTION ( 'NONE',  ( -1.000000000000000000, 0.0000000000000000000, 0.0000000000000000000 ) ) ;
#1375 = VECTOR ( 'NONE', #8664, 1000.000000000000000 ) ;
#1376 = EDGE_CURVE ( 'NONE', #4549, #2026, #4604, .T. ) ;
#1377 = VECTOR ( 'NONE', #4574, 1000.000000000000000 ) ;
#1378 = EDGE_CURVE ( 'NONE', #10853, #8316, #10297, .T. ) ;
#1379 = ORIENTED_EDGE ( 'NONE', *, *, #5210, .T. ) ;
#1380 = LINE ( 'NONE', #9127, #7615 ) ;
#1381 = ORIENTED_EDGE ( 'NONE', *, *, #4841, .F. ) ;
#1382 = CARTESIAN_POINT ( 'NONE',  ( -7.726162787517545816, 13.71805737550183935, 1.199999999999999956 ) ) ;
#1383 = VECTOR ( 'NONE', #9124, 1000.000000000000000 ) ;
#1384 = ADVANCED_FACE ( 'NONE', ( #9684 ), #9733, .F. ) ;
#1385 = B_SPLINE_CURVE_WITH_KNOTS ( 'NONE', 3,
 ( #2217, #2380, #4788, #1482 ),
 .UNSPECIFIED., .F., .F.,
 ( 4, 4 ),
 ( 0.0000000000000000000, 1.000000000000000000 ),
 .UNSPECIFIED. ) ;
#1386 = DIRECTION ( 'NONE',  ( -1.000000000000000000, 0.0000000000000000000, 0.0000000000000000000 ) ) ;
#1387 = CARTESIAN_POINT ( 'NONE',  ( -8.126989464258420170, 14.00918959207152348, 1.199999999999999956 ) ) ;
#1388 = ORIENTED_EDGE ( 'NONE', *, *, #6588, .T. ) ;
#1389 = CARTESIAN_POINT ( 'NONE',  ( -7.199178816930749569, 13.46297010003166683, 1.209999999999999964 ) ) ;
#1390 = CARTESIAN_POINT ( 'NONE',  ( -9.561575044146806590, 14.77972324815364047, 1.199999999999999956 ) ) ;
#1391 = CARTESIAN_POINT ( 'NONE',  ( 2.039999999999985825, 16.01999999999999957, -2.500000000000000000 ) ) ;
#1392 = EDGE_CURVE ( 'NONE', #242, #10427, #7193, .T. ) ;
#1393 = ORIENTED_EDGE ( 'NONE', *, *, #7626, .T. ) ;
#1394 = PLANE ( 'NONE',  #41 ) ;
#1395 = VERTEX_POINT ( 'NONE', #10563 ) ;
#1396 = AXIS2_PLACEMENT_3D ( 'NONE', #743, #10214, #917 ) ;
#1397 = LINE ( 'NONE', #3771, #1022 ) ;
#1398 = CARTESIAN_POINT ( 'NONE',  ( -7.824246617622566013, 13.75756817632308326, 1.209999999999999964 ) ) ;
#1400 = CARTESIAN_POINT ( 'NONE',  ( -7.932554733906918898, 14.54466491897449032, 1.209999999999999964 ) ) ;
#1399 = CARTESIAN_POINT ( 'NONE',  ( -5.326921395612489007, 13.59328642554276456, 1.209999999999999964 ) ) ;
#1401 = AXIS2_PLACEMENT_3D ( 'NONE', #3454, #10318, #10258 ) ;
#1402 = DIRECTION ( 'NONE',  ( -0.0000000000000000000, -0.0000000000000000000, -1.000000000000000000 ) ) ;
#1403 = VERTEX_POINT ( 'NONE', #10663 ) ;
#1404 = CARTESIAN_POINT ( 'NONE',  ( 8.713066640240183958, -8.672079492129114442, -1.000000000000000000 ) ) ;
#1405 = CARTESIAN_POINT ( 'NONE',  ( -6.249533253359885521, 14.00918959207152348, 1.199999999999999956 ) ) ;
#1406 = EDGE_CURVE ( 'NONE', #4174, #4393, #2891, .T. ) ;
#1407 = EDGE_CURVE ( 'NONE', #10056, #2631, #3007, .T. ) ;
#1408 = ORIENTED_EDGE ( 'NONE', *, *, #2486, .T. ) ;
#1409 = ORIENTED_EDGE ( 'NONE', *, *, #3582, .F. ) ;
#1410 = CARTESIAN_POINT ( 'NONE',  ( -5.770031560952896932, 13.91006600404674742, 1.199999999999999956 ) ) ;
#1411 = ORIENTED_EDGE ( 'NONE', *, *, #6646, .F. ) ;
#1412 = VECTOR ( 'NONE', #6609, 1000.000000000000000 ) ;
#1413 = CARTESIAN_POINT ( 'NONE',  ( -7.525662802654181860, 13.68478512218066889, 1.199999999999999956 ) ) ;
#1414 = LINE ( 'NONE', #2260, #8351 ) ;
#1415 = CARTESIAN_POINT ( 'NONE',  ( -11.80285515853674916, 13.90731124598849355, 1.209999999999999964 ) ) ;
#1416 = CARTESIAN_POINT ( 'NONE',  ( -5.656351362102395086, 13.91942382529679811, 1.209999999999999964 ) ) ;
#1417 = DIRECTION ( 'NONE',  ( -0.0000000000000000000, -0.0000000000000000000, -1.000000000000000000 ) ) ;
#1418 = CARTESIAN_POINT ( 'NONE',  ( -11.06540183025160751, 13.67595305967071084, 1.209999999999999964 ) ) ;
#1419 = CARTESIAN_POINT ( 'NONE',  ( -6.867496041622388248, 14.48401237385580131, 1.209999999999999964 ) ) ;
#1420 = VECTOR ( 'NONE', #6389, 1000.000000000000000 ) ;
#1421 = ORIENTED_EDGE ( 'NONE', *, *, #4230, .T. ) ;
#1422 = DIRECTION ( 'NONE',  ( 0.0000000000000000000, 0.0000000000000000000, 1.000000000000000000 ) ) ;
#1423 = VERTEX_POINT ( 'NONE', #7987 ) ;
#1424 = EDGE_LOOP ( 'NONE', ( #4632, #667, #10054 ) ) ;
#1425 = DIRECTION ( 'NONE',  ( -1.000000000000000000, 0.0000000000000000000, 0.0000000000000000000 ) ) ;
#1426 = EDGE_LOOP ( 'NONE', ( #8260, #197, #7865, #2504 ) ) ;
#1427 = VECTOR ( 'NONE', #10071, 1000.000000000000000 ) ;
#1428 = B_SPLINE_CURVE_WITH_KNOTS ( 'NONE', 3,
 ( #9500, #3260, #10919, #7729 ),
 .UNSPECIFIED., .F., .F.,
 ( 4, 4 ),
 ( 12.00000000000000000, 13.00000000000000000 ),
 .UNSPECIFIED. ) ;
#1429 = ORIENTED_EDGE ( 'NONE', *, *, #287, .F. ) ;
#1430 = DIRECTION ( 'NONE',  ( -0.0000000000000000000, -0.0000000000000000000, -1.000000000000000000 ) ) ;
#1431 = VERTEX_POINT ( 'NONE', #4519 ) ;
#1432 = DIRECTION ( 'NONE',  ( 0.0000000000000000000, -1.000000000000000000, 0.0000000000000000000 ) ) ;
#1433 = EDGE_CURVE ( 'NONE', #10407, #6012, #366, .T. ) ;
#1434 = EDGE_CURVE ( 'NONE', #3853, #2690, #5489, .T. ) ;
#1435 = ORIENTED_EDGE ( 'NONE', *, *, #3949, .T. ) ;
#1436 = AXIS2_PLACEMENT_3D ( 'NONE', #8317, #11067, #8562 ) ;
#1437 = CARTESIAN_POINT ( 'NONE',  ( -15.19999999999999929, 14.25000000000000178, 1.099999999999999867 ) ) ;
#1438 = VERTEX_POINT ( 'NONE', #2836 ) ;
#1439 = AXIS2_PLACEMENT_3D ( 'NONE', #471, #6307, #8054 ) ;
#1440 = CARTESIAN_POINT ( 'NONE',  ( -6.768545746588097600, 14.40672370207652442, 1.199999999999999956 ) ) ;
#1441 = ORIENTED_EDGE ( 'NONE', *, *, #2274, .T. ) ;
#1442 = DIRECTION ( 'NONE',  ( -0.0000000000000000000, -0.0000000000000000000, -1.000000000000000000 ) ) ;
#1443 = CARTESIAN_POINT ( 'NONE',  ( -7.934980835711221481, 13.81163558797000768, 1.209999999999999964 ) ) ;
#1444 = CARTESIAN_POINT ( 'NONE',  ( -15.19999999999999929, -14.25000000000000178, 1.199999999999999956 ) ) ;
#1445 = EDGE_CURVE ( 'NONE', #109, #7542, #953, .T. ) ;
#1446 = PLANE ( 'NONE',  #4906 ) ;
#1447 = VERTEX_POINT ( 'NONE', #3693 ) ;
#1448 = DIRECTION ( 'NONE',  ( -0.0000000000000000000, -0.0000000000000000000, -1.000000000000000000 ) ) ;
#1449 = LINE ( 'NONE', #3873, #5293 ) ;
#1450 = CARTESIAN_POINT ( 'NONE',  ( -5.921316337775574645, 14.59214719715429709, 1.209999999999999964 ) ) ;
#1451 = CARTESIAN_POINT ( 'NONE',  ( -10.05321071891630069, 14.15312908337324060, 1.209999999999999964 ) ) ;
#1452 = ORIENTED_EDGE ( 'NONE', *, *, #9549, .F. ) ;
#1453 = DIRECTION ( 'NONE',  ( -0.0000000000000000000, 0.0000000000000000000, -1.000000000000000000 ) ) ;
#1454 = ORIENTED_EDGE ( 'NONE', *, *, #9416, .T. ) ;
#1455 = CARTESIAN_POINT ( 'NONE',  ( -7.098495592033263080, 15.00666401979160547, 1.209999999999999964 ) ) ;
#1456 = VERTEX_POINT ( 'NONE', #7087 ) ;
#1457 = ADVANCED_FACE ( 'NONE', ( #10508 ), #3977, .F. ) ;
#1458 = EDGE_CURVE ( 'NONE', #2509, #10805, #7493, .T. ) ;
#1459 = DIRECTION ( 'NONE',  ( -1.000000000000000000, -0.0000000000000000000, -0.0000000000000000000 ) ) ;
#1460 = CARTESIAN_POINT ( 'NONE',  ( 0.8700000000000002176, 14.75000000000000178, 1.600000000000000089 ) ) ;
#1461 = ORIENTED_EDGE ( 'NONE', *, *, #7836, .T. ) ;
#1462 = LINE ( 'NONE', #4880, #6175 ) ;
#1463 = CARTESIAN_POINT ( 'NONE',  ( -6.107259711810919534, 15.08464586351430547, 1.199999999999999956 ) ) ;
#1464 = ORIENTED_EDGE ( 'NONE', *, *, #5533, .T. ) ;
#1465 = ORIENTED_EDGE ( 'NONE', *, *, #7279, .F. ) ;
#1466 = EDGE_CURVE ( 'NONE', #9081, #5382, #3373, .T. ) ;
#1467 = ORIENTED_EDGE ( 'NONE', *, *, #3266, .F. ) ;
#1468 = EDGE_CURVE ( 'NONE', #5174, #10375, #5543, .T. ) ;
#1469 = B_SPLINE_SURFACE_WITH_KNOTS ( 'NONE', 3, 1, ( 
 ( #8542, #729 ),
 ( #3391, #8651 ),
 ( #112, #11047 ),
 ( #4286, #904 ) ),
 .UNSPECIFIED., .F., .F., .F.,
 ( 4, 4 ),
 ( 2, 2 ),
 ( 5.000000000000000000, 6.000000000000000000 ),
 ( 0.0000000000000000000, 1.000000000000000000 ),
 .UNSPECIFIED. ) ;
#1470 = DIRECTION ( 'NONE',  ( -0.0000000000000000000, -0.0000000000000000000, -1.000000000000000000 ) ) ;
#1471 = DIRECTION ( 'NONE',  ( 0.0000000000000000000, 0.0000000000000000000, -1.000000000000000000 ) ) ;
#1472 = CARTESIAN_POINT ( 'NONE',  ( -7.526182681611754077, 13.43593639420589270, 1.199999999999999956 ) ) ;
#1473 = B_SPLINE_CURVE_WITH_KNOTS ( 'NONE', 3,
 ( #5260, #978, #10444, #6197 ),
 .UNSPECIFIED., .F., .F.,
 ( 4, 4 ),
 ( 6.000000000000000000, 7.000000000000000000 ),
 .UNSPECIFIED. ) ;
#1474 = DIRECTION ( 'NONE',  ( 1.000000000000000000, -0.0000000000000000000, -0.0000000000000000000 ) ) ;
#1475 = PLANE ( 'NONE',  #2302 ) ;
#1476 = DIRECTION ( 'NONE',  ( -0.0000000000000000000, -0.0000000000000000000, -1.000000000000000000 ) ) ;
#1477 = FACE_OUTER_BOUND ( 'NONE', #10103, .T. ) ;
#1478 = EDGE_LOOP ( 'NONE', ( #4261, #5471, #8590, #4109 ) ) ;
#1479 = EDGE_LOOP ( 'NONE', ( #7059, #5865, #2605, #8942 ) ) ;
#1480 = DIRECTION ( 'NONE',  ( 1.000000000000000000, -0.0000000000000000000, -0.0000000000000000000 ) ) ;
#1481 = EDGE_LOOP ( 'NONE', ( #840, #8746, #5901, #8264 ) ) ;
#1482 = CARTESIAN_POINT ( 'NONE',  ( -7.982982992848596027, 13.78148260839884465, 1.199999999999999956 ) ) ;
#1483 = ORIENTED_EDGE ( 'NONE', *, *, #1676, .T. ) ;
#1484 = VECTOR ( 'NONE', #2794, 1000.000000000000000 ) ;
#1485 = ORIENTED_EDGE ( 'NONE', *, *, #2355, .T. ) ;
#1486 = ORIENTED_EDGE ( 'NONE', *, *, #7621, .F. ) ;
#1487 = CARTESIAN_POINT ( 'NONE',  ( -6.569432105613887352, 14.94289220092290549, 1.199999999999999956 ) ) ;
#1488 = ORIENTED_EDGE ( 'NONE', *, *, #2620, .T. ) ;
#1489 = FACE_OUTER_BOUND ( 'NONE', #2533, .T. ) ;
#1490 = FACE_BOUND ( 'NONE', #10021, .T. ) ;
#1491 = DIRECTION ( 'NONE',  ( 0.0000000000000000000, 0.0000000000000000000, 1.000000000000000000 ) ) ;
#1492 = VERTEX_POINT ( 'NONE', #8916 ) ;
#1493 = CARTESIAN_POINT ( 'NONE',  ( -5.214454247667609010, 13.92254309904219411, 1.209999999999999964 ) ) ;
#1494 = VECTOR ( 'NONE', #1350, 1000.000000000000000 ) ;
#1495 = DIRECTION ( 'NONE',  ( -0.0000000000000000000, -0.0000000000000000000, -1.000000000000000000 ) ) ;
#1496 = EDGE_CURVE ( 'NONE', #4093, #10785, #5612, .T. ) ;
#1497 = CARTESIAN_POINT ( 'NONE',  ( -3.810000000000000053, 14.75000000000000178, -7.100000000000000533 ) ) ;
#1498 = CARTESIAN_POINT ( 'NONE',  ( -7.083072516275969122, 14.48401237385580131, 1.199999999999999956 ) ) ;
#1499 = ORIENTED_EDGE ( 'NONE', *, *, #5850, .T. ) ;
#1501 = CARTESIAN_POINT ( 'NONE',  ( -7.944165363970806304, 13.46782230364024535, 1.209999999999999964 ) ) ;
#1500 = AXIS2_PLACEMENT_3D ( 'NONE', #9426, #10285, #8328 ) ;
#1502 = CARTESIAN_POINT ( 'NONE',  ( -10.30000000000000249, 10.30000000000000249, -2.500000000000000000 ) ) ;
#1503 = LINE ( 'NONE', #9371, #4309 ) ;
#1504 = VERTEX_POINT ( 'NONE', #8971 ) ;
#1505 = CARTESIAN_POINT ( 'NONE',  ( 0.0000000000000000000, 0.0000000000000000000, 1.209999999999999964 ) ) ;
#1506 = ORIENTED_EDGE ( 'NONE', *, *, #782, .T. ) ;
#1507 = ADVANCED_FACE ( 'NONE', ( #2249 ), #2917, .F. ) ;
#1508 = VECTOR ( 'NONE', #4389, 1000.000000000000000 ) ;
#1509 = FACE_OUTER_BOUND ( 'NONE', #4395, .T. ) ;
#1510 = ORIENTED_EDGE ( 'NONE', *, *, #8792, .F. ) ;
#1511 = CARTESIAN_POINT ( 'NONE',  ( -7.257751846216843106, 13.81960706532859540, 1.199999999999999956 ) ) ;
#1512 = CARTESIAN_POINT ( 'NONE',  ( -7.286345188915333893, 13.45465203670137555, 1.209999999999999964 ) ) ;
#1513 = ORIENTED_EDGE ( 'NONE', *, *, #7709, .T. ) ;
#1514 = CARTESIAN_POINT ( 'NONE',  ( -8.259999999999996234, 8.259999999999996234, -2.500000000000000000 ) ) ;
#1515 = FACE_OUTER_BOUND ( 'NONE', #3766, .T. ) ;
#1516 = CIRCLE ( 'NONE', #5115, 2.249999999999998668 ) ;
#1517 = ORIENTED_EDGE ( 'NONE', *, *, #4955, .F. ) ;
#1518 = ORIENTED_EDGE ( 'NONE', *, *, #9433, .T. ) ;
#1519 = ADVANCED_FACE ( 'NONE', ( #9028 ), #387, .T. ) ;
#1520 = VERTEX_POINT ( 'NONE', #7219 ) ;
#1521 = ADVANCED_FACE ( 'NONE', ( #8231 ), #2719, .T. ) ;
#1522 = CARTESIAN_POINT ( 'NONE',  ( -7.525662802654181860, 13.68478512218066889, 1.199999999999999956 ) ) ;
#1523 = VECTOR ( 'NONE', #8102, 1000.000000000000000 ) ;
#1524 = CARTESIAN_POINT ( 'NONE',  ( -1.269999999999999796, 14.75000000000000178, -7.100000000000000533 ) ) ;
#1525 = CARTESIAN_POINT ( 'NONE',  ( -5.212374731832720265, 13.92254309904219411, 1.199999999999999956 ) ) ;
#1526 = CARTESIAN_POINT ( 'NONE',  ( -8.388661873198030250, 15.08464586351430547, 1.199999999999999956 ) ) ;
#1527 = CARTESIAN_POINT ( 'NONE',  ( -7.761861142643042832, 13.34859672923776941, 1.199999999999999956 ) ) ;
#1528 = EDGE_CURVE ( 'NONE', #8535, #4291, #3087, .T. ) ;
#1529 = CARTESIAN_POINT ( 'NONE',  ( -5.812315049547805756, 13.33126743063374420, 1.209999999999999964 ) ) ;
#1530 = DIRECTION ( 'NONE',  ( -0.0000000000000000000, -0.0000000000000000000, -1.000000000000000000 ) ) ;
#1531 = EDGE_CURVE ( 'NONE', #6288, #7723, #4662, .T. ) ;
#1532 = EDGE_LOOP ( 'NONE', ( #6204, #5220, #9299, #58 ) ) ;
#1533 = CARTESIAN_POINT ( 'NONE',  ( -12.02457333615329382, 14.50016576528512857, 1.209999999999999964 ) ) ;
#1534 = VECTOR ( 'NONE', #3459, 1000.000000000000000 ) ;
#1535 = ORIENTED_EDGE ( 'NONE', *, *, #984, .F. ) ;
#1536 = VECTOR ( 'NONE', #4915, 1000.000000000000000 ) ;
#1537 = CARTESIAN_POINT ( 'NONE',  ( -9.648334421473773403, 13.32891628582545174, 1.209999999999999964 ) ) ;
#1538 = ORIENTED_EDGE ( 'NONE', *, *, #9259, .T. ) ;
#1539 = VECTOR ( 'NONE', #151, 1000.000000000000000 ) ;
#1540 = VECTOR ( 'NONE', #4746, 1000.000000000000000 ) ;
#1541 = ORIENTED_EDGE ( 'NONE', *, *, #6775, .F. ) ;
#1542 = ORIENTED_EDGE ( 'NONE', *, *, #843, .F. ) ;
#1543 = DIRECTION ( 'NONE',  ( 1.000000000000000000, 0.0000000000000000000, 0.0000000000000000000 ) ) ;
#1544 = DIRECTION ( 'NONE',  ( 0.0000000000000000000, 0.0000000000000000000, 1.000000000000000000 ) ) ;
#1545 = ORIENTED_EDGE ( 'NONE', *, *, #4296, .F. ) ;
#1546 = CARTESIAN_POINT ( 'NONE',  ( 2.539999999999999591, 15.52000000000000668, 0.0000000000000000000 ) ) ;
#1547 = ORIENTED_EDGE ( 'NONE', *, *, #10540, .T. ) ;
#1548 = DIRECTION ( 'NONE',  ( -0.0000000000000000000, -0.0000000000000000000, 1.000000000000000000 ) ) ;
#1549 = EDGE_LOOP ( 'NONE', ( #1847, #9386, #4943, #147 ) ) ;
#1550 = DIRECTION ( 'NONE',  ( -1.000000000000000000, -0.0000000000000000000, -0.0000000000000000000 ) ) ;
#1551 = AXIS2_PLACEMENT_3D ( 'NONE', #2478, #2656, #10982 ) ;
#1552 = AXIS2_PLACEMENT_3D ( 'NONE', #3349, #4407, #6751 ) ;
#1553 = VERTEX_POINT ( 'NONE', #8069 ) ;
#1554 = FACE_OUTER_BOUND ( 'NONE', #4716, .T. ) ;
#1555 = DIRECTION ( 'NONE',  ( 0.0000000000000000000, 0.0000000000000000000, 1.000000000000000000 ) ) ;
#1556 = LINE ( 'NONE', #4196, #966 ) ;
#1557 = VERTEX_POINT ( 'NONE', #3825 ) ;
#1558 = VECTOR ( 'NONE', #7590, 1000.000000000000114 ) ;
#1559 = DIRECTION ( 'NONE',  ( -0.0000000000000000000, -1.000000000000000000, -0.0000000000000000000 ) ) ;
#1560 = ORIENTED_EDGE ( 'NONE', *, *, #8608, .F. ) ;
#1561 = CARTESIAN_POINT ( 'NONE',  ( -5.766738994217011971, 13.43212394851245683, 1.199999999999999956 ) ) ;
#1562 = FACE_OUTER_BOUND ( 'NONE', #8238, .T. ) ;
#1563 = B_SPLINE_SURFACE_WITH_KNOTS ( 'NONE', 3, 1, ( 
 ( #8331, #6432 ),
 ( #4923, #597 ),
 ( #4810, #540 ),
 ( #1389, #3079 ) ),
 .UNSPECIFIED., .F., .F., .F.,
 ( 4, 4 ),
 ( 2, 2 ),
 ( 17.00000000000000000, 18.00000000000000000 ),
 ( 0.0000000000000000000, 1.000000000000000000 ),
 .UNSPECIFIED. ) ;
#1564 = EDGE_LOOP ( 'NONE', ( #9747, #2537, #1870, #4611 ) ) ;
#1565 = CARTESIAN_POINT ( 'NONE',  ( -5.212374731832719377, 13.92254309904219411, 1.209999999999999964 ) ) ;
#1566 = VERTEX_POINT ( 'NONE', #10632 ) ;
#1567 = VECTOR ( 'NONE', #8994, 1000.000000000000000 ) ;
#1568 = VECTOR ( 'NONE', #1583, 1000.000000000000000 ) ;
#1569 = CARTESIAN_POINT ( 'NONE',  ( -6.505313700773485586, 14.99488009673958011, 1.209999999999999964 ) ) ;
#1570 = ORIENTED_EDGE ( 'NONE', *, *, #6350, .F. ) ;
#1571 = CARTESIAN_POINT ( 'NONE',  ( -7.999099240549312206, 14.73805989141084893, 1.199999999999999956 ) ) ;
#1572 = PLANE ( 'NONE',  #506 ) ;
#1573 = CARTESIAN_POINT ( 'NONE',  ( -7.000000000000000888, -21.20000000000000284, 0.0000000000000000000 ) ) ;
#1574 = DIRECTION ( 'NONE',  ( 0.0000000000000000000, -1.000000000000000000, -1.181863725182121763E-16 ) ) ;
#1575 = AXIS2_PLACEMENT_3D ( 'NONE', #3838, #8876, #3099 ) ;
#1576 = EDGE_CURVE ( 'NONE', #5913, #5415, #4605, .T. ) ;
#1577 = VERTEX_POINT ( 'NONE', #3144 ) ;
#1578 = ORIENTED_EDGE ( 'NONE', *, *, #1119, .F. ) ;
#1579 = ORIENTED_EDGE ( 'NONE', *, *, #3614, .F. ) ;
#1580 = CARTESIAN_POINT ( 'NONE',  ( -10.91598304563763655, 13.97961060451951099, 1.209999999999999964 ) ) ;
#1581 = VECTOR ( 'NONE', #8824, 1000.000000000000000 ) ;
#1582 = DIRECTION ( 'NONE',  ( 0.0000000000000000000, 0.0000000000000000000, 1.000000000000000000 ) ) ;
#1583 = DIRECTION ( 'NONE',  ( 0.0000000000000000000, 1.000000000000000000, 0.0000000000000000000 ) ) ;
#1584 = DIRECTION ( 'NONE',  ( 0.0000000000000000000, 0.0000000000000000000, 1.000000000000000000 ) ) ;
#1585 = EDGE_CURVE ( 'NONE', #1894, #9046, #494, .T. ) ;
#1586 = PLANE ( 'NONE',  #11064 ) ;
#1587 = CARTESIAN_POINT ( 'NONE',  ( -7.935154128697067044, 13.73781277591247552, 1.209999999999999964 ) ) ;
#1588 = B_SPLINE_CURVE_WITH_KNOTS ( 'NONE', 3,
 ( #398, #2875, #6293, #1081, #1126, #7922 ),
 .UNSPECIFIED., .F., .F.,
 ( 4, 2, 4 ),
 ( 2.000000000000000000, 3.000000000000000000, 4.000000000000000000 ),
 .UNSPECIFIED. ) ;
#1589 = ORIENTED_EDGE ( 'NONE', *, *, #2833, .T. ) ;
#1590 = CARTESIAN_POINT ( 'NONE',  ( -11.87997449268630135, 14.64476443637584246, 1.209999999999999964 ) ) ;
#1591 = ORIENTED_EDGE ( 'NONE', *, *, #3322, .F. ) ;
#1592 = VECTOR ( 'NONE', #3765, 1000.000000000000000 ) ;
#1593 = ORIENTED_EDGE ( 'NONE', *, *, #9636, .F. ) ;
#1594 = B_SPLINE_CURVE_WITH_KNOTS ( 'NONE', 3,
 ( #3315, #6718, #3442, #6781 ),
 .UNSPECIFIED., .F., .F.,
 ( 4, 4 ),
 ( 15.00000000000000000, 16.00000000000000000 ),
 .UNSPECIFIED. ) ;
#1595 = FACE_OUTER_BOUND ( 'NONE', #5542, .T. ) ;
#1596 = EDGE_CURVE ( 'NONE', #7962, #438, #1397, .T. ) ;
#1597 = CARTESIAN_POINT ( 'NONE',  ( -11.06540173831820972, 14.51462587601447041, 1.209999999999999964 ) ) ;
#1598 = VECTOR ( 'NONE', #5911, 1000.000000000000000 ) ;
#1599 = EDGE_CURVE ( 'NONE', #3832, #3523, #3932, .T. ) ;
#1600 = CARTESIAN_POINT ( 'NONE',  ( -7.397079407001651674, 13.54407121750439202, 1.209999999999999964 ) ) ;
#1601 = ADVANCED_FACE ( 'NONE', ( #7163 ), #3981, .F. ) ;
#1602 = VERTEX_POINT ( 'NONE', #1569 ) ;
#1603 = CARTESIAN_POINT ( 'NONE',  ( -7.932554733906918898, 14.54466491897449032, 1.209999999999999964 ) ) ;
#1604 = B_SPLINE_CURVE_WITH_KNOTS ( 'NONE', 3,
 ( #10031, #1342, #8977, #6554 ),
 .UNSPECIFIED., .F., .F.,
 ( 4, 4 ),
 ( 9.000000000000000000, 10.00000000000000000 ),
 .UNSPECIFIED. ) ;
#1605 = PLANE ( 'NONE',  #5237 ) ;
#1606 = VERTEX_POINT ( 'NONE', #4152 ) ;
#1607 = CARTESIAN_POINT ( 'NONE',  ( -7.964032430152203190, -11.36787109524561856, -1.000000000000000000 ) ) ;
#1608 = ORIENTED_EDGE ( 'NONE', *, *, #4489, .F. ) ;
#1609 = ORIENTED_EDGE ( 'NONE', *, *, #6775, .T. ) ;
#1610 = LINE ( 'NONE', #5761, #11012 ) ;
#1611 = VECTOR ( 'NONE', #319, 1000.000000000000114 ) ;
#1612 = CARTESIAN_POINT ( 'NONE',  ( -4.906512611451475436, 13.33126743063374597, 1.209999999999999964 ) ) ;
#1613 = CARTESIAN_POINT ( 'NONE',  ( -7.386508534852937125, 13.38914728797413289, 1.199999999999999956 ) ) ;
#1614 = ADVANCED_FACE ( 'NONE', ( #6656, #10076, #7546, #9194, #829 ), #8523, .T. ) ;
#1615 = EDGE_CURVE ( 'NONE', #48, #1403, #7609, .T. ) ;
#1616 = CARTESIAN_POINT ( 'NONE',  ( -7.447680958929176143, 15.08464586351430547, 1.209999999999999964 ) ) ;
#1617 = ORIENTED_EDGE ( 'NONE', *, *, #4724, .T. ) ;
#1618 = PLANE ( 'NONE',  #8046 ) ;
#1619 = ORIENTED_EDGE ( 'NONE', *, *, #4202, .T. ) ;
#1620 = DIRECTION ( 'NONE',  ( -0.0000000000000000000, 1.000000000000000000, 0.0000000000000000000 ) ) ;
#1621 = CARTESIAN_POINT ( 'NONE',  ( -9.923072020657146552, 13.62775348731978298, 1.199999999999999956 ) ) ;
#1622 = VERTEX_POINT ( 'NONE', #775 ) ;
#1623 = VERTEX_POINT ( 'NONE', #5949 ) ;
#1624 = CARTESIAN_POINT ( 'NONE',  ( -13.69999999999999751, 14.25000000000000178, 1.099999999999999867 ) ) ;
#1625 = CARTESIAN_POINT ( 'NONE',  ( -5.835363016694273597, 13.93120774834882880, 1.209999999999999964 ) ) ;
#1626 = VERTEX_POINT ( 'NONE', #605 ) ;
#1627 = PLANE ( 'NONE',  #7455 ) ;
#1628 = EDGE_LOOP ( 'NONE', ( #1748, #8561, #6770, #5916 ) ) ;
#1630 = CARTESIAN_POINT ( 'NONE',  ( -11.06540183025160751, 13.67595305967071084, 1.199999999999999956 ) ) ;
#1629 = DIRECTION ( 'NONE',  ( 0.0000000000000000000, -0.0000000000000000000, -1.000000000000000000 ) ) ;
#1631 = CARTESIAN_POINT ( 'NONE',  ( -6.050766198357377945, 14.95051709230978787, 1.199999999999999956 ) ) ;
#1632 = ORIENTED_EDGE ( 'NONE', *, *, #1576, .T. ) ;
#1633 = LINE ( 'NONE', #897, #3503 ) ;
#1634 = VECTOR ( 'NONE', #9680, 1000.000000000000000 ) ;
#1635 = CARTESIAN_POINT ( 'NONE',  ( -7.322736715986543743, 13.51287848001345893, 1.209999999999999964 ) ) ;
#1636 = ORIENTED_EDGE ( 'NONE', *, *, #6627, .F. ) ;
#1637 = ORIENTED_EDGE ( 'NONE', *, *, #693, .F. ) ;
#1638 = CARTESIAN_POINT ( 'NONE',  ( -6.505313700773485586, 14.99488009673958011, 1.209999999999999964 ) ) ;
#1639 = CARTESIAN_POINT ( 'NONE',  ( -7.447680958929176143, 15.08464586351430547, 1.209999999999999964 ) ) ;
#1640 = CARTESIAN_POINT ( 'NONE',  ( -7.583369367008717887, 14.97685762619213889, 1.199999999999999956 ) ) ;
#1641 = B_SPLINE_CURVE_WITH_KNOTS ( 'NONE', 3,
 ( #8782, #4516, #7929, #6867 ),
 .UNSPECIFIED., .F., .F.,
 ( 4, 4 ),
 ( 9.000000000000000000, 10.00000000000000000 ),
 .UNSPECIFIED. ) ;
#1642 = ADVANCED_FACE ( 'NONE', ( #1509 ), #4417, .F. ) ;
#1643 = EDGE_CURVE ( 'NONE', #4642, #7859, #5891, .T. ) ;
#1644 = CARTESIAN_POINT ( 'NONE',  ( 3.809999999999999609, 14.75000000000000355, -7.100000000000000533 ) ) ;
#1645 = LINE ( 'NONE', #2600, #4801 ) ;
#1646 = CARTESIAN_POINT ( 'NONE',  ( -7.999099240549312206, 14.73805989141084893, 1.199999999999999956 ) ) ;
#1647 = ORIENTED_EDGE ( 'NONE', *, *, #10733, .F. ) ;
#1648 = CARTESIAN_POINT ( 'NONE',  ( -5.225544998776203265, 13.87506082086700054, 1.199999999999999956 ) ) ;
#1649 = ORIENTED_EDGE ( 'NONE', *, *, #4761, .F. ) ;
#1650 = EDGE_LOOP ( 'NONE', ( #6522, #5675, #6186 ) ) ;
#1651 = PLANE ( 'NONE',  #2077 ) ;
#1652 = ORIENTED_EDGE ( 'NONE', *, *, #308, .F. ) ;
#1653 = ORIENTED_EDGE ( 'NONE', *, *, #10211, .T. ) ;
#1654 = EDGE_CURVE ( 'NONE', #8534, #4958, #10131, .T. ) ;
#1655 = DIRECTION ( 'NONE',  ( 0.0000000000000000000, 0.0000000000000000000, 1.000000000000000000 ) ) ;
#1656 = DIRECTION ( 'NONE',  ( -0.0000000000000000000, 0.0000000000000000000, -1.000000000000000000 ) ) ;
#1657 = CARTESIAN_POINT ( 'NONE',  ( -7.760000000000001563, 10.30000000000000249, 0.0000000000000000000 ) ) ;
#1658 = PRODUCT ( 'OLED-TH_L35.4-W33.5_HS13L03W2C01', 'OLED-TH_L35.4-W33.5_HS13L03W2C01', '', ( #4129 ) ) ;
#1659 = CARTESIAN_POINT ( 'NONE',  ( -5.554108500327592957, 13.67889316065234517, 1.199999999999999956 ) ) ;
#1660 = ORIENTED_EDGE ( 'NONE', *, *, #10572, .F. ) ;
#1661 = CARTESIAN_POINT ( 'NONE',  ( 0.0000000000000000000, 16.01999999999999957, 0.0000000000000000000 ) ) ;
#1662 = ORIENTED_EDGE ( 'NONE', *, *, #8032, .T. ) ;
#1663 = CARTESIAN_POINT ( 'NONE',  ( -6.569432105613887352, 14.94289220092290549, 1.199999999999999956 ) ) ;
#1664 = ORIENTED_EDGE ( 'NONE', *, *, #8348, .T. ) ;
#1665 = DIRECTION ( 'NONE',  ( 0.0000000000000000000, 0.0000000000000000000, -1.000000000000000000 ) ) ;
#1666 = DIRECTION ( 'NONE',  ( -0.0000000000000000000, -0.0000000000000000000, -1.000000000000000000 ) ) ;
#1667 = EDGE_LOOP ( 'NONE', ( #10836, #8068, #11073, #9333, #8007, #2092, #4833, #1071 ) ) ;
#1668 = DIRECTION ( 'NONE',  ( -0.0000000000000000000, 0.0000000000000000000, 1.000000000000000000 ) ) ;
#1669 = EDGE_CURVE ( 'NONE', #5086, #5618, #8403, .T. ) ;
#1670 = ADVANCED_FACE ( 'NONE', ( #10918 ), #1627, .F. ) ;
#1671 = ORIENTED_EDGE ( 'NONE', *, *, #1729, .T. ) ;
#1672 = LINE ( 'NONE', #5092, #10321 ) ;
#1673 = CARTESIAN_POINT ( 'NONE',  ( -6.955008999581013818, 15.08464586351430547, 1.199999999999999956 ) ) ;
#1674 = LINE ( 'NONE', #2393, #3708 ) ;
#1675 = DIRECTION ( 'NONE',  ( -0.7071067811865475727, 0.7071067811865475727, 0.0000000000000000000 ) ) ;
#1676 = EDGE_CURVE ( 'NONE', #1932, #9784, #3438, .T. ) ;
#1677 = CARTESIAN_POINT ( 'NONE',  ( -7.286345188915333893, 13.45465203670137555, 1.199999999999999956 ) ) ;
#1678 = ORIENTED_EDGE ( 'NONE', *, *, #4896, .T. ) ;
#1679 = CARTESIAN_POINT ( 'NONE',  ( -6.505313700773485586, 14.50168825843153186, 1.209999999999999964 ) ) ;
#1680 = EDGE_CURVE ( 'NONE', #7515, #8266, #4211, .T. ) ;
#1681 = DIRECTION ( 'NONE',  ( 0.0000000000000000000, 1.000000000000000000, 0.0000000000000000000 ) ) ;
#1682 = ORIENTED_EDGE ( 'NONE', *, *, #1729, .F. ) ;
#1683 = CIRCLE ( 'NONE', #7932, 2.249999999999998668 ) ;
#1684 = CARTESIAN_POINT ( 'NONE',  ( -7.824246617622566013, 13.75756817632308326, 1.209999999999999964 ) ) ;
#1685 = EDGE_LOOP ( 'NONE', ( #8769, #6693, #5012, #7171 ) ) ;
#1686 = DIRECTION ( 'NONE',  ( -0.0000000000000000000, -0.0000000000000000000, -1.000000000000000000 ) ) ;
#1687 = CARTESIAN_POINT ( 'NONE',  ( -6.013681499342751202, 15.08464586351430547, 1.209999999999999964 ) ) ;
#1688 = EDGE_CURVE ( 'NONE', #3343, #2175, #4929, .T. ) ;
#1689 = SPHERICAL_SURFACE ( 'NONE', #9637, 0.4000000000000000222 ) ;
#1690 = ORIENTED_EDGE ( 'NONE', *, *, #5703, .T. ) ;
#1691 = VECTOR ( 'NONE', #4607, 1000.000000000000000 ) ;
#1692 = DIRECTION ( 'NONE',  ( 1.000000000000000000, 0.0000000000000000000, 0.0000000000000000000 ) ) ;
#1693 = CARTESIAN_POINT ( 'NONE',  ( -8.030291978040246192, 13.41756733768675147, 1.209999999999999964 ) ) ;
#1694 = CARTESIAN_POINT ( 'NONE',  ( -17.69999999999999574, -16.75000000000000000, 0.0000000000000000000 ) ) ;
#1695 = ORIENTED_EDGE ( 'NONE', *, *, #905, .T. ) ;
#1696 = CARTESIAN_POINT ( 'NONE',  ( -11.53293758094323174, 14.87612239286012894, 1.199999999999999956 ) ) ;
#1697 = ORIENTED_EDGE ( 'NONE', *, *, #10211, .F. ) ;
#1698 = ORIENTED_EDGE ( 'NONE', *, *, #2485, .F. ) ;
#1699 = AXIS2_PLACEMENT_3D ( 'NONE', #8885, #9158, #3106 ) ;
#1700 = ADVANCED_FACE ( 'NONE', ( #6776 ), #1689, .T. ) ;
#1701 = CARTESIAN_POINT ( 'NONE',  ( -7.507467039118579599, 13.76207379395993335, 1.199999999999999956 ) ) ;
#1702 = PLANE ( 'NONE',  #1551 ) ;
#1703 = CARTESIAN_POINT ( 'NONE',  ( -6.765079886870984716, 15.00666401979160547, 1.209999999999999964 ) ) ;
#1704 = CARTESIAN_POINT ( 'NONE',  ( -6.249533253359885521, 14.00918959207152348, 1.209999999999999964 ) ) ;
#1705 = LINE ( 'NONE', #7741, #10862 ) ;
#1706 = VECTOR ( 'NONE', #3987, 1000.000000000000000 ) ;
#1707 = CARTESIAN_POINT ( 'NONE',  ( 6.500000000000000000, -14.83447752647037987, -0.03397984811026048824 ) ) ;
#1708 = DIRECTION ( 'NONE',  ( 0.0000000000000000000, 1.000000000000000000, 0.0000000000000000000 ) ) ;
#1709 = VERTEX_POINT ( 'NONE', #4097 ) ;
#1710 = CARTESIAN_POINT ( 'NONE',  ( -17.44999999999999929, -14.25000000000000178, 1.199999999999999956 ) ) ;
#1711 = ORIENTED_EDGE ( 'NONE', *, *, #8663, .F. ) ;
#1712 = ORIENTED_EDGE ( 'NONE', *, *, #221, .T. ) ;
#1713 = CARTESIAN_POINT ( 'NONE',  ( -7.869649379969819059, 13.61893378748169425, 1.209999999999999964 ) ) ;
#1714 = ORIENTED_EDGE ( 'NONE', *, *, #9380, .T. ) ;
#1715 = VECTOR ( 'NONE', #160, 1000.000000000000000 ) ;
#1716 = CARTESIAN_POINT ( 'NONE',  ( -7.199178816930749569, 13.46297010003166683, 1.209999999999999964 ) ) ;
#1717 = CARTESIAN_POINT ( 'NONE',  ( -6.234110177600258318, 13.33126743063374597, 1.209999999999999964 ) ) ;
#1718 = DIRECTION ( 'NONE',  ( -0.0000000000000000000, -0.0000000000000000000, -1.000000000000000000 ) ) ;
#1719 = CARTESIAN_POINT ( 'NONE',  ( 15.19999999999999929, -14.25000000000000178, 1.099999999999999867 ) ) ;
#1720 = EDGE_CURVE ( 'NONE', #2269, #6973, #2356, .T. ) ;
#1721 = SECURITY_CLASSIFICATION ( '', '', #4404 ) ;
#1722 = ORIENTED_EDGE ( 'NONE', *, *, #3041, .T. ) ;
#1723 = PLANE ( 'NONE',  #8521 ) ;
#1724 = ORIENTED_EDGE ( 'NONE', *, *, #5938, .F. ) ;
#1725 = CARTESIAN_POINT ( 'NONE',  ( -7.289984341622917086, 13.33265377452059042, 1.209999999999999964 ) ) ;
#1726 = CARTESIAN_POINT ( 'NONE',  ( -7.419607495190570390, 13.64735383719431283, 1.209999999999999964 ) ) ;
#1727 = ORIENTED_EDGE ( 'NONE', *, *, #6797, .F. ) ;
#1728 = CARTESIAN_POINT ( 'NONE',  ( -5.072353999104488587, 13.51669092570689301, 1.209999999999999964 ) ) ;
#1729 = EDGE_CURVE ( 'NONE', #4126, #10899, #9792, .T. ) ;
#1730 = LINE ( 'NONE', #5144, #275 ) ;
#1731 = EDGE_LOOP ( 'NONE', ( #1812, #10140, #1023, #10062 ) ) ;
#1732 = AXIS2_PLACEMENT_3D ( 'NONE', #4410, #7817, #6979 ) ;
#1733 = CARTESIAN_POINT ( 'NONE',  ( -6.765079886870985604, 15.00666401979160547, 1.209999999999999964 ) ) ;
#1734 = CARTESIAN_POINT ( 'NONE',  ( -9.209718386616387420, 13.54581436141388195, 1.209999999999999964 ) ) ;
#1735 = CARTESIAN_POINT ( 'NONE',  ( 14.71000000000000085, -4.099999999999998757, 2.700000000000000178 ) ) ;
#1736 = CARTESIAN_POINT ( 'NONE',  ( -6.063416586338693293, 14.99799937048959464, 1.209999999999999964 ) ) ;
#1737 = ORIENTED_EDGE ( 'NONE', *, *, #188, .F. ) ;
#1738 = EDGE_CURVE ( 'NONE', #2614, #4208, #2741, .T. ) ;
#1739 = CARTESIAN_POINT ( 'NONE',  ( -14.71000000000000085, -4.099999999999998757, 2.600000000000000533 ) ) ;
#1740 = ORIENTED_EDGE ( 'NONE', *, *, #6518, .T. ) ;
#1741 = CARTESIAN_POINT ( 'NONE',  ( -10.05321071891630069, 14.15312908337324060, 1.199999999999999956 ) ) ;
#1742 = ADVANCED_FACE ( 'NONE', ( #8637 ), #2989, .T. ) ;
#1743 = CARTESIAN_POINT ( 'NONE',  ( -6.495089414594157340, 14.66735635309869323, 1.209999999999999964 ) ) ;
#1744 = VERTEX_POINT ( 'NONE', #9438 ) ;
#1745 = VECTOR ( 'NONE', #6760, 1000.000000000000000 ) ;
#1746 = B_SPLINE_CURVE_WITH_KNOTS ( 'NONE', 3,
 ( #7394, #4949, #1415, #3219 ),
 .UNSPECIFIED., .F., .F.,
 ( 4, 4 ),
 ( 17.00000000000000000, 18.00000000000000000 ),
 .UNSPECIFIED. ) ;
#1747 = AXIS2_PLACEMENT_3D ( 'NONE', #740, #5858, #9287 ) ;
#1748 = ORIENTED_EDGE ( 'NONE', *, *, #10561, .F. ) ;
#1749 = CARTESIAN_POINT ( 'NONE',  ( 4.209999999999999964, 14.75000000000000355, -2.500000000000000444 ) ) ;
#1750 = LINE ( 'NONE', #7153, #6709 ) ;
#1751 = ORIENTED_EDGE ( 'NONE', *, *, #10820, .T. ) ;
#1752 = EDGE_CURVE ( 'NONE', #4663, #250, #207, .T. ) ;
#1753 = CARTESIAN_POINT ( 'NONE',  ( -5.921316337775574645, 14.59214719715429709, 1.199999999999999956 ) ) ;
#1754 = EDGE_CURVE ( 'NONE', #8535, #3636, #7838, .T. ) ;
#1755 = EDGE_LOOP ( 'NONE', ( #7524, #6545, #1304, #300 ) ) ;
#1756 = AXIS2_PLACEMENT_3D ( 'NONE', #8624, #8506, #3424 ) ;
#1757 = VECTOR ( 'NONE', #4504, 1000.000000000000000 ) ;
#1758 = CARTESIAN_POINT ( 'NONE',  ( 4.580000000000006288, 13.47999999999999865, -2.500000000000000000 ) ) ;
#1759 = DIRECTION ( 'NONE',  ( 0.0000000000000000000, -1.000000000000000000, -0.0000000000000000000 ) ) ;
#1760 = VERTEX_POINT ( 'NONE', #1753 ) ;
#1761 = DIRECTION ( 'NONE',  ( 0.0000000000000000000, 0.0000000000000000000, 1.000000000000000000 ) ) ;
#1762 = EDGE_CURVE ( 'NONE', #3855, #10056, #8834, .T. ) ;
#1763 = ORIENTED_EDGE ( 'NONE', *, *, #10744, .T. ) ;
#1764 = CARTESIAN_POINT ( 'NONE',  ( -11.06540173831820972, 14.51462587601447041, 1.199999999999999956 ) ) ;
#1765 = ORIENTED_EDGE ( 'NONE', *, *, #5595, .T. ) ;
#1766 = ORIENTED_EDGE ( 'NONE', *, *, #3536, .F. ) ;
#1767 = AXIS2_PLACEMENT_3D ( 'NONE', #7215, #7272, #10628 ) ;
#1768 = CARTESIAN_POINT ( 'NONE',  ( -7.976917738336714692, 14.59249378312600953, 1.199999999999999956 ) ) ;
#1769 = ADVANCED_FACE ( 'NONE', ( #5165 ), #8797, .F. ) ;
#1770 = B_SPLINE_CURVE_WITH_KNOTS ( 'NONE', 3,
 ( #9600, #1916, #945, #5396 ),
 .UNSPECIFIED., .F., .F.,
 ( 4, 4 ),
 ( 12.00000000000000000, 13.00000000000000000 ),
 .UNSPECIFIED. ) ;
#1771 = CARTESIAN_POINT ( 'NONE',  ( -5.225544998776203265, 13.87506082086700054, 1.209999999999999964 ) ) ;
#1772 = DIRECTION ( 'NONE',  ( 1.000000000000000000, 0.0000000000000000000, 0.0000000000000000000 ) ) ;
#1773 = CARTESIAN_POINT ( 'NONE',  ( 15.19999999999999929, 14.25000000000000178, 1.099999999999999867 ) ) ;
#1774 = CARTESIAN_POINT ( 'NONE',  ( -11.87997449268630135, 14.64476443637584246, 1.199999999999999956 ) ) ;
#1775 = VECTOR ( 'NONE', #542, 1000.000000000000000 ) ;
#1776 = EDGE_CURVE ( 'NONE', #1849, #7442, #9649, .T. ) ;
#1777 = CARTESIAN_POINT ( 'NONE',  ( -10.07249062140200735, 14.97734151318745610, 1.199999999999999956 ) ) ;
#1778 = CARTESIAN_POINT ( 'NONE',  ( -8.146224985709171307, 13.63660967205741414, 1.209999999999999964 ) ) ;
#1779 = EDGE_CURVE ( 'NONE', #474, #1557, #3654, .T. ) ;
#1780 = EDGE_CURVE ( 'NONE', #1557, #10047, #1770, .T. ) ;
#1781 = ORIENTED_EDGE ( 'NONE', *, *, #1972, .T. ) ;
#1782 = FACE_OUTER_BOUND ( 'NONE', #761, .T. ) ;
#1783 = VERTEX_POINT ( 'NONE', #6217 ) ;
#1784 = CARTESIAN_POINT ( 'NONE',  ( -6.511205662297182784, 13.93120774834882880, 1.199999999999999956 ) ) ;
#1785 = ORIENTED_EDGE ( 'NONE', *, *, #7819, .T. ) ;
#1786 = AXIS2_PLACEMENT_3D ( 'NONE', #8981, #3156, #1179 ) ;
#1787 = DIRECTION ( 'NONE',  ( 0.0000000000000000000, 1.000000000000000000, -0.0000000000000000000 ) ) ;
#1788 = CARTESIAN_POINT ( 'NONE',  ( -5.554108500327592957, 13.77940309256395501, 1.209999999999999964 ) ) ;
#1789 = CARTESIAN_POINT ( 'NONE',  ( -7.583369367008717887, 15.06835632282541937, 1.209999999999999964 ) ) ;
#1790 = LINE ( 'NONE', #5076, #4283 ) ;
#1791 = EDGE_LOOP ( 'NONE', ( #3034, #5755, #3489, #9832 ) ) ;
#1792 = CARTESIAN_POINT ( 'NONE',  ( -10.83404382779832531, 15.19905954715865271, 1.209999999999999964 ) ) ;
#1793 = CARTESIAN_POINT ( 'NONE',  ( -7.685092349823636759, 15.01706159895216786, 1.209999999999999964 ) ) ;
#1794 = CARTESIAN_POINT ( 'NONE',  ( 17.70000000000000284, 16.75000000000000000, 0.0000000000000000000 ) ) ;
#1795 = CARTESIAN_POINT ( 'NONE',  ( -6.778250153805251088, 13.81544803366346308, 1.199999999999999956 ) ) ;
#1796 = DIRECTION ( 'NONE',  ( 0.0000000000000000000, 1.000000000000000000, 0.0000000000000000000 ) ) ;
#1797 = ORIENTED_EDGE ( 'NONE', *, *, #1680, .T. ) ;
#1798 = AXIS2_PLACEMENT_3D ( 'NONE', #10588, #4610, #6958 ) ;
#1799 = CARTESIAN_POINT ( 'NONE',  ( -13.71000000000000085, 9.600000000000001421, 2.700000000000000178 ) ) ;
#1800 = CARTESIAN_POINT ( 'NONE',  ( -6.063416586338694181, 14.99799937048959464, 1.199999999999999956 ) ) ;
#1801 = DIRECTION ( 'NONE',  ( 0.0000000000000000000, 1.000000000000000000, 0.0000000000000000000 ) ) ;
#1802 = ADVANCED_FACE ( 'NONE', ( #6888 ), #7088, .T. ) ;
#1803 = DIRECTION ( 'NONE',  ( 0.0000000000000000000, 0.0000000000000000000, -1.000000000000000000 ) ) ;
#1804 = DIRECTION ( 'NONE',  ( 0.0000000000000000000, -0.0000000000000000000, -1.000000000000000000 ) ) ;
#1805 = ORIENTED_EDGE ( 'NONE', *, *, #1496, .F. ) ;
#1806 = LINE ( 'NONE', #9429, #9227 ) ;
#1807 = CARTESIAN_POINT ( 'NONE',  ( -7.002317984774967030, 13.24427435163269706, 1.199999999999999956 ) ) ;
#1808 = ORIENTED_EDGE ( 'NONE', *, *, #2651, .F. ) ;
#1809 = VECTOR ( 'NONE', #9342, 1000.000000000000000 ) ;
#1810 = EDGE_LOOP ( 'NONE', ( #8716, #7143, #7119, #8617 ) ) ;
#1811 = CARTESIAN_POINT ( 'NONE',  ( -9.894152350791914685, 13.62293360363233852, 1.199999999999999956 ) ) ;
#1812 = ORIENTED_EDGE ( 'NONE', *, *, #845, .F. ) ;
#1813 = VERTEX_POINT ( 'NONE', #9495 ) ;
#1814 = EDGE_CURVE ( 'NONE', #6989, #856, #7086, .T. ) ;
#1815 = DIRECTION ( 'NONE',  ( 0.0000000000000000000, 1.000000000000000000, 0.0000000000000000000 ) ) ;
#1816 = ORIENTED_EDGE ( 'NONE', *, *, #1027, .F. ) ;
#1817 = CARTESIAN_POINT ( 'NONE',  ( 6.499999999999999112, -11.50000000000000000, 1.431180503930323589 ) ) ;
#1818 = VECTOR ( 'NONE', #5943, 1000.000000000000000 ) ;
#1819 = LINE ( 'NONE', #5227, #10078 ) ;
#1820 = CARTESIAN_POINT ( 'NONE',  ( -11.06058176269505111, 13.97961060451951099, 1.209999999999999964 ) ) ;
#1821 = LINE ( 'NONE', #5230, #9744 ) ;
#1822 = ORIENTED_EDGE ( 'NONE', *, *, #5775, .F. ) ;
#1823 = DIRECTION ( 'NONE',  ( 0.0000000000000000000, -0.0000000000000000000, -1.000000000000000000 ) ) ;
#1824 = EDGE_CURVE ( 'NONE', #10384, #3362, #890, .T. ) ;
#1825 = ORIENTED_EDGE ( 'NONE', *, *, #4, .T. ) ;
#1826 = ORIENTED_EDGE ( 'NONE', *, *, #2970, .F. ) ;
#1827 = EDGE_CURVE ( 'NONE', #4291, #1075, #5223, .T. ) ;
#1828 = ORIENTED_EDGE ( 'NONE', *, *, #6507, .F. ) ;
#1829 = DIRECTION ( 'NONE',  ( -0.0000000000000000000, -0.0000000000000000000, -1.000000000000000000 ) ) ;
#1830 = FACE_BOUND ( 'NONE', #9311, .T. ) ;
#1831 = CARTESIAN_POINT ( 'NONE',  ( 14.71000000000000085, -4.099999999999998757, 2.700000000000000178 ) ) ;
#1832 = CARTESIAN_POINT ( 'NONE',  ( -7.360168000972892699, 14.78970120125118903, 1.209999999999999964 ) ) ;
#1833 = CARTESIAN_POINT ( 'NONE',  ( -1.269999999999999796, 14.75000000000000178, 2.000000000000000000 ) ) ;
#1834 = CARTESIAN_POINT ( 'NONE',  ( -6.500000000000000000, -11.50000000000000000, 1.331180503930323944 ) ) ;
#1835 = CARTESIAN_POINT ( 'NONE',  ( -13.71000000000000085, 9.600000000000001421, 2.600000000000000533 ) ) ;
#1836 = EDGE_CURVE ( 'NONE', #6636, #416, #6476, .T. ) ;
#1837 = EDGE_CURVE ( 'NONE', #7257, #3770, #7636, .T. ) ;
#1838 = ORIENTED_EDGE ( 'NONE', *, *, #905, .F. ) ;
#1839 = FACE_OUTER_BOUND ( 'NONE', #4941, .T. ) ;
#1840 = ORIENTED_EDGE ( 'NONE', *, *, #10908, .F. ) ;
#1841 = CARTESIAN_POINT ( 'NONE',  ( -6.955008999581013818, 14.40672370207652264, 1.209999999999999964 ) ) ;
#1842 = EDGE_CURVE ( 'NONE', #1193, #5837, #4701, .T. ) ;
#1843 = CARTESIAN_POINT ( 'NONE',  ( -6.403070839003302872, 14.85485936400673168, 1.199999999999999956 ) ) ;
#1844 = FACE_OUTER_BOUND ( 'NONE', #7931, .T. ) ;
#1845 = FACE_OUTER_BOUND ( 'NONE', #4236, .T. ) ;
#1846 = CARTESIAN_POINT ( 'NONE',  ( -5.720469766942801293, 13.86743592948012349, 1.209999999999999964 ) ) ;
#1847 = ORIENTED_EDGE ( 'NONE', *, *, #11057, .F. ) ;
#1848 = PERSON_AND_ORGANIZATION_ROLE ( 'design_supplier' ) ;
#1849 = VERTEX_POINT ( 'NONE', #8001 ) ;
#1850 = DIRECTION ( 'NONE',  ( -0.0000000000000000000, -0.0000000000000000000, -1.000000000000000000 ) ) ;
#1851 = CARTESIAN_POINT ( 'NONE',  ( -8.388661873198030250, 14.48401237385580131, 1.199999999999999956 ) ) ;
#1852 = CARTESIAN_POINT ( 'NONE',  ( -7.743145500149867466, 15.01706159895216786, 1.209999999999999964 ) ) ;
#1853 = CARTESIAN_POINT ( 'NONE',  ( -5.809888947745811549, 14.00918959207152525, 1.209999999999999964 ) ) ;
#1854 = VERTEX_POINT ( 'NONE', #5601 ) ;
#1855 = DIRECTION ( 'NONE',  ( -0.0000000000000000000, -0.0000000000000000000, -1.000000000000000000 ) ) ;
#1856 = LINE ( 'NONE', #2570, #6559 ) ;
#1857 = CARTESIAN_POINT ( 'NONE',  ( -7.438149844697894864, 13.69241001356753173, 1.209999999999999964 ) ) ;
#1858 = CARTESIAN_POINT ( 'NONE',  ( -1.269999999999999796, 14.75000000000000178, 1.600000000000000089 ) ) ;
#1859 = ORIENTED_EDGE ( 'NONE', *, *, #6457, .F. ) ;
#1860 = CARTESIAN_POINT ( 'NONE',  ( -5.921316337775574645, 14.59214719715429709, 1.209999999999999964 ) ) ;
#1861 = FACE_OUTER_BOUND ( 'NONE', #10414, .T. ) ;
#1862 = EDGE_LOOP ( 'NONE', ( #8366, #6461, #6071, #5288 ) ) ;
#1863 = ORIENTED_EDGE ( 'NONE', *, *, #6246, .F. ) ;
#1864 = DIRECTION ( 'NONE',  ( -0.3416038306815468717, 0.9398440417769817756, 0.0000000000000000000 ) ) ;
#1865 = ORIENTED_EDGE ( 'NONE', *, *, #9526, .T. ) ;
#1866 = CARTESIAN_POINT ( 'NONE',  ( -10.57858613110296098, 13.50725474030465101, 1.199999999999999956 ) ) ;
#1867 = EDGE_LOOP ( 'NONE', ( #3430, #7487, #5129, #7370 ) ) ;
#1868 = DIRECTION ( 'NONE',  ( -0.0000000000000000000, -0.0000000000000000000, -1.000000000000000000 ) ) ;
#1869 = CARTESIAN_POINT ( 'NONE',  ( 3.809999999999999609, 14.75000000000000355, -7.100000000000000533 ) ) ;
#1870 = ORIENTED_EDGE ( 'NONE', *, *, #5970, .F. ) ;
#1871 = DIRECTION ( 'NONE',  ( -0.0000000000000000000, -0.0000000000000000000, -1.000000000000000000 ) ) ;
#1872 = LINE ( 'NONE', #2806, #10014 ) ;
#1873 = EDGE_CURVE ( 'NONE', #4456, #9556, #10485, .T. ) ;
#1874 = ORIENTED_EDGE ( 'NONE', *, *, #4408, .T. ) ;
#1875 = ORIENTED_EDGE ( 'NONE', *, *, #2699, .F. ) ;
#1876 = VECTOR ( 'NONE', #6167, 1000.000000000000000 ) ;
#1877 = DIRECTION ( 'NONE',  ( -0.0000000000000000000, -0.0000000000000000000, -1.000000000000000000 ) ) ;
#1878 = CARTESIAN_POINT ( 'NONE',  ( -13.71000000000000085, 9.600000000000001421, 2.600000000000000533 ) ) ;
#1879 = ORIENTED_EDGE ( 'NONE', *, *, #3664, .T. ) ;
#1880 = CARTESIAN_POINT ( 'NONE',  ( -7.868263036080666240, 14.39528636499620617, 1.199999999999999956 ) ) ;
#1881 = DIRECTION ( 'NONE',  ( -0.0000000000000000000, -1.000000000000000000, -0.0000000000000000000 ) ) ;
#1882 = EDGE_CURVE ( 'NONE', #4295, #10672, #9012, .T. ) ;
#1883 = ADVANCED_FACE ( 'NONE', ( #8848 ), #5553, .F. ) ;
#1884 = CARTESIAN_POINT ( 'NONE',  ( -11.13770109684460863, 14.55800547274917278, 1.199999999999999956 ) ) ;
#1885 = CARTESIAN_POINT ( 'NONE',  ( -5.080000000000000071, 15.52000000000000668, 0.0000000000000000000 ) ) ;
#1886 = ORIENTED_EDGE ( 'NONE', *, *, #5872, .T. ) ;
#1887 = EDGE_CURVE ( 'NONE', #2702, #3174, #2069, .T. ) ;
#1888 = AXIS2_PLACEMENT_3D ( 'NONE', #3767, #10626, #269 ) ;
#1889 = DIRECTION ( 'NONE',  ( -0.0000000000000000000, -0.0000000000000000000, -1.000000000000000000 ) ) ;
#1890 = EDGE_CURVE ( 'NONE', #2639, #3169, #8961, .T. ) ;
#1891 = LINE ( 'NONE', #7806, #3995 ) ;
#1892 = DIRECTION ( 'NONE',  ( -0.0000000000000000000, -0.0000000000000000000, -1.000000000000000000 ) ) ;
#1893 = CARTESIAN_POINT ( 'NONE',  ( -11.51365772442191471, 13.66149340860838279, 1.199999999999999956 ) ) ;
#1894 = VERTEX_POINT ( 'NONE', #1319 ) ;
#1895 = PERSON_AND_ORGANIZATION ( #3476, #272 ) ;
#1896 = ADVANCED_FACE ( 'NONE', ( #1154 ), #3705, .F. ) ;
#1897 = ORIENTED_EDGE ( 'NONE', *, *, #8047, .F. ) ;
#1898 = CARTESIAN_POINT ( 'NONE',  ( -7.743145500149867466, 15.01706159895216786, 1.199999999999999956 ) ) ;
#1899 = DIRECTION ( 'NONE',  ( 0.0000000000000000000, -1.000000000000000000, 0.0000000000000000000 ) ) ;
#1900 = VECTOR ( 'NONE', #10232, 1000.000000000000114 ) ;
#1901 = CARTESIAN_POINT ( 'NONE',  ( -8.003951444160202655, 14.48782481954923895, 1.209999999999999964 ) ) ;
#1902 = DIRECTION ( 'NONE',  ( 0.0000000000000000000, 0.0000000000000000000, -1.000000000000000000 ) ) ;
#1903 = ORIENTED_EDGE ( 'NONE', *, *, #4230, .F. ) ;
#1904 = CARTESIAN_POINT ( 'NONE',  ( -7.002317984774967030, 13.24427435163269529, 1.209999999999999964 ) ) ;
#1905 = DIRECTION ( 'NONE',  ( 0.0000000000000000000, 0.0000000000000000000, -1.000000000000000000 ) ) ;
#1906 = PLANE ( 'NONE',  #6424 ) ;
#1907 = ORIENTED_EDGE ( 'NONE', *, *, #2834, .T. ) ;
#1908 = LINE ( 'NONE', #1204, #8134 ) ;
#1909 = EDGE_CURVE ( 'NONE', #4126, #9150, #100, .T. ) ;
#1910 = LINE ( 'NONE', #5330, #1068 ) ;
#1911 = ORIENTED_EDGE ( 'NONE', *, *, #482, .T. ) ;
#1912 = DIRECTION ( 'NONE',  ( -0.0000000000000000000, -0.0000000000000000000, -1.000000000000000000 ) ) ;
#1913 = ORIENTED_EDGE ( 'NONE', *, *, #9117, .F. ) ;
#1914 = LINE ( 'NONE', #10353, #7373 ) ;
#1915 = CARTESIAN_POINT ( 'NONE',  ( -7.936020593626339270, 13.42588540101703565, 1.199999999999999956 ) ) ;
#1916 = CARTESIAN_POINT ( 'NONE',  ( -7.632931161021100586, 14.48851799149266206, 1.199999999999999956 ) ) ;
#1917 = ORIENTED_EDGE ( 'NONE', *, *, #9209, .F. ) ;
#1918 = CARTESIAN_POINT ( 'NONE',  ( -5.809888947745811549, 14.00918959207152525, 1.199999999999999956 ) ) ;
#1919 = DIRECTION ( 'NONE',  ( 0.7071067811865474617, -0.7071067811865474617, -0.0000000000000000000 ) ) ;
#1920 = VECTOR ( 'NONE', #9694, 1000.000000000000000 ) ;
#1921 = PLANE ( 'NONE',  #10892 ) ;
#1922 = ORIENTED_EDGE ( 'NONE', *, *, #5448, .T. ) ;
#1923 = VECTOR ( 'NONE', #519, 1000.000000000000000 ) ;
#1924 = LINE ( 'NONE', #2856, #4570 ) ;
#1925 = CARTESIAN_POINT ( 'NONE',  ( -7.993033986039764116, 14.99626644062642633, 1.209999999999999964 ) ) ;
#1926 = B_SPLINE_SURFACE_WITH_KNOTS ( 'NONE', 3, 1, ( 
 ( #1501, #9427 ),
 ( #7423, #10852 ),
 ( #8511, #5768 ),
 ( #657, #6647 ) ),
 .UNSPECIFIED., .F., .F., .F.,
 ( 4, 4 ),
 ( 2, 2 ),
 ( 2.000000000000000000, 3.000000000000000000 ),
 ( 0.0000000000000000000, 1.000000000000000000 ),
 .UNSPECIFIED. ) ;
#1927 = ORIENTED_EDGE ( 'NONE', *, *, #6631, .F. ) ;
#1928 = AXIS2_PLACEMENT_3D ( 'NONE', #6345, #6237, #2102 ) ;
#1929 = VECTOR ( 'NONE', #10393, 1000.000000000000114 ) ;
#1930 = DIRECTION ( 'NONE',  ( -0.0000000000000000000, -0.0000000000000000000, -1.000000000000000000 ) ) ;
#1931 = SPHERICAL_SURFACE ( 'NONE', #8386, 0.4000000000000000222 ) ;
#1932 = VERTEX_POINT ( 'NONE', #7101 ) ;
#1933 = CARTESIAN_POINT ( 'NONE',  ( -8.126989464258420170, 14.00918959207152348, 1.209999999999999964 ) ) ;
#1934 = EDGE_CURVE ( 'NONE', #3878, #8186, #7205, .T. ) ;
#1935 = CARTESIAN_POINT ( 'NONE',  ( -7.743145500149867466, 15.01706159895216786, 1.199999999999999956 ) ) ;
#1936 = VECTOR ( 'NONE', #10562, 1000.000000000000000 ) ;
#1937 = AXIS2_PLACEMENT_3D ( 'NONE', #9260, #5721, #4990 ) ;
#1938 = ORIENTED_EDGE ( 'NONE', *, *, #3715, .F. ) ;
#1939 = CARTESIAN_POINT ( 'NONE',  ( -11.06540173831820972, 14.51462587601447041, 1.199999999999999956 ) ) ;
#1940 = VERTEX_POINT ( 'NONE', #1210 ) ;
#1941 = VECTOR ( 'NONE', #1471, 1000.000000000000000 ) ;
#1942 = EDGE_CURVE ( 'NONE', #1622, #5392, #823, .T. ) ;
#1943 = LINE ( 'NONE', #3680, #3170 ) ;
#1944 = DIRECTION ( 'NONE',  ( -0.0000000000000000000, -0.0000000000000000000, -1.000000000000000000 ) ) ;
#1945 = PLANE ( 'NONE',  #3201 ) ;
#1946 = LINE ( 'NONE', #5422, #1581 ) ;
#1947 = ORIENTED_EDGE ( 'NONE', *, *, #5320, .T. ) ;
#1948 = VERTEX_POINT ( 'NONE', #2850 ) ;
#1949 = CARTESIAN_POINT ( 'NONE',  ( 3.039999999999993374, 16.01999999999999957, -2.500000000000000000 ) ) ;
#1950 = CARTESIAN_POINT ( 'NONE',  ( -5.326921395612489896, 13.59328642554276456, 1.199999999999999956 ) ) ;
#1951 = VECTOR ( 'NONE', #7509, 1000.000000000000000 ) ;
#1952 = CARTESIAN_POINT ( 'NONE',  ( -7.120850387234022527, 13.17911618887717218, 1.199999999999999956 ) ) ;
#1953 = ORIENTED_EDGE ( 'NONE', *, *, #7319, .F. ) ;
#1954 = EDGE_CURVE ( 'NONE', #6824, #3903, #6267, .T. ) ;
#1955 = CARTESIAN_POINT ( 'NONE',  ( -8.030291978040246192, 13.46089058420139750, 1.199999999999999956 ) ) ;
#1956 = VECTOR ( 'NONE', #6791, 1000.000000000000000 ) ;
#1957 = ORIENTED_EDGE ( 'NONE', *, *, #5235, .T. ) ;
#1958 = FACE_OUTER_BOUND ( 'NONE', #2072, .T. ) ;
#1959 = ORIENTED_EDGE ( 'NONE', *, *, #985, .F. ) ;
#1960 = CYLINDRICAL_SURFACE ( 'NONE', #7232, 0.4000000000000001887 ) ;
#1961 = CARTESIAN_POINT ( 'NONE',  ( -7.199178816930749569, 13.41860709560186748, 1.199999999999999956 ) ) ;
#1962 = CARTESIAN_POINT ( 'NONE',  ( -9.706173945071018494, 14.37484685878232860, 1.199999999999999956 ) ) ;
#1963 = VERTEX_POINT ( 'NONE', #3761 ) ;
#1964 = FACE_BOUND ( 'NONE', #9466, .T. ) ;
#1965 = EDGE_CURVE ( 'NONE', #1025, #4631, #7100, .T. ) ;
#1966 = ORIENTED_EDGE ( 'NONE', *, *, #4281, .F. ) ;
#1967 = CARTESIAN_POINT ( 'NONE',  ( -7.927875823281901546, 14.94185244300777349, 1.209999999999999964 ) ) ;
#1968 = CARTESIAN_POINT ( 'NONE',  ( 2.040000000000006697, 13.47999999999999865, -2.500000000000000000 ) ) ;
#1969 = VECTOR ( 'NONE', #2802, 1000.000000000000000 ) ;
#1970 = EDGE_CURVE ( 'NONE', #10410, #756, #10574, .T. ) ;
#1971 = CARTESIAN_POINT ( 'NONE',  ( -7.936540472586226080, 13.51461140987665033, 1.199999999999999956 ) ) ;
#1972 = EDGE_CURVE ( 'NONE', #3968, #8373, #2974, .T. ) ;
#1973 = EDGE_CURVE ( 'NONE', #8635, #6950, #3242, .T. ) ;
#1974 = CARTESIAN_POINT ( 'NONE',  ( -7.345438097158998758, 13.75756817632308326, 1.199999999999999956 ) ) ;
#1975 = DIRECTION ( 'NONE',  ( 1.000000000000000000, -0.0000000000000000000, -0.0000000000000000000 ) ) ;
#1976 = B_SPLINE_CURVE_WITH_KNOTS ( 'NONE', 3,
 ( #6669, #5059, #10927, #3271 ),
 .UNSPECIFIED., .F., .F.,
 ( 4, 4 ),
 ( 2.000000000000000000, 3.000000000000000000 ),
 .UNSPECIFIED. ) ;
#1977 = CIRCLE ( 'NONE', #1224, 0.3999999999999999667 ) ;
#1978 = CARTESIAN_POINT ( 'NONE',  ( -5.852172436340742578, 14.40672370207652264, 1.209999999999999964 ) ) ;
#1979 = EDGE_LOOP ( 'NONE', ( #6885, #5104, #8198, #5719 ) ) ;
#1980 = CARTESIAN_POINT ( 'NONE',  ( -7.921637275784168430, 13.52916802070236280, 1.209999999999999964 ) ) ;
#1981 = CARTESIAN_POINT ( 'NONE',  ( -8.090944523158912105, 14.73286110182594477, 1.199999999999999956 ) ) ;
#1982 = ORIENTED_EDGE ( 'NONE', *, *, #603, .T. ) ;
#1983 = AXIS2_PLACEMENT_3D ( 'NONE', #529, #7314, #2954 ) ;
#1984 = B_SPLINE_CURVE_WITH_KNOTS ( 'NONE', 3,
 ( #5291, #7852, #1069, #8705 ),
 .UNSPECIFIED., .F., .F.,
 ( 4, 4 ),
 ( 8.000000000000000000, 9.000000000000000000 ),
 .UNSPECIFIED. ) ;
#1985 = FACE_OUTER_BOUND ( 'NONE', #8604, .T. ) ;
#1986 = CARTESIAN_POINT ( 'NONE',  ( -7.921637275784168430, 13.52916802070236280, 1.209999999999999964 ) ) ;
#1987 = CARTESIAN_POINT ( 'NONE',  ( -11.90407441676186373, 13.56991414758934589, 1.199999999999999956 ) ) ;
#1988 = CARTESIAN_POINT ( 'NONE',  ( -6.910472702165365355, 13.45083959100794679, 1.209999999999999964 ) ) ;
#1989 = VECTOR ( 'NONE', #3918, 1000.000000000000000 ) ;
#1990 = ORIENTED_EDGE ( 'NONE', *, *, #5717, .F. ) ;
#1991 = ORIENTED_EDGE ( 'NONE', *, *, #4861, .F. ) ;
#1992 = LINE ( 'NONE', #6289, #2645 ) ;
#1993 = ADVANCED_FACE ( 'NONE', ( #10903 ), #1275, .F. ) ;
#1994 = EDGE_CURVE ( 'NONE', #9309, #5465, #9952, .T. ) ;
#1995 = VECTOR ( 'NONE', #8619, 1000.000000000000000 ) ;
#1996 = DIRECTION ( 'NONE',  ( -1.000000000000000000, -0.0000000000000000000, -0.0000000000000000000 ) ) ;
#1997 = CARTESIAN_POINT ( 'NONE',  ( 2.540000000000000480, 13.97999999999999332, 0.0000000000000000000 ) ) ;
#1998 = PLANE ( 'NONE',  #768 ) ;
#1999 = CARTESIAN_POINT ( 'NONE',  ( -6.106046660905298573, 14.00918959207152348, 1.209999999999999964 ) ) ;
#2000 = DIRECTION ( 'NONE',  ( -1.000000000000000000, 0.0000000000000000000, 0.0000000000000000000 ) ) ;
#2001 = ORIENTED_EDGE ( 'NONE', *, *, #10399, .F. ) ;
#2002 = ORIENTED_EDGE ( 'NONE', *, *, #1085, .T. ) ;
#2003 = LINE ( 'NONE', #2618, #8436 ) ;
#2004 = CARTESIAN_POINT ( 'NONE',  ( -7.758395282923619796, 14.47326820871890973, 1.199999999999999956 ) ) ;
#2005 = CARTESIAN_POINT ( 'NONE',  ( -10.07249062140200735, 13.47833488657492751, 1.199999999999999956 ) ) ;
#2006 = CARTESIAN_POINT ( 'NONE',  ( -10.72318484816268835, 14.97734151318745610, 1.199999999999999956 ) ) ;
#2007 = ORIENTED_EDGE ( 'NONE', *, *, #3094, .F. ) ;
#2008 = CARTESIAN_POINT ( 'NONE',  ( -7.743145500149867466, 15.01706159895216786, 1.199999999999999956 ) ) ;
#2009 = B_SPLINE_SURFACE_WITH_KNOTS ( 'NONE', 3, 1, ( 
 ( #9718, #7182 ),
 ( #7021, #298 ),
 ( #7128, #4680 ),
 ( #7925, #10388 ) ),
 .UNSPECIFIED., .F., .F., .F.,
 ( 4, 4 ),
 ( 2, 2 ),
 ( 0.0000000000000000000, 1.000000000000000000 ),
 ( 0.0000000000000000000, 1.000000000000000000 ),
 .UNSPECIFIED. ) ;
#2010 = B_SPLINE_CURVE_WITH_KNOTS ( 'NONE', 3,
 ( #5898, #9332, #10307, #9387 ),
 .UNSPECIFIED., .F., .F.,
 ( 4, 4 ),
 ( 15.00000000000000000, 16.00000000000000000 ),
 .UNSPECIFIED. ) ;
#2011 = ORIENTED_EDGE ( 'NONE', *, *, #5753, .F. ) ;
#2012 = CARTESIAN_POINT ( 'NONE',  ( -5.258297373139829922, 14.00918959207152348, 1.209999999999999964 ) ) ;
#2013 = VERTEX_POINT ( 'NONE', #590 ) ;
#2014 = DIRECTION ( 'NONE',  ( -0.0000000000000000000, -1.000000000000000000, -0.0000000000000000000 ) ) ;
#2015 = CARTESIAN_POINT ( 'NONE',  ( -11.27266004652712539, 13.01079918184770001, 1.199999999999999956 ) ) ;
#2016 = ORIENTED_EDGE ( 'NONE', *, *, #2345, .F. ) ;
#2017 = DIRECTION ( 'NONE',  ( 0.0000000000000000000, 0.0000000000000000000, 1.000000000000000000 ) ) ;
#2018 = EDGE_CURVE ( 'NONE', #10181, #8130, #4021, .T. ) ;
#2019 = EDGE_CURVE ( 'NONE', #250, #8575, #4136, .T. ) ;
#2020 = LINE ( 'NONE', #5336, #1484 ) ;
#2021 = CARTESIAN_POINT ( 'NONE',  ( -8.476174831154338563, 13.33126743063374597, 1.209999999999999964 ) ) ;
#2022 = PLANE ( 'NONE',  #2097 ) ;
#2023 = ADVANCED_FACE ( 'NONE', ( #1554 ), #8083, .T. ) ;
#2024 = EDGE_CURVE ( 'NONE', #1744, #5546, #9363, .T. ) ;
#2025 = CARTESIAN_POINT ( 'NONE',  ( -3.810000000000000053, 14.75000000000000178, 1.199999999999999956 ) ) ;
#2026 = VERTEX_POINT ( 'NONE', #5763 ) ;
#2027 = DIRECTION ( 'NONE',  ( 1.000000000000000000, -0.0000000000000000000, -0.0000000000000000000 ) ) ;
#2028 = ORIENTED_EDGE ( 'NONE', *, *, #6594, .F. ) ;
#2029 = LINE ( 'NONE', #7213, #4023 ) ;
#2030 = CARTESIAN_POINT ( 'NONE',  ( -11.51847783794516999, 13.33855623707175120, 1.209999999999999964 ) ) ;
#2031 = EDGE_CURVE ( 'NONE', #8858, #6543, #5093, .T. ) ;
#2032 = CARTESIAN_POINT ( 'NONE',  ( -11.25338014403910769, 13.59401374989802136, 1.209999999999999964 ) ) ;
#2033 = VECTOR ( 'NONE', #2993, 1000.000000000000000 ) ;
#2034 = CARTESIAN_POINT ( 'NONE',  ( -7.458815033284248663, 13.40084456453264750, 1.209999999999999964 ) ) ;
#2035 = CARTESIAN_POINT ( 'NONE',  ( 2.540000000000000036, 16.01999999999999957, -2.500000000000000000 ) ) ;
#2036 = LINE ( 'NONE', #2814, #7673 ) ;
#2037 = ORIENTED_EDGE ( 'NONE', *, *, #10034, .T. ) ;
#2038 = LINE ( 'NONE', #5464, #6516 ) ;
#2039 = CARTESIAN_POINT ( 'NONE',  ( -7.685092349823636759, 15.01706159895216786, 1.199999999999999956 ) ) ;
#2040 = ORIENTED_EDGE ( 'NONE', *, *, #2808, .F. ) ;
#2041 = CC_DESIGN_PERSON_AND_ORGANIZATION_ASSIGNMENT ( #3685, #5424, ( #7495 ) ) ;
#2042 = EDGE_LOOP ( 'NONE', ( #8441, #9687, #6530, #4800 ) ) ;
#2043 = CARTESIAN_POINT ( 'NONE',  ( -11.80285515853674916, 14.10492951102230919, 1.199999999999999956 ) ) ;
#2044 = VECTOR ( 'NONE', #1877, 1000.000000000000000 ) ;
#2045 = CARTESIAN_POINT ( 'NONE',  ( -7.222400077060778578, 13.80505045449826262, 1.209999999999999964 ) ) ;
#2046 = DIRECTION ( 'NONE',  ( -0.0000000000000000000, 1.000000000000000000, -0.0000000000000000000 ) ) ;
#2047 = CARTESIAN_POINT ( 'NONE',  ( 2.040000000000006253, 13.47999999999999865, 0.0000000000000000000 ) ) ;
#2048 = DIRECTION ( 'NONE',  ( -0.7071067811865474617, -0.7071067811865474617, -0.0000000000000000000 ) ) ;
#2049 = DIRECTION ( 'NONE',  ( 0.9345104387417459968, -0.3559357243698776374, 0.0000000000000000000 ) ) ;
#2050 = AXIS2_PLACEMENT_3D ( 'NONE', #3192, #4703, #8220 ) ;
#2051 = CARTESIAN_POINT ( 'NONE',  ( -9.923072020657146552, 13.62775348731978298, 1.199999999999999956 ) ) ;
#2052 = DIRECTION ( 'NONE',  ( -1.000000000000000000, 0.0000000000000000000, 0.0000000000000000000 ) ) ;
#2053 = ORIENTED_EDGE ( 'NONE', *, *, #5102, .T. ) ;
#2054 = ORIENTED_EDGE ( 'NONE', *, *, #97, .F. ) ;
#2055 = CARTESIAN_POINT ( 'NONE',  ( -9.094039339421883028, 13.67113317598326638, 1.199999999999999956 ) ) ;
#2056 = VECTOR ( 'NONE', #4170, 1000.000000000000000 ) ;
#2057 = ORIENTED_EDGE ( 'NONE', *, *, #6182, .T. ) ;
#2058 = CARTESIAN_POINT ( 'NONE',  ( 13.71000000000000085, 8.599999999999999645, 2.600000000000000533 ) ) ;
#2059 = CARTESIAN_POINT ( 'NONE',  ( -5.099387704925637976, 13.59328642554276456, 1.209999999999999964 ) ) ;
#2061 = CARTESIAN_POINT ( 'NONE',  ( -7.098495592033263080, 15.08464586351430547, 1.209999999999999964 ) ) ;
#2060 = VECTOR ( 'NONE', #2135, 1000.000000000000000 ) ;
#2062 = ORIENTED_EDGE ( 'NONE', *, *, #2477, .F. ) ;
#2063 = DIRECTION ( 'NONE',  ( 0.0000000000000000000, -1.000000000000000000, 0.0000000000000000000 ) ) ;
#2064 = EDGE_CURVE ( 'NONE', #8021, #7811, #9306, .T. ) ;
#2065 = DIRECTION ( 'NONE',  ( -0.0000000000000000000, -0.0000000000000000000, 1.000000000000000000 ) ) ;
#2066 = CARTESIAN_POINT ( 'NONE',  ( -8.030291978040246192, 13.46089058420139750, 1.209999999999999964 ) ) ;
#2067 = EDGE_LOOP ( 'NONE', ( #2769, #2525, #4502, #9620 ) ) ;
#2068 = CARTESIAN_POINT ( 'NONE',  ( -11.66789648465673501, 13.37711585818098037, 1.199999999999999956 ) ) ;
#2069 = LINE ( 'NONE', #6368, #454 ) ;
#2070 = CARTESIAN_POINT ( 'NONE',  ( -7.726162787517545816, 13.63903577386402866, 1.199999999999999956 ) ) ;
#2071 = FACE_OUTER_BOUND ( 'NONE', #5339, .T. ) ;
#2072 = EDGE_LOOP ( 'NONE', ( #11036, #2652, #9161, #2245 ) ) ;
#2073 = DIRECTION ( 'NONE',  ( -0.0000000000000000000, 1.000000000000000000, -0.0000000000000000000 ) ) ;
#2074 = ORIENTED_EDGE ( 'NONE', *, *, #1836, .F. ) ;
#2075 = CARTESIAN_POINT ( 'NONE',  ( -7.583369367008716999, 14.51867097106845783, 1.209999999999999964 ) ) ;
#2076 = CARTESIAN_POINT ( 'NONE',  ( -7.438149844697894864, 13.69241001356753173, 1.199999999999999956 ) ) ;
#2077 = AXIS2_PLACEMENT_3D ( 'NONE', #4899, #6679, #7459 ) ;
#2078 = VECTOR ( 'NONE', #7760, 1000.000000000000000 ) ;
#2079 = CARTESIAN_POINT ( 'NONE',  ( -15.19999999999999929, -14.25000000000000178, 1.099999999999999867 ) ) ;
#2080 = ORIENTED_EDGE ( 'NONE', *, *, #8437, .T. ) ;
#2081 = EDGE_CURVE ( 'NONE', #2787, #8149, #3358, .T. ) ;
#2082 = EDGE_CURVE ( 'NONE', #1363, #6750, #8451, .T. ) ;
#2083 = DIRECTION ( 'NONE',  ( -1.000000000000000000, -0.0000000000000000000, -0.0000000000000000000 ) ) ;
#2084 = ORIENTED_EDGE ( 'NONE', *, *, #10118, .F. ) ;
#2085 = AXIS2_PLACEMENT_3D ( 'NONE', #6833, #10299, #2641 ) ;
#2086 = EDGE_CURVE ( 'NONE', #3783, #7545, #5935, .T. ) ;
#2087 = ADVANCED_FACE ( 'NONE', ( #8326 ), #535, .F. ) ;
#2088 = CARTESIAN_POINT ( 'NONE',  ( -7.412329189775404892, 13.73954570577101464, 1.209999999999999964 ) ) ;
#2089 = CARTESIAN_POINT ( 'NONE',  ( 8.713066640240183958, -8.672079492129114442, 0.0000000000000000000 ) ) ;
#2090 = ORIENTED_EDGE ( 'NONE', *, *, #7311, .T. ) ;
#2091 = CARTESIAN_POINT ( 'NONE',  ( -7.117731113486324368, 14.71206594350019969, 1.209999999999999964 ) ) ;
#2092 = ORIENTED_EDGE ( 'NONE', *, *, #10290, .F. ) ;
#2093 = DIRECTION ( 'NONE',  ( -1.000000000000000000, 0.0000000000000000000, 0.0000000000000000000 ) ) ;
#2094 = ORIENTED_EDGE ( 'NONE', *, *, #2838, .F. ) ;
#2095 = EDGE_LOOP ( 'NONE', ( #7168, #8239, #5517, #6807 ) ) ;
#2096 = CARTESIAN_POINT ( 'NONE',  ( -5.646127075927692474, 13.67646705885035630, 1.209999999999999964 ) ) ;
#2097 = AXIS2_PLACEMENT_3D ( 'NONE', #10575, #10524, #10411 ) ;
#2098 = ADVANCED_FACE ( 'NONE', ( #3189 ), #10007, .F. ) ;
#2099 = B_SPLINE_SURFACE_WITH_KNOTS ( 'NONE', 3, 1, ( 
 ( #698, #645 ),
 ( #10057, #3178 ),
 ( #3236, #5028 ),
 ( #9300, #748 ) ),
 .UNSPECIFIED., .F., .F., .F.,
 ( 4, 4 ),
 ( 2, 2 ),
 ( 28.00000000000000000, 29.00000000000000000 ),
 ( 0.0000000000000000000, 1.000000000000000000 ),
 .UNSPECIFIED. ) ;
#2100 = CARTESIAN_POINT ( 'NONE',  ( 14.71000000000000085, -4.099999999999998757, 2.600000000000000533 ) ) ;
#2101 = LINE ( 'NONE', #7017, #5145 ) ;
#2102 = DIRECTION ( 'NONE',  ( -1.000000000000000000, 0.0000000000000000000, 0.0000000000000000000 ) ) ;
#2103 = EDGE_CURVE ( 'NONE', #8803, #3343, #5905, .T. ) ;
#2104 = FACE_BOUND ( 'NONE', #6154, .T. ) ;
#2105 = CARTESIAN_POINT ( 'NONE',  ( -9.325397249939477717, 13.42049554684446733, 1.209999999999999964 ) ) ;
#2106 = VECTOR ( 'NONE', #1889, 1000.000000000000000 ) ;
#2107 = CARTESIAN_POINT ( 'NONE',  ( -11.80285515853674916, 13.90731124598849355, 1.199999999999999956 ) ) ;
#2108 = VECTOR ( 'NONE', #8339, 1000.000000000000000 ) ;
#2109 = CARTESIAN_POINT ( 'NONE',  ( -8.126989464258420170, 14.00918959207152348, 1.209999999999999964 ) ) ;
#2110 = ORIENTED_EDGE ( 'NONE', *, *, #5765, .T. ) ;
#2111 = ORIENTED_EDGE ( 'NONE', *, *, #1599, .F. ) ;
#2112 = CARTESIAN_POINT ( 'NONE',  ( 1.270000000000000240, 14.75000000000000178, 2.000000000000000000 ) ) ;
#2113 = FACE_OUTER_BOUND ( 'NONE', #9994, .T. ) ;
#2114 = CARTESIAN_POINT ( 'NONE',  ( 2.539999999999999591, 13.97999999999999332, -2.500000000000000000 ) ) ;
#2115 = VECTOR ( 'NONE', #1495, 1000.000000000000000 ) ;
#2116 = EDGE_LOOP ( 'NONE', ( #8381, #574, #6396, #8460 ) ) ;
#2117 = CYLINDRICAL_SURFACE ( 'NONE', #9635, 0.9999999999999991118 ) ;
#2118 = CARTESIAN_POINT ( 'NONE',  ( -6.569432105613887352, 14.94289220092290549, 1.199999999999999956 ) ) ;
#2119 = ORIENTED_EDGE ( 'NONE', *, *, #9967, .F. ) ;
#2120 = VECTOR ( 'NONE', #5461, 1000.000000000000000 ) ;
#2121 = DIRECTION ( 'NONE',  ( 0.0000000000000000000, 0.0000000000000000000, 1.000000000000000000 ) ) ;
#2122 = CARTESIAN_POINT ( 'NONE',  ( -6.495089414594157340, 14.75192333029313829, 1.209999999999999964 ) ) ;
#2123 = DIRECTION ( 'NONE',  ( 1.000000000000000000, 0.0000000000000000000, 0.0000000000000000000 ) ) ;
#2124 = ORIENTED_EDGE ( 'NONE', *, *, #6121, .F. ) ;
#2125 = CARTESIAN_POINT ( 'NONE',  ( -7.002317984774967030, 13.24427435163269706, 1.209999999999999964 ) ) ;
#2126 = ORIENTED_EDGE ( 'NONE', *, *, #1392, .T. ) ;
#2127 = CARTESIAN_POINT ( 'NONE',  ( -7.345438097158998758, 13.75756817632308326, 1.199999999999999956 ) ) ;
#2128 = AXIS2_PLACEMENT_3D ( 'NONE', #2842, #6258, #1144 ) ;
#2129 = DIRECTION ( 'NONE',  ( -0.0000000000000000000, -0.0000000000000000000, -1.000000000000000000 ) ) ;
#2130 = ADVANCED_FACE ( 'NONE', ( #4285 ), #6017, .F. ) ;
#2131 = EDGE_CURVE ( 'NONE', #6339, #6278, #3562, .T. ) ;
#2132 = CARTESIAN_POINT ( 'NONE',  ( 16.70000000000000284, 14.25000000000000178, 1.099999999999999867 ) ) ;
#2133 = DIRECTION ( 'NONE',  ( -0.0000000000000000000, -0.0000000000000000000, -1.000000000000000000 ) ) ;
#2134 = ORIENTED_EDGE ( 'NONE', *, *, #2218, .F. ) ;
#2135 = DIRECTION ( 'NONE',  ( 1.000000000000000000, 0.0000000000000000000, 0.0000000000000000000 ) ) ;
#2136 = CARTESIAN_POINT ( 'NONE',  ( -17.00000000000000355, -11.50000000000000000, 2.700000000000000178 ) ) ;
#2137 = VECTOR ( 'NONE', #2073, 1000.000000000000000 ) ;
#2138 = CARTESIAN_POINT ( 'NONE',  ( 0.8700000000000001066, 14.75000000000000178, -2.500000000000000444 ) ) ;
#2139 = DIRECTION ( 'NONE',  ( -0.0000000000000000000, 0.0000000000000000000, 1.000000000000000000 ) ) ;
#2140 = EDGE_CURVE ( 'NONE', #4733, #4369, #2709, .T. ) ;
#2141 = CARTESIAN_POINT ( 'NONE',  ( -11.06540183025160751, 13.67595305967071084, 1.209999999999999964 ) ) ;
#2142 = ORIENTED_EDGE ( 'NONE', *, *, #4561, .T. ) ;
#2143 = AXIS2_PLACEMENT_3D ( 'NONE', #3830, #10379, #6444 ) ;
#2144 = CARTESIAN_POINT ( 'NONE',  ( -5.724455505617483730, 13.97938319846743838, 1.209999999999999964 ) ) ;
#2145 = DIRECTION ( 'NONE',  ( -1.000000000000000000, 0.0000000000000000000, 0.0000000000000000000 ) ) ;
#2146 = EDGE_CURVE ( 'NONE', #5400, #10915, #960, .T. ) ;
#2147 = CARTESIAN_POINT ( 'NONE',  ( -6.765079886870985604, 15.00666401979160547, 1.209999999999999964 ) ) ;
#2148 = CARTESIAN_POINT ( 'NONE',  ( -7.286345188915333893, 13.41098220421500642, 1.209999999999999964 ) ) ;
#2149 = LINE ( 'NONE', #3093, #6614 ) ;
#2150 = ORIENTED_EDGE ( 'NONE', *, *, #2019, .T. ) ;
#2151 = VERTEX_POINT ( 'NONE', #5240 ) ;
#2152 = CARTESIAN_POINT ( 'NONE',  ( -17.69999999999999574, 16.75000000000000000, 0.0000000000000000000 ) ) ;
#2153 = VECTOR ( 'NONE', #8757, 1000.000000000000000 ) ;
#2154 = EDGE_CURVE ( 'NONE', #5174, #10410, #10201, .T. ) ;
#2155 = LINE ( 'NONE', #9767, #324 ) ;
#2156 = CARTESIAN_POINT ( 'NONE',  ( 3.409999999999999254, 14.75000000000000355, 2.000000000000000000 ) ) ;
#2157 = CARTESIAN_POINT ( 'NONE',  ( -6.365466261026480943, 14.40672370207652264, 1.209999999999999964 ) ) ;
#2158 = LINE ( 'NONE', #6238, #2746 ) ;
#2159 = CARTESIAN_POINT ( 'NONE',  ( -7.811422936655427307, 13.31983009355342240, 1.209999999999999964 ) ) ;
#2160 = EDGE_CURVE ( 'NONE', #6022, #4985, #9800, .T. ) ;
#2161 = DIRECTION ( 'NONE',  ( -1.000000000000000000, 0.0000000000000000000, 0.0000000000000000000 ) ) ;
#2162 = CARTESIAN_POINT ( 'NONE',  ( -7.386508534852937125, 13.38914728797413289, 1.209999999999999964 ) ) ;
#2163 = VERTEX_POINT ( 'NONE', #1640 ) ;
#2164 = ORIENTED_EDGE ( 'NONE', *, *, #3033, .F. ) ;
#2165 = CARTESIAN_POINT ( 'NONE',  ( -6.050766198357377945, 14.95051709230978787, 1.199999999999999956 ) ) ;
#2166 = ORIENTED_EDGE ( 'NONE', *, *, #11044, .T. ) ;
#2167 = CARTESIAN_POINT ( 'NONE',  ( -7.726162787517545816, 13.52778167681551480, 1.209999999999999964 ) ) ;
#2168 = CARTESIAN_POINT ( 'NONE',  ( -11.15216102371177520, 14.94842175139114282, 1.209999999999999964 ) ) ;
#2169 = CARTESIAN_POINT ( 'NONE',  ( -5.912651688473564704, 14.00918959207152348, 1.209999999999999964 ) ) ;
#2170 = ORIENTED_EDGE ( 'NONE', *, *, #1528, .T. ) ;
#2171 = CARTESIAN_POINT ( 'NONE',  ( 13.71000000000000085, 8.599999999999999645, 2.700000000000000178 ) ) ;
#2172 = ORIENTED_EDGE ( 'NONE', *, *, #6731, .T. ) ;
#2173 = CARTESIAN_POINT ( 'NONE',  ( -5.833976672807452246, 13.40855610241303886, 1.209999999999999964 ) ) ;
#2174 = DIRECTION ( 'NONE',  ( 0.3559357243643090363, -0.9345104387438668558, 0.0000000000000000000 ) ) ;
#2175 = VERTEX_POINT ( 'NONE', #5123 ) ;
#2176 = ADVANCED_FACE ( 'NONE', ( #3505 ), #4167, .F. ) ;
#2177 = DIRECTION ( 'NONE',  ( 0.0000000000000000000, 0.0000000000000000000, -1.000000000000000000 ) ) ;
#2178 = ORIENTED_EDGE ( 'NONE', *, *, #1890, .T. ) ;
#2179 = LINE ( 'NONE', #5551, #4757 ) ;
#2180 = DIRECTION ( 'NONE',  ( -0.0000000000000000000, -0.0000000000000000000, 1.000000000000000000 ) ) ;
#2181 = CARTESIAN_POINT ( 'NONE',  ( -7.390147687560519429, 13.82653878477206355, 1.209999999999999964 ) ) ;
#2182 = CARTESIAN_POINT ( 'NONE',  ( -6.519177139655771391, 14.60150501839973103, 1.209999999999999964 ) ) ;
#2183 = LINE ( 'NONE', #8116, #10704 ) ;
#2184 = FACE_OUTER_BOUND ( 'NONE', #2042, .T. ) ;
#2185 = LINE ( 'NONE', #2136, #3942 ) ;
#2186 = B_SPLINE_SURFACE_WITH_KNOTS ( 'NONE', 3, 1, ( 
 ( #7564, #9457 ),
 ( #4169, #1777 ),
 ( #10097, #8422 ),
 ( #9279, #5184 ) ),
 .UNSPECIFIED., .F., .F., .F.,
 ( 4, 4 ),
 ( 2, 2 ),
 ( 21.00000000000000000, 22.00000000000000000 ),
 ( 0.0000000000000000000, 1.000000000000000000 ),
 .UNSPECIFIED. ) ;
#2187 = EDGE_CURVE ( 'NONE', #92, #9595, #8477, .T. ) ;
#2188 = CARTESIAN_POINT ( 'NONE',  ( -6.933520669311833196, 13.45153276295136813, 1.209999999999999964 ) ) ;
#2189 = VERTEX_POINT ( 'NONE', #4225 ) ;
#2190 = CARTESIAN_POINT ( 'NONE',  ( -3.810000000000000053, 14.75000000000000178, 1.600000000000000089 ) ) ;
#2191 = EDGE_LOOP ( 'NONE', ( #8845, #2536, #593, #3263 ) ) ;
#2192 = B_SPLINE_CURVE_WITH_KNOTS ( 'NONE', 3,
 ( #10234, #2580, #7096, #10675 ),
 .UNSPECIFIED., .F., .F.,
 ( 4, 4 ),
 ( 5.000000000000000000, 6.000000000000000000 ),
 .UNSPECIFIED. ) ;
#2193 = CARTESIAN_POINT ( 'NONE',  ( -11.06540183025160751, 13.29999624822893800, 1.209999999999999964 ) ) ;
#2194 = VERTEX_POINT ( 'NONE', #3451 ) ;
#2195 = CARTESIAN_POINT ( 'NONE',  ( -7.982982992848596027, 13.69899514703465115, 1.199999999999999956 ) ) ;
#2196 = CARTESIAN_POINT ( 'NONE',  ( -6.955008999581013818, 15.08464586351430547, 1.209999999999999964 ) ) ;
#2197 = VERTEX_POINT ( 'NONE', #903 ) ;
#2198 = LINE ( 'NONE', #9148, #7054 ) ;
#2199 = CARTESIAN_POINT ( 'NONE',  ( -8.126989464258420170, 13.93120774834882880, 1.209999999999999964 ) ) ;
#2200 = ORIENTED_EDGE ( 'NONE', *, *, #5048, .T. ) ;
#2201 = ORIENTED_EDGE ( 'NONE', *, *, #7192, .T. ) ;
#2202 = CARTESIAN_POINT ( 'NONE',  ( -5.720469766942801293, 13.86743592948012349, 1.199999999999999956 ) ) ;
#2203 = VERTEX_POINT ( 'NONE', #10255 ) ;
#2204 = CARTESIAN_POINT ( 'NONE',  ( -10.63642556276681717, 15.26653894730228700, 1.209999999999999964 ) ) ;
#2205 = CARTESIAN_POINT ( 'NONE',  ( -7.360168000972892699, 14.78970120125118903, 1.209999999999999964 ) ) ;
#2206 = DIRECTION ( 'NONE',  ( -0.0000000000000000000, 0.0000000000000000000, 1.000000000000000000 ) ) ;
#2207 = CARTESIAN_POINT ( 'NONE',  ( -5.554108500327592957, 13.67889316065234517, 1.209999999999999964 ) ) ;
#2208 = DIRECTION ( 'NONE',  ( 0.0000000000000000000, -0.0000000000000000000, 1.000000000000000000 ) ) ;
#2209 = EDGE_CURVE ( 'NONE', #10995, #8575, #4385, .T. ) ;
#2210 = CARTESIAN_POINT ( 'NONE',  ( -11.06058176269505111, 13.97961060451951099, 1.199999999999999956 ) ) ;
#2211 = DIRECTION ( 'NONE',  ( 0.0000000000000000000, -0.0000000000000000000, 1.000000000000000000 ) ) ;
#2212 = ADVANCED_FACE ( 'NONE', ( #2597, #8418, #4336, #728, #6903, #7791, #10314, #2657, #6075, #9514, #6127, #1830, #3565, #6956, #7562, #6724, #10145, #7625, #2479, #11046, #3390, #5290, #1166 ), #9757, .T. ) ;
#2213 = ORIENTED_EDGE ( 'NONE', *, *, #3506, .F. ) ;
#2214 = VECTOR ( 'NONE', #7641, 1000.000000000000000 ) ;
#2215 = EDGE_LOOP ( 'NONE', ( #2362, #3753, #1260, #5160 ) ) ;
#2216 = DIRECTION ( 'NONE',  ( 0.0000000000000000000, -0.0000000000000000000, -1.000000000000000000 ) ) ;
#2217 = CARTESIAN_POINT ( 'NONE',  ( -7.816275140263978294, 13.82653878477206355, 1.199999999999999956 ) ) ;
#2218 = EDGE_CURVE ( 'NONE', #6645, #7860, #522, .T. ) ;
#2219 = B_SPLINE_CURVE_WITH_KNOTS ( 'NONE', 3,
 ( #10082, #4995, #8528, #4214 ),
 .UNSPECIFIED., .F., .F.,
 ( 4, 4 ),
 ( 1.000000000000000000, 2.000000000000000000 ),
 .UNSPECIFIED. ) ;
#2220 = VECTOR ( 'NONE', #6846, 1000.000000000000000 ) ;
#2221 = CARTESIAN_POINT ( 'NONE',  ( -7.337120033828714583, 13.82653878477206355, 1.209999999999999964 ) ) ;
#2222 = CARTESIAN_POINT ( 'NONE',  ( -7.880220252118532720, 14.99210740896127270, 1.199999999999999956 ) ) ;
#2223 = ORIENTED_EDGE ( 'NONE', *, *, #8893, .T. ) ;
#2224 = ORIENTED_EDGE ( 'NONE', *, *, #10693, .F. ) ;
#2225 = CARTESIAN_POINT ( 'NONE',  ( -7.839496400396321896, 13.55897441430642125, 1.199999999999999956 ) ) ;
#2226 = VERTEX_POINT ( 'NONE', #10585 ) ;
#2227 = CARTESIAN_POINT ( 'NONE',  ( -7.253766107537557239, 13.35830113645489625, 1.199999999999999956 ) ) ;
#2228 = CARTESIAN_POINT ( 'NONE',  ( -4.580000000000007176, 13.47999999999999865, 0.0000000000000000000 ) ) ;
#2229 = ORIENTED_EDGE ( 'NONE', *, *, #9509, .T. ) ;
#2230 = CARTESIAN_POINT ( 'NONE',  ( -3.810000000000000053, 14.75000000000000178, 1.600000000000000089 ) ) ;
#2231 = VECTOR ( 'NONE', #3361, 1000.000000000000000 ) ;
#2232 = ORIENTED_EDGE ( 'NONE', *, *, #9313, .T. ) ;
#2233 = LINE ( 'NONE', #5813, #1165 ) ;
#2234 = ORIENTED_EDGE ( 'NONE', *, *, #6236, .T. ) ;
#2235 = CARTESIAN_POINT ( 'NONE',  ( -5.646127075927692474, 13.67646705885035630, 1.209999999999999964 ) ) ;
#2236 = CARTESIAN_POINT ( 'NONE',  ( -7.762554314588752113, 13.42900467476706972, 1.209999999999999964 ) ) ;
#2237 = AXIS2_PLACEMENT_3D ( 'NONE', #5672, #9032, #4937 ) ;
#2238 = EDGE_CURVE ( 'NONE', #3256, #6963, #4156, .T. ) ;
#2239 = EDGE_CURVE ( 'NONE', #5674, #5003, #2862, .T. ) ;
#2240 = CARTESIAN_POINT ( 'NONE',  ( -7.903268219262718830, 13.39677217936099396, 1.209999999999999964 ) ) ;
#2241 = LINE ( 'NONE', #9802, #335 ) ;
#2242 = DIRECTION ( 'NONE',  ( 0.0000000000000000000, 0.0000000000000000000, 1.000000000000000000 ) ) ;
#2243 = CARTESIAN_POINT ( 'NONE',  ( -7.337120033828714583, 13.82653878477206355, 1.199999999999999956 ) ) ;
#2244 = FACE_OUTER_BOUND ( 'NONE', #825, .T. ) ;
#2245 = ORIENTED_EDGE ( 'NONE', *, *, #4619, .T. ) ;
#2246 = LINE ( 'NONE', #5663, #7248 ) ;
#2247 = ORIENTED_EDGE ( 'NONE', *, *, #10481, .T. ) ;
#2248 = VECTOR ( 'NONE', #10669, 1000.000000000000000 ) ;
#2249 = FACE_OUTER_BOUND ( 'NONE', #1358, .T. ) ;
#2250 = DIRECTION ( 'NONE',  ( -1.000000000000000000, -0.0000000000000000000, -0.0000000000000000000 ) ) ;
#2251 = DIRECTION ( 'NONE',  ( -1.000000000000000000, 0.0000000000000000000, 0.0000000000000000000 ) ) ;
#2252 = CARTESIAN_POINT ( 'NONE',  ( -7.758395282923619796, 14.47326820871890973, 1.209999999999999964 ) ) ;
#2253 = EDGE_LOOP ( 'NONE', ( #6299, #2294, #6106, #9270 ) ) ;
#2254 = CARTESIAN_POINT ( 'NONE',  ( -7.000000000000000888, -16.75000000000000000, 1.199999999999999956 ) ) ;
#2255 = CARTESIAN_POINT ( 'NONE',  ( 12.95000000000000107, -14.25000000000000178, 1.099999999999999867 ) ) ;
#2256 = EDGE_LOOP ( 'NONE', ( #2750, #8700, #10139, #7388 ) ) ;
#2257 = ORIENTED_EDGE ( 'NONE', *, *, #4760, .T. ) ;
#2258 = CARTESIAN_POINT ( 'NONE',  ( -9.209718386616387420, 13.54581436141388195, 1.209999999999999964 ) ) ;
#2259 = DIRECTION ( 'NONE',  ( 1.000000000000000000, 0.0000000000000000000, 0.0000000000000000000 ) ) ;
#2260 = CARTESIAN_POINT ( 'NONE',  ( -7.412329189775404892, 13.73954570577101464, 1.209999999999999964 ) ) ;
#2261 = CARTESIAN_POINT ( 'NONE',  ( -6.618993899628585531, 14.98552227549414972, 1.199999999999999956 ) ) ;
#2262 = EDGE_CURVE ( 'NONE', #8409, #5354, #7851, .T. ) ;
#2263 = CARTESIAN_POINT ( 'NONE',  ( -7.976744445348555423, 13.60403059067966858, 1.209999999999999964 ) ) ;
#2264 = CARTESIAN_POINT ( 'NONE',  ( -16.70000000000000284, 14.25000000000000178, 1.099999999999999867 ) ) ;
#2265 = CARTESIAN_POINT ( 'NONE',  ( -13.69999999999999751, -14.25000000000000178, 0.0000000000000000000 ) ) ;
#2266 = DIRECTION ( 'NONE',  ( 0.0000000000000000000, 1.000000000000000000, 0.0000000000000000000 ) ) ;
#2267 = VECTOR ( 'NONE', #8111, 1000.000000000000000 ) ;
#2268 = AXIS2_PLACEMENT_3D ( 'NONE', #9596, #6309, #4645 ) ;
#2269 = VERTEX_POINT ( 'NONE', #10634 ) ;
#2270 = CARTESIAN_POINT ( 'NONE',  ( -10.57858613110296098, 13.22769725743150282, 1.209999999999999964 ) ) ;
#2271 = B_SPLINE_CURVE_WITH_KNOTS ( 'NONE', 3,
 ( #1987, #10477, #6231, #5412 ),
 .UNSPECIFIED., .F., .F.,
 ( 4, 4 ),
 ( 8.000000000000000000, 9.000000000000000000 ),
 .UNSPECIFIED. ) ;
#2272 = CARTESIAN_POINT ( 'NONE',  ( -7.222400077060778578, 13.80505045449826262, 1.209999999999999964 ) ) ;
#2273 = FACE_OUTER_BOUND ( 'NONE', #178, .T. ) ;
#2274 = EDGE_CURVE ( 'NONE', #3248, #5295, #5238, .T. ) ;
#2275 = CIRCLE ( 'NONE', #5333, 0.4000000000000001887 ) ;
#2276 = AXIS2_PLACEMENT_3D ( 'NONE', #5376, #1899, #2884 ) ;
#2277 = DIRECTION ( 'NONE',  ( 1.000000000000000000, 0.0000000000000000000, 0.0000000000000000000 ) ) ;
#2278 = B_SPLINE_SURFACE_WITH_KNOTS ( 'NONE', 3, 1, ( 
 ( #6842, #6014 ),
 ( #9452, #1768 ),
 ( #10252, #9671 ),
 ( #8407, #10802 ) ),
 .UNSPECIFIED., .F., .F., .F.,
 ( 4, 4 ),
 ( 2, 2 ),
 ( 10.00000000000000000, 11.00000000000000000 ),
 ( 0.0000000000000000000, 1.000000000000000000 ),
 .UNSPECIFIED. ) ;
#2279 = VERTEX_POINT ( 'NONE', #168 ) ;
#2280 = CARTESIAN_POINT ( 'NONE',  ( -7.394826598183222188, 13.31983009355342240, 1.209999999999999964 ) ) ;
#2281 = ORIENTED_EDGE ( 'NONE', *, *, #4296, .T. ) ;
#2282 = LINE ( 'NONE', #5752, #9933 ) ;
#2283 = ORIENTED_EDGE ( 'NONE', *, *, #3839, .F. ) ;
#2284 = DIRECTION ( 'NONE',  ( 0.9345104387438674109, -0.3559357243643078705, 0.0000000000000000000 ) ) ;
#2285 = ORIENTED_EDGE ( 'NONE', *, *, #5036, .F. ) ;
#2286 = CARTESIAN_POINT ( 'NONE',  ( -7.450626939693338890, 13.56555954777356732, 1.199999999999999956 ) ) ;
#2287 = VECTOR ( 'NONE', #10313, 1000.000000000000000 ) ;
#2288 = EDGE_LOOP ( 'NONE', ( #5820, #5257, #783, #6753 ) ) ;
#2289 = DIRECTION ( 'NONE',  ( 1.000000000000000000, -0.0000000000000000000, -0.0000000000000000000 ) ) ;
#2290 = LINE ( 'NONE', #9798, #7985 ) ;
#2291 = AXIS2_PLACEMENT_3D ( 'NONE', #6484, #6378, #2914 ) ;
#2292 = B_SPLINE_CURVE_WITH_KNOTS ( 'NONE', 3,
 ( #8211, #6364, #8151, #3013 ),
 .UNSPECIFIED., .F., .F.,
 ( 4, 4 ),
 ( 5.000000000000000000, 6.000000000000000000 ),
 .UNSPECIFIED. ) ;
#2293 = CARTESIAN_POINT ( 'NONE',  ( -7.137486513894618412, 13.11014558042819189, 1.209999999999999964 ) ) ;
#2294 = ORIENTED_EDGE ( 'NONE', *, *, #10571, .F. ) ;
#2295 = EDGE_CURVE ( 'NONE', #4278, #422, #1013, .T. ) ;
#2296 = CARTESIAN_POINT ( 'NONE',  ( -6.437209557253773973, 14.93492072356431954, 1.209999999999999964 ) ) ;
#2297 = ORIENTED_EDGE ( 'NONE', *, *, #2699, .T. ) ;
#2298 = DIRECTION ( 'NONE',  ( -0.0000000000000000000, -0.0000000000000000000, -1.000000000000000000 ) ) ;
#2299 = CARTESIAN_POINT ( 'NONE',  ( -7.881606596007691756, 13.38949387394582935, 1.199999999999999956 ) ) ;
#2300 = DIRECTION ( 'NONE',  ( -0.0000000000000000000, -0.0000000000000000000, 1.000000000000000000 ) ) ;
#2301 = ORIENTED_EDGE ( 'NONE', *, *, #8921, .F. ) ;
#2302 = AXIS2_PLACEMENT_3D ( 'NONE', #9876, #5628, #9983 ) ;
#2303 = ADVANCED_FACE ( 'NONE', ( #10473 ), #9871, .F. ) ;
#2304 = CARTESIAN_POINT ( 'NONE',  ( -7.295876303148929765, 13.82653878477206355, 1.209999999999999964 ) ) ;
#2305 = ORIENTED_EDGE ( 'NONE', *, *, #8466, .F. ) ;
#2306 = LINE ( 'NONE', #7380, #4640 ) ;
#2308 = CARTESIAN_POINT ( 'NONE',  ( -5.948350043601348780, 14.66874269699015443, 1.209999999999999964 ) ) ;
#2307 = CARTESIAN_POINT ( 'NONE',  ( -7.082725930301961625, 13.10321386098472374, 1.209999999999999964 ) ) ;
#2309 = LINE ( 'NONE', #4878, #1412 ) ;
#2310 = ORIENTED_EDGE ( 'NONE', *, *, #154, .T. ) ;
#2311 = PLANE ( 'NONE',  #4018 ) ;
#2312 = LINE ( 'NONE', #5570, #2691 ) ;
#2313 = B_SPLINE_CURVE_WITH_KNOTS ( 'NONE', 3,
 ( #5268, #987, #7656, #1955 ),
 .UNSPECIFIED., .F., .F.,
 ( 4, 4 ),
 ( 9.000000000000000000, 10.00000000000000000 ),
 .UNSPECIFIED. ) ;
#2314 = ORIENTED_EDGE ( 'NONE', *, *, #8013, .F. ) ;
#2315 = VECTOR ( 'NONE', #1227, 1000.000000000000000 ) ;
#2316 = CARTESIAN_POINT ( 'NONE',  ( -6.403070839003302872, 14.75434943209973504, 1.209999999999999964 ) ) ;
#2317 = CARTESIAN_POINT ( 'NONE',  ( -2.040000000000006697, 13.47999999999999865, 0.0000000000000000000 ) ) ;
#2318 = CARTESIAN_POINT ( 'NONE',  ( -9.932711788034353617, 13.32891628582545174, 1.209999999999999964 ) ) ;
#2319 = CARTESIAN_POINT ( 'NONE',  ( -11.15216102371177520, 14.94842175139114282, 1.199999999999999956 ) ) ;
#2320 = DIRECTION ( 'NONE',  ( 0.0000000000000000000, 0.0000000000000000000, -1.000000000000000000 ) ) ;
#2321 = LINE ( 'NONE', #2375, #7304 ) ;
#2322 = LINE ( 'NONE', #10044, #7390 ) ;
#2323 = VECTOR ( 'NONE', #83, 1000.000000000000000 ) ;
#2324 = ORIENTED_EDGE ( 'NONE', *, *, #10734, .F. ) ;
#2325 = DIRECTION ( 'NONE',  ( -1.000000000000000000, 0.0000000000000000000, 0.0000000000000000000 ) ) ;
#2326 = ORIENTED_EDGE ( 'NONE', *, *, #2355, .F. ) ;
#2327 = ORIENTED_EDGE ( 'NONE', *, *, #2962, .F. ) ;
#2328 = EDGE_CURVE ( 'NONE', #9286, #4642, #4433, .T. ) ;
#2329 = DIRECTION ( 'NONE',  ( -0.0000000000000000000, -0.0000000000000000000, -1.000000000000000000 ) ) ;
#2330 = EDGE_LOOP ( 'NONE', ( #4790, #1146, #6135, #1619 ) ) ;
#2331 = VECTOR ( 'NONE', #7906, 1000.000000000000000 ) ;
#2332 = FACE_OUTER_BOUND ( 'NONE', #5968, .T. ) ;
#2333 = PLANE ( 'NONE',  #5643 ) ;
#2334 = EDGE_LOOP ( 'NONE', ( #280, #6159, #7349, #5233 ) ) ;
#2335 = CARTESIAN_POINT ( 'NONE',  ( -7.881606596007691756, 13.38949387394582935, 1.199999999999999956 ) ) ;
#2336 = ORIENTED_EDGE ( 'NONE', *, *, #5704, .T. ) ;
#2337 = AXIS2_PLACEMENT_3D ( 'NONE', #1437, #1264, #2123 ) ;
#2338 = ORIENTED_EDGE ( 'NONE', *, *, #1942, .T. ) ;
#2339 = CARTESIAN_POINT ( 'NONE',  ( -6.915671491745642108, 13.43385687837562337, 1.199999999999999956 ) ) ;
#2340 = VERTEX_POINT ( 'NONE', #6063 ) ;
#2341 = CARTESIAN_POINT ( 'NONE',  ( -5.003210097665032663, 13.33126743063374597, 1.209999999999999964 ) ) ;
#2342 = CARTESIAN_POINT ( 'NONE',  ( -5.920103286874581983, 13.40855610241303886, 1.209999999999999964 ) ) ;
#2343 = CARTESIAN_POINT ( 'NONE',  ( -7.726162787517545816, 13.33126743063374597, 1.209999999999999964 ) ) ;
#2344 = VERTEX_POINT ( 'NONE', #1817 ) ;
#2345 = EDGE_CURVE ( 'NONE', #1354, #1258, #8752, .T. ) ;
#2346 = FACE_OUTER_BOUND ( 'NONE', #6243, .T. ) ;
#2347 = ORIENTED_EDGE ( 'NONE', *, *, #8219, .T. ) ;
#2348 = DIRECTION ( 'NONE',  ( 1.000000000000000000, -0.0000000000000000000, -0.0000000000000000000 ) ) ;
#2349 = EDGE_CURVE ( 'NONE', #10874, #1932, #8702, .T. ) ;
#2350 = CARTESIAN_POINT ( 'NONE',  ( -7.903268219262718830, 13.39677217936099396, 1.199999999999999956 ) ) ;
#2351 = ORIENTED_EDGE ( 'NONE', *, *, #534, .F. ) ;
#2352 = ORIENTED_EDGE ( 'NONE', *, *, #10339, .F. ) ;
#2353 = DIRECTION ( 'NONE',  ( 1.000000000000000000, 0.0000000000000000000, 0.0000000000000000000 ) ) ;
#2354 = VERTEX_POINT ( 'NONE', #9650 ) ;
#2355 = EDGE_CURVE ( 'NONE', #1520, #4369, #6269, .T. ) ;
#2356 = LINE ( 'NONE', #9966, #6935 ) ;
#2357 = EDGE_CURVE ( 'NONE', #10467, #5389, #6948, .T. ) ;
#2358 = ORIENTED_EDGE ( 'NONE', *, *, #9683, .T. ) ;
#2360 = DIRECTION ( 'NONE',  ( 0.3416038306815468162, -0.9398440417769817756, 0.0000000000000000000 ) ) ;
#2359 = PLANE ( 'NONE',  #9391 ) ;
#2361 = LINE ( 'NONE', #779, #4649 ) ;
#2362 = ORIENTED_EDGE ( 'NONE', *, *, #7398, .T. ) ;
#2363 = CARTESIAN_POINT ( 'NONE',  ( -6.519177139655771391, 14.60150501839973103, 1.199999999999999956 ) ) ;
#2364 = EDGE_CURVE ( 'NONE', #6938, #6487, #5091, .T. ) ;
#2365 = DIRECTION ( 'NONE',  ( -1.000000000000000000, 0.0000000000000000000, 0.0000000000000000000 ) ) ;
#2366 = ORIENTED_EDGE ( 'NONE', *, *, #2644, .F. ) ;
#2367 = VERTEX_POINT ( 'NONE', #6992 ) ;
#2368 = ORIENTED_EDGE ( 'NONE', *, *, #848, .T. ) ;
#2369 = B_SPLINE_SURFACE_WITH_KNOTS ( 'NONE', 3, 1, ( 
 ( #1072, #9816 ),
 ( #2148, #7963 ),
 ( #7913, #5569 ),
 ( #279, #5355 ) ),
 .UNSPECIFIED., .F., .F., .F.,
 ( 4, 4 ),
 ( 2, 2 ),
 ( 1.000000000000000000, 2.000000000000000000 ),
 ( 0.0000000000000000000, 1.000000000000000000 ),
 .UNSPECIFIED. ) ;
#2370 = CARTESIAN_POINT ( 'NONE',  ( -7.471248805033219753, 13.78806774186596584, 1.199999999999999956 ) ) ;
#2371 = DIRECTION ( 'NONE',  ( -0.0000000000000000000, -0.0000000000000000000, -1.000000000000000000 ) ) ;
#2372 = CARTESIAN_POINT ( 'NONE',  ( -7.482859435099390666, 13.40474365671958168, 1.209999999999999964 ) ) ;
#2373 = CARTESIAN_POINT ( 'NONE',  ( -7.824246617622566013, 13.75756817632308326, 1.209999999999999964 ) ) ;
#2374 = CARTESIAN_POINT ( 'NONE',  ( -7.876754392396827953, 13.31983009355342240, 1.199999999999999956 ) ) ;
#2375 = CARTESIAN_POINT ( 'NONE',  ( -11.00274233103350952, 15.07856061052913077, 1.209999999999999964 ) ) ;
#2376 = CARTESIAN_POINT ( 'NONE',  ( 1.270000000000000240, 14.75000000000000178, -7.100000000000000533 ) ) ;
#2377 = ORIENTED_EDGE ( 'NONE', *, *, #5445, .T. ) ;
#2378 = DIRECTION ( 'NONE',  ( -1.000000000000000000, 0.0000000000000000000, 0.0000000000000000000 ) ) ;
#2379 = VERTEX_POINT ( 'NONE', #5226 ) ;
#2380 = CARTESIAN_POINT ( 'NONE',  ( -7.879353787186951230, 13.82653878477206355, 1.199999999999999956 ) ) ;
#2381 = EDGE_LOOP ( 'NONE', ( #2352, #10296, #10354, #6713 ) ) ;
#2382 = B_SPLINE_CURVE_WITH_KNOTS ( 'NONE', 3,
 ( #5682, #2423, #2319, #9043 ),
 .UNSPECIFIED., .F., .F.,
 ( 4, 4 ),
 ( 3.000000000000000000, 4.000000000000000000 ),
 .UNSPECIFIED. ) ;
#2383 = ORIENTED_EDGE ( 'NONE', *, *, #1104, .T. ) ;
#2384 = ORIENTED_EDGE ( 'NONE', *, *, #6655, .T. ) ;
#2385 = CARTESIAN_POINT ( 'NONE',  ( -7.854746183167766738, 13.38949387394582935, 1.209999999999999964 ) ) ;
#2386 = DIRECTION ( 'NONE',  ( -0.0000000000000000000, -0.0000000000000000000, 1.000000000000000000 ) ) ;
#2387 = ORIENTED_EDGE ( 'NONE', *, *, #8466, .T. ) ;
#2388 = DIRECTION ( 'NONE',  ( -0.0000000000000000000, 1.000000000000000000, -0.0000000000000000000 ) ) ;
#2389 = DIRECTION ( 'NONE',  ( 0.0000000000000000000, -1.000000000000000000, -1.181863725182121763E-16 ) ) ;
#2390 = CIRCLE ( 'NONE', #8832, 0.7825801760202919510 ) ;
#2391 = ADVANCED_FACE ( 'NONE', ( #1059 ), #2022, .T. ) ;
#2392 = CARTESIAN_POINT ( 'NONE',  ( -7.934980835711221481, 13.81163558797000768, 1.199999999999999956 ) ) ;
#2393 = CARTESIAN_POINT ( 'NONE',  ( 6.500000000000000000, -14.83447752647037987, 1.331180503930323278 ) ) ;
#2394 = LINE ( 'NONE', #7532, #6504 ) ;
#2395 = ORIENTED_EDGE ( 'NONE', *, *, #3109, .T. ) ;
#2397 = CYLINDRICAL_SURFACE ( 'NONE', #694, 0.4000000000000001887 ) ;
#2396 = AXIS2_PLACEMENT_3D ( 'NONE', #7129, #2052, #5480 ) ;
#2398 = VERTEX_POINT ( 'NONE', #2744 ) ;
#2399 = DIRECTION ( 'NONE',  ( 0.9409537876760567521, -0.3385350343141495522, 0.0000000000000000000 ) ) ;
#2400 = CARTESIAN_POINT ( 'NONE',  ( -9.648334421473771627, 13.32891628582545174, 1.209999999999999964 ) ) ;
#2401 = ORIENTED_EDGE ( 'NONE', *, *, #7679, .T. ) ;
#2402 = LINE ( 'NONE', #3371, #9382 ) ;
#2403 = ORIENTED_EDGE ( 'NONE', *, *, #9084, .F. ) ;
#2404 = ADVANCED_FACE ( 'NONE', ( #98 ), #5397, .F. ) ;
#2405 = AXIS2_PLACEMENT_3D ( 'NONE', #2075, #7158, #5452 ) ;
#2406 = CARTESIAN_POINT ( 'NONE',  ( -7.222400077060778578, 13.80505045449826440, 1.199999999999999956 ) ) ;
#2408 = CARTESIAN_POINT ( 'NONE',  ( -7.888191729477120440, 14.49718264079467112, 1.199999999999999956 ) ) ;
#2407 = CARTESIAN_POINT ( 'NONE',  ( -11.90407441676186373, 13.56991414758934589, 1.209999999999999964 ) ) ;
#2409 = CARTESIAN_POINT ( 'NONE',  ( -5.718563544093785644, 13.47925964072056537, 1.199999999999999956 ) ) ;
#2410 = FACE_OUTER_BOUND ( 'NONE', #10219, .T. ) ;
#2411 = ORIENTED_EDGE ( 'NONE', *, *, #4125, .T. ) ;
#2412 = LINE ( 'NONE', #5055, #1244 ) ;
#2413 = EDGE_CURVE ( 'NONE', #10061, #2702, #10018, .T. ) ;
#2414 = VECTOR ( 'NONE', #6649, 1000.000000000000000 ) ;
#2415 = ORIENTED_EDGE ( 'NONE', *, *, #2972, .T. ) ;
#2416 = ORIENTED_EDGE ( 'NONE', *, *, #1994, .T. ) ;
#2417 = ORIENTED_EDGE ( 'NONE', *, *, #8245, .T. ) ;
#2418 = CARTESIAN_POINT ( 'NONE',  ( -7.921637275784168430, 13.52916802070236280, 1.209999999999999964 ) ) ;
#2419 = EDGE_CURVE ( 'NONE', #7242, #3501, #3762, .T. ) ;
#2420 = VECTOR ( 'NONE', #7646, 1000.000000000000000 ) ;
#2421 = FACE_OUTER_BOUND ( 'NONE', #2835, .T. ) ;
#2422 = PLANE ( 'NONE',  #7431 ) ;
#2423 = CARTESIAN_POINT ( 'NONE',  ( -11.08468164080622564, 15.02072110991754350, 1.199999999999999956 ) ) ;
#2424 = CARTESIAN_POINT ( 'NONE',  ( -1.670000000000000151, 14.75000000000000178, 1.600000000000000089 ) ) ;
#2425 = DIRECTION ( 'NONE',  ( 0.0000000000000000000, 1.000000000000000000, 0.0000000000000000000 ) ) ;
#2426 = B_SPLINE_CURVE_WITH_KNOTS ( 'NONE', 3,
 ( #10788, #2182, #7421, #6428 ),
 .UNSPECIFIED., .F., .F.,
 ( 4, 4 ),
 ( 3.000000000000000000, 4.000000000000000000 ),
 .UNSPECIFIED. ) ;
#2427 = EDGE_CURVE ( 'NONE', #3722, #3872, #3550, .T. ) ;
#2428 = CARTESIAN_POINT ( 'NONE',  ( -6.598718620255776379, 13.33126743063374597, 1.209999999999999964 ) ) ;
#2429 = VECTOR ( 'NONE', #3031, 1000.000000000000000 ) ;
#2430 = VERTEX_POINT ( 'NONE', #8218 ) ;
#2431 = AXIS2_PLACEMENT_3D ( 'NONE', #11011, #7653, #755 ) ;
#2432 = PLANE ( 'NONE',  #1747 ) ;
#2433 = EDGE_CURVE ( 'NONE', #1395, #6388, #4423, .T. ) ;
#2434 = EDGE_CURVE ( 'NONE', #3241, #11080, #7613, .T. ) ;
#2435 = CARTESIAN_POINT ( 'NONE',  ( -8.388661873198030250, 13.93120774834882880, 1.199999999999999956 ) ) ;
#2436 = VECTOR ( 'NONE', #10983, 1000.000000000000000 ) ;
#2437 = CARTESIAN_POINT ( 'NONE',  ( -7.488751396625402457, 13.32953450077058122, 1.199999999999999956 ) ) ;
#2438 = VERTEX_POINT ( 'NONE', #8270 ) ;
#2439 = ORIENTED_EDGE ( 'NONE', *, *, #3403, .F. ) ;
#2440 = CARTESIAN_POINT ( 'NONE',  ( -11.00274233103350952, 15.07856061052913077, 1.199999999999999956 ) ) ;
#2441 = CARTESIAN_POINT ( 'NONE',  ( 16.99999999999999645, -11.50000000000000000, 1.199999999999999956 ) ) ;
#2442 = DIRECTION ( 'NONE',  ( -0.9676172723861822256, -0.2524218971878724460, 0.0000000000000000000 ) ) ;
#2443 = B_SPLINE_CURVE_WITH_KNOTS ( 'NONE', 3,
 ( #2043, #6965, #2820, #3628 ),
 .UNSPECIFIED., .F., .F.,
 ( 4, 4 ),
 ( 18.00000000000000000, 19.00000000000000000 ),
 .UNSPECIFIED. ) ;
#2444 = ORIENTED_EDGE ( 'NONE', *, *, #8359, .T. ) ;
#2445 = CARTESIAN_POINT ( 'NONE',  ( -5.225544998776203265, 13.87506082086700054, 1.209999999999999964 ) ) ;
#2446 = AXIS2_PLACEMENT_3D ( 'NONE', #1345, #6395, #2985 ) ;
#2447 = ORIENTED_EDGE ( 'NONE', *, *, #9268, .T. ) ;
#2448 = CARTESIAN_POINT ( 'NONE',  ( -7.982982992848597803, 13.78148260839884642, 1.199999999999999956 ) ) ;
#2449 = LINE ( 'NONE', #5816, #8163 ) ;
#2450 = DIRECTION ( 'NONE',  ( 0.0000000000000000000, -1.000000000000000000, 0.0000000000000000000 ) ) ;
#2451 = AXIS2_PLACEMENT_3D ( 'NONE', #7683, #6670, #10092 ) ;
#2452 = DIRECTION ( 'NONE',  ( -0.0000000000000000000, -0.0000000000000000000, -1.000000000000000000 ) ) ;
#2453 = VERTEX_POINT ( 'NONE', #479 ) ;
#2454 = VECTOR ( 'NONE', #4429, 1000.000000000000000 ) ;
#2455 = DIRECTION ( 'NONE',  ( -1.000000000000000000, 0.0000000000000000000, 0.0000000000000000000 ) ) ;
#2456 = CARTESIAN_POINT ( 'NONE',  ( -17.00000000000000355, -11.50000000000000000, 2.700000000000000178 ) ) ;
#2457 = ORIENTED_EDGE ( 'NONE', *, *, #2154, .F. ) ;
#2458 = ORIENTED_EDGE ( 'NONE', *, *, #1776, .F. ) ;
#2459 = CARTESIAN_POINT ( 'NONE',  ( -7.438149844697894864, 13.69241001356753173, 1.199999999999999956 ) ) ;
#2460 = ORIENTED_EDGE ( 'NONE', *, *, #9510, .F. ) ;
#2461 = ADVANCED_FACE ( 'NONE', ( #536, #9953 ), #9013, .F. ) ;
#2462 = VECTOR ( 'NONE', #5587, 1000.000000000000000 ) ;
#2463 = DIRECTION ( 'NONE',  ( -0.0000000000000000000, -0.0000000000000000000, -1.000000000000000000 ) ) ;
#2464 = ORIENTED_EDGE ( 'NONE', *, *, #1314, .T. ) ;
#2465 = B_SPLINE_CURVE_WITH_KNOTS ( 'NONE', 3,
 ( #691, #3061, #4124, #10720 ),
 .UNSPECIFIED., .F., .F.,
 ( 4, 4 ),
 ( 0.0000000000000000000, 1.000000000000000000 ),
 .UNSPECIFIED. ) ;
#2467 = CARTESIAN_POINT ( 'NONE',  ( -11.06540183025160751, 13.29999624822893800, 1.199999999999999956 ) ) ;
#2466 = DIRECTION ( 'NONE',  ( -0.0000000000000000000, -0.0000000000000000000, 1.000000000000000000 ) ) ;
#2468 = LINE ( 'NONE', #10921, #7850 ) ;
#2469 = ORIENTED_EDGE ( 'NONE', *, *, #1531, .T. ) ;
#2470 = DIRECTION ( 'NONE',  ( 0.0000000000000000000, 0.0000000000000000000, -1.000000000000000000 ) ) ;
#2471 = CARTESIAN_POINT ( 'NONE',  ( -5.912651688473564704, 14.00918959207152348, 1.199999999999999956 ) ) ;
#2472 = AXIS2_PLACEMENT_3D ( 'NONE', #3048, #9824, #561 ) ;
#2473 = EDGE_CURVE ( 'NONE', #1302, #6938, #6408, .T. ) ;
#2474 = VERTEX_POINT ( 'NONE', #6316 ) ;
#2475 = DIRECTION ( 'NONE',  ( 0.0000000000000000000, 1.000000000000000000, -0.0000000000000000000 ) ) ;
#2476 = VECTOR ( 'NONE', #7500, 1000.000000000000000 ) ;
#2477 = EDGE_CURVE ( 'NONE', #2561, #2430, #2290, .T. ) ;
#2478 = CARTESIAN_POINT ( 'NONE',  ( -7.083072516275969122, 14.40672370207652264, 1.209999999999999964 ) ) ;
#2479 = FACE_BOUND ( 'NONE', #9428, .T. ) ;
#2480 = DIRECTION ( 'NONE',  ( 0.0000000000000000000, 0.0000000000000000000, 1.000000000000000000 ) ) ;
#2481 = CARTESIAN_POINT ( 'NONE',  ( -9.951991690522369538, 15.17495976098318167, 1.199999999999999956 ) ) ;
#2482 = CARTESIAN_POINT ( 'NONE',  ( -7.337120033828714583, 13.60576352053820592, 1.209999999999999964 ) ) ;
#2483 = LINE ( 'NONE', #1835, #1809 ) ;
#2484 = ORIENTED_EDGE ( 'NONE', *, *, #929, .F. ) ;
#2485 = EDGE_CURVE ( 'NONE', #1504, #6538, #3921, .T. ) ;
#2486 = EDGE_CURVE ( 'NONE', #11006, #8177, #5501, .T. ) ;
#2487 = VERTEX_POINT ( 'NONE', #2960 ) ;
#2488 = CARTESIAN_POINT ( 'NONE',  ( -7.098495592033263080, 15.00666401979160547, 1.209999999999999964 ) ) ;
#2489 = ORIENTED_EDGE ( 'NONE', *, *, #10419, .T. ) ;
#2490 = AXIS2_PLACEMENT_3D ( 'NONE', #10464, #10303, #6273 ) ;
#2491 = ORIENTED_EDGE ( 'NONE', *, *, #3359, .T. ) ;
#2492 = ADVANCED_FACE ( 'NONE', ( #6477 ), #1010, .T. ) ;
#2493 = DIRECTION ( 'NONE',  ( 0.0000000000000000000, 0.0000000000000000000, 1.000000000000000000 ) ) ;
#2494 = EDGE_CURVE ( 'NONE', #3071, #10455, #5361, .T. ) ;
#2495 = B_SPLINE_CURVE_WITH_KNOTS ( 'NONE', 3,
 ( #4824, #5727, #720, #8287 ),
 .UNSPECIFIED., .F., .F.,
 ( 4, 4 ),
 ( 3.000000000000000000, 4.000000000000000000 ),
 .UNSPECIFIED. ) ;
#2496 = CARTESIAN_POINT ( 'NONE',  ( -5.554108500327592957, 13.77940309256395501, 1.199999999999999956 ) ) ;
#2497 = CARTESIAN_POINT ( 'NONE',  ( -7.337120033828714583, 13.31983009355342240, 1.199999999999999956 ) ) ;
#2498 = AXIS2_PLACEMENT_3D ( 'NONE', #1369, #3961, #7358 ) ;
#2499 = DIRECTION ( 'NONE',  ( -0.0000000000000000000, -0.0000000000000000000, -1.000000000000000000 ) ) ;
#2500 = VERTEX_POINT ( 'NONE', #7367 ) ;
#2501 = ADVANCED_FACE ( 'NONE', ( #8962 ), #8905, .F. ) ;
#2502 = VERTEX_POINT ( 'NONE', #10787 ) ;
#2503 = CARTESIAN_POINT ( 'NONE',  ( -7.919557759951618259, 13.41132879018670288, 1.209999999999999964 ) ) ;
#2504 = ORIENTED_EDGE ( 'NONE', *, *, #7198, .T. ) ;
#2505 = LINE ( 'NONE', #3415, #5507 ) ;
#2506 = VERTEX_POINT ( 'NONE', #4651 ) ;
#2507 = CARTESIAN_POINT ( 'NONE',  ( 3.809999999999999609, 14.75000000000000355, 1.199999999999999956 ) ) ;
#2508 = VECTOR ( 'NONE', #9960, 1000.000000000000000 ) ;
#2509 = VERTEX_POINT ( 'NONE', #4702 ) ;
#2510 = CARTESIAN_POINT ( 'NONE',  ( -6.598718620255776379, 14.00918959207152348, 1.199999999999999956 ) ) ;
#2511 = CARTESIAN_POINT ( 'NONE',  ( -5.419806436141834105, 13.33126743063374597, 1.209999999999999964 ) ) ;
#2512 = CARTESIAN_POINT ( 'NONE',  ( 0.0000000000000000000, 0.0000000000000000000, 1.209999999999999964 ) ) ;
#2513 = DIRECTION ( 'NONE',  ( 0.0000000000000000000, -0.0000000000000000000, -1.000000000000000000 ) ) ;
#2514 = ORIENTED_EDGE ( 'NONE', *, *, #4896, .F. ) ;
#2515 = DIRECTION ( 'NONE',  ( 0.0000000000000000000, 0.0000000000000000000, -1.000000000000000000 ) ) ;
#2516 = VERTEX_POINT ( 'NONE', #8059 ) ;
#2517 = DIRECTION ( 'NONE',  ( 1.000000000000000000, 0.0000000000000000000, 0.0000000000000000000 ) ) ;
#2518 = CC_DESIGN_PERSON_AND_ORGANIZATION_ASSIGNMENT ( #10390, #9723, ( #1658 ) ) ;
#2519 = LINE ( 'NONE', #31, #1818 ) ;
#2520 = VERTEX_POINT ( 'NONE', #3021 ) ;
#2521 = FACE_OUTER_BOUND ( 'NONE', #3230, .T. ) ;
#2522 = EDGE_LOOP ( 'NONE', ( #9504, #7589, #7992, #1649 ) ) ;
#2523 = DIRECTION ( 'NONE',  ( 0.0000000000000000000, -0.0000000000000000000, -1.000000000000000000 ) ) ;
#2524 = ORIENTED_EDGE ( 'NONE', *, *, #4724, .F. ) ;
#2525 = ORIENTED_EDGE ( 'NONE', *, *, #5116, .F. ) ;
#2526 = CARTESIAN_POINT ( 'NONE',  ( -8.388661873198030250, 13.71424492980840348, 1.209999999999999964 ) ) ;
#2527 = ORIENTED_EDGE ( 'NONE', *, *, #2563, .F. ) ;
#2529 = CARTESIAN_POINT ( 'NONE',  ( -11.80285515853674916, 14.37002715896167437, 1.209999999999999964 ) ) ;
#2528 = CARTESIAN_POINT ( 'NONE',  ( -11.32085943501356695, 14.58692523454548784, 1.209999999999999964 ) ) ;
#2530 = LINE ( 'NONE', #6779, #3581 ) ;
#2531 = ORIENTED_EDGE ( 'NONE', *, *, #9881, .F. ) ;
#2532 = DIRECTION ( 'NONE',  ( -1.000000000000000000, 0.0000000000000000000, 0.0000000000000000000 ) ) ;
#2533 = EDGE_LOOP ( 'NONE', ( #4108, #8593, #6463, #2257 ) ) ;
#2534 = DIRECTION ( 'NONE',  ( 0.0000000000000000000, -1.000000000000000000, 0.0000000000000000000 ) ) ;
#2535 = B_SPLINE_SURFACE_WITH_KNOTS ( 'NONE', 3, 1, ( 
 ( #408, #6414 ),
 ( #8045, #4573 ),
 ( #309, #10448 ),
 ( #2832, #5487 ) ),
 .UNSPECIFIED., .F., .F., .F.,
 ( 4, 4 ),
 ( 2, 2 ),
 ( 15.00000000000000000, 16.00000000000000000 ),
 ( 0.0000000000000000000, 1.000000000000000000 ),
 .UNSPECIFIED. ) ;
#2536 = ORIENTED_EDGE ( 'NONE', *, *, #9923, .F. ) ;
#2537 = ORIENTED_EDGE ( 'NONE', *, *, #417, .F. ) ;
#2538 = DIRECTION ( 'NONE',  ( 1.000000000000000000, -0.0000000000000000000, -0.0000000000000000000 ) ) ;
#2539 = LINE ( 'NONE', #10254, #3899 ) ;
#2540 = DIRECTION ( 'NONE',  ( -0.3493954794973183620, 0.9369753459439789101, 0.0000000000000000000 ) ) ;
#2541 = DIRECTION ( 'NONE',  ( 1.000000000000000000, -0.0000000000000000000, -0.0000000000000000000 ) ) ;
#2542 = DIRECTION ( 'NONE',  ( 1.000000000000000000, 0.0000000000000000000, 0.0000000000000000000 ) ) ;
#2543 = LINE ( 'NONE', #8708, #1508 ) ;
#2544 = ADVANCED_FACE ( 'NONE', ( #7261 ), #10678, .F. ) ;
#2545 = DIRECTION ( 'NONE',  ( -0.9345104387417473291, -0.3559357243698743622, 0.0000000000000000000 ) ) ;
#2546 = ORIENTED_EDGE ( 'NONE', *, *, #4904, .F. ) ;
#2547 = CARTESIAN_POINT ( 'NONE',  ( -12.10651261144982982, 14.30254750025131116, 1.199999999999999956 ) ) ;
#2548 = VERTEX_POINT ( 'NONE', #10846 ) ;
#2549 = ORIENTED_EDGE ( 'NONE', *, *, #5692, .F. ) ;
#2550 = EDGE_CURVE ( 'NONE', #8130, #6908, #5094, .T. ) ;
#2551 = LINE ( 'NONE', #3338, #9085 ) ;
#2552 = ADVANCED_FACE ( 'NONE', ( #7481 ), #3426, .F. ) ;
#2553 = CARTESIAN_POINT ( 'NONE',  ( -5.554108500327592957, 13.67889316065234517, 1.209999999999999964 ) ) ;
#2554 = CARTESIAN_POINT ( 'NONE',  ( -7.583369367008717887, 15.06835632282541937, 1.199999999999999956 ) ) ;
#2555 = DIRECTION ( 'NONE',  ( -0.9398440417738210817, -0.3416038306902430266, 0.0000000000000000000 ) ) ;
#2556 = CARTESIAN_POINT ( 'NONE',  ( -7.471248805033219753, 13.78806774186596584, 1.209999999999999964 ) ) ;
#2557 = VERTEX_POINT ( 'NONE', #9307 ) ;
#2558 = CARTESIAN_POINT ( 'NONE',  ( -7.394826598183222188, 13.31983009355342240, 1.209999999999999964 ) ) ;
#2559 = CARTESIAN_POINT ( 'NONE',  ( -7.083072516275969122, 14.48401237385580131, 1.209999999999999964 ) ) ;
#2560 = EDGE_CURVE ( 'NONE', #4578, #7719, #1674, .T. ) ;
#2561 = VERTEX_POINT ( 'NONE', #5936 ) ;
#2562 = CARTESIAN_POINT ( 'NONE',  ( -7.083072516275969122, 14.48401237385580131, 1.209999999999999964 ) ) ;
#2563 = EDGE_CURVE ( 'NONE', #3175, #9235, #2449, .T. ) ;
#2564 = ORIENTED_EDGE ( 'NONE', *, *, #5177, .T. ) ;
#2565 = DIRECTION ( 'NONE',  ( -0.0000000000000000000, -0.0000000000000000000, -1.000000000000000000 ) ) ;
#2566 = ORIENTED_EDGE ( 'NONE', *, *, #4231, .F. ) ;
#2567 = ADVANCED_FACE ( 'NONE', ( #4138 ), #2892, .F. ) ;
#2568 = VECTOR ( 'NONE', #972, 1000.000000000000000 ) ;
#2569 = DIRECTION ( 'NONE',  ( -0.0000000000000000000, -0.0000000000000000000, 1.000000000000000000 ) ) ;
#2570 = CARTESIAN_POINT ( 'NONE',  ( -1.670000000000000151, 14.75000000000000178, 2.000000000000000000 ) ) ;
#2571 = CARTESIAN_POINT ( 'NONE',  ( -6.505313700773485586, 14.50168825843153186, 1.209999999999999964 ) ) ;
#2572 = CARTESIAN_POINT ( 'NONE',  ( -7.082725930301961625, 13.10321386098472374, 1.199999999999999956 ) ) ;
#2573 = LINE ( 'NONE', #9368, #5715 ) ;
#2574 = VERTEX_POINT ( 'NONE', #2342 ) ;
#2575 = PLANE ( 'NONE',  #8311 ) ;
#2576 = DIRECTION ( 'NONE',  ( -1.000000000000000000, 0.0000000000000000000, 0.0000000000000000000 ) ) ;
#2577 = VERTEX_POINT ( 'NONE', #1735 ) ;
#2578 = EDGE_CURVE ( 'NONE', #4697, #422, #7094, .T. ) ;
#2579 = AXIS2_PLACEMENT_3D ( 'NONE', #6672, #7342, #9214 ) ;
#2580 = CARTESIAN_POINT ( 'NONE',  ( -6.661277388223488138, 14.40672370207652442, 1.209999999999999964 ) ) ;
#2581 = CARTESIAN_POINT ( 'NONE',  ( 6.500000000000000000, -14.83447752647037987, 1.431180503930323367 ) ) ;
#2582 = CARTESIAN_POINT ( 'NONE',  ( 6.500000000000000000, -11.16501158252347636, 1.331180503930323944 ) ) ;
#2583 = ORIENTED_EDGE ( 'NONE', *, *, #4115, .T. ) ;
#2584 = CARTESIAN_POINT ( 'NONE',  ( 9.030000000000034888, 6.490000000000215152, -2.500000000000000000 ) ) ;
#2585 = EDGE_CURVE ( 'NONE', #1813, #3314, #708, .T. ) ;
#2586 = ORIENTED_EDGE ( 'NONE', *, *, #3310, .F. ) ;
#2587 = EDGE_CURVE ( 'NONE', #3287, #4885, #8507, .T. ) ;
#2588 = CARTESIAN_POINT ( 'NONE',  ( 1.270000000000000240, 14.75000000000000178, -7.100000000000000533 ) ) ;
#2589 = CARTESIAN_POINT ( 'NONE',  ( -5.646127075927692474, 13.59190008165592012, 1.199999999999999956 ) ) ;
#2590 = ORIENTED_EDGE ( 'NONE', *, *, #61, .F. ) ;
#2591 = CARTESIAN_POINT ( 'NONE',  ( -7.154989105486801115, 13.81544803366346308, 1.199999999999999956 ) ) ;
#2592 = CARTESIAN_POINT ( 'NONE',  ( -7.352369816600157648, 13.52743509084378992, 1.209999999999999964 ) ) ;
#2593 = VERTEX_POINT ( 'NONE', #1613 ) ;
#2594 = ORIENTED_EDGE ( 'NONE', *, *, #10280, .F. ) ;
#2595 = FACE_OUTER_BOUND ( 'NONE', #2191, .T. ) ;
#2596 = DIRECTION ( 'NONE',  ( -0.0000000000000000000, -0.0000000000000000000, 1.000000000000000000 ) ) ;
#2597 = FACE_BOUND ( 'NONE', #5216, .T. ) ;
#2598 = CARTESIAN_POINT ( 'NONE',  ( -5.755474950122565936, 14.40672370207652264, 1.209999999999999964 ) ) ;
#2599 = CIRCLE ( 'NONE', #1332, 2.249999999999998668 ) ;
#2600 = CARTESIAN_POINT ( 'NONE',  ( 8.713066640240183958, -8.672079492129114442, -1.000000000000000000 ) ) ;
#2601 = CARTESIAN_POINT ( 'NONE',  ( -17.00000000000000355, -11.50000000000000000, 1.331180503930323944 ) ) ;
#2602 = PLANE ( 'NONE',  #7863 ) ;
#2603 = ORIENTED_EDGE ( 'NONE', *, *, #9447, .F. ) ;
#2604 = CARTESIAN_POINT ( 'NONE',  ( -11.22928026592793316, 14.58692523454548784, 1.209999999999999964 ) ) ;
#2605 = ORIENTED_EDGE ( 'NONE', *, *, #5917, .F. ) ;
#2606 = EDGE_LOOP ( 'NONE', ( #995, #9557, #2457, #2815, #10086, #4373, #7013, #3883 ) ) ;
#2607 = VECTOR ( 'NONE', #5770, 1000.000000000000000 ) ;
#2608 = EDGE_CURVE ( 'NONE', #3940, #5190, #2275, .T. ) ;
#2609 = EDGE_CURVE ( 'NONE', #6278, #6339, #8723, .T. ) ;
#2610 = CARTESIAN_POINT ( 'NONE',  ( -6.268768774812923716, 14.40672370207652264, 1.209999999999999964 ) ) ;
#2611 = CARTESIAN_POINT ( 'NONE',  ( -6.403070839003302872, 14.85485936400673168, 1.199999999999999956 ) ) ;
#2612 = CARTESIAN_POINT ( 'NONE',  ( 5.079999999999999183, 16.01999999999999957, -2.500000000000000000 ) ) ;
#2613 = CARTESIAN_POINT ( 'NONE',  ( -8.062004594488747955, 14.54951712258305996, 1.209999999999999964 ) ) ;
#2614 = VERTEX_POINT ( 'NONE', #7658 ) ;
#2615 = CIRCLE ( 'NONE', #6717, 0.4000000000000001887 ) ;
#2616 = CARTESIAN_POINT ( 'NONE',  ( 0.0000000000000000000, 0.0000000000000000000, 0.0000000000000000000 ) ) ;
#2617 = ORIENTED_EDGE ( 'NONE', *, *, #5524, .T. ) ;
#2618 = CARTESIAN_POINT ( 'NONE',  ( -2.680000000000001936, 10.30000000000000249, -2.500000000000000000 ) ) ;
#2619 = LINE ( 'NONE', #19, #6918 ) ;
#2620 = EDGE_CURVE ( 'NONE', #763, #10517, #3244, .T. ) ;
#2621 = CARTESIAN_POINT ( 'NONE',  ( -8.388661873198030250, 13.63660967205741414, 1.209999999999999964 ) ) ;
#2622 = CARTESIAN_POINT ( 'NONE',  ( -4.906512611451475436, 13.33126743063374597, 1.209999999999999964 ) ) ;
#2623 = B_SPLINE_CURVE_WITH_KNOTS ( 'NONE', 3,
 ( #3619, #1117, #339, #3721 ),
 .UNSPECIFIED., .F., .F.,
 ( 4, 4 ),
 ( 2.000000000000000000, 3.000000000000000000 ),
 .UNSPECIFIED. ) ;
#2624 = ORIENTED_EDGE ( 'NONE', *, *, #5725, .T. ) ;
#2625 = CARTESIAN_POINT ( 'NONE',  ( -7.050493434895884981, 13.17599691512713633, 1.199999999999999956 ) ) ;
#2626 = FACE_OUTER_BOUND ( 'NONE', #2694, .T. ) ;
#2628 = EDGE_CURVE ( 'NONE', #1235, #9786, #5884, .T. ) ;
#2627 = B_SPLINE_SURFACE_WITH_KNOTS ( 'NONE', 3, 1, ( 
 ( #6353, #2004 ),
 ( #8780, #3794 ),
 ( #8828, #7981 ),
 ( #4569, #304 ) ),
 .UNSPECIFIED., .F., .F., .F.,
 ( 4, 4 ),
 ( 2, 2 ),
 ( 11.00000000000000000, 12.00000000000000000 ),
 ( 0.0000000000000000000, 1.000000000000000000 ),
 .UNSPECIFIED. ) ;
#2629 = DIRECTION ( 'NONE',  ( -0.0000000000000000000, -0.0000000000000000000, -1.000000000000000000 ) ) ;
#2630 = CARTESIAN_POINT ( 'NONE',  ( -7.438149844697894864, 13.71181882800181917, 1.199999999999999956 ) ) ;
#2631 = VERTEX_POINT ( 'NONE', #5988 ) ;
#2632 = CARTESIAN_POINT ( 'NONE',  ( -6.074507337447292876, 14.95051709230978609, 1.209999999999999964 ) ) ;
#2633 = CARTESIAN_POINT ( 'NONE',  ( -6.203610612057373075, 14.59214719715429709, 1.209999999999999964 ) ) ;
#2634 = ORIENTED_EDGE ( 'NONE', *, *, #5407, .T. ) ;
#2635 = VECTOR ( 'NONE', #5497, 1000.000000000000000 ) ;
#2636 = EDGE_CURVE ( 'NONE', #9164, #910, #6820, .T. ) ;
#2637 = ORIENTED_EDGE ( 'NONE', *, *, #5168, .F. ) ;
#2638 = CARTESIAN_POINT ( 'NONE',  ( -5.921316337775574645, 14.59214719715429709, 1.209999999999999964 ) ) ;
#2639 = VERTEX_POINT ( 'NONE', #7531 ) ;
#2640 = ORIENTED_EDGE ( 'NONE', *, *, #8076, .T. ) ;
#2641 = DIRECTION ( 'NONE',  ( 0.0000000000000000000, 0.0000000000000000000, -1.000000000000000000 ) ) ;
#2642 = EDGE_LOOP ( 'NONE', ( #6214, #7736, #8402, #356 ) ) ;
#2643 = VECTOR ( 'NONE', #7697, 1000.000000000000000 ) ;
#2644 = EDGE_CURVE ( 'NONE', #6196, #8654, #7882, .T. ) ;
#2645 = VECTOR ( 'NONE', #9713, 1000.000000000000000 ) ;
#2646 = CARTESIAN_POINT ( 'NONE',  ( 8.713066640240183958, -8.672079492129114442, -1.000000000000000000 ) ) ;
#2647 = CARTESIAN_POINT ( 'NONE',  ( -7.000000000000000888, -12.29999999999999893, 0.0000000000000000000 ) ) ;
#2648 = DIRECTION ( 'NONE',  ( 1.000000000000000000, 0.0000000000000000000, 0.0000000000000000000 ) ) ;
#2649 = VERTEX_POINT ( 'NONE', #3292 ) ;
#2650 = LINE ( 'NONE', #3265, #7150 ) ;
#2651 = EDGE_CURVE ( 'NONE', #3362, #4885, #6875, .T. ) ;
#2652 = ORIENTED_EDGE ( 'NONE', *, *, #955, .F. ) ;
#2653 = EDGE_LOOP ( 'NONE', ( #616, #5163, #6210, #4344 ) ) ;
#2654 = VECTOR ( 'NONE', #6674, 1000.000000000000000 ) ;
#2655 = VECTOR ( 'NONE', #4873, 1000.000000000000000 ) ;
#2656 = DIRECTION ( 'NONE',  ( 0.0000000000000000000, 1.000000000000000000, -0.0000000000000000000 ) ) ;
#2657 = FACE_BOUND ( 'NONE', #7663, .T. ) ;
#2658 = DIRECTION ( 'NONE',  ( 1.000000000000000000, -0.0000000000000000000, -0.0000000000000000000 ) ) ;
#2659 = CARTESIAN_POINT ( 'NONE',  ( -12.10651261144982982, 14.09528937591381847, 1.199999999999999956 ) ) ;
#2660 = AXIS2_PLACEMENT_3D ( 'NONE', #9562, #7853, #6282 ) ;
#2661 = FACE_OUTER_BOUND ( 'NONE', #8874, .T. ) ;
#2662 = CARTESIAN_POINT ( 'NONE',  ( -11.00274233103350952, 15.07856061052913077, 1.209999999999999964 ) ) ;
#2663 = ORIENTED_EDGE ( 'NONE', *, *, #10702, .T. ) ;
#2664 = CARTESIAN_POINT ( 'NONE',  ( -7.345438097158998758, 13.75756817632308326, 1.209999999999999964 ) ) ;
#2665 = ORIENTED_EDGE ( 'NONE', *, *, #3814, .F. ) ;
#2666 = CARTESIAN_POINT ( 'NONE',  ( -8.388661873198030250, 13.93120774834882880, 1.209999999999999964 ) ) ;
#2667 = ORIENTED_EDGE ( 'NONE', *, *, #2082, .F. ) ;
#2668 = ORIENTED_EDGE ( 'NONE', *, *, #3949, .F. ) ;
#2669 = LINE ( 'NONE', #63, #2643 ) ;
#2670 = FACE_OUTER_BOUND ( 'NONE', #8568, .T. ) ;
#2671 = CARTESIAN_POINT ( 'NONE',  ( -3.810000000000000053, 14.75000000000000178, 2.000000000000000000 ) ) ;
#2672 = CARTESIAN_POINT ( 'NONE',  ( -5.920103286874582871, 13.40855610241303886, 1.199999999999999956 ) ) ;
#2673 = AXIS2_PLACEMENT_3D ( 'NONE', #8975, #10636, #1281 ) ;
#2674 = EDGE_LOOP ( 'NONE', ( #3675, #520, #10292, #10779 ) ) ;
#2675 = B_SPLINE_CURVE_WITH_KNOTS ( 'NONE', 3,
 ( #7385, #9202, #9092, #3150 ),
 .UNSPECIFIED., .F., .F.,
 ( 4, 4 ),
 ( 4.000000000000000000, 5.000000000000000000 ),
 .UNSPECIFIED. ) ;
#2676 = APPROVAL_DATE_TIME ( #5200, #10105 ) ;
#2677 = LINE ( 'NONE', #6094, #900 ) ;
#2678 = DIRECTION ( 'NONE',  ( 0.2524218971878724460, -0.9676172723861822256, 0.0000000000000000000 ) ) ;
#2679 = DIRECTION ( 'NONE',  ( 0.0000000000000000000, -1.000000000000000000, 0.0000000000000000000 ) ) ;
#2680 = FACE_BOUND ( 'NONE', #11099, .T. ) ;
#2681 = VERTEX_POINT ( 'NONE', #2047 ) ;
#2682 = AXIS2_PLACEMENT_3D ( 'NONE', #174, #2093, #7858 ) ;
#2683 = DIRECTION ( 'NONE',  ( -0.0000000000000000000, 1.000000000000000000, -0.0000000000000000000 ) ) ;
#2684 = CARTESIAN_POINT ( 'NONE',  ( -7.932554733906918898, 14.54466491897449032, 1.209999999999999964 ) ) ;
#2685 = CARTESIAN_POINT ( 'NONE',  ( -7.526182681611753189, 13.43593639420589092, 1.209999999999999964 ) ) ;
#2686 = CARTESIAN_POINT ( 'NONE',  ( 3.809999999999999609, 14.75000000000000355, -2.500000000000000444 ) ) ;
#2687 = ORIENTED_EDGE ( 'NONE', *, *, #4590, .T. ) ;
#2688 = CARTESIAN_POINT ( 'NONE',  ( -7.008383239286827937, 13.10321386098472374, 1.209999999999999964 ) ) ;
#2689 = LINE ( 'NONE', #86, #4832 ) ;
#2690 = VERTEX_POINT ( 'NONE', #5531 ) ;
#2691 = VECTOR ( 'NONE', #9918, 1000.000000000000000 ) ;
#2692 = ORIENTED_EDGE ( 'NONE', *, *, #9938, .T. ) ;
#2693 = CARTESIAN_POINT ( 'NONE',  ( -9.913432253279930606, 13.62775348731978298, 1.199999999999999956 ) ) ;
#2694 = EDGE_LOOP ( 'NONE', ( #5442, #2403, #1331, #3117 ) ) ;
#2695 = CARTESIAN_POINT ( 'NONE',  ( -7.583369367008716999, 14.51867097106845783, 1.209999999999999964 ) ) ;
#2696 = ORIENTED_EDGE ( 'NONE', *, *, #10356, .F. ) ;
#2697 = CARTESIAN_POINT ( 'NONE',  ( -6.965059992772179243, 13.33230718854889219, 1.209999999999999964 ) ) ;
#2698 = ADVANCED_FACE ( 'NONE', ( #3734 ), #10550, .F. ) ;
#2699 = EDGE_CURVE ( 'NONE', #5910, #5031, #8821, .T. ) ;
#2700 = CARTESIAN_POINT ( 'NONE',  ( -5.724455505617483730, 13.36280675409177832, 1.199999999999999956 ) ) ;
#2701 = CARTESIAN_POINT ( 'NONE',  ( -9.783293187289487491, 14.71224386524809091, 1.209999999999999964 ) ) ;
#2702 = VERTEX_POINT ( 'NONE', #3681 ) ;
#2703 = CARTESIAN_POINT ( 'NONE',  ( 6.500000000000000000, -11.36787109524561856, -0.03397984811026048824 ) ) ;
#2704 = LINE ( 'NONE', #271, #7871 ) ;
#2705 = ORIENTED_EDGE ( 'NONE', *, *, #10079, .T. ) ;
#2706 = VERTEX_POINT ( 'NONE', #1997 ) ;
#2707 = EDGE_CURVE ( 'NONE', #2639, #8497, #1588, .T. ) ;
#2708 = EDGE_CURVE ( 'NONE', #1456, #393, #9715, .T. ) ;
#2709 = LINE ( 'NONE', #8650, #2436 ) ;
#2710 = ADVANCED_FACE ( 'NONE', ( #5476 ), #3479, .T. ) ;
#2711 = LINE ( 'NONE', #2598, #6321 ) ;
#2712 = DIRECTION ( 'NONE',  ( 1.000000000000000000, 0.0000000000000000000, 0.0000000000000000000 ) ) ;
#2713 = CARTESIAN_POINT ( 'NONE',  ( -7.000000000000000888, -12.29999999999999893, 1.199999999999999956 ) ) ;
#2714 = CARTESIAN_POINT ( 'NONE',  ( -11.21482043099647541, 14.86648248758512558, 1.199999999999999956 ) ) ;
#2715 = CARTESIAN_POINT ( 'NONE',  ( -9.330217317496021678, 13.99889023120733178, 1.209999999999999964 ) ) ;
#2716 = CARTESIAN_POINT ( 'NONE',  ( -7.122410024109026239, 13.10563996279133470, 1.209999999999999964 ) ) ;
#2717 = ORIENTED_EDGE ( 'NONE', *, *, #7269, .T. ) ;
#2718 = DIRECTION ( 'NONE',  ( -0.0000000000000000000, 0.0000000000000000000, -1.000000000000000000 ) ) ;
#2719 = B_SPLINE_SURFACE_WITH_KNOTS ( 'NONE', 3, 1, ( 
 ( #2141, #6439 ),
 ( #9859, #6383 ),
 ( #2032, #10799 ),
 ( #547, #5515 ),
 ( #1333, #1222 ),
 ( #2193, #334 ) ),
 .UNSPECIFIED., .F., .F., .F.,
 ( 4, 2, 4 ),
 ( 2, 2 ),
 ( 2.000000000000000000, 3.000000000000000000, 4.000000000000000000 ),
 ( 0.0000000000000000000, 1.000000000000000000 ),
 .UNSPECIFIED. ) ;
#2720 = CARTESIAN_POINT ( 'NONE',  ( -7.360168000972892699, 14.78970120125118903, 1.209999999999999964 ) ) ;
#2721 = CARTESIAN_POINT ( 'NONE',  ( -6.106046660905298573, 13.33126743063374597, 1.209999999999999964 ) ) ;
#2722 = DIRECTION ( 'NONE',  ( -1.000000000000000000, 0.0000000000000000000, 0.0000000000000000000 ) ) ;
#2723 = CARTESIAN_POINT ( 'NONE',  ( -9.903792302035922646, 13.62293360363234029, 1.209999999999999964 ) ) ;
#2724 = ORIENTED_EDGE ( 'NONE', *, *, #10515, .F. ) ;
#2725 = SHAPE_DEFINITION_REPRESENTATION ( #10052, #232 ) ;
#2726 = DIRECTION ( 'NONE',  ( -0.0000000000000000000, 1.000000000000000000, -0.0000000000000000000 ) ) ;
#2727 = FACE_OUTER_BOUND ( 'NONE', #9388, .T. ) ;
#2728 = LINE ( 'NONE', #2621, #7286 ) ;
#2729 = EDGE_LOOP ( 'NONE', ( #4731, #6284 ) ) ;
#2730 = CARTESIAN_POINT ( 'NONE',  ( -7.089311063773702237, 13.17599691512713633, 1.199999999999999956 ) ) ;
#2731 = CARTESIAN_POINT ( 'NONE',  ( -7.208709931164340112, 13.52154312932009361, 1.209999999999999964 ) ) ;
#2732 = EDGE_CURVE ( 'NONE', #10455, #4496, #7124, .T. ) ;
#2733 = CARTESIAN_POINT ( 'NONE',  ( -13.69999999999999751, 14.25000000000000178, -0.1339798481102603966 ) ) ;
#2734 = ORIENTED_EDGE ( 'NONE', *, *, #5251, .F. ) ;
#2735 = CARTESIAN_POINT ( 'NONE',  ( -9.903792118169125303, 13.89767129474679486, 1.209999999999999964 ) ) ;
#2736 = CARTESIAN_POINT ( 'NONE',  ( -7.817488191167286438, 13.38949387394582935, 1.209999999999999964 ) ) ;
#2737 = VERTEX_POINT ( 'NONE', #6401 ) ;
#2738 = VERTEX_POINT ( 'NONE', #3840 ) ;
#2739 = CARTESIAN_POINT ( 'NONE',  ( -10.07249062140200735, 13.47833488657492751, 1.209999999999999964 ) ) ;
#2740 = ORIENTED_EDGE ( 'NONE', *, *, #619, .T. ) ;
#2741 = LINE ( 'NONE', #10239, #2454 ) ;
#2742 = ORIENTED_EDGE ( 'NONE', *, *, #6857, .F. ) ;
#2743 = EDGE_CURVE ( 'NONE', #1492, #3410, #9483, .T. ) ;
#2744 = CARTESIAN_POINT ( 'NONE',  ( 3.409999999999999254, 14.75000000000000355, 1.600000000000000089 ) ) ;
#2745 = CARTESIAN_POINT ( 'NONE',  ( -7.360168000972892699, 14.78970120125118903, 1.209999999999999964 ) ) ;
#2747 = CARTESIAN_POINT ( 'NONE',  ( -8.090944523158912105, 14.73286110182594477, 1.209999999999999964 ) ) ;
#2746 = VECTOR ( 'NONE', #8984, 1000.000000000000000 ) ;
#2748 = ORIENTED_EDGE ( 'NONE', *, *, #10141, .T. ) ;
#2749 = CARTESIAN_POINT ( 'NONE',  ( 17.44999999999999929, -14.25000000000000178, 1.099999999999999867 ) ) ;
#2750 = ORIENTED_EDGE ( 'NONE', *, *, #10510, .T. ) ;
#2751 = FACE_OUTER_BOUND ( 'NONE', #9752, .T. ) ;
#2752 = ORIENTED_EDGE ( 'NONE', *, *, #4009, .F. ) ;
#2753 = EDGE_CURVE ( 'NONE', #8643, #3940, #4252, .T. ) ;
#2754 = AXIS2_PLACEMENT_3D ( 'NONE', #10421, #276, #9608 ) ;
#2755 = CARTESIAN_POINT ( 'NONE',  ( -9.653154305163530680, 14.90986208431521298, 1.199999999999999956 ) ) ;
#2756 = CARTESIAN_POINT ( 'NONE',  ( -7.488751396625402457, 13.32953450077058122, 1.209999999999999964 ) ) ;
#2757 = DIRECTION ( 'NONE',  ( 0.0000000000000000000, 0.0000000000000000000, 1.000000000000000000 ) ) ;
#2758 = EDGE_CURVE ( 'NONE', #5687, #3502, #10132, .T. ) ;
#2759 = CARTESIAN_POINT ( 'NONE',  ( -5.919583407912386797, 13.33126743063374420, 1.199999999999999956 ) ) ;
#2760 = ORIENTED_EDGE ( 'NONE', *, *, #8862, .F. ) ;
#2761 = DIRECTION ( 'NONE',  ( -1.000000000000000000, -0.0000000000000000000, -0.0000000000000000000 ) ) ;
#2762 = ORIENTED_EDGE ( 'NONE', *, *, #3609, .F. ) ;
#2763 = CARTESIAN_POINT ( 'NONE',  ( -6.268768774812923716, 13.71424492980840348, 1.209999999999999964 ) ) ;
#2764 = EDGE_LOOP ( 'NONE', ( #9868, #8101, #7379, #7069 ) ) ;
#2765 = VECTOR ( 'NONE', #7823, 1000.000000000000000 ) ;
#2766 = ORIENTED_EDGE ( 'NONE', *, *, #7700, .F. ) ;
#2767 = CARTESIAN_POINT ( 'NONE',  ( -9.951991690522369538, 15.17495976098318167, 1.199999999999999956 ) ) ;
#2768 = CARTESIAN_POINT ( 'NONE',  ( -7.397079407001651674, 13.54407121750439202, 1.209999999999999964 ) ) ;
#2769 = ORIENTED_EDGE ( 'NONE', *, *, #7365, .T. ) ;
#2770 = VERTEX_POINT ( 'NONE', #5419 ) ;
#2771 = VECTOR ( 'NONE', #3380, 1000.000000000000000 ) ;
#2772 = CARTESIAN_POINT ( 'NONE',  ( -5.919583407912386797, 13.33126743063374420, 1.209999999999999964 ) ) ;
#2773 = CARTESIAN_POINT ( 'NONE',  ( -11.44617834151405411, 13.84465183870841720, 1.199999999999999956 ) ) ;
#2774 = CARTESIAN_POINT ( 'NONE',  ( -9.662794256407536864, 13.32891628582545174, 1.209999999999999964 ) ) ;
#2775 = CARTESIAN_POINT ( 'NONE',  ( -9.913432253279930606, 13.62775348731978298, 1.199999999999999956 ) ) ;
#2776 = ORIENTED_EDGE ( 'NONE', *, *, #702, .F. ) ;
#2777 = COORDINATED_UNIVERSAL_TIME_OFFSET ( 8, 0, .AHEAD. ) ;
#2778 = ORIENTED_EDGE ( 'NONE', *, *, #5138, .F. ) ;
#2779 = CARTESIAN_POINT ( 'NONE',  ( -7.631891403103641558, 15.00389133201329628, 1.209999999999999964 ) ) ;
#2780 = EDGE_CURVE ( 'NONE', #4911, #4392, #8935, .T. ) ;
#2781 = CARTESIAN_POINT ( 'NONE',  ( -6.765079886870984716, 15.00666401979160547, 1.209999999999999964 ) ) ;
#2782 = EDGE_CURVE ( 'NONE', #2379, #10467, #10492, .T. ) ;
#2783 = CARTESIAN_POINT ( 'NONE',  ( -7.844695189976623517, 15.09608320059462017, 1.209999999999999964 ) ) ;
#2784 = ORIENTED_EDGE ( 'NONE', *, *, #2419, .F. ) ;
#2785 = CARTESIAN_POINT ( 'NONE',  ( -7.299515455854197477, 13.75756817632308326, 1.199999999999999956 ) ) ;
#2786 = CARTESIAN_POINT ( 'NONE',  ( -6.505313700773485586, 14.99488009673958011, 1.209999999999999964 ) ) ;
#2787 = VERTEX_POINT ( 'NONE', #2157 ) ;
#2788 = LINE ( 'NONE', #3754, #6697 ) ;
#2789 = CARTESIAN_POINT ( 'NONE',  ( -7.199178816930749569, 13.46297010003166683, 1.199999999999999956 ) ) ;
#2790 = CARTESIAN_POINT ( 'NONE',  ( -1.269999999999999796, 14.75000000000000178, -7.100000000000000533 ) ) ;
#2791 = ORIENTED_EDGE ( 'NONE', *, *, #8915, .T. ) ;
#2792 = FACE_OUTER_BOUND ( 'NONE', #8889, .T. ) ;
#2793 = ORIENTED_EDGE ( 'NONE', *, *, #8921, .T. ) ;
#2794 = DIRECTION ( 'NONE',  ( -1.000000000000000000, -0.0000000000000000000, -0.0000000000000000000 ) ) ;
#2795 = CARTESIAN_POINT ( 'NONE',  ( -7.412329189775404892, 13.73954570577101464, 1.209999999999999964 ) ) ;
#2796 = AXIS2_PLACEMENT_3D ( 'NONE', #8265, #10116, #4798 ) ;
#2797 = B_SPLINE_CURVE_WITH_KNOTS ( 'NONE', 3,
 ( #10542, #5467, #4613, #392 ),
 .UNSPECIFIED., .F., .F.,
 ( 4, 4 ),
 ( 1.000000000000000000, 2.000000000000000000 ),
 .UNSPECIFIED. ) ;
#2798 = DIRECTION ( 'NONE',  ( 0.0000000000000000000, -1.000000000000000000, 0.0000000000000000000 ) ) ;
#2799 = CARTESIAN_POINT ( 'NONE',  ( -7.762554314588752113, 13.42900467476706972, 1.209999999999999964 ) ) ;
#2800 = CARTESIAN_POINT ( 'NONE',  ( -6.615701332888102471, 14.50758021995985558, 1.209999999999999964 ) ) ;
#2801 = VECTOR ( 'NONE', #1815, 1000.000000000000000 ) ;
#2802 = DIRECTION ( 'NONE',  ( -1.000000000000000000, -0.0000000000000000000, -0.0000000000000000000 ) ) ;
#2803 = ORIENTED_EDGE ( 'NONE', *, *, #4413, .T. ) ;
#2804 = FACE_OUTER_BOUND ( 'NONE', #2116, .T. ) ;
#2805 = ORIENTED_EDGE ( 'NONE', *, *, #3082, .F. ) ;
#2806 = CARTESIAN_POINT ( 'NONE',  ( -8.126989464258420170, 13.93120774834882880, 1.209999999999999964 ) ) ;
#2807 = B_SPLINE_SURFACE_WITH_KNOTS ( 'NONE', 3, 1, ( 
 ( #7343, #2374 ),
 ( #2159, #9156 ),
 ( #10882, #1527 ),
 ( #4951, #3161 ) ),
 .UNSPECIFIED., .F., .F., .F.,
 ( 4, 4 ),
 ( 2, 2 ),
 ( 6.000000000000000000, 7.000000000000000000 ),
 ( 0.0000000000000000000, 1.000000000000000000 ),
 .UNSPECIFIED. ) ;
#2808 = EDGE_CURVE ( 'NONE', #5027, #7881, #5578, .T. ) ;
#2809 = EDGE_CURVE ( 'NONE', #442, #9231, #6272, .T. ) ;
#2810 = AXIS2_PLACEMENT_3D ( 'NONE', #2512, #10904, #7593 ) ;
#2811 = VECTOR ( 'NONE', #9585, 1000.000000000000000 ) ;
#2812 = FACE_OUTER_BOUND ( 'NONE', #10025, .T. ) ;
#2813 = ADVANCED_FACE ( 'NONE', ( #1292 ), #7907, .F. ) ;
#2814 = CARTESIAN_POINT ( 'NONE',  ( -7.360168000972892699, 14.48401237385580131, 1.199999999999999956 ) ) ;
#2815 = ORIENTED_EDGE ( 'NONE', *, *, #8106, .F. ) ;
#2816 = CARTESIAN_POINT ( 'NONE',  ( 16.70000000000000284, -14.25000000000000178, 0.0000000000000000000 ) ) ;
#2817 = CARTESIAN_POINT ( 'NONE',  ( -9.330217317496021678, 13.80127196617351970, 1.209999999999999964 ) ) ;
#2818 = VECTOR ( 'NONE', #10212, 1000.000000000000000 ) ;
#2819 = ORIENTED_EDGE ( 'NONE', *, *, #4682, .F. ) ;
#2820 = CARTESIAN_POINT ( 'NONE',  ( -11.58595708295062643, 14.58692523454548784, 1.199999999999999956 ) ) ;
#2821 = AXIS2_PLACEMENT_3D ( 'NONE', #9727, #9884, #3957 ) ;
#2822 = CARTESIAN_POINT ( 'NONE',  ( -10.07249062140200735, 13.47833488657492751, 1.209999999999999964 ) ) ;
#2823 = FACE_OUTER_BOUND ( 'NONE', #28, .T. ) ;
#2824 = DIRECTION ( 'NONE',  ( 0.0000000000000000000, 1.000000000000000000, 0.0000000000000000000 ) ) ;
#2825 = CARTESIAN_POINT ( 'NONE',  ( 14.71000000000000085, -4.099999999999998757, 2.600000000000000533 ) ) ;
#2826 = ADVANCED_FACE ( 'NONE', ( #10929 ), #8805, .T. ) ;
#2827 = VERTEX_POINT ( 'NONE', #6501 ) ;
#2828 = CALENDAR_DATE ( 2024, 19, 8 ) ;
#2829 = DIRECTION ( 'NONE',  ( 1.000000000000000000, 0.0000000000000000000, 0.0000000000000000000 ) ) ;
#2830 = VECTOR ( 'NONE', #4180, 1000.000000000000114 ) ;
#2831 = CARTESIAN_POINT ( 'NONE',  ( -9.094039339421883028, 13.67113317598326638, 1.209999999999999964 ) ) ;
#2832 = CARTESIAN_POINT ( 'NONE',  ( -7.337120033828714583, 13.60576352053820592, 1.209999999999999964 ) ) ;
#2833 = EDGE_CURVE ( 'NONE', #5652, #6031, #3613, .T. ) ;
#2834 = EDGE_CURVE ( 'NONE', #6031, #4913, #1746, .T. ) ;
#2835 = EDGE_LOOP ( 'NONE', ( #4264, #8873, #4120, #7301 ) ) ;
#2836 = CARTESIAN_POINT ( 'NONE',  ( -6.268768774812923716, 13.63660967205741414, 1.209999999999999964 ) ) ;
#2837 = AXIS2_PLACEMENT_3D ( 'NONE', #618, #2475, #10981 ) ;
#2838 = EDGE_CURVE ( 'NONE', #5119, #7242, #4835, .T. ) ;
#2839 = CARTESIAN_POINT ( 'NONE',  ( -7.429485195393575658, 13.72776178271899816, 1.199999999999999956 ) ) ;
#2840 = ORIENTED_EDGE ( 'NONE', *, *, #908, .T. ) ;
#2841 = LINE ( 'NONE', #6257, #7408 ) ;
#2842 = CARTESIAN_POINT ( 'NONE',  ( -7.726162787517545816, 13.57422419708017358, 1.209999999999999964 ) ) ;
#2843 = FACE_OUTER_BOUND ( 'NONE', #2330, .T. ) ;
#2844 = ORIENTED_EDGE ( 'NONE', *, *, #8532, .T. ) ;
#2845 = CARTESIAN_POINT ( 'NONE',  ( -8.030291978040246192, 13.55134952291955663, 1.199999999999999956 ) ) ;
#2846 = ORIENTED_EDGE ( 'NONE', *, *, #2834, .F. ) ;
#2847 = CARTESIAN_POINT ( 'NONE',  ( -7.999099240549312206, 14.82332004054871355, 1.199999999999999956 ) ) ;
#2848 = DIRECTION ( 'NONE',  ( 0.0000000000000000000, 0.0000000000000000000, 1.000000000000000000 ) ) ;
#2849 = VECTOR ( 'NONE', #9913, 1000.000000000000000 ) ;
#2850 = CARTESIAN_POINT ( 'NONE',  ( -6.268768774812923716, 13.71424492980840348, 1.209999999999999964 ) ) ;
#2851 = EDGE_CURVE ( 'NONE', #6750, #4320, #10661, .T. ) ;
#2852 = CARTESIAN_POINT ( 'NONE',  ( -7.758395282923619796, 14.47326820871890973, 1.209999999999999964 ) ) ;
#2853 = AXIS2_PLACEMENT_3D ( 'NONE', #2686, #9735, #4794 ) ;
#2854 = CARTESIAN_POINT ( 'NONE',  ( -7.199178816930749569, 13.46297010003166683, 1.209999999999999964 ) ) ;
#2855 = ORIENTED_EDGE ( 'NONE', *, *, #8893, .F. ) ;
#2856 = CARTESIAN_POINT ( 'NONE',  ( -3.179999999999996163, 8.259999999999996234, 0.0000000000000000000 ) ) ;
#2857 = ORIENTED_EDGE ( 'NONE', *, *, #10471, .F. ) ;
#2858 = LINE ( 'NONE', #4380, #5206 ) ;
#2859 = ORIENTED_EDGE ( 'NONE', *, *, #7068, .T. ) ;
#2860 = AXIS2_PLACEMENT_3D ( 'NONE', #3443, #11038, #3381 ) ;
#2861 = ORIENTED_EDGE ( 'NONE', *, *, #8532, .F. ) ;
#2862 = LINE ( 'NONE', #6226, #8892 ) ;
#2863 = DIRECTION ( 'NONE',  ( 0.0000000000000000000, 1.000000000000000000, 0.0000000000000000000 ) ) ;
#2864 = FACE_OUTER_BOUND ( 'NONE', #9352, .T. ) ;
#2865 = CARTESIAN_POINT ( 'NONE',  ( -7.447680958929176143, 14.40672370207652264, 1.209999999999999964 ) ) ;
#2866 = ORIENTED_EDGE ( 'NONE', *, *, #10148, .F. ) ;
#2867 = CARTESIAN_POINT ( 'NONE',  ( -7.098495592033263080, 15.00666401979160547, 1.199999999999999956 ) ) ;
#2868 = ORIENTED_EDGE ( 'NONE', *, *, #3606, .T. ) ;
#2869 = DIRECTION ( 'NONE',  ( -0.0000000000000000000, 0.0000000000000000000, -1.000000000000000000 ) ) ;
#2870 = ORIENTED_EDGE ( 'NONE', *, *, #6809, .F. ) ;
#2871 = VERTEX_POINT ( 'NONE', #622 ) ;
#2872 = ORIENTED_EDGE ( 'NONE', *, *, #7352, .F. ) ;
#2873 = CARTESIAN_POINT ( 'NONE',  ( -7.137486513894618412, 13.18570132234891723, 1.199999999999999956 ) ) ;
#2874 = CARTESIAN_POINT ( 'NONE',  ( -6.106046660905298573, 13.33126743063374597, 1.199999999999999956 ) ) ;
#2875 = CARTESIAN_POINT ( 'NONE',  ( -11.16662095057663073, 13.67595305967071084, 1.209999999999999964 ) ) ;
#2876 = CARTESIAN_POINT ( 'NONE',  ( -8.388661873198030250, 13.40855610241303886, 1.209999999999999964 ) ) ;
#2877 = CARTESIAN_POINT ( 'NONE',  ( 5.079999999999999183, 13.47999999999999865, -2.500000000000000000 ) ) ;
#2878 = CARTESIAN_POINT ( 'NONE',  ( -7.431911297200163524, 13.65809800232659121, 1.199999999999999956 ) ) ;
#2879 = LINE ( 'NONE', #9830, #10449 ) ;
#2880 = B_SPLINE_CURVE_WITH_KNOTS ( 'NONE', 3,
 ( #990, #9592, #4419, #8736 ),
 .UNSPECIFIED., .F., .F.,
 ( 4, 4 ),
 ( 7.000000000000000000, 8.000000000000000000 ),
 .UNSPECIFIED. ) ;
#2881 = VERTEX_POINT ( 'NONE', #10817 ) ;
#2882 = CARTESIAN_POINT ( 'NONE',  ( -6.057524624814973002, 14.97547128230067592, 1.209999999999999964 ) ) ;
#2883 = ORIENTED_EDGE ( 'NONE', *, *, #10019, .T. ) ;
#2884 = DIRECTION ( 'NONE',  ( 0.0000000000000000000, -0.0000000000000000000, -1.000000000000000000 ) ) ;
#2885 = LINE ( 'NONE', #4786, #851 ) ;
#2886 = CARTESIAN_POINT ( 'NONE',  ( 17.70000000000000995, -16.75000000000000000, 0.0000000000000000000 ) ) ;
#2887 = EDGE_CURVE ( 'NONE', #9615, #8811, #6671, .T. ) ;
#2888 = B_SPLINE_CURVE_WITH_KNOTS ( 'NONE', 3,
 ( #7237, #5795, #6505, #9104 ),
 .UNSPECIFIED., .F., .F.,
 ( 4, 4 ),
 ( 21.00000000000000000, 22.00000000000000000 ),
 .UNSPECIFIED. ) ;
#2889 = VERTEX_POINT ( 'NONE', #4113 ) ;
#2890 = FACE_OUTER_BOUND ( 'NONE', #7579, .T. ) ;
#2891 = LINE ( 'NONE', #3064, #1377 ) ;
#2892 = B_SPLINE_SURFACE_WITH_KNOTS ( 'NONE', 3, 1, ( 
 ( #2571, #8327 ),
 ( #6591, #10008 ),
 ( #4917, #11015 ),
 ( #9246, #9365 ) ),
 .UNSPECIFIED., .F., .F., .F.,
 ( 4, 4 ),
 ( 2, 2 ),
 ( 4.000000000000000000, 5.000000000000000000 ),
 ( 0.0000000000000000000, 1.000000000000000000 ),
 .UNSPECIFIED. ) ;
#2893 = VERTEX_POINT ( 'NONE', #3997 ) ;
#2894 = EDGE_CURVE ( 'NONE', #4520, #4958, #3159, .T. ) ;
#2895 = CARTESIAN_POINT ( 'NONE',  ( -7.816275140263978294, 13.82653878477206355, 1.199999999999999956 ) ) ;
#2896 = ORIENTED_EDGE ( 'NONE', *, *, #6370, .T. ) ;
#2897 = DIRECTION ( 'NONE',  ( -0.0000000000000000000, -0.0000000000000000000, -1.000000000000000000 ) ) ;
#2898 = ADVANCED_FACE ( 'NONE', ( #10093 ), #4723, .T. ) ;
#2899 = DIRECTION ( 'NONE',  ( -0.0000000000000000000, -1.000000000000000000, -0.0000000000000000000 ) ) ;
#2900 = ORIENTED_EDGE ( 'NONE', *, *, #10847, .T. ) ;
#2901 = CARTESIAN_POINT ( 'NONE',  ( -7.824246617622566013, 13.75756817632308326, 1.209999999999999964 ) ) ;
#2902 = ORIENTED_EDGE ( 'NONE', *, *, #1615, .T. ) ;
#2903 = AXIS2_PLACEMENT_3D ( 'NONE', #9776, #3113, #3906 ) ;
#2904 = ADVANCED_FACE ( 'NONE', ( #10878 ), #2422, .T. ) ;
#2905 = CARTESIAN_POINT ( 'NONE',  ( -7.412329189775404892, 13.73954570577101464, 1.209999999999999964 ) ) ;
#2906 = CARTESIAN_POINT ( 'NONE',  ( -7.726162787517545816, 13.48792429002257443, 1.199999999999999956 ) ) ;
#2907 = AXIS2_PLACEMENT_3D ( 'NONE', #2112, #5484, #9047 ) ;
#2908 = CARTESIAN_POINT ( 'NONE',  ( -9.330217317496021678, 14.20614835554944833, 1.209999999999999964 ) ) ;
#2909 = ADVANCED_FACE ( 'NONE', ( #3896, #10707 ), #3051, .T. ) ;
#2910 = DIRECTION ( 'NONE',  ( -0.0000000000000000000, -1.000000000000000000, -0.0000000000000000000 ) ) ;
#2911 = ORIENTED_EDGE ( 'NONE', *, *, #5006, .F. ) ;
#2912 = PLANE ( 'NONE',  #1888 ) ;
#2913 = CARTESIAN_POINT ( 'NONE',  ( -7.083072516275969122, 14.48401237385580131, 1.209999999999999964 ) ) ;
#2914 = DIRECTION ( 'NONE',  ( 0.0000000000000000000, 0.0000000000000000000, -1.000000000000000000 ) ) ;
#2915 = EDGE_CURVE ( 'NONE', #9356, #7282, #5958, .T. ) ;
#2916 = ADVANCED_FACE ( 'NONE', ( #2421 ), #1702, .F. ) ;
#2917 = PLANE ( 'NONE',  #473 ) ;
#2918 = AXIS2_PLACEMENT_3D ( 'NONE', #9469, #6140, #6858 ) ;
#2919 = CARTESIAN_POINT ( 'NONE',  ( -7.488751396625402457, 13.32953450077058122, 1.199999999999999956 ) ) ;
#2920 = DIRECTION ( 'NONE',  ( -1.000000000000000000, -0.0000000000000000000, -0.0000000000000000000 ) ) ;
#2921 = ORIENTED_EDGE ( 'NONE', *, *, #4883, .T. ) ;
#2922 = LINE ( 'NONE', #7115, #5809 ) ;
#2923 = PLANE ( 'NONE',  #2143 ) ;
#2924 = EDGE_LOOP ( 'NONE', ( #5782, #8744, #3016, #2178 ) ) ;
#2925 = ORIENTED_EDGE ( 'NONE', *, *, #6182, .F. ) ;
#2926 = VERTEX_POINT ( 'NONE', #6074 ) ;
#2927 = CARTESIAN_POINT ( 'NONE',  ( -7.988701661386450326, 13.35795455048319980, 1.209999999999999964 ) ) ;
#2928 = AXIS2_PLACEMENT_3D ( 'NONE', #3720, #4665, #7109 ) ;
#2929 = DIRECTION ( 'NONE',  ( -0.0000000000000000000, -0.0000000000000000000, -1.000000000000000000 ) ) ;
#2930 = DIRECTION ( 'NONE',  ( -0.9903286039881267211, -0.1387416884823308716, -0.0000000000000000000 ) ) ;
#2931 = CARTESIAN_POINT ( 'NONE',  ( -7.000000000000000888, -21.20000000000000284, 1.199999999999999956 ) ) ;
#2932 = CARTESIAN_POINT ( 'NONE',  ( 7.000000000000000000, -12.29999999999999893, 0.0000000000000000000 ) ) ;
#2933 = VECTOR ( 'NONE', #6298, 1000.000000000000000 ) ;
#2934 = CARTESIAN_POINT ( 'NONE',  ( -10.05321071891630069, 14.15312908337324060, 1.199999999999999956 ) ) ;
#2935 = CARTESIAN_POINT ( 'NONE',  ( -7.482859435099390666, 13.40474365671958168, 1.209999999999999964 ) ) ;
#2936 = ORIENTED_EDGE ( 'NONE', *, *, #8598, .F. ) ;
#2937 = ORIENTED_EDGE ( 'NONE', *, *, #373, .F. ) ;
#2938 = LINE ( 'NONE', #8041, #9165 ) ;
#2939 = PLANE ( 'NONE',  #2276 ) ;
#2940 = EDGE_LOOP ( 'NONE', ( #5275, #6174, #4829, #5606 ) ) ;
#2941 = DIRECTION ( 'NONE',  ( 1.000000000000000000, -0.0000000000000000000, -0.0000000000000000000 ) ) ;
#2942 = EDGE_CURVE ( 'NONE', #6340, #7839, #4066, .T. ) ;
#2943 = LINE ( 'NONE', #1255, #4587 ) ;
#2944 = AXIS2_PLACEMENT_3D ( 'NONE', #5172, #1761, #3498 ) ;
#2945 = ORIENTED_EDGE ( 'NONE', *, *, #2328, .T. ) ;
#2946 = LINE ( 'NONE', #4689, #4778 ) ;
#2947 = CARTESIAN_POINT ( 'NONE',  ( -6.519870311603818358, 14.90026212635628156, 1.199999999999999956 ) ) ;
#2948 = ORIENTED_EDGE ( 'NONE', *, *, #2628, .T. ) ;
#2949 = EDGE_CURVE ( 'NONE', #1623, #5392, #4963, .T. ) ;
#2951 = CARTESIAN_POINT ( 'NONE',  ( -7.641249224351386538, 13.76553965368166921, 1.209999999999999964 ) ) ;
#2950 = AXIS2_PLACEMENT_3D ( 'NONE', #8630, #1620, #6050 ) ;
#2952 = VERTEX_POINT ( 'NONE', #9454 ) ;
#2953 = PLANE ( 'NONE',  #6015 ) ;
#2954 = DIRECTION ( 'NONE',  ( -1.000000000000000000, 0.0000000000000000000, 0.0000000000000000000 ) ) ;
#2955 = DIRECTION ( 'NONE',  ( -0.0000000000000000000, -0.0000000000000000000, -1.000000000000000000 ) ) ;
#2956 = ORIENTED_EDGE ( 'NONE', *, *, #6826, .F. ) ;
#2957 = CARTESIAN_POINT ( 'NONE',  ( -7.372818388954187618, 13.75756817632308326, 1.209999999999999964 ) ) ;
#2958 = EDGE_CURVE ( 'NONE', #3356, #7173, #6902, .T. ) ;
#2959 = CARTESIAN_POINT ( 'NONE',  ( -13.71000000000000085, -4.099999999999998757, 2.600000000000000533 ) ) ;
#2960 = CARTESIAN_POINT ( 'NONE',  ( -9.330217317496021678, 13.99889023120733178, 1.199999999999999956 ) ) ;
#2961 = CARTESIAN_POINT ( 'NONE',  ( -6.909952823207794026, 13.25813779051960850, 1.199999999999999956 ) ) ;
#2962 = EDGE_CURVE ( 'NONE', #7506, #7010, #4223, .T. ) ;
#2963 = CARTESIAN_POINT ( 'NONE',  ( -5.646127075927692474, 13.67646705885035630, 1.199999999999999956 ) ) ;
#2964 = CARTESIAN_POINT ( 'NONE',  ( -7.879180494201104779, 13.55342903874982241, 1.199999999999999956 ) ) ;
#2965 = CARTESIAN_POINT ( 'NONE',  ( -6.074507337447293764, 14.95051709230978787, 1.199999999999999956 ) ) ;
#2966 = FACE_OUTER_BOUND ( 'NONE', #227, .T. ) ;
#2967 = ORIENTED_EDGE ( 'NONE', *, *, #3172, .F. ) ;
#2968 = CARTESIAN_POINT ( 'NONE',  ( -0.6399999999999964606, 8.259999999999996234, -2.500000000000000000 ) ) ;
#2969 = ORIENTED_EDGE ( 'NONE', *, *, #918, .F. ) ;
#2970 = EDGE_CURVE ( 'NONE', #1849, #1744, #5844, .T. ) ;
#2971 = DIRECTION ( 'NONE',  ( 1.000000000000000000, -0.0000000000000000000, -0.0000000000000000000 ) ) ;
#2972 = EDGE_CURVE ( 'NONE', #5142, #7690, #5153, .T. ) ;
#2973 = ORIENTED_EDGE ( 'NONE', *, *, #7957, .F. ) ;
#2974 = CIRCLE ( 'NONE', #9774, 2.249999999999998668 ) ;
#2975 = CARTESIAN_POINT ( 'NONE',  ( -7.921637275784168430, 13.52916802070236280, 1.199999999999999956 ) ) ;
#2976 = FACE_OUTER_BOUND ( 'NONE', #9091, .T. ) ;
#2977 = DIRECTION ( 'NONE',  ( -0.0000000000000000000, -0.0000000000000000000, 1.000000000000000000 ) ) ;
#2978 = ORIENTED_EDGE ( 'NONE', *, *, #6855, .T. ) ;
#2979 = LINE ( 'NONE', #8976, #6692 ) ;
#2980 = EDGE_CURVE ( 'NONE', #9991, #1760, #11045, .T. ) ;
#2981 = ORIENTED_EDGE ( 'NONE', *, *, #4793, .F. ) ;
#2982 = CARTESIAN_POINT ( 'NONE',  ( -11.06058185462844889, 13.01079918184770001, 1.199999999999999956 ) ) ;
#2983 = B_SPLINE_CURVE_WITH_KNOTS ( 'NONE', 3,
 ( #750, #4187, #7585, #10559 ),
 .UNSPECIFIED., .F., .F.,
 ( 4, 4 ),
 ( 3.000000000000000000, 4.000000000000000000 ),
 .UNSPECIFIED. ) ;
#2984 = VERTEX_POINT ( 'NONE', #6788 ) ;
#2985 = DIRECTION ( 'NONE',  ( 0.0000000000000000000, 0.0000000000000000000, -1.000000000000000000 ) ) ;
#2986 = VECTOR ( 'NONE', #8600, 1000.000000000000114 ) ;
#2987 = VERTEX_POINT ( 'NONE', #8417 ) ;
#2988 = AXIS2_PLACEMENT_3D ( 'NONE', #505, #7338, #5527 ) ;
#2989 = B_SPLINE_SURFACE_WITH_KNOTS ( 'NONE', 3, 1, ( 
 ( #9547, #7043 ),
 ( #5338, #8691 ),
 ( #7726, #1001 ),
 ( #6003, #8748 ) ),
 .UNSPECIFIED., .F., .F., .F.,
 ( 4, 4 ),
 ( 2, 2 ),
 ( 3.000000000000000000, 4.000000000000000000 ),
 ( 0.0000000000000000000, 1.000000000000000000 ),
 .UNSPECIFIED. ) ;
#2990 = CARTESIAN_POINT ( 'NONE',  ( -7.337120033828714583, 13.82653878477206355, 1.209999999999999964 ) ) ;
#2991 = FACE_OUTER_BOUND ( 'NONE', #10380, .T. ) ;
#2992 = DIRECTION ( 'NONE',  ( -1.000000000000000000, 0.0000000000000000000, 0.0000000000000000000 ) ) ;
#2993 = DIRECTION ( 'NONE',  ( -0.0000000000000000000, -0.0000000000000000000, -1.000000000000000000 ) ) ;
#2994 = CARTESIAN_POINT ( 'NONE',  ( -6.018533702951326170, 13.40855610241303886, 1.199999999999999956 ) ) ;
#2995 = VECTOR ( 'NONE', #6844, 1000.000000000000000 ) ;
#2996 = FACE_BOUND ( 'NONE', #9679, .T. ) ;
#2997 = CARTESIAN_POINT ( 'NONE',  ( -13.71000000000000085, 9.600000000000001421, 2.600000000000000533 ) ) ;
#2998 = ORIENTED_EDGE ( 'NONE', *, *, #9574, .T. ) ;
#2999 = ORIENTED_EDGE ( 'NONE', *, *, #10510, .F. ) ;
#3000 = FACE_OUTER_BOUND ( 'NONE', #7492, .T. ) ;
#3001 = EDGE_LOOP ( 'NONE', ( #8454, #588, #6579, #8050 ) ) ;
#3002 = CARTESIAN_POINT ( 'NONE',  ( -8.476174831154338563, 14.00918959207152348, 1.199999999999999956 ) ) ;
#3003 = FACE_OUTER_BOUND ( 'NONE', #4672, .T. ) ;
#3004 = AXIS2_PLACEMENT_3D ( 'NONE', #7340, #3996, #9153 ) ;
#3005 = VECTOR ( 'NONE', #378, 1000.000000000000000 ) ;
#3006 = ORIENTED_EDGE ( 'NONE', *, *, #7640, .F. ) ;
#3007 = LINE ( 'NONE', #6416, #7638 ) ;
#3008 = ADVANCED_FACE ( 'NONE', ( #7510 ), #4284, .T. ) ;
#3009 = AXIS2_PLACEMENT_3D ( 'NONE', #8018, #338, #170 ) ;
#3010 = CARTESIAN_POINT ( 'NONE',  ( -2.540000000000000036, 13.97999999999999332, -2.500000000000000000 ) ) ;
#3011 = ORIENTED_EDGE ( 'NONE', *, *, #8142, .T. ) ;
#3012 = LINE ( 'NONE', #10837, #10462 ) ;
#3013 = CARTESIAN_POINT ( 'NONE',  ( -7.744011965081448956, 15.09608320059462017, 1.199999999999999956 ) ) ;
#3014 = CARTESIAN_POINT ( 'NONE',  ( -7.337120033828714583, 13.60576352053820592, 1.199999999999999956 ) ) ;
#3015 = CARTESIAN_POINT ( 'NONE',  ( 0.4999999999999935052, 13.47999999999999865, -2.500000000000000000 ) ) ;
#3016 = ORIENTED_EDGE ( 'NONE', *, *, #8835, .T. ) ;
#3017 = CARTESIAN_POINT ( 'NONE',  ( -7.854746183167766738, 13.38949387394582935, 1.209999999999999964 ) ) ;
#3018 = VECTOR ( 'NONE', #1476, 1000.000000000000000 ) ;
#3019 = EDGE_CURVE ( 'NONE', #199, #4422, #4799, .T. ) ;
#3020 = CARTESIAN_POINT ( 'NONE',  ( 12.06999999999999673, 4.449999999999996625, -2.500000000000000000 ) ) ;
#3021 = CARTESIAN_POINT ( 'NONE',  ( -7.839496400396323672, 13.55897441430642125, 1.209999999999999964 ) ) ;
#3022 = CYLINDRICAL_SURFACE ( 'NONE', #3296, 0.7825801760202920621 ) ;
#3023 = ORIENTED_EDGE ( 'NONE', *, *, #10834, .T. ) ;
#3024 = B_SPLINE_CURVE_WITH_KNOTS ( 'NONE', 3,
 ( #3601, #206, #4428, #9375 ),
 .UNSPECIFIED., .F., .F.,
 ( 4, 4 ),
 ( 4.000000000000000000, 5.000000000000000000 ),
 .UNSPECIFIED. ) ;
#3025 = FACE_OUTER_BOUND ( 'NONE', #4754, .T. ) ;
#3026 = CARTESIAN_POINT ( 'NONE',  ( -7.436416914837041148, 13.38914728797413289, 1.199999999999999956 ) ) ;
#3027 = CARTESIAN_POINT ( 'NONE',  ( -9.508555588106119671, 14.63512453110084621, 1.199999999999999956 ) ) ;
#3028 = AXIS2_PLACEMENT_3D ( 'NONE', #1869, #8800, #10526 ) ;
#3029 = CARTESIAN_POINT ( 'NONE',  ( -10.97382266116828298, 14.78454322377911012, 1.209999999999999964 ) ) ;
#3030 = VERTEX_POINT ( 'NONE', #787 ) ;
#3031 = DIRECTION ( 'NONE',  ( 0.0000000000000000000, 0.0000000000000000000, -1.000000000000000000 ) ) ;
#3032 = ADVANCED_FACE ( 'NONE', ( #902 ), #727, .F. ) ;
#3033 = EDGE_CURVE ( 'NONE', #5374, #1235, #9275, .T. ) ;
#3034 = ORIENTED_EDGE ( 'NONE', *, *, #4968, .F. ) ;
#3035 = CIRCLE ( 'NONE', #2498, 0.4000000000000001887 ) ;
#3036 = CARTESIAN_POINT ( 'NONE',  ( -9.330217317496021678, 13.99889023120733178, 1.199999999999999956 ) ) ;
#3037 = LINE ( 'NONE', #2089, #2315 ) ;
#3038 = ORIENTED_EDGE ( 'NONE', *, *, #2980, .F. ) ;
#3039 = CARTESIAN_POINT ( 'NONE',  ( -6.234110177600258318, 13.40855610241303886, 1.209999999999999964 ) ) ;
#3040 = CARTESIAN_POINT ( 'NONE',  ( -9.913432253279930606, 13.62775348731978298, 1.209999999999999964 ) ) ;
#3041 = EDGE_CURVE ( 'NONE', #8289, #4842, #2539, .T. ) ;
#3042 = ADVANCED_FACE ( 'NONE', ( #3450 ), #8599, .F. ) ;
#3043 = VERTEX_POINT ( 'NONE', #4166 ) ;
#3044 = ORIENTED_EDGE ( 'NONE', *, *, #3082, .T. ) ;
#3045 = CARTESIAN_POINT ( 'NONE',  ( -9.031379932137193478, 14.00371029876158069, 1.199999999999999956 ) ) ;
#3046 = VECTOR ( 'NONE', #4715, 1000.000000000000000 ) ;
#3047 = VERTEX_POINT ( 'NONE', #7561 ) ;
#3048 = CARTESIAN_POINT ( 'NONE',  ( 3.809999999999999609, 14.75000000000000355, 1.600000000000000089 ) ) ;
#3049 = EDGE_CURVE ( 'NONE', #1622, #1623, #3551, .T. ) ;
#3050 = CARTESIAN_POINT ( 'NONE',  ( -6.598718620255776379, 13.33126743063374597, 1.209999999999999964 ) ) ;
#3051 = PLANE ( 'NONE',  #107 ) ;
#3052 = LINE ( 'NONE', #1293, #4005 ) ;
#3053 = DIRECTION ( 'NONE',  ( 0.0000000000000000000, 0.0000000000000000000, -1.000000000000000000 ) ) ;
#3054 = VECTOR ( 'NONE', #2899, 1000.000000000000000 ) ;
#3055 = CARTESIAN_POINT ( 'NONE',  ( -0.4999999999999935052, 13.47999999999999865, -2.500000000000000000 ) ) ;
#3056 = PLANE ( 'NONE',  #7046 ) ;
#3057 = VERTEX_POINT ( 'NONE', #7790 ) ;
#3058 = CARTESIAN_POINT ( 'NONE',  ( -6.268768774812923716, 13.71424492980840348, 1.209999999999999964 ) ) ;
#3059 = ORIENTED_EDGE ( 'NONE', *, *, #5383, .F. ) ;
#3060 = CARTESIAN_POINT ( 'NONE',  ( -9.932711788034353617, 13.32891628582545174, 1.199999999999999956 ) ) ;
#3061 = CARTESIAN_POINT ( 'NONE',  ( -7.695836514958223518, 14.39528636499620617, 1.199999999999999956 ) ) ;
#3062 = ADVANCED_FACE ( 'NONE', ( #4384, #3564 ), #959, .T. ) ;
#3063 = ORIENTED_EDGE ( 'NONE', *, *, #1836, .T. ) ;
#3064 = CARTESIAN_POINT ( 'NONE',  ( -16.70000000000000284, 14.25000000000000178, -0.1339798481102603966 ) ) ;
#3065 = CARTESIAN_POINT ( 'NONE',  ( -2.040000000000006697, 13.47999999999999865, -2.500000000000000000 ) ) ;
#3066 = ORIENTED_EDGE ( 'NONE', *, *, #927, .T. ) ;
#3067 = DIRECTION ( 'NONE',  ( -0.0000000000000000000, -0.0000000000000000000, -1.000000000000000000 ) ) ;
#3068 = ORIENTED_EDGE ( 'NONE', *, *, #4003, .T. ) ;
#3069 = FACE_OUTER_BOUND ( 'NONE', #3400, .T. ) ;
#3070 = CARTESIAN_POINT ( 'NONE',  ( -4.906512611451475436, 13.33126743063374597, 1.199999999999999956 ) ) ;
#3071 = VERTEX_POINT ( 'NONE', #79 ) ;
#3072 = LINE ( 'NONE', #2445, #8146 ) ;
#3073 = VERTEX_POINT ( 'NONE', #5208 ) ;
#3074 = AXIS2_PLACEMENT_3D ( 'NONE', #6034, #6922, #4305 ) ;
#3075 = DIRECTION ( 'NONE',  ( -0.3283461648125110544, 0.9445574604294411092, -0.0000000000000000000 ) ) ;
#3076 = DIRECTION ( 'NONE',  ( -0.0000000000000000000, -0.0000000000000000000, -1.000000000000000000 ) ) ;
#3077 = CARTESIAN_POINT ( 'NONE',  ( -7.501575077592571361, 13.60818962234479734, 1.209999999999999964 ) ) ;
#3078 = VERTEX_POINT ( 'NONE', #9589 ) ;
#3079 = CARTESIAN_POINT ( 'NONE',  ( -7.199178816930749569, 13.46297010003166683, 1.199999999999999956 ) ) ;
#3080 = CARTESIAN_POINT ( 'NONE',  ( -10.07249062140200735, 13.56027401248085340, 1.199999999999999956 ) ) ;
#3081 = B_SPLINE_SURFACE_WITH_KNOTS ( 'NONE', 3, 1, ( 
 ( #1590, #9222 ),
 ( #1533, #5016 ),
 ( #10993, #2547 ),
 ( #8426, #4959 ) ),
 .UNSPECIFIED., .F., .F., .F.,
 ( 4, 4 ),
 ( 2, 2 ),
 ( 6.000000000000000000, 7.000000000000000000 ),
 ( 0.0000000000000000000, 1.000000000000000000 ),
 .UNSPECIFIED. ) ;
#3082 = EDGE_CURVE ( 'NONE', #7116, #5295, #7655, .T. ) ;
#3083 = CARTESIAN_POINT ( 'NONE',  ( -10.41952757911408867, 14.97734151318745610, 1.209999999999999964 ) ) ;
#3084 = DIRECTION ( 'NONE',  ( 0.0000000000000000000, 0.0000000000000000000, -1.000000000000000000 ) ) ;
#3085 = ORIENTED_EDGE ( 'NONE', *, *, #577, .T. ) ;
#3086 = EDGE_CURVE ( 'NONE', #8818, #2770, #10851, .T. ) ;
#3087 = LINE ( 'NONE', #4762, #6567 ) ;
#3088 = DIRECTION ( 'NONE',  ( 0.0000000000000000000, 0.0000000000000000000, 1.000000000000000000 ) ) ;
#3090 = DIRECTION ( 'NONE',  ( -0.9398440417769817756, -0.3416038306815468162, 0.0000000000000000000 ) ) ;
#3089 = PLANE ( 'NONE',  #1124 ) ;
#3091 = DIRECTION ( 'NONE',  ( -0.0000000000000000000, 1.000000000000000000, -0.0000000000000000000 ) ) ;
#3092 = CARTESIAN_POINT ( 'NONE',  ( -17.69999999999999574, 16.75000000000000000, 1.199999999999999956 ) ) ;
#3093 = CARTESIAN_POINT ( 'NONE',  ( -7.726162787517545816, 13.40613000060642435, 1.209999999999999964 ) ) ;
#3094 = EDGE_CURVE ( 'NONE', #8928, #3412, #7764, .T. ) ;
#3095 = ORIENTED_EDGE ( 'NONE', *, *, #3293, .T. ) ;
#3096 = VERTEX_POINT ( 'NONE', #6818 ) ;
#3097 = DIRECTION ( 'NONE',  ( 2.071311613106635153E-16, -1.000000000000000000, 0.0000000000000000000 ) ) ;
#3098 = ORIENTED_EDGE ( 'NONE', *, *, #7792, .T. ) ;
#3099 = DIRECTION ( 'NONE',  ( 0.0000000000000000000, 0.0000000000000000000, 1.000000000000000000 ) ) ;
#3100 = VECTOR ( 'NONE', #9318, 1000.000000000000000 ) ;
#3101 = EDGE_CURVE ( 'NONE', #5600, #6332, #10225, .T. ) ;
#3102 = FACE_OUTER_BOUND ( 'NONE', #1190, .T. ) ;
#3103 = CARTESIAN_POINT ( 'NONE',  ( -14.71000000000000085, -4.099999999999998757, 2.600000000000000533 ) ) ;
#3104 = CARTESIAN_POINT ( 'NONE',  ( -14.71000000000000085, -4.099999999999998757, 2.700000000000000178 ) ) ;
#3105 = DIRECTION ( 'NONE',  ( 1.000000000000000000, 0.0000000000000000000, -0.0000000000000000000 ) ) ;
#3106 = DIRECTION ( 'NONE',  ( 1.000000000000000000, 0.0000000000000000000, 0.0000000000000000000 ) ) ;
#3107 = B_SPLINE_CURVE_WITH_KNOTS ( 'NONE', 3,
 ( #8114, #9130, #8061, #8271 ),
 .UNSPECIFIED., .F., .F.,
 ( 4, 4 ),
 ( 4.000000000000000000, 5.000000000000000000 ),
 .UNSPECIFIED. ) ;
#3108 = ORIENTED_EDGE ( 'NONE', *, *, #1827, .F. ) ;
#3109 = EDGE_CURVE ( 'NONE', #9595, #4208, #9536, .T. ) ;
#3110 = AXIS2_PLACEMENT_3D ( 'NONE', #1565, #9434, #2523 ) ;
#3111 = EDGE_CURVE ( 'NONE', #4985, #6022, #10674, .T. ) ;
#3112 = ORIENTED_EDGE ( 'NONE', *, *, #10090, .T. ) ;
#3113 = DIRECTION ( 'NONE',  ( -1.000000000000000000, 0.0000000000000000000, 0.0000000000000000000 ) ) ;
#3114 = ORIENTED_EDGE ( 'NONE', *, *, #6515, .F. ) ;
#3115 = LINE ( 'NONE', #2272, #1196 ) ;
#3116 = LINE ( 'NONE', #10938, #288 ) ;
#3117 = ORIENTED_EDGE ( 'NONE', *, *, #8546, .T. ) ;
#3118 = EDGE_CURVE ( 'NONE', #4372, #1520, #136, .T. ) ;
#3119 = VECTOR ( 'NONE', #8907, 1000.000000000000000 ) ;
#3120 = ORIENTED_EDGE ( 'NONE', *, *, #1434, .F. ) ;
#3121 = FACE_OUTER_BOUND ( 'NONE', #969, .T. ) ;
#3122 = CARTESIAN_POINT ( 'NONE',  ( -8.476174831154338563, 14.40672370207652264, 1.209999999999999964 ) ) ;
#3123 = EDGE_CURVE ( 'NONE', #1142, #10418, #5267, .T. ) ;
#3124 = ORIENTED_EDGE ( 'NONE', *, *, #4630, .F. ) ;
#3125 = DIRECTION ( 'NONE',  ( -0.9345104387438669669, -0.3559357243643090918, 0.0000000000000000000 ) ) ;
#3126 = LINE ( 'NONE', #3966, #10312 ) ;
#3127 = VECTOR ( 'NONE', #7238, 1000.000000000000000 ) ;
#3128 = ORIENTED_EDGE ( 'NONE', *, *, #3446, .T. ) ;
#3129 = LINE ( 'NONE', #6587, #1536 ) ;
#3130 = CARTESIAN_POINT ( 'NONE',  ( -7.982982992848597803, 13.78148260839884642, 1.209999999999999964 ) ) ;
#3131 = DIRECTION ( 'NONE',  ( -1.000000000000000000, 0.0000000000000000000, -0.0000000000000000000 ) ) ;
#3132 = VECTOR ( 'NONE', #8544, 1000.000000000000000 ) ;
#3133 = CARTESIAN_POINT ( 'NONE',  ( -8.388661873198030250, 13.71424492980840348, 1.209999999999999964 ) ) ;
#3134 = VERTEX_POINT ( 'NONE', #1799 ) ;
#3135 = LINE ( 'NONE', #9134, #10533 ) ;
#3136 = EDGE_LOOP ( 'NONE', ( #217, #8925, #9303, #2717 ) ) ;
#3137 = CARTESIAN_POINT ( 'NONE',  ( -6.511205662297182784, 13.93120774834882880, 1.199999999999999956 ) ) ;
#3138 = CARTESIAN_POINT ( 'NONE',  ( -9.923072020657146552, 13.62775348731978298, 1.199999999999999956 ) ) ;
#3139 = PLANE ( 'NONE',  #314 ) ;
#3140 = ORIENTED_EDGE ( 'NONE', *, *, #9425, .F. ) ;
#3141 = FACE_OUTER_BOUND ( 'NONE', #7529, .T. ) ;
#3142 = ORIENTED_EDGE ( 'NONE', *, *, #289, .F. ) ;
#3143 = VECTOR ( 'NONE', #1871, 1000.000000000000000 ) ;
#3144 = CARTESIAN_POINT ( 'NONE',  ( -8.388661873198030250, 13.93120774834882880, 1.209999999999999964 ) ) ;
#3145 = ORIENTED_EDGE ( 'NONE', *, *, #10378, .F. ) ;
#3147 = CARTESIAN_POINT ( 'NONE',  ( -11.66789648465673501, 13.37711585818098037, 1.209999999999999964 ) ) ;
#3146 = DIRECTION ( 'NONE',  ( -1.000000000000000000, 0.0000000000000000000, 0.0000000000000000000 ) ) ;
#3148 = VECTOR ( 'NONE', #6633, 1000.000000000000000 ) ;
#3149 = DIRECTION ( 'NONE',  ( 1.000000000000000000, 0.0000000000000000000, 0.0000000000000000000 ) ) ;
#3150 = CARTESIAN_POINT ( 'NONE',  ( -7.993033986039764116, 14.99626644062642633, 1.199999999999999956 ) ) ;
#3151 = EDGE_CURVE ( 'NONE', #5400, #7755, #10342, .T. ) ;
#3152 = DIRECTION ( 'NONE',  ( -0.0000000000000000000, -0.0000000000000000000, 1.000000000000000000 ) ) ;
#3153 = VERTEX_POINT ( 'NONE', #6758 ) ;
#3154 = B_SPLINE_CURVE_WITH_KNOTS ( 'NONE', 3,
 ( #10695, #4038, #4825, #4712 ),
 .UNSPECIFIED., .F., .F.,
 ( 4, 4 ),
 ( 23.00000000000000000, 24.00000000000000000 ),
 .UNSPECIFIED. ) ;
#3155 = VERTEX_POINT ( 'NONE', #875 ) ;
#3156 = DIRECTION ( 'NONE',  ( 0.9306703226357524450, 0.3658589216693568513, -0.0000000000000000000 ) ) ;
#3157 = CIRCLE ( 'NONE', #9444, 0.4000000000000001887 ) ;
#3158 = CARTESIAN_POINT ( 'NONE',  ( -11.25338005210570813, 14.87130246320597493, 1.199999999999999956 ) ) ;
#3159 = LINE ( 'NONE', #6561, #7631 ) ;
#3160 = CARTESIAN_POINT ( 'NONE',  ( -5.554108500327592957, 13.77940309256395501, 1.209999999999999964 ) ) ;
#3161 = CARTESIAN_POINT ( 'NONE',  ( -7.728415596335972637, 13.40613000060642612, 1.199999999999999956 ) ) ;
#3162 = LINE ( 'NONE', #8248, #3018 ) ;
#3163 = CARTESIAN_POINT ( 'NONE',  ( -7.882299767951113090, 13.75756817632308326, 1.209999999999999964 ) ) ;
#3164 = VECTOR ( 'NONE', #3076, 1000.000000000000000 ) ;
#3165 = ORIENTED_EDGE ( 'NONE', *, *, #5920, .F. ) ;
#3166 = DIRECTION ( 'NONE',  ( 1.000000000000000000, 0.0000000000000000000, 0.0000000000000000000 ) ) ;
#3167 = ORIENTED_EDGE ( 'NONE', *, *, #10141, .F. ) ;
#3168 = DIRECTION ( 'NONE',  ( 0.0000000000000000000, 0.0000000000000000000, -1.000000000000000000 ) ) ;
#3169 = VERTEX_POINT ( 'NONE', #4311 ) ;
#3170 = VECTOR ( 'NONE', #2046, 1000.000000000000000 ) ;
#3171 = AXIS2_PLACEMENT_3D ( 'NONE', #5980, #2442, #2678 ) ;
#3172 = EDGE_CURVE ( 'NONE', #3694, #2151, #4414, .T. ) ;
#3173 = B_SPLINE_SURFACE_WITH_KNOTS ( 'NONE', 3, 1, ( 
 ( #7296, #8246 ),
 ( #566, #4051 ),
 ( #6455, #4116 ),
 ( #9875, #5793 ) ),
 .UNSPECIFIED., .F., .F., .F.,
 ( 4, 4 ),
 ( 2, 2 ),
 ( 35.00000000000000000, 36.00000000000000000 ),
 ( 0.0000000000000000000, 1.000000000000000000 ),
 .UNSPECIFIED. ) ;
#3174 = VERTEX_POINT ( 'NONE', #11075 ) ;
#3175 = VERTEX_POINT ( 'NONE', #3357 ) ;
#3176 = CARTESIAN_POINT ( 'NONE',  ( -8.476174831154338563, 15.08464586351430547, 1.199999999999999956 ) ) ;
#3177 = ORIENTED_EDGE ( 'NONE', *, *, #8773, .F. ) ;
#3178 = CARTESIAN_POINT ( 'NONE',  ( -10.07249062140200735, 13.40121564435647272, 1.199999999999999956 ) ) ;
#3179 = EDGE_LOOP ( 'NONE', ( #2401, #8015, #10840, #4743 ) ) ;
#3180 = CARTESIAN_POINT ( 'NONE',  ( -6.661277388223488138, 14.40672370207652442, 1.199999999999999956 ) ) ;
#3181 = AXIS2_PLACEMENT_3D ( 'NONE', #1218, #4660, #9395 ) ;
#3182 = EDGE_CURVE ( 'NONE', #438, #6543, #4193, .T. ) ;
#3183 = ORIENTED_EDGE ( 'NONE', *, *, #5651, .F. ) ;
#3184 = VECTOR ( 'NONE', #9086, 1000.000000000000000 ) ;
#3185 = DIRECTION ( 'NONE',  ( 0.0000000000000000000, 1.000000000000000000, -0.0000000000000000000 ) ) ;
#3186 = ADVANCED_FACE ( 'NONE', ( #6872 ), #8980, .F. ) ;
#3187 = ORIENTED_EDGE ( 'NONE', *, *, #6189, .F. ) ;
#3188 = DIRECTION ( 'NONE',  ( 0.7071067811865475727, 0.7071067811865475727, -0.0000000000000000000 ) ) ;
#3189 = FACE_OUTER_BOUND ( 'NONE', #749, .T. ) ;
#3190 = CARTESIAN_POINT ( 'NONE',  ( -5.419806436141834105, 13.33126743063374597, 1.209999999999999964 ) ) ;
#3191 = AXIS2_PLACEMENT_3D ( 'NONE', #9922, #6452, #2259 ) ;
#3192 = CARTESIAN_POINT ( 'NONE',  ( -3.810000000000000053, 14.75000000000000178, -7.100000000000000533 ) ) ;
#3193 = ORIENTED_EDGE ( 'NONE', *, *, #9682, .F. ) ;
#3194 = CARTESIAN_POINT ( 'NONE',  ( -7.923716791616747024, 13.31983009355342240, 1.209999999999999964 ) ) ;
#3195 = EDGE_LOOP ( 'NONE', ( #45, #10980, #9920, #4449 ) ) ;
#3196 = PLANE ( 'NONE',  #3317 ) ;
#3197 = CARTESIAN_POINT ( 'NONE',  ( -10.07249062140200735, 13.47833488657492751, 1.199999999999999956 ) ) ;
#3198 = PLANE ( 'NONE',  #6390 ) ;
#3199 = DIRECTION ( 'NONE',  ( -0.0000000000000000000, -0.0000000000000000000, -1.000000000000000000 ) ) ;
#3200 = ORIENTED_EDGE ( 'NONE', *, *, #2434, .T. ) ;
#3201 = AXIS2_PLACEMENT_3D ( 'NONE', #5369, #2049, #8823 ) ;
#3202 = CARTESIAN_POINT ( 'NONE',  ( -7.257751846216843106, 13.81960706532859540, 1.209999999999999964 ) ) ;
#3203 = EDGE_CURVE ( 'NONE', #6632, #3878, #6151, .T. ) ;
#3204 = LINE ( 'NONE', #1717, #8475 ) ;
#3206 = LINE ( 'NONE', #8343, #6412 ) ;
#3205 = CARTESIAN_POINT ( 'NONE',  ( -7.222400077060778578, 13.80505045449826262, 1.199999999999999956 ) ) ;
#3207 = CARTESIAN_POINT ( 'NONE',  ( -2.540000000000000036, 13.97999999999999332, -2.500000000000000000 ) ) ;
#3208 = VERTEX_POINT ( 'NONE', #2510 ) ;
#3209 = CARTESIAN_POINT ( 'NONE',  ( 3.409999999999999254, 14.75000000000000355, -2.500000000000000444 ) ) ;
#3210 = B_SPLINE_CURVE_WITH_KNOTS ( 'NONE', 3,
 ( #8826, #7704, #7186, #10716 ),
 .UNSPECIFIED., .F., .F.,
 ( 4, 4 ),
 ( 14.00000000000000000, 15.00000000000000000 ),
 .UNSPECIFIED. ) ;
#3211 = CARTESIAN_POINT ( 'NONE',  ( -9.903792302035922646, 13.62293360363234029, 1.209999999999999964 ) ) ;
#3212 = ORIENTED_EDGE ( 'NONE', *, *, #3472, .F. ) ;
#3213 = VERTEX_POINT ( 'NONE', #5934 ) ;
#3214 = ORIENTED_EDGE ( 'NONE', *, *, #4847, .F. ) ;
#3215 = AXIS2_PLACEMENT_3D ( 'NONE', #2196, #7221, #10804 ) ;
#3216 = CARTESIAN_POINT ( 'NONE',  ( -7.525662802654181860, 13.68478512218066889, 1.209999999999999964 ) ) ;
#3217 = EDGE_CURVE ( 'NONE', #936, #377, #1672, .T. ) ;
#3218 = LINE ( 'NONE', #2156, #1941 ) ;
#3219 = CARTESIAN_POINT ( 'NONE',  ( -11.80285515853674916, 14.10492951102230919, 1.209999999999999964 ) ) ;
#3220 = DIRECTION ( 'NONE',  ( -1.000000000000000000, 0.0000000000000000000, 0.0000000000000000000 ) ) ;
#3221 = LINE ( 'NONE', #567, #6761 ) ;
#3222 = DIRECTION ( 'NONE',  ( 0.0000000000000000000, 0.0000000000000000000, 1.000000000000000000 ) ) ;
#3223 = CARTESIAN_POINT ( 'NONE',  ( -7.982982992848596027, 13.69899514703465115, 1.209999999999999964 ) ) ;
#3224 = ORIENTED_EDGE ( 'NONE', *, *, #7520, .F. ) ;
#3225 = ORIENTED_EDGE ( 'NONE', *, *, #9220, .T. ) ;
#3226 = CARTESIAN_POINT ( 'NONE',  ( -6.234110177600258318, 13.40855610241303886, 1.209999999999999964 ) ) ;
#3227 = VERTEX_POINT ( 'NONE', #7933 ) ;
#3228 = DIRECTION ( 'NONE',  ( 1.000000000000000000, 0.0000000000000000000, 0.0000000000000000000 ) ) ;
#3229 = EDGE_CURVE ( 'NONE', #967, #2889, #6415, .T. ) ;
#3230 = EDGE_LOOP ( 'NONE', ( #3225, #5454, #7694, #10367 ) ) ;
#3231 = VECTOR ( 'NONE', #9253, 1000.000000000000000 ) ;
#3232 = EDGE_LOOP ( 'NONE', ( #4747, #9207, #10730, #3572 ) ) ;
#3233 = ORIENTED_EDGE ( 'NONE', *, *, #8657, .T. ) ;
#3234 = CARTESIAN_POINT ( 'NONE',  ( -7.137486513894619300, 13.11014558042819367, 1.209999999999999964 ) ) ;
#3235 = ORIENTED_EDGE ( 'NONE', *, *, #4957, .T. ) ;
#3236 = CARTESIAN_POINT ( 'NONE',  ( -10.00983121411961818, 13.33373616951289620, 1.209999999999999964 ) ) ;
#3237 = CARTESIAN_POINT ( 'NONE',  ( 7.000000000000000000, -12.29999999999999893, 0.0000000000000000000 ) ) ;
#3238 = ADVANCED_FACE ( 'NONE', ( #2890 ), #2117, .F. ) ;
#3239 = DIRECTION ( 'NONE',  ( 0.7071067811865475727, -0.7071067811865475727, 0.0000000000000000000 ) ) ;
#3240 = EDGE_CURVE ( 'NONE', #7558, #3213, #2946, .T. ) ;
#3241 = VERTEX_POINT ( 'NONE', #2221 ) ;
#3242 = LINE ( 'NONE', #7530, #6367 ) ;
#3243 = UNCERTAINTY_MEASURE_WITH_UNIT (LENGTH_MEASURE( 1.000000000000000082E-05 ), #11003, 'distance_accuracy_value', 'NONE');
#3244 = LINE ( 'NONE', #4082, #6548 ) ;
#3245 = EDGE_CURVE ( 'NONE', #10798, #6332, #656, .T. ) ;
#3246 = ADVANCED_FACE ( 'NONE', ( #2332 ), #4907, .F. ) ;
#3247 = DIRECTION ( 'NONE',  ( -0.0000000000000000000, -0.0000000000000000000, -1.000000000000000000 ) ) ;
#3248 = VERTEX_POINT ( 'NONE', #10 ) ;
#3249 = FACE_OUTER_BOUND ( 'NONE', #8397, .T. ) ;
#3250 = ORIENTED_EDGE ( 'NONE', *, *, #10847, .F. ) ;
#3251 = LINE ( 'NONE', #8167, #7057 ) ;
#3252 = DIRECTION ( 'NONE',  ( 0.0000000000000000000, -1.000000000000000000, 0.0000000000000000000 ) ) ;
#3253 = ORIENTED_EDGE ( 'NONE', *, *, #578, .F. ) ;
#3254 = EDGE_CURVE ( 'NONE', #3096, #2197, #10159, .T. ) ;
#3255 = CARTESIAN_POINT ( 'NONE',  ( -5.670214800984680892, 13.52604874695694903, 1.209999999999999964 ) ) ;
#3256 = VERTEX_POINT ( 'NONE', #10268 ) ;
#3257 = B_SPLINE_CURVE_WITH_KNOTS ( 'NONE', 3,
 ( #3787, #8820, #8720, #7179 ),
 .UNSPECIFIED., .F., .F.,
 ( 4, 4 ),
 ( 4.000000000000000000, 5.000000000000000000 ),
 .UNSPECIFIED. ) ;
#3258 = ORIENTED_EDGE ( 'NONE', *, *, #10912, .T. ) ;
#3259 = ADVANCED_FACE ( 'NONE', ( #8611 ), #5325, .F. ) ;
#3261 = PLANE ( 'NONE',  #7846 ) ;
#3260 = CARTESIAN_POINT ( 'NONE',  ( -7.935154128697067044, 13.73781277591247552, 1.199999999999999956 ) ) ;
#3262 = CARTESIAN_POINT ( 'NONE',  ( 5.079999999999999183, 15.51999999999999957, -2.500000000000000000 ) ) ;
#3263 = ORIENTED_EDGE ( 'NONE', *, *, #1283, .T. ) ;
#3264 = CARTESIAN_POINT ( 'NONE',  ( -5.916117548195297005, 13.93120774834882880, 1.209999999999999964 ) ) ;
#3265 = CARTESIAN_POINT ( 'NONE',  ( -7.726162787517545816, 13.33126743063374597, 1.209999999999999964 ) ) ;
#3266 = EDGE_CURVE ( 'NONE', #8717, #6991, #5860, .T. ) ;
#3267 = ORIENTED_EDGE ( 'NONE', *, *, #6657, .T. ) ;
#3268 = ORIENTED_EDGE ( 'NONE', *, *, #3464, .F. ) ;
#3269 = ORIENTED_EDGE ( 'NONE', *, *, #10572, .T. ) ;
#3270 = B_SPLINE_SURFACE_WITH_KNOTS ( 'NONE', 3, 1, ( 
 ( #10111, #8315 ),
 ( #868, #9472 ),
 ( #1792, #4244 ),
 ( #4303, #2440 ) ),
 .UNSPECIFIED., .F., .F., .F.,
 ( 4, 4 ),
 ( 2, 2 ),
 ( 2.000000000000000000, 3.000000000000000000 ),
 ( 0.0000000000000000000, 1.000000000000000000 ),
 .UNSPECIFIED. ) ;
#3271 = CARTESIAN_POINT ( 'NONE',  ( -6.567525882764849499, 14.55471591216333493, 1.199999999999999956 ) ) ;
#3272 = DIRECTION ( 'NONE',  ( -1.000000000000000000, 0.0000000000000000000, 0.0000000000000000000 ) ) ;
#3273 = CARTESIAN_POINT ( 'NONE',  ( -0.4999999999999935052, 13.47999999999999865, -2.500000000000000000 ) ) ;
#3274 = CARTESIAN_POINT ( 'NONE',  ( 13.71000000000000085, -5.099999999999998757, 2.600000000000000533 ) ) ;
#3275 = DIRECTION ( 'NONE',  ( -0.0000000000000000000, -0.0000000000000000000, 1.000000000000000000 ) ) ;
#3276 = DIRECTION ( 'NONE',  ( -1.000000000000000000, 0.0000000000000000000, 0.0000000000000000000 ) ) ;
#3277 = VERTEX_POINT ( 'NONE', #5132 ) ;
#3278 = DIRECTION ( 'NONE',  ( -0.0000000000000000000, -1.000000000000000000, -0.0000000000000000000 ) ) ;
#3279 = ORIENTED_EDGE ( 'NONE', *, *, #741, .F. ) ;
#3280 = CARTESIAN_POINT ( 'NONE',  ( -7.641249224351385649, 13.33126743063374597, 1.199999999999999956 ) ) ;
#3281 = ORIENTED_EDGE ( 'NONE', *, *, #4488, .F. ) ;
#3282 = VECTOR ( 'NONE', #1054, 1000.000000000000000 ) ;
#3283 = ORIENTED_EDGE ( 'NONE', *, *, #8773, .T. ) ;
#3284 = PLANE ( 'NONE',  #10580 ) ;
#3285 = ORIENTED_EDGE ( 'NONE', *, *, #8389, .F. ) ;
#3286 = CARTESIAN_POINT ( 'NONE',  ( -5.916117548195297893, 13.93120774834882880, 1.209999999999999964 ) ) ;
#3287 = VERTEX_POINT ( 'NONE', #3516 ) ;
#3288 = CARTESIAN_POINT ( 'NONE',  ( -5.755474950122565936, 14.40672370207652264, 1.209999999999999964 ) ) ;
#3289 = ORIENTED_EDGE ( 'NONE', *, *, #5234, .T. ) ;
#3290 = VECTOR ( 'NONE', #1975, 1000.000000000000000 ) ;
#3291 = CARTESIAN_POINT ( 'NONE',  ( -5.201803859686291887, 13.87506082086700054, 1.199999999999999956 ) ) ;
#3292 = CARTESIAN_POINT ( 'NONE',  ( -7.728415596335972637, 13.40613000060642612, 1.199999999999999956 ) ) ;
#3293 = EDGE_CURVE ( 'NONE', #10184, #7635, #2669, .T. ) ;
#3294 = LINE ( 'NONE', #10066, #785 ) ;
#3295 = EDGE_LOOP ( 'NONE', ( #8309, #6976, #6527, #5049 ) ) ;
#3297 = DIRECTION ( 'NONE',  ( -0.0000000000000000000, -0.0000000000000000000, -1.000000000000000000 ) ) ;
#3296 = AXIS2_PLACEMENT_3D ( 'NONE', #592, #379, #7207 ) ;
#3298 = ORIENTED_EDGE ( 'NONE', *, *, #5595, .F. ) ;
#3299 = DIRECTION ( 'NONE',  ( -1.000000000000000000, -0.0000000000000000000, -0.0000000000000000000 ) ) ;
#3300 = CARTESIAN_POINT ( 'NONE',  ( -6.519177139655771391, 14.60150501839973103, 1.209999999999999964 ) ) ;
#3301 = ORIENTED_EDGE ( 'NONE', *, *, #221, .F. ) ;
#3302 = DIRECTION ( 'NONE',  ( 1.000000000000000000, 0.0000000000000000000, -0.0000000000000000000 ) ) ;
#3303 = EDGE_LOOP ( 'NONE', ( #4315, #979, #5362, #2692 ) ) ;
#3304 = CARTESIAN_POINT ( 'NONE',  ( 3.809999999999999609, 14.75000000000000355, 2.000000000000000000 ) ) ;
#3305 = DIRECTION ( 'NONE',  ( 0.0000000000000000000, 0.0000000000000000000, 1.000000000000000000 ) ) ;
#3306 = ADVANCED_FACE ( 'NONE', ( #3404 ), #6803, .F. ) ;
#3307 = VECTOR ( 'NONE', #1708, 1000.000000000000000 ) ;
#3308 = CARTESIAN_POINT ( 'NONE',  ( -7.337120033828714583, 13.82653878477206355, 1.209999999999999964 ) ) ;
#3309 = ORIENTED_EDGE ( 'NONE', *, *, #10241, .T. ) ;
#3310 = EDGE_CURVE ( 'NONE', #10668, #1113, #8554, .T. ) ;
#3311 = EDGE_CURVE ( 'NONE', #2151, #1370, #2551, .T. ) ;
#3312 = CARTESIAN_POINT ( 'NONE',  ( -9.744733566180256545, 14.37484685878232860, 1.199999999999999956 ) ) ;
#3313 = DIRECTION ( 'NONE',  ( 0.8840949502478816502, 0.4673073067545548964, 0.0000000000000000000 ) ) ;
#3314 = VERTEX_POINT ( 'NONE', #3577 ) ;
#3315 = CARTESIAN_POINT ( 'NONE',  ( -10.69908497005151204, 13.81573207690749072, 1.199999999999999956 ) ) ;
#3316 = CARTESIAN_POINT ( 'NONE',  ( -5.656351362102395086, 13.91942382529679811, 1.199999999999999956 ) ) ;
#3317 = AXIS2_PLACEMENT_3D ( 'NONE', #7485, #4705, #2242 ) ;
#3318 = ORIENTED_EDGE ( 'NONE', *, *, #501, .F. ) ;
#3319 = ORIENTED_EDGE ( 'NONE', *, *, #10571, .T. ) ;
#3320 = ADVANCED_FACE ( 'NONE', ( #7575 ), #5591, .F. ) ;
#3321 = EDGE_LOOP ( 'NONE', ( #7671, #10240, #2458, #1018 ) ) ;
#3322 = EDGE_CURVE ( 'NONE', #2706, #416, #235, .T. ) ;
#3323 = DIRECTION ( 'NONE',  ( 0.0000000000000000000, -1.000000000000000000, 0.0000000000000000000 ) ) ;
#3324 = LOCAL_TIME ( 16, 8, 52.00000000000000000, #5258 ) ;
#3325 = CARTESIAN_POINT ( 'NONE',  ( 1.270000000000000240, 14.75000000000000178, 1.600000000000000089 ) ) ;
#3326 = DIRECTION ( 'NONE',  ( -1.000000000000000000, 0.0000000000000000000, 0.0000000000000000000 ) ) ;
#3327 = EDGE_CURVE ( 'NONE', #3047, #3153, #4558, .T. ) ;
#3328 = CARTESIAN_POINT ( 'NONE',  ( -10.87742351646410910, 13.59401374989802136, 1.209999999999999964 ) ) ;
#3329 = CARTESIAN_POINT ( 'NONE',  ( 14.70999999999999730, 8.599999999999999645, 2.600000000000000533 ) ) ;
#3330 = CARTESIAN_POINT ( 'NONE',  ( -7.771045670904913827, 14.39528636499620617, 1.209999999999999964 ) ) ;
#3331 = CARTESIAN_POINT ( 'NONE',  ( 0.0000000000000000000, 0.0000000000000000000, 1.209999999999999964 ) ) ;
#3332 = ORIENTED_EDGE ( 'NONE', *, *, #843, .T. ) ;
#3333 = FACE_OUTER_BOUND ( 'NONE', #9629, .T. ) ;
#3334 = VERTEX_POINT ( 'NONE', #2874 ) ;
#3335 = CARTESIAN_POINT ( 'NONE',  ( -6.050766198357377945, 14.95051709230978787, 1.199999999999999956 ) ) ;
#3336 = EDGE_LOOP ( 'NONE', ( #2696, #5266, #316, #282 ) ) ;
#3337 = DIRECTION ( 'NONE',  ( -1.000000000000000000, 0.0000000000000000000, 0.0000000000000000000 ) ) ;
#3338 = CARTESIAN_POINT ( 'NONE',  ( -7.117731113486324368, 14.78970120125118903, 1.199999999999999956 ) ) ;
#3339 = CARTESIAN_POINT ( 'NONE',  ( -6.437209557253773973, 14.93492072356431954, 1.199999999999999956 ) ) ;
#3340 = CARTESIAN_POINT ( 'NONE',  ( -10.97382266116828298, 14.78454322377911012, 1.209999999999999964 ) ) ;
#3341 = AXIS2_PLACEMENT_3D ( 'NONE', #1267, #9847, #3813 ) ;
#3342 = CARTESIAN_POINT ( 'NONE',  ( -5.770031560952896932, 13.91006600404674742, 1.209999999999999964 ) ) ;
#3343 = VERTEX_POINT ( 'NONE', #6292 ) ;
#3344 = VERTEX_POINT ( 'NONE', #10491 ) ;
#3345 = FACE_OUTER_BOUND ( 'NONE', #2067, .T. ) ;
#3346 = ORIENTED_EDGE ( 'NONE', *, *, #2962, .T. ) ;
#3347 = CARTESIAN_POINT ( 'NONE',  ( -12.10651261144982982, 14.09528937591381847, 1.199999999999999956 ) ) ;
#3348 = ORIENTED_EDGE ( 'NONE', *, *, #460, .T. ) ;
#3349 = CARTESIAN_POINT ( 'NONE',  ( -3.810000000000000053, 14.75000000000000178, 1.600000000000000089 ) ) ;
#3350 = ORIENTED_EDGE ( 'NONE', *, *, #3618, .F. ) ;
#3351 = DIRECTION ( 'NONE',  ( -0.0000000000000000000, -0.0000000000000000000, -1.000000000000000000 ) ) ;
#3352 = ORIENTED_EDGE ( 'NONE', *, *, #8665, .T. ) ;
#3353 = CARTESIAN_POINT ( 'NONE',  ( -1.269999999999999796, 14.75000000000000178, 2.000000000000000000 ) ) ;
#3354 = VECTOR ( 'NONE', #8244, 1000.000000000000114 ) ;
#3355 = VECTOR ( 'NONE', #80, 1000.000000000000000 ) ;
#3356 = VERTEX_POINT ( 'NONE', #10385 ) ;
#3357 = CARTESIAN_POINT ( 'NONE',  ( -8.388661873198030250, 13.40855610241303886, 1.199999999999999956 ) ) ;
#3358 = LINE ( 'NONE', #5035, #4763 ) ;
#3359 = EDGE_CURVE ( 'NONE', #9595, #4295, #1943, .T. ) ;
#3360 = DIRECTION ( 'NONE',  ( 0.0000000000000000000, 0.0000000000000000000, 1.000000000000000000 ) ) ;
#3361 = DIRECTION ( 'NONE',  ( 0.3667976789509244662, 0.9303007377811836065, -0.0000000000000000000 ) ) ;
#3362 = VERTEX_POINT ( 'NONE', #9672 ) ;
#3363 = CARTESIAN_POINT ( 'NONE',  ( -7.319790735222381883, 13.38914728797413289, 1.199999999999999956 ) ) ;
#3364 = ORIENTED_EDGE ( 'NONE', *, *, #1445, .F. ) ;
#3365 = LINE ( 'NONE', #6702, #10997 ) ;
#3366 = CARTESIAN_POINT ( 'NONE',  ( -6.495089414594157340, 14.75192333029313829, 1.199999999999999956 ) ) ;
#3367 = ORIENTED_EDGE ( 'NONE', *, *, #2434, .F. ) ;
#3368 = B_SPLINE_SURFACE_WITH_KNOTS ( 'NONE', 3, 1, ( 
 ( #2482, #5909 ),
 ( #11050, #5964 ),
 ( #4669, #7060 ),
 ( #1229, #9665 ) ),
 .UNSPECIFIED., .F., .F., .F.,
 ( 4, 4 ),
 ( 2, 2 ),
 ( 14.00000000000000000, 15.00000000000000000 ),
 ( 0.0000000000000000000, 1.000000000000000000 ),
 .UNSPECIFIED. ) ;
#3369 = CARTESIAN_POINT ( 'NONE',  ( 6.500000000000000000, -14.83447752647037987, -0.1339798481102604799 ) ) ;
#3370 = EDGE_LOOP ( 'NONE', ( #10122, #1339, #690, #7389, #7977, #8414, #881, #7174, #11065, #4073, #7926, #5385, #8689, #9221, #2640, #5598, #3063, #8854, #2902, #6575, #9944, #7316, #10348, #7731, #2170, #6810 ) ) ;
#3371 = CARTESIAN_POINT ( 'NONE',  ( -8.388661873198030250, 15.08464586351430547, 1.209999999999999964 ) ) ;
#3372 = CARTESIAN_POINT ( 'NONE',  ( -5.720469766942801293, 13.86743592948012349, 1.209999999999999964 ) ) ;
#3373 = B_SPLINE_CURVE_WITH_KNOTS ( 'NONE', 3,
 ( #9055, #2222, #1366, #4791 ),
 .UNSPECIFIED., .F., .F.,
 ( 4, 4 ),
 ( 8.000000000000000000, 9.000000000000000000 ),
 .UNSPECIFIED. ) ;
#3374 = EDGE_CURVE ( 'NONE', #4158, #9286, #5475, .T. ) ;
#3375 = VECTOR ( 'NONE', #3351, 1000.000000000000000 ) ;
#3376 = DIRECTION ( 'NONE',  ( -0.3559357243698776929, -0.9345104387417458858, -0.0000000000000000000 ) ) ;
#3377 = CARTESIAN_POINT ( 'NONE',  ( 8.713066640240183958, -11.36787109524561856, -1.000000000000000000 ) ) ;
#3378 = CARTESIAN_POINT ( 'NONE',  ( -7.447680958929176143, 14.40672370207652264, 1.199999999999999956 ) ) ;
#3379 = ORIENTED_EDGE ( 'NONE', *, *, #3795, .F. ) ;
#3380 = DIRECTION ( 'NONE',  ( -1.000000000000000000, 0.0000000000000000000, 0.0000000000000000000 ) ) ;
#3381 = DIRECTION ( 'NONE',  ( 1.000000000000000000, 0.0000000000000000000, 0.0000000000000000000 ) ) ;
#3382 = VECTOR ( 'NONE', #4165, 1000.000000000000000 ) ;
#3383 = ORIENTED_EDGE ( 'NONE', *, *, #7669, .F. ) ;
#3384 = ORIENTED_EDGE ( 'NONE', *, *, #2758, .F. ) ;
#3385 = ADVANCED_FACE ( 'NONE', ( #5418 ), #8878, .T. ) ;
#3386 = EDGE_CURVE ( 'NONE', #1091, #9331, #1181, .T. ) ;
#3387 = LINE ( 'NONE', #680, #6059 ) ;
#3388 = AXIS2_PLACEMENT_3D ( 'NONE', #1719, #6091, #9529 ) ;
#3389 = DIRECTION ( 'NONE',  ( 0.0000000000000000000, 0.0000000000000000000, -1.000000000000000000 ) ) ;
#3390 = FACE_BOUND ( 'NONE', #6308, .T. ) ;
#3391 = CARTESIAN_POINT ( 'NONE',  ( -5.812315049547805756, 13.33126743063374420, 1.209999999999999964 ) ) ;
#3392 = B_SPLINE_CURVE_WITH_KNOTS ( 'NONE', 3,
 ( #10546, #7919, #10383, #2873 ),
 .UNSPECIFIED., .F., .F.,
 ( 4, 4 ),
 ( 4.000000000000000000, 5.000000000000000000 ),
 .UNSPECIFIED. ) ;
#3393 = EDGE_CURVE ( 'NONE', #47, #10874, #3257, .T. ) ;
#3394 = CARTESIAN_POINT ( 'NONE',  ( -7.104040967587574862, 13.10321386098472374, 1.199999999999999956 ) ) ;
#3395 = CARTESIAN_POINT ( 'NONE',  ( -6.761614027144654315, 15.08464586351430547, 1.209999999999999964 ) ) ;
#3396 = ORIENTED_EDGE ( 'NONE', *, *, #1263, .F. ) ;
#3397 = LINE ( 'NONE', #2280, #10006 ) ;
#3398 = EDGE_LOOP ( 'NONE', ( #7407, #5887, #8258, #9657 ) ) ;
#3399 = FACE_OUTER_BOUND ( 'NONE', #7935, .T. ) ;
#3400 = EDGE_LOOP ( 'NONE', ( #2791, #2460, #2546, #1393 ) ) ;
#3401 = VECTOR ( 'NONE', #2910, 1000.000000000000000 ) ;
#3402 = VERTEX_POINT ( 'NONE', #9768 ) ;
#3403 = EDGE_CURVE ( 'NONE', #2557, #5372, #2101, .T. ) ;
#3404 = FACE_OUTER_BOUND ( 'NONE', #1862, .T. ) ;
#3405 = DIRECTION ( 'NONE',  ( -0.0000000000000000000, 0.0000000000000000000, 1.000000000000000000 ) ) ;
#3406 = CARTESIAN_POINT ( 'NONE',  ( -7.679200388297622304, 15.09608320059462017, 1.199999999999999956 ) ) ;
#3407 = AXIS2_PLACEMENT_3D ( 'NONE', #3331, #3457, #7630 ) ;
#3408 = CARTESIAN_POINT ( 'NONE',  ( -11.22928026592793316, 14.58692523454548784, 1.209999999999999964 ) ) ;
#3409 = ORIENTED_EDGE ( 'NONE', *, *, #10471, .T. ) ;
#3410 = VERTEX_POINT ( 'NONE', #9575 ) ;
#3411 = DIRECTION ( 'NONE',  ( -0.0000000000000000000, -0.0000000000000000000, 1.000000000000000000 ) ) ;
#3412 = VERTEX_POINT ( 'NONE', #8934 ) ;
#3413 = FACE_BOUND ( 'NONE', #3511, .T. ) ;
#3414 = ORIENTED_EDGE ( 'NONE', *, *, #7766, .F. ) ;
#3415 = CARTESIAN_POINT ( 'NONE',  ( -4.209999999999999964, 14.75000000000000178, 2.000000000000000000 ) ) ;
#3416 = ORIENTED_EDGE ( 'NONE', *, *, #4883, .F. ) ;
#3417 = EDGE_CURVE ( 'NONE', #10952, #7635, #6190, .T. ) ;
#3418 = DIRECTION ( 'NONE',  ( 0.0000000000000000000, 0.0000000000000000000, 1.000000000000000000 ) ) ;
#3419 = ORIENTED_EDGE ( 'NONE', *, *, #3472, .T. ) ;
#3420 = EDGE_CURVE ( 'NONE', #3458, #5080, #1030, .T. ) ;
#3421 = CARTESIAN_POINT ( 'NONE',  ( -5.724455505617483730, 13.97938319846743838, 1.209999999999999964 ) ) ;
#3422 = VECTOR ( 'NONE', #4881, 1000.000000000000000 ) ;
#3423 = ORIENTED_EDGE ( 'NONE', *, *, #3266, .T. ) ;
#3424 = DIRECTION ( 'NONE',  ( 1.000000000000000000, 0.0000000000000000000, 0.0000000000000000000 ) ) ;
#3425 = LINE ( 'NONE', #2684, #3355 ) ;
#3426 = PLANE ( 'NONE',  #2810 ) ;
#3427 = DIRECTION ( 'NONE',  ( -0.0000000000000000000, -0.0000000000000000000, -1.000000000000000000 ) ) ;
#3428 = ORIENTED_EDGE ( 'NONE', *, *, #4019, .F. ) ;
#3429 = FACE_OUTER_BOUND ( 'NONE', #946, .T. ) ;
#3430 = ORIENTED_EDGE ( 'NONE', *, *, #1263, .T. ) ;
#3431 = CARTESIAN_POINT ( 'NONE',  ( 16.99999999999999645, -11.50000000000000000, 1.199999999999999956 ) ) ;
#3432 = PLANE ( 'NONE',  #351 ) ;
#3433 = ORIENTED_EDGE ( 'NONE', *, *, #7311, .F. ) ;
#3434 = EDGE_CURVE ( 'NONE', #888, #5277, #183, .T. ) ;
#3435 = ORIENTED_EDGE ( 'NONE', *, *, #9703, .F. ) ;
#3436 = CARTESIAN_POINT ( 'NONE',  ( -7.816275140263978294, 13.82653878477206355, 1.209999999999999964 ) ) ;
#3437 = VERTEX_POINT ( 'NONE', #8774 ) ;
#3438 = LINE ( 'NONE', #5047, #2655 ) ;
#3439 = ORIENTED_EDGE ( 'NONE', *, *, #9756, .T. ) ;
#3440 = CARTESIAN_POINT ( 'NONE',  ( -10.87742351646410910, 13.38675562555588883, 1.199999999999999956 ) ) ;
#3441 = CARTESIAN_POINT ( 'NONE',  ( 2.540000000000000036, 16.01999999999999957, -2.500000000000000000 ) ) ;
#3442 = CARTESIAN_POINT ( 'NONE',  ( -10.91598304563763655, 13.97961060451951099, 1.199999999999999956 ) ) ;
#3443 = CARTESIAN_POINT ( 'NONE',  ( 15.19999999999999929, 14.25000000000000178, -0.1339798481102603966 ) ) ;
#3444 = B_SPLINE_SURFACE_WITH_KNOTS ( 'NONE', 3, 1, ( 
 ( #1537, #4901 ),
 ( #8995, #8254 ),
 ( #5638, #7351 ),
 ( #7403, #6572 ) ),
 .UNSPECIFIED., .F., .F., .F.,
 ( 4, 4 ),
 ( 2, 2 ),
 ( 33.00000000000000000, 34.00000000000000000 ),
 ( 0.0000000000000000000, 1.000000000000000000 ),
 .UNSPECIFIED. ) ;
#3445 = EDGE_CURVE ( 'NONE', #2889, #9036, #4507, .T. ) ;
#3446 = EDGE_CURVE ( 'NONE', #10832, #7036, #4053, .T. ) ;
#3447 = ORIENTED_EDGE ( 'NONE', *, *, #4043, .T. ) ;
#3448 = VERTEX_POINT ( 'NONE', #3050 ) ;
#3449 = LINE ( 'NONE', #786, #1201 ) ;
#3450 = FACE_OUTER_BOUND ( 'NONE', #2288, .T. ) ;
#3451 = CARTESIAN_POINT ( 'NONE',  ( 13.69999999999999751, 14.25000000000000178, 0.0000000000000000000 ) ) ;
#3452 = CARTESIAN_POINT ( 'NONE',  ( 16.70000000000000284, 14.25000000000000178, -0.1339798481102603966 ) ) ;
#3453 = ADVANCED_FACE ( 'NONE', ( #7233 ), #10581, .F. ) ;
#3454 = CARTESIAN_POINT ( 'NONE',  ( 0.0000000000000000000, 0.0000000000000000000, 1.199999999999999956 ) ) ;
#3455 = CARTESIAN_POINT ( 'NONE',  ( -15.19999999999999929, 14.25000000000000178, 1.099999999999999867 ) ) ;
#3456 = ORIENTED_EDGE ( 'NONE', *, *, #10026, .T. ) ;
#3457 = DIRECTION ( 'NONE',  ( -0.0000000000000000000, 0.0000000000000000000, -1.000000000000000000 ) ) ;
#3458 = VERTEX_POINT ( 'NONE', #5680 ) ;
#3459 = DIRECTION ( 'NONE',  ( -0.0000000000000000000, 1.000000000000000000, -0.0000000000000000000 ) ) ;
#3460 = ORIENTED_EDGE ( 'NONE', *, *, #8815, .T. ) ;
#3461 = ADVANCED_FACE ( 'NONE', ( #2991 ), #4722, .F. ) ;
#3462 = CARTESIAN_POINT ( 'NONE',  ( -6.505313700773485586, 14.99488009673958011, 1.199999999999999956 ) ) ;
#3463 = CARTESIAN_POINT ( 'NONE',  ( -17.00000000000000355, -11.50000000000000000, 1.199999999999999956 ) ) ;
#3464 = EDGE_CURVE ( 'NONE', #1025, #1302, #1414, .T. ) ;
#3465 = FACE_OUTER_BOUND ( 'NONE', #1532, .T. ) ;
#3466 = ORIENTED_EDGE ( 'NONE', *, *, #6438, .F. ) ;
#3467 = CARTESIAN_POINT ( 'NONE',  ( -11.25338005210570813, 14.87130246320597493, 1.199999999999999956 ) ) ;
#3468 = LINE ( 'NONE', #6864, #8618 ) ;
#3469 = LINE ( 'NONE', #11007, #9627 ) ;
#3470 = CARTESIAN_POINT ( 'NONE',  ( -7.993033986039764116, 14.99626644062642633, 1.209999999999999964 ) ) ;
#3471 = DIRECTION ( 'NONE',  ( -0.3385350342956584546, -0.9409537876827095415, 0.0000000000000000000 ) ) ;
#3472 = EDGE_CURVE ( 'NONE', #8149, #10950, #10816, .T. ) ;
#3473 = EDGE_CURVE ( 'NONE', #2398, #6340, #3218, .T. ) ;
#3474 = ORIENTED_EDGE ( 'NONE', *, *, #10834, .F. ) ;
#3475 = VECTOR ( 'NONE', #6404, 1000.000000000000000 ) ;
#3476 = PERSON ( '未指定', '未指定', '未指定', ('未指定'), ('未指定'), ('未指定') ) ;
#3477 = CARTESIAN_POINT ( 'NONE',  ( -6.511205662297182784, 13.63660967205741414, 1.199999999999999956 ) ) ;
#3478 = CARTESIAN_POINT ( 'NONE',  ( -7.222400077060778578, 13.72256299313872141, 1.199999999999999956 ) ) ;
#3479 = SPHERICAL_SURFACE ( 'NONE', #6730, 0.4000000000000000222 ) ;
#3480 = CARTESIAN_POINT ( 'NONE',  ( -6.955008999581013818, 14.40672370207652264, 1.199999999999999956 ) ) ;
#3481 = CARTESIAN_POINT ( 'NONE',  ( -7.438149844697894864, 13.71181882800181917, 1.209999999999999964 ) ) ;
#3482 = ORIENTED_EDGE ( 'NONE', *, *, #9836, .T. ) ;
#3483 = LINE ( 'NONE', #6879, #1900 ) ;
#3484 = CARTESIAN_POINT ( 'NONE',  ( -6.567525882764849499, 14.55471591216333493, 1.199999999999999956 ) ) ;
#3485 = EDGE_LOOP ( 'NONE', ( #4922, #9265, #1228, #7570 ) ) ;
#3486 = VECTOR ( 'NONE', #6957, 1000.000000000000000 ) ;
#3487 = ORIENTED_EDGE ( 'NONE', *, *, #804, .T. ) ;
#3488 = CARTESIAN_POINT ( 'NONE',  ( -5.164719160667035958, 14.00918959207152348, 1.209999999999999964 ) ) ;
#3489 = ORIENTED_EDGE ( 'NONE', *, *, #2146, .T. ) ;
#3490 = ORIENTED_EDGE ( 'NONE', *, *, #4688, .T. ) ;
#3491 = B_SPLINE_CURVE_WITH_KNOTS ( 'NONE', 3,
 ( #7691, #57, #9118, #10991 ),
 .UNSPECIFIED., .F., .F.,
 ( 4, 4 ),
 ( 35.00000000000000000, 36.00000000000000000 ),
 .UNSPECIFIED. ) ;
#3492 = CARTESIAN_POINT ( 'NONE',  ( -10.57858613110296098, 13.52171457523841447, 1.199999999999999956 ) ) ;
#3493 = EDGE_LOOP ( 'NONE', ( #10335, #10897, #858, #1922 ) ) ;
#3494 = VECTOR ( 'NONE', #1803, 1000.000000000000000 ) ;
#3495 = PLANE ( 'NONE',  #49 ) ;
#3496 = FACE_OUTER_BOUND ( 'NONE', #1810, .T. ) ;
#3497 = ORIENTED_EDGE ( 'NONE', *, *, #3101, .T. ) ;
#3498 = DIRECTION ( 'NONE',  ( 1.000000000000000000, 0.0000000000000000000, 0.0000000000000000000 ) ) ;
#3499 = ORIENTED_EDGE ( 'NONE', *, *, #4512, .F. ) ;
#3500 = LINE ( 'NONE', #10138, #10369 ) ;
#3501 = VERTEX_POINT ( 'NONE', #2317 ) ;
#3502 = VERTEX_POINT ( 'NONE', #9041 ) ;
#3503 = VECTOR ( 'NONE', #5112, 1000.000000000000000 ) ;
#3504 = DIRECTION ( 'NONE',  ( -1.000000000000000000, 0.0000000000000000000, 0.0000000000000000000 ) ) ;
#3505 = FACE_OUTER_BOUND ( 'NONE', #231, .T. ) ;
#3506 = EDGE_CURVE ( 'NONE', #4197, #2453, #6200, .T. ) ;
#3507 = CARTESIAN_POINT ( 'NONE',  ( -8.118671400925821402, 14.48401237385580131, 1.199999999999999956 ) ) ;
#3508 = DIRECTION ( 'NONE',  ( 0.7071067811865474617, 0.7071067811865474617, -0.0000000000000000000 ) ) ;
#3509 = LINE ( 'NONE', #2601, #3132 ) ;
#3510 = PLANE ( 'NONE',  #9670 ) ;
#3511 = EDGE_LOOP ( 'NONE', ( #4848, #7064, #6705, #8563, #6233, #4991, #3140, #526 ) ) ;
#3512 = CARTESIAN_POINT ( 'NONE',  ( -5.225544998776203265, 13.87506082086700054, 1.199999999999999956 ) ) ;
#3513 = B_SPLINE_CURVE_WITH_KNOTS ( 'NONE', 3,
 ( #137, #5149, #6152, #8570 ),
 .UNSPECIFIED., .F., .F.,
 ( 4, 4 ),
 ( 2.000000000000000000, 3.000000000000000000 ),
 .UNSPECIFIED. ) ;
#3514 = ADVANCED_FACE ( 'NONE', ( #3102 ), #8243, .F. ) ;
#3515 = CC_DESIGN_APPROVAL ( #5342, ( #6531 ) ) ;
#3516 = CARTESIAN_POINT ( 'NONE',  ( -6.500000000000000000, -14.83447752647037987, -0.1339798481102604799 ) ) ;
#3517 = CARTESIAN_POINT ( 'NONE',  ( -5.656351362102395086, 13.91942382529679811, 1.199999999999999956 ) ) ;
#3518 = DIRECTION ( 'NONE',  ( 1.000000000000000000, -0.0000000000000000000, -0.0000000000000000000 ) ) ;
#3519 = CARTESIAN_POINT ( 'NONE',  ( -8.111566388498816949, 13.40855610241303886, 1.199999999999999956 ) ) ;
#3520 = AXIS2_PLACEMENT_3D ( 'NONE', #3879, #7491, #7427 ) ;
#3521 = ORIENTED_EDGE ( 'NONE', *, *, #4858, .T. ) ;
#3522 = DATE_TIME_ROLE ( 'creation_date' ) ;
#3523 = VERTEX_POINT ( 'NONE', #4889 ) ;
#3524 = CARTESIAN_POINT ( 'NONE',  ( -9.209718386616387420, 13.54581436141388195, 1.199999999999999956 ) ) ;
#3525 = LINE ( 'NONE', #2559, #651 ) ;
#3526 = DIRECTION ( 'NONE',  ( 0.0000000000000000000, 1.000000000000000000, 0.0000000000000000000 ) ) ;
#3527 = EDGE_CURVE ( 'NONE', #4087, #455, #5625, .T. ) ;
#3528 = ADVANCED_FACE ( 'NONE', ( #8298 ), #621, .F. ) ;
#3529 = ORIENTED_EDGE ( 'NONE', *, *, #7194, .T. ) ;
#3530 = AXIS2_PLACEMENT_3D ( 'NONE', #8158, #4588, #3867 ) ;
#3531 = VECTOR ( 'NONE', #3649, 1000.000000000000114 ) ;
#3532 = CARTESIAN_POINT ( 'NONE',  ( -6.018533702951326170, 13.93120774834882880, 1.209999999999999964 ) ) ;
#3533 = CARTESIAN_POINT ( 'NONE',  ( -6.063416586338694181, 14.99799937048959464, 1.209999999999999964 ) ) ;
#3534 = DIRECTION ( 'NONE',  ( 0.0000000000000000000, -0.0000000000000000000, 1.000000000000000000 ) ) ;
#3535 = B_SPLINE_CURVE_WITH_KNOTS ( 'NONE', 3,
 ( #8380, #2339, #10004, #5087 ),
 .UNSPECIFIED., .F., .F.,
 ( 4, 4 ),
 ( 12.00000000000000000, 13.00000000000000000 ),
 .UNSPECIFIED. ) ;
#3536 = EDGE_CURVE ( 'NONE', #5002, #10418, #5791, .T. ) ;
#3537 = DIRECTION ( 'NONE',  ( 0.0000000000000000000, 0.0000000000000000000, 1.000000000000000000 ) ) ;
#3538 = ORIENTED_EDGE ( 'NONE', *, *, #955, .T. ) ;
#3539 = CARTESIAN_POINT ( 'NONE',  ( -7.360168000972892699, 14.48401237385580131, 1.209999999999999964 ) ) ;
#3540 = EDGE_CURVE ( 'NONE', #9150, #10899, #6046, .T. ) ;
#3541 = DIRECTION ( 'NONE',  ( -0.0000000000000000000, -0.0000000000000000000, -1.000000000000000000 ) ) ;
#3542 = ORIENTED_EDGE ( 'NONE', *, *, #8597, .T. ) ;
#3543 = VECTOR ( 'NONE', #2992, 1000.000000000000000 ) ;
#3544 = AXIS2_PLACEMENT_3D ( 'NONE', #7025, #10503, #10446 ) ;
#3545 = ORIENTED_EDGE ( 'NONE', *, *, #7548, .T. ) ;
#3546 = CARTESIAN_POINT ( 'NONE',  ( -7.632931161021100586, 14.48851799149266206, 1.209999999999999964 ) ) ;
#3547 = ORIENTED_EDGE ( 'NONE', *, *, #3151, .T. ) ;
#3548 = CARTESIAN_POINT ( 'NONE',  ( 4.449999999999996625, 4.449999999999996625, -2.500000000000000000 ) ) ;
#3549 = VERTEX_POINT ( 'NONE', #5577 ) ;
#3550 = LINE ( 'NONE', #2697, #286 ) ;
#3551 = CIRCLE ( 'NONE', #5513, 0.3999999999999999667 ) ;
#3552 = VECTOR ( 'NONE', #6712, 1000.000000000000000 ) ;
#3553 = CARTESIAN_POINT ( 'NONE',  ( -12.03421325292343269, 13.71451268077996666, 1.199999999999999956 ) ) ;
#3554 = LINE ( 'NONE', #101, #10355 ) ;
#3555 = ORIENTED_EDGE ( 'NONE', *, *, #6311, .T. ) ;
#3556 = DIRECTION ( 'NONE',  ( 0.7071067811865574537, -0.7071067811865376918, -0.0000000000000000000 ) ) ;
#3557 = CARTESIAN_POINT ( 'NONE',  ( 3.809999999999999609, 14.75000000000000355, -2.500000000000000444 ) ) ;
#3558 = ORIENTED_EDGE ( 'NONE', *, *, #4787, .T. ) ;
#3559 = APPLICATION_CONTEXT ( 'configuration controlled 3d designs of mechanical parts and assemblies' ) ;
#3560 = ORIENTED_EDGE ( 'NONE', *, *, #767, .F. ) ;
#3561 = AXIS2_PLACEMENT_3D ( 'NONE', #1524, #8355, #9873 ) ;
#3562 = CIRCLE ( 'NONE', #4442, 0.4000000000000001887 ) ;
#3563 = CC_DESIGN_PERSON_AND_ORGANIZATION_ASSIGNMENT ( #8616, #7132, ( #1721 ) ) ;
#3564 = FACE_BOUND ( 'NONE', #2729, .T. ) ;
#3565 = FACE_OUTER_BOUND ( 'NONE', #8057, .T. ) ;
#3566 = CARTESIAN_POINT ( 'NONE',  ( -10.96418270992428035, 13.67595305967071084, 1.209999999999999964 ) ) ;
#3567 = CARTESIAN_POINT ( 'NONE',  ( -5.720469766942801293, 13.86743592948012349, 1.209999999999999964 ) ) ;
#3568 = CARTESIAN_POINT ( 'NONE',  ( -7.117731113486324368, 14.71206594350019969, 1.209999999999999964 ) ) ;
#3569 = B_SPLINE_CURVE_WITH_KNOTS ( 'NONE', 3,
 ( #1213, #3818, #5505, #3077 ),
 .UNSPECIFIED., .F., .F.,
 ( 4, 4 ),
 ( 5.000000000000000000, 6.000000000000000000 ),
 .UNSPECIFIED. ) ;
#3570 = DIRECTION ( 'NONE',  ( 1.000000000000000000, -0.0000000000000000000, -0.0000000000000000000 ) ) ;
#3571 = ORIENTED_EDGE ( 'NONE', *, *, #9204, .T. ) ;
#3572 = ORIENTED_EDGE ( 'NONE', *, *, #4928, .F. ) ;
#3573 = CARTESIAN_POINT ( 'NONE',  ( -5.217746814403468214, 13.90209452668815793, 1.199999999999999956 ) ) ;
#3574 = CARTESIAN_POINT ( 'NONE',  ( -7.308180105158522011, 13.50074797098971935, 1.209999999999999964 ) ) ;
#3575 = ADVANCED_FACE ( 'NONE', ( #8982 ), #448, .F. ) ;
#3576 = VECTOR ( 'NONE', #2000, 1000.000000000000000 ) ;
#3577 = CARTESIAN_POINT ( 'NONE',  ( 4.580000000000006288, 13.47999999999999865, 0.0000000000000000000 ) ) ;
#3578 = CARTESIAN_POINT ( 'NONE',  ( -6.920870281330543605, 13.41167537615842775, 1.209999999999999964 ) ) ;
#3579 = CARTESIAN_POINT ( 'NONE',  ( -10.57858613110296098, 13.49279490537085913, 1.209999999999999964 ) ) ;
#3580 = CARTESIAN_POINT ( 'NONE',  ( -7.583369367008716999, 14.43479716581743411, 1.209999999999999964 ) ) ;
#3581 = VECTOR ( 'NONE', #5952, 1000.000000000000000 ) ;
#3582 = EDGE_CURVE ( 'NONE', #4885, #756, #662, .T. ) ;
#3583 = ORIENTED_EDGE ( 'NONE', *, *, #2131, .T. ) ;
#3584 = COORDINATED_UNIVERSAL_TIME_OFFSET ( 8, 0, .AHEAD. ) ;
#3585 = VERTEX_POINT ( 'NONE', #5886 ) ;
#3586 = CYLINDRICAL_SURFACE ( 'NONE', #6811, 1.500000000000003109 ) ;
#3587 = DIRECTION ( 'NONE',  ( 0.0000000000000000000, -0.0000000000000000000, -1.000000000000000000 ) ) ;
#3588 = ADVANCED_FACE ( 'NONE', ( #11025 ), #3198, .F. ) ;
#3589 = DIRECTION ( 'NONE',  ( -1.000000000000000000, 0.0000000000000000000, 0.0000000000000000000 ) ) ;
#3590 = B_SPLINE_CURVE_WITH_KNOTS ( 'NONE', 3,
 ( #9145, #5669, #4877, #1400 ),
 .UNSPECIFIED., .F., .F.,
 ( 4, 4 ),
 ( 11.00000000000000000, 12.00000000000000000 ),
 .UNSPECIFIED. ) ;
#3591 = VECTOR ( 'NONE', #10479, 1000.000000000000000 ) ;
#3592 = CARTESIAN_POINT ( 'NONE',  ( -7.002317984774967030, 13.24427435163269529, 1.199999999999999956 ) ) ;
#3593 = CARTESIAN_POINT ( 'NONE',  ( -6.066709153074556937, 14.97755079813556200, 1.199999999999999956 ) ) ;
#3594 = ADVANCED_FACE ( 'NONE', ( #2521 ), #1178, .F. ) ;
#3595 = VERTEX_POINT ( 'NONE', #824 ) ;
#3596 = DIRECTION ( 'NONE',  ( -0.0000000000000000000, -1.000000000000000000, -0.0000000000000000000 ) ) ;
#3597 = CARTESIAN_POINT ( 'NONE',  ( -11.90407441676186373, 13.56991414758934589, 1.199999999999999956 ) ) ;
#3598 = ORIENTED_EDGE ( 'NONE', *, *, #10894, .F. ) ;
#3599 = ORIENTED_EDGE ( 'NONE', *, *, #2560, .F. ) ;
#3600 = CARTESIAN_POINT ( 'NONE',  ( -7.691330897321342341, 14.47326820871890973, 1.199999999999999956 ) ) ;
#3601 = CARTESIAN_POINT ( 'NONE',  ( -6.505313700773485586, 14.50168825843153186, 1.199999999999999956 ) ) ;
#3602 = CARTESIAN_POINT ( 'NONE',  ( -7.921637275784168430, 13.52916802070236280, 1.209999999999999964 ) ) ;
#3603 = ORIENTED_EDGE ( 'NONE', *, *, #8447, .F. ) ;
#3604 = DIRECTION ( 'NONE',  ( -0.0000000000000000000, -0.0000000000000000000, -1.000000000000000000 ) ) ;
#3605 = PLANE ( 'NONE',  #9579 ) ;
#3606 = EDGE_CURVE ( 'NONE', #2379, #6645, #2192, .T. ) ;
#3607 = PLANE ( 'NONE',  #150 ) ;
#3608 = CARTESIAN_POINT ( 'NONE',  ( -6.910472702165365355, 13.45083959100794679, 1.209999999999999964 ) ) ;
#3609 = EDGE_CURVE ( 'NONE', #4966, #1403, #4265, .T. ) ;
#3610 = DIRECTION ( 'NONE',  ( -0.0000000000000000000, -0.0000000000000000000, -1.000000000000000000 ) ) ;
#3611 = ORIENTED_EDGE ( 'NONE', *, *, #9696, .T. ) ;
#3612 = ORIENTED_EDGE ( 'NONE', *, *, #1318, .F. ) ;
#3613 = B_SPLINE_CURVE_WITH_KNOTS ( 'NONE', 3,
 ( #683, #9276, #9213, #9101 ),
 .UNSPECIFIED., .F., .F.,
 ( 4, 4 ),
 ( 16.00000000000000000, 17.00000000000000000 ),
 .UNSPECIFIED. ) ;
#3614 = EDGE_CURVE ( 'NONE', #2500, #1079, #3535, .T. ) ;
#3615 = CARTESIAN_POINT ( 'NONE',  ( 0.0000000000000000000, 0.0000000000000000000, 1.199999999999999956 ) ) ;
#3616 = B_SPLINE_CURVE_WITH_KNOTS ( 'NONE', 3,
 ( #6988, #7834, #3702, #6215 ),
 .UNSPECIFIED., .F., .F.,
 ( 4, 4 ),
 ( 1.000000000000000000, 2.000000000000000000 ),
 .UNSPECIFIED. ) ;
#3617 = CARTESIAN_POINT ( 'NONE',  ( -7.526182681611754077, 13.34825014326606585, 1.209999999999999964 ) ) ;
#3618 = EDGE_CURVE ( 'NONE', #4176, #7558, #5650, .T. ) ;
#3619 = CARTESIAN_POINT ( 'NONE',  ( -7.944165363970806304, 13.46782230364024535, 1.209999999999999964 ) ) ;
#3620 = EDGE_LOOP ( 'NONE', ( #6194, #194, #596, #2126 ) ) ;
#3621 = CARTESIAN_POINT ( 'NONE',  ( -9.894152350791914685, 13.62293360363233852, 1.199999999999999956 ) ) ;
#3622 = EDGE_CURVE ( 'NONE', #1368, #10975, #8358, .T. ) ;
#3623 = EDGE_CURVE ( 'NONE', #2189, #5002, #647, .T. ) ;
#3624 = ORIENTED_EDGE ( 'NONE', *, *, #9380, .F. ) ;
#3625 = CARTESIAN_POINT ( 'NONE',  ( -6.915671491745642108, 13.43385687837562337, 1.199999999999999956 ) ) ;
#3626 = ORIENTED_EDGE ( 'NONE', *, *, #11057, .T. ) ;
#3627 = CARTESIAN_POINT ( 'NONE',  ( -6.567525882764849499, 14.55471591216333493, 1.209999999999999964 ) ) ;
#3628 = CARTESIAN_POINT ( 'NONE',  ( -11.32085943501356695, 14.58692523454548784, 1.199999999999999956 ) ) ;
#3629 = ORIENTED_EDGE ( 'NONE', *, *, #638, .T. ) ;
#3630 = ORIENTED_EDGE ( 'NONE', *, *, #4637, .F. ) ;
#3631 = VECTOR ( 'NONE', #7757, 1000.000000000000000 ) ;
#3632 = B_SPLINE_SURFACE_WITH_KNOTS ( 'NONE', 3, 1, ( 
 ( #10245, #6006 ),
 ( #9442, #4328 ),
 ( #7730, #5781 ),
 ( #1512, #4934 ) ),
 .UNSPECIFIED., .F., .F., .F.,
 ( 4, 4 ),
 ( 2, 2 ),
 ( 2.000000000000000000, 3.000000000000000000 ),
 ( 0.0000000000000000000, 1.000000000000000000 ),
 .UNSPECIFIED. ) ;
#3633 = LINE ( 'NONE', #3789, #7028 ) ;
#3634 = LINE ( 'NONE', #5478, #675 ) ;
#3635 = CARTESIAN_POINT ( 'NONE',  ( -9.894152350791914685, 13.62293360363234029, 1.209999999999999964 ) ) ;
#3636 = VERTEX_POINT ( 'NONE', #809 ) ;
#3637 = DATE_AND_TIME ( #8727, #436 ) ;
#3638 = ORIENTED_EDGE ( 'NONE', *, *, #6874, .F. ) ;
#3639 = CARTESIAN_POINT ( 'NONE',  ( -7.964032430152203190, -11.36787109524561856, -1.000000000000000000 ) ) ;
#3640 = CARTESIAN_POINT ( 'NONE',  ( -17.69999999999999574, 16.75000000000000000, 1.199999999999999956 ) ) ;
#3641 = ORIENTED_EDGE ( 'NONE', *, *, #8608, .T. ) ;
#3642 = LINE ( 'NONE', #7765, #6213 ) ;
#3643 = EDGE_CURVE ( 'NONE', #3030, #6973, #6754, .T. ) ;
#3644 = CARTESIAN_POINT ( 'NONE',  ( -11.06058185462844889, 13.01079918184770001, 1.209999999999999964 ) ) ;
#3645 = EDGE_LOOP ( 'NONE', ( #7855, #9450, #11083, #6497 ) ) ;
#3646 = DIRECTION ( 'NONE',  ( 0.0000000000000000000, 0.0000000000000000000, 1.000000000000000000 ) ) ;
#3647 = CARTESIAN_POINT ( 'NONE',  ( -7.762554314588752113, 13.42900467476706972, 1.209999999999999964 ) ) ;
#3648 = EDGE_LOOP ( 'NONE', ( #10424, #3214, #801, #7617 ) ) ;
#3649 = DIRECTION ( 'NONE',  ( -0.3897582650654685676, -0.9209172030172723122, -0.0000000000000000000 ) ) ;
#3650 = ORIENTED_EDGE ( 'NONE', *, *, #8032, .F. ) ;
#3651 = CARTESIAN_POINT ( 'NONE',  ( -9.330217317496021678, 13.99889023120733178, 1.209999999999999964 ) ) ;
#3652 = FACE_OUTER_BOUND ( 'NONE', #3677, .T. ) ;
#3653 = ADVANCED_FACE ( 'NONE', ( #4189 ), #7587, .F. ) ;
#3654 = LINE ( 'NONE', #2695, #4944 ) ;
#3656 = CARTESIAN_POINT ( 'NONE',  ( -13.71000000000000085, 8.599999999999999645, 2.600000000000000533 ) ) ;
#3655 = CARTESIAN_POINT ( 'NONE',  ( -12.10651261144982982, 14.09528937591381847, 1.199999999999999956 ) ) ;
#3657 = CARTESIAN_POINT ( 'NONE',  ( 5.079999999999999183, 15.51999999999999957, -2.500000000000000000 ) ) ;
#3658 = ORIENTED_EDGE ( 'NONE', *, *, #5286, .F. ) ;
#3659 = PLANE ( 'NONE',  #2405 ) ;
#3660 = ORIENTED_EDGE ( 'NONE', *, *, #892, .T. ) ;
#3661 = CARTESIAN_POINT ( 'NONE',  ( 13.71000000000000085, 9.599999999999999645, 2.600000000000000533 ) ) ;
#3662 = EDGE_CURVE ( 'NONE', #9219, #2340, #6710, .T. ) ;
#3663 = AXIS2_PLACEMENT_3D ( 'NONE', #9325, #1629, #5951 ) ;
#3664 = EDGE_CURVE ( 'NONE', #2516, #10056, #5929, .T. ) ;
#3665 = CARTESIAN_POINT ( 'NONE',  ( -6.234110177600258318, 13.40855610241303886, 1.209999999999999964 ) ) ;
#3666 = LINE ( 'NONE', #7056, #8906 ) ;
#3667 = LINE ( 'NONE', #2865, #1217 ) ;
#3668 = ORIENTED_EDGE ( 'NONE', *, *, #9685, .T. ) ;
#3669 = DIRECTION ( 'NONE',  ( -0.0000000000000000000, -0.0000000000000000000, 1.000000000000000000 ) ) ;
#3670 = CARTESIAN_POINT ( 'NONE',  ( -6.915671491745642108, 13.43385687837562337, 1.209999999999999964 ) ) ;
#3671 = ADVANCED_FACE ( 'NONE', ( #8501 ), #4249, .F. ) ;
#3672 = AXIS2_PLACEMENT_3D ( 'NONE', #1616, #2450, #2513 ) ;
#3673 = ADVANCED_FACE ( 'NONE', ( #4856 ), #4020, .F. ) ;
#3674 = ORIENTED_EDGE ( 'NONE', *, *, #3109, .F. ) ;
#3675 = ORIENTED_EDGE ( 'NONE', *, *, #155, .T. ) ;
#3676 = CARTESIAN_POINT ( 'NONE',  ( -6.778250153805251088, 13.81544803366346308, 1.209999999999999964 ) ) ;
#3677 = EDGE_LOOP ( 'NONE', ( #5807, #11071, #1724, #9063 ) ) ;
#3678 = VERTEX_POINT ( 'NONE', #9633 ) ;
#3679 = VECTOR ( 'NONE', #6610, 1000.000000000000000 ) ;
#3680 = CARTESIAN_POINT ( 'NONE',  ( -8.111566388498816949, 13.40855610241303886, 1.209999999999999964 ) ) ;
#3681 = CARTESIAN_POINT ( 'NONE',  ( -7.876754392396827953, 13.31983009355342240, 1.209999999999999964 ) ) ;
#3682 = CARTESIAN_POINT ( 'NONE',  ( -11.26783997897056544, 13.97961060451951099, 1.209999999999999964 ) ) ;
#3683 = LINE ( 'NONE', #8722, #492 ) ;
#3684 = CARTESIAN_POINT ( 'NONE',  ( -9.923072020657146552, 13.62775348731978298, 1.209999999999999964 ) ) ;
#3685 = PERSON_AND_ORGANIZATION ( #3476, #272 ) ;
#3686 = ORIENTED_EDGE ( 'NONE', *, *, #10823, .F. ) ;
#3687 = CARTESIAN_POINT ( 'NONE',  ( -7.386508534852937125, 13.38914728797413289, 1.209999999999999964 ) ) ;
#3688 = LINE ( 'NONE', #7079, #5146 ) ;
#3689 = AXIS2_PLACEMENT_3D ( 'NONE', #9642, #1098, #3646 ) ;
#3690 = CARTESIAN_POINT ( 'NONE',  ( -8.090944523158912105, 14.73286110182594477, 1.209999999999999964 ) ) ;
#3691 = CARTESIAN_POINT ( 'NONE',  ( -7.927702530296055095, 15.06281094727342840, 1.199999999999999956 ) ) ;
#3692 = EDGE_CURVE ( 'NONE', #1075, #9331, #7759, .T. ) ;
#3693 = CARTESIAN_POINT ( 'NONE',  ( -9.706173945071018494, 14.37484685878232860, 1.209999999999999964 ) ) ;
#3694 = VERTEX_POINT ( 'NONE', #10394 ) ;
#3695 = DIRECTION ( 'NONE',  ( 0.0000000000000000000, -1.000000000000000000, 0.0000000000000000000 ) ) ;
#3696 = ORIENTED_EDGE ( 'NONE', *, *, #8880, .F. ) ;
#3697 = DIRECTION ( 'NONE',  ( -0.0000000000000000000, -0.0000000000000000000, -1.000000000000000000 ) ) ;
#3698 = FACE_OUTER_BOUND ( 'NONE', #6083, .T. ) ;
#3699 = VERTEX_POINT ( 'NONE', #5263 ) ;
#3700 = CARTESIAN_POINT ( 'NONE',  ( -6.910472702165365355, 13.45083959100794679, 1.209999999999999964 ) ) ;
#3701 = VERTEX_POINT ( 'NONE', #2562 ) ;
#3702 = CARTESIAN_POINT ( 'NONE',  ( -7.944165363970806304, 13.49416283752259460, 1.209999999999999964 ) ) ;
#3703 = PLANE ( 'NONE',  #8877 ) ;
#3704 = EDGE_CURVE ( 'NONE', #7097, #10952, #9419, .T. ) ;
#3705 = PLANE ( 'NONE',  #3530 ) ;
#3706 = DIRECTION ( 'NONE',  ( -1.000000000000000000, 0.0000000000000000000, 0.0000000000000000000 ) ) ;
#3707 = CARTESIAN_POINT ( 'NONE',  ( -12.95000000000000107, 14.25000000000000178, 1.199999999999999956 ) ) ;
#3708 = VECTOR ( 'NONE', #878, 1000.000000000000000 ) ;
#3709 = DIRECTION ( 'NONE',  ( -1.000000000000000000, 0.0000000000000000000, 0.0000000000000000000 ) ) ;
#3710 = VECTOR ( 'NONE', #8144, 1000.000000000000000 ) ;
#3711 = CARTESIAN_POINT ( 'NONE',  ( -15.19999999999999929, -14.25000000000000178, 1.199999999999999956 ) ) ;
#3712 = VERTEX_POINT ( 'NONE', #20 ) ;
#3713 = CARTESIAN_POINT ( 'NONE',  ( -11.27266004652712539, 13.01079918184770001, 1.209999999999999964 ) ) ;
#3714 = B_SPLINE_SURFACE_WITH_KNOTS ( 'NONE', 3, 1, ( 
 ( #6787, #5842 ),
 ( #9273, #6616 ),
 ( #1580, #5737 ),
 ( #5789, #10199 ) ),
 .UNSPECIFIED., .F., .F., .F.,
 ( 4, 4 ),
 ( 2, 2 ),
 ( 15.00000000000000000, 16.00000000000000000 ),
 ( 0.0000000000000000000, 1.000000000000000000 ),
 .UNSPECIFIED. ) ;
#3715 = EDGE_CURVE ( 'NONE', #10672, #4044, #2728, .T. ) ;
#3716 = VERTEX_POINT ( 'NONE', #8676 ) ;
#3717 = VECTOR ( 'NONE', #8849, 1000.000000000000000 ) ;
#3718 = CIRCLE ( 'NONE', #1552, 0.4000000000000001887 ) ;
#3719 = ORIENTED_EDGE ( 'NONE', *, *, #6310, .T. ) ;
#3720 = CARTESIAN_POINT ( 'NONE',  ( 2.540000000000000036, 15.51999999999999957, -2.500000000000000000 ) ) ;
#3721 = CARTESIAN_POINT ( 'NONE',  ( -7.919557759951618259, 13.41132879018670288, 1.209999999999999964 ) ) ;
#3722 = VERTEX_POINT ( 'NONE', #4409 ) ;
#3723 = CARTESIAN_POINT ( 'NONE',  ( -7.641249224351385649, 13.33126743063374597, 1.209999999999999964 ) ) ;
#3724 = DIRECTION ( 'NONE',  ( -0.0000000000000000000, 1.000000000000000000, -0.0000000000000000000 ) ) ;
#3725 = ADVANCED_FACE ( 'NONE', ( #6147 ), #8566, .T. ) ;
#3726 = VECTOR ( 'NONE', #433, 1000.000000000000000 ) ;
#3727 = ADVANCED_FACE ( 'NONE', ( #7816, #133 ), #928, .F. ) ;
#3728 = EDGE_LOOP ( 'NONE', ( #7747, #6110, #3612, #3348 ) ) ;
#3729 = VERTEX_POINT ( 'NONE', #1795 ) ;
#3730 = CARTESIAN_POINT ( 'NONE',  ( -6.920870281330543605, 13.41167537615842775, 1.199999999999999956 ) ) ;
#3731 = ORIENTED_EDGE ( 'NONE', *, *, #11, .T. ) ;
#3732 = VECTOR ( 'NONE', #7190, 1000.000000000000000 ) ;
#3733 = EDGE_CURVE ( 'NONE', #7970, #9763, #10718, .T. ) ;
#3734 = FACE_OUTER_BOUND ( 'NONE', #7606, .T. ) ;
#3735 = ADVANCED_FACE ( 'NONE', ( #872 ), #8894, .F. ) ;
#3736 = LINE ( 'NONE', #3841, #580 ) ;
#3737 = LINE ( 'NONE', #2877, #5877 ) ;
#3738 = CARTESIAN_POINT ( 'NONE',  ( -13.69999999999999751, -14.25000000000000178, -0.1339798481102603966 ) ) ;
#3739 = CARTESIAN_POINT ( 'NONE',  ( -7.699648960651652274, 13.82653878477206355, 1.209999999999999964 ) ) ;
#3740 = EDGE_CURVE ( 'NONE', #7788, #5416, #7708, .T. ) ;
#3741 = EDGE_CURVE ( 'NONE', #1354, #6288, #10338, .T. ) ;
#3742 = ORIENTED_EDGE ( 'NONE', *, *, #7965, .F. ) ;
#3743 = FACE_OUTER_BOUND ( 'NONE', #4863, .T. ) ;
#3744 = FACE_OUTER_BOUND ( 'NONE', #1478, .T. ) ;
#3745 = VECTOR ( 'NONE', #5741, 1000.000000000000000 ) ;
#3746 = ORIENTED_EDGE ( 'NONE', *, *, #1283, .F. ) ;
#3747 = DIRECTION ( 'NONE',  ( -1.000000000000000000, 0.0000000000000000000, 0.0000000000000000000 ) ) ;
#3748 = ORIENTED_EDGE ( 'NONE', *, *, #2357, .F. ) ;
#3749 = EDGE_CURVE ( 'NONE', #145, #4197, #8060, .T. ) ;
#3750 = VECTOR ( 'NONE', #3275, 1000.000000000000000 ) ;
#3751 = ORIENTED_EDGE ( 'NONE', *, *, #9728, .T. ) ;
#3752 = CARTESIAN_POINT ( 'NONE',  ( -6.495089414594157340, 14.75192333029313829, 1.209999999999999964 ) ) ;
#3753 = ORIENTED_EDGE ( 'NONE', *, *, #9282, .F. ) ;
#3754 = CARTESIAN_POINT ( 'NONE',  ( -10.41952757911408867, 14.97734151318745610, 1.209999999999999964 ) ) ;
#3755 = EDGE_CURVE ( 'NONE', #9957, #6773, #1641, .T. ) ;
#3756 = CARTESIAN_POINT ( 'NONE',  ( -7.817488191167286438, 13.38949387394582935, 1.199999999999999956 ) ) ;
#3757 = CARTESIAN_POINT ( 'NONE',  ( -7.360168000972892699, 14.48401237385580131, 1.209999999999999964 ) ) ;
#3758 = ORIENTED_EDGE ( 'NONE', *, *, #3943, .T. ) ;
#3759 = CARTESIAN_POINT ( 'NONE',  ( -11.51847783794516999, 13.33855623707175120, 1.199999999999999956 ) ) ;
#3760 = VECTOR ( 'NONE', #10068, 1000.000000000000114 ) ;
#3761 = CARTESIAN_POINT ( 'NONE',  ( -8.030291978040246192, 13.46089058420139750, 1.209999999999999964 ) ) ;
#3762 = LINE ( 'NONE', #265, #10660 ) ;
#3763 = CARTESIAN_POINT ( 'NONE',  ( -2.540000000000000036, 13.97999999999999332, 0.0000000000000000000 ) ) ;
#3764 = AXIS2_PLACEMENT_3D ( 'NONE', #6700, #11018, #10121 ) ;
#3765 = DIRECTION ( 'NONE',  ( -0.0000000000000000000, -0.0000000000000000000, -1.000000000000000000 ) ) ;
#3766 = EDGE_LOOP ( 'NONE', ( #2074, #2870, #7027, #9251 ) ) ;
#3767 = CARTESIAN_POINT ( 'NONE',  ( -5.919583407912386797, 13.33126743063374597, 1.209999999999999964 ) ) ;
#3768 = EDGE_CURVE ( 'NONE', #7, #7229, #6199, .T. ) ;
#3769 = CARTESIAN_POINT ( 'NONE',  ( -2.040000000000006697, 16.01999999999999957, -2.500000000000000000 ) ) ;
#3770 = VERTEX_POINT ( 'NONE', #1135 ) ;
#3771 = CARTESIAN_POINT ( 'NONE',  ( -6.249533253359885521, 13.93120774834882880, 1.199999999999999956 ) ) ;
#3772 = DIRECTION ( 'NONE',  ( -0.0000000000000000000, 0.0000000000000000000, 1.000000000000000000 ) ) ;
#3773 = CARTESIAN_POINT ( 'NONE',  ( -15.19999999999999929, -14.25000000000000178, 1.099999999999999867 ) ) ;
#3774 = CARTESIAN_POINT ( 'NONE',  ( -7.450626939693338890, 13.56555954777356732, 1.199999999999999956 ) ) ;
#3775 = ORIENTED_EDGE ( 'NONE', *, *, #308, .T. ) ;
#3776 = DIRECTION ( 'NONE',  ( 0.0000000000000000000, -1.000000000000000000, 0.0000000000000000000 ) ) ;
#3777 = ADVANCED_FACE ( 'NONE', ( #9051 ), #1360, .F. ) ;
#3778 = ADVANCED_FACE ( 'NONE', ( #8829 ), #7982, .F. ) ;
#3779 = EDGE_LOOP ( 'NONE', ( #4595, #10545, #3253, #3456 ) ) ;
#3780 = DIRECTION ( 'NONE',  ( 1.000000000000000000, 0.0000000000000000000, 0.0000000000000000000 ) ) ;
#3781 = EDGE_LOOP ( 'NONE', ( #8711, #9812, #6748, #558 ) ) ;
#3782 = ORIENTED_EDGE ( 'NONE', *, *, #7365, .F. ) ;
#3783 = VERTEX_POINT ( 'NONE', #10504 ) ;
#3784 = CARTESIAN_POINT ( 'NONE',  ( -13.71000000000000085, -4.099999999999998757, 2.600000000000000533 ) ) ;
#3785 = VERTEX_POINT ( 'NONE', #3002 ) ;
#3786 = EDGE_CURVE ( 'NONE', #7114, #5284, #2885, .T. ) ;
#3787 = CARTESIAN_POINT ( 'NONE',  ( -7.854746183167766738, 13.38949387394582935, 1.209999999999999964 ) ) ;
#3788 = CARTESIAN_POINT ( 'NONE',  ( 17.70000000000000995, -16.75000000000000000, 1.199999999999999956 ) ) ;
#3789 = CARTESIAN_POINT ( 'NONE',  ( -6.867496041622388248, 14.48401237385580131, 1.209999999999999964 ) ) ;
#3790 = DIRECTION ( 'NONE',  ( 0.0000000000000000000, 1.000000000000000000, 0.0000000000000000000 ) ) ;
#3791 = DIRECTION ( 'NONE',  ( -1.000000000000000000, 0.0000000000000000000, -0.0000000000000000000 ) ) ;
#3792 = CARTESIAN_POINT ( 'NONE',  ( 2.039999999999985825, 16.01999999999999957, -2.500000000000000000 ) ) ;
#3793 = DIRECTION ( 'NONE',  ( 0.0000000000000000000, 0.0000000000000000000, -1.000000000000000000 ) ) ;
#3794 = CARTESIAN_POINT ( 'NONE',  ( -7.830138579148580469, 14.47326820871890973, 1.199999999999999956 ) ) ;
#3795 = EDGE_CURVE ( 'NONE', #1284, #6098, #10729, .T. ) ;
#3796 = CARTESIAN_POINT ( 'NONE',  ( -11.90407441676186373, 13.56991414758934589, 1.209999999999999964 ) ) ;
#3797 = DIRECTION ( 'NONE',  ( 0.0000000000000000000, 0.0000000000000000000, -1.000000000000000000 ) ) ;
#3798 = EDGE_CURVE ( 'NONE', #2881, #6582, #8890, .T. ) ;
#3799 = DIRECTION ( 'NONE',  ( 1.000000000000000000, 0.0000000000000000000, 0.0000000000000000000 ) ) ;
#3800 = CARTESIAN_POINT ( 'NONE',  ( -8.090944523158912105, 14.63131141199919227, 1.199999999999999956 ) ) ;
#3801 = EDGE_CURVE ( 'NONE', #5722, #5652, #5278, .T. ) ;
#3802 = B_SPLINE_SURFACE_WITH_KNOTS ( 'NONE', 3, 1, ( 
 ( #4421, #6985 ),
 ( #2736, #3756 ),
 ( #9643, #6156 ),
 ( #3647, #9594 ) ),
 .UNSPECIFIED., .F., .F., .F.,
 ( 4, 4 ),
 ( 2, 2 ),
 ( 4.000000000000000000, 5.000000000000000000 ),
 ( 0.0000000000000000000, 1.000000000000000000 ),
 .UNSPECIFIED. ) ;
#3803 = DIRECTION ( 'NONE',  ( 0.0000000000000000000, 0.0000000000000000000, 1.000000000000000000 ) ) ;
#3804 = VERTEX_POINT ( 'NONE', #6247 ) ;
#3805 = LINE ( 'NONE', #5547, #2248 ) ;
#3806 = CARTESIAN_POINT ( 'NONE',  ( -5.554108500327592957, 13.67889316065234517, 1.199999999999999956 ) ) ;
#3807 = CARTESIAN_POINT ( 'NONE',  ( -6.106046660905298573, 14.00918959207152348, 1.199999999999999956 ) ) ;
#3808 = EDGE_CURVE ( 'NONE', #10738, #3402, #4636, .T. ) ;
#3809 = EDGE_CURVE ( 'NONE', #5839, #3846, #8191, .T. ) ;
#3810 = ORIENTED_EDGE ( 'NONE', *, *, #9259, .F. ) ;
#3811 = AXIS2_PLACEMENT_3D ( 'NONE', #6462, #7302, #2216 ) ;
#3812 = EDGE_CURVE ( 'NONE', #3595, #4320, #5427, .T. ) ;
#3813 = DIRECTION ( 'NONE',  ( 0.0000000000000000000, 0.0000000000000000000, 1.000000000000000000 ) ) ;
#3814 = EDGE_CURVE ( 'NONE', #7361, #4291, #8096, .T. ) ;
#3815 = DIRECTION ( 'NONE',  ( -0.0000000000000000000, -0.0000000000000000000, -1.000000000000000000 ) ) ;
#3816 = CIRCLE ( 'NONE', #8817, 2.249999999999998668 ) ;
#3817 = SPHERICAL_SURFACE ( 'NONE', #10261, 0.4000000000000000222 ) ;
#3818 = CARTESIAN_POINT ( 'NONE',  ( -7.525662802654181860, 13.65497872857658379, 1.209999999999999964 ) ) ;
#3819 = ORIENTED_EDGE ( 'NONE', *, *, #5445, .F. ) ;
#3820 = LINE ( 'NONE', #8756, #5474 ) ;
#3821 = CARTESIAN_POINT ( 'NONE',  ( -6.567525882764849499, 14.55471591216333493, 1.199999999999999956 ) ) ;
#3822 = LINE ( 'NONE', #7374, #4614 ) ;
#3823 = CARTESIAN_POINT ( 'NONE',  ( -3.810000000000000053, 14.75000000000000178, 2.000000000000000000 ) ) ;
#3824 = ORIENTED_EDGE ( 'NONE', *, *, #10690, .T. ) ;
#3825 = CARTESIAN_POINT ( 'NONE',  ( -7.583369367008716999, 14.51867097106845783, 1.199999999999999956 ) ) ;
#3826 = VECTOR ( 'NONE', #9374, 1000.000000000000227 ) ;
#3827 = CARTESIAN_POINT ( 'NONE',  ( -11.21482043099647541, 14.86648248758512558, 1.209999999999999964 ) ) ;
#3828 = CARTESIAN_POINT ( 'NONE',  ( -9.648334421473771627, 13.32891628582545174, 1.199999999999999956 ) ) ;
#3829 = LINE ( 'NONE', #6180, #1323 ) ;
#3830 = CARTESIAN_POINT ( 'NONE',  ( -8.476174831154338563, 15.08464586351430547, 1.209999999999999964 ) ) ;
#3831 = ORIENTED_EDGE ( 'NONE', *, *, #4115, .F. ) ;
#3832 = VERTEX_POINT ( 'NONE', #3850 ) ;
#3833 = B_SPLINE_CURVE_WITH_KNOTS ( 'NONE', 3,
 ( #1070, #4498, #6283, #1986 ),
 .UNSPECIFIED., .F., .F.,
 ( 4, 4 ),
 ( 0.0000000000000000000, 1.000000000000000000 ),
 .UNSPECIFIED. ) ;
#3834 = ORIENTED_EDGE ( 'NONE', *, *, #3812, .F. ) ;
#3835 = CARTESIAN_POINT ( 'NONE',  ( -5.670907972932727859, 13.82480585490889879, 1.209999999999999964 ) ) ;
#3836 = VECTOR ( 'NONE', #1930, 1000.000000000000000 ) ;
#3837 = ORIENTED_EDGE ( 'NONE', *, *, #6857, .T. ) ;
#3838 = CARTESIAN_POINT ( 'NONE',  ( -7.583369367008716999, 15.06835632282541937, 1.209999999999999964 ) ) ;
#3839 = EDGE_CURVE ( 'NONE', #5769, #4070, #7244, .T. ) ;
#3840 = CARTESIAN_POINT ( 'NONE',  ( -6.690217316893680710, 13.81544803366346308, 1.199999999999999956 ) ) ;
#3841 = CARTESIAN_POINT ( 'NONE',  ( -6.598718620255776379, 13.33126743063374597, 1.209999999999999964 ) ) ;
#3842 = DIRECTION ( 'NONE',  ( -1.000000000000000000, 0.0000000000000000000, -0.0000000000000000000 ) ) ;
#3843 = DIRECTION ( 'NONE',  ( 0.0000000000000000000, -1.000000000000000000, 0.0000000000000000000 ) ) ;
#3844 = CARTESIAN_POINT ( 'NONE',  ( 6.499999999999999112, -11.50000000000000000, 2.700000000000000178 ) ) ;
#3845 = ORIENTED_EDGE ( 'NONE', *, *, #8383, .T. ) ;
#3846 = VERTEX_POINT ( 'NONE', #4734 ) ;
#3847 = FACE_OUTER_BOUND ( 'NONE', #6169, .T. ) ;
#3848 = EDGE_CURVE ( 'NONE', #1932, #10805, #9834, .T. ) ;
#3849 = VERTEX_POINT ( 'NONE', #1303 ) ;
#3850 = CARTESIAN_POINT ( 'NONE',  ( -7.253766107537557239, 13.35830113645489625, 1.209999999999999964 ) ) ;
#3851 = LINE ( 'NONE', #5377, #94 ) ;
#3852 = VECTOR ( 'NONE', #5834, 1000.000000000000000 ) ;
#3853 = VERTEX_POINT ( 'NONE', #10719 ) ;
#3854 = DIRECTION ( 'NONE',  ( 1.000000000000000000, 0.0000000000000000000, 0.0000000000000000000 ) ) ;
#3855 = VERTEX_POINT ( 'NONE', #9935 ) ;
#3857 = PLANE ( 'NONE',  #8215 ) ;
#3856 = AXIS2_PLACEMENT_3D ( 'NONE', #659, #7268, #8118 ) ;
#3858 = ORIENTED_EDGE ( 'NONE', *, *, #8749, .T. ) ;
#3859 = CARTESIAN_POINT ( 'NONE',  ( -7.691330897321342341, 14.47326820871890973, 1.209999999999999964 ) ) ;
#3860 = PLANE ( 'NONE',  #6261 ) ;
#3861 = ORIENTED_EDGE ( 'NONE', *, *, #3118, .F. ) ;
#3862 = CARTESIAN_POINT ( 'NONE',  ( 0.4999999999999935052, 16.01999999999999957, -2.500000000000000000 ) ) ;
#3863 = EDGE_CURVE ( 'NONE', #9986, #632, #3115, .T. ) ;
#3864 = VERTEX_POINT ( 'NONE', #7350 ) ;
#3865 = B_SPLINE_CURVE_WITH_KNOTS ( 'NONE', 3,
 ( #254, #2688, #6306, #9736 ),
 .UNSPECIFIED., .F., .F.,
 ( 4, 4 ),
 ( 1.000000000000000000, 2.000000000000000000 ),
 .UNSPECIFIED. ) ;
#3866 = VECTOR ( 'NONE', #6161, 1000.000000000000000 ) ;
#3867 = DIRECTION ( 'NONE',  ( 0.0000000000000000000, -0.0000000000000000000, -1.000000000000000000 ) ) ;
#3868 = DIRECTION ( 'NONE',  ( -0.0000000000000000000, -0.0000000000000000000, -1.000000000000000000 ) ) ;
#3869 = ADVANCED_FACE ( 'NONE', ( #10772 ), #9855, .F. ) ;
#3870 = CARTESIAN_POINT ( 'NONE',  ( -7.919557759951618259, 13.41132879018670288, 1.209999999999999964 ) ) ;
#3871 = CARTESIAN_POINT ( 'NONE',  ( -11.32567941063441452, 14.87612239286012894, 1.209999999999999964 ) ) ;
#3872 = VERTEX_POINT ( 'NONE', #488 ) ;
#3873 = CARTESIAN_POINT ( 'NONE',  ( -7.098495592033263080, 15.00666401979160547, 1.209999999999999964 ) ) ;
#3874 = CARTESIAN_POINT ( 'NONE',  ( -6.909952823207794914, 13.25813779051961028, 1.209999999999999964 ) ) ;
#3875 = VECTOR ( 'NONE', #2389, 1000.000000000000000 ) ;
#3876 = CARTESIAN_POINT ( 'NONE',  ( -7.526182681611753189, 13.34825014326606585, 1.209999999999999964 ) ) ;
#3877 = ADVANCED_FACE ( 'NONE', ( #1276 ), #3139, .T. ) ;
#3878 = VERTEX_POINT ( 'NONE', #2188 ) ;
#3879 = CARTESIAN_POINT ( 'NONE',  ( -13.71000000000000085, 8.599999999999999645, 2.600000000000000533 ) ) ;
#3880 = B_SPLINE_CURVE_WITH_KNOTS ( 'NONE', 3,
 ( #3316, #9446, #46, #2471 ),
 .UNSPECIFIED., .F., .F.,
 ( 4, 4 ),
 ( 2.000000000000000000, 3.000000000000000000 ),
 .UNSPECIFIED. ) ;
#3881 = CARTESIAN_POINT ( 'NONE',  ( -7.083072516275969122, 14.48401237385580131, 1.209999999999999964 ) ) ;
#3882 = DIRECTION ( 'NONE',  ( 0.3493954794973183064, -0.9369753459439789101, -0.0000000000000000000 ) ) ;
#3883 = ORIENTED_EDGE ( 'NONE', *, *, #8719, .T. ) ;
#3884 = FACE_OUTER_BOUND ( 'NONE', #1628, .T. ) ;
#3885 = ORIENTED_EDGE ( 'NONE', *, *, #9084, .T. ) ;
#3886 = CARTESIAN_POINT ( 'NONE',  ( 3.039999999999993374, 13.47999999999999865, -2.500000000000000000 ) ) ;
#3887 = EDGE_CURVE ( 'NONE', #4176, #38, #8227, .T. ) ;
#3888 = ORIENTED_EDGE ( 'NONE', *, *, #8860, .F. ) ;
#3889 = ORIENTED_EDGE ( 'NONE', *, *, #7335, .T. ) ;
#3890 = FACE_OUTER_BOUND ( 'NONE', #8827, .T. ) ;
#3891 = AXIS2_PLACEMENT_3D ( 'NONE', #4624, #10598, #236 ) ;
#3892 = VECTOR ( 'NONE', #10155, 1000.000000000000000 ) ;
#3893 = B_SPLINE_SURFACE_WITH_KNOTS ( 'NONE', 3, 1, ( 
 ( #6827, #3484 ),
 ( #3300, #5883 ),
 ( #1743, #9314 ),
 ( #5043, #3366 ) ),
 .UNSPECIFIED., .F., .F., .F.,
 ( 4, 4 ),
 ( 2, 2 ),
 ( 3.000000000000000000, 4.000000000000000000 ),
 ( 0.0000000000000000000, 1.000000000000000000 ),
 .UNSPECIFIED. ) ;
#3894 = CARTESIAN_POINT ( 'NONE',  ( -10.42434746280384950, 15.26653894730228700, 1.209999999999999964 ) ) ;
#3895 = DIRECTION ( 'NONE',  ( 0.0000000000000000000, -1.000000000000000000, 0.0000000000000000000 ) ) ;
#3896 = FACE_OUTER_BOUND ( 'NONE', #6746, .T. ) ;
#3897 = CARTESIAN_POINT ( 'NONE',  ( -9.677254275205791956, 13.62293360363233852, 1.209999999999999964 ) ) ;
#3898 = FACE_OUTER_BOUND ( 'NONE', #10861, .T. ) ;
#3899 = VECTOR ( 'NONE', #7738, 1000.000000000000000 ) ;
#3900 = CARTESIAN_POINT ( 'NONE',  ( -5.724455505617483730, 13.36280675409177832, 1.209999999999999964 ) ) ;
#3901 = VECTOR ( 'NONE', #6990, 999.9999999999998863 ) ;
#3902 = LINE ( 'NONE', #10650, #4727 ) ;
#3903 = VERTEX_POINT ( 'NONE', #4707 ) ;
#3904 = ADVANCED_FACE ( 'NONE', ( #2966 ), #6326, .F. ) ;
#3905 = ORIENTED_EDGE ( 'NONE', *, *, #10026, .F. ) ;
#3906 = DIRECTION ( 'NONE',  ( 0.0000000000000000000, 0.0000000000000000000, 1.000000000000000000 ) ) ;
#3907 = ORIENTED_EDGE ( 'NONE', *, *, #9858, .T. ) ;
#3908 = CARTESIAN_POINT ( 'NONE',  ( -10.07249062140200735, 13.40121564435647272, 1.199999999999999956 ) ) ;
#3909 = CARTESIAN_POINT ( 'NONE',  ( -7.583369367008716999, 14.51867097106845783, 1.209999999999999964 ) ) ;
#3910 = AXIS2_PLACEMENT_3D ( 'NONE', #2781, #4307, #3587 ) ;
#3911 = ORIENTED_EDGE ( 'NONE', *, *, #5048, .F. ) ;
#3912 = VECTOR ( 'NONE', #6503, 1000.000000000000000 ) ;
#3913 = CARTESIAN_POINT ( 'NONE',  ( 1.670000000000000373, 14.75000000000000178, 1.199999999999999956 ) ) ;
#3914 = ORIENTED_EDGE ( 'NONE', *, *, #2915, .T. ) ;
#3915 = CARTESIAN_POINT ( 'NONE',  ( -6.867496041622388248, 15.00666401979160547, 1.209999999999999964 ) ) ;
#3916 = EDGE_CURVE ( 'NONE', #7356, #5604, #3822, .T. ) ;
#3917 = MANIFOLD_SOLID_BREP ( '凸台-拉伸5', #6188 ) ;
#3918 = DIRECTION ( 'NONE',  ( -0.0000000000000000000, -1.000000000000000000, -0.0000000000000000000 ) ) ;
#3919 = VERTEX_POINT ( 'NONE', #9806 ) ;
#3920 = VECTOR ( 'NONE', #2499, 1000.000000000000000 ) ;
#3921 = LINE ( 'NONE', #10735, #9955 ) ;
#3922 = CARTESIAN_POINT ( 'NONE',  ( -7.082725930301961625, 13.10321386098472374, 1.199999999999999956 ) ) ;
#3923 = CARTESIAN_POINT ( 'NONE',  ( -11.32085943501356695, 14.58692523454548784, 1.209999999999999964 ) ) ;
#3924 = VERTEX_POINT ( 'NONE', #2138 ) ;
#3925 = DIRECTION ( 'NONE',  ( 1.000000000000000000, 0.0000000000000000000, 0.0000000000000000000 ) ) ;
#3926 = CARTESIAN_POINT ( 'NONE',  ( -10.00501133042985735, 13.62775348731978298, 1.199999999999999956 ) ) ;
#3927 = VECTOR ( 'NONE', #670, 1000.000000000000000 ) ;
#3928 = LINE ( 'NONE', #9907, #4441 ) ;
#3929 = DIRECTION ( 'NONE',  ( 1.000000000000000000, 0.0000000000000000000, 0.0000000000000000000 ) ) ;
#3930 = ORIENTED_EDGE ( 'NONE', *, *, #9, .F. ) ;
#3931 = EDGE_CURVE ( 'NONE', #6632, #6586, #3928, .T. ) ;
#3932 = LINE ( 'NONE', #7330, #3184 ) ;
#3933 = CARTESIAN_POINT ( 'NONE',  ( -2.040000000000006697, 16.01999999999999957, -2.500000000000000000 ) ) ;
#3934 = VECTOR ( 'NONE', #3297, 1000.000000000000000 ) ;
#3935 = CARTESIAN_POINT ( 'NONE',  ( -9.479635918243198844, 13.63739343856610553, 1.199999999999999956 ) ) ;
#3936 = FACE_OUTER_BOUND ( 'NONE', #10746, .T. ) ;
#3937 = ORIENTED_EDGE ( 'NONE', *, *, #638, .F. ) ;
#3938 = CARTESIAN_POINT ( 'NONE',  ( -5.354648273386310109, 13.51669092570689301, 1.199999999999999956 ) ) ;
#3939 = CARTESIAN_POINT ( 'NONE',  ( -6.923123090146659386, 13.41167537615842775, 1.209999999999999964 ) ) ;
#3940 = VERTEX_POINT ( 'NONE', #1329 ) ;
#3941 = CARTESIAN_POINT ( 'NONE',  ( -5.916117548195297893, 13.93120774834882880, 1.199999999999999956 ) ) ;
#3942 = VECTOR ( 'NONE', #5560, 1000.000000000000000 ) ;
#3943 = EDGE_CURVE ( 'NONE', #2770, #8818, #7824, .T. ) ;
#3944 = EDGE_LOOP ( 'NONE', ( #5470, #7049, #5192, #10037 ) ) ;
#3945 = CARTESIAN_POINT ( 'NONE',  ( -7.471248805033219753, 13.78806774186596584, 1.199999999999999956 ) ) ;
#3946 = EDGE_CURVE ( 'NONE', #4505, #8363, #5164, .T. ) ;
#3947 = CARTESIAN_POINT ( 'NONE',  ( -7.583369367008717887, 14.97685762619213889, 1.209999999999999964 ) ) ;
#3948 = CARTESIAN_POINT ( 'NONE',  ( -7.436416914837041148, 13.38914728797413289, 1.199999999999999956 ) ) ;
#3949 = EDGE_CURVE ( 'NONE', #1012, #7518, #385, .T. ) ;
#3950 = ADVANCED_FACE ( 'NONE', ( #2244 ), #5609, .F. ) ;
#3951 = PLANE ( 'NONE',  #10784 ) ;
#3952 = DIRECTION ( 'NONE',  ( 0.7071067811865474617, -0.7071067811865474617, -0.0000000000000000000 ) ) ;
#3953 = CARTESIAN_POINT ( 'NONE',  ( 17.44999999999999929, 14.25000000000000178, 1.099999999999999867 ) ) ;
#3954 = ORIENTED_EDGE ( 'NONE', *, *, #10880, .T. ) ;
#3955 = CYLINDRICAL_SURFACE ( 'NONE', #2907, 0.4000000000000001887 ) ;
#3956 = VERTEX_POINT ( 'NONE', #9021 ) ;
#3957 = DIRECTION ( 'NONE',  ( -0.0000000000000000000, 0.0000000000000000000, -1.000000000000000000 ) ) ;
#3958 = CARTESIAN_POINT ( 'NONE',  ( -6.365466261026480943, 14.40672370207652264, 1.209999999999999964 ) ) ;
#3959 = EDGE_LOOP ( 'NONE', ( #8294, #6716, #3641, #6474 ) ) ;
#3960 = EDGE_LOOP ( 'NONE', ( #4668, #1953, #2324, #2417 ) ) ;
#3961 = DIRECTION ( 'NONE',  ( 0.0000000000000000000, 0.0000000000000000000, -1.000000000000000000 ) ) ;
#3962 = ORIENTED_EDGE ( 'NONE', *, *, #9796, .T. ) ;
#3963 = FACE_OUTER_BOUND ( 'NONE', #4242, .T. ) ;
#3964 = ORIENTED_EDGE ( 'NONE', *, *, #2743, .T. ) ;
#3965 = CARTESIAN_POINT ( 'NONE',  ( 6.500000000000000000, -14.83447752647037987, -0.1339798481102604799 ) ) ;
#3966 = CARTESIAN_POINT ( 'NONE',  ( -7.082725930301961625, 13.10321386098472374, 1.209999999999999964 ) ) ;
#3967 = ORIENTED_EDGE ( 'NONE', *, *, #9289, .T. ) ;
#3968 = VERTEX_POINT ( 'NONE', #10685 ) ;
#3969 = CARTESIAN_POINT ( 'NONE',  ( 6.500000000000000000, -11.36787109524561856, -0.03397984811026048824 ) ) ;
#3970 = ADVANCED_FACE ( 'NONE', ( #5716 ), #5417, .F. ) ;
#3971 = DIRECTION ( 'NONE',  ( 1.000000000000000000, 0.0000000000000000000, 0.0000000000000000000 ) ) ;
#3972 = CARTESIAN_POINT ( 'NONE',  ( -7.824246617622566013, 13.75756817632308326, 1.209999999999999964 ) ) ;
#3973 = CARTESIAN_POINT ( 'NONE',  ( -10.05321071891630069, 14.15312908337324060, 1.209999999999999964 ) ) ;
#3974 = VERTEX_POINT ( 'NONE', #1391 ) ;
#3975 = CARTESIAN_POINT ( 'NONE',  ( -13.71000000000000085, -5.099999999999998757, 2.600000000000000533 ) ) ;
#3976 = FACE_OUTER_BOUND ( 'NONE', #8661, .T. ) ;
#3977 = B_SPLINE_SURFACE_WITH_KNOTS ( 'NONE', 3, 1, ( 
 ( #1307, #10723 ),
 ( #8833, #1199 ),
 ( #6356, #9781 ),
 ( #4639, #2008 ) ),
 .UNSPECIFIED., .F., .F., .F.,
 ( 4, 4 ),
 ( 2, 2 ),
 ( 8.000000000000000000, 9.000000000000000000 ),
 ( 0.0000000000000000000, 1.000000000000000000 ),
 .UNSPECIFIED. ) ;
#3978 = CARTESIAN_POINT ( 'NONE',  ( -7.817488191167286438, 13.38949387394582935, 1.199999999999999956 ) ) ;
#3979 = ORIENTED_EDGE ( 'NONE', *, *, #3464, .T. ) ;
#3980 = DIRECTION ( 'NONE',  ( 0.3409177962187273647, 0.9400931103999040639, 0.0000000000000000000 ) ) ;
#3981 = PLANE ( 'NONE',  #10327 ) ;
#3982 = EDGE_LOOP ( 'NONE', ( #10777, #8394, #5671, #7940 ) ) ;
#3984 = CARTESIAN_POINT ( 'NONE',  ( -11.25338014403910769, 13.38193555800165946, 1.199999999999999956 ) ) ;
#3983 = CARTESIAN_POINT ( 'NONE',  ( -8.126989464258420170, 14.00918959207152348, 1.209999999999999964 ) ) ;
#3985 = CARTESIAN_POINT ( 'NONE',  ( -7.993033986039764116, 14.99626644062642633, 1.199999999999999956 ) ) ;
#3986 = ORIENTED_EDGE ( 'NONE', *, *, #3473, .T. ) ;
#3987 = DIRECTION ( 'NONE',  ( 0.0000000000000000000, -0.0000000000000000000, 1.000000000000000000 ) ) ;
#3988 = CARTESIAN_POINT ( 'NONE',  ( -7.876754392396827953, 13.31983009355342240, 1.199999999999999956 ) ) ;
#3989 = ORIENTED_EDGE ( 'NONE', *, *, #901, .T. ) ;
#3990 = EDGE_LOOP ( 'NONE', ( #7917, #699, #7460, #4781 ) ) ;
#3991 = EDGE_CURVE ( 'NONE', #3804, #2509, #8539, .T. ) ;
#3992 = ORIENTED_EDGE ( 'NONE', *, *, #7706, .F. ) ;
#3993 = EDGE_CURVE ( 'NONE', #5910, #5722, #9139, .T. ) ;
#3994 = CARTESIAN_POINT ( 'NONE',  ( -7.295876303148929765, 13.82653878477206355, 1.209999999999999964 ) ) ;
#3995 = VECTOR ( 'NONE', #10160, 1000.000000000000000 ) ;
#3996 = DIRECTION ( 'NONE',  ( 0.7071067811865475727, -0.7071067811865475727, 0.0000000000000000000 ) ) ;
#3997 = CARTESIAN_POINT ( 'NONE',  ( -11.06540173831820972, 14.51462587601447041, 1.209999999999999964 ) ) ;
#3998 = CARTESIAN_POINT ( 'NONE',  ( -11.87997449268630135, 14.64476443637584246, 1.209999999999999964 ) ) ;
#3999 = FACE_OUTER_BOUND ( 'NONE', #2653, .T. ) ;
#4000 = EDGE_CURVE ( 'NONE', #5600, #10013, #7453, .T. ) ;
#4001 = CARTESIAN_POINT ( 'NONE',  ( -10.87742351646410910, 13.59401374989802136, 1.199999999999999956 ) ) ;
#4002 = CARTESIAN_POINT ( 'NONE',  ( -7.695836514958223518, 14.39528636499620617, 1.209999999999999964 ) ) ;
#4003 = EDGE_CURVE ( 'NONE', #8149, #10186, #1705, .T. ) ;
#4004 = ORIENTED_EDGE ( 'NONE', *, *, #493, .F. ) ;
#4005 = VECTOR ( 'NONE', #4725, 1000.000000000000000 ) ;
#4006 = VERTEX_POINT ( 'NONE', #11104 ) ;
#4007 = CARTESIAN_POINT ( 'NONE',  ( -8.118671400925821402, 14.40672370207652264, 1.209999999999999964 ) ) ;
#4008 = ORIENTED_EDGE ( 'NONE', *, *, #4459, .T. ) ;
#4009 = EDGE_CURVE ( 'NONE', #10405, #4059, #6510, .T. ) ;
#4010 = LINE ( 'NONE', #576, #10652 ) ;
#4011 = CIRCLE ( 'NONE', #415, 0.4000000000000001887 ) ;
#4012 = EDGE_LOOP ( 'NONE', ( #3423, #9803, #503, #6004 ) ) ;
#4013 = EDGE_LOOP ( 'NONE', ( #5363, #6851, #5803, #9480 ) ) ;
#4014 = CARTESIAN_POINT ( 'NONE',  ( -7.583369367008716999, 14.51867097106845783, 1.209999999999999964 ) ) ;
#4015 = LINE ( 'NONE', #8956, #6795 ) ;
#4016 = AXIS2_PLACEMENT_3D ( 'NONE', #2190, #10743, #1330 ) ;
#4017 = CARTESIAN_POINT ( 'NONE',  ( -6.573417844293172330, 14.43826302553916108, 1.209999999999999964 ) ) ;
#4018 = AXIS2_PLACEMENT_3D ( 'NONE', #3264, #10030, #10084 ) ;
#4019 = EDGE_CURVE ( 'NONE', #9286, #517, #6077, .T. ) ;
#4020 = PLANE ( 'NONE',  #4973 ) ;
#4021 = LINE ( 'NONE', #2511, #1029 ) ;
#4022 = CARTESIAN_POINT ( 'NONE',  ( -7.726162787517545816, 13.48792429002257443, 1.209999999999999964 ) ) ;
#4023 = VECTOR ( 'NONE', #8857, 1000.000000000000114 ) ;
#4024 = DIRECTION ( 'NONE',  ( 0.0000000000000000000, 1.000000000000000000, 0.0000000000000000000 ) ) ;
#4025 = ORIENTED_EDGE ( 'NONE', *, *, #5435, .F. ) ;
#4026 = DIRECTION ( 'NONE',  ( -0.0000000000000000000, 1.000000000000000000, -0.0000000000000000000 ) ) ;
#4027 = ORIENTED_EDGE ( 'NONE', *, *, #1262, .T. ) ;
#4028 = FACE_OUTER_BOUND ( 'NONE', #5823, .T. ) ;
#4029 = DIRECTION ( 'NONE',  ( 0.0000000000000000000, 0.0000000000000000000, 1.000000000000000000 ) ) ;
#4030 = ORIENTED_EDGE ( 'NONE', *, *, #8835, .F. ) ;
#4031 = CARTESIAN_POINT ( 'NONE',  ( 6.999999999999999112, -16.75000000000000000, 1.199999999999999956 ) ) ;
#4032 = VERTEX_POINT ( 'NONE', #7110 ) ;
#4033 = DIRECTION ( 'NONE',  ( -1.000000000000000000, -0.0000000000000000000, -0.0000000000000000000 ) ) ;
#4034 = EDGE_LOOP ( 'NONE', ( #8908, #6736, #8070, #1312 ) ) ;
#4036 = CARTESIAN_POINT ( 'NONE',  ( -6.249533253359885521, 14.00918959207152348, 1.209999999999999964 ) ) ;
#4035 = CARTESIAN_POINT ( 'NONE',  ( -7.253766107537557239, 13.35830113645489625, 1.209999999999999964 ) ) ;
#4037 = EDGE_CURVE ( 'NONE', #8274, #911, #3666, .T. ) ;
#4038 = CARTESIAN_POINT ( 'NONE',  ( -9.498915820728903725, 14.37484685878232860, 1.199999999999999956 ) ) ;
#4039 = ORIENTED_EDGE ( 'NONE', *, *, #3311, .F. ) ;
#4040 = VECTOR ( 'NONE', #7418, 1000.000000000000000 ) ;
#4041 = CARTESIAN_POINT ( 'NONE',  ( -6.567525882764849499, 14.55471591216333493, 1.199999999999999956 ) ) ;
#4042 = DIRECTION ( 'NONE',  ( 0.0000000000000000000, 0.0000000000000000000, -1.000000000000000000 ) ) ;
#4043 = EDGE_CURVE ( 'NONE', #9373, #393, #9705, .T. ) ;
#4044 = VERTEX_POINT ( 'NONE', #10536 ) ;
#4045 = ORIENTED_EDGE ( 'NONE', *, *, #5932, .T. ) ;
#4046 = ORIENTED_EDGE ( 'NONE', *, *, #2949, .F. ) ;
#4047 = LINE ( 'NONE', #9977, #9648 ) ;
#4048 = AXIS2_PLACEMENT_3D ( 'NONE', #1361, #9162, #3228 ) ;
#4049 = CARTESIAN_POINT ( 'NONE',  ( -6.511205662297182784, 13.63660967205741414, 1.209999999999999964 ) ) ;
#4050 = CARTESIAN_POINT ( 'NONE',  ( -6.684325355369983512, 15.00666401979160547, 1.209999999999999964 ) ) ;
#4051 = CARTESIAN_POINT ( 'NONE',  ( -9.036199815826943649, 14.29290754900961602, 1.199999999999999956 ) ) ;
#4052 = LINE ( 'NONE', #10764, #3912 ) ;
#4053 = B_SPLINE_CURVE_WITH_KNOTS ( 'NONE', 3,
 ( #9980, #4774, #507, #10645 ),
 .UNSPECIFIED., .F., .F.,
 ( 4, 4 ),
 ( 3.000000000000000000, 4.000000000000000000 ),
 .UNSPECIFIED. ) ;
#4054 = ADVANCED_FACE ( 'NONE', ( #2864 ), #4387, .F. ) ;
#4055 = LINE ( 'NONE', #9157, #4635 ) ;
#4056 = LINE ( 'NONE', #10822, #10987 ) ;
#4057 = EDGE_CURVE ( 'NONE', #6529, #3974, #7166, .T. ) ;
#4058 = AXIS2_PLACEMENT_3D ( 'NONE', #9848, #8113, #3131 ) ;
#4059 = VERTEX_POINT ( 'NONE', #8868 ) ;
#4060 = DIRECTION ( 'NONE',  ( -0.0000000000000000000, 1.000000000000000000, -0.0000000000000000000 ) ) ;
#4061 = VERTEX_POINT ( 'NONE', #10422 ) ;
#4062 = CARTESIAN_POINT ( 'NONE',  ( -2.540000000000000036, 16.01999999999999957, 0.0000000000000000000 ) ) ;
#4063 = ADVANCED_FACE ( 'NONE', ( #1168 ), #4608, .F. ) ;
#4064 = EDGE_CURVE ( 'NONE', #4061, #7282, #11056, .T. ) ;
#4065 = ORIENTED_EDGE ( 'NONE', *, *, #72, .T. ) ;
#4066 = CIRCLE ( 'NONE', #1185, 0.4000000000000006328 ) ;
#4067 = AXIS2_PLACEMENT_3D ( 'NONE', #249, #9000, #8048 ) ;
#4068 = ADVANCED_FACE ( 'NONE', ( #5242 ), #7989, .F. ) ;
#4069 = ADVANCED_FACE ( 'NONE', ( #7577 ), #6684, .F. ) ;
#4070 = VERTEX_POINT ( 'NONE', #7807 ) ;
#4071 = VERTEX_POINT ( 'NONE', #13 ) ;
#4072 = LINE ( 'NONE', #9297, #3148 ) ;
#4073 = ORIENTED_EDGE ( 'NONE', *, *, #10765, .T. ) ;
#4074 = DIRECTION ( 'NONE',  ( -0.3409177962187273647, -0.9400931103999040639, -0.0000000000000000000 ) ) ;
#4075 = CARTESIAN_POINT ( 'NONE',  ( -7.208709931164340112, 13.52154312932009361, 1.199999999999999956 ) ) ;
#4076 = VECTOR ( 'NONE', #7489, 1000.000000000000000 ) ;
#4077 = ORIENTED_EDGE ( 'NONE', *, *, #6855, .F. ) ;
#4078 = FACE_OUTER_BOUND ( 'NONE', #1172, .T. ) ;
#4079 = EDGE_CURVE ( 'NONE', #633, #1854, #131, .T. ) ;
#4080 = ORIENTED_EDGE ( 'NONE', *, *, #8663, .T. ) ;
#4081 = CARTESIAN_POINT ( 'NONE',  ( -6.249533253359885521, 14.00918959207152348, 1.209999999999999964 ) ) ;
#4082 = CARTESIAN_POINT ( 'NONE',  ( -4.580000000000007176, 16.01999999999999957, -2.500000000000000000 ) ) ;
#4083 = VECTOR ( 'NONE', #1470, 1000.000000000000000 ) ;
#4084 = ADVANCED_FACE ( 'NONE', ( #5195 ), #10397, .F. ) ;
#4085 = EDGE_CURVE ( 'NONE', #3585, #5097, #10529, .T. ) ;
#4086 = LINE ( 'NONE', #760, #6870 ) ;
#4087 = VERTEX_POINT ( 'NONE', #6742 ) ;
#4088 = PLANE ( 'NONE',  #3764 ) ;
#4089 = ORIENTED_EDGE ( 'NONE', *, *, #6403, .F. ) ;
#4090 = DIRECTION ( 'NONE',  ( 1.000000000000000000, 0.0000000000000000000, 0.0000000000000000000 ) ) ;
#4091 = CARTESIAN_POINT ( 'NONE',  ( -5.225544998776202377, 13.87506082086700054, 1.209999999999999964 ) ) ;
#4092 = ORIENTED_EDGE ( 'NONE', *, *, #3417, .F. ) ;
#4093 = VERTEX_POINT ( 'NONE', #3463 ) ;
#4094 = LINE ( 'NONE', #2968, #6357 ) ;
#4095 = ORIENTED_EDGE ( 'NONE', *, *, #2851, .T. ) ;
#4096 = AXIS2_PLACEMENT_3D ( 'NONE', #7643, #2555, #6917 ) ;
#4097 = CARTESIAN_POINT ( 'NONE',  ( -7.397079407001651674, 13.54407121750439202, 1.209999999999999964 ) ) ;
#4098 = ORIENTED_EDGE ( 'NONE', *, *, #8522, .T. ) ;
#4100 = CARTESIAN_POINT ( 'NONE',  ( -11.79803536678269360, 13.45423510039484327, 1.209999999999999964 ) ) ;
#4099 = LINE ( 'NONE', #7499, #6677 ) ;
#4101 = VECTOR ( 'NONE', #2920, 1000.000000000000000 ) ;
#4102 = CARTESIAN_POINT ( 'NONE',  ( 12.95000000000000107, 14.25000000000000178, 1.099999999999999867 ) ) ;
#4103 = ORIENTED_EDGE ( 'NONE', *, *, #6001, .T. ) ;
#4104 = CARTESIAN_POINT ( 'NONE',  ( -6.268768774812923716, 14.40672370207652264, 1.199999999999999956 ) ) ;
#4105 = ORIENTED_EDGE ( 'NONE', *, *, #7250, .F. ) ;
#4106 = CARTESIAN_POINT ( 'NONE',  ( 3.039999999999993374, 13.47999999999999865, -2.500000000000000000 ) ) ;
#4107 = EDGE_LOOP ( 'NONE', ( #10651, #4996, #3309, #3668 ) ) ;
#4108 = ORIENTED_EDGE ( 'NONE', *, *, #3809, .T. ) ;
#4109 = ORIENTED_EDGE ( 'NONE', *, *, #2031, .T. ) ;
#4110 = VECTOR ( 'NONE', #5492, 1000.000000000000114 ) ;
#4111 = LINE ( 'NONE', #9208, #10872 ) ;
#4112 = DIRECTION ( 'NONE',  ( 1.000000000000000000, -0.0000000000000000000, -0.0000000000000000000 ) ) ;
#4113 = CARTESIAN_POINT ( 'NONE',  ( -7.982982992848596027, 13.69899514703465115, 1.209999999999999964 ) ) ;
#4114 = ADVANCED_FACE ( 'NONE', ( #1845 ), #4599, .F. ) ;
#4115 = EDGE_CURVE ( 'NONE', #7282, #4061, #7659, .T. ) ;
#4116 = CARTESIAN_POINT ( 'NONE',  ( -9.233818172791853129, 14.54836533763605821, 1.199999999999999956 ) ) ;
#4117 = DIRECTION ( 'NONE',  ( 0.0000000000000000000, 0.0000000000000000000, -1.000000000000000000 ) ) ;
#4118 = CARTESIAN_POINT ( 'NONE',  ( 0.0000000000000000000, 0.0000000000000000000, -1.000000000000000000 ) ) ;
#4119 = CIRCLE ( 'NONE', #9838, 0.4000000000000001887 ) ;
#4120 = ORIENTED_EDGE ( 'NONE', *, *, #7112, .F. ) ;
#4121 = DIRECTION ( 'NONE',  ( 0.0000000000000000000, 0.0000000000000000000, 1.000000000000000000 ) ) ;
#4122 = ORIENTED_EDGE ( 'NONE', *, *, #1669, .F. ) ;
#4123 = ORIENTED_EDGE ( 'NONE', *, *, #7946, .T. ) ;
#4124 = CARTESIAN_POINT ( 'NONE',  ( -7.633277746992797930, 14.40845663193507775, 1.199999999999999956 ) ) ;
#4125 = EDGE_CURVE ( 'NONE', #5039, #7173, #10270, .T. ) ;
#4126 = VERTEX_POINT ( 'NONE', #4299 ) ;
#4127 = ORIENTED_EDGE ( 'NONE', *, *, #4858, .F. ) ;
#4128 = ORIENTED_EDGE ( 'NONE', *, *, #817, .T. ) ;
#4129 = MECHANICAL_CONTEXT ( 'NONE', #440, 'mechanical' ) ;
#4130 = ORIENTED_EDGE ( 'NONE', *, *, #4482, .T. ) ;
#4131 = CARTESIAN_POINT ( 'NONE',  ( -6.910472702165364467, 13.45083959100794679, 1.199999999999999956 ) ) ;
#4132 = DIRECTION ( 'NONE',  ( 0.0000000000000000000, 0.0000000000000000000, 1.000000000000000000 ) ) ;
#4133 = EDGE_CURVE ( 'NONE', #1247, #4323, #7699, .T. ) ;
#4134 = ADVANCED_FACE ( 'NONE', ( #10999 ), #6915, .T. ) ;
#4135 = ORIENTED_EDGE ( 'NONE', *, *, #7464, .F. ) ;
#4136 = LINE ( 'NONE', #7366, #9255 ) ;
#4137 = DESIGN_CONTEXT ( 'detailed design', #3559, 'design' ) ;
#4138 = FACE_OUTER_BOUND ( 'NONE', #8413, .T. ) ;
#4139 = DIRECTION ( 'NONE',  ( -0.0000000000000000000, -0.0000000000000000000, -1.000000000000000000 ) ) ;
#4140 = ORIENTED_EDGE ( 'NONE', *, *, #2131, .F. ) ;
#4141 = EDGE_CURVE ( 'NONE', #4958, #10738, #10106, .T. ) ;
#4142 = CARTESIAN_POINT ( 'NONE',  ( -7.988701661386450326, 13.35795455048319980, 1.209999999999999964 ) ) ;
#4143 = ORIENTED_EDGE ( 'NONE', *, *, #2753, .F. ) ;
#4144 = CARTESIAN_POINT ( 'NONE',  ( -5.833976672807452246, 13.40855610241303886, 1.199999999999999956 ) ) ;
#4145 = EDGE_CURVE ( 'NONE', #2893, #2354, #9741, .T. ) ;
#4146 = CARTESIAN_POINT ( 'NONE',  ( -8.476174831154338563, 14.40672370207652264, 1.199999999999999956 ) ) ;
#4147 = ORIENTED_EDGE ( 'NONE', *, *, #3623, .F. ) ;
#4148 = DIRECTION ( 'NONE',  ( -0.0000000000000000000, 1.000000000000000000, -0.0000000000000000000 ) ) ;
#4149 = PLANE ( 'NONE',  #9262 ) ;
#4150 = ORIENTED_EDGE ( 'NONE', *, *, #6891, .F. ) ;
#4151 = B_SPLINE_CURVE_WITH_KNOTS ( 'NONE', 3,
 ( #4828, #674, #441, #8237 ),
 .UNSPECIFIED., .F., .F.,
 ( 4, 4 ),
 ( 27.00000000000000000, 28.00000000000000000 ),
 .UNSPECIFIED. ) ;
#4152 = CARTESIAN_POINT ( 'NONE',  ( 13.69999999999999751, 14.25000000000000178, 1.099999999999999867 ) ) ;
#4153 = VERTEX_POINT ( 'NONE', #9292 ) ;
#4155 = CARTESIAN_POINT ( 'NONE',  ( -6.018533702951326170, 13.93120774834882880, 1.199999999999999956 ) ) ;
#4154 = CARTESIAN_POINT ( 'NONE',  ( -12.10651261144982982, 14.09528937591381847, 1.209999999999999964 ) ) ;
#4156 = B_SPLINE_CURVE_WITH_KNOTS ( 'NONE', 3,
 ( #9560, #5518, #2755, #336 ),
 .UNSPECIFIED., .F., .F.,
 ( 4, 4 ),
 ( 0.0000000000000000000, 1.000000000000000000 ),
 .UNSPECIFIED. ) ;
#4157 = DIRECTION ( 'NONE',  ( 0.0000000000000000000, 0.0000000000000000000, -1.000000000000000000 ) ) ;
#4158 = VERTEX_POINT ( 'NONE', #8776 ) ;
#4159 = FACE_OUTER_BOUND ( 'NONE', #1326, .T. ) ;
#4160 = CARTESIAN_POINT ( 'NONE',  ( -7.308180105158522011, 13.50074797098971935, 1.209999999999999964 ) ) ;
#4161 = VERTEX_POINT ( 'NONE', #3579 ) ;
#4162 = ORIENTED_EDGE ( 'NONE', *, *, #9867, .T. ) ;
#4163 = EDGE_CURVE ( 'NONE', #3356, #10099, #9717, .T. ) ;
#4164 = B_SPLINE_SURFACE_WITH_KNOTS ( 'NONE', 3, 1, ( 
 ( #672, #10806 ),
 ( #1340, #4826 ),
 ( #10696, #7333 ),
 ( #5783, #10752 ) ),
 .UNSPECIFIED., .F., .F., .F.,
 ( 4, 4 ),
 ( 2, 2 ),
 ( 7.000000000000000000, 8.000000000000000000 ),
 ( 0.0000000000000000000, 1.000000000000000000 ),
 .UNSPECIFIED. ) ;
#4165 = DIRECTION ( 'NONE',  ( -0.0000000000000000000, 1.000000000000000000, -0.0000000000000000000 ) ) ;
#4166 = CARTESIAN_POINT ( 'NONE',  ( -11.51847783794516999, 13.33855623707175120, 1.209999999999999964 ) ) ;
#4167 = PLANE ( 'NONE',  #7828 ) ;
#4168 = CARTESIAN_POINT ( 'NONE',  ( -7.976917738336714692, 14.59249378312600953, 1.209999999999999964 ) ) ;
#4169 = CARTESIAN_POINT ( 'NONE',  ( -10.07249062140200735, 14.97734151318745610, 1.209999999999999964 ) ) ;
#4170 = DIRECTION ( 'NONE',  ( -0.0000000000000000000, -0.0000000000000000000, -1.000000000000000000 ) ) ;
#4171 = CARTESIAN_POINT ( 'NONE',  ( 1.270000000000000240, 14.75000000000000178, -7.100000000000000533 ) ) ;
#4172 = ORIENTED_EDGE ( 'NONE', *, *, #3540, .T. ) ;
#4173 = LINE ( 'NONE', #795, #4933 ) ;
#4174 = VERTEX_POINT ( 'NONE', #6141 ) ;
#4175 = CARTESIAN_POINT ( 'NONE',  ( -7.412329189775404892, 13.73954570577101464, 1.209999999999999964 ) ) ;
#4176 = VERTEX_POINT ( 'NONE', #8034 ) ;
#4177 = EDGE_CURVE ( 'NONE', #717, #6525, #7181, .T. ) ;
#4178 = PLANE ( 'NONE',  #10488 ) ;
#4179 = CARTESIAN_POINT ( 'NONE',  ( -7.227598866643366371, 13.54303145958927068, 1.209999999999999964 ) ) ;
#4180 = DIRECTION ( 'NONE',  ( -0.7071067811865474617, -0.7071067811865474617, -0.0000000000000000000 ) ) ;
#4181 = AXIS2_PLACEMENT_3D ( 'NONE', #10329, #3405, #4398 ) ;
#4182 = DIRECTION ( 'NONE',  ( -0.0000000000000000000, 1.000000000000000000, -0.0000000000000000000 ) ) ;
#4183 = VERTEX_POINT ( 'NONE', #5308 ) ;
#4184 = EDGE_CURVE ( 'NONE', #1813, #6636, #3737, .T. ) ;
#4185 = ORIENTED_EDGE ( 'NONE', *, *, #3755, .T. ) ;
#4186 = FACE_OUTER_BOUND ( 'NONE', #11091, .T. ) ;
#4187 = CARTESIAN_POINT ( 'NONE',  ( -8.058365441781164762, 14.92972193398403569, 1.209999999999999964 ) ) ;
#4188 = EDGE_LOOP ( 'NONE', ( #6883, #6943, #10943, #2624 ) ) ;
#4189 = FACE_OUTER_BOUND ( 'NONE', #5083, .T. ) ;
#4190 = ORIENTED_EDGE ( 'NONE', *, *, #6134, .F. ) ;
#4191 = CARTESIAN_POINT ( 'NONE',  ( 5.079999999999999183, 13.47999999999999865, -2.500000000000000000 ) ) ;
#4192 = VECTOR ( 'NONE', #5779, 1000.000000000000000 ) ;
#4193 = LINE ( 'NONE', #23, #6739 ) ;
#4194 = CARTESIAN_POINT ( 'NONE',  ( -5.201803859686291887, 13.87506082086700054, 1.209999999999999964 ) ) ;
#4195 = CARTESIAN_POINT ( 'NONE',  ( -5.835363016694273597, 13.93120774834882880, 1.199999999999999956 ) ) ;
#4196 = CARTESIAN_POINT ( 'NONE',  ( -7.964032430152203190, -8.672079492129114442, -1.000000000000000000 ) ) ;
#4197 = VERTEX_POINT ( 'NONE', #9624 ) ;
#4199 = CARTESIAN_POINT ( 'NONE',  ( -7.960974783619562345, 13.33265377452059042, 1.209999999999999964 ) ) ;
#4198 = VECTOR ( 'NONE', #8988, 1000.000000000000000 ) ;
#4200 = ORIENTED_EDGE ( 'NONE', *, *, #8370, .F. ) ;
#4201 = DIRECTION ( 'NONE',  ( -0.0000000000000000000, -0.0000000000000000000, -1.000000000000000000 ) ) ;
#4202 = EDGE_CURVE ( 'NONE', #10874, #2509, #185, .T. ) ;
#4203 = DIRECTION ( 'NONE',  ( 0.0000000000000000000, -0.0000000000000000000, -1.000000000000000000 ) ) ;
#4204 = ORIENTED_EDGE ( 'NONE', *, *, #11097, .F. ) ;
#4205 = ORIENTED_EDGE ( 'NONE', *, *, #7352, .T. ) ;
#4206 = CARTESIAN_POINT ( 'NONE',  ( -7.060024549129475524, 13.81544803366346308, 1.209999999999999964 ) ) ;
#4207 = CARTESIAN_POINT ( 'NONE',  ( -5.646127075927692474, 13.67646705885035630, 1.199999999999999956 ) ) ;
#4208 = VERTEX_POINT ( 'NONE', #7126 ) ;
#4209 = ADVANCED_FACE ( 'NONE', ( #4509 ), #1945, .F. ) ;
#4210 = AXIS2_PLACEMENT_3D ( 'NONE', #8022, #3669, #6387 ) ;
#4211 = LINE ( 'NONE', #4271, #8175 ) ;
#4212 = ADVANCED_FACE ( 'NONE', ( #1083 ), #10552, .F. ) ;
#4213 = CARTESIAN_POINT ( 'NONE',  ( -11.32085943501356695, 14.58692523454548784, 1.199999999999999956 ) ) ;
#4214 = CARTESIAN_POINT ( 'NONE',  ( -7.386508534852937125, 13.38914728797413289, 1.209999999999999964 ) ) ;
#4215 = ORIENTED_EDGE ( 'NONE', *, *, #154, .F. ) ;
#4216 = DIRECTION ( 'NONE',  ( -1.000000000000000000, -0.0000000000000000000, -0.0000000000000000000 ) ) ;
#4217 = EDGE_CURVE ( 'NONE', #3043, #9957, #3683, .T. ) ;
#4218 = EDGE_LOOP ( 'NONE', ( #8765, #6630, #8292, #446 ) ) ;
#4219 = CARTESIAN_POINT ( 'NONE',  ( 3.409999999999999254, 14.75000000000000355, -7.100000000000000533 ) ) ;
#4220 = CIRCLE ( 'NONE', #430, 0.3999999999999999667 ) ;
#4221 = ORIENTED_EDGE ( 'NONE', *, *, #6460, .T. ) ;
#4222 = LINE ( 'NONE', #2316, #6577 ) ;
#4223 = LINE ( 'NONE', #5239, #2287 ) ;
#4224 = AXIS2_PLACEMENT_3D ( 'NONE', #7041, #8901, #9010 ) ;
#4225 = CARTESIAN_POINT ( 'NONE',  ( -6.511205662297182784, 13.40855610241303886, 1.209999999999999964 ) ) ;
#4226 = DIRECTION ( 'NONE',  ( 0.0000000000000000000, 0.0000000000000000000, -1.000000000000000000 ) ) ;
#4227 = EDGE_CURVE ( 'NONE', #7690, #5142, #9477, .T. ) ;
#4228 = CARTESIAN_POINT ( 'NONE',  ( -10.18334960104225928, 15.26653894730228700, 1.199999999999999956 ) ) ;
#4229 = CARTESIAN_POINT ( 'NONE',  ( -7.868263036080666240, 14.39528636499620617, 1.209999999999999964 ) ) ;
#4230 = EDGE_CURVE ( 'NONE', #9167, #6058, #3634, .T. ) ;
#4231 = EDGE_CURVE ( 'NONE', #8404, #3334, #8883, .T. ) ;
#4232 = B_SPLINE_CURVE_WITH_KNOTS ( 'NONE', 3,
 ( #10136, #1693, #9264, #7501 ),
 .UNSPECIFIED., .F., .F.,
 ( 4, 4 ),
 ( 8.000000000000000000, 9.000000000000000000 ),
 .UNSPECIFIED. ) ;
#4233 = CARTESIAN_POINT ( 'NONE',  ( -11.87997449268630135, 14.64476443637584246, 1.209999999999999964 ) ) ;
#4234 = PLANE ( 'NONE',  #9559 ) ;
#4235 = ORIENTED_EDGE ( 'NONE', *, *, #4847, .T. ) ;
#4236 = EDGE_LOOP ( 'NONE', ( #6686, #2111, #91, #3555 ) ) ;
#4237 = CIRCLE ( 'NONE', #10472, 0.4000000000000006328 ) ;
#4238 = CARTESIAN_POINT ( 'NONE',  ( -6.106046660905298573, 14.00918959207152348, 1.199999999999999956 ) ) ;
#4239 = CARTESIAN_POINT ( 'NONE',  ( -7.002317984774967030, 13.24427435163269529, 1.199999999999999956 ) ) ;
#4240 = VECTOR ( 'NONE', #10619, 1000.000000000000000 ) ;
#4241 = CARTESIAN_POINT ( 'NONE',  ( -5.916117548195297893, 13.93120774834882880, 1.209999999999999964 ) ) ;
#4242 = EDGE_LOOP ( 'NONE', ( #867, #4077, #10100, #10850 ) ) ;
#4243 = VERTEX_POINT ( 'NONE', #1999 ) ;
#4244 = CARTESIAN_POINT ( 'NONE',  ( -10.83404382779832531, 15.19905954715865271, 1.199999999999999956 ) ) ;
#4245 = ORIENTED_EDGE ( 'NONE', *, *, #5453, .T. ) ;
#4246 = CARTESIAN_POINT ( 'NONE',  ( -9.508555588106119671, 14.63512453110084621, 1.209999999999999964 ) ) ;
#4247 = CARTESIAN_POINT ( 'NONE',  ( -7.322736715986543743, 13.51287848001345893, 1.199999999999999956 ) ) ;
#4248 = ORIENTED_EDGE ( 'NONE', *, *, #4534, .F. ) ;
#4249 = PLANE ( 'NONE',  #6932 ) ;
#4250 = ORIENTED_EDGE ( 'NONE', *, *, #10734, .T. ) ;
#4251 = CARTESIAN_POINT ( 'NONE',  ( -7.927875823281901546, 14.94185244300777349, 1.209999999999999964 ) ) ;
#4252 = CIRCLE ( 'NONE', #3891, 0.3999999999999999667 ) ;
#4253 = VECTOR ( 'NONE', #5045, 1000.000000000000000 ) ;
#4254 = VERTEX_POINT ( 'NONE', #239 ) ;
#4255 = CARTESIAN_POINT ( 'NONE',  ( -7.199178816930749569, 13.49485600946601949, 1.209999999999999964 ) ) ;
#4256 = DIRECTION ( 'NONE',  ( 0.0000000000000000000, 1.000000000000000000, 0.0000000000000000000 ) ) ;
#4257 = ADVANCED_FACE ( 'NONE', ( #4563 ), #10387, .T. ) ;
#4258 = FACE_OUTER_BOUND ( 'NONE', #9399, .T. ) ;
#4259 = ORIENTED_EDGE ( 'NONE', *, *, #1433, .T. ) ;
#4260 = CARTESIAN_POINT ( 'NONE',  ( -6.511205662297182784, 13.93120774834882880, 1.209999999999999964 ) ) ;
#4261 = ORIENTED_EDGE ( 'NONE', *, *, #1152, .T. ) ;
#4262 = DIRECTION ( 'NONE',  ( -0.0000000000000000000, -0.0000000000000000000, -1.000000000000000000 ) ) ;
#4263 = DIRECTION ( 'NONE',  ( -0.0000000000000000000, -0.0000000000000000000, -1.000000000000000000 ) ) ;
#4264 = ORIENTED_EDGE ( 'NONE', *, *, #10890, .T. ) ;
#4265 = LINE ( 'NONE', #3015, #6225 ) ;
#4266 = ORIENTED_EDGE ( 'NONE', *, *, #6425, .F. ) ;
#4267 = DIRECTION ( 'NONE',  ( -0.0000000000000000000, -0.0000000000000000000, -1.000000000000000000 ) ) ;
#4268 = CARTESIAN_POINT ( 'NONE',  ( -12.02457333615329382, 14.50016576528512857, 1.209999999999999964 ) ) ;
#4269 = VECTOR ( 'NONE', #10582, 1000.000000000000114 ) ;
#4270 = EDGE_CURVE ( 'NONE', #7114, #1284, #641, .T. ) ;
#4271 = CARTESIAN_POINT ( 'NONE',  ( -6.955008999581013818, 15.08464586351430547, 1.209999999999999964 ) ) ;
#4272 = VERTEX_POINT ( 'NONE', #5534 ) ;
#4273 = CARTESIAN_POINT ( 'NONE',  ( -7.932554733906918898, 14.54466491897449032, 1.199999999999999956 ) ) ;
#4274 = DIRECTION ( 'NONE',  ( -0.0000000000000000000, -0.0000000000000000000, 1.000000000000000000 ) ) ;
#4275 = EDGE_LOOP ( 'NONE', ( #6817, #69, #8117, #3819, #6117, #5357, #2028, #7196, #7652, #4190, #11001, #746, #2778, #9048, #395, #9611, #6519, #5762, #5229, #2224, #6254, #6244, #695, #11085, #6086, #7584, #5757, #2752, #10486, #165, #1711, #3782, #6890 ) ) ;
#4276 = LINE ( 'NONE', #951, #1136 ) ;
#4277 = DIRECTION ( 'NONE',  ( -0.0000000000000000000, -0.0000000000000000000, -1.000000000000000000 ) ) ;
#4278 = VERTEX_POINT ( 'NONE', #8937 ) ;
#4279 = EDGE_LOOP ( 'NONE', ( #531, #7620 ) ) ;
#4280 = CARTESIAN_POINT ( 'NONE',  ( -7.525662802654181860, 13.72776178271899816, 1.209999999999999964 ) ) ;
#4281 = EDGE_CURVE ( 'NONE', #5372, #4070, #7988, .T. ) ;
#4282 = ADVANCED_FACE ( 'NONE', ( #10438 ), #7072, .F. ) ;
#4283 = VECTOR ( 'NONE', #11061, 1000.000000000000114 ) ;
#4284 = CYLINDRICAL_SURFACE ( 'NONE', #6557, 0.4000000000000001887 ) ;
#4285 = FACE_OUTER_BOUND ( 'NONE', #7184, .T. ) ;
#4286 = CARTESIAN_POINT ( 'NONE',  ( -5.656351362102395086, 13.42623198698875875, 1.209999999999999964 ) ) ;
#4287 = FACE_OUTER_BOUND ( 'NONE', #8838, .T. ) ;
#4288 = CARTESIAN_POINT ( 'NONE',  ( -7.945898293831654691, 14.42613251651542505, 1.209999999999999964 ) ) ;
#4289 = DIRECTION ( 'NONE',  ( -1.224646799147353207E-16, 1.000000000000000000, 0.0000000000000000000 ) ) ;
#4290 = EDGE_CURVE ( 'NONE', #8759, #4966, #3221, .T. ) ;
#4291 = VERTEX_POINT ( 'NONE', #6565 ) ;
#4292 = DIRECTION ( 'NONE',  ( 1.000000000000000000, 0.0000000000000000000, 0.0000000000000000000 ) ) ;
#4293 = EDGE_LOOP ( 'NONE', ( #1781, #3098 ) ) ;
#4294 = AXIS2_PLACEMENT_3D ( 'NONE', #8754, #7842, #158 ) ;
#4295 = VERTEX_POINT ( 'NONE', #4892 ) ;
#4296 = EDGE_CURVE ( 'NONE', #4369, #4850, #4052, .T. ) ;
#4297 = CARTESIAN_POINT ( 'NONE',  ( -6.403070839003302872, 14.75434943209973504, 1.199999999999999956 ) ) ;
#4298 = PLANE ( 'NONE',  #9188 ) ;
#4299 = CARTESIAN_POINT ( 'NONE',  ( -1.670000000000000151, 14.75000000000000178, -7.100000000000000533 ) ) ;
#4300 = VECTOR ( 'NONE', #6304, 1000.000000000000000 ) ;
#4301 = CARTESIAN_POINT ( 'NONE',  ( -6.598718620255776379, 14.00918959207152348, 1.209999999999999964 ) ) ;
#4302 = ORIENTED_EDGE ( 'NONE', *, *, #237, .T. ) ;
#4303 = CARTESIAN_POINT ( 'NONE',  ( -11.00274233103350952, 15.07856061052913077, 1.209999999999999964 ) ) ;
#4304 = EDGE_LOOP ( 'NONE', ( #1808, #7597, #6629, #5711 ) ) ;
#4305 = DIRECTION ( 'NONE',  ( 0.0000000000000000000, 0.0000000000000000000, 1.000000000000000000 ) ) ;
#4306 = DIRECTION ( 'NONE',  ( -0.0000000000000000000, -0.0000000000000000000, -1.000000000000000000 ) ) ;
#4307 = DIRECTION ( 'NONE',  ( 0.0000000000000000000, -1.000000000000000000, 0.0000000000000000000 ) ) ;
#4308 = CARTESIAN_POINT ( 'NONE',  ( -5.080000000000000071, 13.97999999999999332, -2.500000000000000000 ) ) ;
#4309 = VECTOR ( 'NONE', #8332, 1000.000000000000000 ) ;
#4310 = ORIENTED_EDGE ( 'NONE', *, *, #2628, .F. ) ;
#4311 = CARTESIAN_POINT ( 'NONE',  ( -11.06540183025160751, 13.67595305967071084, 1.199999999999999956 ) ) ;
#4312 = DIRECTION ( 'NONE',  ( -0.0000000000000000000, -0.0000000000000000000, 1.000000000000000000 ) ) ;
#4313 = DIRECTION ( 'NONE',  ( -0.0000000000000000000, 0.0000000000000000000, 1.000000000000000000 ) ) ;
#4314 = PLANE ( 'NONE',  #5457 ) ;
#4315 = ORIENTED_EDGE ( 'NONE', *, *, #5984, .T. ) ;
#4316 = CARTESIAN_POINT ( 'NONE',  ( -6.249533253359885521, 13.93120774834882880, 1.209999999999999964 ) ) ;
#4317 = EDGE_LOOP ( 'NONE', ( #5866, #6612, #4499, #557 ) ) ;
#4318 = LINE ( 'NONE', #1679, #4741 ) ;
#4319 = FACE_OUTER_BOUND ( 'NONE', #1174, .T. ) ;
#4320 = VERTEX_POINT ( 'NONE', #6619 ) ;
#4321 = EDGE_LOOP ( 'NONE', ( #4797, #4511, #1938, #5171 ) ) ;
#4322 = CARTESIAN_POINT ( 'NONE',  ( -9.923072020657146552, 13.62775348731978298, 1.209999999999999964 ) ) ;
#4323 = VERTEX_POINT ( 'NONE', #10042 ) ;
#4324 = ORIENTED_EDGE ( 'NONE', *, *, #2081, .T. ) ;
#4325 = ADVANCED_FACE ( 'NONE', ( #3999 ), #1475, .F. ) ;
#4326 = CARTESIAN_POINT ( 'NONE',  ( 6.500000000000000000, -14.83447752647037987, -0.1339798481102604799 ) ) ;
#4327 = CARTESIAN_POINT ( 'NONE',  ( -6.018533702951326170, 13.40855610241303886, 1.209999999999999964 ) ) ;
#4328 = CARTESIAN_POINT ( 'NONE',  ( -7.293623494328188350, 13.48861746196599931, 1.199999999999999956 ) ) ;
#4329 = ORIENTED_EDGE ( 'NONE', *, *, #6563, .T. ) ;
#4330 = CARTESIAN_POINT ( 'NONE',  ( -17.00000000000000355, -11.50000000000000000, 1.431180503930323589 ) ) ;
#4331 = CARTESIAN_POINT ( 'NONE',  ( -7.397079407001651674, 13.54407121750439202, 1.209999999999999964 ) ) ;
#4332 = B_SPLINE_SURFACE_WITH_KNOTS ( 'NONE', 3, 1, ( 
 ( #203, #7037 ),
 ( #4698, #10614 ),
 ( #8104, #2845 ),
 ( #2066, #6365 ) ),
 .UNSPECIFIED., .F., .F., .F.,
 ( 4, 4 ),
 ( 2, 2 ),
 ( 9.000000000000000000, 10.00000000000000000 ),
 ( 0.0000000000000000000, 1.000000000000000000 ),
 .UNSPECIFIED. ) ;
#4333 = EDGE_CURVE ( 'NONE', #9108, #703, #7236, .T. ) ;
#4334 = ORIENTED_EDGE ( 'NONE', *, *, #534, .T. ) ;
#4335 = ORIENTED_EDGE ( 'NONE', *, *, #7819, .F. ) ;
#4336 = FACE_BOUND ( 'NONE', #8439, .T. ) ;
#4337 = DIRECTION ( 'NONE',  ( -1.000000000000000000, 0.0000000000000000000, 0.0000000000000000000 ) ) ;
#4338 = DIRECTION ( 'NONE',  ( -1.000000000000000000, 0.0000000000000000000, 0.0000000000000000000 ) ) ;
#4339 = DIRECTION ( 'NONE',  ( -0.0000000000000000000, -0.0000000000000000000, -1.000000000000000000 ) ) ;
#4340 = FACE_OUTER_BOUND ( 'NONE', #4317, .T. ) ;
#4341 = ORIENTED_EDGE ( 'NONE', *, *, #4379, .F. ) ;
#4342 = EDGE_CURVE ( 'NONE', #2502, #9159, #4726, .T. ) ;
#4343 = ADVANCED_FACE ( 'NONE', ( #3898 ), #2807, .F. ) ;
#4344 = ORIENTED_EDGE ( 'NONE', *, *, #10168, .T. ) ;
#4345 = CARTESIAN_POINT ( 'NONE',  ( -11.13770109684460863, 14.55800547274917278, 1.209999999999999964 ) ) ;
#4346 = ORIENTED_EDGE ( 'NONE', *, *, #1138, .T. ) ;
#4347 = ADVANCED_FACE ( 'NONE', ( #7297, #4837 ), #10711, .F. ) ;
#4348 = CARTESIAN_POINT ( 'NONE',  ( -6.403070839003302872, 14.75434943209973504, 1.209999999999999964 ) ) ;
#4349 = ADVANCED_FACE ( 'NONE', ( #8301 ), #624, .F. ) ;
#4350 = CARTESIAN_POINT ( 'NONE',  ( -5.656351362102395086, 13.91942382529679811, 1.209999999999999964 ) ) ;
#4351 = CARTESIAN_POINT ( 'NONE',  ( -7.394826598183222188, 13.31983009355342240, 1.199999999999999956 ) ) ;
#4352 = CARTESIAN_POINT ( 'NONE',  ( -11.13770109684460863, 14.55800547274917278, 1.209999999999999964 ) ) ;
#4353 = ORIENTED_EDGE ( 'NONE', *, *, #5, .F. ) ;
#4354 = APPLICATION_PROTOCOL_DEFINITION ( 'international standard', 'config_control_design', 1994, #3559 ) ;
#4355 = VERTEX_POINT ( 'NONE', #1351 ) ;
#4356 = LINE ( 'NONE', #3687, #3631 ) ;
#4357 = DIRECTION ( 'NONE',  ( -1.000000000000000000, 0.0000000000000000000, 0.0000000000000000000 ) ) ;
#4358 = CARTESIAN_POINT ( 'NONE',  ( -7.089311063773702237, 13.17599691512713633, 1.209999999999999964 ) ) ;
#4359 = CARTESIAN_POINT ( 'NONE',  ( -5.225544998776202377, 13.87506082086700054, 1.209999999999999964 ) ) ;
#4360 = DIRECTION ( 'NONE',  ( -0.0000000000000000000, -0.0000000000000000000, -1.000000000000000000 ) ) ;
#4361 = PLANE ( 'NONE',  #1014 ) ;
#4362 = CARTESIAN_POINT ( 'NONE',  ( -3.810000000000000053, 14.75000000000000178, 1.600000000000000089 ) ) ;
#4363 = DIRECTION ( 'NONE',  ( -0.0000000000000000000, 1.000000000000000000, -0.0000000000000000000 ) ) ;
#4364 = VERTEX_POINT ( 'NONE', #1294 ) ;
#4365 = CARTESIAN_POINT ( 'NONE',  ( -7.450626939693338890, 13.56555954777356732, 1.209999999999999964 ) ) ;
#4366 = LINE ( 'NONE', #10403, #10907 ) ;
#4367 = VERTEX_POINT ( 'NONE', #8190 ) ;
#4368 = VECTOR ( 'NONE', #1459, 1000.000000000000000 ) ;
#4369 = VERTEX_POINT ( 'NONE', #2994 ) ;
#4370 = FACE_OUTER_BOUND ( 'NONE', #5057, .T. ) ;
#4371 = EDGE_LOOP ( 'NONE', ( #9384, #1578, #7890, #648 ) ) ;
#4372 = VERTEX_POINT ( 'NONE', #6405 ) ;
#4373 = ORIENTED_EDGE ( 'NONE', *, *, #9683, .F. ) ;
#4374 = VECTOR ( 'NONE', #10713, 1000.000000000000000 ) ;
#4375 = DIRECTION ( 'NONE',  ( 1.000000000000000000, -0.0000000000000000000, -0.0000000000000000000 ) ) ;
#4376 = FACE_OUTER_BOUND ( 'NONE', #77, .T. ) ;
#4377 = ORIENTED_EDGE ( 'NONE', *, *, #8947, .T. ) ;
#4378 = LINE ( 'NONE', #6118, #7768 ) ;
#4379 = EDGE_CURVE ( 'NONE', #9763, #9581, #9211, .T. ) ;
#4380 = CARTESIAN_POINT ( 'NONE',  ( -14.71000000000000085, 8.599999999999999645, 2.600000000000000533 ) ) ;
#4381 = ORIENTED_EDGE ( 'NONE', *, *, #8269, .T. ) ;
#4382 = EDGE_LOOP ( 'NONE', ( #3719, #8376, #1740, #4130, #7033, #375, #4942, #1131, #4565, #444, #1053, #545, #5440, #1765, #4008, #1253, #9410, #1589, #1907, #6223, #9131, #9909, #7189, #2921, #6448, #6157, #10676, #1388, #6755, #10058, #4451, #5224, #4986 ) ) ;
#4383 = CIRCLE ( 'NONE', #7586, 1.500000000000003109 ) ;
#4384 = FACE_OUTER_BOUND ( 'NONE', #4293, .T. ) ;
#4385 = LINE ( 'NONE', #10372, #2986 ) ;
#4386 = DIRECTION ( 'NONE',  ( 1.000000000000000000, -0.0000000000000000000, -0.0000000000000000000 ) ) ;
#4387 = PLANE ( 'NONE',  #2660 ) ;
#4388 = DIRECTION ( 'NONE',  ( -0.0000000000000000000, -0.0000000000000000000, -1.000000000000000000 ) ) ;
#4389 = DIRECTION ( 'NONE',  ( -1.000000000000000000, -0.0000000000000000000, -0.0000000000000000000 ) ) ;
#4390 = EDGE_CURVE ( 'NONE', #4183, #1265, #6456, .T. ) ;
#4391 = LINE ( 'NONE', #2, #1598 ) ;
#4392 = VERTEX_POINT ( 'NONE', #9928 ) ;
#4393 = VERTEX_POINT ( 'NONE', #2264 ) ;
#4394 = CARTESIAN_POINT ( 'NONE',  ( -7.525662802654181860, 13.68478512218066889, 1.209999999999999964 ) ) ;
#4395 = EDGE_LOOP ( 'NONE', ( #5345, #214, #7651, #6552 ) ) ;
#4396 = B_SPLINE_CURVE_WITH_KNOTS ( 'NONE', 3,
 ( #7451, #2263, #9102, #8137 ),
 .UNSPECIFIED., .F., .F.,
 ( 4, 4 ),
 ( 9.000000000000000000, 10.00000000000000000 ),
 .UNSPECIFIED. ) ;
#4397 = CARTESIAN_POINT ( 'NONE',  ( -6.437209557253773973, 14.93492072356431954, 1.209999999999999964 ) ) ;
#4398 = DIRECTION ( 'NONE',  ( 1.000000000000000000, 0.0000000000000000000, 0.0000000000000000000 ) ) ;
#4399 = DIRECTION ( 'NONE',  ( -1.000000000000000000, 0.0000000000000000000, 0.0000000000000000000 ) ) ;
#4400 = CARTESIAN_POINT ( 'NONE',  ( -10.57858613110296098, 13.54099447772641263, 1.209999999999999964 ) ) ;
#4401 = VECTOR ( 'NONE', #6544, 999.9999999999998863 ) ;
#4402 = ORIENTED_EDGE ( 'NONE', *, *, #210, .F. ) ;
#4403 = VECTOR ( 'NONE', #5499, 1000.000000000000000 ) ;
#4404 = SECURITY_CLASSIFICATION_LEVEL ( 'unclassified' ) ;
#4405 = FACE_OUTER_BOUND ( 'NONE', #4447, .T. ) ;
#4406 = EDGE_LOOP ( 'NONE', ( #7547, #2358, #7324, #10156 ) ) ;
#4407 = DIRECTION ( 'NONE',  ( 0.0000000000000000000, 0.0000000000000000000, -1.000000000000000000 ) ) ;
#4408 = EDGE_CURVE ( 'NONE', #47, #3804, #5683, .T. ) ;
#4409 = CARTESIAN_POINT ( 'NONE',  ( -6.965059992772179243, 13.33230718854889219, 1.209999999999999964 ) ) ;
#4410 = CARTESIAN_POINT ( 'NONE',  ( 8.713066640240183958, -11.36787109524561856, -1.000000000000000000 ) ) ;
#4411 = ORIENTED_EDGE ( 'NONE', *, *, #1762, .T. ) ;
#4412 = VECTOR ( 'NONE', #6759, 1000.000000000000000 ) ;
#4413 = EDGE_CURVE ( 'NONE', #2881, #4093, #8247, .T. ) ;
#4414 = LINE ( 'NONE', #7713, #7818 ) ;
#4415 = FACE_OUTER_BOUND ( 'NONE', #1110, .T. ) ;
#4416 = EDGE_CURVE ( 'NONE', #9986, #3241, #10129, .T. ) ;
#4417 = B_SPLINE_SURFACE_WITH_KNOTS ( 'NONE', 3, 1, ( 
 ( #718, #2406 ),
 ( #3202, #9142 ),
 ( #2304, #11031 ),
 ( #3308, #5828 ) ),
 .UNSPECIFIED., .F., .F., .F.,
 ( 4, 4 ),
 ( 2, 2 ),
 ( 8.000000000000000000, 9.000000000000000000 ),
 ( 0.0000000000000000000, 1.000000000000000000 ),
 .UNSPECIFIED. ) ;
#4418 = CARTESIAN_POINT ( 'NONE',  ( -9.744733566180256545, 14.37484685878232860, 1.209999999999999964 ) ) ;
#4419 = CARTESIAN_POINT ( 'NONE',  ( -7.923716791616747024, 13.31983009355342240, 1.199999999999999956 ) ) ;
#4420 = DIRECTION ( 'NONE',  ( 0.0000000000000000000, 0.0000000000000000000, -1.000000000000000000 ) ) ;
#4421 = CARTESIAN_POINT ( 'NONE',  ( -7.854746183167766738, 13.38949387394582935, 1.209999999999999964 ) ) ;
#4422 = VERTEX_POINT ( 'NONE', #10760 ) ;
#4423 = CIRCLE ( 'NONE', #10496, 2.249999999999998668 ) ;
#4424 = EDGE_CURVE ( 'NONE', #5027, #2577, #8133, .T. ) ;
#4425 = VECTOR ( 'NONE', #8132, 1000.000000000000000 ) ;
#4426 = VERTEX_POINT ( 'NONE', #5528 ) ;
#4427 = CARTESIAN_POINT ( 'NONE',  ( -7.975358101461707427, 14.89125089107794153, 1.209999999999999964 ) ) ;
#4428 = CARTESIAN_POINT ( 'NONE',  ( -6.403070839003302872, 14.64933388255125379, 1.199999999999999956 ) ) ;
#4429 = DIRECTION ( 'NONE',  ( 1.000000000000000000, -0.0000000000000000000, -0.0000000000000000000 ) ) ;
#4430 = EDGE_CURVE ( 'NONE', #4254, #359, #367, .T. ) ;
#4431 = ORIENTED_EDGE ( 'NONE', *, *, #6302, .T. ) ;
#4432 = EDGE_CURVE ( 'NONE', #1566, #9986, #7178, .T. ) ;
#4433 = LINE ( 'NONE', #7779, #3717 ) ;
#4434 = VECTOR ( 'NONE', #9336, 1000.000000000000000 ) ;
#4435 = VECTOR ( 'NONE', #3376, 1000.000000000000114 ) ;
#4436 = CARTESIAN_POINT ( 'NONE',  ( -6.567525882764849499, 14.55471591216333493, 1.209999999999999964 ) ) ;
#4437 = CARTESIAN_POINT ( 'NONE',  ( -7.137486513894618412, 13.18570132234891723, 1.209999999999999964 ) ) ;
#4438 = ORIENTED_EDGE ( 'NONE', *, *, #2262, .T. ) ;
#4439 = LINE ( 'NONE', #4596, #1715 ) ;
#4440 = DIRECTION ( 'NONE',  ( 0.0000000000000000000, 0.0000000000000000000, 1.000000000000000000 ) ) ;
#4441 = VECTOR ( 'NONE', #9751, 1000.000000000000000 ) ;
#4442 = AXIS2_PLACEMENT_3D ( 'NONE', #5061, #6789, #1772 ) ;
#4443 = DIRECTION ( 'NONE',  ( 1.000000000000000000, 0.0000000000000000000, 0.0000000000000000000 ) ) ;
#4444 = DIRECTION ( 'NONE',  ( -0.0000000000000000000, -0.0000000000000000000, -1.000000000000000000 ) ) ;
#4445 = CIRCLE ( 'NONE', #3191, 0.4000000000000001887 ) ;
#4446 = FACE_OUTER_BOUND ( 'NONE', #4553, .T. ) ;
#4447 = EDGE_LOOP ( 'NONE', ( #9852, #1591, #5658, #8481 ) ) ;
#4448 = CARTESIAN_POINT ( 'NONE',  ( -11.51847783794516999, 13.33855623707175120, 1.199999999999999956 ) ) ;
#4449 = ORIENTED_EDGE ( 'NONE', *, *, #1376, .T. ) ;
#4450 = CARTESIAN_POINT ( 'NONE',  ( -6.919137351471976949, 13.42068661143675889, 1.199999999999999956 ) ) ;
#4451 = ORIENTED_EDGE ( 'NONE', *, *, #9682, .T. ) ;
#4452 = ORIENTED_EDGE ( 'NONE', *, *, #4687, .F. ) ;
#4453 = FACE_OUTER_BOUND ( 'NONE', #8790, .T. ) ;
#4454 = FACE_OUTER_BOUND ( 'NONE', #5645, .T. ) ;
#4455 = EDGE_LOOP ( 'NONE', ( #3629, #10565, #7775, #2444 ) ) ;
#4456 = VERTEX_POINT ( 'NONE', #4721 ) ;
#4457 = CIRCLE ( 'NONE', #1045, 1.000000000000000888 ) ;
#4458 = EDGE_CURVE ( 'NONE', #5119, #9615, #10644, .T. ) ;
#4459 = EDGE_CURVE ( 'NONE', #9544, #5910, #4621, .T. ) ;
#4460 = CARTESIAN_POINT ( 'NONE',  ( -17.44999999999999929, 14.25000000000000178, 1.099999999999999867 ) ) ;
#4461 = CARTESIAN_POINT ( 'NONE',  ( 0.0000000000000000000, 0.0000000000000000000, 1.209999999999999964 ) ) ;
#4462 = DIRECTION ( 'NONE',  ( -0.0000000000000000000, -0.0000000000000000000, -1.000000000000000000 ) ) ;
#4463 = VECTOR ( 'NONE', #8587, 1000.000000000000000 ) ;
#4464 = COORDINATED_UNIVERSAL_TIME_OFFSET ( 8, 0, .AHEAD. ) ;
#4465 = ORIENTED_EDGE ( 'NONE', *, *, #8709, .T. ) ;
#4466 = DIRECTION ( 'NONE',  ( 0.0000000000000000000, 0.0000000000000000000, -1.000000000000000000 ) ) ;
#4467 = FACE_OUTER_BOUND ( 'NONE', #306, .T. ) ;
#4468 = EDGE_CURVE ( 'NONE', #828, #8635, #7435, .T. ) ;
#4469 = CARTESIAN_POINT ( 'NONE',  ( -7.104907432516847088, 13.17599691512713633, 1.209999999999999964 ) ) ;
#4470 = CARTESIAN_POINT ( 'NONE',  ( -7.744011965081448956, 15.09608320059462017, 1.199999999999999956 ) ) ;
#4471 = ORIENTED_EDGE ( 'NONE', *, *, #9072, .F. ) ;
#4472 = VECTOR ( 'NONE', #9460, 999.9999999999998863 ) ;
#4473 = CARTESIAN_POINT ( 'NONE',  ( 1.270000000000000240, 14.75000000000000178, -7.500000000000000888 ) ) ;
#4474 = ADVANCED_FACE ( 'NONE', ( #4773 ), #7231, .F. ) ;
#4475 = CARTESIAN_POINT ( 'NONE',  ( -9.330217317496021678, 13.80127196617351970, 1.199999999999999956 ) ) ;
#4476 = ORIENTED_EDGE ( 'NONE', *, *, #6464, .F. ) ;
#4477 = DIRECTION ( 'NONE',  ( 0.0000000000000000000, -0.0000000000000000000, -1.000000000000000000 ) ) ;
#4478 = DIRECTION ( 'NONE',  ( 1.000000000000000000, 0.0000000000000000000, 0.0000000000000000000 ) ) ;
#4479 = ORIENTED_EDGE ( 'NONE', *, *, #3741, .T. ) ;
#4480 = AXIS2_PLACEMENT_3D ( 'NONE', #9542, #4478, #255 ) ;
#4481 = LINE ( 'NONE', #3757, #5667 ) ;
#4482 = EDGE_CURVE ( 'NONE', #1148, #7437, #11063, .T. ) ;
#4483 = EDGE_CURVE ( 'NONE', #8609, #2398, #7293, .T. ) ;
#4484 = EDGE_LOOP ( 'NONE', ( #8253, #6768, #11070, #5335 ) ) ;
#4485 = CARTESIAN_POINT ( 'NONE',  ( -9.498915820728903725, 14.37484685878232860, 1.209999999999999964 ) ) ;
#4486 = CARTESIAN_POINT ( 'NONE',  ( -7.137486513894618412, 13.18570132234891723, 1.209999999999999964 ) ) ;
#4487 = DIRECTION ( 'NONE',  ( 0.0000000000000000000, 0.0000000000000000000, 1.000000000000000000 ) ) ;
#4488 = EDGE_CURVE ( 'NONE', #2026, #4549, #4445, .T. ) ;
#4489 = EDGE_CURVE ( 'NONE', #1403, #1231, #2155, .T. ) ;
#4490 = CARTESIAN_POINT ( 'NONE',  ( -6.268768774812923716, 13.63660967205741414, 1.209999999999999964 ) ) ;
#4491 = DIRECTION ( 'NONE',  ( 0.9369753459544832852, 0.3493954794691488952, -0.0000000000000000000 ) ) ;
#4492 = ORIENTED_EDGE ( 'NONE', *, *, #6047, .T. ) ;
#4493 = DIRECTION ( 'NONE',  ( 1.000000000000000000, 0.0000000000000000000, 0.0000000000000000000 ) ) ;
#4494 = DIRECTION ( 'NONE',  ( 0.0000000000000000000, -0.0000000000000000000, 1.000000000000000000 ) ) ;
#4495 = ADVANCED_FACE ( 'NONE', ( #5576 ), #10815, .F. ) ;
#4496 = VERTEX_POINT ( 'NONE', #8030 ) ;
#4497 = PLANE ( 'NONE',  #8285 ) ;
#4498 = CARTESIAN_POINT ( 'NONE',  ( -7.879180494201104779, 13.55342903874982241, 1.209999999999999964 ) ) ;
#4499 = ORIENTED_EDGE ( 'NONE', *, *, #9289, .F. ) ;
#4500 = LINE ( 'NONE', #3723, #10453 ) ;
#4501 = CARTESIAN_POINT ( 'NONE',  ( -9.677254275205791956, 13.62293360363234029, 1.209999999999999964 ) ) ;
#4502 = ORIENTED_EDGE ( 'NONE', *, *, #4482, .F. ) ;
#4503 = CARTESIAN_POINT ( 'NONE',  ( -7.137486513894619300, 13.11014558042819367, 1.209999999999999964 ) ) ;
#4504 = DIRECTION ( 'NONE',  ( -0.0000000000000000000, -0.0000000000000000000, -1.000000000000000000 ) ) ;
#4505 = VERTEX_POINT ( 'NONE', #6342 ) ;
#4506 = B_SPLINE_SURFACE_WITH_KNOTS ( 'NONE', 3, 1, ( 
 ( #9805, #7326 ),
 ( #8066, #10794 ),
 ( #8120, #427 ),
 ( #3874, #1216 ) ),
 .UNSPECIFIED., .F., .F., .F.,
 ( 4, 4 ),
 ( 2, 2 ),
 ( 1.000000000000000000, 2.000000000000000000 ),
 ( 0.0000000000000000000, 1.000000000000000000 ),
 .UNSPECIFIED. ) ;
#4507 = LINE ( 'NONE', #7393, #7443 ) ;
#4508 = LINE ( 'NONE', #2931, #9722 ) ;
#4509 = FACE_OUTER_BOUND ( 'NONE', #3960, .T. ) ;
#4510 = FACE_OUTER_BOUND ( 'NONE', #9731, .T. ) ;
#4511 = ORIENTED_EDGE ( 'NONE', *, *, #6574, .F. ) ;
#4512 = EDGE_CURVE ( 'NONE', #6487, #632, #4675, .T. ) ;
#4513 = ORIENTED_EDGE ( 'NONE', *, *, #81, .F. ) ;
#4514 = LINE ( 'NONE', #3639, #1995 ) ;
#4515 = LINE ( 'NONE', #7928, #8549 ) ;
#4516 = CARTESIAN_POINT ( 'NONE',  ( -11.45581838469377089, 13.14575794765878669, 1.199999999999999956 ) ) ;
#4517 = CARTESIAN_POINT ( 'NONE',  ( 1.270000000000000240, 14.75000000000000178, 1.600000000000000089 ) ) ;
#4518 = ORIENTED_EDGE ( 'NONE', *, *, #10033, .F. ) ;
#4519 = CARTESIAN_POINT ( 'NONE',  ( -8.118671400925821402, 14.48401237385580131, 1.209999999999999964 ) ) ;
#4520 = VERTEX_POINT ( 'NONE', #9152 ) ;
#4521 = CARTESIAN_POINT ( 'NONE',  ( -6.658851286416903825, 15.08464586351430370, 1.199999999999999956 ) ) ;
#4522 = ORIENTED_EDGE ( 'NONE', *, *, #8881, .T. ) ;
#4523 = CARTESIAN_POINT ( 'NONE',  ( -7.583369367008716999, 15.06835632282541937, 1.209999999999999964 ) ) ;
#4524 = EDGE_CURVE ( 'NONE', #1219, #1744, #4111, .T. ) ;
#4525 = CARTESIAN_POINT ( 'NONE',  ( -15.19999999999999929, 14.25000000000000178, 1.199999999999999956 ) ) ;
#4526 = EDGE_LOOP ( 'NONE', ( #1911, #5503, #8187, #1499 ) ) ;
#4527 = ORIENTED_EDGE ( 'NONE', *, *, #10033, .T. ) ;
#4528 = CARTESIAN_POINT ( 'NONE',  ( -7.691330897321342341, 14.47326820871890973, 1.209999999999999964 ) ) ;
#4529 = LINE ( 'NONE', #10618, #4403 ) ;
#4530 = VECTOR ( 'NONE', #4267, 1000.000000000000000 ) ;
#4531 = CARTESIAN_POINT ( 'NONE',  ( -10.57858613110296098, 13.49279490537085913, 1.199999999999999956 ) ) ;
#4532 = VECTOR ( 'NONE', #4060, 1000.000000000000000 ) ;
#4533 = CARTESIAN_POINT ( 'NONE',  ( -8.388661873198030250, 13.63660967205741414, 1.209999999999999964 ) ) ;
#4534 = EDGE_CURVE ( 'NONE', #7860, #1207, #4222, .T. ) ;
#4536 = DIRECTION ( 'NONE',  ( -0.0000000000000000000, -0.0000000000000000000, 1.000000000000000000 ) ) ;
#4535 = CARTESIAN_POINT ( 'NONE',  ( -5.812315049547805756, 13.33126743063374420, 1.199999999999999956 ) ) ;
#4538 = CARTESIAN_POINT ( 'NONE',  ( 13.71000000000000085, -4.099999999999998757, 2.600000000000000533 ) ) ;
#4537 = VECTOR ( 'NONE', #53, 1000.000000000000000 ) ;
#4539 = ORIENTED_EDGE ( 'NONE', *, *, #9571, .T. ) ;
#4540 = CARTESIAN_POINT ( 'NONE',  ( -7.525662802654181860, 13.65497872857658379, 1.199999999999999956 ) ) ;
#4541 = CARTESIAN_POINT ( 'NONE',  ( -7.002317984774967030, 13.24427435163269529, 1.209999999999999964 ) ) ;
#4542 = ORIENTED_EDGE ( 'NONE', *, *, #2494, .T. ) ;
#4543 = EDGE_CURVE ( 'NONE', #10751, #7010, #1976, .T. ) ;
#4544 = CIRCLE ( 'NONE', #958, 1.500000000000003109 ) ;
#4545 = EDGE_CURVE ( 'NONE', #3241, #6082, #844, .T. ) ;
#4546 = EDGE_CURVE ( 'NONE', #4905, #3175, #3387, .T. ) ;
#4547 = PLANE ( 'NONE',  #2928 ) ;
#4548 = CARTESIAN_POINT ( 'NONE',  ( -9.648334421473771627, 13.32891628582545174, 1.199999999999999956 ) ) ;
#4549 = VERTEX_POINT ( 'NONE', #8297 ) ;
#4550 = FACE_OUTER_BOUND ( 'NONE', #6112, .T. ) ;
#4551 = CARTESIAN_POINT ( 'NONE',  ( -5.920103286874581983, 13.40855610241303886, 1.209999999999999964 ) ) ;
#4552 = ORIENTED_EDGE ( 'NONE', *, *, #6279, .T. ) ;
#4553 = EDGE_LOOP ( 'NONE', ( #2872, #425, #1547, #5404 ) ) ;
#4554 = CARTESIAN_POINT ( 'NONE',  ( -6.054058765093263794, 14.95987491355521470, 1.199999999999999956 ) ) ;
#4555 = ADVANCED_FACE ( 'NONE', ( #11100 ), #5957, .F. ) ;
#4556 = EDGE_LOOP ( 'NONE', ( #7287, #273, #6959, #1763 ) ) ;
#4557 = VECTOR ( 'NONE', #5730, 1000.000000000000000 ) ;
#4558 = LINE ( 'NONE', #7123, #310 ) ;
#4559 = DIRECTION ( 'NONE',  ( -0.0000000000000000000, -0.0000000000000000000, -1.000000000000000000 ) ) ;
#4560 = EDGE_CURVE ( 'NONE', #10835, #92, #3449, .T. ) ;
#4561 = EDGE_CURVE ( 'NONE', #3277, #8993, #8416, .T. ) ;
#4562 = LINE ( 'NONE', #5368, #5613 ) ;
#4563 = FACE_OUTER_BOUND ( 'NONE', #5693, .T. ) ;
#4564 = DIRECTION ( 'NONE',  ( 0.0000000000000000000, 0.0000000000000000000, 1.000000000000000000 ) ) ;
#4565 = ORIENTED_EDGE ( 'NONE', *, *, #9205, .T. ) ;
#4566 = APPROVAL_STATUS ( 'not_yet_approved' ) ;
#4567 = ORIENTED_EDGE ( 'NONE', *, *, #10977, .F. ) ;
#4568 = CARTESIAN_POINT ( 'NONE',  ( -10.79548420669139475, 13.01079918184770001, 1.209999999999999964 ) ) ;
#4569 = CARTESIAN_POINT ( 'NONE',  ( -7.932554733906918898, 14.54466491897449032, 1.209999999999999964 ) ) ;
#4570 = VECTOR ( 'NONE', #7904, 1000.000000000000114 ) ;
#4571 = ORIENTED_EDGE ( 'NONE', *, *, #50, .T. ) ;
#4572 = CARTESIAN_POINT ( 'NONE',  ( -10.78584416351398900, 13.91695119723481255, 1.209999999999999964 ) ) ;
#4573 = CARTESIAN_POINT ( 'NONE',  ( -7.246661095108242634, 13.56451978985842111, 1.199999999999999956 ) ) ;
#4574 = DIRECTION ( 'NONE',  ( -0.0000000000000000000, -0.0000000000000000000, 1.000000000000000000 ) ) ;
#4575 = CC_DESIGN_APPROVAL ( #6338, ( #1721 ) ) ;
#4576 = VERTEX_POINT ( 'NONE', #2418 ) ;
#4577 = CARTESIAN_POINT ( 'NONE',  ( -7.906560785998597574, 13.54372463153266715, 1.199999999999999956 ) ) ;
#4578 = VERTEX_POINT ( 'NONE', #10143 ) ;
#4579 = CARTESIAN_POINT ( 'NONE',  ( -7.762554314588752113, 13.42900467476706972, 1.209999999999999964 ) ) ;
#4580 = CARTESIAN_POINT ( 'NONE',  ( -7.726162787517545816, 13.63903577386402866, 1.209999999999999964 ) ) ;
#4581 = DIRECTION ( 'NONE',  ( 0.0000000000000000000, 0.0000000000000000000, 1.000000000000000000 ) ) ;
#4582 = EDGE_LOOP ( 'NONE', ( #5585, #8927, #10941, #7737 ) ) ;
#4583 = CARTESIAN_POINT ( 'NONE',  ( -8.118671400925821402, 14.48401237385580131, 1.209999999999999964 ) ) ;
#4584 = ORIENTED_EDGE ( 'NONE', *, *, #9433, .F. ) ;
#4585 = CARTESIAN_POINT ( 'NONE',  ( -9.330217317496021678, 14.20614835554944833, 1.209999999999999964 ) ) ;
#4586 = LINE ( 'NONE', #8382, #4040 ) ;
#4587 = VECTOR ( 'NONE', #7136, 1000.000000000000114 ) ;
#4588 = DIRECTION ( 'NONE',  ( 0.0000000000000000000, -1.000000000000000000, 0.0000000000000000000 ) ) ;
#4589 = ADVANCED_FACE ( 'NONE', ( #4945 ), #3714, .F. ) ;
#4590 = EDGE_CURVE ( 'NONE', #7483, #10237, #5005, .T. ) ;
#4591 = CARTESIAN_POINT ( 'NONE',  ( -5.912651688473565592, 14.00918959207152525, 1.209999999999999964 ) ) ;
#4592 = CARTESIAN_POINT ( 'NONE',  ( -9.498915820728903725, 14.37484685878232860, 1.199999999999999956 ) ) ;
#4593 = VECTOR ( 'NONE', #9673, 1000.000000000000000 ) ;
#4594 = DIRECTION ( 'NONE',  ( 0.0000000000000000000, 0.0000000000000000000, 1.000000000000000000 ) ) ;
#4595 = ORIENTED_EDGE ( 'NONE', *, *, #6562, .T. ) ;
#4596 = CARTESIAN_POINT ( 'NONE',  ( -6.268768774812923716, 13.63660967205741414, 1.209999999999999964 ) ) ;
#4597 = ORIENTED_EDGE ( 'NONE', *, *, #7686, .T. ) ;
#4598 = CARTESIAN_POINT ( 'NONE',  ( -8.090944523158912105, 14.84203568303957255, 1.199999999999999956 ) ) ;
#4599 = B_SPLINE_SURFACE_WITH_KNOTS ( 'NONE', 3, 1, ( 
 ( #8433, #4351 ),
 ( #10330, #2497 ),
 ( #6859, #864 ),
 ( #5973, #5134 ) ),
 .UNSPECIFIED., .F., .F., .F.,
 ( 4, 4 ),
 ( 2, 2 ),
 ( 18.00000000000000000, 19.00000000000000000 ),
 ( 0.0000000000000000000, 1.000000000000000000 ),
 .UNSPECIFIED. ) ;
#4600 = ORIENTED_EDGE ( 'NONE', *, *, #1466, .F. ) ;
#4601 = EDGE_LOOP ( 'NONE', ( #891, #1008, #84, #3085 ) ) ;
#4602 = EDGE_CURVE ( 'NONE', #2649, #10828, #4047, .T. ) ;
#4603 = VECTOR ( 'NONE', #5367, 1000.000000000000000 ) ;
#4604 = CIRCLE ( 'NONE', #6040, 0.4000000000000001887 ) ;
#4605 = LINE ( 'NONE', #8014, #8353 ) ;
#4606 = DIRECTION ( 'NONE',  ( -0.0000000000000000000, 0.0000000000000000000, 1.000000000000000000 ) ) ;
#4607 = DIRECTION ( 'NONE',  ( -0.0000000000000000000, 1.000000000000000000, -0.0000000000000000000 ) ) ;
#4608 = PLANE ( 'NONE',  #3009 ) ;
#4609 = ADVANCED_FACE ( 'NONE', ( #7559 ), #4887, .F. ) ;
#4610 = DIRECTION ( 'NONE',  ( 1.000000000000000000, 0.0000000000000000000, -0.0000000000000000000 ) ) ;
#4611 = ORIENTED_EDGE ( 'NONE', *, *, #1434, .T. ) ;
#4612 = LINE ( 'NONE', #2091, #251 ) ;
#4613 = CARTESIAN_POINT ( 'NONE',  ( -10.18334960104225928, 15.26653894730228700, 1.209999999999999964 ) ) ;
#4614 = VECTOR ( 'NONE', #8121, 1000.000000000000000 ) ;
#4615 = VECTOR ( 'NONE', #2463, 1000.000000000000000 ) ;
#4616 = ORIENTED_EDGE ( 'NONE', *, *, #8947, .F. ) ;
#4617 = ORIENTED_EDGE ( 'NONE', *, *, #9082, .T. ) ;
#4618 = CARTESIAN_POINT ( 'NONE',  ( -13.71000000000000085, 9.600000000000001421, 2.700000000000000178 ) ) ;
#4619 = EDGE_CURVE ( 'NONE', #1602, #2506, #5903, .T. ) ;
#4620 = ADVANCED_FACE ( 'NONE', ( #9390 ), #6377, .F. ) ;
#4621 = LINE ( 'NONE', #1238, #8914 ) ;
#4622 = VECTOR ( 'NONE', #9771, 1000.000000000000000 ) ;
#4623 = CARTESIAN_POINT ( 'NONE',  ( -5.080000000000000071, 15.52000000000000668, -2.500000000000000000 ) ) ;
#4624 = CARTESIAN_POINT ( 'NONE',  ( -1.269999999999999796, 14.75000000000000178, 1.600000000000000089 ) ) ;
#4625 = CARTESIAN_POINT ( 'NONE',  ( -9.730273731248798796, 14.37484685878232860, 1.199999999999999956 ) ) ;
#4626 = CARTESIAN_POINT ( 'NONE',  ( -9.479635918243198844, 13.34337612075921520, 1.209999999999999964 ) ) ;
#4627 = ADVANCED_FACE ( 'NONE', ( #2595 ), #2278, .F. ) ;
#4628 = CARTESIAN_POINT ( 'NONE',  ( 8.713066640240183958, -8.672079492129114442, -1.000000000000000000 ) ) ;
#4629 = DIRECTION ( 'NONE',  ( 1.000000000000000000, 0.0000000000000000000, 0.0000000000000000000 ) ) ;
#4630 = EDGE_CURVE ( 'NONE', #3169, #5526, #10633, .T. ) ;
#4631 = VERTEX_POINT ( 'NONE', #4993 ) ;
#4632 = ORIENTED_EDGE ( 'NONE', *, *, #219, .F. ) ;
#4633 = CARTESIAN_POINT ( 'NONE',  ( -1.269999999999999796, 14.75000000000000178, 2.000000000000000000 ) ) ;
#4634 = CARTESIAN_POINT ( 'NONE',  ( -7.258618311146137536, 13.74578425327106324, 1.209999999999999964 ) ) ;
#4635 = VECTOR ( 'NONE', #625, 1000.000000000000114 ) ;
#4636 = LINE ( 'NONE', #6354, #122 ) ;
#4637 = EDGE_CURVE ( 'NONE', #7, #3043, #8109, .T. ) ;
#4638 = CARTESIAN_POINT ( 'NONE',  ( -7.360168000972892699, 14.48401237385580131, 1.209999999999999964 ) ) ;
#4639 = CARTESIAN_POINT ( 'NONE',  ( -7.743145500149867466, 15.01706159895216786, 1.209999999999999964 ) ) ;
#4640 = VECTOR ( 'NONE', #2250, 1000.000000000000000 ) ;
#4641 = CARTESIAN_POINT ( 'NONE',  ( -7.699648960651652274, 13.82653878477206355, 1.199999999999999956 ) ) ;
#4642 = VERTEX_POINT ( 'NONE', #10028 ) ;
#4643 = LINE ( 'NONE', #3539, #9753 ) ;
#4644 = CARTESIAN_POINT ( 'NONE',  ( -10.83404382779832531, 15.19905954715865271, 1.199999999999999956 ) ) ;
#4645 = DIRECTION ( 'NONE',  ( 1.000000000000000000, 0.0000000000000000000, 0.0000000000000000000 ) ) ;
#4646 = ORIENTED_EDGE ( 'NONE', *, *, #6631, .T. ) ;
#4647 = CARTESIAN_POINT ( 'NONE',  ( -7.395173184157256330, 13.75167621479475955, 1.209999999999999964 ) ) ;
#4648 = B_SPLINE_CURVE_WITH_KNOTS ( 'NONE', 3,
 ( #7975, #2878, #5535, #5310 ),
 .UNSPECIFIED., .F., .F.,
 ( 4, 4 ),
 ( 13.00000000000000000, 14.00000000000000000 ),
 .UNSPECIFIED. ) ;
#4649 = VECTOR ( 'NONE', #895, 1000.000000000000000 ) ;
#4650 = DIRECTION ( 'NONE',  ( 0.0000000000000000000, 0.0000000000000000000, -1.000000000000000000 ) ) ;
#4651 = CARTESIAN_POINT ( 'NONE',  ( -6.505313700773485586, 14.99488009673958011, 1.199999999999999956 ) ) ;
#4652 = LINE ( 'NONE', #3133, #5991 ) ;
#4653 = ORIENTED_EDGE ( 'NONE', *, *, #7792, .F. ) ;
#4654 = VECTOR ( 'NONE', #115, 1000.000000000000000 ) ;
#4655 = CARTESIAN_POINT ( 'NONE',  ( -5.214454247667609010, 13.92254309904219589, 1.199999999999999956 ) ) ;
#4656 = ORIENTED_EDGE ( 'NONE', *, *, #5151, .T. ) ;
#4657 = DIRECTION ( 'NONE',  ( -0.0000000000000000000, -0.0000000000000000000, 1.000000000000000000 ) ) ;
#4658 = CARTESIAN_POINT ( 'NONE',  ( -9.768833352355718702, 15.01590115727772812, 1.199999999999999956 ) ) ;
#4659 = EDGE_CURVE ( 'NONE', #1948, #7469, #5894, .T. ) ;
#4660 = DIRECTION ( 'NONE',  ( -0.0000000000000000000, 0.0000000000000000000, 1.000000000000000000 ) ) ;
#4661 = VECTOR ( 'NONE', #5388, 1000.000000000000000 ) ;
#4662 = LINE ( 'NONE', #10583, #658 ) ;
#4663 = VERTEX_POINT ( 'NONE', #10749 ) ;
#4664 = CARTESIAN_POINT ( 'NONE',  ( -6.505313700773485586, 14.50168825843153186, 1.209999999999999964 ) ) ;
#4665 = DIRECTION ( 'NONE',  ( -0.7071067811865376918, -0.7071067811865573427, 0.0000000000000000000 ) ) ;
#4666 = ADVANCED_FACE ( 'NONE', ( #5780 ), #3261, .T. ) ;
#4667 = CARTESIAN_POINT ( 'NONE',  ( -7.919557759951618259, 13.41132879018670288, 1.199999999999999956 ) ) ;
#4668 = ORIENTED_EDGE ( 'NONE', *, *, #1688, .T. ) ;
#4669 = CARTESIAN_POINT ( 'NONE',  ( -7.407130400192813546, 13.63626308608571769, 1.209999999999999964 ) ) ;
#4670 = CARTESIAN_POINT ( 'NONE',  ( -5.718563544093785644, 13.47925964072056537, 1.209999999999999964 ) ) ;
#4671 = ORIENTED_EDGE ( 'NONE', *, *, #3715, .T. ) ;
#4672 = EDGE_LOOP ( 'NONE', ( #6509, #3350, #2760, #8950 ) ) ;
#4673 = CARTESIAN_POINT ( 'NONE',  ( -10.57858613110296098, 13.49279490537085913, 1.209999999999999964 ) ) ;
#4674 = ORIENTED_EDGE ( 'NONE', *, *, #4177, .T. ) ;
#4675 = LINE ( 'NONE', #396, #1951 ) ;
#4676 = CARTESIAN_POINT ( 'NONE',  ( -6.768545746588097600, 14.40672370207652442, 1.209999999999999964 ) ) ;
#4677 = CARTESIAN_POINT ( 'NONE',  ( -11.51365772442191471, 13.66149340860838279, 1.199999999999999956 ) ) ;
#4678 = CARTESIAN_POINT ( 'NONE',  ( -7.699648960651652274, 13.82653878477206355, 1.199999999999999956 ) ) ;
#4679 = EDGE_CURVE ( 'NONE', #2438, #7962, #5052, .T. ) ;
#4680 = CARTESIAN_POINT ( 'NONE',  ( -7.633277746992797930, 14.40845663193507775, 1.199999999999999956 ) ) ;
#4681 = CARTESIAN_POINT ( 'NONE',  ( -7.771045670904913827, 14.39528636499620617, 1.199999999999999956 ) ) ;
#4682 = EDGE_CURVE ( 'NONE', #9354, #11066, #3590, .T. ) ;
#4683 = EDGE_LOOP ( 'NONE', ( #7402, #8687, #9151, #7557 ) ) ;
#4684 = CARTESIAN_POINT ( 'NONE',  ( -10.57858613110296098, 13.49279490537085913, 1.199999999999999956 ) ) ;
#4685 = DIRECTION ( 'NONE',  ( -0.0000000000000000000, -0.0000000000000000000, -1.000000000000000000 ) ) ;
#4686 = CARTESIAN_POINT ( 'NONE',  ( -3.810000000000000053, 14.75000000000000178, -7.500000000000000888 ) ) ;
#4687 = EDGE_CURVE ( 'NONE', #5416, #10853, #2495, .T. ) ;
#4688 = EDGE_CURVE ( 'NONE', #10692, #8858, #608, .T. ) ;
#4689 = CARTESIAN_POINT ( 'NONE',  ( -6.013681499342751202, 15.08464586351430547, 1.199999999999999956 ) ) ;
#4690 = DIRECTION ( 'NONE',  ( -0.0000000000000000000, -0.0000000000000000000, -1.000000000000000000 ) ) ;
#4691 = B_SPLINE_SURFACE_WITH_KNOTS ( 'NONE', 3, 1, ( 
 ( #9678, #1893 ),
 ( #1186, #1245 ),
 ( #7074, #2107 ),
 ( #8035, #8778 ) ),
 .UNSPECIFIED., .F., .F., .F.,
 ( 4, 4 ),
 ( 2, 2 ),
 ( 17.00000000000000000, 18.00000000000000000 ),
 ( 0.0000000000000000000, 1.000000000000000000 ),
 .UNSPECIFIED. ) ;
#4692 = EDGE_CURVE ( 'NONE', #9784, #2520, #3206, .T. ) ;
#4693 = LINE ( 'NONE', #8100, #6786 ) ;
#4694 = ORIENTED_EDGE ( 'NONE', *, *, #2019, .F. ) ;
#4695 = CARTESIAN_POINT ( 'NONE',  ( -1.670000000000000151, 14.75000000000000178, 2.000000000000000000 ) ) ;
#4696 = CARTESIAN_POINT ( 'NONE',  ( -5.588247218582687914, 13.85946445212153577, 1.199999999999999956 ) ) ;
#4697 = VERTEX_POINT ( 'NONE', #4932 ) ;
#4698 = CARTESIAN_POINT ( 'NONE',  ( -7.976744445348555423, 13.60403059067966858, 1.209999999999999964 ) ) ;
#4699 = ORIENTED_EDGE ( 'NONE', *, *, #6268, .T. ) ;
#4700 = CARTESIAN_POINT ( 'NONE',  ( -11.66789648465673501, 13.37711585818098037, 1.209999999999999964 ) ) ;
#4701 = LINE ( 'NONE', #2235, #3005 ) ;
#4702 = CARTESIAN_POINT ( 'NONE',  ( -7.762554314588752113, 13.42900467476706972, 1.199999999999999956 ) ) ;
#4703 = DIRECTION ( 'NONE',  ( -0.0000000000000000000, -0.0000000000000000000, 1.000000000000000000 ) ) ;
#4704 = DIRECTION ( 'NONE',  ( -0.0000000000000000000, -0.0000000000000000000, -1.000000000000000000 ) ) ;
#4705 = DIRECTION ( 'NONE',  ( -0.7071067811865376918, -0.7071067811865573427, 0.0000000000000000000 ) ) ;
#4706 = FACE_OUTER_BOUND ( 'NONE', #8864, .T. ) ;
#4707 = CARTESIAN_POINT ( 'NONE',  ( -7.360168000972892699, 14.71206594350019969, 1.199999999999999956 ) ) ;
#4708 = DIRECTION ( 'NONE',  ( -2.731847993664263218E-16, 1.000000000000000000, 0.0000000000000000000 ) ) ;
#4709 = ORIENTED_EDGE ( 'NONE', *, *, #8903, .F. ) ;
#4710 = B_SPLINE_CURVE_WITH_KNOTS ( 'NONE', 3,
 ( #3335, #4554, #5250, #8875 ),
 .UNSPECIFIED., .F., .F.,
 ( 4, 4 ),
 ( 1.000000000000000000, 2.000000000000000000 ),
 .UNSPECIFIED. ) ;
#4711 = CARTESIAN_POINT ( 'NONE',  ( -5.646127075927692474, 13.76103403604481556, 1.199999999999999956 ) ) ;
#4712 = CARTESIAN_POINT ( 'NONE',  ( -9.330217317496021678, 13.99889023120733178, 1.199999999999999956 ) ) ;
#4713 = EDGE_LOOP ( 'NONE', ( #2590, #1828, #10208, #10967 ) ) ;
#4714 = DIRECTION ( 'NONE',  ( -0.0000000000000000000, -0.0000000000000000000, -1.000000000000000000 ) ) ;
#4715 = DIRECTION ( 'NONE',  ( 0.0000000000000000000, -1.000000000000000000, -1.181863725182121763E-16 ) ) ;
#4716 = EDGE_LOOP ( 'NONE', ( #7409, #2667, #1356, #6008 ) ) ;
#4717 = ORIENTED_EDGE ( 'NONE', *, *, #3704, .T. ) ;
#4718 = EDGE_LOOP ( 'NONE', ( #3748, #96, #3250, #9369, #5928, #6041, #4353 ) ) ;
#4719 = CARTESIAN_POINT ( 'NONE',  ( -5.419806436141834105, 13.33126743063374597, 1.199999999999999956 ) ) ;
#4720 = VECTOR ( 'NONE', #10257, 1000.000000000000000 ) ;
#4721 = CARTESIAN_POINT ( 'NONE',  ( -14.71000000000000085, -4.099999999999998757, 2.600000000000000533 ) ) ;
#4722 = CYLINDRICAL_SURFACE ( 'NONE', #10147, 1.000000000000000888 ) ;
#4723 = SPHERICAL_SURFACE ( 'NONE', #4954, 0.4000000000000000222 ) ;
#4724 = EDGE_CURVE ( 'NONE', #10047, #2279, #7711, .T. ) ;
#4725 = DIRECTION ( 'NONE',  ( -0.0000000000000000000, -0.0000000000000000000, -1.000000000000000000 ) ) ;
#4726 = LINE ( 'NONE', #451, #8019 ) ;
#4727 = VECTOR ( 'NONE', #9538, 1000.000000000000000 ) ;
#4728 = CARTESIAN_POINT ( 'NONE',  ( -10.95936282623682345, 13.29999624822893800, 1.209999999999999964 ) ) ;
#4729 = LINE ( 'NONE', #8627, #4374 ) ;
#4730 = VERTEX_POINT ( 'NONE', #669 ) ;
#4731 = ORIENTED_EDGE ( 'NONE', *, *, #3245, .T. ) ;
#4732 = CARTESIAN_POINT ( 'NONE',  ( -6.057524624814973002, 14.97547128230067592, 1.199999999999999956 ) ) ;
#4733 = VERTEX_POINT ( 'NONE', #4155 ) ;
#4734 = CARTESIAN_POINT ( 'NONE',  ( -9.932711788034353617, 13.32891628582545174, 1.199999999999999956 ) ) ;
#4735 = DIRECTION ( 'NONE',  ( -0.0000000000000000000, -0.0000000000000000000, -1.000000000000000000 ) ) ;
#4736 = EDGE_CURVE ( 'NONE', #4913, #5900, #9720, .T. ) ;
#4737 = VECTOR ( 'NONE', #9973, 1000.000000000000000 ) ;
#4738 = ORIENTED_EDGE ( 'NONE', *, *, #10665, .F. ) ;
#4739 = CARTESIAN_POINT ( 'NONE',  ( -6.495089414594157340, 14.75192333029313829, 1.199999999999999956 ) ) ;
#4740 = ADVANCED_FACE ( 'NONE', ( #7550 ), #9501, .F. ) ;
#4742 = CARTESIAN_POINT ( 'NONE',  ( -7.699648960651652274, 13.82653878477206355, 1.209999999999999964 ) ) ;
#4741 = VECTOR ( 'NONE', #4262, 1000.000000000000000 ) ;
#4743 = ORIENTED_EDGE ( 'NONE', *, *, #8703, .T. ) ;
#4744 = DIRECTION ( 'NONE',  ( -0.0000000000000000000, -0.0000000000000000000, 1.000000000000000000 ) ) ;
#4745 = CARTESIAN_POINT ( 'NONE',  ( -11.00274233103350952, 15.07856061052913077, 1.199999999999999956 ) ) ;
#4746 = DIRECTION ( 'NONE',  ( -0.0000000000000000000, -0.0000000000000000000, -1.000000000000000000 ) ) ;
#4747 = ORIENTED_EDGE ( 'NONE', *, *, #3101, .F. ) ;
#4748 = DIRECTION ( 'NONE',  ( -1.000000000000000000, 0.0000000000000000000, 0.0000000000000000000 ) ) ;
#4749 = CARTESIAN_POINT ( 'NONE',  ( -7.824246617622566013, 13.75756817632308326, 1.199999999999999956 ) ) ;
#4750 = FACE_OUTER_BOUND ( 'NONE', #10715, .T. ) ;
#4751 = ORIENTED_EDGE ( 'NONE', *, *, #2064, .F. ) ;
#4752 = EDGE_CURVE ( 'NONE', #9950, #10835, #2306, .T. ) ;
#4753 = CARTESIAN_POINT ( 'NONE',  ( -7.060024549129475524, 13.81544803366346308, 1.209999999999999964 ) ) ;
#4754 = EDGE_LOOP ( 'NONE', ( #1608, #2762, #6828, #9998 ) ) ;
#4755 = CARTESIAN_POINT ( 'NONE',  ( -6.867496041622388248, 14.48401237385580131, 1.199999999999999956 ) ) ;
#4756 = CARTESIAN_POINT ( 'NONE',  ( -7.844695189976623517, 15.09608320059462017, 1.209999999999999964 ) ) ;
#4757 = VECTOR ( 'NONE', #8960, 1000.000000000000000 ) ;
#4758 = CARTESIAN_POINT ( 'NONE',  ( -11.06540173831820972, 14.51462587601447041, 1.209999999999999964 ) ) ;
#4759 = LINE ( 'NONE', #8173, #10266 ) ;
#4760 = EDGE_CURVE ( 'NONE', #442, #5839, #4875, .T. ) ;
#4761 = EDGE_CURVE ( 'NONE', #10099, #5039, #10747, .T. ) ;
#4762 = CARTESIAN_POINT ( 'NONE',  ( -2.540000000000000036, 13.47999999999999865, -2.500000000000000000 ) ) ;
#4763 = VECTOR ( 'NONE', #2289, 1000.000000000000000 ) ;
#4764 = CARTESIAN_POINT ( 'NONE',  ( -7.199178816930749569, 13.41860709560186748, 1.209999999999999964 ) ) ;
#4765 = CARTESIAN_POINT ( 'NONE',  ( -9.479635918243198844, 13.34337612075921520, 1.199999999999999956 ) ) ;
#4766 = CARTESIAN_POINT ( 'NONE',  ( -6.867496041622388248, 15.00666401979160547, 1.199999999999999956 ) ) ;
#4767 = CARTESIAN_POINT ( 'NONE',  ( -8.146224985709171307, 13.71424492980840348, 1.209999999999999964 ) ) ;
#4768 = ORIENTED_EDGE ( 'NONE', *, *, #817, .F. ) ;
#4769 = CARTESIAN_POINT ( 'NONE',  ( -9.508555588106119671, 14.63512453110084621, 1.199999999999999956 ) ) ;
#4770 = AXIS2_PLACEMENT_3D ( 'NONE', #5408, #8762, #220 ) ;
#4771 = AXIS2_PLACEMENT_3D ( 'NONE', #9355, #1665, #4357 ) ;
#4772 = B_SPLINE_SURFACE_WITH_KNOTS ( 'NONE', 3, 1, ( 
 ( #5688, #2165 ),
 ( #405, #5586 ),
 ( #2882, #4732 ),
 ( #8887, #5634 ) ),
 .UNSPECIFIED., .F., .F., .F.,
 ( 4, 4 ),
 ( 2, 2 ),
 ( 1.000000000000000000, 2.000000000000000000 ),
 ( 0.0000000000000000000, 1.000000000000000000 ),
 .UNSPECIFIED. ) ;
#4773 = FACE_OUTER_BOUND ( 'NONE', #6919, .T. ) ;
#4774 = CARTESIAN_POINT ( 'NONE',  ( -6.066709153074556937, 14.97755079813556200, 1.199999999999999956 ) ) ;
#4775 = CARTESIAN_POINT ( 'NONE',  ( -5.208562286143883391, 13.90001501085789393, 1.199999999999999956 ) ) ;
#4776 = LINE ( 'NONE', #5627, #5974 ) ;
#4777 = CARTESIAN_POINT ( 'NONE',  ( -7.945898293831654691, 14.42613251651542505, 1.209999999999999964 ) ) ;
#4778 = VECTOR ( 'NONE', #9887, 1000.000000000000114 ) ;
#4779 = CARTESIAN_POINT ( 'NONE',  ( -10.87742351646410910, 13.48797465394981465, 1.199999999999999956 ) ) ;
#4780 = CARTESIAN_POINT ( 'NONE',  ( -7.726162787517545816, 13.57422419708017358, 1.209999999999999964 ) ) ;
#4781 = ORIENTED_EDGE ( 'NONE', *, *, #6425, .T. ) ;
#4782 = B_SPLINE_CURVE_WITH_KNOTS ( 'NONE', 3,
 ( #10218, #3467, #9234, #7581 ),
 .UNSPECIFIED., .F., .F.,
 ( 4, 4 ),
 ( 4.000000000000000000, 5.000000000000000000 ),
 .UNSPECIFIED. ) ;
#4783 = ORIENTED_EDGE ( 'NONE', *, *, #10541, .F. ) ;
#4784 = CARTESIAN_POINT ( 'NONE',  ( -10.79548420669139475, 13.01079918184770001, 1.199999999999999956 ) ) ;
#4785 = EDGE_LOOP ( 'NONE', ( #3758, #4527, #6648, #6839 ) ) ;
#4786 = CARTESIAN_POINT ( 'NONE',  ( -9.648334421473771627, 13.32891628582545174, 1.209999999999999964 ) ) ;
#4787 = EDGE_CURVE ( 'NONE', #7138, #9350, #4821, .T. ) ;
#4788 = CARTESIAN_POINT ( 'NONE',  ( -7.934980835711221481, 13.81163558797000768, 1.199999999999999956 ) ) ;
#4789 = VECTOR ( 'NONE', #4685, 1000.000000000000000 ) ;
#4790 = ORIENTED_EDGE ( 'NONE', *, *, #3991, .F. ) ;
#4791 = CARTESIAN_POINT ( 'NONE',  ( -7.743145500149867466, 15.01706159895216786, 1.199999999999999956 ) ) ;
#4792 = AXIS2_PLACEMENT_3D ( 'NONE', #9676, #1892, #1032 ) ;
#4793 = EDGE_CURVE ( 'NONE', #8695, #936, #8796, .T. ) ;
#4794 = DIRECTION ( 'NONE',  ( -1.000000000000000000, 0.0000000000000000000, 0.0000000000000000000 ) ) ;
#4795 = CARTESIAN_POINT ( 'NONE',  ( -5.920103286874582871, 13.40855610241303886, 1.209999999999999964 ) ) ;
#4796 = FACE_OUTER_BOUND ( 'NONE', #10792, .T. ) ;
#4797 = ORIENTED_EDGE ( 'NONE', *, *, #2563, .T. ) ;
#4798 = DIRECTION ( 'NONE',  ( 1.000000000000000000, 0.0000000000000000000, 0.0000000000000000000 ) ) ;
#4799 = B_SPLINE_CURVE_WITH_KNOTS ( 'NONE', 3,
 ( #5007, #10200, #6016, #1771 ),
 .UNSPECIFIED., .F., .F.,
 ( 4, 4 ),
 ( 3.000000000000000000, 4.000000000000000000 ),
 .UNSPECIFIED. ) ;
#4800 = ORIENTED_EDGE ( 'NONE', *, *, #1599, .T. ) ;
#4801 = VECTOR ( 'NONE', #9396, 1000.000000000000000 ) ;
#4802 = CARTESIAN_POINT ( 'NONE',  ( -6.066709153074556937, 14.97755079813556200, 1.209999999999999964 ) ) ;
#4803 = B_SPLINE_CURVE_WITH_KNOTS ( 'NONE', 3,
 ( #3436, #9257, #10236, #7604 ),
 .UNSPECIFIED., .F., .F.,
 ( 4, 4 ),
 ( 0.0000000000000000000, 1.000000000000000000 ),
 .UNSPECIFIED. ) ;
#4804 = CARTESIAN_POINT ( 'NONE',  ( -7.137486513894619300, 13.11014558042819367, 1.209999999999999964 ) ) ;
#4805 = LINE ( 'NONE', #1269, #10089 ) ;
#4806 = EDGE_LOOP ( 'NONE', ( #4653, #7162, #8978, #9031 ) ) ;
#4807 = ADVANCED_FACE ( 'NONE', ( #5387 ), #6208, .T. ) ;
#4808 = LINE ( 'NONE', #10791, #10887 ) ;
#4809 = ORIENTED_EDGE ( 'NONE', *, *, #10811, .F. ) ;
#4810 = CARTESIAN_POINT ( 'NONE',  ( -7.199178816930749569, 13.41860709560186748, 1.209999999999999964 ) ) ;
#4811 = EDGE_CURVE ( 'NONE', #3523, #6260, #1151, .T. ) ;
#4812 = DIRECTION ( 'NONE',  ( -1.000000000000000000, 0.0000000000000000000, 0.0000000000000000000 ) ) ;
#4813 = VECTOR ( 'NONE', #1402, 1000.000000000000000 ) ;
#4814 = DIRECTION ( 'NONE',  ( -0.0000000000000000000, -0.0000000000000000000, -1.000000000000000000 ) ) ;
#4815 = ORIENTED_EDGE ( 'NONE', *, *, #8866, .T. ) ;
#4816 = FACE_OUTER_BOUND ( 'NONE', #10971, .T. ) ;
#4817 = ORIENTED_EDGE ( 'NONE', *, *, #5321, .T. ) ;
#4818 = EDGE_CURVE ( 'NONE', #38, #6962, #8788, .T. ) ;
#4819 = CARTESIAN_POINT ( 'NONE',  ( -17.69999999999999574, -16.75000000000000000, 1.199999999999999956 ) ) ;
#4820 = EDGE_CURVE ( 'NONE', #5374, #8923, #5854, .T. ) ;
#4821 = LINE ( 'NONE', #5666, #7122 ) ;
#4822 = VECTOR ( 'NONE', #5040, 1000.000000000000000 ) ;
#4824 = CARTESIAN_POINT ( 'NONE',  ( -7.993033986039764116, 14.99626644062642633, 1.199999999999999956 ) ) ;
#4823 = CARTESIAN_POINT ( 'NONE',  ( -9.330217317496021678, 13.99889023120733178, 1.209999999999999964 ) ) ;
#4825 = CARTESIAN_POINT ( 'NONE',  ( -9.330217317496021678, 14.20614835554944833, 1.199999999999999956 ) ) ;
#4826 = CARTESIAN_POINT ( 'NONE',  ( -7.390147687560519429, 13.82653878477206355, 1.199999999999999956 ) ) ;
#4827 = ADVANCED_FACE ( 'NONE', ( #3465 ), #7177, .F. ) ;
#4828 = CARTESIAN_POINT ( 'NONE',  ( -9.923072020657146552, 13.62775348731978298, 1.199999999999999956 ) ) ;
#4829 = ORIENTED_EDGE ( 'NONE', *, *, #5006, .T. ) ;
#4830 = ORIENTED_EDGE ( 'NONE', *, *, #7480, .T. ) ;
#4831 = CARTESIAN_POINT ( 'NONE',  ( -5.835363016694273597, 13.93120774834882880, 1.199999999999999956 ) ) ;
#4832 = VECTOR ( 'NONE', #3541, 1000.000000000000000 ) ;
#4833 = ORIENTED_EDGE ( 'NONE', *, *, #8369, .F. ) ;
#4834 = CARTESIAN_POINT ( 'NONE',  ( -7.685092349823636759, 15.01706159895216786, 1.209999999999999964 ) ) ;
#4835 = LINE ( 'NONE', #3273, #1177 ) ;
#4836 = CARTESIAN_POINT ( 'NONE',  ( -6.915671491745642108, 13.43385687837562337, 1.209999999999999964 ) ) ;
#4837 = FACE_BOUND ( 'NONE', #6546, .T. ) ;
#4838 = CIRCLE ( 'NONE', #2337, 2.249999999999998668 ) ;
#4839 = CARTESIAN_POINT ( 'NONE',  ( -8.476174831154338563, 14.00918959207152348, 1.199999999999999956 ) ) ;
#4840 = DIRECTION ( 'NONE',  ( -1.000000000000000000, 0.0000000000000000000, 0.0000000000000000000 ) ) ;
#4841 = EDGE_CURVE ( 'NONE', #7008, #7361, #800, .T. ) ;
#4842 = VERTEX_POINT ( 'NONE', #10331 ) ;
#4843 = DIRECTION ( 'NONE',  ( -0.0000000000000000000, -0.0000000000000000000, 1.000000000000000000 ) ) ;
#4844 = ORIENTED_EDGE ( 'NONE', *, *, #6279, .F. ) ;
#4845 = CARTESIAN_POINT ( 'NONE',  ( -3.810000000000000053, 14.75000000000000178, -2.500000000000000444 ) ) ;
#4846 = ORIENTED_EDGE ( 'NONE', *, *, #3254, .T. ) ;
#4847 = EDGE_CURVE ( 'NONE', #1963, #4272, #10107, .T. ) ;
#4848 = ORIENTED_EDGE ( 'NONE', *, *, #8306, .F. ) ;
#4849 = CARTESIAN_POINT ( 'NONE',  ( -3.040000000000014690, 16.01999999999999957, -2.500000000000000000 ) ) ;
#4850 = VERTEX_POINT ( 'NONE', #2672 ) ;
#4851 = FACE_OUTER_BOUND ( 'NONE', #5573, .T. ) ;
#4852 = ORIENTED_EDGE ( 'NONE', *, *, #1445, .T. ) ;
#4853 = CARTESIAN_POINT ( 'NONE',  ( -12.10651261144982982, 14.09528937591381847, 1.209999999999999964 ) ) ;
#4854 = ORIENTED_EDGE ( 'NONE', *, *, #6868, .F. ) ;
#4855 = CARTESIAN_POINT ( 'NONE',  ( -6.661277388223488138, 14.40672370207652442, 1.209999999999999964 ) ) ;
#4856 = FACE_OUTER_BOUND ( 'NONE', #10666, .T. ) ;
#4857 = ORIENTED_EDGE ( 'NONE', *, *, #8862, .T. ) ;
#4858 = EDGE_CURVE ( 'NONE', #7811, #8803, #1790, .T. ) ;
#4859 = CARTESIAN_POINT ( 'NONE',  ( 15.19999999999999929, -14.25000000000000178, 1.099999999999999867 ) ) ;
#4860 = CARTESIAN_POINT ( 'NONE',  ( -7.434857277962015232, 13.81371510380489731, 1.209999999999999964 ) ) ;
#4861 = EDGE_CURVE ( 'NONE', #7518, #7666, #6241, .T. ) ;
#4862 = LINE ( 'NONE', #7321, #5279 ) ;
#4863 = EDGE_LOOP ( 'NONE', ( #735, #9135, #8856, #5463 ) ) ;
#4864 = DIRECTION ( 'NONE',  ( -0.9445574604294411092, -0.3283461648125111099, 0.0000000000000000000 ) ) ;
#4865 = ORIENTED_EDGE ( 'NONE', *, *, #3420, .F. ) ;
#4866 = CYLINDRICAL_SURFACE ( 'NONE', #3856, 1.500000000000003109 ) ;
#4867 = PLANE ( 'NONE',  #7507 ) ;
#4868 = B_SPLINE_SURFACE_WITH_KNOTS ( 'NONE', 3, 1, ( 
 ( #2553, #6026 ),
 ( #1788, #2496 ),
 ( #5194, #8612 ),
 ( #4350, #3517 ) ),
 .UNSPECIFIED., .F., .F., .F.,
 ( 4, 4 ),
 ( 2, 2 ),
 ( 3.000000000000000000, 4.000000000000000000 ),
 ( 0.0000000000000000000, 1.000000000000000000 ),
 .UNSPECIFIED. ) ;
#4869 = DIRECTION ( 'NONE',  ( -0.8863488427958619020, -0.4630180653866937668, 0.0000000000000000000 ) ) ;
#4870 = ORIENTED_EDGE ( 'NONE', *, *, #4177, .F. ) ;
#4871 = DIRECTION ( 'NONE',  ( -1.000000000000000000, 0.0000000000000000000, 0.0000000000000000000 ) ) ;
#4872 = EDGE_LOOP ( 'NONE', ( #4346, #8313, #4004, #1690 ) ) ;
#4873 = DIRECTION ( 'NONE',  ( 0.0000000000000000000, 1.000000000000000000, 0.0000000000000000000 ) ) ;
#4874 = ORIENTED_EDGE ( 'NONE', *, *, #571, .F. ) ;
#4875 = LINE ( 'NONE', #6547, #5890 ) ;
#4877 = CARTESIAN_POINT ( 'NONE',  ( -7.888191729477120440, 14.49718264079467112, 1.209999999999999964 ) ) ;
#4876 = CARTESIAN_POINT ( 'NONE',  ( -11.32085943501356695, 14.58692523454548784, 1.199999999999999956 ) ) ;
#4878 = CARTESIAN_POINT ( 'NONE',  ( -9.677254275205791956, 13.62293360363233852, 1.209999999999999964 ) ) ;
#4879 = ORIENTED_EDGE ( 'NONE', *, *, #4630, .T. ) ;
#4880 = CARTESIAN_POINT ( 'NONE',  ( 2.040000000000006697, 13.47999999999999865, -2.500000000000000000 ) ) ;
#4881 = DIRECTION ( 'NONE',  ( -1.000000000000000000, 0.0000000000000000000, 0.0000000000000000000 ) ) ;
#4882 = EDGE_CURVE ( 'NONE', #5900, #2893, #8242, .T. ) ;
#4883 = EDGE_CURVE ( 'NONE', #2502, #1447, #9603, .T. ) ;
#4884 = ORIENTED_EDGE ( 'NONE', *, *, #5320, .F. ) ;
#4885 = VERTEX_POINT ( 'NONE', #865 ) ;
#4886 = VERTEX_POINT ( 'NONE', #4301 ) ;
#4887 = PLANE ( 'NONE',  #2837 ) ;
#4888 = EDGE_CURVE ( 'NONE', #4161, #2516, #476, .T. ) ;
#4889 = CARTESIAN_POINT ( 'NONE',  ( -7.253766107537557239, 13.35830113645489625, 1.199999999999999956 ) ) ;
#4890 = CARTESIAN_POINT ( 'NONE',  ( 6.989999999999996660, 4.449999999999996625, -2.500000000000000000 ) ) ;
#4891 = LINE ( 'NONE', #3274, #1494 ) ;
#4892 = CARTESIAN_POINT ( 'NONE',  ( -8.111566388498816949, 13.40855610241303886, 1.209999999999999964 ) ) ;
#4893 = DIRECTION ( 'NONE',  ( 0.0000000000000000000, -0.0000000000000000000, -1.000000000000000000 ) ) ;
#4894 = CARTESIAN_POINT ( 'NONE',  ( -7.988701661386450326, 13.35795455048319980, 1.209999999999999964 ) ) ;
#4895 = ORIENTED_EDGE ( 'NONE', *, *, #877, .T. ) ;
#4896 = EDGE_CURVE ( 'NONE', #1709, #3057, #745, .T. ) ;
#4897 = AXIS2_PLACEMENT_3D ( 'NONE', #7793, #4226, #7685 ) ;
#4898 = EDGE_LOOP ( 'NONE', ( #10757, #9389, #2037, #1343 ) ) ;
#4899 = CARTESIAN_POINT ( 'NONE',  ( -8.118671400925821402, 14.48401237385580131, 1.209999999999999964 ) ) ;
#4900 = EDGE_LOOP ( 'NONE', ( #10789, #10519, #329, #1722 ) ) ;
#4901 = CARTESIAN_POINT ( 'NONE',  ( -9.648334421473773403, 13.32891628582545174, 1.199999999999999956 ) ) ;
#4902 = ADVANCED_FACE ( 'NONE', ( #5921 ), #6029, .T. ) ;
#4903 = EDGE_CURVE ( 'NONE', #5610, #8027, #6488, .T. ) ;
#4904 = EDGE_CURVE ( 'NONE', #910, #9240, #67, .T. ) ;
#4905 = VERTEX_POINT ( 'NONE', #3519 ) ;
#4906 = AXIS2_PLACEMENT_3D ( 'NONE', #10849, #10012, #6644 ) ;
#4907 = PLANE ( 'NONE',  #9965 ) ;
#4908 = ORIENTED_EDGE ( 'NONE', *, *, #3172, .T. ) ;
#4909 = EDGE_LOOP ( 'NONE', ( #9106, #6249, #4200, #3660 ) ) ;
#4910 = DIRECTION ( 'NONE',  ( 1.000000000000000000, -0.0000000000000000000, -0.0000000000000000000 ) ) ;
#4911 = VERTEX_POINT ( 'NONE', #5975 ) ;
#4912 = DIRECTION ( 'NONE',  ( 1.000000000000000000, 0.0000000000000000000, -0.0000000000000000000 ) ) ;
#4913 = VERTEX_POINT ( 'NONE', #7578 ) ;
#4914 = VECTOR ( 'NONE', #3556, 999.9999999999998863 ) ;
#4915 = DIRECTION ( 'NONE',  ( -0.0000000000000000000, 1.000000000000000000, -0.0000000000000000000 ) ) ;
#4916 = DIRECTION ( 'NONE',  ( 0.0000000000000000000, 0.0000000000000000000, 1.000000000000000000 ) ) ;
#4917 = CARTESIAN_POINT ( 'NONE',  ( -6.403070839003302872, 14.64933388255125379, 1.209999999999999964 ) ) ;
#4918 = VECTOR ( 'NONE', #7829, 1000.000000000000000 ) ;
#4919 = CARTESIAN_POINT ( 'NONE',  ( -7.082725930301961625, 13.10321386098472374, 1.209999999999999964 ) ) ;
#4920 = ORIENTED_EDGE ( 'NONE', *, *, #845, .T. ) ;
#4921 = LINE ( 'NONE', #10231, #9831 ) ;
#4922 = ORIENTED_EDGE ( 'NONE', *, *, #9881, .T. ) ;
#4923 = CARTESIAN_POINT ( 'NONE',  ( -7.217374580466353606, 13.38360191242213126, 1.209999999999999964 ) ) ;
#4924 = FACE_OUTER_BOUND ( 'NONE', #1650, .T. ) ;
#4925 = VERTEX_POINT ( 'NONE', #9471 ) ;
#4926 = LINE ( 'NONE', #4031, #2429 ) ;
#4927 = ORIENTED_EDGE ( 'NONE', *, *, #3527, .F. ) ;
#4928 = EDGE_CURVE ( 'NONE', #6332, #10798, #9494, .T. ) ;
#4929 = LINE ( 'NONE', #6605, #4435 ) ;
#4930 = EDGE_LOOP ( 'NONE', ( #10888, #9125, #805, #9964 ) ) ;
#4932 = CARTESIAN_POINT ( 'NONE',  ( -3.409999999999999698, 14.75000000000000178, -7.100000000000000533 ) ) ;
#4931 = CARTESIAN_POINT ( 'NONE',  ( -9.479635918243198844, 13.63739343856610553, 1.209999999999999964 ) ) ;
#4933 = VECTOR ( 'NONE', #5855, 1000.000000000000000 ) ;
#4934 = CARTESIAN_POINT ( 'NONE',  ( -7.286345188915333893, 13.45465203670137555, 1.199999999999999956 ) ) ;
#4935 = ORIENTED_EDGE ( 'NONE', *, *, #4692, .T. ) ;
#4936 = AXIS2_PLACEMENT_3D ( 'NONE', #9778, #8830, #1089 ) ;
#4937 = DIRECTION ( 'NONE',  ( 0.0000000000000000000, 0.0000000000000000000, 1.000000000000000000 ) ) ;
#4938 = B_SPLINE_CURVE_WITH_KNOTS ( 'NONE', 3,
 ( #2982, #8291, #612, #10697 ),
 .UNSPECIFIED., .F., .F.,
 ( 4, 4 ),
 ( 10.00000000000000000, 11.00000000000000000 ),
 .UNSPECIFIED. ) ;
#4939 = LINE ( 'NONE', #2255, #9132 ) ;
#4940 = EDGE_CURVE ( 'NONE', #7008, #1091, #6193, .T. ) ;
#4941 = EDGE_LOOP ( 'NONE', ( #7979, #9269, #679, #9664 ) ) ;
#4942 = ORIENTED_EDGE ( 'NONE', *, *, #5787, .T. ) ;
#4943 = ORIENTED_EDGE ( 'NONE', *, *, #8310, .T. ) ;
#4944 = VECTOR ( 'NONE', #10409, 1000.000000000000000 ) ;
#4945 = FACE_OUTER_BOUND ( 'NONE', #4556, .T. ) ;
#4946 = CIRCLE ( 'NONE', #102, 0.4000000000000001887 ) ;
#4947 = ADVANCED_FACE ( 'NONE', ( #4510 ), #4691, .F. ) ;
#4948 = CARTESIAN_POINT ( 'NONE',  ( -11.21482043099647541, 14.86648248758512558, 1.199999999999999956 ) ) ;
#4949 = CARTESIAN_POINT ( 'NONE',  ( -11.68235622765479498, 13.73861274275561684, 1.209999999999999964 ) ) ;
#4950 = CARTESIAN_POINT ( 'NONE',  ( 0.0000000000000000000, 13.97999999999999332, 0.0000000000000000000 ) ) ;
#4951 = CARTESIAN_POINT ( 'NONE',  ( -7.728415596335972637, 13.40613000060642612, 1.209999999999999964 ) ) ;
#4952 = CARTESIAN_POINT ( 'NONE',  ( -2.040000000000006697, 16.01999999999999957, 0.0000000000000000000 ) ) ;
#4953 = CARTESIAN_POINT ( 'NONE',  ( -7.098495592033263080, 15.08464586351430547, 1.209999999999999964 ) ) ;
#4954 = AXIS2_PLACEMENT_3D ( 'NONE', #5626, #10040, #5792 ) ;
#4955 = EDGE_CURVE ( 'NONE', #543, #6950, #4648, .T. ) ;
#4956 = VECTOR ( 'NONE', #5360, 1000.000000000000000 ) ;
#4957 = EDGE_CURVE ( 'NONE', #7763, #4520, #1946, .T. ) ;
#4958 = VERTEX_POINT ( 'NONE', #1033 ) ;
#4959 = CARTESIAN_POINT ( 'NONE',  ( -12.10651261144982982, 14.09528937591381847, 1.199999999999999956 ) ) ;
#4960 = ORIENTED_EDGE ( 'NONE', *, *, #9689, .F. ) ;
#4961 = CARTESIAN_POINT ( 'NONE',  ( -11.21482043099647541, 14.86648248758512558, 1.209999999999999964 ) ) ;
#4962 = EDGE_LOOP ( 'NONE', ( #3233, #1464, #1927, #9361 ) ) ;
#4963 = CIRCLE ( 'NONE', #9461, 0.4000000000000001887 ) ;
#4964 = EDGE_CURVE ( 'NONE', #3549, #3956, #8724, .T. ) ;
#4965 = ORIENTED_EDGE ( 'NONE', *, *, #7957, .T. ) ;
#4966 = VERTEX_POINT ( 'NONE', #7872 ) ;
#4967 = LINE ( 'NONE', #7702, #2420 ) ;
#4968 = EDGE_CURVE ( 'NONE', #7755, #10248, #6142, .T. ) ;
#4969 = ORIENTED_EDGE ( 'NONE', *, *, #5582, .T. ) ;
#4970 = LINE ( 'NONE', #2441, #7695 ) ;
#4971 = ORIENTED_EDGE ( 'NONE', *, *, #5990, .T. ) ;
#4972 = LINE ( 'NONE', #3070, #7803 ) ;
#4973 = AXIS2_PLACEMENT_3D ( 'NONE', #7416, #3185, #6585 ) ;
#4974 = ORIENTED_EDGE ( 'NONE', *, *, #4227, .T. ) ;
#4975 = CARTESIAN_POINT ( 'NONE',  ( 0.4999999999999935052, 16.01999999999999957, -2.500000000000000000 ) ) ;
#4976 = ORIENTED_EDGE ( 'NONE', *, *, #10831, .T. ) ;
#4977 = VERTEX_POINT ( 'NONE', #1130 ) ;
#4978 = CARTESIAN_POINT ( 'NONE',  ( -5.205096426417552991, 13.88441864211243093, 1.199999999999999956 ) ) ;
#4979 = CARTESIAN_POINT ( 'NONE',  ( 1.270000000000000240, 14.75000000000000178, 1.199999999999999956 ) ) ;
#4980 = LINE ( 'NONE', #1736, #5629 ) ;
#4981 = ORIENTED_EDGE ( 'NONE', *, *, #10228, .T. ) ;
#4982 = FACE_OUTER_BOUND ( 'NONE', #9328, .T. ) ;
#4983 = FACE_OUTER_BOUND ( 'NONE', #8638, .T. ) ;
#4984 = CARTESIAN_POINT ( 'NONE',  ( -8.476174831154338563, 14.00918959207152348, 1.209999999999999964 ) ) ;
#4985 = VERTEX_POINT ( 'NONE', #5370 ) ;
#4986 = ORIENTED_EDGE ( 'NONE', *, *, #3795, .T. ) ;
#4987 = DIRECTION ( 'NONE',  ( -0.0000000000000000000, 0.0000000000000000000, 1.000000000000000000 ) ) ;
#4988 = EDGE_LOOP ( 'NONE', ( #10654, #225, #1411, #3775 ) ) ;
#4989 = VECTOR ( 'NONE', #7446, 1000.000000000000000 ) ;
#4990 = DIRECTION ( 'NONE',  ( -1.000000000000000000, 0.0000000000000000000, 0.0000000000000000000 ) ) ;
#4991 = ORIENTED_EDGE ( 'NONE', *, *, #3393, .F. ) ;
#4993 = CARTESIAN_POINT ( 'NONE',  ( -7.345438097158998758, 13.75756817632308326, 1.209999999999999964 ) ) ;
#4992 = DIRECTION ( 'NONE',  ( -0.7071067811865574537, 0.7071067811865376918, -0.0000000000000000000 ) ) ;
#4994 = AXIS2_PLACEMENT_3D ( 'NONE', #4538, #4594, #5228 ) ;
#4995 = CARTESIAN_POINT ( 'NONE',  ( -7.286345188915333893, 13.41098220421500642, 1.209999999999999964 ) ) ;
#4996 = ORIENTED_EDGE ( 'NONE', *, *, #637, .T. ) ;
#4997 = LINE ( 'NONE', #8410, #5469 ) ;
#4998 = EDGE_CURVE ( 'NONE', #5140, #4061, #9626, .T. ) ;
#4999 = ORIENTED_EDGE ( 'NONE', *, *, #8233, .F. ) ;
#5000 = DIRECTION ( 'NONE',  ( 0.0000000000000000000, 1.000000000000000000, 0.0000000000000000000 ) ) ;
#5001 = ORIENTED_EDGE ( 'NONE', *, *, #4217, .F. ) ;
#5002 = VERTEX_POINT ( 'NONE', #6297 ) ;
#5003 = VERTEX_POINT ( 'NONE', #353 ) ;
#5004 = VECTOR ( 'NONE', #4363, 1000.000000000000000 ) ;
#5005 = LINE ( 'NONE', #10038, #3382 ) ;
#5006 = EDGE_CURVE ( 'NONE', #1606, #9464, #9484, .T. ) ;
#5007 = CARTESIAN_POINT ( 'NONE',  ( -5.214454247667609010, 13.92254309904219411, 1.209999999999999964 ) ) ;
#5008 = CARTESIAN_POINT ( 'NONE',  ( -7.000000000000000888, -21.20000000000000284, 0.0000000000000000000 ) ) ;
#5009 = CARTESIAN_POINT ( 'NONE',  ( -17.44999999999999929, -14.25000000000000178, 1.099999999999999867 ) ) ;
#5010 = DIRECTION ( 'NONE',  ( 0.0000000000000000000, 0.0000000000000000000, -1.000000000000000000 ) ) ;
#5011 = LINE ( 'NONE', #10098, #2056 ) ;
#5012 = ORIENTED_EDGE ( 'NONE', *, *, #9405, .T. ) ;
#5013 = AXIS2_PLACEMENT_3D ( 'NONE', #1450, #598, #4029 ) ;
#5014 = ORIENTED_EDGE ( 'NONE', *, *, #5193, .T. ) ;
#5015 = ORIENTED_EDGE ( 'NONE', *, *, #3434, .T. ) ;
#5016 = CARTESIAN_POINT ( 'NONE',  ( -12.02457333615329382, 14.50016576528512857, 1.199999999999999956 ) ) ;
#5017 = ORIENTED_EDGE ( 'NONE', *, *, #5815, .F. ) ;
#5018 = DIRECTION ( 'NONE',  ( -0.8631877589412171314, -0.5048830486499219505, 0.0000000000000000000 ) ) ;
#5019 = ADVANCED_FACE ( 'NONE', ( #6972 ), #2009, .F. ) ;
#5020 = CARTESIAN_POINT ( 'NONE',  ( -7.199178816930749569, 13.49485600946601949, 1.209999999999999964 ) ) ;
#5021 = ADVANCED_FACE ( 'NONE', ( #10497 ), #6120, .F. ) ;
#5022 = CARTESIAN_POINT ( 'NONE',  ( -10.72318484816268835, 14.97734151318745610, 1.209999999999999964 ) ) ;
#5023 = CARTESIAN_POINT ( 'NONE',  ( -7.964032430152203190, -8.672079492129114442, -1.000000000000000000 ) ) ;
#5024 = EDGE_LOOP ( 'NONE', ( #4699, #1441, #5664, #8043, #6881, #9320, #6171, #8152 ) ) ;
#5025 = ORIENTED_EDGE ( 'NONE', *, *, #2782, .T. ) ;
#5026 = DIRECTION ( 'NONE',  ( 1.000000000000000000, -0.0000000000000000000, -0.0000000000000000000 ) ) ;
#5027 = VERTEX_POINT ( 'NONE', #2825 ) ;
#5028 = CARTESIAN_POINT ( 'NONE',  ( -10.00983121411961818, 13.33373616951289620, 1.199999999999999956 ) ) ;
#5029 = CARTESIAN_POINT ( 'NONE',  ( 0.8700000000000001066, 14.75000000000000178, 2.000000000000000000 ) ) ;
#5030 = ADVANCED_FACE ( 'NONE', ( #6240 ), #8884, .F. ) ;
#5031 = VERTEX_POINT ( 'NONE', #2934 ) ;
#5032 = ADVANCED_FACE ( 'NONE', ( #6348 ), #8090, .F. ) ;
#5033 = ORIENTED_EDGE ( 'NONE', *, *, #10191, .F. ) ;
#5034 = DIRECTION ( 'NONE',  ( -0.0000000000000000000, -0.0000000000000000000, -1.000000000000000000 ) ) ;
#5035 = CARTESIAN_POINT ( 'NONE',  ( -6.268768774812923716, 14.40672370207652264, 1.209999999999999964 ) ) ;
#5036 = EDGE_CURVE ( 'NONE', #888, #5188, #8384, .T. ) ;
#5037 = DIRECTION ( 'NONE',  ( 0.0000000000000000000, 0.0000000000000000000, -1.000000000000000000 ) ) ;
#5038 = CARTESIAN_POINT ( 'NONE',  ( -9.903792118169125303, 13.89767129474679486, 1.209999999999999964 ) ) ;
#5039 = VERTEX_POINT ( 'NONE', #4952 ) ;
#5040 = DIRECTION ( 'NONE',  ( 0.0000000000000000000, 0.0000000000000000000, -1.000000000000000000 ) ) ;
#5041 = EDGE_LOOP ( 'NONE', ( #4128, #9351, #6334, #340 ) ) ;
#5042 = PLANE ( 'NONE',  #10276 ) ;
#5043 = CARTESIAN_POINT ( 'NONE',  ( -6.495089414594157340, 14.75192333029313829, 1.209999999999999964 ) ) ;
#5044 = CARTESIAN_POINT ( 'NONE',  ( -6.955008999581013818, 15.08464586351430547, 1.209999999999999964 ) ) ;
#5045 = DIRECTION ( 'NONE',  ( -0.0000000000000000000, -0.0000000000000000000, -1.000000000000000000 ) ) ;
#5046 = EDGE_LOOP ( 'NONE', ( #7185, #841, #1121, #10036 ) ) ;
#5047 = CARTESIAN_POINT ( 'NONE',  ( -7.726162787517545816, 13.52778167681551480, 1.209999999999999964 ) ) ;
#5048 = EDGE_CURVE ( 'NONE', #5187, #3256, #3162, .T. ) ;
#5049 = ORIENTED_EDGE ( 'NONE', *, *, #10279, .T. ) ;
#5050 = B_SPLINE_CURVE_WITH_KNOTS ( 'NONE', 3,
 ( #4273, #10242, #6064, #1571 ),
 .UNSPECIFIED., .F., .F.,
 ( 4, 4 ),
 ( 10.00000000000000000, 11.00000000000000000 ),
 .UNSPECIFIED. ) ;
#5052 = LINE ( 'NONE', #6491, #8758 ) ;
#5051 = CARTESIAN_POINT ( 'NONE',  ( 5.079999999999999183, 15.51999999999999957, 0.0000000000000000000 ) ) ;
#5053 = CARTESIAN_POINT ( 'NONE',  ( -5.656351362102395086, 13.42623198698875875, 1.199999999999999956 ) ) ;
#5054 = LINE ( 'NONE', #10305, #4914 ) ;
#5055 = CARTESIAN_POINT ( 'NONE',  ( -5.948350043601348780, 14.66874269699015443, 1.209999999999999964 ) ) ;
#5056 = ORIENTED_EDGE ( 'NONE', *, *, #4818, .T. ) ;
#5057 = EDGE_LOOP ( 'NONE', ( #8126, #3834, #204, #10308 ) ) ;
#5058 = B_SPLINE_SURFACE_WITH_KNOTS ( 'NONE', 3, 1, ( 
 ( #1007, #6997 ),
 ( #7105, #2964 ),
 ( #10527, #9654 ),
 ( #1980, #8802 ) ),
 .UNSPECIFIED., .F., .F., .F.,
 ( 4, 4 ),
 ( 2, 2 ),
 ( 0.0000000000000000000, 1.000000000000000000 ),
 ( 0.0000000000000000000, 1.000000000000000000 ),
 .UNSPECIFIED. ) ;
#5059 = CARTESIAN_POINT ( 'NONE',  ( -6.682939011478516100, 14.48401237385580131, 1.199999999999999956 ) ) ;
#5060 = DIRECTION ( 'NONE',  ( -1.000000000000000000, 0.0000000000000000000, 0.0000000000000000000 ) ) ;
#5061 = CARTESIAN_POINT ( 'NONE',  ( 1.270000000000000240, 14.75000000000000178, 1.199999999999999956 ) ) ;
#5062 = CARTESIAN_POINT ( 'NONE',  ( -10.87742351646410910, 13.38675562555588883, 1.209999999999999964 ) ) ;
#5063 = CARTESIAN_POINT ( 'NONE',  ( -7.122410024109026239, 13.10563996279133470, 1.199999999999999956 ) ) ;
#5064 = CARTESIAN_POINT ( 'NONE',  ( -8.126989464258420170, 14.00918959207152348, 1.199999999999999956 ) ) ;
#5065 = ORIENTED_EDGE ( 'NONE', *, *, #1152, .F. ) ;
#5066 = DIRECTION ( 'NONE',  ( 0.0000000000000000000, 0.0000000000000000000, 1.000000000000000000 ) ) ;
#5067 = ORIENTED_EDGE ( 'NONE', *, *, #4955, .T. ) ;
#5068 = EDGE_LOOP ( 'NONE', ( #8155, #5130, #9174, #2142 ) ) ;
#5069 = CARTESIAN_POINT ( 'NONE',  ( -8.146224985709171307, 13.63660967205741414, 1.199999999999999956 ) ) ;
#5070 = ORIENTED_EDGE ( 'NONE', *, *, #8840, .F. ) ;
#5071 = B_SPLINE_CURVE_WITH_KNOTS ( 'NONE', 3,
 ( #7395, #4836, #10818, #6564 ),
 .UNSPECIFIED., .F., .F.,
 ( 4, 4 ),
 ( 12.00000000000000000, 13.00000000000000000 ),
 .UNSPECIFIED. ) ;
#5072 = EDGE_CURVE ( 'NONE', #1854, #8363, #10649, .T. ) ;
#5073 = DIRECTION ( 'NONE',  ( -0.0000000000000000000, -0.0000000000000000000, -1.000000000000000000 ) ) ;
#5074 = CARTESIAN_POINT ( 'NONE',  ( -5.656351362102395086, 13.42623198698875875, 1.199999999999999956 ) ) ;
#5075 = AXIS2_PLACEMENT_3D ( 'NONE', #1505, #1453, #4871 ) ;
#5076 = CARTESIAN_POINT ( 'NONE',  ( -5.164719160667035958, 14.00918959207152348, 1.199999999999999956 ) ) ;
#5077 = ORIENTED_EDGE ( 'NONE', *, *, #8013, .T. ) ;
#5078 = ORIENTED_EDGE ( 'NONE', *, *, #5311, .T. ) ;
#5079 = APPLICATION_PROTOCOL_DEFINITION ( 'international standard', 'config_control_design', 1994, #440 ) ;
#5080 = VERTEX_POINT ( 'NONE', #5685 ) ;
#5081 = B_SPLINE_CURVE_WITH_KNOTS ( 'NONE', 3,
 ( #2225, #5644, #4577, #9058 ),
 .UNSPECIFIED., .F., .F.,
 ( 4, 4 ),
 ( 0.0000000000000000000, 1.000000000000000000 ),
 .UNSPECIFIED. ) ;
#5082 = PLANE ( 'NONE',  #1436 ) ;
#5083 = EDGE_LOOP ( 'NONE', ( #6689, #2998, #10945, #1097 ) ) ;
#5084 = DIRECTION ( 'NONE',  ( -0.0000000000000000000, 1.000000000000000000, -0.0000000000000000000 ) ) ;
#5085 = EDGE_CURVE ( 'NONE', #2013, #9219, #7147, .T. ) ;
#5086 = VERTEX_POINT ( 'NONE', #9877 ) ;
#5087 = CARTESIAN_POINT ( 'NONE',  ( -6.920870281330543605, 13.41167537615842775, 1.199999999999999956 ) ) ;
#5088 = CARTESIAN_POINT ( 'NONE',  ( -7.137486513894618412, 13.18570132234891723, 1.209999999999999964 ) ) ;
#5089 = CIRCLE ( 'NONE', #6158, 1.000000000000000888 ) ;
#5090 = ORIENTED_EDGE ( 'NONE', *, *, #8546, .F. ) ;
#5091 = B_SPLINE_CURVE_WITH_KNOTS ( 'NONE', 3,
 ( #1974, #1106, #6165, #5340 ),
 .UNSPECIFIED., .F., .F.,
 ( 4, 4 ),
 ( 10.00000000000000000, 11.00000000000000000 ),
 .UNSPECIFIED. ) ;
#5092 = CARTESIAN_POINT ( 'NONE',  ( -7.869649379969819059, 13.61893378748169425, 1.209999999999999964 ) ) ;
#5093 = LINE ( 'NONE', #4081, #8157 ) ;
#5094 = LINE ( 'NONE', #3190, #9071 ) ;
#5095 = B_SPLINE_CURVE_WITH_KNOTS ( 'NONE', 3,
 ( #6999, #10416, #8859, #9606 ),
 .UNSPECIFIED., .F., .F.,
 ( 4, 4 ),
 ( 4.000000000000000000, 5.000000000000000000 ),
 .UNSPECIFIED. ) ;
#5096 = DIRECTION ( 'NONE',  ( 0.0000000000000000000, 0.0000000000000000000, 1.000000000000000000 ) ) ;
#5097 = VERTEX_POINT ( 'NONE', #7396 ) ;
#5098 = LINE ( 'NONE', #5154, #4822 ) ;
#5099 = EDGE_LOOP ( 'NONE', ( #9535, #3545, #9462, #7556 ) ) ;
#5100 = CARTESIAN_POINT ( 'NONE',  ( 2.540000000000000036, 13.47999999999999865, 0.0000000000000000000 ) ) ;
#5101 = CARTESIAN_POINT ( 'NONE',  ( -7.000000000000000888, -12.29999999999999893, 0.0000000000000000000 ) ) ;
#5102 = EDGE_CURVE ( 'NONE', #9972, #3785, #8304, .T. ) ;
#5103 = LINE ( 'NONE', #3488, #8662 ) ;
#5104 = ORIENTED_EDGE ( 'NONE', *, *, #10196, .F. ) ;
#5105 = ORIENTED_EDGE ( 'NONE', *, *, #6515, .T. ) ;
#5106 = VECTOR ( 'NONE', #11106, 1000.000000000000000 ) ;
#5107 = DIRECTION ( 'NONE',  ( -1.000000000000000000, 0.0000000000000000000, 0.0000000000000000000 ) ) ;
#5108 = VERTEX_POINT ( 'NONE', #9929 ) ;
#5109 = EDGE_CURVE ( 'NONE', #1265, #8206, #4457, .T. ) ;
#5110 = FACE_OUTER_BOUND ( 'NONE', #5575, .T. ) ;
#5111 = DIRECTION ( 'NONE',  ( -2.071311613106635153E-16, 1.000000000000000000, -0.0000000000000000000 ) ) ;
#5112 = DIRECTION ( 'NONE',  ( 0.0000000000000000000, -1.000000000000000000, 0.0000000000000000000 ) ) ;
#5113 = DIRECTION ( 'NONE',  ( -1.000000000000000000, 0.0000000000000000000, 0.0000000000000000000 ) ) ;
#5114 = ADVANCED_FACE ( 'NONE', ( #1295 ), #560, .T. ) ;
#5115 = AXIS2_PLACEMENT_3D ( 'NONE', #3711, #1158, #4493 ) ;
#5116 = EDGE_CURVE ( 'NONE', #7437, #3864, #2321, .T. ) ;
#5117 = EDGE_CURVE ( 'NONE', #3770, #10512, #4055, .T. ) ;
#5118 = EDGE_LOOP ( 'NONE', ( #5689, #5217, #2594, #7505 ) ) ;
#5119 = VERTEX_POINT ( 'NONE', #3055 ) ;
#5120 = CARTESIAN_POINT ( 'NONE',  ( -7.507467039118579599, 13.76207379395993335, 1.209999999999999964 ) ) ;
#5121 = VECTOR ( 'NONE', #6747, 1000.000000000000114 ) ;
#5122 = CARTESIAN_POINT ( 'NONE',  ( 1.270000000000000240, 14.75000000000000178, 1.600000000000000089 ) ) ;
#5123 = CARTESIAN_POINT ( 'NONE',  ( -5.516503922360016077, 13.33126743063374597, 1.199999999999999956 ) ) ;
#5124 = LINE ( 'NONE', #7740, #4537 ) ;
#5125 = CARTESIAN_POINT ( 'NONE',  ( -7.082725930301961625, 13.10321386098472374, 1.199999999999999956 ) ) ;
#5126 = CARTESIAN_POINT ( 'NONE',  ( -13.71000000000000085, -5.099999999999998757, 2.600000000000000533 ) ) ;
#5127 = CARTESIAN_POINT ( 'NONE',  ( -6.268768774812923716, 13.63660967205741414, 1.199999999999999956 ) ) ;
#5128 = DIRECTION ( 'NONE',  ( -1.000000000000000000, 0.0000000000000000000, 0.0000000000000000000 ) ) ;
#5129 = ORIENTED_EDGE ( 'NONE', *, *, #2018, .F. ) ;
#5130 = ORIENTED_EDGE ( 'NONE', *, *, #3740, .F. ) ;
#5131 = AXIS2_PLACEMENT_3D ( 'NONE', #7364, #3188, #7317 ) ;
#5132 = CARTESIAN_POINT ( 'NONE',  ( -7.744011965081448956, 15.09608320059462017, 1.209999999999999964 ) ) ;
#5133 = LINE ( 'NONE', #9407, #1115 ) ;
#5134 = CARTESIAN_POINT ( 'NONE',  ( -7.253766107537557239, 13.35830113645489625, 1.199999999999999956 ) ) ;
#5135 = AXIS2_PLACEMENT_3D ( 'NONE', #3615, #4606, #5350 ) ;
#5136 = CARTESIAN_POINT ( 'NONE',  ( -8.003951444160202655, 14.48782481954923895, 1.199999999999999956 ) ) ;
#5137 = ADVANCED_FACE ( 'NONE', ( #6458, #2996 ), #7454, .T. ) ;
#5138 = EDGE_CURVE ( 'NONE', #4364, #9159, #2888, .T. ) ;
#5139 = CARTESIAN_POINT ( 'NONE',  ( -7.337120033828714583, 13.31983009355342240, 1.209999999999999964 ) ) ;
#5140 = VERTEX_POINT ( 'NONE', #2265 ) ;
#5141 = LINE ( 'NONE', #8564, #1187 ) ;
#5142 = VERTEX_POINT ( 'NONE', #568 ) ;
#5143 = DIRECTION ( 'NONE',  ( -0.0000000000000000000, 1.000000000000000000, -0.0000000000000000000 ) ) ;
#5144 = CARTESIAN_POINT ( 'NONE',  ( -7.728415596335972637, 13.40613000060642612, 1.209999999999999964 ) ) ;
#5145 = VECTOR ( 'NONE', #6139, 1000.000000000000000 ) ;
#5146 = VECTOR ( 'NONE', #7517, 1000.000000000000000 ) ;
#5147 = EDGE_LOOP ( 'NONE', ( #9301, #1125, #4250, #5642, #5773, #4717, #1886, #9195 ) ) ;
#5148 = CARTESIAN_POINT ( 'NONE',  ( -6.061337070508430180, 14.99799937048959464, 1.209999999999999964 ) ) ;
#5149 = CARTESIAN_POINT ( 'NONE',  ( -6.573417844293172330, 15.05483946991484245, 1.199999999999999956 ) ) ;
#5150 = CARTESIAN_POINT ( 'NONE',  ( -1.269999999999999796, 14.75000000000000178, 1.600000000000000089 ) ) ;
#5151 = EDGE_CURVE ( 'NONE', #3636, #9256, #10043, .T. ) ;
#5152 = CARTESIAN_POINT ( 'NONE',  ( -7.137486513894619300, 13.11014558042819367, 1.199999999999999956 ) ) ;
#5153 = CIRCLE ( 'NONE', #7275, 0.4000000000000001887 ) ;
#5154 = CARTESIAN_POINT ( 'NONE',  ( 4.209999999999999964, 14.75000000000000355, 2.000000000000000000 ) ) ;
#5155 = ORIENTED_EDGE ( 'NONE', *, *, #4524, .F. ) ;
#5156 = AXIS2_PLACEMENT_3D ( 'NONE', #1278, #7278, #10691 ) ;
#5157 = CARTESIAN_POINT ( 'NONE',  ( -6.249533253359885521, 13.93120774834882880, 1.209999999999999964 ) ) ;
#5158 = CARTESIAN_POINT ( 'NONE',  ( -6.690217316893680710, 13.81544803366346308, 1.209999999999999964 ) ) ;
#5159 = ORIENTED_EDGE ( 'NONE', *, *, #8598, .T. ) ;
#5160 = ORIENTED_EDGE ( 'NONE', *, *, #477, .T. ) ;
#5161 = CARTESIAN_POINT ( 'NONE',  ( -7.394826598183222188, 13.31983009355342240, 1.209999999999999964 ) ) ;
#5162 = ORIENTED_EDGE ( 'NONE', *, *, #493, .T. ) ;
#5163 = ORIENTED_EDGE ( 'NONE', *, *, #8558, .F. ) ;
#5164 = CIRCLE ( 'NONE', #6573, 2.249999999999998668 ) ;
#5165 = FACE_OUTER_BOUND ( 'NONE', #10391, .T. ) ;
#5166 = ORIENTED_EDGE ( 'NONE', *, *, #10848, .F. ) ;
#5167 = EDGE_CURVE ( 'NONE', #8177, #2737, #7289, .T. ) ;
#5168 = EDGE_CURVE ( 'NONE', #7881, #2548, #11049, .T. ) ;
#5169 = DIRECTION ( 'NONE',  ( -0.7071067811865475727, 0.7071067811865475727, 0.0000000000000000000 ) ) ;
#5170 = CARTESIAN_POINT ( 'NONE',  ( -5.670214800984680892, 13.52604874695694903, 1.209999999999999964 ) ) ;
#5171 = ORIENTED_EDGE ( 'NONE', *, *, #8558, .T. ) ;
#5172 = CARTESIAN_POINT ( 'NONE',  ( -15.19999999999999929, -14.25000000000000178, 1.099999999999999867 ) ) ;
#5173 = PLANE ( 'NONE',  #5735 ) ;
#5174 = VERTEX_POINT ( 'NONE', #1707 ) ;
#5175 = ORIENTED_EDGE ( 'NONE', *, *, #5167, .F. ) ;
#5176 = EDGE_CURVE ( 'NONE', #3712, #3153, #1645, .T. ) ;
#5177 = EDGE_CURVE ( 'NONE', #6799, #3678, #497, .T. ) ;
#5178 = VERTEX_POINT ( 'NONE', #6675 ) ;
#5179 = AXIS2_PLACEMENT_3D ( 'NONE', #7628, #7743, #4338 ) ;
#5180 = CARTESIAN_POINT ( 'NONE',  ( -5.720469766942801293, 13.86743592948012349, 1.209999999999999964 ) ) ;
#5181 = DIRECTION ( 'NONE',  ( 0.0000000000000000000, 0.0000000000000000000, 1.000000000000000000 ) ) ;
#5182 = ADVANCED_FACE ( 'NONE', ( #7687 ), #2186, .F. ) ;
#5183 = LINE ( 'NONE', #6904, #7568 ) ;
#5184 = CARTESIAN_POINT ( 'NONE',  ( -9.744733566180256545, 14.37484685878232860, 1.199999999999999956 ) ) ;
#5185 = FACE_OUTER_BOUND ( 'NONE', #7645, .T. ) ;
#5186 = CARTESIAN_POINT ( 'NONE',  ( 14.11000000000003496, 6.490000000000215152, -2.500000000000000000 ) ) ;
#5187 = VERTEX_POINT ( 'NONE', #6905 ) ;
#5188 = VERTEX_POINT ( 'NONE', #791 ) ;
#5189 = CARTESIAN_POINT ( 'NONE',  ( -9.951991690522369538, 15.17495976098318167, 1.209999999999999964 ) ) ;
#5190 = VERTEX_POINT ( 'NONE', #2424 ) ;
#5191 = VECTOR ( 'NONE', #5281, 1000.000000000000000 ) ;
#5192 = ORIENTED_EDGE ( 'NONE', *, *, #2419, .T. ) ;
#5193 = EDGE_CURVE ( 'NONE', #4977, #828, #9837, .T. ) ;
#5194 = CARTESIAN_POINT ( 'NONE',  ( -5.588247218582687914, 13.85946445212153577, 1.209999999999999964 ) ) ;
#5195 = FACE_OUTER_BOUND ( 'NONE', #10069, .T. ) ;
#5196 = AXIS2_PLACEMENT_3D ( 'NONE', #855, #6961, #5066 ) ;
#5197 = CARTESIAN_POINT ( 'NONE',  ( -9.720633780004787283, 14.37484685878232860, 1.209999999999999964 ) ) ;
#5198 = B_SPLINE_CURVE_WITH_KNOTS ( 'NONE', 3,
 ( #6892, #8467, #3440, #9441, #10973, #948, #10134 ),
 .UNSPECIFIED., .F., .F.,
 ( 4, 3, 4 ),
 ( 0.0000000000000000000, 1.000000000000000000, 2.000000000000000000 ),
 .UNSPECIFIED. ) ;
#5199 = ORIENTED_EDGE ( 'NONE', *, *, #9220, .F. ) ;
#5200 = DATE_AND_TIME ( #2828, #9437 ) ;
#5201 = ORIENTED_EDGE ( 'NONE', *, *, #7003, .T. ) ;
#5202 = CARTESIAN_POINT ( 'NONE',  ( -7.583369367008717887, 14.97685762619213889, 1.209999999999999964 ) ) ;
#5203 = CARTESIAN_POINT ( 'NONE',  ( -12.10651261144982982, 14.09528937591381847, 1.209999999999999964 ) ) ;
#5204 = DIRECTION ( 'NONE',  ( 1.000000000000000000, -0.0000000000000000000, -0.0000000000000000000 ) ) ;
#5205 = CYLINDRICAL_SURFACE ( 'NONE', #9056, 0.4000000000000001887 ) ;
#5206 = VECTOR ( 'NONE', #7052, 1000.000000000000000 ) ;
#5207 = EDGE_LOOP ( 'NONE', ( #2793, #8843, #6841, #5636 ) ) ;
#5208 = CARTESIAN_POINT ( 'NONE',  ( 4.209999999999999964, 14.75000000000000355, -7.100000000000000533 ) ) ;
#5209 = CARTESIAN_POINT ( 'NONE',  ( -6.074507337447293764, 14.95051709230978787, 1.209999999999999964 ) ) ;
#5210 = EDGE_CURVE ( 'NONE', #10557, #10940, #10204, .T. ) ;
#5211 = DIRECTION ( 'NONE',  ( -1.000000000000000000, 0.0000000000000000000, 0.0000000000000000000 ) ) ;
#5212 = DIRECTION ( 'NONE',  ( 0.0000000000000000000, 1.000000000000000000, 0.0000000000000000000 ) ) ;
#5213 = CARTESIAN_POINT ( 'NONE',  ( -6.573417844293172330, 15.05483946991484245, 1.199999999999999956 ) ) ;
#5214 = CARTESIAN_POINT ( 'NONE',  ( -6.107259711810919534, 15.08464586351430547, 1.199999999999999956 ) ) ;
#5215 = PLANE ( 'NONE',  #10189 ) ;
#5216 = EDGE_LOOP ( 'NONE', ( #9009, #4127, #3279, #10281, #152, #2999, #3396, #8819 ) ) ;
#5217 = ORIENTED_EDGE ( 'NONE', *, *, #577, .F. ) ;
#5218 = CARTESIAN_POINT ( 'NONE',  ( -9.903792302035922646, 13.62293360363234029, 1.199999999999999956 ) ) ;
#5219 = CARTESIAN_POINT ( 'NONE',  ( -7.919557759951618259, 13.41132879018670288, 1.199999999999999956 ) ) ;
#5220 = ORIENTED_EDGE ( 'NONE', *, *, #44, .F. ) ;
#5221 = B_SPLINE_CURVE_WITH_KNOTS ( 'NONE', 3,
 ( #4041, #2363, #8182, #439 ),
 .UNSPECIFIED., .F., .F.,
 ( 4, 4 ),
 ( 3.000000000000000000, 4.000000000000000000 ),
 .UNSPECIFIED. ) ;
#5222 = B_SPLINE_CURVE_WITH_KNOTS ( 'NONE', 3,
 ( #5946, #10185, #5998, #7667 ),
 .UNSPECIFIED., .F., .F.,
 ( 4, 4 ),
 ( 6.000000000000000000, 7.000000000000000000 ),
 .UNSPECIFIED. ) ;
#5223 = LINE ( 'NONE', #3548, #10125 ) ;
#5224 = ORIENTED_EDGE ( 'NONE', *, *, #4270, .T. ) ;
#5225 = ADVANCED_FACE ( 'NONE', ( #8602 ), #1586, .F. ) ;
#5226 = CARTESIAN_POINT ( 'NONE',  ( -6.768545746588097600, 14.40672370207652442, 1.209999999999999964 ) ) ;
#5227 = CARTESIAN_POINT ( 'NONE',  ( -7.641249224351385649, 13.33126743063374597, 1.209999999999999964 ) ) ;
#5228 = DIRECTION ( 'NONE',  ( 1.000000000000000000, 0.0000000000000000000, 0.0000000000000000000 ) ) ;
#5229 = ORIENTED_EDGE ( 'NONE', *, *, #10310, .F. ) ;
#5230 = CARTESIAN_POINT ( 'NONE',  ( -5.719999999999996199, 8.259999999999996234, -2.500000000000000000 ) ) ;
#5231 = CARTESIAN_POINT ( 'NONE',  ( -7.352369816600157648, 13.52743509084378992, 1.199999999999999956 ) ) ;
#5232 = ORIENTED_EDGE ( 'NONE', *, *, #4903, .T. ) ;
#5233 = ORIENTED_EDGE ( 'NONE', *, *, #6804, .T. ) ;
#5234 = EDGE_CURVE ( 'NONE', #5425, #6632, #10149, .T. ) ;
#5235 = EDGE_CURVE ( 'NONE', #6963, #8726, #6900, .T. ) ;
#5236 = ORIENTED_EDGE ( 'NONE', *, *, #7611, .F. ) ;
#5237 = AXIS2_PLACEMENT_3D ( 'NONE', #806, #10000, #1544 ) ;
#5238 = B_SPLINE_CURVE_WITH_KNOTS ( 'NONE', 3,
 ( #2975, #6280, #6176, #9660 ),
 .UNSPECIFIED., .F., .F.,
 ( 4, 4 ),
 ( 1.000000000000000000, 2.000000000000000000 ),
 .UNSPECIFIED. ) ;
#5239 = CARTESIAN_POINT ( 'NONE',  ( -6.567525882764849499, 14.55471591216333493, 1.209999999999999964 ) ) ;
#5240 = CARTESIAN_POINT ( 'NONE',  ( -7.117731113486324368, 14.71206594350019969, 1.199999999999999956 ) ) ;
#5241 = DIRECTION ( 'NONE',  ( 1.000000000000000000, 0.0000000000000000000, 0.0000000000000000000 ) ) ;
#5242 = FACE_OUTER_BOUND ( 'NONE', #8040, .T. ) ;
#5243 = ADVANCED_FACE ( 'NONE', ( #5908 ), #9339, .T. ) ;
#5244 = CARTESIAN_POINT ( 'NONE',  ( -9.903792118169125303, 13.89767129474679486, 1.199999999999999956 ) ) ;
#5245 = CARTESIAN_POINT ( 'NONE',  ( -11.15216102371177520, 14.94842175139114282, 1.199999999999999956 ) ) ;
#5246 = ADVANCED_FACE ( 'NONE', ( #4287 ), #11105, .T. ) ;
#5247 = CARTESIAN_POINT ( 'NONE',  ( 5.079999999999999183, 16.01999999999999957, 0.0000000000000000000 ) ) ;
#5248 = ORIENTED_EDGE ( 'NONE', *, *, #6871, .F. ) ;
#5249 = CARTESIAN_POINT ( 'NONE',  ( -5.214454247667609010, 13.92254309904219589, 1.199999999999999956 ) ) ;
#5250 = CARTESIAN_POINT ( 'NONE',  ( -6.057524624814973002, 14.97547128230067592, 1.199999999999999956 ) ) ;
#5251 = EDGE_CURVE ( 'NONE', #1577, #10738, #6019, .T. ) ;
#5252 = ADVANCED_FACE ( 'NONE', ( #2661 ), #6078, .T. ) ;
#5253 = DIRECTION ( 'NONE',  ( -0.0000000000000000000, -1.000000000000000000, -0.0000000000000000000 ) ) ;
#5254 = CARTESIAN_POINT ( 'NONE',  ( -7.625652855605935976, 15.08672537934918978, 1.199999999999999956 ) ) ;
#5255 = EDGE_CURVE ( 'NONE', #1077, #9573, #7911, .T. ) ;
#5256 = CARTESIAN_POINT ( 'NONE',  ( -8.090944523158912105, 14.73286110182594477, 1.199999999999999956 ) ) ;
#5257 = ORIENTED_EDGE ( 'NONE', *, *, #7686, .F. ) ;
#5258 = COORDINATED_UNIVERSAL_TIME_OFFSET ( 8, 0, .AHEAD. ) ;
#5259 = ORIENTED_EDGE ( 'NONE', *, *, #10499, .T. ) ;
#5260 = CARTESIAN_POINT ( 'NONE',  ( -7.876754392396827953, 13.31983009355342240, 1.209999999999999964 ) ) ;
#5261 = LINE ( 'NONE', #3286, #5677 ) ;
#5262 = ADVANCED_FACE ( 'NONE', ( #4446 ), #7005, .F. ) ;
#5263 = CARTESIAN_POINT ( 'NONE',  ( -9.330217317496021678, 13.99889023120733178, 1.209999999999999964 ) ) ;
#5264 = EDGE_CURVE ( 'NONE', #4913, #2340, #10423, .T. ) ;
#5265 = CARTESIAN_POINT ( 'NONE',  ( -7.120850387234022527, 13.17911618887717218, 1.209999999999999964 ) ) ;
#5266 = ORIENTED_EDGE ( 'NONE', *, *, #6912, .F. ) ;
#5267 = LINE ( 'NONE', #3477, #472 ) ;
#5268 = CARTESIAN_POINT ( 'NONE',  ( -7.869649379969819059, 13.61893378748169425, 1.199999999999999956 ) ) ;
#5269 = CARTESIAN_POINT ( 'NONE',  ( -7.816275140263978294, 13.82653878477206355, 1.209999999999999964 ) ) ;
#5270 = DIRECTION ( 'NONE',  ( 0.0000000000000000000, 1.000000000000000000, 0.0000000000000000000 ) ) ;
#5271 = VERTEX_POINT ( 'NONE', #113 ) ;
#5272 = DIRECTION ( 'NONE',  ( -1.000000000000000000, -0.0000000000000000000, -0.0000000000000000000 ) ) ;
#5273 = DIRECTION ( 'NONE',  ( -0.3315284183504021431, -0.9434452330824937283, 0.0000000000000000000 ) ) ;
#5274 = ORIENTED_EDGE ( 'NONE', *, *, #6923, .T. ) ;
#5275 = ORIENTED_EDGE ( 'NONE', *, *, #9143, .T. ) ;
#5276 = CARTESIAN_POINT ( 'NONE',  ( -7.583369367008717887, 14.51867097106845783, 1.209999999999999964 ) ) ;
#5277 = VERTEX_POINT ( 'NONE', #2759 ) ;
#5278 = B_SPLINE_CURVE_WITH_KNOTS ( 'NONE', 3,
 ( #8044, #4572, #458, #10606 ),
 .UNSPECIFIED., .F., .F.,
 ( 4, 4 ),
 ( 15.00000000000000000, 16.00000000000000000 ),
 .UNSPECIFIED. ) ;
#5279 = VECTOR ( 'NONE', #10623, 1000.000000000000000 ) ;
#5280 = CARTESIAN_POINT ( 'NONE',  ( -6.923123090146659386, 13.41167537615842775, 1.199999999999999956 ) ) ;
#5281 = DIRECTION ( 'NONE',  ( -0.0000000000000000000, -0.0000000000000000000, -1.000000000000000000 ) ) ;
#5282 = VERTEX_POINT ( 'NONE', #1878 ) ;
#5283 = CARTESIAN_POINT ( 'NONE',  ( -6.768545746588097600, 14.40672370207652442, 1.199999999999999956 ) ) ;
#5284 = VERTEX_POINT ( 'NONE', #4548 ) ;
#5285 = CARTESIAN_POINT ( 'NONE',  ( -7.089311063773702237, 13.17599691512713633, 1.209999999999999964 ) ) ;
#5286 = EDGE_CURVE ( 'NONE', #4911, #3277, #9323, .T. ) ;
#5287 = ORIENTED_EDGE ( 'NONE', *, *, #7680, .T. ) ;
#5288 = ORIENTED_EDGE ( 'NONE', *, *, #163, .T. ) ;
#5289 = VECTOR ( 'NONE', #4657, 1000.000000000000000 ) ;
#5290 = FACE_BOUND ( 'NONE', #10067, .T. ) ;
#5291 = CARTESIAN_POINT ( 'NONE',  ( -8.030291978040246192, 13.46089058420139750, 1.199999999999999956 ) ) ;
#5292 = EDGE_CURVE ( 'NONE', #7442, #5546, #3667, .T. ) ;
#5293 = VECTOR ( 'NONE', #2298, 1000.000000000000000 ) ;
#5294 = DIRECTION ( 'NONE',  ( 1.000000000000000000, -0.0000000000000000000, -0.0000000000000000000 ) ) ;
#5295 = VERTEX_POINT ( 'NONE', #7961 ) ;
#5296 = CARTESIAN_POINT ( 'NONE',  ( -6.573417844293172330, 15.05483946991484245, 1.209999999999999964 ) ) ;
#5297 = FACE_OUTER_BOUND ( 'NONE', #9116, .T. ) ;
#5298 = ORIENTED_EDGE ( 'NONE', *, *, #2154, .T. ) ;
#5299 = LINE ( 'NONE', #2666, #1534 ) ;
#5300 = ORIENTED_EDGE ( 'NONE', *, *, #9628, .T. ) ;
#5301 = CARTESIAN_POINT ( 'NONE',  ( -5.201803859686291887, 13.87506082086700054, 1.209999999999999964 ) ) ;
#5302 = ORIENTED_EDGE ( 'NONE', *, *, #3245, .F. ) ;
#5303 = ADVANCED_FACE ( 'NONE', ( #9610 ), #1931, .T. ) ;
#5304 = LOCAL_TIME ( 16, 8, 52.00000000000000000, #9531 ) ;
#5305 = VECTOR ( 'NONE', #7895, 1000.000000000000000 ) ;
#5306 = CARTESIAN_POINT ( 'NONE',  ( 2.540000000000000036, 13.97999999999999332, -2.500000000000000000 ) ) ;
#5307 = FACE_OUTER_BOUND ( 'NONE', #2215, .T. ) ;
#5308 = CARTESIAN_POINT ( 'NONE',  ( -14.71000000000000085, 8.599999999999999645, 2.700000000000000178 ) ) ;
#5309 = EDGE_CURVE ( 'NONE', #9583, #6824, #2036, .T. ) ;
#5310 = CARTESIAN_POINT ( 'NONE',  ( -7.438149844697894864, 13.69241001356753173, 1.199999999999999956 ) ) ;
#5311 = EDGE_CURVE ( 'NONE', #2631, #5031, #9759, .T. ) ;
#5312 = ORIENTED_EDGE ( 'NONE', *, *, #6975, .F. ) ;
#5313 = VECTOR ( 'NONE', #532, 1000.000000000000000 ) ;
#5314 = PERSON_AND_ORGANIZATION ( #3476, #272 ) ;
#5315 = ORIENTED_EDGE ( 'NONE', *, *, #1752, .F. ) ;
#5316 = CARTESIAN_POINT ( 'NONE',  ( -7.631891403103641558, 15.00389133201329628, 1.199999999999999956 ) ) ;
#5317 = CARTESIAN_POINT ( 'NONE',  ( -7.117731113486324368, 14.78970120125118903, 1.209999999999999964 ) ) ;
#5318 = CARTESIAN_POINT ( 'NONE',  ( -7.089311063773702237, 13.17599691512713633, 1.199999999999999956 ) ) ;
#5319 = CARTESIAN_POINT ( 'NONE',  ( -7.844695189976623517, 15.09608320059462017, 1.199999999999999956 ) ) ;
#5320 = EDGE_CURVE ( 'NONE', #2197, #3057, #732, .T. ) ;
#5321 = EDGE_CURVE ( 'NONE', #7116, #5913, #2623, .T. ) ;
#5322 = EDGE_LOOP ( 'NONE', ( #8648, #1272, #7336, #4221 ) ) ;
#5323 = AXIS2_PLACEMENT_3D ( 'NONE', #9068, #8217, #4650 ) ;
#5324 = FACE_OUTER_BOUND ( 'NONE', #3990, .T. ) ;
#5325 = B_SPLINE_SURFACE_WITH_KNOTS ( 'NONE', 3, 1, ( 
 ( #4348, #4297 ),
 ( #9525, #1843 ),
 ( #4397, #797 ),
 ( #7805, #7639 ) ),
 .UNSPECIFIED., .F., .F., .F.,
 ( 4, 4 ),
 ( 2, 2 ),
 ( 3.000000000000000000, 4.000000000000000000 ),
 ( 0.0000000000000000000, 1.000000000000000000 ),
 .UNSPECIFIED. ) ;
#5326 = EDGE_CURVE ( 'NONE', #2520, #4576, #3833, .T. ) ;
#5327 = CARTESIAN_POINT ( 'NONE',  ( -6.761614027144655203, 15.08464586351430370, 1.209999999999999964 ) ) ;
#5328 = ORIENTED_EDGE ( 'NONE', *, *, #9625, .T. ) ;
#5329 = CARTESIAN_POINT ( 'NONE',  ( 16.70000000000000284, -14.25000000000000178, 1.099999999999999867 ) ) ;
#5330 = CARTESIAN_POINT ( 'NONE',  ( -11.06058176269505111, 13.97961060451951099, 1.209999999999999964 ) ) ;
#5331 = ORIENTED_EDGE ( 'NONE', *, *, #1392, .F. ) ;
#5332 = FACE_OUTER_BOUND ( 'NONE', #3648, .T. ) ;
#5333 = AXIS2_PLACEMENT_3D ( 'NONE', #5150, #5037, #8452 ) ;
#5334 = CIRCLE ( 'NONE', #8725, 1.500000000000003109 ) ;
#5335 = ORIENTED_EDGE ( 'NONE', *, *, #7669, .T. ) ;
#5336 = CARTESIAN_POINT ( 'NONE',  ( -17.69999999999999574, 16.75000000000000000, 0.0000000000000000000 ) ) ;
#5337 = ORIENTED_EDGE ( 'NONE', *, *, #1654, .T. ) ;
#5338 = CARTESIAN_POINT ( 'NONE',  ( -5.217746814403468214, 13.90209452668815793, 1.209999999999999964 ) ) ;
#5339 = EDGE_LOOP ( 'NONE', ( #9850, #4879 ) ) ;
#5340 = CARTESIAN_POINT ( 'NONE',  ( -7.222400077060778578, 13.72256299313872141, 1.199999999999999956 ) ) ;
#5341 = VECTOR ( 'NONE', #2569, 1000.000000000000000 ) ;
#5342 = APPROVAL ( #10332, '未指定' ) ;
#5343 = CARTESIAN_POINT ( 'NONE',  ( -12.10651261144982982, 13.90249108650084864, 1.199999999999999956 ) ) ;
#5344 = DIRECTION ( 'NONE',  ( -0.4673073067545548964, 0.8840949502478816502, 0.0000000000000000000 ) ) ;
#5345 = ORIENTED_EDGE ( 'NONE', *, *, #9112, .T. ) ;
#5346 = CARTESIAN_POINT ( 'NONE',  ( -7.726162787517545816, 13.63903577386402866, 1.199999999999999956 ) ) ;
#5347 = LINE ( 'NONE', #8804, #2331 ) ;
#5348 = AXIS2_PLACEMENT_3D ( 'NONE', #8443, #1491, #753 ) ;
#5349 = AXIS2_PLACEMENT_3D ( 'NONE', #7947, #2798, #1057 ) ;
#5350 = DIRECTION ( 'NONE',  ( 1.000000000000000000, 0.0000000000000000000, 0.0000000000000000000 ) ) ;
#5351 = EDGE_CURVE ( 'NONE', #2438, #10692, #963, .T. ) ;
#5352 = CARTESIAN_POINT ( 'NONE',  ( -7.429485195393575658, 13.72776178271899816, 1.209999999999999964 ) ) ;
#5353 = CARTESIAN_POINT ( 'NONE',  ( -7.485632122875391481, 13.58704787804734160, 1.199999999999999956 ) ) ;
#5354 = VERTEX_POINT ( 'NONE', #5410 ) ;
#5355 = CARTESIAN_POINT ( 'NONE',  ( -7.386508534852937125, 13.38914728797413289, 1.199999999999999956 ) ) ;
#5356 = DIRECTION ( 'NONE',  ( -0.2524218971878725015, 0.9676172723861822256, -0.0000000000000000000 ) ) ;
#5357 = ORIENTED_EDGE ( 'NONE', *, *, #3809, .F. ) ;
#5358 = VERTEX_POINT ( 'NONE', #277 ) ;
#5359 = CARTESIAN_POINT ( 'NONE',  ( -6.769065625545668041, 14.48401237385580131, 1.209999999999999964 ) ) ;
#5360 = DIRECTION ( 'NONE',  ( 0.0000000000000000000, 0.0000000000000000000, -1.000000000000000000 ) ) ;
#5361 = B_SPLINE_CURVE_WITH_KNOTS ( 'NONE', 3,
 ( #4749, #9069, #1382, #2070 ),
 .UNSPECIFIED., .F., .F.,
 ( 4, 4 ),
 ( 11.00000000000000000, 12.00000000000000000 ),
 .UNSPECIFIED. ) ;
#5362 = ORIENTED_EDGE ( 'NONE', *, *, #10564, .F. ) ;
#5363 = ORIENTED_EDGE ( 'NONE', *, *, #7353, .T. ) ;
#5364 = VECTOR ( 'NONE', #8939, 1000.000000000000000 ) ;
#5365 = ADVANCED_FACE ( 'NONE', ( #8870 ), #1169, .T. ) ;
#5366 = B_SPLINE_CURVE_WITH_KNOTS ( 'NONE', 3,
 ( #6511, #10655, #9833, #1250 ),
 .UNSPECIFIED., .F., .F.,
 ( 4, 4 ),
 ( 1.000000000000000000, 2.000000000000000000 ),
 .UNSPECIFIED. ) ;
#5367 = DIRECTION ( 'NONE',  ( 0.0000000000000000000, 0.0000000000000000000, -1.000000000000000000 ) ) ;
#5368 = CARTESIAN_POINT ( 'NONE',  ( -6.061337070508429292, 14.99799937048959464, 1.209999999999999964 ) ) ;
#5369 = CARTESIAN_POINT ( 'NONE',  ( -5.516503922360016077, 13.33126743063374597, 1.209999999999999964 ) ) ;
#5370 = CARTESIAN_POINT ( 'NONE',  ( 17.44999999999999929, -14.25000000000000178, 1.199999999999999956 ) ) ;
#5371 = VECTOR ( 'NONE', #538, 1000.000000000000000 ) ;
#5372 = VERTEX_POINT ( 'NONE', #8020 ) ;
#5373 = APPROVAL_ROLE ( '' ) ;
#5374 = VERTEX_POINT ( 'NONE', #3567 ) ;
#5375 = CARTESIAN_POINT ( 'NONE',  ( -9.031379932137193478, 13.83501179552870219, 1.199999999999999956 ) ) ;
#5376 = CARTESIAN_POINT ( 'NONE',  ( -6.598718620255776379, 14.00918959207152348, 1.209999999999999964 ) ) ;
#5377 = CARTESIAN_POINT ( 'NONE',  ( -6.106046660905298573, 14.00918959207152348, 1.209999999999999964 ) ) ;
#5378 = EDGE_CURVE ( 'NONE', #6525, #9404, #10374, .T. ) ;
#5379 = EDGE_CURVE ( 'NONE', #7635, #5003, #6129, .T. ) ;
#5380 = VECTOR ( 'NONE', #8953, 1000.000000000000227 ) ;
#5381 = DIRECTION ( 'NONE',  ( -0.0000000000000000000, 0.0000000000000000000, 1.000000000000000000 ) ) ;
#5382 = VERTEX_POINT ( 'NONE', #8180 ) ;
#5383 = EDGE_CURVE ( 'NONE', #8350, #8469, #5615, .T. ) ;
#5384 = CARTESIAN_POINT ( 'NONE',  ( -7.337120033828714583, 13.82653878477206355, 1.199999999999999956 ) ) ;
#5385 = ORIENTED_EDGE ( 'NONE', *, *, #4133, .T. ) ;
#5386 = DIRECTION ( 'NONE',  ( -1.000000000000000000, 0.0000000000000000000, 0.0000000000000000000 ) ) ;
#5387 = FACE_OUTER_BOUND ( 'NONE', #5868, .T. ) ;
#5388 = DIRECTION ( 'NONE',  ( 0.0000000000000000000, 0.0000000000000000000, 1.000000000000000000 ) ) ;
#5389 = VERTEX_POINT ( 'NONE', #5670 ) ;
#5390 = CIRCLE ( 'NONE', #521, 2.249999999999998668 ) ;
#5391 = CARTESIAN_POINT ( 'NONE',  ( 3.809999999999999609, 14.75000000000000355, 2.000000000000000000 ) ) ;
#5392 = VERTEX_POINT ( 'NONE', #1460 ) ;
#5393 = CARTESIAN_POINT ( 'NONE',  ( 17.44999999999999929, 14.25000000000000178, 1.199999999999999956 ) ) ;
#5394 = PLANE ( 'NONE',  #7419 ) ;
#5395 = EDGE_CURVE ( 'NONE', #4842, #3287, #8037, .T. ) ;
#5396 = CARTESIAN_POINT ( 'NONE',  ( -7.758395282923619796, 14.47326820871890973, 1.199999999999999956 ) ) ;
#5397 = PLANE ( 'NONE',  #11032 ) ;
#5398 = CARTESIAN_POINT ( 'NONE',  ( -6.569432105613887352, 14.94289220092290549, 1.199999999999999956 ) ) ;
#5399 = LINE ( 'NONE', #6116, #5191 ) ;
#5400 = VERTEX_POINT ( 'NONE', #2147 ) ;
#5401 = FACE_OUTER_BOUND ( 'NONE', #3781, .T. ) ;
#5402 = VERTEX_POINT ( 'NONE', #5520 ) ;
#5403 = CARTESIAN_POINT ( 'NONE',  ( -7.021553506225692409, 13.19852500331605683, 1.209999999999999964 ) ) ;
#5404 = ORIENTED_EDGE ( 'NONE', *, *, #4787, .F. ) ;
#5405 = AXIS2_PLACEMENT_3D ( 'NONE', #7254, #2065, #374 ) ;
#5406 = ADVANCED_FACE ( 'NONE', ( #5568 ), #609, .F. ) ;
#5407 = EDGE_CURVE ( 'NONE', #3153, #8717, #3037, .T. ) ;
#5408 = CARTESIAN_POINT ( 'NONE',  ( -3.810000000000000053, 14.75000000000000178, -7.100000000000000533 ) ) ;
#5409 = CYLINDRICAL_SURFACE ( 'NONE', #2754, 1.500000000000003109 ) ;
#5410 = CARTESIAN_POINT ( 'NONE',  ( -6.778250153805251088, 13.81544803366346308, 1.209999999999999964 ) ) ;
#5411 = EDGE_LOOP ( 'NONE', ( #9890, #977 ) ) ;
#5412 = CARTESIAN_POINT ( 'NONE',  ( -11.51847783794516999, 13.33855623707175120, 1.199999999999999956 ) ) ;
#5413 = CARTESIAN_POINT ( 'NONE',  ( -6.910472702165365355, 13.45083959100794679, 1.199999999999999956 ) ) ;
#5414 = ORIENTED_EDGE ( 'NONE', *, *, #8105, .F. ) ;
#5415 = VERTEX_POINT ( 'NONE', #4667 ) ;
#5416 = VERTEX_POINT ( 'NONE', #3985 ) ;
#5417 = B_SPLINE_SURFACE_WITH_KNOTS ( 'NONE', 3, 1, ( 
 ( #4758, #9078 ),
 ( #3029, #6434 ),
 ( #8171, #7327 ),
 ( #3083, #5511 ) ),
 .UNSPECIFIED., .F., .F., .F.,
 ( 4, 4 ),
 ( 2, 2 ),
 ( 20.00000000000000000, 21.00000000000000000 ),
 ( 0.0000000000000000000, 1.000000000000000000 ),
 .UNSPECIFIED. ) ;
#5418 = FACE_OUTER_BOUND ( 'NONE', #2606, .T. ) ;
#5419 = CARTESIAN_POINT ( 'NONE',  ( -12.95000000000000107, -14.25000000000000178, 1.099999999999999867 ) ) ;
#5420 = CARTESIAN_POINT ( 'NONE',  ( -11.06058176269505111, 13.97961060451951099, 1.209999999999999964 ) ) ;
#5421 = DIRECTION ( 'NONE',  ( 0.0000000000000000000, -1.000000000000000000, 0.0000000000000000000 ) ) ;
#5422 = CARTESIAN_POINT ( 'NONE',  ( -8.146224985709171307, 13.71424492980840348, 1.199999999999999956 ) ) ;
#5423 = ORIENTED_EDGE ( 'NONE', *, *, #10831, .F. ) ;
#5424 = PERSON_AND_ORGANIZATION_ROLE ( 'creator' ) ;
#5425 = VERTEX_POINT ( 'NONE', #10750 ) ;
#5426 = LINE ( 'NONE', #3058, #7728 ) ;
#5427 = LINE ( 'NONE', #1254, #4789 ) ;
#5428 = EDGE_CURVE ( 'NONE', #7266, #2487, #3154, .T. ) ;
#5429 = ADVANCED_FACE ( 'NONE', ( #3936 ), #9030, .T. ) ;
#5430 = FACE_OUTER_BOUND ( 'NONE', #4455, .T. ) ;
#5431 = B_SPLINE_CURVE_WITH_KNOTS ( 'NONE', 3,
 ( #6949, #9552, #2701, #7951 ),
 .UNSPECIFIED., .F., .F.,
 ( 4, 4 ),
 ( 21.00000000000000000, 22.00000000000000000 ),
 .UNSPECIFIED. ) ;
#5432 = VECTOR ( 'NONE', #1480, 1000.000000000000000 ) ;
#5433 = CARTESIAN_POINT ( 'NONE',  ( -7.738293296541288058, 13.45499862267307911, 1.199999999999999956 ) ) ;
#5434 = ORIENTED_EDGE ( 'NONE', *, *, #9498, .T. ) ;
#5435 = EDGE_CURVE ( 'NONE', #517, #3227, #7332, .T. ) ;
#5436 = CARTESIAN_POINT ( 'NONE',  ( -11.32567941063441452, 14.87612239286012894, 1.199999999999999956 ) ) ;
#5437 = ORIENTED_EDGE ( 'NONE', *, *, #3123, .F. ) ;
#5438 = CARTESIAN_POINT ( 'NONE',  ( -8.090944523158912105, 14.73286110182594477, 1.199999999999999956 ) ) ;
#5439 = CARTESIAN_POINT ( 'NONE',  ( -7.726162787517545816, 13.71805737550183935, 1.209999999999999964 ) ) ;
#5440 = ORIENTED_EDGE ( 'NONE', *, *, #4888, .T. ) ;
#5441 = FACE_BOUND ( 'NONE', #10699, .T. ) ;
#5442 = ORIENTED_EDGE ( 'NONE', *, *, #10541, .T. ) ;
#5443 = CARTESIAN_POINT ( 'NONE',  ( -7.632931161021100586, 14.48851799149266206, 1.199999999999999956 ) ) ;
#5444 = CARTESIAN_POINT ( 'NONE',  ( -11.51847783794516999, 13.33855623707175120, 1.209999999999999964 ) ) ;
#5445 = EDGE_CURVE ( 'NONE', #5284, #5810, #9163, .T. ) ;
#5446 = DIRECTION ( 'NONE',  ( -0.7071067811865474617, 0.7071067811865474617, -0.0000000000000000000 ) ) ;
#5447 = DIRECTION ( 'NONE',  ( -0.0000000000000000000, 0.0000000000000000000, 1.000000000000000000 ) ) ;
#5448 = EDGE_CURVE ( 'NONE', #9256, #8811, #8125, .T. ) ;
#5450 = FACE_OUTER_BOUND ( 'NONE', #10445, .T. ) ;
#5449 = VECTOR ( 'NONE', #9758, 1000.000000000000000 ) ;
#5451 = ORIENTED_EDGE ( 'NONE', *, *, #9674, .F. ) ;
#5452 = DIRECTION ( 'NONE',  ( 0.0000000000000000000, 0.0000000000000000000, 1.000000000000000000 ) ) ;
#5453 = EDGE_CURVE ( 'NONE', #9354, #10047, #437, .T. ) ;
#5454 = ORIENTED_EDGE ( 'NONE', *, *, #628, .F. ) ;
#5455 = LINE ( 'NONE', #3661, #10553 ) ;
#5456 = ORIENTED_EDGE ( 'NONE', *, *, #8793, .F. ) ;
#5457 = AXIS2_PLACEMENT_3D ( 'NONE', #9366, #1675, #5096 ) ;
#5458 = DIRECTION ( 'NONE',  ( 1.000000000000000000, 0.0000000000000000000, 0.0000000000000000000 ) ) ;
#5459 = ADVANCED_FACE ( 'NONE', ( #8235 ), #389, .F. ) ;
#5460 = LINE ( 'NONE', #1116, #5449 ) ;
#5461 = DIRECTION ( 'NONE',  ( 1.000000000000000000, -0.0000000000000000000, -0.0000000000000000000 ) ) ;
#5462 = CARTESIAN_POINT ( 'NONE',  ( -7.583369367008716999, 15.06835632282541937, 1.209999999999999964 ) ) ;
#5463 = ORIENTED_EDGE ( 'NONE', *, *, #1359, .F. ) ;
#5464 = CARTESIAN_POINT ( 'NONE',  ( 16.99999999999999645, -11.50000000000000000, 2.700000000000000178 ) ) ;
#5465 = VERTEX_POINT ( 'NONE', #6492 ) ;
#5467 = CARTESIAN_POINT ( 'NONE',  ( -9.951991690522369538, 15.17495976098318167, 1.209999999999999964 ) ) ;
#5466 = CIRCLE ( 'NONE', #3520, 1.000000000000000888 ) ;
#5468 = ORIENTED_EDGE ( 'NONE', *, *, #1942, .F. ) ;
#5469 = VECTOR ( 'NONE', #9385, 1000.000000000000000 ) ;
#5470 = ORIENTED_EDGE ( 'NONE', *, *, #4458, .F. ) ;
#5471 = ORIENTED_EDGE ( 'NONE', *, *, #5525, .F. ) ;
#5472 = EDGE_LOOP ( 'NONE', ( #4080, #6361, #7016, #9057 ) ) ;
#5473 = CARTESIAN_POINT ( 'NONE',  ( -7.438149844697894864, 13.69241001356753173, 1.209999999999999964 ) ) ;
#5474 = VECTOR ( 'NONE', #1111, 1000.000000000000000 ) ;
#5475 = LINE ( 'NONE', #2720, #10506 ) ;
#5476 = FACE_OUTER_BOUND ( 'NONE', #602, .T. ) ;
#5477 = CARTESIAN_POINT ( 'NONE',  ( -8.388661873198030250, 13.71424492980840348, 1.209999999999999964 ) ) ;
#5478 = CARTESIAN_POINT ( 'NONE',  ( 14.11000000000003496, 6.490000000000215152, 0.0000000000000000000 ) ) ;
#5479 = CARTESIAN_POINT ( 'NONE',  ( -9.903792302035922646, 13.62293360363234029, 1.199999999999999956 ) ) ;
#5480 = DIRECTION ( 'NONE',  ( 0.0000000000000000000, 0.0000000000000000000, 1.000000000000000000 ) ) ;
#5481 = ORIENTED_EDGE ( 'NONE', *, *, #9204, .F. ) ;
#5482 = B_SPLINE_CURVE_WITH_KNOTS ( 'NONE', 3,
 ( #9943, #5646, #10726, #2227 ),
 .UNSPECIFIED., .F., .F.,
 ( 4, 4 ),
 ( 18.00000000000000000, 19.00000000000000000 ),
 .UNSPECIFIED. ) ;
#5483 = ORIENTED_EDGE ( 'NONE', *, *, #2782, .F. ) ;
#5484 = DIRECTION ( 'NONE',  ( 0.0000000000000000000, 0.0000000000000000000, -1.000000000000000000 ) ) ;
#5485 = ORIENTED_EDGE ( 'NONE', *, *, #10514, .F. ) ;
#5486 = DIRECTION ( 'NONE',  ( -0.0000000000000000000, -0.0000000000000000000, -1.000000000000000000 ) ) ;
#5487 = CARTESIAN_POINT ( 'NONE',  ( -7.337120033828714583, 13.60576352053820592, 1.199999999999999956 ) ) ;
#5488 = DIRECTION ( 'NONE',  ( -0.0000000000000000000, -0.0000000000000000000, 1.000000000000000000 ) ) ;
#5489 = LINE ( 'NONE', #2169, #117 ) ;
#5490 = VECTOR ( 'NONE', #1024, 1000.000000000000000 ) ;
#5491 = ADVANCED_FACE ( 'NONE', ( #552 ), #498, .F. ) ;
#5492 = DIRECTION ( 'NONE',  ( -0.3559357243643091473, 0.9345104387438668558, -0.0000000000000000000 ) ) ;
#5493 = ORIENTED_EDGE ( 'NONE', *, *, #4009, .T. ) ;
#5494 = PLANE ( 'NONE',  #3689 ) ;
#5495 = DIRECTION ( 'NONE',  ( -0.7071067811865474617, -0.7071067811865474617, -0.0000000000000000000 ) ) ;
#5496 = ORIENTED_EDGE ( 'NONE', *, *, #9425, .T. ) ;
#5497 = DIRECTION ( 'NONE',  ( 1.000000000000000000, -0.0000000000000000000, -0.0000000000000000000 ) ) ;
#5498 = ORIENTED_EDGE ( 'NONE', *, *, #3374, .T. ) ;
#5499 = DIRECTION ( 'NONE',  ( -0.0000000000000000000, -0.0000000000000000000, -1.000000000000000000 ) ) ;
#5500 = CARTESIAN_POINT ( 'NONE',  ( -7.345438097158998758, 13.75756817632308326, 1.209999999999999964 ) ) ;
#5501 = LINE ( 'NONE', #4804, #3164 ) ;
#5502 = DIRECTION ( 'NONE',  ( 1.000000000000000000, 0.0000000000000000000, 0.0000000000000000000 ) ) ;
#5503 = ORIENTED_EDGE ( 'NONE', *, *, #4964, .F. ) ;
#5504 = VECTOR ( 'NONE', #11102, 1000.000000000000000 ) ;
#5505 = CARTESIAN_POINT ( 'NONE',  ( -7.517691325295590588, 13.62933136664225131, 1.209999999999999964 ) ) ;
#5506 = ORIENTED_EDGE ( 'NONE', *, *, #5765, .F. ) ;
#5507 = VECTOR ( 'NONE', #6035, 1000.000000000000000 ) ;
#5508 = CARTESIAN_POINT ( 'NONE',  ( -7.517691325295590588, 13.62933136664225131, 1.199999999999999956 ) ) ;
#5509 = CARTESIAN_POINT ( 'NONE',  ( -6.107259711810919534, 15.08464586351430547, 1.209999999999999964 ) ) ;
#5510 = B_SPLINE_SURFACE_WITH_KNOTS ( 'NONE', 3, 1, ( 
 ( #4331, #8533 ),
 ( #2592, #5231 ),
 ( #1635, #6069 ),
 ( #4160, #898 ) ),
 .UNSPECIFIED., .F., .F., .F.,
 ( 4, 4 ),
 ( 2, 2 ),
 ( 3.000000000000000000, 4.000000000000000000 ),
 ( 0.0000000000000000000, 1.000000000000000000 ),
 .UNSPECIFIED. ) ;
#5511 = CARTESIAN_POINT ( 'NONE',  ( -10.41952757911408867, 14.97734151318745610, 1.199999999999999956 ) ) ;
#5512 = ORIENTED_EDGE ( 'NONE', *, *, #5641, .F. ) ;
#5513 = AXIS2_PLACEMENT_3D ( 'NONE', #3325, #6723, #110 ) ;
#5514 = EDGE_CURVE ( 'NONE', #250, #6529, #6551, .T. ) ;
#5515 = CARTESIAN_POINT ( 'NONE',  ( -11.25338014403910769, 13.38193555800165946, 1.199999999999999956 ) ) ;
#5516 = EDGE_CURVE ( 'NONE', #5271, #8525, #2309, .T. ) ;
#5517 = ORIENTED_EDGE ( 'NONE', *, *, #2349, .T. ) ;
#5518 = CARTESIAN_POINT ( 'NONE',  ( -9.561575044146806590, 14.77972324815364047, 1.199999999999999956 ) ) ;
#5519 = CARTESIAN_POINT ( 'NONE',  ( -7.394826598183222188, 13.31983009355342240, 1.209999999999999964 ) ) ;
#5520 = CARTESIAN_POINT ( 'NONE',  ( -6.598718620255776379, 13.33126743063374597, 1.199999999999999956 ) ) ;
#5521 = DIRECTION ( 'NONE',  ( 1.000000000000000000, -0.0000000000000000000, -0.0000000000000000000 ) ) ;
#5522 = CARTESIAN_POINT ( 'NONE',  ( -9.479635918243198844, 13.63739343856610553, 1.209999999999999964 ) ) ;
#5523 = AXIS2_PLACEMENT_3D ( 'NONE', #307, #5637, #8143 ) ;
#5524 = EDGE_CURVE ( 'NONE', #1492, #3344, #2219, .T. ) ;
#5525 = EDGE_CURVE ( 'NONE', #4886, #3208, #9815, .T. ) ;
#5526 = VERTEX_POINT ( 'NONE', #836 ) ;
#5527 = DIRECTION ( 'NONE',  ( 1.000000000000000000, 0.0000000000000000000, 0.0000000000000000000 ) ) ;
#5528 = CARTESIAN_POINT ( 'NONE',  ( -7.526182681611753189, 13.43593639420589092, 1.209999999999999964 ) ) ;
#5529 = ADVANCED_FACE ( 'NONE', ( #11094 ), #6661, .F. ) ;
#5530 = AXIS2_PLACEMENT_3D ( 'NONE', #10161, #1718, #9470 ) ;
#5531 = CARTESIAN_POINT ( 'NONE',  ( -5.912651688473564704, 14.00918959207152348, 1.199999999999999956 ) ) ;
#5532 = LINE ( 'NONE', #10551, #1298 ) ;
#5533 = EDGE_CURVE ( 'NONE', #633, #4505, #721, .T. ) ;
#5534 = CARTESIAN_POINT ( 'NONE',  ( -8.030291978040246192, 13.46089058420139750, 1.199999999999999956 ) ) ;
#5535 = CARTESIAN_POINT ( 'NONE',  ( -7.438149844697894864, 13.67300119912862044, 1.199999999999999956 ) ) ;
#5536 = CARTESIAN_POINT ( 'NONE',  ( -7.438149844697894864, 13.69241001356753173, 1.199999999999999956 ) ) ;
#5537 = ORIENTED_EDGE ( 'NONE', *, *, #1680, .F. ) ;
#5538 = ORIENTED_EDGE ( 'NONE', *, *, #8142, .F. ) ;
#5539 = FACE_OUTER_BOUND ( 'NONE', #8836, .T. ) ;
#5540 = CARTESIAN_POINT ( 'NONE',  ( -7.726162787517545816, 13.63903577386402866, 1.209999999999999964 ) ) ;
#5541 = VECTOR ( 'NONE', #14, 1000.000000000000114 ) ;
#5542 = EDGE_LOOP ( 'NONE', ( #2900, #10859, #8659, #5274 ) ) ;
#5543 = LINE ( 'NONE', #8863, #9272 ) ;
#5544 = VECTOR ( 'NONE', #8652, 1000.000000000000114 ) ;
#5545 = CARTESIAN_POINT ( 'NONE',  ( -5.099387704925637976, 13.59328642554276456, 1.199999999999999956 ) ) ;
#5546 = VERTEX_POINT ( 'NONE', #3378 ) ;
#5547 = CARTESIAN_POINT ( 'NONE',  ( 3.039999999999993374, 16.01999999999999957, -2.500000000000000000 ) ) ;
#5548 = CARTESIAN_POINT ( 'NONE',  ( -10.42434746280384950, 15.26653894730228700, 1.199999999999999956 ) ) ;
#5549 = FACE_OUTER_BOUND ( 'NONE', #4806, .T. ) ;
#5550 = ORIENTED_EDGE ( 'NONE', *, *, #4459, .F. ) ;
#5551 = CARTESIAN_POINT ( 'NONE',  ( -0.5000000000000143219, 16.01999999999999957, -2.500000000000000000 ) ) ;
#5552 = VECTOR ( 'NONE', #27, 1000.000000000000000 ) ;
#5553 = PLANE ( 'NONE',  #3341 ) ;
#5554 = CARTESIAN_POINT ( 'NONE',  ( -7.738293296541288058, 13.45499862267307911, 1.209999999999999964 ) ) ;
#5555 = DIRECTION ( 'NONE',  ( -1.000000000000000000, 0.0000000000000000000, 0.0000000000000000000 ) ) ;
#5556 = EDGE_LOOP ( 'NONE', ( #253, #3142 ) ) ;
#5557 = VECTOR ( 'NONE', #10124, 999.9999999999998863 ) ;
#5558 = DIRECTION ( 'NONE',  ( 0.0000000000000000000, -1.000000000000000000, 0.0000000000000000000 ) ) ;
#5559 = CARTESIAN_POINT ( 'NONE',  ( -7.308180105158522011, 13.50074797098971935, 1.209999999999999964 ) ) ;
#5560 = DIRECTION ( 'NONE',  ( -0.0000000000000000000, -1.000000000000000000, -0.0000000000000000000 ) ) ;
#5561 = DIRECTION ( 'NONE',  ( 1.000000000000000000, 0.0000000000000000000, 0.0000000000000000000 ) ) ;
#5562 = CARTESIAN_POINT ( 'NONE',  ( 6.490000000000034852, 6.490000000000215152, 0.0000000000000000000 ) ) ;
#5563 = EDGE_LOOP ( 'NONE', ( #8011, #1826, #6062, #6123 ) ) ;
#5564 = ADVANCED_FACE ( 'NONE', ( #3496 ), #290, .T. ) ;
#5565 = DIRECTION ( 'NONE',  ( 0.0000000000000000000, -0.0000000000000000000, 1.000000000000000000 ) ) ;
#5566 = ORIENTED_EDGE ( 'NONE', *, *, #5838, .T. ) ;
#5567 = DIRECTION ( 'NONE',  ( 0.0000000000000000000, 0.0000000000000000000, 1.000000000000000000 ) ) ;
#5568 = FACE_OUTER_BOUND ( 'NONE', #5981, .T. ) ;
#5569 = CARTESIAN_POINT ( 'NONE',  ( -7.319790735222381883, 13.38914728797413289, 1.199999999999999956 ) ) ;
#5570 = CARTESIAN_POINT ( 'NONE',  ( -6.768545746588096712, 14.40672370207652264, 1.209999999999999964 ) ) ;
#5571 = EDGE_LOOP ( 'NONE', ( #7417, #6466, #678, #2978 ) ) ;
#5572 = EDGE_CURVE ( 'NONE', #1963, #10061, #4232, .T. ) ;
#5573 = EDGE_LOOP ( 'NONE', ( #1647, #22, #8340, #8801 ) ) ;
#5574 = DIRECTION ( 'NONE',  ( -0.7071067811865574537, 0.7071067811865376918, -0.0000000000000000000 ) ) ;
#5575 = EDGE_LOOP ( 'NONE', ( #256, #9191, #8272, #10891 ) ) ;
#5576 = FACE_OUTER_BOUND ( 'NONE', #369, .T. ) ;
#5577 = CARTESIAN_POINT ( 'NONE',  ( -7.583369367008716999, 14.43479716581743411, 1.209999999999999964 ) ) ;
#5578 = LINE ( 'NONE', #8983, #1364 ) ;
#5579 = LINE ( 'NONE', #349, #7560 ) ;
#5580 = CARTESIAN_POINT ( 'NONE',  ( -11.26783997897056544, 13.97961060451951099, 1.199999999999999956 ) ) ;
#5581 = DIRECTION ( 'NONE',  ( 0.0000000000000000000, 0.0000000000000000000, -1.000000000000000000 ) ) ;
#5582 = EDGE_CURVE ( 'NONE', #1456, #10170, #2468, .T. ) ;
#5583 = ORIENTED_EDGE ( 'NONE', *, *, #1890, .F. ) ;
#5584 = ADVANCED_FACE ( 'NONE', ( #42 ), #1572, .F. ) ;
#5585 = ORIENTED_EDGE ( 'NONE', *, *, #7217, .T. ) ;
#5586 = CARTESIAN_POINT ( 'NONE',  ( -6.054058765093263794, 14.95987491355521470, 1.199999999999999956 ) ) ;
#5587 = DIRECTION ( 'NONE',  ( -0.0000000000000000000, -0.0000000000000000000, -1.000000000000000000 ) ) ;
#5588 = LINE ( 'NONE', #5691, #3710 ) ;
#5589 = ORIENTED_EDGE ( 'NONE', *, *, #1468, .F. ) ;
#5590 = EDGE_CURVE ( 'NONE', #4642, #3227, #9200, .T. ) ;
#5591 = B_SPLINE_SURFACE_WITH_KNOTS ( 'NONE', 3, 1, ( 
 ( #1716, #6087 ),
 ( #5020, #5971 ),
 ( #8432, #742 ),
 ( #4179, #9406 ) ),
 .UNSPECIFIED., .F., .F., .F.,
 ( 4, 4 ),
 ( 2, 2 ),
 ( 16.00000000000000000, 17.00000000000000000 ),
 ( 0.0000000000000000000, 1.000000000000000000 ),
 .UNSPECIFIED. ) ;
#5592 = LINE ( 'NONE', #3065, #6090 ) ;
#5593 = ORIENTED_EDGE ( 'NONE', *, *, #9228, .T. ) ;
#5594 = CARTESIAN_POINT ( 'NONE',  ( -5.833976672807452246, 13.40855610241303886, 1.199999999999999956 ) ) ;
#5595 = EDGE_CURVE ( 'NONE', #2516, #9544, #8408, .T. ) ;
#5596 = EDGE_CURVE ( 'NONE', #92, #2614, #2530, .T. ) ;
#5597 = CARTESIAN_POINT ( 'NONE',  ( -7.726162787517545816, 13.33126743063374597, 1.199999999999999956 ) ) ;
#5598 = ORIENTED_EDGE ( 'NONE', *, *, #4184, .T. ) ;
#5599 = CARTESIAN_POINT ( 'NONE',  ( 0.0000000000000000000, 0.0000000000000000000, 0.0000000000000000000 ) ) ;
#5600 = VERTEX_POINT ( 'NONE', #9327 ) ;
#5601 = CARTESIAN_POINT ( 'NONE',  ( 17.44999999999999929, 14.25000000000000178, 1.099999999999999867 ) ) ;
#5602 = DIRECTION ( 'NONE',  ( -0.0000000000000000000, -0.0000000000000000000, 1.000000000000000000 ) ) ;
#5603 = DIRECTION ( 'NONE',  ( 1.000000000000000000, 0.0000000000000000000, 0.0000000000000000000 ) ) ;
#5604 = VERTEX_POINT ( 'NONE', #1631 ) ;
#5605 = CARTESIAN_POINT ( 'NONE',  ( -10.07249062140200735, 13.47833488657492751, 1.199999999999999956 ) ) ;
#5606 = ORIENTED_EDGE ( 'NONE', *, *, #8881, .F. ) ;
#5607 = CARTESIAN_POINT ( 'NONE',  ( -15.19999999999999929, 14.25000000000000178, 1.199999999999999956 ) ) ;
#5608 = CARTESIAN_POINT ( 'NONE',  ( -7.964032430152203190, -11.36787109524561856, 0.0000000000000000000 ) ) ;
#5609 = PLANE ( 'NONE',  #1767 ) ;
#5610 = VERTEX_POINT ( 'NONE', #5053 ) ;
#5611 = CARTESIAN_POINT ( 'NONE',  ( 0.0000000000000000000, 0.0000000000000000000, 1.199999999999999956 ) ) ;
#5612 = LINE ( 'NONE', #1164, #3726 ) ;
#5613 = VECTOR ( 'NONE', #184, 1000.000000000000000 ) ;
#5614 = CARTESIAN_POINT ( 'NONE',  ( -5.718563544093785644, 13.47925964072056537, 1.199999999999999956 ) ) ;
#5615 = LINE ( 'NONE', #8288, #9305 ) ;
#5616 = DIRECTION ( 'NONE',  ( 1.000000000000000000, -0.0000000000000000000, -0.0000000000000000000 ) ) ;
#5617 = DIRECTION ( 'NONE',  ( -1.000000000000000000, 0.0000000000000000000, 0.0000000000000000000 ) ) ;
#5618 = VERTEX_POINT ( 'NONE', #7674 ) ;
#5619 = ORIENTED_EDGE ( 'NONE', *, *, #8607, .T. ) ;
#5620 = FACE_OUTER_BOUND ( 'NONE', #5978, .T. ) ;
#5621 = VECTOR ( 'NONE', #2658, 1000.000000000000000 ) ;
#5622 = ORIENTED_EDGE ( 'NONE', *, *, #1239, .T. ) ;
#5623 = CARTESIAN_POINT ( 'NONE',  ( -10.83404382779832531, 15.19905954715865271, 1.209999999999999964 ) ) ;
#5624 = EDGE_CURVE ( 'NONE', #4426, #1341, #2361, .T. ) ;
#5625 = LINE ( 'NONE', #10706, #11048 ) ;
#5626 = CARTESIAN_POINT ( 'NONE',  ( 3.809999999999999609, 14.75000000000000355, 1.600000000000000089 ) ) ;
#5627 = CARTESIAN_POINT ( 'NONE',  ( 13.69999999999999751, 14.25000000000000178, -0.1339798481102603966 ) ) ;
#5628 = DIRECTION ( 'NONE',  ( 0.0000000000000000000, -1.000000000000000000, 0.0000000000000000000 ) ) ;
#5629 = VECTOR ( 'NONE', #2629, 1000.000000000000000 ) ;
#5630 = CARTESIAN_POINT ( 'NONE',  ( -11.51365772442191471, 13.66149340860838279, 1.199999999999999956 ) ) ;
#5631 = DIRECTION ( 'NONE',  ( -0.0000000000000000000, 0.0000000000000000000, -1.000000000000000000 ) ) ;
#5632 = ORIENTED_EDGE ( 'NONE', *, *, #1965, .T. ) ;
#5633 = VERTEX_POINT ( 'NONE', #10192 ) ;
#5634 = CARTESIAN_POINT ( 'NONE',  ( -6.061337070508430180, 14.99799937048959464, 1.199999999999999956 ) ) ;
#5635 = ADVANCED_FACE ( 'NONE', ( #10029 ), #3632, .F. ) ;
#5636 = ORIENTED_EDGE ( 'NONE', *, *, #9549, .T. ) ;
#5637 = DIRECTION ( 'NONE',  ( 0.0000000000000000000, -1.000000000000000000, 0.0000000000000000000 ) ) ;
#5638 = CARTESIAN_POINT ( 'NONE',  ( -9.325397249939477717, 13.42049554684446733, 1.209999999999999964 ) ) ;
#5639 = AXIS2_PLACEMENT_3D ( 'NONE', #3568, #6906, #8603 ) ;
#5640 = EDGE_CURVE ( 'NONE', #3849, #6260, #8344, .T. ) ;
#5641 = EDGE_CURVE ( 'NONE', #5142, #9150, #10362, .T. ) ;
#5642 = ORIENTED_EDGE ( 'NONE', *, *, #2018, .T. ) ;
#5644 = CARTESIAN_POINT ( 'NONE',  ( -7.879180494201104779, 13.55342903874982241, 1.199999999999999956 ) ) ;
#5643 = AXIS2_PLACEMENT_3D ( 'NONE', #1310, #1432, #7253 ) ;
#5645 = EDGE_LOOP ( 'NONE', ( #810, #6508, #2336, #7015, #443, #9304, #6555, #10053 ) ) ;
#5646 = CARTESIAN_POINT ( 'NONE',  ( -7.337120033828714583, 13.31983009355342240, 1.199999999999999956 ) ) ;
#5647 = PLANE ( 'NONE',  #7696 ) ;
#5648 = CARTESIAN_POINT ( 'NONE',  ( -7.397079407001651674, 13.54407121750439202, 1.199999999999999956 ) ) ;
#5649 = EDGE_CURVE ( 'NONE', #2194, #6164, #6085, .T. ) ;
#5650 = LINE ( 'NONE', #3288, #3375 ) ;
#5651 = EDGE_CURVE ( 'NONE', #3155, #9404, #9652, .T. ) ;
#5652 = VERTEX_POINT ( 'NONE', #1820 ) ;
#5653 = CYLINDRICAL_SURFACE ( 'NONE', #2796, 2.249999999999998668 ) ;
#5654 = ORIENTED_EDGE ( 'NONE', *, *, #7044, .T. ) ;
#5655 = CARTESIAN_POINT ( 'NONE',  ( -11.06540183025160751, 13.67595305967071084, 1.209999999999999964 ) ) ;
#5656 = CARTESIAN_POINT ( 'NONE',  ( -7.758915161881168032, 13.75756817632308326, 1.209999999999999964 ) ) ;
#5657 = FACE_OUTER_BOUND ( 'NONE', #10742, .T. ) ;
#5658 = ORIENTED_EDGE ( 'NONE', *, *, #10481, .F. ) ;
#5659 = CARTESIAN_POINT ( 'NONE',  ( 7.000000000000000000, -21.20000000000000284, 0.0000000000000000000 ) ) ;
#5660 = CARTESIAN_POINT ( 'NONE',  ( -7.434857277962015232, 13.81371510380489731, 1.199999999999999956 ) ) ;
#5661 = AXIS2_PLACEMENT_3D ( 'NONE', #10731, #475, #4132 ) ;
#5662 = DIRECTION ( 'NONE',  ( 1.000000000000000000, 0.0000000000000000000, 0.0000000000000000000 ) ) ;
#5663 = CARTESIAN_POINT ( 'NONE',  ( -6.933520669311833196, 13.45153276295136813, 1.209999999999999964 ) ) ;
#5664 = ORIENTED_EDGE ( 'NONE', *, *, #9, .T. ) ;
#5665 = CARTESIAN_POINT ( 'NONE',  ( -5.718563544093785644, 13.47925964072056537, 1.209999999999999964 ) ) ;
#5666 = CARTESIAN_POINT ( 'NONE',  ( -12.95000000000000107, 14.25000000000000178, 1.099999999999999867 ) ) ;
#5667 = VECTOR ( 'NONE', #1147, 1000.000000000000000 ) ;
#5669 = CARTESIAN_POINT ( 'NONE',  ( -7.830138579148580469, 14.47326820871890973, 1.209999999999999964 ) ) ;
#5668 = CARTESIAN_POINT ( 'NONE',  ( -8.388661873198030250, 14.48401237385580131, 1.209999999999999964 ) ) ;
#5670 = CARTESIAN_POINT ( 'NONE',  ( -6.505313700773485586, 14.50168825843153186, 1.199999999999999956 ) ) ;
#5671 = ORIENTED_EDGE ( 'NONE', *, *, #8269, .F. ) ;
#5672 = CARTESIAN_POINT ( 'NONE',  ( -7.117731113486324368, 14.78970120125118903, 1.209999999999999964 ) ) ;
#5673 = CARTESIAN_POINT ( 'NONE',  ( -9.923072020657146552, 13.62775348731978298, 1.209999999999999964 ) ) ;
#5674 = VERTEX_POINT ( 'NONE', #7782 ) ;
#5675 = ORIENTED_EDGE ( 'NONE', *, *, #219, .T. ) ;
#5676 = CARTESIAN_POINT ( 'NONE',  ( -6.403070839003302872, 14.75434943209973504, 1.199999999999999956 ) ) ;
#5677 = VECTOR ( 'NONE', #8675, 1000.000000000000000 ) ;
#5678 = B_SPLINE_SURFACE_WITH_KNOTS ( 'NONE', 3, 1, ( 
 ( #5276, #7999 ),
 ( #3546, #5443 ),
 ( #4528, #3600 ),
 ( #259, #10520 ) ),
 .UNSPECIFIED., .F., .F., .F.,
 ( 4, 4 ),
 ( 2, 2 ),
 ( 12.00000000000000000, 13.00000000000000000 ),
 ( 0.0000000000000000000, 1.000000000000000000 ),
 .UNSPECIFIED. ) ;
#5679 = DIRECTION ( 'NONE',  ( -0.7071067811865474617, 0.7071067811865474617, -0.0000000000000000000 ) ) ;
#5680 = CARTESIAN_POINT ( 'NONE',  ( -17.44999999999999929, 14.25000000000000178, 1.099999999999999867 ) ) ;
#5681 = CARTESIAN_POINT ( 'NONE',  ( -6.765079886870985604, 15.00666401979160547, 1.199999999999999956 ) ) ;
#5682 = CARTESIAN_POINT ( 'NONE',  ( -11.00274233103350952, 15.07856061052913077, 1.199999999999999956 ) ) ;
#5683 = LINE ( 'NONE', #9103, #1039 ) ;
#5684 = AXIS2_PLACEMENT_3D ( 'NONE', #10597, #6344, #10436 ) ;
#5685 = CARTESIAN_POINT ( 'NONE',  ( -17.44999999999999929, 14.25000000000000178, 1.199999999999999956 ) ) ;
#5686 = CARTESIAN_POINT ( 'NONE',  ( -7.633277746992797930, 14.40845663193507775, 1.209999999999999964 ) ) ;
#5687 = VERTEX_POINT ( 'NONE', #949 ) ;
#5688 = CARTESIAN_POINT ( 'NONE',  ( -6.050766198357377945, 14.95051709230978787, 1.209999999999999964 ) ) ;
#5689 = ORIENTED_EDGE ( 'NONE', *, *, #8781, .T. ) ;
#5690 = ADVANCED_FACE ( 'NONE', ( #9503, #4376 ), #9697, .T. ) ;
#5691 = CARTESIAN_POINT ( 'NONE',  ( -5.554108500327592957, 13.67889316065234517, 1.209999999999999964 ) ) ;
#5692 = EDGE_CURVE ( 'NONE', #9235, #7763, #3554, .T. ) ;
#5693 = EDGE_LOOP ( 'NONE', ( #4143, #6987, #8697 ) ) ;
#5694 = ORIENTED_EDGE ( 'NONE', *, *, #9939, .F. ) ;
#5695 = AXIS2_PLACEMENT_3D ( 'NONE', #1128, #5421, #7974 ) ;
#5696 = CARTESIAN_POINT ( 'NONE',  ( 0.8700000000000001066, 14.75000000000000178, 1.199999999999999956 ) ) ;
#5697 = VERTEX_POINT ( 'NONE', #1109 ) ;
#5698 = FACE_OUTER_BOUND ( 'NONE', #9474, .T. ) ;
#5699 = ORIENTED_EDGE ( 'NONE', *, *, #7300, .F. ) ;
#5700 = DIRECTION ( 'NONE',  ( 0.3559357243643078150, 0.9345104387438672999, 0.0000000000000000000 ) ) ;
#5701 = ORIENTED_EDGE ( 'NONE', *, *, #3240, .F. ) ;
#5702 = FACE_OUTER_BOUND ( 'NONE', #7843, .T. ) ;
#5703 = EDGE_CURVE ( 'NONE', #6962, #6701, #5399, .T. ) ;
#5704 = EDGE_CURVE ( 'NONE', #2203, #5027, #6955, .T. ) ;
#5705 = PLANE ( 'NONE',  #5131 ) ;
#5706 = VECTOR ( 'NONE', #402, 1000.000000000000000 ) ;
#5707 = DIRECTION ( 'NONE',  ( -0.0000000000000000000, -0.0000000000000000000, -1.000000000000000000 ) ) ;
#5708 = DIRECTION ( 'NONE',  ( 1.000000000000000000, 0.0000000000000000000, 0.0000000000000000000 ) ) ;
#5709 = EDGE_CURVE ( 'NONE', #2354, #2502, #5431, .T. ) ;
#5710 = FACE_OUTER_BOUND ( 'NONE', #7085, .T. ) ;
#5711 = ORIENTED_EDGE ( 'NONE', *, *, #2587, .T. ) ;
#5712 = CARTESIAN_POINT ( 'NONE',  ( -6.505313700773485586, 14.99488009673958011, 1.209999999999999964 ) ) ;
#5713 = CARTESIAN_POINT ( 'NONE',  ( -7.386508534852937125, 13.38914728797413289, 1.199999999999999956 ) ) ;
#5714 = CARTESIAN_POINT ( 'NONE',  ( -9.653154305163530680, 14.90986208431521298, 1.199999999999999956 ) ) ;
#5715 = VECTOR ( 'NONE', #2452, 1000.000000000000000 ) ;
#5716 = FACE_OUTER_BOUND ( 'NONE', #5322, .T. ) ;
#5717 = EDGE_CURVE ( 'NONE', #6799, #3073, #8586, .T. ) ;
#5718 = CARTESIAN_POINT ( 'NONE',  ( -7.089311063773702237, 13.17599691512713633, 1.209999999999999964 ) ) ;
#5719 = ORIENTED_EDGE ( 'NONE', *, *, #2345, .T. ) ;
#5720 = B_SPLINE_CURVE_WITH_KNOTS ( 'NONE', 3,
 ( #10829, #8367, #2168, #4961 ),
 .UNSPECIFIED., .F., .F.,
 ( 4, 4 ),
 ( 3.000000000000000000, 4.000000000000000000 ),
 .UNSPECIFIED. ) ;
#5721 = DIRECTION ( 'NONE',  ( -0.0000000000000000000, 0.0000000000000000000, -1.000000000000000000 ) ) ;
#5722 = VERTEX_POINT ( 'NONE', #9604 ) ;
#5723 = DIRECTION ( 'NONE',  ( -0.0000000000000000000, -0.0000000000000000000, 1.000000000000000000 ) ) ;
#5724 = AXIS2_PLACEMENT_3D ( 'NONE', #5731, #4042, #5617 ) ;
#5725 = EDGE_CURVE ( 'NONE', #5271, #8338, #8694, .T. ) ;
#5727 = CARTESIAN_POINT ( 'NONE',  ( -8.058365441781164762, 14.92972193398403569, 1.199999999999999956 ) ) ;
#5726 = DIRECTION ( 'NONE',  ( 0.0000000000000000000, 1.000000000000000000, 0.0000000000000000000 ) ) ;
#5728 = CARTESIAN_POINT ( 'NONE',  ( -7.360168000972892699, 15.00666401979160547, 1.199999999999999956 ) ) ;
#5729 = VERTEX_POINT ( 'NONE', #4437 ) ;
#5730 = DIRECTION ( 'NONE',  ( -0.0000000000000000000, -0.0000000000000000000, -1.000000000000000000 ) ) ;
#5731 = CARTESIAN_POINT ( 'NONE',  ( -3.810000000000000053, 14.75000000000000178, 1.600000000000000089 ) ) ;
#5732 = ADVANCED_FACE ( 'NONE', ( #5450 ), #7048, .F. ) ;
#5733 = ADVANCED_FACE ( 'NONE', ( #328 ), #3607, .F. ) ;
#5734 = ORIENTED_EDGE ( 'NONE', *, *, #9661, .F. ) ;
#5735 = AXIS2_PLACEMENT_3D ( 'NONE', #839, #7553, #8591 ) ;
#5736 = ORIENTED_EDGE ( 'NONE', *, *, #10398, .T. ) ;
#5737 = CARTESIAN_POINT ( 'NONE',  ( -10.91598304563763655, 13.97961060451951099, 1.199999999999999956 ) ) ;
#5738 = CARTESIAN_POINT ( 'NONE',  ( -7.631891403103641558, 15.00389133201329628, 1.209999999999999964 ) ) ;
#5739 = DIRECTION ( 'NONE',  ( 0.0000000000000000000, 0.0000000000000000000, 1.000000000000000000 ) ) ;
#5740 = DIRECTION ( 'NONE',  ( -0.0000000000000000000, 1.000000000000000000, -0.0000000000000000000 ) ) ;
#5741 = DIRECTION ( 'NONE',  ( -0.0000000000000000000, -1.000000000000000000, -0.0000000000000000000 ) ) ;
#5742 = CARTESIAN_POINT ( 'NONE',  ( -10.87742351646410910, 13.59401374989802136, 1.209999999999999964 ) ) ;
#5743 = CARTESIAN_POINT ( 'NONE',  ( -8.030291978040246192, 13.46089058420139750, 1.209999999999999964 ) ) ;
#5744 = ORIENTED_EDGE ( 'NONE', *, *, #4679, .T. ) ;
#5745 = CARTESIAN_POINT ( 'NONE',  ( 14.70999999999999730, 8.599999999999999645, 2.600000000000000533 ) ) ;
#5746 = ORIENTED_EDGE ( 'NONE', *, *, #6588, .F. ) ;
#5747 = B_SPLINE_CURVE_WITH_KNOTS ( 'NONE', 3,
 ( #1811, #5218, #2693, #8846 ),
 .UNSPECIFIED., .F., .F.,
 ( 4, 4 ),
 ( 26.00000000000000000, 27.00000000000000000 ),
 .UNSPECIFIED. ) ;
#5748 = DIRECTION ( 'NONE',  ( 0.0000000000000000000, 0.0000000000000000000, 1.000000000000000000 ) ) ;
#5749 = VERTEX_POINT ( 'NONE', #3657 ) ;
#5750 = B_SPLINE_CURVE_WITH_KNOTS ( 'NONE', 3,
 ( #8899, #1206, #10673, #3014 ),
 .UNSPECIFIED., .F., .F.,
 ( 4, 4 ),
 ( 15.00000000000000000, 16.00000000000000000 ),
 .UNSPECIFIED. ) ;
#5751 = EDGE_LOOP ( 'NONE', ( #10593, #4205 ) ) ;
#5752 = CARTESIAN_POINT ( 'NONE',  ( -8.146224985709171307, 13.63660967205741414, 1.209999999999999964 ) ) ;
#5753 = EDGE_CURVE ( 'NONE', #7970, #10853, #10413, .T. ) ;
#5754 = ADVANCED_FACE ( 'NONE', ( #6168 ), #1921, .F. ) ;
#5755 = ORIENTED_EDGE ( 'NONE', *, *, #3151, .F. ) ;
#5756 = CARTESIAN_POINT ( 'NONE',  ( -11.90407441676186373, 13.56991414758934589, 1.199999999999999956 ) ) ;
#5757 = ORIENTED_EDGE ( 'NONE', *, *, #9313, .F. ) ;
#5758 = CARTESIAN_POINT ( 'NONE',  ( -7.199178816930749569, 13.49485600946601949, 1.199999999999999956 ) ) ;
#5759 = ORIENTED_EDGE ( 'NONE', *, *, #9112, .F. ) ;
#5760 = ORIENTED_EDGE ( 'NONE', *, *, #619, .F. ) ;
#5761 = CARTESIAN_POINT ( 'NONE',  ( -7.419607495190570390, 13.64735383719431283, 1.209999999999999964 ) ) ;
#5762 = ORIENTED_EDGE ( 'NONE', *, *, #5085, .F. ) ;
#5763 = CARTESIAN_POINT ( 'NONE',  ( -0.8699999999999996625, 14.75000000000000178, 1.199999999999999956 ) ) ;
#5764 = DIRECTION ( 'NONE',  ( -0.0000000000000000000, 1.000000000000000000, -0.0000000000000000000 ) ) ;
#5765 = EDGE_CURVE ( 'NONE', #10237, #2189, #1157, .T. ) ;
#5766 = CARTESIAN_POINT ( 'NONE',  ( -7.726162787517545816, 13.71805737550183935, 1.209999999999999964 ) ) ;
#5767 = ORIENTED_EDGE ( 'NONE', *, *, #3019, .T. ) ;
#5768 = CARTESIAN_POINT ( 'NONE',  ( -7.936020593626339270, 13.42588540101703565, 1.199999999999999956 ) ) ;
#5769 = VERTEX_POINT ( 'NONE', #380 ) ;
#5770 = DIRECTION ( 'NONE',  ( -0.0000000000000000000, -0.0000000000000000000, -1.000000000000000000 ) ) ;
#5771 = CARTESIAN_POINT ( 'NONE',  ( 3.809999999999999609, 14.75000000000000355, 1.600000000000000089 ) ) ;
#5772 = B_SPLINE_SURFACE_WITH_KNOTS ( 'NONE', 3, 1, ( 
 ( #2662, #964 ),
 ( #7856, #114 ),
 ( #9518, #5245 ),
 ( #8653, #2714 ) ),
 .UNSPECIFIED., .F., .F., .F.,
 ( 4, 4 ),
 ( 2, 2 ),
 ( 3.000000000000000000, 4.000000000000000000 ),
 ( 0.0000000000000000000, 1.000000000000000000 ),
 .UNSPECIFIED. ) ;
#5773 = ORIENTED_EDGE ( 'NONE', *, *, #7956, .T. ) ;
#5774 = DIRECTION ( 'NONE',  ( -1.000000000000000000, -5.102127870520020612E-17, -0.0000000000000000000 ) ) ;
#5775 = EDGE_CURVE ( 'NONE', #8654, #7542, #4808, .T. ) ;
#5776 = CARTESIAN_POINT ( 'NONE',  ( -1.269999999999999796, 14.75000000000000178, -7.100000000000000533 ) ) ;
#5777 = ORIENTED_EDGE ( 'NONE', *, *, #1138, .F. ) ;
#5778 = EDGE_CURVE ( 'NONE', #3402, #9972, #7211, .T. ) ;
#5780 = FACE_OUTER_BOUND ( 'NONE', #1549, .T. ) ;
#5779 = DIRECTION ( 'NONE',  ( -1.000000000000000000, 0.0000000000000000000, 0.0000000000000000000 ) ) ;
#5781 = CARTESIAN_POINT ( 'NONE',  ( -7.286345188915333893, 13.47336767919686551, 1.199999999999999956 ) ) ;
#5782 = ORIENTED_EDGE ( 'NONE', *, *, #9178, .F. ) ;
#5783 = CARTESIAN_POINT ( 'NONE',  ( -7.471248805033219753, 13.78806774186596584, 1.209999999999999964 ) ) ;
#5784 = LINE ( 'NONE', #9149, #3046 ) ;
#5785 = ORIENTED_EDGE ( 'NONE', *, *, #8657, .F. ) ;
#5786 = ORIENTED_EDGE ( 'NONE', *, *, #10615, .T. ) ;
#5787 = EDGE_CURVE ( 'NONE', #2561, #8741, #8504, .T. ) ;
#5788 = ORIENTED_EDGE ( 'NONE', *, *, #10339, .T. ) ;
#5789 = CARTESIAN_POINT ( 'NONE',  ( -11.06058176269505111, 13.97961060451951099, 1.209999999999999964 ) ) ;
#5790 = CIRCLE ( 'NONE', #10072, 0.9999999999999991118 ) ;
#5791 = LINE ( 'NONE', #4049, #8735 ) ;
#5792 = DIRECTION ( 'NONE',  ( -1.000000000000000000, 0.0000000000000000000, 0.0000000000000000000 ) ) ;
#5793 = CARTESIAN_POINT ( 'NONE',  ( -9.508555588106119671, 14.63512453110084621, 1.199999999999999956 ) ) ;
#5794 = CARTESIAN_POINT ( 'NONE',  ( -8.003951444160202655, 14.48782481954923895, 1.209999999999999964 ) ) ;
#5795 = CARTESIAN_POINT ( 'NONE',  ( -10.07249062140200735, 14.97734151318745610, 1.199999999999999956 ) ) ;
#5796 = CARTESIAN_POINT ( 'NONE',  ( -7.988701661386450326, 13.35795455048319980, 1.199999999999999956 ) ) ;
#5797 = VECTOR ( 'NONE', #4992, 999.9999999999998863 ) ;
#5798 = ORIENTED_EDGE ( 'NONE', *, *, #8904, .F. ) ;
#5799 = CARTESIAN_POINT ( 'NONE',  ( -6.955008999581013818, 14.40672370207652264, 1.209999999999999964 ) ) ;
#5800 = ORIENTED_EDGE ( 'NONE', *, *, #6843, .F. ) ;
#5801 = PLANE ( 'NONE',  #1355 ) ;
#5802 = CIRCLE ( 'NONE', #2050, 0.4000000000000001887 ) ;
#5803 = ORIENTED_EDGE ( 'NONE', *, *, #4560, .F. ) ;
#5804 = ORIENTED_EDGE ( 'NONE', *, *, #8039, .F. ) ;
#5805 = ORIENTED_EDGE ( 'NONE', *, *, #4820, .F. ) ;
#5806 = CARTESIAN_POINT ( 'NONE',  ( -11.90407441676186373, 13.56991414758934589, 1.209999999999999964 ) ) ;
#5807 = ORIENTED_EDGE ( 'NONE', *, *, #4390, .T. ) ;
#5808 = CARTESIAN_POINT ( 'NONE',  ( -7.869649379969819059, 13.61893378748169425, 1.209999999999999964 ) ) ;
#5809 = VECTOR ( 'NONE', #10539, 1000.000000000000000 ) ;
#5810 = VERTEX_POINT ( 'NONE', #9851 ) ;
#5811 = CARTESIAN_POINT ( 'NONE',  ( -11.80285515853674916, 13.90731124598849355, 1.199999999999999956 ) ) ;
#5812 = ORIENTED_EDGE ( 'NONE', *, *, #5624, .T. ) ;
#5813 = CARTESIAN_POINT ( 'NONE',  ( -6.365466261026480943, 14.40672370207652264, 1.209999999999999964 ) ) ;
#5814 = DIRECTION ( 'NONE',  ( 0.0000000000000000000, 0.0000000000000000000, 1.000000000000000000 ) ) ;
#5815 = EDGE_CURVE ( 'NONE', #8213, #7118, #8964, .T. ) ;
#5816 = CARTESIAN_POINT ( 'NONE',  ( -8.388661873198030250, 13.63660967205741414, 1.199999999999999956 ) ) ;
#5817 = AXIS2_PLACEMENT_3D ( 'NONE', #5607, #8275, #10855 ) ;
#5818 = CARTESIAN_POINT ( 'NONE',  ( -7.122410024109026239, 13.10563996279133470, 1.199999999999999956 ) ) ;
#5819 = DIRECTION ( 'NONE',  ( -1.000000000000000000, 0.0000000000000000000, 0.0000000000000000000 ) ) ;
#5820 = ORIENTED_EDGE ( 'NONE', *, *, #7621, .T. ) ;
#5821 = LINE ( 'NONE', #5994, #6010 ) ;
#5822 = CARTESIAN_POINT ( 'NONE',  ( -7.944165363970806304, 13.46782230364024535, 1.209999999999999964 ) ) ;
#5823 = EDGE_LOOP ( 'NONE', ( #5315, #4513, #6653, #4694 ) ) ;
#5824 = CARTESIAN_POINT ( 'NONE',  ( -5.646127075927692474, 13.67646705885035630, 1.209999999999999964 ) ) ;
#5825 = ORIENTED_EDGE ( 'NONE', *, *, #9661, .T. ) ;
#5826 = EDGE_CURVE ( 'NONE', #7967, #3096, #3569, .T. ) ;
#5827 = APPROVAL_PERSON_ORGANIZATION ( #7812, #10105, #6092 ) ;
#5828 = CARTESIAN_POINT ( 'NONE',  ( -7.337120033828714583, 13.82653878477206355, 1.199999999999999956 ) ) ;
#5830 = CARTESIAN_POINT ( 'NONE',  ( -7.932554733906918898, 14.54466491897449032, 1.199999999999999956 ) ) ;
#5829 = FACE_OUTER_BOUND ( 'NONE', #8314, .T. ) ;
#5831 = AXIS2_PLACEMENT_3D ( 'NONE', #3823, #5967, #5128 ) ;
#5832 = CARTESIAN_POINT ( 'NONE',  ( -5.646127075927692474, 13.67646705885035630, 1.209999999999999964 ) ) ;
#5833 = VECTOR ( 'NONE', #6148, 1000.000000000000000 ) ;
#5834 = DIRECTION ( 'NONE',  ( -0.0000000000000000000, -0.0000000000000000000, -1.000000000000000000 ) ) ;
#5835 = FACE_OUTER_BOUND ( 'NONE', #6256, .T. ) ;
#5836 = ORIENTED_EDGE ( 'NONE', *, *, #5649, .F. ) ;
#5837 = VERTEX_POINT ( 'NONE', #2963 ) ;
#5838 = EDGE_CURVE ( 'NONE', #10170, #6863, #2183, .T. ) ;
#5839 = VERTEX_POINT ( 'NONE', #5605 ) ;
#5840 = EDGE_CURVE ( 'NONE', #9046, #5837, #9026, .T. ) ;
#5841 = AXIS2_PLACEMENT_3D ( 'NONE', #7479, #9129, #10845 ) ;
#5842 = CARTESIAN_POINT ( 'NONE',  ( -10.69908497005151204, 13.81573207690749072, 1.199999999999999956 ) ) ;
#5843 = VECTOR ( 'NONE', #3168, 1000.000000000000000 ) ;
#5844 = LINE ( 'NONE', #1639, #2995 ) ;
#5845 = DIRECTION ( 'NONE',  ( 0.0000000000000000000, 1.181863725182121763E-16, -1.000000000000000000 ) ) ;
#5846 = DIRECTION ( 'NONE',  ( -0.0000000000000000000, -0.0000000000000000000, 1.000000000000000000 ) ) ;
#5847 = EDGE_CURVE ( 'NONE', #3712, #9164, #2241, .T. ) ;
#5848 = CARTESIAN_POINT ( 'NONE',  ( -7.337120033828714583, 13.60576352053820592, 1.209999999999999964 ) ) ;
#5849 = CARTESIAN_POINT ( 'NONE',  ( -8.030291978040246192, 13.41756733768675147, 1.199999999999999956 ) ) ;
#5850 = EDGE_CURVE ( 'NONE', #9581, #9700, #7369, .T. ) ;
#5851 = VECTOR ( 'NONE', #8071, 1000.000000000000000 ) ;
#5852 = VECTOR ( 'NONE', #8081, 1000.000000000000000 ) ;
#5853 = EDGE_LOOP ( 'NONE', ( #6493, #8943, #1671 ) ) ;
#5854 = B_SPLINE_CURVE_WITH_KNOTS ( 'NONE', 3,
 ( #1846, #3342, #9293, #4241 ),
 .UNSPECIFIED., .F., .F.,
 ( 4, 4 ),
 ( 5.000000000000000000, 6.000000000000000000 ),
 .UNSPECIFIED. ) ;
#5855 = DIRECTION ( 'NONE',  ( -0.0000000000000000000, -0.0000000000000000000, -1.000000000000000000 ) ) ;
#5856 = VERTEX_POINT ( 'NONE', #4655 ) ;
#5857 = ADVANCED_FACE ( 'NONE', ( #3025 ), #8063, .F. ) ;
#5858 = DIRECTION ( 'NONE',  ( 1.000000000000000000, 0.0000000000000000000, 0.0000000000000000000 ) ) ;
#5859 = VECTOR ( 'NONE', #4690, 1000.000000000000000 ) ;
#5860 = LINE ( 'NONE', #7749, #6926 ) ;
#5861 = DIRECTION ( 'NONE',  ( -0.0000000000000000000, 1.000000000000000000, -0.0000000000000000000 ) ) ;
#5862 = B_SPLINE_SURFACE_WITH_KNOTS ( 'NONE', 3, 1, ( 
 ( #5743, #9045 ),
 ( #569, #5849 ),
 ( #8423, #8249 ),
 ( #4894, #5796 ) ),
 .UNSPECIFIED., .F., .F., .F.,
 ( 4, 4 ),
 ( 2, 2 ),
 ( 8.000000000000000000, 9.000000000000000000 ),
 ( 0.0000000000000000000, 1.000000000000000000 ),
 .UNSPECIFIED. ) ;
#5863 = CARTESIAN_POINT ( 'NONE',  ( -10.57858613110296098, 13.50725474030465101, 1.209999999999999964 ) ) ;
#5864 = ORIENTED_EDGE ( 'NONE', *, *, #11044, .F. ) ;
#5865 = ORIENTED_EDGE ( 'NONE', *, *, #4619, .F. ) ;
#5866 = ORIENTED_EDGE ( 'NONE', *, *, #6399, .T. ) ;
#5867 = CARTESIAN_POINT ( 'NONE',  ( 15.19999999999999929, 14.25000000000000178, -0.1339798481102603966 ) ) ;
#5868 = EDGE_LOOP ( 'NONE', ( #1959, #9183, #4935, #5328 ) ) ;
#5869 = DIRECTION ( 'NONE',  ( 0.0000000000000000000, 1.000000000000000000, 0.0000000000000000000 ) ) ;
#5870 = EDGE_LOOP ( 'NONE', ( #2002, #5451, #1570, #5948 ) ) ;
#5871 = CARTESIAN_POINT ( 'NONE',  ( -15.19999999999999929, 14.25000000000000178, 1.099999999999999867 ) ) ;
#5872 = EDGE_CURVE ( 'NONE', #10952, #5674, #6479, .T. ) ;
#5873 = ORIENTED_EDGE ( 'NONE', *, *, #30, .F. ) ;
#5874 = FACE_OUTER_BOUND ( 'NONE', #4785, .T. ) ;
#5875 = CARTESIAN_POINT ( 'NONE',  ( -5.212374731832720265, 13.92254309904219589, 1.209999999999999964 ) ) ;
#5876 = DIRECTION ( 'NONE',  ( 0.0000000000000000000, 1.000000000000000000, -0.0000000000000000000 ) ) ;
#5877 = VECTOR ( 'NONE', #2722, 1000.000000000000000 ) ;
#5878 = CARTESIAN_POINT ( 'NONE',  ( -8.146224985709171307, 13.63660967205741414, 1.209999999999999964 ) ) ;
#5879 = EDGE_LOOP ( 'NONE', ( #819, #1822, #1712, #3547 ) ) ;
#5880 = LINE ( 'NONE', #9310, #3934 ) ;
#5881 = ORIENTED_EDGE ( 'NONE', *, *, #6426, .F. ) ;
#5882 = CARTESIAN_POINT ( 'NONE',  ( -8.388661873198030250, 13.40855610241303886, 1.209999999999999964 ) ) ;
#5883 = CARTESIAN_POINT ( 'NONE',  ( -6.519177139655771391, 14.60150501839973103, 1.199999999999999956 ) ) ;
#5884 = B_SPLINE_CURVE_WITH_KNOTS ( 'NONE', 3,
 ( #8388, #6643, #4195, #11077 ),
 .UNSPECIFIED., .F., .F.,
 ( 4, 4 ),
 ( 5.000000000000000000, 6.000000000000000000 ),
 .UNSPECIFIED. ) ;
#5885 = ADVANCED_FACE ( 'NONE', ( #5657 ), #9073, .F. ) ;
#5886 = CARTESIAN_POINT ( 'NONE',  ( -7.002317984774967030, 13.24427435163269529, 1.199999999999999956 ) ) ;
#5887 = ORIENTED_EDGE ( 'NONE', *, *, #10356, .T. ) ;
#5888 = CARTESIAN_POINT ( 'NONE',  ( -7.429485195393575658, 13.72776178271899816, 1.199999999999999956 ) ) ;
#5889 = CARTESIAN_POINT ( 'NONE',  ( 17.70000000000000284, 16.75000000000000000, 1.199999999999999956 ) ) ;
#5890 = VECTOR ( 'NONE', #8178, 1000.000000000000000 ) ;
#5891 = LINE ( 'NONE', #1455, #3552 ) ;
#5892 = ORIENTED_EDGE ( 'NONE', *, *, #3118, .T. ) ;
#5894 = LINE ( 'NONE', #9326, #2476 ) ;
#5893 = DIRECTION ( 'NONE',  ( 0.0000000000000000000, -1.000000000000000000, -0.0000000000000000000 ) ) ;
#5895 = VECTOR ( 'NONE', #4704, 1000.000000000000000 ) ;
#5896 = CARTESIAN_POINT ( 'NONE',  ( -7.360168000972892699, 15.00666401979160547, 1.209999999999999964 ) ) ;
#5897 = DIRECTION ( 'NONE',  ( 0.0000000000000000000, 0.0000000000000000000, 1.000000000000000000 ) ) ;
#5898 = CARTESIAN_POINT ( 'NONE',  ( -7.227598866643366371, 13.54303145958927068, 1.209999999999999964 ) ) ;
#5899 = EDGE_CURVE ( 'NONE', #4243, #8404, #8273, .T. ) ;
#5900 = VERTEX_POINT ( 'NONE', #3923 ) ;
#5901 = ORIENTED_EDGE ( 'NONE', *, *, #9696, .F. ) ;
#5902 = VECTOR ( 'NONE', #9865, 1000.000000000000000 ) ;
#5903 = LINE ( 'NONE', #1638, #4989 ) ;
#5904 = CARTESIAN_POINT ( 'NONE',  ( 3.809999999999999609, 14.75000000000000355, 1.199999999999999956 ) ) ;
#5905 = LINE ( 'NONE', #111, #1004 ) ;
#5906 = LINE ( 'NONE', #789, #9400 ) ;
#5907 = EDGE_CURVE ( 'NONE', #3502, #1297, #11074, .T. ) ;
#5908 = FACE_OUTER_BOUND ( 'NONE', #10351, .T. ) ;
#5909 = CARTESIAN_POINT ( 'NONE',  ( -7.337120033828714583, 13.60576352053820592, 1.199999999999999956 ) ) ;
#5910 = VERTEX_POINT ( 'NONE', #3973 ) ;
#5911 = DIRECTION ( 'NONE',  ( -0.0000000000000000000, -0.0000000000000000000, -1.000000000000000000 ) ) ;
#5912 = VECTOR ( 'NONE', #6325, 1000.000000000000000 ) ;
#5913 = VERTEX_POINT ( 'NONE', #9746 ) ;
#5914 = ORIENTED_EDGE ( 'NONE', *, *, #234, .F. ) ;
#5915 = PLANE ( 'NONE',  #93 ) ;
#5916 = ORIENTED_EDGE ( 'NONE', *, *, #10957, .T. ) ;
#5917 = EDGE_CURVE ( 'NONE', #7860, #1602, #7405, .T. ) ;
#5918 = DIRECTION ( 'NONE',  ( 1.000000000000000000, -0.0000000000000000000, -0.0000000000000000000 ) ) ;
#5919 = CARTESIAN_POINT ( 'NONE',  ( -15.19999999999999929, -14.25000000000000178, 1.099999999999999867 ) ) ;
#5920 = EDGE_CURVE ( 'NONE', #7469, #703, #3135, .T. ) ;
#5921 = FACE_OUTER_BOUND ( 'NONE', #7359, .T. ) ;
#5922 = EDGE_CURVE ( 'NONE', #8497, #5526, #2573, .T. ) ;
#5923 = ORIENTED_EDGE ( 'NONE', *, *, #8545, .T. ) ;
#5924 = ORIENTED_EDGE ( 'NONE', *, *, #5709, .F. ) ;
#5925 = CARTESIAN_POINT ( 'NONE',  ( -6.761614027144654315, 15.08464586351430547, 1.209999999999999964 ) ) ;
#5926 = EDGE_LOOP ( 'NONE', ( #4830, #1452, #2084, #10641 ) ) ;
#5927 = LINE ( 'NONE', #5029, #7095 ) ;
#5928 = ORIENTED_EDGE ( 'NONE', *, *, #1347, .F. ) ;
#5929 = LINE ( 'NONE', #9357, #9278 ) ;
#5930 = ORIENTED_EDGE ( 'NONE', *, *, #6912, .T. ) ;
#5931 = LINE ( 'NONE', #2622, #6025 ) ;
#5932 = EDGE_CURVE ( 'NONE', #7036, #6615, #10177, .T. ) ;
#5933 = ORIENTED_EDGE ( 'NONE', *, *, #9072, .T. ) ;
#5934 = CARTESIAN_POINT ( 'NONE',  ( -6.013681499342751202, 15.08464586351430547, 1.199999999999999956 ) ) ;
#5935 = LINE ( 'NONE', #652, #2115 ) ;
#5936 = CARTESIAN_POINT ( 'NONE',  ( -11.32567941063441452, 14.87612239286012894, 1.209999999999999964 ) ) ;
#5937 = ADVANCED_FACE ( 'NONE', ( #3429 ), #2397, .T. ) ;
#5938 = EDGE_CURVE ( 'NONE', #3437, #4456, #11079, .T. ) ;
#5939 = FACE_OUTER_BOUND ( 'NONE', #9946, .T. ) ;
#5940 = DIRECTION ( 'NONE',  ( 0.8863488427958617910, 0.4630180653866938223, 0.0000000000000000000 ) ) ;
#5941 = EDGE_LOOP ( 'NONE', ( #105, #1100, #6183, #1825, #8786, #1461 ) ) ;
#5942 = CARTESIAN_POINT ( 'NONE',  ( 15.19999999999999929, 14.25000000000000178, 1.099999999999999867 ) ) ;
#5943 = DIRECTION ( 'NONE',  ( -0.0000000000000000000, -0.0000000000000000000, 1.000000000000000000 ) ) ;
#5944 = EDGE_LOOP ( 'NONE', ( #2232, #7375, #10443, #3460 ) ) ;
#5945 = ORIENTED_EDGE ( 'NONE', *, *, #1114, .F. ) ;
#5946 = CARTESIAN_POINT ( 'NONE',  ( -7.471248805033219753, 13.78806774186596584, 1.209999999999999964 ) ) ;
#5947 = ORIENTED_EDGE ( 'NONE', *, *, #5309, .T. ) ;
#5948 = ORIENTED_EDGE ( 'NONE', *, *, #6874, .T. ) ;
#5949 = CARTESIAN_POINT ( 'NONE',  ( 1.670000000000000373, 14.75000000000000178, 1.600000000000000089 ) ) ;
#5950 = ORIENTED_EDGE ( 'NONE', *, *, #1882, .T. ) ;
#5951 = DIRECTION ( 'NONE',  ( 1.000000000000000000, 0.0000000000000000000, 0.0000000000000000000 ) ) ;
#5952 = DIRECTION ( 'NONE',  ( -0.0000000000000000000, -0.0000000000000000000, -1.000000000000000000 ) ) ;
#5953 = DIRECTION ( 'NONE',  ( -0.0000000000000000000, 1.000000000000000000, -0.0000000000000000000 ) ) ;
#5954 = CARTESIAN_POINT ( 'NONE',  ( -11.87997449268630135, 14.64476443637584246, 1.199999999999999956 ) ) ;
#5955 = ORIENTED_EDGE ( 'NONE', *, *, #6253, .T. ) ;
#5956 = EDGE_LOOP ( 'NONE', ( #3124, #5583, #7337, #161 ) ) ;
#5957 = PLANE ( 'NONE',  #6941 ) ;
#5958 = LINE ( 'NONE', #10928, #6372 ) ;
#5959 = DIRECTION ( 'NONE',  ( 0.0000000000000000000, 0.0000000000000000000, -1.000000000000000000 ) ) ;
#5960 = EDGE_CURVE ( 'NONE', #3410, #2593, #860, .T. ) ;
#5961 = ADVANCED_FACE ( 'NONE', ( #3249 ), #1618, .F. ) ;
#5962 = CARTESIAN_POINT ( 'NONE',  ( -7.999099240549312206, 14.73805989141084893, 1.209999999999999964 ) ) ;
#5963 = CARTESIAN_POINT ( 'NONE',  ( -8.476174831154338563, 15.08464586351430547, 1.209999999999999964 ) ) ;
#5964 = CARTESIAN_POINT ( 'NONE',  ( -7.379750108397628239, 13.62239964719880803, 1.199999999999999956 ) ) ;
#5965 = LINE ( 'NONE', #8424, #9511 ) ;
#5966 = ORIENTED_EDGE ( 'NONE', *, *, #1320, .F. ) ;
#5967 = DIRECTION ( 'NONE',  ( 0.0000000000000000000, 0.0000000000000000000, -1.000000000000000000 ) ) ;
#5968 = EDGE_LOOP ( 'NONE', ( #406, #3674, #10293, #10487 ) ) ;
#5969 = EDGE_LOOP ( 'NONE', ( #3235, #3696, #499, #10288 ) ) ;
#5970 = EDGE_CURVE ( 'NONE', #3853, #4243, #4921, .T. ) ;
#5971 = CARTESIAN_POINT ( 'NONE',  ( -7.199178816930749569, 13.49485600946601949, 1.199999999999999956 ) ) ;
#5972 = CARTESIAN_POINT ( 'NONE',  ( -8.388661873198030250, 15.08464586351430547, 1.199999999999999956 ) ) ;
#5973 = CARTESIAN_POINT ( 'NONE',  ( -7.253766107537557239, 13.35830113645489625, 1.209999999999999964 ) ) ;
#5974 = VECTOR ( 'NONE', #7512, 1000.000000000000000 ) ;
#5975 = CARTESIAN_POINT ( 'NONE',  ( -7.583369367008716999, 15.06835632282541937, 1.209999999999999964 ) ) ;
#5976 = ORIENTED_EDGE ( 'NONE', *, *, #8185, .T. ) ;
#5977 = LINE ( 'NONE', #6808, #8699 ) ;
#5978 = EDGE_LOOP ( 'NONE', ( #4310, #2164, #549, #3989 ) ) ;
#5979 = CARTESIAN_POINT ( 'NONE',  ( -6.234110177600258318, 13.33126743063374597, 1.209999999999999964 ) ) ;
#5980 = CARTESIAN_POINT ( 'NONE',  ( -6.933520669311833196, 13.45153276295136813, 1.209999999999999964 ) ) ;
#5981 = EDGE_LOOP ( 'NONE', ( #3283, #2724, #6910, #8594 ) ) ;
#5982 = FACE_OUTER_BOUND ( 'NONE', #3195, .T. ) ;
#5983 = EDGE_CURVE ( 'NONE', #2474, #7839, #5098, .T. ) ;
#5984 = EDGE_CURVE ( 'NONE', #8206, #6264, #6823, .T. ) ;
#5985 = ORIENTED_EDGE ( 'NONE', *, *, #3946, .F. ) ;
#5986 = DIRECTION ( 'NONE',  ( -1.000000000000000000, 0.0000000000000000000, 0.0000000000000000000 ) ) ;
#5987 = CARTESIAN_POINT ( 'NONE',  ( -7.154989105486801115, 13.81544803366346308, 1.209999999999999964 ) ) ;
#5988 = CARTESIAN_POINT ( 'NONE',  ( -9.903792118169125303, 13.89767129474679486, 1.199999999999999956 ) ) ;
#5989 = CARTESIAN_POINT ( 'NONE',  ( -7.227598866643366371, 13.54303145958927068, 1.199999999999999956 ) ) ;
#5990 = EDGE_CURVE ( 'NONE', #7469, #2438, #9250, .T. ) ;
#5992 = DIRECTION ( 'NONE',  ( 1.000000000000000000, 0.0000000000000000000, 0.0000000000000000000 ) ) ;
#5991 = VECTOR ( 'NONE', #10736, 1000.000000000000000 ) ;
#5993 = ORIENTED_EDGE ( 'NONE', *, *, #5847, .F. ) ;
#5994 = CARTESIAN_POINT ( 'NONE',  ( -9.932711788034353617, 13.32891628582545174, 1.209999999999999964 ) ) ;
#5995 = ADVANCED_FACE ( 'NONE', ( #2346 ), #1926, .T. ) ;
#5996 = CARTESIAN_POINT ( 'NONE',  ( 16.99999999999999645, 11.50000000000000178, 1.199999999999999956 ) ) ;
#5997 = ORIENTED_EDGE ( 'NONE', *, *, #5907, .T. ) ;
#5998 = CARTESIAN_POINT ( 'NONE',  ( -7.525662802654181860, 13.72776178271899816, 1.209999999999999964 ) ) ;
#5999 = CARTESIAN_POINT ( 'NONE',  ( -12.10651261144982982, 14.09528937591381847, 1.209999999999999964 ) ) ;
#6000 = ORIENTED_EDGE ( 'NONE', *, *, #460, .F. ) ;
#6001 = EDGE_CURVE ( 'NONE', #1423, #3903, #5880, .T. ) ;
#6002 = VECTOR ( 'NONE', #7397, 1000.000000000000000 ) ;
#6003 = CARTESIAN_POINT ( 'NONE',  ( -5.225544998776203265, 13.87506082086700054, 1.209999999999999964 ) ) ;
#6004 = ORIENTED_EDGE ( 'NONE', *, *, #6598, .T. ) ;
#6005 = CARTESIAN_POINT ( 'NONE',  ( -11.80285515853674916, 14.37002715896167437, 1.209999999999999964 ) ) ;
#6006 = CARTESIAN_POINT ( 'NONE',  ( -7.308180105158522011, 13.50074797098971935, 1.199999999999999956 ) ) ;
#6007 = FACE_OUTER_BOUND ( 'NONE', #5147, .T. ) ;
#6008 = ORIENTED_EDGE ( 'NONE', *, *, #3812, .T. ) ;
#6009 = FACE_OUTER_BOUND ( 'NONE', #1063, .T. ) ;
#6010 = VECTOR ( 'NONE', #712, 1000.000000000000000 ) ;
#6011 = ORIENTED_EDGE ( 'NONE', *, *, #8039, .T. ) ;
#6012 = VERTEX_POINT ( 'NONE', #8456 ) ;
#6013 = ADVANCED_FACE ( 'NONE', ( #4982 ), #9702, .F. ) ;
#6014 = CARTESIAN_POINT ( 'NONE',  ( -7.932554733906918898, 14.54466491897449032, 1.199999999999999956 ) ) ;
#6015 = AXIS2_PLACEMENT_3D ( 'NONE', #7360, #6362, #9119 ) ;
#6016 = CARTESIAN_POINT ( 'NONE',  ( -5.221385967106424886, 13.88615157197098426, 1.209999999999999964 ) ) ;
#6017 = PLANE ( 'NONE',  #6392 ) ;
#6018 = LINE ( 'NONE', #8478, #5621 ) ;
#6019 = LINE ( 'NONE', #906, #10876 ) ;
#6020 = LINE ( 'NONE', #10319, #3307 ) ;
#6021 = CARTESIAN_POINT ( 'NONE',  ( 3.409999999999999254, 14.75000000000000355, 1.199999999999999956 ) ) ;
#6022 = VERTEX_POINT ( 'NONE', #7662 ) ;
#6023 = ORIENTED_EDGE ( 'NONE', *, *, #4543, .F. ) ;
#6024 = CARTESIAN_POINT ( 'NONE',  ( -11.22928026592793316, 14.58692523454548784, 1.199999999999999956 ) ) ;
#6025 = VECTOR ( 'NONE', #930, 1000.000000000000000 ) ;
#6026 = CARTESIAN_POINT ( 'NONE',  ( -5.554108500327592957, 13.67889316065234517, 1.199999999999999956 ) ) ;
#6027 = CARTESIAN_POINT ( 'NONE',  ( -5.554108500327592957, 13.67889316065234517, 1.199999999999999956 ) ) ;
#6028 = VECTOR ( 'NONE', #4559, 1000.000000000000000 ) ;
#6029 = PLANE ( 'NONE',  #4096 ) ;
#6030 = AXIS2_PLACEMENT_3D ( 'NONE', #1313, #6637, #8153 ) ;
#6031 = VERTEX_POINT ( 'NONE', #10958 ) ;
#6032 = DIRECTION ( 'NONE',  ( 0.0000000000000000000, 0.0000000000000000000, 1.000000000000000000 ) ) ;
#6033 = EDGE_LOOP ( 'NONE', ( #5105, #9122, #6602, #149 ) ) ;
#6034 = CARTESIAN_POINT ( 'NONE',  ( 2.040000000000006697, 13.47999999999999865, -2.500000000000000000 ) ) ;
#6035 = DIRECTION ( 'NONE',  ( 0.0000000000000000000, 0.0000000000000000000, -1.000000000000000000 ) ) ;
#6036 = DIRECTION ( 'NONE',  ( -0.0000000000000000000, -0.0000000000000000000, -1.000000000000000000 ) ) ;
#6037 = ADVANCED_FACE ( 'NONE', ( #6595 ), #4088, .F. ) ;
#6038 = CARTESIAN_POINT ( 'NONE',  ( -6.684325355369983512, 15.00666401979160547, 1.209999999999999964 ) ) ;
#6039 = VECTOR ( 'NONE', #1080, 1000.000000000000000 ) ;
#6040 = AXIS2_PLACEMENT_3D ( 'NONE', #7141, #5381, #3854 ) ;
#6041 = ORIENTED_EDGE ( 'NONE', *, *, #8502, .F. ) ;
#6042 = CARTESIAN_POINT ( 'NONE',  ( -8.111566388498816949, 13.33126743063374597, 1.209999999999999964 ) ) ;
#6043 = CARTESIAN_POINT ( 'NONE',  ( -6.234110177600258318, 13.33126743063374597, 1.209999999999999964 ) ) ;
#6044 = DIRECTION ( 'NONE',  ( -0.0000000000000000000, -0.0000000000000000000, -1.000000000000000000 ) ) ;
#6045 = CARTESIAN_POINT ( 'NONE',  ( -7.286345188915333893, 13.47336767919686551, 1.199999999999999956 ) ) ;
#6046 = CIRCLE ( 'NONE', #3561, 0.3999999999999999667 ) ;
#6047 = EDGE_CURVE ( 'NONE', #6196, #109, #7032, .T. ) ;
#6048 = FACE_OUTER_BOUND ( 'NONE', #9507, .T. ) ;
#6049 = EDGE_LOOP ( 'NONE', ( #1714, #2586, #3474, #524 ) ) ;
#6050 = DIRECTION ( 'NONE',  ( 0.0000000000000000000, -0.0000000000000000000, 1.000000000000000000 ) ) ;
#6051 = ADVANCED_FACE ( 'NONE', ( #10287 ), #1906, .F. ) ;
#6052 = B_SPLINE_CURVE_WITH_KNOTS ( 'NONE', 3,
 ( #731, #4002, #5686, #626 ),
 .UNSPECIFIED., .F., .F.,
 ( 4, 4 ),
 ( 0.0000000000000000000, 1.000000000000000000 ),
 .UNSPECIFIED. ) ;
#6053 = CARTESIAN_POINT ( 'NONE',  ( -6.910472702165364467, 13.45083959100794679, 1.209999999999999964 ) ) ;
#6054 = ORIENTED_EDGE ( 'NONE', *, *, #8938, .F. ) ;
#6055 = ORIENTED_EDGE ( 'NONE', *, *, #44, .T. ) ;
#6056 = DIRECTION ( 'NONE',  ( 0.0000000000000000000, 1.000000000000000000, 0.0000000000000000000 ) ) ;
#6057 = CARTESIAN_POINT ( 'NONE',  ( -7.944165363970806304, 13.44460104351252561, 1.199999999999999956 ) ) ;
#6058 = VERTEX_POINT ( 'NONE', #935 ) ;
#6059 = VECTOR ( 'NONE', #8474, 1000.000000000000000 ) ;
#6060 = EDGE_CURVE ( 'NONE', #8438, #9988, #9486, .T. ) ;
#6061 = CARTESIAN_POINT ( 'NONE',  ( -7.936540472586226080, 13.51461140987665033, 1.209999999999999964 ) ) ;
#6062 = ORIENTED_EDGE ( 'NONE', *, *, #10090, .F. ) ;
#6063 = CARTESIAN_POINT ( 'NONE',  ( -11.80285515853674916, 14.10492951102230919, 1.199999999999999956 ) ) ;
#6064 = CARTESIAN_POINT ( 'NONE',  ( -7.999099240549312206, 14.65695877393813262, 1.199999999999999956 ) ) ;
#6065 = CARTESIAN_POINT ( 'NONE',  ( 15.19999999999999929, 14.25000000000000178, 1.099999999999999867 ) ) ;
#6066 = VERTEX_POINT ( 'NONE', #3644 ) ;
#6067 = CARTESIAN_POINT ( 'NONE',  ( -11.51365772442191471, 13.66149340860838279, 1.209999999999999964 ) ) ;
#6068 = EDGE_LOOP ( 'NONE', ( #9789, #5017, #5746, #1454 ) ) ;
#6069 = CARTESIAN_POINT ( 'NONE',  ( -7.322736715986543743, 13.51287848001345893, 1.199999999999999956 ) ) ;
#6070 = AXIS2_PLACEMENT_3D ( 'NONE', #8706, #7113, #7167 ) ;
#6071 = ORIENTED_EDGE ( 'NONE', *, *, #2081, .F. ) ;
#6072 = VERTEX_POINT ( 'NONE', #8576 ) ;
#6073 = AXIS2_PLACEMENT_3D ( 'NONE', #9090, #9146, #8922 ) ;
#6074 = CARTESIAN_POINT ( 'NONE',  ( -11.21482043099647541, 14.86648248758512558, 1.199999999999999956 ) ) ;
#6075 = FACE_BOUND ( 'NONE', #1011, .T. ) ;
#6076 = DIRECTION ( 'NONE',  ( 1.000000000000000000, -0.0000000000000000000, -0.0000000000000000000 ) ) ;
#6077 = LINE ( 'NONE', #1832, #2654 ) ;
#6078 = CYLINDRICAL_SURFACE ( 'NONE', #7466, 0.4000000000000001887 ) ;
#6079 = CARTESIAN_POINT ( 'NONE',  ( -6.658851286416903825, 15.08464586351430370, 1.209999999999999964 ) ) ;
#6080 = ADVANCED_FACE ( 'NONE', ( #1958 ), #196, .F. ) ;
#6081 = DIRECTION ( 'NONE',  ( -0.0000000000000000000, -0.0000000000000000000, -1.000000000000000000 ) ) ;
#6082 = VERTEX_POINT ( 'NONE', #5384 ) ;
#6083 = EDGE_LOOP ( 'NONE', ( #8064, #1299, #3212, #3068 ) ) ;
#6084 = CARTESIAN_POINT ( 'NONE',  ( -6.500000000000000000, -14.83447752647037987, 0.6486003279100314156 ) ) ;
#6085 = CIRCLE ( 'NONE', #2490, 1.500000000000003109 ) ;
#6086 = ORIENTED_EDGE ( 'NONE', *, *, #3755, .F. ) ;
#6087 = CARTESIAN_POINT ( 'NONE',  ( -7.199178816930749569, 13.46297010003166683, 1.199999999999999956 ) ) ;
#6088 = DIRECTION ( 'NONE',  ( -0.0000000000000000000, 1.000000000000000000, -0.0000000000000000000 ) ) ;
#6089 = CARTESIAN_POINT ( 'NONE',  ( -5.588247218582687914, 13.48965721988574451, 1.209999999999999964 ) ) ;
#6090 = VECTOR ( 'NONE', #9003, 1000.000000000000000 ) ;
#6091 = DIRECTION ( 'NONE',  ( -0.0000000000000000000, -0.0000000000000000000, -1.000000000000000000 ) ) ;
#6092 = APPROVAL_ROLE ( '' ) ;
#6093 = EDGE_LOOP ( 'NONE', ( #7727, #7521, #2281, #10273, #371, #9724, #2948 ) ) ;
#6094 = CARTESIAN_POINT ( 'NONE',  ( 1.670000000000000373, 14.75000000000000178, 2.000000000000000000 ) ) ;
#6095 = DIRECTION ( 'NONE',  ( -0.0000000000000000000, -0.0000000000000000000, -1.000000000000000000 ) ) ;
#6096 = CARTESIAN_POINT ( 'NONE',  ( -7.880220252118532720, 14.99210740896127270, 1.209999999999999964 ) ) ;
#6097 = PLANE ( 'NONE',  #1732 ) ;
#6098 = VERTEX_POINT ( 'NONE', #8785 ) ;
#6099 = DIRECTION ( 'NONE',  ( -0.0000000000000000000, -0.0000000000000000000, -1.000000000000000000 ) ) ;
#6100 = CARTESIAN_POINT ( 'NONE',  ( -11.21482043099647541, 14.86648248758512558, 1.209999999999999964 ) ) ;
#6101 = EDGE_CURVE ( 'NONE', #3078, #1423, #1096, .T. ) ;
#6102 = ADVANCED_FACE ( 'NONE', ( #6983 ), #7718, .F. ) ;
#6103 = AXIS2_PLACEMENT_3D ( 'NONE', #1949, #7927, #7078 ) ;
#6104 = PLANE ( 'NONE',  #2396 ) ;
#6105 = SPHERICAL_SURFACE ( 'NONE', #7318, 0.4000000000000000222 ) ;
#6106 = ORIENTED_EDGE ( 'NONE', *, *, #3749, .F. ) ;
#6107 = CARTESIAN_POINT ( 'NONE',  ( 13.71000000000000085, 9.599999999999999645, 2.700000000000000178 ) ) ;
#6108 = CARTESIAN_POINT ( 'NONE',  ( -11.06058185462844889, 13.01079918184770001, 1.199999999999999956 ) ) ;
#6109 = ORIENTED_EDGE ( 'NONE', *, *, #9571, .F. ) ;
#6110 = ORIENTED_EDGE ( 'NONE', *, *, #2086, .F. ) ;
#6111 = CARTESIAN_POINT ( 'NONE',  ( -7.999099240549312206, 14.73805989141084893, 1.199999999999999956 ) ) ;
#6112 = EDGE_LOOP ( 'NONE', ( #6704, #6380, #10925, #3964 ) ) ;
#6113 = ADVANCED_FACE ( 'NONE', ( #8628 ), #7769, .F. ) ;
#6114 = ORIENTED_EDGE ( 'NONE', *, *, #2413, .T. ) ;
#6115 = CARTESIAN_POINT ( 'NONE',  ( -5.656351362102395086, 13.42623198698875875, 1.199999999999999956 ) ) ;
#6116 = CARTESIAN_POINT ( 'NONE',  ( -6.107259711810919534, 15.08464586351430547, 1.209999999999999964 ) ) ;
#6117 = ORIENTED_EDGE ( 'NONE', *, *, #6517, .F. ) ;
#6118 = CARTESIAN_POINT ( 'NONE',  ( -8.118671400925821402, 14.48401237385580131, 1.209999999999999964 ) ) ;
#6119 = LINE ( 'NONE', #2913, #5912 ) ;
#6121 = EDGE_CURVE ( 'NONE', #1626, #8262, #7089, .T. ) ;
#6120 = B_SPLINE_SURFACE_WITH_KNOTS ( 'NONE', 3, 1, ( 
 ( #3635, #10554 ),
 ( #2723, #5479 ),
 ( #10440, #2775 ),
 ( #3684, #2051 ) ),
 .UNSPECIFIED., .F., .F., .F.,
 ( 4, 4 ),
 ( 2, 2 ),
 ( 26.00000000000000000, 27.00000000000000000 ),
 ( 0.0000000000000000000, 1.000000000000000000 ),
 .UNSPECIFIED. ) ;
#6122 = ORIENTED_EDGE ( 'NONE', *, *, #2024, .F. ) ;
#6123 = ORIENTED_EDGE ( 'NONE', *, *, #1233, .T. ) ;
#6124 = B_SPLINE_CURVE_WITH_KNOTS ( 'NONE', 3,
 ( #6925, #10278, #6038, #76 ),
 .UNSPECIFIED., .F., .F.,
 ( 4, 4 ),
 ( 5.000000000000000000, 6.000000000000000000 ),
 .UNSPECIFIED. ) ;
#6125 = ADVANCED_FACE ( 'NONE', ( #6255 ), #9782, .F. ) ;
#6126 = ADVANCED_FACE ( 'NONE', ( #6048 ), #6105, .T. ) ;
#6127 = FACE_BOUND ( 'NONE', #9808, .T. ) ;
#6128 = DIRECTION ( 'NONE',  ( -0.0000000000000000000, -1.000000000000000000, -0.0000000000000000000 ) ) ;
#6129 = LINE ( 'NONE', #8073, #8761 ) ;
#6130 = ORIENTED_EDGE ( 'NONE', *, *, #495, .T. ) ;
#6131 = FACE_OUTER_BOUND ( 'NONE', #6312, .T. ) ;
#6132 = DIRECTION ( 'NONE',  ( 1.000000000000000000, -0.0000000000000000000, -0.0000000000000000000 ) ) ;
#6133 = EDGE_CURVE ( 'NONE', #3716, #3174, #2880, .T. ) ;
#6134 = EDGE_CURVE ( 'NONE', #2487, #8338, #9039, .T. ) ;
#6135 = ORIENTED_EDGE ( 'NONE', *, *, #3393, .T. ) ;
#6136 = CARTESIAN_POINT ( 'NONE',  ( -7.104040967587574862, 13.10321386098472374, 1.209999999999999964 ) ) ;
#6137 = CARTESIAN_POINT ( 'NONE',  ( -5.205096426417552991, 13.88441864211243093, 1.209999999999999964 ) ) ;
#6138 = EDGE_LOOP ( 'NONE', ( #1409, #8495, #9512, #4215, #9721, #8321, #9024, #10869 ) ) ;
#6139 = DIRECTION ( 'NONE',  ( -0.0000000000000000000, -0.0000000000000000000, -1.000000000000000000 ) ) ;
#6140 = DIRECTION ( 'NONE',  ( 0.0000000000000000000, 1.000000000000000000, 0.0000000000000000000 ) ) ;
#6141 = CARTESIAN_POINT ( 'NONE',  ( -16.70000000000000284, 14.25000000000000178, 0.0000000000000000000 ) ) ;
#6142 = LINE ( 'NONE', #9580, #3576 ) ;
#6143 = ORIENTED_EDGE ( 'NONE', *, *, #4342, .T. ) ;
#6144 = B_SPLINE_CURVE_WITH_KNOTS ( 'NONE', 3,
 ( #9692, #10406, #1149, #2739 ),
 .UNSPECIFIED., .F., .F.,
 ( 4, 4 ),
 ( 27.00000000000000000, 28.00000000000000000 ),
 .UNSPECIFIED. ) ;
#6145 = ORIENTED_EDGE ( 'NONE', *, *, #6310, .F. ) ;
#6146 = CARTESIAN_POINT ( 'NONE',  ( 15.19999999999999929, -14.25000000000000178, -0.1339798481102603966 ) ) ;
#6147 = FACE_OUTER_BOUND ( 'NONE', #1791, .T. ) ;
#6148 = DIRECTION ( 'NONE',  ( -0.0000000000000000000, -0.0000000000000000000, -1.000000000000000000 ) ) ;
#6149 = ORIENTED_EDGE ( 'NONE', *, *, #4998, .F. ) ;
#6150 = AXIS2_PLACEMENT_3D ( 'NONE', #4461, #1242, #9623 ) ;
#6151 = LINE ( 'NONE', #757, #1558 ) ;
#6152 = CARTESIAN_POINT ( 'NONE',  ( -6.658851286416903825, 15.08464586351430370, 1.199999999999999956 ) ) ;
#6153 = CARTESIAN_POINT ( 'NONE',  ( -7.412329189775404892, 13.73954570577101464, 1.199999999999999956 ) ) ;
#6154 = EDGE_LOOP ( 'NONE', ( #3414, #10637, #1123, #8959, #9543, #6512 ) ) ;
#6155 = FACE_OUTER_BOUND ( 'NONE', #5207, .T. ) ;
#6156 = CARTESIAN_POINT ( 'NONE',  ( -7.786642039650390146, 13.40266414088469382, 1.199999999999999956 ) ) ;
#6157 = ORIENTED_EDGE ( 'NONE', *, *, #6438, .T. ) ;
#6158 = AXIS2_PLACEMENT_3D ( 'NONE', #6790, #2480, #4337 ) ;
#6159 = ORIENTED_EDGE ( 'NONE', *, *, #9509, .F. ) ;
#6160 = CARTESIAN_POINT ( 'NONE',  ( -7.999099240549312206, 14.82332004054871355, 1.209999999999999964 ) ) ;
#6161 = DIRECTION ( 'NONE',  ( -1.000000000000000000, -0.0000000000000000000, -0.0000000000000000000 ) ) ;
#6162 = EDGE_CURVE ( 'NONE', #8255, #10187, #514, .T. ) ;
#6163 = CARTESIAN_POINT ( 'NONE',  ( -7.447680958929176143, 14.40672370207652264, 1.209999999999999964 ) ) ;
#6164 = VERTEX_POINT ( 'NONE', #6468 ) ;
#6165 = CARTESIAN_POINT ( 'NONE',  ( -7.258618311146137536, 13.74578425327106324, 1.199999999999999956 ) ) ;
#6166 = CIRCLE ( 'NONE', #1315, 0.4000000000000001887 ) ;
#6167 = DIRECTION ( 'NONE',  ( -0.0000000000000000000, -0.0000000000000000000, -1.000000000000000000 ) ) ;
#6168 = FACE_OUTER_BOUND ( 'NONE', #10404, .T. ) ;
#6169 = EDGE_LOOP ( 'NONE', ( #333, #9818, #278, #7602 ) ) ;
#6170 = CARTESIAN_POINT ( 'NONE',  ( -7.501575077592571361, 13.60818962234479734, 1.199999999999999956 ) ) ;
#6171 = ORIENTED_EDGE ( 'NONE', *, *, #6843, .T. ) ;
#6172 = DIRECTION ( 'NONE',  ( -0.0000000000000000000, -0.0000000000000000000, 1.000000000000000000 ) ) ;
#6173 = EDGE_CURVE ( 'NONE', #416, #48, #8895, .T. ) ;
#6174 = ORIENTED_EDGE ( 'NONE', *, *, #8732, .T. ) ;
#6175 = VECTOR ( 'NONE', #6494, 1000.000000000000000 ) ;
#6176 = CARTESIAN_POINT ( 'NONE',  ( -7.944165363970806304, 13.49416283752259460, 1.199999999999999956 ) ) ;
#6177 = DIRECTION ( 'NONE',  ( -1.000000000000000000, 0.0000000000000000000, -0.0000000000000000000 ) ) ;
#6178 = AXIS2_PLACEMENT_3D ( 'NONE', #7034, #2063, #4477 ) ;
#6179 = DIRECTION ( 'NONE',  ( -1.000000000000000000, -0.0000000000000000000, -0.0000000000000000000 ) ) ;
#6180 = CARTESIAN_POINT ( 'NONE',  ( -17.00000000000000355, 11.50000000000000000, 2.700000000000000178 ) ) ;
#6181 = LINE ( 'NONE', #342, #6250 ) ;
#6182 = EDGE_CURVE ( 'NONE', #10668, #8409, #10610, .T. ) ;
#6183 = ORIENTED_EDGE ( 'NONE', *, *, #8230, .T. ) ;
#6184 = CARTESIAN_POINT ( 'NONE',  ( -10.18334960104225928, 15.26653894730228700, 1.199999999999999956 ) ) ;
#6185 = CARTESIAN_POINT ( 'NONE',  ( -7.352369816600157648, 13.52743509084378992, 1.209999999999999964 ) ) ;
#6186 = ORIENTED_EDGE ( 'NONE', *, *, #363, .F. ) ;
#6187 = ORIENTED_EDGE ( 'NONE', *, *, #1643, .T. ) ;
#6188 = CLOSED_SHELL ( 'NONE', ( #7276, #5243, #6126, #7761, #8025, #9364, #8098, #7284, #175, #562, #10768, #5262, #10549, #11089, #7607, #7830, #10803, #8419, #579, #7155, #9949, #2710, #832, #5303, #2212, #8282, #8232, #9825, #954, #2898, #3008, #355, #7742, #673, #3385, #1670, #3588, #10490, #3653, #2501, #6738, #8997, #3528, #1173, #7735, #3777, #1507, #556, #10833, #7130, #3727, #2461, #3461, #88, #4740, #10756, #3238, #8053, #3904, #6051, #1088, #10621, #2176, #7081, #2904, #8743, #3032, #9448, #5137, #10035, #513, #5690, #3062, #5491, #7392, #10286, #352, #7387, #9210, #5030, #9820, #5937, #751, #1163, #9499, #1384, #1614, #1700, #4134, #3514, #64, #9609, #121, #6945, #4349, #10616, #8986, #6037, #6251, #3671, #5529, #8998, #8458, #7594, #5857, #7657, #3869, #5584, #8169, #264, #9226, #6720, #263, #4257, #5252, #6802, #7885, #6849, #9133, #6536, #7377, #6363, #8160, #5019, #10429, #8371, #914, #4627, #8335, #1457, #7623, #4474, #4084, #423, #6930, #4827, #9993, #970, #9053, #431, #7475, #9917, #10265, #3575, #10420, #5406, #6195, #9607, #10990, #2916, #2552, #8948, #5732, #770, #2567, #3259, #6080, #5459, #548, #3725, #5365, #9819, #9229, #7137, #10960, #2826, #3877, #8524, #6384, #4054, #7406, #3306, #7246, #7030, #5754, #399, #1519, #4666, #7707, #10917, #1308, #10670, #8085, #7002, #4325, #2404, #1248, #10830, #3778, #9754, #10968, #9111, #7073, #5225, #3246, #6317, #7448, #1993, #2087, #3594, #9432, #8031, #613, #9783, #6013, #4343, #4609, #2130, #2544, #2698, #6206, #10480, #1802, #5995, #7473, #7264, #2492, #7689, #4807, #305, #2813, #9141, #8967, #4114, #10528, #3320, #368, #10010, #9622, #6125, #78, #1362, #4063, #1642, #10203, #4620, #10428, #707, #6737, #5635, #10075, #8974, #5032, #8154, #6535, #1769, #889, #5885, #4212, #4495, #8646, #3186, #3735, #7900, #9558, #7042, #10708, #5429, #7825, #10879, #139, #6381, #3042, #4555, #6451, #6113, #1883, #926, #7880, #1305, #6496, #2909, #10469, #8798, #4068, #8510, #2303, #1896, #7245, #10152, #8431, #6889, #10902, #5564, #1256, #1232, #2391, #10377, #7329, #6102, #4209, #7463, #4069, #3673, #2098, #3950, #9083, #4902, #2023, #8172, #1742, #7107, #5246, #4347, #8730, #6993, #7914, #11016, #9990, #3453, #6291, #7896, #7411, #56, #7209, #7754, #1601, #5733, #546, #5961, #4589, #8514, #4947, #9137, #7966, #3970, #5182, #9749, #9274, #9014, #8658, #5021, #7053, #7439, #4282, #432, #7610, #5114, #1521, #9291 ) ) ;
#6189 = EDGE_CURVE ( 'NONE', #5188, #5610, #4693, .T. ) ;
#6190 = LINE ( 'NONE', #8086, #2106 ) ;
#6191 = LINE ( 'NONE', #10647, #3475 ) ;
#6192 = CARTESIAN_POINT ( 'NONE',  ( -10.41952757911408867, 14.97734151318745610, 1.209999999999999964 ) ) ;
#6193 = LINE ( 'NONE', #9772, #8374 ) ;
#6194 = ORIENTED_EDGE ( 'NONE', *, *, #8161, .F. ) ;
#6195 = ADVANCED_FACE ( 'NONE', ( #9841 ), #1309, .F. ) ;
#6196 = VERTEX_POINT ( 'NONE', #3752 ) ;
#6197 = CARTESIAN_POINT ( 'NONE',  ( -7.728415596335972637, 13.40613000060642612, 1.209999999999999964 ) ) ;
#6198 = ORIENTED_EDGE ( 'NONE', *, *, #1316, .F. ) ;
#6199 = LINE ( 'NONE', #3796, #3732 ) ;
#6200 = B_SPLINE_CURVE_WITH_KNOTS ( 'NONE', 3,
 ( #9212, #4834, #5738, #3947 ),
 .UNSPECIFIED., .F., .F.,
 ( 4, 4 ),
 ( 7.000000000000000000, 8.000000000000000000 ),
 .UNSPECIFIED. ) ;
#6201 = CARTESIAN_POINT ( 'NONE',  ( -7.258618311146137536, 13.74578425327106324, 1.209999999999999964 ) ) ;
#6202 = B_SPLINE_SURFACE_WITH_KNOTS ( 'NONE', 3, 1, ( 
 ( #8226, #3027 ),
 ( #7214, #1390 ),
 ( #8966, #5714 ),
 ( #6433, #10627 ) ),
 .UNSPECIFIED., .F., .F., .F.,
 ( 4, 4 ),
 ( 2, 2 ),
 ( 0.0000000000000000000, 1.000000000000000000 ),
 ( 0.0000000000000000000, 1.000000000000000000 ),
 .UNSPECIFIED. ) ;
#6203 = CARTESIAN_POINT ( 'NONE',  ( -7.360168000972892699, 14.71206594350019969, 1.209999999999999964 ) ) ;
#6204 = ORIENTED_EDGE ( 'NONE', *, *, #1378, .T. ) ;
#6205 = CARTESIAN_POINT ( 'NONE',  ( -7.726162787517545816, 13.40613000060642435, 1.199999999999999956 ) ) ;
#6206 = ADVANCED_FACE ( 'NONE', ( #10566 ), #7804, .F. ) ;
#6207 = EDGE_CURVE ( 'NONE', #38, #3213, #8148, .T. ) ;
#6208 = PLANE ( 'NONE',  #2128 ) ;
#6209 = DIRECTION ( 'NONE',  ( 0.0000000000000000000, 1.000000000000000000, 0.0000000000000000000 ) ) ;
#6210 = ORIENTED_EDGE ( 'NONE', *, *, #1882, .F. ) ;
#6211 = CARTESIAN_POINT ( 'NONE',  ( -7.222400077060778578, 13.80505045449826262, 1.199999999999999956 ) ) ;
#6212 = AXIS2_PLACEMENT_3D ( 'NONE', #4979, #4313, #653 ) ;
#6213 = VECTOR ( 'NONE', #10226, 1000.000000000000000 ) ;
#6214 = ORIENTED_EDGE ( 'NONE', *, *, #2894, .T. ) ;
#6215 = CARTESIAN_POINT ( 'NONE',  ( -7.944165363970806304, 13.46782230364024535, 1.209999999999999964 ) ) ;
#6216 = CARTESIAN_POINT ( 'NONE',  ( -7.345438097158998758, 13.75756817632308326, 1.209999999999999964 ) ) ;
#6217 = CARTESIAN_POINT ( 'NONE',  ( -9.768833352355718702, 15.01590115727772812, 1.209999999999999964 ) ) ;
#6218 = AXIS2_PLACEMENT_3D ( 'NONE', #7354, #9995, #2277 ) ;
#6219 = DIRECTION ( 'NONE',  ( -1.000000000000000000, -0.0000000000000000000, -0.0000000000000000000 ) ) ;
#6220 = DIRECTION ( 'NONE',  ( 0.0000000000000000000, 0.0000000000000000000, -1.000000000000000000 ) ) ;
#6221 = ORIENTED_EDGE ( 'NONE', *, *, #9440, .T. ) ;
#6222 = CARTESIAN_POINT ( 'NONE',  ( -7.525662802654181860, 13.68478512218066889, 1.209999999999999964 ) ) ;
#6223 = ORIENTED_EDGE ( 'NONE', *, *, #4736, .T. ) ;
#6224 = CARTESIAN_POINT ( 'NONE',  ( -8.090944523158912105, 14.84203568303957255, 1.209999999999999964 ) ) ;
#6225 = VECTOR ( 'NONE', #2177, 1000.000000000000000 ) ;
#6226 = CARTESIAN_POINT ( 'NONE',  ( -5.003210097665032663, 13.33126743063374597, 1.209999999999999964 ) ) ;
#6227 = PLANE ( 'NONE',  #8668 ) ;
#6228 = AXIS2_PLACEMENT_3D ( 'NONE', #3773, #2757, #10587 ) ;
#6229 = CARTESIAN_POINT ( 'NONE',  ( -7.397079407001651674, 13.54407121750439202, 1.199999999999999956 ) ) ;
#6230 = EDGE_LOOP ( 'NONE', ( #1957, #1737, #8147, #533 ) ) ;
#6231 = CARTESIAN_POINT ( 'NONE',  ( -11.66789648465673501, 13.37711585818098037, 1.199999999999999956 ) ) ;
#6232 = CARTESIAN_POINT ( 'NONE',  ( -6.867496041622388248, 15.00666401979160547, 1.209999999999999964 ) ) ;
#6233 = ORIENTED_EDGE ( 'NONE', *, *, #2349, .F. ) ;
#6234 = LINE ( 'NONE', #2927, #463 ) ;
#6235 = VECTOR ( 'NONE', #7009, 1000.000000000000000 ) ;
#6236 = EDGE_CURVE ( 'NONE', #2548, #10838, #7488, .T. ) ;
#6237 = DIRECTION ( 'NONE',  ( -0.0000000000000000000, -0.0000000000000000000, 1.000000000000000000 ) ) ;
#6238 = CARTESIAN_POINT ( 'NONE',  ( -6.511205662297182784, 13.40855610241303886, 1.199999999999999956 ) ) ;
#6239 = DIRECTION ( 'NONE',  ( 0.7071067811865474617, 0.7071067811865474617, -0.0000000000000000000 ) ) ;
#6240 = FACE_OUTER_BOUND ( 'NONE', #6899, .T. ) ;
#6241 = B_SPLINE_CURVE_WITH_KNOTS ( 'NONE', 3,
 ( #126, #2437, #6861, #8491 ),
 .UNSPECIFIED., .F., .F.,
 ( 4, 4 ),
 ( 19.00000000000000000, 20.00000000000000000 ),
 .UNSPECIFIED. ) ;
#6242 = AXIS2_PLACEMENT_3D ( 'NONE', #6322, #7323, #9904 ) ;
#6243 = EDGE_LOOP ( 'NONE', ( #3930, #2805, #4817, #1632 ) ) ;
#6244 = ORIENTED_EDGE ( 'NONE', *, *, #1407, .F. ) ;
#6245 = CARTESIAN_POINT ( 'NONE',  ( -8.476174831154338563, 14.40672370207652264, 1.209999999999999964 ) ) ;
#6246 = EDGE_CURVE ( 'NONE', #8021, #2984, #7312, .T. ) ;
#6247 = CARTESIAN_POINT ( 'NONE',  ( -7.854746183167766738, 13.38949387394582935, 1.199999999999999956 ) ) ;
#6248 = CARTESIAN_POINT ( 'NONE',  ( -11.06540173831820972, 14.51462587601447041, 1.199999999999999956 ) ) ;
#6249 = ORIENTED_EDGE ( 'NONE', *, *, #10419, .F. ) ;
#6250 = VECTOR ( 'NONE', #6132, 1000.000000000000000 ) ;
#6251 = ADVANCED_FACE ( 'NONE', ( #525 ), #3857, .F. ) ;
#6252 = CARTESIAN_POINT ( 'NONE',  ( -8.003951444160202655, 14.48782481954923895, 1.199999999999999956 ) ) ;
#6253 = EDGE_CURVE ( 'NONE', #10427, #6750, #468, .T. ) ;
#6254 = ORIENTED_EDGE ( 'NONE', *, *, #5311, .F. ) ;
#6255 = FACE_OUTER_BOUND ( 'NONE', #9242, .T. ) ;
#6256 = EDGE_LOOP ( 'NONE', ( #2368, #7678, #1816, #1678 ) ) ;
#6257 = CARTESIAN_POINT ( 'NONE',  ( -6.955008999581013818, 14.40672370207652264, 1.199999999999999956 ) ) ;
#6258 = DIRECTION ( 'NONE',  ( 0.1333547648937705166, -0.9910683662997862298, 0.0000000000000000000 ) ) ;
#6259 = CARTESIAN_POINT ( 'NONE',  ( -11.27266004652712539, 13.01079918184770001, 1.209999999999999964 ) ) ;
#6260 = VERTEX_POINT ( 'NONE', #1259 ) ;
#6261 = AXIS2_PLACEMENT_3D ( 'NONE', #1205, #3125, #2174 ) ;
#6262 = LINE ( 'NONE', #2125, #3531 ) ;
#6263 = EDGE_CURVE ( 'NONE', #3501, #9615, #5592, .T. ) ;
#6264 = VERTEX_POINT ( 'NONE', #10724 ) ;
#6265 = CARTESIAN_POINT ( 'NONE',  ( -5.948350043601348780, 14.66874269699015443, 1.209999999999999964 ) ) ;
#6266 = FACE_OUTER_BOUND ( 'NONE', #10476, .T. ) ;
#6267 = LINE ( 'NONE', #325, #1920 ) ;
#6268 = EDGE_CURVE ( 'NONE', #10885, #3248, #5081, .T. ) ;
#6269 = LINE ( 'NONE', #8639, #8341 ) ;
#6271 = DIRECTION ( 'NONE',  ( 1.000000000000000000, 0.0000000000000000000, 0.0000000000000000000 ) ) ;
#6270 = LINE ( 'NONE', #7841, #3119 ) ;
#6272 = B_SPLINE_CURVE_WITH_KNOTS ( 'NONE', 3,
 ( #2822, #7715, #508, #2318 ),
 .UNSPECIFIED., .F., .F.,
 ( 4, 4 ),
 ( 28.00000000000000000, 29.00000000000000000 ),
 .UNSPECIFIED. ) ;
#6273 = DIRECTION ( 'NONE',  ( 1.000000000000000000, 0.0000000000000000000, 0.0000000000000000000 ) ) ;
#6274 = ORIENTED_EDGE ( 'NONE', *, *, #8852, .F. ) ;
#6275 = CARTESIAN_POINT ( 'NONE',  ( -7.360168000972892699, 15.00666401979160547, 1.209999999999999964 ) ) ;
#6276 = EDGE_LOOP ( 'NONE', ( #8647, #10501 ) ) ;
#6277 = FACE_OUTER_BOUND ( 'NONE', #2522, .T. ) ;
#6278 = VERTEX_POINT ( 'NONE', #3913 ) ;
#6279 = EDGE_CURVE ( 'NONE', #5392, #1623, #3035, .T. ) ;
#6280 = CARTESIAN_POINT ( 'NONE',  ( -7.936540472586226080, 13.51461140987665033, 1.199999999999999956 ) ) ;
#6281 = FACE_OUTER_BOUND ( 'NONE', #9840, .T. ) ;
#6282 = DIRECTION ( 'NONE',  ( 0.0000000000000000000, -0.0000000000000000000, -1.000000000000000000 ) ) ;
#6283 = CARTESIAN_POINT ( 'NONE',  ( -7.906560785998597574, 13.54372463153266715, 1.209999999999999964 ) ) ;
#6284 = ORIENTED_EDGE ( 'NONE', *, *, #4928, .T. ) ;
#6285 = LINE ( 'NONE', #1933, #7955 ) ;
#6286 = CARTESIAN_POINT ( 'NONE',  ( -11.06540173831820972, 14.51462587601447041, 1.209999999999999964 ) ) ;
#6287 = ORIENTED_EDGE ( 'NONE', *, *, #2238, .T. ) ;
#6288 = VERTEX_POINT ( 'NONE', #10776 ) ;
#6289 = CARTESIAN_POINT ( 'NONE',  ( -6.598718620255776379, 14.00918959207152348, 1.199999999999999956 ) ) ;
#6290 = B_SPLINE_SURFACE_WITH_KNOTS ( 'NONE', 3, 1, ( 
 ( #1141, #5436 ),
 ( #7991, #315 ),
 ( #793, #733 ),
 ( #4233, #7566 ) ),
 .UNSPECIFIED., .F., .F., .F.,
 ( 4, 4 ),
 ( 2, 2 ),
 ( 5.000000000000000000, 6.000000000000000000 ),
 ( 0.0000000000000000000, 1.000000000000000000 ),
 .UNSPECIFIED. ) ;
#6291 = ADVANCED_FACE ( 'NONE', ( #3121 ), #6290, .F. ) ;
#6292 = CARTESIAN_POINT ( 'NONE',  ( -5.258297373139829922, 14.00918959207152348, 1.199999999999999956 ) ) ;
#6293 = CARTESIAN_POINT ( 'NONE',  ( -11.25338014403910769, 13.59401374989802136, 1.209999999999999964 ) ) ;
#6294 = B_SPLINE_CURVE_WITH_KNOTS ( 'NONE', 3,
 ( #6376, #2350, #2299, #9138 ),
 .UNSPECIFIED., .F., .F.,
 ( 4, 4 ),
 ( 3.000000000000000000, 4.000000000000000000 ),
 .UNSPECIFIED. ) ;
#6295 = LINE ( 'NONE', #2876, #2033 ) ;
#6296 = DIRECTION ( 'NONE',  ( -0.0000000000000000000, -0.0000000000000000000, -1.000000000000000000 ) ) ;
#6297 = CARTESIAN_POINT ( 'NONE',  ( -6.511205662297182784, 13.63660967205741414, 1.209999999999999964 ) ) ;
#6298 = DIRECTION ( 'NONE',  ( -0.0000000000000000000, -0.0000000000000000000, -1.000000000000000000 ) ) ;
#6299 = ORIENTED_EDGE ( 'NONE', *, *, #1466, .T. ) ;
#6300 = CARTESIAN_POINT ( 'NONE',  ( -7.000000000000000888, -16.75000000000000000, 1.199999999999999956 ) ) ;
#6301 = LINE ( 'NONE', #9726, #6732 ) ;
#6302 = EDGE_CURVE ( 'NONE', #5687, #1297, #1977, .T. ) ;
#6303 = CARTESIAN_POINT ( 'NONE',  ( -7.993033986039764116, 14.99626644062642633, 1.209999999999999964 ) ) ;
#6304 = DIRECTION ( 'NONE',  ( -0.0000000000000000000, -0.0000000000000000000, -1.000000000000000000 ) ) ;
#6305 = ORIENTED_EDGE ( 'NONE', *, *, #10118, .T. ) ;
#6306 = CARTESIAN_POINT ( 'NONE',  ( -6.950849967915857519, 13.15485517082968592, 1.209999999999999964 ) ) ;
#6307 = DIRECTION ( 'NONE',  ( 1.000000000000000000, 0.0000000000000000000, 0.0000000000000000000 ) ) ;
#6308 = EDGE_LOOP ( 'NONE', ( #1094, #5734, #9493, #6485, #8107, #8449, #7145, #7477, #8444, #9459, #2549, #2527 ) ) ;
#6309 = DIRECTION ( 'NONE',  ( -0.0000000000000000000, -0.0000000000000000000, 1.000000000000000000 ) ) ;
#6310 = EDGE_CURVE ( 'NONE', #6098, #5187, #3491, .T. ) ;
#6311 = EDGE_CURVE ( 'NONE', #8250, #7666, #3397, .T. ) ;
#6312 = EDGE_LOOP ( 'NONE', ( #11068, #7252, #4341, #6055 ) ) ;
#6313 = FACE_OUTER_BOUND ( 'NONE', #8462, .T. ) ;
#6314 = AXIS2_PLACEMENT_3D ( 'NONE', #34, #6056, #942 ) ;
#6315 = CARTESIAN_POINT ( 'NONE',  ( -7.395173184157256330, 13.75167621479475955, 1.209999999999999964 ) ) ;
#6316 = CARTESIAN_POINT ( 'NONE',  ( 4.209999999999999964, 14.75000000000000355, 1.600000000000000089 ) ) ;
#6317 = ADVANCED_FACE ( 'NONE', ( #1782 ), #6729, .F. ) ;
#6318 = EDGE_CURVE ( 'NONE', #8741, #10405, #4391, .T. ) ;
#6319 = CARTESIAN_POINT ( 'NONE',  ( -9.330217317496021678, 13.99889023120733178, 1.199999999999999956 ) ) ;
#6320 = ORIENTED_EDGE ( 'NONE', *, *, #4841, .T. ) ;
#6322 = CARTESIAN_POINT ( 'NONE',  ( 1.270000000000000240, 14.75000000000000178, -7.100000000000000533 ) ) ;
#6321 = VECTOR ( 'NONE', #2541, 1000.000000000000000 ) ;
#6323 = EDGE_LOOP ( 'NONE', ( #10548, #8312, #322, #5976 ) ) ;
#6324 = FACE_OUTER_BOUND ( 'NONE', #404, .T. ) ;
#6325 = DIRECTION ( 'NONE',  ( -0.0000000000000000000, 1.000000000000000000, -0.0000000000000000000 ) ) ;
#6326 = CYLINDRICAL_SURFACE ( 'NONE', #7108, 1.000000000000000888 ) ;
#6327 = ORIENTED_EDGE ( 'NONE', *, *, #10399, .T. ) ;
#6328 = DIRECTION ( 'NONE',  ( -0.0000000000000000000, -0.0000000000000000000, -1.000000000000000000 ) ) ;
#6329 = EDGE_LOOP ( 'NONE', ( #4140, #940 ) ) ;
#6330 = DIRECTION ( 'NONE',  ( 0.0000000000000000000, -0.0000000000000000000, 1.000000000000000000 ) ) ;
#6331 = CARTESIAN_POINT ( 'NONE',  ( -7.744011965081448956, 15.09608320059462017, 1.209999999999999964 ) ) ;
#6332 = VERTEX_POINT ( 'NONE', #10153 ) ;
#6333 = DIRECTION ( 'NONE',  ( -0.0000000000000000000, 1.000000000000000000, -0.0000000000000000000 ) ) ;
#6334 = ORIENTED_EDGE ( 'NONE', *, *, #9358, .T. ) ;
#6335 = LINE ( 'NONE', #2763, #6966 ) ;
#6336 = ORIENTED_EDGE ( 'NONE', *, *, #6809, .T. ) ;
#6337 = VECTOR ( 'NONE', #8924, 1000.000000000000000 ) ;
#6338 = APPROVAL ( #301, '未指定' ) ;
#6339 = VERTEX_POINT ( 'NONE', #5696 ) ;
#6340 = VERTEX_POINT ( 'NONE', #6021 ) ;
#6341 = PLANE ( 'NONE',  #10133 ) ;
#6342 = CARTESIAN_POINT ( 'NONE',  ( 12.95000000000000107, 14.25000000000000178, 1.199999999999999956 ) ) ;
#6343 = VECTOR ( 'NONE', #10513, 1000.000000000000000 ) ;
#6344 = DIRECTION ( 'NONE',  ( 1.000000000000000000, 0.0000000000000000000, 0.0000000000000000000 ) ) ;
#6345 = CARTESIAN_POINT ( 'NONE',  ( 1.270000000000000240, 14.75000000000000178, -7.100000000000000533 ) ) ;
#6346 = CARTESIAN_POINT ( 'NONE',  ( -7.438149844697894864, 13.69241001356753173, 1.209999999999999964 ) ) ;
#6347 = DIRECTION ( 'NONE',  ( -0.7071067811865574537, 0.7071067811865376918, -0.0000000000000000000 ) ) ;
#6348 = FACE_OUTER_BOUND ( 'NONE', #4371, .T. ) ;
#6349 = DIRECTION ( 'NONE',  ( -1.000000000000000000, 0.0000000000000000000, 0.0000000000000000000 ) ) ;
#6350 = EDGE_CURVE ( 'NONE', #7239, #5282, #2483, .T. ) ;
#6351 = CARTESIAN_POINT ( 'NONE',  ( -6.867496041622388248, 14.48401237385580131, 1.209999999999999964 ) ) ;
#6352 = VERTEX_POINT ( 'NONE', #1648 ) ;
#6353 = CARTESIAN_POINT ( 'NONE',  ( -7.758395282923619796, 14.47326820871890973, 1.209999999999999964 ) ) ;
#6354 = CARTESIAN_POINT ( 'NONE',  ( -8.126989464258420170, 13.93120774834882880, 1.199999999999999956 ) ) ;
#6355 = DIRECTION ( 'NONE',  ( -1.000000000000000000, 0.0000000000000000000, 0.0000000000000000000 ) ) ;
#6356 = CARTESIAN_POINT ( 'NONE',  ( -7.818701242068282653, 15.01706159895216786, 1.209999999999999964 ) ) ;
#6357 = VECTOR ( 'NONE', #6379, 1000.000000000000114 ) ;
#6358 = AXIS2_PLACEMENT_3D ( 'NONE', #4638, #10658, #193 ) ;
#6359 = VERTEX_POINT ( 'NONE', #4849 ) ;
#6360 = DIRECTION ( 'NONE',  ( 0.7071067811865475727, 0.7071067811865475727, -0.0000000000000000000 ) ) ;
#6361 = ORIENTED_EDGE ( 'NONE', *, *, #1314, .F. ) ;
#6362 = DIRECTION ( 'NONE',  ( 0.0000000000000000000, 1.000000000000000000, -0.0000000000000000000 ) ) ;
#6363 = ADVANCED_FACE ( 'NONE', ( #11051 ), #909, .F. ) ;
#6364 = CARTESIAN_POINT ( 'NONE',  ( -7.625652855605935976, 15.08672537934918978, 1.199999999999999956 ) ) ;
#6365 = CARTESIAN_POINT ( 'NONE',  ( -8.030291978040246192, 13.46089058420139750, 1.199999999999999956 ) ) ;
#6366 = ORIENTED_EDGE ( 'NONE', *, *, #7893, .T. ) ;
#6367 = VECTOR ( 'NONE', #10786, 1000.000000000000000 ) ;
#6368 = CARTESIAN_POINT ( 'NONE',  ( -7.876754392396827953, 13.31983009355342240, 1.209999999999999964 ) ) ;
#6369 = CARTESIAN_POINT ( 'NONE',  ( -7.471248805033219753, 13.78806774186596584, 1.209999999999999964 ) ) ;
#6370 = EDGE_CURVE ( 'NONE', #1566, #6487, #5965, .T. ) ;
#6371 = CARTESIAN_POINT ( 'NONE',  ( -7.758915161881168032, 13.75756817632308326, 1.199999999999999956 ) ) ;
#6372 = VECTOR ( 'NONE', #2596, 1000.000000000000000 ) ;
#6373 = CARTESIAN_POINT ( 'NONE',  ( -5.646127075927692474, 13.67646705885035630, 1.199999999999999956 ) ) ;
#6374 = VECTOR ( 'NONE', #7705, 1000.000000000000114 ) ;
#6375 = LINE ( 'NONE', #2749, #5289 ) ;
#6376 = CARTESIAN_POINT ( 'NONE',  ( -7.919557759951618259, 13.41132879018670288, 1.199999999999999956 ) ) ;
#6377 = B_SPLINE_SURFACE_WITH_KNOTS ( 'NONE', 3, 1, ( 
 ( #8537, #2370 ),
 ( #5120, #1701 ),
 ( #4280, #10875 ),
 ( #3216, #1522 ) ),
 .UNSPECIFIED., .F., .F., .F.,
 ( 4, 4 ),
 ( 2, 2 ),
 ( 6.000000000000000000, 7.000000000000000000 ),
 ( 0.0000000000000000000, 1.000000000000000000 ),
 .UNSPECIFIED. ) ;
#6378 = DIRECTION ( 'NONE',  ( 0.0000000000000000000, -1.000000000000000000, -0.0000000000000000000 ) ) ;
#6379 = DIRECTION ( 'NONE',  ( -0.7071067811865474617, -0.7071067811865474617, -0.0000000000000000000 ) ) ;
#6380 = ORIENTED_EDGE ( 'NONE', *, *, #7555, .F. ) ;
#6381 = ADVANCED_FACE ( 'NONE', ( #4340 ), #3510, .F. ) ;
#6382 = VECTOR ( 'NONE', #8450, 1000.000000000000000 ) ;
#6383 = CARTESIAN_POINT ( 'NONE',  ( -11.16662095057663073, 13.67595305967071084, 1.199999999999999956 ) ) ;
#6384 = ADVANCED_FACE ( 'NONE', ( #9398 ), #2602, .F. ) ;
#6385 = PLANE ( 'NONE',  #6498 ) ;
#6386 = CARTESIAN_POINT ( 'NONE',  ( -5.220000000000001528, 10.30000000000000249, -2.500000000000000000 ) ) ;
#6387 = DIRECTION ( 'NONE',  ( 1.000000000000000000, 0.0000000000000000000, 0.0000000000000000000 ) ) ;
#6388 = VERTEX_POINT ( 'NONE', #1710 ) ;
#6389 = DIRECTION ( 'NONE',  ( -0.0000000000000000000, -0.0000000000000000000, 1.000000000000000000 ) ) ;
#6390 = AXIS2_PLACEMENT_3D ( 'NONE', #3369, #6769, #3302 ) ;
#6391 = ORIENTED_EDGE ( 'NONE', *, *, #8938, .T. ) ;
#6392 = AXIS2_PLACEMENT_3D ( 'NONE', #52, #6845, #5959 ) ;
#6393 = ORIENTED_EDGE ( 'NONE', *, *, #1954, .T. ) ;
#6394 = ORIENTED_EDGE ( 'NONE', *, *, #8915, .F. ) ;
#6395 = DIRECTION ( 'NONE',  ( 1.000000000000000000, 0.0000000000000000000, 0.0000000000000000000 ) ) ;
#6396 = ORIENTED_EDGE ( 'NONE', *, *, #2328, .F. ) ;
#6397 = CARTESIAN_POINT ( 'NONE',  ( -7.525662802654181860, 13.72776178271899816, 1.199999999999999956 ) ) ;
#6398 = VECTOR ( 'NONE', #6239, 1000.000000000000114 ) ;
#6399 = EDGE_CURVE ( 'NONE', #10418, #457, #7797, .T. ) ;
#6400 = CARTESIAN_POINT ( 'NONE',  ( -6.203610612057373075, 14.59214719715429709, 1.209999999999999964 ) ) ;
#6401 = CARTESIAN_POINT ( 'NONE',  ( -7.082725930301961625, 13.10321386098472374, 1.199999999999999956 ) ) ;
#6402 = EDGE_CURVE ( 'NONE', #4323, #5749, #10260, .T. ) ;
#6403 = EDGE_CURVE ( 'NONE', #4153, #8177, #8605, .T. ) ;
#6404 = DIRECTION ( 'NONE',  ( 1.000000000000000000, 0.0000000000000000000, 0.0000000000000000000 ) ) ;
#6405 = CARTESIAN_POINT ( 'NONE',  ( -6.018533702951326170, 13.93120774834882880, 1.209999999999999964 ) ) ;
#6406 = CARTESIAN_POINT ( 'NONE',  ( -8.259999999999996234, 8.259999999999996234, 0.0000000000000000000 ) ) ;
#6407 = DIRECTION ( 'NONE',  ( 1.000000000000000000, -0.0000000000000000000, -0.0000000000000000000 ) ) ;
#6408 = B_SPLINE_CURVE_WITH_KNOTS ( 'NONE', 3,
 ( #1322, #1211, #7206, #10620 ),
 .UNSPECIFIED., .F., .F.,
 ( 4, 4 ),
 ( 11.00000000000000000, 12.00000000000000000 ),
 .UNSPECIFIED. ) ;
#6409 = ORIENTED_EDGE ( 'NONE', *, *, #5775, .T. ) ;
#6410 = ORIENTED_EDGE ( 'NONE', *, *, #908, .F. ) ;
#6411 = CARTESIAN_POINT ( 'NONE',  ( -1.670000000000000151, 14.75000000000000178, -2.500000000000000444 ) ) ;
#6412 = VECTOR ( 'NONE', #9199, 1000.000000000000000 ) ;
#6413 = DIRECTION ( 'NONE',  ( -0.0000000000000000000, -0.0000000000000000000, -1.000000000000000000 ) ) ;
#6414 = CARTESIAN_POINT ( 'NONE',  ( -7.227598866643366371, 13.54303145958927068, 1.199999999999999956 ) ) ;
#6415 = LINE ( 'NONE', #7140, #1936 ) ;
#6416 = CARTESIAN_POINT ( 'NONE',  ( -10.57858613110296098, 13.54099447772641085, 1.199999999999999956 ) ) ;
#6417 = VECTOR ( 'NONE', #1062, 1000.000000000000000 ) ;
#6418 = ORIENTED_EDGE ( 'NONE', *, *, #9638, .T. ) ;
#6419 = DIRECTION ( 'NONE',  ( 0.0000000000000000000, 0.0000000000000000000, 1.000000000000000000 ) ) ;
#6420 = DIRECTION ( 'NONE',  ( -0.0000000000000000000, -0.0000000000000000000, -1.000000000000000000 ) ) ;
#6421 = DIRECTION ( 'NONE',  ( -0.0000000000000000000, -0.0000000000000000000, -1.000000000000000000 ) ) ;
#6422 = ORIENTED_EDGE ( 'NONE', *, *, #8597, .F. ) ;
#6423 = DIRECTION ( 'NONE',  ( 0.0000000000000000000, 0.0000000000000000000, 1.000000000000000000 ) ) ;
#6424 = AXIS2_PLACEMENT_3D ( 'NONE', #9641, #9686, #880 ) ;
#6425 = EDGE_CURVE ( 'NONE', #4631, #6938, #10320, .T. ) ;
#6426 = EDGE_CURVE ( 'NONE', #4355, #6058, #9519, .T. ) ;
#6427 = CARTESIAN_POINT ( 'NONE',  ( -7.641249224351385649, 13.33126743063374597, 1.209999999999999964 ) ) ;
#6428 = CARTESIAN_POINT ( 'NONE',  ( -6.495089414594157340, 14.75192333029313829, 1.209999999999999964 ) ) ;
#6429 = VECTOR ( 'NONE', #9690, 1000.000000000000114 ) ;
#6430 = CARTESIAN_POINT ( 'NONE',  ( -5.670214800984680892, 13.52604874695694903, 1.199999999999999956 ) ) ;
#6431 = ORIENTED_EDGE ( 'NONE', *, *, #417, .T. ) ;
#6432 = CARTESIAN_POINT ( 'NONE',  ( -7.253766107537557239, 13.35830113645489625, 1.199999999999999956 ) ) ;
#6433 = CARTESIAN_POINT ( 'NONE',  ( -9.768833352355718702, 15.01590115727772812, 1.209999999999999964 ) ) ;
#6434 = CARTESIAN_POINT ( 'NONE',  ( -10.97382266116828298, 14.78454322377911012, 1.199999999999999956 ) ) ;
#6435 = ORIENTED_EDGE ( 'NONE', *, *, #477, .F. ) ;
#6436 = CARTESIAN_POINT ( 'NONE',  ( -17.00000000000000355, 11.50000000000000000, 2.700000000000000178 ) ) ;
#6437 = VERTEX_POINT ( 'NONE', #9709 ) ;
#6438 = EDGE_CURVE ( 'NONE', #3699, #5271, #7876, .T. ) ;
#6439 = CARTESIAN_POINT ( 'NONE',  ( -11.06540183025160751, 13.67595305967071084, 1.199999999999999956 ) ) ;
#6440 = CARTESIAN_POINT ( 'NONE',  ( -9.330217317496021678, 13.80127196617351970, 1.209999999999999964 ) ) ;
#6441 = EDGE_CURVE ( 'NONE', #1438, #1948, #6335, .T. ) ;
#6442 = DIRECTION ( 'NONE',  ( 0.0000000000000000000, 0.0000000000000000000, 1.000000000000000000 ) ) ;
#6443 = LINE ( 'NONE', #9915, #4557 ) ;
#6444 = DIRECTION ( 'NONE',  ( 0.0000000000000000000, -0.0000000000000000000, -1.000000000000000000 ) ) ;
#6445 = B_SPLINE_CURVE_WITH_KNOTS ( 'NONE', 3,
 ( #3045, #9096, #6449, #4769 ),
 .UNSPECIFIED., .F., .F.,
 ( 4, 4 ),
 ( 35.00000000000000000, 36.00000000000000000 ),
 .UNSPECIFIED. ) ;
#6446 = ORIENTED_EDGE ( 'NONE', *, *, #9948, .F. ) ;
#6447 = ORIENTED_EDGE ( 'NONE', *, *, #984, .T. ) ;
#6448 = ORIENTED_EDGE ( 'NONE', *, *, #8370, .T. ) ;
#6449 = CARTESIAN_POINT ( 'NONE',  ( -9.233818172791853129, 14.54836533763605821, 1.199999999999999956 ) ) ;
#6450 = EDGE_CURVE ( 'NONE', #9573, #10467, #6181, .T. ) ;
#6451 = ADVANCED_FACE ( 'NONE', ( #9567 ), #8926, .F. ) ;
#6452 = DIRECTION ( 'NONE',  ( -0.0000000000000000000, 0.0000000000000000000, 1.000000000000000000 ) ) ;
#6453 = DIRECTION ( 'NONE',  ( 1.000000000000000000, -0.0000000000000000000, -0.0000000000000000000 ) ) ;
#6454 = CARTESIAN_POINT ( 'NONE',  ( -5.771504551333230815, 13.98679147362315334, 1.209999999999999964 ) ) ;
#6455 = CARTESIAN_POINT ( 'NONE',  ( -9.233818172791853129, 14.54836533763605821, 1.209999999999999964 ) ) ;
#6456 = LINE ( 'NONE', #3104, #3745 ) ;
#6457 = EDGE_CURVE ( 'NONE', #2574, #1894, #10009, .T. ) ;
#6458 = FACE_OUTER_BOUND ( 'NONE', #5751, .T. ) ;
#6459 = CARTESIAN_POINT ( 'NONE',  ( -17.00000000000000355, 11.50000000000000000, 2.700000000000000178 ) ) ;
#6460 = EDGE_CURVE ( 'NONE', #2893, #1344, #7007, .T. ) ;
#6461 = ORIENTED_EDGE ( 'NONE', *, *, #4003, .F. ) ;
#6462 = CARTESIAN_POINT ( 'NONE',  ( -17.69999999999999574, 16.75000000000000000, 1.199999999999999956 ) ) ;
#6463 = ORIENTED_EDGE ( 'NONE', *, *, #2809, .F. ) ;
#6464 = EDGE_CURVE ( 'NONE', #5382, #2163, #243, .T. ) ;
#6465 = FACE_OUTER_BOUND ( 'NONE', #10754, .T. ) ;
#6466 = ORIENTED_EDGE ( 'NONE', *, *, #9638, .F. ) ;
#6467 = B_SPLINE_SURFACE_WITH_KNOTS ( 'NONE', 3, 1, ( 
 ( #8944, #9932 ),
 ( #4568, #4784 ),
 ( #2270, #7133 ),
 ( #7980, #4684 ) ),
 .UNSPECIFIED., .F., .F., .F.,
 ( 4, 4 ),
 ( 2, 2 ),
 ( 10.00000000000000000, 11.00000000000000000 ),
 ( 0.0000000000000000000, 1.000000000000000000 ),
 .UNSPECIFIED. ) ;
#6468 = CARTESIAN_POINT ( 'NONE',  ( 16.70000000000000284, 14.25000000000000178, 0.0000000000000000000 ) ) ;
#6469 = ORIENTED_EDGE ( 'NONE', *, *, #3749, .T. ) ;
#6470 = CARTESIAN_POINT ( 'NONE',  ( -6.495089414594157340, 14.75192333029313829, 1.199999999999999956 ) ) ;
#6471 = CARTESIAN_POINT ( 'NONE',  ( -6.050766198357377057, 14.95051709230978609, 1.209999999999999964 ) ) ;
#6472 = ORIENTED_EDGE ( 'NONE', *, *, #10709, .T. ) ;
#6473 = CARTESIAN_POINT ( 'NONE',  ( -6.500000000000000000, -11.36787109524561856, -0.03397984811026048824 ) ) ;
#6474 = ORIENTED_EDGE ( 'NONE', *, *, #7082, .T. ) ;
#6475 = ORIENTED_EDGE ( 'NONE', *, *, #803, .T. ) ;
#6476 = LINE ( 'NONE', #3020, #10150 ) ;
#6477 = FACE_OUTER_BOUND ( 'NONE', #2095, .T. ) ;
#6478 = CARTESIAN_POINT ( 'NONE',  ( -7.854746183167766738, 13.38949387394582935, 1.209999999999999964 ) ) ;
#6479 = LINE ( 'NONE', #483, #5371 ) ;
#6480 = ORIENTED_EDGE ( 'NONE', *, *, #5255, .T. ) ;
#6481 = DIRECTION ( 'NONE',  ( -1.000000000000000000, 0.0000000000000000000, 0.0000000000000000000 ) ) ;
#6482 = CARTESIAN_POINT ( 'NONE',  ( -10.07249062140200735, 13.47833488657492751, 1.209999999999999964 ) ) ;
#6483 = EDGE_CURVE ( 'NONE', #3208, #5402, #1120, .T. ) ;
#6484 = CARTESIAN_POINT ( 'NONE',  ( 5.079999999999999183, 16.01999999999999957, -2.500000000000000000 ) ) ;
#6485 = ORIENTED_EDGE ( 'NONE', *, *, #7353, .F. ) ;
#6486 = CARTESIAN_POINT ( 'NONE',  ( -5.419806436141834105, 13.33126743063374597, 1.209999999999999964 ) ) ;
#6487 = VERTEX_POINT ( 'NONE', #9762 ) ;
#6488 = B_SPLINE_CURVE_WITH_KNOTS ( 'NONE', 3,
 ( #7753, #8434, #9409, #1659 ),
 .UNSPECIFIED., .F., .F.,
 ( 4, 4 ),
 ( 4.000000000000000000, 5.000000000000000000 ),
 .UNSPECIFIED. ) ;
#6489 = VECTOR ( 'NONE', #1183, 999.9999999999998863 ) ;
#6491 = CARTESIAN_POINT ( 'NONE',  ( -6.511205662297182784, 13.93120774834882880, 1.209999999999999964 ) ) ;
#6490 = CARTESIAN_POINT ( 'NONE',  ( -7.927875823281901546, 14.94185244300777349, 1.199999999999999956 ) ) ;
#6492 = CARTESIAN_POINT ( 'NONE',  ( -6.955008999581013818, 15.08464586351430547, 1.199999999999999956 ) ) ;
#6493 = ORIENTED_EDGE ( 'NONE', *, *, #3540, .F. ) ;
#6494 = DIRECTION ( 'NONE',  ( 0.0000000000000000000, 0.0000000000000000000, 1.000000000000000000 ) ) ;
#6495 = LINE ( 'NONE', #7285, #3422 ) ;
#6496 = ADVANCED_FACE ( 'NONE', ( #5297 ), #226, .F. ) ;
#6497 = ORIENTED_EDGE ( 'NONE', *, *, #6826, .T. ) ;
#6498 = AXIS2_PLACEMENT_3D ( 'NONE', #9814, #2145, #8973 ) ;
#6499 = DIRECTION ( 'NONE',  ( -1.000000000000000000, 0.0000000000000000000, 0.0000000000000000000 ) ) ;
#6500 = DIRECTION ( 'NONE',  ( 0.3315284183504020876, 0.9434452330824936173, -0.0000000000000000000 ) ) ;
#6501 = CARTESIAN_POINT ( 'NONE',  ( -6.234110177600258318, 13.33126743063374597, 1.199999999999999956 ) ) ;
#6502 = DIRECTION ( 'NONE',  ( 1.000000000000000000, 0.0000000000000000000, 0.0000000000000000000 ) ) ;
#6503 = DIRECTION ( 'NONE',  ( 1.000000000000000000, 0.0000000000000000000, 0.0000000000000000000 ) ) ;
#6504 = VECTOR ( 'NONE', #10229, 1000.000000000000000 ) ;
#6505 = CARTESIAN_POINT ( 'NONE',  ( -9.783293187289487491, 14.71224386524809091, 1.199999999999999956 ) ) ;
#6506 = FACE_OUTER_BOUND ( 'NONE', #9548, .T. ) ;
#6507 = EDGE_CURVE ( 'NONE', #10915, #10248, #281, .T. ) ;
#6508 = ORIENTED_EDGE ( 'NONE', *, *, #10564, .T. ) ;
#6509 = ORIENTED_EDGE ( 'NONE', *, *, #9689, .T. ) ;
#6510 = B_SPLINE_CURVE_WITH_KNOTS ( 'NONE', 3,
 ( #1774, #10985, #10316, #2659 ),
 .UNSPECIFIED., .F., .F.,
 ( 4, 4 ),
 ( 6.000000000000000000, 7.000000000000000000 ),
 .UNSPECIFIED. ) ;
#6511 = CARTESIAN_POINT ( 'NONE',  ( -8.003951444160202655, 14.48782481954923895, 1.199999999999999956 ) ) ;
#6512 = ORIENTED_EDGE ( 'NONE', *, *, #8310, .F. ) ;
#6513 = DIRECTION ( 'NONE',  ( -0.0000000000000000000, -0.0000000000000000000, -1.000000000000000000 ) ) ;
#6514 = CARTESIAN_POINT ( 'NONE',  ( -11.32085943501356695, 14.58692523454548784, 1.209999999999999964 ) ) ;
#6515 = EDGE_CURVE ( 'NONE', #6586, #8629, #1020, .T. ) ;
#6516 = VECTOR ( 'NONE', #8871, 1000.000000000000000 ) ;
#6517 = EDGE_CURVE ( 'NONE', #3846, #5284, #7117, .T. ) ;
#6518 = EDGE_CURVE ( 'NONE', #1783, #1148, #2797, .T. ) ;
#6519 = ORIENTED_EDGE ( 'NONE', *, *, #3662, .F. ) ;
#6521 = CARTESIAN_POINT ( 'NONE',  ( -6.013681499342751202, 15.08464586351430547, 1.209999999999999964 ) ) ;
#6520 = VECTOR ( 'NONE', #9370, 1000.000000000000114 ) ;
#6522 = ORIENTED_EDGE ( 'NONE', *, *, #4483, .F. ) ;
#6523 = AXIS2_PLACEMENT_3D ( 'NONE', #2428, #10048, #6800 ) ;
#6524 = CARTESIAN_POINT ( 'NONE',  ( -1.269999999999999796, 14.75000000000000178, -7.100000000000000533 ) ) ;
#6525 = VERTEX_POINT ( 'NONE', #9613 ) ;
#6526 = FACE_OUTER_BOUND ( 'NONE', #10389, .T. ) ;
#6527 = ORIENTED_EDGE ( 'NONE', *, *, #6946, .F. ) ;
#6528 = PLANE ( 'NONE',  #9453 ) ;
#6529 = VERTEX_POINT ( 'NONE', #8023 ) ;
#6530 = ORIENTED_EDGE ( 'NONE', *, *, #9082, .F. ) ;
#6531 = PRODUCT_DEFINITION_FORMATION_WITH_SPECIFIED_SOURCE ( '任何', '', #1658, .NOT_KNOWN. ) ;
#6532 = DIRECTION ( 'NONE',  ( -0.0000000000000000000, -0.0000000000000000000, -1.000000000000000000 ) ) ;
#6533 = CARTESIAN_POINT ( 'NONE',  ( -7.726162787517545816, 13.52778167681551658, 1.209999999999999964 ) ) ;
#6534 = B_SPLINE_CURVE_WITH_KNOTS ( 'NONE', 3,
 ( #3988, #7386, #10809, #8347 ),
 .UNSPECIFIED., .F., .F.,
 ( 4, 4 ),
 ( 6.000000000000000000, 7.000000000000000000 ),
 .UNSPECIFIED. ) ;
#6535 = ADVANCED_FACE ( 'NONE', ( #7170 ), #8170, .F. ) ;
#6536 = ADVANCED_FACE ( 'NONE', ( #9666 ), #2923, .F. ) ;
#6537 = CARTESIAN_POINT ( 'NONE',  ( -3.810000000000000053, 14.75000000000000178, -7.100000000000000533 ) ) ;
#6538 = VERTEX_POINT ( 'NONE', #6611 ) ;
#6539 = CARTESIAN_POINT ( 'NONE',  ( -6.403070839003302872, 14.75434943209973504, 1.209999999999999964 ) ) ;
#6540 = CARTESIAN_POINT ( 'NONE',  ( -2.540000000000000036, 13.47999999999999865, 0.0000000000000000000 ) ) ;
#6541 = CARTESIAN_POINT ( 'NONE',  ( -7.390147687560519429, 13.82653878477206355, 1.199999999999999956 ) ) ;
#6542 = DIRECTION ( 'NONE',  ( -0.0000000000000000000, -0.0000000000000000000, -1.000000000000000000 ) ) ;
#6543 = VERTEX_POINT ( 'NONE', #1405 ) ;
#6544 = DIRECTION ( 'NONE',  ( -0.7071067811865574537, 0.7071067811865376918, -0.0000000000000000000 ) ) ;
#6545 = ORIENTED_EDGE ( 'NONE', *, *, #5453, .F. ) ;
#6546 = EDGE_LOOP ( 'NONE', ( #4030, #10172 ) ) ;
#6547 = CARTESIAN_POINT ( 'NONE',  ( -10.07249062140200735, 13.47833488657492751, 1.209999999999999964 ) ) ;
#6548 = VECTOR ( 'NONE', #3360, 1000.000000000000000 ) ;
#6549 = VECTOR ( 'NONE', #1912, 1000.000000000000000 ) ;
#6550 = LINE ( 'NONE', #8286, #4192 ) ;
#6551 = LINE ( 'NONE', #6386, #9996 ) ;
#6552 = ORIENTED_EDGE ( 'NONE', *, *, #3863, .T. ) ;
#6553 = LINE ( 'NONE', #3092, #4737 ) ;
#6554 = CARTESIAN_POINT ( 'NONE',  ( -7.927875823281901546, 14.94185244300777349, 1.209999999999999964 ) ) ;
#6555 = ORIENTED_EDGE ( 'NONE', *, *, #8047, .T. ) ;
#6556 = ORIENTED_EDGE ( 'NONE', *, *, #2274, .F. ) ;
#6557 = AXIS2_PLACEMENT_3D ( 'NONE', #8476, #3389, #3272 ) ;
#6558 = ORIENTED_EDGE ( 'NONE', *, *, #50, .F. ) ;
#6559 = VECTOR ( 'NONE', #1905, 1000.000000000000000 ) ;
#6560 = CARTESIAN_POINT ( 'NONE',  ( -11.28711978952518180, 14.87612239286012894, 1.199999999999999956 ) ) ;
#6561 = CARTESIAN_POINT ( 'NONE',  ( -8.388661873198030250, 13.71424492980840348, 1.199999999999999956 ) ) ;
#6562 = EDGE_CURVE ( 'NONE', #6773, #3855, #4938, .T. ) ;
#6563 = EDGE_CURVE ( 'NONE', #9565, #9435, #8128, .T. ) ;
#6564 = CARTESIAN_POINT ( 'NONE',  ( -6.920870281330543605, 13.41167537615842775, 1.209999999999999964 ) ) ;
#6565 = CARTESIAN_POINT ( 'NONE',  ( -4.580000000000007176, 13.47999999999999865, -2.500000000000000000 ) ) ;
#6566 = CARTESIAN_POINT ( 'NONE',  ( -11.06540183025160751, 13.29999624822893800, 1.199999999999999956 ) ) ;
#6567 = VECTOR ( 'NONE', #9911, 1000.000000000000000 ) ;
#6568 = CARTESIAN_POINT ( 'NONE',  ( -7.824246617622566013, 13.75756817632308326, 1.209999999999999964 ) ) ;
#6569 = ORIENTED_EDGE ( 'NONE', *, *, #6253, .F. ) ;
#6570 = CARTESIAN_POINT ( 'NONE',  ( -6.403070839003302872, 14.75434943209973504, 1.209999999999999964 ) ) ;
#6571 = ORIENTED_EDGE ( 'NONE', *, *, #9628, .F. ) ;
#6572 = CARTESIAN_POINT ( 'NONE',  ( -9.209718386616387420, 13.54581436141388195, 1.199999999999999956 ) ) ;
#6573 = AXIS2_PLACEMENT_3D ( 'NONE', #428, #6542, #7161 ) ;
#6574 = EDGE_CURVE ( 'NONE', #4044, #9235, #7225, .T. ) ;
#6575 = ORIENTED_EDGE ( 'NONE', *, *, #4489, .T. ) ;
#6576 = ORIENTED_EDGE ( 'NONE', *, *, #6311, .F. ) ;
#6577 = VECTOR ( 'NONE', #7682, 1000.000000000000000 ) ;
#6578 = EDGE_CURVE ( 'NONE', #6072, #145, #1604, .T. ) ;
#6579 = ORIENTED_EDGE ( 'NONE', *, *, #3887, .F. ) ;
#6580 = FACE_OUTER_BOUND ( 'NONE', #10700, .T. ) ;
#6581 = CARTESIAN_POINT ( 'NONE',  ( -7.903268219262718830, 13.39677217936099396, 1.209999999999999964 ) ) ;
#6582 = VERTEX_POINT ( 'NONE', #9974 ) ;
#6583 = CARTESIAN_POINT ( 'NONE',  ( -6.505313700773485586, 14.50168825843153186, 1.209999999999999964 ) ) ;
#6584 = ORIENTED_EDGE ( 'NONE', *, *, #741, .T. ) ;
#6585 = DIRECTION ( 'NONE',  ( 0.0000000000000000000, 0.0000000000000000000, 1.000000000000000000 ) ) ;
#6586 = VERTEX_POINT ( 'NONE', #9203 ) ;
#6587 = CARTESIAN_POINT ( 'NONE',  ( -7.583369367008716999, 14.51867097106845783, 1.209999999999999964 ) ) ;
#6588 = EDGE_CURVE ( 'NONE', #8525, #8213, #922, .T. ) ;
#6589 = AXIS2_PLACEMENT_3D ( 'NONE', #4628, #3791, #10601 ) ;
#6590 = CARTESIAN_POINT ( 'NONE',  ( -5.201803859686291887, 13.87506082086700054, 1.209999999999999964 ) ) ;
#6591 = CARTESIAN_POINT ( 'NONE',  ( -6.437209557253773973, 14.56511349132851940, 1.209999999999999964 ) ) ;
#6592 = CARTESIAN_POINT ( 'NONE',  ( -7.726162787517545816, 13.63903577386402866, 1.209999999999999964 ) ) ;
#6593 = ORIENTED_EDGE ( 'NONE', *, *, #4270, .F. ) ;
#6594 = EDGE_CURVE ( 'NONE', #7118, #5839, #4151, .T. ) ;
#6595 = FACE_OUTER_BOUND ( 'NONE', #8082, .T. ) ;
#6596 = VERTEX_POINT ( 'NONE', #4767 ) ;
#6597 = DIRECTION ( 'NONE',  ( 0.0000000000000000000, 0.0000000000000000000, 1.000000000000000000 ) ) ;
#6598 = EDGE_CURVE ( 'NONE', #9164, #8717, #8183, .T. ) ;
#6599 = CARTESIAN_POINT ( 'NONE',  ( 16.99999999999999645, 11.50000000000000178, 2.700000000000000178 ) ) ;
#6600 = VECTOR ( 'NONE', #6220, 1000.000000000000000 ) ;
#6601 = CARTESIAN_POINT ( 'NONE',  ( -7.982982992848597803, 13.69899514703465293, 1.209999999999999964 ) ) ;
#6602 = ORIENTED_EDGE ( 'NONE', *, *, #3203, .F. ) ;
#6603 = FACE_OUTER_BOUND ( 'NONE', #5941, .T. ) ;
#6604 = EDGE_LOOP ( 'NONE', ( #6793, #8492, #5694, #2124 ) ) ;
#6605 = CARTESIAN_POINT ( 'NONE',  ( -5.516503922360016077, 13.33126743063374597, 1.199999999999999956 ) ) ;
#6606 = AXIS2_PLACEMENT_3D ( 'NONE', #2061, #7144, #6419 ) ;
#6608 = CARTESIAN_POINT ( 'NONE',  ( -11.16662095057663073, 13.67595305967071084, 1.199999999999999956 ) ) ;
#6607 = CARTESIAN_POINT ( 'NONE',  ( -10.69908497005151204, 13.81573207690749072, 1.199999999999999956 ) ) ;
#6609 = DIRECTION ( 'NONE',  ( -1.000000000000000000, 0.0000000000000000000, 0.0000000000000000000 ) ) ;
#6610 = DIRECTION ( 'NONE',  ( -0.0000000000000000000, -1.000000000000000000, -0.0000000000000000000 ) ) ;
#6611 = CARTESIAN_POINT ( 'NONE',  ( 5.079999999999999183, 13.97999999999999332, -2.500000000000000000 ) ) ;
#6612 = ORIENTED_EDGE ( 'NONE', *, *, #10493, .F. ) ;
#6613 = ORIENTED_EDGE ( 'NONE', *, *, #6101, .F. ) ;
#6614 = VECTOR ( 'NONE', #7440, 1000.000000000000000 ) ;
#6615 = VERTEX_POINT ( 'NONE', #9033 ) ;
#6616 = CARTESIAN_POINT ( 'NONE',  ( -10.78584416351398900, 13.91695119723481255, 1.199999999999999956 ) ) ;
#6617 = CARTESIAN_POINT ( 'NONE',  ( -13.71000000000000085, -4.099999999999998757, 2.600000000000000533 ) ) ;
#6618 = DIRECTION ( 'NONE',  ( 0.0000000000000000000, -1.000000000000000000, 0.0000000000000000000 ) ) ;
#6619 = CARTESIAN_POINT ( 'NONE',  ( -5.212374731832720265, 13.92254309904219411, 1.199999999999999956 ) ) ;
#6620 = DIRECTION ( 'NONE',  ( -0.0000000000000000000, -0.0000000000000000000, 1.000000000000000000 ) ) ;
#6621 = FACE_OUTER_BOUND ( 'NONE', #3959, .T. ) ;
#6622 = B_SPLINE_CURVE_WITH_KNOTS ( 'NONE', 3,
 ( #9546, #6057, #1915, #5219 ),
 .UNSPECIFIED., .F., .F.,
 ( 4, 4 ),
 ( 2.000000000000000000, 3.000000000000000000 ),
 .UNSPECIFIED. ) ;
#6623 = ORIENTED_EDGE ( 'NONE', *, *, #6646, .T. ) ;
#6624 = ORIENTED_EDGE ( 'NONE', *, *, #9923, .T. ) ;
#6625 = DIRECTION ( 'NONE',  ( -1.000000000000000000, 0.0000000000000000000, 0.0000000000000000000 ) ) ;
#6626 = EDGE_LOOP ( 'NONE', ( #11098, #830, #10659, #3885 ) ) ;
#6627 = EDGE_CURVE ( 'NONE', #3919, #856, #9128, .T. ) ;
#6628 = LINE ( 'NONE', #3958, #7432 ) ;
#6629 = ORIENTED_EDGE ( 'NONE', *, *, #7399, .T. ) ;
#6630 = ORIENTED_EDGE ( 'NONE', *, *, #1233, .F. ) ;
#6631 = EDGE_CURVE ( 'NONE', #8363, #4505, #7139, .T. ) ;
#6632 = VERTEX_POINT ( 'NONE', #3939 ) ;
#6633 = DIRECTION ( 'NONE',  ( 0.0000000000000000000, 1.000000000000000000, 0.0000000000000000000 ) ) ;
#6634 = EDGE_LOOP ( 'NONE', ( #7675, #3497, #5302, #6198 ) ) ;
#6635 = CARTESIAN_POINT ( 'NONE',  ( -12.03421325292343269, 13.71451268077996666, 1.199999999999999956 ) ) ;
#6636 = VERTEX_POINT ( 'NONE', #3886 ) ;
#6637 = DIRECTION ( 'NONE',  ( 0.0000000000000000000, 0.0000000000000000000, -1.000000000000000000 ) ) ;
#6638 = VERTEX_POINT ( 'NONE', #2199 ) ;
#6639 = CARTESIAN_POINT ( 'NONE',  ( -11.68235622765479498, 13.73861274275561684, 1.199999999999999956 ) ) ;
#6640 = VERTEX_POINT ( 'NONE', #555 ) ;
#6641 = CARTESIAN_POINT ( 'NONE',  ( -7.927875823281901546, 14.94185244300777349, 1.209999999999999964 ) ) ;
#6642 = CARTESIAN_POINT ( 'NONE',  ( -7.816275140263978294, 13.82653878477206355, 1.209999999999999964 ) ) ;
#6643 = CARTESIAN_POINT ( 'NONE',  ( -5.770031560952896932, 13.91006600404674742, 1.199999999999999956 ) ) ;
#6644 = DIRECTION ( 'NONE',  ( 0.0000000000000000000, 0.0000000000000000000, -1.000000000000000000 ) ) ;
#6645 = VERTEX_POINT ( 'NONE', #7334 ) ;
#6646 = EDGE_CURVE ( 'NONE', #4071, #9565, #2149, .T. ) ;
#6647 = CARTESIAN_POINT ( 'NONE',  ( -7.919557759951618259, 13.41132879018670288, 1.199999999999999956 ) ) ;
#6648 = ORIENTED_EDGE ( 'NONE', *, *, #2433, .F. ) ;
#6649 = DIRECTION ( 'NONE',  ( -0.8863488427958619020, -0.4630180653866937668, 0.0000000000000000000 ) ) ;
#6650 = CARTESIAN_POINT ( 'NONE',  ( -5.354648273386310109, 13.51669092570689301, 1.209999999999999964 ) ) ;
#6651 = ORIENTED_EDGE ( 'NONE', *, *, #4736, .F. ) ;
#6652 = B_SPLINE_SURFACE_WITH_KNOTS ( 'NONE', 3, 1, ( 
 ( #7280, #10694 ),
 ( #6005, #778 ),
 ( #6659, #10080 ),
 ( #2528, #4213 ) ),
 .UNSPECIFIED., .F., .F., .F.,
 ( 4, 4 ),
 ( 2, 2 ),
 ( 18.00000000000000000, 19.00000000000000000 ),
 ( 0.0000000000000000000, 1.000000000000000000 ),
 .UNSPECIFIED. ) ;
#6653 = ORIENTED_EDGE ( 'NONE', *, *, #1262, .F. ) ;
#6654 = LINE ( 'NONE', #6706, #3826 ) ;
#6655 = EDGE_CURVE ( 'NONE', #3412, #10832, #6495, .T. ) ;
#6656 = FACE_BOUND ( 'NONE', #4279, .T. ) ;
#6657 = EDGE_CURVE ( 'NONE', #1077, #2379, #2312, .T. ) ;
#6658 = EDGE_LOOP ( 'NONE', ( #6305, #469, #8093, #9942 ) ) ;
#6660 = CARTESIAN_POINT ( 'NONE',  ( -7.758395282923619796, 14.47326820871890973, 1.199999999999999956 ) ) ;
#6659 = CARTESIAN_POINT ( 'NONE',  ( -11.58595708295062643, 14.58692523454548784, 1.209999999999999964 ) ) ;
#6661 = PLANE ( 'NONE',  #9823 ) ;
#6662 = ORIENTED_EDGE ( 'NONE', *, *, #1528, .F. ) ;
#6663 = CARTESIAN_POINT ( 'NONE',  ( -7.083072516275969122, 14.40672370207652264, 1.209999999999999964 ) ) ;
#6664 = EDGE_CURVE ( 'NONE', #3174, #2649, #6534, .T. ) ;
#6665 = B_SPLINE_CURVE_WITH_KNOTS ( 'NONE', 3,
 ( #9522, #1076, #6909, #7693 ),
 .UNSPECIFIED., .F., .F.,
 ( 4, 4 ),
 ( 1.000000000000000000, 2.000000000000000000 ),
 .UNSPECIFIED. ) ;
#6666 = DIRECTION ( 'NONE',  ( -0.0000000000000000000, -0.0000000000000000000, -1.000000000000000000 ) ) ;
#6667 = EDGE_LOOP ( 'NONE', ( #3267, #2868, #9882, #6834, #582, #1797, #642 ) ) ;
#6668 = ORIENTED_EDGE ( 'NONE', *, *, #3606, .F. ) ;
#6669 = CARTESIAN_POINT ( 'NONE',  ( -6.769065625545668041, 14.48401237385580131, 1.199999999999999956 ) ) ;
#6670 = DIRECTION ( 'NONE',  ( -1.000000000000000000, -0.0000000000000000000, -0.0000000000000000000 ) ) ;
#6671 = LINE ( 'NONE', #4890, #3354 ) ;
#6672 = CARTESIAN_POINT ( 'NONE',  ( 6.500000000000000000, -11.16501158252347636, 1.431180503930323589 ) ) ;
#6673 = B_SPLINE_CURVE_WITH_KNOTS ( 'NONE', 3,
 ( #6896, #6719, #8645, #1764 ),
 .UNSPECIFIED., .F., .F.,
 ( 4, 4 ),
 ( 19.00000000000000000, 20.00000000000000000 ),
 .UNSPECIFIED. ) ;
#6674 = DIRECTION ( 'NONE',  ( -0.0000000000000000000, -0.0000000000000000000, -1.000000000000000000 ) ) ;
#6675 = CARTESIAN_POINT ( 'NONE',  ( -7.982982992848596027, 13.78148260839884465, 1.199999999999999956 ) ) ;
#6676 = LINE ( 'NONE', #1353, #7949 ) ;
#6677 = VECTOR ( 'NONE', #8124, 1000.000000000000000 ) ;
#6678 = ORIENTED_EDGE ( 'NONE', *, *, #4281, .T. ) ;
#6679 = DIRECTION ( 'NONE',  ( -1.000000000000000000, 0.0000000000000000000, 0.0000000000000000000 ) ) ;
#6680 = ORIENTED_EDGE ( 'NONE', *, *, #4079, .F. ) ;
#6681 = EDGE_LOOP ( 'NONE', ( #9341, #873, #1043, #8910 ) ) ;
#6682 = CARTESIAN_POINT ( 'NONE',  ( -6.249533253359885521, 13.93120774834882880, 1.199999999999999956 ) ) ;
#6683 = VECTOR ( 'NONE', #266, 1000.000000000000000 ) ;
#6684 = PLANE ( 'NONE',  #1396 ) ;
#6685 = CARTESIAN_POINT ( 'NONE',  ( -9.706173945071018494, 14.37484685878232860, 1.209999999999999964 ) ) ;
#6686 = ORIENTED_EDGE ( 'NONE', *, *, #10908, .T. ) ;
#6687 = EDGE_LOOP ( 'NONE', ( #3742, #3599, #9097, #8806 ) ) ;
#6688 = CYLINDRICAL_SURFACE ( 'NONE', #10298, 1.500000000000003109 ) ;
#6689 = ORIENTED_EDGE ( 'NONE', *, *, #2915, .F. ) ;
#6690 = CARTESIAN_POINT ( 'NONE',  ( -7.905282750225886446, 13.81531806392463935, 1.209999999999999964 ) ) ;
#6691 = CARTESIAN_POINT ( 'NONE',  ( -5.225544998776202377, 13.87506082086700054, 1.199999999999999956 ) ) ;
#6692 = VECTOR ( 'NONE', #3776, 1000.000000000000000 ) ;
#6693 = ORIENTED_EDGE ( 'NONE', *, *, #1842, .F. ) ;
#6694 = PLANE ( 'NONE',  #5661 ) ;
#6695 = CARTESIAN_POINT ( 'NONE',  ( -5.212374731832720265, 13.92254309904219589, 1.199999999999999956 ) ) ;
#6696 = CARTESIAN_POINT ( 'NONE',  ( -6.495089414594157340, 14.75192333029313829, 1.209999999999999964 ) ) ;
#6697 = VECTOR ( 'NONE', #2897, 1000.000000000000000 ) ;
#6698 = EDGE_CURVE ( 'NONE', #9988, #7719, #5784, .T. ) ;
#6699 = DIRECTION ( 'NONE',  ( 1.000000000000000000, -0.0000000000000000000, -0.0000000000000000000 ) ) ;
#6700 = CARTESIAN_POINT ( 'NONE',  ( -0.4999999999999935052, 13.47999999999999865, -2.500000000000000000 ) ) ;
#6701 = VERTEX_POINT ( 'NONE', #1463 ) ;
#6702 = CARTESIAN_POINT ( 'NONE',  ( -10.69908497005151204, 13.81573207690749072, 1.209999999999999964 ) ) ;
#6703 = CARTESIAN_POINT ( 'NONE',  ( -7.083072516275969122, 14.40672370207652264, 1.209999999999999964 ) ) ;
#6704 = ORIENTED_EDGE ( 'NONE', *, *, #5960, .T. ) ;
#6705 = ORIENTED_EDGE ( 'NONE', *, *, #4692, .F. ) ;
#6706 = CARTESIAN_POINT ( 'NONE',  ( -5.099387704925637976, 13.59328642554276456, 1.209999999999999964 ) ) ;
#6707 = CARTESIAN_POINT ( 'NONE',  ( -5.646127075927692474, 13.76103403604481556, 1.209999999999999964 ) ) ;
#6708 = EDGE_LOOP ( 'NONE', ( #5159, #311, #5506, #6986 ) ) ;
#6709 = VECTOR ( 'NONE', #8847, 1000.000000000000000 ) ;
#6710 = B_SPLINE_CURVE_WITH_KNOTS ( 'NONE', 3,
 ( #10169, #6639, #5811, #11009 ),
 .UNSPECIFIED., .F., .F.,
 ( 4, 4 ),
 ( 17.00000000000000000, 18.00000000000000000 ),
 .UNSPECIFIED. ) ;
#6711 = EDGE_CURVE ( 'NONE', #8373, #6022, #4939, .T. ) ;
#6712 = DIRECTION ( 'NONE',  ( 1.000000000000000000, -0.0000000000000000000, -0.0000000000000000000 ) ) ;
#6713 = ORIENTED_EDGE ( 'NONE', *, *, #1320, .T. ) ;
#6714 = PLANE ( 'NONE',  #10439 ) ;
#6715 = CARTESIAN_POINT ( 'NONE',  ( -6.598718620255776379, 14.00918959207152348, 1.209999999999999964 ) ) ;
#6716 = ORIENTED_EDGE ( 'NONE', *, *, #9892, .F. ) ;
#6717 = AXIS2_PLACEMENT_3D ( 'NONE', #1150, #9846, #8156 ) ;
#6718 = CARTESIAN_POINT ( 'NONE',  ( -10.78584416351398900, 13.91695119723481255, 1.199999999999999956 ) ) ;
#6719 = CARTESIAN_POINT ( 'NONE',  ( -11.22928026592793316, 14.58692523454548784, 1.199999999999999956 ) ) ;
#6720 = ADVANCED_FACE ( 'NONE', ( #1515 ), #5173, .F. ) ;
#6721 = ORIENTED_EDGE ( 'NONE', *, *, #6664, .T. ) ;
#6722 = DIRECTION ( 'NONE',  ( -0.0000000000000000000, -1.000000000000000000, -0.0000000000000000000 ) ) ;
#6723 = DIRECTION ( 'NONE',  ( -1.224646799147353207E-16, 1.000000000000000000, 0.0000000000000000000 ) ) ;
#6724 = FACE_BOUND ( 'NONE', #5556, .T. ) ;
#6725 = LINE ( 'NONE', #8421, #10253 ) ;
#6726 = CARTESIAN_POINT ( 'NONE',  ( -9.768833352355718702, 15.01590115727772812, 1.199999999999999956 ) ) ;
#6727 = CARTESIAN_POINT ( 'NONE',  ( -8.003951444160202655, 14.48782481954923895, 1.209999999999999964 ) ) ;
#6728 = ORIENTED_EDGE ( 'NONE', *, *, #6866, .F. ) ;
#6729 = PLANE ( 'NONE',  #3407 ) ;
#6730 = AXIS2_PLACEMENT_3D ( 'NONE', #8879, #1801, #5211 ) ;
#6731 = EDGE_CURVE ( 'NONE', #2430, #10405, #8411, .T. ) ;
#6732 = VECTOR ( 'NONE', #9777, 1000.000000000000000 ) ;
#6733 = ORIENTED_EDGE ( 'NONE', *, *, #7541, .T. ) ;
#6734 = LINE ( 'NONE', #631, #7537 ) ;
#6735 = ORIENTED_EDGE ( 'NONE', *, *, #5378, .T. ) ;
#6736 = ORIENTED_EDGE ( 'NONE', *, *, #9586, .F. ) ;
#6737 = ADVANCED_FACE ( 'NONE', ( #5835 ), #5510, .F. ) ;
#6738 = ADVANCED_FACE ( 'NONE', ( #6009 ), #9267, .F. ) ;
#6739 = VECTOR ( 'NONE', #2683, 1000.000000000000000 ) ;
#6740 = CARTESIAN_POINT ( 'NONE',  ( -8.111566388498816949, 13.33126743063374597, 1.209999999999999964 ) ) ;
#6741 = LINE ( 'NONE', #10998, #10433 ) ;
#6742 = CARTESIAN_POINT ( 'NONE',  ( -7.726162787517545816, 13.33126743063374597, 1.199999999999999956 ) ) ;
#6743 = B_SPLINE_SURFACE_WITH_KNOTS ( 'NONE', 3, 1, ( 
 ( #6222, #8696 ),
 ( #9605, #4540 ),
 ( #7844, #5508 ),
 ( #7953, #6170 ) ),
 .UNSPECIFIED., .F., .F., .F.,
 ( 4, 4 ),
 ( 2, 2 ),
 ( 5.000000000000000000, 6.000000000000000000 ),
 ( 0.0000000000000000000, 1.000000000000000000 ),
 .UNSPECIFIED. ) ;
#6744 = DIRECTION ( 'NONE',  ( -0.0000000000000000000, -0.0000000000000000000, -1.000000000000000000 ) ) ;
#6745 = ORIENTED_EDGE ( 'NONE', *, *, #5109, .F. ) ;
#6746 = EDGE_LOOP ( 'NONE', ( #1865, #7952, #10926, #9443, #4302, #7968, #7528 ) ) ;
#6747 = DIRECTION ( 'NONE',  ( 0.7071067811865474617, -0.7071067811865474617, -0.0000000000000000000 ) ) ;
#6748 = ORIENTED_EDGE ( 'NONE', *, *, #9526, .F. ) ;
#6749 = FACE_OUTER_BOUND ( 'NONE', #1867, .T. ) ;
#6750 = VERTEX_POINT ( 'NONE', #7733 ) ;
#6751 = DIRECTION ( 'NONE',  ( -1.000000000000000000, 0.0000000000000000000, 0.0000000000000000000 ) ) ;
#6752 = AXIS2_PLACEMENT_3D ( 'NONE', #9239, #1548, #10900 ) ;
#6753 = ORIENTED_EDGE ( 'NONE', *, *, #10493, .T. ) ;
#6754 = LINE ( 'NONE', #6814, #1383 ) ;
#6755 = ORIENTED_EDGE ( 'NONE', *, *, #8302, .T. ) ;
#6756 = DIRECTION ( 'NONE',  ( 0.0000000000000000000, -0.0000000000000000000, 1.000000000000000000 ) ) ;
#6757 = ORIENTED_EDGE ( 'NONE', *, *, #2146, .F. ) ;
#6758 = CARTESIAN_POINT ( 'NONE',  ( 8.713066640240183958, -8.672079492129114442, 0.0000000000000000000 ) ) ;
#6759 = DIRECTION ( 'NONE',  ( -0.0000000000000000000, -1.000000000000000000, -0.0000000000000000000 ) ) ;
#6760 = DIRECTION ( 'NONE',  ( -1.000000000000000000, 0.0000000000000000000, 0.0000000000000000000 ) ) ;
#6761 = VECTOR ( 'NONE', #3952, 1000.000000000000114 ) ;
#6762 = FACE_OUTER_BOUND ( 'NONE', #5563, .T. ) ;
#6763 = ORIENTED_EDGE ( 'NONE', *, *, #9811, .F. ) ;
#6764 = CARTESIAN_POINT ( 'NONE',  ( -10.05321071891630069, 14.15312908337324060, 1.209999999999999964 ) ) ;
#6765 = ORIENTED_EDGE ( 'NONE', *, *, #1050, .F. ) ;
#6766 = CARTESIAN_POINT ( 'NONE',  ( -5.920103286874582871, 13.40855610241303886, 1.199999999999999956 ) ) ;
#6767 = CARTESIAN_POINT ( 'NONE',  ( -12.95000000000000107, 14.25000000000000178, 1.099999999999999867 ) ) ;
#6768 = ORIENTED_EDGE ( 'NONE', *, *, #3643, .F. ) ;
#6769 = DIRECTION ( 'NONE',  ( 0.0000000000000000000, 0.0000000000000000000, 1.000000000000000000 ) ) ;
#6770 = ORIENTED_EDGE ( 'NONE', *, *, #6939, .T. ) ;
#6771 = DIRECTION ( 'NONE',  ( 0.0000000000000000000, 0.0000000000000000000, -1.000000000000000000 ) ) ;
#6772 = ORIENTED_EDGE ( 'NONE', *, *, #3798, .F. ) ;
#6773 = VERTEX_POINT ( 'NONE', #7504 ) ;
#6774 = AXIS2_PLACEMENT_3D ( 'NONE', #730, #8479, #9517 ) ;
#6775 = EDGE_CURVE ( 'NONE', #7090, #2690, #3880, .T. ) ;
#6776 = FACE_OUTER_BOUND ( 'NONE', #8584, .T. ) ;
#6777 = LINE ( 'NONE', #4327, #7381 ) ;
#6778 = VECTOR ( 'NONE', #8006, 1000.000000000000000 ) ;
#6779 = CARTESIAN_POINT ( 'NONE',  ( -8.476174831154338563, 13.33126743063374597, 1.209999999999999964 ) ) ;
#6780 = ORIENTED_EDGE ( 'NONE', *, *, #4940, .T. ) ;
#6781 = CARTESIAN_POINT ( 'NONE',  ( -11.06058176269505111, 13.97961060451951099, 1.199999999999999956 ) ) ;
#6782 = ORIENTED_EDGE ( 'NONE', *, *, #692, .T. ) ;
#6783 = CARTESIAN_POINT ( 'NONE',  ( -7.726162787517545816, 13.52778167681551480, 1.199999999999999956 ) ) ;
#6784 = EDGE_CURVE ( 'NONE', #9095, #1344, #6673, .T. ) ;
#6785 = EDGE_LOOP ( 'NONE', ( #6023, #8425, #4123, #3346 ) ) ;
#6786 = VECTOR ( 'NONE', #9785, 1000.000000000000000 ) ;
#6787 = CARTESIAN_POINT ( 'NONE',  ( -10.69908497005151204, 13.81573207690749072, 1.209999999999999964 ) ) ;
#6788 = CARTESIAN_POINT ( 'NONE',  ( -5.164719160667035958, 14.00918959207152348, 1.209999999999999964 ) ) ;
#6789 = DIRECTION ( 'NONE',  ( -0.0000000000000000000, 0.0000000000000000000, 1.000000000000000000 ) ) ;
#6790 = CARTESIAN_POINT ( 'NONE',  ( -13.71000000000000085, 8.599999999999999645, 2.700000000000000178 ) ) ;
#6791 = DIRECTION ( 'NONE',  ( -0.0000000000000000000, -0.0000000000000000000, -1.000000000000000000 ) ) ;
#6792 = FACE_OUTER_BOUND ( 'NONE', #5472, .T. ) ;
#6793 = ORIENTED_EDGE ( 'NONE', *, *, #9756, .F. ) ;
#6794 = DIRECTION ( 'NONE',  ( 0.0000000000000000000, 0.0000000000000000000, 1.000000000000000000 ) ) ;
#6795 = VECTOR ( 'NONE', #5495, 1000.000000000000114 ) ;
#6796 = ORIENTED_EDGE ( 'NONE', *, *, #5168, .T. ) ;
#6797 = EDGE_CURVE ( 'NONE', #2344, #8289, #3500, .T. ) ;
#6798 = EDGE_CURVE ( 'NONE', #4925, #4977, #2010, .T. ) ;
#6799 = VERTEX_POINT ( 'NONE', #4219 ) ;
#6800 = DIRECTION ( 'NONE',  ( 0.0000000000000000000, 0.0000000000000000000, -1.000000000000000000 ) ) ;
#6801 = ORIENTED_EDGE ( 'NONE', *, *, #1934, .F. ) ;
#6802 = ADVANCED_FACE ( 'NONE', ( #8471 ), #11096, .T. ) ;
#6803 = PLANE ( 'NONE',  #7637 ) ;
#6804 = EDGE_CURVE ( 'NONE', #6886, #5633, #2412, .T. ) ;
#6805 = CARTESIAN_POINT ( 'NONE',  ( -7.089311063773702237, 13.17599691512713633, 1.199999999999999956 ) ) ;
#6806 = CARTESIAN_POINT ( 'NONE',  ( -8.090944523158912105, 14.73286110182594477, 1.209999999999999964 ) ) ;
#6807 = ORIENTED_EDGE ( 'NONE', *, *, #3848, .T. ) ;
#6808 = CARTESIAN_POINT ( 'NONE',  ( -5.948350043601348780, 14.66874269699015443, 1.199999999999999956 ) ) ;
#6809 = EDGE_CURVE ( 'NONE', #1553, #6636, #6840, .T. ) ;
#6810 = ORIENTED_EDGE ( 'NONE', *, *, #1827, .T. ) ;
#6811 = AXIS2_PLACEMENT_3D ( 'NONE', #6146, #8674, #2829 ) ;
#6812 = CARTESIAN_POINT ( 'NONE',  ( -9.653154305163530680, 14.90986208431521298, 1.209999999999999964 ) ) ;
#6813 = DIRECTION ( 'NONE',  ( 0.0000000000000000000, 0.0000000000000000000, 1.000000000000000000 ) ) ;
#6814 = CARTESIAN_POINT ( 'NONE',  ( -8.118671400925821402, 14.40672370207652264, 1.209999999999999964 ) ) ;
#6815 = ORIENTED_EDGE ( 'NONE', *, *, #4687, .T. ) ;
#6816 = CARTESIAN_POINT ( 'NONE',  ( -7.089311063773702237, 13.17599691512713633, 1.209999999999999964 ) ) ;
#6817 = ORIENTED_EDGE ( 'NONE', *, *, #2238, .F. ) ;
#6818 = CARTESIAN_POINT ( 'NONE',  ( -7.501575077592571361, 13.60818962234479734, 1.209999999999999964 ) ) ;
#6819 = DIRECTION ( 'NONE',  ( -1.000000000000000000, 0.0000000000000000000, 0.0000000000000000000 ) ) ;
#6820 = LINE ( 'NONE', #10064, #1745 ) ;
#6821 = CARTESIAN_POINT ( 'NONE',  ( -7.308180105158522011, 13.50074797098971935, 1.199999999999999956 ) ) ;
#6822 = ORIENTED_EDGE ( 'NONE', *, *, #10653, .F. ) ;
#6823 = LINE ( 'NONE', #10015, #7681 ) ;
#6824 = VERTEX_POINT ( 'NONE', #10924 ) ;
#6825 = CARTESIAN_POINT ( 'NONE',  ( -5.718563544093785644, 13.47925964072056537, 1.199999999999999956 ) ) ;
#6826 = EDGE_CURVE ( 'NONE', #9435, #4087, #2650, .T. ) ;
#6827 = CARTESIAN_POINT ( 'NONE',  ( -6.567525882764849499, 14.55471591216333493, 1.209999999999999964 ) ) ;
#6828 = ORIENTED_EDGE ( 'NONE', *, *, #4290, .F. ) ;
#6829 = CARTESIAN_POINT ( 'NONE',  ( -7.882299767951113090, 13.75756817632308326, 1.199999999999999956 ) ) ;
#6830 = ORIENTED_EDGE ( 'NONE', *, *, #9734, .F. ) ;
#6831 = CARTESIAN_POINT ( 'NONE',  ( -8.476174831154338563, 15.08464586351430547, 1.209999999999999964 ) ) ;
#6832 = ORIENTED_EDGE ( 'NONE', *, *, #5649, .T. ) ;
#6833 = CARTESIAN_POINT ( 'NONE',  ( -3.810000000000000053, 14.75000000000000178, 1.600000000000000089 ) ) ;
#6834 = ORIENTED_EDGE ( 'NONE', *, *, #5917, .T. ) ;
#6835 = LINE ( 'NONE', #10302, #5797 ) ;
#6836 = DIRECTION ( 'NONE',  ( -0.7071067811865376918, -0.7071067811865573427, 0.0000000000000000000 ) ) ;
#6837 = ORIENTED_EDGE ( 'NONE', *, *, #8161, .T. ) ;
#6838 = CARTESIAN_POINT ( 'NONE',  ( 4.209999999999999964, 14.75000000000000355, 2.000000000000000000 ) ) ;
#6839 = ORIENTED_EDGE ( 'NONE', *, *, #7142, .F. ) ;
#6840 = LINE ( 'NONE', #4106, #893 ) ;
#6841 = ORIENTED_EDGE ( 'NONE', *, *, #8075, .F. ) ;
#6842 = CARTESIAN_POINT ( 'NONE',  ( -7.932554733906918898, 14.54466491897449032, 1.209999999999999964 ) ) ;
#6843 = EDGE_CURVE ( 'NONE', #10805, #9856, #10085, .T. ) ;
#6844 = DIRECTION ( 'NONE',  ( -0.0000000000000000000, -0.0000000000000000000, -1.000000000000000000 ) ) ;
#6845 = DIRECTION ( 'NONE',  ( 1.000000000000000000, 0.0000000000000000000, 0.0000000000000000000 ) ) ;
#6846 = DIRECTION ( 'NONE',  ( -0.0000000000000000000, -0.0000000000000000000, 1.000000000000000000 ) ) ;
#6847 = DIRECTION ( 'NONE',  ( -1.000000000000000000, -0.0000000000000000000, -0.0000000000000000000 ) ) ;
#6848 = FACE_OUTER_BOUND ( 'NONE', #5099, .T. ) ;
#6849 = ADVANCED_FACE ( 'NONE', ( #10249 ), #9506, .F. ) ;
#6850 = DIRECTION ( 'NONE',  ( 0.0000000000000000000, 1.000000000000000000, -0.0000000000000000000 ) ) ;
#6851 = ORIENTED_EDGE ( 'NONE', *, *, #5596, .F. ) ;
#6852 = ORIENTED_EDGE ( 'NONE', *, *, #1015, .T. ) ;
#6853 = CARTESIAN_POINT ( 'NONE',  ( -6.682939011478516100, 14.48401237385580131, 1.209999999999999964 ) ) ;
#6854 = AXIS2_PLACEMENT_3D ( 'NONE', #887, #11027, #4987 ) ;
#6855 = EDGE_CURVE ( 'NONE', #6638, #3402, #1872, .T. ) ;
#6856 = CARTESIAN_POINT ( 'NONE',  ( -7.501575077592571361, 13.60818962234479734, 1.209999999999999964 ) ) ;
#6857 = EDGE_CURVE ( 'NONE', #5697, #6640, #811, .T. ) ;
#6858 = DIRECTION ( 'NONE',  ( -1.000000000000000000, 0.0000000000000000000, 0.0000000000000000000 ) ) ;
#6859 = CARTESIAN_POINT ( 'NONE',  ( -7.289984341622917086, 13.33265377452059042, 1.209999999999999964 ) ) ;
#6860 = AXIS2_PLACEMENT_3D ( 'NONE', #1644, #849, #8601 ) ;
#6861 = CARTESIAN_POINT ( 'NONE',  ( -7.445081564139027996, 13.31983009355342240, 1.199999999999999956 ) ) ;
#6862 = ORIENTED_EDGE ( 'NONE', *, *, #8865, .F. ) ;
#6863 = VERTEX_POINT ( 'NONE', #10366 ) ;
#6864 = CARTESIAN_POINT ( 'NONE',  ( -8.476174831154338563, 14.00918959207152348, 1.209999999999999964 ) ) ;
#6865 = FACE_OUTER_BOUND ( 'NONE', #3398, .T. ) ;
#6866 = EDGE_CURVE ( 'NONE', #717, #3155, #952, .T. ) ;
#6867 = CARTESIAN_POINT ( 'NONE',  ( -11.06058185462844889, 13.01079918184770001, 1.199999999999999956 ) ) ;
#6868 = EDGE_CURVE ( 'NONE', #3437, #4183, #2858, .T. ) ;
#6869 = FACE_OUTER_BOUND ( 'NONE', #4012, .T. ) ;
#6870 = VECTOR ( 'NONE', #6699, 1000.000000000000000 ) ;
#6871 = EDGE_CURVE ( 'NONE', #2952, #1456, #8010, .T. ) ;
#6872 = FACE_OUTER_BOUND ( 'NONE', #7104, .T. ) ;
#6873 = LINE ( 'NONE', #6100, #8166 ) ;
#6874 = EDGE_CURVE ( 'NONE', #7239, #10838, #5455, .T. ) ;
#6875 = LINE ( 'NONE', #293, #3543 ) ;
#6876 = CARTESIAN_POINT ( 'NONE',  ( -7.431911297200163524, 13.65809800232659121, 1.209999999999999964 ) ) ;
#6878 = CARTESIAN_POINT ( 'NONE',  ( -6.495089414594157340, 14.75192333029313829, 1.209999999999999964 ) ) ;
#6877 = VECTOR ( 'NONE', #8008, 1000.000000000000000 ) ;
#6879 = CARTESIAN_POINT ( 'NONE',  ( -5.516503922360016077, 13.33126743063374597, 1.209999999999999964 ) ) ;
#6880 = DIRECTION ( 'NONE',  ( 0.3385350342956584546, 0.9409537876827095415, 0.0000000000000000000 ) ) ;
#6881 = ORIENTED_EDGE ( 'NONE', *, *, #3991, .T. ) ;
#6882 = EDGE_CURVE ( 'NONE', #3043, #6066, #8293, .T. ) ;
#6883 = ORIENTED_EDGE ( 'NONE', *, *, #9886, .T. ) ;
#6884 = CARTESIAN_POINT ( 'NONE',  ( -7.412329189775404892, 13.73954570577101464, 1.199999999999999956 ) ) ;
#6885 = ORIENTED_EDGE ( 'NONE', *, *, #10290, .T. ) ;
#6886 = VERTEX_POINT ( 'NONE', #1009 ) ;
#6887 = VECTOR ( 'NONE', #2348, 1000.000000000000000 ) ;
#6888 = FACE_OUTER_BOUND ( 'NONE', #7661, .T. ) ;
#6889 = ADVANCED_FACE ( 'NONE', ( #9555 ), #9701, .T. ) ;
#6890 = ORIENTED_EDGE ( 'NONE', *, *, #5235, .F. ) ;
#6891 = EDGE_CURVE ( 'NONE', #5188, #4367, #5095, .T. ) ;
#6892 = CARTESIAN_POINT ( 'NONE',  ( -11.06540183025160751, 13.29999624822893800, 1.199999999999999956 ) ) ;
#6893 = DIRECTION ( 'NONE',  ( 0.0000000000000000000, 0.0000000000000000000, 1.000000000000000000 ) ) ;
#6894 = EDGE_LOOP ( 'NONE', ( #11029, #2668, #2305, #5812 ) ) ;
#6895 = LINE ( 'NONE', #10137, #10810 ) ;
#6896 = CARTESIAN_POINT ( 'NONE',  ( -11.32085943501356695, 14.58692523454548784, 1.199999999999999956 ) ) ;
#6897 = CC_DESIGN_APPROVAL ( #10105, ( #7495 ) ) ;
#6898 = ORIENTED_EDGE ( 'NONE', *, *, #1406, .F. ) ;
#6899 = EDGE_LOOP ( 'NONE', ( #2634, #8512, #5993, #9170 ) ) ;
#6900 = B_SPLINE_CURVE_WITH_KNOTS ( 'NONE', 3,
 ( #6726, #2481, #4228, #8543 ),
 .UNSPECIFIED., .F., .F.,
 ( 4, 4 ),
 ( 1.000000000000000000, 2.000000000000000000 ),
 .UNSPECIFIED. ) ;
#6901 = VECTOR ( 'NONE', #119, 1000.000000000000114 ) ;
#6902 = LINE ( 'NONE', #8540, #4434 ) ;
#6903 = FACE_BOUND ( 'NONE', #636, .T. ) ;
#6904 = CARTESIAN_POINT ( 'NONE',  ( -12.10651261144982982, 14.09528937591381847, 1.209999999999999964 ) ) ;
#6905 = CARTESIAN_POINT ( 'NONE',  ( -9.508555588106119671, 14.63512453110084621, 1.209999999999999964 ) ) ;
#6906 = DIRECTION ( 'NONE',  ( 0.0000000000000000000, 1.000000000000000000, -0.0000000000000000000 ) ) ;
#6907 = CARTESIAN_POINT ( 'NONE',  ( -7.137486513894618412, 13.11014558042819189, 1.199999999999999956 ) ) ;
#6908 = VERTEX_POINT ( 'NONE', #10530 ) ;
#6909 = CARTESIAN_POINT ( 'NONE',  ( -6.057524624814973002, 14.97547128230067592, 1.209999999999999964 ) ) ;
#6910 = ORIENTED_EDGE ( 'NONE', *, *, #1643, .F. ) ;
#6911 = CIRCLE ( 'NONE', #6030, 0.4000000000000001887 ) ;
#6912 = EDGE_CURVE ( 'NONE', #10187, #8255, #4119, .T. ) ;
#6913 = DIRECTION ( 'NONE',  ( 0.0000000000000000000, 1.000000000000000000, -0.0000000000000000000 ) ) ;
#6914 = PLANE ( 'NONE',  #10963 ) ;
#6915 = CYLINDRICAL_SURFACE ( 'NONE', #9099, 0.4000000000000001887 ) ;
#6916 = VECTOR ( 'NONE', #10646, 1000.000000000000000 ) ;
#6917 = DIRECTION ( 'NONE',  ( 0.3416038306902429711, -0.9398440417738209707, 0.0000000000000000000 ) ) ;
#6918 = VECTOR ( 'NONE', #6813, 1000.000000000000000 ) ;
#6919 = EDGE_LOOP ( 'NONE', ( #6447, #7067, #5423, #5259 ) ) ;
#6920 = APPROVAL_ROLE ( '' ) ;
#6921 = ORIENTED_EDGE ( 'NONE', *, *, #9498, .F. ) ;
#6922 = DIRECTION ( 'NONE',  ( -0.7071067811865475727, 0.7071067811865475727, 0.0000000000000000000 ) ) ;
#6923 = EDGE_CURVE ( 'NONE', #8266, #5465, #5347, .T. ) ;
#6924 = CARTESIAN_POINT ( 'NONE',  ( -7.120850387234022527, 13.17911618887717218, 1.209999999999999964 ) ) ;
#6925 = CARTESIAN_POINT ( 'NONE',  ( -6.569432105613887352, 14.94289220092290549, 1.209999999999999964 ) ) ;
#6926 = VECTOR ( 'NONE', #861, 1000.000000000000000 ) ;
#6927 = ORIENTED_EDGE ( 'NONE', *, *, #3609, .T. ) ;
#6928 = DIRECTION ( 'NONE',  ( -1.000000000000000000, 0.0000000000000000000, 0.0000000000000000000 ) ) ;
#6929 = CARTESIAN_POINT ( 'NONE',  ( -6.074507337447293764, 14.95051709230978787, 1.199999999999999956 ) ) ;
#6930 = ADVANCED_FACE ( 'NONE', ( #2751 ), #8718, .F. ) ;
#6931 = FACE_OUTER_BOUND ( 'NONE', #302, .T. ) ;
#6932 = AXIS2_PLACEMENT_3D ( 'NONE', #4975, #3239, #3418 ) ;
#6933 = CARTESIAN_POINT ( 'NONE',  ( -6.761614027144655203, 15.08464586351430370, 1.199999999999999956 ) ) ;
#6934 = ORIENTED_EDGE ( 'NONE', *, *, #3887, .T. ) ;
#6935 = VECTOR ( 'NONE', #9378, 1000.000000000000000 ) ;
#6936 = DIRECTION ( 'NONE',  ( -0.0000000000000000000, -0.0000000000000000000, -1.000000000000000000 ) ) ;
#6937 = FACE_OUTER_BOUND ( 'NONE', #7580, .T. ) ;
#6938 = VERTEX_POINT ( 'NONE', #1112 ) ;
#6939 = EDGE_CURVE ( 'NONE', #8923, #4372, #2704, .T. ) ;
#6940 = DIRECTION ( 'NONE',  ( 0.0000000000000000000, 0.0000000000000000000, 1.000000000000000000 ) ) ;
#6941 = AXIS2_PLACEMENT_3D ( 'NONE', #10091, #3323, #8354 ) ;
#6942 = CARTESIAN_POINT ( 'NONE',  ( -3.039999999999993818, 13.47999999999999865, -2.500000000000000000 ) ) ;
#6943 = ORIENTED_EDGE ( 'NONE', *, *, #9416, .F. ) ;
#6944 = CARTESIAN_POINT ( 'NONE',  ( -7.876754392396827953, 13.31983009355342240, 1.209999999999999964 ) ) ;
#6945 = ADVANCED_FACE ( 'NONE', ( #6277 ), #331, .F. ) ;
#6946 = EDGE_CURVE ( 'NONE', #539, #3701, #6119, .T. ) ;
#6947 = CARTESIAN_POINT ( 'NONE',  ( -6.567525882764849499, 14.55471591216333493, 1.199999999999999956 ) ) ;
#6948 = B_SPLINE_CURVE_WITH_KNOTS ( 'NONE', 3,
 ( #8002, #9550, #208, #1155 ),
 .UNSPECIFIED., .F., .F.,
 ( 4, 4 ),
 ( 5.000000000000000000, 6.000000000000000000 ),
 .UNSPECIFIED. ) ;
#6949 = CARTESIAN_POINT ( 'NONE',  ( -10.41952757911408867, 14.97734151318745610, 1.209999999999999964 ) ) ;
#6950 = VERTEX_POINT ( 'NONE', #2076 ) ;
#6951 = LINE ( 'NONE', #6067, #9034 ) ;
#6952 = CARTESIAN_POINT ( 'NONE',  ( -8.058365441781164762, 14.92972193398403569, 1.209999999999999964 ) ) ;
#6953 = VECTOR ( 'NONE', #6744, 1000.000000000000000 ) ;
#6954 = ORIENTED_EDGE ( 'NONE', *, *, #6655, .F. ) ;
#6955 = CIRCLE ( 'NONE', #4994, 1.000000000000000888 ) ;
#6956 = FACE_BOUND ( 'NONE', #8500, .T. ) ;
#6957 = DIRECTION ( 'NONE',  ( -2.731847993664263218E-16, 1.000000000000000000, 0.0000000000000000000 ) ) ;
#6958 = DIRECTION ( 'NONE',  ( -0.0000000000000000000, 0.0000000000000000000, -1.000000000000000000 ) ) ;
#6959 = ORIENTED_EDGE ( 'NONE', *, *, #3801, .F. ) ;
#6960 = CARTESIAN_POINT ( 'NONE',  ( -7.999099240549312206, 14.73805989141084893, 1.209999999999999964 ) ) ;
#6961 = DIRECTION ( 'NONE',  ( 0.0000000000000000000, 1.000000000000000000, -0.0000000000000000000 ) ) ;
#6962 = VERTEX_POINT ( 'NONE', #5509 ) ;
#6963 = VERTEX_POINT ( 'NONE', #4658 ) ;
#6964 = LINE ( 'NONE', #386, #5490 ) ;
#6965 = CARTESIAN_POINT ( 'NONE',  ( -11.80285515853674916, 14.37002715896167437, 1.199999999999999956 ) ) ;
#6966 = VECTOR ( 'NONE', #3724, 1000.000000000000000 ) ;
#6967 = ORIENTED_EDGE ( 'NONE', *, *, #2187, .T. ) ;
#6968 = B_SPLINE_CURVE_WITH_KNOTS ( 'NONE', 3,
 ( #10360, #4535, #2700, #6115 ),
 .UNSPECIFIED., .F., .F.,
 ( 4, 4 ),
 ( 5.000000000000000000, 6.000000000000000000 ),
 .UNSPECIFIED. ) ;
#6969 = CARTESIAN_POINT ( 'NONE',  ( -11.25338005210570813, 14.87130246320597493, 1.209999999999999964 ) ) ;
#6970 = CARTESIAN_POINT ( 'NONE',  ( -6.106046660905298573, 13.33126743063374597, 1.209999999999999964 ) ) ;
#6971 = AXIS2_PLACEMENT_3D ( 'NONE', #9817, #10753, #2365 ) ;
#6972 = FACE_OUTER_BOUND ( 'NONE', #4526, .T. ) ;
#6973 = VERTEX_POINT ( 'NONE', #7270 ) ;
#6974 = DATE_AND_TIME ( #1035, #5304 ) ;
#6975 = EDGE_CURVE ( 'NONE', #5415, #3804, #6294, .T. ) ;
#6976 = ORIENTED_EDGE ( 'NONE', *, *, #803, .F. ) ;
#6977 = CARTESIAN_POINT ( 'NONE',  ( -9.209718386616387420, 13.54581436141388195, 1.209999999999999964 ) ) ;
#6978 = CARTESIAN_POINT ( 'NONE',  ( -6.761614027144654315, 15.08464586351430547, 1.209999999999999964 ) ) ;
#6979 = DIRECTION ( 'NONE',  ( 0.0000000000000000000, -0.0000000000000000000, 1.000000000000000000 ) ) ;
#6980 = ORIENTED_EDGE ( 'NONE', *, *, #5109, .T. ) ;
#6981 = CARTESIAN_POINT ( 'NONE',  ( -7.050493434895884981, 13.17599691512713633, 1.209999999999999964 ) ) ;
#6982 = EDGE_CURVE ( 'NONE', #9793, #2881, #2185, .T. ) ;
#6983 = FACE_OUTER_BOUND ( 'NONE', #6323, .T. ) ;
#6984 = DIRECTION ( 'NONE',  ( 0.0000000000000000000, 0.0000000000000000000, -1.000000000000000000 ) ) ;
#6985 = CARTESIAN_POINT ( 'NONE',  ( -7.854746183167766738, 13.38949387394582935, 1.199999999999999956 ) ) ;
#6986 = ORIENTED_EDGE ( 'NONE', *, *, #8932, .T. ) ;
#6987 = ORIENTED_EDGE ( 'NONE', *, *, #10866, .T. ) ;
#6988 = CARTESIAN_POINT ( 'NONE',  ( -7.921637275784168430, 13.52916802070236280, 1.209999999999999964 ) ) ;
#6989 = VERTEX_POINT ( 'NONE', #10684 ) ;
#6990 = DIRECTION ( 'NONE',  ( 0.7071067811865574537, -0.7071067811865376918, -0.0000000000000000000 ) ) ;
#6991 = VERTEX_POINT ( 'NONE', #5608 ) ;
#6992 = CARTESIAN_POINT ( 'NONE',  ( -7.641249224351385649, 13.33126743063374597, 1.209999999999999964 ) ) ;
#6993 = ADVANCED_FACE ( 'NONE', ( #10017 ), #6202, .F. ) ;
#6994 = CARTESIAN_POINT ( 'NONE',  ( -9.706173945071018494, 14.37484685878232860, 1.209999999999999964 ) ) ;
#6995 = CARTESIAN_POINT ( 'NONE',  ( -10.57858613110296098, 13.54099447772641085, 1.209999999999999964 ) ) ;
#6996 = ORIENTED_EDGE ( 'NONE', *, *, #2609, .T. ) ;
#6997 = CARTESIAN_POINT ( 'NONE',  ( -7.839496400396323672, 13.55897441430642303, 1.199999999999999956 ) ) ;
#6998 = ORIENTED_EDGE ( 'NONE', *, *, #7680, .F. ) ;
#6999 = CARTESIAN_POINT ( 'NONE',  ( -5.656351362102395086, 13.42623198698875875, 1.209999999999999964 ) ) ;
#7000 = B_SPLINE_SURFACE_WITH_KNOTS ( 'NONE', 3, 1, ( 
 ( #9423, #8733 ),
 ( #195, #2785 ),
 ( #6201, #7714 ),
 ( #24, #3478 ) ),
 .UNSPECIFIED., .F., .F., .F.,
 ( 4, 4 ),
 ( 2, 2 ),
 ( 10.00000000000000000, 11.00000000000000000 ),
 ( 0.0000000000000000000, 1.000000000000000000 ),
 .UNSPECIFIED. ) ;
#7001 = ORIENTED_EDGE ( 'NONE', *, *, #4940, .F. ) ;
#7002 = ADVANCED_FACE ( 'NONE', ( #9854 ), #4867, .F. ) ;
#7003 = EDGE_CURVE ( 'NONE', #1577, #6638, #8276, .T. ) ;
#7004 = CARTESIAN_POINT ( 'NONE',  ( -7.445081564139027996, 13.31983009355342240, 1.199999999999999956 ) ) ;
#7005 = CYLINDRICAL_SURFACE ( 'NONE', #6070, 2.249999999999998668 ) ;
#7006 = DIRECTION ( 'NONE',  ( -0.0000000000000000000, -0.0000000000000000000, -1.000000000000000000 ) ) ;
#7007 = LINE ( 'NONE', #6286, #3591 ) ;
#7008 = VERTEX_POINT ( 'NONE', #1328 ) ;
#7009 = DIRECTION ( 'NONE',  ( -1.000000000000000000, -0.0000000000000000000, -0.0000000000000000000 ) ) ;
#7010 = VERTEX_POINT ( 'NONE', #3821 ) ;
#7011 = CIRCLE ( 'NONE', #8989, 1.000000000000000888 ) ;
#7012 = FACE_OUTER_BOUND ( 'NONE', #6230, .T. ) ;
#7013 = ORIENTED_EDGE ( 'NONE', *, *, #6797, .T. ) ;
#7014 = CARTESIAN_POINT ( 'NONE',  ( -5.080000000000000071, 13.97999999999999332, -2.500000000000000000 ) ) ;
#7015 = ORIENTED_EDGE ( 'NONE', *, *, #2808, .T. ) ;
#7016 = ORIENTED_EDGE ( 'NONE', *, *, #467, .F. ) ;
#7017 = CARTESIAN_POINT ( 'NONE',  ( -7.641249224351385649, 13.64284821955283711, 1.209999999999999964 ) ) ;
#7018 = CARTESIAN_POINT ( 'NONE',  ( 3.809999999999999609, 14.75000000000000355, 2.000000000000000000 ) ) ;
#7019 = DIRECTION ( 'NONE',  ( -1.000000000000000000, 0.0000000000000000000, 0.0000000000000000000 ) ) ;
#7020 = B_SPLINE_CURVE_WITH_KNOTS ( 'NONE', 3,
 ( #827, #4268, #7668, #5999 ),
 .UNSPECIFIED., .F., .F.,
 ( 4, 4 ),
 ( 6.000000000000000000, 7.000000000000000000 ),
 .UNSPECIFIED. ) ;
#7021 = CARTESIAN_POINT ( 'NONE',  ( -7.695836514958223518, 14.39528636499620617, 1.209999999999999964 ) ) ;
#7022 = ORIENTED_EDGE ( 'NONE', *, *, #3446, .F. ) ;
#7023 = PERSON_AND_ORGANIZATION_ROLE ( 'creator' ) ;
#7024 = CARTESIAN_POINT ( 'NONE',  ( -5.072353999104488587, 13.51669092570689301, 1.199999999999999956 ) ) ;
#7025 = CARTESIAN_POINT ( 'NONE',  ( -7.667719727970837340, 14.40516406520093717, 1.209999999999999964 ) ) ;
#7026 = CARTESIAN_POINT ( 'NONE',  ( -7.927875823281901546, 14.94185244300777349, 1.209999999999999964 ) ) ;
#7027 = ORIENTED_EDGE ( 'NONE', *, *, #9298, .F. ) ;
#7028 = VECTOR ( 'NONE', #238, 1000.000000000000000 ) ;
#7029 = CARTESIAN_POINT ( 'NONE',  ( -6.070348305782141018, 14.96160784341838657, 1.209999999999999964 ) ) ;
#7030 = ADVANCED_FACE ( 'NONE', ( #4706 ), #8912, .F. ) ;
#7031 = ORIENTED_EDGE ( 'NONE', *, *, #6441, .T. ) ;
#7032 = LINE ( 'NONE', #6878, #346 ) ;
#7033 = ORIENTED_EDGE ( 'NONE', *, *, #467, .T. ) ;
#7034 = CARTESIAN_POINT ( 'NONE',  ( -6.511205662297182784, 13.40855610241303886, 1.209999999999999964 ) ) ;
#7035 = CARTESIAN_POINT ( 'NONE',  ( -0.4999999999999926170, 13.47999999999999865, 0.0000000000000000000 ) ) ;
#7036 = VERTEX_POINT ( 'NONE', #2965 ) ;
#7037 = CARTESIAN_POINT ( 'NONE',  ( -7.869649379969819059, 13.61893378748169781, 1.199999999999999956 ) ) ;
#7038 = AXIS2_PLACEMENT_3D ( 'NONE', #2588, #2466, #894 ) ;
#7039 = ORIENTED_EDGE ( 'NONE', *, *, #5826, .F. ) ;
#7040 = CARTESIAN_POINT ( 'NONE',  ( -8.003951444160202655, 14.48782481954923895, 1.199999999999999956 ) ) ;
#7041 = CARTESIAN_POINT ( 'NONE',  ( -3.810000000000000053, 14.75000000000000178, 1.199999999999999956 ) ) ;
#7042 = ADVANCED_FACE ( 'NONE', ( #1274 ), #4506, .F. ) ;
#7043 = CARTESIAN_POINT ( 'NONE',  ( -5.214454247667609010, 13.92254309904219589, 1.199999999999999956 ) ) ;
#7044 = EDGE_CURVE ( 'NONE', #3277, #7788, #8841, .T. ) ;
#7045 = CARTESIAN_POINT ( 'NONE',  ( -5.912651688473565592, 14.00918959207152525, 1.199999999999999956 ) ) ;
#7046 = AXIS2_PLACEMENT_3D ( 'NONE', #4418, #5212, #3534 ) ;
#7047 = CARTESIAN_POINT ( 'NONE',  ( -6.765079886870985604, 15.00666401979160547, 1.199999999999999956 ) ) ;
#7048 = PLANE ( 'NONE',  #4294 ) ;
#7049 = ORIENTED_EDGE ( 'NONE', *, *, #2838, .T. ) ;
#7050 = CARTESIAN_POINT ( 'NONE',  ( 6.500000000000000000, -14.83447752647037987, -0.03397984811026048824 ) ) ;
#7051 = EDGE_LOOP ( 'NONE', ( #4552, #8517, #6996, #6571 ) ) ;
#7052 = DIRECTION ( 'NONE',  ( -0.0000000000000000000, -0.0000000000000000000, 1.000000000000000000 ) ) ;
#7053 = ADVANCED_FACE ( 'NONE', ( #3976 ), #1093, .F. ) ;
#7054 = VECTOR ( 'NONE', #5616, 1000.000000000000000 ) ;
#7055 = CARTESIAN_POINT ( 'NONE',  ( -7.438149844697894864, 13.69241001356753173, 1.209999999999999964 ) ) ;
#7056 = CARTESIAN_POINT ( 'NONE',  ( -5.326921395612489007, 13.59328642554276456, 1.209999999999999964 ) ) ;
#7057 = VECTOR ( 'NONE', #9804, 1000.000000000000000 ) ;
#7058 = DIRECTION ( 'NONE',  ( -1.000000000000000000, 0.0000000000000000000, 0.0000000000000000000 ) ) ;
#7059 = ORIENTED_EDGE ( 'NONE', *, *, #8502, .T. ) ;
#7060 = CARTESIAN_POINT ( 'NONE',  ( -7.407130400192813546, 13.63626308608571769, 1.199999999999999956 ) ) ;
#7061 = VERTEX_POINT ( 'NONE', #6599 ) ;
#7062 = CARTESIAN_POINT ( 'NONE',  ( -6.920870281330543605, 13.41167537615842953, 1.209999999999999964 ) ) ;
#7063 = ORIENTED_EDGE ( 'NONE', *, *, #1241, .F. ) ;
#7064 = ORIENTED_EDGE ( 'NONE', *, *, #5326, .F. ) ;
#7065 = ORIENTED_EDGE ( 'NONE', *, *, #5847, .T. ) ;
#7066 = LINE ( 'NONE', #10484, #9074 ) ;
#7067 = ORIENTED_EDGE ( 'NONE', *, *, #2780, .F. ) ;
#7068 = EDGE_CURVE ( 'NONE', #6082, #4254, #10301, .T. ) ;
#7069 = ORIENTED_EDGE ( 'NONE', *, *, #81, .T. ) ;
#7070 = EDGE_CURVE ( 'NONE', #8409, #2738, #9906, .T. ) ;
#7071 = CARTESIAN_POINT ( 'NONE',  ( -6.965059992772179243, 13.33230718854889219, 1.199999999999999956 ) ) ;
#7072 = PLANE ( 'NONE',  #9288 ) ;
#7073 = ADVANCED_FACE ( 'NONE', ( #1562 ), #8515, .F. ) ;
#7074 = CARTESIAN_POINT ( 'NONE',  ( -11.80285515853674916, 13.90731124598849355, 1.209999999999999964 ) ) ;
#7075 = VERTEX_POINT ( 'NONE', #7486 ) ;
#7076 = APPROVAL_DATE_TIME ( #9582, #5342 ) ;
#7077 = VERTEX_POINT ( 'NONE', #5996 ) ;
#7078 = DIRECTION ( 'NONE',  ( 0.0000000000000000000, 0.0000000000000000000, 1.000000000000000000 ) ) ;
#7079 = CARTESIAN_POINT ( 'NONE',  ( -7.583369367008716999, 15.06835632282541937, 1.199999999999999956 ) ) ;
#7080 = EDGE_CURVE ( 'NONE', #3783, #3722, #822, .T. ) ;
#7081 = ADVANCED_FACE ( 'NONE', ( #4319 ), #10180, .F. ) ;
#7082 = EDGE_CURVE ( 'NONE', #8945, #10751, #10233, .T. ) ;
#7083 = B_SPLINE_CURVE_WITH_KNOTS ( 'NONE', 3,
 ( #4246, #7648, #6812, #10220 ),
 .UNSPECIFIED., .F., .F.,
 ( 4, 4 ),
 ( 0.0000000000000000000, 1.000000000000000000 ),
 .UNSPECIFIED. ) ;
#7084 = PLANE ( 'NONE',  #6358 ) ;
#7085 = EDGE_LOOP ( 'NONE', ( #5070, #1488, #4334, #2166 ) ) ;
#7086 = CIRCLE ( 'NONE', #2085, 0.3999999999999999667 ) ;
#7087 = CARTESIAN_POINT ( 'NONE',  ( 17.70000000000000995, -16.75000000000000000, 1.199999999999999956 ) ) ;
#7088 = B_SPLINE_SURFACE_WITH_KNOTS ( 'NONE', 3, 1, ( 
 ( #3602, #7777 ),
 ( #6061, #1971 ),
 ( #1105, #95 ),
 ( #7897, #262 ) ),
 .UNSPECIFIED., .F., .F., .F.,
 ( 4, 4 ),
 ( 2, 2 ),
 ( 1.000000000000000000, 2.000000000000000000 ),
 ( 0.0000000000000000000, 1.000000000000000000 ),
 .UNSPECIFIED. ) ;
#7089 = LINE ( 'NONE', #2733, #5552 ) ;
#7090 = VERTEX_POINT ( 'NONE', #8459 ) ;
#7091 = LINE ( 'NONE', #4523, #6343 ) ;
#7092 = CARTESIAN_POINT ( 'NONE',  ( -11.51847783794516999, 13.33855623707175120, 1.199999999999999956 ) ) ;
#7093 = CYLINDRICAL_SURFACE ( 'NONE', #639, 0.4000000000000001887 ) ;
#7094 = CIRCLE ( 'NONE', #7808, 0.4000000000000001887 ) ;
#7095 = VECTOR ( 'NONE', #9415, 1000.000000000000000 ) ;
#7096 = CARTESIAN_POINT ( 'NONE',  ( -6.573417844293172330, 14.43826302553916108, 1.209999999999999964 ) ) ;
#7097 = VERTEX_POINT ( 'NONE', #6650 ) ;
#7098 = DIRECTION ( 'NONE',  ( -1.000000000000000000, -0.0000000000000000000, -0.0000000000000000000 ) ) ;
#7099 = CARTESIAN_POINT ( 'NONE',  ( -14.71000000000000085, -4.099999999999998757, 2.600000000000000533 ) ) ;
#7100 = B_SPLINE_CURVE_WITH_KNOTS ( 'NONE', 3,
 ( #2905, #6315, #9742, #5500 ),
 .UNSPECIFIED., .F., .F.,
 ( 4, 4 ),
 ( 11.00000000000000000, 12.00000000000000000 ),
 .UNSPECIFIED. ) ;
#7101 = CARTESIAN_POINT ( 'NONE',  ( -7.726162787517545816, 13.52778167681551480, 1.209999999999999964 ) ) ;
#7102 = CARTESIAN_POINT ( 'NONE',  ( 12.06999999999999673, 4.449999999999996625, 0.0000000000000000000 ) ) ;
#7103 = DIRECTION ( 'NONE',  ( -0.0000000000000000000, -0.0000000000000000000, 1.000000000000000000 ) ) ;
#7104 = EDGE_LOOP ( 'NONE', ( #7430, #5538, #2742, #2447 ) ) ;
#7105 = CARTESIAN_POINT ( 'NONE',  ( -7.879180494201104779, 13.55342903874982241, 1.209999999999999964 ) ) ;
#7106 = DIRECTION ( 'NONE',  ( -1.000000000000000000, 0.0000000000000000000, 0.0000000000000000000 ) ) ;
#7107 = ADVANCED_FACE ( 'NONE', ( #7665 ), #3432, .T. ) ;
#7108 = AXIS2_PLACEMENT_3D ( 'NONE', #599, #2300, #8067 ) ;
#7109 = DIRECTION ( 'NONE',  ( 0.0000000000000000000, 0.0000000000000000000, 1.000000000000000000 ) ) ;
#7110 = CARTESIAN_POINT ( 'NONE',  ( -7.083072516275969122, 14.40672370207652264, 1.199999999999999956 ) ) ;
#7111 = VECTOR ( 'NONE', #9828, 1000.000000000000000 ) ;
#7112 = EDGE_CURVE ( 'NONE', #7442, #539, #8396, .T. ) ;
#7113 = DIRECTION ( 'NONE',  ( -0.0000000000000000000, -0.0000000000000000000, 1.000000000000000000 ) ) ;
#7114 = VERTEX_POINT ( 'NONE', #2400 ) ;
#7115 = CARTESIAN_POINT ( 'NONE',  ( -6.598718620255776379, 14.00918959207152348, 1.209999999999999964 ) ) ;
#7116 = VERTEX_POINT ( 'NONE', #5822 ) ;
#7117 = LINE ( 'NONE', #10426, #8596 ) ;
#7118 = VERTEX_POINT ( 'NONE', #1621 ) ;
#7119 = ORIENTED_EDGE ( 'NONE', *, *, #8208, .T. ) ;
#7120 = ORIENTED_EDGE ( 'NONE', *, *, #10256, .T. ) ;
#7121 = ORIENTED_EDGE ( 'NONE', *, *, #9258, .T. ) ;
#7122 = VECTOR ( 'NONE', #5723, 1000.000000000000000 ) ;
#7123 = CARTESIAN_POINT ( 'NONE',  ( 8.713066640240183958, -8.672079492129114442, 0.0000000000000000000 ) ) ;
#7124 = LINE ( 'NONE', #348, #10843 ) ;
#7125 = CARTESIAN_POINT ( 'NONE',  ( -9.894152350791914685, 13.62293360363233852, 1.209999999999999964 ) ) ;
#7126 = CARTESIAN_POINT ( 'NONE',  ( -8.111566388498816949, 13.33126743063374597, 1.199999999999999956 ) ) ;
#7127 = EDGE_CURVE ( 'NONE', #10940, #2269, #713, .T. ) ;
#7128 = CARTESIAN_POINT ( 'NONE',  ( -7.633277746992797930, 14.40845663193507775, 1.209999999999999964 ) ) ;
#7129 = CARTESIAN_POINT ( 'NONE',  ( -8.388661873198030250, 13.93120774834882880, 1.209999999999999964 ) ) ;
#7130 = ADVANCED_FACE ( 'NONE', ( #765 ), #7601, .F. ) ;
#7131 = VECTOR ( 'NONE', #7103, 1000.000000000000000 ) ;
#7132 = PERSON_AND_ORGANIZATION_ROLE ( 'classification_officer' ) ;
#7133 = CARTESIAN_POINT ( 'NONE',  ( -10.57858613110296098, 13.22769725743150282, 1.199999999999999956 ) ) ;
#7134 = CARTESIAN_POINT ( 'NONE',  ( -7.299515455854197477, 13.75756817632308326, 1.209999999999999964 ) ) ;
#7135 = CARTESIAN_POINT ( 'NONE',  ( -9.031379932137193478, 14.00371029876158069, 1.209999999999999964 ) ) ;
#7136 = DIRECTION ( 'NONE',  ( 0.7071067811865474617, 0.7071067811865474617, -0.0000000000000000000 ) ) ;
#7137 = ADVANCED_FACE ( 'NONE', ( #11021 ), #3893, .T. ) ;
#7138 = VERTEX_POINT ( 'NONE', #6767 ) ;
#7139 = CIRCLE ( 'NONE', #6971, 2.249999999999998668 ) ;
#7140 = CARTESIAN_POINT ( 'NONE',  ( -7.982982992848596027, 13.69899514703465115, 1.209999999999999964 ) ) ;
#7141 = CARTESIAN_POINT ( 'NONE',  ( -1.269999999999999796, 14.75000000000000178, 1.199999999999999956 ) ) ;
#7142 = EDGE_CURVE ( 'NONE', #2770, #1395, #2519, .T. ) ;
#7143 = ORIENTED_EDGE ( 'NONE', *, *, #1585, .F. ) ;
#7144 = DIRECTION ( 'NONE',  ( -1.000000000000000000, 0.0000000000000000000, 0.0000000000000000000 ) ) ;
#7145 = ORIENTED_EDGE ( 'NONE', *, *, #3808, .F. ) ;
#7146 = CARTESIAN_POINT ( 'NONE',  ( -8.476174831154338563, 14.00918959207152348, 1.209999999999999964 ) ) ;
#7147 = B_SPLINE_CURVE_WITH_KNOTS ( 'NONE', 3,
 ( #2210, #5580, #10883, #5630 ),
 .UNSPECIFIED., .F., .F.,
 ( 4, 4 ),
 ( 16.00000000000000000, 17.00000000000000000 ),
 .UNSPECIFIED. ) ;
#7148 = SPHERICAL_SURFACE ( 'NONE', #7322, 0.4000000000000000222 ) ;
#7149 = ORIENTED_EDGE ( 'NONE', *, *, #8793, .T. ) ;
#7150 = VECTOR ( 'NONE', #6666, 1000.000000000000000 ) ;
#7151 = CARTESIAN_POINT ( 'NONE',  ( -7.117731113486324368, 14.71206594350019969, 1.199999999999999956 ) ) ;
#7152 = ORIENTED_EDGE ( 'NONE', *, *, #523, .F. ) ;
#7153 = CARTESIAN_POINT ( 'NONE',  ( -8.003951444160202655, 14.48782481954923895, 1.209999999999999964 ) ) ;
#7154 = CARTESIAN_POINT ( 'NONE',  ( -7.988701661386450326, 13.35795455048319980, 1.209999999999999964 ) ) ;
#7155 = ADVANCED_FACE ( 'NONE', ( #4924 ), #660, .T. ) ;
#7156 = CARTESIAN_POINT ( 'NONE',  ( -7.726162787517545816, 13.40613000060642435, 1.209999999999999964 ) ) ;
#7157 = CARTESIAN_POINT ( 'NONE',  ( -11.53293758094323174, 14.87612239286012894, 1.209999999999999964 ) ) ;
#7158 = DIRECTION ( 'NONE',  ( -1.000000000000000000, 0.0000000000000000000, 0.0000000000000000000 ) ) ;
#7159 = ORIENTED_EDGE ( 'NONE', *, *, #5351, .F. ) ;
#7160 = DIRECTION ( 'NONE',  ( 0.7071067811865475727, -0.7071067811865475727, 0.0000000000000000000 ) ) ;
#7161 = DIRECTION ( 'NONE',  ( -1.000000000000000000, 0.0000000000000000000, 0.0000000000000000000 ) ) ;
#7162 = ORIENTED_EDGE ( 'NONE', *, *, #6711, .T. ) ;
#7163 = FACE_OUTER_BOUND ( 'NONE', #10914, .T. ) ;
#7164 = ORIENTED_EDGE ( 'NONE', *, *, #4333, .F. ) ;
#7165 = FACE_OUTER_BOUND ( 'NONE', #3944, .T. ) ;
#7166 = LINE ( 'NONE', #2035, #2120 ) ;
#7167 = DIRECTION ( 'NONE',  ( 1.000000000000000000, 0.0000000000000000000, 0.0000000000000000000 ) ) ;
#7168 = ORIENTED_EDGE ( 'NONE', *, *, #1458, .F. ) ;
#7169 = FACE_OUTER_BOUND ( 'NONE', #9739, .T. ) ;
#7170 = FACE_OUTER_BOUND ( 'NONE', #10947, .T. ) ;
#7171 = ORIENTED_EDGE ( 'NONE', *, *, #3033, .T. ) ;
#7172 = B_SPLINE_CURVE_WITH_KNOTS ( 'NONE', 3,
 ( #11072, #3421, #1853, #9360 ),
 .UNSPECIFIED., .F., .F.,
 ( 4, 4 ),
 ( 2.000000000000000000, 3.000000000000000000 ),
 .UNSPECIFIED. ) ;
#7173 = VERTEX_POINT ( 'NONE', #10291 ) ;
#7174 = ORIENTED_EDGE ( 'NONE', *, *, #5514, .T. ) ;
#7175 = DIRECTION ( 'NONE',  ( -1.000000000000000000, 0.0000000000000000000, 0.0000000000000000000 ) ) ;
#7176 = VECTOR ( 'NONE', #4074, 1000.000000000000114 ) ;
#7177 = B_SPLINE_SURFACE_WITH_KNOTS ( 'NONE', 3, 1, ( 
 ( #6806, #5256 ),
 ( #919, #10271 ),
 ( #2613, #11000 ),
 ( #7701, #5136 ) ),
 .UNSPECIFIED., .F., .F., .F.,
 ( 4, 4 ),
 ( 2, 2 ),
 ( 2.000000000000000000, 3.000000000000000000 ),
 ( 0.0000000000000000000, 1.000000000000000000 ),
 .UNSPECIFIED. ) ;
#7178 = LINE ( 'NONE', #2045, #9979 ) ;
#7179 = CARTESIAN_POINT ( 'NONE',  ( -7.762554314588752113, 13.42900467476706972, 1.209999999999999964 ) ) ;
#7180 = DIRECTION ( 'NONE',  ( 0.3897582650654685676, 0.9209172030172723122, 0.0000000000000000000 ) ) ;
#7181 = LINE ( 'NONE', #2932, #10522 ) ;
#7182 = CARTESIAN_POINT ( 'NONE',  ( -7.771045670904913827, 14.39528636499620617, 1.199999999999999956 ) ) ;
#7183 = CARTESIAN_POINT ( 'NONE',  ( -7.641249224351385649, 13.64284821955283711, 1.209999999999999964 ) ) ;
#7184 = EDGE_LOOP ( 'NONE', ( #3889, #2956, #10470, #7121 ) ) ;
#7185 = ORIENTED_EDGE ( 'NONE', *, *, #523, .T. ) ;
#7186 = CARTESIAN_POINT ( 'NONE',  ( -7.407130400192813546, 13.63626308608571769, 1.199999999999999956 ) ) ;
#7187 = ORIENTED_EDGE ( 'NONE', *, *, #8792, .T. ) ;
#7188 = CARTESIAN_POINT ( 'NONE',  ( -5.921316337775574645, 14.59214719715429709, 1.209999999999999964 ) ) ;
#7189 = ORIENTED_EDGE ( 'NONE', *, *, #5709, .T. ) ;
#7190 = DIRECTION ( 'NONE',  ( -0.0000000000000000000, -0.0000000000000000000, -1.000000000000000000 ) ) ;
#7191 = EDGE_CURVE ( 'NONE', #6582, #10785, #1503, .T. ) ;
#7192 = EDGE_CURVE ( 'NONE', #10126, #724, #1099, .T. ) ;
#7193 = LINE ( 'NONE', #2059, #5859 ) ;
#7194 = EDGE_CURVE ( 'NONE', #5354, #10478, #8842, .T. ) ;
#7195 = CARTESIAN_POINT ( 'NONE',  ( -7.641249224351386538, 13.64284821955283711, 1.199999999999999956 ) ) ;
#7196 = ORIENTED_EDGE ( 'NONE', *, *, #8296, .F. ) ;
#7197 = CARTESIAN_POINT ( 'NONE',  ( -6.203610612057373075, 14.59214719715429709, 1.209999999999999964 ) ) ;
#7198 = EDGE_CURVE ( 'NONE', #967, #5178, #2689, .T. ) ;
#7199 = LINE ( 'NONE', #3965, #7884 ) ;
#7200 = ORIENTED_EDGE ( 'NONE', *, *, #10596, .T. ) ;
#7201 = DIRECTION ( 'NONE',  ( -1.000000000000000000, 0.0000000000000000000, 0.0000000000000000000 ) ) ;
#7202 = ORIENTED_EDGE ( 'NONE', *, *, #5572, .F. ) ;
#7203 = DIRECTION ( 'NONE',  ( 0.0000000000000000000, -1.000000000000000000, 0.0000000000000000000 ) ) ;
#7204 = EDGE_CURVE ( 'NONE', #10186, #9991, #4366, .T. ) ;
#7205 = LINE ( 'NONE', #478, #8361 ) ;
#7206 = CARTESIAN_POINT ( 'NONE',  ( -7.372818388954187618, 13.75756817632308326, 1.199999999999999956 ) ) ;
#7207 = DIRECTION ( 'NONE',  ( 0.0000000000000000000, 0.0000000000000000000, 1.000000000000000000 ) ) ;
#7208 = ORIENTED_EDGE ( 'NONE', *, *, #2239, .T. ) ;
#7209 = ADVANCED_FACE ( 'NONE', ( #6937 ), #10489, .F. ) ;
#7211 = LINE ( 'NONE', #1387, #2137 ) ;
#7210 = AXIS2_PLACEMENT_3D ( 'NONE', #9662, #2863, #6330 ) ;
#7212 = ORIENTED_EDGE ( 'NONE', *, *, #10894, .T. ) ;
#7213 = CARTESIAN_POINT ( 'NONE',  ( -5.354648273386310109, 13.51669092570689301, 1.199999999999999956 ) ) ;
#7214 = CARTESIAN_POINT ( 'NONE',  ( -9.561575044146806590, 14.77972324815364047, 1.209999999999999964 ) ) ;
#7215 = CARTESIAN_POINT ( 'NONE',  ( -4.906512611451475436, 13.33126743063374597, 1.209999999999999964 ) ) ;
#7216 = FACE_OUTER_BOUND ( 'NONE', #6681, .T. ) ;
#7217 = EDGE_CURVE ( 'NONE', #3872, #3585, #7939, .T. ) ;
#7218 = VECTOR ( 'NONE', #6407, 1000.000000000000000 ) ;
#7219 = CARTESIAN_POINT ( 'NONE',  ( -6.018533702951326170, 13.40855610241303886, 1.209999999999999964 ) ) ;
#7220 = LINE ( 'NONE', #10635, #9732 ) ;
#7221 = DIRECTION ( 'NONE',  ( 0.0000000000000000000, -1.000000000000000000, 0.0000000000000000000 ) ) ;
#7222 = ORIENTED_EDGE ( 'NONE', *, *, #3386, .T. ) ;
#7223 = DIRECTION ( 'NONE',  ( -0.0000000000000000000, -0.0000000000000000000, -1.000000000000000000 ) ) ;
#7224 = ORIENTED_EDGE ( 'NONE', *, *, #3086, .T. ) ;
#7225 = LINE ( 'NONE', #502, #1061 ) ;
#7226 = ORIENTED_EDGE ( 'NONE', *, *, #5151, .F. ) ;
#7227 = CIRCLE ( 'NONE', #8499, 1.500000000000003109 ) ;
#7228 = EDGE_LOOP ( 'NONE', ( #8364, #8559, #7465, #2883 ) ) ;
#7229 = VERTEX_POINT ( 'NONE', #3597 ) ;
#7230 = LINE ( 'NONE', #8979, #10662 ) ;
#7231 = PLANE ( 'NONE',  #1575 ) ;
#7232 = AXIS2_PLACEMENT_3D ( 'NONE', #8051, #4420, #5386 ) ;
#7233 = FACE_OUTER_BOUND ( 'NONE', #258, .T. ) ;
#7234 = CARTESIAN_POINT ( 'NONE',  ( -10.05321071891630069, 14.15312908337324060, 1.209999999999999964 ) ) ;
#7235 = CARTESIAN_POINT ( 'NONE',  ( 1.734723475976807094E-15, 15.52000000000000668, 0.0000000000000000000 ) ) ;
#7236 = LINE ( 'NONE', #10819, #7111 ) ;
#7237 = CARTESIAN_POINT ( 'NONE',  ( -10.41952757911408867, 14.97734151318745610, 1.199999999999999956 ) ) ;
#7238 = DIRECTION ( 'NONE',  ( -0.0000000000000000000, 1.000000000000000000, -0.0000000000000000000 ) ) ;
#7239 = VERTEX_POINT ( 'NONE', #7889 ) ;
#7240 = ORIENTED_EDGE ( 'NONE', *, *, #4184, .F. ) ;
#7241 = CARTESIAN_POINT ( 'NONE',  ( -7.525662802654181860, 13.68478512218066889, 1.199999999999999956 ) ) ;
#7242 = VERTEX_POINT ( 'NONE', #7035 ) ;
#7243 = ORIENTED_EDGE ( 'NONE', *, *, #4659, .F. ) ;
#7244 = LINE ( 'NONE', #10657, #9094 ) ;
#7245 = ADVANCED_FACE ( 'NONE', ( #1861 ), #144, .F. ) ;
#7246 = ADVANCED_FACE ( 'NONE', ( #3698 ), #5215, .F. ) ;
#7247 = CARTESIAN_POINT ( 'NONE',  ( -8.090944523158912105, 14.73286110182594477, 1.199999999999999956 ) ) ;
#7248 = VECTOR ( 'NONE', #7328, 1000.000000000000000 ) ;
#7249 = VECTOR ( 'NONE', #3471, 999.9999999999998863 ) ;
#7250 = EDGE_CURVE ( 'NONE', #199, #5856, #202, .T. ) ;
#7251 = DIRECTION ( 'NONE',  ( 0.3667976789509244662, 0.9303007377811836065, -0.0000000000000000000 ) ) ;
#7252 = ORIENTED_EDGE ( 'NONE', *, *, #5850, .F. ) ;
#7253 = DIRECTION ( 'NONE',  ( 0.0000000000000000000, -0.0000000000000000000, -1.000000000000000000 ) ) ;
#7254 = CARTESIAN_POINT ( 'NONE',  ( -15.19999999999999929, -14.25000000000000178, 1.099999999999999867 ) ) ;
#7255 = ORIENTED_EDGE ( 'NONE', *, *, #3814, .T. ) ;
#7256 = DIRECTION ( 'NONE',  ( 0.0000000000000000000, 0.0000000000000000000, 1.000000000000000000 ) ) ;
#7257 = VERTEX_POINT ( 'NONE', #993 ) ;
#7258 = CARTESIAN_POINT ( 'NONE',  ( -2.540000000000000036, 15.51999999999999957, -2.500000000000000000 ) ) ;
#7259 = VECTOR ( 'NONE', #10953, 1000.000000000000000 ) ;
#7260 = CARTESIAN_POINT ( 'NONE',  ( -1.269999999999999796, 14.75000000000000178, -7.100000000000000533 ) ) ;
#7261 = FACE_OUTER_BOUND ( 'NONE', #3645, .T. ) ;
#7262 = FACE_OUTER_BOUND ( 'NONE', #4900, .T. ) ;
#7263 = VECTOR ( 'NONE', #4256, 1000.000000000000000 ) ;
#7264 = ADVANCED_FACE ( 'NONE', ( #2843 ), #3802, .T. ) ;
#7265 = CARTESIAN_POINT ( 'NONE',  ( -5.718563544093785644, 13.47925964072056537, 1.199999999999999956 ) ) ;
#7266 = VERTEX_POINT ( 'NONE', #1962 ) ;
#7267 = VECTOR ( 'NONE', #9537, 1000.000000000000000 ) ;
#7268 = DIRECTION ( 'NONE',  ( -0.0000000000000000000, -0.0000000000000000000, 1.000000000000000000 ) ) ;
#7269 = EDGE_CURVE ( 'NONE', #5652, #2013, #1910, .T. ) ;
#7270 = CARTESIAN_POINT ( 'NONE',  ( -8.118671400925821402, 14.40672370207652264, 1.199999999999999956 ) ) ;
#7271 = B_SPLINE_SURFACE_WITH_KNOTS ( 'NONE', 3, 1, ( 
 ( #1086, #1898 ),
 ( #1793, #190 ),
 ( #2779, #5316 ),
 ( #5202, #1037 ) ),
 .UNSPECIFIED., .F., .F., .F.,
 ( 4, 4 ),
 ( 2, 2 ),
 ( 7.000000000000000000, 8.000000000000000000 ),
 ( 0.0000000000000000000, 1.000000000000000000 ),
 .UNSPECIFIED. ) ;
#7272 = DIRECTION ( 'NONE',  ( 0.0000000000000000000, 1.000000000000000000, -0.0000000000000000000 ) ) ;
#7273 = ORIENTED_EDGE ( 'NONE', *, *, #8455, .F. ) ;
#7274 = DIRECTION ( 'NONE',  ( 1.000000000000000000, 2.731847993664263218E-16, 0.0000000000000000000 ) ) ;
#7275 = AXIS2_PLACEMENT_3D ( 'NONE', #9513, #1829, #5060 ) ;
#7276 = ADVANCED_FACE ( 'NONE', ( #10457 ), #7148, .T. ) ;
#7277 = AXIS2_PLACEMENT_3D ( 'NONE', #5776, #666, #7494 ) ;
#7278 = DIRECTION ( 'NONE',  ( 0.0000000000000000000, 1.000000000000000000, 0.0000000000000000000 ) ) ;
#7279 = EDGE_CURVE ( 'NONE', #9350, #5080, #5390, .T. ) ;
#7280 = CARTESIAN_POINT ( 'NONE',  ( -11.80285515853674916, 14.10492951102230919, 1.209999999999999964 ) ) ;
#7281 = DIRECTION ( 'NONE',  ( -0.0000000000000000000, -0.0000000000000000000, -1.000000000000000000 ) ) ;
#7282 = VERTEX_POINT ( 'NONE', #8631 ) ;
#7283 = LINE ( 'NONE', #1573, #3679 ) ;
#7284 = ADVANCED_FACE ( 'NONE', ( #1311 ), #9788, .T. ) ;
#7285 = CARTESIAN_POINT ( 'NONE',  ( -6.061337070508429292, 14.99799937048959464, 1.199999999999999956 ) ) ;
#7286 = VECTOR ( 'NONE', #8621, 1000.000000000000000 ) ;
#7287 = ORIENTED_EDGE ( 'NONE', *, *, #10310, .T. ) ;
#7288 = ORIENTED_EDGE ( 'NONE', *, *, #10820, .F. ) ;
#7289 = B_SPLINE_CURVE_WITH_KNOTS ( 'NONE', 3,
 ( #10931, #5063, #3394, #5125 ),
 .UNSPECIFIED., .F., .F.,
 ( 4, 4 ),
 ( 2.000000000000000000, 3.000000000000000000 ),
 .UNSPECIFIED. ) ;
#7290 = ORIENTED_EDGE ( 'NONE', *, *, #1104, .F. ) ;
#7291 = CARTESIAN_POINT ( 'NONE',  ( -5.720469766942801293, 13.86743592948012349, 1.199999999999999956 ) ) ;
#7292 = CARTESIAN_POINT ( 'NONE',  ( -7.507467039118579599, 13.76207379395993335, 1.199999999999999956 ) ) ;
#7293 = CIRCLE ( 'NONE', #2472, 0.3999999999999999667 ) ;
#7294 = CARTESIAN_POINT ( 'NONE',  ( -11.21482043099647541, 14.86648248758512558, 1.209999999999999964 ) ) ;
#7295 = CARTESIAN_POINT ( 'NONE',  ( -7.436416914837041148, 13.38914728797413289, 1.209999999999999964 ) ) ;
#7296 = CARTESIAN_POINT ( 'NONE',  ( -9.031379932137193478, 14.00371029876158069, 1.209999999999999964 ) ) ;
#7297 = FACE_OUTER_BOUND ( 'NONE', #4382, .T. ) ;
#7298 = DIRECTION ( 'NONE',  ( 0.0000000000000000000, 0.0000000000000000000, 1.000000000000000000 ) ) ;
#7299 = DIRECTION ( 'NONE',  ( -0.0000000000000000000, -0.0000000000000000000, 1.000000000000000000 ) ) ;
#7300 = EDGE_CURVE ( 'NONE', #4392, #8993, #2292, .T. ) ;
#7301 = ORIENTED_EDGE ( 'NONE', *, *, #5292, .T. ) ;
#7302 = DIRECTION ( 'NONE',  ( 0.0000000000000000000, -1.000000000000000000, 0.0000000000000000000 ) ) ;
#7303 = ORIENTED_EDGE ( 'NONE', *, *, #10408, .F. ) ;
#7304 = VECTOR ( 'NONE', #10712, 1000.000000000000000 ) ;
#7305 = ORIENTED_EDGE ( 'NONE', *, *, #9578, .T. ) ;
#7306 = CARTESIAN_POINT ( 'NONE',  ( -10.00983121411961818, 13.33373616951289620, 1.199999999999999956 ) ) ;
#7307 = DIRECTION ( 'NONE',  ( -0.0000000000000000000, -0.0000000000000000000, -1.000000000000000000 ) ) ;
#7308 = ORIENTED_EDGE ( 'NONE', *, *, #3786, .T. ) ;
#7309 = CARTESIAN_POINT ( 'NONE',  ( -4.209999999999999964, 14.75000000000000178, -2.500000000000000444 ) ) ;
#7310 = VECTOR ( 'NONE', #8642, 1000.000000000000000 ) ;
#7311 = EDGE_CURVE ( 'NONE', #4355, #724, #4015, .T. ) ;
#7312 = LINE ( 'NONE', #370, #4110 ) ;
#7313 = CARTESIAN_POINT ( 'NONE',  ( -6.018533702951326170, 13.93120774834882880, 1.209999999999999964 ) ) ;
#7314 = DIRECTION ( 'NONE',  ( 0.0000000000000000000, 0.0000000000000000000, -1.000000000000000000 ) ) ;
#7315 = CARTESIAN_POINT ( 'NONE',  ( -7.199178816930749569, 13.46297010003166683, 1.199999999999999956 ) ) ;
#7316 = ORIENTED_EDGE ( 'NONE', *, *, #4458, .T. ) ;
#7317 = DIRECTION ( 'NONE',  ( 0.0000000000000000000, 0.0000000000000000000, 1.000000000000000000 ) ) ;
#7318 = AXIS2_PLACEMENT_3D ( 'NONE', #1858, #5270, #8683 ) ;
#7319 = EDGE_CURVE ( 'NONE', #10181, #2175, #8261, .T. ) ;
#7320 = DIRECTION ( 'NONE',  ( -0.0000000000000000000, -0.0000000000000000000, -1.000000000000000000 ) ) ;
#7321 = CARTESIAN_POINT ( 'NONE',  ( -9.894152350791914685, 13.62293360363233852, 1.209999999999999964 ) ) ;
#7322 = AXIS2_PLACEMENT_3D ( 'NONE', #2790, #6209, #8789 ) ;
#7323 = DIRECTION ( 'NONE',  ( -0.0000000000000000000, -1.000000000000000000, -0.0000000000000000000 ) ) ;
#7324 = ORIENTED_EDGE ( 'NONE', *, *, #9978, .T. ) ;
#7325 = DIRECTION ( 'NONE',  ( -0.0000000000000000000, 1.000000000000000000, -0.0000000000000000000 ) ) ;
#7326 = CARTESIAN_POINT ( 'NONE',  ( -7.082725930301961625, 13.10321386098472374, 1.199999999999999956 ) ) ;
#7327 = CARTESIAN_POINT ( 'NONE',  ( -10.72318484816268835, 14.97734151318745610, 1.199999999999999956 ) ) ;
#7328 = DIRECTION ( 'NONE',  ( -0.0000000000000000000, -0.0000000000000000000, -1.000000000000000000 ) ) ;
#7329 = ADVANCED_FACE ( 'NONE', ( #9895 ), #3860, .F. ) ;
#7330 = CARTESIAN_POINT ( 'NONE',  ( -7.253766107537557239, 13.35830113645489625, 1.209999999999999964 ) ) ;
#7331 = DIRECTION ( 'NONE',  ( 0.0000000000000000000, -0.0000000000000000000, 1.000000000000000000 ) ) ;
#7332 = LINE ( 'NONE', #5728, #10173 ) ;
#7333 = CARTESIAN_POINT ( 'NONE',  ( -7.434857277962015232, 13.81371510380489731, 1.199999999999999956 ) ) ;
#7334 = CARTESIAN_POINT ( 'NONE',  ( -6.505313700773485586, 14.50168825843153186, 1.209999999999999964 ) ) ;
#7335 = EDGE_CURVE ( 'NONE', #10828, #4087, #9843, .T. ) ;
#7336 = ORIENTED_EDGE ( 'NONE', *, *, #4145, .F. ) ;
#7337 = ORIENTED_EDGE ( 'NONE', *, *, #2707, .T. ) ;
#7338 = DIRECTION ( 'NONE',  ( 0.0000000000000000000, -0.0000000000000000000, -1.000000000000000000 ) ) ;
#7339 = ORIENTED_EDGE ( 'NONE', *, *, #2578, .T. ) ;
#7340 = CARTESIAN_POINT ( 'NONE',  ( -4.580000000000007176, 16.01999999999999957, -2.500000000000000000 ) ) ;
#7341 = CARTESIAN_POINT ( 'NONE',  ( -7.526182681611754077, 13.43593639420589270, 1.209999999999999964 ) ) ;
#7342 = DIRECTION ( 'NONE',  ( 0.0000000000000000000, 1.181863725182121763E-16, -1.000000000000000000 ) ) ;
#7343 = CARTESIAN_POINT ( 'NONE',  ( -7.876754392396827953, 13.31983009355342240, 1.209999999999999964 ) ) ;
#7344 = CARTESIAN_POINT ( 'NONE',  ( -10.95936282623682345, 13.29999624822893800, 1.199999999999999956 ) ) ;
#7345 = CARTESIAN_POINT ( 'NONE',  ( -7.726162787517545816, 13.57422419708017358, 1.199999999999999956 ) ) ;
#7346 = ORIENTED_EDGE ( 'NONE', *, *, #1596, .T. ) ;
#7347 = CARTESIAN_POINT ( 'NONE',  ( 5.079999999999999183, 16.01999999999999957, -2.500000000000000000 ) ) ;
#7348 = ORIENTED_EDGE ( 'NONE', *, *, #8493, .T. ) ;
#7349 = ORIENTED_EDGE ( 'NONE', *, *, #7766, .T. ) ;
#7350 = CARTESIAN_POINT ( 'NONE',  ( -11.00274233103350952, 15.07856061052913077, 1.199999999999999956 ) ) ;
#7351 = CARTESIAN_POINT ( 'NONE',  ( -9.325397249939477717, 13.42049554684446733, 1.199999999999999956 ) ) ;
#7352 = EDGE_CURVE ( 'NONE', #3458, #7138, #4838, .T. ) ;
#7353 = EDGE_CURVE ( 'NONE', #3785, #2614, #585, .T. ) ;
#7354 = CARTESIAN_POINT ( 'NONE',  ( 15.19999999999999929, -14.25000000000000178, 1.099999999999999867 ) ) ;
#7355 = B_SPLINE_SURFACE_WITH_KNOTS ( 'NONE', 3, 1, ( 
 ( #9646, #6111 ),
 ( #6160, #2847 ),
 ( #4427, #7774 ),
 ( #1967, #9598 ) ),
 .UNSPECIFIED., .F., .F., .F.,
 ( 4, 4 ),
 ( 2, 2 ),
 ( 9.000000000000000000, 10.00000000000000000 ),
 ( 0.0000000000000000000, 1.000000000000000000 ),
 .UNSPECIFIED. ) ;
#7356 = VERTEX_POINT ( 'NONE', #6471 ) ;
#7357 = ORIENTED_EDGE ( 'NONE', *, *, #8815, .F. ) ;
#7358 = DIRECTION ( 'NONE',  ( -1.000000000000000000, 0.0000000000000000000, 0.0000000000000000000 ) ) ;
#7359 = EDGE_LOOP ( 'NONE', ( #6569, #5331, #2347, #8692 ) ) ;
#7360 = CARTESIAN_POINT ( 'NONE',  ( -8.126989464258420170, 13.93120774834882880, 1.209999999999999964 ) ) ;
#7361 = VERTEX_POINT ( 'NONE', #2228 ) ;
#7362 = DIRECTION ( 'NONE',  ( -1.000000000000000000, -0.0000000000000000000, -0.0000000000000000000 ) ) ;
#7363 = CARTESIAN_POINT ( 'NONE',  ( -7.450626939693338890, 13.56555954777356732, 1.209999999999999964 ) ) ;
#7364 = CARTESIAN_POINT ( 'NONE',  ( -5.080000000000000071, 13.97999999999999332, -2.500000000000000000 ) ) ;
#7365 = EDGE_CURVE ( 'NONE', #8726, #3864, #9769, .T. ) ;
#7366 = CARTESIAN_POINT ( 'NONE',  ( 0.0000000000000000000, 15.51999999999999957, -2.500000000000000000 ) ) ;
#7367 = CARTESIAN_POINT ( 'NONE',  ( -6.910472702165365355, 13.45083959100794679, 1.199999999999999956 ) ) ;
#7368 = CARTESIAN_POINT ( 'NONE',  ( -7.726162787517545816, 13.63903577386402866, 1.199999999999999956 ) ) ;
#7369 = LINE ( 'NONE', #8909, #5895 ) ;
#7370 = ORIENTED_EDGE ( 'NONE', *, *, #7319, .T. ) ;
#7371 = CARTESIAN_POINT ( 'NONE',  ( -15.19999999999999929, 14.25000000000000178, 1.099999999999999867 ) ) ;
#7372 = DIRECTION ( 'NONE',  ( 0.0000000000000000000, 0.0000000000000000000, 1.000000000000000000 ) ) ;
#7373 = VECTOR ( 'NONE', #7098, 1000.000000000000000 ) ;
#7374 = CARTESIAN_POINT ( 'NONE',  ( -6.050766198357377057, 14.95051709230978609, 1.209999999999999964 ) ) ;
#7375 = ORIENTED_EDGE ( 'NONE', *, *, #3768, .F. ) ;
#7376 = PLANE ( 'NONE',  #9243 ) ;
#7377 = ADVANCED_FACE ( 'NONE', ( #6526 ), #10727, .F. ) ;
#7378 = DIRECTION ( 'NONE',  ( -1.000000000000000000, 0.0000000000000000000, 0.0000000000000000000 ) ) ;
#7379 = ORIENTED_EDGE ( 'NONE', *, *, #11097, .T. ) ;
#7380 = CARTESIAN_POINT ( 'NONE',  ( -8.476174831154338563, 14.00918959207152348, 1.209999999999999964 ) ) ;
#7381 = VECTOR ( 'NONE', #1692, 1000.000000000000000 ) ;
#7382 = DIRECTION ( 'NONE',  ( -0.0000000000000000000, -1.000000000000000000, -0.0000000000000000000 ) ) ;
#7383 = CARTESIAN_POINT ( 'NONE',  ( 15.19999999999999929, -14.25000000000000178, 1.099999999999999867 ) ) ;
#7384 = ORIENTED_EDGE ( 'NONE', *, *, #9625, .F. ) ;
#7385 = CARTESIAN_POINT ( 'NONE',  ( -7.744011965081448956, 15.09608320059462017, 1.199999999999999956 ) ) ;
#7386 = CARTESIAN_POINT ( 'NONE',  ( -7.811422936655427307, 13.31983009355342240, 1.199999999999999956 ) ) ;
#7387 = ADVANCED_FACE ( 'NONE', ( #3069 ), #5647, .F. ) ;
#7388 = ORIENTED_EDGE ( 'NONE', *, *, #2550, .T. ) ;
#7389 = ORIENTED_EDGE ( 'NONE', *, *, #10378, .T. ) ;
#7390 = VECTOR ( 'NONE', #1530, 1000.000000000000000 ) ;
#7391 = CARTESIAN_POINT ( 'NONE',  ( -7.419607495190570390, 13.64735383719431283, 1.209999999999999964 ) ) ;
#7392 = ADVANCED_FACE ( 'NONE', ( #4796 ), #413, .F. ) ;
#7393 = CARTESIAN_POINT ( 'NONE',  ( -7.982982992848596027, 13.69899514703465115, 1.209999999999999964 ) ) ;
#7394 = CARTESIAN_POINT ( 'NONE',  ( -11.51365772442191471, 13.66149340860838279, 1.209999999999999964 ) ) ;
#7395 = CARTESIAN_POINT ( 'NONE',  ( -6.910472702165365355, 13.45083959100794679, 1.209999999999999964 ) ) ;
#7396 = CARTESIAN_POINT ( 'NONE',  ( -7.089311063773702237, 13.17599691512713633, 1.199999999999999956 ) ) ;
#7397 = DIRECTION ( 'NONE',  ( -0.0000000000000000000, 1.000000000000000000, -0.0000000000000000000 ) ) ;
#7398 = EDGE_CURVE ( 'NONE', #8027, #7090, #7908, .T. ) ;
#7399 = EDGE_CURVE ( 'NONE', #10384, #3287, #7199, .T. ) ;
#7400 = CARTESIAN_POINT ( 'NONE',  ( -4.906512611451475436, 13.33126743063374597, 1.199999999999999956 ) ) ;
#7401 = ORIENTED_EDGE ( 'NONE', *, *, #459, .F. ) ;
#7402 = ORIENTED_EDGE ( 'NONE', *, *, #7464, .T. ) ;
#7403 = CARTESIAN_POINT ( 'NONE',  ( -9.209718386616387420, 13.54581436141388195, 1.209999999999999964 ) ) ;
#7404 = VECTOR ( 'NONE', #554, 1000.000000000000000 ) ;
#7405 = B_SPLINE_CURVE_WITH_KNOTS ( 'NONE', 3,
 ( #6539, #9956, #2296, #5712 ),
 .UNSPECIFIED., .F., .F.,
 ( 4, 4 ),
 ( 3.000000000000000000, 4.000000000000000000 ),
 .UNSPECIFIED. ) ;
#7406 = ADVANCED_FACE ( 'NONE', ( #10671 ), #10613, .F. ) ;
#7407 = ORIENTED_EDGE ( 'NONE', *, *, #6162, .F. ) ;
#7408 = VECTOR ( 'NONE', #2014, 1000.000000000000000 ) ;
#7409 = ORIENTED_EDGE ( 'NONE', *, *, #2851, .F. ) ;
#7410 = CARTESIAN_POINT ( 'NONE',  ( -7.632931161021100586, 14.48851799149266206, 1.209999999999999964 ) ) ;
#7411 = ADVANCED_FACE ( 'NONE', ( #9121 ), #10759, .F. ) ;
#7412 = EDGE_LOOP ( 'NONE', ( #118, #9553, #8679, #8284 ) ) ;
#7413 = CARTESIAN_POINT ( 'NONE',  ( -7.154989105486801115, 13.81544803366346308, 1.199999999999999956 ) ) ;
#7414 = EDGE_LOOP ( 'NONE', ( #2383, #8656, #10509, #3011 ) ) ;
#7415 = CARTESIAN_POINT ( 'NONE',  ( -6.573417844293172330, 14.43826302553916108, 1.199999999999999956 ) ) ;
#7416 = CARTESIAN_POINT ( 'NONE',  ( -5.072353999104488587, 13.51669092570689301, 1.209999999999999964 ) ) ;
#7417 = ORIENTED_EDGE ( 'NONE', *, *, #5778, .T. ) ;
#7418 = DIRECTION ( 'NONE',  ( -0.0000000000000000000, 1.000000000000000000, -0.0000000000000000000 ) ) ;
#7419 = AXIS2_PLACEMENT_3D ( 'NONE', #7258, #9693, #6423 ) ;
#7420 = DIRECTION ( 'NONE',  ( 1.000000000000000000, -0.0000000000000000000, -0.0000000000000000000 ) ) ;
#7421 = CARTESIAN_POINT ( 'NONE',  ( -6.495089414594157340, 14.66735635309869323, 1.209999999999999964 ) ) ;
#7422 = ORIENTED_EDGE ( 'NONE', *, *, #9335, .T. ) ;
#7423 = CARTESIAN_POINT ( 'NONE',  ( -7.944165363970806304, 13.44460104351252561, 1.209999999999999964 ) ) ;
#7424 = LINE ( 'NONE', #3975, #2060 ) ;
#7425 = CARTESIAN_POINT ( 'NONE',  ( -7.744011965081448956, 15.09608320059462017, 1.209999999999999964 ) ) ;
#7426 = ORIENTED_EDGE ( 'NONE', *, *, #3506, .T. ) ;
#7427 = DIRECTION ( 'NONE',  ( -1.000000000000000000, 0.0000000000000000000, 0.0000000000000000000 ) ) ;
#7428 = ORIENTED_EDGE ( 'NONE', *, *, #9563, .T. ) ;
#7429 = DIRECTION ( 'NONE',  ( 1.000000000000000000, 0.0000000000000000000, 0.0000000000000000000 ) ) ;
#7430 = ORIENTED_EDGE ( 'NONE', *, *, #4085, .T. ) ;
#7431 = AXIS2_PLACEMENT_3D ( 'NONE', #9874, #5845, #8136 ) ;
#7432 = VECTOR ( 'NONE', #10773, 1000.000000000000227 ) ;
#7434 = DIRECTION ( 'NONE',  ( -0.0000000000000000000, 1.000000000000000000, -0.0000000000000000000 ) ) ;
#7433 = CARTESIAN_POINT ( 'NONE',  ( -7.199178816930749569, 13.46297010003166683, 1.209999999999999964 ) ) ;
#7435 = B_SPLINE_CURVE_WITH_KNOTS ( 'NONE', 3,
 ( #7391, #8084, #9098, #5473 ),
 .UNSPECIFIED., .F., .F.,
 ( 4, 4 ),
 ( 13.00000000000000000, 14.00000000000000000 ),
 .UNSPECIFIED. ) ;
#7436 = DIRECTION ( 'NONE',  ( 1.000000000000000000, 0.0000000000000000000, -0.0000000000000000000 ) ) ;
#7437 = VERTEX_POINT ( 'NONE', #10839 ) ;
#7438 = DIRECTION ( 'NONE',  ( -0.7071067811865474617, -0.7071067811865474617, -0.0000000000000000000 ) ) ;
#7439 = ADVANCED_FACE ( 'NONE', ( #1489 ), #2099, .F. ) ;
#7440 = DIRECTION ( 'NONE',  ( 1.000000000000000000, -0.0000000000000000000, -0.0000000000000000000 ) ) ;
#7441 = ORIENTED_EDGE ( 'NONE', *, *, #6946, .T. ) ;
#7442 = VERTEX_POINT ( 'NONE', #11005 ) ;
#7443 = VECTOR ( 'NONE', #8135, 1000.000000000000000 ) ;
#7444 = VECTOR ( 'NONE', #1026, 1000.000000000000000 ) ;
#7445 = B_SPLINE_SURFACE_WITH_KNOTS ( 'NONE', 3, 1, ( 
 ( #26, #7660 ),
 ( #6876, #7767 ),
 ( #453, #10555 ),
 ( #1857, #5536 ) ),
 .UNSPECIFIED., .F., .F., .F.,
 ( 4, 4 ),
 ( 2, 2 ),
 ( 13.00000000000000000, 14.00000000000000000 ),
 ( 0.0000000000000000000, 1.000000000000000000 ),
 .UNSPECIFIED. ) ;
#7446 = DIRECTION ( 'NONE',  ( -0.0000000000000000000, -0.0000000000000000000, -1.000000000000000000 ) ) ;
#7447 = B_SPLINE_CURVE_WITH_KNOTS ( 'NONE', 3,
 ( #1103, #4485, #4585, #3651 ),
 .UNSPECIFIED., .F., .F.,
 ( 4, 4 ),
 ( 23.00000000000000000, 24.00000000000000000 ),
 .UNSPECIFIED. ) ;
#7448 = ADVANCED_FACE ( 'NONE', ( #4186, #3413 ), #3284, .T. ) ;
#7449 = CARTESIAN_POINT ( 'NONE',  ( -11.28711978952518180, 14.87612239286012894, 1.209999999999999964 ) ) ;
#7450 = DIRECTION ( 'NONE',  ( -1.000000000000000000, -0.0000000000000000000, -0.0000000000000000000 ) ) ;
#7451 = CARTESIAN_POINT ( 'NONE',  ( -7.869649379969819059, 13.61893378748169425, 1.209999999999999964 ) ) ;
#7452 = DIRECTION ( 'NONE',  ( -0.0000000000000000000, -0.0000000000000000000, -1.000000000000000000 ) ) ;
#7453 = CIRCLE ( 'NONE', #3181, 1.500000000000003109 ) ;
#7454 = PLANE ( 'NONE',  #9656 ) ;
#7455 = AXIS2_PLACEMENT_3D ( 'NONE', #8283, #7429, #10864 ) ;
#7456 = DIRECTION ( 'NONE',  ( -1.000000000000000000, 0.0000000000000000000, 0.0000000000000000000 ) ) ;
#7457 = EDGE_LOOP ( 'NONE', ( #7441, #10309, #7796, #2748, #581, #5498, #2945, #6187, #3907, #3112, #10341, #9018 ) ) ;
#7458 = ORIENTED_EDGE ( 'NONE', *, *, #8522, .F. ) ;
#7459 = DIRECTION ( 'NONE',  ( 0.0000000000000000000, 0.0000000000000000000, 1.000000000000000000 ) ) ;
#7460 = ORIENTED_EDGE ( 'NONE', *, *, #927, .F. ) ;
#7461 = CARTESIAN_POINT ( 'NONE',  ( -7.083072516275969122, 14.40672370207652264, 1.209999999999999964 ) ) ;
#7462 = VECTOR ( 'NONE', #9872, 1000.000000000000000 ) ;
#7463 = ADVANCED_FACE ( 'NONE', ( #6749 ), #5082, .F. ) ;
#7464 = EDGE_CURVE ( 'NONE', #3729, #2500, #10896, .T. ) ;
#7465 = ORIENTED_EDGE ( 'NONE', *, *, #6982, .F. ) ;
#7466 = AXIS2_PLACEMENT_3D ( 'NONE', #1833, #4117, #7058 ) ;
#7467 = ORIENTED_EDGE ( 'NONE', *, *, #1615, .F. ) ;
#7468 = LINE ( 'NONE', #1661, #988 ) ;
#7469 = VERTEX_POINT ( 'NONE', #7525 ) ;
#7470 = CARTESIAN_POINT ( 'NONE',  ( -7.903268219262718830, 13.39677217936099396, 1.199999999999999956 ) ) ;
#7471 = ORIENTED_EDGE ( 'NONE', *, *, #2620, .F. ) ;
#7472 = CARTESIAN_POINT ( 'NONE',  ( -7.227598866643366371, 13.54303145958927068, 1.199999999999999956 ) ) ;
#7473 = ADVANCED_FACE ( 'NONE', ( #10946 ), #10664, .T. ) ;
#7474 = CARTESIAN_POINT ( 'NONE',  ( -6.511205662297182784, 13.63660967205741414, 1.209999999999999964 ) ) ;
#7475 = ADVANCED_FACE ( 'NONE', ( #9236 ), #1605, .F. ) ;
#7476 = ORIENTED_EDGE ( 'NONE', *, *, #3692, .F. ) ;
#7477 = ORIENTED_EDGE ( 'NONE', *, *, #4141, .F. ) ;
#7478 = AXIS2_PLACEMENT_3D ( 'NONE', #1338, #6442, #7436 ) ;
#7479 = CARTESIAN_POINT ( 'NONE',  ( -7.982982992848596027, 13.69899514703465115, 1.209999999999999964 ) ) ;
#7480 = EDGE_CURVE ( 'NONE', #10785, #7077, #4970, .T. ) ;
#7481 = FACE_OUTER_BOUND ( 'NONE', #7457, .T. ) ;
#7482 = CARTESIAN_POINT ( 'NONE',  ( -7.137486513894619300, 13.11014558042819367, 1.209999999999999964 ) ) ;
#7483 = VERTEX_POINT ( 'NONE', #5979 ) ;
#7484 = CARTESIAN_POINT ( 'NONE',  ( -7.386508534852937125, 13.38914728797413289, 1.199999999999999956 ) ) ;
#7485 = CARTESIAN_POINT ( 'NONE',  ( 0.0000000000000000000, 15.51999999999999957, -2.500000000000000000 ) ) ;
#7486 = CARTESIAN_POINT ( 'NONE',  ( -3.409999999999999698, 14.75000000000000178, 1.199999999999999956 ) ) ;
#7487 = ORIENTED_EDGE ( 'NONE', *, *, #2550, .F. ) ;
#7488 = CIRCLE ( 'NONE', #7498, 0.9999999999999991118 ) ;
#7489 = DIRECTION ( 'NONE',  ( 0.0000000000000000000, 0.0000000000000000000, 1.000000000000000000 ) ) ;
#7490 = ORIENTED_EDGE ( 'NONE', *, *, #5704, .F. ) ;
#7491 = DIRECTION ( 'NONE',  ( 0.0000000000000000000, 0.0000000000000000000, 1.000000000000000000 ) ) ;
#7492 = EDGE_LOOP ( 'NONE', ( #5800, #794, #1483, #167 ) ) ;
#7493 = B_SPLINE_CURVE_WITH_KNOTS ( 'NONE', 3,
 ( #9888, #5433, #8952, #1257 ),
 .UNSPECIFIED., .F., .F.,
 ( 4, 4 ),
 ( 5.000000000000000000, 6.000000000000000000 ),
 .UNSPECIFIED. ) ;
#7494 = DIRECTION ( 'NONE',  ( 0.0000000000000000000, 0.0000000000000000000, -1.000000000000000000 ) ) ;
#7495 = PRODUCT_DEFINITION ( '未知', '', #6531, #4137 ) ;
#7496 = ORIENTED_EDGE ( 'NONE', *, *, #1241, .T. ) ;
#7497 = B_SPLINE_CURVE_WITH_KNOTS ( 'NONE', 3,
 ( #3922, #8963, #9902, #2961 ),
 .UNSPECIFIED., .F., .F.,
 ( 4, 4 ),
 ( 1.000000000000000000, 2.000000000000000000 ),
 .UNSPECIFIED. ) ;
#7498 = AXIS2_PLACEMENT_3D ( 'NONE', #2171, #3803, #8049 ) ;
#7500 = DIRECTION ( 'NONE',  ( -1.000000000000000000, -0.0000000000000000000, -0.0000000000000000000 ) ) ;
#7499 = CARTESIAN_POINT ( 'NONE',  ( -6.598718620255776379, 13.33126743063374597, 1.209999999999999964 ) ) ;
#7501 = CARTESIAN_POINT ( 'NONE',  ( -7.988701661386450326, 13.35795455048319980, 1.209999999999999964 ) ) ;
#7502 = ORIENTED_EDGE ( 'NONE', *, *, #4468, .F. ) ;
#7503 = LINE ( 'NONE', #6663, #3852 ) ;
#7504 = CARTESIAN_POINT ( 'NONE',  ( -11.06058185462844889, 13.01079918184770001, 1.199999999999999956 ) ) ;
#7505 = ORIENTED_EDGE ( 'NONE', *, *, #3643, .T. ) ;
#7506 = VERTEX_POINT ( 'NONE', #10167 ) ;
#7507 = AXIS2_PLACEMENT_3D ( 'NONE', #9020, #4812, #7372 ) ;
#7508 = ORIENTED_EDGE ( 'NONE', *, *, #10942, .F. ) ;
#7509 = DIRECTION ( 'NONE',  ( -0.0000000000000000000, 1.000000000000000000, -0.0000000000000000000 ) ) ;
#7510 = FACE_OUTER_BOUND ( 'NONE', #8122, .T. ) ;
#7511 = CARTESIAN_POINT ( 'NONE',  ( -6.618993899628585531, 14.98552227549414972, 1.209999999999999964 ) ) ;
#7512 = DIRECTION ( 'NONE',  ( -0.0000000000000000000, -0.0000000000000000000, 1.000000000000000000 ) ) ;
#7513 = DIRECTION ( 'NONE',  ( -0.0000000000000000000, -0.0000000000000000000, -1.000000000000000000 ) ) ;
#7514 = CARTESIAN_POINT ( 'NONE',  ( -8.003951444160202655, 14.48782481954923895, 1.209999999999999964 ) ) ;
#7515 = VERTEX_POINT ( 'NONE', #5925 ) ;
#7516 = FACE_OUTER_BOUND ( 'NONE', #6626, .T. ) ;
#7517 = DIRECTION ( 'NONE',  ( -0.0000000000000000000, 1.000000000000000000, -0.0000000000000000000 ) ) ;
#7518 = VERTEX_POINT ( 'NONE', #9353 ) ;
#7519 = LINE ( 'NONE', #10889, #5843 ) ;
#7520 = EDGE_CURVE ( 'NONE', #5187, #1783, #7083, .T. ) ;
#7521 = ORIENTED_EDGE ( 'NONE', *, *, #2140, .T. ) ;
#7522 = ORIENTED_EDGE ( 'NONE', *, *, #2239, .F. ) ;
#7523 = DIRECTION ( 'NONE',  ( 1.000000000000000000, 0.0000000000000000000, 0.0000000000000000000 ) ) ;
#7524 = ORIENTED_EDGE ( 'NONE', *, *, #1780, .T. ) ;
#7525 = CARTESIAN_POINT ( 'NONE',  ( -6.511205662297182784, 13.71424492980840348, 1.209999999999999964 ) ) ;
#7526 = ORIENTED_EDGE ( 'NONE', *, *, #2295, .T. ) ;
#7527 = LINE ( 'NONE', #5808, #1540 ) ;
#7528 = ORIENTED_EDGE ( 'NONE', *, *, #5899, .T. ) ;
#7529 = EDGE_LOOP ( 'NONE', ( #10246, #3626, #6852, #2384, #3128, #4045 ) ) ;
#7530 = CARTESIAN_POINT ( 'NONE',  ( -7.438149844697894864, 13.69241001356753173, 1.209999999999999964 ) ) ;
#7531 = CARTESIAN_POINT ( 'NONE',  ( -11.06540183025160751, 13.67595305967071084, 1.209999999999999964 ) ) ;
#7532 = CARTESIAN_POINT ( 'NONE',  ( -6.175883734288176719, 14.66874269699015443, 1.209999999999999964 ) ) ;
#7533 = ORIENTED_EDGE ( 'NONE', *, *, #8320, .F. ) ;
#7534 = CARTESIAN_POINT ( 'NONE',  ( -7.876754392396827953, 13.31983009355342240, 1.209999999999999964 ) ) ;
#7535 = ORIENTED_EDGE ( 'NONE', *, *, #4430, .F. ) ;
#7536 = DIRECTION ( 'NONE',  ( -0.3667976789509244662, -0.9303007377811836065, 0.0000000000000000000 ) ) ;
#7537 = VECTOR ( 'NONE', #10826, 1000.000000000000000 ) ;
#7538 = CARTESIAN_POINT ( 'NONE',  ( -6.769065625545668041, 14.48401237385580131, 1.209999999999999964 ) ) ;
#7539 = ORIENTED_EDGE ( 'NONE', *, *, #1301, .F. ) ;
#7540 = B_SPLINE_SURFACE_WITH_KNOTS ( 'NONE', 3, 1, ( 
 ( #6727, #9566 ),
 ( #4288, #792 ),
 ( #4229, #1880 ),
 ( #3330, #10151 ) ),
 .UNSPECIFIED., .F., .F., .F.,
 ( 4, 4 ),
 ( 2, 2 ),
 ( 1.000000000000000000, 2.000000000000000000 ),
 ( 0.0000000000000000000, 1.000000000000000000 ),
 .UNSPECIFIED. ) ;
#7541 = EDGE_CURVE ( 'NONE', #8250, #3832, #677, .T. ) ;
#7542 = VERTEX_POINT ( 'NONE', #1663 ) ;
#7543 = FACE_OUTER_BOUND ( 'NONE', #3336, .T. ) ;
#7544 = FACE_OUTER_BOUND ( 'NONE', #4930, .T. ) ;
#7545 = VERTEX_POINT ( 'NONE', #7413 ) ;
#7546 = FACE_OUTER_BOUND ( 'NONE', #3370, .T. ) ;
#7547 = ORIENTED_EDGE ( 'NONE', *, *, #10357, .F. ) ;
#7548 = EDGE_CURVE ( 'NONE', #515, #5687, #2677, .T. ) ;
#7550 = FACE_OUTER_BOUND ( 'NONE', #9177, .T. ) ;
#7549 = CARTESIAN_POINT ( 'NONE',  ( -12.03421325292343269, 13.71451268077996666, 1.209999999999999964 ) ) ;
#7551 = CARTESIAN_POINT ( 'NONE',  ( -5.670214800984680892, 13.52604874695694903, 1.199999999999999956 ) ) ;
#7552 = FACE_BOUND ( 'NONE', #8623, .T. ) ;
#7553 = DIRECTION ( 'NONE',  ( 0.7071067811865475727, 0.7071067811865475727, -0.0000000000000000000 ) ) ;
#7554 = EDGE_CURVE ( 'NONE', #10126, #1247, #2003, .T. ) ;
#7555 = EDGE_CURVE ( 'NONE', #3344, #2593, #4356, .T. ) ;
#7556 = ORIENTED_EDGE ( 'NONE', *, *, #804, .F. ) ;
#7557 = ORIENTED_EDGE ( 'NONE', *, *, #1119, .T. ) ;
#7558 = VERTEX_POINT ( 'NONE', #128 ) ;
#7559 = FACE_OUTER_BOUND ( 'NONE', #4988, .T. ) ;
#7560 = VECTOR ( 'NONE', #1082, 1000.000000000000000 ) ;
#7561 = CARTESIAN_POINT ( 'NONE',  ( -7.964032430152203190, -8.672079492129114442, 0.0000000000000000000 ) ) ;
#7562 = FACE_BOUND ( 'NONE', #6329, .T. ) ;
#7563 = CARTESIAN_POINT ( 'NONE',  ( -10.87742351646410910, 13.48797465394981465, 1.209999999999999964 ) ) ;
#7564 = CARTESIAN_POINT ( 'NONE',  ( -10.41952757911408867, 14.97734151318745610, 1.209999999999999964 ) ) ;
#7565 = LINE ( 'NONE', #10989, #8129 ) ;
#7566 = CARTESIAN_POINT ( 'NONE',  ( -11.87997449268630135, 14.64476443637584246, 1.199999999999999956 ) ) ;
#7567 = EDGE_LOOP ( 'NONE', ( #9645, #3165, #7243, #4597 ) ) ;
#7568 = VECTOR ( 'NONE', #961, 1000.000000000000000 ) ;
#7569 = B_SPLINE_CURVE_WITH_KNOTS ( 'NONE', 3,
 ( #4035, #10801, #4764, #7433 ),
 .UNSPECIFIED., .F., .F.,
 ( 4, 4 ),
 ( 17.00000000000000000, 18.00000000000000000 ),
 .UNSPECIFIED. ) ;
#7570 = ORIENTED_EDGE ( 'NONE', *, *, #4964, .T. ) ;
#7571 = DIRECTION ( 'NONE',  ( 1.000000000000000000, 0.0000000000000000000, 0.0000000000000000000 ) ) ;
#7572 = ORIENTED_EDGE ( 'NONE', *, *, #5932, .F. ) ;
#7573 = FACE_OUTER_BOUND ( 'NONE', #5926, .T. ) ;
#7574 = VECTOR ( 'NONE', #5581, 1000.000000000000000 ) ;
#7575 = FACE_OUTER_BOUND ( 'NONE', #7412, .T. ) ;
#7576 = CARTESIAN_POINT ( 'NONE',  ( -6.499999999999999112, -11.50000000000000000, 1.431180503930323589 ) ) ;
#7577 = FACE_OUTER_BOUND ( 'NONE', #2256, .T. ) ;
#7578 = CARTESIAN_POINT ( 'NONE',  ( -11.80285515853674916, 14.10492951102230919, 1.209999999999999964 ) ) ;
#7579 = EDGE_LOOP ( 'NONE', ( #2234, #3638, #10224, #6796 ) ) ;
#7580 = EDGE_LOOP ( 'NONE', ( #4185, #3905, #9653, #10775 ) ) ;
#7581 = CARTESIAN_POINT ( 'NONE',  ( -11.32567941063441452, 14.87612239286012894, 1.199999999999999956 ) ) ;
#7582 = ORIENTED_EDGE ( 'NONE', *, *, #6268, .F. ) ;
#7583 = CARTESIAN_POINT ( 'NONE',  ( -7.919557759951618259, 13.41132879018670288, 1.199999999999999956 ) ) ;
#7584 = ORIENTED_EDGE ( 'NONE', *, *, #10011, .F. ) ;
#7585 = CARTESIAN_POINT ( 'NONE',  ( -8.090944523158912105, 14.84203568303957255, 1.209999999999999964 ) ) ;
#7586 = AXIS2_PLACEMENT_3D ( 'NONE', #3455, #8480, #9340 ) ;
#7587 = CYLINDRICAL_SURFACE ( 'NONE', #6752, 1.500000000000003109 ) ;
#7588 = EDGE_LOOP ( 'NONE', ( #5825, #164, #8632, #2395 ) ) ;
#7589 = ORIENTED_EDGE ( 'NONE', *, *, #2958, .T. ) ;
#7590 = DIRECTION ( 'NONE',  ( -0.2524218971878725015, 0.9676172723861822256, -0.0000000000000000000 ) ) ;
#7591 = CARTESIAN_POINT ( 'NONE',  ( -5.208562286143883391, 13.90001501085789393, 1.199999999999999956 ) ) ;
#7592 = B_SPLINE_CURVE_WITH_KNOTS ( 'NONE', 3,
 ( #8088, #4625, #7923, #400 ),
 .UNSPECIFIED., .F., .F.,
 ( 4, 4 ),
 ( 22.00000000000000000, 23.00000000000000000 ),
 .UNSPECIFIED. ) ;
#7593 = DIRECTION ( 'NONE',  ( -1.000000000000000000, 0.0000000000000000000, 0.0000000000000000000 ) ) ;
#7594 = ADVANCED_FACE ( 'NONE', ( #4405 ), #18, .F. ) ;
#7595 = VECTOR ( 'NONE', #5272, 1000.000000000000000 ) ;
#7596 = CARTESIAN_POINT ( 'NONE',  ( -7.122410024109026239, 13.10563996279133470, 1.209999999999999964 ) ) ;
#7597 = ORIENTED_EDGE ( 'NONE', *, *, #1824, .F. ) ;
#7598 = CARTESIAN_POINT ( 'NONE',  ( -7.960974783619562345, 13.33265377452059042, 1.199999999999999956 ) ) ;
#7599 = ORIENTED_EDGE ( 'NONE', *, *, #1114, .T. ) ;
#7600 = FACE_OUTER_BOUND ( 'NONE', #4962, .T. ) ;
#7601 = PLANE ( 'NONE',  #8222 ) ;
#7602 = ORIENTED_EDGE ( 'NONE', *, *, #3094, .T. ) ;
#7603 = ORIENTED_EDGE ( 'NONE', *, *, #776, .F. ) ;
#7604 = CARTESIAN_POINT ( 'NONE',  ( -7.982982992848596027, 13.78148260839884465, 1.209999999999999964 ) ) ;
#7605 = PLANE ( 'NONE',  #2446 ) ;
#7606 = EDGE_LOOP ( 'NONE', ( #9496, #2439, #2054, #2705 ) ) ;
#7607 = ADVANCED_FACE ( 'NONE', ( #70 ), #3586, .F. ) ;
#7608 = VECTOR ( 'NONE', #9599, 1000.000000000000000 ) ;
#7609 = LINE ( 'NONE', #10969, #9468 ) ;
#7610 = ADVANCED_FACE ( 'NONE', ( #10392 ), #384, .F. ) ;
#7611 = EDGE_CURVE ( 'NONE', #10835, #3785, #3468, .T. ) ;
#7612 = FACE_OUTER_BOUND ( 'NONE', #6894, .T. ) ;
#7613 = B_SPLINE_CURVE_WITH_KNOTS ( 'NONE', 3,
 ( #591, #2181, #4860, #6369 ),
 .UNSPECIFIED., .F., .F.,
 ( 4, 4 ),
 ( 7.000000000000000000, 8.000000000000000000 ),
 .UNSPECIFIED. ) ;
#7614 = CARTESIAN_POINT ( 'NONE',  ( -5.718563544093785644, 13.47925964072056537, 1.209999999999999964 ) ) ;
#7615 = VECTOR ( 'NONE', #1550, 1000.000000000000000 ) ;
#7616 = DIRECTION ( 'NONE',  ( -0.0000000000000000000, -0.0000000000000000000, -1.000000000000000000 ) ) ;
#7617 = ORIENTED_EDGE ( 'NONE', *, *, #701, .T. ) ;
#7618 = CARTESIAN_POINT ( 'NONE',  ( -11.73055580000804277, 14.79418312905872845, 1.199999999999999956 ) ) ;
#7619 = B_SPLINE_SURFACE_WITH_KNOTS ( 'NONE', 3, 1, ( 
 ( #10461, #1266 ),
 ( #1208, #9740 ),
 ( #4700, #2068 ),
 ( #5444, #3759 ) ),
 .UNSPECIFIED., .F., .F., .F.,
 ( 4, 4 ),
 ( 2, 2 ),
 ( 8.000000000000000000, 9.000000000000000000 ),
 ( 0.0000000000000000000, 1.000000000000000000 ),
 .UNSPECIFIED. ) ;
#7620 = ORIENTED_EDGE ( 'NONE', *, *, #2972, .F. ) ;
#7621 = EDGE_CURVE ( 'NONE', #457, #9108, #10274, .T. ) ;
#7622 = CARTESIAN_POINT ( 'NONE',  ( -7.337120033828714583, 13.82653878477206355, 1.209999999999999964 ) ) ;
#7623 = ADVANCED_FACE ( 'NONE', ( #9584 ), #7271, .F. ) ;
#7624 = DIRECTION ( 'NONE',  ( -1.000000000000000000, 0.0000000000000000000, 0.0000000000000000000 ) ) ;
#7625 = FACE_BOUND ( 'NONE', #10895, .T. ) ;
#7626 = EDGE_CURVE ( 'NONE', #910, #6991, #4514, .T. ) ;
#7627 = LINE ( 'NONE', #3452, #2220 ) ;
#7628 = CARTESIAN_POINT ( 'NONE',  ( -1.269999999999999796, 14.75000000000000178, 2.000000000000000000 ) ) ;
#7629 = FACE_OUTER_BOUND ( 'NONE', #3179, .T. ) ;
#7630 = DIRECTION ( 'NONE',  ( -1.000000000000000000, 0.0000000000000000000, 0.0000000000000000000 ) ) ;
#7631 = VECTOR ( 'NONE', #7450, 1000.000000000000000 ) ;
#7632 = EDGE_LOOP ( 'NONE', ( #1251, #3911, #6145, #10592 ) ) ;
#7633 = AXIS2_PLACEMENT_3D ( 'NONE', #2230, #9062, #1374 ) ;
#7634 = LINE ( 'NONE', #5799, #8112 ) ;
#7635 = VERTEX_POINT ( 'NONE', #7024 ) ;
#7636 = B_SPLINE_CURVE_WITH_KNOTS ( 'NONE', 3,
 ( #9900, #4802, #8902, #10732 ),
 .UNSPECIFIED., .F., .F.,
 ( 4, 4 ),
 ( 3.000000000000000000, 4.000000000000000000 ),
 .UNSPECIFIED. ) ;
#7637 = AXIS2_PLACEMENT_3D ( 'NONE', #2610, #6913, #2493 ) ;
#7638 = VECTOR ( 'NONE', #9839, 1000.000000000000114 ) ;
#7639 = CARTESIAN_POINT ( 'NONE',  ( -6.505313700773485586, 14.99488009673958011, 1.199999999999999956 ) ) ;
#7640 = EDGE_CURVE ( 'NONE', #2702, #4071, #1473, .T. ) ;
#7641 = DIRECTION ( 'NONE',  ( -1.000000000000000000, -0.0000000000000000000, -0.0000000000000000000 ) ) ;
#7642 = CARTESIAN_POINT ( 'NONE',  ( -7.744011965081448956, 15.09608320059462017, 1.209999999999999964 ) ) ;
#7643 = CARTESIAN_POINT ( 'NONE',  ( -5.099387704925637976, 13.59328642554276456, 1.209999999999999964 ) ) ;
#7644 = ORIENTED_EDGE ( 'NONE', *, *, #6711, .F. ) ;
#7645 = EDGE_LOOP ( 'NONE', ( #2740, #2967, #3167, #4103 ) ) ;
#7646 = DIRECTION ( 'NONE',  ( 0.0000000000000000000, 0.0000000000000000000, -1.000000000000000000 ) ) ;
#7647 = ORIENTED_EDGE ( 'NONE', *, *, #5326, .T. ) ;
#7648 = CARTESIAN_POINT ( 'NONE',  ( -9.561575044146806590, 14.77972324815364047, 1.209999999999999964 ) ) ;
#7649 = DIRECTION ( 'NONE',  ( -0.3385350342956584546, -0.9409537876827095415, 0.0000000000000000000 ) ) ;
#7650 = VECTOR ( 'NONE', #5204, 1000.000000000000000 ) ;
#7651 = ORIENTED_EDGE ( 'NONE', *, *, #4416, .F. ) ;
#7652 = ORIENTED_EDGE ( 'NONE', *, *, #9886, .F. ) ;
#7653 = DIRECTION ( 'NONE',  ( -1.224646799147353207E-16, 1.000000000000000000, 0.0000000000000000000 ) ) ;
#7654 = ORIENTED_EDGE ( 'NONE', *, *, #5286, .T. ) ;
#7655 = LINE ( 'NONE', #9362, #1021 ) ;
#7656 = CARTESIAN_POINT ( 'NONE',  ( -8.030291978040246192, 13.55134952291955663, 1.199999999999999956 ) ) ;
#7657 = ADVANCED_FACE ( 'NONE', ( #923 ), #9631, .F. ) ;
#7658 = CARTESIAN_POINT ( 'NONE',  ( -8.476174831154338563, 13.33126743063374597, 1.199999999999999956 ) ) ;
#7659 = CIRCLE ( 'NONE', #10337, 1.500000000000003109 ) ;
#7660 = CARTESIAN_POINT ( 'NONE',  ( -7.419607495190570390, 13.64735383719431283, 1.199999999999999956 ) ) ;
#7661 = EDGE_LOOP ( 'NONE', ( #6556, #8329, #7847, #3044 ) ) ;
#7662 = CARTESIAN_POINT ( 'NONE',  ( 12.95000000000000107, -14.25000000000000178, 1.199999999999999956 ) ) ;
#7663 = EDGE_LOOP ( 'NONE', ( #6558, #8929 ) ) ;
#7664 = CARTESIAN_POINT ( 'NONE',  ( -7.501575077592571361, 13.60818962234479734, 1.209999999999999964 ) ) ;
#7665 = FACE_OUTER_BOUND ( 'NONE', #1731, .T. ) ;
#7666 = VERTEX_POINT ( 'NONE', #244 ) ;
#7667 = CARTESIAN_POINT ( 'NONE',  ( -7.525662802654181860, 13.68478512218066889, 1.209999999999999964 ) ) ;
#7668 = CARTESIAN_POINT ( 'NONE',  ( -12.10651261144982982, 14.30254750025131116, 1.209999999999999964 ) ) ;
#7669 = EDGE_CURVE ( 'NONE', #10906, #2269, #10502, .T. ) ;
#7670 = CARTESIAN_POINT ( 'NONE',  ( -3.810000000000000053, 14.75000000000000178, -7.100000000000000533 ) ) ;
#7671 = ORIENTED_EDGE ( 'NONE', *, *, #2024, .T. ) ;
#7672 = DIRECTION ( 'NONE',  ( 0.0000000000000000000, 0.0000000000000000000, -1.000000000000000000 ) ) ;
#7673 = VECTOR ( 'NONE', #6179, 1000.000000000000000 ) ;
#7674 = CARTESIAN_POINT ( 'NONE',  ( -5.852172436340742578, 14.40672370207652264, 1.199999999999999956 ) ) ;
#7675 = ORIENTED_EDGE ( 'NONE', *, *, #4000, .F. ) ;
#7676 = DIRECTION ( 'NONE',  ( -0.0000000000000000000, 1.000000000000000000, -0.0000000000000000000 ) ) ;
#7677 = ORIENTED_EDGE ( 'NONE', *, *, #10365, .F. ) ;
#7678 = ORIENTED_EDGE ( 'NONE', *, *, #72, .F. ) ;
#7679 = EDGE_CURVE ( 'NONE', #8216, #543, #3210, .T. ) ;
#7680 = EDGE_CURVE ( 'NONE', #359, #2197, #9224, .T. ) ;
#7681 = VECTOR ( 'NONE', #5992, 1000.000000000000000 ) ;
#7682 = DIRECTION ( 'NONE',  ( -0.0000000000000000000, -0.0000000000000000000, -1.000000000000000000 ) ) ;
#7683 = CARTESIAN_POINT ( 'NONE',  ( 6.500000000000000000, -14.83447752647037987, 0.6486003279100314156 ) ) ;
#7684 = DIRECTION ( 'NONE',  ( 0.0000000000000000000, 0.0000000000000000000, 1.000000000000000000 ) ) ;
#7685 = DIRECTION ( 'NONE',  ( -1.000000000000000000, 0.0000000000000000000, 0.0000000000000000000 ) ) ;
#7686 = EDGE_CURVE ( 'NONE', #1948, #9108, #5426, .T. ) ;
#7687 = FACE_OUTER_BOUND ( 'NONE', #1074, .T. ) ;
#7688 = LINE ( 'NONE', #5126, #5106 ) ;
#7689 = ADVANCED_FACE ( 'NONE', ( #3000 ), #8094, .T. ) ;
#7690 = VERTEX_POINT ( 'NONE', #6411 ) ;
#7691 = CARTESIAN_POINT ( 'NONE',  ( -9.031379932137193478, 14.00371029876158069, 1.209999999999999964 ) ) ;
#7692 = ORIENTED_EDGE ( 'NONE', *, *, #2427, .F. ) ;
#7693 = CARTESIAN_POINT ( 'NONE',  ( -6.061337070508430180, 14.99799937048959464, 1.209999999999999964 ) ) ;
#7694 = ORIENTED_EDGE ( 'NONE', *, *, #9880, .F. ) ;
#7695 = VECTOR ( 'NONE', #5869, 1000.000000000000000 ) ;
#7696 = AXIS2_PLACEMENT_3D ( 'NONE', #9061, #1372, #9737 ) ;
#7697 = DIRECTION ( 'NONE',  ( 1.000000000000000000, -0.0000000000000000000, -0.0000000000000000000 ) ) ;
#7698 = CARTESIAN_POINT ( 'NONE',  ( -6.403070839003302872, 14.75434943209973504, 1.199999999999999956 ) ) ;
#7699 = LINE ( 'NONE', #2612, #10689 ) ;
#7700 = EDGE_CURVE ( 'NONE', #8316, #9700, #5366, .T. ) ;
#7701 = CARTESIAN_POINT ( 'NONE',  ( -8.003951444160202655, 14.48782481954923895, 1.209999999999999964 ) ) ;
#7702 = CARTESIAN_POINT ( 'NONE',  ( -3.040000000000014690, 16.01999999999999957, -2.500000000000000000 ) ) ;
#7703 = ORIENTED_EDGE ( 'NONE', *, *, #363, .T. ) ;
#7704 = CARTESIAN_POINT ( 'NONE',  ( -7.379750108397628239, 13.62239964719880803, 1.199999999999999956 ) ) ;
#7705 = DIRECTION ( 'NONE',  ( 0.7071067811865474617, 0.7071067811865474617, -0.0000000000000000000 ) ) ;
#7706 = EDGE_CURVE ( 'NONE', #8629, #10956, #2938, .T. ) ;
#7707 = ADVANCED_FACE ( 'NONE', ( #3847 ), #4772, .T. ) ;
#7708 = LINE ( 'NONE', #3470, #8184 ) ;
#7709 = EDGE_CURVE ( 'NONE', #5810, #5108, #1180, .T. ) ;
#7710 = LINE ( 'NONE', #4359, #7249 ) ;
#7711 = B_SPLINE_CURVE_WITH_KNOTS ( 'NONE', 3,
 ( #6660, #10081, #2408, #5830 ),
 .UNSPECIFIED., .F., .F.,
 ( 4, 4 ),
 ( 11.00000000000000000, 12.00000000000000000 ),
 .UNSPECIFIED. ) ;
#7712 = VERTEX_POINT ( 'NONE', #6351 ) ;
#7713 = CARTESIAN_POINT ( 'NONE',  ( -7.117731113486324368, 14.71206594350019969, 1.209999999999999964 ) ) ;
#7714 = CARTESIAN_POINT ( 'NONE',  ( -7.258618311146137536, 13.74578425327106324, 1.199999999999999956 ) ) ;
#7715 = CARTESIAN_POINT ( 'NONE',  ( -10.07249062140200735, 13.40121564435647272, 1.209999999999999964 ) ) ;
#7716 = B_SPLINE_SURFACE_WITH_KNOTS ( 'NONE', 3, 1, ( 
 ( #9123, #1440 ),
 ( #4855, #3180 ),
 ( #4017, #7415 ),
 ( #6583, #10002 ) ),
 .UNSPECIFIED., .F., .F., .F.,
 ( 4, 4 ),
 ( 2, 2 ),
 ( 5.000000000000000000, 6.000000000000000000 ),
 ( 0.0000000000000000000, 1.000000000000000000 ),
 .UNSPECIFIED. ) ;
#7717 = CARTESIAN_POINT ( 'NONE',  ( -8.111566388498816949, 13.33126743063374597, 1.209999999999999964 ) ) ;
#7718 = PLANE ( 'NONE',  #10182 ) ;
#7719 = VERTEX_POINT ( 'NONE', #1300 ) ;
#7720 = DIRECTION ( 'NONE',  ( 0.3385350343141494966, 0.9409537876760566411, 0.0000000000000000000 ) ) ;
#7721 = DIRECTION ( 'NONE',  ( 1.000000000000000000, 0.0000000000000000000, 0.0000000000000000000 ) ) ;
#7722 = EDGE_LOOP ( 'NONE', ( #5312, #9489, #5496, #1874 ) ) ;
#7723 = VERTEX_POINT ( 'NONE', #6300 ) ;
#7724 = LINE ( 'NONE', #2638, #3100 ) ;
#7725 = ORIENTED_EDGE ( 'NONE', *, *, #8348, .F. ) ;
#7726 = CARTESIAN_POINT ( 'NONE',  ( -5.221385967106424886, 13.88615157197098426, 1.209999999999999964 ) ) ;
#7727 = ORIENTED_EDGE ( 'NONE', *, *, #10561, .T. ) ;
#7728 = VECTOR ( 'NONE', #516, 1000.000000000000000 ) ;
#7729 = CARTESIAN_POINT ( 'NONE',  ( -7.824246617622566013, 13.75756817632308326, 1.199999999999999956 ) ) ;
#7730 = CARTESIAN_POINT ( 'NONE',  ( -7.286345188915333893, 13.47336767919686551, 1.209999999999999964 ) ) ;
#7731 = ORIENTED_EDGE ( 'NONE', *, *, #10191, .T. ) ;
#7732 = LINE ( 'NONE', #7784, #8682 ) ;
#7733 = CARTESIAN_POINT ( 'NONE',  ( -5.201803859686291887, 13.87506082086700054, 1.199999999999999956 ) ) ;
#7734 = EDGE_CURVE ( 'NONE', #5749, #6538, #8141, .T. ) ;
#7735 = ADVANCED_FACE ( 'NONE', ( #5539 ), #1357, .F. ) ;
#7736 = ORIENTED_EDGE ( 'NONE', *, *, #1654, .F. ) ;
#7737 = ORIENTED_EDGE ( 'NONE', *, *, #2427, .T. ) ;
#7738 = DIRECTION ( 'NONE',  ( -1.000000000000000000, -0.0000000000000000000, -0.0000000000000000000 ) ) ;
#7739 = DIRECTION ( 'NONE',  ( 0.9369753459439789101, 0.3493954794973183620, -0.0000000000000000000 ) ) ;
#7740 = CARTESIAN_POINT ( 'NONE',  ( -8.146224985709171307, 13.71424492980840348, 1.209999999999999964 ) ) ;
#7741 = CARTESIAN_POINT ( 'NONE',  ( -6.268768774812923716, 14.40672370207652264, 1.209999999999999964 ) ) ;
#7742 = ADVANCED_FACE ( 'NONE', ( #8196 ), #3955, .T. ) ;
#7743 = DIRECTION ( 'NONE',  ( 0.0000000000000000000, 0.0000000000000000000, -1.000000000000000000 ) ) ;
#7744 = CARTESIAN_POINT ( 'NONE',  ( 1.270000000000000240, 14.75000000000000178, 2.000000000000000000 ) ) ;
#7745 = DIRECTION ( 'NONE',  ( 0.3559357243698743622, -0.9345104387417473291, 0.0000000000000000000 ) ) ;
#7746 = CARTESIAN_POINT ( 'NONE',  ( -5.221385967106424886, 13.88615157197098426, 1.199999999999999956 ) ) ;
#7747 = ORIENTED_EDGE ( 'NONE', *, *, #10365, .T. ) ;
#7748 = VECTOR ( 'NONE', #3199, 1000.000000000000000 ) ;
#7749 = CARTESIAN_POINT ( 'NONE',  ( 8.713066640240183958, -11.36787109524561856, 0.0000000000000000000 ) ) ;
#7750 = DIRECTION ( 'NONE',  ( 0.0000000000000000000, 0.0000000000000000000, -1.000000000000000000 ) ) ;
#7751 = CARTESIAN_POINT ( 'NONE',  ( -7.021553506225692409, 13.19852500331605683, 1.199999999999999956 ) ) ;
#7752 = CIRCLE ( 'NONE', #6860, 0.4000000000000001887 ) ;
#7753 = CARTESIAN_POINT ( 'NONE',  ( -5.656351362102395086, 13.42623198698875875, 1.199999999999999956 ) ) ;
#7754 = ADVANCED_FACE ( 'NONE', ( #10770 ), #6467, .F. ) ;
#7755 = VERTEX_POINT ( 'NONE', #303 ) ;
#7756 = CALENDAR_DATE ( 2024, 19, 8 ) ;
#7757 = DIRECTION ( 'NONE',  ( -0.0000000000000000000, -0.0000000000000000000, -1.000000000000000000 ) ) ;
#7758 = CARTESIAN_POINT ( 'NONE',  ( -7.308180105158522011, 13.50074797098971935, 1.199999999999999956 ) ) ;
#7759 = LINE ( 'NONE', #10277, #9467 ) ;
#7760 = DIRECTION ( 'NONE',  ( 0.0000000000000000000, 0.0000000000000000000, 1.000000000000000000 ) ) ;
#7761 = ADVANCED_FACE ( 'NONE', ( #3743 ), #1191, .T. ) ;
#7762 = VECTOR ( 'NONE', #7299, 1000.000000000000000 ) ;
#7763 = VERTEX_POINT ( 'NONE', #5069 ) ;
#7764 = LINE ( 'NONE', #5148, #9271 ) ;
#7765 = CARTESIAN_POINT ( 'NONE',  ( 16.70000000000000284, -14.25000000000000178, -0.1339798481102603966 ) ) ;
#7766 = EDGE_CURVE ( 'NONE', #10512, #6886, #6734, .T. ) ;
#7767 = CARTESIAN_POINT ( 'NONE',  ( -7.431911297200163524, 13.65809800232659121, 1.199999999999999956 ) ) ;
#7769 = PLANE ( 'NONE',  #885 ) ;
#7768 = VECTOR ( 'NONE', #5953, 1000.000000000000000 ) ;
#7770 = ORIENTED_EDGE ( 'NONE', *, *, #11030, .F. ) ;
#7771 = CARTESIAN_POINT ( 'NONE',  ( -8.388661873198030250, 14.48401237385580131, 1.199999999999999956 ) ) ;
#7772 = CARTESIAN_POINT ( 'NONE',  ( -11.45581838469377089, 13.14575794765878669, 1.199999999999999956 ) ) ;
#7773 = ORIENTED_EDGE ( 'NONE', *, *, #7080, .F. ) ;
#7774 = CARTESIAN_POINT ( 'NONE',  ( -7.975358101461707427, 14.89125089107794153, 1.199999999999999956 ) ) ;
#7775 = ORIENTED_EDGE ( 'NONE', *, *, #6798, .F. ) ;
#7776 = AXIS2_PLACEMENT_3D ( 'NONE', #5659, #9959, #9075 ) ;
#7777 = CARTESIAN_POINT ( 'NONE',  ( -7.921637275784168430, 13.52916802070236280, 1.199999999999999956 ) ) ;
#7778 = ORIENTED_EDGE ( 'NONE', *, *, #929, .T. ) ;
#7779 = CARTESIAN_POINT ( 'NONE',  ( -7.360168000972892699, 15.00666401979160547, 1.209999999999999964 ) ) ;
#7780 = B_SPLINE_CURVE_WITH_KNOTS ( 'NONE', 3,
 ( #3655, #5343, #3553, #10525 ),
 .UNSPECIFIED., .F., .F.,
 ( 4, 4 ),
 ( 7.000000000000000000, 8.000000000000000000 ),
 .UNSPECIFIED. ) ;
#7781 = LINE ( 'NONE', #8693, #8115 ) ;
#7782 = CARTESIAN_POINT ( 'NONE',  ( -5.003210097665032663, 13.33126743063374597, 1.209999999999999964 ) ) ;
#7783 = EDGE_LOOP ( 'NONE', ( #8816, #8194, #6772, #2803 ) ) ;
#7784 = CARTESIAN_POINT ( 'NONE',  ( 6.500000000000000000, -11.36787109524561856, 0.6486003279100314156 ) ) ;
#7785 = DIRECTION ( 'NONE',  ( 1.000000000000000000, 0.0000000000000000000, 0.0000000000000000000 ) ) ;
#7786 = APPROVAL_PERSON_ORGANIZATION ( #920, #5342, #5373 ) ;
#7787 = ORIENTED_EDGE ( 'NONE', *, *, #9330, .T. ) ;
#7788 = VERTEX_POINT ( 'NONE', #9107 ) ;
#7789 = CIRCLE ( 'NONE', #8324, 0.6825801760202918622 ) ;
#7790 = CARTESIAN_POINT ( 'NONE',  ( -7.397079407001651674, 13.54407121750439202, 1.199999999999999956 ) ) ;
#7791 = FACE_BOUND ( 'NONE', #4718, .T. ) ;
#7792 = EDGE_CURVE ( 'NONE', #8373, #3968, #3816, .T. ) ;
#7793 = CARTESIAN_POINT ( 'NONE',  ( -1.269999999999999796, 14.75000000000000178, 1.600000000000000089 ) ) ;
#7794 = DIRECTION ( 'NONE',  ( 0.0000000000000000000, 1.000000000000000000, 0.0000000000000000000 ) ) ;
#7795 = PLANE ( 'NONE',  #5639 ) ;
#7796 = ORIENTED_EDGE ( 'NONE', *, *, #6101, .T. ) ;
#7797 = LINE ( 'NONE', #5127, #11084 ) ;
#7798 = ORIENTED_EDGE ( 'NONE', *, *, #8195, .T. ) ;
#7799 = ORIENTED_EDGE ( 'NONE', *, *, #1596, .F. ) ;
#7800 = CARTESIAN_POINT ( 'NONE',  ( -8.090944523158912105, 14.73286110182594477, 1.209999999999999964 ) ) ;
#7801 = LINE ( 'NONE', #3676, #7444 ) ;
#7802 = AXIS2_PLACEMENT_3D ( 'NONE', #7260, #2180, #4748 ) ;
#7803 = VECTOR ( 'NONE', #8378, 1000.000000000000000 ) ;
#7804 = B_SPLINE_SURFACE_WITH_KNOTS ( 'NONE', 3, 1, ( 
 ( #8205, #7195 ),
 ( #2951, #1202 ),
 ( #4742, #4641 ),
 ( #411, #2895 ) ),
 .UNSPECIFIED., .F., .F., .F.,
 ( 4, 4 ),
 ( 2, 2 ),
 ( 1.000000000000000000, 2.000000000000000000 ),
 ( 0.0000000000000000000, 1.000000000000000000 ),
 .UNSPECIFIED. ) ;
#7805 = CARTESIAN_POINT ( 'NONE',  ( -6.505313700773485586, 14.99488009673958011, 1.209999999999999964 ) ) ;
#7806 = CARTESIAN_POINT ( 'NONE',  ( -6.106046660905298573, 13.33126743063374597, 1.199999999999999956 ) ) ;
#7807 = CARTESIAN_POINT ( 'NONE',  ( -7.816275140263978294, 13.82653878477206355, 1.199999999999999956 ) ) ;
#7808 = AXIS2_PLACEMENT_3D ( 'NONE', #1497, #10954, #9424 ) ;
#7809 = CARTESIAN_POINT ( 'NONE',  ( -9.730273731248798796, 14.37484685878232860, 1.209999999999999964 ) ) ;
#7810 = VECTOR ( 'NONE', #871, 1000.000000000000000 ) ;
#7811 = VERTEX_POINT ( 'NONE', #7400 ) ;
#7812 = PERSON_AND_ORGANIZATION ( #3476, #272 ) ;
#7813 = ORIENTED_EDGE ( 'NONE', *, *, #4861, .T. ) ;
#7814 = DIRECTION ( 'NONE',  ( 0.7071067811865474617, 0.7071067811865474617, -0.0000000000000000000 ) ) ;
#7815 = CARTESIAN_POINT ( 'NONE',  ( -4.209999999999999964, 14.75000000000000178, 1.600000000000000089 ) ) ;
#7816 = FACE_BOUND ( 'NONE', #4406, .T. ) ;
#7817 = DIRECTION ( 'NONE',  ( 0.0000000000000000000, 1.000000000000000000, 0.0000000000000000000 ) ) ;
#7818 = VECTOR ( 'NONE', #4360, 1000.000000000000000 ) ;
#7819 = EDGE_CURVE ( 'NONE', #6264, #2577, #7011, .T. ) ;
#7820 = ORIENTED_EDGE ( 'NONE', *, *, #9939, .T. ) ;
#7821 = CARTESIAN_POINT ( 'NONE',  ( -7.021553506225692409, 13.19852500331605683, 1.199999999999999956 ) ) ;
#7822 = CARTESIAN_POINT ( 'NONE',  ( -11.06540173831820972, 14.51462587601447041, 1.199999999999999956 ) ) ;
#7823 = DIRECTION ( 'NONE',  ( -0.0000000000000000000, -0.0000000000000000000, -1.000000000000000000 ) ) ;
#7824 = CIRCLE ( 'NONE', #9975, 2.249999999999998668 ) ;
#7825 = ADVANCED_FACE ( 'NONE', ( #7516 ), #4234, .F. ) ;
#7826 = CARTESIAN_POINT ( 'NONE',  ( -7.412329189775404892, 13.73954570577101464, 1.209999999999999964 ) ) ;
#7827 = ORIENTED_EDGE ( 'NONE', *, *, #9405, .F. ) ;
#7828 = AXIS2_PLACEMENT_3D ( 'NONE', #5008, #9455, #5181 ) ;
#7829 = DIRECTION ( 'NONE',  ( -0.0000000000000000000, -0.0000000000000000000, -1.000000000000000000 ) ) ;
#7830 = ADVANCED_FACE ( 'NONE', ( #3333 ), #9284, .F. ) ;
#7831 = CARTESIAN_POINT ( 'NONE',  ( -11.45581838469377089, 13.14575794765878669, 1.209999999999999964 ) ) ;
#7832 = ORIENTED_EDGE ( 'NONE', *, *, #4760, .F. ) ;
#7833 = ORIENTED_EDGE ( 'NONE', *, *, #4085, .F. ) ;
#7834 = CARTESIAN_POINT ( 'NONE',  ( -7.936540472586226080, 13.51461140987665033, 1.209999999999999964 ) ) ;
#7835 = CARTESIAN_POINT ( 'NONE',  ( -11.90407441676186373, 13.56991414758934589, 1.209999999999999964 ) ) ;
#7836 = EDGE_CURVE ( 'NONE', #10906, #3030, #9344, .T. ) ;
#7837 = AXIS2_PLACEMENT_3D ( 'NONE', #9577, #3790, #7019 ) ;
#7838 = LINE ( 'NONE', #6942, #1539 ) ;
#7839 = VERTEX_POINT ( 'NONE', #8308 ) ;
#7840 = CARTESIAN_POINT ( 'NONE',  ( -7.726162787517545816, 13.48792429002257443, 1.209999999999999964 ) ) ;
#7841 = CARTESIAN_POINT ( 'NONE',  ( -7.002317984774967030, 13.24427435163269529, 1.209999999999999964 ) ) ;
#7842 = DIRECTION ( 'NONE',  ( 0.0000000000000000000, 1.000000000000000000, -0.0000000000000000000 ) ) ;
#7843 = EDGE_LOOP ( 'NONE', ( #737, #886, #6668, #5025 ) ) ;
#7844 = CARTESIAN_POINT ( 'NONE',  ( -7.517691325295590588, 13.62933136664225131, 1.209999999999999964 ) ) ;
#7845 = CARTESIAN_POINT ( 'NONE',  ( -7.000000000000000888, -12.29999999999999893, 0.0000000000000000000 ) ) ;
#7846 = AXIS2_PLACEMENT_3D ( 'NONE', #2308, #3090, #2360 ) ;
#7847 = ORIENTED_EDGE ( 'NONE', *, *, #8306, .T. ) ;
#7848 = ORIENTED_EDGE ( 'NONE', *, *, #4560, .T. ) ;
#7849 = EDGE_CURVE ( 'NONE', #455, #5372, #8251, .T. ) ;
#7850 = VECTOR ( 'NONE', #5111, 1000.000000000000000 ) ;
#7851 = LINE ( 'NONE', #1225, #5851 ) ;
#7852 = CARTESIAN_POINT ( 'NONE',  ( -8.030291978040246192, 13.41756733768675147, 1.199999999999999956 ) ) ;
#7853 = DIRECTION ( 'NONE',  ( 0.0000000000000000000, -1.000000000000000000, 0.0000000000000000000 ) ) ;
#7854 = CARTESIAN_POINT ( 'NONE',  ( -11.80285515853674916, 14.10492951102230919, 1.209999999999999964 ) ) ;
#7855 = ORIENTED_EDGE ( 'NONE', *, *, #3527, .T. ) ;
#7856 = CARTESIAN_POINT ( 'NONE',  ( -11.08468164080622564, 15.02072110991754350, 1.209999999999999964 ) ) ;
#7857 = ORIENTED_EDGE ( 'NONE', *, *, #10693, .T. ) ;
#7858 = DIRECTION ( 'NONE',  ( 0.0000000000000000000, 0.0000000000000000000, 1.000000000000000000 ) ) ;
#7859 = VERTEX_POINT ( 'NONE', #2488 ) ;
#7860 = VERTEX_POINT ( 'NONE', #6570 ) ;
#7861 = CYLINDRICAL_SURFACE ( 'NONE', #5831, 0.4000000000000001887 ) ;
#7862 = DIRECTION ( 'NONE',  ( -0.3559357243643078150, -0.9345104387438672999, -0.0000000000000000000 ) ) ;
#7863 = AXIS2_PLACEMENT_3D ( 'NONE', #10207, #2545, #7745 ) ;
#7864 = VERTEX_POINT ( 'NONE', #9160 ) ;
#7865 = ORIENTED_EDGE ( 'NONE', *, *, #3229, .F. ) ;
#7866 = B_SPLINE_CURVE_WITH_KNOTS ( 'NONE', 3,
 ( #7664, #937, #4365, #11081 ),
 .UNSPECIFIED., .F., .F.,
 ( 4, 4 ),
 ( 4.000000000000000000, 5.000000000000000000 ),
 .UNSPECIFIED. ) ;
#7867 = B_SPLINE_CURVE_WITH_KNOTS ( 'NONE', 3,
 ( #2207, #3160, #10930, #1416 ),
 .UNSPECIFIED., .F., .F.,
 ( 4, 4 ),
 ( 3.000000000000000000, 4.000000000000000000 ),
 .UNSPECIFIED. ) ;
#7868 = DIRECTION ( 'NONE',  ( -0.0000000000000000000, -0.0000000000000000000, 1.000000000000000000 ) ) ;
#7869 = PLANE ( 'NONE',  #6150 ) ;
#7870 = CARTESIAN_POINT ( 'NONE',  ( -7.762554314588752113, 13.42900467476706972, 1.209999999999999964 ) ) ;
#7871 = VECTOR ( 'NONE', #7106, 1000.000000000000000 ) ;
#7872 = CARTESIAN_POINT ( 'NONE',  ( 0.4999999999999935052, 13.47999999999999865, 0.0000000000000000000 ) ) ;
#7873 = EDGE_CURVE ( 'NONE', #8266, #1077, #7634, .T. ) ;
#7874 = EDGE_LOOP ( 'NONE', ( #630, #3281 ) ) ;
#7875 = PERSON_AND_ORGANIZATION ( #3476, #272 ) ;
#7876 = B_SPLINE_CURVE_WITH_KNOTS ( 'NONE', 3,
 ( #2715, #2817, #5522, #4501 ),
 .UNSPECIFIED., .F., .F.,
 ( 4, 4 ),
 ( 24.00000000000000000, 25.00000000000000000 ),
 .UNSPECIFIED. ) ;
#7877 = CARTESIAN_POINT ( 'NONE',  ( -6.268768774812923716, 13.71424492980840348, 1.199999999999999956 ) ) ;
#7878 = PLANE ( 'NONE',  #3544 ) ;
#7879 = CARTESIAN_POINT ( 'NONE',  ( -17.00000000000000355, -11.50000000000000000, 2.700000000000000178 ) ) ;
#7880 = ADVANCED_FACE ( 'NONE', ( #3399 ), #9987, .F. ) ;
#7881 = VERTEX_POINT ( 'NONE', #5745 ) ;
#7882 = B_SPLINE_CURVE_WITH_KNOTS ( 'NONE', 3,
 ( #6696, #10119, #10175, #759 ),
 .UNSPECIFIED., .F., .F.,
 ( 4, 4 ),
 ( 4.000000000000000000, 5.000000000000000000 ),
 .UNSPECIFIED. ) ;
#7883 = CARTESIAN_POINT ( 'NONE',  ( -7.526182681611753189, 13.43593639420589092, 1.199999999999999956 ) ) ;
#7884 = VECTOR ( 'NONE', #7362, 1000.000000000000000 ) ;
#7885 = ADVANCED_FACE ( 'NONE', ( #8485 ), #1651, .F. ) ;
#7886 = CARTESIAN_POINT ( 'NONE',  ( -9.479635918243198844, 13.63739343856610553, 1.199999999999999956 ) ) ;
#7887 = ORIENTED_EDGE ( 'NONE', *, *, #3931, .F. ) ;
#7888 = FACE_OUTER_BOUND ( 'NONE', #5969, .T. ) ;
#7889 = CARTESIAN_POINT ( 'NONE',  ( 13.71000000000000085, 9.599999999999999645, 2.600000000000000533 ) ) ;
#7890 = ORIENTED_EDGE ( 'NONE', *, *, #2262, .F. ) ;
#7891 = CARTESIAN_POINT ( 'NONE',  ( -7.927875823281901546, 14.94185244300777349, 1.199999999999999956 ) ) ;
#7892 = EDGE_LOOP ( 'NONE', ( #2416, #9110, #5537, #3538 ) ) ;
#7893 = EDGE_CURVE ( 'NONE', #4576, #3248, #4173, .T. ) ;
#7894 = DIRECTION ( 'NONE',  ( 0.0000000000000000000, 0.0000000000000000000, -1.000000000000000000 ) ) ;
#7895 = DIRECTION ( 'NONE',  ( -0.0000000000000000000, -0.0000000000000000000, -1.000000000000000000 ) ) ;
#7896 = ADVANCED_FACE ( 'NONE', ( #10209 ), #3081, .F. ) ;
#7897 = CARTESIAN_POINT ( 'NONE',  ( -7.944165363970806304, 13.46782230364024535, 1.209999999999999964 ) ) ;
#7898 = CARTESIAN_POINT ( 'NONE',  ( -17.69999999999999574, 16.75000000000000000, 1.199999999999999956 ) ) ;
#7899 = CARTESIAN_POINT ( 'NONE',  ( -6.618993899628585531, 14.98552227549414972, 1.199999999999999956 ) ) ;
#7900 = ADVANCED_FACE ( 'NONE', ( #736 ), #5915, .F. ) ;
#7901 = EDGE_CURVE ( 'NONE', #8274, #242, #10430, .T. ) ;
#7902 = DIRECTION ( 'NONE',  ( -0.3493954794691488952, 0.9369753459544832852, 0.0000000000000000000 ) ) ;
#7903 = EDGE_LOOP ( 'NONE', ( #7346, #3598, #7159, #5744 ) ) ;
#7904 = DIRECTION ( 'NONE',  ( 0.7071067811865474617, 0.7071067811865474617, -0.0000000000000000000 ) ) ;
#7905 = EDGE_CURVE ( 'NONE', #5856, #6352, #9377, .T. ) ;
#7906 = DIRECTION ( 'NONE',  ( -0.0000000000000000000, -0.0000000000000000000, -1.000000000000000000 ) ) ;
#7907 = B_SPLINE_SURFACE_WITH_KNOTS ( 'NONE', 3, 1, ( 
 ( #565, #9926 ),
 ( #7295, #3948 ),
 ( #2372, #449 ),
 ( #7341, #1472 ) ),
 .UNSPECIFIED., .F., .F., .F.,
 ( 4, 4 ),
 ( 2, 2 ),
 ( 0.0000000000000000000, 1.000000000000000000 ),
 ( 0.0000000000000000000, 1.000000000000000000 ),
 .UNSPECIFIED. ) ;
#7908 = B_SPLINE_CURVE_WITH_KNOTS ( 'NONE', 3,
 ( #3806, #9945, #4696, #8103 ),
 .UNSPECIFIED., .F., .F.,
 ( 4, 4 ),
 ( 3.000000000000000000, 4.000000000000000000 ),
 .UNSPECIFIED. ) ;
#7909 = CARTESIAN_POINT ( 'NONE',  ( -6.437209557253773973, 14.56511349132851940, 1.209999999999999964 ) ) ;
#7910 = CARTESIAN_POINT ( 'NONE',  ( -7.964032430152203190, -8.672079492129114442, 0.0000000000000000000 ) ) ;
#7911 = LINE ( 'NONE', #10475, #332 ) ;
#7912 = ORIENTED_EDGE ( 'NONE', *, *, #2473, .F. ) ;
#7913 = CARTESIAN_POINT ( 'NONE',  ( -7.319790735222381883, 13.38914728797413289, 1.209999999999999964 ) ) ;
#7914 = ADVANCED_FACE ( 'NONE', ( #7012 ), #1367, .F. ) ;
#7915 = DIRECTION ( 'NONE',  ( -0.0000000000000000000, -0.0000000000000000000, -1.000000000000000000 ) ) ;
#7916 = ORIENTED_EDGE ( 'NONE', *, *, #9379, .F. ) ;
#7917 = ORIENTED_EDGE ( 'NONE', *, *, #2364, .T. ) ;
#7918 = CARTESIAN_POINT ( 'NONE',  ( -7.082725930301961625, 13.10321386098472374, 1.209999999999999964 ) ) ;
#7919 = CARTESIAN_POINT ( 'NONE',  ( -7.104907432516847088, 13.17599691512713633, 1.199999999999999956 ) ) ;
#7920 = ORIENTED_EDGE ( 'NONE', *, *, #637, .F. ) ;
#7921 = EDGE_LOOP ( 'NONE', ( #8580, #6757, #3301, #2366, #4584, #8078, #1560 ) ) ;
#7922 = CARTESIAN_POINT ( 'NONE',  ( -11.06540183025160751, 13.29999624822893800, 1.209999999999999964 ) ) ;
#7923 = CARTESIAN_POINT ( 'NONE',  ( -9.720633780004787283, 14.37484685878232860, 1.199999999999999956 ) ) ;
#7924 = CARTESIAN_POINT ( 'NONE',  ( -9.209718386616387420, 13.54581436141388195, 1.209999999999999964 ) ) ;
#7925 = CARTESIAN_POINT ( 'NONE',  ( -7.583369367008717887, 14.43479716581743588, 1.209999999999999964 ) ) ;
#7926 = ORIENTED_EDGE ( 'NONE', *, *, #7554, .T. ) ;
#7927 = DIRECTION ( 'NONE',  ( 0.7071067811865475727, -0.7071067811865475727, 0.0000000000000000000 ) ) ;
#7928 = CARTESIAN_POINT ( 'NONE',  ( -0.8699999999999996625, 14.75000000000000178, 2.000000000000000000 ) ) ;
#7929 = CARTESIAN_POINT ( 'NONE',  ( -11.27266004652712539, 13.01079918184770001, 1.199999999999999956 ) ) ;
#7930 = DIRECTION ( 'NONE',  ( 0.0000000000000000000, 1.000000000000000000, 0.0000000000000000000 ) ) ;
#7931 = EDGE_LOOP ( 'NONE', ( #5468, #9601, #4844 ) ) ;
#7932 = AXIS2_PLACEMENT_3D ( 'NONE', #9770, #450, #3220 ) ;
#7933 = CARTESIAN_POINT ( 'NONE',  ( -7.360168000972892699, 15.00666401979160547, 1.199999999999999956 ) ) ;
#7934 = EDGE_CURVE ( 'NONE', #7356, #8928, #6665, .T. ) ;
#7935 = EDGE_LOOP ( 'NONE', ( #284, #5090, #1913, #9914 ) ) ;
#7936 = CARTESIAN_POINT ( 'NONE',  ( -6.658851286416903825, 15.08464586351430370, 1.209999999999999964 ) ) ;
#7937 = ORIENTED_EDGE ( 'NONE', *, *, #10216, .T. ) ;
#7938 = CARTESIAN_POINT ( 'NONE',  ( -17.00000000000000355, 11.50000000000000000, 2.700000000000000178 ) ) ;
#7939 = LINE ( 'NONE', #1807, #1611 ) ;
#7940 = ORIENTED_EDGE ( 'NONE', *, *, #9729, .T. ) ;
#7941 = CARTESIAN_POINT ( 'NONE',  ( -7.999099240549312206, 14.73805989141084893, 1.199999999999999956 ) ) ;
#7942 = CIRCLE ( 'NONE', #7038, 0.4000000000000001887 ) ;
#7943 = ORIENTED_EDGE ( 'NONE', *, *, #8487, .T. ) ;
#7944 = LINE ( 'NONE', #90, #9011 ) ;
#7945 = FACE_OUTER_BOUND ( 'NONE', #8582, .T. ) ;
#7946 = EDGE_CURVE ( 'NONE', #8945, #7506, #10807, .T. ) ;
#7947 = CARTESIAN_POINT ( 'NONE',  ( -6.923123090146659386, 13.41167537615842775, 1.209999999999999964 ) ) ;
#7948 = DIRECTION ( 'NONE',  ( -1.000000000000000000, 0.0000000000000000000, 0.0000000000000000000 ) ) ;
#7949 = VECTOR ( 'NONE', #9930, 1000.000000000000000 ) ;
#7950 = CARTESIAN_POINT ( 'NONE',  ( -7.726162787517545816, 13.57422419708017358, 1.209999999999999964 ) ) ;
#7951 = CARTESIAN_POINT ( 'NONE',  ( -9.744733566180256545, 14.37484685878232860, 1.209999999999999964 ) ) ;
#7952 = ORIENTED_EDGE ( 'NONE', *, *, #5036, .T. ) ;
#7953 = CARTESIAN_POINT ( 'NONE',  ( -7.501575077592571361, 13.60818962234479734, 1.209999999999999964 ) ) ;
#7954 = CARTESIAN_POINT ( 'NONE',  ( -7.050493434895884981, 13.17599691512713633, 1.209999999999999964 ) ) ;
#7955 = VECTOR ( 'NONE', #6333, 1000.000000000000000 ) ;
#7956 = EDGE_CURVE ( 'NONE', #8130, #7097, #912, .T. ) ;
#7957 = EDGE_CURVE ( 'NONE', #8534, #1577, #5299, .T. ) ;
#7958 = CARTESIAN_POINT ( 'NONE',  ( -6.403070839003302872, 14.64933388255125379, 1.209999999999999964 ) ) ;
#7959 = CARTESIAN_POINT ( 'NONE',  ( -6.620466890006046157, 15.06224774506766551, 1.209999999999999964 ) ) ;
#7960 = AXIS2_PLACEMENT_3D ( 'NONE', #7050, #10466, #8065 ) ;
#7961 = CARTESIAN_POINT ( 'NONE',  ( -7.944165363970806304, 13.46782230364024535, 1.199999999999999956 ) ) ;
#7962 = VERTEX_POINT ( 'NONE', #1784 ) ;
#7963 = CARTESIAN_POINT ( 'NONE',  ( -7.286345188915333893, 13.41098220421500642, 1.199999999999999956 ) ) ;
#7964 = DIRECTION ( 'NONE',  ( -1.000000000000000000, 0.0000000000000000000, 0.0000000000000000000 ) ) ;
#7965 = EDGE_CURVE ( 'NONE', #7719, #10375, #7789, .T. ) ;
#7966 = ADVANCED_FACE ( 'NONE', ( #1839 ), #9077, .F. ) ;
#7967 = VERTEX_POINT ( 'NONE', #4394 ) ;
#7968 = ORIENTED_EDGE ( 'NONE', *, *, #5970, .T. ) ;
#7969 = CARTESIAN_POINT ( 'NONE',  ( -5.258297373139829922, 14.00918959207152348, 1.209999999999999964 ) ) ;
#7970 = VERTEX_POINT ( 'NONE', #7800 ) ;
#7971 = VECTOR ( 'NONE', #3067, 1000.000000000000000 ) ;
#7972 = DIRECTION ( 'NONE',  ( -2.731847993664263218E-16, 1.000000000000000000, 0.0000000000000000000 ) ) ;
#7973 = DIRECTION ( 'NONE',  ( 0.9209172030172723122, -0.3897582650654685676, 0.0000000000000000000 ) ) ;
#7974 = DIRECTION ( 'NONE',  ( 0.0000000000000000000, -0.0000000000000000000, -1.000000000000000000 ) ) ;
#7975 = CARTESIAN_POINT ( 'NONE',  ( -7.419607495190570390, 13.64735383719431283, 1.199999999999999956 ) ) ;
#7976 = B_SPLINE_CURVE_WITH_KNOTS ( 'NONE', 3,
 ( #8179, #4711, #9144, #10027 ),
 .UNSPECIFIED., .F., .F.,
 ( 4, 4 ),
 ( 4.000000000000000000, 5.000000000000000000 ),
 .UNSPECIFIED. ) ;
#7977 = ORIENTED_EDGE ( 'NONE', *, *, #4163, .T. ) ;
#7978 = AXIS2_PLACEMENT_3D ( 'NONE', #4517, #7930, #6355 ) ;
#7979 = ORIENTED_EDGE ( 'NONE', *, *, #6784, .T. ) ;
#7980 = CARTESIAN_POINT ( 'NONE',  ( -10.57858613110296098, 13.49279490537085913, 1.209999999999999964 ) ) ;
#7981 = CARTESIAN_POINT ( 'NONE',  ( -7.888191729477120440, 14.49718264079467112, 1.199999999999999956 ) ) ;
#7982 = PLANE ( 'NONE',  #5523 ) ;
#7983 = CARTESIAN_POINT ( 'NONE',  ( -10.41952757911408867, 14.97734151318745610, 1.199999999999999956 ) ) ;
#7984 = CC_DESIGN_DATE_AND_TIME_ASSIGNMENT ( #3637, #10442, ( #1721 ) ) ;
#7985 = VECTOR ( 'NONE', #7320, 1000.000000000000000 ) ;
#7986 = VECTOR ( 'NONE', #7256, 1000.000000000000000 ) ;
#7987 = CARTESIAN_POINT ( 'NONE',  ( -7.360168000972892699, 14.71206594350019969, 1.209999999999999964 ) ) ;
#7988 = B_SPLINE_CURVE_WITH_KNOTS ( 'NONE', 3,
 ( #10495, #1243, #4678, #8089 ),
 .UNSPECIFIED., .F., .F.,
 ( 4, 4 ),
 ( 1.000000000000000000, 2.000000000000000000 ),
 .UNSPECIFIED. ) ;
#7989 = B_SPLINE_SURFACE_WITH_KNOTS ( 'NONE', 3, 1, ( 
 ( #8556, #5074 ),
 ( #6089, #9528 ),
 ( #8667, #8490 ),
 ( #9408, #6027 ) ),
 .UNSPECIFIED., .F., .F., .F.,
 ( 4, 4 ),
 ( 2, 2 ),
 ( 4.000000000000000000, 5.000000000000000000 ),
 ( 0.0000000000000000000, 1.000000000000000000 ),
 .UNSPECIFIED. ) ;
#7990 = ORIENTED_EDGE ( 'NONE', *, *, #5984, .F. ) ;
#7991 = CARTESIAN_POINT ( 'NONE',  ( -11.53293758094323174, 14.87612239286012894, 1.209999999999999964 ) ) ;
#7992 = ORIENTED_EDGE ( 'NONE', *, *, #4125, .F. ) ;
#7993 = DIRECTION ( 'NONE',  ( 0.3493954794691488952, -0.9369753459544832852, -0.0000000000000000000 ) ) ;
#7994 = CARTESIAN_POINT ( 'NONE',  ( -7.253766107537557239, 13.35830113645489625, 1.199999999999999956 ) ) ;
#7995 = DIRECTION ( 'NONE',  ( 1.000000000000000000, 0.0000000000000000000, 0.0000000000000000000 ) ) ;
#7996 = CARTESIAN_POINT ( 'NONE',  ( -11.06058185462844889, 13.01079918184770001, 1.209999999999999964 ) ) ;
#7997 = VECTOR ( 'NONE', #7868, 1000.000000000000000 ) ;
#7998 = ORIENTED_EDGE ( 'NONE', *, *, #9209, .T. ) ;
#7999 = CARTESIAN_POINT ( 'NONE',  ( -7.583369367008717887, 14.51867097106845783, 1.199999999999999956 ) ) ;
#8000 = EDGE_CURVE ( 'NONE', #11006, #9054, #9524, .T. ) ;
#8001 = CARTESIAN_POINT ( 'NONE',  ( -7.447680958929176143, 15.08464586351430547, 1.209999999999999964 ) ) ;
#8002 = CARTESIAN_POINT ( 'NONE',  ( -6.768545746588097600, 14.40672370207652442, 1.199999999999999956 ) ) ;
#8003 = VECTOR ( 'NONE', #4869, 1000.000000000000000 ) ;
#8004 = CARTESIAN_POINT ( 'NONE',  ( -7.964032430152203190, -8.672079492129114442, -1.000000000000000000 ) ) ;
#8005 = ORIENTED_EDGE ( 'NONE', *, *, #3123, .T. ) ;
#8006 = DIRECTION ( 'NONE',  ( -0.0000000000000000000, -0.0000000000000000000, -1.000000000000000000 ) ) ;
#8007 = ORIENTED_EDGE ( 'NONE', *, *, #1433, .F. ) ;
#8008 = DIRECTION ( 'NONE',  ( -0.0000000000000000000, -0.0000000000000000000, -1.000000000000000000 ) ) ;
#8009 = ORIENTED_EDGE ( 'NONE', *, *, #2433, .T. ) ;
#8010 = LINE ( 'NONE', #8698, #8405 ) ;
#8011 = ORIENTED_EDGE ( 'NONE', *, *, #4524, .T. ) ;
#8012 = VECTOR ( 'NONE', #6499, 1000.000000000000000 ) ;
#8013 = EDGE_CURVE ( 'NONE', #6058, #4323, #6964, .T. ) ;
#8014 = CARTESIAN_POINT ( 'NONE',  ( -7.919557759951618259, 13.41132879018670288, 1.209999999999999964 ) ) ;
#8015 = ORIENTED_EDGE ( 'NONE', *, *, #132, .F. ) ;
#8016 = CARTESIAN_POINT ( 'NONE',  ( -6.403070839003302872, 14.75434943209973504, 1.209999999999999964 ) ) ;
#8017 = FACE_BOUND ( 'NONE', #7921, .T. ) ;
#8018 = CARTESIAN_POINT ( 'NONE',  ( -7.222400077060778578, 13.80505045449826262, 1.209999999999999964 ) ) ;
#8019 = VECTOR ( 'NONE', #7452, 1000.000000000000000 ) ;
#8020 = CARTESIAN_POINT ( 'NONE',  ( -7.641249224351386538, 13.64284821955283711, 1.199999999999999956 ) ) ;
#8021 = VERTEX_POINT ( 'NONE', #9402 ) ;
#8022 = CARTESIAN_POINT ( 'NONE',  ( -15.19999999999999929, 14.25000000000000178, 1.099999999999999867 ) ) ;
#8023 = CARTESIAN_POINT ( 'NONE',  ( 0.4999999999999935052, 16.01999999999999957, -2.500000000000000000 ) ) ;
#8024 = ORIENTED_EDGE ( 'NONE', *, *, #237, .F. ) ;
#8025 = ADVANCED_FACE ( 'NONE', ( #4453 ), #7861, .T. ) ;
#8026 = ORIENTED_EDGE ( 'NONE', *, *, #8852, .T. ) ;
#8027 = VERTEX_POINT ( 'NONE', #177 ) ;
#8028 = LINE ( 'NONE', #345, #1757 ) ;
#8029 = VECTOR ( 'NONE', #10537, 1000.000000000000000 ) ;
#8030 = CARTESIAN_POINT ( 'NONE',  ( -7.869649379969819059, 13.61893378748169425, 1.199999999999999956 ) ) ;
#8031 = ADVANCED_FACE ( 'NONE', ( #7216 ), #10629, .F. ) ;
#8032 = EDGE_CURVE ( 'NONE', #10584, #1492, #10944, .T. ) ;
#8033 = CARTESIAN_POINT ( 'NONE',  ( -11.44617834151405411, 13.84465183870841720, 1.209999999999999964 ) ) ;
#8034 = CARTESIAN_POINT ( 'NONE',  ( -5.755474950122565936, 14.40672370207652264, 1.209999999999999964 ) ) ;
#8035 = CARTESIAN_POINT ( 'NONE',  ( -11.80285515853674916, 14.10492951102230919, 1.209999999999999964 ) ) ;
#8036 = LINE ( 'NONE', #3792, #3494 ) ;
#8037 = CIRCLE ( 'NONE', #6073, 0.7825801760202919510 ) ;
#8038 = ORIENTED_EDGE ( 'NONE', *, *, #6594, .T. ) ;
#8039 = EDGE_CURVE ( 'NONE', #2952, #9373, #4926, .T. ) ;
#8040 = EDGE_LOOP ( 'NONE', ( #5232, #6435, #4150, #8392 ) ) ;
#8041 = CARTESIAN_POINT ( 'NONE',  ( -7.060024549129475524, 13.81544803366346308, 1.199999999999999956 ) ) ;
#8042 = CARTESIAN_POINT ( 'NONE',  ( -7.222400077060778578, 13.72256299313872141, 1.209999999999999964 ) ) ;
#8043 = ORIENTED_EDGE ( 'NONE', *, *, #6975, .T. ) ;
#8044 = CARTESIAN_POINT ( 'NONE',  ( -10.69908497005151204, 13.81573207690749072, 1.209999999999999964 ) ) ;
#8045 = CARTESIAN_POINT ( 'NONE',  ( -7.246661095108242634, 13.56451978985842111, 1.209999999999999964 ) ) ;
#8046 = AXIS2_PLACEMENT_3D ( 'NONE', #6764, #8393, #5940 ) ;
#8047 = EDGE_CURVE ( 'NONE', #5282, #3437, #5466, .T. ) ;
#8048 = DIRECTION ( 'NONE',  ( 0.0000000000000000000, -0.0000000000000000000, 1.000000000000000000 ) ) ;
#8049 = DIRECTION ( 'NONE',  ( -1.000000000000000000, 0.0000000000000000000, 0.0000000000000000000 ) ) ;
#8050 = ORIENTED_EDGE ( 'NONE', *, *, #3618, .T. ) ;
#8051 = CARTESIAN_POINT ( 'NONE',  ( 1.270000000000000240, 14.75000000000000178, 2.000000000000000000 ) ) ;
#8052 = EDGE_CURVE ( 'NONE', #3878, #8629, #2246, .T. ) ;
#8053 = ADVANCED_FACE ( 'NONE', ( #4816 ), #7376, .F. ) ;
#8054 = DIRECTION ( 'NONE',  ( 0.0000000000000000000, 0.0000000000000000000, -1.000000000000000000 ) ) ;
#8055 = AXIS2_PLACEMENT_3D ( 'NONE', #8412, #5000, #5113 ) ;
#8056 = CARTESIAN_POINT ( 'NONE',  ( -10.79548420669139475, 13.01079918184770001, 1.209999999999999964 ) ) ;
#8057 = EDGE_LOOP ( 'NONE', ( #8201, #725, #4969, #4981, #4479, #2469, #6422, #10130 ) ) ;
#8058 = CARTESIAN_POINT ( 'NONE',  ( -8.388661873198030250, 13.40855610241303886, 1.209999999999999964 ) ) ;
#8059 = CARTESIAN_POINT ( 'NONE',  ( -10.57858613110296098, 13.54099447772641263, 1.209999999999999964 ) ) ;
#8060 = B_SPLINE_CURVE_WITH_KNOTS ( 'NONE', 3,
 ( #7026, #6096, #10447, #1852 ),
 .UNSPECIFIED., .F., .F.,
 ( 4, 4 ),
 ( 8.000000000000000000, 9.000000000000000000 ),
 .UNSPECIFIED. ) ;
#8061 = CARTESIAN_POINT ( 'NONE',  ( -5.670907972932727859, 13.82480585490889879, 1.209999999999999964 ) ) ;
#8062 = ORIENTED_EDGE ( 'NONE', *, *, #2494, .F. ) ;
#8063 = PLANE ( 'NONE',  #1056 ) ;
#8064 = ORIENTED_EDGE ( 'NONE', *, *, #7204, .T. ) ;
#8065 = DIRECTION ( 'NONE',  ( 1.000000000000000000, 0.0000000000000000000, -0.0000000000000000000 ) ) ;
#8066 = CARTESIAN_POINT ( 'NONE',  ( -7.008383239286827937, 13.10321386098472374, 1.209999999999999964 ) ) ;
#8067 = DIRECTION ( 'NONE',  ( 1.000000000000000000, 0.0000000000000000000, 0.0000000000000000000 ) ) ;
#8068 = ORIENTED_EDGE ( 'NONE', *, *, #9948, .T. ) ;
#8069 = CARTESIAN_POINT ( 'NONE',  ( 3.039999999999994262, 13.47999999999999865, 0.0000000000000000000 ) ) ;
#8070 = ORIENTED_EDGE ( 'NONE', *, *, #10970, .F. ) ;
#8071 = DIRECTION ( 'NONE',  ( -1.000000000000000000, -0.0000000000000000000, -0.0000000000000000000 ) ) ;
#8072 = CARTESIAN_POINT ( 'NONE',  ( -7.726162787517545816, 13.63903577386402866, 1.209999999999999964 ) ) ;
#8073 = CARTESIAN_POINT ( 'NONE',  ( -5.003210097665032663, 13.33126743063374597, 1.199999999999999956 ) ) ;
#8074 = CARTESIAN_POINT ( 'NONE',  ( -11.06058185462844889, 13.01079918184770001, 1.209999999999999964 ) ) ;
#8075 = EDGE_CURVE ( 'NONE', #7061, #9793, #10687, .T. ) ;
#8076 = EDGE_CURVE ( 'NONE', #6538, #1813, #4094, .T. ) ;
#8077 = CARTESIAN_POINT ( 'NONE',  ( -7.631891403103641558, 15.00389133201329628, 1.199999999999999956 ) ) ;
#8078 = ORIENTED_EDGE ( 'NONE', *, *, #7946, .F. ) ;
#8079 = ORIENTED_EDGE ( 'NONE', *, *, #7706, .T. ) ;
#8080 = ORIENTED_EDGE ( 'NONE', *, *, #6121, .T. ) ;
#8081 = DIRECTION ( 'NONE',  ( -0.0000000000000000000, -0.0000000000000000000, -1.000000000000000000 ) ) ;
#8082 = EDGE_LOOP ( 'NONE', ( #7303, #3435, #2937, #2094 ) ) ;
#8083 = B_SPLINE_SURFACE_WITH_KNOTS ( 'NONE', 3, 1, ( 
 ( #4194, #3291 ),
 ( #8387, #4978 ),
 ( #706, #7591 ),
 ( #5875, #6695 ) ),
 .UNSPECIFIED., .F., .F., .F.,
 ( 4, 4 ),
 ( 2, 2 ),
 ( 1.000000000000000000, 2.000000000000000000 ),
 ( 0.0000000000000000000, 1.000000000000000000 ),
 .UNSPECIFIED. ) ;
#8084 = CARTESIAN_POINT ( 'NONE',  ( -7.431911297200163524, 13.65809800232659121, 1.209999999999999964 ) ) ;
#8085 = ADVANCED_FACE ( 'NONE', ( #3141 ), #8123, .T. ) ;
#8086 = CARTESIAN_POINT ( 'NONE',  ( -5.072353999104488587, 13.51669092570689301, 1.209999999999999964 ) ) ;
#8087 = DIRECTION ( 'NONE',  ( 0.0000000000000000000, 0.0000000000000000000, 1.000000000000000000 ) ) ;
#8088 = CARTESIAN_POINT ( 'NONE',  ( -9.744733566180256545, 14.37484685878232860, 1.199999999999999956 ) ) ;
#8089 = CARTESIAN_POINT ( 'NONE',  ( -7.816275140263978294, 13.82653878477206355, 1.199999999999999956 ) ) ;
#8090 = PLANE ( 'NONE',  #681 ) ;
#8091 = DIRECTION ( 'NONE',  ( 0.0000000000000000000, 0.0000000000000000000, -1.000000000000000000 ) ) ;
#8092 = ORIENTED_EDGE ( 'NONE', *, *, #3614, .T. ) ;
#8093 = ORIENTED_EDGE ( 'NONE', *, *, #6982, .T. ) ;
#8094 = PLANE ( 'NONE',  #2903 ) ;
#8095 = EDGE_CURVE ( 'NONE', #7173, #8886, #10860, .T. ) ;
#8096 = LINE ( 'NONE', #407, #1567 ) ;
#8097 = CARTESIAN_POINT ( 'NONE',  ( -7.927702530296055095, 15.06281094727342840, 1.209999999999999964 ) ) ;
#8098 = ADVANCED_FACE ( 'NONE', ( #8969 ), #9857, .T. ) ;
#8099 = CARTESIAN_POINT ( 'NONE',  ( -6.495089414594157340, 14.83649030748758335, 1.199999999999999956 ) ) ;
#8100 = CARTESIAN_POINT ( 'NONE',  ( -5.656351362102395086, 13.42623198698875875, 1.209999999999999964 ) ) ;
#8101 = ORIENTED_EDGE ( 'NONE', *, *, #4761, .T. ) ;
#8102 = DIRECTION ( 'NONE',  ( 0.0000000000000000000, 0.0000000000000000000, -1.000000000000000000 ) ) ;
#8103 = CARTESIAN_POINT ( 'NONE',  ( -5.656351362102395086, 13.91942382529679811, 1.199999999999999956 ) ) ;
#8104 = CARTESIAN_POINT ( 'NONE',  ( -8.030291978040246192, 13.55134952291955663, 1.209999999999999964 ) ) ;
#8105 = EDGE_CURVE ( 'NONE', #4158, #1370, #4759, .T. ) ;
#8106 = EDGE_CURVE ( 'NONE', #4578, #5174, #10604, .T. ) ;
#8107 = ORIENTED_EDGE ( 'NONE', *, *, #5102, .F. ) ;
#8108 = LINE ( 'NONE', #10677, #8530 ) ;
#8109 = B_SPLINE_CURVE_WITH_KNOTS ( 'NONE', 3,
 ( #9089, #4100, #3147, #9970 ),
 .UNSPECIFIED., .F., .F.,
 ( 4, 4 ),
 ( 8.000000000000000000, 9.000000000000000000 ),
 .UNSPECIFIED. ) ;
#8110 = AXIS2_PLACEMENT_3D ( 'NONE', #3304, #6771, #10127 ) ;
#8111 = DIRECTION ( 'NONE',  ( -0.0000000000000000000, -0.0000000000000000000, -1.000000000000000000 ) ) ;
#8112 = VECTOR ( 'NONE', #3278, 1000.000000000000000 ) ;
#8113 = DIRECTION ( 'NONE',  ( 0.0000000000000000000, 0.0000000000000000000, -1.000000000000000000 ) ) ;
#8114 = CARTESIAN_POINT ( 'NONE',  ( -5.646127075927692474, 13.67646705885035630, 1.209999999999999964 ) ) ;
#8116 = CARTESIAN_POINT ( 'NONE',  ( 17.70000000000000284, 16.75000000000000000, 1.199999999999999956 ) ) ;
#8115 = VECTOR ( 'NONE', #1868, 1000.000000000000000 ) ;
#8117 = ORIENTED_EDGE ( 'NONE', *, *, #7709, .F. ) ;
#8118 = DIRECTION ( 'NONE',  ( 1.000000000000000000, 0.0000000000000000000, 0.0000000000000000000 ) ) ;
#8119 = B_SPLINE_CURVE_WITH_KNOTS ( 'NONE', 3,
 ( #3205, #1511, #8342, #668 ),
 .UNSPECIFIED., .F., .F.,
 ( 4, 4 ),
 ( 8.000000000000000000, 9.000000000000000000 ),
 .UNSPECIFIED. ) ;
#8120 = CARTESIAN_POINT ( 'NONE',  ( -6.950849967915857519, 13.15485517082968592, 1.209999999999999964 ) ) ;
#8121 = DIRECTION ( 'NONE',  ( -0.0000000000000000000, -0.0000000000000000000, -1.000000000000000000 ) ) ;
#8122 = EDGE_LOOP ( 'NONE', ( #10624, #6782, #3986, #8375 ) ) ;
#8123 = PLANE ( 'NONE',  #9766 ) ;
#8124 = DIRECTION ( 'NONE',  ( -0.0000000000000000000, -1.000000000000000000, -0.0000000000000000000 ) ) ;
#8125 = LINE ( 'NONE', #3207, #2849 ) ;
#8126 = ORIENTED_EDGE ( 'NONE', *, *, #9867, .F. ) ;
#8127 = LINE ( 'NONE', #10870, #7404 ) ;
#8128 = LINE ( 'NONE', #9093, #5902 ) ;
#8129 = VECTOR ( 'NONE', #9458, 1000.000000000000000 ) ;
#8130 = VERTEX_POINT ( 'NONE', #6486 ) ;
#8131 = ORIENTED_EDGE ( 'NONE', *, *, #3254, .F. ) ;
#8132 = DIRECTION ( 'NONE',  ( 1.000000000000000000, -0.0000000000000000000, -0.0000000000000000000 ) ) ;
#8133 = LINE ( 'NONE', #2100, #7462 ) ;
#8134 = VECTOR ( 'NONE', #9005, 1000.000000000000000 ) ;
#8135 = DIRECTION ( 'NONE',  ( -0.0000000000000000000, -0.0000000000000000000, -1.000000000000000000 ) ) ;
#8136 = DIRECTION ( 'NONE',  ( 0.0000000000000000000, 1.000000000000000000, 1.181863725182121763E-16 ) ) ;
#8137 = CARTESIAN_POINT ( 'NONE',  ( -8.030291978040246192, 13.46089058420139750, 1.209999999999999964 ) ) ;
#8138 = CARTESIAN_POINT ( 'NONE',  ( -10.96418270992428035, 13.67595305967071084, 1.199999999999999956 ) ) ;
#8139 = CARTESIAN_POINT ( 'NONE',  ( -7.641249224351386538, 13.76553965368166921, 1.209999999999999964 ) ) ;
#8140 = ORIENTED_EDGE ( 'NONE', *, *, #4688, .F. ) ;
#8141 = LINE ( 'NONE', #7347, #8640 ) ;
#8142 = EDGE_CURVE ( 'NONE', #6640, #5097, #10022, .T. ) ;
#8143 = DIRECTION ( 'NONE',  ( 0.0000000000000000000, -0.0000000000000000000, -1.000000000000000000 ) ) ;
#8144 = DIRECTION ( 'NONE',  ( -0.0000000000000000000, -0.0000000000000000000, -1.000000000000000000 ) ) ;
#8145 = ORIENTED_EDGE ( 'NONE', *, *, #5815, .T. ) ;
#8146 = VECTOR ( 'NONE', #10783, 1000.000000000000000 ) ;
#8147 = ORIENTED_EDGE ( 'NONE', *, *, #6518, .F. ) ;
#8148 = LINE ( 'NONE', #6521, #4300 ) ;
#8149 = VERTEX_POINT ( 'NONE', #9908 ) ;
#8150 = DIRECTION ( 'NONE',  ( -1.000000000000000000, 0.0000000000000000000, 0.0000000000000000000 ) ) ;
#8151 = CARTESIAN_POINT ( 'NONE',  ( -7.679200388297622304, 15.09608320059462017, 1.199999999999999956 ) ) ;
#8152 = ORIENTED_EDGE ( 'NONE', *, *, #985, .T. ) ;
#8153 = DIRECTION ( 'NONE',  ( -1.000000000000000000, 0.0000000000000000000, 0.0000000000000000000 ) ) ;
#8154 = ADVANCED_FACE ( 'NONE', ( #10797 ), #1394, .F. ) ;
#8155 = ORIENTED_EDGE ( 'NONE', *, *, #10223, .T. ) ;
#8156 = DIRECTION ( 'NONE',  ( -1.000000000000000000, 0.0000000000000000000, 0.0000000000000000000 ) ) ;
#8157 = VECTOR ( 'NONE', #6532, 1000.000000000000000 ) ;
#8158 = CARTESIAN_POINT ( 'NONE',  ( -6.106046660905298573, 14.00918959207152348, 1.209999999999999964 ) ) ;
#8159 = DIRECTION ( 'NONE',  ( 0.0000000000000000000, 0.0000000000000000000, -1.000000000000000000 ) ) ;
#8160 = ADVANCED_FACE ( 'NONE', ( #6603 ), #9140, .F. ) ;
#8161 = EDGE_CURVE ( 'NONE', #911, #10427, #8280, .T. ) ;
#8162 = CARTESIAN_POINT ( 'NONE',  ( -7.881606596007691756, 13.38949387394582935, 1.209999999999999964 ) ) ;
#8163 = VECTOR ( 'NONE', #5764, 1000.000000000000000 ) ;
#8164 = DIRECTION ( 'NONE',  ( 0.3283461648125111099, -0.9445574604294411092, 0.0000000000000000000 ) ) ;
#8165 = ORIENTED_EDGE ( 'NONE', *, *, #7335, .F. ) ;
#8166 = VECTOR ( 'NONE', #8625, 1000.000000000000000 ) ;
#8167 = CARTESIAN_POINT ( 'NONE',  ( -5.916117548195297005, 13.93120774834882880, 1.199999999999999956 ) ) ;
#8168 = CARTESIAN_POINT ( 'NONE',  ( -9.923072020657146552, 13.62775348731978298, 1.209999999999999964 ) ) ;
#8169 = ADVANCED_FACE ( 'NONE', ( #8337 ), #664, .F. ) ;
#8170 = B_SPLINE_SURFACE_WITH_KNOTS ( 'NONE', 3, 1, ( 
 ( #1988, #5413 ),
 ( #3670, #3625 ),
 ( #1073, #4450 ),
 ( #7062, #10591 ) ),
 .UNSPECIFIED., .F., .F., .F.,
 ( 4, 4 ),
 ( 2, 2 ),
 ( 12.00000000000000000, 13.00000000000000000 ),
 ( 0.0000000000000000000, 1.000000000000000000 ),
 .UNSPECIFIED. ) ;
#8171 = CARTESIAN_POINT ( 'NONE',  ( -10.72318484816268835, 14.97734151318745610, 1.209999999999999964 ) ) ;
#8172 = ADVANCED_FACE ( 'NONE', ( #4370 ), #10073, .T. ) ;
#8173 = CARTESIAN_POINT ( 'NONE',  ( -7.117731113486324368, 14.78970120125118903, 1.209999999999999964 ) ) ;
#8174 = VECTOR ( 'NONE', #1855, 1000.000000000000000 ) ;
#8175 = VECTOR ( 'NONE', #4033, 1000.000000000000000 ) ;
#8176 = DIRECTION ( 'NONE',  ( -0.0000000000000000000, -0.0000000000000000000, -1.000000000000000000 ) ) ;
#8177 = VERTEX_POINT ( 'NONE', #772 ) ;
#8178 = DIRECTION ( 'NONE',  ( -0.0000000000000000000, -0.0000000000000000000, -1.000000000000000000 ) ) ;
#8179 = CARTESIAN_POINT ( 'NONE',  ( -5.646127075927692474, 13.67646705885035630, 1.199999999999999956 ) ) ;
#8180 = CARTESIAN_POINT ( 'NONE',  ( -7.743145500149867466, 15.01706159895216786, 1.199999999999999956 ) ) ;
#8181 = ORIENTED_EDGE ( 'NONE', *, *, #486, .F. ) ;
#8182 = CARTESIAN_POINT ( 'NONE',  ( -6.495089414594157340, 14.66735635309869323, 1.199999999999999956 ) ) ;
#8183 = LINE ( 'NONE', #10639, #1420 ) ;
#8184 = VECTOR ( 'NONE', #6036, 1000.000000000000000 ) ;
#8185 = EDGE_CURVE ( 'NONE', #2984, #8803, #5103, .T. ) ;
#8186 = VERTEX_POINT ( 'NONE', #4206 ) ;
#8187 = ORIENTED_EDGE ( 'NONE', *, *, #9836, .F. ) ;
#8188 = CARTESIAN_POINT ( 'NONE',  ( -5.770031560952896932, 13.91006600404674742, 1.209999999999999964 ) ) ;
#8189 = FACE_OUTER_BOUND ( 'NONE', #8954, .T. ) ;
#8190 = CARTESIAN_POINT ( 'NONE',  ( -5.554108500327592957, 13.67889316065234517, 1.209999999999999964 ) ) ;
#8191 = B_SPLINE_CURVE_WITH_KNOTS ( 'NONE', 3,
 ( #2005, #3908, #7306, #3060 ),
 .UNSPECIFIED., .F., .F.,
 ( 4, 4 ),
 ( 28.00000000000000000, 29.00000000000000000 ),
 .UNSPECIFIED. ) ;
#8192 = CARTESIAN_POINT ( 'NONE',  ( -11.06540183025160751, 13.67595305967071084, 1.199999999999999956 ) ) ;
#8193 = DIRECTION ( 'NONE',  ( -1.000000000000000000, 0.0000000000000000000, 0.0000000000000000000 ) ) ;
#8194 = ORIENTED_EDGE ( 'NONE', *, *, #7191, .F. ) ;
#8195 = EDGE_CURVE ( 'NONE', #6950, #1302, #8420, .T. ) ;
#8196 = FACE_OUTER_BOUND ( 'NONE', #1234, .T. ) ;
#8197 = VECTOR ( 'NONE', #4182, 1000.000000000000000 ) ;
#8198 = ORIENTED_EDGE ( 'NONE', *, *, #3741, .F. ) ;
#8199 = CARTESIAN_POINT ( 'NONE',  ( -9.031379932137193478, 13.83501179552870219, 1.209999999999999964 ) ) ;
#8200 = LINE ( 'NONE', #4062, #1923 ) ;
#8201 = ORIENTED_EDGE ( 'NONE', *, *, #8573, .F. ) ;
#8202 = AXIS2_PLACEMENT_3D ( 'NONE', #4753, #4864, #8164 ) ;
#8203 = EDGE_LOOP ( 'NONE', ( #7422, #3187, #2285, #5015 ) ) ;
#8204 = EDGE_LOOP ( 'NONE', ( #3521, #766, #1863, #10617 ) ) ;
#8205 = CARTESIAN_POINT ( 'NONE',  ( -7.641249224351386538, 13.64284821955283711, 1.209999999999999964 ) ) ;
#8206 = VERTEX_POINT ( 'NONE', #8401 ) ;
#8207 = CARTESIAN_POINT ( 'NONE',  ( -6.495089414594157340, 14.83649030748758335, 1.209999999999999964 ) ) ;
#8208 = EDGE_CURVE ( 'NONE', #1894, #1193, #1321, .T. ) ;
#8209 = EDGE_CURVE ( 'NONE', #5769, #967, #4803, .T. ) ;
#8210 = ORIENTED_EDGE ( 'NONE', *, *, #10088, .T. ) ;
#8211 = CARTESIAN_POINT ( 'NONE',  ( -7.583369367008716999, 15.06835632282541937, 1.199999999999999956 ) ) ;
#8212 = CARTESIAN_POINT ( 'NONE',  ( -7.501575077592571361, 13.60818962234479734, 1.209999999999999964 ) ) ;
#8213 = VERTEX_POINT ( 'NONE', #4322 ) ;
#8214 = CARTESIAN_POINT ( 'NONE',  ( -10.42434746280384950, 15.26653894730228700, 1.209999999999999964 ) ) ;
#8215 = AXIS2_PLACEMENT_3D ( 'NONE', #3010, #6360, #2121 ) ;
#8216 = VERTEX_POINT ( 'NONE', #716 ) ;
#8217 = DIRECTION ( 'NONE',  ( -0.0000000000000000000, -1.000000000000000000, -0.0000000000000000000 ) ) ;
#8218 = CARTESIAN_POINT ( 'NONE',  ( -11.32567941063441452, 14.87612239286012894, 1.199999999999999956 ) ) ;
#8219 = EDGE_CURVE ( 'NONE', #242, #1363, #6654, .T. ) ;
#8220 = DIRECTION ( 'NONE',  ( -1.000000000000000000, 0.0000000000000000000, 0.0000000000000000000 ) ) ;
#8221 = ORIENTED_EDGE ( 'NONE', *, *, #6134, .T. ) ;
#8222 = AXIS2_PLACEMENT_3D ( 'NONE', #2456, #7721, #10961 ) ;
#8223 = CARTESIAN_POINT ( 'NONE',  ( -11.73055580000804277, 14.79418312905872845, 1.209999999999999964 ) ) ;
#8224 = ORIENTED_EDGE ( 'NONE', *, *, #1934, .T. ) ;
#8225 = CARTESIAN_POINT ( 'NONE',  ( -6.234110177600258318, 13.33126743063374597, 1.199999999999999956 ) ) ;
#8226 = CARTESIAN_POINT ( 'NONE',  ( -9.508555588106119671, 14.63512453110084621, 1.209999999999999964 ) ) ;
#8227 = LINE ( 'NONE', #8278, #4269 ) ;
#8228 = CARTESIAN_POINT ( 'NONE',  ( -6.910472702165364467, 13.45083959100794679, 1.209999999999999964 ) ) ;
#8229 = ORIENTED_EDGE ( 'NONE', *, *, #4811, .F. ) ;
#8230 = EDGE_CURVE ( 'NONE', #5358, #8350, #2402, .T. ) ;
#8231 = FACE_OUTER_BOUND ( 'NONE', #5956, .T. ) ;
#8232 = ADVANCED_FACE ( 'NONE', ( #7543 ), #10965, .T. ) ;
#8233 = EDGE_CURVE ( 'NONE', #10950, #931, #7724, .T. ) ;
#8234 = CARTESIAN_POINT ( 'NONE',  ( -6.234110177600258318, 13.33126743063374597, 1.209999999999999964 ) ) ;
#8235 = FACE_OUTER_BOUND ( 'NONE', #7892, .T. ) ;
#8236 = LINE ( 'NONE', #2254, #1706 ) ;
#8237 = CARTESIAN_POINT ( 'NONE',  ( -10.07249062140200735, 13.47833488657492751, 1.199999999999999956 ) ) ;
#8238 = EDGE_LOOP ( 'NONE', ( #2053, #5236, #10432, #6418 ) ) ;
#8239 = ORIENTED_EDGE ( 'NONE', *, *, #4202, .F. ) ;
#8240 = CARTESIAN_POINT ( 'NONE',  ( -5.916117548195297893, 13.93120774834882880, 1.209999999999999964 ) ) ;
#8241 = ORIENTED_EDGE ( 'NONE', *, *, #218, .T. ) ;
#8242 = B_SPLINE_CURVE_WITH_KNOTS ( 'NONE', 3,
 ( #8557, #3408, #4352, #10215 ),
 .UNSPECIFIED., .F., .F.,
 ( 4, 4 ),
 ( 19.00000000000000000, 20.00000000000000000 ),
 .UNSPECIFIED. ) ;
#8243 = PLANE ( 'NONE',  #3004 ) ;
#8244 = DIRECTION ( 'NONE',  ( -0.7071067811865474617, 0.7071067811865474617, -0.0000000000000000000 ) ) ;
#8245 = EDGE_CURVE ( 'NONE', #9866, #3343, #826, .T. ) ;
#8246 = CARTESIAN_POINT ( 'NONE',  ( -9.031379932137193478, 14.00371029876158069, 1.199999999999999956 ) ) ;
#8247 = LINE ( 'NONE', #10595, #8747 ) ;
#8248 = CARTESIAN_POINT ( 'NONE',  ( -9.508555588106119671, 14.63512453110084621, 1.209999999999999964 ) ) ;
#8249 = CARTESIAN_POINT ( 'NONE',  ( -8.016428539155645794, 13.38325532644580917, 1.199999999999999956 ) ) ;
#8250 = VERTEX_POINT ( 'NONE', #5161 ) ;
#8251 = LINE ( 'NONE', #573, #4532 ) ;
#8252 = ORIENTED_EDGE ( 'NONE', *, *, #4903, .F. ) ;
#8253 = ORIENTED_EDGE ( 'NONE', *, *, #1720, .T. ) ;
#8254 = CARTESIAN_POINT ( 'NONE',  ( -9.479635918243198844, 13.34337612075921520, 1.199999999999999956 ) ) ;
#8255 = VERTEX_POINT ( 'NONE', #1749 ) ;
#8256 = B_SPLINE_SURFACE_WITH_KNOTS ( 'NONE', 3, 1, ( 
 ( #7482, #5152 ),
 ( #7596, #5818 ),
 ( #9248, #654 ),
 ( #4919, #2572 ) ),
 .UNSPECIFIED., .F., .F., .F.,
 ( 4, 4 ),
 ( 2, 2 ),
 ( 2.000000000000000000, 3.000000000000000000 ),
 ( 0.0000000000000000000, 1.000000000000000000 ),
 .UNSPECIFIED. ) ;
#8257 = ORIENTED_EDGE ( 'NONE', *, *, #7640, .T. ) ;
#8258 = ORIENTED_EDGE ( 'NONE', *, *, #693, .T. ) ;
#8259 = CARTESIAN_POINT ( 'NONE',  ( -3.409999999999999698, 14.75000000000000178, -2.500000000000000444 ) ) ;
#8260 = ORIENTED_EDGE ( 'NONE', *, *, #8903, .T. ) ;
#8261 = LINE ( 'NONE', #8898, #11092 ) ;
#8262 = VERTEX_POINT ( 'NONE', #1624 ) ;
#8263 = CARTESIAN_POINT ( 'NONE',  ( -6.511205662297182784, 13.71424492980840348, 1.199999999999999956 ) ) ;
#8264 = ORIENTED_EDGE ( 'NONE', *, *, #7555, .T. ) ;
#8265 = CARTESIAN_POINT ( 'NONE',  ( -15.19999999999999929, -14.25000000000000178, 1.099999999999999867 ) ) ;
#8266 = VERTEX_POINT ( 'NONE', #5044 ) ;
#8267 = B_SPLINE_CURVE_WITH_KNOTS ( 'NONE', 3,
 ( #5713, #3026, #426, #10793 ),
 .UNSPECIFIED., .F., .F.,
 ( 4, 4 ),
 ( 0.0000000000000000000, 1.000000000000000000 ),
 .UNSPECIFIED. ) ;
#8268 = DIRECTION ( 'NONE',  ( -1.000000000000000000, 0.0000000000000000000, 0.0000000000000000000 ) ) ;
#8269 = EDGE_CURVE ( 'NONE', #11080, #7967, #5222, .T. ) ;
#8270 = CARTESIAN_POINT ( 'NONE',  ( -6.511205662297182784, 13.93120774834882880, 1.209999999999999964 ) ) ;
#8271 = CARTESIAN_POINT ( 'NONE',  ( -5.720469766942801293, 13.86743592948012349, 1.209999999999999964 ) ) ;
#8272 = ORIENTED_EDGE ( 'NONE', *, *, #10157, .F. ) ;
#8273 = LINE ( 'NONE', #10577, #3401 ) ;
#8274 = VERTEX_POINT ( 'NONE', #8463 ) ;
#8275 = DIRECTION ( 'NONE',  ( 0.0000000000000000000, 0.0000000000000000000, 1.000000000000000000 ) ) ;
#8276 = LINE ( 'NONE', #541, #2508 ) ;
#8277 = VECTOR ( 'NONE', #7750, 1000.000000000000000 ) ;
#8278 = CARTESIAN_POINT ( 'NONE',  ( -6.013681499342751202, 15.08464586351430547, 1.209999999999999964 ) ) ;
#8279 = ORIENTED_EDGE ( 'NONE', *, *, #5514, .F. ) ;
#8280 = LINE ( 'NONE', #601, #10244 ) ;
#8281 = ORIENTED_EDGE ( 'NONE', *, *, #4968, .T. ) ;
#8282 = ADVANCED_FACE ( 'NONE', ( #11086 ), #8581, .T. ) ;
#8283 = CARTESIAN_POINT ( 'NONE',  ( -6.500000000000000000, -14.83447752647037987, 0.6486003279100314156 ) ) ;
#8284 = ORIENTED_EDGE ( 'NONE', *, *, #5640, .T. ) ;
#8285 = AXIS2_PLACEMENT_3D ( 'NONE', #7959, #3772, #4443 ) ;
#8287 = CARTESIAN_POINT ( 'NONE',  ( -8.090944523158912105, 14.73286110182594477, 1.199999999999999956 ) ) ;
#8286 = CARTESIAN_POINT ( 'NONE',  ( 5.079999999999999183, 13.47999999999999865, 0.0000000000000000000 ) ) ;
#8288 = CARTESIAN_POINT ( 'NONE',  ( -8.388661873198030250, 15.08464586351430547, 1.209999999999999964 ) ) ;
#8289 = VERTEX_POINT ( 'NONE', #2581 ) ;
#8290 = FACE_OUTER_BOUND ( 'NONE', #884, .T. ) ;
#8291 = CARTESIAN_POINT ( 'NONE',  ( -10.79548420669139475, 13.01079918184770001, 1.199999999999999956 ) ) ;
#8292 = ORIENTED_EDGE ( 'NONE', *, *, #9858, .F. ) ;
#8293 = B_SPLINE_CURVE_WITH_KNOTS ( 'NONE', 3,
 ( #2030, #1065, #3713, #162 ),
 .UNSPECIFIED., .F., .F.,
 ( 4, 4 ),
 ( 9.000000000000000000, 10.00000000000000000 ),
 .UNSPECIFIED. ) ;
#8294 = ORIENTED_EDGE ( 'NONE', *, *, #10596, .F. ) ;
#8295 = CIRCLE ( 'NONE', #9910, 0.4000000000000001887 ) ;
#8296 = EDGE_CURVE ( 'NONE', #10077, #7118, #5747, .T. ) ;
#8297 = CARTESIAN_POINT ( 'NONE',  ( -1.670000000000000151, 14.75000000000000178, 1.199999999999999956 ) ) ;
#8298 = FACE_OUTER_BOUND ( 'NONE', #10434, .T. ) ;
#8299 = CARTESIAN_POINT ( 'NONE',  ( -5.201803859686291887, 13.87506082086700054, 1.199999999999999956 ) ) ;
#8300 = PLANE ( 'NONE',  #2579 ) ;
#8301 = FACE_OUTER_BOUND ( 'NONE', #2764, .T. ) ;
#8302 = EDGE_CURVE ( 'NONE', #8213, #442, #6144, .T. ) ;
#8303 = AXIS2_PLACEMENT_3D ( 'NONE', #6275, #213, #1064 ) ;
#8304 = LINE ( 'NONE', #4839, #5706 ) ;
#8305 = PLANE ( 'NONE',  #10790 ) ;
#8306 = EDGE_CURVE ( 'NONE', #4576, #7116, #3616, .T. ) ;
#8307 = ORIENTED_EDGE ( 'NONE', *, *, #9298, .T. ) ;
#8308 = CARTESIAN_POINT ( 'NONE',  ( 4.209999999999999964, 14.75000000000000355, 1.199999999999999956 ) ) ;
#8309 = ORIENTED_EDGE ( 'NONE', *, *, #8448, .T. ) ;
#8310 = EDGE_CURVE ( 'NONE', #6886, #7356, #9491, .T. ) ;
#8311 = AXIS2_PLACEMENT_3D ( 'NONE', #2632, #2399, #7720 ) ;
#8312 = ORIENTED_EDGE ( 'NONE', *, *, #8245, .F. ) ;
#8313 = ORIENTED_EDGE ( 'NONE', *, *, #163, .F. ) ;
#8314 = EDGE_LOOP ( 'NONE', ( #808, #1698, #1542, #8484 ) ) ;
#8315 = CARTESIAN_POINT ( 'NONE',  ( -10.42434746280384950, 15.26653894730228700, 1.199999999999999956 ) ) ;
#8316 = VERTEX_POINT ( 'NONE', #7040 ) ;
#8317 = CARTESIAN_POINT ( 'NONE',  ( -5.419806436141834105, 13.33126743063374597, 1.209999999999999964 ) ) ;
#8318 = ORIENTED_EDGE ( 'NONE', *, *, #1318, .T. ) ;
#8319 = ORIENTED_EDGE ( 'NONE', *, *, #2980, .T. ) ;
#8320 = EDGE_CURVE ( 'NONE', #3919, #7075, #7944, .T. ) ;
#8321 = ORIENTED_EDGE ( 'NONE', *, *, #6698, .T. ) ;
#8322 = LINE ( 'NONE', #8214, #5313 ) ;
#8323 = ORIENTED_EDGE ( 'NONE', *, *, #2578, .F. ) ;
#8324 = AXIS2_PLACEMENT_3D ( 'NONE', #6084, #4292, #9569 ) ;
#8325 = AXIS2_PLACEMENT_3D ( 'NONE', #8503, #10340, #812 ) ;
#8326 = FACE_OUTER_BOUND ( 'NONE', #1426, .T. ) ;
#8327 = CARTESIAN_POINT ( 'NONE',  ( -6.505313700773485586, 14.50168825843153186, 1.199999999999999956 ) ) ;
#8328 = DIRECTION ( 'NONE',  ( 1.000000000000000000, 0.0000000000000000000, 0.0000000000000000000 ) ) ;
#8329 = ORIENTED_EDGE ( 'NONE', *, *, #7893, .F. ) ;
#8330 = DIRECTION ( 'NONE',  ( -1.000000000000000000, -0.0000000000000000000, -0.0000000000000000000 ) ) ;
#8331 = CARTESIAN_POINT ( 'NONE',  ( -7.253766107537557239, 13.35830113645489625, 1.209999999999999964 ) ) ;
#8332 = DIRECTION ( 'NONE',  ( -0.0000000000000000000, -0.0000000000000000000, -1.000000000000000000 ) ) ;
#8333 = ORIENTED_EDGE ( 'NONE', *, *, #1972, .F. ) ;
#8334 = AXIS2_PLACEMENT_3D ( 'NONE', #2959, #10523, #9797 ) ;
#8335 = ADVANCED_FACE ( 'NONE', ( #10460 ), #7355, .F. ) ;
#8336 = ORIENTED_EDGE ( 'NONE', *, *, #4416, .T. ) ;
#8337 = FACE_OUTER_BOUND ( 'NONE', #4898, .T. ) ;
#8338 = VERTEX_POINT ( 'NONE', #9545 ) ;
#8339 = DIRECTION ( 'NONE',  ( -0.0000000000000000000, -0.0000000000000000000, -1.000000000000000000 ) ) ;
#8340 = ORIENTED_EDGE ( 'NONE', *, *, #6457, .T. ) ;
#8341 = VECTOR ( 'NONE', #3604, 1000.000000000000000 ) ;
#8343 = CARTESIAN_POINT ( 'NONE',  ( -7.726162787517545816, 13.57422419708017358, 1.209999999999999964 ) ) ;
#8342 = CARTESIAN_POINT ( 'NONE',  ( -7.295876303148929765, 13.82653878477206355, 1.199999999999999956 ) ) ;
#8344 = LINE ( 'NONE', #2854, #7310 ) ;
#8345 = ORIENTED_EDGE ( 'NONE', *, *, #4432, .T. ) ;
#8346 = LINE ( 'NONE', #1404, #1140 ) ;
#8347 = CARTESIAN_POINT ( 'NONE',  ( -7.728415596335972637, 13.40613000060642612, 1.199999999999999956 ) ) ;
#8348 = EDGE_CURVE ( 'NONE', #1370, #517, #1914, .T. ) ;
#8349 = ORIENTED_EDGE ( 'NONE', *, *, #6657, .F. ) ;
#8350 = VERTEX_POINT ( 'NONE', #8745 ) ;
#8351 = VECTOR ( 'NONE', #2371, 1000.000000000000000 ) ;
#8352 = ORIENTED_EDGE ( 'NONE', *, *, #5, .T. ) ;
#8353 = VECTOR ( 'NONE', #8176, 1000.000000000000000 ) ;
#8354 = DIRECTION ( 'NONE',  ( 0.0000000000000000000, -0.0000000000000000000, -1.000000000000000000 ) ) ;
#8355 = DIRECTION ( 'NONE',  ( -1.224646799147353207E-16, 1.000000000000000000, 0.0000000000000000000 ) ) ;
#8356 = CARTESIAN_POINT ( 'NONE',  ( -6.684325355369983512, 15.00666401979160547, 1.199999999999999956 ) ) ;
#8357 = FACE_OUTER_BOUND ( 'NONE', #7632, .T. ) ;
#8358 = CIRCLE ( 'NONE', #5348, 0.4000000000000001887 ) ;
#8359 = EDGE_CURVE ( 'NONE', #4925, #9521, #205, .T. ) ;
#8360 = CARTESIAN_POINT ( 'NONE',  ( -7.419607495190570390, 13.64735383719431283, 1.209999999999999964 ) ) ;
#8361 = VECTOR ( 'NONE', #3075, 1000.000000000000227 ) ;
#8362 = DIRECTION ( 'NONE',  ( -0.0000000000000000000, 1.000000000000000000, -0.0000000000000000000 ) ) ;
#8363 = VERTEX_POINT ( 'NONE', #5393 ) ;
#8364 = ORIENTED_EDGE ( 'NONE', *, *, #8389, .T. ) ;
#8365 = CARTESIAN_POINT ( 'NONE',  ( -7.137486513894618412, 13.11014558042819189, 1.209999999999999964 ) ) ;
#8366 = ORIENTED_EDGE ( 'NONE', *, *, #8860, .T. ) ;
#8367 = CARTESIAN_POINT ( 'NONE',  ( -11.08468164080622564, 15.02072110991754350, 1.209999999999999964 ) ) ;
#8368 = VECTOR ( 'NONE', #726, 1000.000000000000000 ) ;
#8369 = EDGE_CURVE ( 'NONE', #6863, #1258, #2020, .T. ) ;
#8370 = EDGE_CURVE ( 'NONE', #1447, #3699, #7447, .T. ) ;
#8371 = ADVANCED_FACE ( 'NONE', ( #8795 ), #5678, .F. ) ;
#8372 = EDGE_CURVE ( 'NONE', #7881, #7239, #5790, .T. ) ;
#8373 = VERTEX_POINT ( 'NONE', #996 ) ;
#8374 = VECTOR ( 'NONE', #241, 1000.000000000000000 ) ;
#8375 = ORIENTED_EDGE ( 'NONE', *, *, #2942, .T. ) ;
#8376 = ORIENTED_EDGE ( 'NONE', *, *, #7520, .T. ) ;
#8377 = DIRECTION ( 'NONE',  ( 0.0000000000000000000, 0.0000000000000000000, 1.000000000000000000 ) ) ;
#8378 = DIRECTION ( 'NONE',  ( 1.000000000000000000, -0.0000000000000000000, -0.0000000000000000000 ) ) ;
#8379 = EDGE_LOOP ( 'NONE', ( #5078, #1875, #5550, #228 ) ) ;
#8380 = CARTESIAN_POINT ( 'NONE',  ( -6.910472702165365355, 13.45083959100794679, 1.199999999999999956 ) ) ;
#8381 = ORIENTED_EDGE ( 'NONE', *, *, #5435, .T. ) ;
#8382 = CARTESIAN_POINT ( 'NONE',  ( -7.641249224351385649, 13.64284821955283711, 1.209999999999999964 ) ) ;
#8383 = EDGE_CURVE ( 'NONE', #3448, #7483, #3204, .T. ) ;
#8384 = B_SPLINE_CURVE_WITH_KNOTS ( 'NONE', 3,
 ( #452, #1529, #3900, #9829 ),
 .UNSPECIFIED., .F., .F.,
 ( 4, 4 ),
 ( 5.000000000000000000, 6.000000000000000000 ),
 .UNSPECIFIED. ) ;
#8385 = EDGE_LOOP ( 'NONE', ( #4656, #9418, #2784, #8615, #10573, #9764, #2247, #8307, #4471, #3332, #248, #1421, #5881, #2090, #7998, #1034, #687, #4027, #4204, #2411, #270, #2351, #2844, #7001, #6320, #361 ) ) ;
#8386 = AXIS2_PLACEMENT_3D ( 'NONE', #9564, #7794, #171 ) ;
#8387 = CARTESIAN_POINT ( 'NONE',  ( -5.205096426417552991, 13.88441864211243093, 1.209999999999999964 ) ) ;
#8388 = CARTESIAN_POINT ( 'NONE',  ( -5.720469766942801293, 13.86743592948012349, 1.199999999999999956 ) ) ;
#8389 = EDGE_CURVE ( 'NONE', #4006, #4093, #5133, .T. ) ;
#8390 = EDGE_CURVE ( 'NONE', #8999, #2561, #10534, .T. ) ;
#8391 = CARTESIAN_POINT ( 'NONE',  ( -6.690217316893680710, 13.81544803366346308, 1.199999999999999956 ) ) ;
#8392 = ORIENTED_EDGE ( 'NONE', *, *, #6189, .T. ) ;
#8393 = DIRECTION ( 'NONE',  ( 0.4630180653866938223, -0.8863488427958617910, 0.0000000000000000000 ) ) ;
#8394 = ORIENTED_EDGE ( 'NONE', *, *, #9515, .F. ) ;
#8395 = CARTESIAN_POINT ( 'NONE',  ( -6.909952823207794026, 13.25813779051960850, 1.209999999999999964 ) ) ;
#8396 = LINE ( 'NONE', #6703, #1427 ) ;
#8397 = EDGE_LOOP ( 'NONE', ( #7857, #986, #357, #2297 ) ) ;
#8398 = VECTOR ( 'NONE', #7251, 1000.000000000000000 ) ;
#8399 = B_SPLINE_CURVE_WITH_KNOTS ( 'NONE', 3,
 ( #6766, #4144, #1561, #6825 ),
 .UNSPECIFIED., .F., .F.,
 ( 4, 4 ),
 ( 2.000000000000000000, 3.000000000000000000 ),
 .UNSPECIFIED. ) ;
#8400 = EDGE_LOOP ( 'NONE', ( #3269, #11062, #10441, #1175 ) ) ;
#8401 = CARTESIAN_POINT ( 'NONE',  ( -13.71000000000000085, -5.099999999999998757, 2.700000000000000178 ) ) ;
#8402 = ORIENTED_EDGE ( 'NONE', *, *, #9440, .F. ) ;
#8403 = LINE ( 'NONE', #9321, #2108 ) ;
#8404 = VERTEX_POINT ( 'NONE', #2721 ) ;
#8405 = VECTOR ( 'NONE', #7785, 1000.000000000000000 ) ;
#8407 = CARTESIAN_POINT ( 'NONE',  ( -7.999099240549312206, 14.73805989141084893, 1.209999999999999964 ) ) ;
#8406 = CARTESIAN_POINT ( 'NONE',  ( -6.769065625545668041, 14.48401237385580131, 1.199999999999999956 ) ) ;
#8408 = LINE ( 'NONE', #11035, #9502 ) ;
#8409 = VERTEX_POINT ( 'NONE', #8555 ) ;
#8410 = CARTESIAN_POINT ( 'NONE',  ( -6.074507337447293764, 14.95051709230978787, 1.209999999999999964 ) ) ;
#8411 = B_SPLINE_CURVE_WITH_KNOTS ( 'NONE', 3,
 ( #10978, #1696, #7618, #5954 ),
 .UNSPECIFIED., .F., .F.,
 ( 4, 4 ),
 ( 5.000000000000000000, 6.000000000000000000 ),
 .UNSPECIFIED. ) ;
#8412 = CARTESIAN_POINT ( 'NONE',  ( -1.269999999999999796, 14.75000000000000178, -7.100000000000000533 ) ) ;
#8413 = EDGE_LOOP ( 'NONE', ( #8352, #4248, #2134, #2663 ) ) ;
#8414 = ORIENTED_EDGE ( 'NONE', *, *, #9893, .T. ) ;
#8415 = ORIENTED_EDGE ( 'NONE', *, *, #10977, .T. ) ;
#8416 = LINE ( 'NONE', #11043, #4083 ) ;
#8417 = CARTESIAN_POINT ( 'NONE',  ( 2.039999999999986269, 16.01999999999999957, 0.0000000000000000000 ) ) ;
#8418 = FACE_BOUND ( 'NONE', #9934, .T. ) ;
#8419 = ADVANCED_FACE ( 'NONE', ( #1844 ), #1031, .T. ) ;
#8420 = B_SPLINE_CURVE_WITH_KNOTS ( 'NONE', 3,
 ( #2459, #10916, #5888, #6884 ),
 .UNSPECIFIED., .F., .F.,
 ( 4, 4 ),
 ( 12.00000000000000000, 13.00000000000000000 ),
 .UNSPECIFIED. ) ;
#8421 = CARTESIAN_POINT ( 'NONE',  ( -5.919583407912386797, 13.33126743063374597, 1.199999999999999956 ) ) ;
#8422 = CARTESIAN_POINT ( 'NONE',  ( -9.783293187289487491, 14.71224386524809091, 1.199999999999999956 ) ) ;
#8423 = CARTESIAN_POINT ( 'NONE',  ( -8.016428539155645794, 13.38325532644580917, 1.209999999999999964 ) ) ;
#8424 = CARTESIAN_POINT ( 'NONE',  ( -7.222400077060778578, 13.72256299313872141, 1.209999999999999964 ) ) ;
#8425 = ORIENTED_EDGE ( 'NONE', *, *, #7082, .F. ) ;
#8426 = CARTESIAN_POINT ( 'NONE',  ( -12.10651261144982982, 14.09528937591381847, 1.209999999999999964 ) ) ;
#8427 = ORIENTED_EDGE ( 'NONE', *, *, #5138, .T. ) ;
#8428 = CARTESIAN_POINT ( 'NONE',  ( -7.726162787517545816, 13.57422419708017358, 1.199999999999999956 ) ) ;
#8429 = ORIENTED_EDGE ( 'NONE', *, *, #1754, .F. ) ;
#8430 = DIRECTION ( 'NONE',  ( 0.5048830486499218395, -0.8631877589412170204, 0.0000000000000000000 ) ) ;
#8431 = ADVANCED_FACE ( 'NONE', ( #863 ), #4298, .T. ) ;
#8432 = CARTESIAN_POINT ( 'NONE',  ( -7.208709931164340112, 13.52154312932009361, 1.209999999999999964 ) ) ;
#8433 = CARTESIAN_POINT ( 'NONE',  ( -7.394826598183222188, 13.31983009355342240, 1.209999999999999964 ) ) ;
#8434 = CARTESIAN_POINT ( 'NONE',  ( -5.588247218582687914, 13.48965721988574451, 1.199999999999999956 ) ) ;
#8435 = ORIENTED_EDGE ( 'NONE', *, *, #4561, .F. ) ;
#8436 = VECTOR ( 'NONE', #7814, 1000.000000000000114 ) ;
#8437 = EDGE_CURVE ( 'NONE', #5425, #1079, #8721, .T. ) ;
#8438 = VERTEX_POINT ( 'NONE', #7576 ) ;
#8439 = EDGE_LOOP ( 'NONE', ( #4135, #2119, #6109, #3624, #5175, #4089, #7290, #7833, #10589, #7458, #7677, #3992, #3114, #3810, #1579 ) ) ;
#8440 = CARTESIAN_POINT ( 'NONE',  ( -12.10651261144982982, 13.90249108650084864, 1.199999999999999956 ) ) ;
#8441 = ORIENTED_EDGE ( 'NONE', *, *, #4811, .T. ) ;
#8442 = CARTESIAN_POINT ( 'NONE',  ( -7.397079407001651674, 13.54407121750439202, 1.199999999999999956 ) ) ;
#8443 = CARTESIAN_POINT ( 'NONE',  ( -3.810000000000000053, 14.75000000000000178, -2.500000000000000444 ) ) ;
#8444 = ORIENTED_EDGE ( 'NONE', *, *, #2894, .F. ) ;
#8445 = B_SPLINE_CURVE_WITH_KNOTS ( 'NONE', 3,
 ( #3223, #1587, #3163, #6568 ),
 .UNSPECIFIED., .F., .F.,
 ( 4, 4 ),
 ( 12.00000000000000000, 13.00000000000000000 ),
 .UNSPECIFIED. ) ;
#8446 = FACE_OUTER_BOUND ( 'NONE', #9173, .T. ) ;
#8447 = EDGE_CURVE ( 'NONE', #1368, #4278, #798, .T. ) ;
#8448 = EDGE_CURVE ( 'NONE', #4032, #9583, #6741, .T. ) ;
#8449 = ORIENTED_EDGE ( 'NONE', *, *, #5778, .F. ) ;
#8450 = DIRECTION ( 'NONE',  ( 0.0000000000000000000, -1.000000000000000000, 0.0000000000000000000 ) ) ;
#8451 = LINE ( 'NONE', #6590, #11023 ) ;
#8452 = DIRECTION ( 'NONE',  ( -1.000000000000000000, 0.0000000000000000000, 0.0000000000000000000 ) ) ;
#8453 = FACE_OUTER_BOUND ( 'NONE', #10164, .T. ) ;
#8454 = ORIENTED_EDGE ( 'NONE', *, *, #3240, .T. ) ;
#8455 = EDGE_CURVE ( 'NONE', #2690, #600, #916, .T. ) ;
#8456 = CARTESIAN_POINT ( 'NONE',  ( -7.000000000000000888, -16.75000000000000000, 0.0000000000000000000 ) ) ;
#8457 = CARTESIAN_POINT ( 'NONE',  ( -6.690217316893680710, 13.81544803366346308, 1.209999999999999964 ) ) ;
#8458 = ADVANCED_FACE ( 'NONE', ( #2670 ), #6914, .F. ) ;
#8459 = CARTESIAN_POINT ( 'NONE',  ( -5.656351362102395086, 13.91942382529679811, 1.199999999999999956 ) ) ;
#8460 = ORIENTED_EDGE ( 'NONE', *, *, #4019, .T. ) ;
#8461 = B_SPLINE_SURFACE_WITH_KNOTS ( 'NONE', 3, 1, ( 
 ( #6994, #1156 ),
 ( #156, #4592 ),
 ( #2908, #10412 ),
 ( #9651, #6319 ) ),
 .UNSPECIFIED., .F., .F., .F.,
 ( 4, 4 ),
 ( 2, 2 ),
 ( 23.00000000000000000, 24.00000000000000000 ),
 ( 0.0000000000000000000, 1.000000000000000000 ),
 .UNSPECIFIED. ) ;
#8462 = EDGE_LOOP ( 'NONE', ( #106, #5001, #3630, #10865 ) ) ;
#8463 = CARTESIAN_POINT ( 'NONE',  ( -5.326921395612489007, 13.59328642554276456, 1.209999999999999964 ) ) ;
#8464 = CARTESIAN_POINT ( 'NONE',  ( -5.720469766942801293, 13.86743592948012349, 1.209999999999999964 ) ) ;
#8465 = ORIENTED_EDGE ( 'NONE', *, *, #1954, .F. ) ;
#8466 = EDGE_CURVE ( 'NONE', #4426, #1012, #12, .T. ) ;
#8467 = CARTESIAN_POINT ( 'NONE',  ( -10.95936282623682345, 13.29999624822893800, 1.199999999999999956 ) ) ;
#8468 = CARTESIAN_POINT ( 'NONE',  ( -5.646127075927692474, 13.67646705885035630, 1.199999999999999956 ) ) ;
#8469 = VERTEX_POINT ( 'NONE', #5972 ) ;
#8470 = FACE_BOUND ( 'NONE', #10656, .T. ) ;
#8471 = FACE_OUTER_BOUND ( 'NONE', #5853, .T. ) ;
#8472 = ORIENTED_EDGE ( 'NONE', *, *, #8751, .T. ) ;
#8473 = ORIENTED_EDGE ( 'NONE', *, *, #4064, .F. ) ;
#8474 = DIRECTION ( 'NONE',  ( -1.000000000000000000, -0.0000000000000000000, -0.0000000000000000000 ) ) ;
#8475 = VECTOR ( 'NONE', #5918, 1000.000000000000000 ) ;
#8476 = CARTESIAN_POINT ( 'NONE',  ( 3.809999999999999609, 14.75000000000000355, 2.000000000000000000 ) ) ;
#8477 = LINE ( 'NONE', #788, #5504 ) ;
#8478 = CARTESIAN_POINT ( 'NONE',  ( -2.540000000000000036, 16.01999999999999957, -2.500000000000000000 ) ) ;
#8479 = DIRECTION ( 'NONE',  ( -0.0000000000000000000, -1.000000000000000000, -0.0000000000000000000 ) ) ;
#8480 = DIRECTION ( 'NONE',  ( -0.0000000000000000000, -0.0000000000000000000, -1.000000000000000000 ) ) ;
#8481 = ORIENTED_EDGE ( 'NONE', *, *, #10256, .F. ) ;
#8482 = CARTESIAN_POINT ( 'NONE',  ( -6.268768774812923716, 13.63660967205741414, 1.209999999999999964 ) ) ;
#8483 = VECTOR ( 'NONE', #6219, 1000.000000000000000 ) ;
#8484 = ORIENTED_EDGE ( 'NONE', *, *, #2585, .F. ) ;
#8485 = FACE_OUTER_BOUND ( 'NONE', #5118, .T. ) ;
#8486 = ORIENTED_EDGE ( 'NONE', *, *, #3733, .T. ) ;
#8487 = EDGE_CURVE ( 'NONE', #10013, #5600, #230, .T. ) ;
#8488 = CIRCLE ( 'NONE', #1699, 1.500000000000003109 ) ;
#8489 = CARTESIAN_POINT ( 'NONE',  ( -11.28711978952518180, 14.87612239286012894, 1.209999999999999964 ) ) ;
#8490 = CARTESIAN_POINT ( 'NONE',  ( -5.554108500327592957, 13.57387761110385860, 1.199999999999999956 ) ) ;
#8491 = CARTESIAN_POINT ( 'NONE',  ( -7.394826598183222188, 13.31983009355342240, 1.199999999999999956 ) ) ;
#8492 = ORIENTED_EDGE ( 'NONE', *, *, #1406, .T. ) ;
#8493 = EDGE_CURVE ( 'NONE', #600, #3334, #1891, .T. ) ;
#8494 = CARTESIAN_POINT ( 'NONE',  ( 0.4999999999999935052, 16.01999999999999957, 0.0000000000000000000 ) ) ;
#8495 = ORIENTED_EDGE ( 'NONE', *, *, #2587, .F. ) ;
#8496 = CARTESIAN_POINT ( 'NONE',  ( -7.881606596007691756, 13.38949387394582935, 1.209999999999999964 ) ) ;
#8497 = VERTEX_POINT ( 'NONE', #10213 ) ;
#8498 = LINE ( 'NONE', #9533, #6374 ) ;
#8499 = AXIS2_PLACEMENT_3D ( 'NONE', #11037, #8644, #2648 ) ;
#8500 = EDGE_LOOP ( 'NONE', ( #9449, #1805, #3285, #2301 ) ) ;
#8501 = FACE_OUTER_BOUND ( 'NONE', #1, .T. ) ;
#8502 = EDGE_CURVE ( 'NONE', #1207, #2506, #9860, .T. ) ;
#8503 = CARTESIAN_POINT ( 'NONE',  ( 0.0000000000000000000, 0.0000000000000000000, 1.199999999999999956 ) ) ;
#8504 = B_SPLINE_CURVE_WITH_KNOTS ( 'NONE', 3,
 ( #3871, #7157, #8223, #10625 ),
 .UNSPECIFIED., .F., .F.,
 ( 4, 4 ),
 ( 5.000000000000000000, 6.000000000000000000 ),
 .UNSPECIFIED. ) ;
#8505 = ORIENTED_EDGE ( 'NONE', *, *, #2753, .T. ) ;
#8506 = DIRECTION ( 'NONE',  ( -0.0000000000000000000, -0.0000000000000000000, -1.000000000000000000 ) ) ;
#8507 = LINE ( 'NONE', #815, #7263 ) ;
#8508 = VECTOR ( 'NONE', #10070, 999.9999999999998863 ) ;
#8509 = CARTESIAN_POINT ( 'NONE',  ( -2.040000000000006697, 13.47999999999999865, -2.500000000000000000 ) ) ;
#8510 = ADVANCED_FACE ( 'NONE', ( #5307 ), #4868, .F. ) ;
#8511 = CARTESIAN_POINT ( 'NONE',  ( -7.936020593626339270, 13.42588540101703565, 1.209999999999999964 ) ) ;
#8512 = ORIENTED_EDGE ( 'NONE', *, *, #6598, .F. ) ;
#8513 = DIRECTION ( 'NONE',  ( -0.0000000000000000000, -0.0000000000000000000, 1.000000000000000000 ) ) ;
#8514 = ADVANCED_FACE ( 'NONE', ( #8936 ), #744, .F. ) ;
#8515 = PLANE ( 'NONE',  #704 ) ;
#8516 = CARTESIAN_POINT ( 'NONE',  ( -7.824246617622566013, 13.75756817632308326, 1.199999999999999956 ) ) ;
#8517 = ORIENTED_EDGE ( 'NONE', *, *, #486, .T. ) ;
#8518 = CARTESIAN_POINT ( 'NONE',  ( -5.646127075927692474, 13.59190008165592012, 1.209999999999999964 ) ) ;
#8519 = ORIENTED_EDGE ( 'NONE', *, *, #8095, .F. ) ;
#8520 = EDGE_LOOP ( 'NONE', ( #9285, #135, #6921, #9630 ) ) ;
#8521 = AXIS2_PLACEMENT_3D ( 'NONE', #8560, #802, #10165 ) ;
#8522 = EDGE_CURVE ( 'NONE', #7545, #3872, #10437, .T. ) ;
#8523 = PLANE ( 'NONE',  #1937 ) ;
#8524 = ADVANCED_FACE ( 'NONE', ( #2823, #2104 ), #7869, .F. ) ;
#8525 = VERTEX_POINT ( 'NONE', #7125 ) ;
#8527 = CARTESIAN_POINT ( 'NONE',  ( -11.58595708295062643, 14.58692523454548784, 1.209999999999999964 ) ) ;
#8526 = DIRECTION ( 'NONE',  ( 0.0000000000000000000, 0.0000000000000000000, -1.000000000000000000 ) ) ;
#8528 = CARTESIAN_POINT ( 'NONE',  ( -7.319790735222381883, 13.38914728797413289, 1.209999999999999964 ) ) ;
#8529 = ORIENTED_EDGE ( 'NONE', *, *, #8230, .F. ) ;
#8530 = VECTOR ( 'NONE', #7203, 1000.000000000000000 ) ;
#8531 = LINE ( 'NONE', #838, #6877 ) ;
#8532 = EDGE_CURVE ( 'NONE', #10517, #1091, #5532, .T. ) ;
#8533 = CARTESIAN_POINT ( 'NONE',  ( -7.397079407001651674, 13.54407121750439202, 1.199999999999999956 ) ) ;
#8534 = VERTEX_POINT ( 'NONE', #5477 ) ;
#8535 = VERTEX_POINT ( 'NONE', #8775 ) ;
#8536 = VECTOR ( 'NONE', #9245, 1000.000000000000000 ) ;
#8537 = CARTESIAN_POINT ( 'NONE',  ( -7.471248805033219753, 13.78806774186596584, 1.209999999999999964 ) ) ;
#8538 = VECTOR ( 'NONE', #2955, 1000.000000000000000 ) ;
#8539 = B_SPLINE_CURVE_WITH_KNOTS ( 'NONE', 3,
 ( #8913, #3978, #10796, #9962 ),
 .UNSPECIFIED., .F., .F.,
 ( 4, 4 ),
 ( 4.000000000000000000, 5.000000000000000000 ),
 .UNSPECIFIED. ) ;
#8540 = CARTESIAN_POINT ( 'NONE',  ( -2.540000000000000036, 15.51999999999999957, -2.500000000000000000 ) ) ;
#8541 = CARTESIAN_POINT ( 'NONE',  ( 15.19999999999999929, -14.25000000000000178, 1.199999999999999956 ) ) ;
#8542 = CARTESIAN_POINT ( 'NONE',  ( -5.919583407912386797, 13.33126743063374420, 1.209999999999999964 ) ) ;
#8543 = CARTESIAN_POINT ( 'NONE',  ( -10.42434746280384950, 15.26653894730228700, 1.199999999999999956 ) ) ;
#8544 = DIRECTION ( 'NONE',  ( -1.000000000000000000, 0.0000000000000000000, 0.0000000000000000000 ) ) ;
#8545 = EDGE_CURVE ( 'NONE', #9159, #7266, #7592, .T. ) ;
#8546 = EDGE_CURVE ( 'NONE', #3448, #5402, #3736, .T. ) ;
#8547 = DIRECTION ( 'NONE',  ( 1.000000000000000000, -0.0000000000000000000, -0.0000000000000000000 ) ) ;
#8548 = ORIENTED_EDGE ( 'NONE', *, *, #4682, .T. ) ;
#8549 = VECTOR ( 'NONE', #245, 1000.000000000000000 ) ;
#8550 = ORIENTED_EDGE ( 'NONE', *, *, #1378, .F. ) ;
#8551 = DIRECTION ( 'NONE',  ( 0.1387416884823308438, -0.9903286039881267211, 0.0000000000000000000 ) ) ;
#8552 = VECTOR ( 'NONE', #4112, 1000.000000000000000 ) ;
#8553 = VECTOR ( 'NONE', #312, 1000.000000000000000 ) ;
#8554 = LINE ( 'NONE', #9290, #2818 ) ;
#8555 = CARTESIAN_POINT ( 'NONE',  ( -6.690217316893680710, 13.81544803366346308, 1.209999999999999964 ) ) ;
#8556 = CARTESIAN_POINT ( 'NONE',  ( -5.656351362102395086, 13.42623198698875875, 1.209999999999999964 ) ) ;
#8557 = CARTESIAN_POINT ( 'NONE',  ( -11.32085943501356695, 14.58692523454548784, 1.209999999999999964 ) ) ;
#8558 = EDGE_CURVE ( 'NONE', #10672, #3175, #6295, .T. ) ;
#8559 = ORIENTED_EDGE ( 'NONE', *, *, #4413, .F. ) ;
#8560 = CARTESIAN_POINT ( 'NONE',  ( -7.447680958929176143, 14.40672370207652264, 1.209999999999999964 ) ) ;
#8561 = ORIENTED_EDGE ( 'NONE', *, *, #901, .F. ) ;
#8562 = DIRECTION ( 'NONE',  ( 0.0000000000000000000, 0.0000000000000000000, 1.000000000000000000 ) ) ;
#8563 = ORIENTED_EDGE ( 'NONE', *, *, #1676, .F. ) ;
#8564 = CARTESIAN_POINT ( 'NONE',  ( -9.706173945071018494, 14.37484685878232860, 1.209999999999999964 ) ) ;
#8565 = AXIS2_PLACEMENT_3D ( 'NONE', #1348, #10761, #9826 ) ;
#8566 = PLANE ( 'NONE',  #3910 ) ;
#8567 = PLANE ( 'NONE',  #999 ) ;
#8568 = EDGE_LOOP ( 'NONE', ( #7467, #7120, #3824, #6927 ) ) ;
#8569 = DIRECTION ( 'NONE',  ( -0.0000000000000000000, -0.0000000000000000000, -1.000000000000000000 ) ) ;
#8570 = CARTESIAN_POINT ( 'NONE',  ( -6.761614027144654315, 15.08464586351430547, 1.199999999999999956 ) ) ;
#8571 = DIRECTION ( 'NONE',  ( -0.0000000000000000000, -0.0000000000000000000, -1.000000000000000000 ) ) ;
#8572 = AXIS2_PLACEMENT_3D ( 'NONE', #401, #2320, #3842 ) ;
#8573 = EDGE_CURVE ( 'NONE', #2952, #6525, #5579, .T. ) ;
#8574 = CARTESIAN_POINT ( 'NONE',  ( -13.71000000000000085, -5.099999999999998757, 2.600000000000000533 ) ) ;
#8575 = VERTEX_POINT ( 'NONE', #7235 ) ;
#8576 = CARTESIAN_POINT ( 'NONE',  ( -7.999099240549312206, 14.73805989141084893, 1.209999999999999964 ) ) ;
#8577 = DIRECTION ( 'NONE',  ( -0.9303007377811836065, 0.3667976789509244662, 0.0000000000000000000 ) ) ;
#8578 = ORIENTED_EDGE ( 'NONE', *, *, #9578, .F. ) ;
#8579 = CARTESIAN_POINT ( 'NONE',  ( -7.935154128697067044, 13.73781277591247552, 1.209999999999999964 ) ) ;
#8580 = ORIENTED_EDGE ( 'NONE', *, *, #10500, .F. ) ;
#8581 = SPHERICAL_SURFACE ( 'NONE', #6314, 0.4000000000000000222 ) ;
#8582 = EDGE_LOOP ( 'NONE', ( #640, #4266, #180, #3979 ) ) ;
#8583 = DIRECTION ( 'NONE',  ( -0.0000000000000000000, -1.000000000000000000, -0.0000000000000000000 ) ) ;
#8584 = EDGE_LOOP ( 'NONE', ( #8323, #5966, #7526 ) ) ;
#8585 = CARTESIAN_POINT ( 'NONE',  ( -11.51365772442191471, 13.66149340860838279, 1.199999999999999956 ) ) ;
#8586 = CIRCLE ( 'NONE', #3028, 0.4000000000000001887 ) ;
#8587 = DIRECTION ( 'NONE',  ( -0.0000000000000000000, -0.0000000000000000000, -1.000000000000000000 ) ) ;
#8588 = ORIENTED_EDGE ( 'NONE', *, *, #10196, .T. ) ;
#8589 = LINE ( 'NONE', #6838, #9919 ) ;
#8590 = ORIENTED_EDGE ( 'NONE', *, *, #10094, .F. ) ;
#8591 = DIRECTION ( 'NONE',  ( 0.0000000000000000000, 0.0000000000000000000, 1.000000000000000000 ) ) ;
#8592 = EDGE_CURVE ( 'NONE', #6615, #5633, #6191, .T. ) ;
#8593 = ORIENTED_EDGE ( 'NONE', *, *, #10709, .F. ) ;
#8594 = ORIENTED_EDGE ( 'NONE', *, *, #5590, .T. ) ;
#8595 = B_SPLINE_CURVE_WITH_KNOTS ( 'NONE', 3,
 ( #2162, #354, #2935, #2685 ),
 .UNSPECIFIED., .F., .F.,
 ( 4, 4 ),
 ( 0.0000000000000000000, 1.000000000000000000 ),
 .UNSPECIFIED. ) ;
#8596 = VECTOR ( 'NONE', #3780, 1000.000000000000000 ) ;
#8597 = EDGE_CURVE ( 'NONE', #9404, #7723, #4508, .T. ) ;
#8598 = EDGE_CURVE ( 'NONE', #10325, #1142, #2158, .T. ) ;
#8599 = PLANE ( 'NONE',  #296 ) ;
#8600 = DIRECTION ( 'NONE',  ( -0.7071067811865474617, -0.7071067811865474617, -0.0000000000000000000 ) ) ;
#8601 = DIRECTION ( 'NONE',  ( -1.000000000000000000, 0.0000000000000000000, 0.0000000000000000000 ) ) ;
#8602 = FACE_OUTER_BOUND ( 'NONE', #4013, .T. ) ;
#8603 = DIRECTION ( 'NONE',  ( 0.0000000000000000000, 0.0000000000000000000, 1.000000000000000000 ) ) ;
#8604 = EDGE_LOOP ( 'NONE', ( #9233, #8931, #1917, #8825 ) ) ;
#8605 = LINE ( 'NONE', #6907, #4654 ) ;
#8606 = VECTOR ( 'NONE', #781, 1000.000000000000000 ) ;
#8607 = EDGE_CURVE ( 'NONE', #8928, #7257, #4562, .T. ) ;
#8608 = EDGE_CURVE ( 'NONE', #7712, #8945, #3633, .T. ) ;
#8609 = VERTEX_POINT ( 'NONE', #7018 ) ;
#8610 = CARTESIAN_POINT ( 'NONE',  ( -10.42434746280384950, 15.26653894730228700, 1.199999999999999956 ) ) ;
#8611 = FACE_OUTER_BOUND ( 'NONE', #1479, .T. ) ;
#8612 = CARTESIAN_POINT ( 'NONE',  ( -5.588247218582687914, 13.85946445212153577, 1.199999999999999956 ) ) ;
#8613 = CARTESIAN_POINT ( 'NONE',  ( -7.679200388297622304, 15.09608320059462017, 1.209999999999999964 ) ) ;
#8614 = CARTESIAN_POINT ( 'NONE',  ( -10.57858613110296098, 13.52171457523841447, 1.209999999999999964 ) ) ;
#8615 = ORIENTED_EDGE ( 'NONE', *, *, #373, .T. ) ;
#8616 = PERSON_AND_ORGANIZATION ( #3476, #272 ) ;
#8617 = ORIENTED_EDGE ( 'NONE', *, *, #1842, .T. ) ;
#8618 = VECTOR ( 'NONE', #1850, 1000.000000000000000 ) ;
#8619 = DIRECTION ( 'NONE',  ( -0.0000000000000000000, -0.0000000000000000000, 1.000000000000000000 ) ) ;
#8620 = CARTESIAN_POINT ( 'NONE',  ( -6.867496041622388248, 14.48401237385580131, 1.199999999999999956 ) ) ;
#8621 = DIRECTION ( 'NONE',  ( -0.0000000000000000000, 1.000000000000000000, -0.0000000000000000000 ) ) ;
#8622 = CARTESIAN_POINT ( 'NONE',  ( -6.511205662297182784, 13.40855610241303886, 1.209999999999999964 ) ) ;
#8623 = EDGE_LOOP ( 'NONE', ( #8473, #3831 ) ) ;
#8624 = CARTESIAN_POINT ( 'NONE',  ( -15.19999999999999929, -14.25000000000000178, 1.099999999999999867 ) ) ;
#8625 = DIRECTION ( 'NONE',  ( -0.0000000000000000000, -0.0000000000000000000, -1.000000000000000000 ) ) ;
#8626 = CARTESIAN_POINT ( 'NONE',  ( -7.286345188915333893, 13.45465203670137555, 1.209999999999999964 ) ) ;
#8627 = CARTESIAN_POINT ( 'NONE',  ( -9.768833352355718702, 15.01590115727772812, 1.209999999999999964 ) ) ;
#8628 = FACE_OUTER_BOUND ( 'NONE', #7903, .T. ) ;
#8629 = VERTEX_POINT ( 'NONE', #10599 ) ;
#8630 = CARTESIAN_POINT ( 'NONE',  ( -13.71000000000000085, 9.600000000000001421, 2.600000000000000533 ) ) ;
#8631 = CARTESIAN_POINT ( 'NONE',  ( -16.70000000000000284, -14.25000000000000178, 1.099999999999999867 ) ) ;
#8632 = ORIENTED_EDGE ( 'NONE', *, *, #3359, .F. ) ;
#8633 = ORIENTED_EDGE ( 'NONE', *, *, #5703, .F. ) ;
#8634 = CARTESIAN_POINT ( 'NONE',  ( -5.258297373139829922, 14.00918959207152348, 1.209999999999999964 ) ) ;
#8635 = VERTEX_POINT ( 'NONE', #6346 ) ;
#8636 = EDGE_LOOP ( 'NONE', ( #9711, #9002, #9261, #2896 ) ) ;
#8637 = FACE_OUTER_BOUND ( 'NONE', #10703, .T. ) ;
#8638 = EDGE_LOOP ( 'NONE', ( #7572, #10210, #570, #2229 ) ) ;
#8639 = CARTESIAN_POINT ( 'NONE',  ( -6.018533702951326170, 13.40855610241303886, 1.209999999999999964 ) ) ;
#8640 = VECTOR ( 'NONE', #456, 1000.000000000000000 ) ;
#8641 = FACE_OUTER_BOUND ( 'NONE', #6785, .T. ) ;
#8642 = DIRECTION ( 'NONE',  ( -0.0000000000000000000, -0.0000000000000000000, -1.000000000000000000 ) ) ;
#8643 = VERTEX_POINT ( 'NONE', #9675 ) ;
#8644 = DIRECTION ( 'NONE',  ( -0.0000000000000000000, 0.0000000000000000000, 1.000000000000000000 ) ) ;
#8645 = CARTESIAN_POINT ( 'NONE',  ( -11.13770109684460863, 14.55800547274917278, 1.199999999999999956 ) ) ;
#8646 = ADVANCED_FACE ( 'NONE', ( #1127 ), #1998, .F. ) ;
#8647 = ORIENTED_EDGE ( 'NONE', *, *, #3111, .F. ) ;
#8648 = ORIENTED_EDGE ( 'NONE', *, *, #364, .T. ) ;
#8649 = CARTESIAN_POINT ( 'NONE',  ( 15.19999999999999929, -14.25000000000000178, 1.099999999999999867 ) ) ;
#8650 = CARTESIAN_POINT ( 'NONE',  ( -6.018533702951326170, 13.93120774834882880, 1.199999999999999956 ) ) ;
#8651 = CARTESIAN_POINT ( 'NONE',  ( -5.812315049547805756, 13.33126743063374420, 1.199999999999999956 ) ) ;
#8652 = DIRECTION ( 'NONE',  ( -0.5048830486499218395, 0.8631877589412170204, 0.0000000000000000000 ) ) ;
#8653 = CARTESIAN_POINT ( 'NONE',  ( -11.21482043099647541, 14.86648248758512558, 1.209999999999999964 ) ) ;
#8654 = VERTEX_POINT ( 'NONE', #294 ) ;
#8655 = DIRECTION ( 'NONE',  ( -1.000000000000000000, 0.0000000000000000000, 0.0000000000000000000 ) ) ;
#8656 = ORIENTED_EDGE ( 'NONE', *, *, #17, .F. ) ;
#8657 = EDGE_CURVE ( 'NONE', #1854, #633, #1683, .T. ) ;
#8658 = ADVANCED_FACE ( 'NONE', ( #623 ), #3951, .F. ) ;
#8659 = ORIENTED_EDGE ( 'NONE', *, *, #7873, .F. ) ;
#8660 = CARTESIAN_POINT ( 'NONE',  ( -5.326921395612489007, 13.59328642554276456, 1.209999999999999964 ) ) ;
#8661 = EDGE_LOOP ( 'NONE', ( #8038, #7832, #216, #8145 ) ) ;
#8662 = VECTOR ( 'NONE', #1686, 1000.000000000000000 ) ;
#8663 = EDGE_CURVE ( 'NONE', #3864, #2926, #2382, .T. ) ;
#8664 = DIRECTION ( 'NONE',  ( -0.0000000000000000000, -0.0000000000000000000, -1.000000000000000000 ) ) ;
#8665 = EDGE_CURVE ( 'NONE', #2203, #6264, #4891, .T. ) ;
#8666 = DIRECTION ( 'NONE',  ( 1.000000000000000000, 0.0000000000000000000, -0.0000000000000000000 ) ) ;
#8667 = CARTESIAN_POINT ( 'NONE',  ( -5.554108500327592957, 13.57387761110385860, 1.209999999999999964 ) ) ;
#8668 = AXIS2_PLACEMENT_3D ( 'NONE', #2034, #337, #6177 ) ;
#8669 = CARTESIAN_POINT ( 'NONE',  ( 4.449999999999996625, 4.449999999999996625, 0.0000000000000000000 ) ) ;
#8670 = ORIENTED_EDGE ( 'NONE', *, *, #4079, .T. ) ;
#8671 = APPROVAL_DATE_TIME ( #6974, #6338 ) ;
#8672 = EDGE_CURVE ( 'NONE', #4456, #1265, #10710, .T. ) ;
#8673 = EDGE_LOOP ( 'NONE', ( #7943, #9894 ) ) ;
#8674 = DIRECTION ( 'NONE',  ( -0.0000000000000000000, -0.0000000000000000000, 1.000000000000000000 ) ) ;
#8675 = DIRECTION ( 'NONE',  ( -0.0000000000000000000, -0.0000000000000000000, -1.000000000000000000 ) ) ;
#8676 = CARTESIAN_POINT ( 'NONE',  ( -7.988701661386450326, 13.35795455048319980, 1.199999999999999956 ) ) ;
#8677 = CARTESIAN_POINT ( 'NONE',  ( 0.0000000000000000000, 15.51999999999999957, -2.500000000000000000 ) ) ;
#8678 = AXIS2_PLACEMENT_3D ( 'NONE', #1419, #2425, #2211 ) ;
#8679 = ORIENTED_EDGE ( 'NONE', *, *, #1290, .F. ) ;
#8680 = CARTESIAN_POINT ( 'NONE',  ( 15.19999999999999929, -14.25000000000000178, 1.199999999999999956 ) ) ;
#8681 = LINE ( 'NONE', #403, #3127 ) ;
#8683 = DIRECTION ( 'NONE',  ( -1.000000000000000000, 0.0000000000000000000, 0.0000000000000000000 ) ) ;
#8682 = VECTOR ( 'NONE', #5897, 1000.000000000000000 ) ;
#8684 = ORIENTED_EDGE ( 'NONE', *, *, #10781, .T. ) ;
#8685 = CARTESIAN_POINT ( 'NONE',  ( -6.063416586338694181, 14.99799937048959464, 1.199999999999999956 ) ) ;
#8686 = DIRECTION ( 'NONE',  ( -0.0000000000000000000, -0.0000000000000000000, -1.000000000000000000 ) ) ;
#8687 = ORIENTED_EDGE ( 'NONE', *, *, #563, .F. ) ;
#8688 = DIRECTION ( 'NONE',  ( -1.000000000000000000, 0.0000000000000000000, 0.0000000000000000000 ) ) ;
#8689 = ORIENTED_EDGE ( 'NONE', *, *, #6402, .T. ) ;
#8690 = VECTOR ( 'NONE', #7993, 1000.000000000000114 ) ;
#8691 = CARTESIAN_POINT ( 'NONE',  ( -5.217746814403468214, 13.90209452668815793, 1.199999999999999956 ) ) ;
#8692 = ORIENTED_EDGE ( 'NONE', *, *, #2082, .T. ) ;
#8693 = CARTESIAN_POINT ( 'NONE',  ( -5.656351362102395086, 13.91942382529679811, 1.209999999999999964 ) ) ;
#8694 = LINE ( 'NONE', #1005, #6778 ) ;
#8695 = VERTEX_POINT ( 'NONE', #2373 ) ;
#8696 = CARTESIAN_POINT ( 'NONE',  ( -7.525662802654181860, 13.68478512218066889, 1.199999999999999956 ) ) ;
#8697 = ORIENTED_EDGE ( 'NONE', *, *, #2608, .F. ) ;
#8698 = CARTESIAN_POINT ( 'NONE',  ( -17.69999999999999574, -16.75000000000000000, 1.199999999999999956 ) ) ;
#8699 = VECTOR ( 'NONE', #16, 1000.000000000000000 ) ;
#8700 = ORIENTED_EDGE ( 'NONE', *, *, #495, .F. ) ;
#8701 = EDGE_LOOP ( 'NONE', ( #10352, #5836 ) ) ;
#8702 = B_SPLINE_CURVE_WITH_KNOTS ( 'NONE', 3,
 ( #2799, #153, #7840, #9497 ),
 .UNSPECIFIED., .F., .F.,
 ( 4, 4 ),
 ( 5.000000000000000000, 6.000000000000000000 ),
 .UNSPECIFIED. ) ;
#8703 = EDGE_CURVE ( 'NONE', #4977, #8216, #3052, .T. ) ;
#8704 = VECTOR ( 'NONE', #5774, 1000.000000000000000 ) ;
#8705 = CARTESIAN_POINT ( 'NONE',  ( -7.988701661386450326, 13.35795455048319980, 1.199999999999999956 ) ) ;
#8706 = CARTESIAN_POINT ( 'NONE',  ( -15.19999999999999929, 14.25000000000000178, 1.099999999999999867 ) ) ;
#8707 = EDGE_LOOP ( 'NONE', ( #5947, #7288, #4874, #6475 ) ) ;
#8708 = CARTESIAN_POINT ( 'NONE',  ( -6.778250153805251088, 13.81544803366346308, 1.199999999999999956 ) ) ;
#8709 = EDGE_CURVE ( 'NONE', #377, #1963, #4396, .T. ) ;
#8710 = CARTESIAN_POINT ( 'NONE',  ( 0.0000000000000000000, 0.0000000000000000000, 1.209999999999999964 ) ) ;
#8711 = ORIENTED_EDGE ( 'NONE', *, *, #8850, .T. ) ;
#8712 = CARTESIAN_POINT ( 'NONE',  ( -11.06540173831820972, 14.51462587601447041, 1.209999999999999964 ) ) ;
#8713 = ORIENTED_EDGE ( 'NONE', *, *, #7554, .F. ) ;
#8714 = CARTESIAN_POINT ( 'NONE',  ( -5.208562286143883391, 13.90001501085789393, 1.209999999999999964 ) ) ;
#8715 = VECTOR ( 'NONE', #3326, 1000.000000000000000 ) ;
#8716 = ORIENTED_EDGE ( 'NONE', *, *, #5840, .F. ) ;
#8717 = VERTEX_POINT ( 'NONE', #10041 ) ;
#8718 = B_SPLINE_SURFACE_WITH_KNOTS ( 'NONE', 3, 1, ( 
 ( #1925, #1160 ),
 ( #6952, #215 ),
 ( #6224, #4598 ),
 ( #9655, #1981 ) ),
 .UNSPECIFIED., .F., .F., .F.,
 ( 4, 4 ),
 ( 2, 2 ),
 ( 3.000000000000000000, 4.000000000000000000 ),
 ( 0.0000000000000000000, 1.000000000000000000 ),
 .UNSPECIFIED. ) ;
#8719 = EDGE_CURVE ( 'NONE', #8289, #10384, #2390, .T. ) ;
#8720 = CARTESIAN_POINT ( 'NONE',  ( -7.786642039650390146, 13.40266414088469382, 1.209999999999999964 ) ) ;
#8721 = LINE ( 'NONE', #3578, #9572 ) ;
#8722 = CARTESIAN_POINT ( 'NONE',  ( -11.51847783794516999, 13.33855623707175120, 1.209999999999999964 ) ) ;
#8723 = CIRCLE ( 'NONE', #6212, 0.4000000000000001887 ) ;
#8724 = LINE ( 'NONE', #3580, #10531 ) ;
#8725 = AXIS2_PLACEMENT_3D ( 'NONE', #5871, #980, #9302 ) ;
#8726 = VERTEX_POINT ( 'NONE', #509 ) ;
#8727 = CALENDAR_DATE ( 2024, 19, 8 ) ;
#8728 = CARTESIAN_POINT ( 'NONE',  ( -9.094039339421883028, 13.67113317598326638, 1.199999999999999956 ) ) ;
#8729 = CARTESIAN_POINT ( 'NONE',  ( -7.982982992848596027, 13.78148260839884465, 1.209999999999999964 ) ) ;
#8730 = ADVANCED_FACE ( 'NONE', ( #8357 ), #3173, .F. ) ;
#8731 = VECTOR ( 'NONE', #11101, 1000.000000000000000 ) ;
#8732 = EDGE_CURVE ( 'NONE', #2194, #1606, #4776, .T. ) ;
#8733 = CARTESIAN_POINT ( 'NONE',  ( -7.345438097158998758, 13.75756817632308326, 1.199999999999999956 ) ) ;
#8734 = EDGE_CURVE ( 'NONE', #4367, #7864, #7867, .T. ) ;
#8735 = VECTOR ( 'NONE', #10877, 1000.000000000000000 ) ;
#8736 = CARTESIAN_POINT ( 'NONE',  ( -7.876754392396827953, 13.31983009355342240, 1.199999999999999956 ) ) ;
#8737 = ORIENTED_EDGE ( 'NONE', *, *, #6047, .F. ) ;
#8738 = VECTOR ( 'NONE', #8583, 1000.000000000000000 ) ;
#8739 = CARTESIAN_POINT ( 'NONE',  ( -5.852172436340742578, 14.40672370207652264, 1.209999999999999964 ) ) ;
#8740 = DIRECTION ( 'NONE',  ( -0.0000000000000000000, -0.0000000000000000000, -1.000000000000000000 ) ) ;
#8741 = VERTEX_POINT ( 'NONE', #3998 ) ;
#8742 = CARTESIAN_POINT ( 'NONE',  ( -7.999099240549312206, 14.82332004054871355, 1.199999999999999956 ) ) ;
#8743 = ADVANCED_FACE ( 'NONE', ( #8189 ), #8300, .F. ) ;
#8744 = ORIENTED_EDGE ( 'NONE', *, *, #5922, .F. ) ;
#8745 = CARTESIAN_POINT ( 'NONE',  ( -8.388661873198030250, 15.08464586351430547, 1.209999999999999964 ) ) ;
#8746 = ORIENTED_EDGE ( 'NONE', *, *, #5624, .F. ) ;
#8747 = VECTOR ( 'NONE', #2929, 1000.000000000000000 ) ;
#8748 = CARTESIAN_POINT ( 'NONE',  ( -5.225544998776203265, 13.87506082086700054, 1.199999999999999956 ) ) ;
#8749 = EDGE_CURVE ( 'NONE', #10478, #5425, #5071, .T. ) ;
#8750 = ORIENTED_EDGE ( 'NONE', *, *, #8573, .T. ) ;
#8751 = EDGE_CURVE ( 'NONE', #796, #8469, #10763, .T. ) ;
#8752 = LINE ( 'NONE', #7898, #9780 ) ;
#8753 = CARTESIAN_POINT ( 'NONE',  ( -6.684325355369983512, 15.00666401979160547, 1.199999999999999956 ) ) ;
#8754 = CARTESIAN_POINT ( 'NONE',  ( -6.768545746588096712, 14.40672370207652264, 1.209999999999999964 ) ) ;
#8755 = ORIENTED_EDGE ( 'NONE', *, *, #97, .T. ) ;
#8756 = CARTESIAN_POINT ( 'NONE',  ( -6.867496041622388248, 15.00666401979160547, 1.209999999999999964 ) ) ;
#8757 = DIRECTION ( 'NONE',  ( -1.000000000000000000, -0.0000000000000000000, -0.0000000000000000000 ) ) ;
#8758 = VECTOR ( 'NONE', #10920, 1000.000000000000000 ) ;
#8759 = VERTEX_POINT ( 'NONE', #4950 ) ;
#8760 = ORIENTED_EDGE ( 'NONE', *, *, #146, .T. ) ;
#8761 = VECTOR ( 'NONE', #3882, 1000.000000000000000 ) ;
#8762 = DIRECTION ( 'NONE',  ( -0.0000000000000000000, -1.000000000000000000, -0.0000000000000000000 ) ) ;
#8763 = FACE_OUTER_BOUND ( 'NONE', #6667, .T. ) ;
#8764 = CARTESIAN_POINT ( 'NONE',  ( -7.501575077592571361, 13.60818962234479734, 1.199999999999999956 ) ) ;
#8765 = ORIENTED_EDGE ( 'NONE', *, *, #10346, .T. ) ;
#8766 = CARTESIAN_POINT ( 'NONE',  ( -7.988701661386450326, 13.35795455048319980, 1.209999999999999964 ) ) ;
#8767 = CARTESIAN_POINT ( 'NONE',  ( -6.933520669311833196, 13.45153276295136813, 1.199999999999999956 ) ) ;
#8768 = ORIENTED_EDGE ( 'NONE', *, *, #3019, .F. ) ;
#8769 = ORIENTED_EDGE ( 'NONE', *, *, #9066, .F. ) ;
#8770 = CARTESIAN_POINT ( 'NONE',  ( -11.32085943501356695, 14.58692523454548784, 1.199999999999999956 ) ) ;
#8771 = LINE ( 'NONE', #7969, #108 ) ;
#8772 = VECTOR ( 'NONE', #8837, 1000.000000000000114 ) ;
#8773 = EDGE_CURVE ( 'NONE', #3227, #10112, #10095, .T. ) ;
#8774 = CARTESIAN_POINT ( 'NONE',  ( -14.71000000000000085, 8.599999999999999645, 2.600000000000000533 ) ) ;
#8775 = CARTESIAN_POINT ( 'NONE',  ( -3.039999999999993818, 13.47999999999999865, -2.500000000000000000 ) ) ;
#8776 = CARTESIAN_POINT ( 'NONE',  ( -7.117731113486324368, 14.78970120125118903, 1.209999999999999964 ) ) ;
#8777 = AXIS2_PLACEMENT_3D ( 'NONE', #3769, #7160, #10579 ) ;
#8778 = CARTESIAN_POINT ( 'NONE',  ( -11.80285515853674916, 14.10492951102230919, 1.199999999999999956 ) ) ;
#8779 = CARTESIAN_POINT ( 'NONE',  ( -9.031379932137193478, 14.00371029876158069, 1.199999999999999956 ) ) ;
#8780 = CARTESIAN_POINT ( 'NONE',  ( -7.830138579148580469, 14.47326820871890973, 1.209999999999999964 ) ) ;
#8781 = EDGE_CURVE ( 'NONE', #6973, #6437, #10881, .T. ) ;
#8782 = CARTESIAN_POINT ( 'NONE',  ( -11.51847783794516999, 13.33855623707175120, 1.199999999999999956 ) ) ;
#8783 = FACE_OUTER_BOUND ( 'NONE', #5068, .T. ) ;
#8784 = CARTESIAN_POINT ( 'NONE',  ( -8.062004594488747955, 14.54951712258305996, 1.199999999999999956 ) ) ;
#8785 = CARTESIAN_POINT ( 'NONE',  ( -9.031379932137193478, 14.00371029876158069, 1.209999999999999964 ) ) ;
#8786 = ORIENTED_EDGE ( 'NONE', *, *, #9001, .T. ) ;
#8787 = LINE ( 'NONE', #8739, #8690 ) ;
#8788 = LINE ( 'NONE', #9087, #6235 ) ;
#8789 = DIRECTION ( 'NONE',  ( -1.000000000000000000, 0.0000000000000000000, 0.0000000000000000000 ) ) ;
#8790 = EDGE_LOOP ( 'NONE', ( #7401, #5788, #10217, #3603 ) ) ;
#8791 = CARTESIAN_POINT ( 'NONE',  ( -10.57858613110296098, 13.22769725743150282, 1.209999999999999964 ) ) ;
#8792 = EDGE_CURVE ( 'NONE', #3073, #3678, #7752, .T. ) ;
#8793 = EDGE_CURVE ( 'NONE', #9464, #1606, #4544, .T. ) ;
#8794 = ORIENTED_EDGE ( 'NONE', *, *, #3786, .F. ) ;
#8795 = FACE_OUTER_BOUND ( 'NONE', #1755, .T. ) ;
#8796 = B_SPLINE_CURVE_WITH_KNOTS ( 'NONE', 3,
 ( #1398, #201, #5439, #4580 ),
 .UNSPECIFIED., .F., .F.,
 ( 4, 4 ),
 ( 11.00000000000000000, 12.00000000000000000 ),
 .UNSPECIFIED. ) ;
#8797 = PLANE ( 'NONE',  #5349 ) ;
#8798 = ADVANCED_FACE ( 'NONE', ( #10146 ), #1469, .F. ) ;
#8799 = CARTESIAN_POINT ( 'NONE',  ( 0.0000000000000000000, 0.0000000000000000000, 1.199999999999999956 ) ) ;
#8800 = DIRECTION ( 'NONE',  ( -0.0000000000000000000, -0.0000000000000000000, 1.000000000000000000 ) ) ;
#8801 = ORIENTED_EDGE ( 'NONE', *, *, #1585, .T. ) ;
#8802 = CARTESIAN_POINT ( 'NONE',  ( -7.921637275784168430, 13.52916802070236280, 1.199999999999999956 ) ) ;
#8803 = VERTEX_POINT ( 'NONE', #11103 ) ;
#8804 = CARTESIAN_POINT ( 'NONE',  ( -6.955008999581013818, 15.08464586351430547, 1.209999999999999964 ) ) ;
#8805 = B_SPLINE_SURFACE_WITH_KNOTS ( 'NONE', 3, 1, ( 
 ( #9981, #1349 ),
 ( #7511, #2261 ),
 ( #4050, #8356 ),
 ( #10762, #5681 ) ),
 .UNSPECIFIED., .F., .F., .F.,
 ( 4, 4 ),
 ( 2, 2 ),
 ( 5.000000000000000000, 6.000000000000000000 ),
 ( 0.0000000000000000000, 1.000000000000000000 ),
 .UNSPECIFIED. ) ;
#8806 = ORIENTED_EDGE ( 'NONE', *, *, #1468, .T. ) ;
#8807 = CARTESIAN_POINT ( 'NONE',  ( -5.656351362102395086, 13.91942382529679811, 1.209999999999999964 ) ) ;
#8808 = CARTESIAN_POINT ( 'NONE',  ( -5.916117548195297893, 13.93120774834882880, 1.209999999999999964 ) ) ;
#8809 = CARTESIAN_POINT ( 'NONE',  ( -17.69999999999999574, -16.75000000000000000, 0.0000000000000000000 ) ) ;
#8810 = CARTESIAN_POINT ( 'NONE',  ( -6.249533253359885521, 13.93120774834882880, 1.209999999999999964 ) ) ;
#8811 = VERTEX_POINT ( 'NONE', #10984 ) ;
#8812 = LINE ( 'NONE', #8074, #9216 ) ;
#8813 = CARTESIAN_POINT ( 'NONE',  ( -6.598718620255776379, 13.33126743063374597, 1.199999999999999956 ) ) ;
#8814 = ORIENTED_EDGE ( 'NONE', *, *, #4793, .T. ) ;
#8815 = EDGE_CURVE ( 'NONE', #774, #4059, #5183, .T. ) ;
#8816 = ORIENTED_EDGE ( 'NONE', *, *, #1496, .T. ) ;
#8817 = AXIS2_PLACEMENT_3D ( 'NONE', #688, #4121, #2325 ) ;
#8818 = VERTEX_POINT ( 'NONE', #5009 ) ;
#8819 = ORIENTED_EDGE ( 'NONE', *, *, #1688, .F. ) ;
#8820 = CARTESIAN_POINT ( 'NONE',  ( -7.817488191167286438, 13.38949387394582935, 1.209999999999999964 ) ) ;
#8821 = LINE ( 'NONE', #7234, #4593 ) ;
#8822 = CARTESIAN_POINT ( 'NONE',  ( -11.51365772442191471, 13.66149340860838279, 1.209999999999999964 ) ) ;
#8823 = DIRECTION ( 'NONE',  ( 0.3559357243698776374, 0.9345104387417459968, 0.0000000000000000000 ) ) ;
#8824 = DIRECTION ( 'NONE',  ( -0.0000000000000000000, 1.000000000000000000, -0.0000000000000000000 ) ) ;
#8825 = ORIENTED_EDGE ( 'NONE', *, *, #7192, .F. ) ;
#8826 = CARTESIAN_POINT ( 'NONE',  ( -7.337120033828714583, 13.60576352053820592, 1.199999999999999956 ) ) ;
#8827 = EDGE_LOOP ( 'NONE', ( #6780, #7222, #7476, #899 ) ) ;
#8828 = CARTESIAN_POINT ( 'NONE',  ( -7.888191729477120440, 14.49718264079467112, 1.209999999999999964 ) ) ;
#8829 = FACE_OUTER_BOUND ( 'NONE', #2642, .T. ) ;
#8830 = DIRECTION ( 'NONE',  ( 0.0000000000000000000, 1.000000000000000000, -0.0000000000000000000 ) ) ;
#8831 = ORIENTED_EDGE ( 'NONE', *, *, #5872, .F. ) ;
#8832 = AXIS2_PLACEMENT_3D ( 'NONE', #9982, #6502, #9927 ) ;
#8833 = CARTESIAN_POINT ( 'NONE',  ( -7.880220252118532720, 14.99210740896127270, 1.209999999999999964 ) ) ;
#8834 = B_SPLINE_CURVE_WITH_KNOTS ( 'NONE', 3,
 ( #4531, #1866, #3492, #37 ),
 .UNSPECIFIED., .F., .F.,
 ( 4, 4 ),
 ( 11.00000000000000000, 12.00000000000000000 ),
 .UNSPECIFIED. ) ;
#8835 = EDGE_CURVE ( 'NONE', #8497, #2639, #233, .T. ) ;
#8836 = EDGE_LOOP ( 'NONE', ( #9775, #2016, #10049, #5566 ) ) ;
#8837 = DIRECTION ( 'NONE',  ( -0.7071067811865474617, -0.7071067811865474617, -0.0000000000000000000 ) ) ;
#8838 = EDGE_LOOP ( 'NONE', ( #6837, #5955, #4095, #4162, #9376, #4920 ) ) ;
#8839 = CARTESIAN_POINT ( 'NONE',  ( -1.269999999999999796, 14.75000000000000178, 1.600000000000000089 ) ) ;
#8840 = EDGE_CURVE ( 'NONE', #763, #6359, #6018, .T. ) ;
#8841 = B_SPLINE_CURVE_WITH_KNOTS ( 'NONE', 3,
 ( #7425, #4756, #383, #10856 ),
 .UNSPECIFIED., .F., .F.,
 ( 4, 4 ),
 ( 4.000000000000000000, 5.000000000000000000 ),
 .UNSPECIFIED. ) ;
#8842 = LINE ( 'NONE', #6053, #6429 ) ;
#8843 = ORIENTED_EDGE ( 'NONE', *, *, #10019, .F. ) ;
#8844 = FACE_BOUND ( 'NONE', #8701, .T. ) ;
#8845 = ORIENTED_EDGE ( 'NONE', *, *, #9192, .T. ) ;
#8846 = CARTESIAN_POINT ( 'NONE',  ( -9.923072020657146552, 13.62775348731978298, 1.199999999999999956 ) ) ;
#8847 = DIRECTION ( 'NONE',  ( -0.0000000000000000000, -0.0000000000000000000, -1.000000000000000000 ) ) ;
#8848 = FACE_OUTER_BOUND ( 'NONE', #10087, .T. ) ;
#8849 = DIRECTION ( 'NONE',  ( -0.0000000000000000000, 1.000000000000000000, -0.0000000000000000000 ) ) ;
#8850 = EDGE_CURVE ( 'NONE', #3334, #5277, #6725, .T. ) ;
#8851 = AXIS2_PLACEMENT_3D ( 'NONE', #2376, #2266, #4840 ) ;
#8852 = EDGE_CURVE ( 'NONE', #3134, #4183, #5089, .T. ) ;
#8853 = LINE ( 'NONE', #7156, #1876 ) ;
#8854 = ORIENTED_EDGE ( 'NONE', *, *, #6173, .T. ) ;
#8855 = DIRECTION ( 'NONE',  ( -0.8840949502478816502, -0.4673073067545548964, 0.0000000000000000000 ) ) ;
#8856 = ORIENTED_EDGE ( 'NONE', *, *, #4488, .T. ) ;
#8857 = DIRECTION ( 'NONE',  ( 0.3315284183576419630, 0.9434452330799495412, -0.0000000000000000000 ) ) ;
#8858 = VERTEX_POINT ( 'NONE', #1704 ) ;
#8859 = CARTESIAN_POINT ( 'NONE',  ( -5.554108500327592957, 13.57387761110385860, 1.209999999999999964 ) ) ;
#8860 = EDGE_CURVE ( 'NONE', #2871, #10186, #5906, .T. ) ;
#8861 = VECTOR ( 'NONE', #2455, 1000.000000000000000 ) ;
#8862 = EDGE_CURVE ( 'NONE', #5086, #4176, #2711, .T. ) ;
#8863 = CARTESIAN_POINT ( 'NONE',  ( 6.500000000000000000, -14.83447752647037987, -0.03397984811026048824 ) ) ;
#8864 = EDGE_LOOP ( 'NONE', ( #8319, #1137, #4999, #8210 ) ) ;
#8865 = EDGE_CURVE ( 'NONE', #5190, #3940, #9016, .T. ) ;
#8866 = EDGE_CURVE ( 'NONE', #11066, #6072, #1159, .T. ) ;
#8867 = CARTESIAN_POINT ( 'NONE',  ( -6.061337070508430180, 14.99799937048959464, 1.209999999999999964 ) ) ;
#8868 = CARTESIAN_POINT ( 'NONE',  ( -12.10651261144982982, 14.09528937591381847, 1.199999999999999956 ) ) ;
#8869 = VECTOR ( 'NONE', #3925, 1000.000000000000000 ) ;
#8870 = FACE_OUTER_BOUND ( 'NONE', #4713, .T. ) ;
#8871 = DIRECTION ( 'NONE',  ( 0.0000000000000000000, 1.000000000000000000, 0.0000000000000000000 ) ) ;
#8872 = CARTESIAN_POINT ( 'NONE',  ( -7.583369367008717887, 14.97685762619213889, 1.199999999999999956 ) ) ;
#8873 = ORIENTED_EDGE ( 'NONE', *, *, #10279, .F. ) ;
#8874 = EDGE_LOOP ( 'NONE', ( #5512, #2415, #8415, #10962 ) ) ;
#8875 = CARTESIAN_POINT ( 'NONE',  ( -6.061337070508430180, 14.99799937048959464, 1.199999999999999956 ) ) ;
#8876 = DIRECTION ( 'NONE',  ( -1.000000000000000000, 0.0000000000000000000, 0.0000000000000000000 ) ) ;
#8877 = AXIS2_PLACEMENT_3D ( 'NONE', #7099, #10521, #2848 ) ;
#8878 = PLANE ( 'NONE',  #5684 ) ;
#8879 = CARTESIAN_POINT ( 'NONE',  ( 1.270000000000000240, 14.75000000000000178, -7.100000000000000533 ) ) ;
#8880 = EDGE_CURVE ( 'NONE', #6596, #4520, #5124, .T. ) ;
#8881 = EDGE_CURVE ( 'NONE', #6164, #9464, #7627, .T. ) ;
#8882 = CARTESIAN_POINT ( 'NONE',  ( -11.06058176269505111, 13.97961060451951099, 1.199999999999999956 ) ) ;
#8883 = LINE ( 'NONE', #6970, #859 ) ;
#8884 = PLANE ( 'NONE',  #6589 ) ;
#8885 = CARTESIAN_POINT ( 'NONE',  ( -15.19999999999999929, 14.25000000000000178, 0.0000000000000000000 ) ) ;
#8886 = VERTEX_POINT ( 'NONE', #9456 ) ;
#8887 = CARTESIAN_POINT ( 'NONE',  ( -6.061337070508430180, 14.99799937048959464, 1.209999999999999964 ) ) ;
#8888 = LINE ( 'NONE', #360, #1929 ) ;
#8889 = EDGE_LOOP ( 'NONE', ( #7703, #10333, #10115, #9821 ) ) ;
#8890 = LINE ( 'NONE', #518, #10326 ) ;
#8891 = CARTESIAN_POINT ( 'NONE',  ( -10.97382266116828298, 14.78454322377911012, 1.199999999999999956 ) ) ;
#8892 = VECTOR ( 'NONE', #8918, 1000.000000000000000 ) ;
#8893 = EDGE_CURVE ( 'NONE', #2577, #2548, #10315, .T. ) ;
#8894 = B_SPLINE_SURFACE_WITH_KNOTS ( 'NONE', 3, 1, ( 
 ( #4358, #5318 ),
 ( #4469, #74 ),
 ( #6924, #1952 ),
 ( #9478, #192 ) ),
 .UNSPECIFIED., .F., .F., .F.,
 ( 4, 4 ),
 ( 2, 2 ),
 ( 4.000000000000000000, 5.000000000000000000 ),
 ( 0.0000000000000000000, 1.000000000000000000 ),
 .UNSPECIFIED. ) ;
#8895 = LINE ( 'NONE', #9889, #8772 ) ;
#8896 = ORIENTED_EDGE ( 'NONE', *, *, #3203, .T. ) ;
#8897 = CARTESIAN_POINT ( 'NONE',  ( -7.839496400396321896, 13.55897441430642125, 1.199999999999999956 ) ) ;
#8898 = CARTESIAN_POINT ( 'NONE',  ( -5.516503922360016077, 13.33126743063374597, 1.209999999999999964 ) ) ;
#8899 = CARTESIAN_POINT ( 'NONE',  ( -7.227598866643366371, 13.54303145958927068, 1.199999999999999956 ) ) ;
#8900 = ORIENTED_EDGE ( 'NONE', *, *, #1407, .T. ) ;
#8901 = DIRECTION ( 'NONE',  ( -0.0000000000000000000, 0.0000000000000000000, 1.000000000000000000 ) ) ;
#8902 = CARTESIAN_POINT ( 'NONE',  ( -6.070348305782141018, 14.96160784341838657, 1.209999999999999964 ) ) ;
#8903 = EDGE_CURVE ( 'NONE', #5178, #9036, #9277, .T. ) ;
#8904 = EDGE_CURVE ( 'NONE', #936, #10455, #9561, .T. ) ;
#8905 = CYLINDRICAL_SURFACE ( 'NONE', #831, 1.500000000000003109 ) ;
#8906 = VECTOR ( 'NONE', #4444, 1000.000000000000000 ) ;
#8907 = DIRECTION ( 'NONE',  ( -0.0000000000000000000, -0.0000000000000000000, -1.000000000000000000 ) ) ;
#8908 = ORIENTED_EDGE ( 'NONE', *, *, #5692, .T. ) ;
#8909 = CARTESIAN_POINT ( 'NONE',  ( -7.771045670904913827, 14.39528636499620617, 1.209999999999999964 ) ) ;
#8910 = ORIENTED_EDGE ( 'NONE', *, *, #8904, .T. ) ;
#8911 = FACE_OUTER_BOUND ( 'NONE', #9067, .T. ) ;
#8912 = PLANE ( 'NONE',  #5013 ) ;
#8913 = CARTESIAN_POINT ( 'NONE',  ( -7.854746183167766738, 13.38949387394582935, 1.199999999999999956 ) ) ;
#8914 = VECTOR ( 'NONE', #447, 1000.000000000000114 ) ;
#8915 = EDGE_CURVE ( 'NONE', #6991, #3047, #10586, .T. ) ;
#8916 = CARTESIAN_POINT ( 'NONE',  ( -7.286345188915333893, 13.45465203670137555, 1.209999999999999964 ) ) ;
#8917 = ORIENTED_EDGE ( 'NONE', *, *, #10157, .T. ) ;
#8918 = DIRECTION ( 'NONE',  ( -0.0000000000000000000, -0.0000000000000000000, -1.000000000000000000 ) ) ;
#8919 = CARTESIAN_POINT ( 'NONE',  ( -7.394826598183222188, 13.31983009355342240, 1.199999999999999956 ) ) ;
#8920 = VECTOR ( 'NONE', #7434, 1000.000000000000000 ) ;
#8921 = EDGE_CURVE ( 'NONE', #7077, #4006, #5460, .T. ) ;
#8922 = DIRECTION ( 'NONE',  ( 0.0000000000000000000, 0.0000000000000000000, -1.000000000000000000 ) ) ;
#8923 = VERTEX_POINT ( 'NONE', #8808 ) ;
#8924 = DIRECTION ( 'NONE',  ( -0.0000000000000000000, -0.0000000000000000000, 1.000000000000000000 ) ) ;
#8925 = ORIENTED_EDGE ( 'NONE', *, *, #10398, .F. ) ;
#8926 = PLANE ( 'NONE',  #2682 ) ;
#8927 = ORIENTED_EDGE ( 'NONE', *, *, #9268, .F. ) ;
#8928 = VERTEX_POINT ( 'NONE', #8867 ) ;
#8929 = ORIENTED_EDGE ( 'NONE', *, *, #9358, .F. ) ;
#8930 = LINE ( 'NONE', #394, #5852 ) ;
#8931 = ORIENTED_EDGE ( 'NONE', *, *, #9685, .F. ) ;
#8932 = EDGE_CURVE ( 'NONE', #10237, #10325, #222, .T. ) ;
#8933 = CARTESIAN_POINT ( 'NONE',  ( 0.0000000000000000000, 13.47999999999999865, -2.500000000000000000 ) ) ;
#8934 = CARTESIAN_POINT ( 'NONE',  ( -6.061337070508430180, 14.99799937048959464, 1.199999999999999956 ) ) ;
#8935 = LINE ( 'NONE', #1240, #6028 ) ;
#8936 = FACE_OUTER_BOUND ( 'NONE', #3136, .T. ) ;
#8937 = CARTESIAN_POINT ( 'NONE',  ( -4.209999999999999964, 14.75000000000000178, -7.100000000000000533 ) ) ;
#8938 = EDGE_CURVE ( 'NONE', #4272, #3716, #1984, .T. ) ;
#8939 = DIRECTION ( 'NONE',  ( -0.0000000000000000000, -0.0000000000000000000, 1.000000000000000000 ) ) ;
#8940 = LINE ( 'NONE', #3844, #4198 ) ;
#8941 = AXIS2_PLACEMENT_3D ( 'NONE', #8710, #2869, #7964 ) ;
#8942 = ORIENTED_EDGE ( 'NONE', *, *, #4534, .T. ) ;
#8943 = ORIENTED_EDGE ( 'NONE', *, *, #1909, .F. ) ;
#8944 = CARTESIAN_POINT ( 'NONE',  ( -11.06058185462844889, 13.01079918184770001, 1.209999999999999964 ) ) ;
#8945 = VERTEX_POINT ( 'NONE', #1016 ) ;
#8946 = CARTESIAN_POINT ( 'NONE',  ( 1.270000000000000240, 14.75000000000000178, 2.000000000000000000 ) ) ;
#8947 = EDGE_CURVE ( 'NONE', #8635, #1025, #89, .T. ) ;
#8948 = ADVANCED_FACE ( 'NONE', ( #8763, #8017 ), #4497, .T. ) ;
#8949 = DIRECTION ( 'NONE',  ( -0.0000000000000000000, -0.0000000000000000000, -1.000000000000000000 ) ) ;
#8950 = ORIENTED_EDGE ( 'NONE', *, *, #1669, .T. ) ;
#8951 = AXIS2_PLACEMENT_3D ( 'NONE', #10195, #2534, #1823 ) ;
#8952 = CARTESIAN_POINT ( 'NONE',  ( -7.726162787517545816, 13.48792429002257443, 1.199999999999999956 ) ) ;
#8953 = DIRECTION ( 'NONE',  ( -0.3416038306902429156, 0.9398440417738209707, 0.0000000000000000000 ) ) ;
#8954 = EDGE_LOOP ( 'NONE', ( #1727, #9779, #2310, #10538 ) ) ;
#8955 = CARTESIAN_POINT ( 'NONE',  ( -6.519870311603818358, 14.90026212635628156, 1.199999999999999956 ) ) ;
#8956 = CARTESIAN_POINT ( 'NONE',  ( -2.680000000000001936, 10.30000000000000249, 0.0000000000000000000 ) ) ;
#8957 = VECTOR ( 'NONE', #4263, 1000.000000000000000 ) ;
#8958 = LINE ( 'NONE', #3862, #7986 ) ;
#8959 = ORIENTED_EDGE ( 'NONE', *, *, #8607, .F. ) ;
#8960 = DIRECTION ( 'NONE',  ( 0.0000000000000000000, 0.0000000000000000000, -1.000000000000000000 ) ) ;
#8961 = LINE ( 'NONE', #5655, #2267 ) ;
#8962 = FACE_OUTER_BOUND ( 'NONE', #3232, .T. ) ;
#8963 = CARTESIAN_POINT ( 'NONE',  ( -7.008383239286827937, 13.10321386098472374, 1.199999999999999956 ) ) ;
#8964 = LINE ( 'NONE', #1271, #1592 ) ;
#8965 = LINE ( 'NONE', #4755, #8869 ) ;
#8966 = CARTESIAN_POINT ( 'NONE',  ( -9.653154305163530680, 14.90986208431521298, 1.209999999999999964 ) ) ;
#8967 = ADVANCED_FACE ( 'NONE', ( #169 ), #10142, .F. ) ;
#8968 = CARTESIAN_POINT ( 'NONE',  ( 0.0000000000000000000, 0.0000000000000000000, 1.199999999999999956 ) ) ;
#8969 = FACE_OUTER_BOUND ( 'NONE', #553, .T. ) ;
#8970 = ORIENTED_EDGE ( 'NONE', *, *, #10622, .F. ) ;
#8971 = CARTESIAN_POINT ( 'NONE',  ( 5.079999999999998295, 13.97999999999999332, 0.0000000000000000000 ) ) ;
#8972 = CARTESIAN_POINT ( 'NONE',  ( -5.724455505617483730, 13.97938319846743838, 1.199999999999999956 ) ) ;
#8973 = DIRECTION ( 'NONE',  ( 0.0000000000000000000, 0.0000000000000000000, 1.000000000000000000 ) ) ;
#8974 = ADVANCED_FACE ( 'NONE', ( #2812 ), #6227, .F. ) ;
#8975 = CARTESIAN_POINT ( 'NONE',  ( -7.098495592033263080, 15.00666401979160547, 1.209999999999999964 ) ) ;
#8976 = CARTESIAN_POINT ( 'NONE',  ( 5.079999999999999183, 16.01999999999999957, 0.0000000000000000000 ) ) ;
#8977 = CARTESIAN_POINT ( 'NONE',  ( -7.975358101461707427, 14.89125089107794153, 1.209999999999999964 ) ) ;
#8978 = ORIENTED_EDGE ( 'NONE', *, *, #2160, .T. ) ;
#8979 = CARTESIAN_POINT ( 'NONE',  ( 9.030000000000034888, 6.490000000000215152, 0.0000000000000000000 ) ) ;
#8980 = B_SPLINE_SURFACE_WITH_KNOTS ( 'NONE', 3, 1, ( 
 ( #1904, #3592 ),
 ( #10282, #7821 ),
 ( #6981, #2625 ),
 ( #10395, #2730 ) ),
 .UNSPECIFIED., .F., .F., .F.,
 ( 4, 4 ),
 ( 2, 2 ),
 ( 5.000000000000000000, 6.000000000000000000 ),
 ( 0.0000000000000000000, 1.000000000000000000 ),
 .UNSPECIFIED. ) ;
#8981 = CARTESIAN_POINT ( 'NONE',  ( -6.965059992772179243, 13.33230718854889219, 1.209999999999999964 ) ) ;
#8982 = FACE_OUTER_BOUND ( 'NONE', #10264, .T. ) ;
#8983 = CARTESIAN_POINT ( 'NONE',  ( 14.71000000000000085, -4.099999999999998757, 2.600000000000000533 ) ) ;
#8984 = DIRECTION ( 'NONE',  ( -1.000000000000000000, -0.0000000000000000000, -0.0000000000000000000 ) ) ;
#8985 = DIRECTION ( 'NONE',  ( 0.0000000000000000000, -1.000000000000000000, -0.0000000000000000000 ) ) ;
#8986 = ADVANCED_FACE ( 'NONE', ( #7165 ), #10535, .F. ) ;
#8987 = CARTESIAN_POINT ( 'NONE',  ( -13.71000000000000085, -4.099999999999998757, 2.700000000000000178 ) ) ;
#8988 = DIRECTION ( 'NONE',  ( 0.0000000000000000000, 0.0000000000000000000, -1.000000000000000000 ) ) ;
#8989 = AXIS2_PLACEMENT_3D ( 'NONE', #10101, #10886, #11054 ) ;
#8990 = EDGE_LOOP ( 'NONE', ( #4738, #5701, #4960, #2484, #3038, #950, #3888, #5777 ) ) ;
#8991 = ORIENTED_EDGE ( 'NONE', *, *, #2949, .T. ) ;
#8992 = CARTESIAN_POINT ( 'NONE',  ( -9.031379932137193478, 13.83501179552870219, 1.199999999999999956 ) ) ;
#8993 = VERTEX_POINT ( 'NONE', #1226 ) ;
#8994 = DIRECTION ( 'NONE',  ( 0.0000000000000000000, 0.0000000000000000000, -1.000000000000000000 ) ) ;
#8995 = CARTESIAN_POINT ( 'NONE',  ( -9.479635918243198844, 13.34337612075921520, 1.209999999999999964 ) ) ;
#8996 = B_SPLINE_CURVE_WITH_KNOTS ( 'NONE', 3,
 ( #2768, #6185, #120, #3574 ),
 .UNSPECIFIED., .F., .F.,
 ( 4, 4 ),
 ( 3.000000000000000000, 4.000000000000000000 ),
 .UNSPECIFIED. ) ;
#8997 = ADVANCED_FACE ( 'NONE', ( #6281 ), #5409, .F. ) ;
#8998 = ADVANCED_FACE ( 'NONE', ( #1985 ), #4547, .F. ) ;
#8999 = VERTEX_POINT ( 'NONE', #3827 ) ;
#9000 = DIRECTION ( 'NONE',  ( 0.0000000000000000000, 1.000000000000000000, 0.0000000000000000000 ) ) ;
#9001 = EDGE_CURVE ( 'NONE', #10557, #10906, #7220, .T. ) ;
#9002 = ORIENTED_EDGE ( 'NONE', *, *, #3863, .F. ) ;
#9003 = DIRECTION ( 'NONE',  ( 0.0000000000000000000, 0.0000000000000000000, -1.000000000000000000 ) ) ;
#9004 = ORIENTED_EDGE ( 'NONE', *, *, #9880, .T. ) ;
#9005 = DIRECTION ( 'NONE',  ( 1.000000000000000000, -0.0000000000000000000, -0.0000000000000000000 ) ) ;
#9006 = CARTESIAN_POINT ( 'NONE',  ( -10.63642556276681717, 15.26653894730228700, 1.199999999999999956 ) ) ;
#9007 = ORIENTED_EDGE ( 'NONE', *, *, #1970, .T. ) ;
#9008 = DIRECTION ( 'NONE',  ( 1.000000000000000000, 0.0000000000000000000, 0.0000000000000000000 ) ) ;
#9009 = ORIENTED_EDGE ( 'NONE', *, *, #2103, .F. ) ;
#9010 = DIRECTION ( 'NONE',  ( 1.000000000000000000, 0.0000000000000000000, 0.0000000000000000000 ) ) ;
#9011 = VECTOR ( 'NONE', #7894, 1000.000000000000000 ) ;
#9012 = LINE ( 'NONE', #8058, #4240 ) ;
#9013 = PLANE ( 'NONE',  #4058 ) ;
#9014 = ADVANCED_FACE ( 'NONE', ( #9912 ), #10857, .F. ) ;
#9015 = CARTESIAN_POINT ( 'NONE',  ( -7.824246617622566013, 13.75756817632308326, 1.199999999999999956 ) ) ;
#9017 = CARTESIAN_POINT ( 'NONE',  ( 0.0000000000000000000, 13.97999999999999332, -2.500000000000000000 ) ) ;
#9016 = CIRCLE ( 'NONE', #4897, 0.4000000000000001887 ) ;
#9018 = ORIENTED_EDGE ( 'NONE', *, *, #7112, .T. ) ;
#9019 = LINE ( 'NONE', #1327, #2607 ) ;
#9020 = CARTESIAN_POINT ( 'NONE',  ( -8.111566388498816949, 13.40855610241303886, 1.209999999999999964 ) ) ;
#9021 = CARTESIAN_POINT ( 'NONE',  ( -7.583369367008716999, 14.43479716581743411, 1.199999999999999956 ) ) ;
#9022 = EDGE_LOOP ( 'NONE', ( #8750, #4870, #6446, #5804 ) ) ;
#9023 = DIRECTION ( 'NONE',  ( 1.000000000000000000, 0.0000000000000000000, 0.0000000000000000000 ) ) ;
#9024 = ORIENTED_EDGE ( 'NONE', *, *, #7965, .T. ) ;
#9025 = B_SPLINE_CURVE_WITH_KNOTS ( 'NONE', 3,
 ( #7941, #8742, #376, #7891 ),
 .UNSPECIFIED., .F., .F.,
 ( 4, 4 ),
 ( 9.000000000000000000, 10.00000000000000000 ),
 .UNSPECIFIED. ) ;
#9026 = B_SPLINE_CURVE_WITH_KNOTS ( 'NONE', 3,
 ( #7265, #6430, #10681, #6373 ),
 .UNSPECIFIED., .F., .F.,
 ( 4, 4 ),
 ( 3.000000000000000000, 4.000000000000000000 ),
 .UNSPECIFIED. ) ;
#9027 = VECTOR ( 'NONE', #4629, 1000.000000000000000 ) ;
#9028 = FACE_OUTER_BOUND ( 'NONE', #2334, .T. ) ;
#9029 = FACE_OUTER_BOUND ( 'NONE', #3295, .T. ) ;
#9030 = PLANE ( 'NONE',  #7478 ) ;
#9031 = ORIENTED_EDGE ( 'NONE', *, *, #10435, .F. ) ;
#9032 = DIRECTION ( 'NONE',  ( -1.000000000000000000, 0.0000000000000000000, 0.0000000000000000000 ) ) ;
#9033 = CARTESIAN_POINT ( 'NONE',  ( -6.175883734288179383, 14.66874269699015443, 1.199999999999999956 ) ) ;
#9034 = VECTOR ( 'NONE', #7616, 1000.000000000000000 ) ;
#9035 = EDGE_LOOP ( 'NONE', ( #528, #10556 ) ) ;
#9036 = VERTEX_POINT ( 'NONE', #2195 ) ;
#9037 = DIRECTION ( 'NONE',  ( -0.0000000000000000000, -0.0000000000000000000, -1.000000000000000000 ) ) ;
#9038 = ORIENTED_EDGE ( 'NONE', *, *, #5264, .F. ) ;
#9039 = B_SPLINE_CURVE_WITH_KNOTS ( 'NONE', 3,
 ( #1047, #4475, #7886, #10667 ),
 .UNSPECIFIED., .F., .F.,
 ( 4, 4 ),
 ( 24.00000000000000000, 25.00000000000000000 ),
 .UNSPECIFIED. ) ;
#9040 = CARTESIAN_POINT ( 'NONE',  ( -11.00274233103350952, 15.07856061052913077, 1.209999999999999964 ) ) ;
#9041 = CARTESIAN_POINT ( 'NONE',  ( 0.8700000000000002176, 14.75000000000000178, -7.100000000000000533 ) ) ;
#9042 = DIRECTION ( 'NONE',  ( 1.000000000000000000, 0.0000000000000000000, 0.0000000000000000000 ) ) ;
#9043 = CARTESIAN_POINT ( 'NONE',  ( -11.21482043099647541, 14.86648248758512558, 1.199999999999999956 ) ) ;
#9044 = CARTESIAN_POINT ( 'NONE',  ( -11.06540183025160751, 13.29999624822893800, 1.209999999999999964 ) ) ;
#9045 = CARTESIAN_POINT ( 'NONE',  ( -8.030291978040246192, 13.46089058420139750, 1.199999999999999956 ) ) ;
#9046 = VERTEX_POINT ( 'NONE', #5614 ) ;
#9047 = DIRECTION ( 'NONE',  ( -1.000000000000000000, 0.0000000000000000000, 0.0000000000000000000 ) ) ;
#9048 = ORIENTED_EDGE ( 'NONE', *, *, #364, .F. ) ;
#9049 = VERTEX_POINT ( 'NONE', #6607 ) ;
#9050 = CIRCLE ( 'NONE', #4224, 0.4000000000000001887 ) ;
#9051 = FACE_OUTER_BOUND ( 'NONE', #1979, .T. ) ;
#9052 = LINE ( 'NONE', #6514, #9065 ) ;
#9053 = ADVANCED_FACE ( 'NONE', ( #9029 ), #2359, .F. ) ;
#9054 = VERTEX_POINT ( 'NONE', #2307 ) ;
#9055 = CARTESIAN_POINT ( 'NONE',  ( -7.927875823281901546, 14.94185244300777349, 1.199999999999999956 ) ) ;
#9056 = AXIS2_PLACEMENT_3D ( 'NONE', #3353, #1902, #3589 ) ;
#9057 = ORIENTED_EDGE ( 'NONE', *, *, #5116, .T. ) ;
#9058 = CARTESIAN_POINT ( 'NONE',  ( -7.921637275784168430, 13.52916802070236280, 1.199999999999999956 ) ) ;
#9059 = ORIENTED_EDGE ( 'NONE', *, *, #9674, .T. ) ;
#9060 = CARTESIAN_POINT ( 'NONE',  ( -5.072353999104488587, 13.51669092570689301, 1.209999999999999964 ) ) ;
#9061 = CARTESIAN_POINT ( 'NONE',  ( -7.964032430152203190, -8.672079492129114442, -1.000000000000000000 ) ) ;
#9062 = DIRECTION ( 'NONE',  ( 0.0000000000000000000, 1.000000000000000000, 0.0000000000000000000 ) ) ;
#9063 = ORIENTED_EDGE ( 'NONE', *, *, #6868, .T. ) ;
#9064 = EDGE_CURVE ( 'NONE', #1431, #5358, #1336, .T. ) ;
#9065 = VECTOR ( 'NONE', #7307, 1000.000000000000000 ) ;
#9066 = EDGE_CURVE ( 'NONE', #5837, #1235, #7976, .T. ) ;
#9067 = EDGE_LOOP ( 'NONE', ( #5298, #9007, #7770, #5589 ) ) ;
#9068 = CARTESIAN_POINT ( 'NONE',  ( 1.270000000000000240, 14.75000000000000178, 1.600000000000000089 ) ) ;
#9069 = CARTESIAN_POINT ( 'NONE',  ( -7.758915161881168032, 13.75756817632308326, 1.199999999999999956 ) ) ;
#9070 = CARTESIAN_POINT ( 'NONE',  ( 1.270000000000000240, 14.75000000000000178, -2.500000000000000444 ) ) ;
#9071 = VECTOR ( 'NONE', #8571, 1000.000000000000000 ) ;
#9072 = EDGE_CURVE ( 'NONE', #3314, #1553, #6550, .T. ) ;
#9073 = PLANE ( 'NONE',  #8202 ) ;
#9074 = VECTOR ( 'NONE', #7862, 1000.000000000000227 ) ;
#9075 = DIRECTION ( 'NONE',  ( 0.0000000000000000000, 0.0000000000000000000, -1.000000000000000000 ) ) ;
#9076 = CARTESIAN_POINT ( 'NONE',  ( -7.471248805033219753, 13.78806774186596584, 1.199999999999999956 ) ) ;
#9077 = B_SPLINE_SURFACE_WITH_KNOTS ( 'NONE', 3, 1, ( 
 ( #10263, #8770 ),
 ( #2604, #6024 ),
 ( #4345, #1884 ),
 ( #8712, #1939 ) ),
 .UNSPECIFIED., .F., .F., .F.,
 ( 4, 4 ),
 ( 2, 2 ),
 ( 19.00000000000000000, 20.00000000000000000 ),
 ( 0.0000000000000000000, 1.000000000000000000 ),
 .UNSPECIFIED. ) ;
#9078 = CARTESIAN_POINT ( 'NONE',  ( -11.06540173831820972, 14.51462587601447041, 1.199999999999999956 ) ) ;
#9079 = ORIENTED_EDGE ( 'NONE', *, *, #2780, .T. ) ;
#9080 = CARTESIAN_POINT ( 'NONE',  ( -7.293623494328188350, 13.48861746196599931, 1.209999999999999964 ) ) ;
#9081 = VERTEX_POINT ( 'NONE', #6490 ) ;
#9082 = EDGE_CURVE ( 'NONE', #3832, #3849, #7569, .T. ) ;
#9083 = ADVANCED_FACE ( 'NONE', ( #496 ), #9088, .T. ) ;
#9084 = EDGE_CURVE ( 'NONE', #7483, #2827, #9198, .T. ) ;
#9085 = VECTOR ( 'NONE', #10328, 1000.000000000000000 ) ;
#9086 = DIRECTION ( 'NONE',  ( -0.0000000000000000000, -0.0000000000000000000, -1.000000000000000000 ) ) ;
#9087 = CARTESIAN_POINT ( 'NONE',  ( -6.107259711810919534, 15.08464586351430547, 1.209999999999999964 ) ) ;
#9089 = CARTESIAN_POINT ( 'NONE',  ( -11.90407441676186373, 13.56991414758934589, 1.209999999999999964 ) ) ;
#9088 = PLANE ( 'NONE',  #240 ) ;
#9090 = CARTESIAN_POINT ( 'NONE',  ( -6.500000000000000000, -14.83447752647037987, 0.6486003279100314156 ) ) ;
#9091 = EDGE_LOOP ( 'NONE', ( #8472, #3059, #8529, #9185 ) ) ;
#9092 = CARTESIAN_POINT ( 'NONE',  ( -7.927702530296055095, 15.06281094727342840, 1.199999999999999956 ) ) ;
#9093 = CARTESIAN_POINT ( 'NONE',  ( -7.726162787517545816, 13.33126743063374597, 1.209999999999999964 ) ) ;
#9094 = VECTOR ( 'NONE', #6413, 1000.000000000000000 ) ;
#9095 = VERTEX_POINT ( 'NONE', #4876 ) ;
#9096 = CARTESIAN_POINT ( 'NONE',  ( -9.036199815826943649, 14.29290754900961602, 1.199999999999999956 ) ) ;
#9097 = ORIENTED_EDGE ( 'NONE', *, *, #8106, .T. ) ;
#9098 = CARTESIAN_POINT ( 'NONE',  ( -7.438149844697894864, 13.67300119912862044, 1.209999999999999964 ) ) ;
#9099 = AXIS2_PLACEMENT_3D ( 'NONE', #2671, #973, #4399 ) ;
#9100 = CARTESIAN_POINT ( 'NONE',  ( -11.32567941063441452, 14.87612239286012894, 1.199999999999999956 ) ) ;
#9101 = CARTESIAN_POINT ( 'NONE',  ( -11.51365772442191471, 13.66149340860838279, 1.209999999999999964 ) ) ;
#9102 = CARTESIAN_POINT ( 'NONE',  ( -8.030291978040246192, 13.55134952291955663, 1.209999999999999964 ) ) ;
#9103 = CARTESIAN_POINT ( 'NONE',  ( -7.854746183167766738, 13.38949387394582935, 1.209999999999999964 ) ) ;
#9104 = CARTESIAN_POINT ( 'NONE',  ( -9.744733566180256545, 14.37484685878232860, 1.199999999999999956 ) ) ;
#9105 = LINE ( 'NONE', #4953, #6002 ) ;
#9106 = ORIENTED_EDGE ( 'NONE', *, *, #5428, .T. ) ;
#9107 = CARTESIAN_POINT ( 'NONE',  ( -7.993033986039764116, 14.99626644062642633, 1.209999999999999964 ) ) ;
#9108 = VERTEX_POINT ( 'NONE', #10748 ) ;
#9109 = VECTOR ( 'NONE', #3088, 1000.000000000000000 ) ;
#9110 = ORIENTED_EDGE ( 'NONE', *, *, #6923, .F. ) ;
#9111 = ADVANCED_FACE ( 'NONE', ( #10867 ), #3089, .F. ) ;
#9112 = EDGE_CURVE ( 'NONE', #632, #6082, #8119, .T. ) ;
#9113 = CARTESIAN_POINT ( 'NONE',  ( -7.419607495190570390, 13.64735383719431283, 1.199999999999999956 ) ) ;
#9114 = ORIENTED_EDGE ( 'NONE', *, *, #5407, .F. ) ;
#9115 = AXIS2_PLACEMENT_3D ( 'NONE', #6065, #6893, #3709 ) ;
#9116 = EDGE_LOOP ( 'NONE', ( #2687, #2110, #1162, #3967, #7031, #10250, #4971, #10686, #3490, #10295, #10401, #3845 ) ) ;
#9117 = EDGE_CURVE ( 'NONE', #4886, #3448, #4099, .T. ) ;
#9118 = CARTESIAN_POINT ( 'NONE',  ( -9.233818172791853129, 14.54836533763605821, 1.209999999999999964 ) ) ;
#9119 = DIRECTION ( 'NONE',  ( 0.0000000000000000000, 0.0000000000000000000, 1.000000000000000000 ) ) ;
#9120 = ORIENTED_EDGE ( 'NONE', *, *, #10811, .T. ) ;
#9121 = FACE_OUTER_BOUND ( 'NONE', #5944, .T. ) ;
#9122 = ORIENTED_EDGE ( 'NONE', *, *, #8052, .F. ) ;
#9123 = CARTESIAN_POINT ( 'NONE',  ( -6.768545746588097600, 14.40672370207652442, 1.209999999999999964 ) ) ;
#9124 = DIRECTION ( 'NONE',  ( -0.0000000000000000000, -0.0000000000000000000, -1.000000000000000000 ) ) ;
#9125 = ORIENTED_EDGE ( 'NONE', *, *, #5838, .F. ) ;
#9126 = B_SPLINE_CURVE_WITH_KNOTS ( 'NONE', 3,
 ( #3870, #2240, #8162, #6478 ),
 .UNSPECIFIED., .F., .F.,
 ( 4, 4 ),
 ( 3.000000000000000000, 4.000000000000000000 ),
 .UNSPECIFIED. ) ;
#9127 = CARTESIAN_POINT ( 'NONE',  ( -8.476174831154338563, 15.08464586351430547, 1.199999999999999956 ) ) ;
#9128 = CIRCLE ( 'NONE', #5724, 0.4000000000000001887 ) ;
#9129 = DIRECTION ( 'NONE',  ( 1.000000000000000000, 0.0000000000000000000, 0.0000000000000000000 ) ) ;
#9130 = CARTESIAN_POINT ( 'NONE',  ( -5.646127075927692474, 13.76103403604481556, 1.209999999999999964 ) ) ;
#9131 = ORIENTED_EDGE ( 'NONE', *, *, #4882, .T. ) ;
#9132 = VECTOR ( 'NONE', #3152, 1000.000000000000000 ) ;
#9133 = ADVANCED_FACE ( 'NONE', ( #2976 ), #6385, .F. ) ;
#9134 = CARTESIAN_POINT ( 'NONE',  ( -6.511205662297182784, 13.71424492980840348, 1.209999999999999964 ) ) ;
#9135 = ORIENTED_EDGE ( 'NONE', *, *, #975, .T. ) ;
#9136 = LINE ( 'NONE', #8225, #6887 ) ;
#9137 = ADVANCED_FACE ( 'NONE', ( #435 ), #6652, .F. ) ;
#9138 = CARTESIAN_POINT ( 'NONE',  ( -7.854746183167766738, 13.38949387394582935, 1.199999999999999956 ) ) ;
#9139 = LINE ( 'NONE', #1451, #8003 ) ;
#9140 = PLANE ( 'NONE',  #5075 ) ;
#9141 = ADVANCED_FACE ( 'NONE', ( #7612 ), #6714, .F. ) ;
#9142 = CARTESIAN_POINT ( 'NONE',  ( -7.257751846216843106, 13.81960706532859540, 1.199999999999999956 ) ) ;
#9143 = EDGE_CURVE ( 'NONE', #6164, #2194, #777, .T. ) ;
#9145 = CARTESIAN_POINT ( 'NONE',  ( -7.758395282923619796, 14.47326820871890973, 1.209999999999999964 ) ) ;
#9144 = CARTESIAN_POINT ( 'NONE',  ( -5.670907972932727859, 13.82480585490889879, 1.199999999999999956 ) ) ;
#9146 = DIRECTION ( 'NONE',  ( 1.000000000000000000, 0.0000000000000000000, 0.0000000000000000000 ) ) ;
#9147 = ORIENTED_EDGE ( 'NONE', *, *, #3182, .T. ) ;
#9148 = CARTESIAN_POINT ( 'NONE',  ( 2.540000000000000036, 16.01999999999999957, 0.0000000000000000000 ) ) ;
#9149 = CARTESIAN_POINT ( 'NONE',  ( -6.500000000000000000, -11.16501158252347636, 1.331180503930323944 ) ) ;
#9150 = VERTEX_POINT ( 'NONE', #9381 ) ;
#9151 = ORIENTED_EDGE ( 'NONE', *, *, #7194, .F. ) ;
#9152 = CARTESIAN_POINT ( 'NONE',  ( -8.146224985709171307, 13.71424492980840348, 1.199999999999999956 ) ) ;
#9153 = DIRECTION ( 'NONE',  ( 0.0000000000000000000, 0.0000000000000000000, 1.000000000000000000 ) ) ;
#9154 = CARTESIAN_POINT ( 'NONE',  ( -5.205096426417552991, 13.88441864211243093, 1.199999999999999956 ) ) ;
#9155 = CARTESIAN_POINT ( 'NONE',  ( -7.098495592033263080, 15.00666401979160547, 1.199999999999999956 ) ) ;
#9156 = CARTESIAN_POINT ( 'NONE',  ( -7.811422936655427307, 13.31983009355342240, 1.199999999999999956 ) ) ;
#9157 = CARTESIAN_POINT ( 'NONE',  ( -6.074507337447292876, 14.95051709230978609, 1.209999999999999964 ) ) ;
#9158 = DIRECTION ( 'NONE',  ( -0.0000000000000000000, 0.0000000000000000000, 1.000000000000000000 ) ) ;
#9159 = VERTEX_POINT ( 'NONE', #3312 ) ;
#9160 = CARTESIAN_POINT ( 'NONE',  ( -5.656351362102395086, 13.91942382529679811, 1.209999999999999964 ) ) ;
#9161 = ORIENTED_EDGE ( 'NONE', *, *, #9916, .F. ) ;
#9162 = DIRECTION ( 'NONE',  ( -0.0000000000000000000, -0.0000000000000000000, 1.000000000000000000 ) ) ;
#9163 = B_SPLINE_CURVE_WITH_KNOTS ( 'NONE', 3,
 ( #3828, #4765, #10868, #9862 ),
 .UNSPECIFIED., .F., .F.,
 ( 4, 4 ),
 ( 33.00000000000000000, 34.00000000000000000 ),
 .UNSPECIFIED. ) ;
#9164 = VERTEX_POINT ( 'NONE', #3377 ) ;
#9165 = VECTOR ( 'NONE', #358, 1000.000000000000227 ) ;
#9166 = B_SPLINE_SURFACE_WITH_KNOTS ( 'NONE', 3, 1, ( 
 ( #3972, #9015 ),
 ( #5656, #6371 ),
 ( #5766, #481 ),
 ( #6592, #7368 ) ),
 .UNSPECIFIED., .F., .F., .F.,
 ( 4, 4 ),
 ( 2, 2 ),
 ( 11.00000000000000000, 12.00000000000000000 ),
 ( 0.0000000000000000000, 1.000000000000000000 ),
 .UNSPECIFIED. ) ;
#9167 = VERTEX_POINT ( 'NONE', #5051 ) ;
#9168 = ORIENTED_EDGE ( 'NONE', *, *, #3086, .F. ) ;
#9169 = LINE ( 'NONE', #4695, #1523 ) ;
#9170 = ORIENTED_EDGE ( 'NONE', *, *, #5176, .T. ) ;
#9171 = CARTESIAN_POINT ( 'NONE',  ( -12.10651261144982982, 13.90249108650084864, 1.209999999999999964 ) ) ;
#9172 = ORIENTED_EDGE ( 'NONE', *, *, #4379, .T. ) ;
#9173 = EDGE_LOOP ( 'NONE', ( #7240, #9691, #5933, #6336 ) ) ;
#9174 = ORIENTED_EDGE ( 'NONE', *, *, #7044, .F. ) ;
#9175 = AXIS2_PLACEMENT_3D ( 'NONE', #4633, #3793, #2378 ) ;
#9176 = FACE_OUTER_BOUND ( 'NONE', #671, .T. ) ;
#9177 = EDGE_LOOP ( 'NONE', ( #8026, #4854, #1897, #9059 ) ) ;
#9178 = EDGE_CURVE ( 'NONE', #5526, #3169, #5198, .T. ) ;
#9179 = DIRECTION ( 'NONE',  ( -0.0000000000000000000, -0.0000000000000000000, -1.000000000000000000 ) ) ;
#9180 = DIRECTION ( 'NONE',  ( 0.0000000000000000000, 0.0000000000000000000, 1.000000000000000000 ) ) ;
#9181 = EDGE_CURVE ( 'NONE', #3502, #5687, #7942, .T. ) ;
#9182 = DIRECTION ( 'NONE',  ( -0.0000000000000000000, -1.000000000000000000, -0.0000000000000000000 ) ) ;
#9183 = ORIENTED_EDGE ( 'NONE', *, *, #9346, .F. ) ;
#9184 = CARTESIAN_POINT ( 'NONE',  ( -7.923716791616747024, 13.31983009355342240, 1.199999999999999956 ) ) ;
#9185 = ORIENTED_EDGE ( 'NONE', *, *, #10758, .T. ) ;
#9186 = PLANE ( 'NONE',  #7776 ) ;
#9187 = CARTESIAN_POINT ( 'NONE',  ( -6.965059992772179243, 13.33230718854889219, 1.209999999999999964 ) ) ;
#9188 = AXIS2_PLACEMENT_3D ( 'NONE', #9347, #8666, #1656 ) ;
#9189 = ORIENTED_EDGE ( 'NONE', *, *, #10223, .F. ) ;
#9190 = CARTESIAN_POINT ( 'NONE',  ( 6.500000000000000000, -14.83447752647037987, 0.6486003279100314156 ) ) ;
#9191 = ORIENTED_EDGE ( 'NONE', *, *, #5176, .F. ) ;
#9192 = EDGE_CURVE ( 'NONE', #2279, #9897, #5050, .T. ) ;
#9193 = B_SPLINE_CURVE_WITH_KNOTS ( 'NONE', 3,
 ( #6816, #10222, #5265, #5088 ),
 .UNSPECIFIED., .F., .F.,
 ( 4, 4 ),
 ( 4.000000000000000000, 5.000000000000000000 ),
 .UNSPECIFIED. ) ;
#9194 = FACE_BOUND ( 'NONE', #5411, .T. ) ;
#9195 = ORIENTED_EDGE ( 'NONE', *, *, #234, .T. ) ;
#9196 = VECTOR ( 'NONE', #6128, 1000.000000000000000 ) ;
#9197 = B_SPLINE_CURVE_WITH_KNOTS ( 'NONE', 3,
 ( #4014, #7410, #3859, #9891 ),
 .UNSPECIFIED., .F., .F.,
 ( 4, 4 ),
 ( 12.00000000000000000, 13.00000000000000000 ),
 .UNSPECIFIED. ) ;
#9199 = DIRECTION ( 'NONE',  ( -0.9910683662997862298, -0.1333547648937705166, 0.0000000000000000000 ) ) ;
#9198 = LINE ( 'NONE', #8234, #409 ) ;
#9200 = LINE ( 'NONE', #5896, #4463 ) ;
#9201 = ORIENTED_EDGE ( 'NONE', *, *, #5826, .T. ) ;
#9202 = CARTESIAN_POINT ( 'NONE',  ( -7.844695189976623517, 15.09608320059462017, 1.199999999999999956 ) ) ;
#9203 = CARTESIAN_POINT ( 'NONE',  ( -6.923123090146659386, 13.41167537615842775, 1.199999999999999956 ) ) ;
#9204 = EDGE_CURVE ( 'NONE', #1520, #2574, #6777, .T. ) ;
#9205 = EDGE_CURVE ( 'NONE', #774, #7, #11052, .T. ) ;
#9206 = ORIENTED_EDGE ( 'NONE', *, *, #4888, .F. ) ;
#9207 = ORIENTED_EDGE ( 'NONE', *, *, #8487, .F. ) ;
#9208 = CARTESIAN_POINT ( 'NONE',  ( -7.447680958929176143, 15.08464586351430547, 1.199999999999999956 ) ) ;
#9209 = EDGE_CURVE ( 'NONE', #724, #2987, #6835, .T. ) ;
#9210 = ADVANCED_FACE ( 'NONE', ( #5110 ), #3495, .F. ) ;
#9211 = B_SPLINE_CURVE_WITH_KNOTS ( 'NONE', 3,
 ( #5794, #4777, #9215, #510 ),
 .UNSPECIFIED., .F., .F.,
 ( 4, 4 ),
 ( 1.000000000000000000, 2.000000000000000000 ),
 .UNSPECIFIED. ) ;
#9212 = CARTESIAN_POINT ( 'NONE',  ( -7.743145500149867466, 15.01706159895216786, 1.209999999999999964 ) ) ;
#9213 = CARTESIAN_POINT ( 'NONE',  ( -11.44617834151405411, 13.84465183870841720, 1.209999999999999964 ) ) ;
#9214 = DIRECTION ( 'NONE',  ( 0.0000000000000000000, 1.000000000000000000, 1.181863725182121763E-16 ) ) ;
#9215 = CARTESIAN_POINT ( 'NONE',  ( -7.868263036080666240, 14.39528636499620617, 1.209999999999999964 ) ) ;
#9216 = VECTOR ( 'NONE', #4714, 1000.000000000000000 ) ;
#9217 = CARTESIAN_POINT ( 'NONE',  ( -10.87742351646410910, 13.38675562555588883, 1.199999999999999956 ) ) ;
#9218 = CARTESIAN_POINT ( 'NONE',  ( -7.583369367008716999, 14.51867097106845783, 1.199999999999999956 ) ) ;
#9219 = VERTEX_POINT ( 'NONE', #8585 ) ;
#9220 = EDGE_CURVE ( 'NONE', #9036, #3071, #1428, .T. ) ;
#9221 = ORIENTED_EDGE ( 'NONE', *, *, #7734, .T. ) ;
#9222 = CARTESIAN_POINT ( 'NONE',  ( -11.87997449268630135, 14.64476443637584246, 1.199999999999999956 ) ) ;
#9223 = ORIENTED_EDGE ( 'NONE', *, *, #10795, .F. ) ;
#9224 = B_SPLINE_CURVE_WITH_KNOTS ( 'NONE', 3,
 ( #7241, #10558, #9725, #9883 ),
 .UNSPECIFIED., .F., .F.,
 ( 4, 4 ),
 ( 5.000000000000000000, 6.000000000000000000 ),
 .UNSPECIFIED. ) ;
#9225 = CARTESIAN_POINT ( 'NONE',  ( -9.903792118169125303, 13.89767129474679486, 1.209999999999999964 ) ) ;
#9226 = ADVANCED_FACE ( 'NONE', ( #5829 ), #11093, .F. ) ;
#9227 = VECTOR ( 'NONE', #4201, 1000.000000000000000 ) ;
#9228 = EDGE_CURVE ( 'NONE', #9435, #2367, #1819, .T. ) ;
#9229 = ADVANCED_FACE ( 'NONE', ( #8641 ), #9961, .T. ) ;
#9230 = ORIENTED_EDGE ( 'NONE', *, *, #6939, .F. ) ;
#9231 = VERTEX_POINT ( 'NONE', #1060 ) ;
#9232 = CC_DESIGN_SECURITY_CLASSIFICATION ( #1721, ( #6531 ) ) ;
#9233 = ORIENTED_EDGE ( 'NONE', *, *, #10765, .F. ) ;
#9234 = CARTESIAN_POINT ( 'NONE',  ( -11.28711978952518180, 14.87612239286012894, 1.199999999999999956 ) ) ;
#9235 = VERTEX_POINT ( 'NONE', #9551 ) ;
#9236 = FACE_OUTER_BOUND ( 'NONE', #10910, .T. ) ;
#9237 = ORIENTED_EDGE ( 'NONE', *, *, #4752, .T. ) ;
#9238 = CARTESIAN_POINT ( 'NONE',  ( -7.397079407001651674, 13.54407121750439202, 1.209999999999999964 ) ) ;
#9239 = CARTESIAN_POINT ( 'NONE',  ( -15.19999999999999929, -14.25000000000000178, -0.1339798481102603966 ) ) ;
#9240 = VERTEX_POINT ( 'NONE', #8004 ) ;
#9241 = CARTESIAN_POINT ( 'NONE',  ( -6.500000000000000000, -11.16501158252347636, 1.431180503930323589 ) ) ;
#9242 = EDGE_LOOP ( 'NONE', ( #7798, #3268, #4616, #1036 ) ) ;
#9243 = AXIS2_PLACEMENT_3D ( 'NONE', #9963, #7274, #4708 ) ;
#9244 = CIRCLE ( 'NONE', #11024, 0.4000000000000001887 ) ;
#9245 = DIRECTION ( 'NONE',  ( -1.000000000000000000, -0.0000000000000000000, -0.0000000000000000000 ) ) ;
#9246 = CARTESIAN_POINT ( 'NONE',  ( -6.403070839003302872, 14.75434943209973504, 1.209999999999999964 ) ) ;
#9247 = B_SPLINE_SURFACE_WITH_KNOTS ( 'NONE', 3, 1, ( 
 ( #2795, #260 ),
 ( #4647, #9647 ),
 ( #2957, #9795 ),
 ( #6216, #2127 ) ),
 .UNSPECIFIED., .F., .F., .F.,
 ( 4, 4 ),
 ( 2, 2 ),
 ( 11.00000000000000000, 12.00000000000000000 ),
 ( 0.0000000000000000000, 1.000000000000000000 ),
 .UNSPECIFIED. ) ;
#9248 = CARTESIAN_POINT ( 'NONE',  ( -7.104040967587574862, 13.10321386098472374, 1.209999999999999964 ) ) ;
#9249 = ORIENTED_EDGE ( 'NONE', *, *, #9728, .F. ) ;
#9250 = LINE ( 'NONE', #4260, #1237 ) ;
#9251 = ORIENTED_EDGE ( 'NONE', *, *, #3322, .T. ) ;
#9252 = DIRECTION ( 'NONE',  ( -0.0000000000000000000, -0.0000000000000000000, -1.000000000000000000 ) ) ;
#9253 = DIRECTION ( 'NONE',  ( -0.0000000000000000000, -0.0000000000000000000, -1.000000000000000000 ) ) ;
#9254 = EDGE_LOOP ( 'NONE', ( #5493, #7357, #5873, #9490 ) ) ;
#9255 = VECTOR ( 'NONE', #5814, 1000.000000000000000 ) ;
#9256 = VERTEX_POINT ( 'NONE', #3763 ) ;
#9257 = CARTESIAN_POINT ( 'NONE',  ( -7.879353787186951230, 13.82653878477206355, 1.209999999999999964 ) ) ;
#9258 = EDGE_CURVE ( 'NONE', #9565, #10828, #8853, .T. ) ;
#9259 = EDGE_CURVE ( 'NONE', #1079, #6586, #10576, .T. ) ;
#9260 = CARTESIAN_POINT ( 'NONE',  ( 0.0000000000000000000, 0.0000000000000000000, -2.500000000000000000 ) ) ;
#9261 = ORIENTED_EDGE ( 'NONE', *, *, #4432, .F. ) ;
#9262 = AXIS2_PLACEMENT_3D ( 'NONE', #10966, #773, #3305 ) ;
#9263 = CARTESIAN_POINT ( 'NONE',  ( -6.769065625545668041, 14.48401237385580131, 1.209999999999999964 ) ) ;
#9264 = CARTESIAN_POINT ( 'NONE',  ( -8.016428539155645794, 13.38325532644580917, 1.209999999999999964 ) ) ;
#9265 = ORIENTED_EDGE ( 'NONE', *, *, #1779, .F. ) ;
#9266 = CARTESIAN_POINT ( 'NONE',  ( 17.70000000000000284, 16.75000000000000000, 1.199999999999999956 ) ) ;
#9267 = CYLINDRICAL_SURFACE ( 'NONE', #2860, 1.500000000000003109 ) ;
#9268 = EDGE_CURVE ( 'NONE', #5697, #3585, #6270, .T. ) ;
#9269 = ORIENTED_EDGE ( 'NONE', *, *, #6460, .F. ) ;
#9270 = ORIENTED_EDGE ( 'NONE', *, *, #210, .T. ) ;
#9271 = VECTOR ( 'NONE', #10174, 1000.000000000000000 ) ;
#9272 = VECTOR ( 'NONE', #2083, 1000.000000000000000 ) ;
#9273 = CARTESIAN_POINT ( 'NONE',  ( -10.78584416351398900, 13.91695119723481255, 1.209999999999999964 ) ) ;
#9274 = ADVANCED_FACE ( 'NONE', ( #10463 ), #8461, .F. ) ;
#9275 = LINE ( 'NONE', #5180, #8731 ) ;
#9276 = CARTESIAN_POINT ( 'NONE',  ( -11.26783997897056544, 13.97961060451951099, 1.209999999999999964 ) ) ;
#9277 = LINE ( 'NONE', #1167, #9196 ) ;
#9278 = VECTOR ( 'NONE', #1666, 1000.000000000000000 ) ;
#9279 = CARTESIAN_POINT ( 'NONE',  ( -9.744733566180256545, 14.37484685878232860, 1.209999999999999964 ) ) ;
#9280 = AXIS2_PLACEMENT_3D ( 'NONE', #2341, #7739, #2540 ) ;
#9281 = CARTESIAN_POINT ( 'NONE',  ( -5.258297373139829922, 14.00918959207152348, 1.209999999999999964 ) ) ;
#9282 = EDGE_CURVE ( 'NONE', #7864, #7090, #7781, .T. ) ;
#9283 = ORIENTED_EDGE ( 'NONE', *, *, #9563, .F. ) ;
#9284 = CYLINDRICAL_SURFACE ( 'NONE', #938, 1.500000000000003109 ) ;
#9285 = ORIENTED_EDGE ( 'NONE', *, *, #6403, .T. ) ;
#9286 = VERTEX_POINT ( 'NONE', #2745 ) ;
#9287 = DIRECTION ( 'NONE',  ( 0.0000000000000000000, 0.0000000000000000000, -1.000000000000000000 ) ) ;
#9288 = AXIS2_PLACEMENT_3D ( 'NONE', #2774, #2824, #2208 ) ;
#9289 = EDGE_CURVE ( 'NONE', #5002, #1438, #9745, .T. ) ;
#9290 = CARTESIAN_POINT ( 'NONE',  ( -6.909952823207794026, 13.25813779051960850, 1.209999999999999964 ) ) ;
#9291 = ADVANCED_FACE ( 'NONE', ( #2071 ), #3605, .T. ) ;
#9292 = CARTESIAN_POINT ( 'NONE',  ( -7.137486513894618412, 13.18570132234891723, 1.199999999999999956 ) ) ;
#9293 = CARTESIAN_POINT ( 'NONE',  ( -5.835363016694273597, 13.93120774834882880, 1.209999999999999964 ) ) ;
#9294 = ORIENTED_EDGE ( 'NONE', *, *, #2958, .F. ) ;
#9295 = VECTOR ( 'NONE', #6620, 1000.000000000000000 ) ;
#9296 = ORIENTED_EDGE ( 'NONE', *, *, #7068, .F. ) ;
#9297 = CARTESIAN_POINT ( 'NONE',  ( -6.500000000000000000, -14.83447752647037987, -0.03397984811026048824 ) ) ;
#9298 = EDGE_CURVE ( 'NONE', #2706, #1553, #1212, .T. ) ;
#9299 = ORIENTED_EDGE ( 'NONE', *, *, #3733, .F. ) ;
#9300 = CARTESIAN_POINT ( 'NONE',  ( -9.932711788034353617, 13.32891628582545174, 1.209999999999999964 ) ) ;
#9301 = ORIENTED_EDGE ( 'NONE', *, *, #6246, .T. ) ;
#9302 = DIRECTION ( 'NONE',  ( 1.000000000000000000, 0.0000000000000000000, 0.0000000000000000000 ) ) ;
#9303 = ORIENTED_EDGE ( 'NONE', *, *, #2833, .F. ) ;
#9304 = ORIENTED_EDGE ( 'NONE', *, *, #6350, .T. ) ;
#9305 = VECTOR ( 'NONE', #7281, 1000.000000000000000 ) ;
#9306 = LINE ( 'NONE', #1612, #9619 ) ;
#9307 = CARTESIAN_POINT ( 'NONE',  ( -7.641249224351385649, 13.64284821955283711, 1.209999999999999964 ) ) ;
#9308 = CARTESIAN_POINT ( 'NONE',  ( -7.525662802654181860, 13.68478512218066889, 1.209999999999999964 ) ) ;
#9309 = VERTEX_POINT ( 'NONE', #99 ) ;
#9310 = CARTESIAN_POINT ( 'NONE',  ( -7.360168000972892699, 14.71206594350019969, 1.209999999999999964 ) ) ;
#9311 = EDGE_LOOP ( 'NONE', ( #1465, #10813 ) ) ;
#9312 = FACE_OUTER_BOUND ( 'NONE', #5870, .T. ) ;
#9313 = EDGE_CURVE ( 'NONE', #4059, #7229, #7780, .T. ) ;
#9314 = CARTESIAN_POINT ( 'NONE',  ( -6.495089414594157340, 14.66735635309869323, 1.199999999999999956 ) ) ;
#9315 = ORIENTED_EDGE ( 'NONE', *, *, #3111, .T. ) ;
#9316 = VECTOR ( 'NONE', #6081, 1000.000000000000000 ) ;
#9317 = ORIENTED_EDGE ( 'NONE', *, *, #4342, .F. ) ;
#9318 = DIRECTION ( 'NONE',  ( 1.000000000000000000, -0.0000000000000000000, -0.0000000000000000000 ) ) ;
#9319 = PLANE ( 'NONE',  #10322 ) ;
#9320 = ORIENTED_EDGE ( 'NONE', *, *, #1458, .T. ) ;
#9321 = CARTESIAN_POINT ( 'NONE',  ( -5.852172436340742578, 14.40672370207652264, 1.209999999999999964 ) ) ;
#9322 = ORIENTED_EDGE ( 'NONE', *, *, #3311, .T. ) ;
#9323 = B_SPLINE_CURVE_WITH_KNOTS ( 'NONE', 3,
 ( #5462, #9663, #9706, #6331 ),
 .UNSPECIFIED., .F., .F.,
 ( 4, 4 ),
 ( 5.000000000000000000, 6.000000000000000000 ),
 .UNSPECIFIED. ) ;
#9324 = AXIS2_PLACEMENT_3D ( 'NONE', #5101, #883, #10913 ) ;
#9326 = CARTESIAN_POINT ( 'NONE',  ( -6.511205662297182784, 13.71424492980840348, 1.209999999999999964 ) ) ;
#9325 = CARTESIAN_POINT ( 'NONE',  ( 15.19999999999999929, 14.25000000000000178, 0.0000000000000000000 ) ) ;
#9327 = CARTESIAN_POINT ( 'NONE',  ( 13.69999999999999751, -14.25000000000000178, 0.0000000000000000000 ) ) ;
#9328 = EDGE_LOOP ( 'NONE', ( #941, #10300, #9508, #7599 ) ) ;
#9329 = LINE ( 'NONE', #2591, #10267 ) ;
#9330 = EDGE_CURVE ( 'NONE', #7542, #7755, #10045, .T. ) ;
#9331 = VERTEX_POINT ( 'NONE', #1107 ) ;
#9332 = CARTESIAN_POINT ( 'NONE',  ( -7.246661095108242634, 13.56451978985842111, 1.209999999999999964 ) ) ;
#9333 = ORIENTED_EDGE ( 'NONE', *, *, #10148, .T. ) ;
#9334 = DIRECTION ( 'NONE',  ( -1.000000000000000000, -0.0000000000000000000, -0.0000000000000000000 ) ) ;
#9335 = EDGE_CURVE ( 'NONE', #5277, #5610, #6968, .T. ) ;
#9336 = DIRECTION ( 'NONE',  ( 0.0000000000000000000, 0.0000000000000000000, 1.000000000000000000 ) ) ;
#9337 = DIRECTION ( 'NONE',  ( -1.000000000000000000, -0.0000000000000000000, -0.0000000000000000000 ) ) ;
#9338 = CARTESIAN_POINT ( 'NONE',  ( -11.06540183025160751, 13.29999624822893800, 1.209999999999999964 ) ) ;
#9339 = CYLINDRICAL_SURFACE ( 'NONE', #5179, 0.4000000000000001887 ) ;
#9340 = DIRECTION ( 'NONE',  ( 1.000000000000000000, 0.0000000000000000000, 0.0000000000000000000 ) ) ;
#9341 = ORIENTED_EDGE ( 'NONE', *, *, #2732, .T. ) ;
#9342 = DIRECTION ( 'NONE',  ( -1.000000000000000000, -0.0000000000000000000, -0.0000000000000000000 ) ) ;
#9343 = ORIENTED_EDGE ( 'NONE', *, *, #9515, .T. ) ;
#9344 = LINE ( 'NONE', #4007, #5432 ) ;
#9345 = ORIENTED_EDGE ( 'NONE', *, *, #1780, .F. ) ;
#9346 = EDGE_CURVE ( 'NONE', #9784, #9856, #211, .T. ) ;
#9347 = CARTESIAN_POINT ( 'NONE',  ( -6.018533702951326170, 13.93120774834882880, 1.209999999999999964 ) ) ;
#9348 = DIRECTION ( 'NONE',  ( 1.000000000000000000, 0.0000000000000000000, 0.0000000000000000000 ) ) ;
#9349 = CARTESIAN_POINT ( 'NONE',  ( -10.57858613110296098, 13.49279490537085913, 1.209999999999999964 ) ) ;
#9350 = VERTEX_POINT ( 'NONE', #3707 ) ;
#9351 = ORIENTED_EDGE ( 'NONE', *, *, #8320, .T. ) ;
#9352 = EDGE_LOOP ( 'NONE', ( #9414, #8633, #896, #1200 ) ) ;
#9353 = CARTESIAN_POINT ( 'NONE',  ( -7.526182681611753189, 13.34825014326606585, 1.199999999999999956 ) ) ;
#9354 = VERTEX_POINT ( 'NONE', #2852 ) ;
#9355 = CARTESIAN_POINT ( 'NONE',  ( 3.809999999999999609, 14.75000000000000355, 2.000000000000000000 ) ) ;
#9356 = VERTEX_POINT ( 'NONE', #9695 ) ;
#9357 = CARTESIAN_POINT ( 'NONE',  ( -10.57858613110296098, 13.54099447772641263, 1.209999999999999964 ) ) ;
#9358 = EDGE_CURVE ( 'NONE', #7075, #9439, #6166, .T. ) ;
#9359 = ORIENTED_EDGE ( 'NONE', *, *, #7127, .F. ) ;
#9360 = CARTESIAN_POINT ( 'NONE',  ( -5.912651688473564704, 14.00918959207152348, 1.209999999999999964 ) ) ;
#9361 = ORIENTED_EDGE ( 'NONE', *, *, #5072, .F. ) ;
#9362 = CARTESIAN_POINT ( 'NONE',  ( -7.944165363970806304, 13.46782230364024535, 1.209999999999999964 ) ) ;
#9363 = LINE ( 'NONE', #11014, #4412 ) ;
#9364 = ADVANCED_FACE ( 'NONE', ( #4750 ), #3817, .T. ) ;
#9365 = CARTESIAN_POINT ( 'NONE',  ( -6.403070839003302872, 14.75434943209973504, 1.199999999999999956 ) ) ;
#9366 = CARTESIAN_POINT ( 'NONE',  ( -3.039999999999993818, 13.47999999999999865, -2.500000000000000000 ) ) ;
#9367 = ORIENTED_EDGE ( 'NONE', *, *, #2644, .T. ) ;
#9368 = CARTESIAN_POINT ( 'NONE',  ( -11.06540183025160751, 13.29999624822893800, 1.209999999999999964 ) ) ;
#9369 = ORIENTED_EDGE ( 'NONE', *, *, #1994, .F. ) ;
#9370 = DIRECTION ( 'NONE',  ( 0.7071067811865474617, 0.7071067811865474617, -0.0000000000000000000 ) ) ;
#9371 = CARTESIAN_POINT ( 'NONE',  ( 16.99999999999999645, -11.50000000000000000, 2.700000000000000178 ) ) ;
#9372 = CARTESIAN_POINT ( 'NONE',  ( -7.882299767951113090, 13.75756817632308326, 1.209999999999999964 ) ) ;
#9373 = VERTEX_POINT ( 'NONE', #421 ) ;
#9374 = DIRECTION ( 'NONE',  ( -0.3416038306902429156, 0.9398440417738209707, 0.0000000000000000000 ) ) ;
#9375 = CARTESIAN_POINT ( 'NONE',  ( -6.403070839003302872, 14.75434943209973504, 1.199999999999999956 ) ) ;
#9376 = ORIENTED_EDGE ( 'NONE', *, *, #7905, .T. ) ;
#9377 = B_SPLINE_CURVE_WITH_KNOTS ( 'NONE', 3,
 ( #5249, #3573, #7746, #3512 ),
 .UNSPECIFIED., .F., .F.,
 ( 4, 4 ),
 ( 3.000000000000000000, 4.000000000000000000 ),
 .UNSPECIFIED. ) ;
#9378 = DIRECTION ( 'NONE',  ( 1.000000000000000000, -0.0000000000000000000, -0.0000000000000000000 ) ) ;
#9379 = EDGE_CURVE ( 'NONE', #2827, #10325, #4805, .T. ) ;
#9380 = EDGE_CURVE ( 'NONE', #2737, #1113, #7497, .T. ) ;
#9381 = CARTESIAN_POINT ( 'NONE',  ( -0.8699999999999996625, 14.75000000000000178, -7.100000000000000533 ) ) ;
#9383 = CARTESIAN_POINT ( 'NONE',  ( -5.646127075927692474, 13.59190008165592012, 1.209999999999999964 ) ) ;
#9382 = VECTOR ( 'NONE', #4148, 1000.000000000000000 ) ;
#9384 = ORIENTED_EDGE ( 'NONE', *, *, #9967, .T. ) ;
#9385 = DIRECTION ( 'NONE',  ( -0.0000000000000000000, -0.0000000000000000000, -1.000000000000000000 ) ) ;
#9386 = ORIENTED_EDGE ( 'NONE', *, *, #6804, .F. ) ;
#9387 = CARTESIAN_POINT ( 'NONE',  ( -7.337120033828714583, 13.60576352053820592, 1.209999999999999964 ) ) ;
#9388 = EDGE_LOOP ( 'NONE', ( #10771, #2603, #3487, #10544 ) ) ;
#9389 = ORIENTED_EDGE ( 'NONE', *, *, #776, .T. ) ;
#9390 = FACE_OUTER_BOUND ( 'NONE', #3982, .T. ) ;
#9391 = AXIS2_PLACEMENT_3D ( 'NONE', #3881, #2251, #607 ) ;
#9392 = DIRECTION ( 'NONE',  ( 1.000000000000000000, 0.0000000000000000000, 0.0000000000000000000 ) ) ;
#9393 = CARTESIAN_POINT ( 'NONE',  ( 6.500000000000000000, -14.83447752647037987, -0.03397984811026048824 ) ) ;
#9394 = CARTESIAN_POINT ( 'NONE',  ( -7.932554733906918898, 14.54466491897449032, 1.209999999999999964 ) ) ;
#9395 = DIRECTION ( 'NONE',  ( 1.000000000000000000, 0.0000000000000000000, 0.0000000000000000000 ) ) ;
#9396 = DIRECTION ( 'NONE',  ( -0.0000000000000000000, -0.0000000000000000000, 1.000000000000000000 ) ) ;
#9397 = CARTESIAN_POINT ( 'NONE',  ( -6.203610612057373075, 14.59214719715429709, 1.199999999999999956 ) ) ;
#9398 = FACE_OUTER_BOUND ( 'NONE', #3001, .T. ) ;
#9399 = EDGE_LOOP ( 'NONE', ( #5067, #10230, #7502, #9698 ) ) ;
#9400 = VECTOR ( 'NONE', #4386, 1000.000000000000000 ) ;
#9401 = EDGE_LOOP ( 'NONE', ( #5287, #8131, #7039, #9343 ) ) ;
#9402 = CARTESIAN_POINT ( 'NONE',  ( -4.906512611451475436, 13.33126743063374597, 1.209999999999999964 ) ) ;
#9403 = ORIENTED_EDGE ( 'NONE', *, *, #9473, .F. ) ;
#9404 = VERTEX_POINT ( 'NONE', #9849 ) ;
#9405 = EDGE_CURVE ( 'NONE', #1193, #5374, #3107, .T. ) ;
#9406 = CARTESIAN_POINT ( 'NONE',  ( -7.227598866643366371, 13.54303145958927068, 1.199999999999999956 ) ) ;
#9407 = CARTESIAN_POINT ( 'NONE',  ( -17.00000000000000355, -11.50000000000000000, 1.199999999999999956 ) ) ;
#9408 = CARTESIAN_POINT ( 'NONE',  ( -5.554108500327592957, 13.67889316065234517, 1.209999999999999964 ) ) ;
#9409 = CARTESIAN_POINT ( 'NONE',  ( -5.554108500327592957, 13.57387761110385860, 1.199999999999999956 ) ) ;
#9410 = ORIENTED_EDGE ( 'NONE', *, *, #3801, .T. ) ;
#9411 = LINE ( 'NONE', #643, #5121 ) ;
#9412 = ORIENTED_EDGE ( 'NONE', *, *, #8390, .F. ) ;
#9413 = CARTESIAN_POINT ( 'NONE',  ( -12.03421325292343269, 13.71451268077996666, 1.209999999999999964 ) ) ;
#9414 = ORIENTED_EDGE ( 'NONE', *, *, #10665, .T. ) ;
#9415 = DIRECTION ( 'NONE',  ( 0.0000000000000000000, 0.0000000000000000000, -1.000000000000000000 ) ) ;
#9416 = EDGE_CURVE ( 'NONE', #8525, #10077, #4862, .T. ) ;
#9417 = VECTOR ( 'NONE', #7438, 1000.000000000000114 ) ;
#9418 = ORIENTED_EDGE ( 'NONE', *, *, #11088, .T. ) ;
#9419 = LINE ( 'NONE', #1728, #7650 ) ;
#9420 = PLANE ( 'NONE',  #8325 ) ;
#9421 = ORIENTED_EDGE ( 'NONE', *, *, #3229, .T. ) ;
#9422 = DIRECTION ( 'NONE',  ( 0.0000000000000000000, 0.0000000000000000000, 1.000000000000000000 ) ) ;
#9423 = CARTESIAN_POINT ( 'NONE',  ( -7.345438097158998758, 13.75756817632308326, 1.209999999999999964 ) ) ;
#9424 = DIRECTION ( 'NONE',  ( -1.000000000000000000, 0.0000000000000000000, 0.0000000000000000000 ) ) ;
#9425 = EDGE_CURVE ( 'NONE', #5913, #47, #9126, .T. ) ;
#9426 = CARTESIAN_POINT ( 'NONE',  ( -15.19999999999999929, -14.25000000000000178, 0.0000000000000000000 ) ) ;
#9427 = CARTESIAN_POINT ( 'NONE',  ( -7.944165363970806304, 13.46782230364024535, 1.199999999999999956 ) ) ;
#9428 = EDGE_LOOP ( 'NONE', ( #1189, #10603, #1335, #6122, #5155, #644, #3177, #4025, #7725, #4039, #5760, #8465 ) ) ;
#9429 = CARTESIAN_POINT ( 'NONE',  ( -8.388661873198030250, 14.48401237385580131, 1.209999999999999964 ) ) ;
#9430 = DIRECTION ( 'NONE',  ( 0.9409537876827095415, -0.3385350342956584546, 0.0000000000000000000 ) ) ;
#9431 = ORIENTED_EDGE ( 'NONE', *, *, #5264, .T. ) ;
#9432 = ADVANCED_FACE ( 'NONE', ( #537 ), #9166, .F. ) ;
#9433 = EDGE_CURVE ( 'NONE', #7506, #6196, #2426, .T. ) ;
#9434 = DIRECTION ( 'NONE',  ( 0.0000000000000000000, -1.000000000000000000, 0.0000000000000000000 ) ) ;
#9435 = VERTEX_POINT ( 'NONE', #2343 ) ;
#9436 = ORIENTED_EDGE ( 'NONE', *, *, #6464, .T. ) ;
#9437 = LOCAL_TIME ( 16, 8, 52.00000000000000000, #4464 ) ;
#9438 = CARTESIAN_POINT ( 'NONE',  ( -7.447680958929176143, 15.08464586351430547, 1.199999999999999956 ) ) ;
#9439 = VERTEX_POINT ( 'NONE', #1324 ) ;
#9440 = EDGE_CURVE ( 'NONE', #6596, #8534, #4652, .T. ) ;
#9441 = CARTESIAN_POINT ( 'NONE',  ( -10.87742351646410910, 13.48797465394981465, 1.199999999999999956 ) ) ;
#9442 = CARTESIAN_POINT ( 'NONE',  ( -7.293623494328188350, 13.48861746196599931, 1.209999999999999964 ) ) ;
#9443 = ORIENTED_EDGE ( 'NONE', *, *, #8734, .T. ) ;
#9444 = AXIS2_PLACEMENT_3D ( 'NONE', #10505, #3797, #3747 ) ;
#9445 = PLANE ( 'NONE',  #10096 ) ;
#9446 = CARTESIAN_POINT ( 'NONE',  ( -5.724455505617483730, 13.97938319846743838, 1.199999999999999956 ) ) ;
#9447 = EDGE_CURVE ( 'NONE', #3924, #515, #4011, .T. ) ;
#9448 = ADVANCED_FACE ( 'NONE', ( #7262 ), #3022, .T. ) ;
#9449 = ORIENTED_EDGE ( 'NONE', *, *, #7480, .F. ) ;
#9450 = ORIENTED_EDGE ( 'NONE', *, *, #10079, .F. ) ;
#9451 = AXIS2_PLACEMENT_3D ( 'NONE', #6427, #5876, #9180 ) ;
#9452 = CARTESIAN_POINT ( 'NONE',  ( -7.976917738336714692, 14.59249378312600953, 1.209999999999999964 ) ) ;
#9453 = AXIS2_PLACEMENT_3D ( 'NONE', #5599, #587, #9008 ) ;
#9454 = CARTESIAN_POINT ( 'NONE',  ( 7.000000000000000000, -16.75000000000000000, 1.199999999999999956 ) ) ;
#9455 = DIRECTION ( 'NONE',  ( -1.000000000000000000, 0.0000000000000000000, 0.0000000000000000000 ) ) ;
#9456 = CARTESIAN_POINT ( 'NONE',  ( -3.040000000000014690, 16.01999999999999957, 0.0000000000000000000 ) ) ;
#9457 = CARTESIAN_POINT ( 'NONE',  ( -10.41952757911408867, 14.97734151318745610, 1.199999999999999956 ) ) ;
#9458 = DIRECTION ( 'NONE',  ( 1.000000000000000000, -0.0000000000000000000, -0.0000000000000000000 ) ) ;
#9459 = ORIENTED_EDGE ( 'NONE', *, *, #4957, .F. ) ;
#9460 = DIRECTION ( 'NONE',  ( 0.7071067811865574537, -0.7071067811865376918, -0.0000000000000000000 ) ) ;
#9461 = AXIS2_PLACEMENT_3D ( 'NONE', #5122, #10144, #7624 ) ;
#9462 = ORIENTED_EDGE ( 'NONE', *, *, #2758, .T. ) ;
#9463 = VECTOR ( 'NONE', #9037, 1000.000000000000000 ) ;
#9464 = VERTEX_POINT ( 'NONE', #2132 ) ;
#9465 = CARTESIAN_POINT ( 'NONE',  ( -10.18334960104225928, 15.26653894730228700, 1.209999999999999964 ) ) ;
#9466 = EDGE_LOOP ( 'NONE', ( #7063, #11040 ) ) ;
#9467 = VECTOR ( 'NONE', #5143, 1000.000000000000000 ) ;
#9468 = VECTOR ( 'NONE', #5107, 1000.000000000000000 ) ;
#9469 = CARTESIAN_POINT ( 'NONE',  ( 1.270000000000000240, 14.75000000000000178, 1.600000000000000089 ) ) ;
#9470 = DIRECTION ( 'NONE',  ( -1.000000000000000000, 0.0000000000000000000, 0.0000000000000000000 ) ) ;
#9471 = CARTESIAN_POINT ( 'NONE',  ( -7.227598866643366371, 13.54303145958927068, 1.209999999999999964 ) ) ;
#9472 = CARTESIAN_POINT ( 'NONE',  ( -10.63642556276681717, 15.26653894730228700, 1.199999999999999956 ) ) ;
#9473 = EDGE_CURVE ( 'NONE', #4697, #4278, #5802, .T. ) ;
#9474 = EDGE_LOOP ( 'NONE', ( #6954, #2007, #5619, #7428 ) ) ;
#9475 = CARTESIAN_POINT ( 'NONE',  ( -9.094039339421883028, 13.67113317598326638, 1.209999999999999964 ) ) ;
#9476 = CYLINDRICAL_SURFACE ( 'NONE', #4771, 0.4000000000000001887 ) ;
#9477 = CIRCLE ( 'NONE', #4792, 0.4000000000000001887 ) ;
#9478 = CARTESIAN_POINT ( 'NONE',  ( -7.137486513894619300, 13.18570132234891723, 1.209999999999999964 ) ) ;
#9479 = CARTESIAN_POINT ( 'NONE',  ( -5.099387704925637976, 13.59328642554276456, 1.209999999999999964 ) ) ;
#9480 = ORIENTED_EDGE ( 'NONE', *, *, #7611, .T. ) ;
#9481 = DIRECTION ( 'NONE',  ( -0.0000000000000000000, 1.000000000000000000, -0.0000000000000000000 ) ) ;
#9482 = CARTESIAN_POINT ( 'NONE',  ( -6.070348305782141018, 14.96160784341838657, 1.199999999999999956 ) ) ;
#9483 = LINE ( 'NONE', #8626, #10311 ) ;
#9484 = CIRCLE ( 'NONE', #138, 1.500000000000003109 ) ;
#9485 = LINE ( 'NONE', #10344, #7574 ) ;
#9486 = LINE ( 'NONE', #10400, #2323 ) ;
#9487 = LINE ( 'NONE', #1741, #2414 ) ;
#9488 = DIRECTION ( 'NONE',  ( 0.3315284183504020876, 0.9434452330824936173, -0.0000000000000000000 ) ) ;
#9489 = ORIENTED_EDGE ( 'NONE', *, *, #1576, .F. ) ;
#9490 = ORIENTED_EDGE ( 'NONE', *, *, #6318, .T. ) ;
#9491 = LINE ( 'NONE', #6265, #10774 ) ;
#9492 = ORIENTED_EDGE ( 'NONE', *, *, #4468, .T. ) ;
#9493 = ORIENTED_EDGE ( 'NONE', *, *, #1738, .F. ) ;
#9494 = CIRCLE ( 'NONE', #3388, 1.500000000000003109 ) ;
#9495 = CARTESIAN_POINT ( 'NONE',  ( 4.580000000000006288, 13.47999999999999865, -2.500000000000000000 ) ) ;
#9496 = ORIENTED_EDGE ( 'NONE', *, *, #7849, .T. ) ;
#9497 = CARTESIAN_POINT ( 'NONE',  ( -7.726162787517545816, 13.52778167681551480, 1.209999999999999964 ) ) ;
#9498 = EDGE_CURVE ( 'NONE', #5729, #11006, #9954, .T. ) ;
#9499 = ADVANCED_FACE ( 'NONE', ( #5710 ), #1446, .F. ) ;
#9501 = CYLINDRICAL_SURFACE ( 'NONE', #866, 1.000000000000000888 ) ;
#9500 = CARTESIAN_POINT ( 'NONE',  ( -7.982982992848596027, 13.69899514703465115, 1.199999999999999956 ) ) ;
#9502 = VECTOR ( 'NONE', #3313, 1000.000000000000114 ) ;
#9503 = FACE_BOUND ( 'NONE', #9614, .T. ) ;
#9504 = ORIENTED_EDGE ( 'NONE', *, *, #4163, .F. ) ;
#9505 = CARTESIAN_POINT ( 'NONE',  ( -11.87997449268630135, 14.64476443637584246, 1.199999999999999956 ) ) ;
#9506 = PLANE ( 'NONE',  #8951 ) ;
#9507 = EDGE_LOOP ( 'NONE', ( #9597, #8505, #6862 ) ) ;
#9508 = ORIENTED_EDGE ( 'NONE', *, *, #2413, .F. ) ;
#9509 = EDGE_CURVE ( 'NONE', #10512, #6615, #2394, .T. ) ;
#9510 = EDGE_CURVE ( 'NONE', #9240, #3047, #1556, .T. ) ;
#9511 = VECTOR ( 'NONE', #965, 1000.000000000000000 ) ;
#9512 = ORIENTED_EDGE ( 'NONE', *, *, #5395, .F. ) ;
#9513 = CARTESIAN_POINT ( 'NONE',  ( -1.269999999999999796, 14.75000000000000178, -2.500000000000000444 ) ) ;
#9514 = FACE_BOUND ( 'NONE', #6276, .T. ) ;
#9515 = EDGE_CURVE ( 'NONE', #7967, #359, #818, .T. ) ;
#9516 = CARTESIAN_POINT ( 'NONE',  ( -7.999099240549312206, 14.65695877393813262, 1.209999999999999964 ) ) ;
#9517 = DIRECTION ( 'NONE',  ( 0.0000000000000000000, 0.0000000000000000000, -1.000000000000000000 ) ) ;
#9518 = CARTESIAN_POINT ( 'NONE',  ( -11.15216102371177520, 14.94842175139114282, 1.209999999999999964 ) ) ;
#9519 = LINE ( 'NONE', #5247, #10901 ) ;
#9520 = AXIS2_PLACEMENT_3D ( 'NONE', #5771, #1681, #2576 ) ;
#9521 = VERTEX_POINT ( 'NONE', #5989 ) ;
#9522 = CARTESIAN_POINT ( 'NONE',  ( -6.050766198357377057, 14.95051709230978609, 1.209999999999999964 ) ) ;
#9523 = ORIENTED_EDGE ( 'NONE', *, *, #1837, .T. ) ;
#9524 = B_SPLINE_CURVE_WITH_KNOTS ( 'NONE', 3,
 ( #4503, #2716, #6136, #7918 ),
 .UNSPECIFIED., .F., .F.,
 ( 4, 4 ),
 ( 2.000000000000000000, 3.000000000000000000 ),
 .UNSPECIFIED. ) ;
#9525 = CARTESIAN_POINT ( 'NONE',  ( -6.403070839003302872, 14.85485936400673168, 1.209999999999999964 ) ) ;
#9526 = EDGE_CURVE ( 'NONE', #8404, #888, #4086, .T. ) ;
#9527 = CARTESIAN_POINT ( 'NONE',  ( -11.21482043099647541, 14.86648248758512558, 1.209999999999999964 ) ) ;
#9528 = CARTESIAN_POINT ( 'NONE',  ( -5.588247218582687914, 13.48965721988574451, 1.199999999999999956 ) ) ;
#9529 = DIRECTION ( 'NONE',  ( 1.000000000000000000, 0.0000000000000000000, 0.0000000000000000000 ) ) ;
#9530 = ORIENTED_EDGE ( 'NONE', *, *, #4133, .F. ) ;
#9531 = COORDINATED_UNIVERSAL_TIME_OFFSET ( 8, 0, .AHEAD. ) ;
#9532 = CARTESIAN_POINT ( 'NONE',  ( -9.031379932137193478, 14.00371029876158069, 1.209999999999999964 ) ) ;
#9533 = CARTESIAN_POINT ( 'NONE',  ( -0.6399999999999964606, 8.259999999999996234, 0.0000000000000000000 ) ) ;
#9534 = DIRECTION ( 'NONE',  ( 0.0000000000000000000, -0.0000000000000000000, 1.000000000000000000 ) ) ;
#9535 = ORIENTED_EDGE ( 'NONE', *, *, #75, .F. ) ;
#9536 = LINE ( 'NONE', #6042, #8174 ) ;
#9537 = DIRECTION ( 'NONE',  ( -1.000000000000000000, -0.0000000000000000000, -0.0000000000000000000 ) ) ;
#9538 = DIRECTION ( 'NONE',  ( -0.0000000000000000000, -0.0000000000000000000, -1.000000000000000000 ) ) ;
#9539 = CARTESIAN_POINT ( 'NONE',  ( -7.438149844697894864, 13.69241001356753173, 1.199999999999999956 ) ) ;
#9540 = ORIENTED_EDGE ( 'NONE', *, *, #1531, .F. ) ;
#9541 = LINE ( 'NONE', #1860, #4918 ) ;
#9542 = CARTESIAN_POINT ( 'NONE',  ( -6.106046660905298573, 13.33126743063374597, 1.209999999999999964 ) ) ;
#9543 = ORIENTED_EDGE ( 'NONE', *, *, #7934, .F. ) ;
#9544 = VERTEX_POINT ( 'NONE', #5038 ) ;
#9545 = CARTESIAN_POINT ( 'NONE',  ( -9.677254275205791956, 13.62293360363234029, 1.199999999999999956 ) ) ;
#9546 = CARTESIAN_POINT ( 'NONE',  ( -7.944165363970806304, 13.46782230364024535, 1.199999999999999956 ) ) ;
#9547 = CARTESIAN_POINT ( 'NONE',  ( -5.214454247667609010, 13.92254309904219589, 1.209999999999999964 ) ) ;
#9548 = EDGE_LOOP ( 'NONE', ( #10922, #8917, #7065, #10074 ) ) ;
#9549 = EDGE_CURVE ( 'NONE', #7061, #7077, #3294, .T. ) ;
#9550 = CARTESIAN_POINT ( 'NONE',  ( -6.661277388223488138, 14.40672370207652442, 1.199999999999999956 ) ) ;
#9551 = CARTESIAN_POINT ( 'NONE',  ( -8.388661873198030250, 13.63660967205741414, 1.199999999999999956 ) ) ;
#9552 = CARTESIAN_POINT ( 'NONE',  ( -10.07249062140200735, 14.97734151318745610, 1.209999999999999964 ) ) ;
#9553 = ORIENTED_EDGE ( 'NONE', *, *, #8359, .F. ) ;
#9554 = CARTESIAN_POINT ( 'NONE',  ( -6.234110177600258318, 13.40855610241303886, 1.199999999999999956 ) ) ;
#9555 = FACE_OUTER_BOUND ( 'NONE', #381, .T. ) ;
#9556 = VERTEX_POINT ( 'NONE', #8574 ) ;
#9557 = ORIENTED_EDGE ( 'NONE', *, *, #10370, .T. ) ;
#9558 = ADVANCED_FACE ( 'NONE', ( #5939 ), #8256, .F. ) ;
#9559 = AXIS2_PLACEMENT_3D ( 'NONE', #3226, #6625, #1422 ) ;
#9560 = CARTESIAN_POINT ( 'NONE',  ( -9.508555588106119671, 14.63512453110084621, 1.199999999999999956 ) ) ;
#9561 = LINE ( 'NONE', #8072, #3836 ) ;
#9562 = CARTESIAN_POINT ( 'NONE',  ( -6.107259711810919534, 15.08464586351430547, 1.209999999999999964 ) ) ;
#9563 = EDGE_CURVE ( 'NONE', #7257, #10832, #4980, .T. ) ;
#9564 = CARTESIAN_POINT ( 'NONE',  ( 3.809999999999999609, 14.75000000000000355, -7.100000000000000533 ) ) ;
#9565 = VERTEX_POINT ( 'NONE', #11017 ) ;
#9566 = CARTESIAN_POINT ( 'NONE',  ( -8.003951444160202655, 14.48782481954923895, 1.199999999999999956 ) ) ;
#9567 = FACE_OUTER_BOUND ( 'NONE', #8400, .T. ) ;
#9568 = ORIENTED_EDGE ( 'NONE', *, *, #563, .T. ) ;
#9569 = DIRECTION ( 'NONE',  ( 0.0000000000000000000, 0.0000000000000000000, -1.000000000000000000 ) ) ;
#9570 = DIRECTION ( 'NONE',  ( -1.000000000000000000, -0.0000000000000000000, -0.0000000000000000000 ) ) ;
#9571 = EDGE_CURVE ( 'NONE', #1113, #2738, #10120, .T. ) ;
#9572 = VECTOR ( 'NONE', #5073, 1000.000000000000000 ) ;
#9573 = VERTEX_POINT ( 'NONE', #3480 ) ;
#9574 = EDGE_CURVE ( 'NONE', #9356, #5140, #594, .T. ) ;
#9575 = CARTESIAN_POINT ( 'NONE',  ( -7.286345188915333893, 13.45465203670137555, 1.199999999999999956 ) ) ;
#9576 = DIRECTION ( 'NONE',  ( 0.0000000000000000000, 1.000000000000000000, 0.0000000000000000000 ) ) ;
#9577 = CARTESIAN_POINT ( 'NONE',  ( -1.269999999999999796, 14.75000000000000178, 1.600000000000000089 ) ) ;
#9578 = EDGE_CURVE ( 'NONE', #2226, #3410, #9794, .T. ) ;
#9579 = AXIS2_PLACEMENT_3D ( 'NONE', #8799, #9602, #5502 ) ;
#9580 = CARTESIAN_POINT ( 'NONE',  ( -6.765079886870984716, 15.00666401979160547, 1.199999999999999956 ) ) ;
#9581 = VERTEX_POINT ( 'NONE', #879 ) ;
#9582 = DATE_AND_TIME ( #127, #3324 ) ;
#9583 = VERTEX_POINT ( 'NONE', #1498 ) ;
#9584 = FACE_OUTER_BOUND ( 'NONE', #9707, .T. ) ;
#9585 = DIRECTION ( 'NONE',  ( -0.0000000000000000000, -0.0000000000000000000, -1.000000000000000000 ) ) ;
#9586 = EDGE_CURVE ( 'NONE', #9968, #7763, #10905, .T. ) ;
#9587 = FACE_OUTER_BOUND ( 'NONE', #5024, .T. ) ;
#9588 = VECTOR ( 'NONE', #3247, 1000.000000000000000 ) ;
#9589 = CARTESIAN_POINT ( 'NONE',  ( -7.360168000972892699, 14.48401237385580131, 1.209999999999999964 ) ) ;
#9590 = CARTESIAN_POINT ( 'NONE',  ( -6.066709153074556937, 14.97755079813556200, 1.209999999999999964 ) ) ;
#9592 = CARTESIAN_POINT ( 'NONE',  ( -7.960974783619562345, 13.33265377452059042, 1.199999999999999956 ) ) ;
#9591 = AXIS2_PLACEMENT_3D ( 'NONE', #7744, #10259, #55 ) ;
#9593 = PLANE ( 'NONE',  #6178 ) ;
#9594 = CARTESIAN_POINT ( 'NONE',  ( -7.762554314588752113, 13.42900467476706972, 1.199999999999999956 ) ) ;
#9595 = VERTEX_POINT ( 'NONE', #7717 ) ;
#9596 = CARTESIAN_POINT ( 'NONE',  ( 15.19999999999999929, -14.25000000000000178, 1.099999999999999867 ) ) ;
#9597 = ORIENTED_EDGE ( 'NONE', *, *, #10866, .F. ) ;
#9598 = CARTESIAN_POINT ( 'NONE',  ( -7.927875823281901546, 14.94185244300777349, 1.199999999999999956 ) ) ;
#9599 = DIRECTION ( 'NONE',  ( 0.0000000000000000000, -1.000000000000000000, -1.181863725182121763E-16 ) ) ;
#9600 = CARTESIAN_POINT ( 'NONE',  ( -7.583369367008716999, 14.51867097106845783, 1.199999999999999956 ) ) ;
#9601 = ORIENTED_EDGE ( 'NONE', *, *, #3049, .T. ) ;
#9602 = DIRECTION ( 'NONE',  ( -0.0000000000000000000, 0.0000000000000000000, 1.000000000000000000 ) ) ;
#9603 = B_SPLINE_CURVE_WITH_KNOTS ( 'NONE', 3,
 ( #10162, #7809, #5197, #6685 ),
 .UNSPECIFIED., .F., .F.,
 ( 4, 4 ),
 ( 22.00000000000000000, 23.00000000000000000 ),
 .UNSPECIFIED. ) ;
#9604 = CARTESIAN_POINT ( 'NONE',  ( -10.69908497005151204, 13.81573207690749072, 1.209999999999999964 ) ) ;
#9605 = CARTESIAN_POINT ( 'NONE',  ( -7.525662802654181860, 13.65497872857658379, 1.209999999999999964 ) ) ;
#9606 = CARTESIAN_POINT ( 'NONE',  ( -5.554108500327592957, 13.67889316065234517, 1.209999999999999964 ) ) ;
#9607 = ADVANCED_FACE ( 'NONE', ( #6762 ), #10955, .F. ) ;
#9608 = DIRECTION ( 'NONE',  ( 1.000000000000000000, 0.0000000000000000000, 0.0000000000000000000 ) ) ;
#9609 = ADVANCED_FACE ( 'NONE', ( #8453 ), #4314, .F. ) ;
#9610 = FACE_OUTER_BOUND ( 'NONE', #10721, .T. ) ;
#9611 = ORIENTED_EDGE ( 'NONE', *, *, #1095, .F. ) ;
#9612 = LINE ( 'NONE', #10638, #6337 ) ;
#9613 = CARTESIAN_POINT ( 'NONE',  ( 7.000000000000000000, -12.29999999999999893, 1.199999999999999956 ) ) ;
#9614 = EDGE_LOOP ( 'NONE', ( #5456, #2911 ) ) ;
#9615 = VERTEX_POINT ( 'NONE', #8509 ) ;
#9616 = CARTESIAN_POINT ( 'NONE',  ( -10.42434746280384950, 15.26653894730228700, 1.209999999999999964 ) ) ;
#9617 = ORIENTED_EDGE ( 'NONE', *, *, #2560, .T. ) ;
#9618 = LINE ( 'NONE', #1078, #4956 ) ;
#9619 = VECTOR ( 'NONE', #9179, 1000.000000000000000 ) ;
#9620 = ORIENTED_EDGE ( 'NONE', *, *, #188, .T. ) ;
#9622 = ADVANCED_FACE ( 'NONE', ( #4258 ), #7445, .F. ) ;
#9621 = B_SPLINE_SURFACE_WITH_KNOTS ( 'NONE', 3, 1, ( 
 ( #3533, #1800 ),
 ( #9590, #3593 ),
 ( #7029, #9482 ),
 ( #5209, #6929 ) ),
 .UNSPECIFIED., .F., .F., .F.,
 ( 4, 4 ),
 ( 2, 2 ),
 ( 3.000000000000000000, 4.000000000000000000 ),
 ( 0.0000000000000000000, 1.000000000000000000 ),
 .UNSPECIFIED. ) ;
#9623 = DIRECTION ( 'NONE',  ( -1.000000000000000000, 0.0000000000000000000, 0.0000000000000000000 ) ) ;
#9624 = CARTESIAN_POINT ( 'NONE',  ( -7.743145500149867466, 15.01706159895216786, 1.209999999999999964 ) ) ;
#9625 = EDGE_CURVE ( 'NONE', #2520, #10885, #3902, .T. ) ;
#9626 = LINE ( 'NONE', #3738, #5364 ) ;
#9627 = VECTOR ( 'NONE', #5084, 1000.000000000000000 ) ;
#9628 = EDGE_CURVE ( 'NONE', #5392, #6339, #9485, .T. ) ;
#9629 = EDGE_LOOP ( 'NONE', ( #7496, #3914, #2583, #6149 ) ) ;
#9630 = ORIENTED_EDGE ( 'NONE', *, *, #17, .T. ) ;
#9631 = PLANE ( 'NONE',  #6103 ) ;
#9632 = DIRECTION ( 'NONE',  ( -0.0000000000000000000, 1.000000000000000000, -0.0000000000000000000 ) ) ;
#9633 = CARTESIAN_POINT ( 'NONE',  ( 3.809999999999999609, 14.75000000000000355, -7.500000000000000888 ) ) ;
#9634 = CARTESIAN_POINT ( 'NONE',  ( -7.525662802654181860, 13.68478512218066889, 1.199999999999999956 ) ) ;
#9635 = AXIS2_PLACEMENT_3D ( 'NONE', #2058, #5488, #3799 ) ;
#9636 = EDGE_CURVE ( 'NONE', #6989, #3919, #8295, .T. ) ;
#9637 = AXIS2_PLACEMENT_3D ( 'NONE', #7670, #11090, #10024 ) ;
#9638 = EDGE_CURVE ( 'NONE', #9950, #9972, #1188, .T. ) ;
#9639 = CARTESIAN_POINT ( 'NONE',  ( -3.810000000000000053, 14.75000000000000178, -7.100000000000000533 ) ) ;
#9640 = VECTOR ( 'NONE', #2679, 1000.000000000000000 ) ;
#9641 = CARTESIAN_POINT ( 'NONE',  ( -13.71000000000000085, -5.099999999999998757, 2.600000000000000533 ) ) ;
#9642 = CARTESIAN_POINT ( 'NONE',  ( -8.146224985709171307, 13.71424492980840348, 1.209999999999999964 ) ) ;
#9643 = CARTESIAN_POINT ( 'NONE',  ( -7.786642039650390146, 13.40266414088469382, 1.209999999999999964 ) ) ;
#9644 = FACE_BOUND ( 'NONE', #8385, .T. ) ;
#9645 = ORIENTED_EDGE ( 'NONE', *, *, #4333, .T. ) ;
#9646 = CARTESIAN_POINT ( 'NONE',  ( -7.999099240549312206, 14.73805989141084893, 1.209999999999999964 ) ) ;
#9647 = CARTESIAN_POINT ( 'NONE',  ( -7.395173184157256330, 13.75167621479475955, 1.199999999999999956 ) ) ;
#9648 = VECTOR ( 'NONE', #2538, 1000.000000000000000 ) ;
#9649 = LINE ( 'NONE', #6163, #8738 ) ;
#9650 = CARTESIAN_POINT ( 'NONE',  ( -10.41952757911408867, 14.97734151318745610, 1.209999999999999964 ) ) ;
#9651 = CARTESIAN_POINT ( 'NONE',  ( -9.330217317496021678, 13.99889023120733178, 1.209999999999999964 ) ) ;
#9652 = LINE ( 'NONE', #2647, #7131 ) ;
#9653 = ORIENTED_EDGE ( 'NONE', *, *, #6882, .F. ) ;
#9654 = CARTESIAN_POINT ( 'NONE',  ( -7.906560785998597574, 13.54372463153266715, 1.199999999999999956 ) ) ;
#9655 = CARTESIAN_POINT ( 'NONE',  ( -8.090944523158912105, 14.73286110182594477, 1.209999999999999964 ) ) ;
#9656 = AXIS2_PLACEMENT_3D ( 'NONE', #10766, #3222, #3105 ) ;
#9657 = ORIENTED_EDGE ( 'NONE', *, *, #1042, .F. ) ;
#9658 = ORIENTED_EDGE ( 'NONE', *, *, #1754, .T. ) ;
#9659 = VECTOR ( 'NONE', #5294, 1000.000000000000000 ) ;
#9660 = CARTESIAN_POINT ( 'NONE',  ( -7.944165363970806304, 13.46782230364024535, 1.199999999999999956 ) ) ;
#9661 = EDGE_CURVE ( 'NONE', #4208, #4905, #8681, .T. ) ;
#9662 = CARTESIAN_POINT ( 'NONE',  ( 0.0000000000000000000, 13.47999999999999865, -2.500000000000000000 ) ) ;
#9663 = CARTESIAN_POINT ( 'NONE',  ( -7.625652855605935976, 15.08672537934918978, 1.209999999999999964 ) ) ;
#9664 = ORIENTED_EDGE ( 'NONE', *, *, #501, .T. ) ;
#9665 = CARTESIAN_POINT ( 'NONE',  ( -7.419607495190570390, 13.64735383719431283, 1.199999999999999956 ) ) ;
#9666 = FACE_OUTER_BOUND ( 'NONE', #2674, .T. ) ;
#9667 = ORIENTED_EDGE ( 'NONE', *, *, #4424, .T. ) ;
#9668 = ORIENTED_EDGE ( 'NONE', *, *, #10957, .F. ) ;
#9669 = CARTESIAN_POINT ( 'NONE',  ( -6.511205662297182784, 13.40855610241303886, 1.199999999999999956 ) ) ;
#9670 = AXIS2_PLACEMENT_3D ( 'NONE', #8482, #6850, #6794 ) ;
#9671 = CARTESIAN_POINT ( 'NONE',  ( -7.999099240549312206, 14.65695877393813262, 1.199999999999999956 ) ) ;
#9672 = CARTESIAN_POINT ( 'NONE',  ( 6.500000000000000000, -11.36787109524561856, -0.1339798481102605077 ) ) ;
#9673 = DIRECTION ( 'NONE',  ( -0.0000000000000000000, -0.0000000000000000000, -1.000000000000000000 ) ) ;
#9674 = EDGE_CURVE ( 'NONE', #5282, #3134, #10602, .T. ) ;
#9675 = CARTESIAN_POINT ( 'NONE',  ( -1.269999999999999796, 14.75000000000000178, 2.000000000000000000 ) ) ;
#9676 = CARTESIAN_POINT ( 'NONE',  ( -1.269999999999999796, 14.75000000000000178, -2.500000000000000444 ) ) ;
#9677 = AXIS2_PLACEMENT_3D ( 'NONE', #9750, #104, #4494 ) ;
#9678 = CARTESIAN_POINT ( 'NONE',  ( -11.51365772442191471, 13.66149340860838279, 1.209999999999999964 ) ) ;
#9679 = EDGE_LOOP ( 'NONE', ( #7820, #1695 ) ) ;
#9680 = DIRECTION ( 'NONE',  ( -0.0000000000000000000, -0.0000000000000000000, -1.000000000000000000 ) ) ;
#9681 = CARTESIAN_POINT ( 'NONE',  ( -9.209718386616387420, 13.54581436141388195, 1.209999999999999964 ) ) ;
#9682 = EDGE_CURVE ( 'NONE', #9231, #7114, #989, .T. ) ;
#9683 = EDGE_CURVE ( 'NONE', #2344, #10083, #8940, .T. ) ;
#9684 = FACE_OUTER_BOUND ( 'NONE', #10824, .T. ) ;
#9685 = EDGE_CURVE ( 'NONE', #2987, #3974, #8036, .T. ) ;
#9686 = DIRECTION ( 'NONE',  ( 0.0000000000000000000, -1.000000000000000000, 0.0000000000000000000 ) ) ;
#9687 = ORIENTED_EDGE ( 'NONE', *, *, #5640, .F. ) ;
#9688 = DIRECTION ( 'NONE',  ( 1.000000000000000000, 5.102127870520019996E-17, 0.0000000000000000000 ) ) ;
#9689 = EDGE_CURVE ( 'NONE', #5618, #7558, #1296, .T. ) ;
#9690 = DIRECTION ( 'NONE',  ( -0.3409177962187273647, -0.9400931103999040639, -0.0000000000000000000 ) ) ;
#9691 = ORIENTED_EDGE ( 'NONE', *, *, #2585, .T. ) ;
#9692 = CARTESIAN_POINT ( 'NONE',  ( -9.923072020657146552, 13.62775348731978298, 1.209999999999999964 ) ) ;
#9693 = DIRECTION ( 'NONE',  ( -0.7071067811865376918, -0.7071067811865573427, 0.0000000000000000000 ) ) ;
#9694 = DIRECTION ( 'NONE',  ( -0.0000000000000000000, 1.000000000000000000, -0.0000000000000000000 ) ) ;
#9695 = CARTESIAN_POINT ( 'NONE',  ( -16.70000000000000284, -14.25000000000000178, 0.0000000000000000000 ) ) ;
#9696 = EDGE_CURVE ( 'NONE', #3344, #4426, #8595, .T. ) ;
#9697 = PLANE ( 'NONE',  #9115 ) ;
#9698 = ORIENTED_EDGE ( 'NONE', *, *, #132, .T. ) ;
#9699 = CARTESIAN_POINT ( 'NONE',  ( -5.099387704925637976, 13.59328642554276456, 1.199999999999999956 ) ) ;
#9700 = VERTEX_POINT ( 'NONE', #4681 ) ;
#9701 = PLANE ( 'NONE',  #9677 ) ;
#9702 = B_SPLINE_SURFACE_WITH_KNOTS ( 'NONE', 3, 1, ( 
 ( #4142, #762 ),
 ( #4199, #7598 ),
 ( #3194, #9184 ),
 ( #7534, #820 ) ),
 .UNSPECIFIED., .F., .F., .F.,
 ( 4, 4 ),
 ( 2, 2 ),
 ( 7.000000000000000000, 8.000000000000000000 ),
 ( 0.0000000000000000000, 1.000000000000000000 ),
 .UNSPECIFIED. ) ;
#9703 = EDGE_CURVE ( 'NONE', #8759, #1231, #2879, .T. ) ;
#9704 = CARTESIAN_POINT ( 'NONE',  ( -7.526182681611754077, 13.34825014326606585, 1.199999999999999956 ) ) ;
#9705 = LINE ( 'NONE', #8809, #665 ) ;
#9706 = CARTESIAN_POINT ( 'NONE',  ( -7.679200388297622304, 15.09608320059462017, 1.209999999999999964 ) ) ;
#9707 = EDGE_LOOP ( 'NONE', ( #9436, #994, #2213, #3319 ) ) ;
#9708 = CARTESIAN_POINT ( 'NONE',  ( -7.758395282923619796, 14.47326820871890973, 1.199999999999999956 ) ) ;
#9709 = CARTESIAN_POINT ( 'NONE',  ( -8.118671400925821402, 14.48401237385580131, 1.199999999999999956 ) ) ;
#9710 = ORIENTED_EDGE ( 'NONE', *, *, #5167, .T. ) ;
#9711 = ORIENTED_EDGE ( 'NONE', *, *, #4512, .T. ) ;
#9712 = ORIENTED_EDGE ( 'NONE', *, *, #3704, .F. ) ;
#9713 = DIRECTION ( 'NONE',  ( -1.000000000000000000, -0.0000000000000000000, -0.0000000000000000000 ) ) ;
#9714 = ORIENTED_EDGE ( 'NONE', *, *, #3182, .F. ) ;
#9715 = LINE ( 'NONE', #3788, #650 ) ;
#9716 = CARTESIAN_POINT ( 'NONE',  ( -7.002317984774967030, 13.24427435163269706, 1.209999999999999964 ) ) ;
#9717 = LINE ( 'NONE', #10600, #6398 ) ;
#9718 = CARTESIAN_POINT ( 'NONE',  ( -7.771045670904913827, 14.39528636499620617, 1.209999999999999964 ) ) ;
#9719 = FACE_OUTER_BOUND ( 'NONE', #1198, .T. ) ;
#9720 = B_SPLINE_CURVE_WITH_KNOTS ( 'NONE', 3,
 ( #40, #2529, #8527, #10243 ),
 .UNSPECIFIED., .F., .F.,
 ( 4, 4 ),
 ( 18.00000000000000000, 19.00000000000000000 ),
 .UNSPECIFIED. ) ;
#9721 = ORIENTED_EDGE ( 'NONE', *, *, #6060, .T. ) ;
#9722 = VECTOR ( 'NONE', #9827, 1000.000000000000000 ) ;
#9723 = PERSON_AND_ORGANIZATION_ROLE ( 'design_owner' ) ;
#9724 = ORIENTED_EDGE ( 'NONE', *, *, #9066, .T. ) ;
#9725 = CARTESIAN_POINT ( 'NONE',  ( -7.517691325295590588, 13.62933136664225131, 1.199999999999999956 ) ) ;
#9726 = CARTESIAN_POINT ( 'NONE',  ( -5.212374731832719377, 13.92254309904219411, 1.209999999999999964 ) ) ;
#9727 = CARTESIAN_POINT ( 'NONE',  ( -17.69999999999999574, 16.75000000000000000, 1.199999999999999956 ) ) ;
#9728 = EDGE_CURVE ( 'NONE', #2557, #5769, #1090, .T. ) ;
#9729 = EDGE_CURVE ( 'NONE', #11080, #4254, #140, .T. ) ;
#9730 = CARTESIAN_POINT ( 'NONE',  ( -7.993033986039764116, 14.99626644062642633, 1.199999999999999956 ) ) ;
#9731 = EDGE_LOOP ( 'NONE', ( #10507, #9038, #2846, #5736 ) ) ;
#9732 = VECTOR ( 'NONE', #7382, 1000.000000000000000 ) ;
#9733 = PLANE ( 'NONE',  #4067 ) ;
#9734 = EDGE_CURVE ( 'NONE', #1783, #6963, #4729, .T. ) ;
#9735 = DIRECTION ( 'NONE',  ( 0.0000000000000000000, 0.0000000000000000000, 1.000000000000000000 ) ) ;
#9736 = CARTESIAN_POINT ( 'NONE',  ( -6.909952823207794026, 13.25813779051960850, 1.209999999999999964 ) ) ;
#9737 = DIRECTION ( 'NONE',  ( 0.0000000000000000000, 0.0000000000000000000, -1.000000000000000000 ) ) ;
#9738 = CARTESIAN_POINT ( 'NONE',  ( 12.95000000000000107, 14.25000000000000178, 1.099999999999999867 ) ) ;
#9739 = EDGE_LOOP ( 'NONE', ( #4865, #8970, #3558, #752 ) ) ;
#9740 = CARTESIAN_POINT ( 'NONE',  ( -11.79803536678269360, 13.45423510039484327, 1.199999999999999956 ) ) ;
#9741 = B_SPLINE_CURVE_WITH_KNOTS ( 'NONE', 3,
 ( #1597, #3340, #5022, #6192 ),
 .UNSPECIFIED., .F., .F.,
 ( 4, 4 ),
 ( 20.00000000000000000, 21.00000000000000000 ),
 .UNSPECIFIED. ) ;
#9742 = CARTESIAN_POINT ( 'NONE',  ( -7.372818388954187618, 13.75756817632308326, 1.209999999999999964 ) ) ;
#9743 = CARTESIAN_POINT ( 'NONE',  ( -7.726162787517545816, 13.52778167681551658, 1.199999999999999956 ) ) ;
#9744 = VECTOR ( 'NONE', #10364, 1000.000000000000114 ) ;
#9745 = LINE ( 'NONE', #4490, #3290 ) ;
#9746 = CARTESIAN_POINT ( 'NONE',  ( -7.919557759951618259, 13.41132879018670288, 1.209999999999999964 ) ) ;
#9747 = ORIENTED_EDGE ( 'NONE', *, *, #8455, .T. ) ;
#9748 = PLANE ( 'NONE',  #7960 ) ;
#9749 = ADVANCED_FACE ( 'NONE', ( #9719 ), #3056, .F. ) ;
#9750 = CARTESIAN_POINT ( 'NONE',  ( -6.018533702951326170, 13.40855610241303886, 1.209999999999999964 ) ) ;
#9751 = DIRECTION ( 'NONE',  ( -0.0000000000000000000, -0.0000000000000000000, -1.000000000000000000 ) ) ;
#9752 = EDGE_LOOP ( 'NONE', ( #6815, #2011, #6410, #59 ) ) ;
#9753 = VECTOR ( 'NONE', #6936, 1000.000000000000000 ) ;
#9754 = ADVANCED_FACE ( 'NONE', ( #6931 ), #6104, .F. ) ;
#9755 = CARTESIAN_POINT ( 'NONE',  ( -10.57858613110296098, 13.49279490537085913, 1.209999999999999964 ) ) ;
#9756 = EDGE_CURVE ( 'NONE', #4174, #1626, #8488, .T. ) ;
#9757 = PLANE ( 'NONE',  #5135 ) ;
#9758 = DIRECTION ( 'NONE',  ( -1.000000000000000000, -5.102127870520020612E-17, -0.0000000000000000000 ) ) ;
#9759 = LINE ( 'NONE', #5244, #5544 ) ;
#9760 = EDGE_LOOP ( 'NONE', ( #6763, #5485, #10607, #8578, #11022, #4884, #6998, #7535, #9296, #5759, #3499, #9863, #7912, #10933, #1517, #572, #3937, #2776, #8229, #1840, #1991 ) ) ;
#9761 = CARTESIAN_POINT ( 'NONE',  ( -2.040000000000006697, 16.01999999999999957, -2.500000000000000000 ) ) ;
#9762 = CARTESIAN_POINT ( 'NONE',  ( -7.222400077060778578, 13.72256299313872141, 1.199999999999999956 ) ) ;
#9763 = VERTEX_POINT ( 'NONE', #7514 ) ;
#9764 = ORIENTED_EDGE ( 'NONE', *, *, #10690, .F. ) ;
#9765 = CARTESIAN_POINT ( 'NONE',  ( -5.720469766942801293, 13.86743592948012349, 1.199999999999999956 ) ) ;
#9766 = AXIS2_PLACEMENT_3D ( 'NONE', #5611, #2139, #9023 ) ;
#9767 = CARTESIAN_POINT ( 'NONE',  ( 9.529999999999997584, 4.449999999999996625, -2.500000000000000000 ) ) ;
#9768 = CARTESIAN_POINT ( 'NONE',  ( -8.126989464258420170, 13.93120774834882880, 1.199999999999999956 ) ) ;
#9769 = B_SPLINE_CURVE_WITH_KNOTS ( 'NONE', 3,
 ( #5548, #9006, #4644, #4745 ),
 .UNSPECIFIED., .F., .F.,
 ( 4, 4 ),
 ( 2.000000000000000000, 3.000000000000000000 ),
 .UNSPECIFIED. ) ;
#9770 = CARTESIAN_POINT ( 'NONE',  ( 15.19999999999999929, 14.25000000000000178, 1.099999999999999867 ) ) ;
#9771 = DIRECTION ( 'NONE',  ( -0.0000000000000000000, -0.0000000000000000000, -1.000000000000000000 ) ) ;
#9772 = CARTESIAN_POINT ( 'NONE',  ( -5.080000000000000071, 16.01999999999999957, 0.0000000000000000000 ) ) ;
#9773 = DIRECTION ( 'NONE',  ( -1.224646799147353207E-16, 1.000000000000000000, 0.0000000000000000000 ) ) ;
#9774 = AXIS2_PLACEMENT_3D ( 'NONE', #4859, #4916, #8268 ) ;
#9775 = ORIENTED_EDGE ( 'NONE', *, *, #8369, .T. ) ;
#9776 = CARTESIAN_POINT ( 'NONE',  ( -7.726162787517545816, 13.52778167681551480, 1.209999999999999964 ) ) ;
#9777 = DIRECTION ( 'NONE',  ( -1.000000000000000000, 0.0000000000000000000, 0.0000000000000000000 ) ) ;
#9778 = CARTESIAN_POINT ( 'NONE',  ( -5.755474950122565936, 14.40672370207652264, 1.209999999999999964 ) ) ;
#9779 = ORIENTED_EDGE ( 'NONE', *, *, #10357, .T. ) ;
#9780 = VECTOR ( 'NONE', #10359, 1000.000000000000000 ) ;
#9781 = CARTESIAN_POINT ( 'NONE',  ( -7.818701242068282653, 15.01706159895216786, 1.199999999999999956 ) ) ;
#9782 = B_SPLINE_SURFACE_WITH_KNOTS ( 'NONE', 3, 1, ( 
 ( #10511, #9539 ),
 ( #3481, #2630 ),
 ( #10347, #2839 ),
 ( #7826, #6153 ) ),
 .UNSPECIFIED., .F., .F., .F.,
 ( 4, 4 ),
 ( 2, 2 ),
 ( 12.00000000000000000, 13.00000000000000000 ),
 ( 0.0000000000000000000, 1.000000000000000000 ),
 .UNSPECIFIED. ) ;
#9783 = ADVANCED_FACE ( 'NONE', ( #1477 ), #5862, .F. ) ;
#9784 = VERTEX_POINT ( 'NONE', #4780 ) ;
#9785 = DIRECTION ( 'NONE',  ( -0.0000000000000000000, -0.0000000000000000000, -1.000000000000000000 ) ) ;
#9786 = VERTEX_POINT ( 'NONE', #9985 ) ;
#9787 = CARTESIAN_POINT ( 'NONE',  ( -5.766738994217011971, 13.43212394851245683, 1.209999999999999964 ) ) ;
#9788 = CYLINDRICAL_SURFACE ( 'NONE', #1983, 0.4000000000000001887 ) ;
#9789 = ORIENTED_EDGE ( 'NONE', *, *, #8296, .T. ) ;
#9790 = LINE ( 'NONE', #3700, #8538 ) ;
#9791 = AXIS2_PLACEMENT_3D ( 'NONE', #8649, #11013, #5986 ) ;
#9792 = CIRCLE ( 'NONE', #7277, 0.4000000000000001887 ) ;
#9793 = VERTEX_POINT ( 'NONE', #6459 ) ;
#9794 = B_SPLINE_CURVE_WITH_KNOTS ( 'NONE', 3,
 ( #6821, #10176, #6045, #709 ),
 .UNSPECIFIED., .F., .F.,
 ( 4, 4 ),
 ( 2.000000000000000000, 3.000000000000000000 ),
 .UNSPECIFIED. ) ;
#9795 = CARTESIAN_POINT ( 'NONE',  ( -7.372818388954187618, 13.75756817632308326, 1.199999999999999956 ) ) ;
#9796 = EDGE_CURVE ( 'NONE', #2574, #4850, #2322, .T. ) ;
#9797 = DIRECTION ( 'NONE',  ( -1.000000000000000000, 0.0000000000000000000, 0.0000000000000000000 ) ) ;
#9798 = CARTESIAN_POINT ( 'NONE',  ( -11.32567941063441452, 14.87612239286012894, 1.209999999999999964 ) ) ;
#9799 = VECTOR ( 'NONE', #2388, 1000.000000000000000 ) ;
#9800 = CIRCLE ( 'NONE', #123, 2.249999999999998668 ) ;
#9801 = DIRECTION ( 'NONE',  ( 0.0000000000000000000, 0.0000000000000000000, 1.000000000000000000 ) ) ;
#9802 = CARTESIAN_POINT ( 'NONE',  ( 8.713066640240183958, -8.672079492129114442, -1.000000000000000000 ) ) ;
#9803 = ORIENTED_EDGE ( 'NONE', *, *, #7626, .F. ) ;
#9804 = DIRECTION ( 'NONE',  ( -1.000000000000000000, 0.0000000000000000000, 0.0000000000000000000 ) ) ;
#9805 = CARTESIAN_POINT ( 'NONE',  ( -7.082725930301961625, 13.10321386098472374, 1.209999999999999964 ) ) ;
#9806 = CARTESIAN_POINT ( 'NONE',  ( -3.409999999999999698, 14.75000000000000178, 1.600000000000000089 ) ) ;
#9807 = CARTESIAN_POINT ( 'NONE',  ( -7.308180105158522011, 13.50074797098971935, 1.209999999999999964 ) ) ;
#9808 = EDGE_LOOP ( 'NONE', ( #4646, #584 ) ) ;
#9809 = AXIS2_PLACEMENT_3D ( 'NONE', #10648, #8985, #3053 ) ;
#9810 = DIRECTION ( 'NONE',  ( 0.0000000000000000000, 0.0000000000000000000, 1.000000000000000000 ) ) ;
#9811 = EDGE_CURVE ( 'NONE', #1341, #7518, #6676, .T. ) ;
#9812 = ORIENTED_EDGE ( 'NONE', *, *, #3434, .F. ) ;
#9813 = CARTESIAN_POINT ( 'NONE',  ( -5.656351362102395086, 13.91942382529679811, 1.199999999999999956 ) ) ;
#9814 = CARTESIAN_POINT ( 'NONE',  ( -8.388661873198030250, 15.08464586351430547, 1.209999999999999964 ) ) ;
#9815 = LINE ( 'NONE', #6715, #3927 ) ;
#9816 = CARTESIAN_POINT ( 'NONE',  ( -7.286345188915333893, 13.45465203670137555, 1.199999999999999956 ) ) ;
#9817 = CARTESIAN_POINT ( 'NONE',  ( 15.19999999999999929, 14.25000000000000178, 1.199999999999999956 ) ) ;
#9818 = ORIENTED_EDGE ( 'NONE', *, *, #3916, .F. ) ;
#9819 = ADVANCED_FACE ( 'NONE', ( #6621 ), #9878, .T. ) ;
#9820 = ADVANCED_FACE ( 'NONE', ( #6506 ), #8305, .T. ) ;
#9821 = ORIENTED_EDGE ( 'NONE', *, *, #3473, .F. ) ;
#9822 = FACE_OUTER_BOUND ( 'NONE', #1685, .T. ) ;
#9823 = AXIS2_PLACEMENT_3D ( 'NONE', #3441, #1759, #4157 ) ;
#9824 = DIRECTION ( 'NONE',  ( -0.0000000000000000000, -1.000000000000000000, -0.0000000000000000000 ) ) ;
#9825 = ADVANCED_FACE ( 'NONE', ( #512 ), #10767, .T. ) ;
#9826 = DIRECTION ( 'NONE',  ( 0.0000000000000000000, -0.0000000000000000000, 1.000000000000000000 ) ) ;
#9827 = DIRECTION ( 'NONE',  ( -0.0000000000000000000, -1.000000000000000000, -0.0000000000000000000 ) ) ;
#9828 = DIRECTION ( 'NONE',  ( -1.000000000000000000, -0.0000000000000000000, -0.0000000000000000000 ) ) ;
#9829 = CARTESIAN_POINT ( 'NONE',  ( -5.656351362102395086, 13.42623198698875875, 1.209999999999999964 ) ) ;
#9830 = CARTESIAN_POINT ( 'NONE',  ( 0.0000000000000000000, 13.97999999999999332, -2.500000000000000000 ) ) ;
#9831 = VECTOR ( 'NONE', #8330, 1000.000000000000000 ) ;
#9832 = ORIENTED_EDGE ( 'NONE', *, *, #6507, .T. ) ;
#9833 = CARTESIAN_POINT ( 'NONE',  ( -7.868263036080666240, 14.39528636499620617, 1.199999999999999956 ) ) ;
#9834 = LINE ( 'NONE', #2167, #2462 ) ;
#9835 = PLANE ( 'NONE',  #4936 ) ;
#9836 = EDGE_CURVE ( 'NONE', #9581, #3549, #6052, .T. ) ;
#9837 = B_SPLINE_CURVE_WITH_KNOTS ( 'NONE', 3,
 ( #5848, #54, #685, #8360 ),
 .UNSPECIFIED., .F., .F.,
 ( 4, 4 ),
 ( 14.00000000000000000, 15.00000000000000000 ),
 .UNSPECIFIED. ) ;
#9838 = AXIS2_PLACEMENT_3D ( 'NONE', #3557, #4440, #10468 ) ;
#9839 = DIRECTION ( 'NONE',  ( 0.8840949502478816502, 0.4673073067545548964, 0.0000000000000000000 ) ) ;
#9840 = EDGE_LOOP ( 'NONE', ( #6898, #2001, #8080, #1838 ) ) ;
#9841 = FACE_OUTER_BOUND ( 'NONE', #4218, .T. ) ;
#9842 = CARTESIAN_POINT ( 'NONE',  ( -5.920103286874582871, 13.40855610241303886, 1.199999999999999956 ) ) ;
#9843 = LINE ( 'NONE', #5597, #1989 ) ;
#9844 = FACE_OUTER_BOUND ( 'NONE', #1667, .T. ) ;
#9845 = ORIENTED_EDGE ( 'NONE', *, *, #482, .F. ) ;
#9846 = DIRECTION ( 'NONE',  ( 0.0000000000000000000, 0.0000000000000000000, 1.000000000000000000 ) ) ;
#9847 = DIRECTION ( 'NONE',  ( -1.000000000000000000, 0.0000000000000000000, 0.0000000000000000000 ) ) ;
#9848 = CARTESIAN_POINT ( 'NONE',  ( 0.0000000000000000000, 0.0000000000000000000, 2.700000000000000178 ) ) ;
#9849 = CARTESIAN_POINT ( 'NONE',  ( -7.000000000000000888, -12.29999999999999893, 1.199999999999999956 ) ) ;
#9850 = ORIENTED_EDGE ( 'NONE', *, *, #9178, .T. ) ;
#9851 = CARTESIAN_POINT ( 'NONE',  ( -9.209718386616387420, 13.54581436141388195, 1.199999999999999956 ) ) ;
#9852 = ORIENTED_EDGE ( 'NONE', *, *, #6173, .F. ) ;
#9853 = FACE_OUTER_BOUND ( 'NONE', #6604, .T. ) ;
#9854 = FACE_OUTER_BOUND ( 'NONE', #7588, .T. ) ;
#9855 = PLANE ( 'NONE',  #2291 ) ;
#9856 = VERTEX_POINT ( 'NONE', #7345 ) ;
#9857 = SPHERICAL_SURFACE ( 'NONE', #4016, 0.4000000000000000222 ) ;
#9858 = EDGE_CURVE ( 'NONE', #7859, #1940, #9105, .T. ) ;
#9859 = CARTESIAN_POINT ( 'NONE',  ( -11.16662095057663073, 13.67595305967071084, 1.209999999999999964 ) ) ;
#9860 = B_SPLINE_CURVE_WITH_KNOTS ( 'NONE', 3,
 ( #7698, #2611, #3339, #3462 ),
 .UNSPECIFIED., .F., .F.,
 ( 4, 4 ),
 ( 3.000000000000000000, 4.000000000000000000 ),
 .UNSPECIFIED. ) ;
#9861 = CARTESIAN_POINT ( 'NONE',  ( -9.677254275205791956, 13.62293360363234029, 1.209999999999999964 ) ) ;
#9862 = CARTESIAN_POINT ( 'NONE',  ( -9.209718386616387420, 13.54581436141388195, 1.199999999999999956 ) ) ;
#9863 = ORIENTED_EDGE ( 'NONE', *, *, #2364, .F. ) ;
#9864 = CARTESIAN_POINT ( 'NONE',  ( -5.516503922360016077, 13.33126743063374597, 1.209999999999999964 ) ) ;
#9865 = DIRECTION ( 'NONE',  ( -0.0000000000000000000, -1.000000000000000000, -0.0000000000000000000 ) ) ;
#9866 = VERTEX_POINT ( 'NONE', #9281 ) ;
#9867 = EDGE_CURVE ( 'NONE', #4320, #5856, #4056, .T. ) ;
#9868 = ORIENTED_EDGE ( 'NONE', *, *, #9893, .F. ) ;
#9869 = CARTESIAN_POINT ( 'NONE',  ( 0.0000000000000000000, 13.97999999999999332, -2.500000000000000000 ) ) ;
#9870 = ORIENTED_EDGE ( 'NONE', *, *, #10937, .F. ) ;
#9871 = B_SPLINE_SURFACE_WITH_KNOTS ( 'NONE', 3, 1, ( 
 ( #8807, #9813 ),
 ( #2144, #8972 ),
 ( #1279, #1918 ),
 ( #4591, #7045 ) ),
 .UNSPECIFIED., .F., .F., .F.,
 ( 4, 4 ),
 ( 2, 2 ),
 ( 2.000000000000000000, 3.000000000000000000 ),
 ( 0.0000000000000000000, 1.000000000000000000 ),
 .UNSPECIFIED. ) ;
#9872 = DIRECTION ( 'NONE',  ( -0.0000000000000000000, -0.0000000000000000000, 1.000000000000000000 ) ) ;
#9873 = DIRECTION ( 'NONE',  ( -1.000000000000000000, 0.0000000000000000000, 0.0000000000000000000 ) ) ;
#9874 = CARTESIAN_POINT ( 'NONE',  ( 6.500000000000000000, -11.16501158252347636, 1.331180503930323944 ) ) ;
#9875 = CARTESIAN_POINT ( 'NONE',  ( -9.508555588106119671, 14.63512453110084621, 1.209999999999999964 ) ) ;
#9876 = CARTESIAN_POINT ( 'NONE',  ( -8.388661873198030250, 13.40855610241303886, 1.209999999999999964 ) ) ;
#9877 = CARTESIAN_POINT ( 'NONE',  ( -5.852172436340742578, 14.40672370207652264, 1.209999999999999964 ) ) ;
#9878 = PLANE ( 'NONE',  #8678 ) ;
#9879 = ORIENTED_EDGE ( 'NONE', *, *, #8781, .F. ) ;
#9880 = EDGE_CURVE ( 'NONE', #2889, #8695, #8445, .T. ) ;
#9881 = EDGE_CURVE ( 'NONE', #3956, #1557, #10884, .T. ) ;
#9882 = ORIENTED_EDGE ( 'NONE', *, *, #2218, .T. ) ;
#9883 = CARTESIAN_POINT ( 'NONE',  ( -7.501575077592571361, 13.60818962234479734, 1.199999999999999956 ) ) ;
#9884 = DIRECTION ( 'NONE',  ( 1.000000000000000000, 0.0000000000000000000, -0.0000000000000000000 ) ) ;
#9885 = CARTESIAN_POINT ( 'NONE',  ( 1.670000000000000373, 14.75000000000000178, -2.500000000000000444 ) ) ;
#9886 = EDGE_CURVE ( 'NONE', #8338, #10077, #686, .T. ) ;
#9887 = DIRECTION ( 'NONE',  ( -0.3559357243698743067, 0.9345104387417472180, -0.0000000000000000000 ) ) ;
#9888 = CARTESIAN_POINT ( 'NONE',  ( -7.762554314588752113, 13.42900467476706972, 1.199999999999999956 ) ) ;
#9889 = CARTESIAN_POINT ( 'NONE',  ( -3.179999999999996163, 8.259999999999996234, -2.500000000000000000 ) ) ;
#9890 = ORIENTED_EDGE ( 'NONE', *, *, #9447, .T. ) ;
#9891 = CARTESIAN_POINT ( 'NONE',  ( -7.758395282923619796, 14.47326820871890973, 1.209999999999999964 ) ) ;
#9892 = EDGE_CURVE ( 'NONE', #7712, #837, #5011, .T. ) ;
#9893 = EDGE_CURVE ( 'NONE', #10099, #4663, #7565, .T. ) ;
#9894 = ORIENTED_EDGE ( 'NONE', *, *, #4000, .T. ) ;
#9895 = FACE_OUTER_BOUND ( 'NONE', #8204, .T. ) ;
#9896 = DIRECTION ( 'NONE',  ( -1.000000000000000000, 0.0000000000000000000, 0.0000000000000000000 ) ) ;
#9897 = VERTEX_POINT ( 'NONE', #1646 ) ;
#9898 = LINE ( 'NONE', #9241, #3875 ) ;
#9899 = AXIS2_PLACEMENT_3D ( 'NONE', #9190, #3929, #3084 ) ;
#9900 = CARTESIAN_POINT ( 'NONE',  ( -6.063416586338693293, 14.99799937048959464, 1.209999999999999964 ) ) ;
#9901 = CARTESIAN_POINT ( 'NONE',  ( -7.738293296541288058, 13.45499862267307911, 1.199999999999999956 ) ) ;
#9902 = CARTESIAN_POINT ( 'NONE',  ( -6.950849967915857519, 13.15485517082968592, 1.199999999999999956 ) ) ;
#9904 = DIRECTION ( 'NONE',  ( 0.0000000000000000000, 0.0000000000000000000, -1.000000000000000000 ) ) ;
#9903 = VECTOR ( 'NONE', #5740, 1000.000000000000000 ) ;
#9905 = FACE_OUTER_BOUND ( 'NONE', #9022, .T. ) ;
#9906 = LINE ( 'NONE', #5158, #3231 ) ;
#9907 = CARTESIAN_POINT ( 'NONE',  ( -6.923123090146659386, 13.41167537615842775, 1.209999999999999964 ) ) ;
#9908 = CARTESIAN_POINT ( 'NONE',  ( -6.268768774812923716, 14.40672370207652264, 1.209999999999999964 ) ) ;
#9909 = ORIENTED_EDGE ( 'NONE', *, *, #4145, .T. ) ;
#9910 = AXIS2_PLACEMENT_3D ( 'NONE', #4362, #9773, #6349 ) ;
#9911 = DIRECTION ( 'NONE',  ( -1.000000000000000000, 0.0000000000000000000, 0.0000000000000000000 ) ) ;
#9912 = FACE_OUTER_BOUND ( 'NONE', #10994, .T. ) ;
#9913 = DIRECTION ( 'NONE',  ( 0.0000000000000000000, 0.0000000000000000000, -1.000000000000000000 ) ) ;
#9914 = ORIENTED_EDGE ( 'NONE', *, *, #5525, .T. ) ;
#9915 = CARTESIAN_POINT ( 'NONE',  ( -8.111566388498816949, 13.40855610241303886, 1.209999999999999964 ) ) ;
#9916 = EDGE_CURVE ( 'NONE', #1602, #7515, #10272, .T. ) ;
#9917 = ADVANCED_FACE ( 'NONE', ( #5185 ), #7795, .F. ) ;
#9918 = DIRECTION ( 'NONE',  ( 1.000000000000000000, -0.0000000000000000000, -0.0000000000000000000 ) ) ;
#9919 = VECTOR ( 'NONE', #10247, 1000.000000000000000 ) ;
#9920 = ORIENTED_EDGE ( 'NONE', *, *, #1359, .T. ) ;
#9921 = LINE ( 'NONE', #2258, #4253 ) ;
#9922 = CARTESIAN_POINT ( 'NONE',  ( -1.269999999999999796, 14.75000000000000178, 1.199999999999999956 ) ) ;
#9923 = EDGE_CURVE ( 'NONE', #6072, #9897, #907, .T. ) ;
#9924 = CIRCLE ( 'NONE', #10827, 0.4000000000000001887 ) ;
#9925 = CARTESIAN_POINT ( 'NONE',  ( -11.25338005210570813, 14.87130246320597493, 1.209999999999999964 ) ) ;
#9926 = CARTESIAN_POINT ( 'NONE',  ( -7.386508534852937125, 13.38914728797413289, 1.199999999999999956 ) ) ;
#9927 = DIRECTION ( 'NONE',  ( 0.0000000000000000000, 0.0000000000000000000, -1.000000000000000000 ) ) ;
#9928 = CARTESIAN_POINT ( 'NONE',  ( -7.583369367008716999, 15.06835632282541937, 1.199999999999999956 ) ) ;
#9929 = CARTESIAN_POINT ( 'NONE',  ( -9.031379932137193478, 14.00371029876158069, 1.199999999999999956 ) ) ;
#9930 = DIRECTION ( 'NONE',  ( -0.0000000000000000000, -1.000000000000000000, -0.0000000000000000000 ) ) ;
#9931 = ORIENTED_EDGE ( 'NONE', *, *, #6402, .F. ) ;
#9932 = CARTESIAN_POINT ( 'NONE',  ( -11.06058185462844889, 13.01079918184770001, 1.199999999999999956 ) ) ;
#9933 = VECTOR ( 'NONE', #4910, 1000.000000000000000 ) ;
#9934 = EDGE_LOOP ( 'NONE', ( #2936, #7916, #4783, #484, #5065, #9714, #7799, #1660, #7164, #1486, #35, #5437 ) ) ;
#9935 = CARTESIAN_POINT ( 'NONE',  ( -10.57858613110296098, 13.49279490537085913, 1.199999999999999956 ) ) ;
#9936 = CYLINDRICAL_SURFACE ( 'NONE', #4048, 2.250000000000000444 ) ;
#9937 = ORIENTED_EDGE ( 'NONE', *, *, #2732, .F. ) ;
#9938 = EDGE_CURVE ( 'NONE', #9556, #8206, #7688, .T. ) ;
#9939 = EDGE_CURVE ( 'NONE', #8262, #4393, #4383, .T. ) ;
#9940 = ORIENTED_EDGE ( 'NONE', *, *, #2086, .T. ) ;
#9941 = CARTESIAN_POINT ( 'NONE',  ( -6.690217316893680710, 13.81544803366346308, 1.209999999999999964 ) ) ;
#9942 = ORIENTED_EDGE ( 'NONE', *, *, #3798, .T. ) ;
#9943 = CARTESIAN_POINT ( 'NONE',  ( -7.394826598183222188, 13.31983009355342240, 1.199999999999999956 ) ) ;
#9944 = ORIENTED_EDGE ( 'NONE', *, *, #10408, .T. ) ;
#9945 = CARTESIAN_POINT ( 'NONE',  ( -5.554108500327592957, 13.77940309256395501, 1.199999999999999956 ) ) ;
#9946 = EDGE_LOOP ( 'NONE', ( #9710, #3560, #9976, #1408 ) ) ;
#9947 = DIRECTION ( 'NONE',  ( -0.0000000000000000000, -0.0000000000000000000, -1.000000000000000000 ) ) ;
#9948 = EDGE_CURVE ( 'NONE', #9373, #717, #6020, .T. ) ;
#9949 = ADVANCED_FACE ( 'NONE', ( #6848 ), #10205, .T. ) ;
#9950 = VERTEX_POINT ( 'NONE', #10376 ) ;
#9951 = VECTOR ( 'NONE', #1555, 1000.000000000000000 ) ;
#9952 = LINE ( 'NONE', #1673, #8536 ) ;
#9953 = FACE_OUTER_BOUND ( 'NONE', #6658, .T. ) ;
#9954 = LINE ( 'NONE', #2293, #247 ) ;
#9955 = VECTOR ( 'NONE', #8159, 1000.000000000000000 ) ;
#9956 = CARTESIAN_POINT ( 'NONE',  ( -6.403070839003302872, 14.85485936400673168, 1.209999999999999964 ) ) ;
#9957 = VERTEX_POINT ( 'NONE', #4448 ) ;
#9958 = VECTOR ( 'NONE', #9570, 1000.000000000000000 ) ;
#9959 = DIRECTION ( 'NONE',  ( 1.000000000000000000, -0.0000000000000000000, 0.0000000000000000000 ) ) ;
#9960 = DIRECTION ( 'NONE',  ( 1.000000000000000000, -0.0000000000000000000, -0.0000000000000000000 ) ) ;
#9961 = B_SPLINE_SURFACE_WITH_KNOTS ( 'NONE', 3, 1, ( 
 ( #9263, #8406 ),
 ( #719, #327 ),
 ( #2800, #1003 ),
 ( #4436, #6947 ) ),
 .UNSPECIFIED., .F., .F., .F.,
 ( 4, 4 ),
 ( 2, 2 ),
 ( 2.000000000000000000, 3.000000000000000000 ),
 ( 0.0000000000000000000, 1.000000000000000000 ),
 .UNSPECIFIED. ) ;
#9962 = CARTESIAN_POINT ( 'NONE',  ( -7.762554314588752113, 13.42900467476706972, 1.199999999999999956 ) ) ;
#9963 = CARTESIAN_POINT ( 'NONE',  ( 14.71000000000000085, -4.099999999999998757, 2.600000000000000533 ) ) ;
#9964 = ORIENTED_EDGE ( 'NONE', *, *, #2708, .T. ) ;
#9965 = AXIS2_PLACEMENT_3D ( 'NONE', #6740, #1787, #1655 ) ;
#9966 = CARTESIAN_POINT ( 'NONE',  ( -8.118671400925821402, 14.40672370207652264, 1.199999999999999956 ) ) ;
#9967 = EDGE_CURVE ( 'NONE', #2738, #3729, #2543, .T. ) ;
#9968 = VERTEX_POINT ( 'NONE', #1778 ) ;
#9970 = CARTESIAN_POINT ( 'NONE',  ( -11.51847783794516999, 13.33855623707175120, 1.209999999999999964 ) ) ;
#9969 = CARTESIAN_POINT ( 'NONE',  ( -9.677254275205791956, 13.62293360363234029, 1.199999999999999956 ) ) ;
#9971 = DIRECTION ( 'NONE',  ( 0.7071067811865474617, 0.7071067811865474617, -0.0000000000000000000 ) ) ;
#9972 = VERTEX_POINT ( 'NONE', #5064 ) ;
#9973 = DIRECTION ( 'NONE',  ( -1.000000000000000000, -0.0000000000000000000, -0.0000000000000000000 ) ) ;
#9974 = CARTESIAN_POINT ( 'NONE',  ( 16.99999999999999645, -11.50000000000000000, 2.700000000000000178 ) ) ;
#9975 = AXIS2_PLACEMENT_3D ( 'NONE', #2079, #4814, #5561 ) ;
#9976 = ORIENTED_EDGE ( 'NONE', *, *, #8000, .F. ) ;
#9977 = CARTESIAN_POINT ( 'NONE',  ( -7.726162787517545816, 13.40613000060642435, 1.199999999999999956 ) ) ;
#9978 = EDGE_CURVE ( 'NONE', #10083, #9988, #3509, .T. ) ;
#9979 = VECTOR ( 'NONE', #347, 1000.000000000000000 ) ;
#9980 = CARTESIAN_POINT ( 'NONE',  ( -6.063416586338694181, 14.99799937048959464, 1.199999999999999956 ) ) ;
#9981 = CARTESIAN_POINT ( 'NONE',  ( -6.569432105613887352, 14.94289220092290549, 1.209999999999999964 ) ) ;
#9982 = CARTESIAN_POINT ( 'NONE',  ( 6.500000000000000000, -14.83447752647037987, 0.6486003279100314156 ) ) ;
#9983 = DIRECTION ( 'NONE',  ( 0.0000000000000000000, -0.0000000000000000000, -1.000000000000000000 ) ) ;
#9984 = CARTESIAN_POINT ( 'NONE',  ( -10.87742351646410910, 13.38675562555588883, 1.209999999999999964 ) ) ;
#9985 = CARTESIAN_POINT ( 'NONE',  ( -5.916117548195297893, 13.93120774834882880, 1.199999999999999956 ) ) ;
#9986 = VERTEX_POINT ( 'NONE', #1019 ) ;
#9987 = PLANE ( 'NONE',  #6523 ) ;
#9988 = VERTEX_POINT ( 'NONE', #1834 ) ;
#9989 = VECTOR ( 'NONE', #6847, 1000.000000000000000 ) ;
#9990 = ADVANCED_FACE ( 'NONE', ( #6792 ), #5772, .F. ) ;
#9991 = VERTEX_POINT ( 'NONE', #9397 ) ;
#9992 = CARTESIAN_POINT ( 'NONE',  ( -6.268768774812923716, 13.63660967205741414, 1.199999999999999956 ) ) ;
#9993 = ADVANCED_FACE ( 'NONE', ( #6131 ), #7540, .F. ) ;
#9994 = EDGE_LOOP ( 'NONE', ( #1617, #3746, #2819, #4245 ) ) ;
#9995 = DIRECTION ( 'NONE',  ( -0.0000000000000000000, -0.0000000000000000000, -1.000000000000000000 ) ) ;
#9996 = VECTOR ( 'NONE', #9971, 1000.000000000000114 ) ;
#9997 = ORIENTED_EDGE ( 'NONE', *, *, #2209, .F. ) ;
#9998 = ORIENTED_EDGE ( 'NONE', *, *, #9703, .T. ) ;
#9999 = CARTESIAN_POINT ( 'NONE',  ( -6.495089414594157340, 14.83649030748758335, 1.199999999999999956 ) ) ;
#10000 = DIRECTION ( 'NONE',  ( -1.000000000000000000, 0.0000000000000000000, 0.0000000000000000000 ) ) ;
#10001 = ORIENTED_EDGE ( 'NONE', *, *, #11058, .T. ) ;
#10002 = CARTESIAN_POINT ( 'NONE',  ( -6.505313700773485586, 14.50168825843153186, 1.199999999999999956 ) ) ;
#10003 = ORIENTED_EDGE ( 'NONE', *, *, #1887, .T. ) ;
#10004 = CARTESIAN_POINT ( 'NONE',  ( -6.919137351471976949, 13.42068661143675889, 1.199999999999999956 ) ) ;
#10005 = ORIENTED_EDGE ( 'NONE', *, *, #1970, .F. ) ;
#10006 = VECTOR ( 'NONE', #1430, 1000.000000000000000 ) ;
#10007 = PLANE ( 'NONE',  #9280 ) ;
#10008 = CARTESIAN_POINT ( 'NONE',  ( -6.437209557253773973, 14.56511349132851940, 1.199999999999999956 ) ) ;
#10009 = B_SPLINE_CURVE_WITH_KNOTS ( 'NONE', 3,
 ( #4551, #1230, #1171, #4670 ),
 .UNSPECIFIED., .F., .F.,
 ( 4, 4 ),
 ( 2.000000000000000000, 3.000000000000000000 ),
 .UNSPECIFIED. ) ;
#10010 = ADVANCED_FACE ( 'NONE', ( #7629 ), #3368, .F. ) ;
#10011 = EDGE_CURVE ( 'NONE', #7229, #9957, #2271, .T. ) ;
#10012 = DIRECTION ( 'NONE',  ( 0.0000000000000000000, -1.000000000000000000, -0.0000000000000000000 ) ) ;
#10013 = VERTEX_POINT ( 'NONE', #2816 ) ;
#10014 = VECTOR ( 'NONE', #3610, 1000.000000000000000 ) ;
#10015 = CARTESIAN_POINT ( 'NONE',  ( -13.71000000000000085, -5.099999999999998757, 2.700000000000000178 ) ) ;
#10016 = LINE ( 'NONE', #1502, #6520 ) ;
#10017 = FACE_OUTER_BOUND ( 'NONE', #813, .T. ) ;
#10018 = B_SPLINE_CURVE_WITH_KNOTS ( 'NONE', 3,
 ( #7154, #326, #947, #6944 ),
 .UNSPECIFIED., .F., .F.,
 ( 4, 4 ),
 ( 7.000000000000000000, 8.000000000000000000 ),
 .UNSPECIFIED. ) ;
#10019 = EDGE_CURVE ( 'NONE', #9793, #4006, #3829, .T. ) ;
#10020 = CARTESIAN_POINT ( 'NONE',  ( -7.935154128697067044, 13.73781277591247552, 1.199999999999999956 ) ) ;
#10021 = EDGE_LOOP ( 'NONE', ( #6327, #3439 ) ) ;
#10022 = LINE ( 'NONE', #5718, #7748 ) ;
#10023 = ORIENTED_EDGE ( 'NONE', *, *, #1209, .F. ) ;
#10024 = DIRECTION ( 'NONE',  ( -1.000000000000000000, 0.0000000000000000000, 0.0000000000000000000 ) ) ;
#10025 = EDGE_LOOP ( 'NONE', ( #3611, #2387, #655, #6733, #4617, #10842, #176, #5014, #9492, #4377, #5632, #3066, #8345, #8336, #3200, #4381, #9201, #8684, #921, #1662, #2617 ) ) ;
#10026 = EDGE_CURVE ( 'NONE', #6066, #6773, #8812, .T. ) ;
#10028 = CARTESIAN_POINT ( 'NONE',  ( -7.360168000972892699, 15.00666401979160547, 1.209999999999999964 ) ) ;
#10027 = CARTESIAN_POINT ( 'NONE',  ( -5.720469766942801293, 13.86743592948012349, 1.199999999999999956 ) ) ;
#10029 = FACE_OUTER_BOUND ( 'NONE', #734, .T. ) ;
#10030 = DIRECTION ( 'NONE',  ( 0.0000000000000000000, -1.000000000000000000, 0.0000000000000000000 ) ) ;
#10031 = CARTESIAN_POINT ( 'NONE',  ( -7.999099240549312206, 14.73805989141084893, 1.209999999999999964 ) ) ;
#10032 = AXIS2_PLACEMENT_3D ( 'NONE', #10780, #2284, #5700 ) ;
#10033 = EDGE_CURVE ( 'NONE', #8818, #6388, #9612, .T. ) ;
#10034 = EDGE_CURVE ( 'NONE', #9167, #1504, #2979, .T. ) ;
#10035 = ADVANCED_FACE ( 'NONE', ( #7169 ), #391, .F. ) ;
#10036 = ORIENTED_EDGE ( 'NONE', *, *, #3839, .T. ) ;
#10037 = ORIENTED_EDGE ( 'NONE', *, *, #6263, .T. ) ;
#10038 = CARTESIAN_POINT ( 'NONE',  ( -6.234110177600258318, 13.40855610241303886, 1.209999999999999964 ) ) ;
#10039 = DIRECTION ( 'NONE',  ( 1.000000000000000000, 0.0000000000000000000, 0.0000000000000000000 ) ) ;
#10040 = DIRECTION ( 'NONE',  ( 0.0000000000000000000, 1.000000000000000000, 0.0000000000000000000 ) ) ;
#10041 = CARTESIAN_POINT ( 'NONE',  ( 8.713066640240183958, -11.36787109524561856, 0.0000000000000000000 ) ) ;
#10042 = CARTESIAN_POINT ( 'NONE',  ( 4.579999999999984972, 16.01999999999999957, -2.500000000000000000 ) ) ;
#10043 = LINE ( 'NONE', #6406, #10163 ) ;
#10044 = CARTESIAN_POINT ( 'NONE',  ( -5.920103286874581983, 13.40855610241303886, 1.209999999999999964 ) ) ;
#10045 = B_SPLINE_CURVE_WITH_KNOTS ( 'NONE', 3,
 ( #5398, #7899, #8753, #7047 ),
 .UNSPECIFIED., .F., .F.,
 ( 4, 4 ),
 ( 5.000000000000000000, 6.000000000000000000 ),
 .UNSPECIFIED. ) ;
#10046 = ORIENTED_EDGE ( 'NONE', *, *, #8493, .F. ) ;
#10047 = VERTEX_POINT ( 'NONE', #9708 ) ;
#10048 = DIRECTION ( 'NONE',  ( 1.000000000000000000, 0.0000000000000000000, 0.0000000000000000000 ) ) ;
#10049 = ORIENTED_EDGE ( 'NONE', *, *, #10228, .F. ) ;
#10050 = FACE_OUTER_BOUND ( 'NONE', #8379, .T. ) ;
#10051 = ORIENTED_EDGE ( 'NONE', *, *, #61, .T. ) ;
#10052 = PRODUCT_DEFINITION_SHAPE ( 'NONE', 'NONE',  #7495 ) ;
#10053 = ORIENTED_EDGE ( 'NONE', *, *, #5938, .T. ) ;
#10054 = ORIENTED_EDGE ( 'NONE', *, *, #692, .F. ) ;
#10055 =( NAMED_UNIT ( * ) PLANE_ANGLE_UNIT ( ) SI_UNIT ( $, .RADIAN. ) );
#10056 = VERTEX_POINT ( 'NONE', #1118 ) ;
#10057 = CARTESIAN_POINT ( 'NONE',  ( -10.07249062140200735, 13.40121564435647272, 1.209999999999999964 ) ) ;
#10058 = ORIENTED_EDGE ( 'NONE', *, *, #2809, .T. ) ;
#10059 = CARTESIAN_POINT ( 'NONE',  ( 3.809999999999999609, 14.75000000000000355, -7.100000000000000533 ) ) ;
#10060 = B_SPLINE_CURVE_WITH_KNOTS ( 'NONE', 3,
 ( #7315, #5758, #4075, #7472 ),
 .UNSPECIFIED., .F., .F.,
 ( 4, 4 ),
 ( 16.00000000000000000, 17.00000000000000000 ),
 .UNSPECIFIED. ) ;
#10061 = VERTEX_POINT ( 'NONE', #8766 ) ;
#10062 = ORIENTED_EDGE ( 'NONE', *, *, #4037, .T. ) ;
#10063 = CARTESIAN_POINT ( 'NONE',  ( -7.879353787186951230, 13.82653878477206355, 1.199999999999999956 ) ) ;
#10064 = CARTESIAN_POINT ( 'NONE',  ( 8.713066640240183958, -11.36787109524561856, -1.000000000000000000 ) ) ;
#10065 = EDGE_CURVE ( 'NONE', #6638, #9950, #6285, .T. ) ;
#10066 = CARTESIAN_POINT ( 'NONE',  ( 16.99999999999999645, 11.50000000000000178, 2.700000000000000178 ) ) ;
#10067 = EDGE_LOOP ( 'NONE', ( #1203, #10812, #10046, #7273, #1541, #10640, #8252 ) ) ;
#10068 = DIRECTION ( 'NONE',  ( -0.3385350343141495522, -0.9409537876760566411, 0.0000000000000000000 ) ) ;
#10069 = EDGE_LOOP ( 'NONE', ( #924, #8435, #3658, #9079 ) ) ;
#10070 = DIRECTION ( 'NONE',  ( 0.7071067811865574537, -0.7071067811865376918, -0.0000000000000000000 ) ) ;
#10071 = DIRECTION ( 'NONE',  ( 1.000000000000000000, -0.0000000000000000000, -0.0000000000000000000 ) ) ;
#10072 = AXIS2_PLACEMENT_3D ( 'NONE', #323, #6940, #8688 ) ;
#10073 = PLANE ( 'NONE',  #3110 ) ;
#10074 = ORIENTED_EDGE ( 'NONE', *, *, #2636, .T. ) ;
#10075 = ADVANCED_FACE ( 'NONE', ( #4550 ), #2369, .F. ) ;
#10076 = FACE_BOUND ( 'NONE', #9035, .T. ) ;
#10077 = VERTEX_POINT ( 'NONE', #3621 ) ;
#10078 = VECTOR ( 'NONE', #4375, 1000.000000000000000 ) ;
#10079 = EDGE_CURVE ( 'NONE', #2367, #455, #4500, .T. ) ;
#10081 = CARTESIAN_POINT ( 'NONE',  ( -7.830138579148580469, 14.47326820871890973, 1.199999999999999956 ) ) ;
#10080 = CARTESIAN_POINT ( 'NONE',  ( -11.58595708295062643, 14.58692523454548784, 1.199999999999999956 ) ) ;
#10082 = CARTESIAN_POINT ( 'NONE',  ( -7.286345188915333893, 13.45465203670137555, 1.209999999999999964 ) ) ;
#10083 = VERTEX_POINT ( 'NONE', #224 ) ;
#10084 = DIRECTION ( 'NONE',  ( 0.0000000000000000000, -0.0000000000000000000, -1.000000000000000000 ) ) ;
#10085 = LINE ( 'NONE', #6783, #8606 ) ;
#10086 = ORIENTED_EDGE ( 'NONE', *, *, #11, .F. ) ;
#10087 = EDGE_LOOP ( 'NONE', ( #9147, #976, #8140, #7212 ) ) ;
#10088 = EDGE_CURVE ( 'NONE', #10950, #9991, #173, .T. ) ;
#10089 = VECTOR ( 'NONE', #10680, 1000.000000000000000 ) ;
#10090 = EDGE_CURVE ( 'NONE', #1940, #1849, #10425, .T. ) ;
#10091 = CARTESIAN_POINT ( 'NONE',  ( -6.511205662297182784, 13.71424492980840348, 1.209999999999999964 ) ) ;
#10092 = DIRECTION ( 'NONE',  ( 0.0000000000000000000, 0.0000000000000000000, 1.000000000000000000 ) ) ;
#10093 = FACE_OUTER_BOUND ( 'NONE', #1424, .T. ) ;
#10094 = EDGE_CURVE ( 'NONE', #8858, #4886, #2922, .T. ) ;
#10095 = LINE ( 'NONE', #9155, #589 ) ;
#10096 = AXIS2_PLACEMENT_3D ( 'NONE', #103, #10194, #2532 ) ;
#10097 = CARTESIAN_POINT ( 'NONE',  ( -9.783293187289487491, 14.71224386524809091, 1.209999999999999964 ) ) ;
#10098 = CARTESIAN_POINT ( 'NONE',  ( -6.867496041622388248, 14.48401237385580131, 1.209999999999999964 ) ) ;
#10099 = VERTEX_POINT ( 'NONE', #9761 ) ;
#10100 = ORIENTED_EDGE ( 'NONE', *, *, #7003, .F. ) ;
#10101 = CARTESIAN_POINT ( 'NONE',  ( 13.71000000000000085, -4.099999999999998757, 2.700000000000000178 ) ) ;
#10102 = EDGE_LOOP ( 'NONE', ( #7644, #8333, #1287, #9315 ) ) ;
#10103 = EDGE_LOOP ( 'NONE', ( #6391, #5945, #7202, #4235 ) ) ;
#10104 = VECTOR ( 'NONE', #3697, 1000.000000000000000 ) ;
#10105 = APPROVAL ( #4566, '未指定' ) ;
#10106 = LINE ( 'NONE', #2435, #10158 ) ;
#10107 = LINE ( 'NONE', #974, #3920 ) ;
#10108 = ORIENTED_EDGE ( 'NONE', *, *, #5907, .F. ) ;
#10109 = LOCAL_TIME ( 16, 8, 52.00000000000000000, #3584 ) ;
#10110 = EDGE_LOOP ( 'NONE', ( #1593, #710, #1636 ) ) ;
#10111 = CARTESIAN_POINT ( 'NONE',  ( -10.42434746280384950, 15.26653894730228700, 1.209999999999999964 ) ) ;
#10112 = VERTEX_POINT ( 'NONE', #2867 ) ;
#10113 = CARTESIAN_POINT ( 'NONE',  ( -7.854746183167766738, 13.38949387394582935, 1.199999999999999956 ) ) ;
#10114 = B_SPLINE_CURVE_WITH_KNOTS ( 'NONE', 3,
 ( #6248, #8891, #2006, #7983 ),
 .UNSPECIFIED., .F., .F.,
 ( 4, 4 ),
 ( 20.00000000000000000, 21.00000000000000000 ),
 .UNSPECIFIED. ) ;
#10115 = ORIENTED_EDGE ( 'NONE', *, *, #289, .T. ) ;
#10116 = DIRECTION ( 'NONE',  ( -0.0000000000000000000, -0.0000000000000000000, 1.000000000000000000 ) ) ;
#10117 = CARTESIAN_POINT ( 'NONE',  ( -7.879353787186951230, 13.82653878477206355, 1.209999999999999964 ) ) ;
#10118 = EDGE_CURVE ( 'NONE', #6582, #7061, #2038, .T. ) ;
#10119 = CARTESIAN_POINT ( 'NONE',  ( -6.495089414594157340, 14.83649030748758335, 1.209999999999999964 ) ) ;
#10120 = LINE ( 'NONE', #8391, #2231 ) ;
#10121 = DIRECTION ( 'NONE',  ( 0.0000000000000000000, 0.0000000000000000000, 1.000000000000000000 ) ) ;
#10122 = ORIENTED_EDGE ( 'NONE', *, *, #3692, .T. ) ;
#10123 = CARTESIAN_POINT ( 'NONE',  ( -6.769065625545668041, 14.48401237385580131, 1.199999999999999956 ) ) ;
#10124 = DIRECTION ( 'NONE',  ( 0.3658589216693569068, -0.9306703226357524450, -0.0000000000000000000 ) ) ;
#10125 = VECTOR ( 'NONE', #418, 1000.000000000000114 ) ;
#10126 = VERTEX_POINT ( 'NONE', #1170 ) ;
#10127 = DIRECTION ( 'NONE',  ( -1.000000000000000000, 0.0000000000000000000, 0.0000000000000000000 ) ) ;
#10128 = CARTESIAN_POINT ( 'NONE',  ( -5.670907972932727859, 13.82480585490889879, 1.199999999999999956 ) ) ;
#10129 = B_SPLINE_CURVE_WITH_KNOTS ( 'NONE', 3,
 ( #1289, #10705, #3994, #2990 ),
 .UNSPECIFIED., .F., .F.,
 ( 4, 4 ),
 ( 8.000000000000000000, 9.000000000000000000 ),
 .UNSPECIFIED. ) ;
#10130 = ORIENTED_EDGE ( 'NONE', *, *, #5378, .F. ) ;
#10131 = LINE ( 'NONE', #2526, #4615 ) ;
#10132 = CIRCLE ( 'NONE', #1928, 0.4000000000000001887 ) ;
#10133 = AXIS2_PLACEMENT_3D ( 'NONE', #3784, #2718, #7175 ) ;
#10135 = CARTESIAN_POINT ( 'NONE',  ( -11.16662095057663073, 13.29999624822893800, 1.199999999999999956 ) ) ;
#10134 = CARTESIAN_POINT ( 'NONE',  ( -11.06540183025160751, 13.67595305967071084, 1.199999999999999956 ) ) ;
#10136 = CARTESIAN_POINT ( 'NONE',  ( -8.030291978040246192, 13.46089058420139750, 1.209999999999999964 ) ) ;
#10137 = CARTESIAN_POINT ( 'NONE',  ( -7.098495592033263080, 15.08464586351430547, 1.199999999999999956 ) ) ;
#10138 = CARTESIAN_POINT ( 'NONE',  ( 6.500000000000000000, -11.16501158252347636, 1.431180503930323589 ) ) ;
#10139 = ORIENTED_EDGE ( 'NONE', *, *, #7956, .F. ) ;
#10140 = ORIENTED_EDGE ( 'NONE', *, *, #146, .F. ) ;
#10141 = EDGE_CURVE ( 'NONE', #1423, #3694, #4612, .T. ) ;
#10142 = B_SPLINE_SURFACE_WITH_KNOTS ( 'NONE', 3, 1, ( 
 ( #3617, #9704 ),
 ( #2756, #2919 ),
 ( #10474, #7004 ),
 ( #5519, #8919 ) ),
 .UNSPECIFIED., .F., .F., .F.,
 ( 4, 4 ),
 ( 2, 2 ),
 ( 19.00000000000000000, 20.00000000000000000 ),
 ( 0.0000000000000000000, 1.000000000000000000 ),
 .UNSPECIFIED. ) ;
#10143 = CARTESIAN_POINT ( 'NONE',  ( 6.500000000000000000, -14.83447752647037987, 1.331180503930323278 ) ) ;
#10144 = DIRECTION ( 'NONE',  ( 0.0000000000000000000, 0.0000000000000000000, -1.000000000000000000 ) ) ;
#10145 = FACE_BOUND ( 'NONE', #87, .T. ) ;
#10146 = FACE_OUTER_BOUND ( 'NONE', #8203, .T. ) ;
#10147 = AXIS2_PLACEMENT_3D ( 'NONE', #6617, #1291, #10039 ) ;
#10148 = EDGE_CURVE ( 'NONE', #3155, #6012, #7283, .T. ) ;
#10149 = LINE ( 'NONE', #10988, #9989 ) ;
#10150 = VECTOR ( 'NONE', #5446, 1000.000000000000114 ) ;
#10151 = CARTESIAN_POINT ( 'NONE',  ( -7.771045670904913827, 14.39528636499620617, 1.199999999999999956 ) ) ;
#10152 = ADVANCED_FACE ( 'NONE', ( #3884 ), #2311, .T. ) ;
#10153 = CARTESIAN_POINT ( 'NONE',  ( 13.69999999999999751, -14.25000000000000178, 1.099999999999999867 ) ) ;
#10154 = DIRECTION ( 'NONE',  ( 0.0000000000000000000, 0.0000000000000000000, -1.000000000000000000 ) ) ;
#10155 = DIRECTION ( 'NONE',  ( -0.9910683662997862298, -0.1333547648937705166, 0.0000000000000000000 ) ) ;
#10156 = ORIENTED_EDGE ( 'NONE', *, *, #6060, .F. ) ;
#10157 = EDGE_CURVE ( 'NONE', #9240, #3712, #8346, .T. ) ;
#10158 = VECTOR ( 'NONE', #5861, 1000.000000000000000 ) ;
#10159 = LINE ( 'NONE', #6856, #1375 ) ;
#10160 = DIRECTION ( 'NONE',  ( -0.0000000000000000000, -1.000000000000000000, -0.0000000000000000000 ) ) ;
#10161 = CARTESIAN_POINT ( 'NONE',  ( 15.19999999999999929, 14.25000000000000178, 1.099999999999999867 ) ) ;
#10162 = CARTESIAN_POINT ( 'NONE',  ( -9.744733566180256545, 14.37484685878232860, 1.209999999999999964 ) ) ;
#10163 = VECTOR ( 'NONE', #3508, 1000.000000000000114 ) ;
#10164 = EDGE_LOOP ( 'NONE', ( #5033, #11010, #7226, #8429 ) ) ;
#10165 = DIRECTION ( 'NONE',  ( 0.0000000000000000000, 0.0000000000000000000, -1.000000000000000000 ) ) ;
#10166 = EDGE_LOOP ( 'NONE', ( #4542, #5798, #2981, #615 ) ) ;
#10167 = CARTESIAN_POINT ( 'NONE',  ( -6.567525882764849499, 14.55471591216333493, 1.209999999999999964 ) ) ;
#10168 = EDGE_CURVE ( 'NONE', #4295, #4905, #6443, .T. ) ;
#10169 = CARTESIAN_POINT ( 'NONE',  ( -11.51365772442191471, 13.66149340860838279, 1.199999999999999956 ) ) ;
#10170 = VERTEX_POINT ( 'NONE', #9266 ) ;
#10171 = LINE ( 'NONE', #4308, #2078 ) ;
#10172 = ORIENTED_EDGE ( 'NONE', *, *, #2707, .F. ) ;
#10173 = VECTOR ( 'NONE', #3091, 1000.000000000000000 ) ;
#10174 = DIRECTION ( 'NONE',  ( -0.0000000000000000000, -0.0000000000000000000, -1.000000000000000000 ) ) ;
#10175 = CARTESIAN_POINT ( 'NONE',  ( -6.519870311603818358, 14.90026212635628156, 1.209999999999999964 ) ) ;
#10176 = CARTESIAN_POINT ( 'NONE',  ( -7.293623494328188350, 13.48861746196599931, 1.199999999999999956 ) ) ;
#10177 = LINE ( 'NONE', #10909, #3760 ) ;
#10178 = ORIENTED_EDGE ( 'NONE', *, *, #3327, .F. ) ;
#10179 = CARTESIAN_POINT ( 'NONE',  ( 11.57000000000003581, 6.490000000000215152, -2.500000000000000000 ) ) ;
#10180 = PLANE ( 'NONE',  #9324 ) ;
#10181 = VERTEX_POINT ( 'NONE', #9864 ) ;
#10182 = AXIS2_PLACEMENT_3D ( 'NONE', #2012, #3695, #1804 ) ;
#10183 = CARTESIAN_POINT ( 'NONE',  ( -7.982982992848597803, 13.69899514703465293, 1.199999999999999956 ) ) ;
#10184 = VERTEX_POINT ( 'NONE', #3938 ) ;
#10185 = CARTESIAN_POINT ( 'NONE',  ( -7.507467039118579599, 13.76207379395993335, 1.209999999999999964 ) ) ;
#10186 = VERTEX_POINT ( 'NONE', #4104 ) ;
#10187 = VERTEX_POINT ( 'NONE', #3209 ) ;
#10188 = ORIENTED_EDGE ( 'NONE', *, *, #6318, .F. ) ;
#10189 = AXIS2_PLACEMENT_3D ( 'NONE', #2633, #10516, #5273 ) ;
#10190 = DIRECTION ( 'NONE',  ( 1.000000000000000000, 0.0000000000000000000, 0.0000000000000000000 ) ) ;
#10191 = EDGE_CURVE ( 'NONE', #8811, #8535, #500, .T. ) ;
#10192 = CARTESIAN_POINT ( 'NONE',  ( -5.948350043601348780, 14.66874269699015443, 1.199999999999999956 ) ) ;
#10193 = ORIENTED_EDGE ( 'NONE', *, *, #3403, .T. ) ;
#10194 = DIRECTION ( 'NONE',  ( -0.0000000000000000000, 0.0000000000000000000, -1.000000000000000000 ) ) ;
#10195 = CARTESIAN_POINT ( 'NONE',  ( -8.388661873198030250, 14.48401237385580131, 1.209999999999999964 ) ) ;
#10196 = EDGE_CURVE ( 'NONE', #6288, #10407, #8127, .T. ) ;
#10197 = ORIENTED_EDGE ( 'NONE', *, *, #8437, .F. ) ;
#10198 = EDGE_LOOP ( 'NONE', ( #9931, #2314, #1903, #7603 ) ) ;
#10199 = CARTESIAN_POINT ( 'NONE',  ( -11.06058176269505111, 13.97961060451951099, 1.199999999999999956 ) ) ;
#10200 = CARTESIAN_POINT ( 'NONE',  ( -5.217746814403468214, 13.90209452668815793, 1.209999999999999964 ) ) ;
#10201 = LINE ( 'NONE', #9393, #1568 ) ;
#10202 = CARTESIAN_POINT ( 'NONE',  ( -11.06540183025160751, 13.67595305967071084, 1.209999999999999964 ) ) ;
#10203 = ADVANCED_FACE ( 'NONE', ( #2410 ), #4164, .F. ) ;
#10204 = LINE ( 'NONE', #5963, #1956 ) ;
#10205 = CYLINDRICAL_SURFACE ( 'NONE', #9591, 0.4000000000000001887 ) ;
#10206 = EDGE_LOOP ( 'NONE', ( #10251, #9668, #5892, #1485 ) ) ;
#10207 = CARTESIAN_POINT ( 'NONE',  ( -6.013681499342751202, 15.08464586351430547, 1.209999999999999964 ) ) ;
#10208 = ORIENTED_EDGE ( 'NONE', *, *, #10500, .T. ) ;
#10209 = FACE_OUTER_BOUND ( 'NONE', #9254, .T. ) ;
#10210 = ORIENTED_EDGE ( 'NONE', *, *, #10417, .F. ) ;
#10211 = EDGE_CURVE ( 'NONE', #6012, #7723, #8236, .T. ) ;
#10212 = DIRECTION ( 'NONE',  ( -0.0000000000000000000, -0.0000000000000000000, -1.000000000000000000 ) ) ;
#10213 = CARTESIAN_POINT ( 'NONE',  ( -11.06540183025160751, 13.29999624822893800, 1.209999999999999964 ) ) ;
#10214 = DIRECTION ( 'NONE',  ( -0.9434452330799495412, 0.3315284183576420185, 0.0000000000000000000 ) ) ;
#10215 = CARTESIAN_POINT ( 'NONE',  ( -11.06540173831820972, 14.51462587601447041, 1.209999999999999964 ) ) ;
#10216 = EDGE_CURVE ( 'NONE', #7010, #109, #5221, .T. ) ;
#10217 = ORIENTED_EDGE ( 'NONE', *, *, #9473, .T. ) ;
#10218 = CARTESIAN_POINT ( 'NONE',  ( -11.21482043099647541, 14.86648248758512558, 1.199999999999999956 ) ) ;
#10219 = EDGE_LOOP ( 'NONE', ( #2859, #1270, #3367, #10543 ) ) ;
#10220 = CARTESIAN_POINT ( 'NONE',  ( -9.768833352355718702, 15.01590115727772812, 1.209999999999999964 ) ) ;
#10221 = ORIENTED_EDGE ( 'NONE', *, *, #5899, .F. ) ;
#10222 = CARTESIAN_POINT ( 'NONE',  ( -7.104907432516847088, 13.17599691512713633, 1.209999999999999964 ) ) ;
#10223 = EDGE_CURVE ( 'NONE', #8993, #5416, #2675, .T. ) ;
#10224 = ORIENTED_EDGE ( 'NONE', *, *, #8372, .F. ) ;
#10225 = LINE ( 'NONE', #932, #5341 ) ;
#10226 = DIRECTION ( 'NONE',  ( -0.0000000000000000000, -0.0000000000000000000, 1.000000000000000000 ) ) ;
#10227 = CARTESIAN_POINT ( 'NONE',  ( 4.580000000000006288, 13.47999999999999865, -2.500000000000000000 ) ) ;
#10228 = EDGE_CURVE ( 'NONE', #10170, #1354, #6553, .T. ) ;
#10229 = DIRECTION ( 'NONE',  ( -0.0000000000000000000, -0.0000000000000000000, -1.000000000000000000 ) ) ;
#10230 = ORIENTED_EDGE ( 'NONE', *, *, #1973, .F. ) ;
#10231 = CARTESIAN_POINT ( 'NONE',  ( -6.106046660905298573, 14.00918959207152348, 1.209999999999999964 ) ) ;
#10232 = DIRECTION ( 'NONE',  ( -0.3559357243698776929, -0.9345104387417458858, -0.0000000000000000000 ) ) ;
#10233 = LINE ( 'NONE', #7538, #8957 ) ;
#10234 = CARTESIAN_POINT ( 'NONE',  ( -6.768545746588097600, 14.40672370207652442, 1.209999999999999964 ) ) ;
#10235 = ORIENTED_EDGE ( 'NONE', *, *, #6162, .T. ) ;
#10236 = CARTESIAN_POINT ( 'NONE',  ( -7.934980835711221481, 13.81163558797000768, 1.209999999999999964 ) ) ;
#10237 = VERTEX_POINT ( 'NONE', #3039 ) ;
#10238 = ORIENTED_EDGE ( 'NONE', *, *, #2708, .F. ) ;
#10239 = CARTESIAN_POINT ( 'NONE',  ( -8.111566388498816949, 13.33126743063374597, 1.199999999999999956 ) ) ;
#10240 = ORIENTED_EDGE ( 'NONE', *, *, #5292, .F. ) ;
#10241 = EDGE_CURVE ( 'NONE', #10995, #2987, #2198, .T. ) ;
#10243 = CARTESIAN_POINT ( 'NONE',  ( -11.32085943501356695, 14.58692523454548784, 1.209999999999999964 ) ) ;
#10242 = CARTESIAN_POINT ( 'NONE',  ( -7.976917738336714692, 14.59249378312600953, 1.199999999999999956 ) ) ;
#10245 = CARTESIAN_POINT ( 'NONE',  ( -7.308180105158522011, 13.50074797098971935, 1.209999999999999964 ) ) ;
#10244 = VECTOR ( 'NONE', #2353, 1000.000000000000000 ) ;
#10246 = ORIENTED_EDGE ( 'NONE', *, *, #8592, .T. ) ;
#10247 = DIRECTION ( 'NONE',  ( 0.0000000000000000000, 0.0000000000000000000, -1.000000000000000000 ) ) ;
#10248 = VERTEX_POINT ( 'NONE', #4766 ) ;
#10249 = FACE_OUTER_BOUND ( 'NONE', #4601, .T. ) ;
#10250 = ORIENTED_EDGE ( 'NONE', *, *, #4659, .T. ) ;
#10251 = ORIENTED_EDGE ( 'NONE', *, *, #2140, .F. ) ;
#10252 = CARTESIAN_POINT ( 'NONE',  ( -7.999099240549312206, 14.65695877393813262, 1.209999999999999964 ) ) ;
#10253 = VECTOR ( 'NONE', #6076, 1000.000000000000000 ) ;
#10254 = CARTESIAN_POINT ( 'NONE',  ( 6.500000000000000000, -14.83447752647037987, 1.431180503930323367 ) ) ;
#10255 = CARTESIAN_POINT ( 'NONE',  ( 13.71000000000000085, -5.099999999999998757, 2.600000000000000533 ) ) ;
#10256 = EDGE_CURVE ( 'NONE', #48, #2681, #1462, .T. ) ;
#10257 = DIRECTION ( 'NONE',  ( -0.0000000000000000000, 1.000000000000000000, -0.0000000000000000000 ) ) ;
#10258 = DIRECTION ( 'NONE',  ( 1.000000000000000000, 0.0000000000000000000, 0.0000000000000000000 ) ) ;
#10259 = DIRECTION ( 'NONE',  ( 0.0000000000000000000, 0.0000000000000000000, -1.000000000000000000 ) ) ;
#10260 = LINE ( 'NONE', #5186, #4472 ) ;
#10261 = AXIS2_PLACEMENT_3D ( 'NONE', #6537, #4024, #5555 ) ;
#10262 = ORIENTED_EDGE ( 'NONE', *, *, #603, .F. ) ;
#10263 = CARTESIAN_POINT ( 'NONE',  ( -11.32085943501356695, 14.58692523454548784, 1.209999999999999964 ) ) ;
#10264 = EDGE_LOOP ( 'NONE', ( #1664, #3428, #268, #313 ) ) ;
#10265 = ADVANCED_FACE ( 'NONE', ( #8290 ), #10923, .F. ) ;
#10266 = VECTOR ( 'NONE', #490, 1000.000000000000000 ) ;
#10267 = VECTOR ( 'NONE', #4216, 1000.000000000000000 ) ;
#10268 = CARTESIAN_POINT ( 'NONE',  ( -9.508555588106119671, 14.63512453110084621, 1.199999999999999956 ) ) ;
#10269 = CARTESIAN_POINT ( 'NONE',  ( -11.32567941063441452, 14.87612239286012894, 1.209999999999999964 ) ) ;
#10270 = LINE ( 'NONE', #1657, #2830 ) ;
#10271 = CARTESIAN_POINT ( 'NONE',  ( -8.090944523158912105, 14.63131141199919227, 1.199999999999999956 ) ) ;
#10272 = B_SPLINE_CURVE_WITH_KNOTS ( 'NONE', 3,
 ( #853, #5296, #6079, #3395 ),
 .UNSPECIFIED., .F., .F.,
 ( 4, 4 ),
 ( 2.000000000000000000, 3.000000000000000000 ),
 .UNSPECIFIED. ) ;
#10273 = ORIENTED_EDGE ( 'NONE', *, *, #10733, .T. ) ;
#10274 = LINE ( 'NONE', #7877, #182 ) ;
#10275 = FACE_OUTER_BOUND ( 'NONE', #6033, .T. ) ;
#10276 = AXIS2_PLACEMENT_3D ( 'NONE', #8457, #8577, #7536 ) ;
#10277 = CARTESIAN_POINT ( 'NONE',  ( -5.080000000000000071, 16.01999999999999957, -2.500000000000000000 ) ) ;
#10278 = CARTESIAN_POINT ( 'NONE',  ( -6.618993899628585531, 14.98552227549414972, 1.209999999999999964 ) ) ;
#10279 = EDGE_CURVE ( 'NONE', #539, #4032, #7503, .T. ) ;
#10280 = EDGE_CURVE ( 'NONE', #3030, #1431, #4378, .T. ) ;
#10281 = ORIENTED_EDGE ( 'NONE', *, *, #5379, .F. ) ;
#10282 = CARTESIAN_POINT ( 'NONE',  ( -7.021553506225692409, 13.19852500331605683, 1.209999999999999964 ) ) ;
#10283 = CARTESIAN_POINT ( 'NONE',  ( -7.199178816930749569, 13.46297010003166683, 1.209999999999999964 ) ) ;
#10284 = DIRECTION ( 'NONE',  ( -1.000000000000000000, 0.0000000000000000000, 0.0000000000000000000 ) ) ;
#10285 = DIRECTION ( 'NONE',  ( 0.0000000000000000000, -0.0000000000000000000, -1.000000000000000000 ) ) ;
#10286 = ADVANCED_FACE ( 'NONE', ( #7552, #4159 ), #10976, .T. ) ;
#10287 = FACE_OUTER_BOUND ( 'NONE', #3303, .T. ) ;
#10288 = ORIENTED_EDGE ( 'NONE', *, *, #9586, .T. ) ;
#10289 = LINE ( 'NONE', #7771, #7595 ) ;
#10290 = EDGE_CURVE ( 'NONE', #1258, #10407, #1633, .T. ) ;
#10291 = CARTESIAN_POINT ( 'NONE',  ( -2.540000000000000036, 15.51999999999999957, 0.0000000000000000000 ) ) ;
#10292 = ORIENTED_EDGE ( 'NONE', *, *, #4, .F. ) ;
#10293 = ORIENTED_EDGE ( 'NONE', *, *, #2187, .F. ) ;
#10294 = CARTESIAN_POINT ( 'NONE',  ( -5.718563544093785644, 13.47925964072056537, 1.209999999999999964 ) ) ;
#10295 = ORIENTED_EDGE ( 'NONE', *, *, #10094, .T. ) ;
#10296 = ORIENTED_EDGE ( 'NONE', *, *, #3622, .F. ) ;
#10297 = B_SPLINE_CURVE_WITH_KNOTS ( 'NONE', 3,
 ( #7247, #3800, #8784, #6252 ),
 .UNSPECIFIED., .F., .F.,
 ( 4, 4 ),
 ( 2.000000000000000000, 3.000000000000000000 ),
 .UNSPECIFIED. ) ;
#10298 = AXIS2_PLACEMENT_3D ( 'NONE', #5867, #3411, #1543 ) ;
#10299 = DIRECTION ( 'NONE',  ( -0.0000000000000000000, -1.000000000000000000, -0.0000000000000000000 ) ) ;
#10300 = ORIENTED_EDGE ( 'NONE', *, *, #1887, .F. ) ;
#10301 = B_SPLINE_CURVE_WITH_KNOTS ( 'NONE', 3,
 ( #2243, #6541, #5660, #9076 ),
 .UNSPECIFIED., .F., .F.,
 ( 4, 4 ),
 ( 7.000000000000000000, 8.000000000000000000 ),
 .UNSPECIFIED. ) ;
#10302 = CARTESIAN_POINT ( 'NONE',  ( 11.57000000000003581, 6.490000000000215152, 0.0000000000000000000 ) ) ;
#10303 = DIRECTION ( 'NONE',  ( 0.0000000000000000000, -0.0000000000000000000, -1.000000000000000000 ) ) ;
#10304 = ORIENTED_EDGE ( 'NONE', *, *, #962, .F. ) ;
#10305 = CARTESIAN_POINT ( 'NONE',  ( 6.490000000000034852, 6.490000000000215152, -2.500000000000000000 ) ) ;
#10306 = ORIENTED_EDGE ( 'NONE', *, *, #6450, .T. ) ;
#10307 = CARTESIAN_POINT ( 'NONE',  ( -7.283052622179448932, 13.58566153415587507, 1.209999999999999964 ) ) ;
#10308 = ORIENTED_EDGE ( 'NONE', *, *, #7250, .T. ) ;
#10309 = ORIENTED_EDGE ( 'NONE', *, *, #571, .T. ) ;
#10310 = EDGE_CURVE ( 'NONE', #9049, #2013, #1594, .T. ) ;
#10311 = VECTOR ( 'NONE', #1182, 1000.000000000000000 ) ;
#10312 = VECTOR ( 'NONE', #9947, 1000.000000000000000 ) ;
#10313 = DIRECTION ( 'NONE',  ( -0.0000000000000000000, -0.0000000000000000000, -1.000000000000000000 ) ) ;
#10314 = FACE_BOUND ( 'NONE', #7874, .T. ) ;
#10315 = LINE ( 'NONE', #1831, #3486 ) ;
#10316 = CARTESIAN_POINT ( 'NONE',  ( -12.10651261144982982, 14.30254750025131116, 1.199999999999999956 ) ) ;
#10317 = B_SPLINE_CURVE_WITH_KNOTS ( 'NONE', 3,
 ( #8442, #925, #4247, #7758 ),
 .UNSPECIFIED., .F., .F.,
 ( 4, 4 ),
 ( 3.000000000000000000, 4.000000000000000000 ),
 .UNSPECIFIED. ) ;
#10318 = DIRECTION ( 'NONE',  ( -0.0000000000000000000, 0.0000000000000000000, 1.000000000000000000 ) ) ;
#10319 = CARTESIAN_POINT ( 'NONE',  ( 7.000000000000000000, 0.0000000000000000000, 0.0000000000000000000 ) ) ;
#10320 = LINE ( 'NONE', #2664, #9316 ) ;
#10321 = VECTOR ( 'NONE', #814, 1000.000000000000000 ) ;
#10322 = AXIS2_PLACEMENT_3D ( 'NONE', #5889, #10701, #3097 ) ;
#10323 = CARTESIAN_POINT ( 'NONE',  ( -5.354648273386310109, 13.51669092570689301, 1.209999999999999964 ) ) ;
#10324 = ORIENTED_EDGE ( 'NONE', *, *, #6133, .F. ) ;
#10325 = VERTEX_POINT ( 'NONE', #9554 ) ;
#10326 = VECTOR ( 'NONE', #1194, 1000.000000000000000 ) ;
#10327 = AXIS2_PLACEMENT_3D ( 'NONE', #9755, #7378, #9810 ) ;
#10328 = DIRECTION ( 'NONE',  ( -0.0000000000000000000, 1.000000000000000000, -0.0000000000000000000 ) ) ;
#10329 = CARTESIAN_POINT ( 'NONE',  ( 15.19999999999999929, -14.25000000000000178, 0.0000000000000000000 ) ) ;
#10330 = CARTESIAN_POINT ( 'NONE',  ( -7.337120033828714583, 13.31983009355342240, 1.209999999999999964 ) ) ;
#10331 = CARTESIAN_POINT ( 'NONE',  ( -6.500000000000000000, -14.83447752647037987, 1.431180503930323367 ) ) ;
#10332 = APPROVAL_STATUS ( 'not_yet_approved' ) ;
#10333 = ORIENTED_EDGE ( 'NONE', *, *, #5983, .T. ) ;
#10334 = CARTESIAN_POINT ( 'NONE',  ( -9.031379932137193478, 13.83501179552870219, 1.209999999999999964 ) ) ;
#10335 = ORIENTED_EDGE ( 'NONE', *, *, #2887, .F. ) ;
#10336 = LINE ( 'NONE', #1794, #7810 ) ;
#10337 = AXIS2_PLACEMENT_3D ( 'NONE', #5919, #125, #9348 ) ;
#10338 = LINE ( 'NONE', #3640, #9640 ) ;
#10339 = EDGE_CURVE ( 'NONE', #10975, #4697, #4276, .T. ) ;
#10340 = DIRECTION ( 'NONE',  ( -0.0000000000000000000, 0.0000000000000000000, 1.000000000000000000 ) ) ;
#10341 = ORIENTED_EDGE ( 'NONE', *, *, #1776, .T. ) ;
#10342 = LINE ( 'NONE', #1733, #11041 ) ;
#10343 = CARTESIAN_POINT ( 'NONE',  ( -7.227598866643366371, 13.54303145958927068, 1.209999999999999964 ) ) ;
#10344 = CARTESIAN_POINT ( 'NONE',  ( 0.8700000000000001066, 14.75000000000000178, 2.000000000000000000 ) ) ;
#10345 = ORIENTED_EDGE ( 'NONE', *, *, #4543, .T. ) ;
#10346 = EDGE_CURVE ( 'NONE', #10112, #1219, #6895, .T. ) ;
#10347 = CARTESIAN_POINT ( 'NONE',  ( -7.429485195393575658, 13.72776178271899816, 1.209999999999999964 ) ) ;
#10348 = ORIENTED_EDGE ( 'NONE', *, *, #2887, .T. ) ;
#10349 = CARTESIAN_POINT ( 'NONE',  ( -7.445081564139027996, 13.31983009355342240, 1.209999999999999964 ) ) ;
#10350 = CARTESIAN_POINT ( 'NONE',  ( -11.51847783794516999, 13.33855623707175120, 1.209999999999999964 ) ) ;
#10351 = EDGE_LOOP ( 'NONE', ( #4974, #365, #1132, #4567 ) ) ;
#10352 = ORIENTED_EDGE ( 'NONE', *, *, #9143, .F. ) ;
#10353 = CARTESIAN_POINT ( 'NONE',  ( -7.360168000972892699, 14.78970120125118903, 1.199999999999999956 ) ) ;
#10354 = ORIENTED_EDGE ( 'NONE', *, *, #8447, .T. ) ;
#10355 = VECTOR ( 'NONE', #2027, 1000.000000000000000 ) ;
#10356 = EDGE_CURVE ( 'NONE', #8255, #3073, #8589, .T. ) ;
#10357 = EDGE_CURVE ( 'NONE', #2344, #8438, #11095, .T. ) ;
#10358 = ORIENTED_EDGE ( 'NONE', *, *, #3943, .F. ) ;
#10359 = DIRECTION ( 'NONE',  ( -0.0000000000000000000, -0.0000000000000000000, -1.000000000000000000 ) ) ;
#10360 = CARTESIAN_POINT ( 'NONE',  ( -5.919583407912386797, 13.33126743063374420, 1.199999999999999956 ) ) ;
#10361 = VECTOR ( 'NONE', #7915, 1000.000000000000000 ) ;
#10362 = LINE ( 'NONE', #267, #6600 ) ;
#10363 = ORIENTED_EDGE ( 'NONE', *, *, #3217, .T. ) ;
#10364 = DIRECTION ( 'NONE',  ( -0.7071067811865474617, -0.7071067811865474617, -0.0000000000000000000 ) ) ;
#10365 = EDGE_CURVE ( 'NONE', #10956, #7545, #9329, .T. ) ;
#10366 = CARTESIAN_POINT ( 'NONE',  ( 17.70000000000000284, 16.75000000000000000, 0.0000000000000000000 ) ) ;
#10367 = ORIENTED_EDGE ( 'NONE', *, *, #3445, .T. ) ;
#10368 = ORIENTED_EDGE ( 'NONE', *, *, #7905, .F. ) ;
#10369 = VECTOR ( 'NONE', #1574, 1000.000000000000000 ) ;
#10370 = EDGE_CURVE ( 'NONE', #3362, #10410, #7732, .T. ) ;
#10371 = ORIENTED_EDGE ( 'NONE', *, *, #9192, .F. ) ;
#10372 = CARTESIAN_POINT ( 'NONE',  ( -5.220000000000001528, 10.30000000000000249, 0.0000000000000000000 ) ) ;
#10373 = CARTESIAN_POINT ( 'NONE',  ( -10.95936282623682345, 13.29999624822893800, 1.209999999999999964 ) ) ;
#10374 = LINE ( 'NONE', #2713, #4101 ) ;
#10375 = VERTEX_POINT ( 'NONE', #43 ) ;
#10376 = CARTESIAN_POINT ( 'NONE',  ( -8.126989464258420170, 14.00918959207152348, 1.209999999999999964 ) ) ;
#10377 = ADVANCED_FACE ( 'NONE', ( #6007, #8470 ), #9445, .F. ) ;
#10378 = EDGE_CURVE ( 'NONE', #6359, #3356, #5054, .T. ) ;
#10379 = DIRECTION ( 'NONE',  ( 0.0000000000000000000, -1.000000000000000000, 0.0000000000000000000 ) ) ;
#10380 = EDGE_LOOP ( 'NONE', ( #6980, #283, #606, #1046 ) ) ;
#10381 = ORIENTED_EDGE ( 'NONE', *, *, #10370, .F. ) ;
#10382 = CARTESIAN_POINT ( 'NONE',  ( -9.768833352355718702, 15.01590115727772812, 1.199999999999999956 ) ) ;
#10383 = CARTESIAN_POINT ( 'NONE',  ( -7.120850387234022527, 13.17911618887717218, 1.199999999999999956 ) ) ;
#10384 = VERTEX_POINT ( 'NONE', #780 ) ;
#10385 = CARTESIAN_POINT ( 'NONE',  ( -2.540000000000000036, 15.51999999999999957, -2.500000000000000000 ) ) ;
#10386 = CARTESIAN_POINT ( 'NONE',  ( 2.540000000000000036, 13.47999999999999865, -2.500000000000000000 ) ) ;
#10387 = SPHERICAL_SURFACE ( 'NONE', #7837, 0.4000000000000000222 ) ;
#10388 = CARTESIAN_POINT ( 'NONE',  ( -7.583369367008717887, 14.43479716581743588, 1.199999999999999956 ) ) ;
#10389 = EDGE_LOOP ( 'NONE', ( #491, #3383, #434, #1379 ) ) ;
#10390 = PERSON_AND_ORGANIZATION ( #3476, #272 ) ;
#10391 = EDGE_LOOP ( 'NONE', ( #1538, #7887, #1048, #2080 ) ) ;
#10392 = FACE_OUTER_BOUND ( 'NONE', #10979, .T. ) ;
#10393 = DIRECTION ( 'NONE',  ( 0.3493954794691488952, -0.9369753459544832852, -0.0000000000000000000 ) ) ;
#10394 = CARTESIAN_POINT ( 'NONE',  ( -7.117731113486324368, 14.71206594350019969, 1.209999999999999964 ) ) ;
#10395 = CARTESIAN_POINT ( 'NONE',  ( -7.089311063773702237, 13.17599691512713633, 1.209999999999999964 ) ) ;
#10396 = CARTESIAN_POINT ( 'NONE',  ( -14.71000000000000085, -4.099999999999998757, 2.700000000000000178 ) ) ;
#10397 = B_SPLINE_SURFACE_WITH_KNOTS ( 'NONE', 3, 1, ( 
 ( #1789, #2554 ),
 ( #799, #5254 ),
 ( #8613, #3406 ),
 ( #7642, #11060 ) ),
 .UNSPECIFIED., .F., .F., .F.,
 ( 4, 4 ),
 ( 2, 2 ),
 ( 5.000000000000000000, 6.000000000000000000 ),
 ( 0.0000000000000000000, 1.000000000000000000 ),
 .UNSPECIFIED. ) ;
#10398 = EDGE_CURVE ( 'NONE', #6031, #9219, #6951, .T. ) ;
#10399 = EDGE_CURVE ( 'NONE', #1626, #4174, #7227, .T. ) ;
#10400 = CARTESIAN_POINT ( 'NONE',  ( -6.499999999999999112, -11.50000000000000000, 2.700000000000000178 ) ) ;
#10401 = ORIENTED_EDGE ( 'NONE', *, *, #9117, .T. ) ;
#10402 = FACE_OUTER_BOUND ( 'NONE', #6708, .T. ) ;
#10403 = CARTESIAN_POINT ( 'NONE',  ( -6.203610612057373075, 14.59214719715429709, 1.199999999999999956 ) ) ;
#10404 = EDGE_LOOP ( 'NONE', ( #7778, #4122, #4809, #610 ) ) ;
#10405 = VERTEX_POINT ( 'NONE', #9505 ) ;
#10406 = CARTESIAN_POINT ( 'NONE',  ( -10.00501133042985735, 13.62775348731978298, 1.209999999999999964 ) ) ;
#10407 = VERTEX_POINT ( 'NONE', #1694 ) ;
#10408 = EDGE_CURVE ( 'NONE', #1231, #5119, #1821, .T. ) ;
#10409 = DIRECTION ( 'NONE',  ( -0.0000000000000000000, -0.0000000000000000000, -1.000000000000000000 ) ) ;
#10410 = VERTEX_POINT ( 'NONE', #2703 ) ;
#10411 = DIRECTION ( 'NONE',  ( 1.000000000000000000, 0.0000000000000000000, 0.0000000000000000000 ) ) ;
#10412 = CARTESIAN_POINT ( 'NONE',  ( -9.330217317496021678, 14.20614835554944833, 1.199999999999999956 ) ) ;
#10413 = LINE ( 'NONE', #2747, #6417 ) ;
#10414 = EDGE_LOOP ( 'NONE', ( #7348, #2566, #10221, #6431 ) ) ;
#10415 = CARTESIAN_POINT ( 'NONE',  ( -7.583369367008717887, 14.97685762619213889, 1.209999999999999964 ) ) ;
#10416 = CARTESIAN_POINT ( 'NONE',  ( -5.588247218582687914, 13.48965721988574451, 1.209999999999999964 ) ) ;
#10417 = EDGE_CURVE ( 'NONE', #3770, #7036, #4997, .T. ) ;
#10418 = VERTEX_POINT ( 'NONE', #722 ) ;
#10419 = EDGE_CURVE ( 'NONE', #3699, #2487, #8531, .T. ) ;
#10420 = ADVANCED_FACE ( 'NONE', ( #2804 ), #1215, .F. ) ;
#10421 = CARTESIAN_POINT ( 'NONE',  ( -15.19999999999999929, 14.25000000000000178, -0.1339798481102603966 ) ) ;
#10422 = CARTESIAN_POINT ( 'NONE',  ( -13.69999999999999751, -14.25000000000000178, 1.099999999999999867 ) ) ;
#10423 = LINE ( 'NONE', #7854, #8029 ) ;
#10424 = ORIENTED_EDGE ( 'NONE', *, *, #1301, .T. ) ;
#10425 = LINE ( 'NONE', #341, #790 ) ;
#10426 = CARTESIAN_POINT ( 'NONE',  ( -9.662794256407536864, 13.32891628582545174, 1.199999999999999956 ) ) ;
#10427 = VERTEX_POINT ( 'NONE', #9699 ) ;
#10428 = ADVANCED_FACE ( 'NONE', ( #330 ), #6743, .F. ) ;
#10429 = ADVANCED_FACE ( 'NONE', ( #10578 ), #3659, .F. ) ;
#10430 = LINE ( 'NONE', #8660, #10643 ) ;
#10431 = CARTESIAN_POINT ( 'NONE',  ( -6.909952823207794026, 13.25813779051960850, 1.199999999999999956 ) ) ;
#10432 = ORIENTED_EDGE ( 'NONE', *, *, #4752, .F. ) ;
#10433 = VECTOR ( 'NONE', #6088, 1000.000000000000000 ) ;
#10434 = EDGE_LOOP ( 'NONE', ( #5248, #6011, #3447, #10238 ) ) ;
#10435 = EDGE_CURVE ( 'NONE', #3968, #4985, #6375, .T. ) ;
#10436 = DIRECTION ( 'NONE',  ( 0.0000000000000000000, 0.0000000000000000000, -1.000000000000000000 ) ) ;
#10437 = LINE ( 'NONE', #7071, #6489 ) ;
#10438 = FACE_OUTER_BOUND ( 'NONE', #1058, .T. ) ;
#10439 = AXIS2_PLACEMENT_3D ( 'NONE', #11034, #10190, #8526 ) ;
#10440 = CARTESIAN_POINT ( 'NONE',  ( -9.913432253279930606, 13.62775348731978298, 1.209999999999999964 ) ) ;
#10441 = ORIENTED_EDGE ( 'NONE', *, *, #5990, .F. ) ;
#10442 = DATE_TIME_ROLE ( 'classification_date' ) ;
#10443 = ORIENTED_EDGE ( 'NONE', *, *, #9205, .F. ) ;
#10444 = CARTESIAN_POINT ( 'NONE',  ( -7.761861142643042832, 13.34859672923776941, 1.209999999999999964 ) ) ;
#10445 = EDGE_LOOP ( 'NONE', ( #10306, #5483, #8349, #6480 ) ) ;
#10446 = DIRECTION ( 'NONE',  ( 1.000000000000000000, 0.0000000000000000000, -0.0000000000000000000 ) ) ;
#10447 = CARTESIAN_POINT ( 'NONE',  ( -7.818701242068282653, 15.01706159895216786, 1.209999999999999964 ) ) ;
#10448 = CARTESIAN_POINT ( 'NONE',  ( -7.283052622179448932, 13.58566153415587507, 1.199999999999999956 ) ) ;
#10449 = VECTOR ( 'NONE', #8091, 1000.000000000000000 ) ;
#10450 = CC_DESIGN_PERSON_AND_ORGANIZATION_ASSIGNMENT ( #1895, #1848, ( #6531 ) ) ;
#10451 = ORIENTED_EDGE ( 'NONE', *, *, #9636, .T. ) ;
#10452 = CARTESIAN_POINT ( 'NONE',  ( -17.69999999999999574, 16.75000000000000000, 1.199999999999999956 ) ) ;
#10454 = CARTESIAN_POINT ( 'NONE',  ( -6.505313700773485586, 14.99488009673958011, 1.199999999999999956 ) ) ;
#10453 = VECTOR ( 'NONE', #1282, 1000.000000000000000 ) ;
#10455 = VERTEX_POINT ( 'NONE', #5346 ) ;
#10456 = FACE_OUTER_BOUND ( 'NONE', #7051, .T. ) ;
#10457 = FACE_OUTER_BOUND ( 'NONE', #10483, .T. ) ;
#10458 = LINE ( 'NONE', #7151, #2635 ) ;
#10459 = EDGE_LOOP ( 'NONE', ( #1982, #4402, #10936, #6624 ) ) ;
#10460 = FACE_OUTER_BOUND ( 'NONE', #10459, .T. ) ;
#10461 = CARTESIAN_POINT ( 'NONE',  ( -11.90407441676186373, 13.56991414758934589, 1.209999999999999964 ) ) ;
#10462 = VECTOR ( 'NONE', #6420, 1000.000000000000000 ) ;
#10463 = FACE_OUTER_BOUND ( 'NONE', #4909, .T. ) ;
#10464 = CARTESIAN_POINT ( 'NONE',  ( 15.19999999999999929, 14.25000000000000178, 0.0000000000000000000 ) ) ;
#10465 = ORIENTED_EDGE ( 'NONE', *, *, #9282, .T. ) ;
#10466 = DIRECTION ( 'NONE',  ( 0.0000000000000000000, 0.0000000000000000000, 1.000000000000000000 ) ) ;
#10467 = VERTEX_POINT ( 'NONE', #5283 ) ;
#10468 = DIRECTION ( 'NONE',  ( -1.000000000000000000, 0.0000000000000000000, 0.0000000000000000000 ) ) ;
#10469 = ADVANCED_FACE ( 'NONE', ( #5401 ), #2912, .F. ) ;
#10470 = ORIENTED_EDGE ( 'NONE', *, *, #6563, .F. ) ;
#10471 = EDGE_CURVE ( 'NONE', #6388, #1395, #1516, .T. ) ;
#10472 = AXIS2_PLACEMENT_3D ( 'NONE', #2507, #1668, #983 ) ;
#10473 = FACE_OUTER_BOUND ( 'NONE', #754, .T. ) ;
#10474 = CARTESIAN_POINT ( 'NONE',  ( -7.445081564139027996, 13.31983009355342240, 1.209999999999999964 ) ) ;
#10475 = CARTESIAN_POINT ( 'NONE',  ( -6.955008999581013818, 14.40672370207652264, 1.209999999999999964 ) ) ;
#10476 = EDGE_LOOP ( 'NONE', ( #3145, #5864, #8519, #9294 ) ) ;
#10477 = CARTESIAN_POINT ( 'NONE',  ( -11.79803536678269360, 13.45423510039484327, 1.199999999999999956 ) ) ;
#10478 = VERTEX_POINT ( 'NONE', #3608 ) ;
#10479 = DIRECTION ( 'NONE',  ( -0.0000000000000000000, -0.0000000000000000000, -1.000000000000000000 ) ) ;
#10480 = ADVANCED_FACE ( 'NONE', ( #6324 ), #5058, .T. ) ;
#10481 = EDGE_CURVE ( 'NONE', #2681, #2706, #1924, .T. ) ;
#10482 = ORIENTED_EDGE ( 'NONE', *, *, #7070, .F. ) ;
#10483 = EDGE_LOOP ( 'NONE', ( #7508, #4172, #1682 ) ) ;
#10484 = CARTESIAN_POINT ( 'NONE',  ( -6.365466261026480943, 14.40672370207652264, 1.199999999999999956 ) ) ;
#10485 = CIRCLE ( 'NONE', #8334, 1.000000000000000888 ) ;
#10486 = ORIENTED_EDGE ( 'NONE', *, *, #6731, .F. ) ;
#10487 = ORIENTED_EDGE ( 'NONE', *, *, #5596, .T. ) ;
#10488 = AXIS2_PLACEMENT_3D ( 'NONE', #10996, #3337, #2017 ) ;
#10489 = B_SPLINE_SURFACE_WITH_KNOTS ( 'NONE', 3, 1, ( 
 ( #10350, #7092 ),
 ( #7831, #7772 ),
 ( #6259, #2015 ),
 ( #1051, #6108 ) ),
 .UNSPECIFIED., .F., .F., .F.,
 ( 4, 4 ),
 ( 2, 2 ),
 ( 9.000000000000000000, 10.00000000000000000 ),
 ( 0.0000000000000000000, 1.000000000000000000 ),
 .UNSPECIFIED. ) ;
#10490 = ADVANCED_FACE ( 'NONE', ( #8911 ), #9748, .T. ) ;
#10491 = CARTESIAN_POINT ( 'NONE',  ( -7.386508534852937125, 13.38914728797413289, 1.209999999999999964 ) ) ;
#10492 = LINE ( 'NONE', #4676, #6916 ) ;
#10493 = EDGE_CURVE ( 'NONE', #1438, #457, #4439, .T. ) ;
#10494 = CARTESIAN_POINT ( 'NONE',  ( -11.26783997897056544, 13.97961060451951099, 1.199999999999999956 ) ) ;
#10495 = CARTESIAN_POINT ( 'NONE',  ( -7.641249224351386538, 13.64284821955283711, 1.199999999999999956 ) ) ;
#10496 = AXIS2_PLACEMENT_3D ( 'NONE', #1444, #3815, #5708 ) ;
#10497 = FACE_OUTER_BOUND ( 'NONE', #6068, .T. ) ;
#10498 = CIRCLE ( 'NONE', #10854, 0.4000000000000001887 ) ;
#10499 = EDGE_CURVE ( 'NONE', #2453, #2163, #382, .T. ) ;
#10500 = EDGE_CURVE ( 'NONE', #10915, #7712, #3820, .T. ) ;
#10501 = ORIENTED_EDGE ( 'NONE', *, *, #2160, .F. ) ;
#10502 = LINE ( 'NONE', #6245, #1634 ) ;
#10503 = DIRECTION ( 'NONE',  ( 0.0000000000000000000, 0.0000000000000000000, 1.000000000000000000 ) ) ;
#10504 = CARTESIAN_POINT ( 'NONE',  ( -7.154989105486801115, 13.81544803366346308, 1.209999999999999964 ) ) ;
#10505 = CARTESIAN_POINT ( 'NONE',  ( 3.809999999999999609, 14.75000000000000355, 1.600000000000000089 ) ) ;
#10506 = VECTOR ( 'NONE', #1996, 1000.000000000000000 ) ;
#10507 = ORIENTED_EDGE ( 'NONE', *, *, #3662, .T. ) ;
#10508 = FACE_OUTER_BOUND ( 'NONE', #2253, .T. ) ;
#10509 = ORIENTED_EDGE ( 'NONE', *, *, #297, .F. ) ;
#10510 = EDGE_CURVE ( 'NONE', #6908, #10184, #2029, .T. ) ;
#10511 = CARTESIAN_POINT ( 'NONE',  ( -7.438149844697894864, 13.69241001356753173, 1.209999999999999964 ) ) ;
#10512 = VERTEX_POINT ( 'NONE', #485 ) ;
#10513 = DIRECTION ( 'NONE',  ( -0.0000000000000000000, 1.000000000000000000, -0.0000000000000000000 ) ) ;
#10514 = EDGE_CURVE ( 'NONE', #2593, #1341, #8267, .T. ) ;
#10515 = EDGE_CURVE ( 'NONE', #7859, #10112, #1449, .T. ) ;
#10516 = DIRECTION ( 'NONE',  ( -0.9434452330824937283, 0.3315284183504021431, 0.0000000000000000000 ) ) ;
#10517 = VERTEX_POINT ( 'NONE', #10739 ) ;
#10518 = LINE ( 'NONE', #4583, #6549 ) ;
#10519 = ORIENTED_EDGE ( 'NONE', *, *, #7399, .F. ) ;
#10520 = CARTESIAN_POINT ( 'NONE',  ( -7.758395282923619796, 14.47326820871890973, 1.199999999999999956 ) ) ;
#10521 = DIRECTION ( 'NONE',  ( -1.000000000000000000, 0.0000000000000000000, 0.0000000000000000000 ) ) ;
#10522 = VECTOR ( 'NONE', #295, 1000.000000000000000 ) ;
#10523 = DIRECTION ( 'NONE',  ( 0.0000000000000000000, 0.0000000000000000000, 1.000000000000000000 ) ) ;
#10524 = DIRECTION ( 'NONE',  ( -0.0000000000000000000, 0.0000000000000000000, 1.000000000000000000 ) ) ;
#10525 = CARTESIAN_POINT ( 'NONE',  ( -11.90407441676186373, 13.56991414758934589, 1.199999999999999956 ) ) ;
#10526 = DIRECTION ( 'NONE',  ( -1.000000000000000000, 0.0000000000000000000, 0.0000000000000000000 ) ) ;
#10527 = CARTESIAN_POINT ( 'NONE',  ( -7.906560785998597574, 13.54372463153266715, 1.209999999999999964 ) ) ;
#10528 = ADVANCED_FACE ( 'NONE', ( #2184 ), #1563, .F. ) ;
#10529 = B_SPLINE_CURVE_WITH_KNOTS ( 'NONE', 3,
 ( #4239, #7751, #66, #6805 ),
 .UNSPECIFIED., .F., .F.,
 ( 4, 4 ),
 ( 5.000000000000000000, 6.000000000000000000 ),
 .UNSPECIFIED. ) ;
#10530 = CARTESIAN_POINT ( 'NONE',  ( -5.419806436141834105, 13.33126743063374597, 1.199999999999999956 ) ) ;
#10531 = VECTOR ( 'NONE', #4462, 1000.000000000000000 ) ;
#10532 = ORIENTED_EDGE ( 'NONE', *, *, #8000, .T. ) ;
#10533 = VECTOR ( 'NONE', #1448, 1000.000000000000000 ) ;
#10534 = B_SPLINE_CURVE_WITH_KNOTS ( 'NONE', 3,
 ( #9527, #6969, #8489, #10269 ),
 .UNSPECIFIED., .F., .F.,
 ( 4, 4 ),
 ( 4.000000000000000000, 5.000000000000000000 ),
 .UNSPECIFIED. ) ;
#10535 = PLANE ( 'NONE',  #7210 ) ;
#10536 = CARTESIAN_POINT ( 'NONE',  ( -8.388661873198030250, 13.63660967205741414, 1.209999999999999964 ) ) ;
#10537 = DIRECTION ( 'NONE',  ( -0.0000000000000000000, -0.0000000000000000000, -1.000000000000000000 ) ) ;
#10538 = ORIENTED_EDGE ( 'NONE', *, *, #3041, .F. ) ;
#10539 = DIRECTION ( 'NONE',  ( -1.000000000000000000, -0.0000000000000000000, -0.0000000000000000000 ) ) ;
#10540 = EDGE_CURVE ( 'NONE', #5080, #9350, #261, .T. ) ;
#10541 = EDGE_CURVE ( 'NONE', #5402, #2827, #9136, .T. ) ;
#10542 = CARTESIAN_POINT ( 'NONE',  ( -9.768833352355718702, 15.01590115727772812, 1.209999999999999964 ) ) ;
#10543 = ORIENTED_EDGE ( 'NONE', *, *, #4545, .T. ) ;
#10544 = ORIENTED_EDGE ( 'NONE', *, *, #9181, .T. ) ;
#10545 = ORIENTED_EDGE ( 'NONE', *, *, #1239, .F. ) ;
#10546 = CARTESIAN_POINT ( 'NONE',  ( -7.089311063773702237, 13.17599691512713633, 1.199999999999999956 ) ) ;
#10547 = VECTOR ( 'NONE', #5356, 1000.000000000000114 ) ;
#10548 = ORIENTED_EDGE ( 'NONE', *, *, #2103, .T. ) ;
#10549 = ADVANCED_FACE ( 'NONE', ( #9853 ), #4866, .F. ) ;
#10550 = PLANE ( 'NONE',  #462 ) ;
#10551 = CARTESIAN_POINT ( 'NONE',  ( -10.30000000000000249, 10.30000000000000249, 0.0000000000000000000 ) ) ;
#10552 = PLANE ( 'NONE',  #5695 ) ;
#10553 = VECTOR ( 'NONE', #6172, 1000.000000000000000 ) ;
#10554 = CARTESIAN_POINT ( 'NONE',  ( -9.894152350791914685, 13.62293360363234029, 1.199999999999999956 ) ) ;
#10555 = CARTESIAN_POINT ( 'NONE',  ( -7.438149844697894864, 13.67300119912862044, 1.199999999999999956 ) ) ;
#10556 = ORIENTED_EDGE ( 'NONE', *, *, #459, .T. ) ;
#10557 = VERTEX_POINT ( 'NONE', #10683 ) ;
#10558 = CARTESIAN_POINT ( 'NONE',  ( -7.525662802654181860, 13.65497872857658379, 1.199999999999999956 ) ) ;
#10559 = CARTESIAN_POINT ( 'NONE',  ( -8.090944523158912105, 14.73286110182594477, 1.209999999999999964 ) ) ;
#10560 = CARTESIAN_POINT ( 'NONE',  ( -7.869649379969819059, 13.61893378748169425, 1.209999999999999964 ) ) ;
#10561 = EDGE_CURVE ( 'NONE', #9786, #4733, #3251, .T. ) ;
#10562 = DIRECTION ( 'NONE',  ( -0.0000000000000000000, -1.000000000000000000, -0.0000000000000000000 ) ) ;
#10563 = CARTESIAN_POINT ( 'NONE',  ( -12.95000000000000107, -14.25000000000000178, 1.199999999999999956 ) ) ;
#10564 = EDGE_CURVE ( 'NONE', #9556, #2203, #7424, .T. ) ;
#10565 = ORIENTED_EDGE ( 'NONE', *, *, #8703, .F. ) ;
#10566 = FACE_OUTER_BOUND ( 'NONE', #1317, .T. ) ;
#10567 = EDGE_LOOP ( 'NONE', ( #7990, #6745, #10964, #6274, #466, #10725, #2855, #4335 ) ) ;
#10568 = CARTESIAN_POINT ( 'NONE',  ( -7.726162787517545816, 13.52778167681551480, 1.199999999999999956 ) ) ;
#10569 = CARTESIAN_POINT ( 'NONE',  ( -8.476174831154338563, 13.33126743063374597, 1.199999999999999956 ) ) ;
#10570 = LINE ( 'NONE', #2901, #1006 ) ;
#10571 = EDGE_CURVE ( 'NONE', #4197, #5382, #9019, .T. ) ;
#10572 = EDGE_CURVE ( 'NONE', #703, #7962, #10911, .T. ) ;
#10573 = ORIENTED_EDGE ( 'NONE', *, *, #4290, .T. ) ;
#10574 = LINE ( 'NONE', #3969, #7259 ) ;
#10575 = CARTESIAN_POINT ( 'NONE',  ( 0.0000000000000000000, 0.0000000000000000000, 1.199999999999999956 ) ) ;
#10576 = LINE ( 'NONE', #5280, #8483 ) ;
#10577 = CARTESIAN_POINT ( 'NONE',  ( -6.106046660905298573, 13.33126743063374597, 1.209999999999999964 ) ) ;
#10578 = FACE_OUTER_BOUND ( 'NONE', #3485, .T. ) ;
#10579 = DIRECTION ( 'NONE',  ( 0.0000000000000000000, 0.0000000000000000000, 1.000000000000000000 ) ) ;
#10580 = AXIS2_PLACEMENT_3D ( 'NONE', #6690, #8377, #4912 ) ;
#10581 = B_SPLINE_SURFACE_WITH_KNOTS ( 'NONE', 3, 1, ( 
 ( #7294, #4948 ),
 ( #9925, #3158 ),
 ( #7449, #6560 ),
 ( #564, #9100 ) ),
 .UNSPECIFIED., .F., .F., .F.,
 ( 4, 4 ),
 ( 2, 2 ),
 ( 4.000000000000000000, 5.000000000000000000 ),
 ( 0.0000000000000000000, 1.000000000000000000 ),
 .UNSPECIFIED. ) ;
#10582 = DIRECTION ( 'NONE',  ( -0.3559357243698743067, 0.9345104387417472180, -0.0000000000000000000 ) ) ;
#10583 = CARTESIAN_POINT ( 'NONE',  ( -17.69999999999999574, -16.75000000000000000, 1.199999999999999956 ) ) ;
#10584 = VERTEX_POINT ( 'NONE', #5559 ) ;
#10585 = CARTESIAN_POINT ( 'NONE',  ( -7.308180105158522011, 13.50074797098971935, 1.199999999999999956 ) ) ;
#10586 = LINE ( 'NONE', #7910, #1691 ) ;
#10587 = DIRECTION ( 'NONE',  ( 1.000000000000000000, 0.0000000000000000000, 0.0000000000000000000 ) ) ;
#10588 = CARTESIAN_POINT ( 'NONE',  ( -6.867496041622388248, 15.00666401979160547, 1.209999999999999964 ) ) ;
#10589 = ORIENTED_EDGE ( 'NONE', *, *, #7217, .F. ) ;
#10590 = CARTESIAN_POINT ( 'NONE',  ( -6.203610612057373075, 14.59214719715429709, 1.209999999999999964 ) ) ;
#10591 = CARTESIAN_POINT ( 'NONE',  ( -6.920870281330543605, 13.41167537615842953, 1.199999999999999956 ) ) ;
#10592 = ORIENTED_EDGE ( 'NONE', *, *, #1050, .T. ) ;
#10593 = ORIENTED_EDGE ( 'NONE', *, *, #10622, .T. ) ;
#10594 = DIRECTION ( 'NONE',  ( -0.0000000000000000000, -0.0000000000000000000, -1.000000000000000000 ) ) ;
#10595 = CARTESIAN_POINT ( 'NONE',  ( -17.00000000000000355, -11.50000000000000000, 2.700000000000000178 ) ) ;
#10596 = EDGE_CURVE ( 'NONE', #837, #10751, #8965, .T. ) ;
#10597 = CARTESIAN_POINT ( 'NONE',  ( 6.500000000000000000, -14.83447752647037987, 0.6486003279100314156 ) ) ;
#10598 = DIRECTION ( 'NONE',  ( -1.224646799147353207E-16, 1.000000000000000000, 0.0000000000000000000 ) ) ;
#10599 = CARTESIAN_POINT ( 'NONE',  ( -6.933520669311833196, 13.45153276295136813, 1.199999999999999956 ) ) ;
#10600 = CARTESIAN_POINT ( 'NONE',  ( -7.760000000000001563, 10.30000000000000249, -2.500000000000000000 ) ) ;
#10601 = DIRECTION ( 'NONE',  ( -0.0000000000000000000, 0.0000000000000000000, 1.000000000000000000 ) ) ;
#10602 = LINE ( 'NONE', #2997, #7762 ) ;
#10603 = ORIENTED_EDGE ( 'NONE', *, *, #8448, .F. ) ;
#10604 = CIRCLE ( 'NONE', #9899, 0.6825801760202918622 ) ;
#10605 = CARTESIAN_POINT ( 'NONE',  ( -9.031379932137193478, 14.00371029876158069, 1.199999999999999956 ) ) ;
#10606 = CARTESIAN_POINT ( 'NONE',  ( -11.06058176269505111, 13.97961060451951099, 1.209999999999999964 ) ) ;
#10607 = ORIENTED_EDGE ( 'NONE', *, *, #5960, .F. ) ;
#10608 = AXIS2_PLACEMENT_3D ( 'NONE', #1758, #5169, #39 ) ;
#10609 = CARTESIAN_POINT ( 'NONE',  ( -17.69999999999999574, -16.75000000000000000, 0.0000000000000000000 ) ) ;
#10610 = LINE ( 'NONE', #9941, #8398 ) ;
#10611 = ORIENTED_EDGE ( 'NONE', *, *, #10970, .T. ) ;
#10612 = CARTESIAN_POINT ( 'NONE',  ( -6.519870311603818358, 14.90026212635628156, 1.209999999999999964 ) ) ;
#10613 = PLANE ( 'NONE',  #10032 ) ;
#10614 = CARTESIAN_POINT ( 'NONE',  ( -7.976744445348555423, 13.60403059067966858, 1.199999999999999956 ) ) ;
#10615 = EDGE_CURVE ( 'NONE', #3636, #7361, #1273, .T. ) ;
#10616 = ADVANCED_FACE ( 'NONE', ( #4028 ), #3196, .F. ) ;
#10617 = ORIENTED_EDGE ( 'NONE', *, *, #2064, .T. ) ;
#10618 = CARTESIAN_POINT ( 'NONE',  ( -7.308180105158522011, 13.50074797098971935, 1.209999999999999964 ) ) ;
#10619 = DIRECTION ( 'NONE',  ( -1.000000000000000000, -0.0000000000000000000, -0.0000000000000000000 ) ) ;
#10620 = CARTESIAN_POINT ( 'NONE',  ( -7.345438097158998758, 13.75756817632308326, 1.199999999999999956 ) ) ;
#10621 = ADVANCED_FACE ( 'NONE', ( #9905 ), #9186, .F. ) ;
#10622 = EDGE_CURVE ( 'NONE', #7138, #3458, #2599, .T. ) ;
#10623 = DIRECTION ( 'NONE',  ( -0.0000000000000000000, -0.0000000000000000000, -1.000000000000000000 ) ) ;
#10624 = ORIENTED_EDGE ( 'NONE', *, *, #5983, .F. ) ;
#10625 = CARTESIAN_POINT ( 'NONE',  ( -11.87997449268630135, 14.64476443637584246, 1.209999999999999964 ) ) ;
#10626 = DIRECTION ( 'NONE',  ( 0.0000000000000000000, 1.000000000000000000, -0.0000000000000000000 ) ) ;
#10627 = CARTESIAN_POINT ( 'NONE',  ( -9.768833352355718702, 15.01590115727772812, 1.199999999999999956 ) ) ;
#10628 = DIRECTION ( 'NONE',  ( 0.0000000000000000000, 0.0000000000000000000, 1.000000000000000000 ) ) ;
#10629 = PLANE ( 'NONE',  #998 ) ;
#10630 = ORIENTED_EDGE ( 'NONE', *, *, #3664, .F. ) ;
#10631 = VECTOR ( 'NONE', #7325, 1000.000000000000000 ) ;
#10632 = CARTESIAN_POINT ( 'NONE',  ( -7.222400077060778578, 13.72256299313872141, 1.209999999999999964 ) ) ;
#10633 = B_SPLINE_CURVE_WITH_KNOTS ( 'NONE', 3,
 ( #1630, #6608, #551, #3984, #10135, #2467 ),
 .UNSPECIFIED., .F., .F.,
 ( 4, 2, 4 ),
 ( 2.000000000000000000, 3.000000000000000000, 4.000000000000000000 ),
 .UNSPECIFIED. ) ;
#10634 = CARTESIAN_POINT ( 'NONE',  ( -8.476174831154338563, 14.40672370207652264, 1.199999999999999956 ) ) ;
#10635 = CARTESIAN_POINT ( 'NONE',  ( -8.476174831154338563, 14.40672370207652264, 1.209999999999999964 ) ) ;
#10636 = DIRECTION ( 'NONE',  ( 0.0000000000000000000, 1.000000000000000000, -0.0000000000000000000 ) ) ;
#10637 = ORIENTED_EDGE ( 'NONE', *, *, #5117, .F. ) ;
#10638 = CARTESIAN_POINT ( 'NONE',  ( -17.44999999999999929, -14.25000000000000178, 1.099999999999999867 ) ) ;
#10639 = CARTESIAN_POINT ( 'NONE',  ( 8.713066640240183958, -11.36787109524561856, -1.000000000000000000 ) ) ;
#10640 = ORIENTED_EDGE ( 'NONE', *, *, #7398, .F. ) ;
#10641 = ORIENTED_EDGE ( 'NONE', *, *, #7191, .T. ) ;
#10642 = CARTESIAN_POINT ( 'NONE',  ( -5.646127075927692474, 13.67646705885035630, 1.209999999999999964 ) ) ;
#10643 = VECTOR ( 'NONE', #60, 1000.000000000000000 ) ;
#10644 = LINE ( 'NONE', #8933, #8012 ) ;
#10645 = CARTESIAN_POINT ( 'NONE',  ( -6.074507337447293764, 14.95051709230978787, 1.199999999999999956 ) ) ;
#10646 = DIRECTION ( 'NONE',  ( -0.0000000000000000000, -0.0000000000000000000, -1.000000000000000000 ) ) ;
#10647 = CARTESIAN_POINT ( 'NONE',  ( -6.175883734288176719, 14.66874269699015443, 1.199999999999999956 ) ) ;
#10648 = CARTESIAN_POINT ( 'NONE',  ( 0.0000000000000000000, 16.01999999999999957, -2.500000000000000000 ) ) ;
#10649 = LINE ( 'NONE', #3953, #9295 ) ;
#10650 = CARTESIAN_POINT ( 'NONE',  ( -7.839496400396323672, 13.55897441430642125, 1.209999999999999964 ) ) ;
#10651 = ORIENTED_EDGE ( 'NONE', *, *, #4057, .F. ) ;
#10652 = VECTOR ( 'NONE', #4735, 1000.000000000000000 ) ;
#10653 = EDGE_CURVE ( 'NONE', #9331, #763, #10016, .T. ) ;
#10654 = ORIENTED_EDGE ( 'NONE', *, *, #4602, .T. ) ;
#10655 = CARTESIAN_POINT ( 'NONE',  ( -7.945898293831654691, 14.42613251651542505, 1.199999999999999956 ) ) ;
#10656 = EDGE_LOOP ( 'NONE', ( #1214, #784, #8768, #2969, #10688, #10769 ) ) ;
#10657 = CARTESIAN_POINT ( 'NONE',  ( -7.816275140263978294, 13.82653878477206355, 1.209999999999999964 ) ) ;
#10658 = DIRECTION ( 'NONE',  ( 0.0000000000000000000, -1.000000000000000000, 0.0000000000000000000 ) ) ;
#10659 = ORIENTED_EDGE ( 'NONE', *, *, #4590, .F. ) ;
#10660 = VECTOR ( 'NONE', #3706, 1000.000000000000000 ) ;
#10661 = B_SPLINE_CURVE_WITH_KNOTS ( 'NONE', 3,
 ( #8299, #9154, #4775, #1525 ),
 .UNSPECIFIED., .F., .F.,
 ( 4, 4 ),
 ( 1.000000000000000000, 2.000000000000000000 ),
 .UNSPECIFIED. ) ;
#10662 = VECTOR ( 'NONE', #5574, 999.9999999999998863 ) ;
#10663 = CARTESIAN_POINT ( 'NONE',  ( 0.4999999999999935052, 13.47999999999999865, -2.500000000000000000 ) ) ;
#10664 = B_SPLINE_SURFACE_WITH_KNOTS ( 'NONE', 3, 1, ( 
 ( #2503, #7583 ),
 ( #6581, #7470 ),
 ( #8496, #2335 ),
 ( #2385, #10113 ) ),
 .UNSPECIFIED., .F., .F., .F.,
 ( 4, 4 ),
 ( 2, 2 ),
 ( 3.000000000000000000, 4.000000000000000000 ),
 ( 0.0000000000000000000, 1.000000000000000000 ),
 .UNSPECIFIED. ) ;
#10665 = EDGE_CURVE ( 'NONE', #3213, #6701, #10959, .T. ) ;
#10666 = EDGE_LOOP ( 'NONE', ( #3095, #4092, #9712, #6130 ) ) ;
#10667 = CARTESIAN_POINT ( 'NONE',  ( -9.677254275205791956, 13.62293360363234029, 1.199999999999999956 ) ) ;
#10668 = VERTEX_POINT ( 'NONE', #8395 ) ;
#10669 = DIRECTION ( 'NONE',  ( 0.0000000000000000000, 0.0000000000000000000, 1.000000000000000000 ) ) ;
#10670 = ADVANCED_FACE ( 'NONE', ( #4983 ), #2575, .T. ) ;
#10671 = FACE_OUTER_BOUND ( 'NONE', #4872, .T. ) ;
#10672 = VERTEX_POINT ( 'NONE', #5882 ) ;
#10673 = CARTESIAN_POINT ( 'NONE',  ( -7.283052622179448932, 13.58566153415587507, 1.199999999999999956 ) ) ;
#10674 = CIRCLE ( 'NONE', #116, 2.249999999999998668 ) ;
#10675 = CARTESIAN_POINT ( 'NONE',  ( -6.505313700773485586, 14.50168825843153186, 1.209999999999999964 ) ) ;
#10676 = ORIENTED_EDGE ( 'NONE', *, *, #5516, .T. ) ;
#10677 = CARTESIAN_POINT ( 'NONE',  ( -6.867496041622388248, 15.00666401979160547, 1.199999999999999956 ) ) ;
#10678 = PLANE ( 'NONE',  #9451 ) ;
#10679 = AXIS2_PLACEMENT_3D ( 'NONE', #2205, #3895, #769 ) ;
#10680 = DIRECTION ( 'NONE',  ( -0.0000000000000000000, 1.000000000000000000, -0.0000000000000000000 ) ) ;
#10681 = CARTESIAN_POINT ( 'NONE',  ( -5.646127075927692474, 13.59190008165592012, 1.199999999999999956 ) ) ;
#10682 = ORIENTED_EDGE ( 'NONE', *, *, #7080, .T. ) ;
#10683 = CARTESIAN_POINT ( 'NONE',  ( -8.476174831154338563, 15.08464586351430547, 1.209999999999999964 ) ) ;
#10684 = CARTESIAN_POINT ( 'NONE',  ( -3.810000000000000053, 14.75000000000000178, 2.000000000000000000 ) ) ;
#10685 = CARTESIAN_POINT ( 'NONE',  ( 17.44999999999999929, -14.25000000000000178, 1.099999999999999867 ) ) ;
#10686 = ORIENTED_EDGE ( 'NONE', *, *, #5351, .T. ) ;
#10687 = LINE ( 'NONE', #6436, #8704 ) ;
#10688 = ORIENTED_EDGE ( 'NONE', *, *, #1108, .F. ) ;
#10689 = VECTOR ( 'NONE', #3518, 1000.000000000000000 ) ;
#10690 = EDGE_CURVE ( 'NONE', #2681, #4966, #29, .T. ) ;
#10691 = DIRECTION ( 'NONE',  ( 0.0000000000000000000, -0.0000000000000000000, 1.000000000000000000 ) ) ;
#10692 = VERTEX_POINT ( 'NONE', #5157 ) ;
#10693 = EDGE_CURVE ( 'NONE', #5031, #9049, #9487, .T. ) ;
#10694 = CARTESIAN_POINT ( 'NONE',  ( -11.80285515853674916, 14.10492951102230919, 1.199999999999999956 ) ) ;
#10695 = CARTESIAN_POINT ( 'NONE',  ( -9.706173945071018494, 14.37484685878232860, 1.199999999999999956 ) ) ;
#10696 = CARTESIAN_POINT ( 'NONE',  ( -7.434857277962015232, 13.81371510380489731, 1.209999999999999964 ) ) ;
#10697 = CARTESIAN_POINT ( 'NONE',  ( -10.57858613110296098, 13.49279490537085913, 1.199999999999999956 ) ) ;
#10698 = ORIENTED_EDGE ( 'NONE', *, *, #2295, .F. ) ;
#10699 = EDGE_LOOP ( 'NONE', ( #6394, #1467, #9114, #10178 ) ) ;
#10700 = EDGE_LOOP ( 'NONE', ( #3364, #8737, #9367, #6409 ) ) ;
#10701 = DIRECTION ( 'NONE',  ( -1.000000000000000000, -2.071311613106635153E-16, 0.0000000000000000000 ) ) ;
#10702 = EDGE_CURVE ( 'NONE', #6645, #5389, #4318, .T. ) ;
#10703 = EDGE_LOOP ( 'NONE', ( #10368, #4105, #5767, #8760 ) ) ;
#10704 = VECTOR ( 'NONE', #424, 1000.000000000000000 ) ;
#10705 = CARTESIAN_POINT ( 'NONE',  ( -7.257751846216843106, 13.81960706532859540, 1.209999999999999964 ) ) ;
#10706 = CARTESIAN_POINT ( 'NONE',  ( -7.641249224351385649, 13.33126743063374597, 1.199999999999999956 ) ) ;
#10707 = FACE_BOUND ( 'NONE', #181, .T. ) ;
#10708 = ADVANCED_FACE ( 'NONE', ( #882 ), #5042, .F. ) ;
#10709 = EDGE_CURVE ( 'NONE', #9231, #3846, #5821, .T. ) ;
#10710 = LINE ( 'NONE', #3103, #1306 ) ;
#10711 = PLANE ( 'NONE',  #8572 ) ;
#10712 = DIRECTION ( 'NONE',  ( -0.0000000000000000000, -0.0000000000000000000, -1.000000000000000000 ) ) ;
#10713 = DIRECTION ( 'NONE',  ( -0.0000000000000000000, -0.0000000000000000000, -1.000000000000000000 ) ) ;
#10714 = VECTOR ( 'NONE', #1881, 1000.000000000000000 ) ;
#10715 = EDGE_LOOP ( 'NONE', ( #9403, #7339, #10698 ) ) ;
#10716 = CARTESIAN_POINT ( 'NONE',  ( -7.419607495190570390, 13.64735383719431283, 1.199999999999999956 ) ) ;
#10717 = ORIENTED_EDGE ( 'NONE', *, *, #3417, .T. ) ;
#10718 = B_SPLINE_CURVE_WITH_KNOTS ( 'NONE', 3,
 ( #3690, #1040, #982, #1901 ),
 .UNSPECIFIED., .F., .F.,
 ( 4, 4 ),
 ( 2.000000000000000000, 3.000000000000000000 ),
 .UNSPECIFIED. ) ;
#10719 = CARTESIAN_POINT ( 'NONE',  ( -5.912651688473564704, 14.00918959207152348, 1.209999999999999964 ) ) ;
#10720 = CARTESIAN_POINT ( 'NONE',  ( -7.583369367008716999, 14.43479716581743411, 1.199999999999999956 ) ) ;
#10721 = EDGE_LOOP ( 'NONE', ( #1637, #7187, #1286 ) ) ;
#10722 = VECTOR ( 'NONE', #8686, 1000.000000000000000 ) ;
#10723 = CARTESIAN_POINT ( 'NONE',  ( -7.927875823281901546, 14.94185244300777349, 1.199999999999999956 ) ) ;
#10724 = CARTESIAN_POINT ( 'NONE',  ( 13.71000000000000085, -5.099999999999998757, 2.700000000000000178 ) ) ;
#10725 = ORIENTED_EDGE ( 'NONE', *, *, #6236, .F. ) ;
#10726 = CARTESIAN_POINT ( 'NONE',  ( -7.289984341622917086, 13.33265377452059042, 1.199999999999999956 ) ) ;
#10727 = PLANE ( 'NONE',  #1439 ) ;
#10728 = FACE_OUTER_BOUND ( 'NONE', #991, .T. ) ;
#10729 = B_SPLINE_CURVE_WITH_KNOTS ( 'NONE', 3,
 ( #9681, #2831, #8199, #7135 ),
 .UNSPECIFIED., .F., .F.,
 ( 4, 4 ),
 ( 34.00000000000000000, 35.00000000000000000 ),
 .UNSPECIFIED. ) ;
#10730 = ORIENTED_EDGE ( 'NONE', *, *, #1316, .T. ) ;
#10731 = CARTESIAN_POINT ( 'NONE',  ( -6.511205662297182784, 13.63660967205741414, 1.209999999999999964 ) ) ;
#10732 = CARTESIAN_POINT ( 'NONE',  ( -6.074507337447295541, 14.95051709230978787, 1.209999999999999964 ) ) ;
#10733 = EDGE_CURVE ( 'NONE', #4850, #9046, #8399, .T. ) ;
#10734 = EDGE_CURVE ( 'NONE', #9866, #10181, #3483, .T. ) ;
#10735 = CARTESIAN_POINT ( 'NONE',  ( 5.079999999999999183, 13.97999999999999332, -2.500000000000000000 ) ) ;
#10736 = DIRECTION ( 'NONE',  ( -1.000000000000000000, -0.0000000000000000000, -0.0000000000000000000 ) ) ;
#10737 = DIRECTION ( 'NONE',  ( 0.0000000000000000000, 0.0000000000000000000, 1.000000000000000000 ) ) ;
#10738 = VERTEX_POINT ( 'NONE', #11020 ) ;
#10739 = CARTESIAN_POINT ( 'NONE',  ( -4.580000000000007176, 16.01999999999999957, 0.0000000000000000000 ) ) ;
#10740 = CARTESIAN_POINT ( 'NONE',  ( -10.07249062140200735, 13.56027401248085340, 1.209999999999999964 ) ) ;
#10741 = DIRECTION ( 'NONE',  ( -0.0000000000000000000, 0.0000000000000000000, 1.000000000000000000 ) ) ;
#10742 = EDGE_LOOP ( 'NONE', ( #8079, #6000, #6801, #11055 ) ) ;
#10743 = DIRECTION ( 'NONE',  ( 0.0000000000000000000, 1.000000000000000000, 0.0000000000000000000 ) ) ;
#10744 = EDGE_CURVE ( 'NONE', #5722, #9049, #3365, .T. ) ;
#10745 = DIRECTION ( 'NONE',  ( 0.0000000000000000000, 1.000000000000000000, 0.0000000000000000000 ) ) ;
#10746 = EDGE_LOOP ( 'NONE', ( #4438, #3529, #3858, #3289, #8896, #8224, #8318, #10682, #663, #3837, #705, #5434, #10532, #3023, #2057 ) ) ;
#10747 = LINE ( 'NONE', #3933, #9109 ) ;
#10749 = CARTESIAN_POINT ( 'NONE',  ( -0.5000000000000143219, 16.01999999999999957, -2.500000000000000000 ) ) ;
#10748 = CARTESIAN_POINT ( 'NONE',  ( -6.268768774812923716, 13.71424492980840348, 1.199999999999999956 ) ) ;
#10750 = CARTESIAN_POINT ( 'NONE',  ( -6.920870281330543605, 13.41167537615842775, 1.209999999999999964 ) ) ;
#10751 = VERTEX_POINT ( 'NONE', #10123 ) ;
#10752 = CARTESIAN_POINT ( 'NONE',  ( -7.471248805033219753, 13.78806774186596584, 1.199999999999999956 ) ) ;
#10753 = DIRECTION ( 'NONE',  ( -0.0000000000000000000, -0.0000000000000000000, -1.000000000000000000 ) ) ;
#10754 = EDGE_LOOP ( 'NONE', ( #957, #8670, #68, #5985 ) ) ;
#10755 = CARTESIAN_POINT ( 'NONE',  ( 3.039999999999993374, 16.01999999999999957, -2.500000000000000000 ) ) ;
#10756 = ADVANCED_FACE ( 'NONE', ( #9312 ), #764, .F. ) ;
#10757 = ORIENTED_EDGE ( 'NONE', *, *, #7734, .F. ) ;
#10758 = EDGE_CURVE ( 'NONE', #5358, #796, #1806, .T. ) ;
#10759 = B_SPLINE_SURFACE_WITH_KNOTS ( 'NONE', 3, 1, ( 
 ( #4853, #3347 ),
 ( #9171, #8440 ),
 ( #9413, #6635 ),
 ( #5806, #5756 ) ),
 .UNSPECIFIED., .F., .F., .F.,
 ( 4, 4 ),
 ( 2, 2 ),
 ( 7.000000000000000000, 8.000000000000000000 ),
 ( 0.0000000000000000000, 1.000000000000000000 ),
 .UNSPECIFIED. ) ;
#10760 = CARTESIAN_POINT ( 'NONE',  ( -5.225544998776203265, 13.87506082086700054, 1.209999999999999964 ) ) ;
#10761 = DIRECTION ( 'NONE',  ( 0.0000000000000000000, 1.000000000000000000, 0.0000000000000000000 ) ) ;
#10762 = CARTESIAN_POINT ( 'NONE',  ( -6.765079886870985604, 15.00666401979160547, 1.209999999999999964 ) ) ;
#10763 = LINE ( 'NONE', #1526, #9903 ) ;
#10764 = CARTESIAN_POINT ( 'NONE',  ( -6.018533702951326170, 13.40855610241303886, 1.199999999999999956 ) ) ;
#10765 = EDGE_CURVE ( 'NONE', #3974, #10126, #85, .T. ) ;
#10766 = CARTESIAN_POINT ( 'NONE',  ( -15.19999999999999929, 14.25000000000000178, 1.099999999999999867 ) ) ;
#10767 = SPHERICAL_SURFACE ( 'NONE', #8851, 0.4000000000000000222 ) ;
#10768 = ADVANCED_FACE ( 'NONE', ( #7600 ), #821, .F. ) ;
#10769 = ORIENTED_EDGE ( 'NONE', *, *, #8219, .F. ) ;
#10770 = FACE_OUTER_BOUND ( 'NONE', #3779, .T. ) ;
#10771 = ORIENTED_EDGE ( 'NONE', *, *, #7548, .F. ) ;
#10772 = FACE_OUTER_BOUND ( 'NONE', #617, .T. ) ;
#10773 = DIRECTION ( 'NONE',  ( -0.3559357243643078150, -0.9345104387438672999, -0.0000000000000000000 ) ) ;
#10774 = VECTOR ( 'NONE', #1864, 1000.000000000000000 ) ;
#10775 = ORIENTED_EDGE ( 'NONE', *, *, #4217, .T. ) ;
#10776 = CARTESIAN_POINT ( 'NONE',  ( -17.69999999999999574, -16.75000000000000000, 1.199999999999999956 ) ) ;
#10777 = ORIENTED_EDGE ( 'NONE', *, *, #4430, .T. ) ;
#10778 = CARTESIAN_POINT ( 'NONE',  ( -5.766738994217011971, 13.43212394851245683, 1.199999999999999956 ) ) ;
#10779 = ORIENTED_EDGE ( 'NONE', *, *, #5383, .T. ) ;
#10780 = CARTESIAN_POINT ( 'NONE',  ( -6.365466261026480943, 14.40672370207652264, 1.209999999999999964 ) ) ;
#10781 = EDGE_CURVE ( 'NONE', #3096, #1709, #7866, .T. ) ;
#10782 = EDGE_LOOP ( 'NONE', ( #4539, #10482, #2925, #1122 ) ) ;
#10783 = DIRECTION ( 'NONE',  ( -0.0000000000000000000, -0.0000000000000000000, -1.000000000000000000 ) ) ;
#10784 = AXIS2_PLACEMENT_3D ( 'NONE', #3897, #6618, #684 ) ;
#10785 = VERTEX_POINT ( 'NONE', #3431 ) ;
#10786 = DIRECTION ( 'NONE',  ( -0.0000000000000000000, -0.0000000000000000000, -1.000000000000000000 ) ) ;
#10787 = CARTESIAN_POINT ( 'NONE',  ( -9.744733566180256545, 14.37484685878232860, 1.209999999999999964 ) ) ;
#10788 = CARTESIAN_POINT ( 'NONE',  ( -6.567525882764849499, 14.55471591216333493, 1.209999999999999964 ) ) ;
#10789 = ORIENTED_EDGE ( 'NONE', *, *, #5395, .T. ) ;
#10791 = CARTESIAN_POINT ( 'NONE',  ( -6.569432105613887352, 14.94289220092290549, 1.209999999999999964 ) ) ;
#10790 = AXIS2_PLACEMENT_3D ( 'NONE', #4118, #5631, #8193 ) ;
#10792 = EDGE_LOOP ( 'NONE', ( #4518, #7224, #11019, #2857 ) ) ;
#10793 = CARTESIAN_POINT ( 'NONE',  ( -7.526182681611753189, 13.43593639420589092, 1.199999999999999956 ) ) ;
#10794 = CARTESIAN_POINT ( 'NONE',  ( -7.008383239286827937, 13.10321386098472374, 1.199999999999999956 ) ) ;
#10795 = EDGE_CURVE ( 'NONE', #6437, #796, #10289, .T. ) ;
#10796 = CARTESIAN_POINT ( 'NONE',  ( -7.786642039650390146, 13.40266414088469382, 1.199999999999999956 ) ) ;
#10797 = FACE_OUTER_BOUND ( 'NONE', #4683, .T. ) ;
#10798 = VERTEX_POINT ( 'NONE', #5329 ) ;
#10799 = CARTESIAN_POINT ( 'NONE',  ( -11.25338014403910769, 13.59401374989802136, 1.199999999999999956 ) ) ;
#10800 = ORIENTED_EDGE ( 'NONE', *, *, #5572, .T. ) ;
#10802 = CARTESIAN_POINT ( 'NONE',  ( -7.999099240549312206, 14.73805989141084893, 1.199999999999999956 ) ) ;
#10801 = CARTESIAN_POINT ( 'NONE',  ( -7.217374580466353606, 13.38360191242213126, 1.209999999999999964 ) ) ;
#10803 = ADVANCED_FACE ( 'NONE', ( #10456 ), #1960, .T. ) ;
#10804 = DIRECTION ( 'NONE',  ( 0.0000000000000000000, -0.0000000000000000000, -1.000000000000000000 ) ) ;
#10805 = VERTEX_POINT ( 'NONE', #10568 ) ;
#10806 = CARTESIAN_POINT ( 'NONE',  ( -7.337120033828714583, 13.82653878477206355, 1.199999999999999956 ) ) ;
#10807 = B_SPLINE_CURVE_WITH_KNOTS ( 'NONE', 3,
 ( #5359, #6853, #968, #3627 ),
 .UNSPECIFIED., .F., .F.,
 ( 4, 4 ),
 ( 2.000000000000000000, 3.000000000000000000 ),
 .UNSPECIFIED. ) ;
#10808 = ORIENTED_EDGE ( 'NONE', *, *, #6664, .F. ) ;
#10809 = CARTESIAN_POINT ( 'NONE',  ( -7.761861142643042832, 13.34859672923776941, 1.199999999999999956 ) ) ;
#10810 = VECTOR ( 'NONE', #7676, 1000.000000000000000 ) ;
#10811 = EDGE_CURVE ( 'NONE', #931, #5086, #8787, .T. ) ;
#10812 = ORIENTED_EDGE ( 'NONE', *, *, #8850, .F. ) ;
#10813 = ORIENTED_EDGE ( 'NONE', *, *, #10540, .F. ) ;
#10814 = EDGE_LOOP ( 'NONE', ( #8900, #5166, #3298, #1879 ) ) ;
#10815 = PLANE ( 'NONE',  #1786 ) ;
#10816 = LINE ( 'NONE', #6400, #1028 ) ;
#10817 = CARTESIAN_POINT ( 'NONE',  ( -17.00000000000000355, -11.50000000000000000, 2.700000000000000178 ) ) ;
#10818 = CARTESIAN_POINT ( 'NONE',  ( -6.919137351471976949, 13.42068661143675889, 1.209999999999999964 ) ) ;
#10819 = CARTESIAN_POINT ( 'NONE',  ( -6.511205662297182784, 13.71424492980840348, 1.199999999999999956 ) ) ;
#10820 = EDGE_CURVE ( 'NONE', #3078, #6824, #4643, .T. ) ;
#10821 = CARTESIAN_POINT ( 'NONE',  ( -10.96418270992428035, 13.67595305967071084, 1.209999999999999964 ) ) ;
#10822 = CARTESIAN_POINT ( 'NONE',  ( -5.212374731832719377, 13.92254309904219411, 1.199999999999999956 ) ) ;
#10823 = EDGE_CURVE ( 'NONE', #1012, #8250, #913, .T. ) ;
#10824 = EDGE_LOOP ( 'NONE', ( #6662, #9658, #5786, #7255 ) ) ;
#10825 = ORIENTED_EDGE ( 'NONE', *, *, #6698, .F. ) ;
#10826 = DIRECTION ( 'NONE',  ( 1.000000000000000000, 0.0000000000000000000, 0.0000000000000000000 ) ) ;
#10827 = AXIS2_PLACEMENT_3D ( 'NONE', #6524, #4744, #8150 ) ;
#10828 = VERTEX_POINT ( 'NONE', #6205 ) ;
#10829 = CARTESIAN_POINT ( 'NONE',  ( -11.00274233103350952, 15.07856061052913077, 1.209999999999999964 ) ) ;
#10830 = ADVANCED_FACE ( 'NONE', ( #7888 ), #5494, .F. ) ;
#10831 = EDGE_CURVE ( 'NONE', #2453, #4911, #7091, .T. ) ;
#10832 = VERTEX_POINT ( 'NONE', #8685 ) ;
#10833 = ADVANCED_FACE ( 'NONE', ( #6155 ), #1049, .F. ) ;
#10834 = EDGE_CURVE ( 'NONE', #9054, #10668, #3865, .T. ) ;
#10835 = VERTEX_POINT ( 'NONE', #7146 ) ;
#10836 = ORIENTED_EDGE ( 'NONE', *, *, #4043, .F. ) ;
#10837 = CARTESIAN_POINT ( 'NONE',  ( -6.249533253359885521, 13.93120774834882880, 1.209999999999999964 ) ) ;
#10838 = VERTEX_POINT ( 'NONE', #6107 ) ;
#10839 = CARTESIAN_POINT ( 'NONE',  ( -11.00274233103350952, 15.07856061052913077, 1.209999999999999964 ) ) ;
#10840 = ORIENTED_EDGE ( 'NONE', *, *, #5193, .F. ) ;
#10841 = CARTESIAN_POINT ( 'NONE',  ( -7.485632122875391481, 13.58704787804734160, 1.209999999999999964 ) ) ;
#10842 = ORIENTED_EDGE ( 'NONE', *, *, #1290, .T. ) ;
#10843 = VECTOR ( 'NONE', #2930, 1000.000000000000000 ) ;
#10844 = EDGE_CURVE ( 'NONE', #931, #1760, #9541, .T. ) ;
#10845 = DIRECTION ( 'NONE',  ( 0.0000000000000000000, 0.0000000000000000000, -1.000000000000000000 ) ) ;
#10846 = CARTESIAN_POINT ( 'NONE',  ( 14.70999999999999730, 8.599999999999999645, 2.700000000000000178 ) ) ;
#10847 = EDGE_CURVE ( 'NONE', #5465, #9573, #2841, .T. ) ;
#10848 = EDGE_CURVE ( 'NONE', #9544, #2631, #143, .T. ) ;
#10849 = CARTESIAN_POINT ( 'NONE',  ( -2.540000000000000036, 16.01999999999999957, -2.500000000000000000 ) ) ;
#10850 = ORIENTED_EDGE ( 'NONE', *, *, #5251, .T. ) ;
#10851 = CIRCLE ( 'NONE', #1756, 2.249999999999998668 ) ;
#10852 = CARTESIAN_POINT ( 'NONE',  ( -7.944165363970806304, 13.44460104351252561, 1.199999999999999956 ) ) ;
#10853 = VERTEX_POINT ( 'NONE', #5438 ) ;
#10854 = AXIS2_PLACEMENT_3D ( 'NONE', #9639, #4312, #6819 ) ;
#10855 = DIRECTION ( 'NONE',  ( 1.000000000000000000, 0.0000000000000000000, 0.0000000000000000000 ) ) ;
#10856 = CARTESIAN_POINT ( 'NONE',  ( -7.993033986039764116, 14.99626644062642633, 1.209999999999999964 ) ) ;
#10857 = B_SPLINE_SURFACE_WITH_KNOTS ( 'NONE', 3, 1, ( 
 ( #4823, #3036 ),
 ( #6440, #1280 ),
 ( #4931, #3935 ),
 ( #9861, #9969 ) ),
 .UNSPECIFIED., .F., .F., .F.,
 ( 4, 4 ),
 ( 2, 2 ),
 ( 24.00000000000000000, 25.00000000000000000 ),
 ( 0.0000000000000000000, 1.000000000000000000 ),
 .UNSPECIFIED. ) ;
#10858 = CARTESIAN_POINT ( 'NONE',  ( -6.500000000000000000, -11.36787109524561856, 0.6486003279100314156 ) ) ;
#10859 = ORIENTED_EDGE ( 'NONE', *, *, #5255, .F. ) ;
#10860 = LINE ( 'NONE', #5562, #4401 ) ;
#10861 = EDGE_LOOP ( 'NONE', ( #6721, #1652, #3006, #10003 ) ) ;
#10862 = VECTOR ( 'NONE', #850, 1000.000000000000000 ) ;
#10863 = VECTOR ( 'NONE', #6328, 1000.000000000000000 ) ;
#10864 = DIRECTION ( 'NONE',  ( 0.0000000000000000000, 0.0000000000000000000, -1.000000000000000000 ) ) ;
#10865 = ORIENTED_EDGE ( 'NONE', *, *, #3768, .T. ) ;
#10866 = EDGE_CURVE ( 'NONE', #8643, #5190, #4220, .T. ) ;
#10867 = FACE_OUTER_BOUND ( 'NONE', #5571, .T. ) ;
#10868 = CARTESIAN_POINT ( 'NONE',  ( -9.325397249939477717, 13.42049554684446733, 1.199999999999999956 ) ) ;
#10869 = ORIENTED_EDGE ( 'NONE', *, *, #11030, .T. ) ;
#10870 = CARTESIAN_POINT ( 'NONE',  ( -17.69999999999999574, -16.75000000000000000, 1.199999999999999956 ) ) ;
#10871 = CARTESIAN_POINT ( 'NONE',  ( -9.894152350791914685, 13.62293360363233852, 1.209999999999999964 ) ) ;
#10872 = VECTOR ( 'NONE', #9334, 1000.000000000000000 ) ;
#10873 = ORIENTED_EDGE ( 'NONE', *, *, #5651, .T. ) ;
#10874 = VERTEX_POINT ( 'NONE', #4579 ) ;
#10875 = CARTESIAN_POINT ( 'NONE',  ( -7.525662802654181860, 13.72776178271899816, 1.199999999999999956 ) ) ;
#10876 = VECTOR ( 'NONE', #7513, 1000.000000000000000 ) ;
#10877 = DIRECTION ( 'NONE',  ( -0.0000000000000000000, -0.0000000000000000000, -1.000000000000000000 ) ) ;
#10878 = FACE_OUTER_BOUND ( 'NONE', #343, .T. ) ;
#10879 = ADVANCED_FACE ( 'NONE', ( #10402 ), #9593, .F. ) ;
#10880 = EDGE_CURVE ( 'NONE', #2354, #4364, #2788, .T. ) ;
#10881 = LINE ( 'NONE', #3507, #4720 ) ;
#10882 = CARTESIAN_POINT ( 'NONE',  ( -7.761861142643042832, 13.34859672923776941, 1.209999999999999964 ) ) ;
#10883 = CARTESIAN_POINT ( 'NONE',  ( -11.44617834151405411, 13.84465183870841720, 1.199999999999999956 ) ) ;
#10884 = LINE ( 'NONE', #9218, #604 ) ;
#10885 = VERTEX_POINT ( 'NONE', #8897 ) ;
#10886 = DIRECTION ( 'NONE',  ( 0.0000000000000000000, 0.0000000000000000000, 1.000000000000000000 ) ) ;
#10887 = VECTOR ( 'NONE', #2133, 1000.000000000000000 ) ;
#10888 = ORIENTED_EDGE ( 'NONE', *, *, #834, .T. ) ;
#10889 = CARTESIAN_POINT ( 'NONE',  ( 1.670000000000000373, 14.75000000000000178, 2.000000000000000000 ) ) ;
#10890 = EDGE_CURVE ( 'NONE', #5546, #4032, #1908, .T. ) ;
#10891 = ORIENTED_EDGE ( 'NONE', *, *, #9510, .T. ) ;
#10892 = AXIS2_PLACEMENT_3D ( 'NONE', #1978, #4491, #7902 ) ;
#10893 = ORIENTED_EDGE ( 'NONE', *, *, #209, .T. ) ;
#10894 = EDGE_CURVE ( 'NONE', #10692, #438, #3012, .T. ) ;
#10895 = EDGE_LOOP ( 'NONE', ( #2531, #9845, #2766, #8550, #4452, #9189, #5699, #1535, #4476, #4600, #10262, #10371, #2524, #9345 ) ) ;
#10896 = LINE ( 'NONE', #4131, #7176 ) ;
#10897 = ORIENTED_EDGE ( 'NONE', *, *, #6263, .F. ) ;
#10898 = CARTESIAN_POINT ( 'NONE',  ( -7.501575077592571361, 13.60818962234479734, 1.199999999999999956 ) ) ;
#10899 = VERTEX_POINT ( 'NONE', #372 ) ;
#10900 = DIRECTION ( 'NONE',  ( 1.000000000000000000, 0.0000000000000000000, 0.0000000000000000000 ) ) ;
#10901 = VECTOR ( 'NONE', #3570, 1000.000000000000000 ) ;
#10902 = ADVANCED_FACE ( 'NONE', ( #4851 ), #661, .T. ) ;
#10903 = FACE_OUTER_BOUND ( 'NONE', #5046, .T. ) ;
#10904 = DIRECTION ( 'NONE',  ( -0.0000000000000000000, 0.0000000000000000000, -1.000000000000000000 ) ) ;
#10905 = LINE ( 'NONE', #5878, #1129 ) ;
#10906 = VERTEX_POINT ( 'NONE', #3122 ) ;
#10907 = VECTOR ( 'NONE', #9488, 1000.000000000000114 ) ;
#10908 = EDGE_CURVE ( 'NONE', #7666, #3523, #5482, .T. ) ;
#10909 = CARTESIAN_POINT ( 'NONE',  ( -6.074507337447292876, 14.95051709230978609, 1.199999999999999956 ) ) ;
#10910 = EDGE_LOOP ( 'NONE', ( #6393, #627, #6613, #1751 ) ) ;
#10911 = LINE ( 'NONE', #3137, #10631 ) ;
#10912 = EDGE_CURVE ( 'NONE', #474, #9354, #9197, .T. ) ;
#10913 = DIRECTION ( 'NONE',  ( 0.0000000000000000000, -0.0000000000000000000, 1.000000000000000000 ) ) ;
#10914 = EDGE_LOOP ( 'NONE', ( #4411, #10630, #9206, #5622 ) ) ;
#10915 = VERTEX_POINT ( 'NONE', #3915 ) ;
#10916 = CARTESIAN_POINT ( 'NONE',  ( -7.438149844697894864, 13.71181882800181917, 1.199999999999999956 ) ) ;
#10917 = ADVANCED_FACE ( 'NONE', ( #5698 ), #2333, .T. ) ;
#10918 = FACE_OUTER_BOUND ( 'NONE', #6138, .T. ) ;
#10920 = DIRECTION ( 'NONE',  ( -0.0000000000000000000, -0.0000000000000000000, -1.000000000000000000 ) ) ;
#10919 = CARTESIAN_POINT ( 'NONE',  ( -7.882299767951113090, 13.75756817632308326, 1.199999999999999956 ) ) ;
#10921 = CARTESIAN_POINT ( 'NONE',  ( 17.70000000000000284, 16.75000000000000000, 1.199999999999999956 ) ) ;
#10922 = ORIENTED_EDGE ( 'NONE', *, *, #4904, .T. ) ;
#10923 = PLANE ( 'NONE',  #2237 ) ;
#10924 = CARTESIAN_POINT ( 'NONE',  ( -7.360168000972892699, 14.48401237385580131, 1.199999999999999956 ) ) ;
#10925 = ORIENTED_EDGE ( 'NONE', *, *, #5524, .F. ) ;
#10926 = ORIENTED_EDGE ( 'NONE', *, *, #6891, .T. ) ;
#10927 = CARTESIAN_POINT ( 'NONE',  ( -6.615701332888102471, 14.50758021995985558, 1.199999999999999956 ) ) ;
#10928 = CARTESIAN_POINT ( 'NONE',  ( -16.70000000000000284, -14.25000000000000178, -0.1339798481102603966 ) ) ;
#10929 = FACE_OUTER_BOUND ( 'NONE', #5879, .T. ) ;
#10930 = CARTESIAN_POINT ( 'NONE',  ( -5.588247218582687914, 13.85946445212153577, 1.209999999999999964 ) ) ;
#10931 = CARTESIAN_POINT ( 'NONE',  ( -7.137486513894619300, 13.11014558042819367, 1.199999999999999956 ) ) ;
#10932 = CARTESIAN_POINT ( 'NONE',  ( -9.677254275205791956, 13.62293360363233852, 1.199999999999999956 ) ) ;
#10933 = ORIENTED_EDGE ( 'NONE', *, *, #8195, .F. ) ;
#10934 = CARTESIAN_POINT ( 'NONE',  ( -15.19999999999999929, -14.25000000000000178, -0.1339798481102603966 ) ) ;
#10935 = LINE ( 'NONE', #8428, #3892 ) ;
#10936 = ORIENTED_EDGE ( 'NONE', *, *, #6578, .F. ) ;
#10937 = EDGE_CURVE ( 'NONE', #1247, #4355, #3805, .T. ) ;
#10938 = CARTESIAN_POINT ( 'NONE',  ( -5.354648273386310109, 13.51669092570689301, 1.209999999999999964 ) ) ;
#10939 = ORIENTED_EDGE ( 'NONE', *, *, #1209, .T. ) ;
#10940 = VERTEX_POINT ( 'NONE', #3176 ) ;
#10941 = ORIENTED_EDGE ( 'NONE', *, *, #629, .F. ) ;
#10942 = EDGE_CURVE ( 'NONE', #9150, #4126, #9924, .T. ) ;
#10943 = ORIENTED_EDGE ( 'NONE', *, *, #5516, .F. ) ;
#10944 = B_SPLINE_CURVE_WITH_KNOTS ( 'NONE', 3,
 ( #9807, #9080, #1277, #429 ),
 .UNSPECIFIED., .F., .F.,
 ( 4, 4 ),
 ( 2.000000000000000000, 3.000000000000000000 ),
 .UNSPECIFIED. ) ;
#10945 = ORIENTED_EDGE ( 'NONE', *, *, #4998, .T. ) ;
#10946 = FACE_OUTER_BOUND ( 'NONE', #7722, .T. ) ;
#10947 = EDGE_LOOP ( 'NONE', ( #8092, #10197, #575, #9568 ) ) ;
#10948 = SPHERICAL_SURFACE ( 'NONE', #7633, 0.4000000000000000222 ) ;
#10949 = ORIENTED_EDGE ( 'NONE', *, *, #892, .F. ) ;
#10950 = VERTEX_POINT ( 'NONE', #7197 ) ;
#10951 = CARTESIAN_POINT ( 'NONE',  ( -6.495089414594157340, 14.75192333029313829, 1.199999999999999956 ) ) ;
#10952 = VERTEX_POINT ( 'NONE', #9060 ) ;
#10953 = DIRECTION ( 'NONE',  ( -1.000000000000000000, 0.0000000000000000000, 0.0000000000000000000 ) ) ;
#10954 = DIRECTION ( 'NONE',  ( -1.224646799147353207E-16, 1.000000000000000000, 0.0000000000000000000 ) ) ;
#10955 = PLANE ( 'NONE',  #3672 ) ;
#10956 = VERTEX_POINT ( 'NONE', #1371 ) ;
#10957 = EDGE_CURVE ( 'NONE', #4372, #4733, #470, .T. ) ;
#10958 = CARTESIAN_POINT ( 'NONE',  ( -11.51365772442191471, 13.66149340860838279, 1.209999999999999964 ) ) ;
#10959 = LINE ( 'NONE', #5214, #73 ) ;
#10960 = ADVANCED_FACE ( 'NONE', ( #6580 ), #11042, .T. ) ;
#10961 = DIRECTION ( 'NONE',  ( 0.0000000000000000000, 0.0000000000000000000, -1.000000000000000000 ) ) ;
#10962 = ORIENTED_EDGE ( 'NONE', *, *, #1909, .T. ) ;
#10963 = AXIS2_PLACEMENT_3D ( 'NONE', #10386, #9576, #11059 ) ;
#10964 = ORIENTED_EDGE ( 'NONE', *, *, #4390, .F. ) ;
#10965 = CYLINDRICAL_SURFACE ( 'NONE', #8110, 0.4000000000000001887 ) ;
#10966 = CARTESIAN_POINT ( 'NONE',  ( -8.146224985709171307, 13.63660967205741414, 1.209999999999999964 ) ) ;
#10967 = ORIENTED_EDGE ( 'NONE', *, *, #9892, .T. ) ;
#10968 = ADVANCED_FACE ( 'NONE', ( #3963 ), #2953, .F. ) ;
#10969 = CARTESIAN_POINT ( 'NONE',  ( 2.540000000000000036, 13.47999999999999865, -2.500000000000000000 ) ) ;
#10970 = EDGE_CURVE ( 'NONE', #4044, #9968, #2282, .T. ) ;
#10971 = EDGE_LOOP ( 'NONE', ( #2223, #2637, #2040, #9667 ) ) ;
#10972 = VECTOR ( 'NONE', #1919, 1000.000000000000114 ) ;
#10973 = CARTESIAN_POINT ( 'NONE',  ( -10.87742351646410910, 13.59401374989802136, 1.199999999999999956 ) ) ;
#10974 = DIRECTION ( 'NONE',  ( 0.0000000000000000000, 0.0000000000000000000, 1.000000000000000000 ) ) ;
#10975 = VERTEX_POINT ( 'NONE', #8259 ) ;
#10976 = PLANE ( 'NONE',  #2944 ) ;
#10977 = EDGE_CURVE ( 'NONE', #7690, #4126, #9169, .T. ) ;
#10978 = CARTESIAN_POINT ( 'NONE',  ( -11.32567941063441452, 14.87612239286012894, 1.199999999999999956 ) ) ;
#10979 = EDGE_LOOP ( 'NONE', ( #1513, #6765, #3379, #10939 ) ) ;
#10980 = ORIENTED_EDGE ( 'NONE', *, *, #2608, .T. ) ;
#10981 = DIRECTION ( 'NONE',  ( 0.0000000000000000000, 0.0000000000000000000, 1.000000000000000000 ) ) ;
#10982 = DIRECTION ( 'NONE',  ( 0.0000000000000000000, 0.0000000000000000000, 1.000000000000000000 ) ) ;
#10983 = DIRECTION ( 'NONE',  ( 0.0000000000000000000, -1.000000000000000000, 0.0000000000000000000 ) ) ;
#10984 = CARTESIAN_POINT ( 'NONE',  ( -2.540000000000000036, 13.97999999999999332, -2.500000000000000000 ) ) ;
#10985 = CARTESIAN_POINT ( 'NONE',  ( -12.02457333615329382, 14.50016576528512857, 1.199999999999999956 ) ) ;
#10986 = B_SPLINE_CURVE_WITH_KNOTS ( 'NONE', 3,
 ( #5301, #6137, #8714, #229 ),
 .UNSPECIFIED., .F., .F.,
 ( 4, 4 ),
 ( 1.000000000000000000, 2.000000000000000000 ),
 .UNSPECIFIED. ) ;
#10987 = VECTOR ( 'NONE', #7456, 1000.000000000000000 ) ;
#10988 = CARTESIAN_POINT ( 'NONE',  ( -6.923123090146659386, 13.41167537615842775, 1.209999999999999964 ) ) ;
#10989 = CARTESIAN_POINT ( 'NONE',  ( 0.0000000000000000000, 16.01999999999999957, -2.500000000000000000 ) ) ;
#10990 = ADVANCED_FACE ( 'NONE', ( #412 ), #1723, .F. ) ;
#10991 = CARTESIAN_POINT ( 'NONE',  ( -9.508555588106119671, 14.63512453110084621, 1.209999999999999964 ) ) ;
#10992 = ORIENTED_EDGE ( 'NONE', *, *, #6627, .T. ) ;
#10993 = CARTESIAN_POINT ( 'NONE',  ( -12.10651261144982982, 14.30254750025131116, 1.209999999999999964 ) ) ;
#10994 = EDGE_LOOP ( 'NONE', ( #8221, #390, #3466, #2489 ) ) ;
#10995 = VERTEX_POINT ( 'NONE', #8494 ) ;
#10996 = CARTESIAN_POINT ( 'NONE',  ( 16.99999999999999645, -11.50000000000000000, 2.700000000000000178 ) ) ;
#10997 = VECTOR ( 'NONE', #9252, 1000.000000000000000 ) ;
#10998 = CARTESIAN_POINT ( 'NONE',  ( -7.083072516275969122, 14.48401237385580131, 1.199999999999999956 ) ) ;
#10999 = FACE_OUTER_BOUND ( 'NONE', #2381, .T. ) ;
#11000 = CARTESIAN_POINT ( 'NONE',  ( -8.062004594488747955, 14.54951712258305996, 1.199999999999999956 ) ) ;
#11001 = ORIENTED_EDGE ( 'NONE', *, *, #5428, .F. ) ;
#11002 = EDGE_LOOP ( 'NONE', ( #32, #3318, #6651, #9431 ) ) ;
#11003 =( LENGTH_UNIT ( ) NAMED_UNIT ( * ) SI_UNIT ( .MILLI., .METRE. ) );
#11004 = ORIENTED_EDGE ( 'NONE', *, *, #6517, .T. ) ;
#11005 = CARTESIAN_POINT ( 'NONE',  ( -7.447680958929176143, 14.40672370207652264, 1.209999999999999964 ) ) ;
#11006 = VERTEX_POINT ( 'NONE', #3234 ) ;
#11007 = CARTESIAN_POINT ( 'NONE',  ( -8.146224985709171307, 13.71424492980840348, 1.209999999999999964 ) ) ;
#11008 = ORIENTED_EDGE ( 'NONE', *, *, #5379, .T. ) ;
#11009 = CARTESIAN_POINT ( 'NONE',  ( -11.80285515853674916, 14.10492951102230919, 1.199999999999999956 ) ) ;
#11010 = ORIENTED_EDGE ( 'NONE', *, *, #5448, .F. ) ;
#11011 = CARTESIAN_POINT ( 'NONE',  ( 3.809999999999999609, 14.75000000000000355, 1.600000000000000089 ) ) ;
#11012 = VECTOR ( 'NONE', #5034, 1000.000000000000000 ) ;
#11013 = DIRECTION ( 'NONE',  ( 0.0000000000000000000, 0.0000000000000000000, 1.000000000000000000 ) ) ;
#11014 = CARTESIAN_POINT ( 'NONE',  ( -7.447680958929176143, 14.40672370207652264, 1.199999999999999956 ) ) ;
#11015 = CARTESIAN_POINT ( 'NONE',  ( -6.403070839003302872, 14.64933388255125379, 1.199999999999999956 ) ) ;
#11016 = ADVANCED_FACE ( 'NONE', ( #3345 ), #3270, .F. ) ;
#11017 = CARTESIAN_POINT ( 'NONE',  ( -7.726162787517545816, 13.40613000060642435, 1.209999999999999964 ) ) ;
#11018 = DIRECTION ( 'NONE',  ( -0.7071067811865475727, 0.7071067811865475727, 0.0000000000000000000 ) ) ;
#11019 = ORIENTED_EDGE ( 'NONE', *, *, #7142, .T. ) ;
#11020 = CARTESIAN_POINT ( 'NONE',  ( -8.388661873198030250, 13.93120774834882880, 1.199999999999999956 ) ) ;
#11021 = FACE_OUTER_BOUND ( 'NONE', #320, .T. ) ;
#11022 = ORIENTED_EDGE ( 'NONE', *, *, #848, .F. ) ;
#11023 = VECTOR ( 'NONE', #5707, 1000.000000000000000 ) ;
#11024 = AXIS2_PLACEMENT_3D ( 'NONE', #4845, #5748, #1425 ) ;
#11025 = FACE_OUTER_BOUND ( 'NONE', #4304, .T. ) ;
#11026 = EDGE_LOOP ( 'NONE', ( #8713, #2201, #3433, #9870 ) ) ;
#11027 = DIRECTION ( 'NONE',  ( -1.000000000000000000, 0.0000000000000000000, -0.0000000000000000000 ) ) ;
#11028 = CARTESIAN_POINT ( 'NONE',  ( -5.646127075927692474, 13.76103403604481556, 1.199999999999999956 ) ) ;
#11029 = ORIENTED_EDGE ( 'NONE', *, *, #9811, .T. ) ;
#11030 = EDGE_CURVE ( 'NONE', #10375, #756, #4072, .T. ) ;
#11031 = CARTESIAN_POINT ( 'NONE',  ( -7.295876303148929765, 13.82653878477206355, 1.199999999999999956 ) ) ;
#11032 = AXIS2_PLACEMENT_3D ( 'NONE', #4533, #7948, #4487 ) ;
#11033 = AXIS2_PLACEMENT_3D ( 'NONE', #8946, #1252, #191 ) ;
#11034 = CARTESIAN_POINT ( 'NONE',  ( -7.526182681611753189, 13.34825014326606585, 1.209999999999999964 ) ) ;
#11035 = CARTESIAN_POINT ( 'NONE',  ( -10.57858613110296098, 13.54099447772641085, 1.209999999999999964 ) ) ;
#11036 = ORIENTED_EDGE ( 'NONE', *, *, #1347, .T. ) ;
#11037 = CARTESIAN_POINT ( 'NONE',  ( -15.19999999999999929, 14.25000000000000178, 0.0000000000000000000 ) ) ;
#11038 = DIRECTION ( 'NONE',  ( -0.0000000000000000000, -0.0000000000000000000, 1.000000000000000000 ) ) ;
#11039 = ORIENTED_EDGE ( 'NONE', *, *, #7849, .F. ) ;
#11040 = ORIENTED_EDGE ( 'NONE', *, *, #9574, .F. ) ;
#11041 = VECTOR ( 'NONE', #8569, 1000.000000000000000 ) ;
#11042 = B_SPLINE_SURFACE_WITH_KNOTS ( 'NONE', 3, 1, ( 
 ( #2122, #6470 ),
 ( #8207, #9999 ),
 ( #10612, #8955 ),
 ( #527, #1487 ) ),
 .UNSPECIFIED., .F., .F., .F.,
 ( 4, 4 ),
 ( 2, 2 ),
 ( 4.000000000000000000, 5.000000000000000000 ),
 ( 0.0000000000000000000, 1.000000000000000000 ),
 .UNSPECIFIED. ) ;
#11043 = CARTESIAN_POINT ( 'NONE',  ( -7.744011965081448956, 15.09608320059462017, 1.209999999999999964 ) ) ;
#11044 = EDGE_CURVE ( 'NONE', #8886, #6359, #4967, .T. ) ;
#11045 = LINE ( 'NONE', #682, #8552 ) ;
#11046 = FACE_BOUND ( 'NONE', #8990, .T. ) ;
#11047 = CARTESIAN_POINT ( 'NONE',  ( -5.724455505617483730, 13.36280675409177832, 1.199999999999999956 ) ) ;
#11048 = VECTOR ( 'NONE', #6453, 1000.000000000000000 ) ;
#11049 = LINE ( 'NONE', #3329, #3750 ) ;
#11050 = CARTESIAN_POINT ( 'NONE',  ( -7.379750108397628239, 13.62239964719880803, 1.209999999999999964 ) ) ;
#11051 = FACE_OUTER_BOUND ( 'NONE', #4484, .T. ) ;
#11052 = B_SPLINE_CURVE_WITH_KNOTS ( 'NONE', 3,
 ( #4154, #835, #7549, #2407 ),
 .UNSPECIFIED., .F., .F.,
 ( 4, 4 ),
 ( 7.000000000000000000, 8.000000000000000000 ),
 .UNSPECIFIED. ) ;
#11053 = ORIENTED_EDGE ( 'NONE', *, *, #3582, .T. ) ;
#11054 = DIRECTION ( 'NONE',  ( 1.000000000000000000, 0.0000000000000000000, 0.0000000000000000000 ) ) ;
#11055 = ORIENTED_EDGE ( 'NONE', *, *, #8052, .T. ) ;
#11056 = CIRCLE ( 'NONE', #6228, 1.500000000000003109 ) ;
#11057 = EDGE_CURVE ( 'NONE', #5633, #5604, #5977, .T. ) ;
#11058 = EDGE_CURVE ( 'NONE', #2926, #2430, #4782, .T. ) ;
#11059 = DIRECTION ( 'NONE',  ( 0.0000000000000000000, -0.0000000000000000000, 1.000000000000000000 ) ) ;
#11060 = CARTESIAN_POINT ( 'NONE',  ( -7.744011965081448956, 15.09608320059462017, 1.199999999999999956 ) ) ;
#11061 = DIRECTION ( 'NONE',  ( -0.3559357243643091473, 0.9345104387438668558, -0.0000000000000000000 ) ) ;
#11062 = ORIENTED_EDGE ( 'NONE', *, *, #4679, .F. ) ;
#11063 = B_SPLINE_CURVE_WITH_KNOTS ( 'NONE', 3,
 ( #3894, #2204, #5623, #9040 ),
 .UNSPECIFIED., .F., .F.,
 ( 4, 4 ),
 ( 2.000000000000000000, 3.000000000000000000 ),
 .UNSPECIFIED. ) ;
#11064 = AXIS2_PLACEMENT_3D ( 'NONE', #852, #2542, #5010 ) ;
#11065 = ORIENTED_EDGE ( 'NONE', *, *, #4057, .T. ) ;
#11066 = VERTEX_POINT ( 'NONE', #1603 ) ;
#11067 = DIRECTION ( 'NONE',  ( 0.0000000000000000000, 1.000000000000000000, -0.0000000000000000000 ) ) ;
#11068 = ORIENTED_EDGE ( 'NONE', *, *, #7700, .T. ) ;
#11069 = CARTESIAN_POINT ( 'NONE',  ( -5.919583407912386797, 13.33126743063374420, 1.209999999999999964 ) ) ;
#11070 = ORIENTED_EDGE ( 'NONE', *, *, #7836, .F. ) ;
#11071 = ORIENTED_EDGE ( 'NONE', *, *, #8672, .F. ) ;
#11072 = CARTESIAN_POINT ( 'NONE',  ( -5.656351362102395086, 13.91942382529679811, 1.209999999999999964 ) ) ;
#11073 = ORIENTED_EDGE ( 'NONE', *, *, #6866, .T. ) ;
#11074 = CIRCLE ( 'NONE', #6242, 0.4000000000000001887 ) ;
#11075 = CARTESIAN_POINT ( 'NONE',  ( -7.876754392396827953, 13.31983009355342240, 1.199999999999999956 ) ) ;
#11076 = CARTESIAN_POINT ( 'NONE',  ( -7.412329189775404892, 13.73954570577101464, 1.199999999999999956 ) ) ;
#11077 = CARTESIAN_POINT ( 'NONE',  ( -5.916117548195297893, 13.93120774834882880, 1.199999999999999956 ) ) ;
#11078 = DIRECTION ( 'NONE',  ( -0.0000000000000000000, -0.0000000000000000000, 1.000000000000000000 ) ) ;
#11079 = LINE ( 'NONE', #1739, #157 ) ;
#11080 = VERTEX_POINT ( 'NONE', #2556 ) ;
#11081 = CARTESIAN_POINT ( 'NONE',  ( -7.397079407001651674, 13.54407121750439202, 1.209999999999999964 ) ) ;
#11082 = DIRECTION ( 'NONE',  ( -0.0000000000000000000, -1.000000000000000000, -0.0000000000000000000 ) ) ;
#11083 = ORIENTED_EDGE ( 'NONE', *, *, #9228, .F. ) ;
#11084 = VECTOR ( 'NONE', #8547, 1000.000000000000000 ) ;
#11085 = ORIENTED_EDGE ( 'NONE', *, *, #6562, .F. ) ;
#11086 = FACE_OUTER_BOUND ( 'NONE', #956, .T. ) ;
#11087 = LINE ( 'NONE', #6831, #3866 ) ;
#11088 = EDGE_CURVE ( 'NONE', #9256, #3501, #9411, .T. ) ;
#11089 = ADVANCED_FACE ( 'NONE', ( #696 ), #6688, .F. ) ;
#11090 = DIRECTION ( 'NONE',  ( 0.0000000000000000000, 1.000000000000000000, 0.0000000000000000000 ) ) ;
#11091 = EDGE_LOOP ( 'NONE', ( #997, #9421, #9004, #8814, #10363, #4465, #10800, #6114, #8257, #6623, #4329, #5593, #8755, #3751 ) ) ;
#11092 = VECTOR ( 'NONE', #6421, 1000.000000000000000 ) ;
#11093 = PLANE ( 'NONE',  #10608 ) ;
#11094 = FACE_OUTER_BOUND ( 'NONE', #4107, .T. ) ;
#11095 = LINE ( 'NONE', #4330, #2771 ) ;
#11096 = SPHERICAL_SURFACE ( 'NONE', #8055, 0.4000000000000000222 ) ;
#11097 = EDGE_CURVE ( 'NONE', #5039, #4730, #7468, .T. ) ;
#11098 = ORIENTED_EDGE ( 'NONE', *, *, #9379, .T. ) ;
#11099 = EDGE_LOOP ( 'NONE', ( #10381, #1102, #11053, #10005 ) ) ;
#11100 = FACE_OUTER_BOUND ( 'NONE', #7567, .T. ) ;
#11101 = DIRECTION ( 'NONE',  ( -0.0000000000000000000, -0.0000000000000000000, -1.000000000000000000 ) ) ;
#11102 = DIRECTION ( 'NONE',  ( 1.000000000000000000, -0.0000000000000000000, -0.0000000000000000000 ) ) ;
#11103 = CARTESIAN_POINT ( 'NONE',  ( -5.164719160667035958, 14.00918959207152348, 1.199999999999999956 ) ) ;
#11104 = CARTESIAN_POINT ( 'NONE',  ( -17.00000000000000355, 11.50000000000000000, 1.199999999999999956 ) ) ;
#11105 = PLANE ( 'NONE',  #1401 ) ;
#11106 = DIRECTION ( 'NONE',  ( -0.0000000000000000000, -0.0000000000000000000, 1.000000000000000000 ) ) ;
ENDSEC;
END-ISO-10303-21;
