#VRML V2.0 utf8
# 3D model generated by easyeda2kicad.py (https://github.com/uPesy/easyeda2kicad.py)

Shape{
    appearance Appearance {
        material  Material 	{
            diffuseColor 0.9686274509803922 0.8784313725490196 0.6
            specularColor 0.6784313725490196 0.615686274509804 0.4196078431372549
            ambientIntensity 0.2
            transparency 0
            shininess 0.5
        }
    }
    geometry IndexedFaceSet {
        ccw TRUE
        solid FALSE
        coord DEF co Coordinate {
            point [
                -1.378 0.3386 -0.6063, -1.3287 0.3386 -0.6063, -1.3287 0.3248 -0.6063, -1.378 0.311 -0.6063, -1.4272 0.311 -0.6063, -1.4272 0.3248 -0.6063, -1.3287 0.311 -0.6063, -1.4272 0.3386 -0.6063, -1.3287 0.2953 -0.5866, -1.378 0.2953 -0.5866, -1.4272 0.2953 -0.5866, -1.3287 0.2953 0.4023, -1.378 0.2953 0.4023, -1.4272 0.2953 0.4023, -1.378 0.2748 0.4369, -1.4272 0.2748 0.4369, -1.4272 0.2814 0.4323, -1.3287 0.2814 0.4323, -1.3287 0.2748 0.4369, -1.4272 0.2941 0.412, -1.4272 0.2879 0.4253, -1.3287 0.2879 0.4253, -1.4272 0.2903 0.4214, -1.3287 0.2903 0.4214, -1.3287 0.2941 0.412, -1.4272 0.2157 0.4691, -1.3287 0.2157 0.4691, -1.3287 0.13 0.5158, -1.378 0.13 0.5158, -1.4272 0.13 0.5158, -1.4272 0.1378 0.6015, -1.4272 0.1378 0.6022, -1.3287 0.1378 0.6022, -1.3287 0.1513 0.5725, -1.3287 0.1583 0.5677, -1.378 0.1583 0.5677, -1.3287 0.1378 0.6015, -1.3287 0.1391 0.5923, -1.4272 0.1391 0.5923, -1.3287 0.1428 0.583, -1.4272 0.1428 0.583, -1.3287 0.1449 0.5797, -1.4272 0.1449 0.5797, -1.4272 0.1513 0.5725, -1.4272 0.1583 0.5677, -1.4272 0.2157 0.5364, -1.3287 0.2157 0.5364, -1.3287 0.303 0.4887, -1.378 0.303 0.4887, -1.4272 0.303 0.4887, -1.3287 0.3147 0.4813, -1.378 0.3543 0.4023, -1.4272 0.3543 0.4023, -1.4272 0.3518 0.4245, -1.4272 0.3147 0.4813, -1.3287 0.332 0.4648, -1.4272 0.332 0.4648, -1.3287 0.343 0.4482, -1.4272 0.343 0.4482, -1.3287 0.3518 0.4245, -1.3287 0.3543 0.4023, -1.3287 0.3543 -0.5866, -1.378 0.3543 -0.5866, -1.4272 0.3543 -0.5866, -1.1358 0.1083 3.3228, -1.1358 0.0984 3.3346, -1.0827 0.0984 3.3346, -1.0295 0.1083 3.3228, -1.0295 0.1378 3.2874, -1.0827 0.1378 3.2874, -1.1358 0.1378 3.2874, -1.0295 0.0984 3.3346, -1.0295 0.1378 1.721, -1.2283 0.1378 1.683, -1.1976 0.1378 1.6898, -1.1221 0.1378 1.6057, -1.1877 0.1378 1.6932, -1.1645 0.1378 1.7059, -1.1056 0.1378 1.6111, -1.171 0.1378 1.7017, -1.1802 0.1378 1.6958, -1.1563 0.1378 1.7142, -1.0806 0.1378 1.6238, -1.1007 0.1378 1.6126, -1.0488 0.1378 1.6563, -1.0591 0.1378 1.6435, -1.1532 0.1378 1.7174, -1.0631 0.1378 1.6385, -1.0805 0.1378 1.6239, -1.0429 0.1378 1.6677, -1.1453 0.1378 1.7301, -1.0382 0.1378 1.6766, -1.1433 0.1378 1.7332, -1.0323 0.1378 1.6965, -1.0317 0.1378 1.6985, -1.1386 0.1378 1.7473, -1.1358 0.1378 1.7667, -1.1374 0.1378 1.751, -1.2283 0.1378 1.5822, -1.267 0.1378 1.5736, -1.3654 0.1378 1.6526, -1.2771 0.1378 1.5707, -1.2938 0.1378 1.5622, -1.3754 0.1378 1.6494, -1.3085 0.1378 1.5495, -1.3804 0.1378 1.6477, -1.392 0.1378 1.6408, -1.4186 0.1378 1.6115, -1.4179 0.1378 1.6125, -1.3196 0.1378 1.5335, -1.4098 0.1378 1.6251, -1.4066 0.1378 1.6282, -1.3966 0.1378 1.6381, -1.4272 0.1378 1.5758, -1.425 0.1378 1.594, -1.4246 0.1378 1.5953, -1.3287 0.1378 1.4967, -1.3263 0.1378 1.5163, -1.1358 0.0787 3.3346, -1.0295 0.0787 3.3346, -1.0295 0.0886 3.3346, -1.1358 0.0886 3.3346, -1.1358 0.0787 1.7667, -1.1358 0.1083 1.7667, -1.4272 0.0787 1.5758, -1.4272 0.0787 0.6022, -1.4272 0.0788 0.6004, -1.4272 0.0789 0.5968, -1.4272 0.0821 0.5775, -1.4272 0.0822 0.5765, -1.4272 0.089 0.5591, -1.4272 0.1004 0.541, -1.4272 0.0971 0.5462, -1.4272 0.0919 0.5545, -1.4272 0.1132 0.5275, -1.4272 0.1126 0.5281, -1.3287 0.1125 0.528, -1.3287 0.0788 0.6004, -1.3287 0.0787 0.6022, -1.3287 0.0819 0.5775, -1.3287 0.0913 0.5541, -1.3287 0.0965 0.5458, -1.3287 0.0787 1.4967, -1.267 0.1083 1.5736, -1.267 0.0787 1.5736, -1.277 0.0787 1.5703, -1.282 0.0787 1.5687, -1.2936 0.0787 1.5618, -1.2981 0.0787 1.5591, -1.3082 0.0787 1.5492, -1.3114 0.0787 1.546, -1.3195 0.0787 1.5335, -1.3201 0.0787 1.5325, -1.3266 0.0787 1.515, -1.3261 0.0787 1.5162, -1.2283 0.0787 1.5822, -1.1221 0.0787 1.6057, -1.1221 0.1083 1.6057, -1.0295 0.1083 1.721, -1.0295 0.0787 1.721, -1.0317 0.0787 1.6986, -1.0323 0.0787 1.6965, -1.0383 0.0787 1.6765, -1.0429 0.0787 1.6677, -1.0488 0.0787 1.6563, -1.0591 0.0787 1.6435, -1.0631 0.0787 1.6385, -1.0805 0.0787 1.6239, -1.0806 0.0787 1.6238, -1.1006 0.0787 1.6127, -1.1056 0.0787 1.6111, -1.1976 0.1083 1.6898, -1.1976 0.0787 1.6898, -1.1876 0.0787 1.6931, -1.138 0.0787 1.7484, -1.1384 0.0787 1.7472, -1.1444 0.0787 1.7309, -1.145 0.0787 1.73, -1.1532 0.0787 1.7174, -1.1564 0.0787 1.7143, -1.1664 0.0787 1.7044, -1.171 0.0787 1.7017, -1.1826 0.0787 1.6947, -1.2283 0.0787 1.683, -1.4256 0.0787 1.5915, -1.4098 0.0787 1.6251, -1.4177 0.0787 1.6124, -1.4197 0.0787 1.6093, -1.4244 0.0787 1.5952, -1.3828 0.0787 1.6466, -1.392 0.0787 1.6407, -1.3985 0.0787 1.6365, -1.4067 0.0787 1.6283, -1.3753 0.0787 1.6492, -1.3654 0.0787 1.6526, -1.3654 0.1083 1.6526, 0.5906 -0.3386 -0.6063, 0.5413 -0.3386 -0.6063, 0.5413 -0.3248 -0.6063, 0.5906 -0.311 -0.6063, 0.6398 -0.311 -0.6063, 0.6398 -0.3248 -0.6063, 0.5413 -0.311 -0.6063, 0.6398 -0.3386 -0.6063, 0.5413 -0.2953 -0.5866, 0.5906 -0.2953 -0.5866, 0.6398 -0.2953 -0.5866, 0.5413 -0.2953 0.4023, 0.5906 -0.2953 0.4023, 0.6398 -0.2953 0.4023, 0.5906 -0.2748 0.4369, 0.6398 -0.2748 0.4369, 0.6398 -0.2814 0.4323, 0.5413 -0.2814 0.4323, 0.5413 -0.2748 0.4369, 0.6398 -0.2941 0.412, 0.6398 -0.2879 0.4253, 0.5413 -0.2879 0.4253, 0.6398 -0.2903 0.4214, 0.5413 -0.2903 0.4214, 0.5413 -0.2941 0.412, 0.6398 -0.2157 0.4691, 0.5413 -0.2157 0.4691, 0.5413 -0.13 0.5158, 0.5906 -0.13 0.5158, 0.6398 -0.13 0.5158, 0.6398 -0.1378 0.6015, 0.6398 -0.1378 0.6022, 0.5413 -0.1378 0.6022, 0.5413 -0.1513 0.5725, 0.5413 -0.1583 0.5677, 0.5906 -0.1583 0.5677, 0.5413 -0.1378 0.6015, 0.5413 -0.1391 0.5923, 0.6398 -0.1391 0.5923, 0.5413 -0.1428 0.583, 0.6398 -0.1428 0.583, 0.5413 -0.1449 0.5797, 0.6398 -0.1449 0.5797, 0.6398 -0.1513 0.5725, 0.6398 -0.1583 0.5677, 0.6398 -0.2157 0.5364, 0.5413 -0.2157 0.5364, 0.5413 -0.303 0.4887, 0.5906 -0.303 0.4887, 0.6398 -0.303 0.4887, 0.5413 -0.3133 0.4823, 0.5906 -0.3543 0.4023, 0.6398 -0.3543 0.4023, 0.6398 -0.3519 0.424, 0.6398 -0.3133 0.4823, 0.5413 -0.3309 0.4661, 0.6398 -0.3309 0.4661, 0.5413 -0.3432 0.4477, 0.6398 -0.3432 0.4477, 0.5413 -0.3519 0.424, 0.5413 -0.3543 0.4023, 0.5413 -0.3543 -0.5866, 0.5906 -0.3543 -0.5866, 0.6398 -0.3543 -0.5866, 0.3484 -0.1083 3.126, 0.3484 -0.0984 3.1378, 0.2953 -0.0984 3.1378, 0.2421 -0.1083 3.126, 0.2421 -0.1378 3.0906, 0.2953 -0.1378 3.0906, 0.3484 -0.1378 3.0906, 0.2421 -0.0984 3.1378, 0.2421 -0.1378 1.7239, 0.2786 -0.1378 1.6575, 0.3697 -0.1378 1.7191, 0.2734 -0.1378 1.661, 0.3582 -0.1378 1.7349, 0.2637 -0.1378 1.6703, 0.2447 -0.1378 1.7046, 0.2504 -0.1378 1.6891, 0.3508 -0.1378 1.7536, 0.2523 -0.1378 1.6861, 0.2606 -0.1378 1.6734, 0.3484 -0.1378 1.7729, 0.2442 -0.1378 1.7061, 0.5049 -0.1378 1.5134, 0.6033 -0.1378 1.5675, 0.4409 -0.1378 1.5541, 0.4409 -0.1378 1.6708, 0.3849 -0.1378 1.7065, 0.5188 -0.1378 1.5022, 0.5199 -0.1378 1.5007, 0.6084 -0.1378 1.5639, 0.5298 -0.1378 1.4878, 0.6182 -0.1378 1.5546, 0.6213 -0.1378 1.5516, 0.6296 -0.1378 1.5388, 0.5311 -0.1378 1.4849, 0.6315 -0.1378 1.5359, 0.5385 -0.1378 1.4663, 0.6398 -0.1378 1.501, 0.5376 -0.1378 1.4707, 0.6377 -0.1378 1.5188, 0.6372 -0.1378 1.5203, 0.5413 -0.1378 1.447, 0.5411 -0.1378 1.4533, 0.3484 -0.0787 3.1378, 0.2421 -0.0787 3.1378, 0.2421 -0.0886 3.1378, 0.3484 -0.0886 3.1378, 0.3484 -0.0787 1.7729, 0.3484 -0.1083 1.7729, 0.3797 -0.0787 1.71, 0.3849 -0.1083 1.7065, 0.3849 -0.0787 1.7065, 0.37 -0.0787 1.7194, 0.3669 -0.0787 1.7224, 0.3586 -0.0787 1.7351, 0.3567 -0.0787 1.7381, 0.3505 -0.0787 1.7552, 0.351 -0.0787 1.7537, 0.4409 -0.0787 1.6708, 0.6033 -0.1083 1.5675, 0.6033 -0.0787 1.5675, 0.6172 -0.0787 1.5562, 0.6183 -0.0787 1.5547, 0.6282 -0.0787 1.5418, 0.6295 -0.0787 1.5389, 0.636 -0.0787 1.5248, 0.6369 -0.0787 1.5203, 0.6395 -0.0787 1.5073, 0.6398 -0.0787 1.501, 0.6398 -0.0787 0.6022, 0.6398 -0.0789 0.5963, 0.6398 -0.0815 0.5806, 0.6398 -0.0892 0.5586, 0.6398 -0.0822 0.5765, 0.6398 -0.1025 0.5387, 0.6398 -0.1004 0.541, 0.6398 -0.0902 0.5571, 0.6398 -0.12 0.5227, 0.6398 -0.1136 0.5272, 0.5413 -0.1197 0.5223, 0.5413 -0.0787 0.6022, 0.5413 -0.0812 0.5806, 0.5413 -0.0898 0.5569, 0.5413 -0.1022 0.5385, 0.5413 -0.0787 1.447, 0.2421 -0.0787 1.7239, 0.2421 -0.1083 1.7239, 0.5198 -0.0787 1.5006, 0.5049 -0.1083 1.5134, 0.51 -0.0787 1.5099, 0.5049 -0.0787 1.5134, 0.5229 -0.0787 1.4976, 0.5311 -0.0787 1.4848, 0.5331 -0.0787 1.4818, 0.5387 -0.0787 1.4663, 0.5393 -0.0787 1.4648, 0.2523 -0.0787 1.686, 0.2458 -0.0787 1.7002, 0.245 -0.0787 1.7047, 0.2424 -0.0787 1.7177, 0.2786 -0.0787 1.6575, 0.2647 -0.0787 1.6687, 0.2636 -0.0787 1.6702, 0.2537 -0.0787 1.6832, 0.4409 -0.0787 1.5541, 0.2786 -0.1083 1.6575, 0.1968 -0.3386 -0.6063, 0.1476 -0.3386 -0.6063, 0.1476 -0.3248 -0.6063, 0.1968 -0.311 -0.6063, 0.2461 -0.311 -0.6063, 0.2461 -0.3248 -0.6063, 0.1476 -0.311 -0.6063, 0.2461 -0.3386 -0.6063, 0.1476 -0.2953 -0.5866, 0.1968 -0.2953 -0.5866, 0.2461 -0.2953 -0.5866, 0.1476 -0.2953 0.4023, 0.1968 -0.2953 0.4023, 0.2461 -0.2953 0.4023, 0.1476 -0.2941 0.412, 0.1476 -0.2814 0.4323, 0.1476 -0.2748 0.4369, 0.1968 -0.2748 0.4369, 0.2461 -0.2941 0.412, 0.1476 -0.2903 0.4214, 0.2461 -0.2903 0.4214, 0.1476 -0.2879 0.4253, 0.2461 -0.2879 0.4253, 0.2461 -0.2814 0.4323, 0.2461 -0.2748 0.4369, 0.2461 -0.2157 0.4691, 0.1476 -0.2157 0.4691, 0.1476 -0.13 0.5158, 0.1968 -0.13 0.5158, 0.2461 -0.13 0.5158, 0.2461 -0.1378 0.6015, 0.2461 -0.1378 0.6022, 0.1476 -0.1378 0.6022, 0.1476 -0.1513 0.5725, 0.1476 -0.1583 0.5677, 0.1968 -0.1583 0.5677, 0.1476 -0.1378 0.6015, 0.1476 -0.1391 0.5923, 0.2461 -0.1391 0.5923, 0.1476 -0.1428 0.583, 0.2461 -0.1428 0.583, 0.1476 -0.1449 0.5797, 0.2461 -0.1449 0.5797, 0.2461 -0.1513 0.5725, 0.2461 -0.1583 0.5677, 0.2461 -0.2157 0.5364, 0.1476 -0.2157 0.5364, 0.1476 -0.303 0.4887, 0.1968 -0.303 0.4887, 0.2461 -0.303 0.4887, 0.1476 -0.3132 0.4823, 0.1476 -0.3519 0.424, 0.1476 -0.3543 0.4023, 0.1968 -0.3543 0.4023, 0.2461 -0.3132 0.4823, 0.1476 -0.3308 0.4662, 0.2461 -0.3308 0.4662, 0.1476 -0.3433 0.4477, 0.2461 -0.3433 0.4477, 0.2461 -0.3519 0.424, 0.2461 -0.3543 0.4023, 0.1476 -0.3543 -0.5866, 0.1968 -0.3543 -0.5866, 0.2461 -0.3543 -0.5866, 0.1516 -0.1083 3.126, 0.1516 -0.0984 3.1378, 0.0984 -0.0984 3.1378, 0.0453 -0.0984 3.1378, 0.0453 -0.1083 3.126, 0.1516 -0.1378 3.0906, 0.1457 -0.1378 3.0906, 0.0984 -0.1378 3.0906, 0.0453 -0.1378 3.0906, 0.1516 -0.1378 1.6649, 0.2378 -0.1378 1.553, 0.2359 -0.1378 1.556, 0.1457 -0.1378 1.4792, 0.2277 -0.1378 1.5687, 0.2245 -0.1378 1.5718, 0.2149 -0.1378 1.5811, 0.2096 -0.1378 1.5847, 0.188 -0.1378 1.5984, 0.1476 -0.1378 1.4643, 0.2461 -0.1378 1.5183, 0.1474 -0.1378 1.4707, 0.244 -0.1378 1.536, 0.2435 -0.1378 1.5375, 0.1728 -0.1378 1.611, 0.1614 -0.1378 1.6268, 0.154 -0.1378 1.6456, 0.1112 -0.1378 1.5307, 0.0453 -0.1378 1.6158, 0.0668 -0.1378 1.5623, 0.0573 -0.1378 1.5795, 0.0636 -0.1378 1.5654, 0.0555 -0.1378 1.5781, 0.0473 -0.1378 1.5981, 0.0479 -0.1378 1.5966, 0.0535 -0.1378 1.5811, 0.0765 -0.1378 1.5531, 0.0817 -0.1378 1.5494, 0.125 -0.1378 1.5195, 0.1262 -0.1378 1.5179, 0.1361 -0.1378 1.5051, 0.1374 -0.1378 1.5021, 0.1439 -0.1378 1.4881, 0.1448 -0.1378 1.4835, 0.1516 -0.0886 3.1378, 0.1457 -0.0787 3.1378, 0.0453 -0.0787 3.1378, 0.0453 -0.0886 3.1378, 0.1516 -0.0787 3.1378, 0.1516 -0.0787 1.6649, 0.1516 -0.1083 1.6649, 0.188 -0.0787 1.5984, 0.1828 -0.0787 1.6021, 0.188 -0.1083 1.5984, 0.1731 -0.0787 1.6113, 0.1699 -0.0787 1.6144, 0.1618 -0.0787 1.6271, 0.1598 -0.0787 1.6301, 0.1536 -0.0787 1.6471, 0.1542 -0.0787 1.6456, 0.2096 -0.0787 1.5847, 0.2096 -0.1083 1.5847, 0.2235 -0.0787 1.5735, 0.2246 -0.0787 1.572, 0.2345 -0.0787 1.5591, 0.2359 -0.0787 1.5561, 0.2423 -0.0787 1.5421, 0.2432 -0.0787 1.5375, 0.2458 -0.0787 1.5247, 0.2461 -0.0787 1.5183, 0.2461 -0.0787 0.6022, 0.2461 -0.0789 0.5962, 0.2461 -0.0815 0.5807, 0.2461 -0.0893 0.5585, 0.2461 -0.0822 0.5765, 0.2461 -0.1026 0.5386, 0.2461 -0.1004 0.541, 0.2461 -0.0902 0.5571, 0.2461 -0.1201 0.5226, 0.2461 -0.1136 0.5271, 0.1476 -0.1199 0.5222, 0.1476 -0.0811 0.5806, 0.1476 -0.0787 0.6022, 0.1476 -0.0898 0.5569, 0.1476 -0.1023 0.5383, 0.1476 -0.0787 1.4643, 0.0453 -0.0787 1.6158, 0.0453 -0.1083 1.6158, 0.1112 -0.0787 1.5307, 0.1164 -0.0787 1.527, 0.1112 -0.1083 1.5307, 0.1261 -0.0787 1.5178, 0.1293 -0.0787 1.5147, 0.1374 -0.0787 1.502, 0.1394 -0.0787 1.499, 0.1451 -0.0787 1.4835, 0.1456 -0.0787 1.482, 0.1457 -0.0787 1.4814, 0.0817 -0.0787 1.5494, 0.0679 -0.0787 1.5607, 0.0667 -0.0787 1.5622, 0.0568 -0.0787 1.575, 0.0555 -0.0787 1.578, 0.049 -0.0787 1.592, 0.0481 -0.0787 1.5967, 0.0455 -0.0787 1.6095, 0.0817 -0.1083 1.5494, -0.1969 -0.311 -0.6063, -0.1476 -0.311 -0.6063, -0.1476 -0.3248 -0.6063, -0.2461 -0.3248 -0.6063, -0.2461 -0.311 -0.6063, -0.1476 -0.3386 -0.6063, -0.1969 -0.3386 -0.6063, -0.2461 -0.3386 -0.6063, -0.2461 -0.2953 -0.5866, -0.1969 -0.2953 -0.5866, -0.1476 -0.2953 -0.5866, -0.2461 -0.2953 0.4023, -0.1969 -0.2953 0.4023, -0.1476 -0.2953 0.4023, -0.2461 -0.2941 0.412, -0.2461 -0.2814 0.4323, -0.2461 -0.2748 0.4369, -0.1969 -0.2748 0.4369, -0.1476 -0.2941 0.412, -0.2461 -0.2903 0.4214, -0.1476 -0.2903 0.4214, -0.2461 -0.2879 0.4253, -0.1476 -0.2879 0.4253, -0.1476 -0.2814 0.4323, -0.1476 -0.2748 0.4369, -0.1476 -0.2157 0.4691, -0.2461 -0.2157 0.4691, -0.2461 -0.13 0.5158, -0.1969 -0.13 0.5158, -0.1476 -0.13 0.5158, -0.1476 -0.1378 0.6015, -0.1476 -0.1378 0.6022, -0.2461 -0.1378 0.6022, -0.2461 -0.1513 0.5725, -0.2461 -0.1583 0.5677, -0.1969 -0.1583 0.5677, -0.2461 -0.1378 0.6015, -0.2461 -0.1391 0.5923, -0.1476 -0.1391 0.5923, -0.2461 -0.1428 0.583, -0.1476 -0.1428 0.583, -0.2461 -0.1449 0.5797, -0.1476 -0.1449 0.5797, -0.1476 -0.1513 0.5725, -0.1476 -0.1583 0.5677, -0.1476 -0.2157 0.5364, -0.2461 -0.2157 0.5364, -0.2461 -0.303 0.4887, -0.1969 -0.303 0.4887, -0.1476 -0.303 0.4887, -0.2461 -0.3132 0.4823, -0.2461 -0.3519 0.424, -0.2461 -0.3543 0.4023, -0.1969 -0.3543 0.4023, -0.1476 -0.3132 0.4823, -0.2461 -0.3308 0.4662, -0.1476 -0.3308 0.4662, -0.2461 -0.3433 0.4477, -0.1476 -0.3433 0.4477, -0.1476 -0.3519 0.424, -0.1476 -0.3543 0.4023, -0.2461 -0.3543 -0.5866, -0.1969 -0.3543 -0.5866, -0.1476 -0.3543 -0.5866, -0.0453 -0.1083 3.126, -0.0453 -0.0984 3.1378, -0.0984 -0.0984 3.1378, -0.1516 -0.0984 3.1378, -0.1516 -0.1083 3.126, -0.0453 -0.1378 3.0906, -0.0984 -0.1378 3.0906, -0.1457 -0.1378 3.0906, -0.1516 -0.1378 3.0906, -0.1452 -0.1378 1.4838, -0.138 -0.1378 1.502, -0.1262 -0.1378 1.5183, -0.1112 -0.1378 1.5307, -0.0569 -0.1378 1.575, -0.0669 -0.1378 1.5619, -0.0817 -0.1378 1.5494, -0.0679 -0.1378 1.5607, -0.0554 -0.1378 1.5783, -0.049 -0.1378 1.592, -0.0482 -0.1378 1.5963, -0.0455 -0.1378 1.6095, -0.0453 -0.1378 1.6159, -0.1516 -0.1378 1.6649, -0.1457 -0.1378 1.4798, -0.1523 -0.1378 1.6588, -0.1536 -0.1378 1.6471, -0.1558 -0.1378 1.6411, -0.1598 -0.1378 1.6301, -0.1633 -0.1378 1.6248, -0.1699 -0.1378 1.6144, -0.1742 -0.1378 1.6104, -0.1828 -0.1378 1.6021, -0.188 -0.1378 1.5984, -0.2096 -0.1378 1.5847, -0.2235 -0.1378 1.5735, -0.2244 -0.1378 1.5722, -0.2345 -0.1378 1.5591, -0.236 -0.1378 1.5558, -0.2423 -0.1378 1.5421, -0.2461 -0.1378 1.5183, -0.1476 -0.1378 1.4643, -0.2458 -0.1378 1.5247, -0.2432 -0.1378 1.5378, -0.1457 -0.0787 3.1378, -0.1516 -0.0787 3.1378, -0.1516 -0.0886 3.1378, -0.0453 -0.0787 3.1378, -0.0453 -0.0886 3.1378, -0.0453 -0.0787 1.6159, -0.0453 -0.1083 1.6159, -0.0817 -0.0787 1.5494, -0.0765 -0.0787 1.5531, -0.0817 -0.1083 1.5494, -0.0671 -0.0787 1.5621, -0.0473 -0.0787 1.5981, -0.048 -0.0787 1.5963, -0.0535 -0.0787 1.5811, -0.0553 -0.0787 1.5783, -0.0636 -0.0787 1.5654, -0.1112 -0.0787 1.5307, -0.1112 -0.1083 1.5307, -0.1476 -0.0787 1.4643, -0.1474 -0.0787 1.4707, -0.1457 -0.0787 1.4792, -0.1448 -0.0787 1.4838, -0.1439 -0.0787 1.4881, -0.1376 -0.0787 1.5018, -0.1361 -0.0787 1.5051, -0.126 -0.0787 1.5182, -0.125 -0.0787 1.5195, -0.1476 -0.0787 0.6022, -0.1476 -0.0789 0.5962, -0.1476 -0.0815 0.5807, -0.1476 -0.0893 0.5585, -0.1476 -0.0822 0.5765, -0.1476 -0.1026 0.5386, -0.1476 -0.1004 0.541, -0.1476 -0.0902 0.5571, -0.1476 -0.1201 0.5226, -0.1476 -0.1136 0.5271, -0.2461 -0.1199 0.5222, -0.2461 -0.0787 0.6022, -0.2461 -0.0811 0.5806, -0.2461 -0.0898 0.5569, -0.2461 -0.1023 0.5383, -0.2461 -0.0787 1.5183, -0.1516 -0.0787 1.6649, -0.1516 -0.1083 1.6649, -0.2096 -0.0787 1.5847, -0.2149 -0.0787 1.5811, -0.2096 -0.1083 1.5847, -0.2243 -0.0787 1.572, -0.2277 -0.0787 1.5687, -0.236 -0.0787 1.5558, -0.2378 -0.0787 1.553, -0.2434 -0.0787 1.5378, -0.244 -0.0787 1.536, -0.188 -0.0787 1.5984, -0.1739 -0.0787 1.6101, -0.1728 -0.0787 1.611, -0.163 -0.0787 1.6246, -0.1614 -0.0787 1.6268, -0.1557 -0.0787 1.6411, -0.154 -0.0787 1.6456, -0.1523 -0.0787 1.6588, -0.0612 -0.0787 1.5702, -0.188 -0.1083 1.5984, -1.378 -0.3386 -0.6063, -1.4272 -0.3386 -0.6063, -1.4272 -0.3248 -0.6063, -1.378 -0.311 -0.6063, -1.3287 -0.311 -0.6063, -1.3287 -0.3248 -0.6063, -1.4272 -0.311 -0.6063, -1.3287 -0.3386 -0.6063, -1.4272 -0.2953 -0.5866, -1.378 -0.2953 -0.5866, -1.3287 -0.2953 -0.5866, -1.4272 -0.2953 0.4023, -1.378 -0.2953 0.4023, -1.3287 -0.2953 0.4023, -1.378 -0.2748 0.4369, -1.3287 -0.2748 0.4369, -1.3287 -0.2814 0.4323, -1.4272 -0.2814 0.4323, -1.4272 -0.2748 0.4369, -1.3287 -0.2941 0.412, -1.3287 -0.2879 0.4253, -1.4272 -0.2879 0.4253, -1.3287 -0.2903 0.4214, -1.4272 -0.2903 0.4214, -1.4272 -0.2941 0.412, -1.3287 -0.2157 0.4691, -1.4272 -0.2157 0.4691, -1.4272 -0.13 0.5158, -1.378 -0.13 0.5158, -1.3287 -0.13 0.5158, -1.3287 -0.1378 0.6015, -1.3287 -0.1378 0.6022, -1.4272 -0.1378 0.6022, -1.4272 -0.1513 0.5725, -1.4272 -0.1583 0.5677, -1.378 -0.1583 0.5677, -1.4272 -0.1378 0.6015, -1.4272 -0.1391 0.5923, -1.3287 -0.1391 0.5923, -1.4272 -0.1428 0.583, -1.3287 -0.1428 0.583, -1.4272 -0.1449 0.5797, -1.3287 -0.1449 0.5797, -1.3287 -0.1513 0.5725, -1.3287 -0.1583 0.5677, -1.3287 -0.2157 0.5364, -1.4272 -0.2157 0.5364, -1.4272 -0.303 0.4887, -1.378 -0.303 0.4887, -1.3287 -0.303 0.4887, -1.4272 -0.3147 0.4813, -1.4272 -0.3518 0.4245, -1.4272 -0.3543 0.4023, -1.378 -0.3543 0.4023, -1.3287 -0.3147 0.4813, -1.4272 -0.332 0.4648, -1.3287 -0.332 0.4648, -1.4272 -0.343 0.4482, -1.3287 -0.343 0.4482, -1.3287 -0.3518 0.4245, -1.3287 -0.3543 0.4023, -1.4272 -0.3543 -0.5866, -1.378 -0.3543 -0.5866, -1.3287 -0.3543 -0.5866, -1.0295 -0.1083 3.3228, -1.0295 -0.0984 3.3346, -1.0827 -0.0984 3.3346, -1.0827 -0.1378 3.2874, -1.0295 -0.1378 3.2874, -1.1358 -0.0984 3.3346, -1.1358 -0.1083 3.3228, -1.1358 -0.1378 3.2874, -1.1358 -0.1378 1.7667, -1.0295 -0.1378 1.721, -1.1436 -0.1378 1.7333, -1.1444 -0.1378 1.7309, -1.0383 -0.1378 1.6765, -1.1377 -0.1378 1.7504, -1.138 -0.1378 1.7484, -1.0312 -0.1378 1.7037, -1.0317 -0.1378 1.6986, -1.0529 -0.1378 1.6513, -1.0488 -0.1378 1.6563, -1.0383 -0.1378 1.6764, -1.0631 -0.1378 1.6385, -1.1532 -0.1378 1.7174, -1.0729 -0.1378 1.6303, -1.165 -0.1378 1.7058, -1.0806 -0.1378 1.6238, -1.0988 -0.1378 1.6137, -1.1664 -0.1378 1.7044, -1.1006 -0.1378 1.6127, -1.1798 -0.1378 1.6964, -1.1221 -0.1378 1.6057, -1.4272 -0.1378 1.5758, -1.3287 -0.1378 1.4967, -1.3141 -0.1378 1.5425, -1.4197 -0.1378 1.6093, -1.4213 -0.1378 1.6043, -1.328 -0.1378 1.5072, -1.3233 -0.1378 1.5254, -1.4261 -0.1378 1.5862, -1.4256 -0.1378 1.5915, -1.3993 -0.1378 1.6357, -1.3985 -0.1378 1.6365, -1.3839 -0.1378 1.6459, -1.4098 -0.1378 1.6251, -1.4122 -0.1378 1.6213, -1.3828 -0.1378 1.6466, -1.301 -0.1378 1.5568, -1.3654 -0.1378 1.6526, -1.1826 -0.1378 1.6947, -1.1976 -0.1378 1.6898, -1.2283 -0.1378 1.5822, -1.2283 -0.1378 1.683, -1.267 -0.1378 1.5736, -1.2856 -0.1378 1.567, -1.0295 -0.0886 3.3346, -1.0295 -0.0787 3.3346, -1.1358 -0.0787 3.3346, -1.1358 -0.0886 3.3346, -1.0295 -0.0787 1.721, -1.0295 -0.1083 1.721, -1.1221 -0.1083 1.6057, -1.1221 -0.0787 1.6057, -1.1007 -0.0787 1.6126, -1.0988 -0.0787 1.6137, -1.0806 -0.0787 1.6239, -1.0729 -0.0787 1.6303, -1.0631 -0.0787 1.6385, -1.0529 -0.0787 1.6513, -1.0488 -0.0787 1.6563, -1.0383 -0.0787 1.6764, -1.0382 -0.0787 1.6766, -1.0317 -0.0787 1.6985, -1.0312 -0.0787 1.7037, -1.267 -0.1083 1.5736, -1.2283 -0.0787 1.5822, -1.267 -0.0787 1.5736, -1.3287 -0.0787 1.4967, -1.3277 -0.0787 1.5072, -1.3272 -0.0787 1.5125, -1.3229 -0.0787 1.5253, -1.3212 -0.0787 1.5303, -1.3138 -0.0787 1.5422, -1.3114 -0.0787 1.546, -1.3009 -0.0787 1.5567, -1.3001 -0.0787 1.5575, -1.2855 -0.0787 1.5669, -1.2844 -0.0787 1.5676, -1.3287 -0.0787 0.6022, -1.3287 -0.0788 0.6004, -1.3287 -0.0789 0.5968, -1.3287 -0.0821 0.5775, -1.3287 -0.0822 0.5765, -1.3287 -0.089 0.5591, -1.3287 -0.1004 0.541, -1.3287 -0.0971 0.5462, -1.3287 -0.0919 0.5545, -1.3287 -0.1132 0.5275, -1.3287 -0.1126 0.5281, -1.4272 -0.1125 0.528, -1.4272 -0.0788 0.6004, -1.4272 -0.0787 0.6022, -1.4272 -0.0819 0.5775, -1.4272 -0.0913 0.5541, -1.4272 -0.0965 0.5458, -1.4272 -0.0787 1.5758, -1.1358 -0.0787 1.7667, -1.1358 -0.1083 1.7667, -1.3654 -0.1083 1.6526, -1.3654 -0.0787 1.6526, -1.3804 -0.0787 1.6477, -1.3838 -0.0787 1.6457, -1.3966 -0.0787 1.6381, -1.3991 -0.0787 1.6355, -1.4098 -0.0787 1.6251, -1.4123 -0.0787 1.6213, -1.4186 -0.0787 1.6115, -1.4212 -0.0787 1.6043, -1.425 -0.0787 1.594, -1.4259 -0.0787 1.5862, -1.2283 -0.0787 1.683, -1.1976 -0.0787 1.6898, -1.1875 -0.0787 1.6928, -1.1799 -0.0787 1.6966, -1.1707 -0.0787 1.7013, -1.1652 -0.0787 1.7061, -1.1561 -0.0787 1.714, -1.1449 -0.0787 1.7299, -1.1535 -0.0787 1.7176, -1.1383 -0.0787 1.7471, -1.1436 -0.0787 1.7333, -1.1379 -0.0787 1.7505, -1.1976 -0.1083 1.6898, 0.1968 0.311 -0.6063, 0.1476 0.311 -0.6063, 0.1476 0.3248 -0.6063, 0.2461 0.3248 -0.6063, 0.2461 0.311 -0.6063, 0.1476 0.3386 -0.6063, 0.1968 0.3386 -0.6063, 0.2461 0.3386 -0.6063, 0.2461 0.2953 -0.5866, 0.1968 0.2953 -0.5866, 0.1476 0.2953 -0.5866, 0.2461 0.2953 0.4023, 0.1968 0.2953 0.4023, 0.1476 0.2953 0.4023, 0.2461 0.2941 0.412, 0.2461 0.2814 0.4323, 0.2461 0.2748 0.4369, 0.1968 0.2748 0.4369, 0.1476 0.2941 0.412, 0.2461 0.2903 0.4214, 0.1476 0.2903 0.4214, 0.2461 0.2879 0.4253, 0.1476 0.2879 0.4253, 0.1476 0.2814 0.4323, 0.1476 0.2748 0.4369, 0.1476 0.2157 0.4691, 0.2461 0.2157 0.4691, 0.2461 0.13 0.5158, 0.1968 0.13 0.5158, 0.1476 0.13 0.5158, 0.1476 0.1378 0.6015, 0.1476 0.1378 0.6022, 0.2461 0.1378 0.6022, 0.2461 0.1513 0.5725, 0.2461 0.1583 0.5677, 0.1968 0.1583 0.5677, 0.2461 0.1378 0.6015, 0.2461 0.1391 0.5923, 0.1476 0.1391 0.5923, 0.2461 0.1428 0.583, 0.1476 0.1428 0.583, 0.2461 0.1449 0.5797, 0.1476 0.1449 0.5797, 0.1476 0.1513 0.5725, 0.1476 0.1583 0.5677, 0.1476 0.2157 0.5364, 0.2461 0.2157 0.5364, 0.2461 0.303 0.4887, 0.1968 0.303 0.4887, 0.1476 0.303 0.4887, 0.2461 0.3132 0.4823, 0.2461 0.3519 0.424, 0.2461 0.3543 0.4023, 0.1968 0.3543 0.4023, 0.1476 0.3132 0.4823, 0.2461 0.3308 0.4662, 0.1476 0.3308 0.4662, 0.2461 0.3433 0.4477, 0.1476 0.3433 0.4477, 0.1476 0.3519 0.424, 0.1476 0.3543 0.4023, 0.2461 0.3543 -0.5866, 0.1968 0.3543 -0.5866, 0.1476 0.3543 -0.5866, 0.0453 0.1083 3.126, 0.0453 0.0984 3.1378, 0.0984 0.0984 3.1378, 0.1516 0.0984 3.1378, 0.1516 0.1083 3.126, 0.0453 0.1378 3.0906, 0.0984 0.1378 3.0906, 0.1457 0.1378 3.0906, 0.1516 0.1378 3.0906, 0.1452 0.1378 1.4838, 0.138 0.1378 1.502, 0.1262 0.1378 1.5183, 0.1112 0.1378 1.5307, 0.0568 0.1378 1.575, 0.0669 0.1378 1.5619, 0.0817 0.1378 1.5494, 0.0679 0.1378 1.5607, 0.0553 0.1378 1.5783, 0.049 0.1378 1.592, 0.0482 0.1378 1.5963, 0.0455 0.1378 1.6095, 0.0453 0.1378 1.6159, 0.1516 0.1378 1.6649, 0.1457 0.1378 1.4798, 0.1523 0.1378 1.6588, 0.1536 0.1378 1.6471, 0.1558 0.1378 1.6411, 0.1598 0.1378 1.6301, 0.1633 0.1378 1.6248, 0.1699 0.1378 1.6144, 0.1742 0.1378 1.6104, 0.1828 0.1378 1.6021, 0.188 0.1378 1.5984, 0.2096 0.1378 1.5847, 0.2235 0.1378 1.5735, 0.2244 0.1378 1.5722, 0.2345 0.1378 1.5591, 0.236 0.1378 1.5558, 0.2423 0.1378 1.5421, 0.2461 0.1378 1.5183, 0.1476 0.1378 1.4643, 0.2458 0.1378 1.5247, 0.2432 0.1378 1.5378, 0.0453 0.0886 3.1378, 0.1457 0.0787 3.1378, 0.1516 0.0787 3.1378, 0.1516 0.0886 3.1378, 0.0453 0.0787 3.1378, 0.0453 0.0787 1.6159, 0.0453 0.1083 1.6159, 0.0817 0.0787 1.5494, 0.0765 0.0787 1.5531, 0.0817 0.1083 1.5494, 0.0671 0.0787 1.5621, 0.0473 0.0787 1.5981, 0.048 0.0787 1.5963, 0.0535 0.0787 1.5811, 0.0553 0.0787 1.5783, 0.0636 0.0787 1.5654, 0.1112 0.0787 1.5307, 0.1112 0.1083 1.5307, 0.1476 0.0787 1.4643, 0.1474 0.0787 1.4707, 0.1457 0.0787 1.4792, 0.1448 0.0787 1.4838, 0.1439 0.0787 1.4881, 0.1376 0.0787 1.5018, 0.1361 0.0787 1.5051, 0.126 0.0787 1.5182, 0.125 0.0787 1.5195, 0.1476 0.0787 0.6022, 0.1476 0.0789 0.5962, 0.1476 0.0815 0.5807, 0.1476 0.0893 0.5585, 0.1476 0.0822 0.5765, 0.1476 0.1026 0.5386, 0.1476 0.1004 0.541, 0.1476 0.0902 0.5571, 0.1476 0.1201 0.5226, 0.1476 0.1136 0.5271, 0.2461 0.1199 0.5222, 0.2461 0.0811 0.5806, 0.2461 0.0787 0.6022, 0.2461 0.0898 0.5569, 0.2461 0.1023 0.5383, 0.2461 0.0787 1.5183, 0.1516 0.0787 1.6649, 0.1516 0.1083 1.6649, 0.2096 0.0787 1.5847, 0.2149 0.0787 1.5811, 0.2096 0.1083 1.5847, 0.2243 0.0787 1.572, 0.2277 0.0787 1.5687, 0.236 0.0787 1.5558, 0.2378 0.0787 1.553, 0.2434 0.0787 1.5378, 0.244 0.0787 1.536, 0.188 0.0787 1.5984, 0.1739 0.0787 1.6101, 0.1728 0.0787 1.611, 0.163 0.0787 1.6246, 0.1614 0.0787 1.6268, 0.1557 0.0787 1.6411, 0.154 0.0787 1.6456, 0.1523 0.0787 1.6588, 0.188 0.1083 1.5984, 0.9843 -0.311 -0.6063, 1.0335 -0.311 -0.6063, 1.0335 -0.3248 -0.6063, 0.935 -0.3248 -0.6063, 0.935 -0.311 -0.6063, 1.0335 -0.3386 -0.6063, 0.9843 -0.3386 -0.6063, 0.935 -0.3386 -0.6063, 0.935 -0.2953 -0.5866, 0.9843 -0.2953 -0.5866, 1.0335 -0.2953 -0.5866, 0.935 -0.2953 0.4023, 0.9843 -0.2953 0.4023, 1.0335 -0.2953 0.4023, 0.935 -0.2941 0.412, 0.935 -0.2814 0.4323, 0.935 -0.2748 0.4369, 0.9843 -0.2748 0.4369, 1.0335 -0.2941 0.412, 0.935 -0.2903 0.4214, 1.0335 -0.2903 0.4214, 0.935 -0.2879 0.4253, 1.0335 -0.2879 0.4253, 1.0335 -0.2814 0.4323, 1.0335 -0.2748 0.4369, 1.0335 -0.2157 0.4691, 0.935 -0.2157 0.4691, 0.935 -0.13 0.5158, 0.9843 -0.13 0.5158, 1.0335 -0.13 0.5158, 1.0335 -0.1378 0.6015, 1.0335 -0.1378 0.6022, 0.935 -0.1378 0.6022, 0.935 -0.1513 0.5725, 0.935 -0.1583 0.5677, 0.9843 -0.1583 0.5677, 0.935 -0.1378 0.6015, 0.935 -0.1391 0.5923, 1.0335 -0.1391 0.5923, 0.935 -0.1428 0.583, 1.0335 -0.1428 0.583, 0.935 -0.1449 0.5797, 1.0335 -0.1449 0.5797, 1.0335 -0.1513 0.5725, 1.0335 -0.1583 0.5677, 1.0335 -0.2157 0.5364, 0.935 -0.2157 0.5364, 0.935 -0.303 0.4887, 0.9843 -0.303 0.4887, 1.0335 -0.303 0.4887, 0.9843 -0.3543 0.4023, 1.0335 -0.3543 0.4023, 1.0335 -0.3518 0.4246, 0.935 -0.3518 0.4246, 0.935 -0.3543 0.4023, 1.0335 -0.3149 0.4811, 1.0335 -0.3429 0.4483, 0.935 -0.3429 0.4483, 1.0335 -0.3321 0.4646, 0.935 -0.3321 0.4646, 0.935 -0.3149 0.4811, 0.935 -0.3543 -0.5866, 0.9843 -0.3543 -0.5866, 1.0335 -0.3543 -0.5866, 0.5453 -0.1083 3.3228, 0.5453 -0.0984 3.3346, 0.4921 -0.0984 3.3346, 0.4921 -0.1378 3.2874, 0.5453 -0.1378 3.2874, 0.439 -0.0984 3.3346, 0.439 -0.1083 3.3228, 0.439 -0.1378 3.2874, 0.439 -0.1378 1.8319, 0.5817 -0.1378 1.8145, 0.5666 -0.1378 1.827, 0.4754 -0.1378 1.7655, 0.4719 -0.1378 1.7679, 0.5551 -0.1378 1.8428, 0.4606 -0.1378 1.7783, 0.4416 -0.1378 1.8126, 0.4477 -0.1378 1.7962, 0.5477 -0.1378 1.8615, 0.4492 -0.1378 1.794, 0.4584 -0.1378 1.7802, 0.5453 -0.1378 1.881, 0.4411 -0.1378 1.8137, 0.7362 -0.1378 1.7162, 0.7362 -0.1378 1.5995, 0.997 -0.1378 1.5502, 0.8986 -0.1378 1.4962, 0.9128 -0.1378 1.4846, 1.0005 -0.1378 1.5479, 0.9135 -0.1378 1.4836, 1.0119 -0.1378 1.5375, 0.9241 -0.1378 1.4696, 1.014 -0.1378 1.5355, 0.9248 -0.1378 1.4678, 1.0247 -0.1378 1.5196, 1.0233 -0.1378 1.5217, 0.9323 -0.1378 1.4491, 1.0335 -0.1378 1.4838, 0.9318 -0.1378 1.452, 1.0313 -0.1378 1.502, 1.0309 -0.1378 1.5032, 0.935 -0.1378 1.4298, 0.9349 -0.1378 1.434, 0.5453 -0.0886 3.3346, 0.5453 -0.0787 3.3346, 0.439 -0.0787 3.3346, 0.439 -0.0886 3.3346, 0.5453 -0.0787 1.881, 0.5453 -0.1083 1.881, 0.5782 -0.0787 1.8169, 0.5817 -0.1083 1.8145, 0.5817 -0.0787 1.8145, 0.5669 -0.0787 1.8273, 0.5647 -0.0787 1.8292, 0.5555 -0.0787 1.843, 0.554 -0.0787 1.8452, 0.5474 -0.0787 1.8627, 0.5479 -0.0787 1.8616, 0.7362 -0.0787 1.7162, 0.997 -0.1083 1.5502, 0.997 -0.0787 1.5502, 1.0112 -0.0787 1.5386, 1.012 -0.0787 1.5376, 1.0225 -0.0787 1.5236, 1.0233 -0.0787 1.5218, 1.0302 -0.0787 1.506, 1.0307 -0.0787 1.5032, 1.0334 -0.0787 1.488, 1.0335 -0.0787 1.4838, 1.0335 -0.0787 0.6022, 1.0335 -0.0789 0.5968, 1.0335 -0.0816 0.58, 1.0335 -0.0889 0.5591, 1.0335 -0.0822 0.5765, 1.0335 -0.1012 0.5401, 1.0335 -0.1004 0.5409, 1.0335 -0.0905 0.5565, 1.0335 -0.1185 0.5238, 1.0335 -0.1131 0.5275, 0.935 -0.1182 0.5234, 0.935 -0.0787 0.6022, 0.935 -0.0813 0.5799, 0.935 -0.0901 0.5563, 0.935 -0.101 0.5399, 0.935 -0.0787 1.4298, 0.439 -0.0787 1.8319, 0.439 -0.1083 1.8319, 0.9135 -0.0787 1.4835, 0.8986 -0.1083 1.4962, 0.9021 -0.0787 1.4938, 0.8986 -0.0787 1.4962, 0.9156 -0.0787 1.4815, 0.9248 -0.0787 1.4677, 0.9263 -0.0787 1.4655, 0.9325 -0.0787 1.4491, 0.9329 -0.0787 1.448, 0.4391 -0.0787 1.8277, 0.4417 -0.0787 1.8126, 0.4422 -0.0787 1.8097, 0.4492 -0.0787 1.7939, 0.4754 -0.0787 1.7655, 0.4612 -0.0787 1.7771, 0.4605 -0.0787 1.7781, 0.45 -0.0787 1.7921, 0.7362 -0.0787 1.5995, 0.4754 -0.1083 1.7655, -0.9843 -0.311 -0.6063, -0.935 -0.311 -0.6063, -0.935 -0.3248 -0.6063, -1.0335 -0.3248 -0.6063, -1.0335 -0.311 -0.6063, -0.935 -0.3386 -0.6063, -0.9843 -0.3386 -0.6063, -1.0335 -0.3386 -0.6063, -1.0335 -0.2953 -0.5866, -0.9843 -0.2953 -0.5866, -0.935 -0.2953 -0.5866, -1.0335 -0.2953 0.4023, -0.9843 -0.2953 0.4023, -0.935 -0.2953 0.4023, -1.0335 -0.2941 0.412, -1.0335 -0.2814 0.4323, -1.0335 -0.2748 0.4369, -0.9843 -0.2748 0.4369, -0.935 -0.2941 0.412, -1.0335 -0.2903 0.4214, -0.935 -0.2903 0.4214, -1.0335 -0.2879 0.4253, -0.935 -0.2879 0.4253, -0.935 -0.2814 0.4323, -0.935 -0.2748 0.4369, -0.935 -0.2157 0.4691, -1.0335 -0.2157 0.4691, -1.0335 -0.13 0.5158, -0.9843 -0.13 0.5158, -0.935 -0.13 0.5158, -0.935 -0.1378 0.6015, -0.935 -0.1378 0.6022, -1.0335 -0.1378 0.6022, -1.0335 -0.1513 0.5725, -1.0335 -0.1583 0.5677, -0.9843 -0.1583 0.5677, -1.0335 -0.1378 0.6015, -1.0335 -0.1391 0.5923, -0.935 -0.1391 0.5923, -1.0335 -0.1428 0.583, -0.935 -0.1428 0.583, -1.0335 -0.1449 0.5797, -0.935 -0.1449 0.5797, -0.935 -0.1513 0.5725, -0.935 -0.1583 0.5677, -0.935 -0.2157 0.5364, -1.0335 -0.2157 0.5364, -1.0335 -0.303 0.4887, -0.9843 -0.303 0.4887, -0.935 -0.303 0.4887, -0.9843 -0.3543 0.4023, -0.935 -0.3543 0.4023, -0.935 -0.3518 0.4246, -1.0335 -0.3543 0.4023, -0.935 -0.3149 0.4811, -1.0335 -0.3518 0.4246, -0.935 -0.3429 0.4483, -1.0335 -0.3429 0.4483, -0.935 -0.3321 0.4646, -1.0335 -0.3321 0.4646, -1.0335 -0.3149 0.4811, -1.0335 -0.3543 -0.5866, -0.9843 -0.3543 -0.5866, -0.935 -0.3543 -0.5866, -0.439 -0.1083 3.3228, -0.439 -0.0984 3.3346, -0.4921 -0.0984 3.3346, -0.4921 -0.1378 3.2874, -0.439 -0.1378 3.2874, -0.5453 -0.0984 3.3346, -0.5453 -0.1083 3.3228, -0.5453 -0.1378 3.2874, -0.5453 -0.1378 1.881, -0.439 -0.1378 1.8319, -0.5457 -0.1378 1.877, -0.5474 -0.1378 1.8627, -0.4391 -0.1378 1.8277, -0.5489 -0.1378 1.8588, -0.4417 -0.1378 1.8126, -0.4422 -0.1378 1.8097, -0.554 -0.1378 1.8452, -0.4489 -0.1378 1.7945, -0.5674 -0.1378 1.8268, -0.4754 -0.1378 1.7655, -0.5647 -0.1378 1.8292, -0.4612 -0.1378 1.7771, -0.5563 -0.1378 1.8418, -0.4605 -0.1378 1.7781, -0.45 -0.1378 1.7921, -1.0335 -0.1378 1.4838, -1.0225 -0.1378 1.5236, -1.0235 -0.1378 1.5212, -0.9255 -0.1378 1.4674, -1.0302 -0.1378 1.506, -0.935 -0.1378 1.4298, -0.9326 -0.1378 1.4492, -1.0334 -0.1378 1.488, -1.0307 -0.1378 1.5032, -0.5782 -0.1378 1.8169, -0.5817 -0.1378 1.8145, -0.7362 -0.1378 1.5995, -0.7362 -0.1378 1.7162, -0.8986 -0.1378 1.4962, -0.997 -0.1378 1.5502, -0.9137 -0.1378 1.4837, -1.0112 -0.1378 1.5386, -1.012 -0.1378 1.5376, -0.439 -0.0886 3.3346, -0.439 -0.0787 3.3346, -0.5453 -0.0787 3.3346, -0.5453 -0.0886 3.3346, -0.439 -0.0787 1.8319, -0.439 -0.1083 1.8319, -0.4754 -0.1083 1.7655, -0.4754 -0.0787 1.7655, -0.4719 -0.0787 1.7679, -0.4411 -0.0787 1.8137, -0.4416 -0.0787 1.8126, -0.4477 -0.0787 1.7962, -0.4488 -0.0787 1.7945, -0.4584 -0.0787 1.7802, -0.4606 -0.0787 1.7783, -0.8986 -0.1083 1.4962, -0.8986 -0.0787 1.4962, -0.7362 -0.0787 1.5995, -0.935 -0.0787 1.4298, -0.9349 -0.0787 1.434, -0.9323 -0.0787 1.4491, -0.9318 -0.0787 1.452, -0.9251 -0.0787 1.4672, -0.9241 -0.0787 1.4696, -0.9128 -0.0787 1.4846, -0.9135 -0.0787 1.4836, -0.935 -0.0787 0.6022, -0.935 -0.0789 0.5968, -0.935 -0.0816 0.58, -0.935 -0.0889 0.5591, -0.935 -0.0822 0.5765, -0.935 -0.1012 0.5401, -0.935 -0.1004 0.5409, -0.935 -0.0905 0.5565, -0.935 -0.1185 0.5238, -0.935 -0.1131 0.5275, -1.0335 -0.1182 0.5234, -1.0335 -0.0787 0.6022, -1.0335 -0.0813 0.5799, -1.0335 -0.0901 0.5563, -1.0335 -0.101 0.5399, -1.0335 -0.0787 1.4838, -0.5453 -0.0787 1.881, -0.5453 -0.1083 1.881, -1.0119 -0.0787 1.5375, -0.997 -0.1083 1.5502, -1.0005 -0.0787 1.5479, -0.997 -0.0787 1.5502, -1.014 -0.0787 1.5355, -1.0236 -0.0787 1.5212, -1.0247 -0.0787 1.5196, -1.0309 -0.0787 1.5032, -1.0313 -0.0787 1.502, -0.5817 -0.0787 1.8145, -0.5672 -0.0787 1.8266, -0.5666 -0.0787 1.827, -0.556 -0.0787 1.8416, -0.5488 -0.0787 1.8588, -0.5551 -0.0787 1.8428, -0.5477 -0.0787 1.8615, -0.5458 -0.0787 1.877, -0.7362 -0.0787 1.7162, -0.5817 -0.1083 1.8145, -0.5817 -0.1083 1.8145
            ]
        }
        coordIndex [
            0,1,2,-1,3,4,5,-1,6,3,2,-1,2,3,5,-1,2,5,0,-1,0,5,7,-1,6,8,9,-1,6,9,3,-1,3,9,10,-1,3,10,4,-1,8,11,12,-1,8,12,9,-1,9,12,13,-1,9,13,10,-1,14,15,16,-1,17,18,14,-1,19,13,12,-1,14,16,17,-1,17,16,20,-1,17,20,21,-1,21,20,22,-1,21,22,23,-1,23,22,19,-1,23,19,24,-1,24,19,12,-1,24,12,11,-1,25,15,14,-1,26,27,28,-1,14,18,26,-1,26,28,14,-1,14,28,29,-1,14,29,25,-1,30,31,32,-1,33,34,35,-1,32,36,30,-1,30,36,37,-1,30,37,38,-1,38,37,39,-1,38,39,40,-1,40,39,41,-1,40,41,42,-1,42,41,33,-1,42,33,43,-1,43,33,35,-1,43,35,44,-1,45,44,35,-1,46,47,48,-1,35,34,46,-1,46,48,35,-1,35,48,49,-1,35,49,45,-1,48,47,50,-1,51,52,53,-1,54,55,56,-1,56,55,57,-1,56,57,58,-1,58,57,59,-1,58,59,53,-1,53,59,60,-1,53,60,51,-1,49,48,54,-1,54,48,50,-1,54,50,55,-1,60,61,62,-1,60,62,51,-1,51,62,63,-1,51,63,52,-1,61,1,0,-1,61,0,62,-1,62,0,7,-1,62,7,63,-1,64,65,66,-1,67,68,69,-1,70,64,69,-1,69,64,66,-1,69,66,67,-1,67,66,71,-1,69,68,72,-1,73,74,75,-1,75,74,76,-1,77,78,79,-1,79,78,75,-1,79,75,80,-1,80,75,76,-1,81,82,77,-1,77,82,83,-1,77,83,78,-1,84,85,86,-1,86,85,87,-1,86,87,81,-1,81,87,88,-1,81,88,82,-1,84,86,89,-1,89,86,90,-1,89,90,91,-1,91,90,92,-1,91,92,93,-1,93,92,94,-1,94,92,95,-1,94,95,72,-1,70,69,96,-1,96,69,72,-1,96,72,97,-1,97,72,95,-1,75,98,73,-1,73,98,99,-1,73,99,100,-1,99,101,100,-1,100,101,102,-1,100,102,103,-1,103,102,104,-1,103,104,105,-1,105,104,106,-1,107,108,109,-1,108,110,109,-1,109,110,111,-1,109,111,104,-1,104,111,112,-1,104,112,106,-1,113,114,109,-1,109,114,115,-1,109,115,107,-1,32,31,116,-1,116,31,113,-1,116,113,117,-1,117,113,109,-1,118,119,120,-1,120,71,66,-1,118,120,121,-1,121,120,66,-1,121,66,65,-1,121,65,64,-1,118,121,122,-1,122,121,64,-1,122,64,123,-1,123,64,70,-1,123,70,96,-1,63,7,5,-1,4,10,5,-1,5,10,13,-1,124,113,125,-1,125,113,31,-1,125,31,126,-1,126,31,30,-1,126,30,127,-1,127,30,128,-1,128,30,38,-1,128,38,129,-1,129,38,40,-1,129,40,130,-1,43,131,42,-1,42,131,132,-1,42,132,40,-1,40,132,133,-1,40,133,130,-1,44,134,43,-1,43,134,135,-1,43,135,131,-1,63,5,52,-1,52,5,13,-1,52,13,53,-1,53,13,19,-1,53,19,58,-1,58,19,22,-1,58,22,56,-1,56,22,20,-1,56,20,54,-1,54,20,16,-1,54,16,49,-1,49,16,15,-1,49,15,45,-1,45,15,25,-1,45,25,44,-1,44,25,29,-1,44,29,134,-1,28,27,136,-1,137,138,125,-1,128,139,127,-1,127,139,137,-1,127,137,126,-1,126,137,125,-1,128,129,139,-1,139,129,130,-1,139,130,140,-1,130,133,140,-1,140,133,132,-1,140,132,141,-1,141,132,131,-1,141,131,136,-1,29,28,134,-1,134,28,136,-1,134,136,135,-1,135,136,131,-1,8,6,11,-1,11,6,2,-1,116,142,32,-1,32,142,138,-1,32,138,36,-1,36,138,137,-1,36,137,37,-1,37,137,139,-1,37,139,39,-1,39,139,140,-1,39,140,41,-1,41,140,141,-1,41,141,33,-1,33,141,136,-1,33,136,34,-1,34,136,27,-1,34,27,46,-1,46,27,26,-1,46,26,47,-1,47,26,18,-1,47,18,50,-1,50,18,17,-1,50,17,55,-1,55,17,21,-1,55,21,57,-1,57,21,23,-1,57,23,59,-1,59,23,24,-1,59,24,60,-1,60,24,11,-1,60,11,61,-1,61,11,2,-1,61,2,1,-1,143,144,145,-1,101,99,143,-1,143,145,101,-1,101,145,146,-1,101,146,102,-1,146,147,102,-1,102,147,148,-1,102,148,104,-1,148,149,104,-1,104,149,150,-1,104,150,109,-1,150,151,109,-1,109,151,152,-1,109,152,117,-1,142,116,153,-1,153,116,117,-1,153,117,154,-1,154,117,152,-1,155,144,143,-1,155,143,156,-1,143,99,98,-1,156,143,157,-1,157,143,98,-1,157,98,75,-1,158,159,160,-1,72,158,94,-1,94,158,160,-1,94,160,93,-1,93,160,161,-1,93,161,91,-1,91,161,162,-1,91,162,89,-1,89,162,163,-1,89,163,84,-1,84,163,164,-1,84,164,85,-1,85,164,165,-1,85,165,87,-1,87,165,166,-1,87,166,88,-1,88,166,167,-1,88,167,82,-1,82,167,168,-1,82,168,83,-1,83,168,169,-1,83,169,78,-1,78,169,170,-1,170,156,78,-1,78,156,157,-1,78,157,75,-1,67,71,120,-1,119,159,120,-1,120,159,158,-1,120,158,67,-1,67,158,72,-1,67,72,68,-1,171,172,173,-1,171,173,74,-1,123,96,97,-1,122,123,174,-1,174,123,97,-1,174,97,175,-1,175,97,95,-1,175,95,176,-1,176,95,92,-1,176,92,177,-1,177,92,90,-1,177,90,178,-1,178,90,86,-1,178,86,179,-1,179,86,81,-1,179,81,180,-1,180,81,77,-1,180,77,181,-1,181,77,79,-1,181,79,182,-1,182,79,80,-1,182,80,173,-1,173,80,76,-1,173,76,74,-1,159,119,118,-1,118,122,159,-1,159,122,174,-1,159,174,160,-1,160,174,175,-1,160,175,161,-1,161,175,176,-1,178,164,177,-1,177,164,163,-1,177,163,176,-1,176,163,162,-1,176,162,161,-1,179,166,178,-1,178,166,165,-1,178,165,164,-1,180,168,179,-1,179,168,167,-1,179,167,166,-1,182,156,181,-1,181,156,170,-1,181,170,180,-1,180,170,169,-1,180,169,168,-1,183,155,172,-1,172,155,156,-1,172,156,173,-1,173,156,182,-1,125,138,124,-1,124,138,142,-1,142,153,124,-1,124,153,154,-1,124,154,184,-1,150,185,186,-1,186,187,150,-1,150,187,188,-1,150,188,151,-1,151,188,184,-1,151,184,152,-1,152,184,154,-1,189,190,150,-1,190,191,150,-1,150,191,192,-1,150,192,185,-1,189,150,193,-1,193,150,149,-1,193,149,194,-1,194,149,148,-1,194,148,147,-1,147,146,194,-1,194,146,145,-1,194,145,183,-1,183,145,144,-1,183,144,155,-1,193,103,189,-1,189,103,105,-1,189,105,190,-1,190,105,106,-1,190,106,191,-1,191,106,112,-1,191,112,192,-1,192,112,111,-1,192,111,185,-1,185,111,110,-1,185,110,186,-1,186,110,108,-1,186,108,187,-1,187,108,107,-1,187,107,188,-1,188,107,115,-1,188,115,184,-1,184,115,114,-1,184,114,124,-1,124,114,113,-1,193,194,103,-1,103,194,195,-1,103,195,100,-1,183,172,171,-1,183,171,194,-1,171,74,73,-1,194,171,195,-1,195,171,73,-1,195,73,100,-1,196,197,198,-1,199,200,201,-1,202,199,198,-1,198,199,201,-1,198,201,196,-1,196,201,203,-1,202,204,205,-1,202,205,199,-1,199,205,206,-1,199,206,200,-1,204,207,208,-1,204,208,205,-1,205,208,209,-1,205,209,206,-1,210,211,212,-1,213,214,210,-1,215,209,208,-1,210,212,213,-1,213,212,216,-1,213,216,217,-1,217,216,218,-1,217,218,219,-1,219,218,215,-1,219,215,220,-1,220,215,208,-1,220,208,207,-1,221,211,210,-1,222,223,224,-1,210,214,222,-1,222,224,210,-1,210,224,225,-1,210,225,221,-1,226,227,228,-1,229,230,231,-1,228,232,226,-1,226,232,233,-1,226,233,234,-1,234,233,235,-1,234,235,236,-1,236,235,237,-1,236,237,238,-1,238,237,229,-1,238,229,239,-1,239,229,231,-1,239,231,240,-1,241,240,231,-1,242,243,244,-1,231,230,242,-1,242,244,231,-1,231,244,245,-1,231,245,241,-1,244,243,246,-1,247,248,249,-1,250,251,252,-1,252,251,253,-1,252,253,254,-1,254,253,255,-1,254,255,249,-1,249,255,256,-1,249,256,247,-1,245,244,250,-1,250,244,246,-1,250,246,251,-1,256,257,258,-1,256,258,247,-1,247,258,259,-1,247,259,248,-1,257,197,196,-1,257,196,258,-1,258,196,203,-1,258,203,259,-1,260,261,262,-1,263,264,265,-1,266,260,265,-1,265,260,262,-1,265,262,263,-1,263,262,267,-1,265,264,268,-1,269,270,271,-1,271,270,272,-1,271,272,273,-1,274,275,276,-1,276,275,277,-1,276,277,272,-1,272,277,278,-1,272,278,273,-1,266,265,279,-1,279,265,268,-1,279,268,276,-1,276,268,280,-1,276,280,274,-1,281,282,283,-1,283,282,284,-1,283,284,269,-1,269,284,285,-1,269,285,270,-1,281,286,282,-1,282,286,287,-1,282,287,288,-1,288,287,289,-1,288,289,290,-1,290,289,291,-1,291,289,292,-1,292,289,293,-1,292,293,294,-1,295,296,297,-1,297,296,298,-1,297,298,293,-1,293,298,299,-1,293,299,294,-1,228,227,300,-1,300,227,296,-1,300,296,301,-1,301,296,295,-1,302,303,304,-1,304,267,262,-1,302,304,305,-1,305,304,262,-1,305,262,261,-1,305,261,260,-1,302,305,306,-1,306,305,260,-1,306,260,307,-1,307,260,266,-1,307,266,279,-1,307,279,276,-1,270,285,308,-1,308,285,309,-1,308,309,310,-1,308,311,270,-1,270,311,312,-1,270,312,272,-1,312,313,272,-1,272,313,314,-1,272,314,276,-1,306,307,315,-1,315,307,276,-1,315,276,316,-1,316,276,314,-1,317,310,309,-1,284,282,318,-1,309,285,284,-1,284,318,309,-1,309,318,319,-1,309,319,317,-1,282,288,318,-1,318,288,319,-1,319,288,320,-1,320,288,290,-1,320,290,321,-1,321,290,291,-1,321,291,322,-1,322,291,292,-1,322,292,323,-1,323,292,294,-1,323,294,324,-1,324,294,299,-1,324,299,325,-1,325,299,298,-1,325,298,326,-1,326,298,296,-1,326,296,327,-1,259,203,201,-1,200,206,201,-1,201,206,209,-1,327,296,328,-1,328,296,227,-1,328,227,329,-1,329,227,226,-1,329,226,330,-1,330,226,234,-1,236,331,234,-1,234,331,332,-1,234,332,330,-1,239,333,238,-1,238,333,334,-1,238,334,236,-1,236,334,335,-1,236,335,331,-1,240,336,239,-1,239,336,337,-1,239,337,333,-1,259,201,248,-1,248,201,209,-1,248,209,249,-1,249,209,215,-1,249,215,254,-1,254,215,218,-1,254,218,252,-1,252,218,216,-1,252,216,250,-1,250,216,212,-1,250,212,245,-1,245,212,211,-1,245,211,241,-1,241,211,221,-1,241,221,240,-1,240,221,225,-1,240,225,336,-1,224,223,338,-1,339,328,329,-1,339,329,340,-1,331,341,332,-1,332,341,340,-1,332,340,330,-1,330,340,329,-1,331,335,341,-1,341,335,334,-1,341,334,342,-1,334,333,342,-1,342,333,337,-1,342,337,338,-1,338,337,336,-1,338,336,224,-1,224,336,225,-1,204,202,207,-1,207,202,198,-1,198,197,257,-1,198,257,207,-1,207,257,256,-1,207,256,220,-1,220,256,255,-1,220,255,219,-1,219,255,253,-1,219,253,217,-1,217,253,251,-1,217,251,213,-1,213,251,246,-1,213,246,214,-1,214,246,243,-1,214,243,222,-1,222,243,242,-1,222,242,223,-1,223,242,230,-1,223,230,338,-1,338,230,229,-1,338,229,342,-1,342,229,237,-1,342,237,341,-1,341,237,235,-1,341,235,340,-1,340,235,233,-1,340,233,339,-1,300,343,228,-1,228,343,339,-1,228,339,232,-1,232,339,233,-1,263,267,304,-1,303,344,304,-1,304,344,345,-1,304,345,263,-1,263,345,268,-1,263,268,264,-1,286,281,346,-1,346,281,347,-1,346,347,348,-1,348,347,349,-1,286,346,287,-1,287,346,350,-1,287,350,289,-1,289,350,351,-1,289,351,293,-1,293,351,352,-1,293,352,297,-1,297,352,353,-1,297,353,295,-1,295,353,354,-1,295,354,301,-1,301,354,343,-1,301,343,300,-1,344,303,302,-1,355,356,314,-1,314,356,357,-1,314,357,316,-1,316,357,358,-1,316,358,315,-1,315,358,344,-1,315,344,306,-1,306,344,302,-1,311,359,312,-1,312,359,360,-1,312,360,313,-1,313,360,361,-1,313,361,314,-1,314,361,362,-1,314,362,355,-1,328,339,327,-1,327,339,343,-1,343,354,327,-1,327,354,353,-1,327,353,326,-1,326,353,352,-1,326,352,325,-1,325,352,324,-1,324,352,323,-1,323,352,351,-1,323,351,322,-1,346,319,350,-1,350,319,320,-1,350,320,351,-1,351,320,321,-1,351,321,322,-1,311,308,359,-1,359,308,310,-1,359,310,363,-1,363,310,317,-1,363,317,349,-1,349,317,319,-1,349,319,348,-1,348,319,346,-1,344,358,345,-1,345,358,357,-1,345,357,268,-1,360,273,361,-1,361,273,278,-1,361,278,362,-1,362,278,277,-1,362,277,355,-1,355,277,275,-1,355,275,356,-1,356,275,274,-1,356,274,357,-1,357,274,280,-1,357,280,268,-1,360,359,273,-1,273,359,364,-1,273,364,271,-1,271,364,269,-1,363,349,347,-1,283,269,364,-1,347,281,283,-1,283,364,347,-1,347,364,359,-1,347,359,363,-1,365,366,367,-1,368,369,370,-1,371,368,367,-1,367,368,370,-1,367,370,365,-1,365,370,372,-1,371,373,374,-1,371,374,368,-1,368,374,375,-1,368,375,369,-1,373,376,377,-1,373,377,374,-1,374,377,378,-1,374,378,375,-1,377,376,379,-1,380,381,382,-1,383,384,385,-1,385,384,386,-1,385,386,387,-1,387,386,380,-1,387,380,388,-1,388,380,382,-1,388,382,389,-1,378,377,383,-1,383,377,379,-1,383,379,384,-1,390,389,382,-1,391,392,393,-1,382,381,391,-1,391,393,382,-1,382,393,394,-1,382,394,390,-1,395,396,397,-1,398,399,400,-1,397,401,395,-1,395,401,402,-1,395,402,403,-1,403,402,404,-1,403,404,405,-1,405,404,406,-1,405,406,407,-1,407,406,398,-1,407,398,408,-1,408,398,400,-1,408,400,409,-1,410,409,400,-1,411,412,413,-1,400,399,411,-1,411,413,400,-1,400,413,414,-1,400,414,410,-1,413,412,415,-1,416,417,418,-1,419,420,421,-1,421,420,422,-1,421,422,423,-1,423,422,416,-1,423,416,424,-1,424,416,418,-1,424,418,425,-1,414,413,419,-1,419,413,415,-1,419,415,420,-1,417,426,427,-1,417,427,418,-1,418,427,428,-1,418,428,425,-1,426,366,365,-1,426,365,427,-1,427,365,372,-1,427,372,428,-1,429,430,431,-1,431,432,433,-1,434,429,435,-1,435,429,431,-1,435,431,436,-1,436,431,433,-1,436,433,437,-1,438,434,435,-1,439,440,441,-1,441,440,442,-1,441,442,443,-1,443,444,441,-1,441,444,445,-1,441,445,446,-1,397,396,447,-1,447,396,448,-1,447,448,449,-1,449,448,450,-1,449,450,441,-1,441,450,451,-1,441,451,439,-1,446,452,441,-1,441,452,453,-1,441,453,454,-1,436,437,455,-1,455,437,456,-1,457,458,459,-1,459,458,460,-1,456,461,455,-1,455,461,462,-1,455,462,458,-1,458,462,463,-1,458,463,460,-1,457,464,458,-1,458,464,465,-1,458,465,455,-1,436,455,435,-1,435,455,466,-1,435,466,467,-1,467,468,435,-1,435,468,469,-1,435,469,470,-1,454,438,441,-1,441,438,435,-1,441,435,471,-1,471,435,470,-1,431,430,472,-1,473,474,475,-1,476,473,472,-1,472,473,475,-1,472,475,431,-1,431,475,432,-1,472,430,429,-1,476,472,477,-1,477,472,429,-1,477,429,478,-1,478,429,434,-1,478,434,438,-1,478,438,454,-1,479,480,481,-1,481,480,452,-1,481,452,446,-1,480,482,452,-1,452,482,483,-1,452,483,453,-1,483,484,453,-1,453,484,485,-1,453,485,454,-1,477,478,486,-1,486,478,454,-1,486,454,487,-1,487,454,485,-1,488,479,481,-1,488,481,489,-1,489,481,446,-1,489,446,445,-1,490,443,491,-1,491,443,442,-1,491,442,492,-1,492,442,440,-1,492,440,493,-1,493,440,439,-1,493,439,494,-1,494,439,451,-1,494,451,495,-1,495,451,450,-1,495,450,496,-1,496,450,448,-1,496,448,497,-1,490,488,443,-1,443,488,489,-1,443,489,444,-1,444,489,445,-1,428,372,370,-1,369,375,370,-1,370,375,378,-1,497,448,498,-1,498,448,396,-1,498,396,499,-1,499,396,395,-1,499,395,500,-1,500,395,403,-1,405,501,403,-1,403,501,502,-1,403,502,500,-1,408,503,407,-1,407,503,504,-1,407,504,405,-1,405,504,505,-1,405,505,501,-1,409,506,408,-1,408,506,507,-1,408,507,503,-1,428,370,425,-1,425,370,378,-1,425,378,424,-1,424,378,383,-1,424,383,423,-1,423,383,385,-1,423,385,421,-1,421,385,387,-1,421,387,419,-1,419,387,388,-1,419,388,414,-1,414,388,389,-1,414,389,410,-1,410,389,390,-1,410,390,409,-1,409,390,394,-1,409,394,506,-1,393,392,508,-1,500,509,499,-1,499,509,510,-1,499,510,498,-1,500,502,509,-1,509,502,501,-1,509,501,511,-1,501,505,511,-1,511,505,504,-1,511,504,512,-1,504,503,512,-1,512,503,507,-1,512,507,508,-1,508,507,506,-1,508,506,393,-1,393,506,394,-1,373,371,376,-1,376,371,367,-1,367,366,426,-1,367,426,376,-1,376,426,417,-1,376,417,379,-1,379,417,416,-1,379,416,384,-1,384,416,422,-1,384,422,386,-1,386,422,420,-1,386,420,380,-1,380,420,415,-1,380,415,381,-1,381,415,412,-1,381,412,391,-1,391,412,411,-1,391,411,392,-1,392,411,399,-1,392,399,508,-1,508,399,398,-1,508,398,512,-1,512,398,406,-1,512,406,511,-1,511,406,404,-1,511,404,509,-1,509,404,402,-1,509,402,510,-1,447,513,397,-1,397,513,510,-1,397,510,401,-1,401,510,402,-1,433,432,475,-1,474,514,475,-1,475,514,515,-1,475,515,433,-1,433,515,456,-1,433,456,437,-1,516,517,518,-1,518,517,455,-1,455,517,466,-1,466,517,519,-1,466,519,467,-1,467,519,520,-1,467,520,468,-1,468,520,521,-1,468,521,469,-1,469,521,522,-1,469,522,470,-1,470,522,523,-1,470,523,471,-1,471,523,524,-1,471,524,441,-1,441,524,525,-1,441,525,449,-1,449,525,513,-1,449,513,447,-1,474,473,524,-1,524,473,525,-1,524,523,474,-1,474,523,522,-1,474,522,521,-1,521,520,474,-1,474,520,519,-1,474,519,517,-1,526,527,516,-1,516,527,528,-1,528,529,516,-1,516,529,530,-1,516,530,517,-1,517,530,531,-1,517,531,532,-1,532,533,517,-1,517,533,514,-1,517,514,474,-1,473,476,477,-1,473,477,525,-1,525,477,486,-1,525,486,487,-1,487,485,525,-1,525,485,484,-1,525,484,483,-1,483,482,525,-1,525,482,480,-1,525,480,479,-1,479,488,525,-1,525,488,490,-1,525,490,491,-1,491,492,525,-1,525,492,493,-1,525,493,494,-1,498,510,497,-1,497,510,513,-1,497,513,496,-1,496,513,525,-1,496,525,495,-1,495,525,494,-1,514,533,515,-1,515,533,532,-1,515,532,456,-1,465,464,534,-1,534,464,526,-1,526,464,527,-1,527,464,457,-1,527,457,528,-1,528,457,459,-1,528,459,529,-1,529,459,460,-1,529,460,530,-1,530,460,463,-1,530,463,531,-1,531,463,462,-1,531,462,532,-1,532,462,461,-1,532,461,456,-1,526,516,518,-1,526,518,534,-1,534,518,455,-1,534,455,465,-1,535,536,537,-1,538,539,535,-1,537,540,541,-1,535,537,538,-1,538,537,541,-1,538,541,542,-1,539,543,544,-1,539,544,535,-1,535,544,545,-1,535,545,536,-1,543,546,547,-1,543,547,544,-1,544,547,548,-1,544,548,545,-1,547,546,549,-1,550,551,552,-1,553,554,555,-1,555,554,556,-1,555,556,557,-1,557,556,550,-1,557,550,558,-1,558,550,552,-1,558,552,559,-1,548,547,553,-1,553,547,549,-1,553,549,554,-1,560,559,552,-1,561,562,563,-1,552,551,561,-1,561,563,552,-1,552,563,564,-1,552,564,560,-1,565,566,567,-1,568,569,570,-1,567,571,565,-1,565,571,572,-1,565,572,573,-1,573,572,574,-1,573,574,575,-1,575,574,576,-1,575,576,577,-1,577,576,568,-1,577,568,578,-1,578,568,570,-1,578,570,579,-1,580,579,570,-1,581,582,583,-1,570,569,581,-1,581,583,570,-1,570,583,584,-1,570,584,580,-1,583,582,585,-1,586,587,588,-1,589,590,591,-1,591,590,592,-1,591,592,593,-1,593,592,586,-1,593,586,594,-1,594,586,588,-1,594,588,595,-1,584,583,589,-1,589,583,585,-1,589,585,590,-1,587,596,597,-1,587,597,588,-1,588,597,598,-1,588,598,595,-1,596,542,541,-1,596,541,597,-1,597,541,540,-1,597,540,598,-1,599,600,601,-1,601,602,603,-1,604,599,605,-1,605,599,601,-1,605,601,606,-1,606,601,603,-1,606,603,607,-1,606,608,605,-1,605,608,604,-1,608,609,604,-1,604,609,610,-1,604,610,611,-1,612,611,613,-1,613,611,614,-1,613,614,615,-1,612,616,611,-1,611,616,617,-1,611,617,618,-1,618,619,611,-1,611,619,620,-1,611,620,604,-1,607,621,606,-1,606,621,622,-1,606,622,608,-1,621,623,622,-1,622,623,624,-1,622,624,625,-1,625,626,622,-1,622,626,627,-1,622,627,628,-1,628,629,622,-1,622,629,630,-1,622,630,631,-1,631,632,622,-1,622,632,633,-1,622,633,634,-1,634,635,622,-1,622,635,636,-1,622,636,637,-1,567,566,638,-1,638,566,639,-1,638,639,640,-1,640,639,622,-1,640,622,641,-1,641,622,637,-1,642,643,644,-1,642,644,645,-1,644,602,601,-1,645,644,646,-1,646,644,601,-1,646,601,600,-1,646,600,599,-1,645,646,647,-1,647,646,599,-1,647,599,648,-1,648,599,604,-1,648,604,620,-1,649,650,651,-1,651,650,652,-1,651,652,614,-1,620,619,648,-1,648,619,647,-1,647,619,653,-1,653,619,618,-1,653,618,654,-1,654,618,617,-1,654,617,655,-1,655,617,616,-1,655,616,656,-1,656,616,612,-1,656,612,657,-1,657,612,613,-1,657,613,652,-1,652,613,615,-1,652,615,614,-1,658,649,651,-1,658,651,659,-1,659,651,614,-1,659,614,611,-1,639,660,661,-1,639,661,622,-1,622,661,662,-1,622,662,608,-1,662,663,608,-1,608,663,664,-1,608,664,609,-1,664,665,609,-1,609,665,666,-1,609,666,610,-1,610,666,667,-1,610,667,668,-1,668,658,610,-1,610,658,659,-1,610,659,611,-1,598,540,537,-1,536,545,537,-1,537,545,548,-1,660,639,669,-1,669,639,566,-1,669,566,670,-1,670,566,565,-1,670,565,671,-1,671,565,573,-1,575,672,573,-1,573,672,673,-1,573,673,671,-1,578,674,577,-1,577,674,675,-1,577,675,575,-1,575,675,676,-1,575,676,672,-1,579,677,578,-1,578,677,678,-1,578,678,674,-1,598,537,595,-1,595,537,548,-1,595,548,594,-1,594,548,553,-1,594,553,593,-1,593,553,555,-1,593,555,591,-1,591,555,557,-1,591,557,589,-1,589,557,558,-1,589,558,584,-1,584,558,559,-1,584,559,580,-1,580,559,560,-1,580,560,579,-1,579,560,564,-1,579,564,677,-1,563,562,679,-1,680,669,670,-1,680,670,681,-1,672,682,673,-1,673,682,681,-1,673,681,671,-1,671,681,670,-1,672,676,682,-1,682,676,675,-1,682,675,683,-1,675,674,683,-1,683,674,678,-1,683,678,679,-1,679,678,677,-1,679,677,563,-1,563,677,564,-1,543,539,546,-1,546,539,538,-1,538,542,596,-1,538,596,546,-1,546,596,587,-1,546,587,549,-1,549,587,586,-1,549,586,554,-1,554,586,592,-1,554,592,556,-1,556,592,590,-1,556,590,550,-1,550,590,585,-1,550,585,551,-1,551,585,582,-1,551,582,561,-1,561,582,581,-1,561,581,562,-1,562,581,569,-1,562,569,679,-1,679,569,568,-1,679,568,683,-1,683,568,576,-1,683,576,682,-1,682,576,574,-1,682,574,681,-1,681,574,572,-1,681,572,680,-1,638,684,567,-1,567,684,680,-1,567,680,571,-1,571,680,572,-1,603,602,644,-1,643,685,644,-1,644,685,686,-1,644,686,603,-1,603,686,621,-1,603,621,607,-1,687,688,689,-1,689,688,632,-1,632,688,633,-1,633,688,690,-1,633,690,634,-1,634,690,691,-1,634,691,635,-1,635,691,692,-1,635,692,636,-1,636,692,693,-1,636,693,637,-1,637,693,694,-1,637,694,641,-1,641,694,695,-1,641,695,640,-1,640,695,684,-1,640,684,638,-1,685,643,642,-1,693,692,662,-1,692,691,662,-1,662,691,690,-1,662,690,688,-1,688,687,662,-1,662,687,696,-1,662,696,697,-1,669,680,660,-1,660,680,684,-1,660,684,661,-1,661,684,695,-1,661,695,662,-1,662,695,694,-1,662,694,693,-1,697,698,662,-1,662,698,699,-1,662,699,700,-1,700,701,662,-1,662,701,702,-1,662,702,703,-1,645,647,658,-1,658,647,653,-1,658,653,654,-1,654,655,658,-1,658,655,656,-1,658,656,704,-1,704,656,657,-1,704,657,652,-1,652,650,704,-1,704,650,649,-1,704,649,658,-1,645,658,642,-1,642,658,668,-1,642,668,667,-1,667,666,642,-1,642,666,665,-1,642,665,664,-1,703,685,662,-1,662,685,642,-1,662,642,663,-1,663,642,664,-1,686,685,703,-1,705,631,630,-1,621,686,623,-1,623,686,703,-1,623,703,624,-1,624,703,702,-1,624,702,625,-1,625,702,701,-1,625,701,626,-1,626,701,700,-1,626,700,627,-1,627,700,699,-1,627,699,628,-1,628,699,698,-1,628,698,629,-1,629,698,697,-1,629,697,630,-1,630,697,696,-1,630,696,705,-1,696,687,689,-1,696,689,705,-1,705,689,632,-1,705,632,631,-1,706,707,708,-1,709,710,711,-1,712,709,708,-1,708,709,711,-1,708,711,706,-1,706,711,713,-1,712,714,715,-1,712,715,709,-1,709,715,716,-1,709,716,710,-1,714,717,718,-1,714,718,715,-1,715,718,719,-1,715,719,716,-1,720,721,722,-1,723,724,720,-1,725,719,718,-1,720,722,723,-1,723,722,726,-1,723,726,727,-1,727,726,728,-1,727,728,729,-1,729,728,725,-1,729,725,730,-1,730,725,718,-1,730,718,717,-1,731,721,720,-1,732,733,734,-1,720,724,732,-1,732,734,720,-1,720,734,735,-1,720,735,731,-1,736,737,738,-1,739,740,741,-1,738,742,736,-1,736,742,743,-1,736,743,744,-1,744,743,745,-1,744,745,746,-1,746,745,747,-1,746,747,748,-1,748,747,739,-1,748,739,749,-1,749,739,741,-1,749,741,750,-1,751,750,741,-1,752,753,754,-1,741,740,752,-1,752,754,741,-1,741,754,755,-1,741,755,751,-1,754,753,756,-1,757,758,759,-1,760,761,762,-1,762,761,763,-1,762,763,764,-1,764,763,757,-1,764,757,765,-1,765,757,759,-1,765,759,766,-1,755,754,760,-1,760,754,756,-1,760,756,761,-1,758,767,768,-1,758,768,759,-1,759,768,769,-1,759,769,766,-1,767,707,706,-1,767,706,768,-1,768,706,713,-1,768,713,769,-1,770,771,772,-1,773,774,770,-1,772,775,776,-1,770,772,773,-1,773,772,776,-1,773,776,777,-1,777,778,773,-1,773,778,779,-1,773,779,774,-1,780,781,782,-1,778,783,779,-1,779,783,784,-1,779,784,785,-1,785,784,780,-1,785,780,786,-1,786,780,782,-1,787,788,781,-1,781,788,789,-1,781,789,782,-1,787,781,790,-1,790,781,791,-1,790,791,792,-1,792,791,793,-1,792,793,794,-1,794,793,795,-1,795,793,796,-1,795,796,797,-1,797,796,798,-1,797,798,799,-1,738,737,800,-1,800,737,801,-1,802,803,804,-1,801,805,800,-1,800,805,806,-1,800,806,807,-1,807,806,802,-1,807,802,808,-1,808,802,804,-1,809,802,810,-1,810,802,811,-1,809,812,802,-1,802,812,813,-1,802,813,803,-1,811,802,814,-1,814,802,815,-1,814,815,816,-1,798,817,799,-1,799,817,818,-1,799,818,819,-1,819,818,820,-1,819,820,821,-1,821,820,816,-1,821,816,822,-1,822,816,815,-1,772,771,823,-1,824,825,826,-1,775,772,826,-1,826,772,823,-1,826,823,824,-1,823,771,770,-1,824,823,827,-1,827,823,770,-1,827,770,828,-1,828,770,774,-1,828,774,779,-1,829,830,831,-1,799,829,797,-1,797,829,831,-1,797,831,795,-1,795,831,832,-1,795,832,794,-1,794,832,833,-1,794,833,792,-1,792,833,834,-1,792,834,790,-1,790,834,835,-1,790,835,787,-1,787,835,836,-1,787,836,788,-1,788,836,837,-1,788,837,789,-1,789,837,838,-1,789,838,782,-1,782,838,839,-1,782,839,786,-1,786,839,840,-1,786,840,785,-1,785,840,841,-1,841,827,785,-1,785,827,828,-1,785,828,779,-1,819,821,842,-1,843,830,829,-1,842,844,843,-1,843,829,842,-1,842,829,799,-1,842,799,819,-1,801,845,846,-1,801,846,805,-1,805,846,847,-1,805,847,806,-1,847,848,806,-1,806,848,849,-1,806,849,802,-1,849,850,802,-1,802,850,851,-1,802,851,815,-1,851,852,815,-1,815,852,853,-1,815,853,822,-1,822,853,854,-1,822,854,855,-1,855,844,822,-1,822,844,842,-1,822,842,821,-1,769,713,711,-1,710,716,711,-1,711,716,719,-1,845,801,856,-1,856,801,737,-1,856,737,857,-1,857,737,736,-1,857,736,858,-1,858,736,859,-1,859,736,744,-1,859,744,860,-1,860,744,746,-1,860,746,861,-1,749,862,748,-1,748,862,863,-1,748,863,746,-1,746,863,864,-1,746,864,861,-1,750,865,749,-1,749,865,866,-1,749,866,862,-1,769,711,766,-1,766,711,719,-1,766,719,765,-1,765,719,725,-1,765,725,764,-1,764,725,728,-1,764,728,762,-1,762,728,726,-1,762,726,760,-1,760,726,722,-1,760,722,755,-1,755,722,721,-1,755,721,751,-1,751,721,731,-1,751,731,750,-1,750,731,735,-1,750,735,865,-1,734,733,867,-1,868,869,856,-1,856,857,868,-1,868,857,858,-1,868,858,870,-1,861,871,860,-1,860,871,870,-1,860,870,859,-1,859,870,858,-1,861,864,871,-1,871,864,863,-1,871,863,872,-1,872,863,862,-1,872,862,867,-1,735,734,865,-1,865,734,867,-1,865,867,866,-1,866,867,862,-1,714,712,717,-1,717,712,708,-1,800,873,738,-1,738,873,869,-1,738,869,742,-1,742,869,868,-1,742,868,743,-1,743,868,870,-1,743,870,745,-1,745,870,871,-1,745,871,747,-1,747,871,872,-1,747,872,739,-1,739,872,867,-1,739,867,740,-1,740,867,733,-1,740,733,752,-1,752,733,732,-1,752,732,753,-1,753,732,724,-1,753,724,756,-1,756,724,723,-1,756,723,761,-1,761,723,727,-1,761,727,763,-1,763,727,729,-1,763,729,757,-1,757,729,730,-1,757,730,758,-1,758,730,717,-1,758,717,767,-1,767,717,708,-1,767,708,707,-1,776,775,826,-1,825,874,826,-1,826,874,875,-1,826,875,776,-1,776,875,778,-1,776,778,777,-1,876,877,878,-1,816,876,814,-1,814,876,878,-1,814,878,811,-1,811,878,879,-1,811,879,810,-1,810,879,880,-1,810,880,809,-1,809,880,881,-1,809,881,812,-1,812,881,882,-1,812,882,813,-1,813,882,883,-1,813,883,803,-1,803,883,884,-1,803,884,804,-1,804,884,885,-1,804,885,808,-1,808,885,886,-1,808,886,807,-1,886,887,807,-1,807,887,873,-1,807,873,800,-1,888,889,830,-1,889,890,830,-1,830,890,891,-1,830,891,831,-1,891,892,831,-1,831,892,893,-1,831,893,832,-1,832,893,894,-1,832,894,833,-1,839,838,895,-1,838,837,895,-1,895,837,836,-1,895,836,896,-1,896,836,835,-1,896,835,894,-1,894,835,834,-1,894,834,833,-1,897,827,898,-1,898,827,841,-1,898,841,895,-1,895,841,840,-1,895,840,839,-1,825,824,874,-1,874,824,827,-1,874,827,899,-1,899,827,897,-1,830,843,888,-1,888,843,844,-1,888,844,877,-1,844,855,877,-1,877,855,854,-1,877,854,878,-1,878,854,853,-1,878,853,879,-1,879,853,852,-1,879,852,880,-1,880,852,851,-1,880,851,881,-1,881,851,882,-1,886,885,851,-1,885,884,851,-1,851,884,883,-1,851,883,882,-1,848,847,873,-1,886,851,887,-1,887,851,850,-1,887,850,873,-1,873,850,849,-1,873,849,848,-1,856,869,845,-1,845,869,873,-1,845,873,846,-1,846,873,847,-1,875,874,899,-1,900,818,817,-1,900,817,889,-1,791,894,793,-1,793,894,893,-1,793,893,796,-1,796,893,892,-1,796,892,798,-1,798,892,891,-1,798,891,817,-1,817,891,890,-1,817,890,889,-1,778,875,783,-1,783,875,899,-1,783,899,784,-1,784,899,897,-1,784,897,780,-1,780,897,898,-1,780,898,781,-1,781,898,895,-1,781,895,791,-1,791,895,896,-1,791,896,894,-1,820,818,900,-1,888,877,876,-1,900,889,888,-1,888,876,900,-1,900,876,816,-1,900,816,820,-1,901,902,903,-1,904,905,901,-1,903,906,907,-1,901,903,904,-1,904,903,907,-1,904,907,908,-1,905,909,910,-1,905,910,901,-1,901,910,911,-1,901,911,902,-1,909,912,913,-1,909,913,910,-1,910,913,914,-1,910,914,911,-1,913,912,915,-1,916,917,918,-1,919,920,921,-1,921,920,922,-1,921,922,923,-1,923,922,916,-1,923,916,924,-1,924,916,918,-1,924,918,925,-1,914,913,919,-1,919,913,915,-1,919,915,920,-1,926,925,918,-1,927,928,929,-1,918,917,927,-1,927,929,918,-1,918,929,930,-1,918,930,926,-1,931,932,933,-1,934,935,936,-1,933,937,931,-1,931,937,938,-1,931,938,939,-1,939,938,940,-1,939,940,941,-1,941,940,942,-1,941,942,943,-1,943,942,934,-1,943,934,944,-1,944,934,936,-1,944,936,945,-1,946,945,936,-1,947,948,949,-1,936,935,947,-1,947,949,936,-1,936,949,950,-1,936,950,946,-1,949,948,951,-1,952,953,954,-1,955,956,957,-1,957,956,958,-1,957,958,959,-1,959,958,952,-1,959,952,960,-1,960,952,954,-1,960,954,961,-1,950,949,955,-1,955,949,951,-1,955,951,956,-1,953,962,963,-1,953,963,954,-1,954,963,964,-1,954,964,961,-1,962,908,907,-1,962,907,963,-1,963,907,906,-1,963,906,964,-1,965,966,967,-1,967,968,969,-1,970,965,971,-1,971,965,967,-1,971,967,972,-1,972,967,969,-1,972,969,973,-1,972,974,971,-1,971,974,970,-1,974,975,970,-1,970,975,976,-1,970,976,977,-1,978,977,979,-1,979,977,980,-1,979,980,981,-1,978,982,977,-1,977,982,983,-1,977,983,984,-1,984,985,977,-1,977,985,986,-1,977,986,970,-1,973,987,972,-1,972,987,988,-1,972,988,974,-1,987,989,988,-1,988,989,990,-1,988,990,991,-1,991,992,988,-1,988,992,993,-1,988,993,994,-1,994,995,988,-1,988,995,996,-1,988,996,997,-1,997,998,988,-1,988,998,999,-1,988,999,1000,-1,1000,1001,988,-1,988,1001,1002,-1,988,1002,1003,-1,933,932,1004,-1,1004,932,1005,-1,1004,1005,1006,-1,1006,1005,988,-1,1006,988,1007,-1,1007,988,1003,-1,967,966,1008,-1,1009,1010,1011,-1,1009,1011,1012,-1,968,967,1011,-1,1011,967,1008,-1,1011,1008,1012,-1,1008,966,965,-1,1012,1008,1013,-1,1013,1008,965,-1,1013,965,1014,-1,1014,965,970,-1,1014,970,986,-1,1015,1016,1017,-1,1017,1016,1018,-1,1017,1018,980,-1,986,985,1014,-1,1014,985,1013,-1,1013,985,1019,-1,1019,985,984,-1,1019,984,1020,-1,1020,984,983,-1,1020,983,1021,-1,1021,983,982,-1,1021,982,1022,-1,1022,982,978,-1,1022,978,1023,-1,1023,978,979,-1,1023,979,1018,-1,1018,979,981,-1,1018,981,980,-1,1024,1015,1017,-1,1024,1017,1025,-1,1025,1017,980,-1,1025,980,977,-1,1005,1026,1027,-1,1005,1027,988,-1,988,1027,1028,-1,988,1028,974,-1,1028,1029,974,-1,974,1029,1030,-1,974,1030,975,-1,1030,1031,975,-1,975,1031,1032,-1,975,1032,976,-1,976,1032,1033,-1,976,1033,1034,-1,1034,1024,976,-1,976,1024,1025,-1,976,1025,977,-1,964,906,903,-1,902,911,903,-1,903,911,914,-1,1026,1005,1035,-1,1035,1005,932,-1,1035,932,1036,-1,1036,932,931,-1,1036,931,1037,-1,1037,931,939,-1,941,1038,939,-1,939,1038,1039,-1,939,1039,1037,-1,944,1040,943,-1,943,1040,1041,-1,943,1041,941,-1,941,1041,1042,-1,941,1042,1038,-1,945,1043,944,-1,944,1043,1044,-1,944,1044,1040,-1,964,903,961,-1,961,903,914,-1,961,914,960,-1,960,914,919,-1,960,919,959,-1,959,919,921,-1,959,921,957,-1,957,921,923,-1,957,923,955,-1,955,923,924,-1,955,924,950,-1,950,924,925,-1,950,925,946,-1,946,925,926,-1,946,926,945,-1,945,926,930,-1,945,930,1043,-1,929,928,1045,-1,1037,1046,1036,-1,1036,1046,1047,-1,1036,1047,1035,-1,1037,1039,1046,-1,1046,1039,1038,-1,1046,1038,1048,-1,1038,1042,1048,-1,1048,1042,1041,-1,1048,1041,1049,-1,1041,1040,1049,-1,1049,1040,1044,-1,1049,1044,1045,-1,1045,1044,1043,-1,1045,1043,929,-1,929,1043,930,-1,909,905,912,-1,912,905,904,-1,904,908,962,-1,904,962,912,-1,912,962,953,-1,912,953,915,-1,915,953,952,-1,915,952,920,-1,920,952,958,-1,920,958,922,-1,922,958,956,-1,922,956,916,-1,916,956,951,-1,916,951,917,-1,917,951,948,-1,917,948,927,-1,927,948,947,-1,927,947,928,-1,928,947,935,-1,928,935,1045,-1,1045,935,934,-1,1045,934,1049,-1,1049,934,942,-1,1049,942,1048,-1,1048,942,940,-1,1048,940,1046,-1,1046,940,938,-1,1046,938,1047,-1,1004,1050,933,-1,933,1050,1047,-1,933,1047,937,-1,937,1047,938,-1,969,968,1011,-1,1010,1051,1011,-1,1011,1051,1052,-1,1011,1052,969,-1,969,1052,987,-1,969,987,973,-1,1053,1054,1055,-1,1055,1054,998,-1,998,1054,999,-1,999,1054,1056,-1,999,1056,1000,-1,1000,1056,1057,-1,1000,1057,1001,-1,1001,1057,1058,-1,1001,1058,1002,-1,1002,1058,1059,-1,1002,1059,1003,-1,1003,1059,1060,-1,1003,1060,1007,-1,1007,1060,1061,-1,1007,1061,1006,-1,1006,1061,1050,-1,1006,1050,1004,-1,1051,1010,1009,-1,1059,1058,1028,-1,1058,1057,1028,-1,1028,1057,1056,-1,1028,1056,1054,-1,1054,1053,1028,-1,1028,1053,1062,-1,1028,1062,1063,-1,1035,1047,1026,-1,1026,1047,1050,-1,1026,1050,1027,-1,1027,1050,1061,-1,1027,1061,1028,-1,1028,1061,1060,-1,1028,1060,1059,-1,1063,1064,1028,-1,1028,1064,1065,-1,1028,1065,1066,-1,1066,1067,1028,-1,1028,1067,1068,-1,1028,1068,1069,-1,1019,1020,1013,-1,1013,1020,1009,-1,1013,1009,1012,-1,1020,1021,1009,-1,1009,1021,1022,-1,1009,1022,1023,-1,1023,1018,1009,-1,1009,1018,1016,-1,1009,1016,1015,-1,1015,1024,1009,-1,1009,1024,1034,-1,1009,1034,1033,-1,1033,1032,1009,-1,1009,1032,1031,-1,1009,1031,1030,-1,1069,1051,1028,-1,1028,1051,1009,-1,1028,1009,1029,-1,1029,1009,1030,-1,1052,1051,1069,-1,1070,997,996,-1,987,1052,989,-1,989,1052,1069,-1,989,1069,990,-1,990,1069,1068,-1,990,1068,991,-1,991,1068,1067,-1,991,1067,992,-1,992,1067,1066,-1,992,1066,993,-1,993,1066,1065,-1,993,1065,994,-1,994,1065,1064,-1,994,1064,995,-1,995,1064,1063,-1,995,1063,996,-1,996,1063,1062,-1,996,1062,1070,-1,1062,1053,1055,-1,1062,1055,1070,-1,1070,1055,998,-1,1070,998,997,-1,1071,1072,1073,-1,1074,1075,1071,-1,1073,1076,1077,-1,1071,1073,1074,-1,1074,1073,1077,-1,1074,1077,1078,-1,1075,1079,1080,-1,1075,1080,1071,-1,1071,1080,1081,-1,1071,1081,1072,-1,1079,1082,1083,-1,1079,1083,1080,-1,1080,1083,1084,-1,1080,1084,1081,-1,1083,1082,1085,-1,1086,1087,1088,-1,1089,1090,1091,-1,1091,1090,1092,-1,1091,1092,1093,-1,1093,1092,1086,-1,1093,1086,1094,-1,1094,1086,1088,-1,1094,1088,1095,-1,1084,1083,1089,-1,1089,1083,1085,-1,1089,1085,1090,-1,1096,1095,1088,-1,1097,1098,1099,-1,1088,1087,1097,-1,1097,1099,1088,-1,1088,1099,1100,-1,1088,1100,1096,-1,1101,1102,1103,-1,1104,1105,1106,-1,1103,1107,1101,-1,1101,1107,1108,-1,1101,1108,1109,-1,1109,1108,1110,-1,1109,1110,1111,-1,1111,1110,1112,-1,1111,1112,1113,-1,1113,1112,1104,-1,1113,1104,1114,-1,1114,1104,1106,-1,1114,1106,1115,-1,1116,1115,1106,-1,1117,1118,1119,-1,1106,1105,1117,-1,1117,1119,1106,-1,1106,1119,1120,-1,1106,1120,1116,-1,1121,1122,1123,-1,1124,1125,1121,-1,1126,1120,1119,-1,1121,1123,1124,-1,1124,1123,1127,-1,1124,1127,1128,-1,1128,1127,1129,-1,1128,1129,1130,-1,1130,1129,1126,-1,1130,1126,1131,-1,1131,1126,1119,-1,1131,1119,1118,-1,1125,1132,1133,-1,1125,1133,1121,-1,1121,1133,1134,-1,1121,1134,1122,-1,1132,1078,1077,-1,1132,1077,1133,-1,1133,1077,1076,-1,1133,1076,1134,-1,1135,1136,1137,-1,1138,1139,1135,-1,1137,1140,1141,-1,1135,1137,1138,-1,1138,1137,1141,-1,1138,1141,1142,-1,1138,1142,1143,-1,1144,1145,1146,-1,1146,1145,1147,-1,1147,1145,1148,-1,1147,1148,1149,-1,1150,1151,1152,-1,1152,1151,1153,-1,1152,1153,1148,-1,1148,1153,1154,-1,1148,1154,1149,-1,1139,1138,1155,-1,1155,1138,1143,-1,1155,1143,1152,-1,1152,1143,1156,-1,1152,1156,1150,-1,1144,1146,1157,-1,1157,1146,1158,-1,1157,1158,1159,-1,1158,1160,1159,-1,1159,1160,1161,-1,1159,1161,1162,-1,1162,1161,1163,-1,1162,1163,1164,-1,1164,1163,1165,-1,1164,1165,1166,-1,1167,1168,1165,-1,1165,1168,1169,-1,1165,1169,1166,-1,1170,1171,1172,-1,1172,1171,1173,-1,1172,1173,1167,-1,1167,1173,1174,-1,1167,1174,1168,-1,1103,1102,1175,-1,1175,1102,1171,-1,1175,1171,1176,-1,1176,1171,1170,-1,1137,1136,1177,-1,1178,1179,1180,-1,1140,1137,1180,-1,1180,1137,1177,-1,1180,1177,1178,-1,1177,1136,1135,-1,1178,1177,1181,-1,1181,1177,1135,-1,1181,1135,1182,-1,1182,1135,1139,-1,1182,1139,1155,-1,1182,1155,1152,-1,1145,1144,1183,-1,1183,1144,1184,-1,1183,1184,1185,-1,1183,1186,1145,-1,1145,1186,1187,-1,1145,1187,1148,-1,1187,1188,1148,-1,1148,1188,1189,-1,1148,1189,1152,-1,1181,1182,1190,-1,1190,1182,1152,-1,1190,1152,1191,-1,1191,1152,1189,-1,1192,1185,1184,-1,1157,1159,1193,-1,1144,1157,1184,-1,1184,1157,1193,-1,1184,1193,1192,-1,1192,1193,1194,-1,1159,1162,1193,-1,1193,1162,1194,-1,1194,1162,1195,-1,1195,1162,1164,-1,1195,1164,1196,-1,1196,1164,1166,-1,1196,1166,1197,-1,1197,1166,1169,-1,1197,1169,1198,-1,1198,1169,1168,-1,1198,1168,1199,-1,1199,1168,1174,-1,1199,1174,1200,-1,1200,1174,1173,-1,1200,1173,1201,-1,1201,1173,1171,-1,1201,1171,1202,-1,1134,1076,1073,-1,1072,1081,1073,-1,1073,1081,1084,-1,1202,1171,1203,-1,1203,1171,1102,-1,1203,1102,1204,-1,1204,1102,1101,-1,1204,1101,1205,-1,1205,1101,1109,-1,1111,1206,1109,-1,1109,1206,1207,-1,1109,1207,1205,-1,1114,1208,1113,-1,1113,1208,1209,-1,1113,1209,1111,-1,1111,1209,1210,-1,1111,1210,1206,-1,1115,1211,1114,-1,1114,1211,1212,-1,1114,1212,1208,-1,1134,1073,1122,-1,1122,1073,1084,-1,1122,1084,1123,-1,1123,1084,1089,-1,1123,1089,1127,-1,1127,1089,1091,-1,1127,1091,1129,-1,1129,1091,1093,-1,1129,1093,1126,-1,1126,1093,1094,-1,1126,1094,1120,-1,1120,1094,1095,-1,1120,1095,1116,-1,1116,1095,1096,-1,1116,1096,1115,-1,1115,1096,1100,-1,1115,1100,1211,-1,1099,1098,1213,-1,1214,1203,1204,-1,1214,1204,1215,-1,1206,1216,1207,-1,1207,1216,1215,-1,1207,1215,1205,-1,1205,1215,1204,-1,1206,1210,1216,-1,1216,1210,1209,-1,1216,1209,1217,-1,1209,1208,1217,-1,1217,1208,1212,-1,1217,1212,1213,-1,1213,1212,1211,-1,1213,1211,1099,-1,1099,1211,1100,-1,1079,1075,1082,-1,1082,1075,1074,-1,1074,1078,1132,-1,1074,1132,1082,-1,1082,1132,1125,-1,1082,1125,1085,-1,1085,1125,1124,-1,1085,1124,1090,-1,1090,1124,1128,-1,1090,1128,1092,-1,1092,1128,1130,-1,1092,1130,1086,-1,1086,1130,1131,-1,1086,1131,1087,-1,1087,1131,1118,-1,1087,1118,1097,-1,1097,1118,1117,-1,1097,1117,1098,-1,1098,1117,1105,-1,1098,1105,1213,-1,1213,1105,1104,-1,1213,1104,1217,-1,1217,1104,1112,-1,1217,1112,1216,-1,1216,1112,1110,-1,1216,1110,1215,-1,1215,1110,1108,-1,1215,1108,1214,-1,1175,1218,1103,-1,1103,1218,1214,-1,1103,1214,1107,-1,1107,1214,1108,-1,1141,1140,1180,-1,1179,1219,1180,-1,1180,1219,1220,-1,1180,1220,1141,-1,1141,1220,1143,-1,1141,1143,1142,-1,1161,1160,1221,-1,1221,1160,1222,-1,1221,1222,1223,-1,1223,1222,1224,-1,1161,1221,1163,-1,1163,1221,1225,-1,1163,1225,1165,-1,1165,1225,1226,-1,1165,1226,1167,-1,1167,1226,1227,-1,1167,1227,1172,-1,1172,1227,1228,-1,1172,1228,1170,-1,1170,1228,1229,-1,1170,1229,1176,-1,1176,1229,1218,-1,1176,1218,1175,-1,1219,1179,1178,-1,1178,1181,1219,-1,1219,1181,1190,-1,1219,1190,1230,-1,1230,1190,1191,-1,1230,1191,1231,-1,1231,1191,1189,-1,1231,1189,1232,-1,1232,1189,1233,-1,1186,1234,1187,-1,1187,1234,1235,-1,1187,1235,1188,-1,1188,1235,1236,-1,1188,1236,1189,-1,1189,1236,1237,-1,1189,1237,1233,-1,1202,1203,1214,-1,1214,1218,1202,-1,1202,1218,1229,-1,1202,1229,1201,-1,1201,1229,1228,-1,1201,1228,1200,-1,1200,1228,1227,-1,1200,1227,1199,-1,1226,1197,1227,-1,1227,1197,1198,-1,1227,1198,1199,-1,1221,1194,1225,-1,1225,1194,1195,-1,1225,1195,1226,-1,1226,1195,1196,-1,1226,1196,1197,-1,1186,1183,1234,-1,1234,1183,1185,-1,1234,1185,1238,-1,1238,1185,1192,-1,1238,1192,1224,-1,1224,1192,1194,-1,1224,1194,1223,-1,1223,1194,1221,-1,1219,1230,1220,-1,1220,1230,1231,-1,1220,1231,1143,-1,1235,1149,1236,-1,1236,1149,1154,-1,1236,1154,1237,-1,1237,1154,1153,-1,1237,1153,1233,-1,1233,1153,1151,-1,1233,1151,1232,-1,1232,1151,1150,-1,1232,1150,1231,-1,1231,1150,1156,-1,1231,1156,1143,-1,1235,1234,1149,-1,1149,1234,1239,-1,1149,1239,1147,-1,1147,1239,1146,-1,1238,1224,1222,-1,1158,1146,1239,-1,1160,1158,1222,-1,1222,1158,1239,-1,1222,1239,1238,-1,1238,1239,1234,-1,1240,1241,1242,-1,1243,1244,1240,-1,1242,1245,1246,-1,1240,1242,1243,-1,1243,1242,1246,-1,1243,1246,1247,-1,1244,1248,1249,-1,1244,1249,1240,-1,1240,1249,1250,-1,1240,1250,1241,-1,1248,1251,1252,-1,1248,1252,1249,-1,1249,1252,1253,-1,1249,1253,1250,-1,1252,1251,1254,-1,1255,1256,1257,-1,1258,1259,1260,-1,1260,1259,1261,-1,1260,1261,1262,-1,1262,1261,1255,-1,1262,1255,1263,-1,1263,1255,1257,-1,1263,1257,1264,-1,1253,1252,1258,-1,1258,1252,1254,-1,1258,1254,1259,-1,1265,1264,1257,-1,1266,1267,1268,-1,1257,1256,1266,-1,1266,1268,1257,-1,1257,1268,1269,-1,1257,1269,1265,-1,1270,1271,1272,-1,1273,1274,1275,-1,1272,1276,1270,-1,1270,1276,1277,-1,1270,1277,1278,-1,1278,1277,1279,-1,1278,1279,1280,-1,1280,1279,1281,-1,1280,1281,1282,-1,1282,1281,1273,-1,1282,1273,1283,-1,1283,1273,1275,-1,1283,1275,1284,-1,1285,1284,1275,-1,1286,1287,1288,-1,1275,1274,1286,-1,1286,1288,1275,-1,1275,1288,1289,-1,1275,1289,1285,-1,1290,1291,1292,-1,1290,1292,1293,-1,1294,1289,1288,-1,1293,1292,1295,-1,1295,1292,1296,-1,1295,1296,1297,-1,1297,1296,1298,-1,1297,1298,1299,-1,1299,1298,1294,-1,1299,1294,1300,-1,1300,1294,1288,-1,1300,1288,1287,-1,1293,1301,1302,-1,1293,1302,1290,-1,1290,1302,1303,-1,1290,1303,1291,-1,1301,1247,1246,-1,1301,1246,1302,-1,1302,1246,1245,-1,1302,1245,1303,-1,1304,1305,1306,-1,1307,1308,1304,-1,1306,1309,1310,-1,1304,1306,1307,-1,1307,1306,1310,-1,1307,1310,1311,-1,1311,1312,1307,-1,1307,1312,1313,-1,1307,1313,1308,-1,1312,1314,1313,-1,1313,1314,1315,-1,1313,1315,1316,-1,1316,1315,1317,-1,1316,1317,1318,-1,1318,1317,1319,-1,1319,1317,1320,-1,1319,1320,1321,-1,1322,1323,1324,-1,1324,1323,1325,-1,1324,1325,1326,-1,1326,1325,1327,-1,1326,1327,1320,-1,1320,1327,1328,-1,1320,1328,1321,-1,1329,1272,1271,-1,1330,1331,1332,-1,1332,1331,1333,-1,1271,1334,1329,-1,1329,1334,1335,-1,1329,1335,1336,-1,1336,1335,1332,-1,1336,1332,1337,-1,1337,1332,1333,-1,1322,1338,1323,-1,1323,1338,1339,-1,1323,1339,1340,-1,1340,1339,1341,-1,1340,1341,1342,-1,1342,1341,1343,-1,1342,1343,1344,-1,1344,1343,1345,-1,1344,1345,1332,-1,1332,1345,1346,-1,1332,1346,1330,-1,1306,1305,1347,-1,1348,1349,1350,-1,1309,1306,1350,-1,1350,1306,1347,-1,1350,1347,1348,-1,1347,1305,1304,-1,1348,1347,1351,-1,1351,1347,1304,-1,1351,1304,1352,-1,1352,1304,1308,-1,1352,1308,1313,-1,1353,1354,1355,-1,1313,1316,1352,-1,1352,1316,1351,-1,1351,1316,1356,-1,1356,1316,1318,-1,1356,1318,1357,-1,1357,1318,1319,-1,1357,1319,1358,-1,1358,1319,1321,-1,1358,1321,1359,-1,1359,1321,1328,-1,1359,1328,1360,-1,1360,1328,1327,-1,1360,1327,1361,-1,1361,1327,1325,-1,1361,1325,1355,-1,1355,1325,1323,-1,1355,1323,1353,-1,1340,1342,1362,-1,1353,1323,1340,-1,1362,1363,1364,-1,1340,1362,1353,-1,1353,1362,1364,-1,1353,1364,1354,-1,1362,1342,1344,-1,1334,1365,1366,-1,1334,1366,1335,-1,1366,1367,1335,-1,1335,1367,1368,-1,1335,1368,1332,-1,1368,1369,1332,-1,1332,1369,1370,-1,1332,1370,1344,-1,1363,1362,1371,-1,1371,1362,1344,-1,1371,1344,1372,-1,1372,1344,1370,-1,1303,1245,1242,-1,1241,1250,1242,-1,1242,1250,1253,-1,1365,1334,1373,-1,1373,1334,1271,-1,1373,1271,1374,-1,1374,1271,1270,-1,1374,1270,1375,-1,1375,1270,1278,-1,1280,1376,1278,-1,1278,1376,1377,-1,1278,1377,1375,-1,1283,1378,1282,-1,1282,1378,1379,-1,1282,1379,1280,-1,1280,1379,1380,-1,1280,1380,1376,-1,1284,1381,1283,-1,1283,1381,1382,-1,1283,1382,1378,-1,1303,1242,1291,-1,1291,1242,1253,-1,1291,1253,1292,-1,1292,1253,1258,-1,1292,1258,1296,-1,1296,1258,1260,-1,1296,1260,1298,-1,1298,1260,1262,-1,1298,1262,1294,-1,1294,1262,1263,-1,1294,1263,1289,-1,1289,1263,1264,-1,1289,1264,1285,-1,1285,1264,1265,-1,1285,1265,1284,-1,1284,1265,1269,-1,1284,1269,1381,-1,1268,1267,1383,-1,1384,1373,1374,-1,1384,1374,1385,-1,1376,1386,1377,-1,1377,1386,1385,-1,1377,1385,1375,-1,1375,1385,1374,-1,1376,1380,1386,-1,1386,1380,1379,-1,1386,1379,1387,-1,1379,1378,1387,-1,1387,1378,1382,-1,1387,1382,1383,-1,1383,1382,1381,-1,1383,1381,1268,-1,1268,1381,1269,-1,1248,1244,1251,-1,1251,1244,1243,-1,1243,1247,1301,-1,1243,1301,1251,-1,1251,1301,1293,-1,1251,1293,1254,-1,1254,1293,1295,-1,1254,1295,1259,-1,1259,1295,1297,-1,1259,1297,1261,-1,1261,1297,1299,-1,1261,1299,1255,-1,1255,1299,1300,-1,1255,1300,1256,-1,1256,1300,1287,-1,1256,1287,1266,-1,1266,1287,1286,-1,1266,1286,1267,-1,1267,1286,1274,-1,1267,1274,1383,-1,1383,1274,1273,-1,1383,1273,1387,-1,1387,1273,1281,-1,1387,1281,1386,-1,1386,1281,1279,-1,1386,1279,1385,-1,1385,1279,1277,-1,1385,1277,1384,-1,1329,1388,1272,-1,1272,1388,1384,-1,1272,1384,1276,-1,1276,1384,1277,-1,1310,1309,1350,-1,1349,1389,1350,-1,1350,1389,1390,-1,1350,1390,1310,-1,1310,1390,1312,-1,1310,1312,1311,-1,1345,1343,1391,-1,1391,1343,1392,-1,1391,1392,1393,-1,1393,1392,1394,-1,1345,1391,1346,-1,1346,1391,1395,-1,1346,1395,1330,-1,1330,1395,1396,-1,1330,1396,1331,-1,1331,1396,1397,-1,1331,1397,1333,-1,1333,1397,1398,-1,1333,1398,1337,-1,1337,1398,1399,-1,1337,1399,1336,-1,1336,1399,1388,-1,1336,1388,1329,-1,1400,1401,1354,-1,1354,1401,1402,-1,1354,1402,1355,-1,1355,1402,1403,-1,1357,1358,1404,-1,1404,1358,1359,-1,1404,1359,1405,-1,1405,1359,1360,-1,1405,1360,1403,-1,1403,1360,1361,-1,1403,1361,1355,-1,1406,1351,1404,-1,1404,1351,1356,-1,1404,1356,1357,-1,1349,1348,1389,-1,1389,1348,1351,-1,1389,1351,1407,-1,1407,1351,1406,-1,1400,1354,1408,-1,1408,1354,1364,-1,1408,1364,1394,-1,1364,1363,1394,-1,1394,1363,1371,-1,1394,1371,1393,-1,1393,1371,1372,-1,1393,1372,1391,-1,1391,1372,1370,-1,1391,1370,1395,-1,1369,1397,1370,-1,1370,1397,1396,-1,1370,1396,1395,-1,1367,1388,1368,-1,1368,1388,1399,-1,1368,1399,1369,-1,1369,1399,1398,-1,1369,1398,1397,-1,1373,1384,1365,-1,1365,1384,1388,-1,1365,1388,1366,-1,1366,1388,1367,-1,1390,1389,1407,-1,1401,1400,1409,-1,1312,1390,1314,-1,1314,1390,1407,-1,1314,1407,1315,-1,1315,1407,1406,-1,1315,1406,1317,-1,1317,1406,1404,-1,1317,1404,1320,-1,1320,1404,1405,-1,1320,1405,1326,-1,1326,1405,1403,-1,1326,1403,1324,-1,1324,1403,1402,-1,1324,1402,1322,-1,1322,1402,1401,-1,1322,1401,1338,-1,1338,1401,1409,-1,1338,1409,1339,-1,1341,1339,1409,-1,1392,1343,1341,-1,1409,1400,1408,-1,1341,1409,1392,-1,1392,1409,1408,-1,1392,1408,1394,-1,
        ]
    }
}
Shape{
    appearance Appearance {
        material  Material 	{
            diffuseColor 0.8509803921568627 0.8509803921568627 0.8509803921568627
            specularColor 0.4235294117647059 0.4235294117647059 0.4235294117647059
            ambientIntensity 0.2
            transparency 0
            shininess 0.5
        }
    }
    geometry IndexedFaceSet {
        ccw TRUE
        solid FALSE
        coord DEF co Coordinate {
            point [
                -0.0 0.0138 0.2559, 0.0689 0.0138 0.2559, 0.0689 0.0 0.2559, -0.0689 0.0 0.2559, -0.0689 0.0138 0.2559, 0.0689 -0.0138 0.2559, -0.0 -0.0138 0.2559, -0.0689 -0.0138 0.2559, 1.1811 0.0138 0.2559, 1.25 0.0138 0.2559, 1.25 0.0 0.2559, 1.1122 0.0 0.2559, 1.1122 0.0138 0.2559, 1.25 -0.0138 0.2559, 1.1811 -0.0138 0.2559, 1.1122 -0.0138 0.2559, -1.1811 -0.0138 0.2559, -1.25 -0.0138 0.2559, -1.25 0.0 0.2559, -1.1811 0.0138 0.2559, -1.1122 0.0138 0.2559, -1.1122 0.0 0.2559, -1.25 0.0138 0.2559, -1.1122 -0.0138 0.2559, -1.25 0.0295 0.2854, -1.1811 0.0295 0.2854, -1.1122 0.0295 0.2854, -0.0689 0.0295 0.2854, -0.0 0.0295 0.2854, 0.0689 0.0295 0.2854, 1.1122 0.0295 0.2854, 1.1811 0.0295 0.2854, 1.25 0.0295 0.2854, -1.25 -0.0295 0.2854, -1.1811 -0.0295 0.2854, -1.1122 -0.0295 0.2854, -1.1122 0.0295 0.4744, -1.1122 0.0 0.4744, -1.1122 -0.0295 0.4744, -1.1109 -0.0295 0.4849, -1.1113 0.0295 0.4849, -1.1105 -0.0295 0.4884, -1.1072 0.0295 0.4983, -1.1068 -0.0295 0.4982, -1.1054 -0.0295 0.5019, -1.0998 0.0295 0.5106, -1.0995 -0.0295 0.5104, -1.0969 -0.0295 0.5141, -1.0931 0.0295 0.5179, -1.0929 -0.0295 0.5176, -1.086 -0.0295 0.5235, -1.0807 0.0295 0.5266, -1.0805 -0.0295 0.5262, -1.0729 -0.0295 0.53, -1.0678 0.0295 0.5316, -1.0677 -0.0295 0.5312, -1.0532 0.0 0.5335, -1.0532 -0.0295 0.5335, -1.0584 -0.0295 0.5332, -1.0532 0.0295 0.5335, -0.128 -0.0295 0.5335, -0.128 0.0 0.5335, -0.128 0.0295 0.5335, -0.1175 -0.0295 0.5322, -0.1174 0.0295 0.5325, -0.114 -0.0295 0.5318, -0.1041 0.0295 0.5284, -0.1042 -0.0295 0.5281, -0.1004 -0.0295 0.5266, -0.0918 0.0295 0.5211, -0.092 -0.0295 0.5207, -0.0883 -0.0295 0.5181, -0.0845 0.0295 0.5144, -0.0848 -0.0295 0.5141, -0.0789 -0.0295 0.5073, -0.0757 0.0295 0.502, -0.0762 -0.0295 0.5018, -0.0723 -0.0295 0.4942, -0.0708 0.0295 0.4891, -0.0712 -0.0295 0.489, -0.0689 0.0 0.4744, -0.0689 -0.0295 0.4744, -0.0691 -0.0295 0.4797, -0.0689 0.0295 0.4744, -0.0689 -0.0295 0.2854, -0.0 -0.0295 0.2854, 0.0689 -0.0295 0.2854, 0.0689 0.0295 0.4744, 0.0689 0.0 0.4744, 0.0689 -0.0295 0.4744, 0.0702 -0.0295 0.4849, 0.0698 0.0295 0.4849, 0.0706 -0.0295 0.4884, 0.0739 0.0295 0.4983, 0.0743 -0.0295 0.4982, 0.0757 -0.0295 0.5019, 0.0813 0.0295 0.5106, 0.0816 -0.0295 0.5104, 0.0842 -0.0295 0.5141, 0.088 0.0295 0.5179, 0.0883 -0.0295 0.5176, 0.0951 -0.0295 0.5235, 0.1004 0.0295 0.5266, 0.1006 -0.0295 0.5262, 0.1082 -0.0295 0.53, 0.1133 0.0295 0.5316, 0.1134 -0.0295 0.5312, 0.128 0.0 0.5335, 0.128 -0.0295 0.5335, 0.1227 -0.0295 0.5332, 0.128 0.0295 0.5335, 1.0531 -0.0295 0.5335, 1.0531 0.0 0.5335, 1.0531 0.0295 0.5335, 1.0636 -0.0295 0.5322, 1.0637 0.0295 0.5325, 1.0671 -0.0295 0.5318, 1.077 0.0295 0.5284, 1.0769 -0.0295 0.5281, 1.0807 -0.0295 0.5266, 1.0893 0.0295 0.5211, 1.0891 -0.0295 0.5207, 1.0928 -0.0295 0.5181, 1.0966 0.0295 0.5144, 1.0963 -0.0295 0.5141, 1.1022 -0.0295 0.5073, 1.1054 0.0295 0.502, 1.1049 -0.0295 0.5018, 1.1088 -0.0295 0.4942, 1.1104 0.0295 0.4891, 1.1099 -0.0295 0.489, 1.1122 0.0 0.4744, 1.1122 -0.0295 0.4744, 1.112 -0.0295 0.4797, 1.1122 0.0295 0.4744, 1.1122 -0.0295 0.2854, 1.1811 -0.0295 0.2854, 1.25 -0.0295 0.2854, 1.25 0.0295 0.4744, 1.25 0.0 0.4744, 1.25 -0.0295 0.4744, 1.2507 0.0295 0.4837, 1.2511 -0.0295 0.4837, 1.2517 -0.0295 0.4883, 1.2547 0.0295 0.4975, 1.2552 -0.0295 0.4973, 1.2568 -0.0295 0.5016, 1.2608 0.0295 0.5085, 1.2613 -0.0295 0.5081, 1.2659 -0.0295 0.5146, 1.2711 0.0295 0.5197, 1.2714 -0.0295 0.5193, 1.2763 -0.0295 0.5236, 1.2835 0.0295 0.5276, 1.2835 -0.0295 0.5276, 1.2953 -0.0295 0.5352, 1.2958 0.0295 0.5356, 1.2957 -0.0295 0.5357, 1.305 -0.0295 0.5456, 1.3061 0.0295 0.5468, 1.3058 -0.0295 0.547, 1.3122 0.0295 0.5578, 1.312 -0.0295 0.5579, 1.3128 -0.0295 0.5594, 1.3162 0.0295 0.5715, 1.3161 -0.0295 0.5715, 1.3169 0.0295 0.5809, 1.3169 0.0 0.5809, 1.3164 -0.0295 0.5727, 1.3169 -0.0295 0.5809, 1.3169 -0.0295 1.5412, 1.3169 0.0 1.5412, 1.3169 0.0295 1.5412, 1.2767 0.0295 1.5971, 1.2747 0.0295 1.5978, 1.2747 -0.0295 1.5978, 1.3153 -0.0295 1.555, 1.3151 0.0295 1.5558, 1.3094 0.0295 1.5701, 1.3102 -0.0295 1.568, 1.315 -0.0295 1.5557, 1.3008 0.0295 1.5818, 1.3017 -0.0295 1.5802, 1.309 -0.0295 1.5698, 1.2896 0.0295 1.591, 1.2914 -0.0295 1.5897, 1.3004 -0.0295 1.5814, 1.2767 -0.0295 1.5971, 1.2787 -0.0295 1.5965, 1.2895 -0.0295 1.5907, 1.2723 -0.0295 1.5988, 1.2722 0.0295 1.5986, 1.2572 -0.0295 1.6053, 1.2549 0.0295 1.6068, 1.255 -0.0295 1.607, 1.2425 -0.0295 1.6165, 1.2401 0.0295 1.6191, 1.2403 -0.0295 1.6193, 1.2305 -0.0295 1.6315, 1.2286 0.0295 1.6347, 1.2289 -0.0295 1.6348, 1.2224 -0.0295 1.6485, 1.221 0.0295 1.6537, 1.2213 -0.0295 1.6538, 1.2185 0.0 1.6732, 1.2185 -0.0295 1.6732, 1.2187 -0.0295 1.6668, 1.2185 0.0295 1.6732, 1.2185 -0.0295 1.8471, 1.2185 0.0 2.872, 1.2185 -0.0295 2.872, 1.2185 0.0295 1.8471, 1.2185 0.0295 2.872, 1.2194 0.0295 2.8854, 1.2252 0.0295 2.9078, 1.2207 -0.0295 2.8928, 1.2199 -0.0295 2.8853, 1.2365 0.0295 2.9288, 1.2275 -0.0295 2.913, 1.2257 -0.0295 2.9076, 1.2514 0.0295 2.9455, 1.2383 -0.0295 2.9313, 1.2368 -0.0295 2.9287, 1.2724 -0.0295 2.9595, 1.2702 -0.0295 2.9586, 1.2723 0.0295 2.9598, 1.2528 -0.0295 2.9467, 1.2515 -0.0295 2.9454, 1.2901 -0.0295 2.9667, 1.294 0.0295 2.9678, 1.294 -0.0295 2.9674, 1.3169 0.0 2.9705, 1.3169 -0.0295 2.9705, 1.311 -0.0295 2.9703, 1.3169 0.0295 2.9705, 1.3169 -0.0295 3.1559, 1.3169 0.0 3.1559, 1.3169 0.0295 3.1559, 1.3127 0.0 3.1779, 1.3127 -0.0295 3.1779, 1.3159 -0.0295 3.1671, 1.3159 0.0295 3.1671, 1.3127 0.0295 3.1779, 1.2328 -0.0295 3.3775, 1.2328 0.0 3.3775, 1.2328 0.0295 3.3775, 1.2307 0.0295 3.3816, 1.2307 -0.0295 3.3816, 1.2306 -0.0295 3.3817, 1.2276 0.0295 3.385, 1.2276 -0.0295 3.3849, 1.2275 -0.0295 3.385, 1.2235 0.0295 3.3878, 1.2234 -0.0295 3.3876, 1.223 -0.0295 3.3879, 1.2192 0.0295 3.3894, 1.2191 -0.0295 3.3892, 1.2179 -0.0295 3.3896, 1.2141 0.0295 3.3899, 1.2141 -0.0295 3.3898, 1.2134 -0.0295 3.3899, 1.2093 0.0295 3.3892, 1.2093 -0.0295 3.3891, 1.2088 -0.0295 3.3891, 1.2048 0.0295 3.3873, 1.2049 -0.0295 3.3873, 1.2046 -0.0295 3.3872, 1.2011 0.0295 3.3845, 1.2012 -0.0295 3.3844, 1.201 -0.0295 3.3843, 1.1983 0.0295 3.3813, 1.1985 -0.0295 3.3812, 1.1977 -0.0295 3.3803, 1.1962 0.0295 3.3774, 1.1964 -0.0295 3.3773, 1.1957 -0.0295 3.376, 1.1951 0.0295 3.3732, 1.1952 -0.0295 3.3732, 1.1949 0.0 3.3702, 1.1949 -0.0295 3.3702, 1.1949 -0.0295 3.3714, 1.1949 0.0295 3.3702, 1.1949 -0.0295 3.3051, 1.1949 0.0 3.3051, 1.1949 0.0295 3.3051, 1.1936 -0.0295 3.2946, 1.1939 0.0295 3.2946, 1.1932 -0.0295 3.2911, 1.1898 0.0295 3.2812, 1.1895 -0.0295 3.2814, 1.188 -0.0295 3.2776, 1.1825 0.0295 3.2689, 1.1822 -0.0295 3.2692, 1.1796 -0.0295 3.2654, 1.1758 0.0295 3.2616, 1.1755 -0.0295 3.262, 1.1687 -0.0295 3.2561, 1.1634 0.0295 3.2529, 1.1632 -0.0295 3.2533, 1.1556 -0.0295 3.2495, 1.1505 0.0295 3.2479, 1.1504 -0.0295 3.2483, 1.1358 0.0 3.2461, 1.1358 -0.0295 3.2461, 1.1411 -0.0295 3.2463, 1.1358 0.0295 3.2461, 0.7067 -0.0295 3.2461, 0.7067 0.0 3.2461, 0.7067 0.0295 3.2461, 0.692 0.0295 3.2442, 0.6792 -0.0295 3.2392, 0.6921 -0.0295 3.2441, 0.6927 -0.0295 3.2444, 0.6791 -0.0295 3.2392, 0.6791 0.0295 3.2392, 0.667 -0.0295 3.2307, 0.6667 0.0295 3.2305, 0.6668 -0.0295 3.2305, 0.66 0.0295 3.2232, 0.6603 -0.0295 3.223, 0.6576 -0.0295 3.2199, 0.6527 0.0295 3.2109, 0.653 -0.0295 3.2107, 0.6511 -0.0295 3.2068, 0.6486 0.0295 3.1975, 0.649 -0.0295 3.1974, 0.6476 0.0295 3.187, 0.6476 0.0 3.187, 0.6479 -0.0295 3.1923, 0.6476 -0.0295 3.187, 0.6476 0.0295 2.9508, 0.6476 0.0 2.9508, 0.6476 -0.0295 2.9508, 0.6464 -0.0295 2.9403, 0.6467 0.0295 2.9403, 0.6459 -0.0295 2.9368, 0.6426 0.0295 2.9269, 0.6422 -0.0295 2.927, 0.6408 -0.0295 2.9233, 0.6352 0.0295 2.9146, 0.6349 -0.0295 2.9148, 0.6323 -0.0295 2.9111, 0.6285 0.0295 2.9073, 0.6283 -0.0295 2.9076, 0.6214 -0.0295 2.9017, 0.6162 0.0295 2.8986, 0.616 -0.0295 2.899, 0.6083 -0.0295 2.8952, 0.6033 0.0295 2.8936, 0.6032 -0.0295 2.894, 0.5886 0.0 2.8917, 0.5886 -0.0295 2.8917, 0.5939 -0.0295 2.892, 0.5886 0.0295 2.8917, -0.5886 -0.0295 2.8917, -0.5886 0.0 2.8917, -0.5886 0.0295 2.8917, -0.5991 -0.0295 2.893, -0.5991 0.0295 2.8927, -0.6026 -0.0295 2.8934, -0.6125 0.0295 2.8968, -0.6123 -0.0295 2.8971, -0.6161 -0.0295 2.8986, -0.6248 0.0295 2.9041, -0.6245 -0.0295 2.9045, -0.6283 -0.0295 2.9071, -0.6321 0.0295 2.9108, -0.6317 -0.0295 2.9111, -0.6376 -0.0295 2.9179, -0.6408 0.0295 2.9232, -0.6404 -0.0295 2.9234, -0.6442 -0.0295 2.931, -0.6458 0.0295 2.9361, -0.6454 -0.0295 2.9362, -0.6476 0.0 2.9508, -0.6476 -0.0295 2.9508, -0.6474 -0.0295 2.9455, -0.6476 0.0295 2.9508, -0.6476 -0.0295 3.187, -0.6476 0.0 3.187, -0.6476 0.0295 3.187, -0.6495 0.0295 3.2017, -0.6545 -0.0295 3.2145, -0.6496 -0.0295 3.2016, -0.6493 -0.0295 3.201, -0.6545 -0.0295 3.2146, -0.6545 0.0295 3.2146, -0.663 -0.0295 3.2267, -0.6632 0.0295 3.227, -0.6633 -0.0295 3.2269, -0.6705 0.0295 3.2337, -0.6707 -0.0295 3.2334, -0.6738 -0.0295 3.2361, -0.6828 0.0295 3.241, -0.683 -0.0295 3.2407, -0.6869 -0.0295 3.2426, -0.6962 0.0295 3.2451, -0.6963 -0.0295 3.2447, -0.7067 0.0295 3.2461, -0.7067 0.0 3.2461, -0.7014 -0.0295 3.2458, -0.7067 -0.0295 3.2461, -1.1358 -0.0295 3.2461, -1.1358 0.0 3.2461, -1.1358 0.0295 3.2461, -1.1463 -0.0295 3.2473, -1.1463 0.0295 3.247, -1.1498 -0.0295 3.2478, -1.1597 0.0295 3.2511, -1.1596 -0.0295 3.2515, -1.1633 -0.0295 3.2529, -1.172 0.0295 3.2585, -1.1718 -0.0295 3.2588, -1.1755 -0.0295 3.2614, -1.1793 0.0295 3.2651, -1.179 -0.0295 3.2654, -1.1849 -0.0295 3.2723, -1.188 0.0295 3.2775, -1.1876 -0.0295 3.2777, -1.1914 -0.0295 3.2854, -1.193 0.0295 3.2904, -1.1926 -0.0295 3.2905, -1.1949 0.0 3.3051, -1.1949 -0.0295 3.3051, -1.1947 -0.0295 3.2998, -1.1949 0.0295 3.3051, -1.1949 0.0295 3.3702, -1.1949 0.0 3.3702, -1.1949 -0.0295 3.3702, -1.1954 0.0295 3.3748, -1.1954 -0.0295 3.3748, -1.1954 -0.0295 3.3749, -1.197 0.0295 3.3791, -1.197 -0.0295 3.379, -1.1971 -0.0295 3.3791, -1.1997 0.0295 3.3832, -1.1999 -0.0295 3.3831, -1.2002 -0.0295 3.3835, -1.2032 0.0295 3.3863, -1.2033 -0.0295 3.3861, -1.2043 -0.0295 3.3869, -1.2077 0.0295 3.3887, -1.2077 -0.0295 3.3886, -1.2084 -0.0295 3.3889, -1.2124 0.0295 3.3898, -1.2124 -0.0295 3.3897, -1.2129 -0.0295 3.3898, -1.2173 0.0295 3.3897, -1.2173 -0.0295 3.3897, -1.2175 -0.0295 3.3897, -1.2218 0.0295 3.3885, -1.2217 -0.0295 3.3884, -1.222 -0.0295 3.3883, -1.2256 0.0295 3.3866, -1.2255 -0.0295 3.3864, -1.2265 -0.0295 3.3858, -1.2289 0.0295 3.3837, -1.2288 -0.0295 3.3836, -1.2299 -0.0295 3.3826, -1.2315 0.0295 3.3802, -1.2314 -0.0295 3.3802, -1.2328 0.0 3.3775, -1.2328 -0.0295 3.3775, -1.2324 -0.0295 3.3787, -1.2328 0.0295 3.3775, -1.3127 -0.0295 3.1779, -1.3127 0.0 3.1779, -1.3127 0.0295 3.1779, -1.3169 0.0 3.1559, -1.3169 -0.0295 3.1559, -1.3159 -0.0295 3.1671, -1.3159 0.0295 3.1671, -1.3169 0.0295 3.1559, -1.3169 -0.0295 2.9705, -1.3169 0.0 2.9705, -1.3169 0.0295 2.9705, -1.3036 0.0295 2.9696, -1.2812 0.0295 2.9637, -1.2962 -0.0295 2.9683, -1.3037 -0.0295 2.9691, -1.2602 0.0295 2.9525, -1.276 -0.0295 2.9615, -1.2813 -0.0295 2.9633, -1.2435 0.0295 2.9376, -1.2577 -0.0295 2.9506, -1.2603 -0.0295 2.9522, -1.2295 -0.0295 2.9166, -1.2303 -0.0295 2.9187, -1.2292 0.0295 2.9167, -1.2423 -0.0295 2.9362, -1.2436 -0.0295 2.9374, -1.2223 -0.0295 2.8989, -1.2212 0.0295 2.895, -1.2216 -0.0295 2.895, -1.2185 0.0 2.872, -1.2185 -0.0295 2.872, -1.2187 -0.0295 2.878, -1.2185 0.0295 2.872, -1.2185 0.0295 1.8471, -1.2185 0.0295 1.6732, -1.2185 0.0 1.6732, -1.2185 -0.0295 1.8471, -1.2185 -0.0295 1.6732, -1.2186 0.0295 1.6704, -1.2731 0.0295 1.5983, -1.2747 0.0295 1.5978, -1.2747 -0.0295 1.5978, -1.2188 -0.0295 1.6704, -1.2207 -0.0295 1.6543, -1.2214 0.0295 1.652, -1.2288 0.0295 1.6342, -1.2273 -0.0295 1.637, -1.2216 -0.0295 1.652, -1.2404 0.0295 1.6187, -1.2381 -0.0295 1.6212, -1.2291 -0.0295 1.6344, -1.2563 0.0295 1.6059, -1.2521 -0.0295 1.6086, -1.2406 -0.0295 1.6189, -1.2731 -0.0295 1.5983, -1.2687 -0.0295 1.5998, -1.2565 -0.0295 1.6062, -1.3169 0.0295 1.5433, -1.3169 0.0295 1.5411, -1.3169 0.0 1.5411, -1.2759 -0.0295 1.5973, -1.276 0.0295 1.5974, -1.2875 -0.0295 1.5922, -1.2886 0.0295 1.5916, -1.2884 -0.0295 1.5915, -1.2985 -0.0295 1.5837, -1.3005 0.0295 1.5821, -1.3001 -0.0295 1.5817, -1.3078 -0.0295 1.5721, -1.3092 0.0295 1.5704, -1.3087 -0.0295 1.5702, -1.314 -0.0295 1.5594, -1.3147 0.0295 1.5571, -1.3144 -0.0295 1.5571, -1.3168 -0.0295 1.5453, -1.3169 -0.0295 1.5433, -1.3169 -0.0295 1.5411, -1.3169 -0.0295 0.5809, -1.3169 0.0 0.5809, -1.3169 0.0295 0.5809, -1.3151 0.0295 0.5663, -1.315 -0.0295 0.5663, -1.3153 -0.0295 0.567, -1.3101 -0.0295 0.5536, -1.3095 0.0295 0.5521, -1.3092 -0.0295 0.5523, -1.3022 0.0295 0.5419, -1.302 -0.0295 0.5421, -1.301 -0.0295 0.5406, -1.2916 0.0295 0.5323, -1.2915 -0.0295 0.5324, -1.2906 -0.0295 0.5317, -1.2835 0.0295 0.5276, -1.2835 -0.0295 0.5276, -1.2754 0.0295 0.5229, -1.2756 -0.0295 0.5226, -1.2717 -0.0295 0.5201, -1.2647 0.0295 0.5134, -1.265 -0.0295 0.5131, -1.2619 -0.0295 0.5097, -1.2575 0.0295 0.5031, -1.258 -0.0295 0.5028, -1.2541 -0.0295 0.4958, -1.2518 0.0295 0.489, -1.2522 -0.0295 0.4889, -1.25 0.0295 0.4744, -1.25 0.0 0.4744, -1.2506 -0.0295 0.4826, -1.25 -0.0295 0.4744, 0.6949 -0.0295 1.8898, 0.6949 0.0295 1.8898, 0.6957 0.0295 1.9041, 0.7016 0.0295 1.9313, 0.6971 -0.0295 1.9138, 0.6962 -0.0295 1.904, 0.7136 0.0295 1.9575, 0.7039 -0.0295 1.9374, 0.7021 -0.0295 1.9312, 0.7306 -0.0295 1.9799, 0.7298 -0.0295 1.9791, 0.7305 0.0295 1.98, 0.7149 -0.0295 1.9596, 0.7139 -0.0295 1.9574, 0.7479 -0.0295 1.9954, 0.7538 0.0295 1.9996, 0.754 -0.0295 1.9992, 0.7688 -0.0295 2.0081, 0.7817 0.0295 2.0137, 0.782 -0.0295 2.0131, 0.7921 -0.0295 2.0169, 0.8132 0.0295 2.021, 0.8132 -0.0295 2.0207, 0.8163 -0.0295 2.0212, 0.8456 0.0295 2.0203, 0.8407 -0.0295 2.0209, 0.8787 0.0295 2.011, 0.8646 -0.0295 2.016, 0.8456 -0.0295 2.0199, 0.9055 0.0295 1.9956, 0.8876 -0.0295 2.0067, 0.8784 -0.0295 2.0104, 0.9277 -0.0295 1.9743, 0.9261 -0.0295 1.9765, 0.9279 0.0295 1.9745, 0.9084 -0.0295 1.9933, 0.9053 -0.0295 1.9953, 0.9403 -0.0295 1.9567, 0.9457 0.0295 1.9467, 0.9451 -0.0295 1.9464, 0.9508 -0.0295 1.9342, 0.9556 0.0295 1.918, 0.9551 -0.0295 1.9178, 0.9571 -0.0295 1.9103, 0.9587 0.0295 1.8898, 0.9587 -0.0295 1.8898, 0.9579 0.0295 1.8755, 0.9519 0.0295 1.8482, 0.9564 -0.0295 1.8657, 0.9573 -0.0295 1.8755, 0.9399 0.0295 1.822, 0.9497 -0.0295 1.8421, 0.9514 0.0295 1.8471, 0.9511 -0.0295 1.8471, 0.9514 -0.0295 1.8483, 0.9229 -0.0295 1.7996, 0.9238 -0.0295 1.8004, 0.923 0.0295 1.7996, 0.9386 -0.0295 1.8199, 0.9397 -0.0295 1.8221, 0.9057 -0.0295 1.7841, 0.8998 0.0295 1.7799, 0.8995 -0.0295 1.7804, 0.8847 -0.0295 1.7714, 0.8718 0.0295 1.7658, 0.8716 -0.0295 1.7664, 0.8614 -0.0295 1.7626, 0.8404 0.0295 1.7586, 0.8403 -0.0295 1.7588, 0.8372 -0.0295 1.7583, 0.8079 0.0295 1.7592, 0.8128 -0.0295 1.7586, 0.7749 0.0295 1.7685, 0.789 -0.0295 1.7635, 0.808 -0.0295 1.7596, 0.7481 0.0295 1.7839, 0.7659 -0.0295 1.7729, 0.7751 -0.0295 1.7691, 0.7259 -0.0295 1.8052, 0.7274 -0.0295 1.803, 0.7257 0.0295 1.8051, 0.7451 -0.0295 1.7862, 0.7483 -0.0295 1.7842, 0.7132 -0.0295 1.8228, 0.7078 0.0295 1.8328, 0.7084 -0.0295 1.8331, 0.7027 -0.0295 1.8453, 0.7029 0.0295 1.8471, 0.7022 -0.0295 1.8471, 0.6984 -0.0295 1.8617, 0.6979 0.0295 1.8616, 0.6965 -0.0295 1.8692, 0.6555 -0.0295 0.7874, 0.6555 0.0295 0.7874, 0.6563 0.0295 0.8017, 0.6622 0.0295 0.829, 0.6577 -0.0295 0.8115, 0.6568 -0.0295 0.8016, 0.6743 0.0295 0.8552, 0.6645 -0.0295 0.835, 0.6627 -0.0295 0.8288, 0.6912 -0.0295 0.8775, 0.6904 -0.0295 0.8768, 0.6912 0.0295 0.8776, 0.6756 -0.0295 0.8572, 0.6745 -0.0295 0.855, 0.7085 -0.0295 0.8931, 0.7144 0.0295 0.8973, 0.7147 -0.0295 0.8968, 0.7294 -0.0295 0.9057, 0.7424 0.0295 0.9114, 0.7426 -0.0295 0.9107, 0.7527 -0.0295 0.9146, 0.7738 0.0295 0.9186, 0.7739 -0.0295 0.9183, 0.7769 -0.0295 0.9189, 0.8063 0.0295 0.9179, 0.8013 -0.0295 0.9185, 0.8393 0.0295 0.9086, 0.8252 -0.0295 0.9137, 0.8062 -0.0295 0.9175, 0.8661 0.0295 0.8932, 0.8483 -0.0295 0.9043, 0.8391 -0.0295 0.908, 0.8883 -0.0295 0.872, 0.8867 -0.0295 0.8741, 0.8885 0.0295 0.8721, 0.869 -0.0295 0.891, 0.8659 -0.0295 0.893, 0.901 -0.0295 0.8544, 0.9064 0.0295 0.8444, 0.9058 -0.0295 0.8441, 0.9115 -0.0295 0.8319, 0.9162 0.0295 0.8156, 0.9157 -0.0295 0.8155, 0.9177 -0.0295 0.808, 0.9193 0.0295 0.7874, 0.9193 -0.0295 0.7874, 0.9185 0.0295 0.7731, 0.9126 0.0295 0.7458, 0.9171 -0.0295 0.7633, 0.918 -0.0295 0.7732, 0.9005 0.0295 0.7196, 0.9103 -0.0295 0.7398, 0.9121 -0.0295 0.746, 0.8836 -0.0295 0.6973, 0.8844 -0.0295 0.698, 0.8836 0.0295 0.6972, 0.8992 -0.0295 0.7176, 0.9003 -0.0295 0.7198, 0.8663 -0.0295 0.6817, 0.8604 0.0295 0.6776, 0.8601 -0.0295 0.678, 0.8454 -0.0295 0.6691, 0.8324 0.0295 0.6634, 0.8322 -0.0295 0.6641, 0.8221 -0.0295 0.6602, 0.801 0.0295 0.6562, 0.8009 -0.0295 0.6565, 0.7979 -0.0295 0.6559, 0.7685 0.0295 0.6569, 0.7735 -0.0295 0.6563, 0.7355 0.0295 0.6662, 0.7496 -0.0295 0.6611, 0.7686 -0.0295 0.6573, 0.7087 0.0295 0.6816, 0.7265 -0.0295 0.6705, 0.7357 -0.0295 0.6668, 0.6865 -0.0295 0.7028, 0.6881 -0.0295 0.7007, 0.6863 0.0295 0.7027, 0.7058 -0.0295 0.6838, 0.7089 -0.0295 0.6818, 0.6738 -0.0295 0.7204, 0.6684 0.0295 0.7305, 0.669 -0.0295 0.7307, 0.6633 -0.0295 0.7429, 0.6586 0.0295 0.7592, 0.6591 -0.0295 0.7593, 0.6571 -0.0295 0.7668, -0.9193 -0.0295 0.7874, -0.9193 0.0295 0.7874, -0.9185 0.0295 0.8017, -0.9126 0.0295 0.829, -0.9171 -0.0295 0.8115, -0.918 -0.0295 0.8016, -0.9006 0.0295 0.8552, -0.9103 -0.0295 0.835, -0.9121 -0.0295 0.8288, -0.8836 -0.0295 0.8775, -0.8844 -0.0295 0.8768, -0.8836 0.0295 0.8776, -0.8992 -0.0295 0.8572, -0.9003 -0.0295 0.855, -0.8663 -0.0295 0.8931, -0.8604 0.0295 0.8973, -0.8601 -0.0295 0.8968, -0.8454 -0.0295 0.9057, -0.8324 0.0295 0.9114, -0.8322 -0.0295 0.9107, -0.8221 -0.0295 0.9146, -0.801 0.0295 0.9186, -0.8009 -0.0295 0.9183, -0.7979 -0.0295 0.9189, -0.7685 0.0295 0.9179, -0.7735 -0.0295 0.9185, -0.7355 0.0295 0.9086, -0.7496 -0.0295 0.9137, -0.7686 -0.0295 0.9175, -0.7087 0.0295 0.8932, -0.7265 -0.0295 0.9043, -0.7357 -0.0295 0.908, -0.6865 -0.0295 0.872, -0.6881 -0.0295 0.8741, -0.6863 0.0295 0.8721, -0.7058 -0.0295 0.891, -0.7089 -0.0295 0.893, -0.6738 -0.0295 0.8544, -0.6684 0.0295 0.8444, -0.669 -0.0295 0.8441, -0.6633 -0.0295 0.8319, -0.6586 0.0295 0.8156, -0.6591 -0.0295 0.8155, -0.6571 -0.0295 0.808, -0.6555 0.0295 0.7874, -0.6555 -0.0295 0.7874, -0.6563 0.0295 0.7731, -0.6622 0.0295 0.7458, -0.6577 -0.0295 0.7633, -0.6568 -0.0295 0.7732, -0.6743 0.0295 0.7196, -0.6645 -0.0295 0.7398, -0.6627 -0.0295 0.746, -0.6912 -0.0295 0.6973, -0.6904 -0.0295 0.698, -0.6912 0.0295 0.6972, -0.6756 -0.0295 0.7176, -0.6745 -0.0295 0.7198, -0.7085 -0.0295 0.6817, -0.7144 0.0295 0.6776, -0.7147 -0.0295 0.678, -0.7294 -0.0295 0.6691, -0.7424 0.0295 0.6634, -0.7426 -0.0295 0.6641, -0.7527 -0.0295 0.6602, -0.7738 0.0295 0.6562, -0.7739 -0.0295 0.6565, -0.7769 -0.0295 0.6559, -0.8063 0.0295 0.6569, -0.8013 -0.0295 0.6563, -0.8393 0.0295 0.6662, -0.8252 -0.0295 0.6611, -0.8062 -0.0295 0.6573, -0.8661 0.0295 0.6816, -0.8483 -0.0295 0.6705, -0.8391 -0.0295 0.6668, -0.8883 -0.0295 0.7028, -0.8868 -0.0295 0.7007, -0.8885 0.0295 0.7027, -0.869 -0.0295 0.6838, -0.8659 -0.0295 0.6818, -0.901 -0.0295 0.7204, -0.9064 0.0295 0.7305, -0.9058 -0.0295 0.7307, -0.9115 -0.0295 0.7429, -0.9162 0.0295 0.7592, -0.9157 -0.0295 0.7593, -0.9177 -0.0295 0.7668, 0.7854 -0.0295 3.0689, 0.7854 -0.0295 2.1634, 0.7854 0.0 2.1634, 0.7854 0.0 3.0689, 0.7854 0.0295 2.1634, 0.7854 0.0295 3.0689, 0.7867 -0.0295 3.0794, 0.7864 0.0295 3.0794, 0.7871 -0.0295 3.0829, 0.7905 0.0295 3.0928, 0.7908 -0.0295 3.0926, 0.7923 -0.0295 3.0964, 0.7978 0.0295 3.1051, 0.7982 -0.0295 3.1049, 0.8008 -0.0295 3.1086, 0.8045 0.0295 3.1124, 0.8048 -0.0295 3.1121, 0.8116 -0.0295 3.118, 0.8169 0.0295 3.1211, 0.8171 -0.0295 3.1207, 0.8247 -0.0295 3.1245, 0.8298 0.0295 3.1261, 0.8299 -0.0295 3.1257, 0.8445 0.0 3.128, 0.8445 -0.0295 3.128, 0.8392 -0.0295 3.1277, 0.8445 0.0295 3.128, 1.002 -0.0295 3.128, 1.002 0.0 3.128, 1.002 0.0295 3.128, 1.0124 -0.0295 3.1267, 1.0125 0.0295 3.127, 1.016 -0.0295 3.1263, 1.0259 0.0295 3.1229, 1.0257 -0.0295 3.1225, 1.0295 -0.0295 3.1211, 1.0382 0.0295 3.1156, 1.0379 -0.0295 3.1152, 1.0417 -0.0295 3.1126, 1.0454 0.0295 3.1089, 1.0451 -0.0295 3.1086, 1.051 -0.0295 3.1017, 1.0542 0.0295 3.0965, 1.0538 -0.0295 3.0963, 1.0576 -0.0295 3.0887, 1.0592 0.0295 3.0836, 1.0587 -0.0295 3.0835, 1.061 0.0 3.0689, 1.061 -0.0295 3.0689, 1.0608 -0.0295 3.0742, 1.061 0.0295 3.0689, 1.061 -0.0295 2.1634, 1.061 0.0 2.1634, 1.061 0.0295 2.1634, 1.0598 -0.0295 2.1529, 1.0601 0.0295 2.1529, 1.0593 -0.0295 2.1494, 1.056 0.0295 2.1395, 1.0556 -0.0295 2.1396, 1.0542 -0.0295 2.1359, 1.0486 0.0295 2.1272, 1.0483 -0.0295 2.1274, 1.0457 -0.0295 2.1237, 1.0419 0.0295 2.1199, 1.0417 -0.0295 2.1202, 1.0348 -0.0295 2.1143, 1.0296 0.0295 2.1112, 1.0293 -0.0295 2.1116, 1.0217 -0.0295 2.1078, 1.0166 0.0295 2.1062, 1.0165 -0.0295 2.1066, 1.002 0.0 2.1043, 1.002 -0.0295 2.1043, 1.0073 -0.0295 2.1046, 1.002 0.0295 2.1043, 0.8445 -0.0295 2.1043, 0.8445 0.0 2.1043, 0.8445 0.0295 2.1043, 0.834 -0.0295 2.1056, 0.834 0.0295 2.1053, 0.8305 -0.0295 2.106, 0.8206 0.0295 2.1094, 0.8207 -0.0295 2.1097, 0.817 -0.0295 2.1112, 0.8083 0.0295 2.1167, 0.8085 -0.0295 2.1171, 0.8048 -0.0295 2.1197, 0.801 0.0295 2.1234, 0.8013 -0.0295 2.1237, 0.7954 -0.0295 2.1305, 0.7923 0.0295 2.1358, 0.7927 -0.0295 2.136, 0.7889 -0.0295 2.1436, 0.7873 0.0295 2.1487, 0.7877 -0.0295 2.1488, 0.7857 -0.0295 2.1581, -1.061 -0.0295 3.0689, -1.061 -0.0295 2.1634, -1.061 0.0 2.1634, -1.061 0.0 3.0689, -1.061 0.0295 2.1634, -1.061 0.0295 3.0689, -1.0598 -0.0295 3.0794, -1.0601 0.0295 3.0794, -1.0593 -0.0295 3.0829, -1.056 0.0295 3.0928, -1.0556 -0.0295 3.0926, -1.0542 -0.0295 3.0964, -1.0486 0.0295 3.1051, -1.0483 -0.0295 3.1049, -1.0457 -0.0295 3.1086, -1.0419 0.0295 3.1124, -1.0417 -0.0295 3.1121, -1.0348 -0.0295 3.118, -1.0296 0.0295 3.1211, -1.0294 -0.0295 3.1207, -1.0217 -0.0295 3.1245, -1.0166 0.0295 3.1261, -1.0165 -0.0295 3.1257, -1.002 0.0 3.128, -1.002 -0.0295 3.128, -1.0073 -0.0295 3.1277, -1.002 0.0295 3.128, -0.8445 -0.0295 3.128, -0.8445 0.0 3.128, -0.8445 0.0295 3.128, -0.834 -0.0295 3.1267, -0.834 0.0295 3.127, -0.8305 -0.0295 3.1263, -0.8206 0.0295 3.1229, -0.8207 -0.0295 3.1225, -0.817 -0.0295 3.1211, -0.8083 0.0295 3.1156, -0.8085 -0.0295 3.1152, -0.8048 -0.0295 3.1126, -0.801 0.0295 3.1089, -0.8013 -0.0295 3.1086, -0.7954 -0.0295 3.1017, -0.7923 0.0295 3.0965, -0.7927 -0.0295 3.0963, -0.7889 -0.0295 3.0887, -0.7873 0.0295 3.0836, -0.7877 -0.0295 3.0835, -0.7854 0.0 3.0689, -0.7854 -0.0295 3.0689, -0.7857 -0.0295 3.0742, -0.7854 0.0295 3.0689, -0.7854 -0.0295 2.1634, -0.7854 0.0 2.1634, -0.7854 0.0295 2.1634, -0.7867 -0.0295 2.1529, -0.7864 0.0295 2.1529, -0.7871 -0.0295 2.1494, -0.7905 0.0295 2.1395, -0.7908 -0.0295 2.1396, -0.7923 -0.0295 2.1359, -0.7978 0.0295 2.1272, -0.7982 -0.0295 2.1274, -0.8008 -0.0295 2.1237, -0.8045 0.0295 2.1199, -0.8048 -0.0295 2.1202, -0.8116 -0.0295 2.1143, -0.8169 0.0295 2.1112, -0.8171 -0.0295 2.1116, -0.8247 -0.0295 2.1078, -0.8298 0.0295 2.1062, -0.8299 -0.0295 2.1066, -0.8445 0.0 2.1043, -0.8445 -0.0295 2.1043, -0.8392 -0.0295 2.1046, -0.8445 0.0295 2.1043, -1.002 -0.0295 2.1043, -1.002 0.0 2.1043, -1.002 0.0295 2.1043, -1.0124 -0.0295 2.1056, -1.0125 0.0295 2.1053, -1.016 -0.0295 2.106, -1.0259 0.0295 2.1094, -1.0257 -0.0295 2.1097, -1.0295 -0.0295 2.1112, -1.0382 0.0295 2.1167, -1.0379 -0.0295 2.1171, -1.0417 -0.0295 2.1197, -1.0454 0.0295 2.1234, -1.0451 -0.0295 2.1237, -1.051 -0.0295 2.1305, -1.0542 0.0295 2.1358, -1.0538 -0.0295 2.136, -1.0576 -0.0295 2.1436, -1.0592 0.0295 2.1487, -1.0587 -0.0295 2.1488, -1.0608 -0.0295 2.1581, 0.5177 -0.0295 1.0008, 0.5193 -0.0295 1.0142, 0.5177 0.0 1.0008, 0.5195 0.0295 1.0153, 0.5177 0.0295 1.0008, 0.5197 -0.0295 1.0153, 0.524 -0.0295 1.0271, 0.5251 0.0295 1.0293, 0.5253 -0.0295 1.0291, 0.5311 -0.0295 1.0382, 0.5336 0.0295 1.0411, 0.5339 -0.0295 1.0408, 0.5413 -0.0295 1.048, 0.5413 0.0295 1.048, 0.5177 -0.0295 0.7303, 0.5177 0.0 0.7303, 0.5177 0.0295 0.7303, 0.5165 -0.0295 0.7198, 0.5168 0.0295 0.7198, 0.516 -0.0295 0.7163, 0.5127 0.0295 0.7064, 0.5123 -0.0295 0.7066, 0.5109 -0.0295 0.7028, 0.5053 0.0295 0.6941, 0.505 -0.0295 0.6944, 0.5024 -0.0295 0.6906, 0.4986 0.0295 0.6868, 0.4984 -0.0295 0.6872, 0.4915 -0.0295 0.6813, 0.4862 0.0295 0.6781, 0.486 -0.0295 0.6785, 0.4784 -0.0295 0.6747, 0.4733 0.0295 0.6731, 0.4732 -0.0295 0.6735, 0.4587 0.0 0.6713, 0.4587 -0.0295 0.6713, 0.464 -0.0295 0.6715, 0.4587 0.0295 0.6713, -0.4587 -0.0295 0.6713, -0.4587 0.0 0.6713, -0.4587 0.0295 0.6713, -0.4691 -0.0295 0.6725, -0.4692 0.0295 0.6722, -0.4727 -0.0295 0.6729, -0.4825 0.0295 0.6763, -0.4824 -0.0295 0.6767, -0.4862 -0.0295 0.6781, -0.4949 0.0295 0.6836, -0.4946 -0.0295 0.684, -0.4983 -0.0295 0.6866, -0.5021 0.0295 0.6903, -0.5018 -0.0295 0.6906, -0.5077 -0.0295 0.6975, -0.5109 0.0295 0.7027, -0.5105 -0.0295 0.7029, -0.5143 -0.0295 0.7106, -0.5159 0.0295 0.7156, -0.5154 -0.0295 0.7157, -0.5177 0.0 0.7303, -0.5177 -0.0295 0.7303, -0.5175 -0.0295 0.725, -0.5177 0.0295 0.7303, -0.5177 -0.0295 1.0008, -0.5177 0.0 1.0008, -0.5177 0.0295 1.0008, -0.5195 0.0295 1.0153, -0.5196 -0.0295 1.0153, -0.5194 -0.0295 1.0148, -0.524 -0.0295 1.0271, -0.5251 0.0295 1.0293, -0.5253 -0.0295 1.0291, -0.5315 -0.0295 1.0387, -0.5336 0.0295 1.0411, -0.5338 -0.0295 1.0409, -0.5413 0.0295 1.048, -0.5413 -0.0295 1.048, -0.5491 0.0295 1.0549, -0.5488 -0.0295 1.0552, -0.5515 -0.0295 1.0578, -0.5576 0.0295 1.0667, -0.5574 -0.0295 1.0669, -0.5587 -0.0295 1.0689, -0.5631 0.0295 1.0807, -0.563 -0.0295 1.0808, -0.565 0.0295 1.0953, -0.565 0.0 1.0953, -0.5634 -0.0295 1.0818, -0.565 -0.0295 1.0953, -0.565 0.0295 1.8471, -0.565 0.0295 1.9843, -0.565 0.0 1.9843, -0.565 -0.0295 1.8471, -0.565 -0.0295 1.9843, -0.605 0.0295 2.0402, -0.6063 0.0295 2.0406, -0.6063 -0.0295 2.0406, -0.5666 -0.0295 1.9981, -0.5668 0.0295 1.9989, -0.5725 0.0295 2.0131, -0.5715 -0.0295 2.0108, -0.5669 -0.0295 1.9988, -0.581 0.0295 2.0247, -0.5799 -0.0295 2.0231, -0.5729 -0.0295 2.0128, -0.5921 0.0295 2.0339, -0.59 -0.0295 2.0324, -0.5813 -0.0295 2.0244, -0.605 -0.0295 2.0401, -0.6026 -0.0295 2.0393, -0.5922 -0.0295 2.0337, -0.6075 -0.0295 2.0412, -0.6076 0.0295 2.041, -0.619 -0.0295 2.0463, -0.6205 0.0295 2.0472, -0.6204 -0.0295 2.0474, -0.6297 -0.0295 2.0548, -0.6316 0.0295 2.0564, -0.6312 -0.0295 2.0568, -0.6389 -0.0295 2.0665, -0.6401 0.0295 2.068, -0.6397 -0.0295 2.0682, -0.6447 -0.0295 2.0789, -0.6458 0.0295 2.0823, -0.6454 -0.0295 2.0824, -0.6476 0.0 2.0969, -0.6476 -0.0295 2.0969, -0.6475 -0.0295 2.093, -0.6476 0.0295 2.0969, -0.6476 -0.0295 2.6949, -0.6476 0.0 2.6949, -0.6476 0.0295 2.6949, -0.6464 -0.0295 2.7054, -0.6467 0.0295 2.7054, -0.646 -0.0295 2.7089, -0.6426 0.0295 2.7188, -0.6422 -0.0295 2.7186, -0.6408 -0.0295 2.7224, -0.6353 0.0295 2.7311, -0.6349 -0.0295 2.7308, -0.6323 -0.0295 2.7346, -0.6286 0.0295 2.7384, -0.6283 -0.0295 2.738, -0.6214 -0.0295 2.7439, -0.6162 0.0295 2.7471, -0.616 -0.0295 2.7467, -0.6083 -0.0295 2.7505, -0.6033 0.0295 2.7521, -0.6032 -0.0295 2.7517, -0.5886 0.0 2.7539, -0.5886 -0.0295 2.7539, -0.5939 -0.0295 2.7537, -0.5886 0.0295 2.7539, 0.5886 -0.0295 2.7539, 0.5886 0.0 2.7539, 0.5886 0.0295 2.7539, 0.5991 -0.0295 2.7527, 0.5991 0.0295 2.753, 0.6026 -0.0295 2.7522, 0.6125 0.0295 2.7489, 0.6123 -0.0295 2.7485, 0.6161 -0.0295 2.7471, 0.6248 0.0295 2.7415, 0.6245 -0.0295 2.7412, 0.6283 -0.0295 2.7386, 0.6321 0.0295 2.7349, 0.6317 -0.0295 2.7346, 0.6376 -0.0295 2.7277, 0.6408 0.0295 2.7225, 0.6404 -0.0295 2.7223, 0.6442 -0.0295 2.7146, 0.6458 0.0295 2.7096, 0.6453 -0.0295 2.7095, 0.6476 0.0 2.6949, 0.6476 -0.0295 2.6949, 0.6474 -0.0295 2.7002, 0.6476 0.0295 2.6949, 0.6476 0.0295 2.0969, 0.6476 0.0 2.0969, 0.6476 -0.0295 2.0969, 0.6476 0.0295 2.0949, 0.6075 0.0295 2.041, 0.6063 0.0295 2.0406, 0.6063 -0.0295 2.0406, 0.6474 -0.0295 2.0949, 0.646 -0.0295 2.0831, 0.6455 0.0295 2.0811, 0.6399 0.0295 2.0678, 0.6411 -0.0295 2.0704, 0.6452 -0.0295 2.0812, 0.6318 0.0295 2.0567, 0.6327 -0.0295 2.0581, 0.6395 -0.0295 2.0681, 0.62 0.0295 2.0469, 0.6226 -0.0295 2.0488, 0.6315 -0.0295 2.057, 0.6075 -0.0295 2.041, 0.61 -0.0295 2.0419, 0.6198 -0.0295 2.0472, 0.6052 -0.0295 2.0401, 0.6051 0.0295 2.0402, 0.5936 -0.0295 2.0348, 0.5926 0.0295 2.0343, 0.5927 -0.0295 2.0341, 0.5829 -0.0295 2.0264, 0.5808 0.0295 2.0245, 0.5812 -0.0295 2.0242, 0.5737 -0.0295 2.0147, 0.5727 0.0295 2.0134, 0.573 -0.0295 2.0132, 0.5679 -0.0295 2.0023, 0.5671 0.0295 2.0001, 0.5674 -0.0295 2.0, 0.565 0.0295 1.9863, 0.565 0.0295 1.9843, 0.565 0.0 1.9843, 0.5651 -0.0295 1.9882, 0.565 -0.0295 1.9863, 0.565 -0.0295 1.9843, 0.565 -0.0295 1.8471, 0.565 0.0 1.0953, 0.565 -0.0295 1.0953, 0.565 0.0295 1.8471, 0.565 0.0295 1.0953, 0.5637 -0.0295 1.085, 0.564 0.0295 1.0849, 0.5633 -0.0295 1.0812, 0.5597 0.0295 1.071, 0.5595 -0.0295 1.0711, 0.5586 -0.0295 1.0689, 0.5519 0.0295 1.0582, 0.5518 -0.0295 1.0583, 0.5512 -0.0295 1.0573, 1.2958 0.0295 1.5695, -0.8457 0.0295 1.7592, -0.9506 0.0295 1.8471, -0.9457 0.0295 1.8328, -0.9279 0.0295 1.8051, -0.8787 0.0295 1.7685, -0.9055 0.0295 1.7839, -0.8132 0.0295 1.7586, -0.7817 0.0295 1.7658, -0.7538 0.0295 1.7799, -0.7305 0.0295 1.7996, -0.7136 0.0295 1.822, -0.7021 0.0295 1.8471, 1.2139 0.0295 3.3739, -0.9579 0.0295 1.9041, -0.9587 0.0295 1.8898, -0.9556 0.0295 1.8616, -0.8718 0.0295 2.0137, -0.8998 0.0295 1.9996, -0.923 0.0295 1.98, -0.9399 0.0295 1.9575, -0.9519 0.0295 1.9313, -1.2139 0.0295 3.3739, -0.7016 0.0295 1.8482, -0.6957 0.0295 1.8755, -0.6949 0.0295 1.8898, -0.6979 0.0295 1.918, -0.7078 0.0295 1.9467, -0.7257 0.0295 1.9745, -0.7481 0.0295 1.9956, -0.7749 0.0295 2.011, -0.8079 0.0295 2.0203, -0.8404 0.0295 2.021, -0.8132 -0.0295 1.7586, -0.7817 -0.0295 1.7658, -0.7538 -0.0295 1.7799, -0.8457 -0.0295 1.7592, -0.8787 -0.0295 1.7685, -0.9055 -0.0295 1.7839, -0.9279 -0.0295 1.8051, -0.9457 -0.0295 1.8328, -0.8079 -0.0295 2.0203, -0.8404 -0.0295 2.021, 1.2128 -0.0295 3.3759, -0.9507 -0.0295 1.8471, -0.9556 -0.0295 1.8616, -0.9587 -0.0295 1.8898, -0.9579 -0.0295 1.9041, -0.9519 -0.0295 1.9313, -0.9399 -0.0295 1.9575, -0.923 -0.0295 1.98, -0.8718 -0.0295 2.0137, -0.8998 -0.0295 1.9996, -0.7016 -0.0295 1.8482, -0.7021 -0.0295 1.8471, -0.7136 -0.0295 1.822, -0.7305 -0.0295 1.7996, -0.6949 -0.0295 1.8898, -0.6957 -0.0295 1.8755, -0.7481 -0.0295 1.9956, -0.7257 -0.0295 1.9745, -0.7749 -0.0295 2.011, -0.6979 -0.0295 1.918, -0.7078 -0.0295 1.9467, -0.6563 -0.0295 3.2142, -1.2196 -0.0295 3.3844, 0.5891 -0.0295 2.0266, 0.5891 -0.0295 2.0266
            ]
        }
        coordIndex [
            0,1,2,-1,3,4,0,-1,2,5,6,-1,0,2,3,-1,3,2,6,-1,3,6,7,-1,8,9,10,-1,11,12,8,-1,10,13,14,-1,8,10,11,-1,11,10,14,-1,11,14,15,-1,16,17,18,-1,19,20,21,-1,22,19,18,-1,18,19,21,-1,18,21,16,-1,16,21,23,-1,22,24,25,-1,22,25,19,-1,19,25,26,-1,19,26,20,-1,4,27,28,-1,4,28,0,-1,0,28,29,-1,0,29,1,-1,12,30,31,-1,12,31,8,-1,8,31,32,-1,8,32,9,-1,33,17,16,-1,33,16,34,-1,34,16,23,-1,34,23,35,-1,35,23,21,-1,26,36,37,-1,21,20,26,-1,26,37,21,-1,21,37,38,-1,21,38,35,-1,39,38,40,-1,40,38,37,-1,40,37,36,-1,39,40,41,-1,41,40,42,-1,41,42,43,-1,43,42,44,-1,44,42,45,-1,44,45,46,-1,46,45,47,-1,47,45,48,-1,47,48,49,-1,49,48,50,-1,50,48,51,-1,50,51,52,-1,52,51,53,-1,53,51,54,-1,53,54,55,-1,56,57,58,-1,55,54,58,-1,58,54,59,-1,58,59,56,-1,60,57,56,-1,60,56,61,-1,61,56,59,-1,61,59,62,-1,63,60,64,-1,64,60,61,-1,64,61,62,-1,63,64,65,-1,65,64,66,-1,65,66,67,-1,67,66,68,-1,68,66,69,-1,68,69,70,-1,70,69,71,-1,71,69,72,-1,71,72,73,-1,73,72,74,-1,74,72,75,-1,74,75,76,-1,76,75,77,-1,77,75,78,-1,77,78,79,-1,80,81,82,-1,79,78,82,-1,82,78,83,-1,82,83,80,-1,27,4,3,-1,84,81,80,-1,3,7,84,-1,84,80,3,-1,3,80,83,-1,3,83,27,-1,84,7,6,-1,84,6,85,-1,85,6,5,-1,85,5,86,-1,86,5,2,-1,29,87,88,-1,2,1,29,-1,29,88,2,-1,2,88,89,-1,2,89,86,-1,90,89,91,-1,91,89,88,-1,91,88,87,-1,90,91,92,-1,92,91,93,-1,92,93,94,-1,94,93,95,-1,95,93,96,-1,95,96,97,-1,97,96,98,-1,98,96,99,-1,98,99,100,-1,100,99,101,-1,101,99,102,-1,101,102,103,-1,103,102,104,-1,104,102,105,-1,104,105,106,-1,107,108,109,-1,106,105,109,-1,109,105,110,-1,109,110,107,-1,111,108,107,-1,111,107,112,-1,112,107,110,-1,112,110,113,-1,114,111,115,-1,115,111,112,-1,115,112,113,-1,114,115,116,-1,116,115,117,-1,116,117,118,-1,118,117,119,-1,119,117,120,-1,119,120,121,-1,121,120,122,-1,122,120,123,-1,122,123,124,-1,124,123,125,-1,125,123,126,-1,125,126,127,-1,127,126,128,-1,128,126,129,-1,128,129,130,-1,131,132,133,-1,130,129,133,-1,133,129,134,-1,133,134,131,-1,30,12,11,-1,135,132,131,-1,11,15,135,-1,135,131,11,-1,11,131,134,-1,11,134,30,-1,135,15,14,-1,135,14,136,-1,136,14,13,-1,136,13,137,-1,137,13,10,-1,32,138,139,-1,10,9,32,-1,32,139,10,-1,10,139,140,-1,10,140,137,-1,139,138,141,-1,140,139,142,-1,142,139,141,-1,142,141,143,-1,143,141,144,-1,143,144,145,-1,145,144,146,-1,146,144,147,-1,146,147,148,-1,148,147,149,-1,149,147,150,-1,149,150,151,-1,151,150,152,-1,152,150,153,-1,152,153,154,-1,154,153,155,-1,155,153,156,-1,155,156,157,-1,157,156,158,-1,158,156,159,-1,158,159,160,-1,160,159,161,-1,160,161,162,-1,162,161,163,-1,163,161,164,-1,163,164,165,-1,164,166,167,-1,165,164,168,-1,168,164,167,-1,168,167,169,-1,170,169,167,-1,170,167,171,-1,171,167,166,-1,171,166,172,-1,173,174,175,-1,176,170,177,-1,177,170,171,-1,177,171,172,-1,178,179,177,-1,177,179,180,-1,177,180,176,-1,181,182,178,-1,178,182,183,-1,178,183,179,-1,184,185,181,-1,181,185,186,-1,181,186,182,-1,175,187,173,-1,173,187,188,-1,173,188,184,-1,184,188,189,-1,184,189,185,-1,175,174,190,-1,190,174,191,-1,190,191,192,-1,192,191,193,-1,192,193,194,-1,194,193,195,-1,195,193,196,-1,195,196,197,-1,197,196,198,-1,198,196,199,-1,198,199,200,-1,200,199,201,-1,201,199,202,-1,201,202,203,-1,204,205,206,-1,203,202,206,-1,206,202,207,-1,206,207,204,-1,208,205,204,-1,209,210,208,-1,204,207,211,-1,208,204,209,-1,209,204,211,-1,209,211,212,-1,209,212,213,-1,209,213,210,-1,214,215,213,-1,213,215,216,-1,213,216,210,-1,217,218,214,-1,214,218,219,-1,214,219,215,-1,220,221,217,-1,217,221,222,-1,217,222,218,-1,223,224,225,-1,225,224,226,-1,225,226,220,-1,220,226,227,-1,220,227,221,-1,223,225,228,-1,228,225,229,-1,228,229,230,-1,231,232,233,-1,230,229,233,-1,233,229,234,-1,233,234,231,-1,235,232,231,-1,235,231,236,-1,236,231,234,-1,236,234,237,-1,238,239,240,-1,236,237,241,-1,240,235,236,-1,236,241,240,-1,240,241,242,-1,240,242,238,-1,243,239,238,-1,243,238,244,-1,244,238,242,-1,244,242,245,-1,244,245,246,-1,243,244,247,-1,247,244,246,-1,247,246,248,-1,248,246,249,-1,248,249,250,-1,250,249,251,-1,251,249,252,-1,251,252,253,-1,253,252,254,-1,254,252,255,-1,254,255,256,-1,256,255,257,-1,257,255,258,-1,257,258,259,-1,259,258,260,-1,260,258,261,-1,260,261,262,-1,262,261,263,-1,263,261,264,-1,263,264,265,-1,265,264,266,-1,266,264,267,-1,266,267,268,-1,268,267,269,-1,269,267,270,-1,269,270,271,-1,271,270,272,-1,272,270,273,-1,272,273,274,-1,274,273,275,-1,275,273,276,-1,275,276,277,-1,278,279,280,-1,277,276,280,-1,280,276,281,-1,280,281,278,-1,282,279,278,-1,282,278,283,-1,283,278,281,-1,283,281,284,-1,285,282,286,-1,286,282,283,-1,286,283,284,-1,285,286,287,-1,287,286,288,-1,287,288,289,-1,289,288,290,-1,290,288,291,-1,290,291,292,-1,292,291,293,-1,293,291,294,-1,293,294,295,-1,295,294,296,-1,296,294,297,-1,296,297,298,-1,298,297,299,-1,299,297,300,-1,299,300,301,-1,302,303,304,-1,301,300,304,-1,304,300,305,-1,304,305,302,-1,306,303,302,-1,306,302,307,-1,307,302,305,-1,307,305,308,-1,307,308,309,-1,307,309,306,-1,310,311,309,-1,309,311,312,-1,309,312,306,-1,310,309,313,-1,313,309,314,-1,313,314,315,-1,315,314,316,-1,315,316,317,-1,317,316,318,-1,317,318,319,-1,319,318,320,-1,320,318,321,-1,320,321,322,-1,322,321,323,-1,323,321,324,-1,323,324,325,-1,324,326,327,-1,325,324,328,-1,328,324,327,-1,328,327,329,-1,326,330,331,-1,326,331,327,-1,327,331,332,-1,327,332,329,-1,333,332,334,-1,334,332,331,-1,334,331,330,-1,333,334,335,-1,335,334,336,-1,335,336,337,-1,337,336,338,-1,338,336,339,-1,338,339,340,-1,340,339,341,-1,341,339,342,-1,341,342,343,-1,343,342,344,-1,344,342,345,-1,344,345,346,-1,346,345,347,-1,347,345,348,-1,347,348,349,-1,350,351,352,-1,349,348,352,-1,352,348,353,-1,352,353,350,-1,354,351,350,-1,354,350,355,-1,355,350,353,-1,355,353,356,-1,357,354,358,-1,358,354,355,-1,358,355,356,-1,357,358,359,-1,359,358,360,-1,359,360,361,-1,361,360,362,-1,362,360,363,-1,362,363,364,-1,364,363,365,-1,365,363,366,-1,365,366,367,-1,367,366,368,-1,368,366,369,-1,368,369,370,-1,370,369,371,-1,371,369,372,-1,371,372,373,-1,374,375,376,-1,373,372,376,-1,376,372,377,-1,376,377,374,-1,378,375,374,-1,378,374,379,-1,379,374,377,-1,379,377,380,-1,379,380,381,-1,379,381,378,-1,382,383,381,-1,381,383,384,-1,381,384,378,-1,382,381,385,-1,385,381,386,-1,385,386,387,-1,387,386,388,-1,387,388,389,-1,389,388,390,-1,389,390,391,-1,391,390,392,-1,392,390,393,-1,392,393,394,-1,394,393,395,-1,395,393,396,-1,395,396,397,-1,396,398,399,-1,397,396,400,-1,400,396,399,-1,400,399,401,-1,402,401,399,-1,402,399,403,-1,403,399,398,-1,403,398,404,-1,405,402,406,-1,406,402,403,-1,406,403,404,-1,405,406,407,-1,407,406,408,-1,407,408,409,-1,409,408,410,-1,410,408,411,-1,410,411,412,-1,412,411,413,-1,413,411,414,-1,413,414,415,-1,415,414,416,-1,416,414,417,-1,416,417,418,-1,418,417,419,-1,419,417,420,-1,419,420,421,-1,422,423,424,-1,421,420,424,-1,424,420,425,-1,424,425,422,-1,425,426,427,-1,425,427,422,-1,422,427,428,-1,422,428,423,-1,427,426,429,-1,428,427,430,-1,430,427,429,-1,430,429,431,-1,431,429,432,-1,431,432,433,-1,433,432,434,-1,434,432,435,-1,434,435,436,-1,436,435,437,-1,437,435,438,-1,437,438,439,-1,439,438,440,-1,440,438,441,-1,440,441,442,-1,442,441,443,-1,443,441,444,-1,443,444,445,-1,445,444,446,-1,446,444,447,-1,446,447,448,-1,448,447,449,-1,449,447,450,-1,449,450,451,-1,451,450,452,-1,452,450,453,-1,452,453,454,-1,454,453,455,-1,455,453,456,-1,455,456,457,-1,457,456,458,-1,458,456,459,-1,458,459,460,-1,461,462,463,-1,460,459,463,-1,463,459,464,-1,463,464,461,-1,465,462,461,-1,465,461,466,-1,466,461,464,-1,466,464,467,-1,468,469,470,-1,466,467,471,-1,470,465,466,-1,466,471,470,-1,470,471,472,-1,470,472,468,-1,473,469,468,-1,473,468,474,-1,474,468,472,-1,474,472,475,-1,474,475,476,-1,474,476,473,-1,477,478,476,-1,476,478,479,-1,476,479,473,-1,480,481,477,-1,477,481,482,-1,477,482,478,-1,483,484,480,-1,480,484,485,-1,480,485,481,-1,486,487,488,-1,488,487,489,-1,488,489,483,-1,483,489,490,-1,483,490,484,-1,486,488,491,-1,491,488,492,-1,491,492,493,-1,494,495,496,-1,493,492,496,-1,496,492,497,-1,496,497,494,-1,498,499,500,-1,501,495,494,-1,502,501,500,-1,500,501,494,-1,500,494,498,-1,498,494,497,-1,500,499,503,-1,504,505,506,-1,502,500,507,-1,507,500,503,-1,507,503,508,-1,508,503,509,-1,510,511,509,-1,509,511,512,-1,509,512,508,-1,513,514,510,-1,510,514,515,-1,510,515,511,-1,516,517,513,-1,513,517,518,-1,513,518,514,-1,506,519,504,-1,504,519,520,-1,504,520,516,-1,516,520,521,-1,516,521,517,-1,522,523,524,-1,506,505,525,-1,525,505,526,-1,525,526,527,-1,527,526,528,-1,527,528,529,-1,529,528,530,-1,530,528,531,-1,530,531,532,-1,532,531,533,-1,533,531,534,-1,533,534,535,-1,535,534,536,-1,536,534,537,-1,536,537,538,-1,538,537,539,-1,539,537,522,-1,539,522,540,-1,540,522,524,-1,540,524,541,-1,542,541,524,-1,542,524,543,-1,543,524,523,-1,543,523,544,-1,545,546,547,-1,547,542,545,-1,545,542,543,-1,545,543,544,-1,546,545,548,-1,548,545,549,-1,548,549,550,-1,550,549,551,-1,550,551,552,-1,552,551,553,-1,553,551,554,-1,553,554,555,-1,555,554,556,-1,556,554,557,-1,556,557,558,-1,557,559,558,-1,558,559,560,-1,560,559,561,-1,561,559,562,-1,561,562,563,-1,563,562,564,-1,564,562,565,-1,564,565,566,-1,566,565,567,-1,567,565,568,-1,567,568,569,-1,568,570,571,-1,569,568,572,-1,572,568,571,-1,572,571,573,-1,24,22,18,-1,33,573,571,-1,18,17,33,-1,33,571,18,-1,18,571,570,-1,18,570,24,-1,574,575,576,-1,577,578,576,-1,576,578,579,-1,576,579,574,-1,580,581,577,-1,577,581,582,-1,577,582,578,-1,583,584,585,-1,585,584,586,-1,585,586,580,-1,580,586,587,-1,580,587,581,-1,583,585,588,-1,588,585,589,-1,588,589,590,-1,590,589,591,-1,591,589,592,-1,591,592,593,-1,593,592,594,-1,594,592,595,-1,594,595,596,-1,596,595,597,-1,597,595,598,-1,597,598,599,-1,600,601,598,-1,598,601,602,-1,598,602,599,-1,603,604,600,-1,600,604,605,-1,600,605,601,-1,606,607,608,-1,608,607,609,-1,608,609,603,-1,603,609,610,-1,603,610,604,-1,606,608,611,-1,611,608,612,-1,611,612,613,-1,613,612,614,-1,614,612,615,-1,614,615,616,-1,616,615,617,-1,617,615,618,-1,617,618,619,-1,619,618,620,-1,621,622,620,-1,620,622,623,-1,620,623,619,-1,624,625,626,-1,626,625,627,-1,626,627,621,-1,621,627,628,-1,621,628,622,-1,629,630,631,-1,631,630,632,-1,631,632,624,-1,624,632,633,-1,624,633,625,-1,629,631,634,-1,634,631,635,-1,634,635,636,-1,636,635,637,-1,637,635,638,-1,637,638,639,-1,639,638,640,-1,640,638,641,-1,640,641,642,-1,642,641,643,-1,643,641,644,-1,643,644,645,-1,646,647,644,-1,644,647,648,-1,644,648,645,-1,649,650,646,-1,646,650,651,-1,646,651,647,-1,652,653,654,-1,654,653,655,-1,654,655,649,-1,649,655,656,-1,649,656,650,-1,652,654,657,-1,657,654,658,-1,657,658,659,-1,659,658,660,-1,660,658,661,-1,660,661,662,-1,662,661,663,-1,663,661,664,-1,663,664,665,-1,665,664,575,-1,665,575,574,-1,666,667,668,-1,669,670,668,-1,668,670,671,-1,668,671,666,-1,672,673,669,-1,669,673,674,-1,669,674,670,-1,675,676,677,-1,677,676,678,-1,677,678,672,-1,672,678,679,-1,672,679,673,-1,675,677,680,-1,680,677,681,-1,680,681,682,-1,682,681,683,-1,683,681,684,-1,683,684,685,-1,685,684,686,-1,686,684,687,-1,686,687,688,-1,688,687,689,-1,689,687,690,-1,689,690,691,-1,692,693,690,-1,690,693,694,-1,690,694,691,-1,695,696,692,-1,692,696,697,-1,692,697,693,-1,698,699,700,-1,700,699,701,-1,700,701,695,-1,695,701,702,-1,695,702,696,-1,698,700,703,-1,703,700,704,-1,703,704,705,-1,705,704,706,-1,706,704,707,-1,706,707,708,-1,708,707,709,-1,709,707,710,-1,709,710,711,-1,711,710,712,-1,713,714,712,-1,712,714,715,-1,712,715,711,-1,716,717,713,-1,713,717,718,-1,713,718,714,-1,719,720,721,-1,721,720,722,-1,721,722,716,-1,716,722,723,-1,716,723,717,-1,719,721,724,-1,724,721,725,-1,724,725,726,-1,726,725,727,-1,727,725,728,-1,727,728,729,-1,729,728,730,-1,730,728,731,-1,730,731,732,-1,732,731,733,-1,733,731,734,-1,733,734,735,-1,736,737,734,-1,734,737,738,-1,734,738,735,-1,739,740,736,-1,736,740,741,-1,736,741,737,-1,742,743,744,-1,744,743,745,-1,744,745,739,-1,739,745,746,-1,739,746,740,-1,742,744,747,-1,747,744,748,-1,747,748,749,-1,749,748,750,-1,750,748,751,-1,750,751,752,-1,752,751,753,-1,753,751,667,-1,753,667,666,-1,754,755,756,-1,757,758,756,-1,756,758,759,-1,756,759,754,-1,760,761,757,-1,757,761,762,-1,757,762,758,-1,763,764,765,-1,765,764,766,-1,765,766,760,-1,760,766,767,-1,760,767,761,-1,763,765,768,-1,768,765,769,-1,768,769,770,-1,770,769,771,-1,771,769,772,-1,771,772,773,-1,773,772,774,-1,774,772,775,-1,774,775,776,-1,776,775,777,-1,777,775,778,-1,777,778,779,-1,780,781,778,-1,778,781,782,-1,778,782,779,-1,783,784,780,-1,780,784,785,-1,780,785,781,-1,786,787,788,-1,788,787,789,-1,788,789,783,-1,783,789,790,-1,783,790,784,-1,786,788,791,-1,791,788,792,-1,791,792,793,-1,793,792,794,-1,794,792,795,-1,794,795,796,-1,796,795,797,-1,797,795,798,-1,797,798,799,-1,799,798,800,-1,801,802,800,-1,800,802,803,-1,800,803,799,-1,804,805,801,-1,801,805,806,-1,801,806,802,-1,807,808,809,-1,809,808,810,-1,809,810,804,-1,804,810,811,-1,804,811,805,-1,807,809,812,-1,812,809,813,-1,812,813,814,-1,814,813,815,-1,815,813,816,-1,815,816,817,-1,817,816,818,-1,818,816,819,-1,818,819,820,-1,820,819,821,-1,821,819,822,-1,821,822,823,-1,824,825,822,-1,822,825,826,-1,822,826,823,-1,827,828,824,-1,824,828,829,-1,824,829,825,-1,830,831,832,-1,832,831,833,-1,832,833,827,-1,827,833,834,-1,827,834,828,-1,830,832,835,-1,835,832,836,-1,835,836,837,-1,837,836,838,-1,838,836,839,-1,838,839,840,-1,840,839,841,-1,841,839,755,-1,841,755,754,-1,842,843,844,-1,842,844,845,-1,845,844,846,-1,845,846,847,-1,848,842,849,-1,849,842,845,-1,849,845,847,-1,848,849,850,-1,850,849,851,-1,850,851,852,-1,852,851,853,-1,853,851,854,-1,853,854,855,-1,855,854,856,-1,856,854,857,-1,856,857,858,-1,858,857,859,-1,859,857,860,-1,859,860,861,-1,861,860,862,-1,862,860,863,-1,862,863,864,-1,865,866,867,-1,864,863,867,-1,867,863,868,-1,867,868,865,-1,869,866,865,-1,869,865,870,-1,870,865,868,-1,870,868,871,-1,872,869,873,-1,873,869,870,-1,873,870,871,-1,872,873,874,-1,874,873,875,-1,874,875,876,-1,876,875,877,-1,877,875,878,-1,877,878,879,-1,879,878,880,-1,880,878,881,-1,880,881,882,-1,882,881,883,-1,883,881,884,-1,883,884,885,-1,885,884,886,-1,886,884,887,-1,886,887,888,-1,889,890,891,-1,888,887,891,-1,891,887,892,-1,891,892,889,-1,893,890,889,-1,893,889,894,-1,894,889,892,-1,894,892,895,-1,896,893,897,-1,897,893,894,-1,897,894,895,-1,896,897,898,-1,898,897,899,-1,898,899,900,-1,900,899,901,-1,901,899,902,-1,901,902,903,-1,903,902,904,-1,904,902,905,-1,904,905,906,-1,906,905,907,-1,907,905,908,-1,907,908,909,-1,909,908,910,-1,910,908,911,-1,910,911,912,-1,913,914,915,-1,912,911,915,-1,915,911,916,-1,915,916,913,-1,917,914,913,-1,917,913,918,-1,918,913,916,-1,918,916,919,-1,920,917,921,-1,921,917,918,-1,921,918,919,-1,920,921,922,-1,922,921,923,-1,922,923,924,-1,924,923,925,-1,925,923,926,-1,925,926,927,-1,927,926,928,-1,928,926,929,-1,928,929,930,-1,930,929,931,-1,931,929,932,-1,931,932,933,-1,933,932,934,-1,934,932,935,-1,934,935,936,-1,844,843,937,-1,936,935,937,-1,937,935,846,-1,937,846,844,-1,938,939,940,-1,938,940,941,-1,941,940,942,-1,941,942,943,-1,944,938,945,-1,945,938,941,-1,945,941,943,-1,944,945,946,-1,946,945,947,-1,946,947,948,-1,948,947,949,-1,949,947,950,-1,949,950,951,-1,951,950,952,-1,952,950,953,-1,952,953,954,-1,954,953,955,-1,955,953,956,-1,955,956,957,-1,957,956,958,-1,958,956,959,-1,958,959,960,-1,961,962,963,-1,960,959,963,-1,963,959,964,-1,963,964,961,-1,965,962,961,-1,965,961,966,-1,966,961,964,-1,966,964,967,-1,968,965,969,-1,969,965,966,-1,969,966,967,-1,968,969,970,-1,970,969,971,-1,970,971,972,-1,972,971,973,-1,973,971,974,-1,973,974,975,-1,975,974,976,-1,976,974,977,-1,976,977,978,-1,978,977,979,-1,979,977,980,-1,979,980,981,-1,981,980,982,-1,982,980,983,-1,982,983,984,-1,985,986,987,-1,984,983,987,-1,987,983,988,-1,987,988,985,-1,989,986,985,-1,989,985,990,-1,990,985,988,-1,990,988,991,-1,992,989,993,-1,993,989,990,-1,993,990,991,-1,992,993,994,-1,994,993,995,-1,994,995,996,-1,996,995,997,-1,997,995,998,-1,997,998,999,-1,999,998,1000,-1,1000,998,1001,-1,1000,1001,1002,-1,1002,1001,1003,-1,1003,1001,1004,-1,1003,1004,1005,-1,1005,1004,1006,-1,1006,1004,1007,-1,1006,1007,1008,-1,1009,1010,1011,-1,1008,1007,1011,-1,1011,1007,1012,-1,1011,1012,1009,-1,1013,1010,1009,-1,1013,1009,1014,-1,1014,1009,1012,-1,1014,1012,1015,-1,1016,1013,1017,-1,1017,1013,1014,-1,1017,1014,1015,-1,1016,1017,1018,-1,1018,1017,1019,-1,1018,1019,1020,-1,1020,1019,1021,-1,1021,1019,1022,-1,1021,1022,1023,-1,1023,1022,1024,-1,1024,1022,1025,-1,1024,1025,1026,-1,1026,1025,1027,-1,1027,1025,1028,-1,1027,1028,1029,-1,1029,1028,1030,-1,1030,1028,1031,-1,1030,1031,1032,-1,940,939,1033,-1,1032,1031,1033,-1,1033,1031,942,-1,1033,942,940,-1,1034,1035,1036,-1,1036,1035,1037,-1,1036,1037,1038,-1,1035,1039,1037,-1,1037,1039,1040,-1,1037,1040,1041,-1,1040,1042,1041,-1,1041,1042,1043,-1,1041,1043,1044,-1,1043,1045,1044,-1,1044,1045,1046,-1,1044,1046,1047,-1,1048,1034,1036,-1,1048,1036,1049,-1,1049,1036,1038,-1,1049,1038,1050,-1,1051,1048,1052,-1,1052,1048,1049,-1,1052,1049,1050,-1,1051,1052,1053,-1,1053,1052,1054,-1,1053,1054,1055,-1,1055,1054,1056,-1,1056,1054,1057,-1,1056,1057,1058,-1,1058,1057,1059,-1,1059,1057,1060,-1,1059,1060,1061,-1,1061,1060,1062,-1,1062,1060,1063,-1,1062,1063,1064,-1,1064,1063,1065,-1,1065,1063,1066,-1,1065,1066,1067,-1,1068,1069,1070,-1,1067,1066,1070,-1,1070,1066,1071,-1,1070,1071,1068,-1,1072,1069,1068,-1,1072,1068,1073,-1,1073,1068,1071,-1,1073,1071,1074,-1,1075,1072,1076,-1,1076,1072,1073,-1,1076,1073,1074,-1,1075,1076,1077,-1,1077,1076,1078,-1,1077,1078,1079,-1,1079,1078,1080,-1,1080,1078,1081,-1,1080,1081,1082,-1,1082,1081,1083,-1,1083,1081,1084,-1,1083,1084,1085,-1,1085,1084,1086,-1,1086,1084,1087,-1,1086,1087,1088,-1,1088,1087,1089,-1,1089,1087,1090,-1,1089,1090,1091,-1,1092,1093,1094,-1,1091,1090,1094,-1,1094,1090,1095,-1,1094,1095,1092,-1,1096,1093,1092,-1,1096,1092,1097,-1,1097,1092,1095,-1,1097,1095,1098,-1,1099,1100,1101,-1,1101,1096,1099,-1,1099,1096,1097,-1,1099,1097,1098,-1,1100,1099,1102,-1,1102,1099,1103,-1,1102,1103,1104,-1,1104,1103,1105,-1,1105,1103,1106,-1,1105,1106,1107,-1,1107,1106,1108,-1,1107,1108,1109,-1,1108,1110,1109,-1,1109,1110,1111,-1,1111,1110,1112,-1,1112,1110,1113,-1,1112,1113,1114,-1,1114,1113,1115,-1,1115,1113,1116,-1,1115,1116,1117,-1,1116,1118,1119,-1,1117,1116,1120,-1,1120,1116,1119,-1,1120,1119,1121,-1,1122,1123,1124,-1,1125,1121,1119,-1,1126,1125,1124,-1,1124,1125,1119,-1,1124,1119,1122,-1,1122,1119,1118,-1,1127,1128,1129,-1,1130,1126,1131,-1,1131,1126,1124,-1,1131,1124,1123,-1,1132,1133,1131,-1,1131,1133,1134,-1,1131,1134,1130,-1,1135,1136,1132,-1,1132,1136,1137,-1,1132,1137,1133,-1,1138,1139,1135,-1,1135,1139,1140,-1,1135,1140,1136,-1,1129,1141,1127,-1,1127,1141,1142,-1,1127,1142,1138,-1,1138,1142,1143,-1,1138,1143,1139,-1,1129,1128,1144,-1,1144,1128,1145,-1,1144,1145,1146,-1,1146,1145,1147,-1,1146,1147,1148,-1,1148,1147,1149,-1,1149,1147,1150,-1,1149,1150,1151,-1,1151,1150,1152,-1,1152,1150,1153,-1,1152,1153,1154,-1,1154,1153,1155,-1,1155,1153,1156,-1,1155,1156,1157,-1,1158,1159,1160,-1,1157,1156,1160,-1,1160,1156,1161,-1,1160,1161,1158,-1,1162,1159,1158,-1,1162,1158,1163,-1,1163,1158,1161,-1,1163,1161,1164,-1,1165,1162,1166,-1,1166,1162,1163,-1,1166,1163,1164,-1,1165,1166,1167,-1,1167,1166,1168,-1,1167,1168,1169,-1,1169,1168,1170,-1,1170,1168,1171,-1,1170,1171,1172,-1,1172,1171,1173,-1,1173,1171,1174,-1,1173,1174,1175,-1,1175,1174,1176,-1,1176,1174,1177,-1,1176,1177,1178,-1,1178,1177,1179,-1,1179,1177,1180,-1,1179,1180,1181,-1,1182,1183,1184,-1,1181,1180,1184,-1,1184,1180,1185,-1,1184,1185,1182,-1,1186,1183,1182,-1,1186,1182,1187,-1,1187,1182,1185,-1,1187,1185,1188,-1,1189,1186,1190,-1,1190,1186,1187,-1,1190,1187,1188,-1,1189,1190,1191,-1,1191,1190,1192,-1,1191,1192,1193,-1,1193,1192,1194,-1,1194,1192,1195,-1,1194,1195,1196,-1,1196,1195,1197,-1,1197,1195,1198,-1,1197,1198,1199,-1,1199,1198,1200,-1,1200,1198,1201,-1,1200,1201,1202,-1,1202,1201,1203,-1,1203,1201,1204,-1,1203,1204,1205,-1,1206,1207,1208,-1,1205,1204,1208,-1,1208,1204,1209,-1,1208,1209,1206,-1,1209,1210,1211,-1,1209,1211,1206,-1,1206,1211,1212,-1,1206,1212,1207,-1,1211,1210,1213,-1,1214,1215,1216,-1,1212,1211,1217,-1,1217,1211,1213,-1,1217,1213,1218,-1,1218,1213,1219,-1,1220,1221,1219,-1,1219,1221,1222,-1,1219,1222,1218,-1,1223,1224,1220,-1,1220,1224,1225,-1,1220,1225,1221,-1,1226,1227,1223,-1,1223,1227,1228,-1,1223,1228,1224,-1,1216,1229,1214,-1,1214,1229,1230,-1,1214,1230,1226,-1,1226,1230,1231,-1,1226,1231,1227,-1,1216,1215,1232,-1,1232,1215,1233,-1,1232,1233,1234,-1,1234,1233,1235,-1,1234,1235,1236,-1,1236,1235,1237,-1,1237,1235,1238,-1,1237,1238,1239,-1,1239,1238,1240,-1,1240,1238,1241,-1,1240,1241,1242,-1,1242,1241,1243,-1,1243,1241,1244,-1,1243,1244,1245,-1,1246,1247,1248,-1,1245,1244,1249,-1,1249,1244,1246,-1,1249,1246,1250,-1,1250,1246,1248,-1,1250,1248,1251,-1,1252,1251,1248,-1,1253,1254,1252,-1,1248,1247,1255,-1,1252,1248,1253,-1,1253,1248,1255,-1,1253,1255,1256,-1,1257,1254,1258,-1,1258,1254,1253,-1,1258,1253,1256,-1,1257,1258,1259,-1,1259,1258,1260,-1,1259,1260,1261,-1,1261,1260,1262,-1,1262,1260,1263,-1,1262,1263,1264,-1,1264,1263,1265,-1,1265,1263,1047,-1,1265,1047,1046,-1,707,704,202,-1,713,712,202,-1,202,712,710,-1,202,710,707,-1,704,700,202,-1,202,700,695,-1,202,695,207,-1,207,695,692,-1,207,692,211,-1,661,658,687,-1,687,658,654,-1,687,654,649,-1,649,646,687,-1,687,646,644,-1,687,644,690,-1,644,641,690,-1,690,641,638,-1,690,638,635,-1,635,631,690,-1,690,631,624,-1,690,624,692,-1,202,199,713,-1,713,199,196,-1,713,196,193,-1,731,728,150,-1,150,728,725,-1,713,161,159,-1,725,721,150,-1,150,721,716,-1,150,716,153,-1,153,716,713,-1,153,713,156,-1,156,713,159,-1,184,181,1266,-1,1266,181,178,-1,1266,178,177,-1,193,191,713,-1,713,191,174,-1,713,174,1266,-1,1266,174,173,-1,1266,173,184,-1,177,172,1266,-1,1266,172,166,-1,1266,166,713,-1,713,166,164,-1,713,164,161,-1,1038,1037,1050,-1,1050,1037,1041,-1,1050,1041,1044,-1,739,736,1063,-1,1074,105,102,-1,105,1074,110,-1,110,1074,1071,-1,110,1071,1066,-1,687,684,1260,-1,1260,684,681,-1,1260,681,1263,-1,681,677,1263,-1,1263,677,672,-1,1263,672,669,-1,1044,1047,1050,-1,1050,1047,1263,-1,1050,1263,1052,-1,1052,1263,669,-1,1052,669,668,-1,1060,1057,748,-1,748,1057,1054,-1,748,1054,751,-1,751,1054,1052,-1,751,1052,667,-1,667,1052,668,-1,1060,748,1063,-1,1063,748,744,-1,1063,744,739,-1,75,102,78,-1,78,102,99,-1,78,99,96,-1,28,27,83,-1,29,28,87,-1,87,28,83,-1,87,83,91,-1,91,83,78,-1,91,78,93,-1,93,78,96,-1,75,72,102,-1,102,72,69,-1,102,69,66,-1,54,568,1081,-1,54,1081,59,-1,66,64,102,-1,102,64,1076,-1,102,1076,1074,-1,1081,1078,59,-1,59,1078,1076,-1,59,1076,62,-1,62,1076,64,-1,54,51,568,-1,568,51,48,-1,568,48,45,-1,25,24,570,-1,26,25,36,-1,36,25,570,-1,36,570,40,-1,40,570,568,-1,40,568,42,-1,42,568,45,-1,126,150,129,-1,129,150,147,-1,31,30,134,-1,32,31,138,-1,138,31,134,-1,138,134,141,-1,141,134,129,-1,141,129,144,-1,144,129,147,-1,126,123,150,-1,150,123,120,-1,150,120,117,-1,117,115,150,-1,150,115,734,-1,150,734,731,-1,115,113,734,-1,734,113,110,-1,734,110,736,-1,736,110,1066,-1,736,1066,1063,-1,792,788,1267,-1,1267,788,783,-1,545,544,839,-1,528,526,769,-1,528,769,531,-1,839,544,755,-1,765,523,769,-1,769,523,522,-1,522,537,769,-1,769,537,534,-1,769,534,531,-1,765,760,523,-1,523,760,757,-1,523,757,544,-1,544,757,756,-1,544,756,755,-1,562,559,836,-1,836,559,557,-1,557,554,836,-1,836,554,551,-1,836,551,839,-1,839,551,549,-1,839,549,545,-1,562,836,565,-1,565,836,832,-1,565,832,568,-1,568,832,827,-1,568,827,824,-1,526,505,769,-1,769,505,504,-1,769,504,772,-1,772,504,516,-1,772,516,775,-1,775,516,513,-1,775,513,510,-1,498,1268,499,-1,499,1268,1269,-1,499,1269,503,-1,503,1269,1270,-1,783,780,1267,-1,1267,780,778,-1,1267,778,1271,-1,1271,778,775,-1,1271,775,1272,-1,1272,775,510,-1,1272,510,1270,-1,1270,510,509,-1,1270,509,503,-1,792,1267,795,-1,795,1267,1273,-1,795,1273,1274,-1,800,798,1116,-1,1116,798,795,-1,1116,795,1118,-1,1118,795,1274,-1,1274,1275,1118,-1,1118,1275,1276,-1,1118,1276,1122,-1,1122,1276,1277,-1,1122,1277,1278,-1,800,1116,801,-1,801,1116,1113,-1,801,1113,1110,-1,813,809,1090,-1,1090,809,804,-1,1090,804,1095,-1,1095,804,801,-1,1110,1108,801,-1,801,1108,1106,-1,801,1106,1103,-1,1103,1099,801,-1,801,1099,1098,-1,801,1098,1095,-1,824,822,568,-1,568,822,819,-1,568,819,816,-1,813,1090,816,-1,816,1090,1087,-1,816,1087,568,-1,568,1087,1084,-1,568,1084,1081,-1,600,598,916,-1,297,294,237,-1,237,294,241,-1,241,294,291,-1,241,291,242,-1,242,291,288,-1,242,288,286,-1,249,246,1279,-1,1279,246,245,-1,1279,245,242,-1,258,255,1279,-1,1279,255,252,-1,1279,252,249,-1,286,284,242,-1,242,284,281,-1,242,281,1279,-1,1279,281,276,-1,276,273,1279,-1,1279,273,270,-1,1279,270,267,-1,267,264,1279,-1,1279,264,261,-1,1279,261,258,-1,911,908,211,-1,621,620,211,-1,692,624,211,-1,211,624,626,-1,211,626,621,-1,620,618,211,-1,211,618,615,-1,211,615,911,-1,615,612,911,-1,911,612,608,-1,911,608,916,-1,916,608,603,-1,916,603,600,-1,887,225,220,-1,908,905,211,-1,211,905,902,-1,211,902,899,-1,887,220,892,-1,892,220,217,-1,892,217,214,-1,899,897,211,-1,211,897,895,-1,211,895,212,-1,212,895,892,-1,212,892,213,-1,213,892,214,-1,237,234,297,-1,297,234,229,-1,297,229,300,-1,300,229,225,-1,300,225,305,-1,305,225,887,-1,305,887,884,-1,884,881,305,-1,305,881,878,-1,305,878,875,-1,1260,1258,687,-1,687,1258,1256,-1,687,1256,661,-1,661,1256,1255,-1,661,1255,664,-1,664,1255,575,-1,1241,576,1244,-1,1244,576,1246,-1,1241,1238,576,-1,576,1238,1235,-1,576,1235,1233,-1,575,1255,576,-1,576,1255,1247,-1,576,1247,1246,-1,1226,1223,585,-1,1233,1215,576,-1,576,1215,1214,-1,576,1214,577,-1,577,1214,1226,-1,577,1226,580,-1,580,1226,585,-1,974,971,398,-1,988,983,380,-1,380,983,980,-1,380,980,381,-1,381,980,977,-1,381,977,386,-1,393,390,977,-1,977,390,388,-1,977,388,386,-1,974,398,977,-1,977,398,396,-1,977,396,393,-1,943,942,498,-1,498,942,1031,-1,498,1031,1028,-1,498,497,943,-1,943,497,492,-1,943,492,945,-1,945,492,488,-1,945,488,947,-1,1028,1025,498,-1,498,1025,1022,-1,498,1022,1019,-1,1280,1281,498,-1,498,1281,1282,-1,498,1282,1268,-1,1012,1283,1015,-1,1015,1283,1284,-1,1015,1284,1017,-1,1017,1284,1285,-1,1017,1285,1019,-1,1019,1285,1286,-1,1019,1286,498,-1,498,1286,1287,-1,498,1287,1280,-1,932,1223,1220,-1,1220,1219,932,-1,932,1219,1213,-1,932,1213,935,-1,935,1213,1210,-1,935,1210,846,-1,846,1210,1209,-1,846,1209,1204,-1,345,1201,348,-1,348,1201,1198,-1,348,1198,1195,-1,1180,366,363,-1,1195,1192,348,-1,348,1192,1190,-1,348,1190,353,-1,353,1190,1188,-1,353,1188,356,-1,356,1188,1185,-1,356,1185,358,-1,358,1185,1180,-1,358,1180,360,-1,360,1180,363,-1,1007,1004,1156,-1,1156,1004,1001,-1,366,1180,369,-1,369,1180,1177,-1,369,1177,1174,-1,1174,1171,369,-1,369,1171,1168,-1,369,1168,1166,-1,1001,998,1156,-1,1156,998,995,-1,1156,995,1161,-1,1161,995,993,-1,1161,993,1164,-1,380,377,988,-1,988,377,372,-1,988,372,991,-1,991,372,369,-1,991,369,993,-1,993,369,1166,-1,993,1166,1164,-1,595,929,926,-1,926,923,595,-1,595,923,921,-1,595,921,598,-1,598,921,919,-1,598,919,916,-1,929,595,932,-1,932,595,592,-1,932,592,1223,-1,1223,592,589,-1,1223,589,585,-1,875,873,305,-1,305,873,871,-1,305,871,308,-1,308,871,868,-1,868,863,308,-1,308,863,860,-1,308,860,309,-1,309,860,857,-1,309,857,314,-1,314,857,316,-1,342,846,345,-1,345,846,1204,-1,345,1204,1201,-1,342,339,846,-1,846,339,336,-1,846,336,847,-1,336,334,847,-1,847,334,330,-1,847,330,849,-1,849,330,326,-1,849,326,851,-1,851,326,324,-1,851,324,854,-1,854,324,321,-1,854,321,857,-1,857,321,318,-1,857,318,316,-1,971,969,398,-1,398,969,967,-1,398,967,404,-1,967,964,404,-1,404,964,959,-1,404,959,406,-1,406,959,956,-1,406,956,408,-1,432,429,1288,-1,1288,429,426,-1,1288,426,425,-1,441,438,1288,-1,1288,438,435,-1,1288,435,432,-1,425,467,1288,-1,1288,467,464,-1,1288,464,459,-1,459,456,1288,-1,1288,456,453,-1,1288,453,450,-1,450,447,1288,-1,1288,447,444,-1,1288,444,441,-1,483,953,488,-1,488,953,950,-1,488,950,947,-1,953,414,956,-1,956,414,411,-1,956,411,408,-1,483,480,953,-1,953,480,477,-1,953,477,414,-1,414,477,417,-1,477,476,417,-1,417,476,475,-1,417,475,472,-1,425,420,467,-1,467,420,417,-1,467,417,471,-1,471,417,472,-1,1278,1289,1122,-1,1122,1289,1290,-1,1122,1290,1291,-1,1291,1292,1147,-1,1147,1292,1293,-1,1147,1293,1150,-1,1150,1293,1294,-1,1150,1294,1153,-1,1153,1294,1295,-1,1153,1295,1156,-1,1156,1295,1296,-1,1156,1296,1297,-1,1147,1145,1291,-1,1291,1145,1128,-1,1291,1128,1127,-1,1127,1138,1291,-1,1291,1138,1135,-1,1291,1135,1132,-1,1132,1131,1291,-1,1291,1131,1123,-1,1291,1123,1122,-1,1012,1007,1283,-1,1283,1007,1156,-1,1283,1156,1298,-1,1298,1156,1297,-1,1072,1075,57,-1,57,60,1072,-1,1072,60,63,-1,1072,63,65,-1,1075,1077,57,-1,57,1077,1079,-1,57,1079,1080,-1,67,68,98,-1,98,68,70,-1,1080,1082,57,-1,57,1082,1083,-1,57,1083,1085,-1,1085,1086,57,-1,57,1086,1088,-1,57,1088,1089,-1,1299,1120,1300,-1,1300,1120,1121,-1,1300,1121,1301,-1,821,58,57,-1,784,790,1112,-1,1112,790,789,-1,1112,789,1111,-1,1102,1104,787,-1,1104,1105,787,-1,787,1105,1107,-1,787,1107,789,-1,789,1107,1109,-1,789,1109,1111,-1,1096,1101,787,-1,787,1101,1100,-1,787,1100,1102,-1,787,786,1096,-1,1096,786,791,-1,1096,791,793,-1,793,794,1096,-1,1096,794,796,-1,1096,796,1093,-1,796,797,1093,-1,1093,797,799,-1,1093,799,803,-1,805,1094,806,-1,806,1094,1093,-1,806,1093,802,-1,802,1093,803,-1,811,1089,805,-1,805,1089,1091,-1,805,1091,1094,-1,811,810,1089,-1,1089,810,808,-1,1089,808,807,-1,807,812,1089,-1,1089,812,814,-1,1089,814,815,-1,58,821,55,-1,815,817,1089,-1,1089,817,818,-1,1089,818,57,-1,57,818,820,-1,57,820,821,-1,1112,1114,784,-1,784,1114,1115,-1,784,1115,1117,-1,761,1302,762,-1,762,1302,758,-1,761,767,1302,-1,1302,767,766,-1,1302,766,764,-1,764,763,1302,-1,1302,763,768,-1,1302,768,770,-1,770,771,1302,-1,1302,771,773,-1,1302,773,774,-1,782,781,1299,-1,774,776,1302,-1,1302,776,777,-1,1302,777,1299,-1,1299,777,779,-1,1299,779,782,-1,1117,1120,784,-1,784,1120,1299,-1,784,1299,785,-1,785,1299,781,-1,70,71,98,-1,98,71,73,-1,98,73,74,-1,79,82,92,-1,85,86,89,-1,84,85,81,-1,81,85,89,-1,81,89,82,-1,82,89,90,-1,82,90,92,-1,79,92,77,-1,77,92,94,-1,77,94,95,-1,74,76,98,-1,98,76,77,-1,98,77,97,-1,97,77,95,-1,180,1059,176,-1,176,1059,170,-1,180,179,1059,-1,1059,179,183,-1,1059,183,182,-1,182,186,1059,-1,1059,186,185,-1,1059,185,189,-1,189,188,1059,-1,1059,188,187,-1,1059,187,175,-1,1048,1051,192,-1,195,197,1254,-1,197,198,1254,-1,1254,198,200,-1,1254,200,201,-1,1254,1257,195,-1,195,1257,1259,-1,195,1259,1261,-1,1261,1262,195,-1,195,1262,1048,-1,195,1048,194,-1,194,1048,192,-1,1262,1264,1048,-1,1048,1264,1265,-1,1048,1265,1046,-1,1046,1045,1048,-1,1048,1045,1043,-1,1048,1043,1042,-1,1042,1040,1048,-1,1048,1040,1039,-1,1048,1039,1034,-1,1034,1039,1035,-1,1051,1053,192,-1,192,1053,1055,-1,192,1055,1056,-1,175,190,1059,-1,1059,190,192,-1,1059,192,1058,-1,1058,192,1056,-1,629,634,201,-1,205,633,206,-1,206,633,632,-1,206,632,203,-1,203,632,201,-1,201,632,630,-1,201,630,629,-1,634,636,201,-1,201,636,637,-1,201,637,1254,-1,1254,637,639,-1,639,640,1254,-1,1254,640,642,-1,1254,642,643,-1,643,645,1254,-1,1254,645,648,-1,1254,648,647,-1,647,651,1254,-1,1254,651,650,-1,1254,650,656,-1,656,655,1254,-1,1254,655,653,-1,1254,653,1252,-1,1252,653,652,-1,1252,652,657,-1,657,659,1252,-1,1252,659,660,-1,1252,660,662,-1,100,1072,98,-1,98,1072,65,-1,98,65,67,-1,111,735,738,-1,738,737,1062,-1,1062,737,741,-1,741,740,1062,-1,1062,740,746,-1,1062,746,745,-1,745,743,1062,-1,1062,743,742,-1,1062,742,747,-1,747,749,1062,-1,1062,749,750,-1,1062,750,1061,-1,1061,750,1059,-1,1059,750,752,-1,1059,752,753,-1,753,666,1059,-1,1059,666,671,-1,1059,671,670,-1,670,674,1059,-1,1059,674,673,-1,1059,673,679,-1,679,678,1059,-1,1059,678,676,-1,1059,676,170,-1,170,676,675,-1,675,680,170,-1,170,680,682,-1,170,682,683,-1,683,685,170,-1,170,685,686,-1,170,686,688,-1,688,689,170,-1,170,689,691,-1,170,691,694,-1,694,693,170,-1,170,693,697,-1,170,697,696,-1,696,702,170,-1,170,702,701,-1,170,701,699,-1,699,698,170,-1,170,698,703,-1,170,703,705,-1,705,706,170,-1,170,706,708,-1,170,708,709,-1,116,711,715,-1,715,714,116,-1,116,714,718,-1,116,718,717,-1,717,723,116,-1,116,723,722,-1,116,722,114,-1,114,722,720,-1,114,720,111,-1,720,719,111,-1,111,719,724,-1,111,724,726,-1,726,727,111,-1,111,727,729,-1,111,729,730,-1,730,732,111,-1,111,732,733,-1,111,733,735,-1,118,170,116,-1,116,170,709,-1,116,709,711,-1,118,119,170,-1,170,119,121,-1,170,121,122,-1,738,1062,111,-1,111,1062,1064,-1,111,1064,1065,-1,100,101,1072,-1,1072,101,103,-1,1072,103,104,-1,104,106,1072,-1,1072,106,109,-1,1072,109,1069,-1,1069,109,108,-1,1069,108,1070,-1,1070,108,111,-1,1070,111,1067,-1,1067,111,1065,-1,124,125,143,-1,143,125,127,-1,127,128,143,-1,143,128,130,-1,143,130,133,-1,136,137,140,-1,135,136,132,-1,132,136,140,-1,132,140,133,-1,133,140,142,-1,133,142,143,-1,124,143,122,-1,122,143,145,-1,122,145,146,-1,146,148,122,-1,122,148,149,-1,122,149,170,-1,170,149,151,-1,170,151,152,-1,154,155,157,-1,154,157,152,-1,152,157,158,-1,152,158,160,-1,160,162,152,-1,152,162,163,-1,152,163,165,-1,165,168,152,-1,152,168,169,-1,152,169,170,-1,47,542,547,-1,547,546,47,-1,47,546,548,-1,47,548,550,-1,550,552,47,-1,47,552,553,-1,47,553,555,-1,555,556,47,-1,47,556,558,-1,47,558,560,-1,560,561,47,-1,47,561,563,-1,47,563,564,-1,569,572,41,-1,34,35,38,-1,33,34,573,-1,573,34,38,-1,573,38,572,-1,572,38,39,-1,572,39,41,-1,569,41,567,-1,567,41,43,-1,567,43,44,-1,564,566,47,-1,47,566,567,-1,47,567,46,-1,46,567,44,-1,1303,754,1302,-1,1302,754,759,-1,1302,759,758,-1,1304,1305,508,-1,508,1305,507,-1,507,1305,502,-1,502,1305,1306,-1,502,1306,501,-1,515,514,754,-1,1304,508,1303,-1,1303,508,512,-1,1303,512,754,-1,754,512,511,-1,754,511,515,-1,517,838,518,-1,518,838,840,-1,518,840,514,-1,514,840,841,-1,514,841,754,-1,542,47,541,-1,541,47,49,-1,541,49,50,-1,826,825,53,-1,55,821,53,-1,53,821,823,-1,53,823,826,-1,825,829,53,-1,53,829,828,-1,53,828,834,-1,834,833,53,-1,53,833,831,-1,53,831,52,-1,52,831,50,-1,50,831,830,-1,50,830,835,-1,517,521,838,-1,838,521,520,-1,838,520,519,-1,527,838,525,-1,525,838,519,-1,525,519,506,-1,527,529,838,-1,838,529,530,-1,838,530,532,-1,532,533,838,-1,838,533,535,-1,838,535,536,-1,536,538,838,-1,838,538,539,-1,838,539,540,-1,835,837,50,-1,50,837,838,-1,50,838,541,-1,541,838,540,-1,1000,1307,999,-1,999,1307,997,-1,1000,1002,1307,-1,1307,1002,1003,-1,1307,1003,1005,-1,1005,1006,1307,-1,1307,1006,1008,-1,1307,1008,1308,-1,1309,239,243,-1,239,1309,282,-1,243,247,1309,-1,1309,247,248,-1,1309,248,250,-1,250,251,1309,-1,1309,251,253,-1,1309,253,254,-1,254,256,1309,-1,1309,256,257,-1,1309,257,259,-1,259,260,1309,-1,1309,260,262,-1,1309,262,263,-1,263,265,1309,-1,1309,265,266,-1,1309,266,268,-1,268,269,1309,-1,1309,269,271,-1,1309,271,272,-1,272,274,1309,-1,1309,274,275,-1,1309,275,277,-1,277,280,1309,-1,1309,280,279,-1,1309,279,282,-1,282,285,239,-1,239,285,287,-1,239,287,289,-1,1306,1310,501,-1,501,1310,1311,-1,501,1311,1312,-1,1312,1313,501,-1,501,1313,1314,-1,501,1314,1018,-1,1314,1315,1018,-1,1018,1315,1316,-1,1018,1316,1016,-1,1016,1316,1013,-1,1008,1011,1308,-1,1308,1011,1010,-1,1308,1010,1317,-1,1317,1010,1013,-1,1317,1013,1318,-1,1318,1013,1316,-1,1018,1020,501,-1,501,1020,1021,-1,501,1021,1023,-1,1023,1024,501,-1,501,1024,1026,-1,501,1026,1027,-1,485,484,946,-1,469,473,479,-1,479,478,469,-1,469,478,482,-1,469,482,946,-1,946,482,481,-1,946,481,485,-1,489,487,938,-1,484,490,946,-1,946,490,489,-1,946,489,944,-1,944,489,938,-1,1027,1029,501,-1,501,1029,1030,-1,501,1030,1032,-1,487,486,938,-1,938,486,491,-1,938,491,493,-1,1032,1033,501,-1,501,1033,939,-1,501,939,495,-1,495,939,938,-1,495,938,496,-1,496,938,493,-1,946,948,469,-1,469,948,949,-1,469,949,951,-1,954,955,402,-1,402,405,954,-1,954,405,407,-1,954,407,952,-1,952,407,409,-1,952,409,410,-1,410,412,952,-1,952,412,413,-1,952,413,951,-1,955,957,402,-1,402,957,958,-1,402,958,960,-1,965,401,962,-1,962,401,402,-1,962,402,963,-1,963,402,960,-1,965,968,401,-1,401,968,970,-1,401,970,972,-1,972,973,401,-1,401,973,975,-1,401,975,400,-1,400,975,976,-1,1319,1320,1125,-1,1125,1320,1321,-1,1125,1321,1121,-1,1121,1321,1322,-1,1121,1322,1301,-1,1323,1126,1130,-1,1130,1134,1323,-1,1323,1134,1133,-1,1323,1133,1137,-1,1137,1136,1323,-1,1323,1136,1140,-1,1323,1140,1139,-1,1139,1143,1323,-1,1323,1143,1142,-1,1323,1142,1141,-1,1126,1323,1125,-1,1125,1323,1324,-1,1125,1324,1319,-1,1152,1325,1151,-1,1151,1325,1326,-1,1152,1154,1325,-1,1325,1154,1155,-1,1325,1155,1327,-1,1141,1129,1323,-1,1323,1129,1144,-1,1323,1144,1328,-1,1328,1144,1146,-1,1328,1146,1329,-1,1329,1146,1148,-1,1329,1148,1326,-1,1326,1148,1149,-1,1326,1149,1151,-1,1327,1155,1307,-1,1307,1155,1157,-1,1307,1157,1160,-1,1160,1159,1307,-1,1307,1159,1162,-1,1307,1162,1165,-1,1167,1169,365,-1,365,1169,1170,-1,365,1170,1172,-1,848,850,329,-1,848,329,842,-1,842,329,332,-1,842,332,333,-1,333,335,842,-1,842,335,337,-1,842,337,338,-1,1197,338,340,-1,320,322,856,-1,850,852,329,-1,329,852,853,-1,329,853,328,-1,328,853,855,-1,328,855,325,-1,325,855,856,-1,325,856,323,-1,323,856,322,-1,1172,1173,365,-1,365,1173,1175,-1,365,1175,1176,-1,340,341,1197,-1,1197,341,343,-1,1197,343,344,-1,1181,1184,359,-1,349,352,1191,-1,359,1184,357,-1,357,1184,354,-1,354,1184,1183,-1,354,1183,351,-1,351,1183,1186,-1,351,1186,352,-1,352,1186,1189,-1,352,1189,1191,-1,349,1191,347,-1,347,1191,1193,-1,347,1193,1194,-1,1181,359,1179,-1,1179,359,361,-1,1179,361,362,-1,344,346,1197,-1,1197,346,347,-1,1197,347,1196,-1,1196,347,1194,-1,1176,1178,365,-1,365,1178,1179,-1,365,1179,364,-1,364,1179,362,-1,315,317,856,-1,856,317,319,-1,856,319,320,-1,858,311,310,-1,858,310,856,-1,856,310,313,-1,856,313,315,-1,859,306,858,-1,858,306,312,-1,858,312,311,-1,880,293,295,-1,295,296,880,-1,880,296,298,-1,880,298,299,-1,859,861,306,-1,306,861,862,-1,306,862,864,-1,869,303,866,-1,866,303,306,-1,866,306,867,-1,867,306,864,-1,869,872,303,-1,303,872,874,-1,303,874,876,-1,299,301,880,-1,880,301,304,-1,880,304,879,-1,879,304,303,-1,879,303,877,-1,877,303,876,-1,367,1307,365,-1,365,1307,1165,-1,365,1165,1167,-1,389,391,979,-1,389,979,387,-1,387,979,1330,-1,387,1330,385,-1,391,392,979,-1,979,392,394,-1,979,394,978,-1,978,394,395,-1,978,395,976,-1,976,395,397,-1,976,397,400,-1,982,378,981,-1,981,378,384,-1,981,384,979,-1,979,384,383,-1,979,383,1330,-1,1330,383,382,-1,1330,382,385,-1,367,368,1307,-1,1307,368,370,-1,1307,370,371,-1,989,371,986,-1,986,371,373,-1,989,992,371,-1,371,992,994,-1,371,994,1307,-1,1307,994,996,-1,1307,996,997,-1,982,984,378,-1,378,984,987,-1,378,987,375,-1,375,987,986,-1,375,986,376,-1,376,986,373,-1,880,882,293,-1,293,882,883,-1,293,883,885,-1,289,290,239,-1,239,290,292,-1,239,292,240,-1,240,292,293,-1,240,293,235,-1,235,293,885,-1,235,885,886,-1,893,208,890,-1,890,208,210,-1,890,210,216,-1,216,215,890,-1,890,215,219,-1,890,219,218,-1,888,891,226,-1,218,222,890,-1,890,222,221,-1,890,221,891,-1,891,221,227,-1,891,227,226,-1,888,226,886,-1,886,226,224,-1,886,224,235,-1,235,224,223,-1,235,223,228,-1,228,230,235,-1,235,230,233,-1,235,233,232,-1,893,896,208,-1,208,896,898,-1,208,898,900,-1,900,901,208,-1,208,901,903,-1,208,903,904,-1,904,906,208,-1,208,906,907,-1,208,907,909,-1,909,910,208,-1,208,910,912,-1,208,912,622,-1,622,628,208,-1,208,628,627,-1,208,627,205,-1,205,627,625,-1,205,625,633,-1,951,413,469,-1,469,413,415,-1,469,415,470,-1,470,415,465,-1,465,415,416,-1,465,416,418,-1,418,419,465,-1,465,419,421,-1,465,421,424,-1,424,423,465,-1,465,423,428,-1,465,428,430,-1,430,431,465,-1,465,431,433,-1,465,433,434,-1,434,436,465,-1,465,436,437,-1,465,437,439,-1,452,454,1331,-1,1331,454,455,-1,455,457,1331,-1,1331,457,458,-1,1331,458,460,-1,448,1331,446,-1,446,1331,445,-1,448,449,1331,-1,1331,449,451,-1,1331,451,452,-1,439,440,465,-1,465,440,442,-1,465,442,1331,-1,1331,442,443,-1,1331,443,445,-1,460,463,1331,-1,1331,463,462,-1,1331,462,465,-1,914,917,601,-1,601,605,914,-1,914,605,604,-1,914,604,610,-1,610,609,914,-1,914,609,607,-1,914,607,606,-1,606,611,914,-1,914,611,613,-1,914,613,614,-1,614,616,914,-1,914,616,617,-1,914,617,619,-1,912,915,622,-1,622,915,914,-1,622,914,623,-1,623,914,619,-1,583,588,925,-1,925,588,590,-1,925,590,591,-1,591,593,925,-1,925,593,594,-1,925,594,924,-1,924,594,596,-1,924,596,922,-1,922,596,597,-1,922,597,920,-1,920,597,599,-1,920,599,917,-1,917,599,602,-1,917,602,601,-1,662,663,1252,-1,1252,663,665,-1,1252,665,574,-1,574,579,1252,-1,1252,579,578,-1,1252,578,582,-1,582,581,1252,-1,1252,581,587,-1,1252,587,586,-1,928,1252,927,-1,927,1252,586,-1,927,586,925,-1,925,586,584,-1,925,584,583,-1,338,1197,842,-1,842,1197,1199,-1,842,1199,1200,-1,930,931,1218,-1,1218,931,933,-1,1218,933,1217,-1,1200,1202,842,-1,842,1202,1203,-1,842,1203,1205,-1,933,934,1217,-1,1217,934,936,-1,1217,936,1212,-1,936,937,1212,-1,1212,937,843,-1,1212,843,1207,-1,1207,843,842,-1,1207,842,1208,-1,1208,842,1205,-1,930,1218,928,-1,928,1218,1222,-1,928,1222,1221,-1,1221,1225,928,-1,928,1225,1224,-1,928,1224,1252,-1,1252,1224,1228,-1,1252,1228,1227,-1,1230,1229,1332,-1,1332,1229,1216,-1,1332,1216,1232,-1,1332,1237,1239,-1,1232,1234,1332,-1,1332,1234,1236,-1,1332,1236,1237,-1,1239,1240,1332,-1,1332,1240,1242,-1,1332,1242,1230,-1,1230,1242,1243,-1,1243,1245,1230,-1,1230,1245,1249,-1,1230,1249,1250,-1,1227,1231,1252,-1,1252,1231,1230,-1,1252,1230,1251,-1,1251,1230,1250,-1,1323,1291,1290,-1,1323,1290,1324,-1,1324,1290,1289,-1,1324,1289,1319,-1,1319,1289,1320,-1,1320,1289,1278,-1,1320,1278,1321,-1,1278,1277,1321,-1,1321,1277,1276,-1,1321,1276,1322,-1,1322,1276,1275,-1,1322,1275,1301,-1,1301,1275,1274,-1,1301,1274,1300,-1,1300,1274,1273,-1,1300,1273,1299,-1,1299,1273,1267,-1,1299,1267,1302,-1,1302,1267,1271,-1,1302,1271,1303,-1,1303,1271,1272,-1,1303,1272,1304,-1,1304,1272,1270,-1,1304,1270,1305,-1,1305,1270,1269,-1,1305,1269,1306,-1,1306,1269,1310,-1,1310,1269,1268,-1,1310,1268,1311,-1,1268,1282,1311,-1,1311,1282,1281,-1,1311,1281,1312,-1,1312,1281,1280,-1,1312,1280,1313,-1,1313,1280,1287,-1,1313,1287,1314,-1,1314,1287,1286,-1,1314,1286,1315,-1,1315,1286,1285,-1,1315,1285,1316,-1,1316,1285,1284,-1,1316,1284,1318,-1,1318,1284,1283,-1,1318,1283,1317,-1,1317,1283,1298,-1,1317,1298,1308,-1,1308,1298,1297,-1,1308,1297,1307,-1,1307,1297,1296,-1,1307,1296,1327,-1,1327,1296,1295,-1,1327,1295,1325,-1,1325,1295,1294,-1,1325,1294,1326,-1,1326,1294,1293,-1,1326,1293,1329,-1,1329,1293,1292,-1,1329,1292,1328,-1,1328,1292,1291,-1,1328,1291,1323,-1,
        ]
    }
}
Shape{
    appearance Appearance {
        material  Material 	{
            diffuseColor 0.9686274509803922 0.8784313725490196 0.6
            specularColor 0.6784313725490196 0.615686274509804 0.4196078431372549
            ambientIntensity 0.2
            transparency 0
            shininess 0.5
        }
    }
    geometry IndexedFaceSet {
        ccw TRUE
        solid FALSE
        coord DEF co Coordinate {
            point [
                -0.1969 0.3386 -0.6063, -0.1476 0.3386 -0.6063, -0.1476 0.3248 -0.6063, -0.1969 0.311 -0.6063, -0.2461 0.311 -0.6063, -0.2461 0.3248 -0.6063, -0.1476 0.311 -0.6063, -0.2461 0.3386 -0.6063, -0.1476 0.2953 -0.5866, -0.1969 0.2953 -0.5866, -0.2461 0.2953 -0.5866, -0.1476 0.2953 0.4023, -0.1969 0.2953 0.4023, -0.2461 0.2953 0.4023, -0.1476 0.2941 0.412, -0.1476 0.2814 0.4323, -0.1476 0.2748 0.4369, -0.1969 0.2748 0.4369, -0.2461 0.2941 0.412, -0.1476 0.2903 0.4214, -0.2461 0.2903 0.4214, -0.1476 0.2879 0.4253, -0.2461 0.2879 0.4253, -0.2461 0.2814 0.4323, -0.2461 0.2748 0.4369, -0.2461 0.2157 0.4691, -0.1476 0.2157 0.4691, -0.1476 0.13 0.5158, -0.1969 0.13 0.5158, -0.2461 0.13 0.5158, -0.2461 0.1378 0.6015, -0.2461 0.1378 0.6022, -0.1476 0.1378 0.6022, -0.1476 0.1513 0.5725, -0.1476 0.1583 0.5677, -0.1969 0.1583 0.5677, -0.1476 0.1378 0.6015, -0.1476 0.1391 0.5923, -0.2461 0.1391 0.5923, -0.1476 0.1428 0.583, -0.2461 0.1428 0.583, -0.1476 0.1449 0.5797, -0.2461 0.1449 0.5797, -0.2461 0.1513 0.5725, -0.2461 0.1583 0.5677, -0.2461 0.2157 0.5364, -0.1476 0.2157 0.5364, -0.1476 0.303 0.4887, -0.1969 0.303 0.4887, -0.2461 0.303 0.4887, -0.1476 0.3132 0.4823, -0.1476 0.3519 0.424, -0.1476 0.3543 0.4023, -0.1969 0.3543 0.4023, -0.2461 0.3132 0.4823, -0.1476 0.3308 0.4662, -0.2461 0.3308 0.4662, -0.1476 0.3433 0.4477, -0.2461 0.3433 0.4477, -0.2461 0.3519 0.424, -0.2461 0.3543 0.4023, -0.1476 0.3543 -0.5866, -0.1969 0.3543 -0.5866, -0.2461 0.3543 -0.5866, -0.1516 0.1083 3.126, -0.1516 0.0984 3.1378, -0.0984 0.0984 3.1378, -0.0453 0.0984 3.1378, -0.0453 0.1083 3.126, -0.1516 0.1378 3.0906, -0.1457 0.1378 3.0906, -0.0984 0.1378 3.0906, -0.0453 0.1378 3.0906, -0.1516 0.1378 1.6649, -0.2378 0.1378 1.553, -0.2359 0.1378 1.556, -0.1457 0.1378 1.4792, -0.2277 0.1378 1.5687, -0.2245 0.1378 1.5718, -0.2149 0.1378 1.5811, -0.2096 0.1378 1.5847, -0.188 0.1378 1.5984, -0.1476 0.1378 1.4643, -0.2461 0.1378 1.5183, -0.1474 0.1378 1.4707, -0.244 0.1378 1.536, -0.2435 0.1378 1.5375, -0.1728 0.1378 1.611, -0.1614 0.1378 1.6268, -0.154 0.1378 1.6456, -0.0453 0.1378 1.6158, -0.0473 0.1378 1.5981, -0.0479 0.1378 1.5966, -0.0535 0.1378 1.5811, -0.0555 0.1378 1.5781, -0.0636 0.1378 1.5654, -0.0668 0.1378 1.5623, -0.0765 0.1378 1.5531, -0.0817 0.1378 1.5494, -0.1112 0.1378 1.5307, -0.125 0.1378 1.5195, -0.1262 0.1378 1.5179, -0.1361 0.1378 1.5051, -0.1374 0.1378 1.5021, -0.1439 0.1378 1.4881, -0.1448 0.1378 1.4835, -0.1457 0.0787 3.1378, -0.0453 0.0787 3.1378, -0.0453 0.0886 3.1378, -0.1516 0.0886 3.1378, -0.1516 0.0787 3.1378, -0.1516 0.0787 1.6649, -0.1516 0.1083 1.6649, -0.188 0.0787 1.5984, -0.1828 0.0787 1.6021, -0.188 0.1083 1.5984, -0.1731 0.0787 1.6113, -0.1699 0.0787 1.6144, -0.1618 0.0787 1.6271, -0.1598 0.0787 1.6301, -0.1536 0.0787 1.6471, -0.1542 0.0787 1.6456, -0.2096 0.0787 1.5847, -0.2096 0.1083 1.5847, -0.2235 0.0787 1.5735, -0.2246 0.0787 1.572, -0.2345 0.0787 1.5591, -0.2359 0.0787 1.5561, -0.2423 0.0787 1.5421, -0.2432 0.0787 1.5375, -0.2458 0.0787 1.5247, -0.2461 0.0787 1.5183, -0.2461 0.0787 0.6022, -0.2461 0.0789 0.5962, -0.2461 0.0815 0.5807, -0.2461 0.0893 0.5585, -0.2461 0.0822 0.5765, -0.2461 0.1026 0.5386, -0.2461 0.1004 0.541, -0.2461 0.0902 0.5571, -0.2461 0.1201 0.5226, -0.2461 0.1136 0.5271, -0.1476 0.1199 0.5222, -0.1476 0.0787 0.6022, -0.1476 0.0811 0.5806, -0.1476 0.0898 0.5569, -0.1476 0.1023 0.5383, -0.1476 0.0787 1.4643, -0.0453 0.0787 1.6158, -0.0453 0.1083 1.6158, -0.1112 0.0787 1.5307, -0.1164 0.0787 1.527, -0.1112 0.1083 1.5307, -0.1261 0.0787 1.5178, -0.1293 0.0787 1.5147, -0.1375 0.0787 1.502, -0.1394 0.0787 1.499, -0.1451 0.0787 1.4835, -0.1456 0.0787 1.482, -0.1457 0.0787 1.4814, -0.0817 0.0787 1.5494, -0.0679 0.0787 1.5607, -0.0667 0.0787 1.5622, -0.0569 0.0787 1.575, -0.0555 0.0787 1.578, -0.049 0.0787 1.592, -0.0481 0.0787 1.5967, -0.0455 0.0787 1.6095, -0.0817 0.1083 1.5494, 1.378 -0.3386 -0.6063, 1.3287 -0.3386 -0.6063, 1.3287 -0.3248 -0.6063, 1.378 -0.311 -0.6063, 1.4272 -0.311 -0.6063, 1.4272 -0.3248 -0.6063, 1.3287 -0.311 -0.6063, 1.4272 -0.3386 -0.6063, 1.3287 -0.2953 -0.5866, 1.378 -0.2953 -0.5866, 1.4272 -0.2953 -0.5866, 1.3287 -0.2953 0.4023, 1.378 -0.2953 0.4023, 1.4272 -0.2953 0.4023, 1.378 -0.2748 0.4369, 1.4272 -0.2748 0.4369, 1.4272 -0.2814 0.4323, 1.3287 -0.2814 0.4323, 1.3287 -0.2748 0.4369, 1.4272 -0.2941 0.412, 1.4272 -0.2879 0.4253, 1.3287 -0.2879 0.4253, 1.4272 -0.2903 0.4214, 1.3287 -0.2903 0.4214, 1.3287 -0.2941 0.412, 1.4272 -0.2157 0.4691, 1.3287 -0.2157 0.4691, 1.3287 -0.13 0.5158, 1.378 -0.13 0.5158, 1.4272 -0.13 0.5158, 1.4272 -0.1378 0.6015, 1.4272 -0.1378 0.6022, 1.3287 -0.1378 0.6022, 1.3287 -0.1513 0.5725, 1.3287 -0.1583 0.5677, 1.378 -0.1583 0.5677, 1.3287 -0.1378 0.6015, 1.3287 -0.1391 0.5923, 1.4272 -0.1391 0.5923, 1.3287 -0.1428 0.583, 1.4272 -0.1428 0.583, 1.3287 -0.1449 0.5797, 1.4272 -0.1449 0.5797, 1.4272 -0.1513 0.5725, 1.4272 -0.1583 0.5677, 1.4272 -0.2157 0.5364, 1.3287 -0.2157 0.5364, 1.3287 -0.303 0.4887, 1.378 -0.303 0.4887, 1.4272 -0.303 0.4887, 1.3287 -0.3147 0.4813, 1.378 -0.3543 0.4023, 1.4272 -0.3543 0.4023, 1.4272 -0.3518 0.4245, 1.4272 -0.3147 0.4813, 1.3287 -0.332 0.4648, 1.4272 -0.332 0.4648, 1.3287 -0.343 0.4482, 1.4272 -0.343 0.4482, 1.3287 -0.3518 0.4245, 1.3287 -0.3543 0.4023, 1.3287 -0.3543 -0.5866, 1.378 -0.3543 -0.5866, 1.4272 -0.3543 -0.5866, 1.1358 -0.1083 3.3228, 1.1358 -0.0984 3.3346, 1.0827 -0.0984 3.3346, 1.0295 -0.1083 3.3228, 1.0295 -0.1378 3.2874, 1.0827 -0.1378 3.2874, 1.1358 -0.1378 3.2874, 1.0295 -0.0984 3.3346, 1.0295 -0.1378 1.721, 1.2283 -0.1378 1.683, 1.1976 -0.1378 1.6898, 1.1221 -0.1378 1.6057, 1.0488 -0.1378 1.6563, 1.0591 -0.1378 1.6435, 1.1532 -0.1378 1.7174, 1.0631 -0.1378 1.6385, 1.1563 -0.1378 1.7142, 1.1877 -0.1378 1.6932, 1.1802 -0.1378 1.6958, 1.1056 -0.1378 1.6111, 1.171 -0.1378 1.7017, 1.1007 -0.1378 1.6126, 1.1645 -0.1378 1.7059, 1.0806 -0.1378 1.6238, 1.0805 -0.1378 1.6239, 1.0429 -0.1378 1.6677, 1.1452 -0.1378 1.7301, 1.0382 -0.1378 1.6766, 1.1433 -0.1378 1.7332, 1.0323 -0.1378 1.6965, 1.0317 -0.1378 1.6985, 1.1386 -0.1378 1.7473, 1.1358 -0.1378 1.7667, 1.1374 -0.1378 1.751, 1.2283 -0.1378 1.5822, 1.267 -0.1378 1.5736, 1.3654 -0.1378 1.6526, 1.2771 -0.1378 1.5707, 1.2938 -0.1378 1.5622, 1.3754 -0.1378 1.6494, 1.3085 -0.1378 1.5495, 1.3804 -0.1378 1.6477, 1.392 -0.1378 1.6408, 1.4186 -0.1378 1.6115, 1.4179 -0.1378 1.6125, 1.3196 -0.1378 1.5335, 1.4098 -0.1378 1.6251, 1.4066 -0.1378 1.6282, 1.3965 -0.1378 1.6381, 1.4272 -0.1378 1.5758, 1.425 -0.1378 1.594, 1.4246 -0.1378 1.5953, 1.3287 -0.1378 1.4967, 1.3263 -0.1378 1.5163, 1.1358 -0.0787 3.3346, 1.0295 -0.0787 3.3346, 1.0295 -0.0886 3.3346, 1.1358 -0.0886 3.3346, 1.1358 -0.0787 1.7667, 1.1358 -0.1083 1.7667, 1.4272 -0.0787 1.5758, 1.4272 -0.0787 0.6022, 1.4272 -0.0788 0.6004, 1.4272 -0.0789 0.5968, 1.4272 -0.0821 0.5775, 1.4272 -0.0822 0.5765, 1.4272 -0.089 0.5591, 1.4272 -0.1004 0.541, 1.4272 -0.0971 0.5462, 1.4272 -0.0919 0.5545, 1.4272 -0.1132 0.5275, 1.4272 -0.1126 0.5281, 1.3287 -0.1125 0.528, 1.3287 -0.0788 0.6004, 1.3287 -0.0787 0.6022, 1.3287 -0.0819 0.5775, 1.3287 -0.0913 0.5541, 1.3287 -0.0965 0.5458, 1.3287 -0.0787 1.4967, 1.267 -0.1083 1.5736, 1.267 -0.0787 1.5736, 1.277 -0.0787 1.5703, 1.282 -0.0787 1.5687, 1.2936 -0.0787 1.5618, 1.2981 -0.0787 1.5591, 1.3082 -0.0787 1.5492, 1.3114 -0.0787 1.546, 1.3195 -0.0787 1.5335, 1.3201 -0.0787 1.5325, 1.3266 -0.0787 1.515, 1.3261 -0.0787 1.5162, 1.2283 -0.0787 1.5822, 1.1221 -0.0787 1.6057, 1.1221 -0.1083 1.6057, 1.0295 -0.1083 1.721, 1.0295 -0.0787 1.721, 1.0317 -0.0787 1.6986, 1.0323 -0.0787 1.6965, 1.0383 -0.0787 1.6765, 1.0429 -0.0787 1.6677, 1.0488 -0.0787 1.6563, 1.0591 -0.0787 1.6435, 1.0631 -0.0787 1.6385, 1.0805 -0.0787 1.6239, 1.0806 -0.0787 1.6238, 1.1006 -0.0787 1.6127, 1.1056 -0.0787 1.6111, 1.1976 -0.1083 1.6898, 1.1976 -0.0787 1.6898, 1.1876 -0.0787 1.6931, 1.138 -0.0787 1.7484, 1.1384 -0.0787 1.7472, 1.1444 -0.0787 1.7309, 1.145 -0.0787 1.73, 1.1532 -0.0787 1.7174, 1.1564 -0.0787 1.7143, 1.1664 -0.0787 1.7044, 1.171 -0.0787 1.7017, 1.1826 -0.0787 1.6947, 1.2283 -0.0787 1.683, 1.4256 -0.0787 1.5915, 1.4098 -0.0787 1.6251, 1.4177 -0.0787 1.6124, 1.4197 -0.0787 1.6093, 1.4244 -0.0787 1.5952, 1.3828 -0.0787 1.6466, 1.392 -0.0787 1.6407, 1.3985 -0.0787 1.6365, 1.4067 -0.0787 1.6283, 1.3753 -0.0787 1.6492, 1.3654 -0.0787 1.6526, 1.3654 -0.1083 1.6526, -0.5906 -0.311 -0.6063, -0.5413 -0.311 -0.6063, -0.5413 -0.3248 -0.6063, -0.6398 -0.3248 -0.6063, -0.6398 -0.311 -0.6063, -0.5413 -0.3386 -0.6063, -0.5906 -0.3386 -0.6063, -0.6398 -0.3386 -0.6063, -0.6398 -0.2953 -0.5866, -0.5906 -0.2953 -0.5866, -0.5413 -0.2953 -0.5866, -0.6398 -0.2953 0.4023, -0.5906 -0.2953 0.4023, -0.5413 -0.2953 0.4023, -0.6398 -0.2941 0.412, -0.6398 -0.2814 0.4323, -0.6398 -0.2748 0.4369, -0.5906 -0.2748 0.4369, -0.5413 -0.2941 0.412, -0.6398 -0.2903 0.4214, -0.5413 -0.2903 0.4214, -0.6398 -0.2879 0.4253, -0.5413 -0.2879 0.4253, -0.5413 -0.2814 0.4323, -0.5413 -0.2748 0.4369, -0.5413 -0.2157 0.4691, -0.6398 -0.2157 0.4691, -0.6398 -0.13 0.5158, -0.5906 -0.13 0.5158, -0.5413 -0.13 0.5158, -0.5413 -0.1378 0.6015, -0.5413 -0.1378 0.6022, -0.6398 -0.1378 0.6022, -0.6398 -0.1513 0.5725, -0.6398 -0.1583 0.5677, -0.5906 -0.1583 0.5677, -0.6398 -0.1378 0.6015, -0.6398 -0.1391 0.5923, -0.5413 -0.1391 0.5923, -0.6398 -0.1428 0.583, -0.5413 -0.1428 0.583, -0.6398 -0.1449 0.5797, -0.5413 -0.1449 0.5797, -0.5413 -0.1513 0.5725, -0.5413 -0.1583 0.5677, -0.5413 -0.2157 0.5364, -0.6398 -0.2157 0.5364, -0.6398 -0.303 0.4887, -0.5906 -0.303 0.4887, -0.5413 -0.303 0.4887, -0.6398 -0.3133 0.4823, -0.5906 -0.3543 0.4023, -0.5413 -0.3543 0.4023, -0.5413 -0.3519 0.424, -0.5413 -0.3133 0.4823, -0.6398 -0.3309 0.4661, -0.5413 -0.3309 0.4661, -0.6398 -0.3432 0.4477, -0.5413 -0.3432 0.4477, -0.6398 -0.3519 0.424, -0.6398 -0.3543 0.4023, -0.6398 -0.3543 -0.5866, -0.5906 -0.3543 -0.5866, -0.5413 -0.3543 -0.5866, -0.2421 -0.1083 3.126, -0.2421 -0.0984 3.1378, -0.2953 -0.0984 3.1378, -0.2953 -0.1378 3.0906, -0.2421 -0.1378 3.0906, -0.3484 -0.0984 3.1378, -0.3484 -0.1083 3.126, -0.3484 -0.1378 3.0906, -0.3484 -0.1378 1.7729, -0.2421 -0.1378 1.7239, -0.3491 -0.1378 1.767, -0.3505 -0.1378 1.7552, -0.2424 -0.1378 1.7176, -0.3526 -0.1378 1.7493, -0.245 -0.1378 1.7044, -0.2458 -0.1378 1.7002, -0.3567 -0.1378 1.7381, -0.2522 -0.1378 1.6864, -0.371 -0.1378 1.7184, -0.2786 -0.1378 1.6575, -0.3669 -0.1378 1.7224, -0.2647 -0.1378 1.6687, -0.3601 -0.1378 1.7329, -0.2637 -0.1378 1.67, -0.2537 -0.1378 1.6832, -0.6398 -0.1378 1.501, -0.5413 -0.1378 1.447, -0.5389 -0.1378 1.4666, -0.6395 -0.1378 1.5073, -0.5317 -0.1378 1.4847, -0.6369 -0.1378 1.5205, -0.6282 -0.1378 1.5418, -0.6297 -0.1378 1.5386, -0.636 -0.1378 1.5248, -0.3797 -0.1378 1.71, -0.3849 -0.1378 1.7065, -0.4409 -0.1378 1.5541, -0.4409 -0.1378 1.6708, -0.5049 -0.1378 1.5134, -0.6033 -0.1378 1.5675, -0.5199 -0.1378 1.501, -0.6172 -0.1378 1.5562, -0.6182 -0.1378 1.5549, -0.2421 -0.0886 3.1378, -0.2421 -0.0787 3.1378, -0.3484 -0.0787 3.1378, -0.3484 -0.0886 3.1378, -0.2421 -0.0787 1.7239, -0.2421 -0.1083 1.7239, -0.2786 -0.1083 1.6575, -0.2786 -0.0787 1.6575, -0.2734 -0.0787 1.661, -0.2442 -0.0787 1.7061, -0.2448 -0.0787 1.7044, -0.2504 -0.0787 1.6891, -0.2521 -0.0787 1.6864, -0.2606 -0.0787 1.6734, -0.2639 -0.0787 1.6702, -0.5049 -0.1083 1.5134, -0.5049 -0.0787 1.5134, -0.4409 -0.0787 1.5541, -0.5413 -0.0787 1.447, -0.5411 -0.0787 1.4533, -0.5385 -0.0787 1.4665, -0.5376 -0.0787 1.4707, -0.5313 -0.0787 1.4845, -0.5298 -0.0787 1.4878, -0.5188 -0.0787 1.5022, -0.5197 -0.0787 1.5009, -0.5413 -0.0787 0.6022, -0.5413 -0.0789 0.5963, -0.5413 -0.0815 0.5806, -0.5413 -0.0892 0.5586, -0.5413 -0.0822 0.5765, -0.5413 -0.1025 0.5387, -0.5413 -0.1004 0.541, -0.5413 -0.0902 0.5571, -0.5413 -0.12 0.5227, -0.5413 -0.1136 0.5272, -0.6398 -0.1197 0.5223, -0.6398 -0.0812 0.5806, -0.6398 -0.0787 0.6022, -0.6398 -0.0898 0.5569, -0.6398 -0.1022 0.5385, -0.6398 -0.0787 1.501, -0.3484 -0.0787 1.7729, -0.3484 -0.1083 1.7729, -0.618 -0.0787 1.5547, -0.6033 -0.1083 1.5675, -0.6084 -0.0787 1.5639, -0.6033 -0.0787 1.5675, -0.6213 -0.0787 1.5516, -0.6298 -0.0787 1.5385, -0.6315 -0.0787 1.5359, -0.6371 -0.0787 1.5205, -0.6377 -0.0787 1.5188, -0.3598 -0.0787 1.7327, -0.3697 -0.0787 1.7191, -0.3707 -0.0787 1.7182, -0.3525 -0.0787 1.7493, -0.3582 -0.0787 1.7349, -0.3508 -0.0787 1.7536, -0.3492 -0.0787 1.767, -0.4409 -0.0787 1.6708, -0.3849 -0.0787 1.7065, -0.3849 -0.1083 1.7065, -0.9843 0.311 -0.6063, -1.0335 0.311 -0.6063, -1.0335 0.3248 -0.6063, -0.935 0.3248 -0.6063, -0.935 0.311 -0.6063, -1.0335 0.3386 -0.6063, -0.9843 0.3386 -0.6063, -0.935 0.3386 -0.6063, -0.935 0.2953 -0.5866, -0.9843 0.2953 -0.5866, -1.0335 0.2953 -0.5866, -0.935 0.2953 0.4023, -0.9843 0.2953 0.4023, -1.0335 0.2953 0.4023, -0.935 0.2941 0.412, -0.935 0.2814 0.4323, -0.935 0.2748 0.4369, -0.9843 0.2748 0.4369, -1.0335 0.2941 0.412, -0.935 0.2903 0.4214, -1.0335 0.2903 0.4214, -0.935 0.2879 0.4253, -1.0335 0.2879 0.4253, -1.0335 0.2814 0.4323, -1.0335 0.2748 0.4369, -1.0335 0.2157 0.4691, -0.935 0.2157 0.4691, -0.935 0.13 0.5158, -0.9843 0.13 0.5158, -1.0335 0.13 0.5158, -1.0335 0.1378 0.6015, -1.0335 0.1378 0.6022, -0.935 0.1378 0.6022, -0.935 0.1513 0.5725, -0.935 0.1583 0.5677, -0.9843 0.1583 0.5677, -0.935 0.1378 0.6015, -0.935 0.1391 0.5923, -1.0335 0.1391 0.5923, -0.935 0.1428 0.583, -1.0335 0.1428 0.583, -0.935 0.1449 0.5797, -1.0335 0.1449 0.5797, -1.0335 0.1513 0.5725, -1.0335 0.1583 0.5677, -1.0335 0.2157 0.5364, -0.935 0.2157 0.5364, -0.935 0.303 0.4887, -0.9843 0.303 0.4887, -1.0335 0.303 0.4887, -0.935 0.3149 0.4811, -0.935 0.3518 0.4246, -0.935 0.3543 0.4023, -0.9843 0.3543 0.4023, -1.0335 0.3149 0.4811, -0.935 0.3321 0.4646, -1.0335 0.3321 0.4646, -0.935 0.3429 0.4483, -1.0335 0.3429 0.4483, -1.0335 0.3518 0.4246, -1.0335 0.3543 0.4023, -0.935 0.3543 -0.5866, -0.9843 0.3543 -0.5866, -1.0335 0.3543 -0.5866, -0.5453 0.1083 3.3228, -0.5453 0.0984 3.3346, -0.4921 0.0984 3.3346, -0.4921 0.1378 3.2874, -0.5453 0.1378 3.2874, -0.439 0.0984 3.3346, -0.439 0.1083 3.3228, -0.439 0.1378 3.2874, -0.439 0.1378 1.8319, -0.5817 0.1378 1.8145, -0.5666 0.1378 1.827, -0.4754 0.1378 1.7655, -0.472 0.1378 1.7679, -0.5551 0.1378 1.8428, -0.4606 0.1378 1.7783, -0.4416 0.1378 1.8126, -0.4477 0.1378 1.7962, -0.5477 0.1378 1.8615, -0.4492 0.1378 1.794, -0.4584 0.1378 1.7802, -0.5453 0.1378 1.881, -0.4411 0.1378 1.8137, -0.7362 0.1378 1.7162, -0.7362 0.1378 1.5995, -0.997 0.1378 1.5502, -0.8986 0.1378 1.4962, -0.9128 0.1378 1.4846, -1.0005 0.1378 1.5479, -0.9135 0.1378 1.4836, -1.0119 0.1378 1.5375, -0.9241 0.1378 1.4696, -1.014 0.1378 1.5355, -0.9248 0.1378 1.4678, -1.0247 0.1378 1.5196, -1.0233 0.1378 1.5217, -0.9323 0.1378 1.4491, -1.0335 0.1378 1.4838, -0.9318 0.1378 1.452, -1.0313 0.1378 1.502, -1.0309 0.1378 1.5032, -0.935 0.1378 1.4298, -0.9349 0.1378 1.434, -0.5453 0.0787 3.3346, -0.439 0.0787 3.3346, -0.439 0.0886 3.3346, -0.5453 0.0886 3.3346, -0.5453 0.0787 1.881, -0.5453 0.1083 1.881, -0.5783 0.0787 1.8169, -0.5817 0.1083 1.8145, -0.5817 0.0787 1.8145, -0.5669 0.0787 1.8273, -0.5647 0.0787 1.8292, -0.5555 0.0787 1.843, -0.554 0.0787 1.8452, -0.5474 0.0787 1.8627, -0.5479 0.0787 1.8616, -0.7362 0.0787 1.7162, -0.997 0.1083 1.5502, -0.997 0.0787 1.5502, -1.0112 0.0787 1.5386, -1.012 0.0787 1.5376, -1.0225 0.0787 1.5236, -1.0233 0.0787 1.5218, -1.0302 0.0787 1.506, -1.0307 0.0787 1.5032, -1.0334 0.0787 1.488, -1.0335 0.0787 1.4838, -1.0335 0.0787 0.6022, -1.0335 0.0789 0.5968, -1.0335 0.0816 0.58, -1.0335 0.0889 0.5591, -1.0335 0.0822 0.5765, -1.0335 0.1012 0.5401, -1.0335 0.1004 0.5409, -1.0335 0.0905 0.5565, -1.0335 0.1185 0.5238, -1.0335 0.1131 0.5275, -0.935 0.1182 0.5234, -0.935 0.0813 0.5799, -0.935 0.0787 0.6022, -0.935 0.0901 0.5563, -0.935 0.101 0.5399, -0.935 0.0787 1.4298, -0.439 0.0787 1.8319, -0.439 0.1083 1.8319, -0.9135 0.0787 1.4835, -0.8986 0.1083 1.4962, -0.9021 0.0787 1.4938, -0.8986 0.0787 1.4962, -0.9156 0.0787 1.4815, -0.9248 0.0787 1.4677, -0.9263 0.0787 1.4655, -0.9325 0.0787 1.4491, -0.9329 0.0787 1.448, -0.4492 0.0787 1.7939, -0.4422 0.0787 1.8097, -0.4417 0.0787 1.8126, -0.4391 0.0787 1.8277, -0.4754 0.0787 1.7655, -0.4612 0.0787 1.7771, -0.4605 0.0787 1.7781, -0.45 0.0787 1.7921, -0.7362 0.0787 1.5995, -0.4754 0.1083 1.7655, 1.378 0.3386 -0.6063, 1.4272 0.3386 -0.6063, 1.4272 0.3248 -0.6063, 1.378 0.311 -0.6063, 1.3287 0.311 -0.6063, 1.3287 0.3248 -0.6063, 1.4272 0.311 -0.6063, 1.3287 0.3386 -0.6063, 1.4272 0.2953 -0.5866, 1.378 0.2953 -0.5866, 1.3287 0.2953 -0.5866, 1.4272 0.2953 0.4023, 1.378 0.2953 0.4023, 1.3287 0.2953 0.4023, 1.378 0.2748 0.4369, 1.3287 0.2748 0.4369, 1.3287 0.2814 0.4323, 1.4272 0.2814 0.4323, 1.4272 0.2748 0.4369, 1.3287 0.2941 0.412, 1.3287 0.2879 0.4253, 1.4272 0.2879 0.4253, 1.3287 0.2903 0.4214, 1.4272 0.2903 0.4214, 1.4272 0.2941 0.412, 1.3287 0.2157 0.4691, 1.4272 0.2157 0.4691, 1.4272 0.13 0.5158, 1.378 0.13 0.5158, 1.3287 0.13 0.5158, 1.3287 0.1378 0.6015, 1.3287 0.1378 0.6022, 1.4272 0.1378 0.6022, 1.4272 0.1513 0.5725, 1.4272 0.1583 0.5677, 1.378 0.1583 0.5677, 1.4272 0.1378 0.6015, 1.4272 0.1391 0.5923, 1.3287 0.1391 0.5923, 1.4272 0.1428 0.583, 1.3287 0.1428 0.583, 1.4272 0.1449 0.5797, 1.3287 0.1449 0.5797, 1.3287 0.1513 0.5725, 1.3287 0.1583 0.5677, 1.3287 0.2157 0.5364, 1.4272 0.2157 0.5364, 1.4272 0.303 0.4887, 1.378 0.303 0.4887, 1.3287 0.303 0.4887, 1.378 0.3543 0.4023, 1.3287 0.3543 0.4023, 1.3287 0.3518 0.4245, 1.4272 0.3543 0.4023, 1.3287 0.3147 0.4813, 1.4272 0.3518 0.4245, 1.3287 0.343 0.4482, 1.4272 0.343 0.4482, 1.3287 0.332 0.4648, 1.4272 0.332 0.4648, 1.4272 0.3147 0.4813, 1.4272 0.3543 -0.5866, 1.378 0.3543 -0.5866, 1.3287 0.3543 -0.5866, 1.0295 0.1083 3.3228, 1.0295 0.0984 3.3346, 1.0827 0.0984 3.3346, 1.0827 0.1378 3.2874, 1.0295 0.1378 3.2874, 1.1358 0.0984 3.3346, 1.1358 0.1083 3.3228, 1.1358 0.1378 3.2874, 1.0295 0.1378 1.721, 1.1377 0.1378 1.7504, 1.1358 0.1378 1.7667, 1.0729 0.1378 1.6303, 1.0631 0.1378 1.6385, 1.1532 0.1378 1.7174, 1.138 0.1378 1.7484, 1.1436 0.1378 1.7333, 1.0312 0.1378 1.7037, 1.1444 0.1378 1.7309, 1.0317 0.1378 1.6986, 1.0488 0.1378 1.6563, 1.0383 0.1378 1.6764, 1.0383 0.1378 1.6765, 1.0529 0.1378 1.6513, 1.0806 0.1378 1.6238, 1.165 0.1378 1.7058, 1.0988 0.1378 1.6137, 1.1664 0.1378 1.7044, 1.1006 0.1378 1.6127, 1.1798 0.1378 1.6964, 1.1221 0.1378 1.6057, 1.4272 0.1378 1.5758, 1.3287 0.1378 1.4967, 1.3141 0.1378 1.5425, 1.4197 0.1378 1.6093, 1.4213 0.1378 1.6043, 1.328 0.1378 1.5072, 1.3233 0.1378 1.5254, 1.4261 0.1378 1.5862, 1.4256 0.1378 1.5915, 1.3993 0.1378 1.6357, 1.3985 0.1378 1.6365, 1.3839 0.1378 1.6459, 1.4098 0.1378 1.6251, 1.4122 0.1378 1.6213, 1.3828 0.1378 1.6466, 1.301 0.1378 1.5568, 1.3654 0.1378 1.6526, 1.1826 0.1378 1.6947, 1.1976 0.1378 1.6898, 1.2283 0.1378 1.5822, 1.2283 0.1378 1.683, 1.267 0.1378 1.5736, 1.2856 0.1378 1.567, 1.0295 0.0886 3.3346, 1.0295 0.0787 3.3346, 1.1358 0.0787 3.3346, 1.1358 0.0886 3.3346, 1.0295 0.0787 1.721, 1.0295 0.1083 1.721, 1.1221 0.1083 1.6057, 1.1221 0.0787 1.6057, 1.1007 0.0787 1.6126, 1.0988 0.0787 1.6137, 1.0806 0.0787 1.6239, 1.0729 0.0787 1.6303, 1.0631 0.0787 1.6385, 1.0529 0.0787 1.6513, 1.0488 0.0787 1.6563, 1.0383 0.0787 1.6764, 1.0382 0.0787 1.6766, 1.0317 0.0787 1.6985, 1.0312 0.0787 1.7037, 1.267 0.1083 1.5736, 1.2283 0.0787 1.5822, 1.267 0.0787 1.5736, 1.3287 0.0787 1.4967, 1.3277 0.0787 1.5072, 1.3272 0.0787 1.5125, 1.3229 0.0787 1.5253, 1.3212 0.0787 1.5303, 1.3138 0.0787 1.5422, 1.3114 0.0787 1.546, 1.3009 0.0787 1.5567, 1.3001 0.0787 1.5575, 1.2855 0.0787 1.5669, 1.2844 0.0787 1.5676, 1.3287 0.0787 0.6022, 1.3287 0.0788 0.6004, 1.3287 0.0789 0.5968, 1.3287 0.0821 0.5775, 1.3287 0.0822 0.5765, 1.3287 0.089 0.5591, 1.3287 0.1004 0.541, 1.3287 0.0971 0.5462, 1.3287 0.0919 0.5545, 1.3287 0.1132 0.5275, 1.3287 0.1126 0.5281, 1.4272 0.0788 0.6004, 1.4272 0.0787 0.6022, 1.4272 0.0819 0.5775, 1.4272 0.0913 0.5541, 1.4272 0.0965 0.5458, 1.4272 0.1125 0.528, 1.4272 0.0787 1.5758, 1.1358 0.0787 1.7667, 1.1358 0.1083 1.7667, 1.3654 0.1083 1.6526, 1.3654 0.0787 1.6526, 1.3804 0.0787 1.6477, 1.3838 0.0787 1.6457, 1.3965 0.0787 1.6381, 1.3991 0.0787 1.6355, 1.4098 0.0787 1.6251, 1.4123 0.0787 1.6213, 1.4186 0.0787 1.6115, 1.4212 0.0787 1.6043, 1.425 0.0787 1.594, 1.4259 0.0787 1.5862, 1.2283 0.0787 1.683, 1.1976 0.0787 1.6898, 1.1875 0.0787 1.6928, 1.1799 0.0787 1.6966, 1.1707 0.0787 1.7013, 1.1652 0.0787 1.7061, 1.1561 0.0787 1.714, 1.1449 0.0787 1.7299, 1.1535 0.0787 1.7176, 1.1383 0.0787 1.7471, 1.1436 0.0787 1.7333, 1.1379 0.0787 1.7505, 1.1976 0.1083 1.6898, 0.9843 0.3386 -0.6063, 1.0335 0.3386 -0.6063, 1.0335 0.3248 -0.6063, 0.9843 0.311 -0.6063, 0.935 0.311 -0.6063, 0.935 0.3248 -0.6063, 1.0335 0.311 -0.6063, 0.935 0.3386 -0.6063, 1.0335 0.2953 -0.5866, 0.9843 0.2953 -0.5866, 0.935 0.2953 -0.5866, 1.0335 0.2953 0.4023, 0.9843 0.2953 0.4023, 0.935 0.2953 0.4023, 1.0335 0.2941 0.412, 1.0335 0.2814 0.4323, 1.0335 0.2748 0.4369, 0.9843 0.2748 0.4369, 0.935 0.2941 0.412, 1.0335 0.2903 0.4214, 0.935 0.2903 0.4214, 1.0335 0.2879 0.4253, 0.935 0.2879 0.4253, 0.935 0.2814 0.4323, 0.935 0.2748 0.4369, 0.935 0.2157 0.4691, 1.0335 0.2157 0.4691, 1.0335 0.13 0.5158, 0.9843 0.13 0.5158, 0.935 0.13 0.5158, 0.935 0.1378 0.6015, 0.935 0.1378 0.6022, 1.0335 0.1378 0.6022, 1.0335 0.1513 0.5725, 1.0335 0.1583 0.5677, 0.9843 0.1583 0.5677, 1.0335 0.1378 0.6015, 1.0335 0.1391 0.5923, 0.935 0.1391 0.5923, 1.0335 0.1428 0.583, 0.935 0.1428 0.583, 1.0335 0.1449 0.5797, 0.935 0.1449 0.5797, 0.935 0.1513 0.5725, 0.935 0.1583 0.5677, 0.935 0.2157 0.5364, 1.0335 0.2157 0.5364, 1.0335 0.303 0.4887, 0.9843 0.303 0.4887, 0.935 0.303 0.4887, 0.9843 0.3543 0.4023, 0.935 0.3543 0.4023, 0.935 0.3518 0.4246, 1.0335 0.3543 0.4023, 0.935 0.3149 0.4811, 1.0335 0.3518 0.4246, 0.935 0.3429 0.4483, 1.0335 0.3429 0.4483, 0.935 0.3321 0.4646, 1.0335 0.3321 0.4646, 1.0335 0.3149 0.4811, 1.0335 0.3543 -0.5866, 0.9843 0.3543 -0.5866, 0.935 0.3543 -0.5866, 0.439 0.1083 3.3228, 0.439 0.0984 3.3346, 0.4921 0.0984 3.3346, 0.4921 0.1378 3.2874, 0.439 0.1378 3.2874, 0.5453 0.0984 3.3346, 0.5453 0.1083 3.3228, 0.5453 0.1378 3.2874, 0.5453 0.1378 1.881, 0.439 0.1378 1.8319, 0.5457 0.1378 1.877, 0.5474 0.1378 1.8627, 0.4391 0.1378 1.8277, 0.5489 0.1378 1.8588, 0.4417 0.1378 1.8126, 0.4422 0.1378 1.8097, 0.554 0.1378 1.8452, 0.4489 0.1378 1.7945, 0.5674 0.1378 1.8268, 0.4754 0.1378 1.7655, 0.5647 0.1378 1.8292, 0.4612 0.1378 1.7771, 0.5563 0.1378 1.8418, 0.4605 0.1378 1.7781, 0.45 0.1378 1.7921, 1.0335 0.1378 1.4838, 1.0225 0.1378 1.5236, 1.0235 0.1378 1.5212, 0.9255 0.1378 1.4674, 1.0302 0.1378 1.506, 0.935 0.1378 1.4298, 0.9326 0.1378 1.4492, 1.0334 0.1378 1.488, 1.0307 0.1378 1.5032, 0.5782 0.1378 1.8169, 0.5817 0.1378 1.8145, 0.7362 0.1378 1.5995, 0.7362 0.1378 1.7162, 0.8986 0.1378 1.4962, 0.997 0.1378 1.5502, 0.9137 0.1378 1.4837, 1.0112 0.1378 1.5386, 1.012 0.1378 1.5376, 0.439 0.0886 3.3346, 0.439 0.0787 3.3346, 0.5453 0.0787 3.3346, 0.5453 0.0886 3.3346, 0.439 0.0787 1.8319, 0.439 0.1083 1.8319, 0.4754 0.1083 1.7655, 0.4754 0.0787 1.7655, 0.4719 0.0787 1.7679, 0.4411 0.0787 1.8137, 0.4416 0.0787 1.8126, 0.4477 0.0787 1.7962, 0.4488 0.0787 1.7945, 0.4584 0.0787 1.7802, 0.4606 0.0787 1.7783, 0.8986 0.1083 1.4962, 0.8986 0.0787 1.4962, 0.7362 0.0787 1.5995, 0.935 0.0787 1.4298, 0.9349 0.0787 1.434, 0.9323 0.0787 1.4491, 0.9318 0.0787 1.452, 0.9251 0.0787 1.4672, 0.9241 0.0787 1.4696, 0.9128 0.0787 1.4846, 0.9135 0.0787 1.4836, 0.935 0.0787 0.6022, 0.935 0.0789 0.5968, 0.935 0.0816 0.58, 0.935 0.0889 0.5591, 0.935 0.0822 0.5765, 0.935 0.1012 0.5401, 0.935 0.1004 0.5409, 0.935 0.0905 0.5565, 0.935 0.1185 0.5238, 0.935 0.1131 0.5275, 1.0335 0.1182 0.5234, 1.0335 0.0813 0.5799, 1.0335 0.0787 0.6022, 1.0335 0.0901 0.5563, 1.0335 0.101 0.5399, 1.0335 0.0787 1.4838, 0.5453 0.0787 1.881, 0.5453 0.1083 1.881, 1.0119 0.0787 1.5375, 0.997 0.1083 1.5502, 1.0005 0.0787 1.5479, 0.997 0.0787 1.5502, 1.014 0.0787 1.5355, 1.0236 0.0787 1.5212, 1.0247 0.0787 1.5196, 1.0309 0.0787 1.5032, 1.0313 0.0787 1.502, 0.5817 0.0787 1.8145, 0.5672 0.0787 1.8266, 0.5666 0.0787 1.827, 0.556 0.0787 1.8416, 0.5488 0.0787 1.8588, 0.5551 0.0787 1.8428, 0.5477 0.0787 1.8615, 0.5458 0.0787 1.877, 0.7362 0.0787 1.7162, 0.5817 0.1083 1.8145, -0.5906 0.3386 -0.6063, -0.5413 0.3386 -0.6063, -0.5413 0.3248 -0.6063, -0.5906 0.311 -0.6063, -0.6398 0.311 -0.6063, -0.6398 0.3248 -0.6063, -0.5413 0.311 -0.6063, -0.6398 0.3386 -0.6063, -0.5413 0.2953 -0.5866, -0.5906 0.2953 -0.5866, -0.6398 0.2953 -0.5866, -0.5413 0.2953 0.4023, -0.5906 0.2953 0.4023, -0.6398 0.2953 0.4023, -0.5906 0.2748 0.4369, -0.6398 0.2748 0.4369, -0.6398 0.2814 0.4323, -0.5413 0.2814 0.4323, -0.5413 0.2748 0.4369, -0.6398 0.2941 0.412, -0.6398 0.2879 0.4253, -0.5413 0.2879 0.4253, -0.6398 0.2903 0.4214, -0.5413 0.2903 0.4214, -0.5413 0.2941 0.412, -0.6398 0.2157 0.4691, -0.5413 0.2157 0.4691, -0.5413 0.13 0.5158, -0.5906 0.13 0.5158, -0.6398 0.13 0.5158, -0.6398 0.1378 0.6015, -0.6398 0.1378 0.6022, -0.5413 0.1378 0.6022, -0.5413 0.1513 0.5725, -0.5413 0.1583 0.5677, -0.5906 0.1583 0.5677, -0.5413 0.1378 0.6015, -0.5413 0.1391 0.5923, -0.6398 0.1391 0.5923, -0.5413 0.1428 0.583, -0.6398 0.1428 0.583, -0.5413 0.1449 0.5797, -0.6398 0.1449 0.5797, -0.6398 0.1513 0.5725, -0.6398 0.1583 0.5677, -0.6398 0.2157 0.5364, -0.5413 0.2157 0.5364, -0.5413 0.303 0.4887, -0.5906 0.303 0.4887, -0.6398 0.303 0.4887, -0.5906 0.3543 0.4023, -0.6398 0.3543 0.4023, -0.6398 0.3519 0.424, -0.5413 0.3543 0.4023, -0.6398 0.3133 0.4823, -0.5413 0.3519 0.424, -0.6398 0.3432 0.4477, -0.5413 0.3432 0.4477, -0.6398 0.3309 0.4661, -0.5413 0.3309 0.4661, -0.5413 0.3133 0.4823, -0.5413 0.3543 -0.5866, -0.5906 0.3543 -0.5866, -0.6398 0.3543 -0.5866, -0.3484 0.1083 3.126, -0.3484 0.0984 3.1378, -0.2953 0.0984 3.1378, -0.2421 0.1083 3.126, -0.2421 0.1378 3.0906, -0.2953 0.1378 3.0906, -0.3484 0.1378 3.0906, -0.2421 0.0984 3.1378, -0.2421 0.1378 1.7239, -0.2786 0.1378 1.6575, -0.3697 0.1378 1.7191, -0.2734 0.1378 1.661, -0.3582 0.1378 1.7349, -0.2637 0.1378 1.6703, -0.2447 0.1378 1.7046, -0.2504 0.1378 1.6891, -0.3508 0.1378 1.7536, -0.2523 0.1378 1.6861, -0.2606 0.1378 1.6734, -0.3484 0.1378 1.7729, -0.2442 0.1378 1.7061, -0.5049 0.1378 1.5134, -0.6033 0.1378 1.5675, -0.4409 0.1378 1.5541, -0.4409 0.1378 1.6708, -0.3849 0.1378 1.7065, -0.5188 0.1378 1.5022, -0.5199 0.1378 1.5007, -0.6084 0.1378 1.5639, -0.5298 0.1378 1.4878, -0.6372 0.1378 1.5203, -0.6315 0.1378 1.5359, -0.5376 0.1378 1.4707, -0.6296 0.1378 1.5388, -0.5311 0.1378 1.4849, -0.6213 0.1378 1.5516, -0.6182 0.1378 1.5546, -0.5385 0.1378 1.4663, -0.6398 0.1378 1.501, -0.6377 0.1378 1.5188, -0.5413 0.1378 1.447, -0.5411 0.1378 1.4533, -0.3484 0.0787 3.1378, -0.2421 0.0787 3.1378, -0.2421 0.0886 3.1378, -0.3484 0.0886 3.1378, -0.3484 0.0787 1.7729, -0.3484 0.1083 1.7729, -0.3797 0.0787 1.71, -0.3849 0.1083 1.7065, -0.3849 0.0787 1.7065, -0.37 0.0787 1.7194, -0.3669 0.0787 1.7224, -0.3586 0.0787 1.7351, -0.3567 0.0787 1.7381, -0.3505 0.0787 1.7552, -0.351 0.0787 1.7537, -0.4409 0.0787 1.6708, -0.6033 0.1083 1.5675, -0.6033 0.0787 1.5675, -0.6172 0.0787 1.5562, -0.6183 0.0787 1.5547, -0.6282 0.0787 1.5418, -0.6296 0.0787 1.5389, -0.636 0.0787 1.5248, -0.6369 0.0787 1.5203, -0.6395 0.0787 1.5073, -0.6398 0.0787 1.501, -0.6398 0.0787 0.6022, -0.6398 0.0789 0.5963, -0.6398 0.0815 0.5806, -0.6398 0.0892 0.5586, -0.6398 0.0822 0.5765, -0.6398 0.1025 0.5387, -0.6398 0.1004 0.541, -0.6398 0.0902 0.5571, -0.6398 0.12 0.5227, -0.6398 0.1136 0.5272, -0.5413 0.1197 0.5223, -0.5413 0.0787 0.6022, -0.5413 0.0812 0.5806, -0.5413 0.0898 0.5569, -0.5413 0.1022 0.5385, -0.5413 0.0787 1.447, -0.2421 0.0787 1.7239, -0.2421 0.1083 1.7239, -0.5198 0.0787 1.5006, -0.5049 0.1083 1.5134, -0.51 0.0787 1.5099, -0.5049 0.0787 1.5134, -0.5229 0.0787 1.4976, -0.5311 0.0787 1.4848, -0.5331 0.0787 1.4818, -0.5387 0.0787 1.4663, -0.5393 0.0787 1.4648, -0.2523 0.0787 1.686, -0.2458 0.0787 1.7002, -0.245 0.0787 1.7047, -0.2424 0.0787 1.7177, -0.2786 0.0787 1.6575, -0.2647 0.0787 1.6687, -0.2636 0.0787 1.6702, -0.2537 0.0787 1.6832, -0.4409 0.0787 1.5541, -0.2786 0.1083 1.6575, -0.2786 0.1083 1.6575
            ]
        }
        coordIndex [
            0,1,2,-1,3,4,5,-1,6,3,2,-1,2,3,5,-1,2,5,0,-1,0,5,7,-1,6,8,9,-1,6,9,3,-1,3,9,10,-1,3,10,4,-1,8,11,12,-1,8,12,9,-1,9,12,13,-1,9,13,10,-1,12,11,14,-1,15,16,17,-1,18,19,20,-1,20,19,21,-1,20,21,22,-1,22,21,15,-1,22,15,23,-1,23,15,17,-1,23,17,24,-1,13,12,18,-1,18,12,14,-1,18,14,19,-1,25,24,17,-1,26,27,28,-1,17,16,26,-1,26,28,17,-1,17,28,29,-1,17,29,25,-1,30,31,32,-1,33,34,35,-1,32,36,30,-1,30,36,37,-1,30,37,38,-1,38,37,39,-1,38,39,40,-1,40,39,41,-1,40,41,42,-1,42,41,33,-1,42,33,43,-1,43,33,35,-1,43,35,44,-1,45,44,35,-1,46,47,48,-1,35,34,46,-1,46,48,35,-1,35,48,49,-1,35,49,45,-1,48,47,50,-1,51,52,53,-1,54,55,56,-1,56,55,57,-1,56,57,58,-1,58,57,51,-1,58,51,59,-1,59,51,53,-1,59,53,60,-1,49,48,54,-1,54,48,50,-1,54,50,55,-1,52,61,62,-1,52,62,53,-1,53,62,63,-1,53,63,60,-1,61,1,0,-1,61,0,62,-1,62,0,7,-1,62,7,63,-1,64,65,66,-1,66,67,68,-1,69,64,70,-1,70,64,66,-1,70,66,71,-1,71,66,68,-1,71,68,72,-1,73,69,70,-1,74,75,76,-1,76,75,77,-1,76,77,78,-1,78,79,76,-1,76,79,80,-1,76,80,81,-1,32,31,82,-1,82,31,83,-1,82,83,84,-1,84,83,85,-1,84,85,76,-1,76,85,86,-1,76,86,74,-1,81,87,76,-1,76,87,88,-1,76,88,89,-1,90,91,92,-1,71,72,90,-1,90,92,71,-1,71,92,93,-1,71,93,94,-1,94,95,71,-1,71,95,96,-1,71,96,97,-1,97,98,71,-1,71,98,99,-1,71,99,70,-1,70,99,100,-1,70,100,101,-1,101,102,70,-1,70,102,103,-1,70,103,104,-1,89,73,76,-1,76,73,70,-1,76,70,105,-1,105,70,104,-1,106,107,108,-1,109,110,106,-1,108,67,66,-1,106,108,109,-1,109,108,66,-1,109,66,65,-1,109,65,64,-1,110,109,111,-1,111,109,64,-1,111,64,112,-1,112,64,69,-1,112,69,73,-1,112,73,89,-1,113,114,115,-1,115,114,87,-1,115,87,81,-1,114,116,87,-1,87,116,117,-1,87,117,88,-1,117,118,88,-1,88,118,119,-1,88,119,89,-1,111,112,120,-1,120,112,89,-1,120,89,121,-1,121,89,119,-1,122,113,115,-1,122,115,123,-1,123,115,81,-1,123,81,80,-1,124,78,125,-1,125,78,77,-1,125,77,126,-1,126,77,75,-1,126,75,127,-1,127,75,74,-1,127,74,128,-1,128,74,86,-1,128,86,129,-1,129,86,85,-1,129,85,130,-1,130,85,83,-1,130,83,131,-1,124,122,78,-1,78,122,123,-1,78,123,79,-1,79,123,80,-1,63,7,5,-1,4,10,5,-1,5,10,13,-1,131,83,132,-1,132,83,31,-1,132,31,133,-1,133,31,30,-1,133,30,134,-1,134,30,38,-1,40,135,38,-1,38,135,136,-1,38,136,134,-1,43,137,42,-1,42,137,138,-1,42,138,40,-1,40,138,139,-1,40,139,135,-1,44,140,43,-1,43,140,141,-1,43,141,137,-1,63,5,60,-1,60,5,13,-1,60,13,59,-1,59,13,18,-1,59,18,58,-1,58,18,20,-1,58,20,56,-1,56,20,22,-1,56,22,54,-1,54,22,23,-1,54,23,49,-1,49,23,24,-1,49,24,45,-1,45,24,25,-1,45,25,44,-1,44,25,29,-1,44,29,140,-1,28,27,142,-1,143,132,133,-1,143,133,144,-1,135,145,136,-1,136,145,144,-1,136,144,134,-1,134,144,133,-1,135,139,145,-1,145,139,138,-1,145,138,146,-1,138,137,146,-1,146,137,141,-1,146,141,142,-1,142,141,140,-1,142,140,28,-1,28,140,29,-1,8,6,11,-1,11,6,2,-1,2,1,61,-1,2,61,11,-1,11,61,52,-1,11,52,14,-1,14,52,51,-1,14,51,19,-1,19,51,57,-1,19,57,21,-1,21,57,55,-1,21,55,15,-1,15,55,50,-1,15,50,16,-1,16,50,47,-1,16,47,26,-1,26,47,46,-1,26,46,27,-1,27,46,34,-1,27,34,142,-1,142,34,33,-1,142,33,146,-1,146,33,41,-1,146,41,145,-1,145,41,39,-1,145,39,144,-1,144,39,37,-1,144,37,143,-1,82,147,32,-1,32,147,143,-1,32,143,36,-1,36,143,37,-1,68,67,108,-1,107,148,108,-1,108,148,149,-1,108,149,68,-1,68,149,90,-1,68,90,72,-1,150,151,152,-1,152,151,99,-1,99,151,100,-1,100,151,153,-1,100,153,101,-1,101,153,154,-1,101,154,102,-1,102,154,155,-1,102,155,103,-1,103,155,156,-1,103,156,104,-1,104,156,157,-1,104,157,105,-1,105,157,158,-1,105,158,76,-1,76,158,159,-1,76,159,84,-1,84,159,147,-1,84,147,82,-1,107,106,158,-1,158,106,159,-1,158,157,107,-1,107,157,156,-1,107,156,155,-1,155,154,107,-1,107,154,153,-1,107,153,151,-1,160,161,150,-1,150,161,162,-1,162,163,150,-1,150,163,164,-1,150,164,151,-1,151,164,165,-1,151,165,166,-1,166,167,151,-1,151,167,148,-1,151,148,107,-1,106,110,111,-1,106,111,159,-1,159,111,120,-1,159,120,121,-1,121,119,159,-1,159,119,118,-1,159,118,117,-1,117,116,159,-1,159,116,114,-1,159,114,113,-1,113,122,159,-1,159,122,124,-1,159,124,125,-1,125,126,159,-1,159,126,127,-1,159,127,128,-1,132,143,131,-1,131,143,147,-1,131,147,130,-1,130,147,159,-1,130,159,129,-1,129,159,128,-1,148,167,149,-1,149,167,166,-1,149,166,90,-1,98,97,168,-1,168,97,160,-1,160,97,161,-1,161,97,96,-1,161,96,162,-1,162,96,95,-1,162,95,163,-1,163,95,94,-1,163,94,164,-1,164,94,93,-1,164,93,165,-1,165,93,92,-1,165,92,166,-1,166,92,91,-1,166,91,90,-1,160,150,152,-1,160,152,168,-1,168,152,99,-1,168,99,98,-1,169,170,171,-1,172,173,174,-1,175,172,171,-1,171,172,174,-1,171,174,169,-1,169,174,176,-1,175,177,178,-1,175,178,172,-1,172,178,179,-1,172,179,173,-1,177,180,181,-1,177,181,178,-1,178,181,182,-1,178,182,179,-1,183,184,185,-1,186,187,183,-1,188,182,181,-1,183,185,186,-1,186,185,189,-1,186,189,190,-1,190,189,191,-1,190,191,192,-1,192,191,188,-1,192,188,193,-1,193,188,181,-1,193,181,180,-1,194,184,183,-1,195,196,197,-1,183,187,195,-1,195,197,183,-1,183,197,198,-1,183,198,194,-1,199,200,201,-1,202,203,204,-1,201,205,199,-1,199,205,206,-1,199,206,207,-1,207,206,208,-1,207,208,209,-1,209,208,210,-1,209,210,211,-1,211,210,202,-1,211,202,212,-1,212,202,204,-1,212,204,213,-1,214,213,204,-1,215,216,217,-1,204,203,215,-1,215,217,204,-1,204,217,218,-1,204,218,214,-1,217,216,219,-1,220,221,222,-1,223,224,225,-1,225,224,226,-1,225,226,227,-1,227,226,228,-1,227,228,222,-1,222,228,229,-1,222,229,220,-1,218,217,223,-1,223,217,219,-1,223,219,224,-1,229,230,231,-1,229,231,220,-1,220,231,232,-1,220,232,221,-1,230,170,169,-1,230,169,231,-1,231,169,176,-1,231,176,232,-1,233,234,235,-1,236,237,238,-1,239,233,238,-1,238,233,235,-1,238,235,236,-1,236,235,240,-1,238,237,241,-1,242,243,244,-1,245,246,247,-1,247,246,248,-1,247,248,249,-1,243,250,244,-1,244,250,251,-1,244,251,252,-1,252,251,253,-1,252,253,254,-1,254,253,255,-1,254,255,256,-1,256,255,249,-1,256,249,257,-1,257,249,248,-1,245,247,258,-1,258,247,259,-1,258,259,260,-1,260,259,261,-1,260,261,262,-1,262,261,263,-1,263,261,264,-1,263,264,241,-1,239,238,265,-1,265,238,241,-1,265,241,266,-1,266,241,264,-1,244,267,242,-1,242,267,268,-1,242,268,269,-1,268,270,269,-1,269,270,271,-1,269,271,272,-1,272,271,273,-1,272,273,274,-1,274,273,275,-1,276,277,278,-1,277,279,278,-1,278,279,280,-1,278,280,273,-1,273,280,281,-1,273,281,275,-1,282,283,278,-1,278,283,284,-1,278,284,276,-1,201,200,285,-1,285,200,282,-1,285,282,286,-1,286,282,278,-1,287,288,289,-1,289,240,235,-1,287,289,290,-1,290,289,235,-1,290,235,234,-1,290,234,233,-1,287,290,291,-1,291,290,233,-1,291,233,292,-1,292,233,239,-1,292,239,265,-1,232,176,174,-1,173,179,174,-1,174,179,182,-1,293,282,294,-1,294,282,200,-1,294,200,295,-1,295,200,199,-1,295,199,296,-1,296,199,297,-1,297,199,207,-1,297,207,298,-1,298,207,209,-1,298,209,299,-1,212,300,211,-1,211,300,301,-1,211,301,209,-1,209,301,302,-1,209,302,299,-1,213,303,212,-1,212,303,304,-1,212,304,300,-1,232,174,221,-1,221,174,182,-1,221,182,222,-1,222,182,188,-1,222,188,227,-1,227,188,191,-1,227,191,225,-1,225,191,189,-1,225,189,223,-1,223,189,185,-1,223,185,218,-1,218,185,184,-1,218,184,214,-1,214,184,194,-1,214,194,213,-1,213,194,198,-1,213,198,303,-1,197,196,305,-1,306,307,294,-1,294,295,306,-1,306,295,296,-1,306,296,308,-1,299,309,298,-1,298,309,308,-1,298,308,297,-1,297,308,296,-1,299,302,309,-1,309,302,301,-1,309,301,310,-1,310,301,300,-1,310,300,305,-1,198,197,303,-1,303,197,305,-1,303,305,304,-1,304,305,300,-1,177,175,180,-1,180,175,171,-1,285,311,201,-1,201,311,307,-1,201,307,205,-1,205,307,306,-1,205,306,206,-1,206,306,308,-1,206,308,208,-1,208,308,309,-1,208,309,210,-1,210,309,310,-1,210,310,202,-1,202,310,305,-1,202,305,203,-1,203,305,196,-1,203,196,215,-1,215,196,195,-1,215,195,216,-1,216,195,187,-1,216,187,219,-1,219,187,186,-1,219,186,224,-1,224,186,190,-1,224,190,226,-1,226,190,192,-1,226,192,228,-1,228,192,193,-1,228,193,229,-1,229,193,180,-1,229,180,230,-1,230,180,171,-1,230,171,170,-1,312,313,314,-1,270,268,312,-1,312,314,270,-1,270,314,315,-1,270,315,271,-1,315,316,271,-1,271,316,317,-1,271,317,273,-1,317,318,273,-1,273,318,319,-1,273,319,278,-1,319,320,278,-1,278,320,321,-1,278,321,286,-1,311,285,322,-1,322,285,286,-1,322,286,323,-1,323,286,321,-1,324,313,312,-1,324,312,325,-1,312,268,267,-1,325,312,326,-1,326,312,267,-1,326,267,244,-1,327,328,329,-1,241,327,263,-1,263,327,329,-1,263,329,262,-1,262,329,330,-1,262,330,260,-1,260,330,331,-1,260,331,258,-1,258,331,332,-1,258,332,245,-1,245,332,333,-1,245,333,246,-1,246,333,334,-1,246,334,248,-1,248,334,335,-1,248,335,257,-1,257,335,336,-1,257,336,256,-1,256,336,337,-1,256,337,254,-1,254,337,338,-1,254,338,252,-1,252,338,339,-1,339,325,252,-1,252,325,326,-1,252,326,244,-1,236,240,289,-1,288,328,289,-1,289,328,327,-1,289,327,236,-1,236,327,241,-1,236,241,237,-1,340,341,342,-1,340,342,243,-1,292,265,266,-1,291,292,343,-1,343,292,266,-1,343,266,344,-1,344,266,264,-1,344,264,345,-1,345,264,261,-1,345,261,346,-1,346,261,259,-1,346,259,347,-1,347,259,247,-1,347,247,348,-1,348,247,249,-1,348,249,349,-1,349,249,255,-1,349,255,350,-1,350,255,253,-1,350,253,351,-1,351,253,251,-1,351,251,342,-1,342,251,250,-1,342,250,243,-1,328,288,287,-1,287,291,328,-1,328,291,343,-1,328,343,329,-1,329,343,344,-1,329,344,330,-1,330,344,345,-1,347,333,346,-1,346,333,332,-1,346,332,345,-1,345,332,331,-1,345,331,330,-1,337,348,349,-1,337,336,348,-1,348,336,335,-1,348,335,347,-1,347,335,334,-1,347,334,333,-1,351,325,350,-1,350,325,339,-1,350,339,349,-1,349,339,338,-1,349,338,337,-1,352,324,341,-1,341,324,325,-1,341,325,342,-1,342,325,351,-1,294,307,293,-1,293,307,311,-1,311,322,293,-1,293,322,323,-1,293,323,353,-1,319,354,355,-1,355,356,319,-1,319,356,357,-1,319,357,320,-1,320,357,353,-1,320,353,321,-1,321,353,323,-1,358,359,319,-1,359,360,319,-1,319,360,361,-1,319,361,354,-1,358,319,362,-1,362,319,318,-1,362,318,363,-1,363,318,317,-1,363,317,316,-1,316,315,363,-1,363,315,314,-1,363,314,352,-1,352,314,313,-1,352,313,324,-1,362,272,358,-1,358,272,274,-1,358,274,359,-1,359,274,275,-1,359,275,360,-1,360,275,281,-1,360,281,361,-1,361,281,280,-1,361,280,354,-1,354,280,279,-1,354,279,355,-1,355,279,277,-1,355,277,356,-1,356,277,276,-1,356,276,357,-1,357,276,284,-1,357,284,353,-1,353,284,283,-1,353,283,293,-1,293,283,282,-1,362,363,272,-1,272,363,364,-1,272,364,269,-1,352,341,340,-1,352,340,363,-1,340,243,242,-1,363,340,364,-1,364,340,242,-1,364,242,269,-1,365,366,367,-1,368,369,365,-1,367,370,371,-1,365,367,368,-1,368,367,371,-1,368,371,372,-1,369,373,374,-1,369,374,365,-1,365,374,375,-1,365,375,366,-1,373,376,377,-1,373,377,374,-1,374,377,378,-1,374,378,375,-1,377,376,379,-1,380,381,382,-1,383,384,385,-1,385,384,386,-1,385,386,387,-1,387,386,380,-1,387,380,388,-1,388,380,382,-1,388,382,389,-1,378,377,383,-1,383,377,379,-1,383,379,384,-1,390,389,382,-1,391,392,393,-1,382,381,391,-1,391,393,382,-1,382,393,394,-1,382,394,390,-1,395,396,397,-1,398,399,400,-1,397,401,395,-1,395,401,402,-1,395,402,403,-1,403,402,404,-1,403,404,405,-1,405,404,406,-1,405,406,407,-1,407,406,398,-1,407,398,408,-1,408,398,400,-1,408,400,409,-1,410,409,400,-1,411,412,413,-1,400,399,411,-1,411,413,400,-1,400,413,414,-1,400,414,410,-1,413,412,415,-1,416,417,418,-1,419,420,421,-1,421,420,422,-1,421,422,423,-1,423,422,424,-1,423,424,418,-1,418,424,425,-1,418,425,416,-1,414,413,419,-1,419,413,415,-1,419,415,420,-1,425,426,427,-1,425,427,416,-1,416,427,428,-1,416,428,417,-1,426,372,371,-1,426,371,427,-1,427,371,370,-1,427,370,428,-1,429,430,431,-1,432,433,429,-1,431,434,435,-1,429,431,432,-1,432,431,435,-1,432,435,436,-1,436,437,432,-1,432,437,438,-1,432,438,433,-1,437,439,438,-1,438,439,440,-1,438,440,441,-1,441,440,442,-1,441,442,443,-1,443,442,444,-1,444,442,445,-1,444,445,446,-1,447,448,449,-1,449,448,450,-1,449,450,451,-1,451,450,452,-1,451,452,445,-1,445,452,453,-1,445,453,446,-1,454,397,396,-1,396,455,454,-1,454,455,456,-1,454,456,457,-1,457,456,458,-1,457,458,459,-1,460,461,458,-1,458,461,462,-1,458,462,459,-1,447,463,448,-1,448,463,464,-1,448,464,465,-1,465,464,466,-1,465,466,467,-1,467,466,468,-1,467,468,469,-1,469,468,470,-1,469,470,458,-1,458,470,471,-1,458,471,460,-1,431,430,472,-1,473,474,475,-1,434,431,475,-1,475,431,472,-1,475,472,473,-1,472,430,429,-1,473,472,476,-1,476,472,429,-1,476,429,477,-1,477,429,433,-1,477,433,438,-1,478,479,480,-1,438,441,477,-1,477,441,476,-1,476,441,481,-1,481,441,443,-1,481,443,482,-1,482,443,444,-1,482,444,483,-1,483,444,446,-1,483,446,484,-1,484,446,453,-1,484,453,485,-1,485,453,452,-1,485,452,486,-1,486,452,450,-1,486,450,480,-1,480,450,448,-1,480,448,478,-1,465,467,487,-1,465,487,448,-1,487,488,489,-1,448,487,478,-1,478,487,489,-1,478,489,479,-1,487,467,469,-1,455,490,491,-1,455,491,456,-1,491,492,456,-1,456,492,493,-1,456,493,458,-1,493,494,458,-1,458,494,495,-1,458,495,469,-1,488,487,496,-1,496,487,469,-1,496,469,497,-1,497,469,495,-1,428,370,367,-1,366,375,367,-1,367,375,378,-1,490,455,498,-1,498,455,396,-1,498,396,499,-1,499,396,395,-1,499,395,500,-1,500,395,403,-1,405,501,403,-1,403,501,502,-1,403,502,500,-1,408,503,407,-1,407,503,504,-1,407,504,405,-1,405,504,505,-1,405,505,501,-1,409,506,408,-1,408,506,507,-1,408,507,503,-1,428,367,417,-1,417,367,378,-1,417,378,418,-1,418,378,383,-1,418,383,423,-1,423,383,385,-1,423,385,421,-1,421,385,387,-1,421,387,419,-1,419,387,388,-1,419,388,414,-1,414,388,389,-1,414,389,410,-1,410,389,390,-1,410,390,409,-1,409,390,394,-1,409,394,506,-1,393,392,508,-1,500,509,499,-1,499,509,510,-1,499,510,498,-1,500,502,509,-1,509,502,501,-1,509,501,511,-1,501,505,511,-1,511,505,504,-1,511,504,512,-1,504,503,512,-1,512,503,507,-1,512,507,508,-1,508,507,506,-1,508,506,393,-1,393,506,394,-1,373,369,376,-1,376,369,368,-1,368,372,426,-1,368,426,376,-1,376,426,425,-1,376,425,379,-1,379,425,424,-1,379,424,384,-1,384,424,422,-1,384,422,386,-1,386,422,420,-1,386,420,380,-1,380,420,415,-1,380,415,381,-1,381,415,412,-1,381,412,391,-1,391,412,411,-1,391,411,392,-1,392,411,399,-1,392,399,508,-1,508,399,398,-1,508,398,512,-1,512,398,406,-1,512,406,511,-1,511,406,404,-1,511,404,509,-1,509,404,402,-1,509,402,510,-1,454,513,397,-1,397,513,510,-1,397,510,401,-1,401,510,402,-1,435,434,475,-1,474,514,475,-1,475,514,515,-1,475,515,435,-1,435,515,437,-1,435,437,436,-1,470,468,516,-1,516,468,517,-1,516,517,518,-1,518,517,519,-1,470,516,471,-1,471,516,520,-1,471,520,460,-1,460,520,521,-1,460,521,461,-1,461,521,522,-1,461,522,462,-1,462,522,523,-1,462,523,459,-1,459,523,524,-1,459,524,457,-1,457,524,513,-1,457,513,454,-1,525,480,526,-1,526,480,479,-1,526,479,527,-1,482,483,528,-1,528,483,484,-1,528,484,529,-1,529,484,485,-1,529,485,525,-1,525,485,486,-1,525,486,480,-1,530,476,528,-1,528,476,481,-1,528,481,482,-1,474,473,514,-1,514,473,476,-1,514,476,531,-1,531,476,530,-1,488,519,489,-1,489,519,532,-1,489,532,479,-1,479,532,533,-1,479,533,527,-1,488,496,519,-1,519,496,497,-1,519,497,518,-1,518,497,495,-1,518,495,516,-1,516,495,520,-1,520,495,521,-1,521,495,494,-1,521,494,522,-1,492,513,493,-1,493,513,524,-1,493,524,494,-1,494,524,523,-1,494,523,522,-1,498,510,490,-1,490,510,513,-1,490,513,491,-1,491,513,492,-1,515,514,531,-1,533,534,527,-1,527,534,464,-1,437,515,439,-1,439,515,531,-1,439,531,440,-1,440,531,530,-1,440,530,442,-1,442,530,528,-1,442,528,445,-1,445,528,529,-1,445,529,451,-1,451,529,525,-1,451,525,449,-1,449,525,526,-1,449,526,447,-1,447,526,527,-1,447,527,463,-1,463,527,464,-1,466,464,534,-1,466,534,468,-1,534,533,532,-1,468,534,517,-1,517,534,532,-1,517,532,519,-1,535,536,537,-1,538,539,535,-1,537,540,541,-1,535,537,538,-1,538,537,541,-1,538,541,542,-1,539,543,544,-1,539,544,535,-1,535,544,545,-1,535,545,536,-1,543,546,547,-1,543,547,544,-1,544,547,548,-1,544,548,545,-1,547,546,549,-1,550,551,552,-1,553,554,555,-1,555,554,556,-1,555,556,557,-1,557,556,550,-1,557,550,558,-1,558,550,552,-1,558,552,559,-1,548,547,553,-1,553,547,549,-1,553,549,554,-1,560,559,552,-1,561,562,563,-1,552,551,561,-1,561,563,552,-1,552,563,564,-1,552,564,560,-1,565,566,567,-1,568,569,570,-1,567,571,565,-1,565,571,572,-1,565,572,573,-1,573,572,574,-1,573,574,575,-1,575,574,576,-1,575,576,577,-1,577,576,568,-1,577,568,578,-1,578,568,570,-1,578,570,579,-1,580,579,570,-1,581,582,583,-1,570,569,581,-1,581,583,570,-1,570,583,584,-1,570,584,580,-1,583,582,585,-1,586,587,588,-1,589,590,591,-1,591,590,592,-1,591,592,593,-1,593,592,586,-1,593,586,594,-1,594,586,588,-1,594,588,595,-1,584,583,589,-1,589,583,585,-1,589,585,590,-1,587,596,597,-1,587,597,588,-1,588,597,598,-1,588,598,595,-1,596,542,541,-1,596,541,597,-1,597,541,540,-1,597,540,598,-1,599,600,601,-1,602,603,599,-1,601,604,605,-1,599,601,602,-1,602,601,605,-1,602,605,606,-1,602,606,607,-1,608,609,610,-1,610,609,611,-1,611,609,612,-1,611,612,613,-1,614,615,616,-1,616,615,617,-1,616,617,612,-1,612,617,618,-1,612,618,613,-1,603,602,619,-1,619,602,607,-1,619,607,616,-1,616,607,620,-1,616,620,614,-1,608,610,621,-1,621,610,622,-1,621,622,623,-1,622,624,623,-1,623,624,625,-1,623,625,626,-1,626,625,627,-1,626,627,628,-1,628,627,629,-1,628,629,630,-1,631,632,629,-1,629,632,633,-1,629,633,630,-1,634,635,636,-1,636,635,637,-1,636,637,631,-1,631,637,638,-1,631,638,632,-1,567,566,639,-1,639,566,635,-1,639,635,640,-1,640,635,634,-1,641,642,643,-1,643,604,601,-1,641,643,644,-1,644,643,601,-1,644,601,600,-1,644,600,599,-1,641,644,645,-1,645,644,599,-1,645,599,646,-1,646,599,603,-1,646,603,619,-1,646,619,616,-1,609,608,647,-1,647,608,648,-1,647,648,649,-1,647,650,609,-1,609,650,651,-1,609,651,612,-1,651,652,612,-1,612,652,653,-1,612,653,616,-1,645,646,654,-1,654,646,616,-1,654,616,655,-1,655,616,653,-1,656,649,648,-1,621,623,657,-1,608,621,648,-1,648,621,657,-1,648,657,656,-1,656,657,658,-1,623,626,657,-1,657,626,658,-1,658,626,659,-1,659,626,628,-1,659,628,660,-1,660,628,630,-1,660,630,661,-1,661,630,633,-1,661,633,662,-1,662,633,632,-1,662,632,663,-1,663,632,638,-1,663,638,664,-1,664,638,637,-1,664,637,665,-1,665,637,635,-1,665,635,666,-1,598,540,537,-1,536,545,537,-1,537,545,548,-1,666,635,667,-1,667,635,566,-1,667,566,668,-1,668,566,565,-1,668,565,669,-1,669,565,573,-1,575,670,573,-1,573,670,671,-1,573,671,669,-1,578,672,577,-1,577,672,673,-1,577,673,575,-1,575,673,674,-1,575,674,670,-1,579,675,578,-1,578,675,676,-1,578,676,672,-1,598,537,595,-1,595,537,548,-1,595,548,594,-1,594,548,553,-1,594,553,593,-1,593,553,555,-1,593,555,591,-1,591,555,557,-1,591,557,589,-1,589,557,558,-1,589,558,584,-1,584,558,559,-1,584,559,580,-1,580,559,560,-1,580,560,579,-1,579,560,564,-1,579,564,675,-1,563,562,677,-1,669,678,668,-1,668,678,679,-1,668,679,667,-1,669,671,678,-1,678,671,670,-1,678,670,680,-1,670,674,680,-1,680,674,673,-1,680,673,681,-1,681,673,672,-1,681,672,677,-1,672,676,677,-1,677,676,675,-1,677,675,563,-1,563,675,564,-1,543,539,546,-1,546,539,538,-1,538,542,596,-1,538,596,546,-1,546,596,587,-1,546,587,549,-1,549,587,586,-1,549,586,554,-1,554,586,592,-1,554,592,556,-1,556,592,590,-1,556,590,550,-1,550,590,585,-1,550,585,551,-1,551,585,582,-1,551,582,561,-1,561,582,581,-1,561,581,562,-1,562,581,569,-1,562,569,677,-1,677,569,568,-1,677,568,681,-1,681,568,576,-1,681,576,680,-1,680,576,574,-1,680,574,678,-1,678,574,572,-1,678,572,679,-1,639,682,567,-1,567,682,679,-1,567,679,571,-1,571,679,572,-1,605,604,643,-1,642,683,643,-1,643,683,684,-1,643,684,605,-1,605,684,607,-1,605,607,606,-1,625,624,685,-1,685,624,686,-1,685,686,687,-1,687,686,688,-1,625,685,627,-1,627,685,689,-1,627,689,629,-1,629,689,690,-1,629,690,631,-1,631,690,691,-1,631,691,636,-1,636,691,692,-1,636,692,634,-1,634,692,693,-1,634,693,640,-1,640,693,682,-1,640,682,639,-1,683,642,641,-1,694,695,653,-1,653,695,696,-1,653,696,655,-1,655,696,697,-1,655,697,654,-1,654,697,683,-1,654,683,645,-1,645,683,641,-1,650,698,651,-1,651,698,699,-1,651,699,652,-1,652,699,700,-1,652,700,653,-1,653,700,701,-1,653,701,694,-1,666,667,679,-1,679,682,666,-1,666,682,693,-1,666,693,665,-1,665,693,692,-1,665,692,664,-1,664,692,691,-1,664,691,663,-1,690,661,691,-1,691,661,662,-1,691,662,663,-1,685,658,689,-1,689,658,659,-1,689,659,690,-1,690,659,660,-1,690,660,661,-1,650,647,698,-1,698,647,649,-1,698,649,702,-1,702,649,656,-1,702,656,688,-1,688,656,658,-1,688,658,687,-1,687,658,685,-1,683,697,684,-1,684,697,696,-1,684,696,607,-1,699,613,700,-1,700,613,618,-1,700,618,701,-1,701,618,617,-1,701,617,694,-1,694,617,615,-1,694,615,695,-1,695,615,614,-1,695,614,696,-1,696,614,620,-1,696,620,607,-1,699,698,613,-1,613,698,703,-1,613,703,611,-1,611,703,610,-1,702,688,686,-1,622,610,703,-1,624,622,686,-1,686,622,703,-1,686,703,702,-1,702,703,698,-1,704,705,706,-1,707,708,709,-1,710,707,706,-1,706,707,709,-1,706,709,704,-1,704,709,711,-1,710,712,713,-1,710,713,707,-1,707,713,714,-1,707,714,708,-1,712,715,716,-1,712,716,713,-1,713,716,717,-1,713,717,714,-1,718,719,720,-1,721,722,718,-1,723,717,716,-1,718,720,721,-1,721,720,724,-1,721,724,725,-1,725,724,726,-1,725,726,727,-1,727,726,723,-1,727,723,728,-1,728,723,716,-1,728,716,715,-1,729,719,718,-1,730,731,732,-1,718,722,730,-1,730,732,718,-1,718,732,733,-1,718,733,729,-1,734,735,736,-1,737,738,739,-1,736,740,734,-1,734,740,741,-1,734,741,742,-1,742,741,743,-1,742,743,744,-1,744,743,745,-1,744,745,746,-1,746,745,737,-1,746,737,747,-1,747,737,739,-1,747,739,748,-1,749,748,739,-1,750,751,752,-1,739,738,750,-1,750,752,739,-1,739,752,753,-1,739,753,749,-1,754,755,756,-1,754,756,757,-1,758,753,752,-1,757,756,759,-1,759,756,760,-1,759,760,761,-1,761,760,762,-1,761,762,763,-1,763,762,758,-1,763,758,764,-1,764,758,752,-1,764,752,751,-1,757,765,766,-1,757,766,754,-1,754,766,767,-1,754,767,755,-1,765,705,704,-1,765,704,766,-1,766,704,711,-1,766,711,767,-1,768,769,770,-1,771,772,768,-1,770,773,774,-1,768,770,771,-1,771,770,774,-1,771,774,775,-1,776,772,771,-1,777,776,778,-1,778,776,771,-1,778,771,775,-1,779,780,781,-1,777,782,776,-1,776,782,783,-1,776,783,784,-1,784,783,785,-1,784,785,786,-1,787,788,785,-1,785,788,789,-1,785,789,786,-1,781,780,785,-1,785,780,790,-1,785,790,787,-1,779,781,791,-1,791,781,792,-1,791,792,793,-1,793,792,794,-1,793,794,795,-1,795,794,796,-1,795,796,797,-1,736,735,798,-1,798,735,799,-1,800,801,802,-1,799,803,798,-1,798,803,804,-1,798,804,805,-1,805,804,800,-1,805,800,806,-1,806,800,802,-1,807,800,808,-1,808,800,809,-1,807,810,800,-1,800,810,811,-1,800,811,801,-1,809,800,812,-1,812,800,813,-1,812,813,814,-1,796,815,797,-1,797,815,816,-1,797,816,817,-1,817,816,818,-1,817,818,819,-1,819,818,814,-1,819,814,820,-1,820,814,813,-1,770,769,821,-1,822,823,824,-1,773,770,824,-1,824,770,821,-1,824,821,822,-1,821,769,768,-1,822,821,825,-1,825,821,768,-1,825,768,826,-1,826,768,772,-1,826,772,776,-1,827,828,829,-1,797,827,795,-1,795,827,829,-1,795,829,793,-1,793,829,830,-1,793,830,791,-1,791,830,831,-1,791,831,779,-1,779,831,832,-1,779,832,780,-1,780,832,833,-1,780,833,790,-1,790,833,834,-1,790,834,787,-1,787,834,835,-1,787,835,788,-1,788,835,836,-1,788,836,789,-1,789,836,837,-1,789,837,786,-1,786,837,838,-1,786,838,784,-1,784,838,839,-1,839,825,784,-1,784,825,826,-1,784,826,776,-1,817,819,840,-1,841,828,827,-1,840,842,841,-1,841,827,840,-1,840,827,797,-1,840,797,817,-1,799,843,844,-1,799,844,803,-1,803,844,845,-1,803,845,804,-1,845,846,804,-1,804,846,847,-1,804,847,800,-1,847,848,800,-1,800,848,849,-1,800,849,813,-1,849,850,813,-1,813,850,851,-1,813,851,820,-1,820,851,852,-1,820,852,853,-1,853,842,820,-1,820,842,840,-1,820,840,819,-1,767,711,709,-1,708,714,709,-1,709,714,717,-1,843,799,854,-1,854,799,735,-1,854,735,855,-1,855,735,734,-1,855,734,856,-1,856,734,857,-1,857,734,742,-1,857,742,858,-1,858,742,744,-1,858,744,859,-1,747,860,746,-1,746,860,861,-1,746,861,744,-1,744,861,862,-1,744,862,859,-1,748,863,747,-1,747,863,864,-1,747,864,860,-1,767,709,755,-1,755,709,717,-1,755,717,756,-1,756,717,723,-1,756,723,760,-1,760,723,726,-1,760,726,762,-1,762,726,724,-1,762,724,758,-1,758,724,720,-1,758,720,753,-1,753,720,719,-1,753,719,749,-1,749,719,729,-1,749,729,748,-1,748,729,733,-1,748,733,863,-1,865,866,854,-1,857,867,856,-1,856,867,865,-1,856,865,855,-1,855,865,854,-1,857,858,867,-1,867,858,859,-1,867,859,868,-1,859,862,868,-1,868,862,861,-1,868,861,869,-1,869,861,860,-1,869,860,870,-1,870,860,864,-1,870,864,863,-1,863,733,870,-1,870,733,732,-1,870,732,731,-1,712,710,715,-1,715,710,706,-1,798,871,736,-1,736,871,866,-1,736,866,740,-1,740,866,865,-1,740,865,741,-1,741,865,867,-1,741,867,743,-1,743,867,868,-1,743,868,745,-1,745,868,869,-1,745,869,737,-1,737,869,870,-1,737,870,738,-1,738,870,731,-1,738,731,750,-1,750,731,730,-1,750,730,751,-1,751,730,722,-1,751,722,764,-1,764,722,721,-1,764,721,763,-1,763,721,725,-1,763,725,761,-1,761,725,727,-1,761,727,759,-1,759,727,728,-1,759,728,757,-1,757,728,715,-1,757,715,765,-1,765,715,706,-1,765,706,705,-1,774,773,824,-1,823,872,824,-1,824,872,873,-1,824,873,774,-1,774,873,778,-1,774,778,775,-1,874,875,876,-1,814,874,812,-1,812,874,876,-1,812,876,809,-1,809,876,877,-1,809,877,808,-1,808,877,878,-1,808,878,807,-1,807,878,879,-1,807,879,810,-1,810,879,880,-1,810,880,811,-1,811,880,881,-1,811,881,801,-1,801,881,882,-1,801,882,802,-1,802,882,883,-1,802,883,806,-1,806,883,884,-1,806,884,805,-1,884,885,805,-1,805,885,871,-1,805,871,798,-1,886,887,828,-1,887,888,828,-1,828,888,889,-1,828,889,829,-1,889,890,829,-1,829,890,891,-1,829,891,830,-1,830,891,892,-1,830,892,831,-1,837,836,893,-1,836,835,893,-1,893,835,834,-1,893,834,894,-1,894,834,833,-1,894,833,892,-1,892,833,832,-1,892,832,831,-1,895,825,896,-1,896,825,839,-1,896,839,893,-1,893,839,838,-1,893,838,837,-1,823,822,872,-1,872,822,825,-1,872,825,897,-1,897,825,895,-1,828,841,886,-1,886,841,842,-1,886,842,875,-1,842,853,875,-1,875,853,852,-1,875,852,876,-1,876,852,851,-1,876,851,877,-1,877,851,850,-1,877,850,878,-1,878,850,849,-1,878,849,879,-1,879,849,880,-1,884,883,849,-1,883,882,849,-1,849,882,881,-1,849,881,880,-1,846,845,871,-1,884,849,885,-1,885,849,848,-1,885,848,871,-1,871,848,847,-1,871,847,846,-1,854,866,843,-1,843,866,871,-1,843,871,844,-1,844,871,845,-1,873,872,897,-1,898,816,815,-1,898,815,887,-1,781,892,792,-1,792,892,891,-1,792,891,794,-1,794,891,890,-1,794,890,796,-1,796,890,889,-1,796,889,815,-1,815,889,888,-1,815,888,887,-1,778,873,777,-1,777,873,897,-1,777,897,782,-1,782,897,895,-1,782,895,783,-1,783,895,896,-1,783,896,785,-1,785,896,893,-1,785,893,781,-1,781,893,894,-1,781,894,892,-1,818,816,898,-1,886,875,874,-1,898,887,886,-1,886,874,898,-1,898,874,814,-1,898,814,818,-1,899,900,901,-1,902,903,904,-1,905,902,901,-1,901,902,904,-1,901,904,899,-1,899,904,906,-1,905,907,908,-1,905,908,902,-1,902,908,909,-1,902,909,903,-1,907,910,911,-1,907,911,908,-1,908,911,912,-1,908,912,909,-1,911,910,913,-1,914,915,916,-1,917,918,919,-1,919,918,920,-1,919,920,921,-1,921,920,914,-1,921,914,922,-1,922,914,916,-1,922,916,923,-1,912,911,917,-1,917,911,913,-1,917,913,918,-1,924,923,916,-1,925,926,927,-1,916,915,925,-1,925,927,916,-1,916,927,928,-1,916,928,924,-1,929,930,931,-1,932,933,934,-1,931,935,929,-1,929,935,936,-1,929,936,937,-1,937,936,938,-1,937,938,939,-1,939,938,940,-1,939,940,941,-1,941,940,932,-1,941,932,942,-1,942,932,934,-1,942,934,943,-1,944,943,934,-1,945,946,947,-1,934,933,945,-1,945,947,934,-1,934,947,948,-1,934,948,944,-1,949,950,951,-1,949,951,952,-1,953,948,947,-1,952,951,954,-1,954,951,955,-1,954,955,956,-1,956,955,957,-1,956,957,958,-1,958,957,953,-1,958,953,959,-1,959,953,947,-1,959,947,946,-1,952,960,961,-1,952,961,949,-1,949,961,962,-1,949,962,950,-1,960,900,899,-1,960,899,961,-1,961,899,906,-1,961,906,962,-1,963,964,965,-1,966,967,963,-1,965,968,969,-1,963,965,966,-1,966,965,969,-1,966,969,970,-1,970,971,966,-1,966,971,972,-1,966,972,967,-1,971,973,972,-1,972,973,974,-1,972,974,975,-1,975,974,976,-1,975,976,977,-1,977,976,978,-1,978,976,979,-1,978,979,980,-1,981,982,983,-1,983,982,984,-1,983,984,985,-1,985,984,986,-1,985,986,979,-1,979,986,987,-1,979,987,980,-1,988,931,930,-1,989,990,991,-1,991,990,992,-1,930,993,988,-1,988,993,994,-1,988,994,995,-1,995,994,991,-1,995,991,996,-1,996,991,992,-1,981,997,982,-1,982,997,998,-1,982,998,999,-1,999,998,1000,-1,999,1000,1001,-1,1001,1000,1002,-1,1001,1002,1003,-1,1003,1002,1004,-1,1003,1004,991,-1,991,1004,1005,-1,991,1005,989,-1,965,964,1006,-1,1007,1008,1009,-1,968,965,1009,-1,1009,965,1006,-1,1009,1006,1007,-1,1006,964,963,-1,1007,1006,1010,-1,1010,1006,963,-1,1010,963,1011,-1,1011,963,967,-1,1011,967,972,-1,1012,1013,1014,-1,972,975,1011,-1,1011,975,1010,-1,1010,975,1015,-1,1015,975,977,-1,1015,977,1016,-1,1016,977,978,-1,1016,978,1017,-1,1017,978,980,-1,1017,980,1018,-1,1018,980,987,-1,1018,987,1019,-1,1019,987,986,-1,1019,986,1020,-1,1020,986,984,-1,1020,984,1014,-1,1014,984,982,-1,1014,982,1012,-1,999,1001,1021,-1,1012,982,999,-1,1021,1022,1023,-1,999,1021,1012,-1,1012,1021,1023,-1,1012,1023,1013,-1,1021,1001,1003,-1,993,1024,1025,-1,993,1025,994,-1,1025,1026,994,-1,994,1026,1027,-1,994,1027,991,-1,1027,1028,991,-1,991,1028,1029,-1,991,1029,1003,-1,1022,1021,1030,-1,1030,1021,1003,-1,1030,1003,1031,-1,1031,1003,1029,-1,962,906,904,-1,903,909,904,-1,904,909,912,-1,1024,993,1032,-1,1032,993,930,-1,1032,930,1033,-1,1033,930,929,-1,1033,929,1034,-1,1034,929,937,-1,939,1035,937,-1,937,1035,1036,-1,937,1036,1034,-1,942,1037,941,-1,941,1037,1038,-1,941,1038,939,-1,939,1038,1039,-1,939,1039,1035,-1,943,1040,942,-1,942,1040,1041,-1,942,1041,1037,-1,962,904,950,-1,950,904,912,-1,950,912,951,-1,951,912,917,-1,951,917,955,-1,955,917,919,-1,955,919,957,-1,957,919,921,-1,957,921,953,-1,953,921,922,-1,953,922,948,-1,948,922,923,-1,948,923,944,-1,944,923,924,-1,944,924,943,-1,943,924,928,-1,943,928,1040,-1,927,926,1042,-1,1034,1043,1033,-1,1033,1043,1044,-1,1033,1044,1032,-1,1034,1036,1043,-1,1043,1036,1035,-1,1043,1035,1045,-1,1035,1039,1045,-1,1045,1039,1038,-1,1045,1038,1046,-1,1038,1037,1046,-1,1046,1037,1041,-1,1046,1041,1042,-1,1042,1041,1040,-1,1042,1040,927,-1,927,1040,928,-1,907,905,910,-1,910,905,901,-1,901,900,960,-1,901,960,910,-1,910,960,952,-1,910,952,913,-1,913,952,954,-1,913,954,918,-1,918,954,956,-1,918,956,920,-1,920,956,958,-1,920,958,914,-1,914,958,959,-1,914,959,915,-1,915,959,946,-1,915,946,925,-1,925,946,945,-1,925,945,926,-1,926,945,933,-1,926,933,1042,-1,1042,933,932,-1,1042,932,1046,-1,1046,932,940,-1,1046,940,1045,-1,1045,940,938,-1,1045,938,1043,-1,1043,938,936,-1,1043,936,1044,-1,988,1047,931,-1,931,1047,1044,-1,931,1044,935,-1,935,1044,936,-1,969,968,1009,-1,1008,1048,1009,-1,1009,1048,1049,-1,1009,1049,969,-1,969,1049,971,-1,969,971,970,-1,1004,1002,1050,-1,1050,1002,1051,-1,1050,1051,1052,-1,1052,1051,1053,-1,1004,1050,1005,-1,1005,1050,1054,-1,1005,1054,989,-1,989,1054,1055,-1,989,1055,990,-1,990,1055,1056,-1,990,1056,992,-1,992,1056,1057,-1,992,1057,996,-1,996,1057,1058,-1,996,1058,995,-1,995,1058,1047,-1,995,1047,988,-1,1059,1060,1013,-1,1013,1060,1061,-1,1013,1061,1014,-1,1014,1061,1062,-1,1016,1017,1063,-1,1063,1017,1018,-1,1063,1018,1064,-1,1064,1018,1019,-1,1064,1019,1062,-1,1062,1019,1020,-1,1062,1020,1014,-1,1065,1010,1063,-1,1063,1010,1015,-1,1063,1015,1016,-1,1008,1007,1048,-1,1048,1007,1010,-1,1048,1010,1066,-1,1066,1010,1065,-1,1059,1013,1067,-1,1067,1013,1023,-1,1067,1023,1053,-1,1023,1022,1053,-1,1053,1022,1030,-1,1053,1030,1052,-1,1052,1030,1031,-1,1052,1031,1050,-1,1050,1031,1029,-1,1050,1029,1054,-1,1028,1056,1029,-1,1029,1056,1055,-1,1029,1055,1054,-1,1026,1047,1027,-1,1027,1047,1058,-1,1027,1058,1028,-1,1028,1058,1057,-1,1028,1057,1056,-1,1032,1044,1024,-1,1024,1044,1047,-1,1024,1047,1025,-1,1025,1047,1026,-1,1049,1048,1066,-1,1060,1059,1068,-1,971,1049,973,-1,973,1049,1066,-1,973,1066,974,-1,974,1066,1065,-1,974,1065,976,-1,976,1065,1063,-1,976,1063,979,-1,979,1063,1064,-1,979,1064,985,-1,985,1064,1062,-1,985,1062,983,-1,983,1062,1061,-1,983,1061,981,-1,981,1061,1060,-1,981,1060,997,-1,997,1060,1068,-1,997,1068,998,-1,1000,998,1068,-1,1051,1002,1000,-1,1068,1059,1067,-1,1000,1068,1051,-1,1051,1068,1067,-1,1051,1067,1053,-1,1069,1070,1071,-1,1072,1073,1074,-1,1075,1072,1071,-1,1071,1072,1074,-1,1071,1074,1069,-1,1069,1074,1076,-1,1075,1077,1078,-1,1075,1078,1072,-1,1072,1078,1079,-1,1072,1079,1073,-1,1077,1080,1081,-1,1077,1081,1078,-1,1078,1081,1082,-1,1078,1082,1079,-1,1083,1084,1085,-1,1086,1087,1083,-1,1088,1082,1081,-1,1083,1085,1086,-1,1086,1085,1089,-1,1086,1089,1090,-1,1090,1089,1091,-1,1090,1091,1092,-1,1092,1091,1088,-1,1092,1088,1093,-1,1093,1088,1081,-1,1093,1081,1080,-1,1094,1084,1083,-1,1095,1096,1097,-1,1083,1087,1095,-1,1095,1097,1083,-1,1083,1097,1098,-1,1083,1098,1094,-1,1099,1100,1101,-1,1102,1103,1104,-1,1101,1105,1099,-1,1099,1105,1106,-1,1099,1106,1107,-1,1107,1106,1108,-1,1107,1108,1109,-1,1109,1108,1110,-1,1109,1110,1111,-1,1111,1110,1102,-1,1111,1102,1112,-1,1112,1102,1104,-1,1112,1104,1113,-1,1114,1113,1104,-1,1115,1116,1117,-1,1104,1103,1115,-1,1115,1117,1104,-1,1104,1117,1118,-1,1104,1118,1114,-1,1119,1120,1121,-1,1119,1121,1122,-1,1123,1118,1117,-1,1122,1121,1124,-1,1124,1121,1125,-1,1124,1125,1126,-1,1126,1125,1127,-1,1126,1127,1128,-1,1128,1127,1123,-1,1128,1123,1129,-1,1129,1123,1117,-1,1129,1117,1116,-1,1122,1130,1131,-1,1122,1131,1119,-1,1119,1131,1132,-1,1119,1132,1120,-1,1130,1070,1069,-1,1130,1069,1131,-1,1131,1069,1076,-1,1131,1076,1132,-1,1133,1134,1135,-1,1136,1137,1138,-1,1139,1133,1138,-1,1138,1133,1135,-1,1138,1135,1136,-1,1136,1135,1140,-1,1138,1137,1141,-1,1142,1143,1144,-1,1144,1143,1145,-1,1144,1145,1146,-1,1147,1148,1149,-1,1149,1148,1150,-1,1149,1150,1145,-1,1145,1150,1151,-1,1145,1151,1146,-1,1139,1138,1152,-1,1152,1138,1141,-1,1152,1141,1149,-1,1149,1141,1153,-1,1149,1153,1147,-1,1154,1155,1156,-1,1156,1155,1157,-1,1156,1157,1142,-1,1142,1157,1158,-1,1142,1158,1143,-1,1154,1159,1155,-1,1155,1159,1160,-1,1155,1160,1161,-1,1161,1160,1162,-1,1163,1164,1165,-1,1165,1164,1166,-1,1165,1166,1167,-1,1167,1166,1168,-1,1167,1168,1162,-1,1162,1168,1169,-1,1162,1169,1161,-1,1170,1171,1165,-1,1165,1171,1172,-1,1165,1172,1163,-1,1101,1100,1173,-1,1173,1100,1171,-1,1173,1171,1174,-1,1174,1171,1170,-1,1175,1176,1177,-1,1177,1140,1135,-1,1175,1177,1178,-1,1178,1177,1135,-1,1178,1135,1134,-1,1178,1134,1133,-1,1175,1178,1179,-1,1179,1178,1133,-1,1179,1133,1180,-1,1180,1133,1139,-1,1180,1139,1152,-1,1180,1152,1149,-1,1143,1158,1181,-1,1181,1158,1182,-1,1181,1182,1183,-1,1181,1184,1143,-1,1143,1184,1185,-1,1143,1185,1145,-1,1185,1186,1145,-1,1145,1186,1187,-1,1145,1187,1149,-1,1179,1180,1188,-1,1188,1180,1149,-1,1188,1149,1189,-1,1189,1149,1187,-1,1190,1183,1182,-1,1157,1155,1191,-1,1182,1158,1157,-1,1157,1191,1182,-1,1182,1191,1192,-1,1182,1192,1190,-1,1155,1161,1191,-1,1191,1161,1192,-1,1192,1161,1193,-1,1193,1161,1169,-1,1193,1169,1194,-1,1194,1169,1168,-1,1194,1168,1195,-1,1195,1168,1166,-1,1195,1166,1196,-1,1196,1166,1164,-1,1196,1164,1197,-1,1197,1164,1163,-1,1197,1163,1198,-1,1198,1163,1172,-1,1198,1172,1199,-1,1199,1172,1171,-1,1199,1171,1200,-1,1132,1076,1074,-1,1073,1079,1074,-1,1074,1079,1082,-1,1200,1171,1201,-1,1201,1171,1100,-1,1201,1100,1202,-1,1202,1100,1099,-1,1202,1099,1203,-1,1203,1099,1107,-1,1109,1204,1107,-1,1107,1204,1205,-1,1107,1205,1203,-1,1112,1206,1111,-1,1111,1206,1207,-1,1111,1207,1109,-1,1109,1207,1208,-1,1109,1208,1204,-1,1113,1209,1112,-1,1112,1209,1210,-1,1112,1210,1206,-1,1132,1074,1120,-1,1120,1074,1082,-1,1120,1082,1121,-1,1121,1082,1088,-1,1121,1088,1125,-1,1125,1088,1091,-1,1125,1091,1127,-1,1127,1091,1089,-1,1127,1089,1123,-1,1123,1089,1085,-1,1123,1085,1118,-1,1118,1085,1084,-1,1118,1084,1114,-1,1114,1084,1094,-1,1114,1094,1113,-1,1113,1094,1098,-1,1113,1098,1209,-1,1097,1096,1211,-1,1212,1201,1202,-1,1212,1202,1213,-1,1204,1214,1205,-1,1205,1214,1213,-1,1205,1213,1203,-1,1203,1213,1202,-1,1204,1208,1214,-1,1214,1208,1207,-1,1214,1207,1215,-1,1207,1206,1215,-1,1215,1206,1210,-1,1215,1210,1211,-1,1211,1210,1209,-1,1211,1209,1097,-1,1097,1209,1098,-1,1077,1075,1080,-1,1080,1075,1071,-1,1071,1070,1130,-1,1071,1130,1080,-1,1080,1130,1122,-1,1080,1122,1093,-1,1093,1122,1124,-1,1093,1124,1092,-1,1092,1124,1126,-1,1092,1126,1090,-1,1090,1126,1128,-1,1090,1128,1086,-1,1086,1128,1129,-1,1086,1129,1087,-1,1087,1129,1116,-1,1087,1116,1095,-1,1095,1116,1115,-1,1095,1115,1096,-1,1096,1115,1103,-1,1096,1103,1211,-1,1211,1103,1102,-1,1211,1102,1215,-1,1215,1102,1110,-1,1215,1110,1214,-1,1214,1110,1108,-1,1214,1108,1213,-1,1213,1108,1106,-1,1213,1106,1212,-1,1173,1216,1101,-1,1101,1216,1212,-1,1101,1212,1105,-1,1105,1212,1106,-1,1136,1140,1177,-1,1176,1217,1177,-1,1177,1217,1218,-1,1177,1218,1136,-1,1136,1218,1141,-1,1136,1141,1137,-1,1159,1154,1219,-1,1219,1154,1220,-1,1219,1220,1221,-1,1221,1220,1222,-1,1159,1219,1160,-1,1160,1219,1223,-1,1160,1223,1162,-1,1162,1223,1224,-1,1162,1224,1167,-1,1167,1224,1225,-1,1167,1225,1165,-1,1165,1225,1226,-1,1165,1226,1170,-1,1170,1226,1227,-1,1170,1227,1174,-1,1174,1227,1216,-1,1174,1216,1173,-1,1217,1176,1175,-1,1228,1229,1187,-1,1187,1229,1230,-1,1187,1230,1189,-1,1189,1230,1231,-1,1189,1231,1188,-1,1188,1231,1217,-1,1188,1217,1179,-1,1179,1217,1175,-1,1184,1232,1185,-1,1185,1232,1233,-1,1185,1233,1186,-1,1186,1233,1234,-1,1186,1234,1187,-1,1187,1234,1235,-1,1187,1235,1228,-1,1201,1212,1200,-1,1200,1212,1216,-1,1216,1227,1200,-1,1200,1227,1226,-1,1200,1226,1199,-1,1199,1226,1225,-1,1194,1195,1223,-1,1223,1195,1196,-1,1223,1196,1224,-1,1224,1196,1197,-1,1224,1197,1225,-1,1225,1197,1198,-1,1225,1198,1199,-1,1219,1192,1223,-1,1223,1192,1193,-1,1223,1193,1194,-1,1184,1181,1232,-1,1232,1181,1183,-1,1232,1183,1236,-1,1236,1183,1190,-1,1236,1190,1222,-1,1222,1190,1192,-1,1222,1192,1221,-1,1221,1192,1219,-1,1217,1231,1218,-1,1218,1231,1230,-1,1218,1230,1141,-1,1233,1146,1234,-1,1234,1146,1151,-1,1234,1151,1235,-1,1235,1151,1150,-1,1235,1150,1228,-1,1228,1150,1148,-1,1228,1148,1229,-1,1229,1148,1147,-1,1229,1147,1230,-1,1230,1147,1153,-1,1230,1153,1141,-1,1233,1232,1146,-1,1146,1232,1237,-1,1146,1237,1144,-1,1144,1237,1142,-1,1236,1222,1220,-1,1156,1142,1237,-1,1220,1154,1156,-1,1156,1237,1220,-1,1220,1237,1232,-1,1220,1232,1236,-1,
        ]
    }
}
Shape{
    appearance Appearance {
        material  Material 	{
            diffuseColor 0.2235294117647059 0.2235294117647059 0.2235294117647059
            specularColor 0.11372549019607843 0.11372549019607843 0.11372549019607843
            ambientIntensity 0.2
            transparency 0
            shininess 0.5
        }
    }
    geometry IndexedFaceSet {
        ccw TRUE
        solid FALSE
        coord DEF co Coordinate {
            point [
                2.22 -0.0274 -0.2756, 2.2141 -0.043 -0.2756, 2.0797 -0.0867 -0.2756, 2.213 -0.0459 -0.2756, 2.1771 -0.0766 -0.2756, 2.1807 -0.0818 -0.2756, 2.172 -0.0862 -0.2756, 2.2041 -0.0586 -0.2756, 2.1989 -0.0661 -0.2756, 2.1902 -0.0736 -0.2756, 2.1589 -0.0927 -0.2756, 2.15 -0.0947 -0.2756, 2.1348 -0.098 -0.2756, 2.126 -0.0984 -0.2756, 2.1027 -0.0956 -0.2756, 2.1018 -0.0953 -0.2756, 2.0801 -0.087 -0.2756, 2.0614 -0.074 -0.2756, 2.2244 0.0 -0.2756, 2.2216 -0.0233 -0.2756, 2.0598 -0.0729 -0.2756, 2.0476 -0.0587 -0.2756, 2.0442 -0.0547 -0.2756, 2.0382 -0.0428 -0.2756, 2.0333 -0.0329 -0.2756, 2.0321 -0.0274 -0.2756, 2.0276 0.0 -0.2756, 2.0304 0.0233 -0.2756, 2.0641 0.0472 -0.2756, 2.0312 0.0254 -0.2756, 2.039 0.0459 -0.2756, 2.0411 0.049 -0.2756, 2.0531 0.0661 -0.2756, 2.0567 0.0692 -0.2756, 2.0712 0.0818 -0.2756, 2.077 0.0847 -0.2756, 2.0931 0.0927 -0.2756, 2.1007 0.0944 -0.2756, 2.1172 0.098 -0.2756, 2.126 0.0984 -0.2756, 2.1493 0.0956 -0.2756, 2.1514 0.0948 -0.2756, 2.1718 0.087 -0.2756, 2.1749 0.0849 -0.2756, 2.1921 0.0729 -0.2756, 2.1952 0.0693 -0.2756, 2.2078 0.0548 -0.2756, 2.2107 0.0489 -0.2756, 2.2187 0.0329 -0.2756, 2.2204 0.0253 -0.2756, 2.0279 -0.0088 -0.2756, 2.224 0.0088 -0.2756, -2.0319 -0.0274 -0.2756, -2.1502 -0.0953 -0.2756, -2.0304 -0.0233 -0.2756, -2.0276 0.0 -0.2756, -2.0379 -0.043 -0.2756, -2.039 -0.0459 -0.2756, -2.0479 -0.0586 -0.2756, -2.0531 -0.0661 -0.2756, -2.0618 -0.0736 -0.2756, -2.0712 -0.0818 -0.2756, -2.08 -0.0862 -0.2756, -2.0931 -0.0927 -0.2756, -2.1019 -0.0947 -0.2756, -2.1172 -0.098 -0.2756, -2.126 -0.0984 -0.2756, -2.1493 -0.0956 -0.2756, -2.1718 -0.087 -0.2756, -2.1722 -0.0867 -0.2756, -2.1906 -0.074 -0.2756, -2.1921 -0.0729 -0.2756, -2.2043 -0.0587 -0.2756, -2.2078 -0.0547 -0.2756, -2.2137 -0.0428 -0.2756, -2.2187 -0.0329 -0.2756, -2.2199 -0.0274 -0.2756, -2.224 -0.0088 -0.2756, -2.2244 0.0 -0.2756, -2.2216 0.0233 -0.2756, -2.2208 0.0254 -0.2756, -2.213 0.0459 -0.2756, -2.2109 0.049 -0.2756, -2.1348 0.098 -0.2756, -2.126 0.0984 -0.2756, -2.1513 0.0944 -0.2756, -2.1027 0.0956 -0.2756, -2.1006 0.0948 -0.2756, -2.0801 0.087 -0.2756, -2.077 0.0849 -0.2756, -2.1749 0.0847 -0.2756, -2.1589 0.0927 -0.2756, -2.0567 0.0693 -0.2756, -2.0598 0.0729 -0.2756, -2.0442 0.0548 -0.2756, -2.1953 0.0692 -0.2756, -2.1807 0.0818 -0.2756, -2.0413 0.0489 -0.2756, -2.0333 0.0329 -0.2756, -2.0316 0.0253 -0.2756, -2.1989 0.0661 -0.2756, -2.0279 0.0088 -0.2756, 1.8996 -0.6102 0.7874, 1.8996 -0.9843 0.7874, 2.2047 -0.9843 0.7874, 1.3256 0.4891 0.7874, 1.56 0.6102 0.7874, 1.2323 0.5 0.7874, 1.2205 0.6102 0.7874, 1.2205 0.5 0.7874, 1.4092 0.4594 0.7874, 1.4866 0.4104 0.7874, 1.8996 0.6102 0.7874, 1.5482 0.3488 0.7874, 1.5987 0.2682 0.7874, 2.2047 0.9843 0.7874, 1.8996 0.9843 0.7874, 2.3622 0.8268 0.7874, 2.3622 0.0 0.7874, 1.6272 0.1866 0.7874, 1.6378 0.0945 0.7874, 1.6378 0.0 0.7874, 1.6378 -0.0945 0.7874, 1.4866 -0.4104 0.7874, 1.56 -0.6102 0.7874, 1.5482 -0.3488 0.7874, 1.5971 -0.2714 0.7874, 1.6269 -0.1878 0.7874, 1.406 -0.4609 0.7874, 1.3244 -0.4894 0.7874, 1.2205 -0.6102 0.7874, 1.2323 -0.5 0.7874, 1.2205 -0.5 0.7874, 2.3622 -0.8268 0.7874, 2.2357 0.0833 -0.2362, 2.2444 0.0684 -0.2362, 2.2283 0.0591 -0.2559, 2.1899 0.1221 -0.2362, 2.1945 0.1188 -0.2362, 2.185 0.1023 -0.2559, 1.9931 0.0355 -0.2362, 1.9931 0.0356 -0.2362, 2.0119 0.0306 -0.2559, 2.0079 0.0 -0.2559, 2.0237 0.0591 -0.2559, 2.0425 0.0835 -0.2559, 2.0669 0.1023 -0.2559, 2.0954 0.1141 -0.2559, 2.126 0.1181 -0.2559, 2.1566 0.1141 -0.2559, 2.2095 0.0835 -0.2559, 2.2401 0.0306 -0.2559, 2.2441 0.0 -0.2559, 1.9924 0.0338 -0.2362, 1.9882 0.0 -0.2362, 2.0039 0.0639 -0.2362, 2.0047 0.065 -0.2362, 2.0071 0.0685 -0.2362, 2.0242 0.0929 -0.2362, 2.0248 0.0934 -0.2362, 2.0288 0.0971 -0.2362, 2.0426 0.1097 -0.2362, 2.0496 0.1138 -0.2362, 2.0576 0.1185 -0.2362, 2.0715 0.1266 -0.2362, 2.0781 0.1285 -0.2362, 2.0906 0.1322 -0.2362, 2.1028 0.1358 -0.2362, 2.1127 0.1367 -0.2362, 2.126 0.1378 -0.2362, 2.1465 0.1352 -0.2362, 2.1597 0.1336 -0.2362, 2.1616 0.1329 -0.2362, 2.1786 0.1264 -0.2362, 2.2066 0.1104 -0.2362, 2.2189 0.1018 -0.2362, 2.2231 0.0972 -0.2362, 2.2301 0.0895 -0.2362, 2.2582 0.0354 -0.2362, 2.2526 0.0545 -0.2362, 2.2481 0.0621 -0.2362, 2.2638 0.0 -0.2362, 2.2618 0.0232 -0.2362, 2.2585 0.0344 -0.2362, 1.9994 -0.0545 -0.2362, 1.9951 -0.04 -0.2362, 1.9889 -0.0086 -0.2362, 1.9902 -0.0232 -0.2362, 1.9946 -0.0383 -0.2362, 2.0808 -0.1292 -0.2362, 2.062 -0.1221 -0.2362, 2.0331 -0.1018 -0.2362, 2.0356 -0.1035 -0.2362, 2.052 -0.1151 -0.2362, 2.0612 -0.1215 -0.2362, 2.0289 -0.0971 -0.2362, 2.0162 -0.0833 -0.2362, 2.0158 -0.0826 -0.2362, 2.0085 -0.0701 -0.2362, 2.0027 -0.0601 -0.2362, 2.2596 -0.0338 -0.2362, 2.2578 -0.0384 -0.2362, 2.2495 -0.0602 -0.2362, 2.248 -0.0639 -0.2362, 2.2353 -0.0821 -0.2362, 2.2277 -0.0929 -0.2362, 2.2162 -0.1034 -0.2362, 2.2093 -0.1097 -0.2362, 2.1904 -0.1208 -0.2362, 2.1805 -0.1266 -0.2362, 2.1597 -0.1327 -0.2362, 2.1492 -0.1358 -0.2362, 2.126 -0.1378 -0.2362, 2.1156 -0.1365 -0.2362, 2.0922 -0.1336 -0.2362, 2.0921 -0.1335 -0.2362, -1.8996 0.6102 0.7874, -1.8996 0.9843 0.7874, -2.2047 0.9843 0.7874, -1.6378 -0.0945 0.7874, -1.6378 0.0 0.7874, -2.3622 0.0 0.7874, -1.6378 0.0945 0.7874, -1.4866 0.4104 0.7874, -1.56 0.6102 0.7874, -1.5482 0.3488 0.7874, -1.5971 0.2715 0.7874, -1.6269 0.1878 0.7874, -1.406 0.4609 0.7874, -1.3244 0.4894 0.7874, -1.2205 0.6102 0.7874, -1.2323 0.5 0.7874, -1.2205 0.5 0.7874, -2.3622 0.8268 0.7874, -2.2047 -0.9843 0.7874, -1.8996 -0.9843 0.7874, -2.3622 -0.8268 0.7874, -1.8996 -0.6102 0.7874, -1.3256 -0.4891 0.7874, -1.56 -0.6102 0.7874, -1.2323 -0.5 0.7874, -1.2205 -0.6102 0.7874, -1.2205 -0.5 0.7874, -1.4092 -0.4593 0.7874, -1.4866 -0.4104 0.7874, -1.5482 -0.3488 0.7874, -1.5987 -0.2682 0.7874, -1.6272 -0.1866 0.7874, -2.0163 0.0833 -0.2362, -2.0075 0.0684 -0.2362, -2.0237 0.0591 -0.2559, -2.062 0.1221 -0.2362, -2.0574 0.1188 -0.2362, -2.0669 0.1023 -0.2559, -2.2589 0.0355 -0.2362, -2.2589 0.0356 -0.2362, -2.2401 0.0306 -0.2559, -2.2441 0.0 -0.2559, -2.2283 0.0591 -0.2559, -2.2095 0.0835 -0.2559, -2.185 0.1023 -0.2559, -2.1566 0.1141 -0.2559, -2.126 0.1181 -0.2559, -2.0954 0.1141 -0.2559, -2.0425 0.0835 -0.2559, -2.0119 0.0306 -0.2559, -2.0079 0.0 -0.2559, -2.2596 0.0338 -0.2362, -2.2638 0.0 -0.2362, -2.248 0.0639 -0.2362, -2.2473 0.065 -0.2362, -2.2448 0.0685 -0.2362, -2.2277 0.0929 -0.2362, -2.2272 0.0934 -0.2362, -2.2231 0.0971 -0.2362, -2.2093 0.1097 -0.2362, -2.2024 0.1138 -0.2362, -2.1944 0.1185 -0.2362, -2.1805 0.1266 -0.2362, -2.1738 0.1285 -0.2362, -2.1614 0.1322 -0.2362, -2.1492 0.1358 -0.2362, -2.1393 0.1367 -0.2362, -2.126 0.1378 -0.2362, -2.1055 0.1352 -0.2362, -2.0922 0.1336 -0.2362, -2.0904 0.1329 -0.2362, -2.0734 0.1264 -0.2362, -2.0453 0.1104 -0.2362, -2.0331 0.1018 -0.2362, -2.0289 0.0972 -0.2362, -2.0218 0.0895 -0.2362, -1.9938 0.0354 -0.2362, -1.9994 0.0545 -0.2362, -2.0038 0.0621 -0.2362, -1.9882 0.0 -0.2362, -1.9902 0.0232 -0.2362, -1.9935 0.0344 -0.2362, -2.2526 -0.0545 -0.2362, -2.2568 -0.04 -0.2362, -2.263 -0.0086 -0.2362, -2.2618 -0.0232 -0.2362, -2.2573 -0.0383 -0.2362, -2.1711 -0.1292 -0.2362, -2.1899 -0.1221 -0.2362, -2.2189 -0.1018 -0.2362, -2.2164 -0.1035 -0.2362, -2.1999 -0.1151 -0.2362, -2.1908 -0.1215 -0.2362, -2.2231 -0.0971 -0.2362, -2.2357 -0.0833 -0.2362, -2.2361 -0.0826 -0.2362, -2.2434 -0.0701 -0.2362, -2.2493 -0.0601 -0.2362, -1.9924 -0.0338 -0.2362, -1.9942 -0.0384 -0.2362, -2.0025 -0.0602 -0.2362, -2.0039 -0.0639 -0.2362, -2.0166 -0.0821 -0.2362, -2.0242 -0.0929 -0.2362, -2.0357 -0.1034 -0.2362, -2.0426 -0.1097 -0.2362, -2.0616 -0.1208 -0.2362, -2.0715 -0.1266 -0.2362, -2.0923 -0.1327 -0.2362, -2.1028 -0.1358 -0.2362, -2.126 -0.1378 -0.2362, -2.1364 -0.1365 -0.2362, -2.1597 -0.1336 -0.2362, -2.1599 -0.1335 -0.2362, 2.2047 -0.9843 0.3937, 2.3622 -0.8268 0.3937, 2.2047 -0.9843 0.0, 2.3622 -0.8268 0.0, 2.3622 0.0 -0.0, 2.3622 0.8268 -0.0, 2.3622 0.8268 0.3937, 1.9935 0.0354 -0.0, 1.9924 0.0338 -0.2362, 1.9912 0.0285 -0.0, 1.9882 0.0 0.0, 2.0052 0.0648 -0.0, 2.0012 0.0583 -0.0, 2.0039 0.0639 -0.2362, 2.0253 0.0929 -0.0, 2.0175 0.0849 -0.0, 2.0242 0.0929 -0.2362, 2.0497 0.1137 -0.0, 2.0392 0.107 -0.0, 2.0426 0.1097 -0.2362, 2.1128 0.1363 -0.0, 2.1028 0.1358 -0.2362, 2.0953 0.1343 -0.0, 2.0783 0.1282 -0.0, 2.0657 0.1238 -0.0, 2.0715 0.1266 -0.2362, 2.155 0.1347 -0.0, 2.1597 0.1336 -0.2362, 2.1466 0.1356 -0.0, 2.126 0.1378 -0.0, 2.1848 0.1245 -0.0, 2.1899 0.1221 -0.2362, 2.1787 0.1266 -0.0, 2.207 0.1108 -0.0, 2.2113 0.1082 -0.0, 2.2189 0.1018 -0.2362, 2.2302 0.0895 -0.0, 2.2485 0.0623 -0.0, 2.2333 0.0864 -0.0, 2.2357 0.0833 -0.2362, 2.2638 0.0 0.0, 2.2604 0.0304 -0.0, 2.2618 0.0232 -0.2362, 2.2589 0.0345 -0.0, 2.2499 0.06 -0.0, 2.2526 0.0545 -0.2362, 2.2591 -0.0336 0.0, 2.2596 -0.0338 -0.2362, 2.2608 -0.0285 0.0, 2.097 -0.1347 0.0, 2.0922 -0.1336 -0.2362, 2.1155 -0.1367 0.0, 2.126 -0.1378 0.0, 2.1491 -0.1351 0.0, 2.1492 -0.1358 -0.2362, 2.1567 -0.1343 0.0, 2.1802 -0.1259 0.0, 2.1805 -0.1266 -0.2362, 2.1863 -0.1238 0.0, 2.2091 -0.1094 0.0, 2.2093 -0.1097 -0.2362, 2.2127 -0.107 0.0, 2.2272 -0.0924 0.0, 2.2277 -0.0929 -0.2362, 2.2345 -0.0849 0.0, 2.2475 -0.0636 0.0, 2.248 -0.0639 -0.2362, 2.2507 -0.0583 0.0, 2.0672 -0.1245 0.0, 2.062 -0.1221 -0.2362, 2.0808 -0.1291 0.0, 2.0292 -0.0968 0.0, 2.0331 -0.1018 -0.2362, 2.0407 -0.1082 0.0, 2.0519 -0.1151 0.0, 2.0187 -0.0864 0.0, 2.0162 -0.0833 -0.2362, 1.995 -0.04 0.0, 1.9994 -0.0545 -0.2362, 2.002 -0.06 0.0, 2.0084 -0.0701 0.0, 1.9902 -0.0232 -0.2362, 1.9916 -0.0304 0.0, 1.9892 -0.0086 0.0, 2.2047 0.9843 0.3937, 2.2047 0.9843 -0.0, -2.2047 0.9843 0.3937, -2.3622 0.8268 0.3937, -2.2047 0.9843 -0.0, -2.3622 0.8268 -0.0, -2.3622 0.0 -0.0, -2.3622 -0.8268 0.0, -2.3622 -0.8268 0.3937, -2.2585 0.0354 -0.0, -2.2596 0.0338 -0.2362, -2.2608 0.0285 -0.0, -2.2638 0.0 0.0, -2.2468 0.0648 -0.0, -2.2507 0.0583 -0.0, -2.248 0.0639 -0.2362, -2.2266 0.0929 -0.0, -2.2345 0.0849 -0.0, -2.2277 0.0929 -0.2362, -2.2023 0.1137 -0.0, -2.2128 0.107 -0.0, -2.2093 0.1097 -0.2362, -2.1392 0.1363 -0.0, -2.1492 0.1358 -0.2362, -2.1567 0.1343 -0.0, -2.1737 0.1282 -0.0, -2.1863 0.1238 -0.0, -2.1805 0.1266 -0.2362, -2.097 0.1347 -0.0, -2.0922 0.1336 -0.2362, -2.1054 0.1356 -0.0, -2.126 0.1378 -0.0, -2.0672 0.1245 -0.0, -2.062 0.1221 -0.2362, -2.0733 0.1266 -0.0, -2.045 0.1108 -0.0, -2.0407 0.1082 -0.0, -2.0331 0.1018 -0.2362, -2.0218 0.0895 -0.0, -2.0035 0.0623 -0.0, -2.0187 0.0864 -0.0, -2.0163 0.0833 -0.2362, -1.9882 0.0 0.0, -1.9916 0.0304 -0.0, -1.9902 0.0232 -0.2362, -1.9931 0.0345 -0.0, -2.002 0.06 -0.0, -1.9994 0.0545 -0.2362, -1.9929 -0.0336 0.0, -1.9924 -0.0338 -0.2362, -1.9912 -0.0285 0.0, -2.155 -0.1347 0.0, -2.1597 -0.1336 -0.2362, -2.1364 -0.1367 0.0, -2.126 -0.1378 0.0, -2.1029 -0.1351 0.0, -2.1028 -0.1358 -0.2362, -2.0953 -0.1343 0.0, -2.0717 -0.1259 0.0, -2.0715 -0.1266 -0.2362, -2.0657 -0.1238 0.0, -2.0429 -0.1094 0.0, -2.0426 -0.1097 -0.2362, -2.0392 -0.107 0.0, -2.0248 -0.0924 0.0, -2.0242 -0.0929 -0.2362, -2.0175 -0.0849 0.0, -2.0045 -0.0636 0.0, -2.0039 -0.0639 -0.2362, -2.0013 -0.0583 0.0, -2.1848 -0.1245 0.0, -2.1899 -0.1221 -0.2362, -2.1711 -0.1291 0.0, -2.2228 -0.0968 0.0, -2.2189 -0.1018 -0.2362, -2.2113 -0.1082 0.0, -2.2 -0.1151 0.0, -2.2333 -0.0864 0.0, -2.2357 -0.0833 -0.2362, -2.257 -0.04 0.0, -2.2526 -0.0545 -0.2362, -2.2499 -0.06 0.0, -2.2436 -0.0701 0.0, -2.2618 -0.0232 -0.2362, -2.2604 -0.0304 0.0, -2.2628 -0.0086 0.0, -2.2047 -0.9843 0.3937, -2.2047 -0.9843 0.0, 1.8996 -0.9843 0.0, 1.8996 -0.9843 0.3937, 1.8996 0.0 -0.0, 1.8996 0.9843 -0.0, 1.8996 0.9843 0.3937, -1.8996 0.9843 -0.0, -1.8996 0.9843 0.3937, -1.8996 0.0 -0.0, -1.8996 -0.9843 0.0, -1.8996 -0.9843 0.3937, 1.8996 -0.7283 0.6299, 1.8996 -0.7283 0.4232, 1.8996 -0.7283 0.3937, 1.8996 -0.7283 0.2165, 1.8996 0.0 0.2165, 1.8996 0.7283 0.2165, 1.8996 0.7283 0.3937, 1.8996 0.7283 0.4232, 1.8996 0.7283 0.6299, -1.8996 -0.7283 0.4232, -1.8996 -0.7283 0.6299, -1.8996 0.7283 0.6299, -1.8996 0.7283 0.4232, -1.8996 0.7283 0.3937, -1.8996 0.7283 0.2165, -1.8996 0.0 0.2165, -1.8996 -0.7283 0.2165, -1.8996 -0.7283 0.3937, 1.56 -0.7283 0.6299, 0.8858 -0.7283 0.5315, 1.2205 -0.7283 0.5315, 1.2205 -0.7283 0.6299, -0.0 -0.7283 0.6299, -0.5512 -0.7283 0.6299, -0.5512 -0.7283 0.5315, 0.5512 -0.7283 0.6299, 0.5512 -0.7283 0.5315, -0.8858 -0.7283 0.5315, -1.2205 -0.7283 0.5315, -1.2205 -0.7283 0.6299, -1.56 -0.7283 0.6299, -1.56 0.7283 0.6299, -0.8858 0.7283 0.5315, -1.2205 0.7283 0.5315, -1.2205 0.7283 0.6299, -0.0 0.7283 0.6299, 0.5512 0.7283 0.6299, 0.5512 0.7283 0.5315, -0.5512 0.7283 0.6299, -0.5512 0.7283 0.5315, 0.8858 0.7283 0.5315, 1.2205 0.7283 0.5315, 1.2205 0.7283 0.6299, 1.56 0.7283 0.6299, 0.5512 -0.6142 0.7822, 0.5512 -0.6102 0.7874, -0.0 -0.6102 0.7874, -0.5512 -0.6102 0.7874, -0.5512 -0.6142 0.7822, 1.2205 -0.6142 0.7822, -1.2205 -0.6142 0.7822, -0.2953 -0.3425 0.9646, 0.2953 -0.3425 0.9646, 0.2953 -0.3425 1.2205, -0.2953 -0.3425 1.2205, 0.2953 -0.3425 1.4764, -0.2953 -0.3425 1.4764, -0.5512 0.6142 0.7822, -0.5512 0.6102 0.7874, -0.0 0.6102 0.7874, 0.5512 0.6102 0.7874, 0.5512 0.6142 0.7822, -1.2205 0.6142 0.7822, 1.2205 0.6142 0.7822, 0.2953 0.3425 0.9646, -0.2953 0.3425 0.9646, -0.2953 0.3425 1.2205, 0.2953 0.3425 1.2205, -0.2953 0.3425 1.4764, 0.2953 0.3425 1.4764, -1.2205 -0.6142 0.6102, -0.8858 -0.5 0.689, -1.2205 -0.5 0.689, -0.5512 -0.6142 0.6102, -0.5512 -0.5 0.689, -0.5512 -0.5 0.7874, -0.5512 -0.5551 0.7874, 0.5512 -0.5551 0.7874, 0.5512 -0.5 0.7874, 0.5512 -0.6142 0.6102, 0.5512 -0.5 0.689, 1.2205 -0.6142 0.6102, 1.2205 -0.5 0.689, 0.8858 -0.5 0.689, 0.2953 -0.4213 0.9646, 0.2953 -0.4213 1.4764, 0.2953 -0.5 0.9646, 0.2953 -0.5 1.1614, 0.2953 -0.5 1.4764, -0.2953 -0.4213 0.9646, -0.2953 -0.5 0.9646, -0.2953 -0.5 1.1614, -0.2953 -0.4213 1.4764, -0.2953 -0.5 1.4764, -1.6378 0.0 1.6339, -1.6378 0.0945 1.6339, -1.6378 0.0945 1.2106, -1.6378 -0.0945 1.2106, -1.6378 -0.0945 1.6339, 0.5512 0.6142 0.6102, 0.5512 0.5 0.689, 0.8858 0.5 0.689, 1.2205 0.6142 0.6102, 1.2205 0.5 0.689, 0.5512 0.5 0.7874, 0.5512 0.5551 0.7874, -0.5512 0.5551 0.7874, -0.5512 0.5 0.7874, -0.5512 0.6142 0.6102, -0.5512 0.5 0.689, -1.2205 0.6142 0.6102, -1.2205 0.5 0.689, -0.8858 0.5 0.689, -0.2953 0.4213 0.9646, -0.2953 0.4213 1.4764, -0.2953 0.5 0.9646, -0.2953 0.5 1.1614, -0.2953 0.5 1.4764, 0.2953 0.4213 0.9646, 0.2953 0.5 0.9646, 0.2953 0.5 1.1614, 0.2953 0.4213 1.4764, 0.2953 0.5 1.4764, 1.6378 0.0 1.6339, 1.6378 -0.0945 1.6339, 1.6378 -0.0945 1.2106, 1.6378 0.0945 1.2106, 1.6378 0.0945 1.6339, 1.2849 0.128 2.3825, 1.2959 0.128 2.3819, 1.2959 0.128 2.3504, -1.2224 0.128 3.4055, -1.1358 0.1296 3.4022, -1.2854 0.128 3.248, -1.1358 0.1299 3.2874, -1.2854 0.128 3.0082, -1.2691 0.128 3.0024, -1.2146 0.128 2.9653, -1.2309 0.128 2.9816, -1.0295 0.1299 3.2874, -1.1799 0.128 2.8811, -1.1826 0.128 2.9045, -0.5453 0.1299 3.2874, -1.1836 0.128 2.9074, -1.1929 0.128 2.934, -1.1951 0.128 2.9375, -1.2089 0.128 2.9596, -1.0827 0.1299 3.2874, -1.24 0.128 2.9874, -1.2575 0.128 2.9983, -1.0295 0.1296 3.4022, -0.5453 0.1296 3.4022, 0.3484 0.1296 3.4022, 0.439 0.1296 3.4022, 0.3484 0.1299 3.0906, 0.439 0.1299 3.2874, -0.439 0.1296 3.4022, -0.3484 0.1296 3.4022, -0.439 0.1299 3.2874, -0.3484 0.1299 3.0906, -0.4921 0.1299 3.2874, -0.0 0.1296 3.4022, 0.0453 0.1296 3.4022, 0.0453 0.1299 3.0906, -0.2953 0.1299 3.0906, -0.2421 0.1299 3.0906, -0.2421 0.1296 3.4022, -0.1516 0.1296 3.4022, -0.1516 0.1299 3.0906, -0.0984 0.1299 3.0906, -0.0453 0.1299 3.0906, -0.0453 0.1296 3.4022, 0.0984 0.1299 3.0906, 0.1516 0.1299 3.0906, 0.5453 0.1299 3.2874, 0.5453 0.1296 3.4022, 1.0295 0.1296 3.4022, 0.4921 0.1299 3.2874, 1.0295 0.1299 3.2874, 0.1516 0.1296 3.4022, 0.2421 0.1296 3.4022, 0.2421 0.1299 3.0906, 1.1799 0.128 2.8811, 1.2854 0.128 3.0082, 1.2565 0.128 2.9979, 1.1358 0.1299 3.2874, 1.2539 0.128 2.9962, 1.0827 0.1299 3.2874, 1.2302 0.128 2.9811, 1.2273 0.128 2.9781, 1.189 0.128 2.923, 1.1823 0.128 2.9035, 1.2089 0.128 2.9596, 1.2047 0.128 2.9528, 1.1925 0.128 2.9332, 0.2953 0.1299 3.0906, 1.181 0.128 2.8912, 1.2854 0.128 3.248, 1.1358 0.1296 3.4022, 1.2224 0.128 3.4055, -1.2959 0.128 2.3504, -1.2959 0.128 2.3819, -1.2679 0.128 2.3856, -0.0 0.128 2.3504, -1.2678 0.128 2.3856, -1.2421 0.128 2.3958, -1.241 0.128 2.3962, -1.2175 0.128 2.4129, -1.2173 0.128 2.4131, -1.2046 0.128 2.4279, -1.1988 0.128 2.4347, -1.1901 0.128 2.4524, -1.1859 0.128 2.4608, -1.1819 0.128 2.4789, -1.1796 0.128 2.489, -1.1791 0.128 2.5, -1.1791 0.128 2.874, 1.1791 0.128 2.874, 1.1791 0.128 2.5, 1.1825 0.128 2.472, 1.183 0.128 2.4707, 1.1928 0.128 2.445, 1.1929 0.128 2.4448, 1.2092 0.128 2.4212, 1.2105 0.128 2.4202, 1.2252 0.128 2.4073, 1.2308 0.128 2.4024, 1.2496 0.128 2.3928, 1.2567 0.128 2.3891, 1.2762 0.128 2.3846, 1.4874 -0.4095 1.6339, 1.4866 -0.4104 1.6339, 1.2323 -0.5 1.1614, 1.3256 -0.4891 1.6339, 1.3244 -0.4893 1.6339, 1.3031 -0.4917 1.6339, 1.2323 -0.5 1.6339, 1.379 -0.4701 1.6339, 1.4059 -0.4605 1.6339, 1.452 -0.4323 1.6339, 1.4167 -0.4546 1.6339, 1.4092 -0.4593 1.6339, 1.5699 -0.3141 1.6339, 1.5482 -0.3488 1.6339, 1.5473 -0.3496 1.6339, 1.5174 -0.3796 1.6339, 1.5921 -0.2787 1.6339, 1.5968 -0.2712 1.6339, 1.6272 -0.1866 1.6339, 1.6268 -0.1878 1.6339, 1.6081 -0.2413 1.6339, 1.5987 -0.2682 1.6339, 1.6296 -0.1653 1.6339, -1.2323 -0.5 1.1614, -1.2323 -0.5 1.6339, -0.0 -0.5 1.6339, -1.5473 -0.3496 1.6339, -1.5482 -0.3488 1.6339, -1.6269 -0.1878 1.6339, -1.6271 -0.1866 1.6339, -1.6295 -0.1653 1.6339, -1.6079 -0.2412 1.6339, -1.5983 -0.2681 1.6339, -1.5701 -0.3142 1.6339, -1.5924 -0.2789 1.6339, -1.5971 -0.2714 1.6339, -1.4519 -0.4321 1.6339, -1.4866 -0.4104 1.6339, -1.4874 -0.4095 1.6339, -1.5174 -0.3796 1.6339, -1.4165 -0.4543 1.6339, -1.409 -0.459 1.6339, -1.3244 -0.4894 1.6339, -1.3256 -0.489 1.6339, -1.3791 -0.4703 1.6339, -1.406 -0.4609 1.6339, -1.3031 -0.4918 1.6339, -1.2323 0.5 1.1614, -1.2323 0.5 1.6339, -1.3031 0.4917 1.6339, -1.3244 0.4893 1.6339, -1.4092 0.4594 1.6339, -1.4059 0.4605 1.6339, -1.379 0.4701 1.6339, -1.3256 0.4891 1.6339, -1.4167 0.4546 1.6339, -1.452 0.4323 1.6339, -1.5699 0.3141 1.6339, -1.5482 0.3488 1.6339, -1.5473 0.3496 1.6339, -1.5174 0.3796 1.6339, -1.4874 0.4095 1.6339, -1.4866 0.4104 1.6339, -1.5921 0.2788 1.6339, -1.5968 0.2712 1.6339, -1.6272 0.1866 1.6339, -1.6268 0.1878 1.6339, -1.6081 0.2413 1.6339, -1.5987 0.2682 1.6339, -1.6296 0.1654 1.6339, 1.2323 0.5 1.1614, 1.2323 0.5 1.6339, -0.0 0.5 1.6339, 1.5473 0.3496 1.6339, 1.5482 0.3488 1.6339, 1.6269 0.1878 1.6339, 1.6271 0.1866 1.6339, 1.6295 0.1653 1.6339, 1.6079 0.2412 1.6339, 1.5983 0.2681 1.6339, 1.5701 0.3142 1.6339, 1.5924 0.2789 1.6339, 1.5971 0.2715 1.6339, 1.4519 0.4321 1.6339, 1.4866 0.4104 1.6339, 1.4874 0.4095 1.6339, 1.5174 0.3796 1.6339, 1.4165 0.4543 1.6339, 1.409 0.459 1.6339, 1.3244 0.4894 1.6339, 1.3256 0.489 1.6339, 1.3791 0.4703 1.6339, 1.406 0.4609 1.6339, 1.3031 0.4918 1.6339, -0.0 0.2362 2.252, -1.1201 0.2362 2.252, -1.1515 0.2336 2.2543, -1.1685 0.2295 2.258, -1.179 0.227 2.2603, -1.2079 0.2155 2.2708, -1.2116 0.2133 2.2728, -1.2354 0.1989 2.2859, -1.2528 0.1842 2.2993, -1.2588 0.1791 2.3039, -1.2759 0.159 2.3222, -1.2809 0.153 2.3276, 1.2793 0.1514 2.3291, 1.294 0.1309 2.3477, 1.2765 0.159 2.3222, 1.2647 0.1719 2.3105, 1.2523 0.1853 2.2983, 1.2395 0.1949 2.2895, 1.2241 0.2065 2.279, 1.1987 0.2195 2.2672, 1.1961 0.2208 2.266, 1.1643 0.2311 2.2567, 1.1541 0.2327 2.2552, 1.1349 0.2357 2.2525, 1.1201 0.2362 2.252, 1.2323 -0.4409 1.7126, 1.2846 -0.437 1.7126, 1.2928 -0.4347 1.7126, 1.3256 -0.4891 1.6339, 1.3581 -0.4167 1.7126, 1.3627 -0.4155 1.7126, 1.3891 -0.4008 1.7126, 1.4092 -0.4593 1.6339, 1.4203 -0.3834 1.7126, 1.436 -0.3747 1.7126, 1.4866 -0.4104 1.6339, 1.4494 -0.3627 1.7126, 1.4763 -0.3384 1.7126, 1.4897 -0.3263 1.7126, 1.5 -0.3115 1.7126, 1.5482 -0.3488 1.6339, 1.5206 -0.2819 1.7126, 1.5397 -0.2542 1.7126, 1.5404 -0.2524 1.7126, 1.5712 -0.1549 1.7126, 1.5681 -0.1795 1.7126, 1.6272 -0.1866 1.6339, 1.5529 -0.2197 1.7126, 1.5787 -0.0945 1.7126, -1.2323 -0.4409 1.7126, -0.0 -0.4409 1.7126, -1.5787 -0.0945 1.7126, -1.5748 -0.1468 1.7126, -1.5725 -0.155 1.7126, -1.6269 -0.1878 1.6339, -1.5545 -0.2203 1.7126, -1.5533 -0.2249 1.7126, -1.5386 -0.2513 1.7126, -1.5971 -0.2714 1.6339, -1.5212 -0.2825 1.7126, -1.5125 -0.2982 1.7126, -1.5482 -0.3488 1.6339, -1.5005 -0.3116 1.7126, -1.4762 -0.3385 1.7126, -1.4641 -0.352 1.7126, -1.4493 -0.3622 1.7126, -1.4866 -0.4104 1.6339, -1.4197 -0.3828 1.7126, -1.392 -0.4019 1.7126, -1.3902 -0.4026 1.7126, -1.2927 -0.4334 1.7126, -1.3173 -0.4304 1.7126, -1.3244 -0.4894 1.6339, -1.406 -0.4609 1.6339, -1.3575 -0.4151 1.7126, -1.5787 0.0945 1.7126, -1.5787 0.0 1.7126, -1.2323 0.4409 1.7126, -1.2846 0.437 1.7126, -1.2928 0.4347 1.7126, -1.3256 0.4891 1.6339, -1.3581 0.4167 1.7126, -1.3627 0.4155 1.7126, -1.3891 0.4008 1.7126, -1.4092 0.4594 1.6339, -1.4203 0.3834 1.7126, -1.436 0.3747 1.7126, -1.4866 0.4104 1.6339, -1.4494 0.3627 1.7126, -1.4763 0.3384 1.7126, -1.4898 0.3263 1.7126, -1.5 0.3115 1.7126, -1.5482 0.3488 1.6339, -1.5206 0.2819 1.7126, -1.5397 0.2542 1.7126, -1.5404 0.2524 1.7126, -1.5712 0.1549 1.7126, -1.5682 0.1795 1.7126, -1.6272 0.1866 1.6339, -1.5987 0.2682 1.6339, -1.5529 0.2197 1.7126, 1.2323 0.4409 1.7126, -0.0 0.4409 1.7126, 1.5787 0.0945 1.7126, 1.5748 0.1468 1.7126, 1.5725 0.155 1.7126, 1.6269 0.1878 1.6339, 1.5545 0.2203 1.7126, 1.5533 0.2249 1.7126, 1.5386 0.2514 1.7126, 1.5212 0.2825 1.7126, 1.5125 0.2982 1.7126, 1.5482 0.3488 1.6339, 1.5005 0.3116 1.7126, 1.4762 0.3385 1.7126, 1.4641 0.352 1.7126, 1.4493 0.3622 1.7126, 1.4866 0.4104 1.6339, 1.4196 0.3828 1.7126, 1.392 0.4019 1.7126, 1.3902 0.4026 1.7126, 1.2927 0.4334 1.7126, 1.3173 0.4304 1.7126, 1.3244 0.4894 1.6339, 1.406 0.4609 1.6339, 1.3575 0.4151 1.7126, 1.5787 0.0 1.7126, 1.1201 0.2362 1.7126, -1.1201 0.2362 1.7126, -1.1201 0.2362 1.9823, 1.1201 0.2362 1.9823, 1.3169 0.0394 1.7126, 1.3169 0.0 1.7126, 1.3169 -0.0394 1.7126, 1.3139 -0.0735 1.7126, 1.3005 -0.1181 1.7126, 1.5681 -0.1795 1.7126, 1.2762 -0.1592 1.7126, 1.2531 -0.1845 1.7126, 1.2117 -0.2136 1.7126, -1.24 -0.1955 1.7126, -1.392 -0.4019 1.7126, -1.3173 -0.4304 1.7126, -1.1988 -0.2198 1.7126, -1.1542 -0.2332 1.7126, -1.1201 -0.2362 1.7126, 1.1201 -0.2362 1.7126, 1.1687 -0.2301 1.7126, -1.2652 -0.1724 1.7126, -1.2943 -0.131 1.7126, -1.5533 -0.2249 1.7126, -1.3108 -0.0879 1.7126, -1.3169 -0.0394 1.7126, -1.3169 0.0 1.7126, -1.3169 0.0394 1.7126, -1.3137 0.0735 1.7126, -1.3135 0.076 1.7126, -1.5682 0.1795 1.7126, -1.303 0.1117 1.7126, -1.286 0.1452 1.7126, -1.2999 0.1178 1.7126, -1.2755 0.1587 1.7126, -1.2631 0.1746 1.7126, -1.2525 0.1839 1.7126, -1.2114 0.2129 1.7126, -1.2352 0.199 1.7126, -1.1675 0.2304 1.7126, -1.1686 0.23 1.7126, -1.2846 0.437 1.7126, -1.2031 0.2177 1.7126, 1.24 0.1955 1.7126, 1.392 0.4019 1.7126, -1.1308 0.2359 1.7126, 1.1542 0.2332 1.7126, 1.1988 0.2198 1.7126, 1.3173 0.4304 1.7126, 1.2652 0.1724 1.7126, 1.5125 0.2982 1.7126, 1.2943 0.131 1.7126, 1.4641 0.352 1.7126, 1.3108 0.088 1.7126, -1.3169 0.0394 2.0472, -1.3169 0.0394 2.3819, -1.3139 0.0735 2.3819, -1.2966 0.1266 2.3819, -1.2972 0.1252 2.3819, -1.3005 0.1181 2.3819, -1.3169 0.0 2.3819, -1.3169 -0.0394 2.3819, -1.2972 0.0 2.3819, -1.3135 -0.0766 2.3819, -1.3102 -0.0878 2.3819, -1.3031 -0.112 2.3819, -1.2972 -0.1252 2.3819, -1.3169 -0.0394 2.0472, -0.0 -0.2362 2.252, -1.1201 -0.2362 2.252, -1.1201 -0.2362 1.9823, 1.1201 -0.2362 1.9823, 1.1201 -0.2362 2.252, 1.3169 0.0 2.3819, 1.3169 -0.0394 2.3819, 1.3169 -0.0394 2.0472, 1.3169 0.0394 2.0472, 1.3169 0.0394 2.3819, 1.2972 0.0 2.3819, 1.3135 0.0766 2.3819, 1.3102 0.0878 2.3819, 1.3031 0.112 2.3819, 1.2972 0.1252 2.3819, 1.2972 -0.1252 2.3819, 1.3 -0.1179 2.3819, 1.3103 -0.0902 2.3819, 1.3132 -0.0734 2.3819, 1.3164 -0.0538 2.3819, 1.2966 0.1266 2.3819, -1.2854 0.0 3.0082, -1.1791 0.0 2.874, -1.2854 -0.128 3.0082, -1.2691 -0.128 3.0023, -1.2565 -0.128 2.9979, -1.24 -0.128 2.9874, -1.2302 -0.128 2.9811, -1.2146 -0.128 2.9653, -1.2089 -0.128 2.9596, -1.1952 -0.128 2.9375, -1.1925 -0.128 2.9332, -1.1837 -0.128 2.9074, -1.1823 -0.128 2.9035, -1.1799 -0.128 2.8811, -1.1791 -0.128 2.874, -1.1791 0.0 2.5, -1.1791 -0.128 2.5, -1.2966 -0.1266 2.3819, -1.2849 -0.128 2.3825, -1.2959 -0.128 2.3819, -1.1817 -0.128 2.4788, -1.1825 -0.128 2.472, -1.19 -0.128 2.4523, -1.1928 -0.128 2.445, -1.2046 -0.128 2.4279, -1.2092 -0.128 2.4212, -1.2178 -0.128 2.4137, -1.2308 -0.128 2.4024, -1.2424 -0.128 2.3964, -1.2567 -0.128 2.3891, -1.268 -0.128 2.3865, -1.294 -0.1309 2.3477, -1.2959 -0.128 2.3504, -1.2395 -0.1949 2.2895, -1.2523 -0.1853 2.2983, -1.2647 -0.1719 2.3105, -1.2765 -0.159 2.3222, -1.1643 -0.2311 2.2567, -1.1961 -0.2208 2.266, -1.1987 -0.2195 2.2672, -1.2241 -0.2065 2.279, -1.1541 -0.2326 2.2552, -1.1349 -0.2357 2.2525, -0.0 -0.128 2.3504, 1.1515 -0.2336 2.2543, 1.1685 -0.2295 2.258, 1.179 -0.227 2.2603, 1.2079 -0.2155 2.2708, 1.2116 -0.2133 2.2728, 1.2354 -0.1989 2.2859, 1.2528 -0.1842 2.2993, 1.2588 -0.1791 2.3039, 1.2759 -0.159 2.3222, 1.2809 -0.153 2.3276, 1.2959 -0.128 2.3504, -1.2793 -0.1514 2.3291, 1.2966 -0.1266 2.3819, 1.2959 -0.128 2.3819, 1.2761 -0.128 2.3845, 1.2679 -0.128 2.3856, 1.2496 -0.128 2.3928, 1.241 -0.128 2.3962, 1.2252 -0.128 2.4075, 1.2174 -0.128 2.4129, 1.211 -0.128 2.4205, 1.1988 -0.128 2.4347, 1.1937 -0.128 2.4452, 1.1791 0.0 2.5, 1.1859 -0.128 2.4608, 1.1837 -0.128 2.4708, 1.1796 -0.128 2.489, 1.1791 -0.128 2.5, 1.1791 0.0 2.874, 1.1791 -0.128 2.874, 1.1799 -0.128 2.8811, 1.1811 -0.128 2.8912, 1.2854 0.0 3.0082, 1.1826 -0.128 2.9045, 1.189 -0.128 2.923, 1.1929 -0.128 2.934, 1.2047 -0.128 2.9528, 1.2089 -0.128 2.9596, 1.2273 -0.128 2.978, 1.2309 -0.128 2.9816, 1.254 -0.128 2.9961, 1.2575 -0.128 2.9983, 1.2854 -0.128 3.0082, -1.1358 -0.1296 3.4022, -1.1358 -0.1299 3.2874, -1.0827 -0.1299 3.2874, -1.0827 -0.1296 3.4022, -1.0295 -0.1299 3.2874, -1.0295 -0.1296 3.4022, -0.5453 -0.1296 3.4022, -0.5453 -0.1299 3.2874, -0.4921 -0.1299 3.2874, -0.4921 -0.1296 3.4022, -0.439 -0.1299 3.2874, -0.439 -0.1296 3.4022, -0.3484 -0.1296 3.4022, -0.3484 -0.1299 3.0906, -0.2953 -0.1299 3.0906, -0.2953 -0.1296 3.4022, -0.2421 -0.1299 3.0906, -0.2421 -0.1296 3.4022, -0.1516 -0.1296 3.4022, -0.1516 -0.1299 3.0906, -0.0984 -0.1299 3.0906, -0.0984 -0.1296 3.4022, -0.0453 -0.1299 3.0906, -0.0453 -0.1296 3.4022, 0.0453 -0.1296 3.4022, 0.0453 -0.1299 3.0906, 0.0984 -0.1299 3.0906, 0.0984 -0.1296 3.4022, 0.1516 -0.1299 3.0906, 0.1516 -0.1296 3.4022, 0.2421 -0.1296 3.4022, 0.2421 -0.1299 3.0906, 0.2953 -0.1299 3.0906, 0.2953 -0.1296 3.4022, 0.3484 -0.1299 3.0906, 0.3484 -0.1296 3.4022, 0.439 -0.1296 3.4022, 0.439 -0.1299 3.2874, 0.4921 -0.1299 3.2874, 0.4921 -0.1296 3.4022, 0.5453 -0.1299 3.2874, 0.5453 -0.1296 3.4022, 1.0295 -0.1296 3.4022, 1.0295 -0.1299 3.2874, 1.0827 -0.1299 3.2874, 1.0827 -0.1296 3.4022, 1.1358 -0.1299 3.2874, 1.1358 -0.1296 3.4022, -1.2854 0.0 3.248, -1.2854 -0.128 3.248, 1.0827 0.1296 3.4022, 0.4921 0.1296 3.4022, 0.2953 0.1296 3.4022, 0.0984 0.1296 3.4022, -0.0984 0.1296 3.4022, -0.2953 0.1296 3.4022, -0.4921 0.1296 3.4022, -1.0827 0.1296 3.4022, 1.2854 0.0 3.248, 1.2854 -0.128 3.248, 1.2224 -0.128 3.4055, -0.0 -0.13 3.4025, -1.2224 -0.128 3.4055, -1.1988 -0.0886 3.4646, -0.0 -0.0886 3.4646, 1.1988 -0.0886 3.4646, -1.1988 0.0 3.4646, -1.1988 0.0886 3.4646, 1.1988 0.0886 3.4646, -0.0 0.0886 3.4646, 1.1988 0.0 3.4646, 1.1988 0.0 3.4646
            ]
        }
        coordIndex [
            0,1,2,-1,2,1,3,-1,4,5,6,-1,7,8,4,-1,4,8,9,-1,4,9,5,-1,6,10,4,-1,4,10,11,-1,4,11,12,-1,12,13,4,-1,4,13,14,-1,4,14,15,-1,3,7,2,-1,2,7,4,-1,2,4,16,-1,16,4,15,-1,17,18,2,-1,2,18,19,-1,2,19,0,-1,17,20,18,-1,18,20,21,-1,18,21,22,-1,22,23,18,-1,18,23,24,-1,18,24,25,-1,26,27,28,-1,28,27,29,-1,28,29,30,-1,30,31,28,-1,28,31,32,-1,28,32,33,-1,33,34,28,-1,28,34,35,-1,28,35,36,-1,36,37,28,-1,28,37,38,-1,28,38,39,-1,39,40,28,-1,28,40,41,-1,28,41,26,-1,26,41,42,-1,26,42,43,-1,43,44,26,-1,26,44,45,-1,26,45,46,-1,46,47,26,-1,26,47,48,-1,26,48,49,-1,25,50,18,-1,18,50,26,-1,18,26,51,-1,51,26,49,-1,52,53,54,-1,54,53,55,-1,52,56,53,-1,53,56,57,-1,53,57,58,-1,58,59,53,-1,53,59,60,-1,53,60,61,-1,62,63,64,-1,64,65,66,-1,61,62,53,-1,53,62,64,-1,53,64,67,-1,67,64,66,-1,53,68,55,-1,55,68,69,-1,55,69,70,-1,70,71,55,-1,55,71,72,-1,55,72,73,-1,73,74,55,-1,55,74,75,-1,55,75,76,-1,76,77,55,-1,55,77,78,-1,55,78,79,-1,79,80,55,-1,55,80,81,-1,55,81,82,-1,83,84,85,-1,85,84,86,-1,86,87,85,-1,85,87,88,-1,85,88,89,-1,90,91,92,-1,92,91,85,-1,92,85,93,-1,93,85,89,-1,94,95,92,-1,92,95,96,-1,92,96,90,-1,94,97,95,-1,95,97,98,-1,95,98,99,-1,82,100,55,-1,55,100,95,-1,55,95,101,-1,101,95,99,-1,102,103,104,-1,105,106,107,-1,107,106,108,-1,107,108,109,-1,105,110,106,-1,106,110,111,-1,106,111,112,-1,112,111,113,-1,112,113,114,-1,115,116,117,-1,117,116,112,-1,117,112,118,-1,118,112,114,-1,118,114,119,-1,119,120,118,-1,118,120,121,-1,118,121,122,-1,123,124,125,-1,125,124,102,-1,125,102,126,-1,126,102,127,-1,123,128,124,-1,124,128,129,-1,124,129,130,-1,130,129,131,-1,130,131,132,-1,122,127,118,-1,118,127,102,-1,118,102,133,-1,133,102,104,-1,134,135,136,-1,137,138,139,-1,140,141,142,-1,30,29,142,-1,27,26,143,-1,31,144,32,-1,32,144,145,-1,32,145,33,-1,33,145,34,-1,35,146,36,-1,36,146,147,-1,36,147,37,-1,37,147,38,-1,39,148,40,-1,40,148,149,-1,139,42,149,-1,149,42,41,-1,149,41,40,-1,46,45,150,-1,150,45,44,-1,150,44,139,-1,139,44,43,-1,139,43,42,-1,47,136,48,-1,48,136,151,-1,48,151,49,-1,49,151,51,-1,51,151,152,-1,51,152,18,-1,140,142,153,-1,154,153,143,-1,143,153,142,-1,143,142,27,-1,27,142,29,-1,155,156,144,-1,141,155,142,-1,142,155,144,-1,142,144,30,-1,30,144,31,-1,156,157,144,-1,144,157,158,-1,144,158,145,-1,145,158,159,-1,145,159,160,-1,161,162,146,-1,160,161,145,-1,145,161,146,-1,145,146,34,-1,34,146,35,-1,162,163,146,-1,146,163,164,-1,146,164,147,-1,147,164,165,-1,147,165,166,-1,166,167,147,-1,147,167,148,-1,147,148,38,-1,38,148,39,-1,167,168,148,-1,148,168,169,-1,148,169,149,-1,149,169,170,-1,170,171,149,-1,149,171,172,-1,149,172,139,-1,139,172,173,-1,139,173,137,-1,138,174,139,-1,139,174,175,-1,139,175,150,-1,150,175,176,-1,150,176,177,-1,177,134,150,-1,150,134,136,-1,150,136,46,-1,46,136,47,-1,178,151,179,-1,179,151,136,-1,179,136,180,-1,180,136,135,-1,181,152,182,-1,182,152,151,-1,182,151,183,-1,183,151,178,-1,23,184,24,-1,24,184,185,-1,24,185,25,-1,143,26,50,-1,154,143,186,-1,186,143,50,-1,186,50,187,-1,187,50,25,-1,187,25,188,-1,188,25,185,-1,15,189,16,-1,16,189,190,-1,16,190,2,-1,191,20,192,-1,192,20,17,-1,192,17,193,-1,193,17,2,-1,193,2,194,-1,194,2,190,-1,191,195,20,-1,20,195,196,-1,20,196,21,-1,21,196,197,-1,21,197,22,-1,22,197,198,-1,22,198,23,-1,23,198,199,-1,23,199,184,-1,19,200,0,-1,0,200,201,-1,0,201,1,-1,1,201,202,-1,1,202,3,-1,3,202,203,-1,3,203,7,-1,7,203,204,-1,7,204,8,-1,8,204,205,-1,8,205,9,-1,9,205,206,-1,9,206,5,-1,5,206,207,-1,5,207,6,-1,6,207,208,-1,6,208,10,-1,10,208,209,-1,10,209,11,-1,11,209,210,-1,11,210,12,-1,12,210,211,-1,12,211,13,-1,19,18,200,-1,200,18,152,-1,200,152,181,-1,211,212,13,-1,13,212,213,-1,13,213,14,-1,14,213,214,-1,14,214,15,-1,15,214,215,-1,15,215,189,-1,216,217,218,-1,219,220,221,-1,221,220,222,-1,223,224,225,-1,225,224,216,-1,225,216,226,-1,226,216,227,-1,223,228,224,-1,224,228,229,-1,224,229,230,-1,230,229,231,-1,230,231,232,-1,222,227,221,-1,221,227,216,-1,221,216,233,-1,233,216,218,-1,234,235,236,-1,236,235,237,-1,236,237,221,-1,238,239,240,-1,240,239,241,-1,240,241,242,-1,238,243,239,-1,239,243,244,-1,239,244,237,-1,244,245,237,-1,237,245,246,-1,237,246,221,-1,221,246,247,-1,221,247,219,-1,248,249,250,-1,251,252,253,-1,254,255,256,-1,81,80,256,-1,79,78,257,-1,82,258,100,-1,100,258,259,-1,100,259,95,-1,95,259,96,-1,90,260,91,-1,91,260,261,-1,91,261,85,-1,85,261,83,-1,84,262,86,-1,86,262,263,-1,253,88,263,-1,263,88,87,-1,263,87,86,-1,94,92,264,-1,264,92,93,-1,264,93,253,-1,253,93,89,-1,253,89,88,-1,97,250,98,-1,98,250,265,-1,98,265,99,-1,99,265,101,-1,101,265,266,-1,101,266,55,-1,254,256,267,-1,268,267,257,-1,257,267,256,-1,257,256,79,-1,79,256,80,-1,269,270,258,-1,255,269,256,-1,256,269,258,-1,256,258,81,-1,81,258,82,-1,270,271,258,-1,258,271,272,-1,258,272,259,-1,259,272,273,-1,259,273,274,-1,275,276,260,-1,274,275,259,-1,259,275,260,-1,259,260,96,-1,96,260,90,-1,276,277,260,-1,260,277,278,-1,260,278,261,-1,261,278,279,-1,261,279,280,-1,280,281,261,-1,261,281,262,-1,261,262,83,-1,83,262,84,-1,281,282,262,-1,262,282,283,-1,262,283,263,-1,263,283,284,-1,284,285,263,-1,263,285,286,-1,263,286,253,-1,253,286,287,-1,253,287,251,-1,252,288,253,-1,253,288,289,-1,253,289,264,-1,264,289,290,-1,264,290,291,-1,291,248,264,-1,264,248,250,-1,264,250,94,-1,94,250,97,-1,292,265,293,-1,293,265,250,-1,293,250,294,-1,294,250,249,-1,295,266,296,-1,296,266,265,-1,296,265,297,-1,297,265,292,-1,74,298,75,-1,75,298,299,-1,75,299,76,-1,257,78,77,-1,268,257,300,-1,300,257,77,-1,300,77,301,-1,301,77,76,-1,301,76,302,-1,302,76,299,-1,53,303,68,-1,68,303,304,-1,68,304,69,-1,305,71,306,-1,306,71,70,-1,306,70,307,-1,307,70,69,-1,307,69,308,-1,308,69,304,-1,305,309,71,-1,71,309,310,-1,71,310,72,-1,72,310,311,-1,72,311,73,-1,73,311,312,-1,73,312,74,-1,74,312,313,-1,74,313,298,-1,54,314,52,-1,52,314,315,-1,52,315,56,-1,56,315,316,-1,56,316,57,-1,57,316,317,-1,57,317,58,-1,58,317,318,-1,58,318,59,-1,59,318,319,-1,59,319,60,-1,60,319,320,-1,60,320,61,-1,61,320,321,-1,61,321,62,-1,62,321,322,-1,62,322,63,-1,63,322,323,-1,63,323,64,-1,64,323,324,-1,64,324,65,-1,65,324,325,-1,65,325,66,-1,54,55,314,-1,314,55,266,-1,314,266,295,-1,325,326,66,-1,66,326,327,-1,66,327,67,-1,67,327,328,-1,67,328,53,-1,53,328,329,-1,53,329,303,-1,133,104,330,-1,133,330,331,-1,331,330,332,-1,331,332,333,-1,334,335,336,-1,331,333,334,-1,336,117,118,-1,334,336,331,-1,331,336,118,-1,331,118,133,-1,337,140,338,-1,337,338,339,-1,339,338,154,-1,339,154,340,-1,341,156,342,-1,342,156,343,-1,342,343,337,-1,337,343,141,-1,337,141,140,-1,344,159,345,-1,345,159,346,-1,345,346,341,-1,341,346,157,-1,341,157,156,-1,347,162,348,-1,348,162,349,-1,348,349,344,-1,344,349,160,-1,344,160,159,-1,350,351,352,-1,352,351,166,-1,352,166,353,-1,353,166,165,-1,353,165,354,-1,354,165,355,-1,354,355,347,-1,347,355,163,-1,347,163,162,-1,356,357,358,-1,358,357,170,-1,358,170,359,-1,359,170,169,-1,359,169,350,-1,350,169,168,-1,350,168,351,-1,174,138,360,-1,360,138,361,-1,360,361,362,-1,362,361,173,-1,362,173,356,-1,356,173,172,-1,356,172,357,-1,360,363,174,-1,174,363,364,-1,174,364,365,-1,365,364,366,-1,365,366,176,-1,367,180,135,-1,367,135,368,-1,368,135,369,-1,368,369,366,-1,366,369,177,-1,366,177,176,-1,370,181,371,-1,371,181,372,-1,371,372,373,-1,373,372,183,-1,373,183,374,-1,374,183,178,-1,374,178,367,-1,367,178,375,-1,367,375,180,-1,376,377,378,-1,378,377,181,-1,378,181,370,-1,379,380,381,-1,381,380,213,-1,381,213,382,-1,382,213,212,-1,382,212,383,-1,383,212,384,-1,383,384,385,-1,385,384,210,-1,385,210,386,-1,386,210,387,-1,386,387,388,-1,388,387,208,-1,388,208,389,-1,389,208,390,-1,389,390,391,-1,391,390,206,-1,391,206,392,-1,392,206,393,-1,392,393,394,-1,394,393,204,-1,394,204,395,-1,395,204,396,-1,395,396,397,-1,397,396,202,-1,397,202,376,-1,376,202,201,-1,376,201,377,-1,398,399,400,-1,400,399,189,-1,400,189,379,-1,379,189,215,-1,379,215,380,-1,401,402,403,-1,403,402,192,-1,403,192,404,-1,404,192,193,-1,404,193,398,-1,398,193,194,-1,398,194,399,-1,405,406,401,-1,401,406,195,-1,401,195,402,-1,188,185,407,-1,407,185,408,-1,407,408,409,-1,409,408,199,-1,409,199,410,-1,410,199,198,-1,410,198,405,-1,405,198,197,-1,405,197,406,-1,188,407,411,-1,411,407,412,-1,411,412,186,-1,412,413,186,-1,186,413,340,-1,186,340,154,-1,115,117,336,-1,115,336,414,-1,414,336,335,-1,414,335,415,-1,233,218,416,-1,233,416,417,-1,417,416,418,-1,417,418,419,-1,221,233,417,-1,420,421,422,-1,420,422,419,-1,419,422,417,-1,417,422,236,-1,417,236,221,-1,423,254,424,-1,423,424,425,-1,425,424,268,-1,425,268,426,-1,427,270,428,-1,428,270,429,-1,428,429,423,-1,423,429,255,-1,423,255,254,-1,430,273,431,-1,431,273,432,-1,431,432,427,-1,427,432,271,-1,427,271,270,-1,433,276,434,-1,434,276,435,-1,434,435,430,-1,430,435,274,-1,430,274,273,-1,436,437,438,-1,438,437,280,-1,438,280,439,-1,439,280,279,-1,439,279,440,-1,440,279,441,-1,440,441,433,-1,433,441,277,-1,433,277,276,-1,442,443,444,-1,444,443,284,-1,444,284,445,-1,445,284,283,-1,445,283,436,-1,436,283,282,-1,436,282,437,-1,288,252,446,-1,446,252,447,-1,446,447,448,-1,448,447,287,-1,448,287,442,-1,442,287,286,-1,442,286,443,-1,446,449,288,-1,288,449,450,-1,288,450,451,-1,451,450,452,-1,451,452,290,-1,453,294,249,-1,453,249,454,-1,454,249,455,-1,454,455,452,-1,452,455,291,-1,452,291,290,-1,456,295,457,-1,457,295,458,-1,457,458,459,-1,459,458,297,-1,459,297,460,-1,460,297,292,-1,460,292,453,-1,453,292,461,-1,453,461,294,-1,462,463,464,-1,464,463,295,-1,464,295,456,-1,465,466,467,-1,467,466,327,-1,467,327,468,-1,468,327,326,-1,468,326,469,-1,469,326,470,-1,469,470,471,-1,471,470,324,-1,471,324,472,-1,472,324,473,-1,472,473,474,-1,474,473,322,-1,474,322,475,-1,475,322,476,-1,475,476,477,-1,477,476,320,-1,477,320,478,-1,478,320,479,-1,478,479,480,-1,480,479,318,-1,480,318,481,-1,481,318,482,-1,481,482,483,-1,483,482,316,-1,483,316,462,-1,462,316,315,-1,462,315,463,-1,484,485,486,-1,486,485,303,-1,486,303,465,-1,465,303,329,-1,465,329,466,-1,487,488,489,-1,489,488,306,-1,489,306,490,-1,490,306,307,-1,490,307,484,-1,484,307,308,-1,484,308,485,-1,491,492,487,-1,487,492,309,-1,487,309,488,-1,302,299,493,-1,493,299,494,-1,493,494,495,-1,495,494,313,-1,495,313,496,-1,496,313,312,-1,496,312,491,-1,491,312,311,-1,491,311,492,-1,302,493,497,-1,497,493,498,-1,497,498,300,-1,498,499,300,-1,300,499,426,-1,300,426,268,-1,234,236,422,-1,234,422,500,-1,500,422,421,-1,500,421,501,-1,502,332,330,-1,502,330,503,-1,503,330,104,-1,503,104,103,-1,413,412,504,-1,412,407,504,-1,504,407,409,-1,504,409,502,-1,502,409,410,-1,410,405,502,-1,502,405,401,-1,502,401,403,-1,403,404,502,-1,502,404,398,-1,502,398,400,-1,400,379,502,-1,502,379,381,-1,502,381,332,-1,386,388,333,-1,381,382,332,-1,332,382,383,-1,332,383,333,-1,333,383,385,-1,333,385,386,-1,388,389,333,-1,333,389,391,-1,333,391,392,-1,392,394,333,-1,333,394,395,-1,333,395,334,-1,334,395,397,-1,334,397,376,-1,376,378,334,-1,334,378,370,-1,334,370,371,-1,371,373,334,-1,334,373,374,-1,334,374,335,-1,335,374,367,-1,367,368,335,-1,335,368,366,-1,335,366,364,-1,364,363,335,-1,335,363,360,-1,335,360,362,-1,362,356,335,-1,335,356,358,-1,335,358,415,-1,353,354,505,-1,358,359,415,-1,415,359,350,-1,415,350,505,-1,505,350,352,-1,505,352,353,-1,354,347,505,-1,505,347,348,-1,505,348,344,-1,337,339,504,-1,504,339,340,-1,504,340,413,-1,344,345,505,-1,505,345,341,-1,505,341,504,-1,504,341,342,-1,504,342,337,-1,415,505,506,-1,415,506,414,-1,414,506,116,-1,414,116,115,-1,507,418,416,-1,507,416,508,-1,508,416,218,-1,508,218,217,-1,457,459,509,-1,509,459,460,-1,509,460,507,-1,507,460,453,-1,453,454,507,-1,507,454,452,-1,507,452,450,-1,450,449,507,-1,507,449,446,-1,507,446,448,-1,448,442,507,-1,507,442,444,-1,507,444,418,-1,439,440,419,-1,444,445,418,-1,418,445,436,-1,418,436,419,-1,419,436,438,-1,419,438,439,-1,440,433,419,-1,419,433,434,-1,419,434,430,-1,423,425,420,-1,430,431,419,-1,419,431,427,-1,419,427,420,-1,420,427,428,-1,420,428,423,-1,425,426,420,-1,420,426,499,-1,420,499,498,-1,498,493,420,-1,420,493,495,-1,420,495,421,-1,421,495,496,-1,496,491,421,-1,421,491,487,-1,421,487,489,-1,489,490,421,-1,421,490,484,-1,421,484,486,-1,486,465,421,-1,421,465,467,-1,421,467,501,-1,472,474,510,-1,467,468,501,-1,501,468,469,-1,501,469,510,-1,510,469,471,-1,510,471,472,-1,474,475,510,-1,510,475,477,-1,510,477,478,-1,462,464,509,-1,509,464,456,-1,509,456,457,-1,478,480,510,-1,510,480,481,-1,510,481,509,-1,509,481,483,-1,509,483,462,-1,501,510,511,-1,501,511,500,-1,500,511,235,-1,500,235,234,-1,103,102,512,-1,103,512,503,-1,512,513,503,-1,503,513,514,-1,503,514,502,-1,502,514,515,-1,502,515,504,-1,504,515,516,-1,504,516,505,-1,505,516,517,-1,505,517,506,-1,517,518,506,-1,506,518,519,-1,506,519,116,-1,116,519,520,-1,116,520,112,-1,511,521,235,-1,235,521,522,-1,235,522,237,-1,217,216,523,-1,217,523,508,-1,523,524,508,-1,508,524,525,-1,508,525,507,-1,507,525,526,-1,507,526,509,-1,509,526,527,-1,509,527,510,-1,510,527,528,-1,510,528,511,-1,511,528,529,-1,511,529,521,-1,515,528,527,-1,515,527,516,-1,516,527,526,-1,516,526,517,-1,513,512,530,-1,531,513,532,-1,532,513,530,-1,532,530,533,-1,534,535,536,-1,537,534,538,-1,538,534,536,-1,538,536,521,-1,521,536,539,-1,521,539,540,-1,540,541,521,-1,521,541,542,-1,521,542,522,-1,531,538,513,-1,513,538,521,-1,513,521,514,-1,514,521,529,-1,514,529,515,-1,515,529,528,-1,524,523,543,-1,544,524,545,-1,545,524,543,-1,545,543,546,-1,547,548,549,-1,550,547,551,-1,551,547,549,-1,551,549,519,-1,519,549,552,-1,519,552,553,-1,553,554,519,-1,519,554,555,-1,519,555,520,-1,544,551,524,-1,524,551,519,-1,524,519,525,-1,525,519,518,-1,525,518,526,-1,526,518,517,-1,556,557,558,-1,534,537,556,-1,558,559,560,-1,556,558,534,-1,534,558,560,-1,534,560,535,-1,512,102,124,-1,124,130,561,-1,512,124,530,-1,530,124,561,-1,530,561,533,-1,562,241,239,-1,542,541,562,-1,562,239,542,-1,542,239,237,-1,542,237,522,-1,563,564,565,-1,563,565,566,-1,566,565,567,-1,566,567,568,-1,569,570,571,-1,547,550,569,-1,571,572,573,-1,569,571,547,-1,547,571,573,-1,547,573,548,-1,523,216,224,-1,224,230,574,-1,523,224,543,-1,543,224,574,-1,543,574,546,-1,575,108,106,-1,555,554,575,-1,575,106,555,-1,555,106,112,-1,555,112,520,-1,576,577,578,-1,576,578,579,-1,579,578,580,-1,579,580,581,-1,582,540,539,-1,583,584,582,-1,539,536,585,-1,582,539,583,-1,583,539,585,-1,583,585,586,-1,587,586,588,-1,588,586,585,-1,588,585,559,-1,559,585,560,-1,560,585,536,-1,560,536,535,-1,558,557,589,-1,590,587,588,-1,559,558,588,-1,588,558,589,-1,588,589,590,-1,538,591,537,-1,537,591,556,-1,557,556,589,-1,589,556,591,-1,589,591,590,-1,590,591,592,-1,593,594,595,-1,591,538,531,-1,532,593,531,-1,531,593,595,-1,531,595,591,-1,591,595,592,-1,130,132,561,-1,561,132,594,-1,594,593,561,-1,561,593,532,-1,561,532,533,-1,242,241,584,-1,584,241,562,-1,584,562,582,-1,582,562,541,-1,582,541,540,-1,565,564,596,-1,597,567,565,-1,596,598,599,-1,565,596,597,-1,597,596,599,-1,597,599,600,-1,564,563,601,-1,564,601,596,-1,596,601,602,-1,596,602,598,-1,603,602,601,-1,566,568,604,-1,601,563,566,-1,566,604,601,-1,601,604,605,-1,601,605,603,-1,568,567,597,-1,568,597,604,-1,604,597,600,-1,604,600,605,-1,606,607,608,-1,220,219,609,-1,610,606,609,-1,609,606,608,-1,609,608,220,-1,220,608,222,-1,611,612,613,-1,614,553,552,-1,549,611,552,-1,552,611,613,-1,552,613,614,-1,614,613,615,-1,616,612,617,-1,617,612,611,-1,617,611,572,-1,572,611,573,-1,573,611,549,-1,573,549,548,-1,571,570,618,-1,617,572,571,-1,571,618,617,-1,617,618,619,-1,617,619,616,-1,551,620,550,-1,550,620,569,-1,570,569,618,-1,618,569,620,-1,618,620,619,-1,619,620,621,-1,622,623,624,-1,620,551,544,-1,545,622,544,-1,544,622,624,-1,544,624,620,-1,620,624,621,-1,230,232,574,-1,574,232,623,-1,623,622,574,-1,574,622,545,-1,574,545,546,-1,109,108,615,-1,615,108,575,-1,615,575,614,-1,614,575,554,-1,614,554,553,-1,578,577,625,-1,626,580,578,-1,625,627,628,-1,578,625,626,-1,626,625,628,-1,626,628,629,-1,577,576,630,-1,577,630,625,-1,625,630,631,-1,625,631,627,-1,632,631,630,-1,579,581,633,-1,630,576,579,-1,579,633,630,-1,630,633,634,-1,630,634,632,-1,581,580,626,-1,581,626,633,-1,633,626,629,-1,633,629,634,-1,635,636,637,-1,121,120,638,-1,639,635,638,-1,638,635,637,-1,638,637,121,-1,121,637,122,-1,640,641,642,-1,643,644,645,-1,645,644,646,-1,645,646,647,-1,647,646,648,-1,649,650,651,-1,652,653,654,-1,654,653,655,-1,655,656,654,-1,654,656,657,-1,654,657,658,-1,651,650,659,-1,659,650,660,-1,659,660,646,-1,646,660,661,-1,646,661,648,-1,662,663,651,-1,651,663,654,-1,651,654,649,-1,649,654,658,-1,664,665,666,-1,666,665,667,-1,668,669,670,-1,670,669,671,-1,670,671,672,-1,672,671,654,-1,673,674,675,-1,654,671,652,-1,652,671,676,-1,652,676,677,-1,678,679,677,-1,677,679,680,-1,677,680,652,-1,652,680,681,-1,652,681,682,-1,683,673,682,-1,682,673,675,-1,682,675,652,-1,652,675,684,-1,652,684,685,-1,686,687,688,-1,667,689,666,-1,666,689,686,-1,666,686,690,-1,690,686,688,-1,691,692,685,-1,685,692,693,-1,685,693,652,-1,652,693,694,-1,695,696,697,-1,697,696,698,-1,697,698,699,-1,699,698,700,-1,699,700,690,-1,690,700,701,-1,702,703,666,-1,701,704,690,-1,690,704,705,-1,690,705,666,-1,666,705,706,-1,666,706,702,-1,693,707,694,-1,694,707,666,-1,694,666,708,-1,708,666,703,-1,695,697,709,-1,709,697,710,-1,709,710,711,-1,712,713,714,-1,712,714,715,-1,715,714,716,-1,715,716,717,-1,717,718,715,-1,715,718,719,-1,715,719,720,-1,720,721,715,-1,715,721,722,-1,715,722,723,-1,723,724,715,-1,715,724,725,-1,715,725,726,-1,726,727,694,-1,694,727,728,-1,694,728,652,-1,694,729,726,-1,726,729,730,-1,726,730,715,-1,715,730,731,-1,715,731,732,-1,732,733,715,-1,715,733,734,-1,715,734,735,-1,735,736,715,-1,715,736,737,-1,715,737,738,-1,738,739,715,-1,715,739,740,-1,715,740,642,-1,642,740,741,-1,642,741,640,-1,742,743,123,-1,744,131,129,-1,745,746,129,-1,129,746,747,-1,129,747,744,-1,744,747,748,-1,745,129,749,-1,749,129,128,-1,749,128,750,-1,743,751,123,-1,123,751,752,-1,123,752,128,-1,128,752,753,-1,128,753,750,-1,754,755,125,-1,125,755,756,-1,125,756,123,-1,123,756,757,-1,123,757,742,-1,754,125,758,-1,758,125,126,-1,758,126,759,-1,760,761,127,-1,127,761,762,-1,127,762,126,-1,126,762,763,-1,126,763,759,-1,127,122,637,-1,760,127,764,-1,764,127,637,-1,764,637,636,-1,132,131,744,-1,595,594,132,-1,595,132,598,-1,598,132,599,-1,599,132,744,-1,599,744,600,-1,583,586,587,-1,765,240,242,-1,584,583,242,-1,242,583,587,-1,242,587,765,-1,592,595,590,-1,590,595,598,-1,590,598,587,-1,587,598,602,-1,587,602,765,-1,765,602,603,-1,765,603,766,-1,766,603,605,-1,766,605,767,-1,767,605,600,-1,767,600,748,-1,748,600,744,-1,768,769,245,-1,609,219,247,-1,770,771,247,-1,247,771,772,-1,247,772,609,-1,609,772,610,-1,770,247,773,-1,773,247,246,-1,773,246,774,-1,769,775,245,-1,245,775,776,-1,245,776,246,-1,246,776,777,-1,246,777,774,-1,778,779,244,-1,244,779,780,-1,244,780,245,-1,245,780,781,-1,245,781,768,-1,778,244,782,-1,782,244,243,-1,782,243,783,-1,784,785,238,-1,238,785,786,-1,238,786,243,-1,243,786,787,-1,243,787,783,-1,238,240,765,-1,784,238,788,-1,788,238,765,-1,788,765,766,-1,789,231,229,-1,790,789,791,-1,791,789,229,-1,791,229,792,-1,793,794,228,-1,228,794,795,-1,228,795,229,-1,229,795,796,-1,229,796,792,-1,793,228,797,-1,797,228,223,-1,797,223,798,-1,799,800,225,-1,225,800,801,-1,801,802,225,-1,225,802,803,-1,225,803,223,-1,223,803,804,-1,223,804,798,-1,799,225,805,-1,805,225,226,-1,805,226,806,-1,807,808,227,-1,227,808,809,-1,227,809,226,-1,226,809,810,-1,226,810,806,-1,227,222,608,-1,807,227,811,-1,811,227,608,-1,811,608,607,-1,812,107,109,-1,109,615,613,-1,812,109,616,-1,616,109,613,-1,616,613,612,-1,232,231,789,-1,624,623,232,-1,624,232,627,-1,627,232,628,-1,628,232,789,-1,628,789,629,-1,621,624,619,-1,619,624,627,-1,619,627,616,-1,616,627,631,-1,616,631,812,-1,812,631,632,-1,812,632,813,-1,813,632,634,-1,813,634,814,-1,814,634,629,-1,814,629,790,-1,790,629,789,-1,815,816,113,-1,638,120,119,-1,817,818,119,-1,119,818,819,-1,119,819,638,-1,638,819,639,-1,817,119,820,-1,820,119,114,-1,820,114,821,-1,816,822,113,-1,113,822,823,-1,113,823,114,-1,114,823,824,-1,114,824,821,-1,825,826,111,-1,111,826,827,-1,111,827,113,-1,113,827,828,-1,113,828,815,-1,825,111,829,-1,829,111,110,-1,829,110,830,-1,831,832,105,-1,105,832,833,-1,105,833,110,-1,110,833,834,-1,110,834,830,-1,105,107,812,-1,831,105,835,-1,835,105,812,-1,835,812,813,-1,836,837,715,-1,715,837,838,-1,715,838,839,-1,839,840,715,-1,715,840,841,-1,715,841,842,-1,842,843,715,-1,715,843,844,-1,715,844,845,-1,845,846,715,-1,715,846,847,-1,715,847,712,-1,848,715,849,-1,849,715,642,-1,849,850,848,-1,848,850,851,-1,848,851,715,-1,715,851,852,-1,852,853,715,-1,715,853,854,-1,715,854,855,-1,855,856,715,-1,715,856,857,-1,715,857,858,-1,858,859,715,-1,715,859,860,-1,715,860,836,-1,861,748,862,-1,862,748,747,-1,862,747,863,-1,747,746,863,-1,863,746,864,-1,863,864,865,-1,865,864,749,-1,865,749,866,-1,866,749,867,-1,867,749,750,-1,867,750,868,-1,868,752,867,-1,867,752,751,-1,867,751,869,-1,869,751,870,-1,870,751,871,-1,870,871,872,-1,871,742,872,-1,872,742,757,-1,872,757,873,-1,873,757,874,-1,874,757,756,-1,874,756,875,-1,875,756,876,-1,875,876,877,-1,877,876,754,-1,877,754,878,-1,878,754,758,-1,878,758,879,-1,880,881,882,-1,758,759,879,-1,879,759,763,-1,879,763,883,-1,883,763,762,-1,883,762,881,-1,881,762,761,-1,881,761,882,-1,882,764,880,-1,880,764,636,-1,880,636,884,-1,885,766,886,-1,886,766,767,-1,886,767,861,-1,861,767,748,-1,887,610,888,-1,888,610,772,-1,888,772,889,-1,772,771,889,-1,889,771,890,-1,889,890,891,-1,891,890,773,-1,891,773,892,-1,892,773,893,-1,893,773,774,-1,893,774,894,-1,894,776,893,-1,893,776,775,-1,893,775,895,-1,895,775,896,-1,896,775,897,-1,896,897,898,-1,897,768,898,-1,898,768,781,-1,898,781,899,-1,899,781,900,-1,900,781,780,-1,900,780,901,-1,901,780,902,-1,901,902,903,-1,903,902,778,-1,903,778,904,-1,904,778,782,-1,904,782,905,-1,906,907,908,-1,782,783,905,-1,905,783,909,-1,905,909,910,-1,910,909,786,-1,910,786,907,-1,907,786,785,-1,907,785,908,-1,908,788,906,-1,906,788,766,-1,906,766,885,-1,911,607,912,-1,912,607,606,-1,912,606,887,-1,887,606,610,-1,913,790,914,-1,914,790,791,-1,914,791,915,-1,791,792,915,-1,915,792,916,-1,915,916,917,-1,917,916,795,-1,917,795,918,-1,918,795,919,-1,919,795,794,-1,919,794,920,-1,920,797,919,-1,919,797,798,-1,919,798,921,-1,921,798,922,-1,922,798,923,-1,922,923,924,-1,923,803,924,-1,924,803,802,-1,924,802,925,-1,925,802,926,-1,926,802,801,-1,926,801,927,-1,927,801,928,-1,927,928,929,-1,929,928,799,-1,929,799,930,-1,930,799,805,-1,930,805,931,-1,932,933,934,-1,805,806,931,-1,931,806,935,-1,931,935,936,-1,936,935,809,-1,936,809,933,-1,933,809,808,-1,933,808,934,-1,934,811,932,-1,932,811,607,-1,932,607,911,-1,937,813,938,-1,938,813,814,-1,938,814,913,-1,913,814,790,-1,939,639,940,-1,940,639,819,-1,940,819,941,-1,819,818,941,-1,941,818,942,-1,941,942,943,-1,943,942,820,-1,943,820,944,-1,944,820,945,-1,945,820,821,-1,945,821,824,-1,824,823,945,-1,945,823,822,-1,945,822,946,-1,946,822,947,-1,947,822,948,-1,947,948,949,-1,948,815,949,-1,949,815,828,-1,949,828,950,-1,950,828,951,-1,951,828,827,-1,951,827,952,-1,952,827,953,-1,952,953,954,-1,954,953,825,-1,954,825,955,-1,955,825,829,-1,955,829,956,-1,957,958,959,-1,829,830,956,-1,956,830,960,-1,956,960,961,-1,961,960,833,-1,961,833,958,-1,958,833,832,-1,958,832,959,-1,959,835,957,-1,957,835,813,-1,957,813,937,-1,884,636,962,-1,962,636,635,-1,962,635,939,-1,939,635,639,-1,963,964,965,-1,965,837,836,-1,963,965,966,-1,966,965,836,-1,966,836,860,-1,967,968,962,-1,962,968,884,-1,968,969,884,-1,884,969,970,-1,884,970,880,-1,880,970,971,-1,880,971,972,-1,878,879,971,-1,971,879,883,-1,971,883,972,-1,873,874,973,-1,973,874,875,-1,973,875,971,-1,971,875,877,-1,971,877,878,-1,867,869,974,-1,974,869,870,-1,974,870,973,-1,973,870,872,-1,973,872,873,-1,867,974,866,-1,866,974,975,-1,866,975,865,-1,976,977,905,-1,905,910,976,-1,976,910,978,-1,976,978,979,-1,979,978,906,-1,979,906,980,-1,980,906,885,-1,980,885,981,-1,981,885,886,-1,981,886,982,-1,982,886,861,-1,982,861,983,-1,983,861,862,-1,983,862,975,-1,975,862,863,-1,975,863,865,-1,977,976,903,-1,903,976,984,-1,903,984,901,-1,985,895,896,-1,896,898,985,-1,985,898,899,-1,985,899,984,-1,984,899,900,-1,984,900,901,-1,891,986,985,-1,985,986,893,-1,985,893,895,-1,891,985,889,-1,889,985,987,-1,889,987,888,-1,888,987,988,-1,888,988,887,-1,887,988,912,-1,912,988,989,-1,912,989,911,-1,989,990,911,-1,911,990,991,-1,911,991,932,-1,932,991,992,-1,932,992,993,-1,993,992,994,-1,995,930,996,-1,996,930,931,-1,996,931,994,-1,994,931,936,-1,994,936,993,-1,997,927,995,-1,995,927,929,-1,995,929,930,-1,998,925,997,-1,997,925,926,-1,997,926,927,-1,999,922,998,-1,998,922,924,-1,998,924,925,-1,1000,918,1001,-1,1001,918,919,-1,1001,919,999,-1,999,919,921,-1,999,921,922,-1,1002,913,1003,-1,1003,913,1004,-1,1003,1004,1005,-1,1005,1004,915,-1,1005,915,1000,-1,1000,915,917,-1,1000,917,918,-1,1006,1007,956,-1,1002,1008,913,-1,913,1008,964,-1,913,964,938,-1,938,964,963,-1,938,963,937,-1,937,963,1009,-1,937,1009,957,-1,957,1009,1010,-1,957,1010,1011,-1,1011,1010,1006,-1,1011,1006,961,-1,961,1006,956,-1,1007,1006,954,-1,954,1006,1012,-1,954,1012,952,-1,1013,949,1014,-1,1014,949,950,-1,1014,950,1012,-1,1012,950,1015,-1,1012,1015,952,-1,944,945,1014,-1,1014,945,946,-1,1014,946,1013,-1,962,939,967,-1,967,939,940,-1,967,940,1016,-1,1016,940,941,-1,1016,941,1014,-1,1014,941,943,-1,1014,943,944,-1,1017,1018,1019,-1,1020,996,1021,-1,1021,996,1022,-1,1020,713,712,-1,1020,712,996,-1,996,712,847,-1,996,847,995,-1,996,994,1022,-1,1022,994,992,-1,1022,992,1019,-1,1019,992,991,-1,1019,991,1017,-1,1017,991,990,-1,1000,840,1005,-1,1005,840,839,-1,1005,839,1003,-1,1003,839,838,-1,1003,838,1002,-1,1002,838,837,-1,1002,837,1008,-1,1008,837,965,-1,1008,965,964,-1,999,844,843,-1,999,843,1001,-1,1001,843,842,-1,1001,842,1000,-1,1000,842,841,-1,1000,841,840,-1,995,847,997,-1,997,847,846,-1,997,846,845,-1,844,999,845,-1,845,999,998,-1,845,998,997,-1,1023,1024,1025,-1,1025,1024,1026,-1,1026,1027,1025,-1,1025,1027,1028,-1,1025,1028,1029,-1,1025,1021,1022,-1,1022,1019,1025,-1,1025,1019,1018,-1,1025,1018,1023,-1,989,988,1030,-1,1017,990,989,-1,1030,1024,1023,-1,989,1030,1017,-1,1017,1030,1023,-1,1017,1023,1018,-1,1031,1032,1033,-1,981,982,1034,-1,1035,1031,1034,-1,1034,1031,1033,-1,1034,1033,981,-1,1036,1037,1038,-1,968,967,1039,-1,1040,1036,1039,-1,1039,1036,1038,-1,1039,1038,968,-1,968,1038,969,-1,1036,1040,1041,-1,1041,1040,1042,-1,1042,1043,1041,-1,1041,1043,1044,-1,1041,1044,1045,-1,1046,1047,1041,-1,1041,1047,1048,-1,1041,1048,1049,-1,1049,1050,1041,-1,1041,1050,1037,-1,1041,1037,1036,-1,1039,967,1016,-1,1040,1039,1042,-1,1042,1039,1016,-1,1042,1016,1043,-1,1014,849,1016,-1,1016,849,642,-1,641,1051,642,-1,642,1051,1045,-1,642,1045,1016,-1,1016,1045,1044,-1,1016,1044,1043,-1,1012,1006,853,-1,853,852,1012,-1,1012,852,851,-1,1012,851,1014,-1,1014,851,850,-1,1014,850,849,-1,857,856,1010,-1,1010,856,855,-1,1010,855,1006,-1,1006,855,854,-1,1006,854,853,-1,1009,963,966,-1,857,1010,858,-1,858,1010,1009,-1,858,1009,859,-1,859,1009,966,-1,859,966,860,-1,1052,647,648,-1,655,653,1053,-1,1053,653,652,-1,1053,652,728,-1,1054,1052,1055,-1,1055,1052,648,-1,1055,648,1056,-1,1056,648,661,-1,1056,661,1057,-1,1057,661,660,-1,1057,660,1058,-1,1058,660,650,-1,1058,650,1059,-1,1059,650,649,-1,1059,649,1060,-1,1060,649,658,-1,1060,658,1061,-1,1061,658,657,-1,1061,657,1062,-1,1062,657,656,-1,1062,656,1063,-1,1063,656,655,-1,1063,655,1064,-1,1064,655,1053,-1,1064,1053,1065,-1,1065,1053,1066,-1,728,727,1067,-1,728,1067,1053,-1,1053,1067,1068,-1,1053,1068,1066,-1,714,713,1020,-1,1020,1021,714,-1,714,1021,1025,-1,714,1025,716,-1,1025,1029,1069,-1,716,1025,1070,-1,1070,1025,1069,-1,1070,1069,1071,-1,1072,1068,1067,-1,1067,727,726,-1,1067,726,1072,-1,1072,726,725,-1,1072,725,1073,-1,1073,725,724,-1,1073,724,1074,-1,1074,724,723,-1,1074,723,1075,-1,1075,723,722,-1,1075,722,1076,-1,1076,722,721,-1,1076,721,1077,-1,1077,721,720,-1,1077,720,1078,-1,1078,720,1079,-1,1079,720,719,-1,1079,719,1080,-1,719,718,1080,-1,1080,718,717,-1,1080,717,1081,-1,1081,717,716,-1,1081,716,1082,-1,1082,716,1070,-1,1030,988,987,-1,1024,1030,1026,-1,1026,1030,987,-1,1026,987,1027,-1,985,1083,987,-1,987,1083,1084,-1,1071,1069,1084,-1,1084,1069,1029,-1,1084,1029,987,-1,987,1029,1028,-1,987,1028,1027,-1,984,976,1085,-1,1085,1086,984,-1,984,1086,1087,-1,984,1087,985,-1,985,1087,1088,-1,985,1088,1083,-1,1089,1090,979,-1,979,1090,1091,-1,979,1091,976,-1,976,1091,1092,-1,976,1092,1085,-1,980,981,1033,-1,1089,979,1093,-1,1093,979,980,-1,1093,980,1094,-1,1094,980,1033,-1,1094,1033,1032,-1,1031,1035,1095,-1,1095,1035,1096,-1,1095,1096,1097,-1,1097,1098,1095,-1,1095,1098,1099,-1,1095,1099,1100,-1,1100,1101,1095,-1,1095,1101,1102,-1,1095,1102,1103,-1,1103,1104,1095,-1,1095,1104,1105,-1,1095,1105,1106,-1,1107,1095,1083,-1,1083,1095,1084,-1,1091,1095,1092,-1,1092,1095,1085,-1,1083,1088,1107,-1,1107,1088,1087,-1,1107,1087,1095,-1,1095,1087,1086,-1,1095,1086,1085,-1,1091,1090,1095,-1,1095,1090,1089,-1,1095,1089,1093,-1,1093,1094,1095,-1,1095,1094,1032,-1,1095,1032,1031,-1,1034,982,983,-1,1108,971,1046,-1,1046,971,1047,-1,1108,1109,1106,-1,1108,1106,971,-1,971,1106,1105,-1,971,1105,973,-1,1047,971,1048,-1,1048,971,970,-1,1048,970,1049,-1,1038,1037,1050,-1,1049,970,1050,-1,1050,970,969,-1,1050,969,1038,-1,1035,1034,1096,-1,1096,1034,983,-1,1096,983,1097,-1,1097,983,1098,-1,1098,983,975,-1,1098,975,1099,-1,974,1101,975,-1,975,1101,1100,-1,975,1100,1099,-1,1105,1104,973,-1,973,1104,1103,-1,973,1103,974,-1,974,1103,1102,-1,974,1102,1101,-1,1051,641,640,-1,1046,1041,1108,-1,1108,1041,1110,-1,1108,1110,1109,-1,1045,1051,1041,-1,1041,1051,640,-1,1041,640,1110,-1,1110,640,741,-1,1110,741,1111,-1,1111,741,740,-1,1111,740,1112,-1,1112,740,739,-1,1112,739,1113,-1,1113,739,738,-1,1113,738,1114,-1,1114,738,737,-1,1114,737,1115,-1,1115,737,736,-1,1115,736,1116,-1,1116,736,735,-1,1116,735,1117,-1,1117,735,734,-1,1117,734,1118,-1,730,1119,731,-1,731,1119,732,-1,1118,734,1120,-1,1120,734,733,-1,1120,733,1121,-1,1121,733,732,-1,1121,732,1122,-1,1122,732,1119,-1,1122,1119,1123,-1,730,729,1124,-1,730,1124,1119,-1,1119,1124,1125,-1,1119,1125,1123,-1,1126,1125,1124,-1,1127,1126,708,-1,708,1126,1124,-1,708,1124,694,-1,694,1124,729,-1,695,1128,696,-1,696,1128,698,-1,1127,708,1129,-1,1129,708,703,-1,1129,703,1130,-1,1130,703,702,-1,1130,702,1131,-1,1131,702,706,-1,1131,706,1132,-1,1132,706,705,-1,1132,705,1133,-1,1133,705,704,-1,1133,704,1134,-1,1134,704,701,-1,1134,701,1135,-1,1135,701,700,-1,1135,700,1136,-1,1136,700,698,-1,1136,698,1137,-1,1137,698,1128,-1,1137,1128,1138,-1,1139,1140,1141,-1,1139,1141,1142,-1,1142,1141,1143,-1,1142,1143,1144,-1,1145,1146,1147,-1,1145,1147,1148,-1,1148,1147,1149,-1,1148,1149,1150,-1,1151,1152,1153,-1,1151,1153,1154,-1,1154,1153,1155,-1,1154,1155,1156,-1,1157,1158,1159,-1,1157,1159,1160,-1,1160,1159,1161,-1,1160,1161,1162,-1,1163,1164,1165,-1,1163,1165,1166,-1,1166,1165,1167,-1,1166,1167,1168,-1,1169,1170,1171,-1,1169,1171,1172,-1,1172,1171,1173,-1,1172,1173,1174,-1,1175,1176,1177,-1,1175,1177,1178,-1,1178,1177,1179,-1,1178,1179,1180,-1,1181,1182,1183,-1,1181,1183,1184,-1,1184,1183,1185,-1,1184,1185,1186,-1,645,647,1052,-1,645,1052,1187,-1,1187,1052,1054,-1,1187,1054,1188,-1,690,688,1189,-1,690,1189,699,-1,699,1189,710,-1,699,710,697,-1,667,665,1190,-1,667,1190,689,-1,689,1190,687,-1,689,687,686,-1,693,692,1191,-1,693,1191,707,-1,707,1191,664,-1,707,664,666,-1,675,674,1192,-1,675,1192,684,-1,684,1192,691,-1,684,691,685,-1,680,679,1193,-1,680,1193,681,-1,681,1193,683,-1,681,683,682,-1,671,669,1194,-1,671,1194,676,-1,676,1194,678,-1,676,678,677,-1,654,663,1195,-1,654,1195,672,-1,672,1195,668,-1,672,668,670,-1,646,644,1196,-1,646,1196,659,-1,659,1196,662,-1,659,662,651,-1,695,709,1197,-1,695,1197,1128,-1,1128,1197,1198,-1,1128,1198,1138,-1,1070,1071,1084,-1,1170,1065,1126,-1,1199,1186,1198,-1,1198,1186,1185,-1,1198,1185,1138,-1,1132,1133,1182,-1,1127,1129,1173,-1,1173,1129,1130,-1,1173,1130,1131,-1,1133,1134,1182,-1,1182,1134,1135,-1,1182,1135,1183,-1,1183,1135,1136,-1,1183,1136,1185,-1,1185,1136,1137,-1,1185,1137,1138,-1,1127,1173,1126,-1,1126,1173,1171,-1,1126,1171,1170,-1,1169,1168,1170,-1,1170,1168,1167,-1,1170,1167,1065,-1,1065,1167,1165,-1,1065,1165,1164,-1,1200,1162,1161,-1,1163,1200,1164,-1,1164,1200,1161,-1,1164,1161,1065,-1,1065,1161,1159,-1,1065,1159,1158,-1,1157,1156,1158,-1,1158,1156,1155,-1,1158,1155,1065,-1,1065,1155,1153,-1,1065,1153,1152,-1,1182,1181,1180,-1,1180,1179,1182,-1,1182,1179,1173,-1,1182,1173,1132,-1,1132,1173,1131,-1,1152,1151,1150,-1,1146,1065,1147,-1,1147,1065,1152,-1,1147,1152,1149,-1,1149,1152,1150,-1,1175,1174,1176,-1,1176,1174,1173,-1,1176,1173,1177,-1,1177,1173,1179,-1,1145,1144,1146,-1,1146,1144,1143,-1,1061,1062,1146,-1,1054,1055,1140,-1,1140,1055,1056,-1,1140,1056,1141,-1,1141,1056,1057,-1,1141,1057,1143,-1,1057,1058,1143,-1,1143,1058,1059,-1,1143,1059,1146,-1,1146,1059,1060,-1,1146,1060,1061,-1,1062,1063,1146,-1,1146,1063,1064,-1,1146,1064,1065,-1,1054,1140,1188,-1,1188,1140,1139,-1,1188,1139,1201,-1,1109,1110,1106,-1,1106,1110,1111,-1,1106,1111,1095,-1,1095,1111,1112,-1,1112,1113,1095,-1,1095,1113,1114,-1,1095,1114,1115,-1,1115,1116,1095,-1,1095,1116,1117,-1,1095,1117,1118,-1,1118,1120,1095,-1,1095,1120,1121,-1,1095,1121,1122,-1,1122,1123,1065,-1,1065,1123,1125,-1,1065,1125,1126,-1,1065,1066,1122,-1,1122,1066,1068,-1,1122,1068,1095,-1,1095,1068,1072,-1,1095,1072,1073,-1,1073,1074,1095,-1,1095,1074,1075,-1,1095,1075,1076,-1,1076,1077,1095,-1,1095,1077,1078,-1,1095,1078,1079,-1,1079,1080,1095,-1,1095,1080,1081,-1,1095,1081,1084,-1,1084,1081,1082,-1,1084,1082,1070,-1,1142,1202,1139,-1,1139,1202,1201,-1,1142,1144,1202,-1,1202,1144,1145,-1,1202,1145,1203,-1,1203,1145,1148,-1,1148,1150,1203,-1,1203,1150,1151,-1,1203,1151,1154,-1,1154,1156,1203,-1,1203,1156,1157,-1,1203,1157,1160,-1,1160,1162,1203,-1,1203,1162,1200,-1,1203,1200,1163,-1,1163,1166,1203,-1,1203,1166,1168,-1,1203,1168,1169,-1,1169,1172,1203,-1,1203,1172,1174,-1,1203,1174,1175,-1,1181,1204,1180,-1,1180,1204,1203,-1,1180,1203,1178,-1,1178,1203,1175,-1,1181,1184,1204,-1,1204,1184,1186,-1,1204,1186,1199,-1,643,645,1187,-1,1201,1202,1205,-1,1187,1188,1201,-1,1201,1205,1187,-1,1187,1205,1206,-1,1187,1206,643,-1,1189,1207,710,-1,710,1207,711,-1,1189,688,1207,-1,1207,688,687,-1,1207,687,1208,-1,1208,687,1190,-1,1190,665,1208,-1,1208,665,664,-1,1208,664,1191,-1,1191,692,1208,-1,1208,692,691,-1,1208,691,1192,-1,1192,674,1208,-1,1208,674,673,-1,1208,673,683,-1,683,1193,1208,-1,1208,1193,679,-1,1208,679,678,-1,678,1194,1208,-1,1208,1194,669,-1,1208,669,668,-1,662,1206,663,-1,663,1206,1208,-1,663,1208,1195,-1,1195,1208,668,-1,662,1196,1206,-1,1206,1196,644,-1,1206,644,643,-1,1199,1198,1197,-1,711,1207,1209,-1,1197,709,711,-1,711,1209,1197,-1,1197,1209,1204,-1,1197,1204,1199,-1,1208,1206,1205,-1,1203,1204,1209,-1,1202,1203,1205,-1,1205,1203,1209,-1,1205,1209,1208,-1,1208,1209,1207,-1,
        ]
    }
}
Shape{
    appearance Appearance {
        material  Material 	{
            diffuseColor 0.9686274509803922 0.8784313725490196 0.6
            specularColor 0.6784313725490196 0.615686274509804 0.4196078431372549
            ambientIntensity 0.2
            transparency 0
            shininess 0.5
        }
    }
    geometry IndexedFaceSet {
        ccw TRUE
        solid FALSE
        coord DEF co Coordinate {
            point [
                0.5905 0.311 -0.6063, 0.5413 0.311 -0.6063, 0.5413 0.3248 -0.6063, 0.6398 0.3248 -0.6063, 0.6398 0.311 -0.6063, 0.5413 0.3386 -0.6063, 0.5905 0.3386 -0.6063, 0.6398 0.3386 -0.6063, 0.6398 0.2953 -0.5866, 0.5905 0.2953 -0.5866, 0.5413 0.2953 -0.5866, 0.6398 0.2953 0.4023, 0.5905 0.2953 0.4023, 0.5413 0.2953 0.4023, 0.6398 0.2941 0.412, 0.6398 0.2814 0.4323, 0.6398 0.2748 0.4369, 0.5905 0.2748 0.4369, 0.5413 0.2941 0.412, 0.6398 0.2903 0.4214, 0.5413 0.2903 0.4214, 0.6398 0.2879 0.4253, 0.5413 0.2879 0.4253, 0.5413 0.2814 0.4323, 0.5413 0.2748 0.4369, 0.5413 0.2157 0.4691, 0.6398 0.2157 0.4691, 0.6398 0.13 0.5158, 0.5905 0.13 0.5158, 0.5413 0.13 0.5158, 0.5413 0.1378 0.6015, 0.5413 0.1378 0.6022, 0.6398 0.1378 0.6022, 0.6398 0.1513 0.5725, 0.6398 0.1583 0.5677, 0.5905 0.1583 0.5677, 0.6398 0.1378 0.6015, 0.6398 0.1391 0.5923, 0.5413 0.1391 0.5923, 0.6398 0.1428 0.583, 0.5413 0.1428 0.583, 0.6398 0.1449 0.5797, 0.5413 0.1449 0.5797, 0.5413 0.1513 0.5725, 0.5413 0.1583 0.5677, 0.5413 0.2157 0.5364, 0.6398 0.2157 0.5364, 0.6398 0.303 0.4887, 0.5905 0.303 0.4887, 0.5413 0.303 0.4887, 0.6398 0.3133 0.4823, 0.5905 0.3543 0.4023, 0.5413 0.3543 0.4023, 0.5413 0.3519 0.424, 0.5413 0.3133 0.4823, 0.6398 0.3309 0.4661, 0.5413 0.3309 0.4661, 0.6398 0.3432 0.4477, 0.5413 0.3432 0.4477, 0.6398 0.3519 0.424, 0.6398 0.3543 0.4023, 0.6398 0.3543 -0.5866, 0.5905 0.3543 -0.5866, 0.5413 0.3543 -0.5866, 0.2421 0.1083 3.126, 0.2421 0.0984 3.1378, 0.2953 0.0984 3.1378, 0.2953 0.1378 3.0906, 0.2421 0.1378 3.0906, 0.3484 0.0984 3.1378, 0.3484 0.1083 3.126, 0.3484 0.1378 3.0906, 0.3484 0.1378 1.7729, 0.2421 0.1378 1.7239, 0.3491 0.1378 1.767, 0.3505 0.1378 1.7552, 0.2424 0.1378 1.7176, 0.3526 0.1378 1.7493, 0.3567 0.1378 1.7381, 0.2458 0.1378 1.7002, 0.245 0.1378 1.7044, 0.3601 0.1378 1.7329, 0.2537 0.1378 1.6832, 0.2522 0.1378 1.6864, 0.371 0.1378 1.7184, 0.2786 0.1378 1.6575, 0.3669 0.1378 1.7224, 0.2647 0.1378 1.6687, 0.2637 0.1378 1.67, 0.6398 0.1378 1.501, 0.5413 0.1378 1.447, 0.5389 0.1378 1.4666, 0.6395 0.1378 1.5073, 0.5317 0.1378 1.4847, 0.6369 0.1378 1.5205, 0.6282 0.1378 1.5418, 0.6297 0.1378 1.5386, 0.636 0.1378 1.5248, 0.3797 0.1378 1.71, 0.3849 0.1378 1.7065, 0.4409 0.1378 1.5541, 0.4409 0.1378 1.6708, 0.5049 0.1378 1.5134, 0.6033 0.1378 1.5675, 0.5199 0.1378 1.501, 0.6172 0.1378 1.5562, 0.6182 0.1378 1.5549, 0.2421 0.0787 3.1378, 0.3484 0.0787 3.1378, 0.3484 0.0886 3.1378, 0.2421 0.0886 3.1378, 0.2421 0.0787 1.7239, 0.2421 0.1083 1.7239, 0.2786 0.1083 1.6575, 0.2786 0.0787 1.6575, 0.2734 0.0787 1.661, 0.2442 0.0787 1.7061, 0.2448 0.0787 1.7044, 0.2504 0.0787 1.6891, 0.2521 0.0787 1.6864, 0.2606 0.0787 1.6734, 0.2639 0.0787 1.6702, 0.5049 0.1083 1.5134, 0.5049 0.0787 1.5134, 0.4409 0.0787 1.5541, 0.5413 0.0787 1.447, 0.5411 0.0787 1.4533, 0.5385 0.0787 1.4665, 0.5376 0.0787 1.4707, 0.5313 0.0787 1.4845, 0.5298 0.0787 1.4878, 0.5188 0.0787 1.5022, 0.5197 0.0787 1.5009, 0.5413 0.0787 0.6022, 0.5413 0.0789 0.5963, 0.5413 0.0815 0.5806, 0.5413 0.0892 0.5586, 0.5413 0.0822 0.5765, 0.5413 0.1025 0.5387, 0.5413 0.1004 0.541, 0.5413 0.0902 0.5571, 0.5413 0.12 0.5227, 0.5413 0.1136 0.5272, 0.6398 0.1197 0.5223, 0.6398 0.0812 0.5806, 0.6398 0.0787 0.6022, 0.6398 0.0898 0.5569, 0.6398 0.1022 0.5385, 0.6398 0.0787 1.501, 0.3484 0.0787 1.7729, 0.3484 0.1083 1.7729, 0.618 0.0787 1.5547, 0.6033 0.1083 1.5675, 0.6084 0.0787 1.5639, 0.6033 0.0787 1.5675, 0.6213 0.0787 1.5516, 0.6298 0.0787 1.5385, 0.6315 0.0787 1.5359, 0.6371 0.0787 1.5205, 0.6377 0.0787 1.5188, 0.3598 0.0787 1.7327, 0.3697 0.0787 1.7191, 0.3707 0.0787 1.7182, 0.3525 0.0787 1.7493, 0.3582 0.0787 1.7349, 0.3508 0.0787 1.7536, 0.3492 0.0787 1.767, 0.4409 0.0787 1.6708, 0.3849 0.0787 1.7065, 0.3849 0.1083 1.7065, 0.3849 0.1083 1.7065
            ]
        }
        coordIndex [
            0,1,2,-1,3,4,0,-1,2,5,6,-1,0,2,3,-1,3,2,6,-1,3,6,7,-1,4,8,9,-1,4,9,0,-1,0,9,10,-1,0,10,1,-1,8,11,12,-1,8,12,9,-1,9,12,13,-1,9,13,10,-1,12,11,14,-1,15,16,17,-1,18,19,20,-1,20,19,21,-1,20,21,22,-1,22,21,15,-1,22,15,23,-1,23,15,17,-1,23,17,24,-1,13,12,18,-1,18,12,14,-1,18,14,19,-1,25,24,17,-1,26,27,28,-1,17,16,26,-1,26,28,17,-1,17,28,29,-1,17,29,25,-1,30,31,32,-1,33,34,35,-1,32,36,30,-1,30,36,37,-1,30,37,38,-1,38,37,39,-1,38,39,40,-1,40,39,41,-1,40,41,42,-1,42,41,33,-1,42,33,43,-1,43,33,35,-1,43,35,44,-1,45,44,35,-1,46,47,48,-1,35,34,46,-1,46,48,35,-1,35,48,49,-1,35,49,45,-1,48,47,50,-1,51,52,53,-1,54,55,56,-1,56,55,57,-1,56,57,58,-1,58,57,59,-1,58,59,53,-1,53,59,60,-1,53,60,51,-1,49,48,54,-1,54,48,50,-1,54,50,55,-1,60,61,62,-1,60,62,51,-1,51,62,63,-1,51,63,52,-1,61,7,6,-1,61,6,62,-1,62,6,5,-1,62,5,63,-1,64,65,66,-1,67,68,64,-1,66,69,70,-1,64,66,67,-1,67,66,70,-1,67,70,71,-1,71,72,67,-1,67,72,73,-1,67,73,68,-1,72,74,73,-1,73,74,75,-1,73,75,76,-1,76,75,77,-1,78,79,77,-1,77,79,80,-1,77,80,76,-1,81,82,78,-1,78,82,83,-1,78,83,79,-1,84,85,86,-1,86,85,87,-1,86,87,81,-1,81,87,88,-1,81,88,82,-1,89,32,31,-1,31,90,89,-1,89,90,91,-1,89,91,92,-1,92,91,93,-1,92,93,94,-1,95,96,93,-1,93,96,97,-1,93,97,94,-1,84,98,85,-1,85,98,99,-1,85,99,100,-1,100,99,101,-1,100,101,102,-1,102,101,103,-1,102,103,104,-1,104,103,105,-1,104,105,93,-1,93,105,106,-1,93,106,95,-1,107,108,109,-1,109,69,66,-1,107,109,110,-1,110,109,66,-1,110,66,65,-1,110,65,64,-1,107,110,111,-1,111,110,64,-1,111,64,112,-1,112,64,68,-1,112,68,73,-1,113,114,115,-1,73,76,112,-1,112,76,111,-1,111,76,116,-1,116,76,80,-1,116,80,117,-1,117,80,79,-1,117,79,118,-1,118,79,83,-1,118,83,119,-1,119,83,82,-1,119,82,120,-1,120,82,88,-1,120,88,121,-1,121,88,87,-1,121,87,115,-1,115,87,85,-1,115,85,113,-1,100,102,122,-1,100,122,85,-1,122,123,124,-1,85,122,113,-1,113,122,124,-1,113,124,114,-1,122,102,104,-1,90,125,126,-1,90,126,91,-1,126,127,91,-1,91,127,128,-1,91,128,93,-1,128,129,93,-1,93,129,130,-1,93,130,104,-1,123,122,131,-1,131,122,104,-1,131,104,132,-1,132,104,130,-1,63,5,2,-1,1,10,2,-1,2,10,13,-1,125,90,133,-1,133,90,31,-1,133,31,134,-1,134,31,30,-1,134,30,135,-1,135,30,38,-1,40,136,38,-1,38,136,137,-1,38,137,135,-1,43,138,42,-1,42,138,139,-1,42,139,40,-1,40,139,140,-1,40,140,136,-1,44,141,43,-1,43,141,142,-1,43,142,138,-1,63,2,52,-1,52,2,13,-1,52,13,53,-1,53,13,18,-1,53,18,58,-1,58,18,20,-1,58,20,56,-1,56,20,22,-1,56,22,54,-1,54,22,23,-1,54,23,49,-1,49,23,24,-1,49,24,45,-1,45,24,25,-1,45,25,44,-1,44,25,29,-1,44,29,141,-1,28,27,143,-1,135,144,134,-1,134,144,145,-1,134,145,133,-1,135,137,144,-1,144,137,136,-1,144,136,146,-1,136,140,146,-1,146,140,139,-1,146,139,147,-1,139,138,147,-1,147,138,142,-1,147,142,143,-1,143,142,141,-1,143,141,28,-1,28,141,29,-1,8,4,11,-1,11,4,3,-1,3,7,61,-1,3,61,11,-1,11,61,60,-1,11,60,14,-1,14,60,59,-1,14,59,19,-1,19,59,57,-1,19,57,21,-1,21,57,55,-1,21,55,15,-1,15,55,50,-1,15,50,16,-1,16,50,47,-1,16,47,26,-1,26,47,46,-1,26,46,27,-1,27,46,34,-1,27,34,143,-1,143,34,33,-1,143,33,147,-1,147,33,41,-1,147,41,146,-1,146,41,39,-1,146,39,144,-1,144,39,37,-1,144,37,145,-1,89,148,32,-1,32,148,145,-1,32,145,36,-1,36,145,37,-1,70,69,109,-1,108,149,109,-1,109,149,150,-1,109,150,70,-1,70,150,72,-1,70,72,71,-1,105,103,151,-1,151,103,152,-1,151,152,153,-1,153,152,154,-1,105,151,106,-1,106,151,155,-1,106,155,95,-1,95,155,156,-1,95,156,96,-1,96,156,157,-1,96,157,97,-1,97,157,158,-1,97,158,94,-1,94,158,159,-1,94,159,92,-1,92,159,148,-1,92,148,89,-1,160,115,161,-1,161,115,114,-1,161,114,162,-1,117,118,163,-1,163,118,119,-1,163,119,164,-1,164,119,120,-1,164,120,160,-1,160,120,121,-1,160,121,115,-1,165,111,163,-1,163,111,116,-1,163,116,117,-1,108,107,149,-1,149,107,111,-1,149,111,166,-1,166,111,165,-1,123,154,124,-1,124,154,167,-1,124,167,114,-1,114,167,168,-1,114,168,162,-1,123,131,154,-1,154,131,132,-1,154,132,153,-1,153,132,130,-1,153,130,151,-1,151,130,155,-1,155,130,156,-1,156,130,129,-1,156,129,157,-1,127,148,128,-1,128,148,159,-1,128,159,129,-1,129,159,158,-1,129,158,157,-1,133,145,125,-1,125,145,148,-1,125,148,126,-1,126,148,127,-1,150,149,166,-1,168,169,162,-1,162,169,99,-1,72,150,74,-1,74,150,166,-1,74,166,75,-1,75,166,165,-1,75,165,77,-1,77,165,163,-1,77,163,78,-1,78,163,164,-1,78,164,81,-1,81,164,160,-1,81,160,86,-1,86,160,161,-1,86,161,84,-1,84,161,162,-1,84,162,98,-1,98,162,99,-1,101,99,169,-1,101,169,103,-1,169,168,167,-1,103,169,152,-1,152,169,167,-1,152,167,154,-1,
        ]
    }
}
Shape{
    appearance Appearance {
        material  Material 	{
            diffuseColor 0.8509803921568627 0.8509803921568627 0.8509803921568627
            specularColor 0.4235294117647059 0.4235294117647059 0.4235294117647059
            ambientIntensity 0.2
            transparency 0
            shininess 0.5
        }
    }
    geometry IndexedFaceSet {
        ccw TRUE
        solid FALSE
        coord DEF co Coordinate {
            point [
                -0.1818 0.622 2.1856, -0.1817 0.622 2.1728, -0.2057 0.622 2.1728, 0.1037 0.622 2.6921, 0.0517 0.622 2.6921, -0.0 0.622 3.937, 0.2867 0.622 2.7916, 0.2277 0.622 2.6921, 0.1766 0.622 2.6921, 0.3293 0.622 2.8246, 0.6806 0.622 2.8246, 1.2559 0.622 3.937, 0.6944 0.622 2.8196, 0.3129 0.622 2.8166, 0.2985 0.622 2.8055, 0.1413 0.622 2.6332, -0.0 0.622 2.5225, 0.0043 0.622 2.5285, 0.0517 0.622 2.5046, 0.0085 0.622 2.5398, 0.1155 0.622 2.6003, 0.0085 0.622 2.6426, 0.4901 0.622 2.4518, 0.5109 0.622 2.4467, 0.4293 0.622 2.4623, 0.1413 0.622 2.5664, 0.1793 0.622 2.5069, 0.1001 0.622 2.5046, -0.0 0.622 2.1728, 0.5721 0.622 2.22, 0.5445 0.622 2.2385, 0.6806 0.622 2.3724, 0.5793 0.622 2.2133, 0.5127 0.622 2.2501, 0.4808 0.622 2.2536, 0.4435 0.622 2.272, 0.471 0.622 2.253, 0.4611 0.622 2.2518, 0.4233 0.622 2.2891, 0.4025 0.622 2.3018, 0.3293 0.622 2.3724, 0.3631 0.622 2.3167, 0.3177 0.622 2.3737, 0.3206 0.622 2.3217, 0.3066 0.622 2.3776, 0.2854 0.622 2.3177, 0.2968 0.622 2.3839, 0.2887 0.622 2.3923, 0.2277 0.622 2.5069, 0.2427 0.622 2.3023, 0.2048 0.622 2.2764, 0.2008 0.622 2.2727, 0.1741 0.622 2.2393, 0.1592 0.622 2.2087, 0.1066 0.622 2.1746, 0.1296 0.622 2.1944, 0.1549 0.622 2.2072, 1.2559 0.622 2.1728, 0.7311 0.622 2.5339, 0.6449 0.622 2.4776, 0.6442 0.622 2.6221, 0.6003 0.622 2.5533, 0.5421 0.622 2.6921, 0.5384 0.622 2.6213, 0.4765 0.622 2.6726, 0.3755 0.622 2.5984, 0.371 0.622 2.5797, 0.3131 0.622 2.5941, 0.3122 0.622 2.5701, 0.3711 0.622 2.5604, 0.3165 0.622 2.5472, 0.3241 0.622 2.5306, 0.3765 0.622 2.5384, 0.3382 0.622 2.5131, 0.3871 0.622 2.5181, 0.3754 0.622 2.4852, 0.4073 0.622 2.4947, 0.4388 0.622 2.4723, 0.1681 0.622 2.6003, 0.278 0.622 2.7756, 0.278 0.622 2.4251, 0.279 0.622 2.4135, 0.2826 0.622 2.4023, 0.7257 0.622 2.7893, 0.7175 0.622 2.8016, 0.7069 0.622 2.8118, 0.7311 0.622 2.7756, 0.5049 0.622 2.7077, 0.4381 0.622 2.6957, 0.4028 0.622 2.7421, 0.3695 0.622 2.732, 0.2961 0.622 2.7573, 0.3184 0.622 2.614, 0.3276 0.622 2.6308, 0.3843 0.622 2.6155, 0.3454 0.622 2.6502, 0.3973 0.622 2.6306, 0.3824 0.622 2.6754, 0.4247 0.622 2.6494, 0.4343 0.622 2.6948, 0.6997 0.622 2.7174, 0.5594 0.622 2.0836, 0.5493 0.622 2.0661, 0.506 0.622 2.057, 0.5341 0.622 2.0503, 0.5156 0.622 2.0387, 0.5561 0.622 2.1572, 0.5636 0.622 2.1382, 0.4918 0.622 2.073, 0.5663 0.622 2.1176, 0.5654 0.622 2.1045, 0.5451 0.622 2.1728, 0.4742 0.622 2.085, 0.4553 0.622 2.0921, 0.4349 0.622 2.0945, 0.4245 0.622 2.0938, 0.2034 0.622 2.1728, 0.404 0.622 2.0885, 0.3859 0.622 2.0787, 0.2563 0.622 2.1239, 0.3711 0.622 2.065, 0.1284 0.622 2.0957, 0.1287 0.622 2.1031, 0.2301 0.622 2.0785, 0.1326 0.622 2.1196, 0.1404 0.622 2.1344, 0.1502 0.622 2.1455, 0.1634 0.622 2.1548, 0.1783 0.622 2.1607, 0.1945 0.622 2.1628, 0.2013 0.622 2.1628, 0.2464 0.622 2.0276, 0.2405 0.622 2.0299, 0.2516 0.622 2.0239, 0.2339 0.622 2.0307, 0.233 0.622 2.0306, 0.2305 0.622 2.0301, 0.2287 0.622 2.0298, 0.1903 0.622 2.0295, 0.175 0.622 2.0324, 0.1599 0.622 2.0392, 0.1472 0.622 2.0494, 0.146 0.622 2.0507, 0.1365 0.622 2.0639, 0.1305 0.622 2.0791, 0.1053 0.622 2.1728, 0.0893 0.622 2.1502, 0.0791 0.622 2.124, 0.2359 0.622 1.9778, 0.2407 0.622 1.9786, 0.3558 0.622 1.9778, 0.2464 0.622 1.9808, 0.2519 0.622 1.9848, 0.2539 0.622 1.9869, 0.2575 0.622 1.9922, 0.2597 0.622 1.9981, 0.3507 0.622 1.9988, 0.2605 0.622 2.0044, 0.3502 0.622 2.0076, 0.3501 0.622 2.0162, 0.2603 0.622 2.0078, 0.2585 0.622 2.0143, 0.2552 0.622 2.0201, 1.2559 0.622 0.8443, 1.242 0.622 0.8464, 0.5992 0.622 2.1885, 0.6065 0.622 2.1728, 1.2276 0.622 0.845, 0.6201 0.622 2.1163, 0.6197 0.622 2.1261, 0.6133 0.622 2.1581, -0.0 0.622 1.082, 0.2892 0.622 1.082, -0.0 0.622 0.7874, 0.3104 0.622 1.0699, 0.5591 0.622 0.8396, 0.4205 0.622 1.0885, 0.5706 0.622 0.8317, 0.5717 0.622 0.8307, 0.546 0.622 0.8446, 0.5317 0.622 0.8465, 0.4002 0.622 1.0744, 0.5187 0.622 0.8451, 0.3776 0.622 1.0658, 0.5044 0.622 0.8399, 0.3543 0.622 1.063, 0.4929 0.622 0.8321, 0.3474 0.622 1.063, 0.3316 0.622 1.0641, 0.4705 0.622 0.8071, 0.4548 0.622 0.7965, 0.483 0.622 0.8211, 0.437 0.622 0.7896, 0.4184 0.622 0.7874, 0.4528 0.622 1.5157, 0.4499 0.622 1.5391, 1.2131 0.622 0.8398, 0.4528 0.622 1.1614, 1.2 0.622 0.8307, 0.4361 0.622 1.1067, 1.2015 0.622 0.8321, 0.447 0.622 1.1285, 0.4524 0.622 1.1526, 0.5849 0.622 2.0229, 0.605 0.622 2.0525, 0.6166 0.622 2.0845, 0.0754 0.622 2.0962, 0.0796 0.622 2.0657, -0.0 0.622 1.6142, 0.0905 0.622 2.0388, 0.1076 0.622 2.0153, 0.131 0.622 1.9958, 0.1571 0.622 1.9832, 0.1856 0.622 1.9774, 0.366 0.622 1.9588, 0.3793 0.622 1.9441, 0.3543 0.622 1.6142, 0.3964 0.622 1.9324, 0.4155 0.622 1.9252, 0.3631 0.622 1.6138, 0.4395 0.622 1.9229, 0.4596 0.622 1.9262, 0.3873 0.622 1.6084, 0.4792 0.622 1.9346, 0.4091 0.622 1.5975, 0.4362 0.622 1.9228, 0.4272 0.622 1.5819, 0.4959 0.622 1.9473, 0.5084 0.622 1.9631, 0.4414 0.622 1.5616, 0.5602 0.622 2.0013, 0.5297 0.622 1.9855, 0.5169 0.622 1.9815, 0.2193 0.622 2.2142, 0.2384 0.622 2.2373, 0.4351 0.622 2.1893, 0.2406 0.622 2.2394, 0.2645 0.622 2.2562, 0.3201 0.622 2.2704, 0.3515 0.622 2.2666, 0.3795 0.622 2.2555, 0.2912 0.622 2.2667, 0.4026 0.622 2.2389, 0.4219 0.622 2.2162, 0.2064 0.622 2.1866, 0.4803 0.622 2.2024, 0.5127 0.622 2.1876, 0.4604 0.622 2.1998, 0.4413 0.622 2.1927, 0.5442 0.622 2.1742, 0.5293 0.622 2.1872, 0.4891 0.622 2.202, 0.5102 0.622 2.1972, -0.0362 0.622 2.5356, -0.0392 0.622 2.5339, -0.0824 0.622 2.5339, -0.0 0.622 2.6426, -0.0305 0.622 2.6426, -0.0305 0.622 2.5475, -0.0308 0.622 2.5441, -0.0319 0.622 2.5409, -0.0338 0.622 2.538, -0.2222 0.622 2.5058, -0.1803 0.622 2.5058, -0.0243 0.622 2.287, -0.2653 0.622 2.6101, -0.263 0.622 2.6117, -0.2222 0.622 2.6117, -0.2697 0.622 2.6031, -0.2687 0.622 2.6057, -0.2673 0.622 2.6081, -0.0398 0.622 2.2869, -0.27 0.622 2.5058, -0.27 0.622 2.6003, -0.0235 0.622 2.1669, -0.0235 0.622 2.1728, -0.012 0.622 2.511, -0.0027 0.622 2.5187, -0.1803 0.622 2.6426, -0.1203 0.622 2.6426, -0.1203 0.622 2.5058, -0.0229 0.622 2.5058, -0.6118 0.622 2.5093, -0.6036 0.622 2.5148, -0.4935 0.622 2.5713, -0.5969 0.622 2.522, -0.5304 0.622 2.6663, -0.5371 0.622 2.653, -0.5891 0.622 2.6426, -0.5404 0.622 2.6385, -0.5402 0.622 2.6236, -0.5891 0.622 2.5398, -0.5365 0.622 2.6092, -0.5295 0.622 2.5961, -0.5196 0.622 2.585, -0.592 0.622 2.5305, -0.5073 0.622 2.5766, -0.4124 0.622 2.5713, -0.4124 0.622 2.5058, -0.6209 0.622 2.5058, -1.2559 0.622 2.1728, -0.3716 0.622 2.6921, -0.4951 0.622 2.6921, -0.5088 0.622 2.6864, -0.5208 0.622 2.6776, -0.6783 0.622 2.5339, -0.6783 0.622 2.6426, -0.6276 0.622 2.6426, -0.6373 0.622 2.5352, -0.6325 0.622 2.5429, -0.6341 0.622 2.5373, -0.6313 0.622 2.54, -0.6276 0.622 2.5507, -0.6281 0.622 2.5469, -0.6293 0.622 2.5432, -0.6409 0.622 2.5339, -1.2559 0.622 3.937, -0.7173 0.622 2.6426, -0.7173 0.622 2.5058, -0.3716 0.622 2.5058, -0.1698 0.622 2.2867, -0.1825 0.622 2.283, -0.2065 0.622 2.2857, -0.1823 0.622 2.2668, -0.3849 0.622 2.254, -0.3893 0.622 2.2425, -0.444 0.622 2.284, -0.2938 0.622 2.2851, -0.3281 0.622 2.2848, -0.3775 0.622 2.2645, -0.3464 0.622 2.2827, -0.3608 0.622 2.2773, -0.3734 0.622 2.2686, -0.3912 0.622 2.2259, -0.3908 0.622 2.2182, -0.4007 0.622 2.1728, -0.3877 0.622 2.2042, -0.3817 0.622 2.1918, -0.502 0.622 2.1728, -0.4606 0.622 2.2839, -0.0824 0.622 2.6426, -0.2783 0.622 2.6426, -0.2875 0.622 2.6388, -0.2956 0.622 2.633, -0.3022 0.622 2.6255, -0.3093 0.622 2.5058, -0.3093 0.622 2.607, -0.3068 0.622 2.6167, -0.0391 0.622 2.1805, -0.0921 0.622 2.2242, -0.0924 0.622 2.2305, -0.0952 0.622 2.2461, -0.101 0.622 2.2594, -0.1098 0.622 2.2707, -0.1127 0.622 2.2735, -0.124 0.622 2.2813, -0.1366 0.622 2.2861, -0.154 0.622 2.2881, -0.1541 0.622 2.2881, -0.2219 0.622 2.2718, -0.2217 0.622 2.2333, -0.2683 0.622 2.2714, -0.2646 0.622 2.233, -0.2684 0.622 2.2853, -0.293 0.622 2.1728, -0.2645 0.622 2.2193, -0.1689 0.622 2.2722, -0.1541 0.622 2.2741, -0.1084 0.622 2.225, -0.1477 0.622 2.2738, -0.1375 0.622 2.2715, -0.1281 0.622 2.2668, -0.1213 0.622 2.261, -0.1146 0.622 2.2519, -0.1105 0.622 2.2416, -0.181 0.622 2.2675, -0.1086 0.622 2.2187, -0.1107 0.622 2.2071, -0.1148 0.622 2.1976, -0.1199 0.622 2.1906, -0.1223 0.622 2.1883, -0.1301 0.622 2.1827, -0.1387 0.622 2.1793, -0.1507 0.622 2.1778, -0.1563 0.622 2.1779, -0.1699 0.622 2.1804, -0.2447 0.622 2.0441, -0.2898 0.622 1.9746, -0.2448 0.622 2.0587, -0.2568 0.622 2.0605, -0.2351 0.622 2.0617, -0.2245 0.622 2.0627, -0.3556 0.622 2.0941, -0.2703 0.622 2.1728, -0.2703 0.622 2.1651, -0.2736 0.622 2.0604, -0.2057 0.622 2.1656, -0.2956 0.622 1.9957, -0.2973 0.622 1.9887, -0.2977 0.622 1.9887, -0.2985 0.622 1.9916, -0.2996 0.622 1.9956, -0.3235 0.622 2.06, -0.3391 0.622 2.0599, -0.3547 0.622 1.974, -0.593 0.622 2.0924, -0.6096 0.622 2.0923, -0.6545 0.622 1.9719, -1.2559 0.622 0.8443, -0.6254 0.622 2.0049, -0.5754 0.622 2.0053, -0.6374 0.622 1.972, -0.5636 0.622 1.9725, -0.4002 0.622 1.6028, -0.3776 0.622 1.6114, -0.5464 0.622 1.9726, -0.3543 0.622 1.6142, -0.4205 0.622 1.5886, -0.4361 0.622 1.5705, -0.447 0.622 1.5487, -0.4524 0.622 1.5246, -1.2113 0.622 0.8389, -0.4528 0.622 1.5157, -1.2248 0.622 0.8443, -1.2401 0.622 0.8464, -0.4371 0.622 0.7897, -0.4548 0.622 0.7965, -0.3231 0.622 1.0658, -0.4706 0.622 0.8072, -0.4528 0.622 1.1614, -0.4499 0.622 1.1381, -1.2 0.622 0.8307, -0.4414 0.622 1.1156, -0.5717 0.622 0.8307, -0.4272 0.622 1.0953, -0.5605 0.622 0.8389, -0.4091 0.622 1.0796, -0.5184 0.622 0.845, -0.5321 0.622 0.8465, -0.5464 0.622 0.8445, -0.483 0.622 0.8211, -0.4924 0.622 0.8316, -0.3474 0.622 1.063, -0.3543 0.622 1.063, -0.5047 0.622 0.84, -0.3873 0.622 1.0687, -0.3632 0.622 1.0634, -0.2892 0.622 1.082, -0.3025 0.622 1.0736, -0.4184 0.622 0.7874, -1.2539 0.622 0.8448, -0.3465 0.622 2.1671, -0.3602 0.622 2.1724, -0.4174 0.622 2.0937, -0.3609 0.622 2.1728, -0.4429 0.622 2.0935, -0.2216 0.622 2.2196, -0.2213 0.622 2.1792, -0.2704 0.622 2.1788, -0.2929 0.622 2.165, -0.326 0.622 2.1647, -0.371 0.622 2.0802, -0.3707 0.622 2.0417, -0.4173 0.622 2.0798, -0.4137 0.622 2.0414, -0.442 0.622 1.9734, -0.4136 0.622 2.0277, -0.2352 0.622 1.9775, -0.2273 0.622 1.9745, -0.259 0.622 1.9355, -0.1283 0.622 1.9736, -0.155 0.622 1.9754, -0.17 0.622 1.9753, -0.1193 0.622 1.9747, -0.1135 0.622 1.9769, -0.0867 0.622 1.9759, -0.1085 0.622 1.9805, -0.1021 0.622 1.9913, -0.0868 0.622 1.9896, -0.104 0.622 1.9863, -0.1072 0.622 1.9818, -0.1013 0.622 1.9988, -0.102 0.622 2.0057, -0.1038 0.622 2.0112, -0.107 0.622 2.0161, -0.1114 0.622 2.0201, -0.1099 0.622 2.0409, -0.1175 0.622 2.0234, -0.1204 0.622 2.0473, -0.1299 0.622 2.0266, -0.1433 0.622 2.0505, -0.1381 0.622 2.0511, -0.1298 0.622 2.0503, -0.1554 0.622 2.0299, -0.1549 0.622 2.0366, -0.1534 0.622 2.0419, -0.1516 0.622 2.0451, -0.1494 0.622 2.0475, -0.1467 0.622 2.0492, -0.147 0.622 1.9796, -0.1424 0.622 1.9766, -0.1363 0.622 1.9744, -0.1551 0.622 1.9887, -0.1547 0.622 1.9887, -0.1518 0.622 1.9845, -0.5224 0.622 2.077, -0.5266 0.622 2.0729, -0.5339 0.622 2.0624, -0.5383 0.622 2.0509, -0.5099 0.622 2.0857, -0.4883 0.622 2.1636, -0.5055 0.622 2.1635, -0.5402 0.622 2.0343, -0.5398 0.622 2.0266, -0.5368 0.622 2.0126, -0.5308 0.622 2.0002, -0.5218 0.622 1.9896, -0.5092 0.622 1.9808, -0.4955 0.622 1.9755, -0.475 0.622 1.9731, -0.4177 0.622 2.1728, -0.4145 0.622 2.1641, -0.4954 0.622 2.0911, -0.2807 0.622 1.9371, -0.2748 0.622 1.9349, -0.286 0.622 1.9407, -0.2995 0.622 1.9614, -0.2926 0.622 1.9482, -0.287 0.622 1.9416, -0.4193 0.622 1.9735, -0.4194 0.622 1.9872, -0.3703 0.622 1.9876, -0.3706 0.622 2.028, -0.2687 0.622 1.9342, -0.2654 0.622 1.9344, -0.2088 0.622 2.0454, -0.2075 0.622 2.0435, -0.2088 0.622 2.0432, -0.2067 0.622 2.0414, -0.2065 0.622 2.039, -0.223 0.622 2.0505, -0.2185 0.622 2.0502, -0.2145 0.622 2.0491, -0.2111 0.622 2.0474, -0.2066 0.622 2.037, -0.2072 0.622 2.0347, -0.2082 0.622 2.0327, -0.2097 0.622 2.031, -0.215 0.622 2.0277, -0.2319 0.622 2.0495, -0.2242 0.622 2.0236, -0.2405 0.622 2.0465, -0.2301 0.622 2.0212, -0.24 0.622 2.0155, -0.2436 0.622 2.0123, -0.2463 0.622 2.0082, -0.2479 0.622 2.0037, -0.2485 0.622 1.9981, -0.2477 0.622 1.9921, -0.2831 0.622 1.9591, -0.2459 0.622 1.9873, -0.28 0.622 1.9536, -0.243 0.622 1.9834, -0.2772 0.622 1.9505, -0.2387 0.622 1.9796, -0.2591 0.622 1.9489, -0.2622 0.622 1.9479, -0.2676 0.622 1.9471, -0.2716 0.622 1.9476, -0.2748 0.622 1.9489, -0.3727 0.622 2.1812, -0.3974 0.622 2.1642, -0.4771 0.622 2.0932, -0.1396 0.622 2.0633, -0.15 0.622 2.0621, -0.1411 0.622 2.1644, -0.156 0.622 2.06, -0.1608 0.622 2.0569, -0.1635 0.622 2.0543, -0.1962 0.622 2.052, -0.1666 0.622 2.0496, -0.1934 0.622 2.048, -0.169 0.622 2.0432, -0.1916 0.622 2.0431, -0.2007 0.622 2.056, -0.1667 0.622 2.1656, -0.2044 0.622 2.0583, -0.1796 0.622 2.1697, -0.2125 0.622 2.0613, -0.1817 0.622 2.1707, -0.1484 0.622 2.164, -0.2152 0.622 1.9852, -0.2159 0.622 1.9852, -0.2135 0.622 2.0127, -0.2234 0.622 2.0085, -0.2236 0.622 1.9861, -0.2275 0.622 1.9874, -0.2289 0.622 1.9883, -0.2306 0.622 1.9898, -0.2319 0.622 1.9917, -0.2327 0.622 1.9939, -0.2331 0.622 1.9967, -0.2329 0.622 1.9986, -0.2323 0.622 2.001, -0.2311 0.622 2.003, -0.2292 0.622 2.0049, -0.1976 0.622 2.0216, -0.1905 0.622 1.9937, -0.2046 0.622 2.0169, -0.1972 0.622 1.9896, -0.2066 0.622 1.9862, -0.1951 0.622 2.0242, -0.1704 0.622 2.0305, -0.1904 0.622 1.9782, -0.201 0.622 1.9744, -0.2137 0.622 1.973, -0.1932 0.622 2.0273, -0.1916 0.622 2.0319, -0.1909 0.622 2.0378, -0.1281 0.622 2.1671, -0.1168 0.622 2.1726, -0.0868 0.622 2.1664, -0.1165 0.622 2.1728, -0.0868 0.622 2.1728, -0.1072 0.622 2.1807, -0.0869 0.622 2.1801, -0.0992 0.622 2.192, -0.0944 0.622 2.2045, -0.023 0.622 2.0965, -0.0848 0.622 2.096, -0.0847 0.622 2.0822, -0.11 0.622 2.0555, -0.1131 0.622 2.0573, -0.1243 0.622 2.0615, -0.0381 0.622 2.0441, -0.081 0.622 2.0438, -0.0384 0.622 2.0825, -0.0809 0.622 2.03, -0.038 0.622 2.0303, -0.0377 0.622 1.9899, -0.0221 0.622 1.9764, -0.485 0.622 2.1728, -0.4763 0.622 2.1965, -0.4263 0.622 2.1969, -0.0254 0.7687 0.2669, -0.535 0.7677 0.2657, -0.535 0.7953 0.2657, 0.5075 0.7953 0.2657, 0.5075 0.7677 0.2657, -0.535 0.8228 0.2657, -0.0214 0.8219 0.2669, 0.5075 0.8228 0.2657, -1.6265 -0.874 -0.7021, -1.6169 -0.874 -0.6955, -1.6397 -0.874 -0.707, -1.6404 -0.874 -0.7071, -1.6142 -0.874 -0.6937, -1.6634 -0.874 -0.7087, -1.6535 -0.874 -0.7087, -1.6076 -0.874 -0.6862, -1.6053 -0.874 -0.6836, -1.6007 -0.874 -0.675, -1.5985 -0.874 -0.6709, -1.5964 -0.874 -0.6626, -1.5949 -0.874 -0.6565, -1.5961 -0.874 0.3091, -1.6011 -0.874 0.3224, -1.6018 -0.874 0.3202, -1.6076 -0.874 0.3319, -1.5945 -0.874 -0.6496, -1.5945 -0.874 0.2953, -1.5961 -0.874 0.3084, -1.6095 -0.874 0.3346, -1.6169 -0.874 0.3412, -1.6195 -0.874 0.3435, -1.6281 -0.874 0.3481, -1.6322 -0.874 0.3503, -1.6405 -0.874 0.3524, -1.6466 -0.874 0.3539, -1.6535 -0.874 0.3543, -1.6634 -0.874 0.3543, -1.6871 -0.874 0.3527, -1.6885 -0.874 0.3522, -1.6732 -0.874 0.3543, -1.7003 -0.874 0.3477, -1.7026 -0.874 0.3462, -1.7125 -0.874 0.3394, -1.7148 -0.874 0.3368, -1.7215 -0.874 0.3293, -1.724 -0.874 0.3246, -1.7283 -0.874 0.3166, -1.7298 -0.874 0.3104, -1.7319 -0.874 0.3022, -1.7306 -0.874 -0.6635, -1.7257 -0.874 -0.6767, -1.7249 -0.874 -0.6745, -1.7191 -0.874 -0.6862, -1.7323 -0.874 0.2953, -1.7323 -0.874 -0.6496, -1.7307 -0.874 -0.6627, -1.7173 -0.874 -0.6889, -1.7098 -0.874 -0.6955, -1.7072 -0.874 -0.6979, -1.6987 -0.874 -0.7025, -1.6946 -0.874 -0.7047, -1.6863 -0.874 -0.7067, -1.6801 -0.874 -0.7083, -1.6732 -0.874 -0.7087, -1.7329 -0.874 -0.6496, -1.7329 -0.874 0.2953, -1.7368 -0.8734 -0.6496, -1.7368 -0.8734 0.2953, -1.7374 -0.8733 -0.6496, -1.7374 -0.8733 0.2953, -1.7412 -0.8718 -0.6496, -1.7412 -0.8718 0.2953, -1.7417 -0.8716 -0.6496, -1.7417 -0.8716 0.2953, -1.7453 -0.869 -0.6496, -1.7453 -0.869 0.2953, -1.7458 -0.8686 -0.6496, -1.7458 -0.8686 0.2953, -1.7473 -0.867 -0.6496, -1.7473 -0.867 0.2953, -1.7483 -0.8656 -0.6496, -1.7483 -0.8656 0.2953, -1.75 -0.863 -0.6496, -1.75 -0.863 0.2953, -1.7505 -0.8614 -0.6496, -1.7505 -0.8614 0.2953, -1.7515 -0.8586 -0.6496, -1.7515 -0.8586 0.2953, -1.7517 -0.8569 -0.6496, -1.7517 -0.8569 0.2953, -1.752 -0.8543 0.2953, -1.752 -0.8543 -0.6496, -1.7315 -0.8543 0.3482, -1.7411 -0.8543 0.3344, -1.741 -0.8586 0.3344, -1.717 -0.8543 0.3607, -1.7287 -0.8543 0.3507, -1.7286 -0.8586 0.3506, -1.6996 -0.8543 0.3694, -1.7124 -0.8543 0.363, -1.7124 -0.8586 0.3631, -1.7309 -0.874 0.3107, -1.7249 -0.874 0.3251, -1.7154 -0.874 0.3375, -1.7125 -0.874 0.3394, -1.7031 -0.874 0.347, -1.6871 -0.874 0.3527, -1.6732 -0.8739 0.3549, -1.6887 -0.874 0.3529, -1.7353 -0.8733 0.3119, -1.7394 -0.8716 0.313, -1.7448 -0.867 0.3145, -1.7433 -0.8686 0.3141, -1.7473 -0.863 0.3151, -1.7488 -0.8586 0.3155, -1.6732 -0.8543 0.374, -1.6803 -0.8543 0.3737, -1.6732 -0.8569 0.3738, -1.6732 -0.8586 0.3734, -1.6732 -0.8735 0.3589, -1.6898 -0.8733 0.3573, -1.6732 -0.8719 0.3632, -1.691 -0.8716 0.3614, -1.6732 -0.869 0.3674, -1.692 -0.8686 0.3654, -1.6732 -0.8656 0.3704, -1.6924 -0.867 0.3669, -1.6732 -0.8614 0.3727, -1.6931 -0.863 0.3694, -1.6935 -0.8586 0.3709, -1.6935 -0.8543 0.3708, -1.7116 -0.863 0.3617, -1.7103 -0.867 0.3595, -1.7095 -0.8686 0.3581, -1.7075 -0.8716 0.3546, -1.7053 -0.8733 0.3509, -1.7275 -0.863 0.3495, -1.7256 -0.867 0.3477, -1.7245 -0.8686 0.3466, -1.7217 -0.8716 0.3437, -1.7186 -0.8733 0.3407, -1.7397 -0.863 0.3336, -1.7374 -0.867 0.3323, -1.7361 -0.8686 0.3316, -1.7325 -0.8716 0.3295, -1.7288 -0.8733 0.3274, -1.7428 -0.8543 0.332, -1.7497 -0.8543 0.3139, -1.7491 -0.8543 0.3156, -1.6535 -0.874 0.3549, -1.6535 -0.8734 0.3589, -1.6535 -0.8733 0.3595, -1.6535 -0.8718 0.3632, -1.6535 -0.8716 0.3638, -1.6535 -0.867 0.3694, -1.6535 -0.8686 0.3679, -1.6535 -0.869 0.3674, -1.6535 -0.8656 0.3703, -1.6535 -0.863 0.372, -1.6535 -0.8614 0.3726, -1.6535 -0.8586 0.3735, -1.6535 -0.8569 0.3737, -1.6535 -0.8543 0.374, -1.6349 -0.8543 0.3718, -1.636 -0.8543 0.3719, -1.6361 -0.8586 0.3716, -1.6169 -0.8543 0.3649, -1.6195 -0.8543 0.3659, -1.6196 -0.8586 0.3658, -1.6006 -0.8543 0.3536, -1.6047 -0.8543 0.3564, -1.6047 -0.8586 0.3565, -1.5881 -0.8543 0.3391, -1.5924 -0.8543 0.344, -1.5923 -0.8586 0.3441, -1.6403 -0.874 0.3534, -1.6277 -0.874 0.349, -1.6163 -0.874 0.3419, -1.6095 -0.874 0.3346, -1.6069 -0.874 0.3325, -1.5954 -0.874 0.3086, -1.5998 -0.874 0.3212, -1.5961 -0.874 0.3091, -1.6393 -0.8733 0.3579, -1.5939 -0.8739 0.2953, -1.5899 -0.8735 0.2953, -1.5909 -0.8733 0.3096, -1.5856 -0.8719 0.2953, -1.5868 -0.8716 0.3105, -1.5957 -0.8733 0.3231, -1.5918 -0.8716 0.325, -1.5882 -0.8686 0.3268, -1.6383 -0.8716 0.3621, -1.6033 -0.8733 0.3353, -1.6 -0.8716 0.338, -1.5968 -0.8686 0.3405, -1.5956 -0.867 0.3415, -1.6135 -0.8733 0.3455, -1.6108 -0.8716 0.3488, -1.6083 -0.8686 0.352, -1.6073 -0.867 0.3532, -1.6057 -0.863 0.3553, -1.6374 -0.8686 0.366, -1.6371 -0.867 0.3675, -1.6257 -0.8733 0.3531, -1.6238 -0.8716 0.357, -1.6221 -0.8686 0.3607, -1.6214 -0.867 0.362, -1.6203 -0.863 0.3644, -1.6365 -0.863 0.3701, -1.5787 -0.863 0.3123, -1.5761 -0.8614 0.2953, -1.5754 -0.8586 0.2953, -1.5772 -0.8586 0.3127, -1.583 -0.8586 0.3292, -1.575 -0.8569 0.2953, -1.5748 -0.8543 0.2953, -1.5751 -0.8543 0.3023, -1.5774 -0.8543 0.3127, -1.5794 -0.8543 0.3216, -1.5832 -0.8543 0.3292, -1.5784 -0.8656 0.2953, -1.5813 -0.867 0.3118, -1.5844 -0.863 0.3286, -1.5814 -0.869 0.2953, -1.5828 -0.8686 0.3114, -1.5868 -0.867 0.3274, -1.5936 -0.863 0.3431, -1.5939 -0.874 -0.6496, -1.5899 -0.8734 -0.6496, -1.5893 -0.8733 -0.6496, -1.5856 -0.8718 -0.6496, -1.585 -0.8716 -0.6496, -1.5814 -0.869 -0.6496, -1.581 -0.8686 -0.6496, -1.5794 -0.867 -0.6496, -1.5785 -0.8656 -0.6496, -1.5768 -0.863 -0.6496, -1.5763 -0.8614 -0.6496, -1.5753 -0.8586 -0.6496, -1.5751 -0.8569 -0.6496, -1.5748 -0.8543 -0.6496, -1.5772 -0.8586 -0.667, -1.5952 -0.8543 -0.7025, -1.5924 -0.8543 -0.6984, -1.5923 -0.8586 -0.6984, -1.6097 -0.8543 -0.715, -1.6048 -0.8543 -0.7108, -1.6047 -0.8586 -0.7108, -1.5787 -0.863 -0.6667, -1.5813 -0.867 -0.6661, -1.5868 -0.8716 -0.6648, -1.5909 -0.8733 -0.6639, -1.5954 -0.874 -0.6629, -1.5998 -0.874 -0.6755, -1.6397 -0.874 -0.707, -1.6403 -0.874 -0.7078, -1.6535 -0.8739 -0.7093, -1.6163 -0.874 -0.6963, -1.6069 -0.874 -0.6868, -1.6142 -0.874 -0.6937, -1.5957 -0.8733 -0.6775, -1.5828 -0.8686 -0.6658, -1.5918 -0.8716 -0.6793, -1.6033 -0.8733 -0.6896, -1.5882 -0.8686 -0.6811, -1.6 -0.8716 -0.6923, -1.6135 -0.8733 -0.6998, -1.6277 -0.874 -0.7034, -1.5868 -0.867 -0.6818, -1.5968 -0.8686 -0.6949, -1.6108 -0.8716 -0.7032, -1.6257 -0.8733 -0.7075, -1.6365 -0.863 -0.7244, -1.6535 -0.8614 -0.727, -1.6535 -0.8586 -0.7278, -1.6361 -0.8586 -0.7259, -1.6196 -0.8586 -0.7201, -1.6535 -0.8735 -0.7132, -1.6535 -0.8719 -0.7176, -1.6393 -0.8733 -0.7122, -1.6383 -0.8716 -0.7164, -1.6238 -0.8716 -0.7113, -1.6221 -0.8686 -0.715, -1.6083 -0.8686 -0.7063, -1.6073 -0.867 -0.7075, -1.5956 -0.867 -0.6958, -1.5936 -0.863 -0.6974, -1.5844 -0.863 -0.6829, -1.583 -0.8586 -0.6836, -1.6535 -0.8569 -0.7282, -1.6535 -0.8543 -0.7283, -1.6465 -0.8543 -0.728, -1.6362 -0.8543 -0.7258, -1.6272 -0.8543 -0.7238, -1.6197 -0.8543 -0.72, -1.6535 -0.8656 -0.7248, -1.6371 -0.867 -0.7219, -1.6203 -0.863 -0.7187, -1.6535 -0.869 -0.7217, -1.6374 -0.8686 -0.7204, -1.6214 -0.867 -0.7164, -1.6057 -0.863 -0.7096, -1.5839 -0.8543 -0.6863, -1.5769 -0.8543 -0.6671, -1.5771 -0.8543 -0.6683, -1.5829 -0.8543 -0.6837, -1.6732 -0.874 -0.7093, -1.6732 -0.8734 -0.7132, -1.6732 -0.8733 -0.7138, -1.6732 -0.869 -0.7217, -1.6732 -0.8716 -0.7181, -1.6732 -0.8718 -0.7175, -1.6732 -0.8686 -0.7222, -1.6732 -0.867 -0.7237, -1.6732 -0.8656 -0.7247, -1.6732 -0.863 -0.7263, -1.6732 -0.8614 -0.7269, -1.6732 -0.8586 -0.7279, -1.6732 -0.8569 -0.7281, -1.6732 -0.8543 -0.7283, -1.6919 -0.8543 -0.7261, -1.6907 -0.8543 -0.7262, -1.6906 -0.8586 -0.7259, -1.7099 -0.8543 -0.7192, -1.7073 -0.8543 -0.7202, -1.7072 -0.8586 -0.7201, -1.7261 -0.8543 -0.7079, -1.722 -0.8543 -0.7108, -1.722 -0.8586 -0.7108, -1.7386 -0.8543 -0.6934, -1.7344 -0.8543 -0.6984, -1.7344 -0.8586 -0.6984, -1.748 -0.863 -0.6667, -1.744 -0.8686 -0.6658, -1.6865 -0.874 -0.7078, -1.6991 -0.874 -0.7034, -1.7104 -0.874 -0.6963, -1.7173 -0.874 -0.6889, -1.7199 -0.874 -0.6868, -1.7314 -0.874 -0.6629, -1.727 -0.874 -0.6755, -1.7306 -0.874 -0.6635, -1.7358 -0.8733 -0.6639, -1.6875 -0.8733 -0.7122, -1.74 -0.8716 -0.6648, -1.7311 -0.8733 -0.6775, -1.7349 -0.8716 -0.6793, -1.7386 -0.8686 -0.6811, -1.6885 -0.8716 -0.7164, -1.7234 -0.8733 -0.6896, -1.7268 -0.8716 -0.6923, -1.73 -0.8686 -0.6949, -1.7312 -0.867 -0.6958, -1.7133 -0.8733 -0.6998, -1.7159 -0.8716 -0.7032, -1.7185 -0.8686 -0.7063, -1.7194 -0.867 -0.7075, -1.7211 -0.863 -0.7096, -1.6894 -0.8686 -0.7204, -1.6897 -0.867 -0.7219, -1.7011 -0.8733 -0.7075, -1.7029 -0.8716 -0.7113, -1.7047 -0.8686 -0.715, -1.7054 -0.867 -0.7164, -1.7065 -0.863 -0.7187, -1.6903 -0.863 -0.7244, -1.7495 -0.8586 -0.667, -1.7438 -0.8586 -0.6836, -1.7517 -0.8543 -0.6567, -1.7494 -0.8543 -0.667, -1.7474 -0.8543 -0.6759, -1.7436 -0.8543 -0.6835, -1.7455 -0.867 -0.6661, -1.7424 -0.863 -0.6829, -1.74 -0.867 -0.6818, -1.7332 -0.863 -0.6974, -0.5903 -0.8543 0.5843, -0.5906 -0.8543 0.5911, -0.8593 -0.8543 0.5912, -1.565 -0.8543 -0.7677, -1.7618 -0.8543 -0.7677, -1.7689 -0.8543 -0.7674, -1.7756 -0.8543 -0.7659, -1.7882 -0.8543 -0.7631, -1.7933 -0.8543 -0.7605, -1.8097 -0.8543 -0.7509, -1.8056 -0.8543 -0.7544, -1.838 -0.8543 -0.7085, -1.8314 -0.8543 -0.7257, -1.8314 -0.8543 -0.7257, -1.8201 -0.8543 -0.7419, -1.8198 -0.8543 -0.7422, -1.8383 -0.8543 -0.7076, -1.8406 -0.8543 -0.689, -1.8406 -0.8543 0.3448, -1.8094 -0.8543 0.424, -1.8234 -0.8543 0.4061, -1.8256 -0.8543 0.4014, -1.8352 -0.8543 0.3799, -1.8364 -0.8543 0.3737, -1.8403 -0.8543 0.3535, -1.806 -0.8543 0.4283, -1.757 -0.8543 0.4772, -1.753 -0.8543 0.481, -1.7302 -0.8543 0.4971, -1.7507 -0.8543 0.4832, -1.6735 -0.8543 0.5118, -1.7015 -0.8543 0.5085, -1.7025 -0.8543 0.5081, -1.7284 -0.8543 0.4983, -1.2992 -0.8543 0.5118, -1.2915 -0.8543 0.5121, -1.2395 -0.8543 0.528, -1.2515 -0.8543 0.5227, -1.2633 -0.8543 0.5174, -1.2781 -0.8543 0.5146, -1.4862 -0.8543 -0.689, -1.4862 -0.8543 0.1378, -1.4865 -0.8543 -0.696, -1.488 -0.8543 -0.7028, -1.4908 -0.8543 -0.7153, -1.484 -0.8543 0.1565, -1.4837 -0.8543 0.1573, -1.4771 -0.8543 0.1745, -1.512 -0.8543 -0.7473, -1.5117 -0.8543 -0.7469, -1.5031 -0.8543 -0.7369, -1.4995 -0.8543 -0.7328, -1.4934 -0.8543 -0.7205, -1.4513 -0.8543 0.2032, -1.4554 -0.8543 0.1997, -1.4771 -0.8543 0.1745, -1.4658 -0.8543 0.1907, -1.4654 -0.8543 0.191, -1.439 -0.8543 0.2094, -1.2127 -0.8543 0.5503, -1.2167 -0.8543 0.5454, -0.8593 -0.8543 0.2165, -1.1876 -0.8543 0.5914, -1.1955 -0.8543 0.575, -1.2 -0.8543 0.5659, -1.2272 -0.8543 0.5374, -1.4075 -0.8543 0.2165, -1.4338 -0.8543 0.212, -1.4213 -0.8543 0.2147, -1.4145 -0.8543 0.2162, -1.5282 -0.8543 -0.7586, -1.5283 -0.8543 -0.7586, -1.5455 -0.8543 -0.7651, -1.5463 -0.8543 -0.7655, 0.1339 -0.8543 0.2165, 0.1339 -0.8543 0.5118, -0.5118 -0.8543 0.5118, -0.5253 -0.8543 0.5135, -0.5306 -0.8543 0.5141, -0.543 -0.8543 0.5189, -0.5487 -0.8543 0.5211, -0.5593 -0.8543 0.5285, -0.565 -0.8543 0.5325, -0.5697 -0.8543 0.538, -0.5876 -0.8543 0.5716, -0.5774 -0.8543 0.5471, -0.5811 -0.8543 0.5545, -0.5862 -0.8543 0.5649, -1.4075 -0.7953 0.2165, -0.8593 -0.7362 0.2165, 0.1339 -0.7362 0.2165, 0.1339 -0.7953 0.2165, -1.4075 -0.7362 0.2165, -1.4214 -0.7362 0.2149, -1.4261 -0.7362 0.2143, -1.4391 -0.7362 0.2094, -1.4442 -0.7362 0.2074, -1.4554 -0.7362 0.1996, -1.4604 -0.7362 0.1961, -1.465 -0.7362 0.1907, -1.4766 -0.7362 0.1743, -1.4729 -0.7362 0.1816, -1.4859 -0.7362 0.1449, -1.4832 -0.7362 0.1572, -1.4816 -0.7362 0.1641, -1.4862 -0.7953 0.1378, -1.4862 -0.7362 0.1378, -1.4862 -0.7362 -0.689, -1.4862 -0.7953 -0.689, -1.565 -0.7362 -0.7677, -1.5579 -0.7362 -0.7674, -1.565 -0.7953 -0.7677, -1.5456 -0.7362 -0.7647, -1.5386 -0.7362 -0.7631, -1.5285 -0.7362 -0.7581, -1.5212 -0.7362 -0.7544, -1.4879 -0.7362 -0.7029, -1.512 -0.7362 -0.7465, -1.5067 -0.7362 -0.7419, -1.5031 -0.7362 -0.7369, -1.4953 -0.7362 -0.7257, -1.4934 -0.7362 -0.7206, -1.4885 -0.7362 -0.7076, -1.7618 -0.7362 -0.7677, -1.7618 -0.7953 -0.7677, -1.8406 -0.7362 -0.689, -1.8403 -0.7362 -0.696, -1.8406 -0.7953 -0.689, -1.8375 -0.7362 -0.7084, -1.836 -0.7362 -0.7153, -1.8309 -0.7362 -0.7255, -1.8272 -0.7362 -0.7328, -1.7757 -0.7362 -0.766, -1.8194 -0.7362 -0.7419, -1.8147 -0.7362 -0.7473, -1.8097 -0.7362 -0.7508, -1.7985 -0.7362 -0.7586, -1.7934 -0.7362 -0.7605, -1.7805 -0.7362 -0.7655, -1.8406 -0.7953 0.3448, -1.8406 -0.7362 0.3448, -1.806 -0.7953 0.4283, -1.806 -0.7362 0.4283, -1.8098 -0.7362 0.4242, -1.8119 -0.7362 0.4219, -1.8258 -0.7362 0.4014, -1.827 -0.7362 0.3997, -1.8368 -0.7362 0.3738, -1.8372 -0.7362 0.3728, -1.757 -0.7362 0.4772, -1.757 -0.7953 0.4772, -1.6735 -0.7953 0.5118, -1.6735 -0.7362 0.5118, -1.6823 -0.7362 0.5115, -1.7527 -0.7362 0.4806, -1.7349 -0.7362 0.4947, -1.7301 -0.7362 0.4968, -1.7086 -0.7362 0.5065, -1.7025 -0.7362 0.5077, 0.1339 -0.7362 0.5118, 0.1339 -0.7953 0.5118, 1.7003 -0.874 -0.7021, 1.7099 -0.874 -0.6955, 1.6871 -0.874 -0.707, 1.6864 -0.874 -0.7071, 1.7125 -0.874 -0.6937, 1.6634 -0.874 -0.7087, 1.6732 -0.874 -0.7087, 1.7192 -0.874 -0.6862, 1.7215 -0.874 -0.6836, 1.7261 -0.874 -0.675, 1.7283 -0.874 -0.6709, 1.7304 -0.874 -0.6626, 1.7319 -0.874 -0.6565, 1.7306 -0.874 0.3091, 1.7257 -0.874 0.3224, 1.7249 -0.874 0.3202, 1.7191 -0.874 0.3319, 1.7323 -0.874 -0.6496, 1.7323 -0.874 0.2953, 1.7307 -0.874 0.3084, 1.7173 -0.874 0.3346, 1.7098 -0.874 0.3412, 1.7072 -0.874 0.3435, 1.6987 -0.874 0.3481, 1.6945 -0.874 0.3503, 1.6863 -0.874 0.3524, 1.6801 -0.874 0.3539, 1.6732 -0.874 0.3543, 1.6634 -0.874 0.3543, 1.6397 -0.874 0.3527, 1.6383 -0.874 0.3522, 1.6535 -0.874 0.3543, 1.6265 -0.874 0.3477, 1.6242 -0.874 0.3462, 1.6142 -0.874 0.3394, 1.612 -0.874 0.3368, 1.6053 -0.874 0.3293, 1.6028 -0.874 0.3246, 1.5985 -0.874 0.3166, 1.597 -0.874 0.3104, 1.5949 -0.874 0.3022, 1.5961 -0.874 -0.6635, 1.6011 -0.874 -0.6767, 1.6018 -0.874 -0.6745, 1.6076 -0.874 -0.6862, 1.5945 -0.874 0.2953, 1.5945 -0.874 -0.6496, 1.596 -0.874 -0.6627, 1.6095 -0.874 -0.6889, 1.6169 -0.874 -0.6955, 1.6195 -0.874 -0.6979, 1.6281 -0.874 -0.7025, 1.6322 -0.874 -0.7047, 1.6405 -0.874 -0.7067, 1.6466 -0.874 -0.7083, 1.6535 -0.874 -0.7087, -1.5945 0.874 -0.6496, -1.5961 0.874 -0.6627, -1.7323 0.874 -0.1772, -1.5961 0.874 -0.6635, -1.6011 0.874 -0.6767, -1.6076 0.874 -0.6862, -1.6095 0.874 -0.6889, -1.6169 0.874 -0.6955, -1.6195 0.874 -0.6979, -1.6281 0.874 -0.7025, -1.6322 0.874 -0.7047, -1.6405 0.874 -0.7067, -1.7099 0.874 -0.6955, -1.6981 0.874 -0.7013, -1.6466 0.874 -0.7083, -1.6535 0.874 -0.7087, -1.6732 0.874 -0.7087, -1.6864 0.874 -0.7071, -1.6871 0.874 -0.707, -1.7003 0.874 -0.7021, -1.7125 0.874 -0.6937, -1.7192 0.874 -0.6862, -1.7215 0.874 -0.6836, -1.7261 0.874 -0.675, -1.7283 0.874 -0.6709, -1.7304 0.874 -0.6626, -1.7319 0.874 -0.6565, -1.7323 0.874 -0.6496, -1.7301 0.874 0.3105, -1.597 0.874 0.3104, -1.7306 0.874 0.3091, -1.7323 0.874 0.2953, -1.7257 0.874 0.3224, -1.7241 0.874 0.3246, -1.7173 0.874 0.3346, -1.7148 0.874 0.3368, -1.7072 0.874 0.3435, -1.7026 0.874 0.346, -1.6808 0.874 0.3531, -1.6884 0.874 0.3519, -1.6801 0.874 0.3539, -1.6383 0.874 0.3522, -1.6397 0.874 0.3527, -1.6535 0.874 0.3543, -1.6732 0.874 0.3543, -1.6265 0.874 0.3477, -1.6242 0.874 0.3462, -1.6142 0.874 0.3394, -1.612 0.874 0.3368, -1.6053 0.874 0.3293, -1.6028 0.874 0.3246, -1.6946 0.874 0.3503, -1.5985 0.874 0.3166, -1.5949 0.874 0.3022, -1.5945 0.874 0.2953, -1.5945 0.874 -0.1772, 1.5945 0.874 0.2953, 1.596 0.874 0.3084, 1.7323 0.874 -0.1772, 1.5961 0.874 0.3091, 1.6011 0.874 0.3224, 1.6076 0.874 0.3319, 1.6095 0.874 0.3346, 1.6169 0.874 0.3412, 1.6195 0.874 0.3435, 1.6281 0.874 0.3481, 1.6322 0.874 0.3503, 1.6405 0.874 0.3524, 1.6732 0.874 0.3543, 1.6871 0.874 0.3527, 1.6885 0.874 0.3522, 1.6466 0.874 0.3539, 1.647 0.874 0.3534, 1.6535 0.874 0.3543, 1.7003 0.874 0.3477, 1.7026 0.874 0.3462, 1.7125 0.874 0.3394, 1.7148 0.874 0.3368, 1.7215 0.874 0.3293, 1.724 0.874 0.3246, 1.7283 0.874 0.3166, 1.7298 0.874 0.3104, 1.7319 0.874 0.3022, 1.7323 0.874 0.2953, 1.7323 0.874 -0.6496, 1.7307 0.874 -0.6627, 1.5964 0.874 -0.6626, 1.7306 0.874 -0.6635, 1.7257 0.874 -0.6767, 1.7191 0.874 -0.6862, 1.7173 0.874 -0.6889, 1.7098 0.874 -0.6955, 1.7072 0.874 -0.6979, 1.6987 0.874 -0.7025, 1.6732 0.874 -0.7087, 1.6287 0.874 -0.7013, 1.6801 0.874 -0.7083, 1.6863 0.874 -0.7067, 1.6535 0.874 -0.7087, 1.6404 0.874 -0.7071, 1.6397 0.874 -0.707, 1.6265 0.874 -0.7021, 1.6169 0.874 -0.6955, 1.6142 0.874 -0.6937, 1.6076 0.874 -0.6862, 1.6053 0.874 -0.6836, 1.6007 0.874 -0.675, 1.6945 0.874 -0.7047, 1.5985 0.874 -0.6709, 1.5949 0.874 -0.6565, 1.5945 0.874 -0.6496, 1.5945 0.874 -0.1772, -1.2992 -0.7953 0.5118, -1.2992 -0.7362 0.5118, -0.5118 -0.7953 0.5118, -0.5118 -0.7362 0.5118, -0.8593 -0.7362 0.5912, -0.5905 -0.7362 0.5911, -0.59 -0.7362 0.5813, -0.5877 -0.7362 0.5716, -0.5857 -0.7362 0.5633, -0.5811 -0.7362 0.5545, -0.5769 -0.7362 0.5463, -0.5697 -0.7362 0.538, -0.5641 -0.7362 0.5317, -0.5594 -0.7362 0.5284, -0.5481 -0.7362 0.5207, -0.543 -0.7362 0.5187, -0.5313 -0.7362 0.5143, -0.5253 -0.7362 0.5135, -1.2512 -0.7362 0.522, -1.2267 -0.7362 0.5367, -1.1876 -0.7362 0.5914, -1.1948 -0.7362 0.5747, -1.2123 -0.7362 0.5499, -1.278 -0.7362 0.5137, 1.5939 -0.874 -0.6496, 1.5939 -0.874 0.2953, 1.5899 -0.8734 -0.6496, 1.5899 -0.8734 0.2953, 1.5893 -0.8733 -0.6496, 1.5893 -0.8733 0.2953, 1.5856 -0.8718 -0.6496, 1.5856 -0.8718 0.2953, 1.585 -0.8716 -0.6496, 1.585 -0.8716 0.2953, 1.5814 -0.869 -0.6496, 1.5814 -0.869 0.2953, 1.581 -0.8686 -0.6496, 1.581 -0.8686 0.2953, 1.5794 -0.867 -0.6496, 1.5794 -0.867 0.2953, 1.5785 -0.8656 -0.6496, 1.5785 -0.8656 0.2953, 1.5768 -0.863 -0.6496, 1.5768 -0.863 0.2953, 1.5762 -0.8614 -0.6496, 1.5762 -0.8614 0.2953, 1.5753 -0.8586 -0.6496, 1.5753 -0.8586 0.2953, 1.5751 -0.8569 -0.6496, 1.5751 -0.8569 0.2953, 1.5748 -0.8543 0.2953, 1.5748 -0.8543 -0.6496, 1.5952 -0.8543 0.3482, 1.5856 -0.8543 0.3344, 1.5858 -0.8586 0.3344, 1.6097 -0.8543 0.3607, 1.5981 -0.8543 0.3507, 1.5982 -0.8586 0.3506, 1.6272 -0.8543 0.3694, 1.6144 -0.8543 0.363, 1.6144 -0.8586 0.3631, 1.5959 -0.874 0.3107, 1.6019 -0.874 0.3251, 1.6113 -0.874 0.3375, 1.6142 -0.874 0.3394, 1.6237 -0.874 0.347, 1.6397 -0.874 0.3527, 1.6535 -0.8739 0.3549, 1.6381 -0.874 0.3529, 1.5915 -0.8733 0.3119, 1.5874 -0.8716 0.313, 1.582 -0.867 0.3145, 1.5834 -0.8686 0.3141, 1.5794 -0.863 0.3151, 1.5779 -0.8586 0.3155, 1.6535 -0.8543 0.374, 1.6465 -0.8543 0.3737, 1.6535 -0.8569 0.3738, 1.6535 -0.8586 0.3734, 1.6535 -0.8735 0.3589, 1.6369 -0.8733 0.3573, 1.6535 -0.8719 0.3632, 1.6358 -0.8716 0.3614, 1.6535 -0.869 0.3674, 1.6348 -0.8686 0.3654, 1.6535 -0.8656 0.3704, 1.6344 -0.867 0.3669, 1.6535 -0.8614 0.3727, 1.6337 -0.863 0.3694, 1.6333 -0.8586 0.3709, 1.6333 -0.8543 0.3708, 1.6152 -0.863 0.3617, 1.6165 -0.867 0.3595, 1.6173 -0.8686 0.3581, 1.6193 -0.8716 0.3546, 1.6214 -0.8733 0.3509, 1.5993 -0.863 0.3495, 1.6011 -0.867 0.3477, 1.6022 -0.8686 0.3466, 1.6051 -0.8716 0.3437, 1.6081 -0.8733 0.3407, 1.5871 -0.863 0.3336, 1.5894 -0.867 0.3323, 1.5907 -0.8686 0.3316, 1.5942 -0.8716 0.3295, 1.5979 -0.8733 0.3274, 1.5839 -0.8543 0.332, 1.5771 -0.8543 0.3139, 1.5777 -0.8543 0.3156, 1.6732 -0.874 0.3549, 1.6732 -0.8734 0.3589, 1.6732 -0.8733 0.3595, 1.6732 -0.869 0.3674, 1.6732 -0.8716 0.3638, 1.6732 -0.8718 0.3632, 1.6732 -0.8686 0.3679, 1.6732 -0.867 0.3694, 1.6732 -0.8656 0.3703, 1.6732 -0.863 0.372, 1.6732 -0.8614 0.3726, 1.6732 -0.8586 0.3735, 1.6732 -0.8569 0.3737, 1.6732 -0.8543 0.374, 1.6906 -0.8586 0.3716, 1.7261 -0.8543 0.3536, 1.722 -0.8543 0.3564, 1.722 -0.8586 0.3565, 1.7386 -0.8543 0.3391, 1.7344 -0.8543 0.344, 1.7344 -0.8586 0.3441, 1.6903 -0.863 0.3701, 1.6897 -0.867 0.3675, 1.6885 -0.8716 0.3621, 1.6875 -0.8733 0.3579, 1.6865 -0.874 0.3534, 1.6991 -0.874 0.349, 1.7306 -0.874 0.3091, 1.7314 -0.874 0.3086, 1.7329 -0.8739 0.2953, 1.7199 -0.874 0.3325, 1.7104 -0.874 0.3419, 1.7173 -0.874 0.3346, 1.7011 -0.8733 0.3531, 1.6894 -0.8686 0.366, 1.7029 -0.8716 0.357, 1.7133 -0.8733 0.3455, 1.7047 -0.8686 0.3607, 1.7159 -0.8716 0.3488, 1.7234 -0.8733 0.3353, 1.727 -0.874 0.3212, 1.7054 -0.867 0.362, 1.7185 -0.8686 0.352, 1.7268 -0.8716 0.338, 1.7311 -0.8733 0.3231, 1.748 -0.863 0.3123, 1.7506 -0.8614 0.2953, 1.7514 -0.8586 0.2953, 1.7495 -0.8586 0.3127, 1.7437 -0.8586 0.3292, 1.7369 -0.8735 0.2953, 1.7412 -0.8719 0.2953, 1.7358 -0.8733 0.3096, 1.74 -0.8716 0.3105, 1.7349 -0.8716 0.325, 1.7386 -0.8686 0.3268, 1.73 -0.8686 0.3405, 1.7312 -0.867 0.3415, 1.7194 -0.867 0.3532, 1.7211 -0.863 0.3553, 1.7065 -0.863 0.3644, 1.7072 -0.8586 0.3658, 1.7518 -0.8569 0.2953, 1.752 -0.8543 0.2953, 1.7517 -0.8543 0.3023, 1.7494 -0.8543 0.3127, 1.7474 -0.8543 0.3216, 1.7436 -0.8543 0.3292, 1.7484 -0.8656 0.2953, 1.7455 -0.867 0.3118, 1.7424 -0.863 0.3286, 1.7454 -0.869 0.2953, 1.744 -0.8686 0.3114, 1.74 -0.867 0.3274, 1.7332 -0.863 0.3431, 1.7099 -0.8543 0.3649, 1.6907 -0.8543 0.3719, 1.6919 -0.8543 0.3718, 1.7073 -0.8543 0.3659, 1.7329 -0.874 -0.6496, 1.7368 -0.8734 -0.6496, 1.7374 -0.8733 -0.6496, 1.7412 -0.8718 -0.6496, 1.7417 -0.8716 -0.6496, 1.7453 -0.869 -0.6496, 1.7458 -0.8686 -0.6496, 1.7473 -0.867 -0.6496, 1.7483 -0.8656 -0.6496, 1.7499 -0.863 -0.6496, 1.7505 -0.8614 -0.6496, 1.7515 -0.8586 -0.6496, 1.7517 -0.8569 -0.6496, 1.752 -0.8543 -0.6496, 1.7495 -0.8586 -0.667, 1.7315 -0.8543 -0.7025, 1.7344 -0.8543 -0.6984, 1.7344 -0.8586 -0.6984, 1.717 -0.8543 -0.715, 1.722 -0.8543 -0.7108, 1.722 -0.8586 -0.7108, 1.748 -0.863 -0.6667, 1.7455 -0.867 -0.6661, 1.74 -0.8716 -0.6648, 1.7358 -0.8733 -0.6639, 1.7314 -0.874 -0.6629, 1.727 -0.874 -0.6755, 1.6871 -0.874 -0.707, 1.6865 -0.874 -0.7078, 1.6732 -0.8739 -0.7093, 1.7104 -0.874 -0.6963, 1.7199 -0.874 -0.6868, 1.7125 -0.874 -0.6937, 1.7311 -0.8733 -0.6775, 1.744 -0.8686 -0.6658, 1.7349 -0.8716 -0.6793, 1.7234 -0.8733 -0.6896, 1.7386 -0.8686 -0.6811, 1.7268 -0.8716 -0.6923, 1.7133 -0.8733 -0.6998, 1.6991 -0.874 -0.7034, 1.74 -0.867 -0.6818, 1.73 -0.8686 -0.6949, 1.7159 -0.8716 -0.7032, 1.7011 -0.8733 -0.7075, 1.6903 -0.863 -0.7244, 1.6732 -0.8614 -0.727, 1.6732 -0.8586 -0.7278, 1.6906 -0.8586 -0.7259, 1.7072 -0.8586 -0.7201, 1.6732 -0.8735 -0.7132, 1.6732 -0.8719 -0.7176, 1.6875 -0.8733 -0.7122, 1.6885 -0.8716 -0.7164, 1.7029 -0.8716 -0.7113, 1.7047 -0.8686 -0.715, 1.7185 -0.8686 -0.7063, 1.7194 -0.867 -0.7075, 1.7312 -0.867 -0.6958, 1.7332 -0.863 -0.6974, 1.7424 -0.863 -0.6829, 1.7437 -0.8586 -0.6836, 1.6732 -0.8569 -0.7282, 1.6732 -0.8543 -0.7283, 1.6803 -0.8543 -0.728, 1.6906 -0.8543 -0.7258, 1.6996 -0.8543 -0.7238, 1.7071 -0.8543 -0.72, 1.6732 -0.8656 -0.7248, 1.6897 -0.867 -0.7219, 1.7065 -0.863 -0.7187, 1.6732 -0.869 -0.7217, 1.6894 -0.8686 -0.7204, 1.7054 -0.867 -0.7164, 1.7211 -0.863 -0.7096, 1.7428 -0.8543 -0.6863, 1.7499 -0.8543 -0.6671, 1.7497 -0.8543 -0.6683, 1.7439 -0.8543 -0.6837, 1.6535 -0.874 -0.7093, 1.6535 -0.8734 -0.7132, 1.6535 -0.8733 -0.7138, 1.6535 -0.8718 -0.7175, 1.6535 -0.8716 -0.7181, 1.6535 -0.867 -0.7237, 1.6535 -0.8686 -0.7222, 1.6535 -0.869 -0.7217, 1.6535 -0.8656 -0.7247, 1.6535 -0.863 -0.7263, 1.6535 -0.8614 -0.7269, 1.6535 -0.8586 -0.7279, 1.6535 -0.8569 -0.7281, 1.6535 -0.8543 -0.7283, 1.6361 -0.8586 -0.7259, 1.6006 -0.8543 -0.7079, 1.6047 -0.8543 -0.7108, 1.6047 -0.8586 -0.7108, 1.5881 -0.8543 -0.6934, 1.5924 -0.8543 -0.6984, 1.5923 -0.8586 -0.6984, 1.6365 -0.863 -0.7244, 1.6371 -0.867 -0.7219, 1.5787 -0.863 -0.6667, 1.6383 -0.8716 -0.7164, 1.5828 -0.8686 -0.6658, 1.5868 -0.8716 -0.6648, 1.6393 -0.8733 -0.7122, 1.6403 -0.874 -0.7078, 1.6277 -0.874 -0.7034, 1.5909 -0.8733 -0.6639, 1.5961 -0.874 -0.6635, 1.5954 -0.874 -0.6629, 1.6069 -0.874 -0.6868, 1.6163 -0.874 -0.6963, 1.6095 -0.874 -0.6889, 1.6257 -0.8733 -0.7075, 1.6374 -0.8686 -0.7204, 1.6238 -0.8716 -0.7113, 1.6135 -0.8733 -0.6998, 1.6221 -0.8686 -0.715, 1.6108 -0.8716 -0.7032, 1.6033 -0.8733 -0.6896, 1.5998 -0.874 -0.6755, 1.6214 -0.867 -0.7164, 1.6083 -0.8686 -0.7063, 1.6 -0.8716 -0.6923, 1.5957 -0.8733 -0.6775, 1.5772 -0.8586 -0.667, 1.583 -0.8586 -0.6836, 1.5918 -0.8716 -0.6793, 1.5882 -0.8686 -0.6811, 1.5968 -0.8686 -0.6949, 1.5956 -0.867 -0.6958, 1.6073 -0.867 -0.7075, 1.6057 -0.863 -0.7096, 1.6203 -0.863 -0.7187, 1.6196 -0.8586 -0.7201, 1.5751 -0.8543 -0.6567, 1.5774 -0.8543 -0.667, 1.5794 -0.8543 -0.6759, 1.5832 -0.8543 -0.6835, 1.5813 -0.867 -0.6661, 1.5844 -0.863 -0.6829, 1.5868 -0.867 -0.6818, 1.5936 -0.863 -0.6974, 1.6168 -0.8543 -0.7192, 1.636 -0.8543 -0.7262, 1.6349 -0.8543 -0.7261, 1.6195 -0.8543 -0.7202, -0.5474 0.8338 0.2766, -0.5541 0.8398 0.2825, -0.0214 0.8538 0.2945, -0.5622 0.8444 0.2866, -0.569 0.8484 0.2901, -0.5798 0.852 0.2932, -0.5823 0.8528 0.2939, -0.5921 0.8543 0.2952, -0.0 0.8537 0.2944, 0.5492 0.8532 0.2937, 0.5372 0.847 0.2887, 0.5327 0.8447 0.2869, 0.5218 0.8358 0.279, 0.5145 0.8298 0.2738, -1.7261 0.8543 0.3536, -1.7124 0.8543 0.3632, -1.7124 0.8586 0.3631, -1.7386 0.8543 0.3391, -1.7286 0.8543 0.3507, -1.7286 0.8586 0.3506, -1.7474 0.8543 0.3216, -1.741 0.8543 0.3344, -1.741 0.8586 0.3344, -1.7031 0.874 0.347, -1.7154 0.874 0.3375, -1.7173 0.874 0.3346, -1.7249 0.874 0.3251, -1.7306 0.874 0.3091, -1.7329 0.8739 0.2953, -1.7309 0.874 0.3107, -1.6732 0.8739 0.3549, -1.6732 0.8569 0.3738, -1.6732 0.8586 0.3734, -1.6935 0.8586 0.3709, -1.6732 0.8614 0.3727, -1.6931 0.863 0.3694, -1.6732 0.8656 0.3704, -1.6924 0.867 0.3669, -1.6732 0.869 0.3674, -1.692 0.8686 0.3654, -1.6732 0.8719 0.3632, -1.691 0.8716 0.3614, -1.6732 0.8735 0.3589, -1.6898 0.8733 0.3573, -1.6887 0.874 0.3529, -1.752 0.8543 0.2953, -1.7517 0.8543 0.3023, -1.7518 0.8569 0.2953, -1.7514 0.8586 0.2953, -1.7369 0.8735 0.2953, -1.7353 0.8733 0.3119, -1.7412 0.8719 0.2953, -1.7394 0.8716 0.313, -1.7454 0.869 0.2953, -1.7433 0.8686 0.3141, -1.7484 0.8656 0.2953, -1.7448 0.867 0.3145, -1.7506 0.8614 0.2953, -1.7473 0.863 0.3151, -1.7488 0.8586 0.3155, -1.7487 0.8543 0.3155, -1.7397 0.863 0.3336, -1.7374 0.867 0.3323, -1.7361 0.8686 0.3316, -1.7325 0.8716 0.3295, -1.7288 0.8733 0.3274, -1.7275 0.863 0.3495, -1.7256 0.867 0.3477, -1.7245 0.8686 0.3466, -1.7217 0.8716 0.3437, -1.7186 0.8733 0.3407, -1.7116 0.863 0.3617, -1.7103 0.867 0.3595, -1.7095 0.8686 0.3581, -1.7075 0.8716 0.3546, -1.7053 0.8733 0.3509, -1.7099 0.8543 0.3649, -1.6732 0.8543 0.374, -1.6919 0.8543 0.3718, -1.6935 0.8543 0.3711, -1.7329 0.874 -0.6496, -1.7368 0.8734 -0.6496, -1.7374 0.8733 -0.6496, -1.7412 0.8718 -0.6496, -1.7417 0.8716 -0.6496, -1.7453 0.869 -0.6496, -1.7458 0.8686 -0.6496, -1.7473 0.867 -0.6496, -1.7483 0.8656 -0.6496, -1.75 0.863 -0.6496, -1.7505 0.8614 -0.6496, -1.7515 0.8586 -0.6496, -1.7517 0.8569 -0.6496, -1.752 0.8543 -0.6496, -1.7495 0.8586 -0.667, -1.7315 0.8543 -0.7025, -1.7344 0.8543 -0.6984, -1.7344 0.8586 -0.6984, -1.717 0.8543 -0.715, -1.722 0.8543 -0.7108, -1.722 0.8586 -0.7108, -1.748 0.863 -0.6667, -1.7455 0.867 -0.6661, -1.74 0.8716 -0.6648, -1.7358 0.8733 -0.6639, -1.7314 0.874 -0.6629, -1.727 0.874 -0.6755, -1.6871 0.874 -0.707, -1.6865 0.874 -0.7078, -1.6732 0.8739 -0.7093, -1.7104 0.874 -0.6963, -1.7199 0.874 -0.6868, -1.7125 0.874 -0.6937, -1.7311 0.8733 -0.6775, -1.744 0.8686 -0.6658, -1.7349 0.8716 -0.6793, -1.7234 0.8733 -0.6896, -1.7386 0.8686 -0.6811, -1.7268 0.8716 -0.6923, -1.7133 0.8733 -0.6998, -1.6991 0.874 -0.7034, -1.74 0.867 -0.6818, -1.73 0.8686 -0.6949, -1.7159 0.8716 -0.7032, -1.7011 0.8733 -0.7075, -1.6903 0.863 -0.7244, -1.6732 0.8614 -0.727, -1.6732 0.8586 -0.7278, -1.6906 0.8586 -0.7259, -1.7072 0.8586 -0.7201, -1.6732 0.8735 -0.7132, -1.6732 0.8719 -0.7176, -1.6875 0.8733 -0.7122, -1.6885 0.8716 -0.7164, -1.7029 0.8716 -0.7113, -1.7047 0.8686 -0.715, -1.7185 0.8686 -0.7063, -1.7194 0.867 -0.7075, -1.7312 0.867 -0.6958, -1.7332 0.863 -0.6974, -1.7424 0.863 -0.6829, -1.7438 0.8586 -0.6836, -1.6732 0.8569 -0.7282, -1.6732 0.8543 -0.7283, -1.6803 0.8543 -0.728, -1.6906 0.8543 -0.7258, -1.6996 0.8543 -0.7238, -1.7071 0.8543 -0.72, -1.6732 0.8656 -0.7248, -1.6897 0.867 -0.7219, -1.7065 0.863 -0.7187, -1.6732 0.869 -0.7217, -1.6894 0.8686 -0.7204, -1.7054 0.867 -0.7164, -1.7211 0.863 -0.7096, -1.7428 0.8543 -0.6863, -1.7499 0.8543 -0.6671, -1.7497 0.8543 -0.6683, -1.7439 0.8543 -0.6837, -1.6535 0.874 -0.7093, -1.6535 0.8734 -0.7132, -1.6535 0.8733 -0.7138, -1.6535 0.8718 -0.7175, -1.6535 0.8716 -0.7181, -1.6535 0.867 -0.7237, -1.6535 0.8686 -0.7222, -1.6535 0.869 -0.7217, -1.6535 0.8656 -0.7247, -1.6535 0.863 -0.7263, -1.6535 0.8614 -0.7269, -1.6535 0.8586 -0.7279, -1.6535 0.8569 -0.7281, -1.6535 0.8543 -0.7283, -1.6349 0.8543 -0.7261, -1.636 0.8543 -0.7262, -1.6361 0.8586 -0.7259, -1.6169 0.8543 -0.7192, -1.6195 0.8543 -0.7202, -1.6196 0.8586 -0.7201, -1.6006 0.8543 -0.7079, -1.6047 0.8543 -0.7108, -1.6047 0.8586 -0.7108, -1.5881 0.8543 -0.6934, -1.5924 0.8543 -0.6984, -1.5923 0.8586 -0.6984, -1.6403 0.874 -0.7078, -1.6277 0.874 -0.7034, -1.6163 0.874 -0.6963, -1.6095 0.874 -0.6889, -1.6069 0.874 -0.6868, -1.5954 0.874 -0.6629, -1.5998 0.874 -0.6755, -1.5961 0.874 -0.6635, -1.6393 0.8733 -0.7122, -1.5939 0.8739 -0.6496, -1.5899 0.8735 -0.6496, -1.5909 0.8733 -0.6639, -1.5856 0.8719 -0.6496, -1.5868 0.8716 -0.6648, -1.5957 0.8733 -0.6775, -1.5918 0.8716 -0.6793, -1.5882 0.8686 -0.6811, -1.6383 0.8716 -0.7164, -1.6033 0.8733 -0.6896, -1.6 0.8716 -0.6923, -1.5968 0.8686 -0.6949, -1.5956 0.867 -0.6958, -1.6135 0.8733 -0.6998, -1.6108 0.8716 -0.7032, -1.6083 0.8686 -0.7063, -1.6073 0.867 -0.7075, -1.6057 0.863 -0.7096, -1.6374 0.8686 -0.7204, -1.6371 0.867 -0.7219, -1.6257 0.8733 -0.7075, -1.6238 0.8716 -0.7113, -1.6221 0.8686 -0.715, -1.6214 0.867 -0.7164, -1.6203 0.863 -0.7187, -1.6365 0.863 -0.7244, -1.5787 0.863 -0.6667, -1.5761 0.8614 -0.6496, -1.5754 0.8586 -0.6496, -1.5772 0.8586 -0.667, -1.583 0.8586 -0.6836, -1.575 0.8569 -0.6496, -1.5748 0.8543 -0.6496, -1.5751 0.8543 -0.6567, -1.5774 0.8543 -0.667, -1.5794 0.8543 -0.6759, -1.5832 0.8543 -0.6835, -1.5784 0.8656 -0.6496, -1.5813 0.867 -0.6661, -1.5844 0.863 -0.6829, -1.5814 0.869 -0.6496, -1.5828 0.8686 -0.6658, -1.5868 0.867 -0.6818, -1.5936 0.863 -0.6974, -1.5939 0.874 0.2953, -1.5899 0.8734 0.2953, -1.5893 0.8733 0.2953, -1.5856 0.8718 0.2953, -1.585 0.8716 0.2953, -1.5814 0.869 0.2953, -1.581 0.8686 0.2953, -1.5794 0.867 0.2953, -1.5785 0.8656 0.2953, -1.5768 0.863 0.2953, -1.5763 0.8614 0.2953, -1.5753 0.8586 0.2953, -1.5751 0.8569 0.2953, -1.5748 0.8543 0.2953, -1.5952 0.8543 0.3482, -1.5856 0.8543 0.3344, -1.5858 0.8586 0.3344, -1.6097 0.8543 0.3607, -1.5981 0.8543 0.3507, -1.5982 0.8586 0.3506, -1.6272 0.8543 0.3694, -1.6144 0.8543 0.363, -1.6144 0.8586 0.3631, -1.5959 0.874 0.3107, -1.6019 0.874 0.3251, -1.6114 0.874 0.3375, -1.6142 0.874 0.3394, -1.6237 0.874 0.347, -1.6397 0.874 0.3527, -1.6535 0.8739 0.3549, -1.6381 0.874 0.3529, -1.5915 0.8733 0.3119, -1.5874 0.8716 0.313, -1.582 0.867 0.3145, -1.5834 0.8686 0.3141, -1.5794 0.863 0.3151, -1.5779 0.8586 0.3155, -1.6535 0.8543 0.374, -1.6465 0.8543 0.3737, -1.6535 0.8569 0.3738, -1.6535 0.8586 0.3734, -1.6535 0.8735 0.3589, -1.6369 0.8733 0.3573, -1.6535 0.8719 0.3632, -1.6358 0.8716 0.3614, -1.6535 0.869 0.3674, -1.6348 0.8686 0.3654, -1.6535 0.8656 0.3704, -1.6344 0.867 0.3669, -1.6535 0.8614 0.3727, -1.6337 0.863 0.3694, -1.6333 0.8586 0.3709, -1.6333 0.8543 0.3708, -1.6152 0.863 0.3617, -1.6165 0.867 0.3595, -1.6173 0.8686 0.3581, -1.6193 0.8716 0.3546, -1.6214 0.8733 0.3509, -1.5993 0.863 0.3495, -1.6011 0.867 0.3477, -1.6022 0.8686 0.3466, -1.6051 0.8716 0.3437, -1.6081 0.8733 0.3407, -1.5871 0.863 0.3336, -1.5894 0.867 0.3323, -1.5907 0.8686 0.3316, -1.5942 0.8716 0.3295, -1.5979 0.8733 0.3274, -1.5839 0.8543 0.332, -1.5771 0.8543 0.3139, -1.5777 0.8543 0.3156, 1.6535 0.874 -0.7093, 1.6732 0.874 -0.7093, 1.6535 0.8734 -0.7132, 1.6732 0.8734 -0.7132, 1.6535 0.8733 -0.7138, 1.6732 0.8733 -0.7138, 1.6535 0.8718 -0.7175, 1.6732 0.8718 -0.7175, 1.6535 0.8716 -0.7181, 1.6732 0.8716 -0.7181, 1.6535 0.869 -0.7217, 1.6732 0.869 -0.7217, 1.6535 0.8686 -0.7222, 1.6732 0.8686 -0.7222, 1.6535 0.867 -0.7237, 1.6732 0.867 -0.7237, 1.6535 0.8656 -0.7247, 1.6732 0.8656 -0.7247, 1.6535 0.863 -0.7263, 1.6732 0.863 -0.7263, 1.6535 0.8614 -0.7269, 1.6732 0.8614 -0.7269, 1.6535 0.8586 -0.7279, 1.6732 0.8586 -0.7279, 1.6535 0.8569 -0.7281, 1.6732 0.8569 -0.7281, 1.6732 0.8543 -0.7283, 1.6535 0.8543 -0.7283, 1.6906 0.8586 -0.7259, 1.7261 0.8543 -0.7079, 1.722 0.8543 -0.7108, 1.722 0.8586 -0.7108, 1.7386 0.8543 -0.6934, 1.7344 0.8543 -0.6984, 1.7344 0.8586 -0.6984, 1.6903 0.863 -0.7244, 1.6897 0.867 -0.7219, 1.6885 0.8716 -0.7164, 1.6875 0.8733 -0.7122, 1.6865 0.874 -0.7078, 1.6991 0.874 -0.7034, 1.7306 0.874 -0.6635, 1.7314 0.874 -0.6629, 1.7329 0.8739 -0.6496, 1.7199 0.874 -0.6868, 1.7104 0.874 -0.6963, 1.7173 0.874 -0.6889, 1.7011 0.8733 -0.7075, 1.6894 0.8686 -0.7204, 1.7029 0.8716 -0.7113, 1.7133 0.8733 -0.6998, 1.7047 0.8686 -0.715, 1.7159 0.8716 -0.7032, 1.7234 0.8733 -0.6896, 1.727 0.874 -0.6755, 1.7054 0.867 -0.7164, 1.7185 0.8686 -0.7063, 1.7268 0.8716 -0.6923, 1.7311 0.8733 -0.6775, 1.748 0.863 -0.6667, 1.7506 0.8614 -0.6496, 1.7514 0.8586 -0.6496, 1.7495 0.8586 -0.667, 1.7437 0.8586 -0.6836, 1.7369 0.8735 -0.6496, 1.7412 0.8719 -0.6496, 1.7358 0.8733 -0.6639, 1.74 0.8716 -0.6648, 1.7349 0.8716 -0.6793, 1.7386 0.8686 -0.6811, 1.73 0.8686 -0.6949, 1.7312 0.867 -0.6958, 1.7194 0.867 -0.7075, 1.7211 0.863 -0.7096, 1.7065 0.863 -0.7187, 1.7072 0.8586 -0.7201, 1.7518 0.8569 -0.6496, 1.752 0.8543 -0.6496, 1.7517 0.8543 -0.6567, 1.7494 0.8543 -0.667, 1.7474 0.8543 -0.6759, 1.7436 0.8543 -0.6835, 1.7484 0.8656 -0.6496, 1.7455 0.867 -0.6661, 1.7424 0.863 -0.6829, 1.7454 0.869 -0.6496, 1.744 0.8686 -0.6658, 1.74 0.867 -0.6818, 1.7332 0.863 -0.6974, 1.7099 0.8543 -0.7192, 1.6907 0.8543 -0.7262, 1.6919 0.8543 -0.7261, 1.7073 0.8543 -0.7202, 1.7329 0.874 0.2953, 1.7368 0.8734 0.2953, 1.7374 0.8733 0.2953, 1.7412 0.8718 0.2953, 1.7417 0.8716 0.2953, 1.7453 0.869 0.2953, 1.7458 0.8686 0.2953, 1.7473 0.867 0.2953, 1.7483 0.8656 0.2953, 1.7499 0.863 0.2953, 1.7505 0.8614 0.2953, 1.7515 0.8586 0.2953, 1.7517 0.8569 0.2953, 1.752 0.8543 0.2953, 1.7315 0.8543 0.3482, 1.7411 0.8543 0.3344, 1.741 0.8586 0.3344, 1.717 0.8543 0.3607, 1.7287 0.8543 0.3507, 1.7286 0.8586 0.3506, 1.6996 0.8543 0.3694, 1.7124 0.8543 0.363, 1.7124 0.8586 0.3631, 1.7309 0.874 0.3107, 1.7249 0.874 0.3251, 1.7154 0.874 0.3375, 1.7125 0.874 0.3394, 1.7031 0.874 0.347, 1.6871 0.874 0.3527, 1.6732 0.8739 0.3549, 1.6887 0.874 0.3529, 1.7353 0.8733 0.3119, 1.7394 0.8716 0.313, 1.7448 0.867 0.3145, 1.7433 0.8686 0.3141, 1.7473 0.863 0.3151, 1.7488 0.8586 0.3155, 1.6732 0.8543 0.374, 1.6803 0.8543 0.3737, 1.6732 0.8569 0.3738, 1.6732 0.8586 0.3734, 1.6732 0.8735 0.3589, 1.6898 0.8733 0.3573, 1.6732 0.8719 0.3632, 1.691 0.8716 0.3614, 1.6732 0.869 0.3674, 1.692 0.8686 0.3654, 1.6732 0.8656 0.3704, 1.6924 0.867 0.3669, 1.6732 0.8614 0.3727, 1.6931 0.863 0.3694, 1.6935 0.8586 0.3709, 1.6935 0.8543 0.3708, 1.7116 0.863 0.3617, 1.7103 0.867 0.3595, 1.7095 0.8686 0.3581, 1.7075 0.8716 0.3546, 1.7053 0.8733 0.3509, 1.7275 0.863 0.3495, 1.7256 0.867 0.3477, 1.7245 0.8686 0.3466, 1.7217 0.8716 0.3437, 1.7186 0.8733 0.3407, 1.7397 0.863 0.3336, 1.7374 0.867 0.3323, 1.7361 0.8686 0.3316, 1.7325 0.8716 0.3295, 1.7288 0.8733 0.3274, 1.7428 0.8543 0.332, 1.7497 0.8543 0.3139, 1.7491 0.8543 0.3156, 1.6535 0.874 0.3549, 1.6535 0.8734 0.3589, 1.6535 0.8733 0.3595, 1.6535 0.8718 0.3632, 1.6535 0.8716 0.3638, 1.6535 0.867 0.3694, 1.6535 0.8686 0.3679, 1.6535 0.869 0.3674, 1.6535 0.8656 0.3703, 1.6535 0.863 0.372, 1.6535 0.8614 0.3726, 1.6535 0.8586 0.3735, 1.6535 0.8569 0.3737, 1.6535 0.8543 0.374, 1.6361 0.8586 0.3716, 1.6006 0.8543 0.3536, 1.6047 0.8543 0.3564, 1.6047 0.8586 0.3565, 1.5881 0.8543 0.3391, 1.5924 0.8543 0.344, 1.5923 0.8586 0.3441, 1.6365 0.863 0.3701, 1.6371 0.867 0.3675, 1.6383 0.8716 0.3621, 1.6393 0.8733 0.3579, 1.6403 0.874 0.3534, 1.6277 0.874 0.349, 1.5961 0.874 0.3091, 1.5954 0.874 0.3086, 1.5939 0.8739 0.2953, 1.6069 0.874 0.3325, 1.6163 0.874 0.3419, 1.6095 0.874 0.3346, 1.6257 0.8733 0.3531, 1.6374 0.8686 0.366, 1.6238 0.8716 0.357, 1.6135 0.8733 0.3455, 1.6221 0.8686 0.3607, 1.6108 0.8716 0.3488, 1.6033 0.8733 0.3353, 1.5998 0.874 0.3212, 1.6214 0.867 0.362, 1.6083 0.8686 0.352, 1.6 0.8716 0.338, 1.5957 0.8733 0.3231, 1.5787 0.863 0.3123, 1.5761 0.8614 0.2953, 1.5754 0.8586 0.2953, 1.5772 0.8586 0.3127, 1.583 0.8586 0.3292, 1.5899 0.8735 0.2953, 1.5856 0.8719 0.2953, 1.5909 0.8733 0.3096, 1.5868 0.8716 0.3105, 1.5918 0.8716 0.325, 1.5882 0.8686 0.3268, 1.5968 0.8686 0.3405, 1.5956 0.867 0.3415, 1.6073 0.867 0.3532, 1.6057 0.863 0.3553, 1.6203 0.863 0.3644, 1.6196 0.8586 0.3658, 1.575 0.8569 0.2953, 1.5748 0.8543 0.2953, 1.5751 0.8543 0.3023, 1.5774 0.8543 0.3127, 1.5794 0.8543 0.3216, 1.5832 0.8543 0.3292, 1.5784 0.8656 0.2953, 1.5813 0.867 0.3118, 1.5844 0.863 0.3286, 1.5814 0.869 0.2953, 1.5828 0.8686 0.3114, 1.5868 0.867 0.3274, 1.5936 0.863 0.3431, 1.6168 0.8543 0.3649, 1.636 0.8543 0.3719, 1.6349 0.8543 0.3718, 1.6195 0.8543 0.3659, 1.5939 0.874 -0.6496, 1.5899 0.8734 -0.6496, 1.5893 0.8733 -0.6496, 1.5856 0.8718 -0.6496, 1.585 0.8716 -0.6496, 1.5814 0.869 -0.6496, 1.581 0.8686 -0.6496, 1.5794 0.867 -0.6496, 1.5785 0.8656 -0.6496, 1.5768 0.863 -0.6496, 1.5762 0.8614 -0.6496, 1.5753 0.8586 -0.6496, 1.5751 0.8569 -0.6496, 1.5748 0.8543 -0.6496, 1.5772 0.8586 -0.667, 1.5952 0.8543 -0.7025, 1.5924 0.8543 -0.6984, 1.5923 0.8586 -0.6984, 1.6097 0.8543 -0.715, 1.6048 0.8543 -0.7108, 1.6047 0.8586 -0.7108, 1.5787 0.863 -0.6667, 1.5813 0.867 -0.6661, 1.6365 0.863 -0.7244, 1.5868 0.8716 -0.6648, 1.6374 0.8686 -0.7204, 1.6383 0.8716 -0.7164, 1.5909 0.8733 -0.6639, 1.5954 0.874 -0.6629, 1.5998 0.874 -0.6755, 1.6393 0.8733 -0.7122, 1.6397 0.874 -0.707, 1.6403 0.874 -0.7078, 1.6163 0.874 -0.6963, 1.6069 0.874 -0.6868, 1.6142 0.874 -0.6937, 1.5957 0.8733 -0.6775, 1.5828 0.8686 -0.6658, 1.5918 0.8716 -0.6793, 1.6033 0.8733 -0.6896, 1.5882 0.8686 -0.6811, 1.6 0.8716 -0.6923, 1.6135 0.8733 -0.6998, 1.6277 0.874 -0.7034, 1.5868 0.867 -0.6818, 1.5968 0.8686 -0.6949, 1.6108 0.8716 -0.7032, 1.6257 0.8733 -0.7075, 1.6361 0.8586 -0.7259, 1.6196 0.8586 -0.7201, 1.6238 0.8716 -0.7113, 1.6221 0.8686 -0.715, 1.6083 0.8686 -0.7063, 1.6073 0.867 -0.7075, 1.5956 0.867 -0.6958, 1.5936 0.863 -0.6974, 1.5844 0.863 -0.6829, 1.583 0.8586 -0.6836, 1.6465 0.8543 -0.728, 1.6362 0.8543 -0.7258, 1.6272 0.8543 -0.7238, 1.6197 0.8543 -0.72, 1.6371 0.867 -0.7219, 1.6203 0.863 -0.7187, 1.6214 0.867 -0.7164, 1.6057 0.863 -0.7096, 1.5839 0.8543 -0.6863, 1.5769 0.8543 -0.6671, 1.5771 0.8543 -0.6683, 1.5829 0.8543 -0.6837, -1.1811 -0.722 0.6299, -1.1811 -0.7227 0.6291, -1.1811 -0.8501 0.6299, -1.1811 -0.7239 0.6276, -1.1818 -0.7296 0.6182, -1.182 -0.7309 0.616, -1.1838 -0.7345 0.6053, -1.1839 -0.7348 0.6044, -1.1854 -0.8537 0.6006, -1.185 -0.7352 0.6005, -1.182 -0.8527 0.6152, -1.1813 -0.8506 0.6272, -0.5906 -0.8507 0.6272, -0.5906 -0.8372 0.6676, -1.1811 -0.8393 0.6629, -1.1811 -0.809 0.7087, -1.1811 -0.8129 0.7041, -0.5906 -0.8135 0.7046, -1.1811 -0.822 0.6934, -1.1811 -0.8368 0.6674, -1.1811 -0.7996 0.7195, -0.5906 -0.7807 0.7352, -1.1811 -0.7803 0.7347, -1.1811 -0.7721 0.7411, -0.5906 -0.7444 0.7554, -1.1811 -0.7442 0.7551, -0.5906 -0.7079 0.766, -0.8858 -0.7079 0.766, -1.1811 -0.7406 0.7569, -1.1811 -0.7079 0.766, -0.8858 -0.6874 0.6497, -0.5906 -0.6874 0.6497, -0.5906 -0.6997 0.6461, -0.5906 -0.7298 0.6183, -0.5906 -0.7227 0.6291, -0.5906 -0.7121 0.6391, -1.1811 -0.7141 0.6377, -0.5906 -0.7346 0.6053, -1.1811 -0.6874 0.6497, -1.1811 -0.6997 0.6459, -1.1811 -0.7018 0.6453, -1.1811 -0.712 0.639, -1.1811 -0.6503 0.6562, -0.8858 -0.6503 0.6562, -0.5906 -0.6503 0.6562, -0.5906 -0.6818 0.6506, -1.6417 0.0 0.8465, -1.6417 0.1181 0.8465, -1.6417 0.1181 2.3531, -1.6417 -0.1181 2.3531, -1.6417 -0.1181 0.8465, -1.6417 0.1181 3.878, -1.6417 0.0 3.878, -1.6417 -0.1181 3.878, 1.6417 -0.0 0.8465, 1.6417 -0.1181 0.8465, 1.6417 -0.1181 2.3531, 1.6417 0.1181 2.3531, 1.6417 0.1181 0.8465, 1.6417 -0.1181 3.878, 1.6417 0.0 3.878, 1.6417 0.1181 3.878, -1.6714 -0.1181 0.8168, -1.7008 -0.1181 0.7874, -1.7008 0.0 0.7874, -1.6714 0.1181 0.8168, -1.7008 0.1181 0.7874, 0.5905 -0.8543 0.591, 0.5884 -0.8543 0.5724, 0.9963 -0.8543 0.5913, 0.5881 -0.8543 0.5715, 0.9963 -0.8543 0.2165, 0.5816 -0.8543 0.5543, 0.5816 -0.8543 0.5542, 0.5704 -0.8543 0.538, 0.5701 -0.8543 0.5377, 0.5594 -0.8543 0.5283, 0.5559 -0.8543 0.5253, 0.5429 -0.8543 0.5188, 0.5382 -0.8543 0.5164, 0.5252 -0.8543 0.5135, 0.5189 -0.8543 0.5121, 0.1417 -0.8543 0.2165, 0.5118 -0.8543 0.5118, 0.1417 -0.8543 0.5118, 1.7618 -0.8543 -0.7677, 1.565 -0.8543 -0.7677, 1.5579 -0.8543 -0.7674, 1.4261 -0.8543 0.2143, 1.4075 -0.8543 0.2165, 1.427 -0.8543 0.214, 1.4442 -0.8543 0.2074, 1.278 -0.8543 0.5144, 1.2711 -0.8543 0.5152, 1.2514 -0.8543 0.5225, 1.2462 -0.8543 0.5244, 1.227 -0.8543 0.5372, 1.2224 -0.8543 0.5402, 1.2128 -0.8543 0.5504, 1.2046 -0.8543 0.5593, 1.1955 -0.8543 0.5751, 1.1903 -0.8543 0.5842, 1.1875 -0.8543 0.5915, 1.2992 -0.8543 0.5118, 1.6735 -0.8543 0.5118, 1.6823 -0.8543 0.5115, 1.7527 -0.8543 0.4806, 1.757 -0.8543 0.4772, 1.7349 -0.8543 0.4947, 1.7301 -0.8543 0.4968, 1.7086 -0.8543 0.5065, 1.7025 -0.8543 0.5077, 1.806 -0.8543 0.4283, 1.4442 -0.8543 0.2074, 1.4604 -0.8543 0.1961, 1.4729 -0.8543 0.1816, 1.4694 -0.8543 0.1857, 1.4607 -0.8543 0.1957, 1.5212 -0.8543 -0.7544, 1.5334 -0.8543 -0.7605, 1.5386 -0.8543 -0.7631, 1.5511 -0.8543 -0.7659, 1.5171 -0.8543 -0.7509, 1.507 -0.8543 -0.7422, 1.5067 -0.8543 -0.7419, 1.4954 -0.8543 -0.7257, 1.4953 -0.8543 -0.7257, 1.4888 -0.8543 -0.7085, 1.479 -0.8543 0.1693, 1.4816 -0.8543 0.1641, 1.4844 -0.8543 0.1516, 1.4885 -0.8543 -0.7076, 1.4862 -0.8543 -0.689, 1.4859 -0.8543 0.1449, 1.4862 -0.8543 0.1378, 1.8258 -0.8543 0.4014, 1.8119 -0.8543 0.4219, 1.8097 -0.8543 0.4242, 1.8405 -0.8543 0.3448, 1.8372 -0.8543 0.3728, 1.8368 -0.8543 0.3738, 1.827 -0.8543 0.3997, 1.8405 -0.8543 -0.689, 1.8402 -0.8543 -0.696, 1.8375 -0.8543 -0.7084, 1.836 -0.8543 -0.7153, 1.8309 -0.8543 -0.7255, 1.8272 -0.8543 -0.7328, 1.8147 -0.8543 -0.7473, 1.8194 -0.8543 -0.7419, 1.7805 -0.8543 -0.7655, 1.7934 -0.8543 -0.7605, 1.7985 -0.8543 -0.7586, 1.8097 -0.8543 -0.7508, 1.7757 -0.8543 -0.766, -1.1811 0.6503 0.6562, -1.1811 0.6874 0.6497, -0.8858 0.6874 0.6497, -0.5906 0.6874 0.6497, -0.5906 0.6819 0.6506, -0.8858 0.6503 0.6562, -0.5906 0.6503 0.6562, -1.1876 0.8543 0.5914, -1.185 0.854 0.6006, -0.5906 0.8543 0.5909, -1.1836 0.8538 0.6057, -0.5906 0.8543 0.5957, -1.1814 0.8505 0.6274, -0.5906 0.8371 0.6666, -0.5906 0.84 0.6614, -1.1811 0.8501 0.6299, -0.5906 0.8503 0.6289, -0.5906 0.8505 0.6274, -1.1811 0.8396 0.6621, -1.1811 0.8371 0.6667, -0.5906 0.8232 0.6919, -1.1811 0.8224 0.6929, -0.5906 0.8128 0.7041, -0.8858 0.7079 0.766, -0.5906 0.7079 0.766, -0.5906 0.7422 0.7563, -1.1811 0.8128 0.7041, -1.1811 0.8089 0.7087, -0.5906 0.8002 0.719, -1.1811 0.7997 0.7195, -0.5906 0.7809 0.7341, -1.1811 0.781 0.7342, -0.5906 0.7718 0.7413, -1.1811 0.7726 0.7407, -0.5906 0.7442 0.7553, -1.1811 0.7441 0.7552, -1.1811 0.7413 0.7566, -1.1811 0.7079 0.766, 0.5644 0.8543 0.532, 1.4442 0.8543 0.2074, 1.4608 0.8543 0.1958, 1.4862 0.8543 -0.689, 1.4862 0.8543 0.1378, 1.485 0.8543 0.1517, 1.4795 0.8543 0.1696, 1.4697 0.8543 0.186, 1.5074 0.8543 -0.7419, 1.4995 0.8543 -0.7328, 1.4959 0.8543 -0.7255, 1.4865 0.8543 -0.696, 1.4893 0.8543 -0.7084, 1.4908 0.8543 -0.7153, 1.5334 0.8543 -0.7605, 1.5283 0.8543 -0.7586, 1.5171 0.8543 -0.7508, 1.512 0.8543 -0.7473, 1.427 0.8543 0.2141, 1.4075 0.8543 0.2165, 0.7053 0.8543 0.2165, 0.6867 0.8543 0.2188, 0.6859 0.8543 0.2191, 0.6688 0.8543 0.2257, 0.6673 0.8543 0.2267, 0.6629 0.8543 0.2298, 0.6397 0.8543 0.2517, 0.6481 0.8543 0.2418, 0.6517 0.8543 0.2376, 0.6371 0.8543 0.2559, 0.636 0.8543 0.2577, 0.634 0.8543 0.2608, 0.6241 0.8541 0.2721, 0.6214 0.854 0.2752, 0.6098 0.8539 0.2834, 0.6063 0.8538 0.2858, 0.5736 0.8535 0.2947, 0.5687 0.8534 0.2953, 0.5303 0.8543 0.514, 0.5553 0.8533 0.2942, 0.5259 0.8543 0.5135, 0.5118 0.8543 0.5118, -0.0 0.8543 0.5118, 0.5883 0.8536 0.2929, 0.5436 0.8543 0.519, 0.5482 0.8543 0.5208, 0.5926 0.8537 0.2912, 0.5599 0.8543 0.5288, 1.565 0.8543 -0.7677, 1.5511 0.8543 -0.766, 1.5463 0.8543 -0.7655, 1.7618 0.8543 -0.7677, 1.7689 0.8543 -0.7674, 1.7756 0.8543 -0.7659, 1.7881 0.8543 -0.7631, 1.7933 0.8543 -0.7605, 1.8097 0.8543 -0.7509, 1.8056 0.8543 -0.7544, 1.838 0.8543 -0.7085, 1.8314 0.8543 -0.7257, 1.8314 0.8543 -0.7257, 1.8201 0.8543 -0.7419, 1.8198 0.8543 -0.7422, 1.8383 0.8543 -0.7076, 1.8405 0.8543 -0.689, 1.8405 0.8543 0.3448, 1.8094 0.8543 0.424, 1.8234 0.8543 0.4061, 1.8256 0.8543 0.4014, 1.8352 0.8543 0.3799, 1.8364 0.8543 0.3737, 1.8403 0.8543 0.3535, 1.806 0.8543 0.4283, 1.757 0.8543 0.4772, 1.7025 0.8543 0.5081, 1.7284 0.8543 0.4983, 1.7302 0.8543 0.4971, 1.7507 0.8543 0.4832, 1.753 0.8543 0.481, 0.5696 0.8543 0.5379, 0.5771 0.8543 0.5466, 0.581 0.8543 0.5544, 0.586 0.8543 0.5643, 1.1999 0.8543 0.566, 0.5903 0.8543 0.5836, 1.1955 0.8543 0.575, 0.5906 0.8543 0.5909, 1.1876 0.8543 0.5914, 1.2127 0.8543 0.5503, 0.5876 0.8543 0.5715, 1.2167 0.8543 0.5454, 1.2272 0.8543 0.5374, 1.2394 0.8543 0.528, 1.2515 0.8543 0.5227, 1.2633 0.8543 0.5174, 1.2781 0.8543 0.5146, 1.2914 0.8543 0.5121, 1.2992 0.8543 0.5118, 1.6735 0.8543 0.5118, 1.7015 0.8543 0.5085, -1.7301 0.8543 0.4968, -1.7086 0.8543 0.5065, -1.757 0.8543 0.4772, -1.7527 0.8543 0.4806, -1.7349 0.8543 0.4947, -1.8258 0.8543 0.4014, -1.806 0.8543 0.4283, -1.8098 0.8543 0.4242, -1.8119 0.8543 0.4219, -1.8406 0.8543 0.3448, -1.8372 0.8543 0.3728, -1.8368 0.8543 0.3738, -1.827 0.8543 0.3997, -1.8406 0.8543 -0.689, -1.8403 0.8543 -0.696, -1.8375 0.8543 -0.7084, -1.8194 0.8543 -0.7419, -1.8272 0.8543 -0.7328, -1.8309 0.8543 -0.7255, -1.836 0.8543 -0.7153, -1.8147 0.8543 -0.7473, -1.8097 0.8543 -0.7508, -1.7985 0.8543 -0.7586, -1.7934 0.8543 -0.7605, -1.7618 0.8543 -0.7677, -1.7757 0.8543 -0.766, -1.7805 0.8543 -0.7655, -1.565 0.8543 -0.7677, -1.5579 0.8543 -0.7674, -1.5456 0.8543 -0.7647, -0.5816 0.8543 0.5541, -0.57 0.8543 0.5375, -0.611 0.8543 0.2939, -0.5602 0.8543 0.5284, -0.5438 0.8543 0.5186, -0.5118 0.8543 0.5118, -0.526 0.8543 0.5131, -0.5989 0.8543 0.2948, -0.6019 0.8543 0.2946, -1.5386 0.8543 -0.7631, -1.5285 0.8543 -0.7581, -1.5212 0.8543 -0.7544, -0.6214 0.8543 0.2905, -0.5882 0.8543 0.5713, -1.4075 0.8543 0.2165, -1.4214 0.8543 0.2153, -0.6293 0.8543 0.2878, -0.6379 0.8543 0.2825, -0.6472 0.8543 0.2766, -0.6523 0.8543 0.2713, -0.7328 0.8543 0.2165, -0.6587 0.8543 0.2648, -0.6646 0.8543 0.2559, -0.6754 0.8543 0.2416, -0.6908 0.8543 0.2289, -0.6925 0.8543 0.2282, -0.6902 0.8543 0.2294, -0.6759 0.8543 0.2409, -0.7279 0.8543 0.2167, -0.7135 0.8543 0.2194, -0.7097 0.8543 0.2201, -0.6949 0.8543 0.227, -1.4393 0.8543 0.2098, -1.4557 0.8543 0.2001, -1.4655 0.8543 0.1911, -1.4771 0.8543 0.1746, -1.4953 0.8543 -0.7257, -1.5031 0.8543 -0.7369, -1.5067 0.8543 -0.7419, -1.512 0.8543 -0.7465, -1.4934 0.8543 -0.7206, -1.4885 0.8543 -0.7076, -1.4879 0.8543 -0.7029, -1.4862 0.8543 -0.689, -1.4838 0.8543 0.1573, -1.4862 0.8543 0.1378, -1.2512 0.8543 0.522, -1.2267 0.8543 0.5367, -1.2123 0.8543 0.5499, -1.1948 0.8543 0.5747, -1.7025 0.8543 0.5077, -1.6823 0.8543 0.5115, -1.6735 0.8543 0.5118, -1.278 0.8543 0.5137, -1.2992 0.8543 0.5118, 1.6382 -0.1704 0.8464, 1.6376 -0.1733 0.8464, 1.6312 -0.2038 0.8463, 1.3407 -0.4945 0.8456, 1.3077 -0.4997 0.8455, 1.3466 -0.4931 3.878, 1.2915 -0.5023 0.8455, 1.2559 -0.505 0.8454, 1.2559 -0.5039 2.3635, 1.3105 -0.4974 3.878, 1.2559 -0.5039 3.878, 1.4273 -0.4638 3.878, 1.427 -0.4633 0.8457, 1.4158 -0.468 3.878, 1.4137 -0.4693 0.8457, 1.364 -0.4868 3.878, 1.389 -0.4803 0.8456, 1.3618 -0.4883 0.8456, 1.3465 -0.4928 0.8456, 1.4631 -0.4405 3.878, 1.4623 -0.4431 0.8458, 1.4361 -0.4592 0.8457, 1.5557 -0.361 3.878, 1.5557 -0.361 0.846, 1.5552 -0.3615 0.846, 1.5467 -0.37 3.878, 1.546 -0.3714 0.846, 1.508 -0.4091 3.878, 1.5197 -0.3997 0.8459, 1.5067 -0.4103 0.8459, 1.5016 -0.4156 3.878, 1.501 -0.4149 0.8459, 1.4797 -0.4324 0.8458, 1.5795 -0.3274 0.8461, 1.5782 -0.3252 3.878, 1.5841 -0.321 0.8461, 1.6047 -0.2831 3.878, 1.6042 -0.2828 0.8461, 1.6356 -0.1728 3.878, 1.632 -0.204 3.878, 1.6271 -0.2235 0.8463, 1.6244 -0.2262 3.878, 1.6257 -0.2273 0.8463, 1.6064 -0.2782 3.878, 1.6088 -0.274 0.8462, 1.6062 -0.279 0.8462, 0.1417 -0.563 3.0089, 0.1417 -0.563 3.4476, 0.1417 -0.5039 3.0089, 0.1417 -0.5461 3.4476, 0.1417 -0.5039 3.878, 0.1411 -0.5547 3.4562, 0.1405 -0.563 3.4646, 0.1393 -0.563 3.7008, 0.1405 -0.563 3.937, 0.1417 -0.622 3.0512, 0.1417 -0.622 3.4476, 0.1417 -0.6161 3.0512, 0.1417 -0.6102 3.0512, 0.1417 -0.6102 3.0089, -1.3144 -0.5488 0.7976, -1.2996 -0.6201 0.8089, -1.3145 -0.5489 0.7976, -1.3015 -0.6199 0.8068, -1.3152 -0.5491 0.7973, -1.3153 -0.6184 0.7974, -1.3264 -0.5526 0.7921, -1.3172 -0.6182 0.7961, -1.3339 -0.5534 0.79, -1.3339 -0.6159 0.79, -1.3379 -0.5539 0.7889, -1.3351 -0.6157 0.7895, -1.3497 -0.5529 0.7875, -1.3532 -0.6126 0.7874, -1.3532 -0.5522 0.7874, -1.3009 -0.5407 0.8073, -1.2996 -0.5393 0.8088, -1.2886 -0.621 0.8211, -1.2925 -0.532 0.8168, -1.2886 -0.5279 0.8211, -1.6974 -0.1731 0.7874, -1.6672 -0.1776 0.8168, -1.6958 -0.1817 0.7874, -1.6871 -0.2273 0.7874, -1.6544 -0.2358 0.8168, -1.6817 -0.2438 0.7874, -1.6698 -0.2807 0.7874, -1.6335 -0.2916 0.8168, -1.6593 -0.3034 0.7874, -1.5689 -0.3914 0.8168, -1.6168 -0.3783 0.7874, -1.6048 -0.3438 0.8168, -1.6287 -0.3593 0.7874, -1.6463 -0.3314 0.7874, -1.5454 -0.4554 0.7874, -1.5578 -0.4437 0.7874, -1.5266 -0.4334 0.8168, -1.5816 -0.4211 0.7874, -1.5905 -0.4103 0.7874, -1.5415 -0.4591 0.7874, -1.4787 -0.4689 0.8168, -1.4965 -0.4921 0.7874, -1.4262 -0.4972 0.8168, -1.4473 -0.5196 0.7874, -1.4942 -0.4934 0.7874, -1.3781 -0.5453 0.7874, -1.3702 -0.5176 0.8168, -1.3959 -0.5404 0.7874, -1.438 -0.5234 0.7874, -1.3119 -0.5299 0.8168, -1.3076 -0.4983 0.846, -1.2559 -0.505 0.8454, -1.2632 -0.5089 0.8418, -1.267 -0.5113 0.8395, -1.2772 -0.5176 0.8334, -1.2785 -0.5187 0.832, -1.345 -0.4935 0.8465, -1.3615 -0.4876 0.8465, -1.4137 -0.4691 0.8465, -1.5559 -0.3607 0.8465, -1.5457 -0.371 0.8465, -1.5067 -0.4104 0.8465, -1.5013 -0.4158 0.8465, -1.4613 -0.4415 0.8465, -1.4238 -0.4655 0.8465, -1.5777 -0.3263 0.8465, -1.6033 -0.2859 0.8465, -1.6058 -0.279 0.8465, -1.6242 -0.2267 0.8465, -1.6355 -0.1731 0.8465, -1.6318 -0.2049 0.8465, -1.1811 -0.578 0.6876, -1.1811 -0.5883 0.6798, -1.1811 -0.6141 0.6672, -1.1811 -0.62 0.6644, -1.1811 -0.5535 0.7087, -1.1811 -0.5604 0.701, -1.1811 -0.6708 0.7725, -1.1811 -0.5217 0.7537, -1.1811 -0.6409 0.7874, -1.1811 -0.521 0.7548, -1.1811 -0.5093 0.7874, -1.1811 -0.659 0.7759, -1.1811 -0.6465 0.7828, -1.1811 -0.5459 0.7172, -1.1811 -0.5392 0.7247, -0.5906 -0.6818 0.7706, -0.8858 -0.6708 0.7725, -0.5906 -0.6708 0.7725, -0.5906 -0.6465 0.7828, -0.5906 -0.5604 0.701, -0.5906 -0.6409 0.7874, -0.5906 -0.546 0.7173, -0.5906 -0.5373 0.7272, -0.5906 -0.5219 0.7538, -0.5906 -0.5196 0.7577, -0.5906 -0.5093 0.7874, -0.5906 -0.659 0.7759, -0.5906 -0.5856 0.6814, -0.5906 -0.5779 0.6874, -0.5906 -0.6169 0.6655, -0.5906 -0.614 0.667, 0.1339 -0.6102 1.122, 0.1339 -0.6102 1.1456, 0.1152 -0.6102 1.1782, 0.1323 -0.6102 1.1585, 0.1104 -0.6102 1.1908, 0.0988 -0.6102 1.197, 0.0983 -0.6102 1.1971, 0.1321 -0.6102 1.1593, 0.1276 -0.6102 1.1711, 0.1274 -0.6102 1.1713, 0.1201 -0.6102 1.182, 0.1201 -0.6102 1.182, 0.0859 -0.6102 1.2002, 0.0854 -0.6102 1.2002, 0.0726 -0.6102 1.2004, 0.0726 -0.6102 1.2004, 0.0599 -0.6102 1.1974, -0.0305 -0.6102 1.122, -0.0305 -0.6102 1.1645, -0.0572 -0.6102 1.1548, -0.0717 -0.6102 1.1514, -0.0864 -0.6102 1.1515, -0.1969 -0.6102 1.122, -0.1011 -0.6102 1.1551, -0.1149 -0.6102 1.1624, -0.1261 -0.6102 1.1724, -0.1345 -0.6102 1.1846, -0.1398 -0.6102 1.1984, -0.1969 -0.6102 1.2402, -0.1417 -0.6102 1.214, -0.1417 -0.6102 1.2402, -0.0598 -0.6102 1.7438, -0.0305 -0.6102 1.7331, -0.0305 -0.6102 1.7913, -0.1417 -0.6102 1.6732, -0.1417 -0.6102 1.6865, -0.1969 -0.6102 1.6732, -0.14 -0.6102 1.7008, -0.1969 -0.6102 1.7913, -0.1351 -0.6102 1.7141, -0.1269 -0.6102 1.7263, -0.1157 -0.6102 1.7364, -0.1029 -0.6102 1.7433, -0.089 -0.6102 1.7469, -0.0747 -0.6102 1.7472, 0.0625 -0.6102 1.6993, 0.0982 -0.6102 1.7055, 0.0747 -0.6102 1.6964, 0.1112 -0.6102 1.7057, 0.1206 -0.6102 1.7141, 0.1209 -0.6102 1.7145, 0.0755 -0.6102 1.6964, 0.0876 -0.6102 1.6966, 0.0879 -0.6102 1.6966, 0.1 -0.6102 1.6997, 0.1 -0.6102 1.6997, 0.1278 -0.6102 1.7247, 0.128 -0.6102 1.7251, 0.1324 -0.6102 1.7367, 0.1339 -0.6102 1.7913, 0.1339 -0.6102 1.7492, 0.1324 -0.6102 1.7367, 0.1339 -0.6102 2.1879, 0.1324 -0.6102 2.2004, 0.0748 -0.6102 2.2408, 0.1321 -0.6102 2.2011, 0.1278 -0.6102 2.2124, 0.1276 -0.6102 2.2127, 0.1206 -0.6102 2.223, 0.0977 -0.6102 2.2319, 0.1206 -0.6102 2.223, 0.1112 -0.6102 2.2315, 0.1 -0.6102 2.2374, 0.0995 -0.6102 2.2375, 0.0876 -0.6102 2.2406, 0.0872 -0.6102 2.2406, 0.0748 -0.6102 2.2408, 0.1339 -0.6102 2.185, 0.0625 -0.6102 2.2379, -0.0305 -0.6102 2.185, -0.0305 -0.6102 2.204, -0.0598 -0.6102 2.1933, -0.0739 -0.6102 2.1901, -0.0881 -0.6102 2.1901, -0.1969 -0.6102 2.185, -0.1024 -0.6102 2.1936, -0.1157 -0.6102 2.2007, -0.1266 -0.6102 2.2104, -0.1347 -0.6102 2.2222, -0.1417 -0.6102 2.3031, -0.1969 -0.6102 2.3031, -0.1417 -0.6102 2.2507, -0.1398 -0.6102 2.2355, -0.1417 -0.6102 2.9331, -0.1417 -0.6102 2.9462, -0.1969 -0.6102 2.9331, -0.14 -0.6102 2.9605, -0.1969 -0.6102 3.0512, -0.1351 -0.6102 2.9738, -0.1269 -0.6102 2.986, -0.1157 -0.6102 2.9961, -0.0747 -0.6102 3.0069, -0.0305 -0.6102 3.0512, -0.089 -0.6102 3.0066, -0.1029 -0.6102 3.003, -0.0598 -0.6102 3.0035, -0.0305 -0.6102 2.9928, 0.0625 -0.6102 2.959, 0.0747 -0.6102 2.9561, 0.0755 -0.6102 2.9561, 0.0876 -0.6102 2.9563, 0.0879 -0.6102 2.9564, 0.1 -0.6102 2.9594, 0.1 -0.6102 2.9594, 0.1112 -0.6102 2.9654, 0.1206 -0.6102 2.9738, 0.1209 -0.6102 2.9742, 0.1278 -0.6102 2.9844, 0.128 -0.6102 2.9848, 0.1324 -0.6102 2.9964, 0.1324 -0.6102 2.9964, 0.1339 -0.6102 3.0089, 0.1339 -0.6102 3.0512, 0.1339 -0.563 3.0089, 0.0625 -0.5571 2.959, 0.0625 -0.5039 2.959, 0.0748 -0.5039 2.9561, 0.0755 -0.5039 2.9561, 0.0876 -0.5039 2.9563, 0.0879 -0.5039 2.9564, 0.1 -0.5039 2.9594, 0.1 -0.5039 2.9594, 0.1112 -0.5039 2.9654, 0.1206 -0.5039 2.9738, 0.1209 -0.5039 2.9742, 0.1278 -0.5039 2.9844, 0.1279 -0.5039 2.9849, 0.1324 -0.5039 2.9964, 0.1324 -0.5039 2.9965, 0.1339 -0.5039 3.0089, -0.0598 -0.5571 3.0035, -0.0598 -0.5039 3.0035, -0.1417 -0.563 2.9462, -0.1417 -0.5039 2.9462, -0.14 -0.5039 2.9605, -0.14 -0.5039 2.9605, -0.135 -0.5039 2.9738, -0.1348 -0.5039 2.9743, -0.1268 -0.5039 2.986, -0.1265 -0.5039 2.9865, -0.1157 -0.5039 2.9961, -0.1029 -0.5039 3.003, -0.1029 -0.5039 3.003, -0.089 -0.5039 3.0065, -0.0887 -0.5039 3.0066, -0.0747 -0.5039 3.0068, -0.0738 -0.5039 3.0068, -0.1417 -0.563 2.2507, -0.0598 -0.5571 2.1933, -0.0886 -0.5039 2.1903, -0.0881 -0.5039 2.1903, -0.0739 -0.5039 2.19, -0.0739 -0.5039 2.19, -0.0598 -0.5039 2.1933, -0.1023 -0.5039 2.1937, -0.1029 -0.5039 2.1939, -0.1157 -0.5039 2.2007, -0.1265 -0.5039 2.2104, -0.1265 -0.5039 2.2104, -0.1346 -0.5039 2.2223, -0.1348 -0.5039 2.2225, -0.1397 -0.5039 2.2356, -0.14 -0.5039 2.2364, -0.1417 -0.5039 2.2507, 0.0625 -0.5039 2.2379, 0.0625 -0.5571 2.2379, 0.1339 -0.563 2.1879, 0.1339 -0.5039 2.1879, 0.1324 -0.5039 2.2004, 0.1321 -0.5039 2.2011, 0.1278 -0.5039 2.2124, 0.1276 -0.5039 2.2127, 0.1206 -0.5039 2.223, 0.0872 -0.5039 2.2406, 0.0876 -0.5039 2.2406, 0.0995 -0.5039 2.2375, 0.1 -0.5039 2.2374, 0.1112 -0.5039 2.2315, 0.1206 -0.5039 2.223, 0.0747 -0.5039 2.2408, 0.0748 -0.5039 2.2408, 0.1339 -0.563 1.7492, 0.0625 -0.5571 1.6993, 0.0625 -0.5039 1.6993, 0.0748 -0.5039 1.6964, 0.0755 -0.5039 1.6964, 0.0876 -0.5039 1.6966, 0.0879 -0.5039 1.6966, 0.1 -0.5039 1.6997, 0.1 -0.5039 1.6997, 0.1112 -0.5039 1.7057, 0.1206 -0.5039 1.7141, 0.1209 -0.5039 1.7145, 0.1278 -0.5039 1.7247, 0.1279 -0.5039 1.7251, 0.1324 -0.5039 1.7367, 0.1324 -0.5039 1.7368, 0.1339 -0.5039 1.7492, -0.0598 -0.5571 1.7438, -0.0598 -0.5039 1.7438, -0.1417 -0.563 1.6865, -0.1417 -0.5039 1.6865, -0.14 -0.5039 1.7008, -0.14 -0.5039 1.7008, -0.135 -0.5039 1.7141, -0.1348 -0.5039 1.7145, -0.1268 -0.5039 1.7263, -0.1265 -0.5039 1.7268, -0.1157 -0.5039 1.7364, -0.1029 -0.5039 1.7433, -0.1029 -0.5039 1.7433, -0.089 -0.5039 1.7468, -0.0887 -0.5039 1.7469, -0.0747 -0.5039 1.7471, -0.0738 -0.5039 1.7471, -0.0572 -0.5571 1.1548, -0.0572 -0.5039 1.1548, -0.0717 -0.5039 1.1514, -0.0717 -0.5039 1.1514, -0.0864 -0.5039 1.1516, -0.0869 -0.5039 1.1516, -0.1011 -0.5039 1.1552, -0.1017 -0.5039 1.1554, -0.1149 -0.5039 1.1624, -0.126 -0.5039 1.1724, -0.126 -0.5039 1.1725, -0.1343 -0.5039 1.1847, -0.1345 -0.5039 1.185, -0.1397 -0.5039 1.1984, -0.14 -0.5039 1.1993, -0.1417 -0.5039 1.214, -0.1417 -0.563 1.214, 0.0599 -0.5039 1.1974, 0.0599 -0.5571 1.1974, 0.1274 -0.5039 1.1713, 0.1201 -0.5039 1.182, 0.1339 -0.563 1.1456, 0.1276 -0.5039 1.171, 0.1321 -0.5039 1.1593, 0.1323 -0.5039 1.1586, 0.1339 -0.5039 1.1456, 0.0854 -0.5039 1.2002, 0.0859 -0.5039 1.2002, 0.0983 -0.5039 1.1971, 0.0988 -0.5039 1.197, 0.1104 -0.5039 1.1908, 0.1201 -0.5039 1.182, 0.0725 -0.5039 1.2004, 0.0726 -0.5039 1.2004, 0.1339 -0.5039 0.8465, 0.1339 -0.563 0.7874, -0.2008 -0.563 0.7874, -0.4324 -0.5618 0.7886, -0.4377 -0.5603 0.7901, -0.2008 -0.5039 0.8465, -0.4184 -0.563 0.7874, -0.4458 -0.5581 0.7923, -0.4564 -0.5529 0.7975, -0.4602 -0.551 0.7994, -0.472 -0.5415 0.8089, -0.4746 -0.5394 0.811, -0.483 -0.5292 0.8211, -0.4907 -0.5203 0.8301, -0.4923 -0.5192 0.8313, -0.5023 -0.5116 0.8387, -0.503 -0.5113 0.8391, -0.5125 -0.5071 0.8433, -0.5146 -0.5066 0.8438, -0.5228 -0.5046 0.8458, -0.5283 -0.5042 0.8462, -0.5315 -0.5039 0.8465, -1.1815 -0.5078 0.794, -0.5898 -0.5079 0.794, -0.576 -0.504 0.8262, -1.2 -0.5039 0.8307, -0.5752 -0.504 0.827, -0.5717 -0.5039 0.8307, -1.1831 -0.5066 0.801, -1.1846 -0.5055 0.8074, -0.5889 -0.5064 0.8012, -1.1815 -0.5078 0.794, -0.584 -0.5047 0.8144, -0.5886 -0.5063 0.8021, -1.1909 -0.5043 0.8199, -1.1876 -0.5049 0.8134, -0.5837 -0.5047 0.8149, -1.1942 -0.5042 0.8239, -1.6355 -0.1728 3.878, -1.2559 -0.5039 2.3635, -1.6318 -0.2049 3.878, -1.6244 -0.2262 3.878, -1.6061 -0.2781 3.878, -1.6033 -0.2859 3.878, -1.5783 -0.3253 3.878, -1.5559 -0.3607 3.878, -1.5467 -0.37 3.878, -1.508 -0.4091 3.878, -1.5013 -0.4158 3.878, -1.463 -0.4404 3.878, -1.4238 -0.4655 3.878, -1.4159 -0.4683 3.878, -1.364 -0.4867 3.878, -1.345 -0.4935 3.878, -1.3105 -0.4975 3.878, -1.2559 -0.5039 3.878, -1.2559 0.5039 2.3543, -1.2559 0.5039 3.878, -1.3105 0.4974 3.878, -1.6356 0.1728 3.878, -1.308 0.5014 0.8455, -1.2559 0.505 0.8454, -1.3082 0.5014 0.8455, -1.3466 0.4933 0.8456, -1.3466 0.4931 3.878, -1.3614 0.4901 0.8456, -1.3641 0.4868 3.878, -1.4119 0.4718 0.8457, -1.4158 0.468 3.878, -1.4143 0.4706 0.8457, -1.4273 0.4638 3.878, -1.4272 0.4638 0.8457, -1.459 0.447 0.8458, -1.4631 0.4406 3.878, -1.4629 0.4442 0.8458, -1.5467 0.37 3.878, -1.5378 0.3823 0.8459, -1.508 0.4091 3.878, -1.5072 0.4109 0.8459, -1.5016 0.4156 3.878, -1.5019 0.4159 0.8459, -1.4997 0.4179 0.8459, -1.6047 0.2831 3.878, -1.6043 0.2829 0.8461, -1.5973 0.2986 0.8461, -1.5782 0.3252 3.878, -1.5795 0.3275 0.8461, -1.5705 0.3422 0.846, -1.5557 0.361 3.878, -1.5554 0.3607 0.846, -1.5464 0.3718 0.846, -1.6401 0.1539 0.8464, -1.6371 0.1732 0.8464, -1.6324 0.2031 0.8463, -1.632 0.204 3.878, -1.6321 0.2041 0.8463, -1.6244 0.2262 3.878, -1.6253 0.2272 0.8463, -1.6064 0.2782 3.878, -1.6183 0.2514 0.8462, -1.606 0.279 0.8462, -0.5226 0.5046 0.8458, -0.0 0.5039 0.8465, -0.5283 0.5042 0.8462, -0.5315 0.5039 0.8465, -0.5146 0.5065 0.8439, -0.5126 0.507 0.8434, -0.503 0.5113 0.8391, -0.5027 0.5114 0.839, -0.4921 0.519 0.8314, -0.4919 0.5192 0.8312, -0.483 0.5292 0.8211, -0.4718 0.5414 0.809, -0.468 0.5454 0.805, -0.4563 0.553 0.7974, -0.4538 0.5546 0.7958, -0.4402 0.56 0.7904, -0.4378 0.5605 0.7899, -0.4286 0.5624 0.788, -0.4184 0.563 0.7874, -0.0 0.563 0.7874, 0.4184 0.563 0.7874, 0.4324 0.5618 0.7886, 0.4377 0.5603 0.7901, 0.4458 0.5581 0.7923, 0.4563 0.5529 0.7975, 0.4602 0.551 0.7994, 0.472 0.5415 0.8089, 0.4746 0.5394 0.811, 0.483 0.5292 0.8211, 0.4931 0.5184 0.832, 0.4942 0.5172 0.8332, 0.5044 0.5106 0.8398, 0.5048 0.5103 0.8401, 0.515 0.5062 0.8442, 0.5183 0.5056 0.8448, 0.5238 0.5044 0.846, 0.5315 0.5039 0.8465, 1.6355 0.1728 0.8465, 1.6318 0.2049 0.8465, 1.345 0.4935 3.878, 1.345 0.4935 0.8465, 1.364 0.4867 3.878, 1.364 0.4868 0.8465, 1.4159 0.4683 3.878, 1.416 0.4683 0.8465, 1.4238 0.4655 3.878, 1.4238 0.4655 0.8465, 1.463 0.4404 3.878, 1.463 0.4404 0.8465, 1.5013 0.4158 3.878, 1.5013 0.4158 0.8465, 1.508 0.4091 3.878, 1.5079 0.4091 0.8465, 1.5467 0.37 3.878, 1.5467 0.37 0.8465, 1.5559 0.3607 3.878, 1.5559 0.3607 0.8465, 1.5783 0.3253 3.878, 1.5783 0.3253 0.8465, 1.6033 0.2859 3.878, 1.6033 0.2859 0.8465, 1.6061 0.2781 3.878, 1.6061 0.2781 0.8465, 1.6243 0.2262 3.878, 1.6244 0.2262 0.8465, 1.6318 0.2049 3.878, 1.6355 0.1728 3.878, 1.3105 0.4975 3.878, 1.2559 0.5039 3.878, 1.2559 0.5039 2.3543, 1.3106 0.498 0.846, 1.2559 0.505 0.8454, -0.5906 0.6996 0.6461, -0.5906 0.7014 0.6451, -0.5906 0.712 0.6392, -0.5906 0.7132 0.638, -0.5906 0.7226 0.6292, -0.5906 0.7227 0.6291, -0.5906 0.7297 0.6185, -0.5906 0.7303 0.6168, -0.5906 0.7345 0.6055, -0.5906 0.7348 0.6033, -0.5906 0.7362 0.5909, -0.5906 0.6819 0.7706, -0.5906 0.6708 0.7725, -0.5906 0.62 0.6644, -0.5906 0.659 0.7759, -0.5906 0.6465 0.7828, -0.5906 0.5883 0.6798, -0.5906 0.6151 0.6668, -0.5906 0.5093 0.7874, -0.5906 0.521 0.7548, -0.5906 0.6409 0.7874, -0.5906 0.5217 0.7537, -0.5906 0.5392 0.7247, -0.5906 0.5459 0.7172, -0.5906 0.5604 0.701, -0.5906 0.578 0.6876, -1.1811 0.6708 0.7725, -0.8858 0.6708 0.7725, -0.5717 0.5039 0.8307, -1.2 0.5039 0.8307, -1.1956 0.504 0.8262, -0.5883 0.5064 0.8021, -0.5871 0.5055 0.8074, -1.1827 0.5064 0.8012, -1.1827 0.5065 0.8011, -1.1818 0.5081 0.793, -0.5902 0.508 0.7929, -1.1811 0.5093 0.7874, -0.5902 0.5078 0.794, -1.1877 0.5047 0.8144, -1.1873 0.5049 0.8135, -0.5808 0.5043 0.8199, -0.5834 0.5048 0.8148, -1.1941 0.5041 0.824, -0.575 0.5041 0.8268, -1.1811 0.5196 0.7577, -1.1811 0.5219 0.7538, -1.1811 0.5373 0.7272, -1.1811 0.546 0.7173, -1.1811 0.5536 0.7087, -1.1811 0.5604 0.701, -1.1811 0.5779 0.6874, -1.1811 0.5856 0.6814, -1.1811 0.6149 0.6665, -1.1811 0.6169 0.6655, -1.6048 0.3438 0.8168, -1.6335 0.2916 0.8168, -1.6672 0.1776 0.8168, -1.6544 0.2358 0.8168, -1.5689 0.3914 0.8168, -1.5266 0.4334 0.8168, -1.4787 0.4689 0.8168, -1.4262 0.4972 0.8168, -1.3119 0.5299 0.8168, -1.3702 0.5176 0.8168, -1.2913 0.5314 0.8175, -1.2886 0.5279 0.8211, -1.2816 0.521 0.8295, -1.2784 0.5188 0.8319, -1.2701 0.5129 0.8383, -1.2672 0.5113 0.8398, -1.304 0.543 0.8047, -1.2997 0.5391 0.809, -1.2921 0.5321 0.8168, -1.378 0.545 0.7874, -1.3532 0.5522 0.7874, -1.3407 0.5538 0.7884, -1.3339 0.5534 0.79, -1.3285 0.553 0.7914, -1.3168 0.5498 0.7963, -1.3153 0.549 0.7974, -1.3144 0.5485 0.7979, -1.4568 0.5149 0.7874, -1.4379 0.5231 0.7874, -1.4061 0.5369 0.7874, -1.5494 0.4523 0.7874, -1.5455 0.4554 0.7874, -1.5051 0.4865 0.7874, -1.494 0.493 0.7874, -1.5908 0.4106 0.7874, -1.5887 0.4133 0.7874, -1.5578 0.444 0.7874, -1.6228 0.3697 0.7874, -1.6289 0.3595 0.7874, -1.6511 0.3222 0.7874, -1.6593 0.3035 0.7874, -1.6735 0.2711 0.7874, -1.6986 0.1623 0.7874, -1.6954 0.1816 0.7874, -1.6896 0.2171 0.7874, -1.6816 0.2438 0.7874, -1.1811 0.6465 0.7828, -1.1811 0.659 0.7759, -1.1811 0.6409 0.7874, -1.1811 0.7133 0.6382, -1.1811 0.7015 0.6453, -1.1811 0.722 0.6299, -1.7598 0.1181 0.7874, -1.7598 -0.1181 0.7874, -1.7598 -0.1181 2.3622, -1.7598 -0.1181 3.937, -1.7598 0.0 3.937, -1.7598 0.1181 2.3622, -1.7598 0.1181 3.937, -1.64 0.4444 0.7874, -1.6117 0.4739 0.7874, -1.5993 0.4869 0.7874, -1.5578 0.5211 0.7874, -1.6705 0.4038 0.7874, -1.6754 0.3973 0.7874, -1.7051 0.3462 0.7874, -1.7203 0.3112 0.7874, -1.7289 0.2914 0.7874, -1.7461 0.2344 0.7874, -1.7487 0.22 0.7874, -1.7565 0.1766 0.7874, -1.7581 -0.1604 0.7874, -1.7505 -0.2126 0.7874, -1.7497 -0.2186 0.7874, -1.7341 -0.2764 0.7874, -1.7223 -0.3061 0.7874, -1.712 -0.332 0.7874, -1.6841 -0.3838 0.7874, -1.6763 -0.3949 0.7874, -1.6502 -0.4319 0.7874, -1.6121 -0.4744 0.7874, -1.6109 -0.4758 0.7874, -1.5665 -0.5148 0.7874, -1.5578 -0.5208 0.7874, -1.5413 -0.5322 0.7874, -1.5173 -0.5487 0.7874, -1.4647 -0.5766 0.7874, -1.4491 -0.5827 0.7874, -1.41 -0.5979 0.7874, -1.3579 -0.6114 0.7874, -1.3532 0.6126 0.7874, -1.3944 0.6027 0.7874, -1.4441 0.5852 0.7874, -1.4499 0.5832 0.7874, -1.5036 0.5567 0.7874, -1.5324 0.5381 0.7874, -1.5538 0.5243 0.7874, -1.3505 0.613 0.7877, -1.3339 0.6159 0.7898, -1.3338 0.6159 0.7898, -1.3172 0.6182 0.7961, -1.3153 0.6184 0.7974, -1.3013 0.6199 0.807, -1.2996 0.6201 0.8088, -1.2886 0.621 0.8211, -0.1648 0.4987 1.4543, -0.1648 0.3866 1.4171, -0.1642 0.4987 1.4545, -0.1639 0.3865 1.4174, -0.1453 0.4979 1.4567, -0.1453 0.3858 1.4196, -0.1981 0.3922 1.4002, -0.198 0.3922 1.4003, -0.182 0.5008 1.448, -0.182 0.3887 1.4109, -0.1818 0.3887 1.411, -0.1825 0.5009 1.4478, -0.1981 0.5044 1.4374, -0.2106 0.3968 1.3865, -0.2108 0.3969 1.3862, -0.1982 0.5044 1.4373, -0.2108 0.509 1.4233, -0.2193 0.4022 1.3701, -0.211 0.5091 1.4231, -0.2193 0.5143 1.4073, -0.2196 0.5145 1.4067, -0.2236 0.5202 1.3894, -0.2236 0.4642 1.3708, -0.2194 0.4023 1.3699, -0.2236 0.4081 1.3522, -0.0 0.3858 1.4196, -0.0 0.4979 1.4567, 0.1453 0.3858 1.4196, 0.1453 0.4979 1.4567, 0.1639 0.4986 1.4546, 0.1642 0.3866 1.4174, 0.1647 0.4988 1.4543, 0.1648 0.3866 1.4172, 0.1981 0.5044 1.4374, 0.198 0.5043 1.4374, 0.182 0.3887 1.4108, 0.182 0.5008 1.448, 0.1818 0.5008 1.4481, 0.1825 0.3888 1.4107, 0.1981 0.3922 1.4002, 0.2106 0.5089 1.4236, 0.2108 0.509 1.4233, 0.1982 0.3923 1.4002, 0.2108 0.3969 1.3862, 0.2193 0.5143 1.4073, 0.211 0.397 1.3859, 0.2193 0.4022 1.3701, 0.2196 0.4024 1.3696, 0.2236 0.4081 1.3522, 0.2236 0.4642 1.3708, 0.2194 0.5144 1.4071, 0.2236 0.5202 1.3894, -0.2447 0.4744 1.1521, -0.2467 0.5366 1.1521, -0.2486 0.5988 1.1521, 0.2486 0.5988 1.1521, 0.2467 0.5366 1.1521, 0.2447 0.4744 1.1521, 0.3195 0.503 1.0664, -0.0 0.5039 1.063, 0.3385 0.5039 1.0631, 0.3437 0.5039 1.063, 0.3154 0.5028 1.0671, 0.2973 0.5004 1.0747, 0.2957 0.5002 1.0754, 0.2772 0.4954 1.0887, 0.2763 0.4952 1.0894, 0.2621 0.4894 1.1056, 0.2611 0.4888 1.1075, 0.2507 0.4825 1.127, 0.2505 0.4821 1.1281, -0.2452 0.4757 1.1484, -0.2504 0.4824 1.1281, -0.2507 0.4827 1.1271, -0.261 0.4892 1.1075, -0.2616 0.4896 1.1063, -0.2773 0.4954 1.0887, -0.2785 0.4959 1.0874, -0.2974 0.5 1.0748, -0.2993 0.5004 1.0735, -0.3195 0.5028 1.0661, -0.3205 0.503 1.0657, -0.3437 0.5039 1.063, 0.9963 -0.7362 0.2165, 1.4075 -0.7362 0.2165, 1.4075 -0.7953 0.2165, 0.1417 -0.7953 0.2165, 0.1417 -0.7362 0.2165, 0.1417 -0.7362 0.5118, 0.1417 -0.7953 0.5118, 0.5118 -0.7953 0.5118, 0.5118 -0.7362 0.5118, 1.757 -0.7953 0.4772, 1.757 -0.7362 0.4772, 1.753 -0.7362 0.481, 1.6735 -0.7953 0.5118, 1.7507 -0.7362 0.4832, 1.7302 -0.7362 0.4971, 1.7284 -0.7362 0.4983, 1.7025 -0.7362 0.5081, 1.7015 -0.7362 0.5085, 1.6735 -0.7362 0.5118, 1.806 -0.7362 0.4283, 1.806 -0.7953 0.4283, 1.8405 -0.7362 0.3448, 1.8403 -0.7362 0.3535, 1.8405 -0.7953 0.3448, 1.8364 -0.7362 0.3737, 1.8094 -0.7362 0.424, 1.8234 -0.7362 0.4061, 1.8256 -0.7362 0.4014, 1.8352 -0.7362 0.3799, 1.8405 -0.7953 -0.689, 1.8405 -0.7362 -0.689, 1.8314 -0.7362 -0.7257, 1.8314 -0.7362 -0.7257, 1.838 -0.7362 -0.7085, 1.8383 -0.7362 -0.7076, 1.8201 -0.7362 -0.7419, 1.8198 -0.7362 -0.7422, 1.7618 -0.7953 -0.7677, 1.8097 -0.7362 -0.7509, 1.8056 -0.7362 -0.7544, 1.7933 -0.7362 -0.7605, 1.7881 -0.7362 -0.7631, 1.7756 -0.7362 -0.7659, 1.7689 -0.7362 -0.7674, 1.7618 -0.7362 -0.7677, 1.565 -0.7362 -0.7677, 1.565 -0.7953 -0.7677, 1.4862 -0.7362 -0.689, 1.4865 -0.7362 -0.696, 1.4862 -0.7953 -0.689, 1.4893 -0.7362 -0.7084, 1.4908 -0.7362 -0.7153, 1.4959 -0.7362 -0.7255, 1.4995 -0.7362 -0.7328, 1.5511 -0.7362 -0.766, 1.5074 -0.7362 -0.7419, 1.512 -0.7362 -0.7473, 1.5171 -0.7362 -0.7508, 1.5283 -0.7362 -0.7586, 1.5334 -0.7362 -0.7605, 1.5463 -0.7362 -0.7655, 1.4862 -0.7362 0.1378, 1.4862 -0.7953 0.1378, 1.4845 -0.7362 0.1517, 1.484 -0.7362 0.1565, 1.479 -0.7362 0.1694, 1.4771 -0.7362 0.1745, 1.4693 -0.7362 0.1857, 1.4658 -0.7362 0.1907, 1.4604 -0.7362 0.1954, 1.444 -0.7362 0.2069, 1.4513 -0.7362 0.2032, 1.4338 -0.7362 0.212, 1.4269 -0.7362 0.2135, 1.4145 -0.7362 0.2162, -0.5471 0.7572 0.277, 0.5209 0.7475 0.2805, 0.526 0.74 0.2867, -0.0 0.7388 0.29, 0.5165 0.7539 0.2753, -0.5519 0.7531 0.2814, -0.0254 0.7387 0.2902, -0.5625 0.7464 0.2866, -0.5768 0.7374 0.2937, 0.5771 0.7362 0.2969, 0.5735 0.7362 0.2967, 0.5569 0.7362 0.2957, 0.5547 0.7365 0.2951, 0.5371 0.7387 0.29, 0.6358 0.7362 0.2576, 0.6246 0.7362 0.2725, 0.6215 0.7362 0.2767, 0.611 0.7362 0.285, 0.6079 0.7362 0.2874, 0.5937 0.7362 0.2938, 0.5933 0.7362 0.294, 0.6371 0.7362 0.2559, 0.7053 0.7362 0.2165, 0.7003 0.7362 0.2167, 0.7053 0.7953 0.2165, 0.6859 0.7362 0.2194, 0.6821 0.7362 0.2201, 0.6674 0.7362 0.227, 0.6633 0.7362 0.2289, 0.6626 0.7362 0.2294, 0.6483 0.7362 0.2409, 0.6478 0.7362 0.2416, 1.4075 0.7953 0.2165, 1.4075 0.7362 0.2165, 1.4862 0.7362 0.1378, 1.4859 0.7362 0.1449, 1.4862 0.7953 0.1378, 1.4844 0.7362 0.1516, 1.4816 0.7362 0.1641, 1.479 0.7362 0.1693, 1.4729 0.7362 0.1816, 1.4694 0.7362 0.1857, 1.4607 0.7362 0.1957, 1.4604 0.7362 0.1961, 1.4442 0.7362 0.2074, 1.4442 0.7362 0.2074, 1.427 0.7362 0.214, 1.4261 0.7362 0.2143, 1.4862 0.7953 -0.689, 1.4862 0.7362 -0.689, 1.4888 0.7362 -0.7085, 1.4885 0.7362 -0.7076, 1.4953 0.7362 -0.7257, 1.4954 0.7362 -0.7257, 1.5067 0.7362 -0.7419, 1.507 0.7362 -0.7422, 1.565 0.7953 -0.7677, 1.5171 0.7362 -0.7509, 1.5212 0.7362 -0.7544, 1.5334 0.7362 -0.7605, 1.5386 0.7362 -0.7631, 1.5511 0.7362 -0.7659, 1.5579 0.7362 -0.7674, 1.565 0.7362 -0.7677, 1.7618 0.7953 -0.7677, 1.7618 0.7362 -0.7677, 1.8405 0.7953 -0.689, 1.8405 0.7362 -0.689, 1.8402 0.7362 -0.696, 1.8375 0.7362 -0.7084, 1.836 0.7362 -0.7153, 1.8309 0.7362 -0.7255, 1.8272 0.7362 -0.7328, 1.7757 0.7362 -0.766, 1.8194 0.7362 -0.7419, 1.8147 0.7362 -0.7473, 1.8097 0.7362 -0.7508, 1.7985 0.7362 -0.7586, 1.7934 0.7362 -0.7605, 1.7805 0.7362 -0.7655, 1.8405 0.7953 0.3448, 1.8405 0.7362 0.3448, 1.806 0.7953 0.4283, 1.806 0.7362 0.4283, 1.8097 0.7362 0.4242, 1.8119 0.7362 0.4219, 1.8258 0.7362 0.4014, 1.827 0.7362 0.3997, 1.8368 0.7362 0.3738, 1.8372 0.7362 0.3728, 1.757 0.7362 0.4772, 1.757 0.7953 0.4772, 1.6735 0.7953 0.5118, 1.6735 0.7362 0.5118, 1.6823 0.7362 0.5115, 1.7527 0.7362 0.4806, 1.7349 0.7362 0.4947, 1.7301 0.7362 0.4968, 1.7086 0.7362 0.5065, 1.7025 0.7362 0.5077, -0.5118 0.7953 0.5118, 0.5118 0.7953 0.5118, -0.5118 0.7362 0.5118, -0.0 0.7362 0.5118, 0.5118 0.7362 0.5118, -0.5259 0.7362 0.5135, -0.5303 0.7362 0.514, -0.5436 0.7362 0.519, -0.5482 0.7362 0.5208, -0.5599 0.7362 0.5288, -0.5644 0.7362 0.532, -0.5696 0.7362 0.5379, -0.5771 0.7362 0.5466, -0.581 0.7362 0.5544, -0.586 0.7362 0.5643, -0.5876 0.7362 0.5715, -0.5903 0.7362 0.5836, -1.1876 0.7362 0.5914, -1.185 0.7352 0.6005, -1.1842 0.7349 0.6034, -1.184 0.7349 0.6041, -1.1818 0.7306 0.6167, -1.1818 0.7305 0.6168, -1.1811 0.724 0.6275, -1.1811 0.7227 0.6291, -1.2272 0.7362 0.5374, -1.2167 0.7362 0.5454, -1.2395 0.7362 0.528, -1.2515 0.7362 0.5227, -1.2633 0.7362 0.5174, -1.2781 0.7362 0.5146, -1.2992 0.7953 0.5118, -1.2992 0.7362 0.5118, -1.2914 0.7362 0.5121, -1.2127 0.7362 0.5503, -1.1999 0.7362 0.566, -1.1955 0.7362 0.575, -1.6735 0.7953 0.5118, -1.6735 0.7362 0.5118, -1.757 0.7953 0.4772, -1.757 0.7362 0.4772, -1.753 0.7362 0.481, -1.7507 0.7362 0.4832, -1.7302 0.7362 0.4971, -1.7284 0.7362 0.4983, -1.7025 0.7362 0.5081, -1.7015 0.7362 0.5085, -1.806 0.7362 0.4283, -1.806 0.7953 0.4283, -1.8406 0.7953 0.3448, -1.8406 0.7362 0.3448, -1.8403 0.7362 0.3535, -1.8094 0.7362 0.424, -1.8234 0.7362 0.4061, -1.8256 0.7362 0.4014, -1.8352 0.7362 0.3799, -1.8364 0.7362 0.3737, -1.8406 0.7953 -0.689, -1.8406 0.7362 -0.689, -1.838 0.7362 -0.7085, -1.8383 0.7362 -0.7076, -1.8314 0.7362 -0.7257, -1.8314 0.7362 -0.7257, -1.8201 0.7362 -0.7419, -1.8198 0.7362 -0.7422, -1.7618 0.7953 -0.7677, -1.8097 0.7362 -0.7509, -1.8056 0.7362 -0.7544, -1.7933 0.7362 -0.7605, -1.7882 0.7362 -0.7631, -1.7756 0.7362 -0.7659, -1.7689 0.7362 -0.7674, -1.7618 0.7362 -0.7677, -1.565 0.7953 -0.7677, -1.565 0.7362 -0.7677, -1.5455 0.7362 -0.7651, -1.5463 0.7362 -0.7655, -1.5283 0.7362 -0.7586, -1.5282 0.7362 -0.7586, -1.512 0.7362 -0.7473, -1.5117 0.7362 -0.7469, -1.4862 0.7953 -0.689, -1.5031 0.7362 -0.7369, -1.4995 0.7362 -0.7328, -1.4934 0.7362 -0.7205, -1.4908 0.7362 -0.7153, -1.488 0.7362 -0.7028, -1.4865 0.7362 -0.696, -1.4862 0.7362 -0.689, -1.4862 0.7953 0.1378, -1.4862 0.7362 0.1378, -1.4075 0.7362 0.2165, -1.4145 0.7362 0.2162, -1.4075 0.7953 0.2165, -1.4213 0.7362 0.2147, -1.4338 0.7362 0.212, -1.439 0.7362 0.2094, -1.4513 0.7362 0.2032, -1.4554 0.7362 0.1997, -1.4654 0.7362 0.191, -1.4658 0.7362 0.1907, -1.4771 0.7362 0.1745, -1.4771 0.7362 0.1745, -1.484 0.7362 0.1565, -1.4837 0.7362 0.1573, -0.7328 0.7953 0.2165, -0.7328 0.7362 0.2165, -0.7142 0.7362 0.2188, -0.7135 0.7362 0.2191, -0.6963 0.7362 0.2257, -0.6949 0.7362 0.2267, -0.6904 0.7362 0.2298, -0.6793 0.7362 0.2376, -0.6757 0.7362 0.2418, -0.6672 0.7362 0.2517, -0.6646 0.7362 0.2559, -0.6528 0.7362 0.2717, -0.6528 0.7362 0.2718, -0.6385 0.7362 0.2832, -0.6383 0.7362 0.2833, -0.6216 0.7362 0.2911, -0.6212 0.7362 0.2913, -0.6025 0.7362 0.2953, -0.6019 0.7362 0.2952, -0.5989 0.7364 0.2951, -0.5798 0.7372 0.2939, 0.14 -0.5039 2.9946, 0.14 -0.6102 2.9946, 0.14 -0.6102 2.9946, 0.1349 -0.6102 2.9813, 0.14 -0.5039 2.9946, 0.135 -0.5039 2.9813, 0.1348 -0.6102 2.9808, 0.1348 -0.5039 2.9808, 0.1268 -0.6102 2.9691, 0.1268 -0.5039 2.9691, 0.1265 -0.6102 2.9686, 0.1265 -0.5039 2.9686, 0.1157 -0.6102 2.9589, 0.1157 -0.5039 2.9589, 0.1029 -0.6102 2.9521, 0.1029 -0.5039 2.9521, 0.1029 -0.6102 2.9521, 0.1029 -0.5039 2.9521, 0.089 -0.5039 2.9486, 0.0598 -0.5571 2.9516, 0.0598 -0.6102 2.9516, 0.0739 -0.6102 2.9483, 0.0598 -0.5039 2.9516, 0.0738 -0.5039 2.9483, 0.0747 -0.5039 2.9483, 0.0747 -0.6102 2.9483, 0.0887 -0.5039 2.9485, 0.0886 -0.6102 2.9485, 0.089 -0.6102 2.9486, 0.0305 -0.6102 2.9622, -0.0625 -0.5039 2.9961, -0.0625 -0.5571 2.9961, -0.0625 -0.6102 2.9961, -0.0625 -0.5039 2.2007, 0.0598 -0.5039 2.2453, 0.0598 -0.5571 2.2453, 0.0598 -0.6102 2.2453, 0.0305 -0.6102 2.2346, -0.0625 -0.5571 2.2007, -0.0625 -0.6102 2.2007, 0.0305 -0.6102 1.7025, 0.0598 -0.6102 1.6919, 0.0598 -0.5571 1.6919, 0.0598 -0.5039 1.6919, -0.0625 -0.5039 1.7364, -0.0625 -0.5571 1.7364, -0.0625 -0.6102 1.7364, -0.0599 -0.5039 1.1622, 0.0572 -0.5039 1.2048, 0.0572 -0.5571 1.2048, 0.0572 -0.6102 1.2048, 0.0305 -0.6102 1.1951, -0.0599 -0.5571 1.1622, -0.0599 -0.6102 1.1622, -0.1339 -0.5039 2.3635, -0.1339 -0.5039 2.9462, -0.1079 -0.5039 2.9845, -0.1324 -0.5039 2.9586, -0.1324 -0.5039 2.9586, -0.128 -0.5039 2.9702, -0.1278 -0.5039 2.9707, -0.1209 -0.5039 2.9808, -0.1206 -0.5039 2.9813, -0.1112 -0.5039 2.9897, -0.1001 -0.5039 2.9956, -0.1 -0.5039 2.9957, -0.0879 -0.5039 2.9987, -0.0876 -0.5039 2.9988, -0.0755 -0.5039 2.999, -0.0748 -0.5039 2.999, 0.6949 -0.5039 3.878, 1.2 -0.5039 0.8307, 0.5717 -0.5039 0.8307, 0.1269 -0.5039 1.7093, 0.5676 -0.5039 0.8337, 0.5602 -0.5039 0.839, 0.547 -0.5039 0.8444, 0.1398 -0.5039 1.1613, 0.5553 -0.5039 0.841, 0.3378 -0.5039 0.8465, 0.1417 -0.5039 0.8465, 0.1417 -0.5039 1.1456, 0.5315 -0.5039 0.8465, 0.5468 -0.5039 0.8445, 0.5334 -0.5039 0.8464, 0.532 -0.5039 0.8465, 0.1344 -0.5039 1.175, 0.1261 -0.5039 1.1872, -0.0988 -0.5039 1.1627, -0.1104 -0.5039 1.1689, -0.1201 -0.5039 1.1776, -0.1201 -0.5039 1.1777, -0.0755 -0.5039 1.7393, -0.1274 -0.5039 1.1884, -0.1276 -0.5039 1.1886, -0.1324 -0.5039 1.6989, -0.1324 -0.5039 1.6989, -0.1017 -0.5039 1.7249, -0.1321 -0.5039 1.2004, -0.1323 -0.5039 1.2011, -0.1339 -0.5039 1.214, -0.1339 -0.5039 1.6865, -0.1 -0.5039 1.736, -0.0879 -0.5039 1.739, -0.1001 -0.5039 1.7359, -0.0876 -0.5039 1.7391, -0.128 -0.5039 1.7105, -0.1278 -0.5039 1.711, -0.1209 -0.5039 1.7211, -0.1206 -0.5039 1.7215, -0.1112 -0.5039 1.73, -0.0748 -0.5039 1.7393, -0.0725 -0.5039 1.1592, -0.0726 -0.5039 1.1592, -0.0854 -0.5039 1.1594, -0.0859 -0.5039 1.1594, -0.0983 -0.5039 1.1626, 0.1149 -0.5039 1.1972, 0.1011 -0.5039 1.2045, 0.1157 -0.5039 1.6992, 0.0864 -0.5039 1.2082, 0.1029 -0.5039 1.6923, 0.0747 -0.5039 1.6885, 0.0717 -0.5039 1.2082, 0.089 -0.5039 1.6887, 1.2481 -0.5045 0.8459, 1.2433 -0.5041 0.8462, 1.2402 -0.5039 0.8465, 0.1266 -0.5039 2.2282, 0.1157 -0.5039 2.2379, 1.229 -0.5039 0.8451, 1.2261 -0.5039 0.8448, 1.2205 -0.5039 0.8426, 1.2013 -0.5039 0.8319, 0.1351 -0.5039 1.7215, 1.2071 -0.5039 0.8358, 0.1417 -0.5039 1.7492, 0.1417 -0.5039 2.1879, 1.2125 -0.5039 0.8396, 0.1398 -0.5039 2.2031, 0.14 -0.5039 1.7349, 0.1347 -0.5039 2.2164, 0.1024 -0.5039 2.245, 0.0881 -0.5039 2.2485, 0.0739 -0.5039 2.2486, -0.0747 -0.5039 2.1979, -0.0748 -0.5039 2.1979, -0.0876 -0.5039 2.1981, -0.0995 -0.5039 2.2011, -0.1039 -0.5039 2.2069, -0.1 -0.5039 2.2012, -0.1112 -0.5039 2.2072, -0.0872 -0.5039 2.1981, -0.1278 -0.5039 2.2262, -0.1321 -0.5039 2.2376, -0.1206 -0.5039 2.2156, -0.1206 -0.5039 2.2157, -0.1276 -0.5039 2.226, -0.1324 -0.5039 2.2382, -0.1339 -0.5039 2.2507, -1.3577 -0.6107 3.937, -1.2806 -0.6213 0.8305, -1.2559 -0.622 2.3527, -1.2559 -0.622 3.937, -1.2781 -0.6216 3.937, -1.2692 -0.6217 0.8388, -1.2672 -0.6218 0.8397, -1.2559 -0.622 0.8443, -1.2785 -0.6214 0.832, -1.3362 -0.6156 3.937, -1.4508 -0.5824 3.937, -1.4492 -0.583 3.937, -1.3939 -0.6026 3.937, -1.5045 -0.5562 3.937, -1.5415 -0.5324 3.937, -1.5539 -0.5244 3.937, -1.5992 -0.487 3.937, -1.6117 -0.4739 3.937, -1.6399 -0.4444 3.937, -1.6752 -0.3974 3.937, -1.6766 -0.3951 3.937, -1.7051 -0.3458 3.937, -1.7565 -0.1765 3.937, -1.7501 -0.2125 3.937, -1.7462 -0.234 3.937, -1.729 -0.2906 3.937, -1.7223 -0.306 3.937, -1.2534 -0.622 0.8447, -1.2534 -0.5048 0.8456, -1.242 -0.622 0.8464, -1.2402 -0.5039 0.8465, -1.2397 -0.622 0.8462, -1.2397 -0.5039 0.8464, -1.2276 -0.622 0.845, -1.2249 -0.5039 0.8445, -1.2248 -0.622 0.844, -1.2246 -0.5039 0.8444, -1.2163 -0.5039 0.841, -1.1941 -0.6226 0.824, -1.2 -0.622 0.8307, -1.2015 -0.622 0.8321, -1.2041 -0.5039 0.8337, -1.204 -0.622 0.8338, -1.2114 -0.5039 0.839, -1.2131 -0.622 0.8398, -1.2163 -0.622 0.841, -1.1919 -0.6228 0.8215, -1.1828 -0.6301 0.8011, -1.1831 -0.6293 0.8022, -1.1834 -0.6289 0.8032, -1.1865 -0.6251 0.812, -1.1873 -0.6247 0.8135, -1.1888 -0.6241 0.8161, -1.1814 -0.6359 0.7927, -1.1814 -0.6358 0.7928, -0.5902 -0.6352 0.7934, -0.5887 -0.6293 0.8021, -0.5903 -0.6359 0.7927, -0.5886 -0.6291 0.8024, -0.5884 -0.6288 0.8031, -0.5853 -0.6251 0.8118, -0.5717 -0.622 0.8307, -0.575 -0.6223 0.8269, -0.5835 -0.6244 0.8149, -0.5828 -0.6241 0.8161, -0.5797 -0.6228 0.8215, -0.5703 -0.5039 0.8319, -0.5646 -0.622 0.8358, -0.5646 -0.5039 0.8358, -0.5603 -0.622 0.8389, -0.5591 -0.5039 0.8396, -0.5511 -0.622 0.8426, -0.5512 -0.5039 0.8426, -0.5465 -0.622 0.8445, -0.5456 -0.5039 0.8448, -0.5426 -0.622 0.845, -0.5426 -0.5039 0.8451, -0.5321 -0.622 0.8465, -0.5284 -0.622 0.8461, -0.5184 -0.622 0.845, -0.5147 -0.622 0.8436, -0.5049 -0.622 0.84, -0.5031 -0.622 0.8389, -0.4923 -0.622 0.8315, -0.4922 -0.622 0.8314, -0.483 -0.622 0.8211, -0.4184 -0.5925 0.7874, -0.4184 -0.622 0.7874, -0.437 -0.622 0.7896, -0.472 -0.622 0.8088, -0.4705 -0.622 0.8071, -0.4563 -0.622 0.7975, -0.4548 -0.622 0.7965, -0.4378 -0.622 0.7899, 0.1339 -0.5925 0.7874, 0.1339 -0.622 0.7874, 0.1339 -0.622 1.122, 0.1339 -0.6161 1.122, -0.1969 -0.6161 1.122, -0.1969 -0.622 1.122, -0.1969 -0.6161 1.2402, -0.1969 -0.622 1.2402, -0.1417 -0.6161 1.2402, -0.1417 -0.622 1.2402, -0.1417 -0.622 1.6732, -0.1417 -0.6161 1.6732, -0.1969 -0.6161 1.6732, -0.1969 -0.622 1.6732, -0.1969 -0.6161 1.7913, -0.1969 -0.622 1.7913, 0.1339 -0.6161 1.7913, 0.1339 -0.622 1.7913, 0.1339 -0.622 2.185, 0.1339 -0.6161 2.185, -0.1969 -0.6161 2.185, -0.1969 -0.622 2.185, -0.1969 -0.6161 2.3031, -0.1969 -0.622 2.3031, -0.1417 -0.6161 2.3031, -0.1417 -0.622 2.3031, -0.1417 -0.622 2.3527, -0.1417 -0.622 2.9331, -0.1417 -0.6161 2.9331, -0.1417 -0.5039 2.3635, -0.1969 -0.6161 2.9331, -0.1969 -0.622 2.9331, -0.1969 -0.6161 3.0512, -0.1969 -0.622 3.0512, 0.1339 -0.6161 3.0512, 0.1339 -0.622 3.0512, 0.1339 -0.563 3.937, 0.1339 -0.5039 3.878, 0.1339 -0.622 3.937, 0.114 -0.5039 2.9721, -0.561 -0.5039 3.878, 0.3788 0.5039 1.0661, 0.3543 0.5039 1.063, -0.3543 0.5039 1.063, -0.3719 0.5039 1.0646, -0.3942 0.5039 1.0714, -0.5426 0.5039 0.8454, -0.4147 0.5039 1.0837, -0.5513 0.5039 0.843, -1.2481 0.5045 0.8459, -1.2402 0.5039 0.8465, -0.4497 0.5039 1.1369, -1.2397 0.5039 0.8464, -1.2246 0.5039 0.8444, -1.2162 0.5039 0.8414, -1.2039 0.5039 0.834, -0.4413 0.5039 1.1154, -0.4268 0.5039 1.0948, -0.5648 0.5039 0.8362, -0.4528 0.5039 1.5157, -0.4497 0.5039 1.5402, -0.4528 0.5039 1.1614, -1.2535 0.5048 0.8456, -0.4413 0.5039 1.5617, -0.4268 0.5039 1.5824, -0.4147 0.5039 1.5935, -0.3942 0.5039 1.6057, -0.3719 0.5039 1.6126, -0.3543 0.5039 1.6142, 0.3543 0.5039 1.6142, 0.3719 0.5039 1.6126, 0.3942 0.5039 1.6057, 0.4147 0.5039 1.5935, 0.4268 0.5039 1.5824, 0.4413 0.5039 1.5617, 0.4512 0.5039 1.1438, 0.4443 0.5039 1.1215, 0.5456 0.5039 0.8448, 0.4528 0.5039 1.1614, 0.4497 0.5039 1.5402, 0.4528 0.5039 1.5157, 0.4321 0.5039 1.1011, 0.421 0.5039 1.089, 0.532 0.5039 0.8464, 1.2071 0.5039 0.8358, 1.2114 0.5039 0.839, 0.547 0.5039 0.8442, 0.5554 0.5039 0.841, 0.5591 0.5039 0.8396, 0.5676 0.5039 0.8338, 0.5703 0.5039 0.8319, 0.5717 0.5039 0.8307, 1.2 0.5039 0.8307, 0.4003 0.5039 1.0744, 1.2205 0.5039 0.8427, 1.2249 0.5039 0.8445, 1.2291 0.5039 0.845, 1.2402 0.5039 0.8465, 1.2433 0.5042 0.8462, -0.0 0.5039 3.878, -0.4184 0.5925 0.7874, 0.4184 0.5925 0.7874, -0.4721 0.622 0.8088, -0.4563 0.622 0.7975, -0.4378 0.622 0.7899, -0.4922 0.622 0.8314, -0.5031 0.622 0.8389, -0.5147 0.622 0.8436, -0.5284 0.622 0.8461, -0.5426 0.622 0.845, -0.5797 0.6228 0.8215, -0.575 0.6223 0.8269, -0.5646 0.622 0.8359, -0.5511 0.622 0.8426, -0.5851 0.6251 0.812, -0.5835 0.6244 0.8149, -0.5828 0.6241 0.8161, -0.5886 0.6294 0.8021, -0.5886 0.6293 0.8022, -0.5883 0.6289 0.8032, -0.5903 0.6359 0.7927, -0.5903 0.6358 0.7928, -1.1814 0.6352 0.7934, -1.1828 0.6301 0.8011, -1.1814 0.6359 0.7927, -1.183 0.6292 0.8024, -1.1833 0.6288 0.8031, -1.1864 0.6251 0.8118, -1.1941 0.6226 0.824, -1.1873 0.6247 0.8135, -1.1889 0.6241 0.8161, -1.1919 0.6228 0.8215, -1.2041 0.622 0.8337, -1.2163 0.622 0.8409, -1.2247 0.622 0.8443, -1.2397 0.622 0.8464, -1.2534 0.622 0.8449, -1.2787 0.6214 0.8322, -1.2787 0.6214 0.8322, -1.2672 0.6218 0.8398, -1.2663 0.6218 0.8404, -1.2559 0.622 2.3527, -1.3503 0.6123 3.937, -1.3075 0.6194 0.8031, -1.3143 0.6187 3.937, -1.7594 0.1403 3.937, -1.7208 0.3114 3.937, -1.7404 0.2561 3.937, -1.7485 0.22 3.937, -1.7534 0.1984 3.937, -1.7202 0.313 3.937, -1.6117 0.4739 3.937, -1.6248 0.4614 3.937, -1.694 0.3667 3.937, -1.6702 0.4037 3.937, -1.6622 0.4161 3.937, -1.3718 0.6084 3.937, -1.4284 0.5912 3.937, -1.4438 0.5845 3.937, -1.4836 0.5673 3.937, -1.5329 0.5388 3.937, -1.5352 0.5374 3.937, -1.5822 0.5021 3.937, -0.4528 0.563 1.1614, -0.4528 0.563 1.5157, -0.3543 0.563 1.063, -0.3718 0.622 1.0653, -0.3939 0.622 1.072, -0.4143 0.622 1.0841, -0.4267 0.622 1.0948, -0.4413 0.622 1.1155, -0.4495 0.622 1.137, -0.3455 0.563 1.063, -0.3231 0.622 1.0658, -0.3011 0.622 1.0745, -0.2814 0.6197 1.089, -0.272 0.6169 1.0974, -0.2651 0.6136 1.1077, -0.2583 0.6102 1.1178, -0.2547 0.6068 1.1282, -0.2503 0.6027 1.1405, 0.25 0.6019 1.143, 0.255 0.6067 1.1283, 0.2583 0.6099 1.1187, 0.2655 0.6134 1.1079, 0.2726 0.6169 1.0972, 0.2815 0.6197 1.0891, 0.3455 0.563 1.063, 0.3233 0.622 1.0664, 0.3014 0.622 1.0751, 0.3543 0.563 1.063, 0.4528 0.563 1.1614, 0.4505 0.622 1.144, 0.4437 0.622 1.1219, 0.4316 0.622 1.1015, 0.4209 0.622 1.089, 0.4003 0.622 1.0745, 0.3787 0.622 1.0662, 0.4528 0.563 1.5157, 0.3543 0.563 1.6142, 0.3718 0.622 1.6119, 0.3939 0.622 1.6051, 0.4143 0.622 1.593, 0.4267 0.622 1.5823, 0.4413 0.622 1.5617, 0.4495 0.622 1.5402, -0.3543 0.563 1.6142, -0.3719 0.622 1.6121, -0.394 0.622 1.6051, -0.4143 0.622 1.5929, -0.4263 0.622 1.5819, -0.4407 0.622 1.5614, -0.4489 0.622 1.5401, 0.5772 -0.7362 0.5468, 0.5811 -0.7362 0.5545, 0.586 -0.7362 0.5642, 0.5876 -0.7362 0.5716, 0.5902 -0.7362 0.5835, 0.5905 -0.7362 0.5908, 0.5253 -0.7362 0.5134, 0.5697 -0.7362 0.538, 0.5647 -0.7362 0.5323, 0.5593 -0.7362 0.5285, 0.5485 -0.7362 0.5209, 0.543 -0.7362 0.5188, 0.5305 -0.7362 0.5141, 1.2992 -0.7953 0.5118, 1.2992 -0.7362 0.5118, 1.5341 -0.7362 -0.7584, 1.7687 -0.7362 -0.7668, 0.9963 -0.7362 0.5913, 1.1875 -0.7362 0.5915, 1.1948 -0.7362 0.5747, 1.2123 -0.7362 0.5499, 1.2267 -0.7362 0.5367, 1.2512 -0.7362 0.522, 1.278 -0.7362 0.5137, 1.2992 0.7953 0.5118, 1.2992 0.7362 0.5118, -1.7687 0.7362 -0.7668, 0.5816 0.7362 0.5541, 0.889 0.7362 0.5913, 0.5882 0.7362 0.5713, 0.5906 0.7362 0.5909, 0.5602 0.7362 0.5284, 0.5438 0.7362 0.5186, 0.526 0.7362 0.5131, 0.57 0.7362 0.5375, 1.2512 0.7362 0.522, 1.278 0.7362 0.5137, 1.1948 0.7362 0.5747, 1.2267 0.7362 0.5367, 1.2123 0.7362 0.5499, 1.1876 0.7362 0.5914, 1.7846 0.7362 -0.7633, 1.558 0.7362 -0.7668, 0.472 0.622 0.8088, 0.4563 0.622 0.7975, 0.4378 0.622 0.7899, -0.0748 -0.6102 2.1979, -0.1339 -0.6102 2.2507, -0.1339 -0.563 2.2507, -0.1324 -0.6102 2.2383, -0.1321 -0.6102 2.2376, -0.1278 -0.6102 2.2262, -0.1276 -0.6102 2.226, -0.0872 -0.6102 2.1981, -0.0876 -0.6102 2.1981, -0.0995 -0.6102 2.2011, -0.1001 -0.6102 2.2012, -0.1112 -0.6102 2.2072, -0.1206 -0.6102 2.2156, -0.1206 -0.6102 2.2157, -0.0748 -0.6102 2.1979, -0.1339 -0.563 2.9462, -0.1339 -0.6102 2.9462, -0.1324 -0.6102 2.9586, -0.0747 -0.6102 2.999, -0.0755 -0.6102 2.999, -0.0876 -0.6102 2.9988, -0.0879 -0.6102 2.9987, -0.1 -0.6102 2.9957, -0.1 -0.6102 2.9956, -0.1112 -0.6102 2.9897, -0.1206 -0.6102 2.9813, -0.1209 -0.6102 2.9808, -0.1278 -0.6102 2.9706, -0.128 -0.6102 2.9702, -0.1324 -0.6102 2.9586, 0.1968 -0.6102 3.0512, 0.1968 -0.6102 2.9331, 0.0305 -0.6102 2.9331, -0.1339 -0.6102 2.9331, -0.1162 -0.6102 2.9771, 0.1417 -0.563 1.7492, 0.14 -0.6102 1.7349, 0.1417 -0.6102 1.7492, 0.14 -0.6102 1.7349, 0.1348 -0.6102 1.7211, 0.1349 -0.6102 1.7216, 0.1265 -0.6102 1.7089, 0.1268 -0.6102 1.7094, 0.1029 -0.6102 1.6924, 0.1029 -0.6102 1.6924, 0.1157 -0.6102 1.6992, 0.089 -0.6102 1.6889, 0.0886 -0.6102 1.6888, 0.0747 -0.6102 1.6886, 0.0739 -0.6102 1.6886, 0.1265 -0.6102 2.2282, 0.0738 -0.6102 2.2486, 0.0739 -0.6102 2.2486, 0.0881 -0.6102 2.2484, 0.0887 -0.6102 2.2483, 0.1023 -0.6102 2.2449, 0.1029 -0.6102 2.2448, 0.1157 -0.6102 2.2379, 0.1265 -0.6102 2.2282, 0.1417 -0.563 2.1879, 0.1417 -0.6102 2.1879, 0.14 -0.6102 2.2023, 0.1397 -0.6102 2.2031, 0.1348 -0.6102 2.216, 0.1346 -0.6102 2.2163, 0.0305 -0.6102 2.3031, -0.1339 -0.6102 2.3031, 0.1968 -0.6102 2.3031, 0.1968 -0.6102 2.185, 0.1417 -0.6102 2.185, -0.1339 -0.563 1.6865, -0.1339 -0.6102 1.6865, -0.1324 -0.6102 1.6989, -0.0747 -0.6102 1.7393, -0.0755 -0.6102 1.7393, -0.0876 -0.6102 1.7391, -0.0879 -0.6102 1.739, -0.1 -0.6102 1.736, -0.1 -0.6102 1.7359, -0.1112 -0.6102 1.73, -0.1206 -0.6102 1.7216, -0.1209 -0.6102 1.7211, -0.1278 -0.6102 1.7109, -0.128 -0.6102 1.7105, -0.1324 -0.6102 1.6989, 0.1968 -0.6102 1.7913, 0.1417 -0.6102 1.7913, 0.1968 -0.6102 1.6732, 0.0305 -0.6102 1.6732, -0.1339 -0.6102 1.6732, -0.1339 -0.563 1.214, -0.1339 -0.6102 1.214, -0.1323 -0.6102 1.2011, -0.1321 -0.6102 1.2004, -0.1276 -0.6102 1.1886, -0.1274 -0.6102 1.1884, -0.0726 -0.6102 1.1592, -0.0726 -0.6102 1.1592, -0.0854 -0.6102 1.1594, -0.0859 -0.6102 1.1594, -0.0983 -0.6102 1.1626, -0.0988 -0.6102 1.1627, -0.1104 -0.6102 1.1689, -0.1201 -0.6102 1.1776, -0.1201 -0.6102 1.1777, 0.0716 -0.6102 1.2082, 0.0717 -0.6102 1.2082, 0.087 -0.6102 1.208, 0.0864 -0.6102 1.208, 0.1017 -0.6102 1.2043, 0.1011 -0.6102 1.2044, 0.126 -0.6102 1.1872, 0.126 -0.6102 1.1872, 0.1149 -0.6102 1.1972, 0.1343 -0.6102 1.175, 0.1346 -0.6102 1.1746, 0.1397 -0.6102 1.1612, 0.1417 -0.563 1.1456, 0.1417 -0.6102 1.1456, 0.14 -0.6102 1.1604, 0.0305 -0.6102 1.2402, 0.1968 -0.6102 1.2402, 0.1968 -0.6102 1.122, 0.1417 -0.6102 1.122, -0.1339 -0.6102 1.2402, -0.1087 -0.6102 1.1799, 0.1417 -0.563 0.7874, 0.3378 -0.563 0.7874, 0.5183 -0.5057 0.8447, 0.5242 -0.5044 0.846, 0.5137 -0.5067 0.8437, 0.5044 -0.5106 0.8398, 0.5034 -0.5111 0.8393, 0.4935 -0.5179 0.8326, 0.4931 -0.5184 0.8321, 0.483 -0.5292 0.8211, 0.4718 -0.5414 0.809, 0.468 -0.5454 0.805, 0.4563 -0.553 0.7974, 0.4538 -0.5546 0.7958, 0.4402 -0.56 0.7904, 0.4378 -0.5605 0.7899, 0.4286 -0.5624 0.788, 0.4184 -0.563 0.7874, 1.2559 -0.5335 3.9075, 1.2559 -0.563 3.937, 0.6949 -0.563 3.937, -1.2559 -0.5335 3.9075, -1.2559 -0.563 3.937, -0.561 -0.563 3.937, -1.3116 -0.5596 3.937, -1.315 -0.5292 3.9075, -1.4187 -0.5321 3.937, -1.381 -0.5444 3.937, -1.3729 -0.5166 3.9075, -1.3659 -0.5493 3.937, -1.3192 -0.5581 3.937, -1.4404 -0.522 3.937, -1.4285 -0.4959 3.9075, -1.4694 -0.5085 3.937, -1.4805 -0.4675 3.9075, -1.5591 -0.4437 3.937, -1.5468 -0.4538 3.937, -1.5279 -0.432 3.9075, -1.5163 -0.4789 3.937, -1.496 -0.4917 3.937, -1.5918 -0.4092 3.937, -1.5698 -0.3901 3.9075, -1.5976 -0.4031 3.937, -1.6053 -0.3427 3.9075, -1.6783 -0.2579 3.937, -1.6602 -0.3028 3.937, -1.6337 -0.2907 3.9075, -1.6573 -0.3099 3.937, -1.6305 -0.3583 3.937, -1.6822 -0.2433 3.937, -1.6544 -0.2351 3.9075, -1.6925 -0.2042 3.937, -1.667 -0.1772 3.9075, -1.6955 -0.1813 3.937, -1.6997 -0.1494 3.937, -1.6713 -0.1181 3.9075, -1.7008 -0.1181 3.937, -1.345 -0.4935 3.878, -1.4238 -0.4655 3.878, -1.5013 -0.4158 3.878, -1.5559 -0.3607 3.878, -1.6033 -0.2859 3.878, -1.6318 -0.2049 3.878, -1.6713 -0.1181 3.9075, -1.6713 0.1181 3.9075, -1.7008 0.1181 3.937, -1.7008 0.0 3.937, -1.6974 0.1738 3.937, -1.667 0.1772 3.9075, -1.6699 0.2809 3.937, -1.6822 0.2432 3.937, -1.6544 0.2351 3.9075, -1.6871 0.2281 3.937, -1.6959 0.1814 3.937, -1.6598 0.3026 3.937, -1.6337 0.2907 3.9075, -1.6463 0.3316 3.937, -1.6053 0.3427 3.9075, -1.5815 0.4213 3.937, -1.5916 0.409 3.937, -1.5698 0.3901 3.9075, -1.6167 0.3785 3.937, -1.6295 0.3582 3.937, -1.547 0.454 3.937, -1.5279 0.432 3.9075, -1.5409 0.4598 3.937, -1.4805 0.4675 3.9075, -1.3957 0.5405 3.937, -1.4406 0.5224 3.937, -1.4285 0.4959 3.9075, -1.4477 0.5195 3.937, -1.4961 0.4927 3.937, -1.3811 0.5444 3.937, -1.3729 0.5166 3.9075, -1.342 0.5547 3.937, -1.315 0.5292 3.9075, -1.3191 0.5577 3.937, -1.2872 0.5619 3.937, -1.2559 0.5335 3.9075, -1.2559 0.563 3.937, -1.632 0.204 3.878, -1.6047 0.2831 3.878, -1.5557 0.361 3.878, -1.5016 0.4156 3.878, -1.4273 0.4638 3.878, -1.3466 0.4931 3.878, -1.2559 0.5335 3.9075, 1.2559 0.5335 3.9075, 1.2559 0.563 3.937, -0.0 0.563 3.937, 1.3116 0.5596 3.937, 1.315 0.5292 3.9075, 1.4187 0.5321 3.937, 1.381 0.5444 3.937, 1.3729 0.5166 3.9075, 1.3659 0.5493 3.937, 1.3192 0.5581 3.937, 1.4404 0.522 3.937, 1.4284 0.4959 3.9075, 1.4694 0.5085 3.937, 1.4805 0.4675 3.9075, 1.5591 0.4437 3.937, 1.5468 0.4538 3.937, 1.5279 0.432 3.9075, 1.5163 0.4789 3.937, 1.496 0.4917 3.937, 1.5918 0.4092 3.937, 1.5698 0.3901 3.9075, 1.5976 0.4031 3.937, 1.6053 0.3427 3.9075, 1.6783 0.2579 3.937, 1.6602 0.3028 3.937, 1.6337 0.2907 3.9075, 1.6573 0.3099 3.937, 1.6305 0.3583 3.937, 1.6822 0.2433 3.937, 1.6544 0.2351 3.9075, 1.6925 0.2042 3.937, 1.667 0.1772 3.9075, 1.6955 0.1813 3.937, 1.6997 0.1494 3.937, 1.6713 0.1181 3.9075, 1.7008 0.1181 3.937, 1.345 0.4935 3.878, 1.4238 0.4655 3.878, 1.5013 0.4158 3.878, 1.5559 0.3607 3.878, 1.6033 0.2859 3.878, 1.6318 0.2049 3.878, 1.6713 0.1181 3.9075, 1.6713 -0.1181 3.9075, 1.7008 -0.1181 3.937, 1.7008 0.0 3.937, 1.6974 -0.1738 3.937, 1.667 -0.1772 3.9075, 1.6699 -0.2809 3.937, 1.6821 -0.2432 3.937, 1.6544 -0.2351 3.9075, 1.6871 -0.2281 3.937, 1.6959 -0.1814 3.937, 1.6598 -0.3026 3.937, 1.6337 -0.2907 3.9075, 1.6463 -0.3316 3.937, 1.6053 -0.3427 3.9075, 1.5815 -0.4213 3.937, 1.5916 -0.409 3.937, 1.5698 -0.3901 3.9075, 1.6167 -0.3785 3.937, 1.6295 -0.3582 3.937, 1.547 -0.454 3.937, 1.5279 -0.432 3.9075, 1.5408 -0.4598 3.937, 1.4805 -0.4675 3.9075, 1.3957 -0.5405 3.937, 1.4406 -0.5224 3.937, 1.4284 -0.4959 3.9075, 1.4477 -0.5195 3.937, 1.4961 -0.4927 3.937, 1.3811 -0.5444 3.937, 1.3729 -0.5166 3.9075, 1.342 -0.5547 3.937, 1.315 -0.5292 3.9075, 1.3191 -0.5577 3.937, 1.2872 -0.5619 3.937, 1.632 -0.204 3.878, 1.6047 -0.2831 3.878, 1.5557 -0.361 3.878, 1.5016 -0.4156 3.878, 1.4273 -0.4638 3.878, 1.3466 -0.4931 3.878, 0.5905 -0.6997 0.6461, 0.5905 -0.7444 0.7553, 0.5905 -0.7436 0.7557, 0.5905 -0.6874 0.6497, 0.5905 -0.7749 0.7392, 0.5905 -0.7121 0.6391, 0.5905 -0.7804 0.7348, 0.5905 -0.802 0.7172, 0.5905 -0.7227 0.6291, 0.5905 -0.8128 0.7041, 0.5905 -0.8243 0.6902, 0.5905 -0.7299 0.6182, 0.5905 -0.8365 0.6673, 0.5905 -0.8408 0.6592, 0.5905 -0.7346 0.6051, 0.5905 -0.8505 0.6272, 0.5905 -0.851 0.6255, 0.5905 -0.7121 0.7652, 0.5905 -0.7079 0.766, 0.5905 -0.6819 0.6506, 0.5905 -0.6819 0.7706, 0.5905 -0.6503 0.6562, 0.5905 -0.6708 0.7725, 0.5905 -0.62 0.6644, 0.5905 -0.659 0.7759, 0.5905 -0.6465 0.7828, 0.5905 -0.5883 0.6798, 0.5905 -0.6141 0.6672, 0.5905 -0.5093 0.7874, 0.5905 -0.521 0.7548, 0.5905 -0.6409 0.7874, 0.5905 -0.5217 0.7537, 0.5905 -0.5392 0.7247, 0.5905 -0.5459 0.7172, 0.5905 -0.5604 0.701, 0.5905 -0.578 0.6876, 0.8858 -0.7079 0.766, 1.1811 -0.7079 0.766, 1.1811 -0.7444 0.7554, 1.1811 -0.7807 0.7352, 1.185 -0.854 0.6006, 1.1836 -0.8538 0.6057, 1.1814 -0.8505 0.6272, 1.1811 -0.8092 0.7087, 1.1811 -0.8135 0.7046, 1.1811 -0.8372 0.6676, 1.1811 -0.8501 0.6299, 0.8858 -0.6708 0.7725, 1.1811 -0.6708 0.7725, 0.8858 -0.6503 0.6562, 0.8858 -0.6874 0.6497, 1.1811 -0.6503 0.6562, 1.1811 -0.6874 0.6497, 1.185 -0.7352 0.6005, 1.1818 -0.7297 0.6181, 1.1818 -0.7306 0.6167, 1.1838 -0.7345 0.6051, 1.184 -0.7349 0.6041, 1.1811 -0.7121 0.6391, 1.1811 -0.722 0.6299, 1.1811 -0.7227 0.6291, 1.1811 -0.724 0.6275, 1.1811 -0.6997 0.6461, 1.1854 0.8537 0.6006, 1.182 0.8527 0.6152, 0.5906 0.8509 0.6263, 1.1813 0.8506 0.6274, 0.5906 0.8505 0.6274, 1.1811 0.8501 0.6299, 0.5906 0.8413 0.6581, 1.1811 0.8375 0.6669, 0.5906 0.8369 0.6665, 0.5906 0.8244 0.69, 1.1811 0.8135 0.7047, 0.5906 0.8128 0.7041, 1.1811 0.8092 0.7087, 0.5906 0.8018 0.7174, 1.1811 0.7814 0.7347, 0.5906 0.7811 0.7343, 0.5906 0.7749 0.7393, 1.1811 0.7442 0.7555, 0.5906 0.7447 0.7553, 0.5906 0.7442 0.7554, 1.1811 0.7079 0.766, 0.5906 0.7128 0.765, 0.8858 0.7079 0.766, 0.5905 0.7079 0.766, 1.185 0.7352 0.6005, 1.1811 0.7239 0.6276, 1.1811 0.7227 0.6291, 1.1811 0.722 0.6299, 1.1819 0.7304 0.6168, 1.182 0.7309 0.616, 1.1839 0.7348 0.6044, 1.1842 0.7349 0.6034, 0.8858 0.6874 0.6497, 0.5905 0.6874 0.6497, 0.5906 0.7015 0.6453, 0.889 0.7362 0.5913, 0.5906 0.735 0.6034, 0.5906 0.735 0.6035, 0.5906 0.7305 0.6168, 0.5906 0.7305 0.6169, 0.5906 0.7227 0.6291, 0.5906 0.7226 0.6292, 0.5906 0.7133 0.6382, 1.1811 0.7133 0.6382, 1.1811 0.7015 0.6453, 1.1811 0.6874 0.6497, 0.5905 0.6819 0.6506, 0.8858 0.6503 0.6562, 0.5905 0.6503 0.6562, 1.1811 0.6503 0.6562, 0.5905 0.6819 0.7706, 0.5905 0.6708 0.7725, 0.8858 0.6708 0.7725, 1.1811 0.6708 0.7725, 0.5905 0.6465 0.7828, 0.5905 0.5604 0.701, 0.5905 0.6409 0.7874, 0.5905 0.546 0.7173, 0.5905 0.5373 0.7272, 0.5905 0.5219 0.7538, 0.5905 0.5196 0.7577, 0.5905 0.5093 0.7874, 0.5905 0.659 0.7759, 0.5905 0.5856 0.6814, 0.5905 0.5779 0.6874, 0.5905 0.6169 0.6655, 0.5905 0.6149 0.6665, 0.5678 0.622 0.834, 0.5555 0.622 0.8414, 0.532 0.622 0.8465, 0.547 0.622 0.8444, 0.5182 0.622 0.845, 0.5044 0.622 0.8399, 0.493 0.622 0.8322, 0.576 0.504 0.8262, 0.5772 0.6223 0.8248, 0.5775 0.5041 0.824, 0.5777 0.6225 0.8241, 0.584 0.5047 0.8144, 0.5831 0.6239 0.8161, 0.5843 0.5049 0.8135, 0.5833 0.624 0.8157, 0.5843 0.6248 0.8135, 0.5889 0.5064 0.8012, 0.5874 0.6274 0.8062, 0.5889 0.5065 0.8011, 0.5881 0.629 0.8033, 0.5887 0.6303 0.801, 0.5899 0.5081 0.793, 0.5898 0.633 0.7965, 0.5901 0.6361 0.7929, 0.1411 -0.622 3.4562, 0.1393 -0.622 3.4646, 0.1968 -0.6161 3.0512, 0.1968 -0.622 3.0512, 0.1968 -0.6161 2.9331, 0.1968 -0.622 2.9331, -0.1339 -0.6161 2.9331, -0.1339 -0.622 2.9331, -0.1339 -0.622 2.3527, -0.1339 -0.622 2.3031, -0.1339 -0.6161 2.3031, 0.1968 -0.6161 2.3031, 0.1968 -0.622 2.3031, 0.1968 -0.6161 2.185, 0.1968 -0.622 2.185, 0.1417 -0.6161 2.185, 0.1417 -0.622 2.185, 0.1417 -0.622 1.7913, 0.1417 -0.6161 1.7913, 0.1968 -0.6161 1.7913, 0.1968 -0.622 1.7913, 0.1968 -0.6161 1.6732, 0.1968 -0.622 1.6732, -0.1339 -0.6161 1.6732, -0.1339 -0.622 1.6732, -0.1339 -0.622 1.2402, -0.1339 -0.6161 1.2402, 0.1968 -0.6161 1.2402, 0.1968 -0.622 1.2402, 0.1968 -0.6161 1.122, 0.1968 -0.622 1.122, 0.1417 -0.6161 1.122, 0.1417 -0.622 1.122, 0.1417 -0.5925 0.7874, 0.1417 -0.622 0.7874, 0.4184 -0.5925 0.7874, 0.4184 -0.622 0.7874, 0.483 -0.622 0.8211, 0.472 -0.622 0.8088, 0.4563 -0.622 0.7975, 0.4706 -0.622 0.8072, 0.4371 -0.622 0.7897, 0.4378 -0.622 0.7899, 0.4548 -0.622 0.7965, 0.4924 -0.622 0.8316, 0.5044 -0.622 0.8398, 0.493 -0.622 0.8321, 0.5047 -0.622 0.84, 0.5183 -0.622 0.8449, 0.5184 -0.622 0.845, 0.532 -0.622 0.8464, 0.5321 -0.622 0.8465, 0.5464 -0.622 0.8445, 0.547 -0.622 0.8443, 0.5553 -0.622 0.8409, 0.5605 -0.622 0.8389, 0.5676 -0.622 0.8337, 0.5717 -0.622 0.8307, 0.5776 -0.6226 0.824, 0.5841 -0.5049 0.8134, 0.5797 -0.6228 0.8215, 0.5808 -0.5043 0.8199, 0.5774 -0.5042 0.8239, 0.5886 -0.5066 0.801, 0.5888 -0.6301 0.8011, 0.5886 -0.6293 0.8022, 0.5883 -0.6289 0.8032, 0.5851 -0.6251 0.812, 0.5871 -0.5055 0.8074, 0.5843 -0.6247 0.8135, 0.5828 -0.6241 0.8161, 0.5903 -0.6359 0.7927, 0.5903 -0.6358 0.7928, 0.5902 -0.5078 0.794, 0.5902 -0.5078 0.794, 1.2781 0.6216 3.937, 1.3362 0.6156 3.937, 1.3577 0.6108 3.937, 1.3939 0.6026 3.937, 1.4492 0.583 3.937, 1.4508 0.5824 3.937, 1.5045 0.5562 3.937, 1.5414 0.5324 3.937, 1.5539 0.5244 3.937, 1.5992 0.487 3.937, 1.6117 0.4739 3.937, 1.6399 0.4444 3.937, 1.6752 0.3974 3.937, 1.6766 0.3951 3.937, 1.7051 0.3458 3.937, 1.7223 0.306 3.937, 1.729 0.2906 3.937, 1.7462 0.234 3.937, 1.7501 0.2125 3.937, 1.7565 0.1765 3.937, 1.7598 0.1181 3.937, 1.7598 0.0 3.937, 1.7598 -0.1181 3.937, 1.7594 -0.1403 3.937, 1.7534 -0.1984 3.937, 1.7485 -0.22 3.937, 1.7404 -0.2561 3.937, 1.7208 -0.3114 3.937, 1.7202 -0.313 3.937, 1.694 -0.3667 3.937, 1.6702 -0.4037 3.937, 1.6622 -0.4161 3.937, 1.6248 -0.4614 3.937, 1.6117 -0.4739 3.937, 1.5822 -0.5021 3.937, 1.5352 -0.5374 3.937, 1.5329 -0.5388 3.937, 1.4836 -0.5673 3.937, 1.4438 -0.5845 3.937, 1.4284 -0.5912 3.937, 1.3718 -0.6084 3.937, 1.3503 -0.6123 3.937, 0.1393 -0.622 3.937, 1.2559 -0.622 3.937, 1.3143 -0.6187 3.937, 0.1393 -0.622 3.7008, 1.7598 0.1181 2.3622, 1.7598 0.1181 0.7874, 1.7581 0.1604 0.7874, 1.3339 0.6159 0.79, 1.3351 0.6157 0.7895, 1.3532 0.6126 0.7874, 1.3172 0.6182 0.7961, 1.3153 0.6184 0.7974, 1.3015 0.6199 0.8068, 1.2996 0.6201 0.8089, 1.2886 0.621 0.8211, 1.2806 0.6213 0.8305, 1.2571 0.622 0.8438, 1.2559 0.622 2.3527, 1.2794 0.6214 0.8313, 1.2692 0.6217 0.8388, 1.2686 0.6217 0.8391, 1.6109 0.4758 0.7874, 1.6121 0.4744 0.7874, 1.6502 0.4319 0.7874, 1.5665 0.5148 0.7874, 1.5578 0.5208 0.7874, 1.5413 0.5322 0.7874, 1.5172 0.5487 0.7874, 1.4647 0.5766 0.7874, 1.4491 0.5827 0.7874, 1.41 0.5979 0.7874, 1.3579 0.6114 0.7874, 1.6763 0.3949 0.7874, 1.6841 0.3838 0.7874, 1.7497 0.2186 0.7874, 1.7341 0.2764 0.7874, 1.7223 0.3061 0.7874, 1.712 0.332 0.7874, 1.7505 0.2126 0.7874, 1.1811 -0.6139 0.6668, 1.1811 -0.5775 0.6869, 1.1811 -0.5541 0.7087, 1.1811 -0.5454 0.7168, 1.1811 -0.5093 0.7874, 1.1819 -0.5079 0.794, 1.1811 -0.5216 0.7537, 1.1956 -0.504 0.8262, 1.1964 -0.504 0.827, 1.1827 -0.5064 0.8012, 1.1877 -0.5047 0.8144, 1.1831 -0.5063 0.8021, 1.188 -0.5047 0.8149, 1.1811 -0.659 0.7759, 1.1811 -0.6465 0.7828, 1.1814 -0.6352 0.7934, 1.183 -0.6293 0.8021, 1.1814 -0.6359 0.7927, 1.1811 -0.6409 0.7874, 1.183 -0.6291 0.8024, 1.1833 -0.6288 0.8031, 1.1864 -0.6251 0.8118, 1.2 -0.622 0.8307, 1.1966 -0.6223 0.8269, 1.1881 -0.6244 0.8149, 1.1889 -0.6241 0.8161, 1.1919 -0.6228 0.8215, 1.1811 0.6149 0.6664, 1.1833 0.5064 0.8021, 1.1846 0.5055 0.8074, 1.1814 0.508 0.7929, 1.1811 0.5093 0.7874, 1.1811 0.5216 0.7536, 1.1815 0.5078 0.794, 1.1909 0.5043 0.8199, 1.1883 0.5048 0.8148, 1.1967 0.5041 0.8268, 1.1811 0.5454 0.7168, 1.1811 0.5541 0.7087, 1.1811 0.5776 0.6869, 1.1811 0.659 0.7759, 1.1811 0.6465 0.7828, 1.1811 0.6409 0.7874, 1.1818 0.6327 0.7967, 1.1832 0.6296 0.8021, 1.1815 0.6361 0.7929, 1.1886 0.6239 0.8161, 1.188 0.6242 0.8149, 1.1842 0.6273 0.8061, 1.1834 0.629 0.8032, 1.1884 0.624 0.8158, 1.1965 0.6222 0.827, 1.1947 0.6223 0.8251, 1.2433 -0.622 0.8464, 1.2559 -0.622 0.8443, 1.2559 -0.622 2.3527, 1.229 -0.622 0.8454, 1.2068 -0.622 0.8362, 1.2203 -0.622 0.843, 1.7598 -0.1181 0.7874, 1.7598 -0.1181 2.3622, 1.2571 -0.622 0.8439, 1.2574 -0.5056 0.8447, 1.2662 -0.6218 0.8404, 1.2658 -0.5091 0.8411, 1.2685 -0.6217 0.8389, 1.2687 -0.511 0.8392, 1.2787 -0.6214 0.8322, 1.2776 -0.5165 0.8333, 1.2794 -0.6214 0.8314, 1.2794 -0.5184 0.8313, 1.2886 -0.5279 0.8211, 1.2886 -0.621 0.8211, 1.2574 0.5057 0.8447, 1.2688 0.5109 0.8393, 1.2703 0.5116 0.8386, 1.2794 0.5184 0.8313, 1.2886 0.5279 0.8211, 1.2821 0.5205 0.8291, 1.2071 0.622 0.8358, 1.2205 0.622 0.8425, 1.229 0.622 0.8451, 1.2433 0.622 0.8462, 1.3532 0.5522 0.7874, 1.3497 0.5529 0.7875, 1.3379 0.5539 0.7889, 1.3339 0.5534 0.79, 1.3264 0.5526 0.7921, 1.318 0.55 0.796, 1.3152 0.5491 0.7973, 1.3145 0.5489 0.7976, 1.3009 0.5407 0.8073, 1.2996 0.5393 0.8088, 1.2925 0.532 0.8168, 1.3339 -0.616 0.79, 1.3348 -0.6158 0.7896, 1.2996 -0.6201 0.8088, 1.301 -0.62 0.8073, 1.3019 -0.6199 0.8093, 1.3154 -0.6185 0.7975, 1.3169 -0.6183 0.7965, 1.7051 -0.3462 0.7874, 1.7203 -0.3112 0.7874, 1.7289 -0.2914 0.7874, 1.7461 -0.2344 0.7874, 1.7487 -0.22 0.7874, 1.7565 -0.1766 0.7874, 1.6754 -0.3973 0.7874, 1.6705 -0.4038 0.7874, 1.64 -0.4444 0.7874, 1.6117 -0.4739 0.7874, 1.5993 -0.4869 0.7874, 1.4441 -0.5852 0.7874, 1.4499 -0.5832 0.7874, 1.5035 -0.5567 0.7874, 1.5324 -0.5381 0.7874, 1.5538 -0.5243 0.7874, 1.5578 -0.5211 0.7874, 1.3505 -0.613 0.7877, 1.3532 -0.6126 0.7874, 1.3944 -0.6027 0.7874, 1.304 -0.543 0.8047, 1.3144 -0.5485 0.7979, 1.3153 -0.549 0.7974, 1.3168 -0.5498 0.7963, 1.3285 -0.553 0.7914, 1.3339 -0.5534 0.79, 1.3407 -0.5538 0.7884, 1.3532 -0.5522 0.7874, 1.2913 -0.5314 0.8175, 1.2921 -0.5321 0.8168, 1.2997 -0.5391 0.809, 1.6544 -0.2358 0.8168, 1.6714 -0.1181 0.8168, 1.6672 -0.1776 0.8168, 1.6335 -0.2916 0.8168, 1.6048 -0.3438 0.8168, 1.5689 -0.3914 0.8168, 1.5266 -0.4334 0.8168, 1.4787 -0.4689 0.8168, 1.4262 -0.4972 0.8168, 1.3702 -0.5176 0.8168, 1.3119 -0.5299 0.8168, 1.378 -0.545 0.7874, 1.4568 -0.5149 0.7874, 1.4379 -0.5231 0.7874, 1.4061 -0.5369 0.7874, 1.5494 -0.4523 0.7874, 1.5455 -0.4554 0.7874, 1.5051 -0.4864 0.7874, 1.494 -0.493 0.7874, 1.5908 -0.4106 0.7874, 1.5887 -0.4133 0.7874, 1.5578 -0.444 0.7874, 1.6228 -0.3697 0.7874, 1.6289 -0.3595 0.7874, 1.6511 -0.3222 0.7874, 1.6593 -0.3035 0.7874, 1.6735 -0.2711 0.7874, 1.6986 -0.1623 0.7874, 1.6954 -0.1816 0.7874, 1.6896 -0.2171 0.7874, 1.6816 -0.2438 0.7874, 1.7008 -0.1181 0.7874, 1.6714 0.1181 0.8168, 1.7008 0.1181 0.7874, 1.7008 -0.0 0.7874, 1.315 0.5294 0.8168, 1.6974 0.1731 0.7874, 1.6672 0.1772 0.8168, 1.6958 0.1813 0.7874, 1.6871 0.2273 0.7874, 1.6546 0.2352 0.8168, 1.6819 0.2432 0.7874, 1.6698 0.2807 0.7874, 1.6339 0.2907 0.8168, 1.6597 0.3025 0.7874, 1.6463 0.3314 0.7874, 1.6055 0.3428 0.8168, 1.6294 0.3582 0.7874, 1.6168 0.3783 0.7874, 1.5699 0.3902 0.8168, 1.5916 0.409 0.7874, 1.5816 0.4211 0.7874, 1.528 0.4322 0.8168, 1.5578 0.4437 0.7874, 1.4806 0.4677 0.8168, 1.5415 0.4591 0.7874, 1.5469 0.454 0.7874, 1.4285 0.4961 0.8168, 1.4473 0.5196 0.7874, 1.4965 0.4921 0.7874, 1.3811 0.5445 0.7874, 1.373 0.5168 0.8168, 1.3959 0.5404 0.7874, 1.4405 0.5224 0.7874, -0.4124 0.622 2.6039, -0.4775 0.622 2.6049, -0.4838 0.622 2.6088, -0.4889 0.622 2.6142, -0.4924 0.622 2.6424, -0.4943 0.622 2.6353, -0.4943 0.622 2.6309, -0.4943 0.622 2.6279, -0.4924 0.622 2.6207, -0.4124 0.622 2.6309, -0.4124 0.622 2.6583, -0.4775 0.622 2.6583, -0.4838 0.622 2.6543, -0.4889 0.622 2.6489, -0.4889 0.622 2.6489
            ]
        }
        coordIndex [
            0,1,2,-1,3,4,5,-1,6,7,8,-1,9,5,10,-1,10,5,11,-1,10,11,12,-1,9,13,5,-1,5,13,14,-1,5,14,6,-1,6,8,5,-1,5,8,15,-1,5,15,3,-1,16,17,18,-1,18,17,19,-1,18,19,20,-1,20,19,21,-1,20,21,4,-1,22,23,24,-1,25,26,27,-1,27,26,28,-1,29,30,31,-1,29,31,32,-1,30,33,31,-1,31,33,34,-1,31,34,35,-1,35,34,36,-1,35,36,37,-1,35,38,31,-1,31,38,39,-1,31,39,40,-1,40,39,41,-1,40,41,42,-1,42,41,43,-1,42,43,44,-1,44,43,45,-1,44,45,46,-1,46,45,47,-1,48,45,26,-1,26,45,49,-1,26,49,50,-1,50,51,26,-1,26,51,52,-1,26,52,53,-1,54,28,55,-1,55,28,26,-1,55,26,56,-1,56,26,53,-1,57,31,58,-1,58,31,59,-1,58,59,60,-1,60,59,61,-1,60,61,62,-1,62,61,63,-1,62,63,64,-1,65,66,67,-1,67,66,68,-1,68,66,69,-1,68,69,70,-1,70,69,71,-1,71,69,72,-1,71,72,73,-1,73,72,74,-1,73,74,75,-1,75,74,76,-1,75,76,24,-1,24,76,77,-1,24,77,22,-1,48,78,7,-1,6,79,7,-1,7,79,80,-1,7,80,48,-1,48,80,81,-1,48,81,45,-1,45,81,82,-1,45,82,47,-1,83,84,11,-1,11,84,85,-1,11,85,12,-1,57,58,11,-1,11,58,86,-1,11,86,83,-1,87,88,89,-1,89,88,90,-1,89,90,91,-1,67,92,65,-1,65,92,93,-1,65,93,94,-1,94,93,95,-1,94,95,96,-1,96,95,97,-1,96,97,98,-1,98,97,99,-1,98,99,64,-1,64,99,88,-1,64,88,62,-1,62,88,87,-1,62,87,100,-1,101,102,103,-1,103,102,104,-1,103,104,105,-1,106,107,108,-1,108,107,109,-1,108,109,103,-1,103,109,110,-1,103,110,101,-1,106,108,111,-1,111,108,112,-1,111,112,113,-1,114,115,116,-1,115,117,116,-1,116,117,118,-1,116,118,119,-1,119,118,120,-1,121,122,123,-1,123,122,124,-1,124,125,123,-1,123,125,126,-1,123,126,127,-1,127,128,123,-1,123,128,129,-1,123,129,119,-1,119,129,130,-1,119,130,116,-1,131,132,123,-1,131,123,133,-1,132,134,123,-1,123,134,135,-1,123,135,136,-1,136,137,123,-1,123,137,138,-1,123,138,139,-1,139,140,123,-1,123,140,141,-1,123,141,142,-1,142,143,123,-1,123,143,144,-1,123,144,121,-1,54,145,28,-1,28,145,146,-1,28,146,147,-1,148,149,150,-1,149,151,150,-1,150,151,152,-1,150,152,153,-1,153,154,150,-1,150,154,155,-1,150,155,156,-1,156,155,157,-1,156,157,158,-1,158,157,159,-1,157,160,159,-1,159,160,161,-1,159,161,123,-1,123,161,162,-1,123,162,133,-1,57,163,164,-1,32,31,165,-1,165,31,57,-1,165,57,166,-1,166,57,164,-1,166,164,167,-1,168,169,167,-1,167,169,170,-1,167,170,166,-1,171,172,173,-1,173,172,174,-1,175,176,177,-1,177,176,178,-1,175,179,176,-1,176,179,180,-1,176,180,181,-1,181,180,182,-1,181,182,183,-1,183,182,184,-1,183,184,185,-1,185,184,186,-1,185,186,187,-1,187,186,188,-1,189,190,174,-1,188,186,174,-1,174,186,191,-1,174,191,189,-1,190,192,174,-1,174,192,193,-1,174,193,173,-1,194,195,196,-1,194,196,197,-1,178,176,198,-1,198,176,199,-1,198,199,200,-1,200,199,201,-1,200,201,196,-1,196,201,202,-1,196,202,197,-1,195,203,196,-1,196,203,204,-1,196,204,167,-1,167,204,205,-1,167,205,168,-1,147,206,28,-1,28,206,207,-1,28,207,208,-1,208,207,209,-1,208,209,210,-1,210,211,208,-1,208,211,212,-1,208,212,213,-1,148,150,213,-1,213,150,214,-1,213,214,208,-1,208,214,215,-1,208,215,216,-1,215,217,216,-1,216,217,218,-1,216,218,219,-1,220,221,222,-1,222,221,223,-1,222,223,224,-1,219,218,222,-1,222,218,225,-1,222,225,220,-1,224,223,226,-1,226,223,227,-1,226,227,228,-1,195,229,203,-1,203,229,226,-1,203,226,230,-1,230,226,228,-1,230,228,231,-1,231,228,232,-1,233,234,235,-1,235,234,236,-1,235,236,237,-1,238,239,240,-1,238,240,241,-1,241,240,242,-1,241,242,237,-1,237,242,243,-1,237,243,235,-1,113,114,111,-1,111,114,116,-1,111,116,235,-1,235,116,244,-1,235,244,233,-1,245,246,247,-1,247,246,248,-1,235,248,111,-1,111,248,246,-1,111,246,249,-1,249,246,250,-1,245,251,246,-1,246,251,252,-1,246,252,250,-1,253,254,255,-1,4,21,5,-1,5,21,256,-1,5,256,257,-1,255,258,259,-1,259,260,255,-1,255,260,261,-1,255,261,253,-1,262,263,264,-1,265,266,267,-1,268,269,267,-1,267,269,270,-1,267,270,265,-1,264,271,262,-1,262,271,272,-1,262,272,267,-1,267,272,273,-1,267,273,268,-1,274,275,28,-1,28,275,264,-1,276,277,264,-1,264,277,16,-1,264,16,28,-1,28,16,18,-1,28,18,27,-1,278,279,263,-1,263,279,280,-1,263,280,264,-1,264,280,281,-1,264,281,276,-1,282,283,284,-1,284,283,285,-1,286,287,288,-1,287,289,288,-1,288,289,290,-1,288,290,291,-1,290,292,291,-1,291,292,293,-1,291,293,294,-1,285,295,284,-1,284,295,291,-1,284,291,296,-1,296,291,294,-1,284,297,282,-1,282,297,298,-1,282,298,299,-1,299,298,300,-1,301,302,5,-1,5,302,303,-1,5,303,288,-1,288,303,304,-1,288,304,286,-1,305,306,307,-1,308,309,310,-1,310,309,311,-1,312,313,309,-1,309,313,314,-1,309,314,311,-1,308,315,309,-1,309,315,305,-1,309,305,312,-1,312,305,307,-1,288,307,5,-1,5,307,306,-1,5,306,316,-1,316,306,317,-1,316,317,300,-1,300,317,318,-1,300,318,299,-1,319,320,298,-1,298,320,321,-1,298,321,322,-1,322,321,323,-1,324,325,326,-1,298,327,328,-1,324,326,329,-1,328,330,298,-1,298,330,331,-1,298,331,332,-1,325,333,326,-1,326,333,334,-1,326,334,335,-1,335,334,336,-1,335,336,337,-1,338,300,339,-1,339,300,298,-1,339,298,326,-1,326,298,332,-1,326,332,329,-1,258,255,257,-1,257,255,340,-1,257,340,5,-1,5,340,279,-1,5,279,301,-1,301,279,278,-1,301,278,341,-1,341,342,301,-1,301,342,343,-1,301,343,344,-1,345,319,346,-1,346,319,301,-1,346,301,347,-1,347,301,344,-1,348,349,271,-1,271,349,350,-1,350,351,271,-1,271,351,352,-1,271,352,353,-1,353,354,271,-1,271,354,355,-1,271,355,272,-1,272,355,356,-1,272,356,345,-1,345,356,357,-1,345,357,319,-1,319,357,358,-1,319,358,320,-1,359,360,361,-1,361,360,362,-1,322,363,298,-1,298,363,361,-1,298,361,327,-1,327,361,362,-1,327,362,364,-1,364,362,365,-1,366,367,368,-1,367,369,368,-1,368,369,370,-1,368,370,371,-1,371,372,368,-1,368,372,373,-1,368,373,374,-1,366,368,375,-1,375,368,376,-1,375,376,377,-1,377,378,375,-1,375,378,379,-1,375,379,380,-1,380,381,375,-1,375,381,382,-1,375,382,383,-1,383,384,375,-1,375,384,385,-1,375,385,323,-1,323,385,0,-1,323,0,322,-1,322,0,2,-1,386,387,388,-1,388,387,389,-1,388,389,390,-1,390,389,391,-1,392,393,394,-1,395,392,389,-1,389,392,394,-1,389,394,391,-1,391,394,396,-1,397,398,399,-1,399,400,397,-1,397,400,401,-1,397,401,395,-1,395,401,402,-1,395,402,392,-1,392,402,403,-1,392,403,404,-1,338,405,406,-1,338,406,300,-1,300,406,407,-1,300,407,408,-1,409,410,411,-1,411,410,412,-1,413,412,414,-1,414,412,415,-1,414,415,416,-1,416,415,208,-1,413,417,412,-1,412,417,418,-1,412,418,419,-1,419,420,421,-1,421,420,422,-1,419,421,412,-1,412,421,423,-1,412,423,424,-1,425,426,427,-1,427,426,428,-1,422,429,421,-1,421,429,430,-1,421,430,431,-1,431,430,432,-1,431,432,433,-1,433,432,434,-1,433,434,435,-1,435,434,436,-1,437,438,436,-1,436,438,439,-1,436,439,435,-1,428,440,427,-1,427,440,441,-1,427,441,442,-1,442,441,443,-1,437,436,444,-1,444,436,445,-1,444,445,441,-1,441,445,446,-1,441,446,443,-1,447,171,448,-1,448,171,173,-1,448,173,427,-1,427,173,449,-1,427,449,425,-1,407,411,408,-1,408,411,412,-1,408,412,450,-1,450,412,424,-1,451,392,452,-1,452,392,453,-1,452,453,454,-1,454,453,455,-1,456,457,365,-1,365,457,458,-1,365,458,364,-1,364,458,393,-1,364,393,459,-1,459,393,392,-1,459,392,460,-1,460,392,451,-1,461,462,463,-1,463,462,464,-1,453,463,455,-1,455,463,464,-1,455,464,465,-1,465,464,466,-1,467,468,469,-1,470,469,471,-1,471,469,472,-1,473,474,475,-1,475,474,476,-1,477,478,479,-1,479,478,475,-1,479,475,480,-1,480,475,476,-1,477,481,478,-1,478,481,482,-1,478,482,483,-1,484,485,486,-1,486,485,487,-1,486,487,488,-1,488,487,489,-1,490,491,489,-1,489,491,492,-1,489,492,488,-1,493,494,489,-1,489,494,495,-1,489,495,496,-1,496,497,489,-1,489,497,498,-1,489,498,490,-1,499,500,471,-1,471,500,501,-1,471,501,470,-1,502,503,471,-1,471,503,504,-1,471,504,499,-1,505,506,405,-1,405,506,507,-1,405,507,508,-1,509,505,510,-1,510,505,405,-1,510,405,511,-1,511,405,338,-1,508,512,405,-1,405,512,513,-1,405,513,415,-1,513,514,415,-1,415,514,515,-1,415,515,516,-1,516,517,415,-1,415,517,518,-1,415,518,208,-1,208,518,519,-1,208,519,465,-1,520,521,510,-1,510,521,522,-1,510,522,509,-1,523,524,208,-1,523,208,525,-1,403,526,404,-1,404,526,527,-1,404,527,528,-1,528,525,404,-1,404,525,208,-1,404,208,529,-1,529,208,465,-1,529,465,530,-1,530,465,466,-1,530,466,531,-1,531,466,532,-1,524,533,208,-1,208,533,534,-1,208,534,469,-1,535,536,537,-1,537,536,538,-1,537,538,539,-1,540,541,539,-1,539,541,542,-1,539,542,537,-1,537,542,543,-1,537,543,535,-1,539,544,540,-1,540,544,545,-1,540,545,546,-1,546,547,540,-1,540,547,548,-1,540,548,549,-1,549,548,550,-1,549,550,551,-1,551,550,552,-1,551,552,386,-1,552,553,386,-1,386,553,554,-1,386,554,387,-1,387,554,555,-1,387,555,556,-1,556,557,387,-1,387,557,558,-1,387,558,559,-1,559,558,560,-1,559,560,561,-1,561,560,562,-1,561,562,563,-1,467,469,564,-1,564,469,565,-1,564,565,562,-1,562,565,566,-1,562,566,567,-1,567,568,562,-1,562,568,569,-1,562,569,563,-1,337,570,335,-1,335,570,454,-1,335,454,571,-1,571,454,455,-1,571,455,521,-1,521,455,572,-1,521,572,522,-1,573,574,575,-1,575,574,576,-1,577,578,579,-1,579,578,580,-1,579,580,581,-1,581,580,582,-1,581,582,583,-1,579,584,585,-1,585,584,586,-1,585,586,587,-1,587,586,588,-1,587,588,589,-1,589,588,391,-1,589,391,1,-1,1,391,396,-1,1,396,2,-1,576,577,575,-1,575,577,579,-1,575,579,590,-1,590,579,585,-1,591,592,593,-1,593,592,594,-1,594,592,595,-1,594,595,596,-1,596,597,594,-1,594,597,598,-1,594,598,599,-1,599,600,594,-1,594,600,601,-1,594,601,602,-1,602,603,594,-1,594,603,604,-1,594,604,605,-1,606,607,608,-1,608,607,609,-1,608,609,593,-1,593,609,610,-1,593,610,591,-1,606,611,607,-1,607,611,612,-1,607,612,613,-1,613,612,472,-1,613,472,614,-1,614,472,469,-1,614,469,615,-1,615,469,468,-1,611,616,612,-1,612,616,617,-1,612,617,582,-1,582,617,618,-1,582,618,583,-1,575,619,573,-1,573,619,620,-1,573,620,621,-1,621,620,622,-1,621,622,623,-1,623,622,624,-1,623,624,625,-1,625,624,626,-1,625,626,348,-1,348,626,627,-1,348,627,349,-1,628,629,621,-1,630,631,629,-1,629,631,632,-1,629,632,621,-1,621,632,633,-1,621,633,573,-1,634,635,636,-1,636,635,630,-1,630,635,631,-1,631,635,637,-1,631,637,486,-1,638,639,637,-1,637,639,478,-1,637,478,486,-1,486,478,483,-1,486,483,484,-1,621,274,628,-1,628,274,28,-1,628,28,640,-1,640,28,208,-1,640,208,475,-1,475,208,469,-1,475,469,473,-1,473,469,470,-1,510,641,520,-1,520,641,642,-1,520,642,643,-1,644,645,646,-1,647,648,644,-1,646,649,650,-1,644,646,647,-1,647,646,650,-1,647,650,651,-1,652,653,654,-1,654,653,655,-1,656,657,653,-1,653,657,658,-1,653,658,655,-1,656,659,657,-1,657,659,660,-1,657,660,661,-1,661,662,657,-1,657,662,663,-1,657,663,664,-1,665,666,667,-1,667,666,668,-1,667,668,657,-1,664,669,657,-1,657,669,670,-1,657,670,667,-1,667,670,671,-1,667,671,665,-1,668,672,657,-1,657,672,673,-1,657,673,674,-1,674,675,657,-1,657,675,676,-1,657,676,677,-1,677,678,657,-1,657,678,679,-1,657,679,680,-1,681,682,683,-1,683,682,680,-1,682,684,680,-1,680,684,685,-1,680,685,686,-1,686,687,680,-1,680,687,688,-1,680,688,689,-1,689,690,680,-1,680,690,691,-1,680,691,692,-1,693,694,695,-1,695,694,696,-1,695,696,680,-1,692,697,680,-1,680,697,698,-1,680,698,695,-1,695,698,699,-1,695,699,693,-1,696,700,680,-1,680,700,701,-1,680,701,702,-1,702,703,680,-1,680,703,704,-1,680,704,705,-1,705,706,680,-1,680,706,707,-1,680,707,657,-1,698,697,708,-1,708,697,709,-1,708,709,710,-1,710,709,711,-1,710,711,712,-1,712,711,713,-1,712,713,714,-1,714,713,715,-1,714,715,716,-1,716,715,717,-1,716,717,718,-1,718,717,719,-1,718,719,720,-1,720,719,721,-1,720,721,722,-1,722,721,723,-1,722,723,724,-1,724,723,725,-1,724,725,726,-1,726,725,727,-1,726,727,728,-1,728,727,729,-1,728,729,730,-1,730,729,731,-1,730,731,732,-1,731,733,732,-1,732,733,734,-1,732,734,735,-1,736,737,738,-1,739,740,741,-1,742,743,744,-1,692,691,745,-1,690,689,746,-1,688,687,747,-1,748,685,749,-1,750,683,751,-1,684,682,752,-1,752,682,750,-1,697,692,709,-1,709,692,745,-1,709,745,711,-1,711,745,753,-1,754,715,753,-1,753,715,713,-1,753,713,711,-1,755,721,756,-1,756,721,719,-1,756,719,754,-1,754,719,717,-1,754,717,715,-1,757,725,755,-1,755,725,723,-1,755,723,721,-1,733,731,758,-1,758,731,729,-1,758,729,757,-1,757,729,727,-1,757,727,725,-1,759,760,761,-1,761,760,762,-1,750,751,752,-1,752,751,763,-1,752,763,764,-1,764,763,765,-1,764,765,766,-1,766,765,767,-1,766,767,768,-1,768,767,769,-1,768,769,770,-1,770,769,771,-1,770,771,772,-1,772,771,762,-1,772,762,773,-1,773,762,760,-1,773,760,774,-1,774,742,773,-1,773,742,744,-1,773,744,772,-1,772,744,775,-1,772,775,770,-1,770,775,776,-1,770,776,768,-1,768,776,777,-1,768,777,766,-1,766,777,778,-1,766,778,764,-1,764,778,779,-1,764,779,752,-1,752,779,749,-1,752,749,684,-1,684,749,685,-1,743,739,744,-1,744,739,741,-1,744,741,775,-1,775,741,780,-1,775,780,776,-1,776,780,781,-1,776,781,777,-1,777,781,782,-1,777,782,778,-1,778,782,783,-1,778,783,779,-1,779,783,784,-1,779,784,749,-1,749,784,747,-1,749,747,748,-1,748,747,687,-1,740,736,741,-1,741,736,738,-1,741,738,780,-1,780,738,785,-1,780,785,781,-1,781,785,786,-1,781,786,782,-1,782,786,787,-1,782,787,783,-1,783,787,788,-1,783,788,784,-1,784,788,789,-1,784,789,747,-1,747,789,746,-1,747,746,688,-1,688,746,689,-1,737,790,738,-1,738,790,758,-1,738,758,785,-1,785,758,757,-1,785,757,786,-1,786,757,755,-1,786,755,787,-1,787,755,756,-1,787,756,788,-1,788,756,754,-1,788,754,789,-1,789,754,753,-1,789,753,746,-1,746,753,745,-1,746,745,690,-1,690,745,691,-1,734,733,791,-1,791,733,758,-1,791,758,792,-1,792,758,790,-1,680,679,793,-1,683,680,751,-1,751,680,793,-1,751,793,763,-1,793,794,763,-1,763,794,795,-1,763,795,765,-1,795,796,765,-1,765,796,797,-1,765,797,767,-1,798,769,799,-1,799,769,767,-1,799,767,800,-1,800,767,797,-1,798,801,769,-1,769,801,802,-1,769,802,771,-1,771,802,803,-1,771,803,762,-1,762,803,804,-1,762,804,761,-1,804,805,761,-1,761,805,806,-1,761,806,759,-1,807,808,809,-1,810,811,812,-1,813,814,815,-1,816,817,818,-1,678,677,819,-1,676,675,820,-1,674,673,821,-1,822,668,823,-1,824,671,670,-1,825,666,824,-1,824,666,826,-1,824,826,671,-1,679,678,793,-1,793,678,819,-1,793,819,794,-1,794,819,827,-1,794,827,795,-1,670,828,824,-1,824,828,829,-1,824,829,830,-1,830,829,831,-1,830,831,832,-1,825,824,833,-1,833,824,830,-1,833,830,834,-1,834,830,832,-1,834,832,835,-1,795,827,796,-1,796,827,836,-1,796,836,797,-1,668,666,823,-1,823,666,825,-1,823,825,837,-1,837,825,833,-1,837,833,838,-1,838,833,834,-1,838,834,839,-1,839,834,835,-1,839,835,840,-1,673,822,821,-1,821,822,823,-1,821,823,841,-1,841,823,837,-1,841,837,842,-1,842,837,838,-1,842,838,843,-1,843,838,839,-1,843,839,844,-1,844,839,840,-1,844,840,845,-1,797,836,800,-1,800,836,846,-1,800,846,799,-1,799,846,847,-1,799,847,798,-1,675,674,820,-1,820,674,821,-1,820,821,848,-1,848,821,841,-1,848,841,849,-1,849,841,842,-1,849,842,850,-1,850,842,843,-1,850,843,851,-1,851,843,844,-1,851,844,852,-1,852,844,845,-1,852,845,812,-1,798,847,801,-1,801,847,853,-1,801,853,802,-1,854,855,856,-1,854,857,858,-1,802,853,803,-1,803,853,809,-1,803,809,804,-1,854,856,857,-1,857,856,859,-1,857,859,860,-1,860,861,857,-1,857,861,862,-1,857,862,858,-1,858,862,863,-1,858,863,864,-1,865,855,866,-1,866,855,854,-1,866,854,867,-1,867,854,858,-1,867,858,818,-1,818,858,864,-1,818,864,816,-1,868,865,869,-1,869,865,866,-1,869,866,870,-1,870,866,867,-1,870,867,871,-1,871,867,818,-1,871,818,815,-1,815,818,817,-1,815,817,813,-1,831,868,832,-1,832,868,869,-1,832,869,835,-1,835,869,870,-1,835,870,840,-1,840,870,871,-1,840,871,845,-1,845,871,815,-1,845,815,812,-1,812,815,814,-1,812,814,810,-1,811,807,812,-1,812,807,809,-1,812,809,852,-1,852,809,853,-1,852,853,851,-1,851,853,847,-1,851,847,850,-1,850,847,846,-1,850,846,849,-1,849,846,836,-1,849,836,848,-1,848,836,827,-1,848,827,820,-1,820,827,819,-1,820,819,676,-1,676,819,677,-1,808,806,809,-1,809,806,805,-1,809,805,804,-1,670,669,828,-1,828,669,872,-1,828,872,829,-1,829,872,873,-1,829,873,831,-1,873,874,831,-1,831,874,875,-1,831,875,868,-1,875,876,868,-1,868,876,877,-1,868,877,865,-1,865,877,878,-1,865,878,879,-1,879,880,865,-1,865,880,881,-1,865,881,855,-1,855,881,882,-1,855,882,856,-1,856,882,883,-1,856,883,859,-1,883,884,859,-1,859,884,885,-1,859,885,860,-1,884,883,886,-1,887,888,889,-1,890,891,892,-1,882,881,893,-1,880,879,894,-1,877,876,895,-1,896,897,898,-1,899,655,900,-1,900,655,658,-1,900,658,901,-1,902,653,652,-1,903,659,904,-1,664,663,897,-1,897,663,662,-1,897,662,898,-1,898,662,661,-1,898,661,660,-1,669,664,872,-1,872,664,897,-1,872,897,873,-1,873,897,896,-1,873,896,874,-1,874,896,875,-1,876,875,895,-1,895,875,896,-1,895,896,905,-1,905,896,898,-1,905,898,903,-1,903,898,660,-1,903,660,659,-1,878,877,906,-1,906,877,895,-1,906,895,907,-1,907,895,905,-1,907,905,908,-1,908,905,903,-1,908,903,902,-1,902,903,904,-1,902,904,653,-1,879,878,894,-1,894,878,906,-1,894,906,909,-1,909,906,907,-1,909,907,910,-1,910,907,908,-1,910,908,911,-1,911,908,902,-1,911,902,912,-1,912,902,652,-1,881,880,893,-1,893,880,894,-1,893,894,913,-1,913,894,909,-1,913,909,914,-1,914,909,910,-1,914,910,915,-1,915,910,911,-1,915,911,916,-1,916,911,912,-1,916,912,900,-1,900,912,652,-1,900,652,899,-1,917,918,919,-1,917,920,921,-1,922,923,924,-1,924,923,925,-1,924,925,926,-1,926,925,927,-1,926,927,928,-1,928,927,929,-1,928,929,930,-1,930,929,931,-1,930,931,932,-1,932,931,933,-1,932,933,886,-1,883,882,886,-1,886,882,893,-1,886,893,932,-1,932,893,913,-1,932,913,930,-1,930,913,914,-1,930,914,928,-1,928,914,915,-1,928,915,926,-1,926,915,916,-1,926,916,924,-1,924,916,900,-1,924,900,922,-1,922,900,901,-1,917,919,920,-1,920,919,934,-1,920,934,935,-1,935,936,920,-1,920,936,937,-1,920,937,921,-1,921,937,938,-1,921,938,939,-1,940,918,941,-1,941,918,917,-1,941,917,942,-1,942,917,921,-1,942,921,892,-1,892,921,939,-1,892,939,890,-1,943,940,944,-1,944,940,941,-1,944,941,945,-1,945,941,942,-1,945,942,946,-1,946,942,892,-1,946,892,889,-1,889,892,891,-1,889,891,887,-1,923,943,925,-1,925,943,944,-1,925,944,927,-1,927,944,945,-1,927,945,929,-1,929,945,946,-1,929,946,931,-1,931,946,889,-1,931,889,933,-1,933,889,888,-1,933,888,947,-1,885,884,948,-1,948,884,886,-1,948,886,949,-1,949,886,933,-1,949,933,950,-1,950,933,947,-1,657,707,951,-1,658,657,901,-1,901,657,951,-1,901,951,922,-1,951,952,922,-1,922,952,953,-1,922,953,923,-1,954,943,955,-1,955,943,923,-1,955,923,956,-1,956,923,953,-1,954,957,943,-1,943,957,958,-1,943,958,940,-1,958,959,940,-1,940,959,960,-1,940,960,918,-1,918,960,961,-1,918,961,919,-1,919,961,962,-1,919,962,934,-1,962,963,934,-1,934,963,964,-1,934,964,935,-1,965,966,967,-1,968,969,970,-1,971,972,973,-1,974,975,976,-1,724,726,977,-1,718,720,978,-1,706,705,979,-1,704,703,980,-1,702,701,981,-1,982,696,983,-1,984,699,698,-1,985,694,984,-1,984,694,986,-1,984,986,699,-1,698,708,984,-1,984,708,710,-1,984,710,987,-1,707,706,951,-1,951,706,979,-1,951,979,952,-1,952,979,988,-1,952,988,953,-1,716,989,714,-1,714,989,987,-1,714,987,712,-1,712,987,710,-1,985,984,990,-1,990,984,987,-1,990,987,991,-1,991,987,989,-1,991,989,992,-1,953,988,956,-1,956,988,993,-1,956,993,955,-1,696,694,983,-1,983,694,985,-1,983,985,994,-1,994,985,990,-1,994,990,995,-1,995,990,991,-1,995,991,996,-1,996,991,992,-1,996,992,997,-1,701,982,981,-1,981,982,983,-1,981,983,998,-1,998,983,994,-1,998,994,999,-1,999,994,995,-1,999,995,1000,-1,1000,995,996,-1,1000,996,1001,-1,1001,996,997,-1,1001,997,1002,-1,955,993,954,-1,954,993,1003,-1,954,1003,957,-1,957,1003,1004,-1,957,1004,958,-1,703,702,980,-1,980,702,981,-1,980,981,1005,-1,1005,981,998,-1,1005,998,1006,-1,1006,998,999,-1,1006,999,1007,-1,1007,999,1000,-1,1007,1000,1008,-1,1008,1000,1001,-1,1008,1001,1009,-1,1009,1001,1002,-1,1009,1002,970,-1,958,1004,959,-1,959,1004,1010,-1,959,1010,960,-1,726,728,977,-1,977,728,1011,-1,977,1011,1012,-1,960,1010,961,-1,961,1010,967,-1,961,967,962,-1,728,730,1011,-1,1011,730,732,-1,1011,732,735,-1,735,1013,1011,-1,1011,1013,1014,-1,1011,1014,1012,-1,1012,1014,1015,-1,1012,1015,1016,-1,722,724,1017,-1,1017,724,977,-1,1017,977,1018,-1,1018,977,1012,-1,1018,1012,976,-1,976,1012,1016,-1,976,1016,974,-1,720,722,978,-1,978,722,1017,-1,978,1017,1019,-1,1019,1017,1018,-1,1019,1018,1020,-1,1020,1018,976,-1,1020,976,973,-1,973,976,975,-1,973,975,971,-1,716,718,989,-1,989,718,978,-1,989,978,992,-1,992,978,1019,-1,992,1019,997,-1,997,1019,1020,-1,997,1020,1002,-1,1002,1020,973,-1,1002,973,970,-1,970,973,972,-1,970,972,968,-1,969,965,970,-1,970,965,967,-1,970,967,1009,-1,1009,967,1010,-1,1009,1010,1008,-1,1008,1010,1004,-1,1008,1004,1007,-1,1007,1004,1003,-1,1007,1003,1006,-1,1006,1003,993,-1,1006,993,1005,-1,1005,993,988,-1,1005,988,980,-1,980,988,979,-1,980,979,704,-1,704,979,705,-1,966,964,967,-1,967,964,963,-1,967,963,962,-1,1021,1022,1023,-1,1024,935,1025,-1,1025,935,964,-1,964,966,1025,-1,1025,966,965,-1,1025,965,969,-1,969,968,1025,-1,1025,968,972,-1,1025,972,1026,-1,1026,972,971,-1,1026,971,1027,-1,1027,971,1028,-1,1028,971,975,-1,1028,975,1029,-1,974,1030,975,-1,975,1030,1031,-1,975,1031,1029,-1,1032,1033,1015,-1,1015,1033,1034,-1,1015,1034,1016,-1,1016,1034,1035,-1,1016,1035,974,-1,974,1035,1036,-1,974,1036,1030,-1,1032,1015,1037,-1,1037,1015,1014,-1,1037,1014,1038,-1,1014,1013,1038,-1,1038,1013,735,-1,1038,735,1039,-1,1040,1041,736,-1,736,1041,1042,-1,736,1042,737,-1,737,1042,1043,-1,737,1043,790,-1,790,1043,1044,-1,790,1044,792,-1,792,1044,1045,-1,792,1045,791,-1,791,1045,1039,-1,791,1039,734,-1,734,1039,735,-1,1040,736,1046,-1,1046,736,740,-1,1046,740,1047,-1,742,1048,743,-1,743,1048,1047,-1,743,1047,739,-1,739,1047,740,-1,774,1049,742,-1,742,1049,1050,-1,742,1050,1048,-1,1051,1052,760,-1,760,1052,1053,-1,760,1053,774,-1,774,1053,1054,-1,774,1054,1049,-1,760,759,1051,-1,1051,759,806,-1,1051,806,808,-1,808,807,1051,-1,1051,807,811,-1,1051,811,1055,-1,1055,811,810,-1,1055,810,1056,-1,813,1057,1058,-1,813,1058,814,-1,814,1058,1059,-1,814,1059,810,-1,810,1059,1060,-1,810,1060,1056,-1,885,1061,860,-1,860,1061,1062,-1,885,948,1061,-1,1061,948,949,-1,1061,949,1063,-1,1063,949,950,-1,1063,950,1064,-1,1064,950,1065,-1,1062,1066,860,-1,860,1066,1067,-1,860,1067,1068,-1,1069,1070,947,-1,1070,1071,947,-1,947,1071,1072,-1,947,1072,950,-1,950,1072,1073,-1,950,1073,1065,-1,863,1074,864,-1,864,1074,816,-1,863,862,1074,-1,1074,862,861,-1,1074,861,1075,-1,1068,1076,860,-1,860,1076,1077,-1,860,1077,861,-1,861,1077,1078,-1,861,1078,1075,-1,1079,813,1074,-1,1074,813,817,-1,1074,817,816,-1,1080,1081,1082,-1,1023,1083,1084,-1,1023,1084,1082,-1,1082,1084,1085,-1,1082,1085,1080,-1,1081,1086,1082,-1,1082,1086,1057,-1,1082,1057,1087,-1,1079,1088,813,-1,813,1088,1089,-1,813,1089,1057,-1,1057,1089,1090,-1,1057,1090,1087,-1,1069,947,1091,-1,1091,947,888,-1,1091,888,1092,-1,1092,888,887,-1,1092,887,1093,-1,939,938,1024,-1,1093,887,1094,-1,1094,887,891,-1,1094,891,1024,-1,1024,891,890,-1,1024,890,939,-1,938,937,1024,-1,1024,937,936,-1,1024,936,935,-1,1095,1096,1082,-1,1082,1096,1097,-1,1082,1097,1098,-1,1098,1099,1082,-1,1082,1099,1100,-1,1082,1100,1101,-1,1101,1102,1082,-1,1082,1102,1103,-1,1082,1103,1104,-1,1021,1023,1105,-1,1104,1106,1082,-1,1082,1106,1107,-1,1082,1107,1023,-1,1023,1107,1108,-1,1023,1108,1105,-1,1082,1087,1109,-1,1110,1111,1112,-1,1113,1110,1109,-1,1109,1110,1112,-1,1109,1112,1082,-1,1082,1112,1095,-1,1109,1087,1090,-1,1114,1113,1109,-1,1109,1090,1114,-1,1114,1090,1089,-1,1114,1089,1115,-1,1115,1089,1088,-1,1115,1088,1116,-1,1116,1088,1079,-1,1116,1079,1117,-1,1117,1079,1074,-1,1117,1074,1118,-1,1118,1074,1075,-1,1118,1075,1119,-1,1119,1075,1078,-1,1119,1078,1120,-1,1076,1121,1122,-1,1120,1078,1122,-1,1122,1078,1077,-1,1122,1077,1076,-1,1123,1124,1067,-1,1067,1124,1125,-1,1121,1076,1125,-1,1125,1076,1068,-1,1125,1068,1067,-1,1066,1062,1126,-1,1066,1126,1067,-1,1067,1126,1127,-1,1067,1127,1123,-1,1128,1127,1126,-1,1128,1126,1129,-1,1129,1126,1062,-1,1129,1062,1061,-1,1130,1131,1132,-1,1132,1131,1024,-1,1024,1131,1094,-1,1094,1131,1133,-1,1094,1133,1093,-1,1093,1133,1092,-1,1092,1133,1134,-1,1092,1134,1091,-1,1091,1134,1135,-1,1091,1135,1069,-1,1069,1135,1136,-1,1069,1136,1070,-1,1137,1128,1129,-1,1136,1138,1070,-1,1070,1138,1139,-1,1070,1139,1071,-1,1071,1139,1140,-1,1071,1140,1072,-1,1072,1140,1141,-1,1072,1141,1073,-1,1073,1141,1142,-1,1073,1142,1065,-1,1065,1142,1143,-1,1065,1143,1064,-1,1064,1143,1137,-1,1064,1137,1063,-1,1063,1137,1129,-1,1063,1129,1061,-1,1144,1130,1132,-1,1144,1132,1145,-1,1145,1132,1024,-1,1145,1024,1025,-1,1146,1147,1148,-1,1148,1147,1038,-1,1038,1147,1037,-1,1037,1147,1149,-1,1037,1149,1032,-1,1032,1149,1033,-1,1033,1149,1150,-1,1033,1150,1034,-1,1034,1150,1151,-1,1034,1151,1035,-1,1035,1151,1152,-1,1035,1152,1036,-1,1153,1144,1145,-1,1152,1154,1036,-1,1036,1154,1155,-1,1036,1155,1030,-1,1030,1155,1156,-1,1030,1156,1031,-1,1031,1156,1157,-1,1031,1157,1029,-1,1029,1157,1158,-1,1029,1158,1028,-1,1028,1158,1159,-1,1028,1159,1027,-1,1027,1159,1153,-1,1027,1153,1026,-1,1026,1153,1145,-1,1026,1145,1025,-1,1038,1039,1160,-1,1038,1160,1148,-1,1148,1160,1161,-1,1148,1161,1146,-1,1162,1163,1164,-1,1160,1039,1045,-1,1040,1165,1041,-1,1041,1165,1166,-1,1041,1166,1042,-1,1042,1166,1167,-1,1042,1167,1043,-1,1043,1167,1168,-1,1043,1168,1044,-1,1044,1168,1169,-1,1044,1169,1045,-1,1045,1169,1161,-1,1045,1161,1160,-1,1046,1162,1040,-1,1040,1162,1164,-1,1040,1164,1165,-1,1170,1163,1162,-1,1170,1162,1171,-1,1171,1162,1046,-1,1171,1046,1047,-1,1171,1047,1048,-1,1172,1173,1174,-1,1175,1050,1176,-1,1176,1050,1049,-1,1176,1049,1177,-1,1177,1049,1054,-1,1177,1054,1178,-1,1178,1054,1053,-1,1178,1053,1179,-1,1179,1053,1052,-1,1179,1052,1174,-1,1174,1052,1051,-1,1174,1051,1172,-1,1170,1171,1175,-1,1175,1171,1048,-1,1175,1048,1050,-1,1111,1180,1181,-1,1111,1181,1112,-1,1112,1181,1096,-1,1112,1096,1095,-1,1182,1183,1184,-1,1184,1183,1185,-1,1186,1187,1183,-1,1183,1187,1188,-1,1183,1188,1185,-1,1186,1189,1187,-1,1187,1189,1190,-1,1187,1190,1191,-1,1191,1192,1187,-1,1187,1192,1193,-1,1187,1193,1194,-1,1195,1196,1197,-1,1197,1196,1198,-1,1197,1198,1187,-1,1194,1199,1187,-1,1187,1199,1200,-1,1187,1200,1197,-1,1197,1200,1201,-1,1197,1201,1195,-1,1198,1202,1187,-1,1187,1202,1203,-1,1187,1203,1204,-1,1204,1205,1187,-1,1187,1205,1206,-1,1187,1206,1207,-1,1207,1208,1187,-1,1187,1208,1209,-1,1187,1209,1210,-1,1211,1212,1213,-1,1213,1212,1210,-1,1212,1214,1210,-1,1210,1214,1215,-1,1210,1215,1216,-1,1216,1217,1210,-1,1210,1217,1218,-1,1210,1218,1219,-1,1219,1220,1210,-1,1210,1220,1221,-1,1210,1221,1222,-1,1223,1224,1225,-1,1225,1224,1226,-1,1225,1226,1210,-1,1222,1227,1210,-1,1210,1227,1228,-1,1210,1228,1225,-1,1225,1228,1229,-1,1225,1229,1223,-1,1226,1230,1210,-1,1210,1230,1231,-1,1210,1231,1232,-1,1232,1233,1210,-1,1210,1233,1234,-1,1210,1234,1235,-1,1235,1236,1210,-1,1210,1236,1237,-1,1210,1237,1187,-1,1238,1239,1240,-1,1239,1241,1240,-1,1240,1241,1242,-1,1240,1242,1243,-1,1243,1244,1240,-1,1240,1244,1245,-1,1240,1245,1246,-1,1246,1247,1240,-1,1240,1247,1248,-1,1240,1248,1249,-1,1250,1249,1251,-1,1251,1249,1252,-1,1252,1253,1251,-1,1251,1253,1254,-1,1251,1254,1255,-1,1255,1256,1251,-1,1251,1256,1257,-1,1251,1257,1250,-1,1250,1258,1249,-1,1249,1258,1259,-1,1249,1259,1260,-1,1260,1261,1249,-1,1249,1261,1262,-1,1249,1262,1263,-1,1263,1264,1249,-1,1249,1264,1265,-1,1249,1265,1240,-1,1266,1267,1268,-1,1268,1267,1269,-1,1266,1270,1267,-1,1267,1270,1271,-1,1267,1271,1272,-1,1272,1273,1267,-1,1267,1273,1274,-1,1267,1274,1275,-1,1276,1277,1278,-1,1277,1276,1279,-1,1280,1279,1281,-1,1281,1279,1276,-1,1281,1276,1282,-1,1282,1276,1278,-1,1279,1283,1277,-1,1277,1283,1284,-1,1277,1284,1285,-1,1285,1286,1277,-1,1277,1286,1287,-1,1277,1287,1288,-1,1275,1289,1267,-1,1267,1289,1277,-1,1267,1277,1290,-1,1290,1277,1288,-1,1267,1291,1269,-1,1269,1291,1292,-1,1269,1292,1240,-1,1240,1292,1293,-1,1240,1293,1238,-1,1294,1295,1296,-1,1295,1297,1296,-1,1296,1297,1298,-1,1296,1298,1299,-1,1299,1300,1296,-1,1296,1300,1301,-1,1296,1301,1302,-1,1302,1303,1296,-1,1296,1303,1304,-1,1296,1304,1305,-1,1306,1307,1308,-1,1305,1309,1310,-1,1310,1309,1311,-1,1311,1306,1310,-1,1310,1306,1308,-1,1310,1308,1305,-1,1305,1308,1312,-1,1305,1312,1313,-1,1313,1314,1305,-1,1305,1314,1315,-1,1305,1315,1316,-1,1316,1317,1305,-1,1305,1317,1318,-1,1305,1318,1319,-1,1319,1320,1305,-1,1305,1320,1321,-1,1305,1321,1296,-1,1322,1323,1324,-1,1324,1323,1325,-1,1325,1326,1324,-1,1324,1326,1327,-1,1324,1327,1328,-1,1328,1329,1324,-1,1324,1329,1330,-1,1324,1330,1331,-1,1332,1333,1334,-1,1334,1333,1335,-1,1332,1336,1333,-1,1333,1336,1337,-1,1333,1337,1338,-1,1338,1339,1333,-1,1333,1339,1340,-1,1333,1340,1335,-1,1335,1340,1341,-1,1341,1342,1335,-1,1335,1342,1343,-1,1335,1343,1344,-1,1331,1345,1324,-1,1324,1345,1335,-1,1324,1335,1346,-1,1346,1335,1344,-1,1324,1347,1322,-1,1322,1347,1348,-1,1322,1348,1296,-1,1296,1348,1349,-1,1296,1349,1294,-1,1051,1055,1350,-1,1051,1350,1172,-1,1172,1350,1351,-1,1172,1351,1173,-1,1097,1096,1181,-1,1097,1181,1352,-1,1352,1181,1180,-1,1352,1180,1353,-1,1354,1355,1356,-1,1356,1357,1354,-1,1354,1357,1358,-1,1354,1358,1110,-1,1110,1358,1359,-1,1110,1359,1360,-1,1360,1361,1110,-1,1110,1361,1362,-1,1110,1362,1363,-1,1363,1364,1110,-1,1110,1364,1365,-1,1110,1365,1366,-1,1180,1111,1353,-1,1353,1111,1110,-1,1353,1110,1367,-1,1367,1110,1366,-1,1110,1368,1369,-1,1370,1354,1371,-1,1371,1354,1110,-1,1371,1110,1372,-1,1372,1110,1369,-1,1368,1110,1373,-1,1373,1110,1113,-1,1373,1113,1351,-1,1351,1113,1114,-1,1351,1114,1173,-1,1173,1114,1115,-1,1173,1115,1116,-1,1116,1117,1173,-1,1173,1117,1118,-1,1173,1118,1174,-1,1174,1118,1119,-1,1174,1119,1179,-1,1179,1119,1178,-1,1122,1164,1163,-1,1163,1170,1122,-1,1122,1170,1175,-1,1122,1175,1120,-1,1120,1175,1176,-1,1120,1176,1119,-1,1119,1176,1177,-1,1119,1177,1178,-1,1167,1166,1122,-1,1122,1166,1165,-1,1122,1165,1164,-1,1125,1161,1121,-1,1121,1161,1169,-1,1121,1169,1122,-1,1122,1169,1168,-1,1122,1168,1167,-1,1125,1124,1161,-1,1161,1124,1123,-1,1161,1123,1127,-1,1137,1143,1142,-1,1141,1127,1142,-1,1142,1127,1128,-1,1142,1128,1137,-1,1141,1140,1127,-1,1127,1140,1139,-1,1127,1139,1138,-1,1138,1136,1127,-1,1127,1136,1135,-1,1127,1135,1134,-1,1134,1133,1127,-1,1127,1133,1131,-1,1127,1131,1130,-1,1130,1144,1127,-1,1127,1144,1153,-1,1127,1153,1159,-1,1159,1158,1127,-1,1127,1158,1157,-1,1127,1157,1156,-1,1156,1155,1127,-1,1127,1155,1154,-1,1127,1154,1152,-1,1152,1151,1127,-1,1127,1151,1150,-1,1127,1150,1149,-1,1149,1147,1127,-1,1127,1147,1146,-1,1127,1146,1161,-1,1228,1227,1374,-1,1374,1227,1375,-1,1374,1375,1376,-1,1376,1375,1377,-1,1376,1377,1378,-1,1378,1377,1379,-1,1378,1379,1380,-1,1380,1379,1381,-1,1380,1381,1382,-1,1382,1381,1383,-1,1382,1383,1384,-1,1384,1383,1385,-1,1384,1385,1386,-1,1386,1385,1387,-1,1386,1387,1388,-1,1388,1387,1389,-1,1388,1389,1390,-1,1390,1389,1391,-1,1390,1391,1392,-1,1392,1391,1393,-1,1392,1393,1394,-1,1394,1393,1395,-1,1394,1395,1396,-1,1396,1395,1397,-1,1396,1397,1398,-1,1397,1399,1398,-1,1398,1399,1400,-1,1398,1400,1401,-1,1402,1403,1404,-1,1405,1406,1407,-1,1408,1409,1410,-1,1222,1221,1411,-1,1220,1219,1412,-1,1218,1217,1413,-1,1414,1215,1415,-1,1416,1213,1417,-1,1214,1212,1418,-1,1418,1212,1416,-1,1227,1222,1375,-1,1375,1222,1411,-1,1375,1411,1377,-1,1377,1411,1419,-1,1420,1381,1419,-1,1419,1381,1379,-1,1419,1379,1377,-1,1421,1387,1422,-1,1422,1387,1385,-1,1422,1385,1420,-1,1420,1385,1383,-1,1420,1383,1381,-1,1423,1391,1421,-1,1421,1391,1389,-1,1421,1389,1387,-1,1399,1397,1424,-1,1424,1397,1395,-1,1424,1395,1423,-1,1423,1395,1393,-1,1423,1393,1391,-1,1425,1426,1427,-1,1427,1426,1428,-1,1416,1417,1418,-1,1418,1417,1429,-1,1418,1429,1430,-1,1430,1429,1431,-1,1430,1431,1432,-1,1432,1431,1433,-1,1432,1433,1434,-1,1434,1433,1435,-1,1434,1435,1436,-1,1436,1435,1437,-1,1436,1437,1438,-1,1438,1437,1428,-1,1438,1428,1439,-1,1439,1428,1426,-1,1439,1426,1440,-1,1440,1408,1439,-1,1439,1408,1410,-1,1439,1410,1438,-1,1438,1410,1441,-1,1438,1441,1436,-1,1436,1441,1442,-1,1436,1442,1434,-1,1434,1442,1443,-1,1434,1443,1432,-1,1432,1443,1444,-1,1432,1444,1430,-1,1430,1444,1445,-1,1430,1445,1418,-1,1418,1445,1415,-1,1418,1415,1214,-1,1214,1415,1215,-1,1409,1405,1410,-1,1410,1405,1407,-1,1410,1407,1441,-1,1441,1407,1446,-1,1441,1446,1442,-1,1442,1446,1447,-1,1442,1447,1443,-1,1443,1447,1448,-1,1443,1448,1444,-1,1444,1448,1449,-1,1444,1449,1445,-1,1445,1449,1450,-1,1445,1450,1415,-1,1415,1450,1413,-1,1415,1413,1414,-1,1414,1413,1217,-1,1406,1402,1407,-1,1407,1402,1404,-1,1407,1404,1446,-1,1446,1404,1451,-1,1446,1451,1447,-1,1447,1451,1452,-1,1447,1452,1448,-1,1448,1452,1453,-1,1448,1453,1449,-1,1449,1453,1454,-1,1449,1454,1450,-1,1450,1454,1455,-1,1450,1455,1413,-1,1413,1455,1412,-1,1413,1412,1218,-1,1218,1412,1219,-1,1403,1456,1404,-1,1404,1456,1424,-1,1404,1424,1451,-1,1451,1424,1423,-1,1451,1423,1452,-1,1452,1423,1421,-1,1452,1421,1453,-1,1453,1421,1422,-1,1453,1422,1454,-1,1454,1422,1420,-1,1454,1420,1455,-1,1455,1420,1419,-1,1455,1419,1412,-1,1412,1419,1411,-1,1412,1411,1220,-1,1220,1411,1221,-1,1400,1399,1457,-1,1457,1399,1424,-1,1457,1424,1458,-1,1458,1424,1456,-1,1210,1209,1459,-1,1213,1210,1417,-1,1417,1210,1459,-1,1417,1459,1429,-1,1459,1460,1429,-1,1429,1460,1461,-1,1429,1461,1431,-1,1462,1433,1463,-1,1463,1433,1431,-1,1463,1431,1464,-1,1464,1431,1461,-1,1462,1465,1433,-1,1433,1465,1466,-1,1433,1466,1435,-1,1466,1467,1435,-1,1435,1467,1468,-1,1435,1468,1437,-1,1437,1468,1469,-1,1437,1469,1428,-1,1428,1469,1470,-1,1428,1470,1427,-1,1470,1471,1427,-1,1427,1471,1472,-1,1427,1472,1425,-1,1471,1470,1473,-1,1474,1475,1476,-1,1477,1478,1479,-1,1469,1468,1480,-1,1467,1466,1481,-1,1462,1463,1482,-1,1483,1484,1485,-1,1486,1201,1487,-1,1487,1201,1200,-1,1487,1200,1488,-1,1489,1198,1196,-1,1490,1203,1491,-1,1208,1207,1484,-1,1484,1207,1206,-1,1484,1206,1485,-1,1485,1206,1205,-1,1485,1205,1204,-1,1209,1208,1459,-1,1459,1208,1484,-1,1459,1484,1460,-1,1460,1484,1483,-1,1460,1483,1461,-1,1461,1483,1464,-1,1463,1464,1482,-1,1482,1464,1483,-1,1482,1483,1492,-1,1492,1483,1485,-1,1492,1485,1490,-1,1490,1485,1204,-1,1490,1204,1203,-1,1465,1462,1493,-1,1493,1462,1482,-1,1493,1482,1494,-1,1494,1482,1492,-1,1494,1492,1495,-1,1495,1492,1490,-1,1495,1490,1489,-1,1489,1490,1491,-1,1489,1491,1198,-1,1466,1465,1481,-1,1481,1465,1493,-1,1481,1493,1496,-1,1496,1493,1494,-1,1496,1494,1497,-1,1497,1494,1495,-1,1497,1495,1498,-1,1498,1495,1489,-1,1498,1489,1499,-1,1499,1489,1196,-1,1468,1467,1480,-1,1480,1467,1481,-1,1480,1481,1500,-1,1500,1481,1496,-1,1500,1496,1501,-1,1501,1496,1497,-1,1501,1497,1502,-1,1502,1497,1498,-1,1502,1498,1503,-1,1503,1498,1499,-1,1503,1499,1487,-1,1487,1499,1196,-1,1487,1196,1486,-1,1504,1505,1506,-1,1504,1507,1508,-1,1509,1510,1511,-1,1511,1510,1512,-1,1511,1512,1513,-1,1513,1512,1514,-1,1513,1514,1515,-1,1515,1514,1516,-1,1515,1516,1517,-1,1517,1516,1518,-1,1517,1518,1519,-1,1519,1518,1520,-1,1519,1520,1473,-1,1470,1469,1473,-1,1473,1469,1480,-1,1473,1480,1519,-1,1519,1480,1500,-1,1519,1500,1517,-1,1517,1500,1501,-1,1517,1501,1515,-1,1515,1501,1502,-1,1515,1502,1513,-1,1513,1502,1503,-1,1513,1503,1511,-1,1511,1503,1487,-1,1511,1487,1509,-1,1509,1487,1488,-1,1504,1506,1507,-1,1507,1506,1521,-1,1507,1521,1522,-1,1522,1523,1507,-1,1507,1523,1524,-1,1507,1524,1508,-1,1508,1524,1525,-1,1508,1525,1526,-1,1527,1505,1528,-1,1528,1505,1504,-1,1528,1504,1529,-1,1529,1504,1508,-1,1529,1508,1479,-1,1479,1508,1526,-1,1479,1526,1477,-1,1530,1527,1531,-1,1531,1527,1528,-1,1531,1528,1532,-1,1532,1528,1529,-1,1532,1529,1533,-1,1533,1529,1479,-1,1533,1479,1476,-1,1476,1479,1478,-1,1476,1478,1474,-1,1510,1530,1512,-1,1512,1530,1531,-1,1512,1531,1514,-1,1514,1531,1532,-1,1514,1532,1516,-1,1516,1532,1533,-1,1516,1533,1518,-1,1518,1533,1476,-1,1518,1476,1520,-1,1520,1476,1475,-1,1520,1475,1534,-1,1472,1471,1535,-1,1535,1471,1473,-1,1535,1473,1536,-1,1536,1473,1520,-1,1536,1520,1537,-1,1537,1520,1534,-1,1200,1199,1488,-1,1488,1199,1538,-1,1488,1538,1509,-1,1509,1538,1539,-1,1509,1539,1510,-1,1539,1540,1510,-1,1510,1540,1541,-1,1510,1541,1530,-1,1541,1542,1530,-1,1530,1542,1543,-1,1530,1543,1527,-1,1527,1543,1544,-1,1527,1544,1545,-1,1545,1546,1527,-1,1527,1546,1547,-1,1527,1547,1505,-1,1505,1547,1548,-1,1505,1548,1506,-1,1506,1548,1549,-1,1506,1549,1521,-1,1549,1550,1521,-1,1521,1550,1551,-1,1521,1551,1522,-1,1550,1549,1552,-1,1553,1554,1555,-1,1556,1557,1558,-1,1548,1547,1559,-1,1546,1545,1560,-1,1543,1542,1561,-1,1562,1563,1564,-1,1565,1185,1566,-1,1566,1185,1188,-1,1566,1188,1567,-1,1568,1183,1182,-1,1569,1189,1570,-1,1194,1193,1563,-1,1563,1193,1192,-1,1563,1192,1564,-1,1564,1192,1191,-1,1564,1191,1190,-1,1199,1194,1538,-1,1538,1194,1563,-1,1538,1563,1539,-1,1539,1563,1562,-1,1539,1562,1540,-1,1540,1562,1541,-1,1542,1541,1561,-1,1561,1541,1562,-1,1561,1562,1571,-1,1571,1562,1564,-1,1571,1564,1569,-1,1569,1564,1190,-1,1569,1190,1189,-1,1544,1543,1572,-1,1572,1543,1561,-1,1572,1561,1573,-1,1573,1561,1571,-1,1573,1571,1574,-1,1574,1571,1569,-1,1574,1569,1568,-1,1568,1569,1570,-1,1568,1570,1183,-1,1545,1544,1560,-1,1560,1544,1572,-1,1560,1572,1575,-1,1575,1572,1573,-1,1575,1573,1576,-1,1576,1573,1574,-1,1576,1574,1577,-1,1577,1574,1568,-1,1577,1568,1578,-1,1578,1568,1182,-1,1547,1546,1559,-1,1559,1546,1560,-1,1559,1560,1579,-1,1579,1560,1575,-1,1579,1575,1580,-1,1580,1575,1576,-1,1580,1576,1581,-1,1581,1576,1577,-1,1581,1577,1582,-1,1582,1577,1578,-1,1582,1578,1566,-1,1566,1578,1182,-1,1566,1182,1565,-1,1583,1584,1585,-1,1583,1586,1587,-1,1588,1589,1590,-1,1590,1589,1591,-1,1590,1591,1592,-1,1592,1591,1593,-1,1592,1593,1594,-1,1594,1593,1595,-1,1594,1595,1596,-1,1596,1595,1597,-1,1596,1597,1598,-1,1598,1597,1599,-1,1598,1599,1552,-1,1549,1548,1552,-1,1552,1548,1559,-1,1552,1559,1598,-1,1598,1559,1579,-1,1598,1579,1596,-1,1596,1579,1580,-1,1596,1580,1594,-1,1594,1580,1581,-1,1594,1581,1592,-1,1592,1581,1582,-1,1592,1582,1590,-1,1590,1582,1566,-1,1590,1566,1588,-1,1588,1566,1567,-1,1583,1585,1586,-1,1586,1585,1600,-1,1586,1600,1601,-1,1601,1602,1586,-1,1586,1602,1603,-1,1586,1603,1587,-1,1587,1603,1604,-1,1587,1604,1605,-1,1606,1584,1607,-1,1607,1584,1583,-1,1607,1583,1608,-1,1608,1583,1587,-1,1608,1587,1558,-1,1558,1587,1605,-1,1558,1605,1556,-1,1609,1606,1610,-1,1610,1606,1607,-1,1610,1607,1611,-1,1611,1607,1608,-1,1611,1608,1612,-1,1612,1608,1558,-1,1612,1558,1555,-1,1555,1558,1557,-1,1555,1557,1553,-1,1589,1609,1591,-1,1591,1609,1610,-1,1591,1610,1593,-1,1593,1610,1611,-1,1593,1611,1595,-1,1595,1611,1612,-1,1595,1612,1597,-1,1597,1612,1555,-1,1597,1555,1599,-1,1599,1555,1554,-1,1599,1554,1613,-1,1551,1550,1614,-1,1614,1550,1552,-1,1614,1552,1615,-1,1615,1552,1599,-1,1615,1599,1616,-1,1616,1599,1613,-1,1187,1237,1617,-1,1188,1187,1567,-1,1567,1187,1617,-1,1567,1617,1588,-1,1617,1618,1588,-1,1588,1618,1619,-1,1588,1619,1589,-1,1619,1620,1589,-1,1589,1620,1621,-1,1589,1621,1609,-1,1622,1606,1623,-1,1623,1606,1609,-1,1623,1609,1624,-1,1624,1609,1621,-1,1622,1625,1606,-1,1606,1625,1626,-1,1606,1626,1584,-1,1584,1626,1627,-1,1584,1627,1585,-1,1585,1627,1628,-1,1585,1628,1600,-1,1628,1629,1600,-1,1600,1629,1630,-1,1600,1630,1601,-1,1629,1628,1631,-1,1632,1633,1634,-1,1635,1636,1637,-1,1627,1626,1638,-1,1625,1622,1639,-1,1390,1392,1640,-1,1624,1621,1641,-1,1384,1386,1642,-1,1380,1382,1643,-1,1644,1645,1646,-1,1376,1378,1647,-1,1648,1229,1649,-1,1649,1229,1228,-1,1649,1228,1374,-1,1650,1226,1224,-1,1651,1231,1652,-1,1236,1235,1645,-1,1645,1235,1234,-1,1645,1234,1646,-1,1646,1234,1233,-1,1646,1233,1232,-1,1237,1236,1617,-1,1617,1236,1645,-1,1617,1645,1618,-1,1618,1645,1644,-1,1618,1644,1619,-1,1619,1644,1620,-1,1621,1620,1641,-1,1641,1620,1644,-1,1641,1644,1653,-1,1653,1644,1646,-1,1653,1646,1651,-1,1651,1646,1232,-1,1651,1232,1231,-1,1623,1624,1654,-1,1654,1624,1641,-1,1654,1641,1655,-1,1655,1641,1653,-1,1655,1653,1656,-1,1656,1653,1651,-1,1656,1651,1650,-1,1650,1651,1652,-1,1650,1652,1226,-1,1622,1623,1639,-1,1639,1623,1654,-1,1639,1654,1657,-1,1657,1654,1655,-1,1657,1655,1658,-1,1658,1655,1656,-1,1658,1656,1659,-1,1659,1656,1650,-1,1659,1650,1660,-1,1660,1650,1224,-1,1626,1625,1638,-1,1638,1625,1639,-1,1638,1639,1661,-1,1661,1639,1657,-1,1661,1657,1662,-1,1662,1657,1658,-1,1662,1658,1663,-1,1663,1658,1659,-1,1663,1659,1664,-1,1664,1659,1660,-1,1664,1660,1649,-1,1649,1660,1224,-1,1649,1224,1648,-1,1392,1394,1640,-1,1640,1394,1665,-1,1640,1665,1666,-1,1378,1380,1647,-1,1647,1380,1643,-1,1647,1643,1667,-1,1667,1643,1668,-1,1667,1668,1669,-1,1669,1668,1670,-1,1669,1670,1671,-1,1671,1670,1672,-1,1671,1672,1673,-1,1673,1672,1674,-1,1673,1674,1631,-1,1628,1627,1631,-1,1631,1627,1638,-1,1631,1638,1673,-1,1673,1638,1661,-1,1673,1661,1671,-1,1671,1661,1662,-1,1671,1662,1669,-1,1669,1662,1663,-1,1669,1663,1667,-1,1667,1663,1664,-1,1667,1664,1647,-1,1647,1664,1649,-1,1647,1649,1376,-1,1376,1649,1374,-1,1394,1396,1665,-1,1665,1396,1398,-1,1665,1398,1401,-1,1401,1675,1665,-1,1665,1675,1676,-1,1665,1676,1666,-1,1666,1676,1677,-1,1666,1677,1678,-1,1388,1390,1679,-1,1679,1390,1640,-1,1679,1640,1680,-1,1680,1640,1666,-1,1680,1666,1637,-1,1637,1666,1678,-1,1637,1678,1635,-1,1386,1388,1642,-1,1642,1388,1679,-1,1642,1679,1681,-1,1681,1679,1680,-1,1681,1680,1682,-1,1682,1680,1637,-1,1682,1637,1634,-1,1634,1637,1636,-1,1634,1636,1632,-1,1382,1384,1643,-1,1643,1384,1642,-1,1643,1642,1668,-1,1668,1642,1681,-1,1668,1681,1670,-1,1670,1681,1682,-1,1670,1682,1672,-1,1672,1682,1634,-1,1672,1634,1674,-1,1674,1634,1633,-1,1674,1633,1683,-1,1630,1629,1684,-1,1684,1629,1631,-1,1684,1631,1685,-1,1685,1631,1674,-1,1685,1674,1686,-1,1686,1674,1683,-1,1687,1688,1689,-1,1689,1688,1690,-1,1689,1690,1691,-1,1691,1692,1689,-1,1689,1692,1693,-1,1689,1693,1694,-1,1695,1696,1697,-1,1697,1698,1695,-1,1695,1698,1699,-1,1695,1699,1700,-1,1700,651,1695,-1,1695,651,650,-1,1695,650,1689,-1,1689,650,649,-1,1689,649,1687,-1,1701,1702,1703,-1,1704,1705,1706,-1,1707,1708,1709,-1,1289,1275,1710,-1,1274,1273,1711,-1,1712,1271,1713,-1,1714,1269,1715,-1,1270,1266,1716,-1,1716,1266,1714,-1,1717,1282,1278,-1,1718,1719,1720,-1,1720,1719,1721,-1,1720,1721,1722,-1,1722,1721,1723,-1,1722,1723,1724,-1,1724,1723,1725,-1,1724,1725,1726,-1,1726,1725,1727,-1,1726,1727,1728,-1,1728,1727,1729,-1,1728,1729,1730,-1,1730,1729,1717,-1,1730,1717,1731,-1,1731,1717,1278,-1,1731,1278,1277,-1,1732,1733,1734,-1,1734,1733,1735,-1,1714,1715,1716,-1,1716,1715,1736,-1,1716,1736,1737,-1,1737,1736,1738,-1,1737,1738,1739,-1,1739,1738,1740,-1,1739,1740,1741,-1,1741,1740,1742,-1,1741,1742,1743,-1,1743,1742,1744,-1,1743,1744,1745,-1,1745,1744,1735,-1,1745,1735,1746,-1,1746,1735,1733,-1,1746,1733,1747,-1,1747,1707,1746,-1,1746,1707,1709,-1,1746,1709,1745,-1,1745,1709,1748,-1,1745,1748,1743,-1,1743,1748,1749,-1,1743,1749,1741,-1,1741,1749,1750,-1,1741,1750,1739,-1,1739,1750,1751,-1,1739,1751,1737,-1,1737,1751,1752,-1,1737,1752,1716,-1,1716,1752,1713,-1,1716,1713,1270,-1,1270,1713,1271,-1,1708,1704,1709,-1,1709,1704,1706,-1,1709,1706,1748,-1,1748,1706,1753,-1,1748,1753,1749,-1,1749,1753,1754,-1,1749,1754,1750,-1,1750,1754,1755,-1,1750,1755,1751,-1,1751,1755,1756,-1,1751,1756,1752,-1,1752,1756,1757,-1,1752,1757,1713,-1,1713,1757,1711,-1,1713,1711,1712,-1,1712,1711,1273,-1,1705,1701,1706,-1,1706,1701,1703,-1,1706,1703,1753,-1,1753,1703,1758,-1,1753,1758,1754,-1,1754,1758,1759,-1,1754,1759,1755,-1,1755,1759,1760,-1,1755,1760,1756,-1,1756,1760,1761,-1,1756,1761,1757,-1,1757,1761,1762,-1,1757,1762,1711,-1,1711,1762,1710,-1,1711,1710,1274,-1,1274,1710,1275,-1,1702,1763,1703,-1,1703,1763,1720,-1,1703,1720,1758,-1,1758,1720,1722,-1,1758,1722,1759,-1,1759,1722,1724,-1,1759,1724,1760,-1,1760,1724,1726,-1,1760,1726,1761,-1,1761,1726,1728,-1,1761,1728,1762,-1,1762,1728,1730,-1,1762,1730,1710,-1,1710,1730,1731,-1,1710,1731,1289,-1,1289,1731,1277,-1,1764,1718,1765,-1,1765,1718,1720,-1,1765,1720,1766,-1,1766,1720,1763,-1,1240,1265,1767,-1,1269,1240,1715,-1,1715,1240,1767,-1,1715,1767,1736,-1,1736,1767,1768,-1,1736,1768,1738,-1,1768,1769,1738,-1,1738,1769,1770,-1,1738,1770,1740,-1,1770,1771,1740,-1,1740,1771,1772,-1,1740,1772,1742,-1,1742,1772,1773,-1,1742,1773,1774,-1,1774,1775,1742,-1,1742,1775,1776,-1,1742,1776,1744,-1,1744,1776,1777,-1,1744,1777,1735,-1,1735,1777,1778,-1,1735,1778,1734,-1,1778,1779,1734,-1,1734,1779,1780,-1,1734,1780,1732,-1,1779,1778,1781,-1,1782,1783,1784,-1,1785,1786,1787,-1,1777,1776,1788,-1,1775,1774,1789,-1,1772,1771,1790,-1,1791,1792,1793,-1,1794,1255,1795,-1,1795,1255,1254,-1,1795,1254,1796,-1,1797,1250,1257,-1,1798,1259,1799,-1,1264,1263,1792,-1,1792,1263,1262,-1,1792,1262,1793,-1,1793,1262,1261,-1,1793,1261,1260,-1,1265,1264,1767,-1,1767,1264,1792,-1,1767,1792,1768,-1,1768,1792,1791,-1,1768,1791,1769,-1,1769,1791,1770,-1,1771,1770,1790,-1,1790,1770,1791,-1,1790,1791,1800,-1,1800,1791,1793,-1,1800,1793,1798,-1,1798,1793,1260,-1,1798,1260,1259,-1,1773,1772,1801,-1,1801,1772,1790,-1,1801,1790,1802,-1,1802,1790,1800,-1,1802,1800,1803,-1,1803,1800,1798,-1,1803,1798,1797,-1,1797,1798,1799,-1,1797,1799,1250,-1,1774,1773,1789,-1,1789,1773,1801,-1,1789,1801,1804,-1,1804,1801,1802,-1,1804,1802,1805,-1,1805,1802,1803,-1,1805,1803,1806,-1,1806,1803,1797,-1,1806,1797,1807,-1,1807,1797,1257,-1,1776,1775,1788,-1,1788,1775,1789,-1,1788,1789,1808,-1,1808,1789,1804,-1,1808,1804,1809,-1,1809,1804,1805,-1,1809,1805,1810,-1,1810,1805,1806,-1,1810,1806,1811,-1,1811,1806,1807,-1,1811,1807,1795,-1,1795,1807,1257,-1,1795,1257,1794,-1,1812,1813,1814,-1,1812,1815,1816,-1,1817,1818,1819,-1,1819,1818,1820,-1,1819,1820,1821,-1,1821,1820,1822,-1,1821,1822,1823,-1,1823,1822,1824,-1,1823,1824,1825,-1,1825,1824,1826,-1,1825,1826,1827,-1,1827,1826,1828,-1,1827,1828,1781,-1,1778,1777,1781,-1,1781,1777,1788,-1,1781,1788,1827,-1,1827,1788,1808,-1,1827,1808,1825,-1,1825,1808,1809,-1,1825,1809,1823,-1,1823,1809,1810,-1,1823,1810,1821,-1,1821,1810,1811,-1,1821,1811,1819,-1,1819,1811,1795,-1,1819,1795,1817,-1,1817,1795,1796,-1,1812,1814,1815,-1,1815,1814,1829,-1,1815,1829,1830,-1,1830,1831,1815,-1,1815,1831,1832,-1,1815,1832,1816,-1,1816,1832,1833,-1,1816,1833,1834,-1,1835,1813,1836,-1,1836,1813,1812,-1,1836,1812,1837,-1,1837,1812,1816,-1,1837,1816,1787,-1,1787,1816,1834,-1,1787,1834,1785,-1,1838,1835,1839,-1,1839,1835,1836,-1,1839,1836,1840,-1,1840,1836,1837,-1,1840,1837,1841,-1,1841,1837,1787,-1,1841,1787,1784,-1,1784,1787,1786,-1,1784,1786,1782,-1,1818,1838,1820,-1,1820,1838,1839,-1,1820,1839,1822,-1,1822,1839,1840,-1,1822,1840,1824,-1,1824,1840,1841,-1,1824,1841,1826,-1,1826,1841,1784,-1,1826,1784,1828,-1,1828,1784,1783,-1,1828,1783,1842,-1,1780,1779,1843,-1,1843,1779,1781,-1,1843,1781,1844,-1,1844,1781,1828,-1,1844,1828,1845,-1,1845,1828,1842,-1,1254,1253,1796,-1,1796,1253,1846,-1,1796,1846,1817,-1,1846,1847,1817,-1,1817,1847,1848,-1,1817,1848,1818,-1,1848,1849,1818,-1,1818,1849,1850,-1,1818,1850,1838,-1,1851,1835,1852,-1,1852,1835,1838,-1,1852,1838,1853,-1,1853,1838,1850,-1,1851,1854,1835,-1,1835,1854,1855,-1,1835,1855,1813,-1,1813,1855,1856,-1,1813,1856,1814,-1,1814,1856,1857,-1,1814,1857,1829,-1,1857,1858,1829,-1,1829,1858,1859,-1,1829,1859,1830,-1,1860,1861,1862,-1,1863,1864,1865,-1,1866,1867,1868,-1,1869,1870,1871,-1,1252,1249,1872,-1,1248,1247,1873,-1,1246,1245,1874,-1,1875,1243,1876,-1,1877,1239,1238,-1,1878,1242,1877,-1,1877,1242,1879,-1,1877,1879,1239,-1,1253,1252,1846,-1,1846,1252,1872,-1,1846,1872,1847,-1,1847,1872,1880,-1,1847,1880,1848,-1,1238,1881,1877,-1,1877,1881,1882,-1,1877,1882,1883,-1,1883,1882,1884,-1,1883,1884,1885,-1,1878,1877,1886,-1,1886,1877,1883,-1,1886,1883,1887,-1,1887,1883,1885,-1,1887,1885,1888,-1,1848,1880,1849,-1,1849,1880,1889,-1,1849,1889,1850,-1,1243,1242,1876,-1,1876,1242,1878,-1,1876,1878,1890,-1,1890,1878,1886,-1,1890,1886,1891,-1,1891,1886,1887,-1,1891,1887,1892,-1,1892,1887,1888,-1,1892,1888,1893,-1,1245,1875,1874,-1,1874,1875,1876,-1,1874,1876,1894,-1,1894,1876,1890,-1,1894,1890,1895,-1,1895,1890,1891,-1,1895,1891,1896,-1,1896,1891,1892,-1,1896,1892,1897,-1,1897,1892,1893,-1,1897,1893,1898,-1,1850,1889,1853,-1,1853,1889,1899,-1,1853,1899,1852,-1,1852,1899,1900,-1,1852,1900,1851,-1,1247,1246,1873,-1,1873,1246,1874,-1,1873,1874,1901,-1,1901,1874,1894,-1,1901,1894,1902,-1,1902,1894,1895,-1,1902,1895,1903,-1,1903,1895,1896,-1,1903,1896,1904,-1,1904,1896,1897,-1,1904,1897,1905,-1,1905,1897,1898,-1,1905,1898,1865,-1,1851,1900,1854,-1,1854,1900,1906,-1,1854,1906,1855,-1,1907,1908,1909,-1,1907,1910,1911,-1,1855,1906,1856,-1,1856,1906,1862,-1,1856,1862,1857,-1,1907,1909,1910,-1,1910,1909,1912,-1,1910,1912,1913,-1,1913,1914,1910,-1,1910,1914,1915,-1,1910,1915,1911,-1,1911,1915,1916,-1,1911,1916,1917,-1,1918,1908,1919,-1,1919,1908,1907,-1,1919,1907,1920,-1,1920,1907,1911,-1,1920,1911,1871,-1,1871,1911,1917,-1,1871,1917,1869,-1,1921,1918,1922,-1,1922,1918,1919,-1,1922,1919,1923,-1,1923,1919,1920,-1,1923,1920,1924,-1,1924,1920,1871,-1,1924,1871,1868,-1,1868,1871,1870,-1,1868,1870,1866,-1,1884,1921,1885,-1,1885,1921,1922,-1,1885,1922,1888,-1,1888,1922,1923,-1,1888,1923,1893,-1,1893,1923,1924,-1,1893,1924,1898,-1,1898,1924,1868,-1,1898,1868,1865,-1,1865,1868,1867,-1,1865,1867,1863,-1,1864,1860,1865,-1,1865,1860,1862,-1,1865,1862,1905,-1,1905,1862,1906,-1,1905,1906,1904,-1,1904,1906,1900,-1,1904,1900,1903,-1,1903,1900,1899,-1,1903,1899,1902,-1,1902,1899,1889,-1,1902,1889,1901,-1,1901,1889,1880,-1,1901,1880,1873,-1,1873,1880,1872,-1,1873,1872,1248,-1,1248,1872,1249,-1,1861,1859,1862,-1,1862,1859,1858,-1,1862,1858,1857,-1,1293,1292,1925,-1,1238,1293,1881,-1,1881,1293,1925,-1,1881,1925,1882,-1,1882,1925,1926,-1,1882,1926,1884,-1,1926,1927,1884,-1,1884,1927,1928,-1,1884,1928,1921,-1,1928,1929,1921,-1,1921,1929,1930,-1,1921,1930,1918,-1,1918,1930,1931,-1,1918,1931,1932,-1,1932,1933,1918,-1,1918,1933,1934,-1,1918,1934,1908,-1,1908,1934,1935,-1,1908,1935,1909,-1,1909,1935,1936,-1,1909,1936,1912,-1,1936,1937,1912,-1,1912,1937,1938,-1,1912,1938,1913,-1,1939,1940,1941,-1,1942,1943,1944,-1,1945,1946,1947,-1,1291,1267,1948,-1,1290,1288,1949,-1,1287,1286,1950,-1,1951,1284,1952,-1,1953,1281,1954,-1,1283,1279,1955,-1,1955,1279,1953,-1,1292,1291,1925,-1,1925,1291,1948,-1,1925,1948,1926,-1,1926,1948,1956,-1,1957,1928,1956,-1,1956,1928,1927,-1,1956,1927,1926,-1,1958,1931,1959,-1,1959,1931,1930,-1,1959,1930,1957,-1,1957,1930,1929,-1,1957,1929,1928,-1,1960,1933,1958,-1,1958,1933,1932,-1,1958,1932,1931,-1,1937,1936,1961,-1,1961,1936,1935,-1,1961,1935,1960,-1,1960,1935,1934,-1,1960,1934,1933,-1,1962,1963,1964,-1,1964,1963,1965,-1,1953,1954,1955,-1,1955,1954,1966,-1,1955,1966,1967,-1,1967,1966,1968,-1,1967,1968,1969,-1,1969,1968,1970,-1,1969,1970,1971,-1,1971,1970,1972,-1,1971,1972,1973,-1,1973,1972,1974,-1,1973,1974,1975,-1,1975,1974,1965,-1,1975,1965,1976,-1,1976,1965,1963,-1,1976,1963,1977,-1,1977,1945,1976,-1,1976,1945,1947,-1,1976,1947,1975,-1,1975,1947,1978,-1,1975,1978,1973,-1,1973,1978,1979,-1,1973,1979,1971,-1,1971,1979,1980,-1,1971,1980,1969,-1,1969,1980,1981,-1,1969,1981,1967,-1,1967,1981,1982,-1,1967,1982,1955,-1,1955,1982,1952,-1,1955,1952,1283,-1,1283,1952,1284,-1,1946,1942,1947,-1,1947,1942,1944,-1,1947,1944,1978,-1,1978,1944,1983,-1,1978,1983,1979,-1,1979,1983,1984,-1,1979,1984,1980,-1,1980,1984,1985,-1,1980,1985,1981,-1,1981,1985,1986,-1,1981,1986,1982,-1,1982,1986,1987,-1,1982,1987,1952,-1,1952,1987,1950,-1,1952,1950,1951,-1,1951,1950,1286,-1,1943,1939,1944,-1,1944,1939,1941,-1,1944,1941,1983,-1,1983,1941,1988,-1,1983,1988,1984,-1,1984,1988,1989,-1,1984,1989,1985,-1,1985,1989,1990,-1,1985,1990,1986,-1,1986,1990,1991,-1,1986,1991,1987,-1,1987,1991,1992,-1,1987,1992,1950,-1,1950,1992,1949,-1,1950,1949,1287,-1,1287,1949,1288,-1,1940,1993,1941,-1,1941,1993,1961,-1,1941,1961,1988,-1,1988,1961,1960,-1,1988,1960,1989,-1,1989,1960,1958,-1,1989,1958,1990,-1,1990,1958,1959,-1,1990,1959,1991,-1,1991,1959,1957,-1,1991,1957,1992,-1,1992,1957,1956,-1,1992,1956,1949,-1,1949,1956,1948,-1,1949,1948,1290,-1,1290,1948,1267,-1,1938,1937,1994,-1,1994,1937,1961,-1,1994,1961,1995,-1,1995,1961,1993,-1,1281,1282,1954,-1,1954,1282,1717,-1,1954,1717,1966,-1,1717,1729,1966,-1,1966,1729,1727,-1,1966,1727,1968,-1,1968,1727,1725,-1,1968,1725,1970,-1,1970,1725,1723,-1,1970,1723,1972,-1,1972,1723,1721,-1,1972,1721,1974,-1,1974,1721,1965,-1,1965,1721,1719,-1,1965,1719,1964,-1,1719,1718,1964,-1,1964,1718,1764,-1,1964,1764,1962,-1,1336,1332,1996,-1,1996,1332,1997,-1,1996,1997,1998,-1,1998,1997,1999,-1,1998,1999,2000,-1,2000,1999,2001,-1,2000,2001,2002,-1,2002,2001,2003,-1,2002,2003,2004,-1,2004,2003,2005,-1,2004,2005,2006,-1,2006,2005,2007,-1,2006,2007,2008,-1,2008,2007,2009,-1,2008,2009,2010,-1,2010,2009,2011,-1,2010,2011,2012,-1,2012,2011,2013,-1,2012,2013,2014,-1,2014,2013,2015,-1,2014,2015,2016,-1,2016,2015,2017,-1,2016,2017,2018,-1,2018,2017,2019,-1,2018,2019,2020,-1,2019,2021,2020,-1,2020,2021,2022,-1,2020,2022,2023,-1,2021,2019,2024,-1,2025,2026,2027,-1,2028,2029,2030,-1,2017,2015,2031,-1,2013,2011,2032,-1,2007,2005,2033,-1,2034,2035,2036,-1,2037,1323,2038,-1,2038,1323,1322,-1,2038,1322,2039,-1,2040,1327,1326,-1,2041,1329,2042,-1,1334,1335,2035,-1,2035,1335,1345,-1,2035,1345,2036,-1,2036,1345,1331,-1,2036,1331,1330,-1,1332,1334,1997,-1,1997,1334,2035,-1,1997,2035,1999,-1,1999,2035,2034,-1,1999,2034,2001,-1,2001,2034,2003,-1,2005,2003,2033,-1,2033,2003,2034,-1,2033,2034,2043,-1,2043,2034,2036,-1,2043,2036,2041,-1,2041,2036,1330,-1,2041,1330,1329,-1,2009,2007,2044,-1,2044,2007,2033,-1,2044,2033,2045,-1,2045,2033,2043,-1,2045,2043,2046,-1,2046,2043,2041,-1,2046,2041,2040,-1,2040,2041,2042,-1,2040,2042,1327,-1,2011,2009,2032,-1,2032,2009,2044,-1,2032,2044,2047,-1,2047,2044,2045,-1,2047,2045,2048,-1,2048,2045,2046,-1,2048,2046,2049,-1,2049,2046,2040,-1,2049,2040,2050,-1,2050,2040,1326,-1,2015,2013,2031,-1,2031,2013,2032,-1,2031,2032,2051,-1,2051,2032,2047,-1,2051,2047,2052,-1,2052,2047,2048,-1,2052,2048,2053,-1,2053,2048,2049,-1,2053,2049,2054,-1,2054,2049,2050,-1,2054,2050,2038,-1,2038,2050,1326,-1,2038,1326,2037,-1,2055,2056,2057,-1,2055,2058,2059,-1,2060,2061,2062,-1,2062,2061,2063,-1,2062,2063,2064,-1,2064,2063,2065,-1,2064,2065,2066,-1,2066,2065,2067,-1,2066,2067,2068,-1,2068,2067,2069,-1,2068,2069,2070,-1,2070,2069,2071,-1,2070,2071,2024,-1,2019,2017,2024,-1,2024,2017,2031,-1,2024,2031,2070,-1,2070,2031,2051,-1,2070,2051,2068,-1,2068,2051,2052,-1,2068,2052,2066,-1,2066,2052,2053,-1,2066,2053,2064,-1,2064,2053,2054,-1,2064,2054,2062,-1,2062,2054,2038,-1,2062,2038,2060,-1,2060,2038,2039,-1,2055,2057,2058,-1,2058,2057,2072,-1,2058,2072,2073,-1,2073,2074,2058,-1,2058,2074,2075,-1,2058,2075,2059,-1,2059,2075,2076,-1,2059,2076,2077,-1,2078,2056,2079,-1,2079,2056,2055,-1,2079,2055,2080,-1,2080,2055,2059,-1,2080,2059,2030,-1,2030,2059,2077,-1,2030,2077,2028,-1,2081,2078,2082,-1,2082,2078,2079,-1,2082,2079,2083,-1,2083,2079,2080,-1,2083,2080,2084,-1,2084,2080,2030,-1,2084,2030,2027,-1,2027,2030,2029,-1,2027,2029,2025,-1,2061,2081,2063,-1,2063,2081,2082,-1,2063,2082,2065,-1,2065,2082,2083,-1,2065,2083,2067,-1,2067,2083,2084,-1,2067,2084,2069,-1,2069,2084,2027,-1,2069,2027,2071,-1,2071,2027,2026,-1,2071,2026,2085,-1,2022,2021,2086,-1,2086,2021,2024,-1,2086,2024,2087,-1,2087,2024,2071,-1,2087,2071,2088,-1,2088,2071,2085,-1,1296,1321,2089,-1,1322,1296,2039,-1,2039,1296,2089,-1,2039,2089,2060,-1,2060,2089,2090,-1,2060,2090,2061,-1,2090,2091,2061,-1,2061,2091,2092,-1,2061,2092,2081,-1,2092,2093,2081,-1,2081,2093,2094,-1,2081,2094,2078,-1,2078,2094,2095,-1,2078,2095,2096,-1,2096,2097,2078,-1,2078,2097,2098,-1,2078,2098,2056,-1,2056,2098,2099,-1,2056,2099,2057,-1,2057,2099,2100,-1,2057,2100,2072,-1,2100,2101,2072,-1,2072,2101,2102,-1,2072,2102,2073,-1,2103,2104,2105,-1,2106,2107,2108,-1,2109,2110,2111,-1,1320,1319,2112,-1,1318,1317,2113,-1,1316,1315,2114,-1,2115,1313,2116,-1,2117,1306,2118,-1,1312,1308,2119,-1,2119,1308,2117,-1,1321,1320,2089,-1,2089,1320,2112,-1,2089,2112,2090,-1,2090,2112,2120,-1,2121,2092,2120,-1,2120,2092,2091,-1,2120,2091,2090,-1,2122,2095,2123,-1,2123,2095,2094,-1,2123,2094,2121,-1,2121,2094,2093,-1,2121,2093,2092,-1,2124,2097,2122,-1,2122,2097,2096,-1,2122,2096,2095,-1,2101,2100,2125,-1,2125,2100,2099,-1,2125,2099,2124,-1,2124,2099,2098,-1,2124,2098,2097,-1,2126,2127,2128,-1,2128,2127,2129,-1,2117,2118,2119,-1,2119,2118,2130,-1,2119,2130,2131,-1,2131,2130,2132,-1,2131,2132,2133,-1,2133,2132,2134,-1,2133,2134,2135,-1,2135,2134,2136,-1,2135,2136,2137,-1,2137,2136,2138,-1,2137,2138,2139,-1,2139,2138,2129,-1,2139,2129,2140,-1,2140,2129,2127,-1,2140,2127,2141,-1,2141,2109,2140,-1,2140,2109,2111,-1,2140,2111,2139,-1,2139,2111,2142,-1,2139,2142,2137,-1,2137,2142,2143,-1,2137,2143,2135,-1,2135,2143,2144,-1,2135,2144,2133,-1,2133,2144,2145,-1,2133,2145,2131,-1,2131,2145,2146,-1,2131,2146,2119,-1,2119,2146,2116,-1,2119,2116,1312,-1,1312,2116,1313,-1,2110,2106,2111,-1,2111,2106,2108,-1,2111,2108,2142,-1,2142,2108,2147,-1,2142,2147,2143,-1,2143,2147,2148,-1,2143,2148,2144,-1,2144,2148,2149,-1,2144,2149,2145,-1,2145,2149,2150,-1,2145,2150,2146,-1,2146,2150,2151,-1,2146,2151,2116,-1,2116,2151,2114,-1,2116,2114,2115,-1,2115,2114,1315,-1,2107,2103,2108,-1,2108,2103,2105,-1,2108,2105,2147,-1,2147,2105,2152,-1,2147,2152,2148,-1,2148,2152,2153,-1,2148,2153,2149,-1,2149,2153,2154,-1,2149,2154,2150,-1,2150,2154,2155,-1,2150,2155,2151,-1,2151,2155,2156,-1,2151,2156,2114,-1,2114,2156,2113,-1,2114,2113,1316,-1,1316,2113,1317,-1,2104,2157,2105,-1,2105,2157,2125,-1,2105,2125,2152,-1,2152,2125,2124,-1,2152,2124,2153,-1,2153,2124,2122,-1,2153,2122,2154,-1,2154,2122,2123,-1,2154,2123,2155,-1,2155,2123,2121,-1,2155,2121,2156,-1,2156,2121,2120,-1,2156,2120,2113,-1,2113,2120,2112,-1,2113,2112,1318,-1,1318,2112,1319,-1,2102,2101,2158,-1,2158,2101,2125,-1,2158,2125,2159,-1,2159,2125,2157,-1,1306,1311,2118,-1,2118,1311,2160,-1,2118,2160,2130,-1,2160,2161,2130,-1,2130,2161,2162,-1,2130,2162,2132,-1,2162,2163,2132,-1,2132,2163,2164,-1,2132,2164,2134,-1,2165,2136,2166,-1,2166,2136,2134,-1,2166,2134,2167,-1,2167,2134,2164,-1,2165,2168,2136,-1,2136,2168,2169,-1,2136,2169,2138,-1,2138,2169,2170,-1,2138,2170,2129,-1,2129,2170,2171,-1,2129,2171,2128,-1,2171,2172,2128,-1,2128,2172,2173,-1,2128,2173,2126,-1,2172,2171,2174,-1,2175,2176,2177,-1,2178,2179,2180,-1,2170,2169,2181,-1,2168,2165,2182,-1,2167,2164,2183,-1,2184,2185,2186,-1,2187,1295,2188,-1,2188,1295,1294,-1,2188,1294,2189,-1,2190,1299,1298,-1,2191,1301,2192,-1,1309,1305,2185,-1,2185,1305,1304,-1,2185,1304,2186,-1,2186,1304,1303,-1,2186,1303,1302,-1,1311,1309,2160,-1,2160,1309,2185,-1,2160,2185,2161,-1,2161,2185,2184,-1,2161,2184,2162,-1,2162,2184,2163,-1,2164,2163,2183,-1,2183,2163,2184,-1,2183,2184,2193,-1,2193,2184,2186,-1,2193,2186,2191,-1,2191,2186,1302,-1,2191,1302,1301,-1,2166,2167,2194,-1,2194,2167,2183,-1,2194,2183,2195,-1,2195,2183,2193,-1,2195,2193,2196,-1,2196,2193,2191,-1,2196,2191,2190,-1,2190,2191,2192,-1,2190,2192,1299,-1,2165,2166,2182,-1,2182,2166,2194,-1,2182,2194,2197,-1,2197,2194,2195,-1,2197,2195,2198,-1,2198,2195,2196,-1,2198,2196,2199,-1,2199,2196,2190,-1,2199,2190,2200,-1,2200,2190,1298,-1,2169,2168,2181,-1,2181,2168,2182,-1,2181,2182,2201,-1,2201,2182,2197,-1,2201,2197,2202,-1,2202,2197,2198,-1,2202,2198,2203,-1,2203,2198,2199,-1,2203,2199,2204,-1,2204,2199,2200,-1,2204,2200,2188,-1,2188,2200,1298,-1,2188,1298,2187,-1,2205,2206,2207,-1,2205,2208,2209,-1,2210,2211,2212,-1,2212,2211,2213,-1,2212,2213,2214,-1,2214,2213,2215,-1,2214,2215,2216,-1,2216,2215,2217,-1,2216,2217,2218,-1,2218,2217,2219,-1,2218,2219,2220,-1,2220,2219,2221,-1,2220,2221,2174,-1,2171,2170,2174,-1,2174,2170,2181,-1,2174,2181,2220,-1,2220,2181,2201,-1,2220,2201,2218,-1,2218,2201,2202,-1,2218,2202,2216,-1,2216,2202,2203,-1,2216,2203,2214,-1,2214,2203,2204,-1,2214,2204,2212,-1,2212,2204,2188,-1,2212,2188,2210,-1,2210,2188,2189,-1,2205,2207,2208,-1,2208,2207,2222,-1,2208,2222,2223,-1,2223,2224,2208,-1,2208,2224,2225,-1,2208,2225,2209,-1,2209,2225,2226,-1,2209,2226,2227,-1,2228,2206,2229,-1,2229,2206,2205,-1,2229,2205,2230,-1,2230,2205,2209,-1,2230,2209,2180,-1,2180,2209,2227,-1,2180,2227,2178,-1,2231,2228,2232,-1,2232,2228,2229,-1,2232,2229,2233,-1,2233,2229,2230,-1,2233,2230,2234,-1,2234,2230,2180,-1,2234,2180,2177,-1,2177,2180,2179,-1,2177,2179,2175,-1,2211,2231,2213,-1,2213,2231,2232,-1,2213,2232,2215,-1,2215,2232,2233,-1,2215,2233,2217,-1,2217,2233,2234,-1,2217,2234,2219,-1,2219,2234,2177,-1,2219,2177,2221,-1,2221,2177,2176,-1,2221,2176,2235,-1,2173,2172,2236,-1,2236,2172,2174,-1,2236,2174,2237,-1,2237,2174,2221,-1,2237,2221,2238,-1,2238,2221,2235,-1,1349,1348,2239,-1,1294,1349,2189,-1,2189,1349,2239,-1,2189,2239,2210,-1,2210,2239,2240,-1,2210,2240,2211,-1,2240,2241,2211,-1,2211,2241,2242,-1,2211,2242,2231,-1,2242,2243,2231,-1,2231,2243,2244,-1,2231,2244,2228,-1,2228,2244,2245,-1,2228,2245,2246,-1,2246,2247,2228,-1,2228,2247,2248,-1,2228,2248,2206,-1,2206,2248,2249,-1,2206,2249,2207,-1,2207,2249,2250,-1,2207,2250,2222,-1,2250,2251,2222,-1,2222,2251,2252,-1,2222,2252,2223,-1,2251,2250,2253,-1,2254,2255,2256,-1,2257,2258,2259,-1,2249,2248,2260,-1,2247,2246,2261,-1,2012,2014,2262,-1,2244,2243,2263,-1,2006,2008,2264,-1,2002,2004,2265,-1,2266,2267,2268,-1,1998,2000,2269,-1,2270,1337,2271,-1,2271,1337,1336,-1,2271,1336,1996,-1,2272,1340,1339,-1,2273,1342,2274,-1,1347,1324,2267,-1,2267,1324,1346,-1,2267,1346,2268,-1,2268,1346,1344,-1,2268,1344,1343,-1,1348,1347,2239,-1,2239,1347,2267,-1,2239,2267,2240,-1,2240,2267,2266,-1,2240,2266,2241,-1,2241,2266,2242,-1,2243,2242,2263,-1,2263,2242,2266,-1,2263,2266,2275,-1,2275,2266,2268,-1,2275,2268,2273,-1,2273,2268,1343,-1,2273,1343,1342,-1,2245,2244,2276,-1,2276,2244,2263,-1,2276,2263,2277,-1,2277,2263,2275,-1,2277,2275,2278,-1,2278,2275,2273,-1,2278,2273,2272,-1,2272,2273,2274,-1,2272,2274,1340,-1,2246,2245,2261,-1,2261,2245,2276,-1,2261,2276,2279,-1,2279,2276,2277,-1,2279,2277,2280,-1,2280,2277,2278,-1,2280,2278,2281,-1,2281,2278,2272,-1,2281,2272,2282,-1,2282,2272,1339,-1,2248,2247,2260,-1,2260,2247,2261,-1,2260,2261,2283,-1,2283,2261,2279,-1,2283,2279,2284,-1,2284,2279,2280,-1,2284,2280,2285,-1,2285,2280,2281,-1,2285,2281,2286,-1,2286,2281,2282,-1,2286,2282,2271,-1,2271,2282,1339,-1,2271,1339,2270,-1,2014,2016,2262,-1,2262,2016,2287,-1,2262,2287,2288,-1,2000,2002,2269,-1,2269,2002,2265,-1,2269,2265,2289,-1,2289,2265,2290,-1,2289,2290,2291,-1,2291,2290,2292,-1,2291,2292,2293,-1,2293,2292,2294,-1,2293,2294,2295,-1,2295,2294,2296,-1,2295,2296,2253,-1,2250,2249,2253,-1,2253,2249,2260,-1,2253,2260,2295,-1,2295,2260,2283,-1,2295,2283,2293,-1,2293,2283,2284,-1,2293,2284,2291,-1,2291,2284,2285,-1,2291,2285,2289,-1,2289,2285,2286,-1,2289,2286,2269,-1,2269,2286,2271,-1,2269,2271,1998,-1,1998,2271,1996,-1,2016,2018,2287,-1,2287,2018,2020,-1,2287,2020,2023,-1,2023,2297,2287,-1,2287,2297,2298,-1,2287,2298,2288,-1,2288,2298,2299,-1,2288,2299,2300,-1,2010,2012,2301,-1,2301,2012,2262,-1,2301,2262,2302,-1,2302,2262,2288,-1,2302,2288,2259,-1,2259,2288,2300,-1,2259,2300,2257,-1,2008,2010,2264,-1,2264,2010,2301,-1,2264,2301,2303,-1,2303,2301,2302,-1,2303,2302,2304,-1,2304,2302,2259,-1,2304,2259,2256,-1,2256,2259,2258,-1,2256,2258,2254,-1,2004,2006,2265,-1,2265,2006,2264,-1,2265,2264,2290,-1,2290,2264,2303,-1,2290,2303,2292,-1,2292,2303,2304,-1,2292,2304,2294,-1,2294,2304,2256,-1,2294,2256,2296,-1,2296,2256,2255,-1,2296,2255,2305,-1,2252,2251,2306,-1,2306,2251,2253,-1,2306,2253,2307,-1,2307,2253,2296,-1,2307,2296,2308,-1,2308,2296,2305,-1,1373,1351,1056,-1,1056,1351,1350,-1,1056,1350,1055,-1,1056,1060,1373,-1,1373,1060,1059,-1,1373,1059,1368,-1,1059,1058,1368,-1,1368,1058,1057,-1,1368,1057,1369,-1,1057,1086,1369,-1,1369,1086,1081,-1,1369,1081,1372,-1,1081,1080,1372,-1,1372,1080,1085,-1,1372,1085,1371,-1,2309,2310,2311,-1,2311,2310,2312,-1,2311,2312,2313,-1,2313,2314,2311,-1,2311,2314,2315,-1,2311,2315,2316,-1,1085,1084,1371,-1,1371,1084,1083,-1,1371,1083,1370,-1,1370,1083,2317,-1,1370,2317,2318,-1,2318,2317,2319,-1,2318,2319,2316,-1,2316,2319,2320,-1,2316,2320,2311,-1,1352,1353,1367,-1,1355,1022,1356,-1,1356,1022,1021,-1,1356,1021,1357,-1,1357,1021,1105,-1,1357,1105,1358,-1,1358,1105,1108,-1,1358,1108,1359,-1,1359,1108,1107,-1,1359,1107,1360,-1,1360,1107,1106,-1,1360,1106,1361,-1,1361,1106,1104,-1,1361,1104,1362,-1,1362,1104,1103,-1,1362,1103,1363,-1,1363,1103,1102,-1,1363,1102,1364,-1,1364,1102,1101,-1,1364,1101,1365,-1,1365,1101,1100,-1,1365,1100,1366,-1,1366,1100,1099,-1,1366,1099,1367,-1,1367,1099,1098,-1,1367,1098,1352,-1,1352,1098,1097,-1,1022,2321,1023,-1,1023,2321,2320,-1,2320,2319,1023,-1,1023,2319,2317,-1,1023,2317,1083,-1,2322,2323,2321,-1,2321,2323,2311,-1,2321,2311,2320,-1,2324,2325,2326,-1,2326,2325,2327,-1,2326,2327,2322,-1,2322,2327,2328,-1,2322,2328,2323,-1,2324,2326,2329,-1,2329,2326,2330,-1,2329,2330,2331,-1,2331,2330,2332,-1,2332,2330,2333,-1,2332,2333,2334,-1,2333,2335,2336,-1,2334,2333,2337,-1,2337,2333,2336,-1,2337,2336,2338,-1,2339,2340,2341,-1,2342,2312,2343,-1,2343,2312,2310,-1,2343,2310,2344,-1,2344,2310,2309,-1,2344,2309,2345,-1,1354,1370,2318,-1,2346,1355,1354,-1,2318,2316,1354,-1,1354,2316,2315,-1,1354,2315,2346,-1,2346,2315,2314,-1,2346,2314,2342,-1,2342,2314,2313,-1,2342,2313,2312,-1,2347,2339,2348,-1,2348,2339,2341,-1,2348,2341,2349,-1,2349,2341,2344,-1,2349,2344,2350,-1,2350,2344,2345,-1,2347,2351,2352,-1,2352,2353,2354,-1,2347,2352,2339,-1,2339,2352,2354,-1,2339,2354,2340,-1,2355,2356,2357,-1,2358,2359,2355,-1,2357,2360,2361,-1,2355,2357,2358,-1,2358,2357,2361,-1,2358,2361,2362,-1,2363,2364,2365,-1,2366,2367,2363,-1,2365,2368,2369,-1,2363,2365,2366,-1,2366,2365,2369,-1,2366,2369,2370,-1,2371,2372,2373,-1,2374,2356,2355,-1,2359,2371,2355,-1,2355,2371,2373,-1,2355,2373,2374,-1,2374,2373,2375,-1,2376,2377,2378,-1,2378,2377,2379,-1,2380,2381,2382,-1,2382,2383,2380,-1,2380,2383,2384,-1,2380,2384,2385,-1,2385,2386,2380,-1,2380,2386,2387,-1,2380,2387,2388,-1,2388,2389,2380,-1,2380,2389,2390,-1,2380,2390,2391,-1,2391,2390,2392,-1,2391,2392,2393,-1,2394,1601,2395,-1,2395,1601,1630,-1,1630,1684,2395,-1,2395,1684,1685,-1,2395,1685,1686,-1,1686,1683,2395,-1,2395,1683,1633,-1,2395,1633,2396,-1,2396,1633,1632,-1,2397,1402,2398,-1,2398,1402,2378,-1,2398,2378,2380,-1,2380,2378,2379,-1,2380,2379,2381,-1,2397,2399,1402,-1,1402,2399,2400,-1,1402,2400,1403,-1,2401,2402,1405,-1,1405,2402,2378,-1,1405,2378,1406,-1,1406,2378,1402,-1,2402,2403,2378,-1,2378,2403,2404,-1,2378,2404,2405,-1,2405,2406,2378,-1,2378,2406,2407,-1,2378,2407,2408,-1,2408,2409,2378,-1,2378,2409,2410,-1,2378,2410,2411,-1,2401,1405,2412,-1,2412,1405,1409,-1,2412,1409,2413,-1,2413,1409,1408,-1,2413,1408,1440,-1,1472,2414,1425,-1,1425,2414,2413,-1,1425,2413,1426,-1,1426,2413,1440,-1,2415,1536,1537,-1,2415,1537,2416,-1,2415,2417,1536,-1,1536,2417,2418,-1,1536,2418,1535,-1,1535,2418,2419,-1,1535,2419,1472,-1,1472,2419,2420,-1,1472,2420,2414,-1,1474,2421,1475,-1,1475,2421,2416,-1,1475,2416,1534,-1,1534,2416,1537,-1,2400,2422,1403,-1,1403,2422,2423,-1,1403,2423,1456,-1,1456,2423,1458,-1,2424,1400,2425,-1,2425,1400,2426,-1,2426,1400,2423,-1,2423,1400,1457,-1,2423,1457,1458,-1,2427,2428,1636,-1,1636,2428,2429,-1,1636,2429,1632,-1,1632,2429,2430,-1,1632,2430,2396,-1,2427,1636,2431,-1,2431,1636,1635,-1,2431,1635,2432,-1,2432,1635,2433,-1,2433,1635,1678,-1,2433,1678,2434,-1,2434,1678,2435,-1,2435,1678,1677,-1,2435,1677,2436,-1,2424,2437,1400,-1,1400,2437,2438,-1,1400,2438,2439,-1,2436,1677,2440,-1,2440,1677,1676,-1,2440,1676,2441,-1,2439,2442,1400,-1,1400,2442,2443,-1,1400,2443,1401,-1,1401,2443,2441,-1,1401,2441,1675,-1,1675,2441,1676,-1,1477,2444,1478,-1,1478,2444,2445,-1,1478,2445,1474,-1,1474,2445,2446,-1,1474,2446,2421,-1,1524,2447,1525,-1,1525,2447,2448,-1,1525,2448,1526,-1,1526,2448,2449,-1,1526,2449,1477,-1,1477,2449,2450,-1,1477,2450,2444,-1,1551,2451,1522,-1,1522,2451,2447,-1,1522,2447,1523,-1,1523,2447,1524,-1,1551,1614,2451,-1,2451,1614,1615,-1,2451,1615,2452,-1,2452,1615,1616,-1,2452,1616,2453,-1,2453,1616,2454,-1,2454,1616,2455,-1,2455,1616,1613,-1,2455,1613,2456,-1,1554,2457,1613,-1,1613,2457,2458,-1,1613,2458,2456,-1,2459,2460,1553,-1,1553,2460,2461,-1,1553,2461,1554,-1,1554,2461,2462,-1,1554,2462,2457,-1,1605,1604,2394,-1,2459,1553,2463,-1,2463,1553,1557,-1,2463,1557,2394,-1,2394,1557,1556,-1,2394,1556,1605,-1,1604,1603,2394,-1,2394,1603,1602,-1,2394,1602,1601,-1,2464,2465,2466,-1,2466,2467,2468,-1,2464,2466,2469,-1,2469,2466,2468,-1,2469,2468,2470,-1,2471,2472,2473,-1,2473,2472,2474,-1,2473,2474,2475,-1,2475,2474,2476,-1,2477,2478,2479,-1,2479,2478,2480,-1,2479,2480,2476,-1,2476,2480,2481,-1,2476,2481,2475,-1,2479,2482,2477,-1,2477,2482,2483,-1,2477,2483,2484,-1,2484,2483,2485,-1,2484,2485,2486,-1,2487,2488,2489,-1,2485,2490,2486,-1,2486,2490,2491,-1,2486,2491,2492,-1,2492,2491,2493,-1,2492,2493,2494,-1,2494,2493,2495,-1,2494,2495,2496,-1,2496,2495,2497,-1,2496,2497,2498,-1,2498,2497,2499,-1,2498,2499,2489,-1,2489,2499,2500,-1,2489,2500,2487,-1,2487,2500,2501,-1,2236,2237,2502,-1,2237,2238,2502,-1,2502,2238,2235,-1,2502,2235,2176,-1,2176,2175,2502,-1,2502,2175,2179,-1,2502,2179,2178,-1,2227,2226,2503,-1,2503,2226,2504,-1,2252,2505,2223,-1,2223,2505,2506,-1,2223,2506,2507,-1,2507,2508,2223,-1,2223,2508,2509,-1,2223,2509,2224,-1,2224,2509,2504,-1,2224,2504,2225,-1,2225,2504,2226,-1,2510,2511,2305,-1,2305,2511,2512,-1,2252,2306,2505,-1,2505,2306,2307,-1,2505,2307,2513,-1,2513,2307,2308,-1,2513,2308,2514,-1,2514,2308,2305,-1,2514,2305,2515,-1,2515,2305,2512,-1,2254,2516,2517,-1,2254,2517,2255,-1,2255,2517,2518,-1,2255,2518,2305,-1,2305,2518,2519,-1,2305,2519,2510,-1,2227,2503,2178,-1,2178,2503,2520,-1,2178,2520,2521,-1,2521,2522,2178,-1,2178,2522,2523,-1,2178,2523,2524,-1,2524,2525,2178,-1,2178,2525,2526,-1,2178,2526,2527,-1,2528,2178,2529,-1,2529,2178,2527,-1,2529,2527,2530,-1,2528,2531,2178,-1,2178,2531,2532,-1,2178,2532,2533,-1,2533,2534,2178,-1,2178,2534,2535,-1,2178,2535,2502,-1,2502,2535,2536,-1,2502,2536,2537,-1,2538,2539,2540,-1,2540,2539,2541,-1,2540,2541,2542,-1,2542,2541,1696,-1,2542,1696,2543,-1,2543,1696,2544,-1,2538,2540,2545,-1,2545,2540,2546,-1,2545,2546,2547,-1,2537,2548,2502,-1,2502,2548,2545,-1,2502,2545,2549,-1,2549,2545,2547,-1,2257,2550,2258,-1,2258,2550,2551,-1,2258,2551,2254,-1,2254,2551,2552,-1,2254,2552,2516,-1,2257,2300,2550,-1,2550,2300,2299,-1,2550,2299,2298,-1,2022,2553,2023,-1,2023,2553,2550,-1,2023,2550,2297,-1,2297,2550,2298,-1,2022,2086,2553,-1,2553,2086,2087,-1,2553,2087,2088,-1,2088,2085,2553,-1,2553,2085,2026,-1,2553,2026,2554,-1,2554,2026,2025,-1,2554,2025,2555,-1,2555,2025,2556,-1,2556,2025,2029,-1,2556,2029,2557,-1,2028,2558,2029,-1,2029,2558,2559,-1,2029,2559,2557,-1,2560,2561,2076,-1,2076,2561,2562,-1,2076,2562,2077,-1,2077,2562,2563,-1,2077,2563,2028,-1,2028,2563,2564,-1,2028,2564,2558,-1,2560,2076,2565,-1,2565,2076,2075,-1,2565,2075,2566,-1,2075,2074,2566,-1,2566,2074,2073,-1,2566,2073,2567,-1,2568,2569,2103,-1,2103,2569,2570,-1,2103,2570,2104,-1,2104,2570,2571,-1,2104,2571,2157,-1,2157,2571,2572,-1,2157,2572,2159,-1,2159,2572,2573,-1,2159,2573,2158,-1,2158,2573,2567,-1,2158,2567,2102,-1,2102,2567,2073,-1,2568,2103,2574,-1,2574,2103,2107,-1,2574,2107,2575,-1,2576,2577,2127,-1,2127,2577,2578,-1,2127,2578,2141,-1,2141,2578,2579,-1,2141,2579,2109,-1,2109,2579,2580,-1,2109,2580,2110,-1,2110,2580,2575,-1,2110,2575,2106,-1,2106,2575,2107,-1,2581,2126,2502,-1,2502,2126,2173,-1,2502,2173,2236,-1,2581,2582,2126,-1,2126,2582,2583,-1,2126,2583,2584,-1,2585,2586,2587,-1,2587,2586,2588,-1,2587,2588,2589,-1,2590,2584,2585,-1,2585,2584,2591,-1,2585,2591,2586,-1,2590,2592,2584,-1,2584,2592,2593,-1,2584,2593,2594,-1,2594,2595,2584,-1,2584,2595,2596,-1,2584,2596,2126,-1,2126,2596,2597,-1,2126,2597,2598,-1,2598,2599,2126,-1,2126,2599,2600,-1,2126,2600,2127,-1,2127,2600,2601,-1,2127,2601,2576,-1,2602,2603,1765,-1,1765,2603,1764,-1,2604,2605,1766,-1,1766,2605,1765,-1,1765,2605,2606,-1,1765,2606,2602,-1,1705,1704,2607,-1,1766,1763,2604,-1,2604,1763,1702,-1,2604,1702,2608,-1,2608,1702,1701,-1,2608,1701,2609,-1,2609,1701,1705,-1,2609,1705,2610,-1,2610,1705,2607,-1,1747,2611,1707,-1,1707,2611,2612,-1,1707,2612,1708,-1,1708,2612,2613,-1,1708,2613,1704,-1,1704,2613,2614,-1,1704,2614,2607,-1,1780,2615,1732,-1,1732,2615,2611,-1,1732,2611,1733,-1,1733,2611,1747,-1,1780,1843,2615,-1,2615,1843,1844,-1,2615,1844,2616,-1,2616,1844,1845,-1,2616,1845,2617,-1,2618,2619,1842,-1,1842,2619,2620,-1,1842,2620,1845,-1,1845,2620,2621,-1,1845,2621,2617,-1,2618,1842,2622,-1,2622,1842,1783,-1,2622,1783,2623,-1,2623,1783,2624,-1,2624,1783,1782,-1,2624,1782,2625,-1,1785,2626,1786,-1,1786,2626,2627,-1,1786,2627,1782,-1,1782,2627,2628,-1,1782,2628,2625,-1,1785,1834,2626,-1,2626,1834,1833,-1,2626,1833,1832,-1,1859,2629,1830,-1,1830,2629,2626,-1,1830,2626,1831,-1,1831,2626,1832,-1,1859,1861,2629,-1,2629,1861,1860,-1,2629,1860,1864,-1,1864,1863,2629,-1,2629,1863,1867,-1,2629,1867,2630,-1,2630,1867,1866,-1,2630,1866,2631,-1,2632,2633,2634,-1,2634,2633,2635,-1,2634,2635,2636,-1,1696,1695,2544,-1,2544,1695,1689,-1,2544,1689,2637,-1,2637,1689,1694,-1,2637,1694,2638,-1,2638,1694,2639,-1,2638,2639,2636,-1,2636,2639,2640,-1,2636,2640,2634,-1,2631,1866,2641,-1,2641,1866,1870,-1,2641,1870,2642,-1,2642,1870,1869,-1,2642,1869,2643,-1,2644,2473,2634,-1,2634,2473,2645,-1,2634,2645,2632,-1,2646,2647,1994,-1,2644,2648,2473,-1,2473,2648,2649,-1,2473,2649,1994,-1,1994,2649,2650,-1,1994,2650,2651,-1,2646,1994,2652,-1,2651,2653,1994,-1,1994,2653,2654,-1,1994,2654,2655,-1,2656,2657,2658,-1,2658,2657,1994,-1,2658,1994,2659,-1,2659,1994,2655,-1,2660,2652,2661,-1,2661,2652,1994,-1,2661,1994,2662,-1,2662,1994,2657,-1,2662,2657,2663,-1,2663,2657,2656,-1,2647,2664,1994,-1,1994,2664,2665,-1,1994,2665,1938,-1,1938,2665,2666,-1,1938,2666,2667,-1,1994,1995,2473,-1,2473,1995,1993,-1,2473,1993,1940,-1,2668,2669,1917,-1,1917,2669,2670,-1,1917,2670,1869,-1,1869,2670,2671,-1,1869,2671,2643,-1,2668,1917,2672,-1,2672,1917,1916,-1,2672,1916,2673,-1,2673,1916,2674,-1,2674,1916,1915,-1,2674,1915,2675,-1,2667,2676,1938,-1,1938,2676,2677,-1,1938,2677,1913,-1,1913,2677,2675,-1,1913,2675,1914,-1,1914,2675,1915,-1,1940,1939,2473,-1,2473,1939,1943,-1,2473,1943,1942,-1,2473,2678,2679,-1,2679,2680,2473,-1,2473,2680,2681,-1,2473,2681,2471,-1,2603,2682,1764,-1,1764,2682,2683,-1,1764,2683,1962,-1,1962,2683,2684,-1,1962,2684,1963,-1,1963,2684,1977,-1,2678,2473,2685,-1,2685,2473,1942,-1,2685,1942,2686,-1,2686,1942,1946,-1,2686,1946,2684,-1,2684,1946,1945,-1,2684,1945,1977,-1,2364,2687,2365,-1,2365,2687,2688,-1,2365,2688,2689,-1,2690,2691,2692,-1,2693,2694,2695,-1,2691,2693,2692,-1,2692,2693,2695,-1,2692,2695,2696,-1,2696,2695,2697,-1,2698,2699,2700,-1,2700,2699,2701,-1,2700,2701,2702,-1,2701,2703,2702,-1,2702,2703,2704,-1,2702,2704,2692,-1,2692,2704,2705,-1,2692,2705,2690,-1,2706,2707,2698,-1,2698,2707,2708,-1,2698,2708,2699,-1,2709,2710,2711,-1,2709,2711,2712,-1,2712,2711,2713,-1,2712,2713,2714,-1,2713,2715,2714,-1,2714,2715,2716,-1,2714,2716,2717,-1,2717,2716,2718,-1,2717,2718,2706,-1,2706,2718,2719,-1,2706,2719,2707,-1,2710,2709,2720,-1,2720,2709,2721,-1,2720,2721,2722,-1,2722,2721,2723,-1,2722,2723,2724,-1,2368,2365,2725,-1,2725,2365,2689,-1,2725,2689,2726,-1,2726,2689,2727,-1,2726,2727,2728,-1,2728,2727,2729,-1,2728,2729,2730,-1,2730,2729,2731,-1,2730,2731,2723,-1,2723,2731,2732,-1,2723,2732,2724,-1,2733,2734,2735,-1,2735,2734,2736,-1,2735,2736,2737,-1,2737,2736,2738,-1,2738,2739,2737,-1,2737,2739,2740,-1,2737,2740,2741,-1,2742,2743,2744,-1,2744,2743,2734,-1,2744,2734,2745,-1,2745,2734,2733,-1,2745,2733,2746,-1,2747,2748,2749,-1,2749,2748,2750,-1,2749,2750,2751,-1,2751,2750,2752,-1,2751,2752,2753,-1,2753,2752,2754,-1,2753,2754,2755,-1,2755,2754,2756,-1,2755,2756,2757,-1,2757,2756,2758,-1,2757,2758,2759,-1,2759,2758,2760,-1,2759,2760,2761,-1,2747,2762,2748,-1,2748,2762,2763,-1,2748,2763,2764,-1,2764,2763,2765,-1,2764,2765,2766,-1,2372,2371,2767,-1,2767,2371,2768,-1,2767,2768,2769,-1,2769,2768,2770,-1,2770,2768,2771,-1,2770,2771,2772,-1,2772,2771,2773,-1,2773,2771,2774,-1,2773,2774,2775,-1,2776,2777,2778,-1,2778,2777,2779,-1,2778,2779,2774,-1,2774,2779,2780,-1,2774,2780,2775,-1,2781,2782,2783,-1,2783,2782,2784,-1,2783,2784,2776,-1,2776,2784,2785,-1,2776,2785,2777,-1,2781,2783,2786,-1,2786,2783,2787,-1,2786,2787,2788,-1,2789,2790,2787,-1,2787,2790,2791,-1,2787,2791,2788,-1,2761,2792,2793,-1,2793,2792,2794,-1,2793,2794,2789,-1,2789,2794,2795,-1,2789,2795,2790,-1,2755,2793,2753,-1,2753,2793,2751,-1,2755,2757,2793,-1,2793,2757,2759,-1,2793,2759,2761,-1,2766,2765,2796,-1,2796,2765,2763,-1,2763,2762,2796,-1,2796,2762,2747,-1,2796,2747,2793,-1,2793,2747,2749,-1,2793,2749,2751,-1,2797,2798,2799,-1,2799,2800,2797,-1,2797,2800,2801,-1,2797,2801,2802,-1,2802,2766,2797,-1,2797,2766,2796,-1,2797,2796,2803,-1,2803,2796,2793,-1,2803,2793,2804,-1,2804,2793,2789,-1,2804,2789,2805,-1,2806,2807,2776,-1,2776,2807,2808,-1,2776,2808,2783,-1,2783,2808,2809,-1,2783,2809,2787,-1,2787,2809,2810,-1,2787,2810,2789,-1,2789,2810,2811,-1,2789,2811,2805,-1,2806,2776,2812,-1,2812,2776,2778,-1,2812,2778,2813,-1,2813,2778,2774,-1,2813,2774,2814,-1,2814,2774,2771,-1,2814,2771,2815,-1,2371,2359,2768,-1,2768,2359,2816,-1,2768,2816,2771,-1,2771,2816,2817,-1,2771,2817,2815,-1,2324,2818,2819,-1,2819,2820,2324,-1,2324,2820,2821,-1,2324,2821,2351,-1,2351,2347,2324,-1,2324,2347,2348,-1,2324,2348,2349,-1,2328,2309,2323,-1,2323,2309,2311,-1,2349,2350,2324,-1,2324,2350,2345,-1,2324,2345,2325,-1,2325,2345,2309,-1,2325,2309,2327,-1,2327,2309,2328,-1,2329,2822,2324,-1,2324,2822,2823,-1,2324,2823,2818,-1,2329,2331,2822,-1,2822,2331,2332,-1,2822,2332,2334,-1,2334,2337,2822,-1,2822,2337,2338,-1,2822,2338,2824,-1,2825,2826,2827,-1,2827,2826,2828,-1,2824,2829,2822,-1,2822,2829,2830,-1,2822,2830,2831,-1,2831,2830,2826,-1,2831,2826,2832,-1,2832,2826,2825,-1,2824,2338,2336,-1,2336,2335,2833,-1,2824,2336,2834,-1,2834,2336,2833,-1,2834,2833,2835,-1,2836,2837,2838,-1,2838,2837,2839,-1,2838,2839,2840,-1,2840,2841,2838,-1,2838,2841,2842,-1,2838,2842,2843,-1,2844,2845,2836,-1,2836,2845,2846,-1,2836,2846,2837,-1,2835,2847,2844,-1,2844,2847,2848,-1,2844,2848,2845,-1,1022,1355,2321,-1,2321,1355,2346,-1,2321,2346,2322,-1,2322,2346,2342,-1,2322,2342,2326,-1,2326,2342,2343,-1,2326,2343,2330,-1,2330,2343,2344,-1,2330,2344,2333,-1,2333,2344,2341,-1,2333,2341,2335,-1,2335,2341,2340,-1,2335,2340,2833,-1,2833,2340,2354,-1,2833,2354,2835,-1,2835,2354,2353,-1,2835,2353,2847,-1,2849,2850,2851,-1,2851,2850,2852,-1,2853,2854,2851,-1,2851,2854,2855,-1,2851,2855,2849,-1,2852,2856,2851,-1,2851,2856,2857,-1,2851,2857,2858,-1,2858,2859,2851,-1,2851,2859,2860,-1,2851,2860,2853,-1,2855,2861,2849,-1,2849,2861,2862,-1,2849,2862,2863,-1,2863,2864,2849,-1,2849,2864,2865,-1,2849,2865,2866,-1,2866,2865,2867,-1,2866,2867,2868,-1,2868,2869,2866,-1,2866,2869,2870,-1,2866,2870,2871,-1,2870,2872,2871,-1,2871,2872,2873,-1,2871,2873,2874,-1,2874,2875,2871,-1,2871,2875,2876,-1,2871,2876,2877,-1,2877,2876,2878,-1,2877,2878,2879,-1,2880,2881,2882,-1,2883,2884,2885,-1,2885,2884,2886,-1,2885,2886,2887,-1,2886,2888,2887,-1,2887,2888,2889,-1,2887,2889,2890,-1,2890,2891,2887,-1,2887,2891,2892,-1,2887,2892,2882,-1,2882,2892,2893,-1,2882,2893,2880,-1,2881,2894,2895,-1,2895,2894,2896,-1,2897,2898,2895,-1,2895,2898,2899,-1,2895,2899,2881,-1,2896,2900,2895,-1,2895,2900,2901,-1,2895,2901,2902,-1,2902,2903,2895,-1,2895,2903,2904,-1,2895,2904,2897,-1,2899,2905,2881,-1,2881,2905,2906,-1,2881,2906,2907,-1,2908,2882,2909,-1,2909,2882,2881,-1,2909,2881,2910,-1,2910,2881,2907,-1,2911,2912,2913,-1,2913,2912,2914,-1,2913,2914,2915,-1,2916,2917,2918,-1,2917,2919,2918,-1,2918,2919,2920,-1,2918,2920,2921,-1,2921,2922,2918,-1,2918,2922,2923,-1,2918,2923,2924,-1,2915,2916,2913,-1,2913,2916,2918,-1,2913,2918,2925,-1,2925,2918,2924,-1,2911,2913,2926,-1,2926,2913,2927,-1,2926,2927,2928,-1,2928,2927,2929,-1,2928,2929,2930,-1,2930,2931,2928,-1,2928,2931,2932,-1,2928,2932,2933,-1,2933,2932,2934,-1,2934,2935,2933,-1,2933,2935,2936,-1,2933,2936,2937,-1,2938,2939,2940,-1,2940,2939,2933,-1,2940,2933,2941,-1,2941,2933,2937,-1,2942,2943,2944,-1,2944,2943,2945,-1,2944,2945,2946,-1,2945,2947,2946,-1,2946,2947,2948,-1,2946,2948,2949,-1,2950,2951,2952,-1,2952,2951,2946,-1,2952,2946,2953,-1,2953,2946,2949,-1,2950,2954,2951,-1,2951,2954,2955,-1,2951,2955,2956,-1,2956,2957,2951,-1,2951,2957,2958,-1,2951,2958,2959,-1,2959,2960,2951,-1,2951,2960,2961,-1,2951,2961,2962,-1,2962,2963,2951,-1,2951,2963,2964,-1,2951,2964,2965,-1,2965,2966,2951,-1,2951,2966,2967,-1,2951,2967,2968,-1,2968,2969,2951,-1,2951,2969,2970,-1,2951,2970,2971,-1,2972,2970,2969,-1,2973,2974,2975,-1,2956,2973,2957,-1,2957,2973,2975,-1,2957,2975,2958,-1,2958,2975,2976,-1,2958,2976,2959,-1,2959,2976,2977,-1,2959,2977,2960,-1,2977,2978,2960,-1,2960,2978,2979,-1,2960,2979,2961,-1,2961,2979,2962,-1,2962,2979,2980,-1,2962,2980,2963,-1,2963,2980,2981,-1,2963,2981,2964,-1,2964,2981,2982,-1,2964,2982,2965,-1,2965,2982,2983,-1,2965,2983,2966,-1,2966,2983,2984,-1,2966,2984,2967,-1,2967,2984,2985,-1,2967,2985,2968,-1,2968,2985,2969,-1,2969,2985,2986,-1,2969,2986,2972,-1,2972,2986,2987,-1,2972,2987,2988,-1,2955,2954,2989,-1,2990,2974,2973,-1,2990,2973,2989,-1,2989,2973,2956,-1,2989,2956,2955,-1,2989,2954,2950,-1,2991,2992,2993,-1,2943,2991,2945,-1,2945,2991,2993,-1,2945,2993,2947,-1,2993,2994,2947,-1,2947,2994,2995,-1,2947,2995,2948,-1,2948,2995,2996,-1,2996,2997,2948,-1,2948,2997,2998,-1,2948,2998,2949,-1,2998,2999,2949,-1,2949,2999,3000,-1,2949,3000,2953,-1,2953,3000,3001,-1,2953,3001,3002,-1,3003,2950,3002,-1,3002,2950,2952,-1,3002,2952,2953,-1,3003,3004,2950,-1,2950,3004,3005,-1,2950,3005,2989,-1,2989,3005,2990,-1,3006,2940,2941,-1,2931,2930,3007,-1,3008,2934,3009,-1,3009,2934,2932,-1,3009,2932,3010,-1,3010,2932,2931,-1,3010,2931,3011,-1,3011,2931,3007,-1,3011,3007,3012,-1,3008,3013,2934,-1,2934,3013,3014,-1,2934,3014,2935,-1,3014,3015,2935,-1,2935,3015,3016,-1,2935,3016,2936,-1,2936,3016,3017,-1,2936,3017,3018,-1,3019,2941,3018,-1,3018,2941,2937,-1,3018,2937,2936,-1,3019,3020,2941,-1,2941,3020,3021,-1,2941,3021,3006,-1,3006,3021,3022,-1,3023,3012,3007,-1,3007,2930,2929,-1,3023,3007,3024,-1,3024,3007,2929,-1,3024,2929,2927,-1,2911,3025,2912,-1,2912,3025,2914,-1,3025,3026,3027,-1,3025,3027,2914,-1,2914,3027,3028,-1,2914,3028,2915,-1,2915,3028,3029,-1,2915,3029,2916,-1,2916,3029,3030,-1,2916,3030,3031,-1,2913,2925,3032,-1,3032,2925,2924,-1,3032,2924,3033,-1,3033,2924,2923,-1,3033,2923,3034,-1,3034,2923,2922,-1,3034,2922,3035,-1,3035,2922,2921,-1,3035,2921,3036,-1,3036,2921,2920,-1,3036,2920,3037,-1,3037,2920,2919,-1,3037,2919,3031,-1,3031,2919,2917,-1,3031,2917,2916,-1,3024,2927,2913,-1,3023,3024,3038,-1,3038,3024,2913,-1,3038,2913,3039,-1,3039,2913,3032,-1,3040,2909,2910,-1,3041,3042,3043,-1,2894,3041,2896,-1,2896,3041,3043,-1,2896,3043,2900,-1,2900,3043,3044,-1,2900,3044,2901,-1,2901,3044,3045,-1,2901,3045,2902,-1,3045,3046,2902,-1,2902,3046,3047,-1,2902,3047,2903,-1,2903,3047,2904,-1,2904,3047,3048,-1,2904,3048,2897,-1,2897,3048,3049,-1,2897,3049,2898,-1,2898,3049,3050,-1,2898,3050,2899,-1,2899,3050,3051,-1,2899,3051,2905,-1,2905,3051,3052,-1,2905,3052,2906,-1,2906,3052,3053,-1,2906,3053,2907,-1,2907,3053,2910,-1,2910,3053,3054,-1,2910,3054,3040,-1,3040,3054,3055,-1,3040,3055,3056,-1,2881,2880,3057,-1,3058,3042,3041,-1,3058,3041,3057,-1,3057,3041,2894,-1,3057,2894,2881,-1,3057,2880,2893,-1,3059,3060,3061,-1,2884,3059,2886,-1,2886,3059,3061,-1,2886,3061,2888,-1,3061,3062,2888,-1,2888,3062,3063,-1,2888,3063,2889,-1,2889,3063,3064,-1,3064,3065,2889,-1,2889,3065,3066,-1,2889,3066,2890,-1,3066,3067,2890,-1,2890,3067,3068,-1,2890,3068,2891,-1,2891,3068,3069,-1,2891,3069,3070,-1,3071,2893,3070,-1,3070,2893,2892,-1,3070,2892,2891,-1,3071,3072,2893,-1,2893,3072,3073,-1,2893,3073,3057,-1,3057,3073,3058,-1,3074,3075,3076,-1,2868,3074,2869,-1,2869,3074,3076,-1,2869,3076,2870,-1,3076,3077,2870,-1,2870,3077,3078,-1,2870,3078,2872,-1,2872,3078,3079,-1,3079,3080,2872,-1,2872,3080,3081,-1,2872,3081,2873,-1,3081,3082,2873,-1,2873,3082,3083,-1,2873,3083,2874,-1,3083,3084,2874,-1,2874,3084,3085,-1,2874,3085,2875,-1,2875,3085,2876,-1,3085,3086,2876,-1,2876,3086,3087,-1,2876,3087,3088,-1,3088,3089,2876,-1,2876,3089,3090,-1,2876,3090,2878,-1,3091,3075,3074,-1,3074,2868,2867,-1,3091,3074,3092,-1,3092,3074,2867,-1,3092,2867,2865,-1,2858,3093,3094,-1,2850,3095,2852,-1,2852,3095,2856,-1,3093,2858,3096,-1,3096,2858,2857,-1,3096,2857,3097,-1,3097,2857,2856,-1,3097,2856,3098,-1,3098,2856,3095,-1,3098,3095,3099,-1,2864,2863,3100,-1,3100,2863,2862,-1,3100,2862,3101,-1,3101,2862,2861,-1,3101,2861,3102,-1,3102,2861,2855,-1,3102,2855,3103,-1,3103,2855,2854,-1,3103,2854,3104,-1,3104,2854,2853,-1,3104,2853,3105,-1,3105,2853,2860,-1,3105,2860,3094,-1,3094,2860,2859,-1,3094,2859,2858,-1,3092,2865,2864,-1,3091,3092,3106,-1,3106,3092,2864,-1,3106,2864,3107,-1,3107,2864,3100,-1,3108,3109,3110,-1,3111,3112,3113,-1,3108,3110,3113,-1,3113,3110,3114,-1,3113,3114,3111,-1,3112,3115,3113,-1,3113,3115,3116,-1,3113,3116,3117,-1,3117,3118,3113,-1,3113,3118,3119,-1,3113,3119,3120,-1,3120,3121,3113,-1,3113,3121,3122,-1,3113,3122,3123,-1,3123,3124,3113,-1,3113,3124,3125,-1,3113,3125,3126,-1,3126,3127,3113,-1,3113,3127,3128,-1,3113,3128,3129,-1,2847,2353,2352,-1,2848,2847,2820,-1,2820,2847,2352,-1,2820,2352,2821,-1,2821,2352,2351,-1,2848,2820,2845,-1,2845,2820,2819,-1,2845,2819,2846,-1,2846,2819,2818,-1,2846,2818,2837,-1,3130,3131,2843,-1,2818,2823,2837,-1,2837,2823,2822,-1,2837,2822,2839,-1,2839,2822,2831,-1,2839,2831,2840,-1,2840,2831,2832,-1,2840,2832,2841,-1,2841,2832,2825,-1,2841,2825,2842,-1,2842,2825,2827,-1,2842,2827,2843,-1,2843,2827,2828,-1,2843,2828,3130,-1,3132,3133,3134,-1,3134,3133,3135,-1,3136,3137,3138,-1,3131,3130,3138,-1,3138,3130,3139,-1,3138,3139,3136,-1,3140,3141,3142,-1,3142,3141,3138,-1,3142,3138,3143,-1,3143,3138,3137,-1,3132,3144,3133,-1,3133,3144,3140,-1,3133,3140,3145,-1,3145,3140,3142,-1,2358,2362,3146,-1,2803,3147,2797,-1,2797,3147,2798,-1,2359,2358,2816,-1,2816,2358,3146,-1,2816,3146,2817,-1,2817,3146,3148,-1,2817,3148,2815,-1,2815,3148,3149,-1,2815,3149,2814,-1,2814,3149,3150,-1,2814,3150,2813,-1,2813,3150,3151,-1,2813,3151,2812,-1,2812,3151,3152,-1,2812,3152,2806,-1,2806,3152,3153,-1,2806,3153,2807,-1,2807,3153,3154,-1,2807,3154,2808,-1,2808,3154,3155,-1,2808,3155,2809,-1,2809,3155,3156,-1,2809,3156,2810,-1,2810,3156,3157,-1,2810,3157,2811,-1,2811,3157,3158,-1,2811,3158,2805,-1,2805,3158,3159,-1,2805,3159,2804,-1,2804,3159,3160,-1,2804,3160,2803,-1,2803,3160,3161,-1,2803,3161,3147,-1,3147,3161,3162,-1,3147,3162,3163,-1,3164,3165,3166,-1,3167,2360,2357,-1,3168,3169,3164,-1,3168,3164,3170,-1,3170,3164,3166,-1,3170,3166,3171,-1,3171,3166,3172,-1,3171,3172,3173,-1,3173,3172,3174,-1,3173,3174,3175,-1,3175,3174,3176,-1,3175,3176,3177,-1,3177,3176,3178,-1,3177,3178,3179,-1,3179,3178,3180,-1,3180,3178,3181,-1,3180,3181,3182,-1,3183,3184,3185,-1,3185,3184,3186,-1,3185,3186,3187,-1,3187,3186,3188,-1,3187,3188,3181,-1,3181,3188,3189,-1,3181,3189,3182,-1,3190,3191,3192,-1,3190,3192,3193,-1,3192,3194,3193,-1,3193,3194,3195,-1,3193,3195,3196,-1,3196,3195,3197,-1,3196,3197,3183,-1,3183,3197,3198,-1,3183,3198,3184,-1,2356,3199,2357,-1,2357,3199,3200,-1,2357,3200,3167,-1,3167,3200,3201,-1,3167,3201,3202,-1,3202,3201,3203,-1,3202,3203,3204,-1,3204,3203,3205,-1,3204,3205,3206,-1,3206,3205,3207,-1,3206,3207,3190,-1,3190,3207,3208,-1,3190,3208,3191,-1,3209,3210,3211,-1,3211,3210,3212,-1,3209,3213,3210,-1,3210,3213,3214,-1,3210,3214,3215,-1,3215,3216,3210,-1,3210,3216,3217,-1,3210,3217,3218,-1,3218,3219,3210,-1,3210,3219,3220,-1,3210,3220,3221,-1,3221,3222,3210,-1,3210,3222,3223,-1,3210,3223,3224,-1,3224,3225,3210,-1,3210,3225,3226,-1,3210,3226,3227,-1,3227,3228,3210,-1,3210,3228,3229,-1,3210,3229,3230,-1,3230,3231,3210,-1,3210,3231,3232,-1,3210,3232,3233,-1,3233,3234,3210,-1,3210,3234,3235,-1,3210,3235,3236,-1,3236,3237,3210,-1,3210,3237,3238,-1,3210,3238,3239,-1,3239,3240,3210,-1,3210,3240,3241,-1,3210,3241,3242,-1,3242,3243,3210,-1,3210,3243,3244,-1,3210,3244,3245,-1,2367,2366,3246,-1,3246,2366,3247,-1,3248,3249,3250,-1,3250,3249,3251,-1,3250,3251,3252,-1,3252,3251,3253,-1,3252,3253,3254,-1,3254,3253,3255,-1,3254,3255,3256,-1,3256,3255,3257,-1,3256,3257,3258,-1,3258,3257,3259,-1,3258,3259,3260,-1,3260,3259,3261,-1,3260,3261,3262,-1,3262,3261,3263,-1,3262,3263,3264,-1,3264,3263,3265,-1,3264,3265,3266,-1,3266,3265,3267,-1,3266,3267,3268,-1,3268,3267,3269,-1,3268,3269,3270,-1,3270,3269,3271,-1,3270,3271,3272,-1,3272,3271,3273,-1,3272,3273,3274,-1,3274,3273,3247,-1,3274,3247,3275,-1,3275,3247,2366,-1,3275,2366,2370,-1,3276,3277,3278,-1,3248,3276,3249,-1,3249,3276,3278,-1,3249,3278,3279,-1,3279,3278,3280,-1,3281,3282,2496,-1,2496,3282,2494,-1,2494,3282,3283,-1,2494,3283,2492,-1,2492,3283,3284,-1,2492,3284,2486,-1,2486,3284,3285,-1,2486,3285,2484,-1,2484,3285,3286,-1,2484,3286,2477,-1,2477,3286,3287,-1,2477,3287,2478,-1,2478,3287,3288,-1,2478,3288,2480,-1,2480,3288,3289,-1,2480,3289,2481,-1,2481,3289,3290,-1,2481,3290,2475,-1,2475,3290,3291,-1,2475,3291,2473,-1,2496,2498,3281,-1,3281,2498,2489,-1,3281,2489,2467,-1,2467,2489,2488,-1,2467,2488,2468,-1,2468,2488,3292,-1,2468,3292,2470,-1,2470,3292,3293,-1,2470,3293,3294,-1,3294,3293,3295,-1,3296,3297,3295,-1,3295,3297,3298,-1,3295,3298,3294,-1,3299,3300,3301,-1,3301,3300,3302,-1,3301,3302,3303,-1,3303,3304,3301,-1,3301,3304,3305,-1,3301,3305,3296,-1,3296,3305,3306,-1,3296,3306,3297,-1,2501,3307,3308,-1,3308,3293,3292,-1,2501,3308,2487,-1,2487,3308,3292,-1,2487,3292,2488,-1,3309,3310,3311,-1,3312,3313,3314,-1,3315,3316,3317,-1,3317,3316,3318,-1,3317,3318,3299,-1,3315,3317,3314,-1,3314,3317,3319,-1,3314,3319,3312,-1,3320,3321,3322,-1,3322,3321,3314,-1,3322,3314,3323,-1,3323,3314,3313,-1,3311,3324,3309,-1,3309,3324,3320,-1,3309,3320,3325,-1,3325,3320,3322,-1,3299,3318,3300,-1,3300,3318,3326,-1,3300,3326,3302,-1,3302,3326,3327,-1,3302,3327,3303,-1,3303,3327,3328,-1,3303,3328,3304,-1,2469,2470,3294,-1,3328,3329,3304,-1,3304,3329,3330,-1,3304,3330,3305,-1,3305,3330,3331,-1,3305,3331,3306,-1,3306,3331,3332,-1,3306,3332,3297,-1,3297,3332,3333,-1,3297,3333,3298,-1,3298,3333,3334,-1,3298,3334,3294,-1,3294,3334,3335,-1,3294,3335,2469,-1,2469,3335,2464,-1,3195,3194,3336,-1,3191,3208,3337,-1,3199,2356,2374,-1,3200,3338,3201,-1,3201,3338,3339,-1,3201,3339,3203,-1,3208,3207,3339,-1,3339,3207,3205,-1,3339,3205,3203,-1,3336,3194,3337,-1,3337,3194,3192,-1,3337,3192,3191,-1,3195,3336,3197,-1,3197,3336,3340,-1,3197,3340,3198,-1,3189,3341,3182,-1,3182,3341,3342,-1,3182,3342,3180,-1,3189,3188,3341,-1,3341,3188,3186,-1,3341,3186,3340,-1,3340,3186,3184,-1,3340,3184,3198,-1,3180,3342,3179,-1,3179,3342,3343,-1,3179,3343,3177,-1,3344,3171,3345,-1,3345,3171,3173,-1,3345,3173,3343,-1,3343,3173,3175,-1,3343,3175,3177,-1,3346,3168,3344,-1,3344,3168,3170,-1,3344,3170,3171,-1,3346,3347,3168,-1,3168,3347,3348,-1,3168,3348,3349,-1,3349,3350,3168,-1,3168,3350,3351,-1,3168,3351,3169,-1,3352,3353,3344,-1,3344,3353,3354,-1,3344,3354,3346,-1,3345,3355,3356,-1,3356,3357,3345,-1,3345,3357,3358,-1,3345,3358,3359,-1,3359,3360,3345,-1,3345,3360,3361,-1,3345,3361,3344,-1,3344,3361,3362,-1,3344,3362,3352,-1,3342,3363,3343,-1,3343,3363,3364,-1,3343,3364,3345,-1,3345,3364,3365,-1,3345,3365,3355,-1,3366,3367,3341,-1,3341,3367,3368,-1,3341,3368,3342,-1,3342,3368,3369,-1,3342,3369,3363,-1,3340,3370,3371,-1,3340,3371,3341,-1,3341,3371,3372,-1,3341,3372,3366,-1,3370,3340,3373,-1,3373,3340,3336,-1,3373,3336,3374,-1,3374,3336,3375,-1,3375,3336,3337,-1,3375,3337,3376,-1,3208,3339,3337,-1,3337,3339,3377,-1,3337,3377,3376,-1,3378,3379,3338,-1,3338,3379,3380,-1,3338,3380,3339,-1,3339,3380,3381,-1,3339,3381,3377,-1,2375,3378,2374,-1,2374,3378,3338,-1,2374,3338,3199,-1,3199,3338,3200,-1,3382,3383,3330,-1,3382,3330,3384,-1,3384,3330,3329,-1,3384,3329,3328,-1,3328,3327,3384,-1,3384,3327,3326,-1,3384,3326,3318,-1,3383,3307,3330,-1,3330,3307,2501,-1,3330,2501,2500,-1,2500,2499,3330,-1,3330,2499,2497,-1,3330,2497,2495,-1,3385,3386,2491,-1,3385,2491,3387,-1,3387,2491,2490,-1,3387,2490,2485,-1,2485,2483,3387,-1,3387,2483,2482,-1,3387,2482,2479,-1,3386,2465,2491,-1,2491,2465,2464,-1,2491,2464,3335,-1,3335,3334,2491,-1,2491,3334,3333,-1,2491,3333,3332,-1,2495,2493,3330,-1,3330,2493,2491,-1,3330,2491,3331,-1,3331,2491,3332,-1,3388,3389,3390,-1,3390,3391,3392,-1,3388,3390,3393,-1,3393,3390,3392,-1,3393,3392,3394,-1,3395,3396,3372,-1,3372,3396,3397,-1,3372,3397,3398,-1,3372,3371,3395,-1,3395,3371,3370,-1,3395,3370,3399,-1,3399,3370,3373,-1,3399,3373,3400,-1,3400,3373,3374,-1,3400,3374,3401,-1,3401,3374,3375,-1,3401,3375,3402,-1,3402,3375,3376,-1,3402,3376,3403,-1,3376,3377,3403,-1,3403,3377,3381,-1,3403,3381,3404,-1,3404,3381,3380,-1,3404,3380,3405,-1,3405,3380,3379,-1,3405,3379,3406,-1,3406,3379,3378,-1,3406,3378,3388,-1,3378,2375,3388,-1,3388,2375,2373,-1,3388,2373,3389,-1,3389,2373,2372,-1,3389,2372,3407,-1,3407,2372,2767,-1,3407,2767,3408,-1,3408,2767,2769,-1,3408,2769,3409,-1,3409,2769,2770,-1,3409,2770,3410,-1,3410,2770,2772,-1,3410,2772,3411,-1,3411,2772,2773,-1,3411,2773,3412,-1,3412,2773,2775,-1,3412,2775,3413,-1,2775,2780,3413,-1,3413,2780,2779,-1,3413,2779,3414,-1,3414,2779,2777,-1,3414,2777,3415,-1,3415,2777,2785,-1,3415,2785,3416,-1,3416,2785,2784,-1,3416,2784,3417,-1,3417,2784,2782,-1,3417,2782,3418,-1,3418,2782,3419,-1,2782,2781,3419,-1,3419,2781,2786,-1,3419,2786,3420,-1,3420,2786,2788,-1,3420,2788,3421,-1,3421,2788,2791,-1,3421,2791,3422,-1,2791,2790,3422,-1,3422,2790,2795,-1,3422,2795,3423,-1,3423,2795,2794,-1,3423,2794,3424,-1,3424,2794,2792,-1,3424,2792,3425,-1,3425,2792,2761,-1,3425,2761,2760,-1,3426,3356,3427,-1,3427,3356,3355,-1,3427,3355,3428,-1,3428,3355,3365,-1,3428,3365,3429,-1,3429,3365,3364,-1,3429,3364,3430,-1,3364,3363,3430,-1,3430,3363,3369,-1,3430,3369,3431,-1,3431,3369,3368,-1,3431,3368,3432,-1,3432,3368,3367,-1,3432,3367,3398,-1,3398,3367,3366,-1,3398,3366,3372,-1,3357,3356,3426,-1,3426,3433,3357,-1,3357,3433,3434,-1,3357,3434,3358,-1,3358,3434,3435,-1,3358,3435,3359,-1,3359,3435,3436,-1,3359,3436,3360,-1,3360,3436,3437,-1,3360,3437,3361,-1,3361,3437,3438,-1,3361,3438,3362,-1,3362,3438,3439,-1,3362,3439,3352,-1,3347,3346,3440,-1,3440,3346,3354,-1,3440,3354,3439,-1,3439,3354,3353,-1,3439,3353,3352,-1,3441,3442,3443,-1,3443,3442,3444,-1,3443,3444,3445,-1,3445,3444,3446,-1,3447,3448,3449,-1,3449,3448,3450,-1,3449,3450,3441,-1,3441,3450,3451,-1,3441,3451,3442,-1,3449,3452,3447,-1,3447,3452,3453,-1,3447,3453,3454,-1,3454,3453,3455,-1,3453,3456,3455,-1,3455,3456,3457,-1,3455,3457,3458,-1,3458,3457,3459,-1,3458,3459,3460,-1,3461,3462,3463,-1,3460,3461,3458,-1,3458,3461,3463,-1,3458,3463,3464,-1,3464,3463,3465,-1,3445,3446,3466,-1,3445,3466,3467,-1,3467,3466,3468,-1,3467,3468,3469,-1,3469,3468,3470,-1,3470,3468,3471,-1,3470,3471,3472,-1,3472,3471,3473,-1,3474,3475,3476,-1,3476,3475,3477,-1,3476,3477,3473,-1,3473,3477,3478,-1,3473,3478,3472,-1,3476,3479,3474,-1,3474,3479,3480,-1,3474,3480,3481,-1,3481,3480,3482,-1,3480,3483,3482,-1,3482,3483,3484,-1,3482,3484,3485,-1,3485,3484,3486,-1,3485,3486,3487,-1,3488,3489,3490,-1,3487,3488,3485,-1,3485,3488,3490,-1,3485,3490,3491,-1,3491,3490,3492,-1,3493,3465,3463,-1,3493,3463,3494,-1,3494,3463,3462,-1,3494,3462,3495,-1,3496,3492,3490,-1,3496,3490,3497,-1,3497,3490,3489,-1,3497,3489,3498,-1,3499,3500,3501,-1,3501,3500,3502,-1,3499,3503,3500,-1,3500,3503,3504,-1,3500,3504,3505,-1,3505,3506,3500,-1,3500,3506,3507,-1,3500,3507,3508,-1,3508,3509,3500,-1,3500,3509,3510,-1,3500,3510,3511,-1,3511,3498,3500,-1,3500,3498,3489,-1,3500,3489,3488,-1,3488,3487,3500,-1,3500,3487,3486,-1,3500,3486,3484,-1,3484,3483,3500,-1,3500,3483,3480,-1,3500,3480,3479,-1,3479,3476,3500,-1,3500,3476,3473,-1,3500,3473,3471,-1,3471,3468,3500,-1,3500,3468,3466,-1,3500,3466,3446,-1,3446,3444,3500,-1,3500,3444,3442,-1,3500,3442,3451,-1,3451,3450,3500,-1,3500,3450,3448,-1,3500,3448,3447,-1,3447,3454,3500,-1,3500,3454,3455,-1,3500,3455,3458,-1,3458,3464,3500,-1,3500,3464,3465,-1,3500,3465,3493,-1,3493,3512,3500,-1,3500,3512,3513,-1,3500,3513,3514,-1,3514,3515,3500,-1,3500,3515,3516,-1,3500,3516,3517,-1,3517,3518,3500,-1,3500,3518,3519,-1,3500,3519,3520,-1,3520,3521,3500,-1,3500,3521,3522,-1,3500,3522,3523,-1,3524,3525,3526,-1,3527,3528,3524,-1,3526,2398,2380,-1,3524,3526,3527,-1,3527,3526,2380,-1,3527,2380,2391,-1,3529,3528,3527,-1,3529,3527,3530,-1,3530,3527,2391,-1,3530,2391,2393,-1,2393,2392,3531,-1,2393,3531,3530,-1,3530,3531,3532,-1,3530,3532,3529,-1,3533,3534,3535,-1,3536,2413,2414,-1,2415,3537,2417,-1,2417,3537,3538,-1,2417,3538,2418,-1,2418,3538,3539,-1,2418,3539,2419,-1,2419,3539,3540,-1,2419,3540,2420,-1,2420,3540,3541,-1,2420,3541,2414,-1,2414,3541,3542,-1,2414,3542,3536,-1,2416,3533,2415,-1,2415,3533,3535,-1,2415,3535,3537,-1,3543,3534,3533,-1,3543,3533,3544,-1,3544,3533,2416,-1,3544,2416,2421,-1,3544,2421,2446,-1,3545,3546,3547,-1,3547,3546,3548,-1,3547,3548,2447,-1,3549,2445,3550,-1,3550,2445,2444,-1,3550,2444,3551,-1,3551,2444,2450,-1,3551,2450,3552,-1,3552,2450,2449,-1,3552,2449,3548,-1,3548,2449,2448,-1,3548,2448,2447,-1,3543,3544,3549,-1,3549,3544,2446,-1,3549,2446,2445,-1,2447,2451,3553,-1,2447,3553,3547,-1,3547,3553,3554,-1,3547,3554,3545,-1,2451,2452,3553,-1,3553,2452,2453,-1,3553,2453,3554,-1,3555,3556,2454,-1,2454,3556,3557,-1,2454,3557,2453,-1,2453,3557,3558,-1,2453,3558,3554,-1,2454,2455,3555,-1,3555,2455,2456,-1,3555,2456,3559,-1,3559,2456,3560,-1,2463,2394,3561,-1,2456,2458,3560,-1,3560,2458,2457,-1,3560,2457,3562,-1,3562,2457,2462,-1,3562,2462,3563,-1,3563,2462,2461,-1,3563,2461,3564,-1,3564,2461,2460,-1,3564,2460,3565,-1,3565,2460,2459,-1,3565,2459,3566,-1,3566,2459,2463,-1,3566,2463,3567,-1,3567,2463,3561,-1,3567,3561,3568,-1,3569,3568,3561,-1,3569,3561,3570,-1,3570,3561,2394,-1,3570,2394,2395,-1,3571,3572,3573,-1,3573,3572,2441,-1,2441,3572,2440,-1,2440,3572,3574,-1,2440,3574,2436,-1,2436,3574,2435,-1,2435,3574,3575,-1,2435,3575,2434,-1,2434,3575,3576,-1,2434,3576,2433,-1,2433,3576,3577,-1,2433,3577,2432,-1,3578,3569,3570,-1,3577,3579,2432,-1,2432,3579,3580,-1,2432,3580,2431,-1,2431,3580,3581,-1,2431,3581,2427,-1,2427,3581,3582,-1,2427,3582,2428,-1,2428,3582,3583,-1,2428,3583,2429,-1,2429,3583,3584,-1,2429,3584,2430,-1,2430,3584,3578,-1,2430,3578,2396,-1,2396,3578,3570,-1,2396,3570,2395,-1,3585,3571,3573,-1,3585,3573,3586,-1,3586,3573,2441,-1,3586,2441,2443,-1,3586,2443,2442,-1,3587,3585,3586,-1,3586,2442,3587,-1,3587,2442,2439,-1,3587,2439,3588,-1,3588,2439,2438,-1,3588,2438,3589,-1,3589,2438,2437,-1,3589,2437,3590,-1,3590,2437,2424,-1,3590,2424,3591,-1,3591,2424,2425,-1,3591,2425,3592,-1,3592,2425,2426,-1,3592,2426,3593,-1,2422,3594,3595,-1,3593,2426,3595,-1,3595,2426,2423,-1,3595,2423,2422,-1,3594,2422,3596,-1,3596,2422,2400,-1,3596,2400,3597,-1,3526,3525,3598,-1,2400,2399,3597,-1,3597,2399,2397,-1,3597,2397,3598,-1,3598,2397,2398,-1,3598,2398,3526,-1,3599,645,644,-1,3600,3601,3602,-1,644,648,3603,-1,3604,3605,3606,-1,3606,3605,3607,-1,3604,3599,3605,-1,3605,3599,644,-1,3605,644,3602,-1,3602,644,3603,-1,3602,3603,3600,-1,2545,3608,2538,-1,2538,3608,3609,-1,2538,3609,2539,-1,2539,3609,3610,-1,2539,3610,2541,-1,2541,3610,3611,-1,2541,3611,1696,-1,1696,3611,3612,-1,1696,3612,1697,-1,2533,3613,2534,-1,2534,3613,3614,-1,2534,3614,2535,-1,2535,3614,3615,-1,2535,3615,2536,-1,2536,3615,3616,-1,2536,3616,2537,-1,2537,3616,3617,-1,2537,3617,2548,-1,2548,3617,3618,-1,2548,3618,2545,-1,2545,3618,3619,-1,2545,3619,3608,-1,2533,2532,3613,-1,3613,2532,2531,-1,3613,2531,3620,-1,648,647,3603,-1,3603,647,3600,-1,1697,3612,1698,-1,1698,3612,3601,-1,1698,3601,1699,-1,1699,3601,3600,-1,1699,3600,1700,-1,1700,3600,647,-1,1700,647,651,-1,3621,3622,3623,-1,3623,3622,2522,-1,2522,3622,2523,-1,2523,3622,3624,-1,2523,3624,2524,-1,2524,3624,3625,-1,2524,3625,2525,-1,2525,3625,3626,-1,2525,3626,2526,-1,2526,3626,3627,-1,2526,3627,2527,-1,2527,3627,3628,-1,2527,3628,2530,-1,2530,3628,3629,-1,2530,3629,2529,-1,2529,3629,3630,-1,2529,3630,2528,-1,2528,3630,3620,-1,2528,3620,2531,-1,2522,2521,3631,-1,2522,3631,3623,-1,3623,3631,3632,-1,3623,3632,3621,-1,3633,3634,3635,-1,3635,3634,2507,-1,3635,2507,2506,-1,3634,3636,2507,-1,2507,3636,3637,-1,2507,3637,2508,-1,3637,3638,2508,-1,2508,3638,3639,-1,2508,3639,2509,-1,3639,3640,2509,-1,2509,3640,3641,-1,2509,3641,2504,-1,2504,3641,2503,-1,3641,3642,2503,-1,2503,3642,3643,-1,2503,3643,2520,-1,3643,3644,2520,-1,2520,3644,3645,-1,2520,3645,3646,-1,3646,3632,2520,-1,2520,3632,3631,-1,2520,3631,2521,-1,2506,2505,3647,-1,2506,3647,3635,-1,3635,3647,3648,-1,3635,3648,3633,-1,2505,3649,3647,-1,3647,3649,3650,-1,3647,3650,3648,-1,2505,2513,3649,-1,3649,2513,2514,-1,3649,2514,3651,-1,3651,2514,2515,-1,3651,2515,3652,-1,2515,2512,3652,-1,3652,2512,2511,-1,3652,2511,3653,-1,3653,2511,3654,-1,2551,2550,3655,-1,2511,2510,3654,-1,3654,2510,2519,-1,3654,2519,3656,-1,3656,2519,2518,-1,3656,2518,3657,-1,3657,2518,2517,-1,3657,2517,3658,-1,3658,2517,2516,-1,3658,2516,3659,-1,3659,2516,2552,-1,3659,2552,3660,-1,3660,2552,2551,-1,3660,2551,3661,-1,3661,2551,3655,-1,3661,3655,3662,-1,2550,2553,3663,-1,2550,3663,3655,-1,3655,3663,3664,-1,3655,3664,3662,-1,2565,2566,3665,-1,2565,3665,2560,-1,2560,3665,3666,-1,2560,3666,3667,-1,3667,3668,2560,-1,2560,3668,3669,-1,2560,3669,2561,-1,2561,3669,2562,-1,2562,3669,3670,-1,2562,3670,2563,-1,2563,3670,3671,-1,2563,3671,2564,-1,3672,3664,3663,-1,3671,3673,2564,-1,2564,3673,3674,-1,2564,3674,2558,-1,2558,3674,3675,-1,2558,3675,2559,-1,2559,3675,3676,-1,2559,3676,2557,-1,2557,3676,3677,-1,2557,3677,2556,-1,2556,3677,3678,-1,2556,3678,2555,-1,2555,3678,3672,-1,2555,3672,2554,-1,2554,3672,3663,-1,2554,3663,2553,-1,2566,2567,3679,-1,2566,3679,3665,-1,3665,3679,3680,-1,3665,3680,3666,-1,3681,3682,3683,-1,3679,2567,2573,-1,2568,3684,2569,-1,2569,3684,3685,-1,2569,3685,2570,-1,2570,3685,3686,-1,2570,3686,2571,-1,2571,3686,3687,-1,2571,3687,2572,-1,2572,3687,3688,-1,2572,3688,2573,-1,2573,3688,3680,-1,2573,3680,3679,-1,2574,3681,2568,-1,2568,3681,3683,-1,2568,3683,3684,-1,3689,3682,3681,-1,3689,3681,3690,-1,3690,3681,2574,-1,3690,2574,2575,-1,3690,2575,2580,-1,3691,3692,3693,-1,3694,2579,3695,-1,3695,2579,2578,-1,3695,2578,3696,-1,3696,2578,2577,-1,3696,2577,3697,-1,3697,2577,2576,-1,3697,2576,3698,-1,3698,2576,2601,-1,3698,2601,3693,-1,3693,2601,2600,-1,3693,2600,3691,-1,3689,3690,3694,-1,3694,3690,2580,-1,3694,2580,2579,-1,2544,2637,3699,-1,3700,2543,2544,-1,3699,3701,3702,-1,2544,3699,3700,-1,3700,3699,3702,-1,3700,3702,3703,-1,3699,2637,2638,-1,3701,3699,3704,-1,3704,3699,2638,-1,3704,2638,3705,-1,3705,2638,2636,-1,3705,2636,3706,-1,3706,2636,3707,-1,3707,2636,2635,-1,3707,2635,3708,-1,3708,2635,3709,-1,3709,2635,2633,-1,3709,2633,3710,-1,3710,2633,3711,-1,3711,2633,2632,-1,3711,2632,3712,-1,3712,2632,3713,-1,3713,2632,2645,-1,3713,2645,3714,-1,3714,2645,3715,-1,3715,2645,2473,-1,3715,2473,3291,-1,3716,3291,3717,-1,3717,3291,3290,-1,3717,3290,3718,-1,3718,3290,3719,-1,3719,3290,3720,-1,3720,3290,3289,-1,3720,3289,3721,-1,3721,3289,3288,-1,3721,3288,3722,-1,3722,3288,3287,-1,3722,3287,3723,-1,3723,3287,3286,-1,3723,3286,3387,-1,3387,3286,3285,-1,3387,3285,3385,-1,3385,3285,3284,-1,3385,3284,3386,-1,2466,2465,3386,-1,3284,3283,3386,-1,3386,3283,3282,-1,3386,3282,2466,-1,2466,3282,3281,-1,2466,3281,2467,-1,3724,3725,2679,-1,2679,3725,2680,-1,3724,2679,3726,-1,3726,2679,2678,-1,3726,2678,3727,-1,3727,2678,3728,-1,3728,2678,2685,-1,3728,2685,3729,-1,3730,3731,3732,-1,3729,2685,3732,-1,3732,2685,2686,-1,3732,2686,3730,-1,3725,3733,2680,-1,2680,3733,3734,-1,2680,3734,2681,-1,2681,3734,3735,-1,2681,3735,2471,-1,2471,3735,3716,-1,2471,3716,2472,-1,2472,3716,3717,-1,2472,3717,2474,-1,2474,3717,3718,-1,2474,3718,2476,-1,2476,3718,3719,-1,2476,3719,2479,-1,2479,3719,3720,-1,2479,3720,3721,-1,3721,3722,2479,-1,2479,3722,3723,-1,2479,3723,3387,-1,2686,2684,3736,-1,2686,3736,3730,-1,3730,3736,3737,-1,3730,3737,3731,-1,3738,3739,3740,-1,3736,2684,2683,-1,2605,3741,2606,-1,2606,3741,3742,-1,2606,3742,2602,-1,2602,3742,3743,-1,2602,3743,2603,-1,2603,3743,3744,-1,2603,3744,2682,-1,2682,3744,3745,-1,2682,3745,2683,-1,2683,3745,3737,-1,2683,3737,3736,-1,2604,3738,2605,-1,2605,3738,3740,-1,2605,3740,3741,-1,3746,3739,3738,-1,3746,3738,3747,-1,3747,3738,2604,-1,3747,2604,2608,-1,3747,2608,2609,-1,3748,3749,3750,-1,3751,2610,3752,-1,3752,2610,2607,-1,3752,2607,3753,-1,3753,2607,2614,-1,3753,2614,3754,-1,3754,2614,2613,-1,3754,2613,3755,-1,3755,2613,2612,-1,3755,2612,3750,-1,3750,2612,2611,-1,3750,2611,3748,-1,3746,3747,3751,-1,3751,3747,2609,-1,3751,2609,2610,-1,2611,2615,3756,-1,2611,3756,3748,-1,3748,3756,3757,-1,3748,3757,3749,-1,2615,3758,3756,-1,3756,3758,3759,-1,3756,3759,3757,-1,2615,2616,3758,-1,3758,2616,2617,-1,3758,2617,3760,-1,3760,2617,2621,-1,3760,2621,3761,-1,2621,2620,3761,-1,3761,2620,2619,-1,3761,2619,3762,-1,3762,2619,3763,-1,2627,2626,3764,-1,2619,2618,3763,-1,3763,2618,2622,-1,3763,2622,3765,-1,3765,2622,2623,-1,3765,2623,3766,-1,3766,2623,2624,-1,3766,2624,3767,-1,3767,2624,2625,-1,3767,2625,3768,-1,3768,2625,2628,-1,3768,2628,3769,-1,3769,2628,2627,-1,3769,2627,3770,-1,3770,2627,3764,-1,3770,3764,3771,-1,2626,2629,3772,-1,2626,3772,3764,-1,3764,3772,3773,-1,3764,3773,3771,-1,2631,3774,3775,-1,3772,2629,2630,-1,2631,3775,2630,-1,2630,3775,3773,-1,2630,3773,3772,-1,3774,2631,3776,-1,3776,2631,2641,-1,3776,2641,3777,-1,2641,2642,3777,-1,3777,2642,2643,-1,3777,2643,3778,-1,3778,2643,3779,-1,2674,2675,3780,-1,2643,2671,3779,-1,3779,2671,2670,-1,3779,2670,3781,-1,3781,2670,2669,-1,3781,2669,3782,-1,3782,2669,2668,-1,3782,2668,3783,-1,3783,2668,2672,-1,3783,2672,3784,-1,3784,2672,2673,-1,3784,2673,3785,-1,3785,2673,2674,-1,3785,2674,3786,-1,3786,2674,3780,-1,3786,3780,3787,-1,2675,2677,3788,-1,2675,3788,3780,-1,3780,3788,3789,-1,3780,3789,3787,-1,3788,2677,2676,-1,3790,3791,3792,-1,3792,3791,2647,-1,3792,2647,2646,-1,3791,3793,2647,-1,2647,3793,3794,-1,2647,3794,2664,-1,3794,3795,2664,-1,2664,3795,3796,-1,2664,3796,2665,-1,3796,3797,2665,-1,2665,3797,3798,-1,2665,3798,2666,-1,2666,3798,2667,-1,3798,3799,2667,-1,2667,3799,3800,-1,2667,3800,2676,-1,2676,3800,3801,-1,3789,3788,3802,-1,3802,3788,2676,-1,3802,2676,3803,-1,3803,2676,3801,-1,2646,2652,3804,-1,2646,3804,3792,-1,3792,3804,3805,-1,3792,3805,3790,-1,2652,2660,3804,-1,3804,2660,3805,-1,3805,2660,3806,-1,3806,2660,2661,-1,3806,2661,3807,-1,3807,2661,2662,-1,3807,2662,3808,-1,3808,2662,2663,-1,3808,2663,3809,-1,3809,2663,2656,-1,3809,2656,3810,-1,3810,2656,2658,-1,3810,2658,3811,-1,3811,2658,2659,-1,3811,2659,3812,-1,3812,2659,2655,-1,3812,2655,3813,-1,3813,2655,2654,-1,3813,2654,3814,-1,3814,2654,3815,-1,3815,2654,2653,-1,3815,2653,3816,-1,2653,2651,3816,-1,3816,2651,2650,-1,3816,2650,3817,-1,3817,2650,3818,-1,2650,2649,3818,-1,3818,2649,2648,-1,3818,2648,3819,-1,3819,2648,2644,-1,3819,2644,3820,-1,3820,2644,3821,-1,3821,2644,2634,-1,3821,2634,3822,-1,2634,2640,3822,-1,3822,2640,2639,-1,3822,2639,3823,-1,2639,1694,3823,-1,3823,1694,1693,-1,3823,1693,3824,-1,1693,1692,3824,-1,3824,1692,1691,-1,3824,1691,3607,-1,3607,1691,1690,-1,1687,3599,1688,-1,1688,3599,3604,-1,1688,3604,1690,-1,1690,3604,3606,-1,1690,3606,3607,-1,1687,649,3599,-1,3599,649,646,-1,3599,646,645,-1,2733,2735,3825,-1,3826,2746,2733,-1,3826,2733,3827,-1,3827,2733,3825,-1,3827,3825,3828,-1,3825,3829,3828,-1,3828,3829,3830,-1,3828,3830,3831,-1,3831,3830,3832,-1,3831,3832,3833,-1,3833,3832,3834,-1,3833,3834,3835,-1,3835,3834,3836,-1,3835,3836,3837,-1,3837,3836,3838,-1,3837,3838,3839,-1,3839,3838,3840,-1,3839,3840,3841,-1,3841,3840,3842,-1,3841,3842,3843,-1,3844,3845,3846,-1,3847,3844,3848,-1,3848,3844,3846,-1,3848,3846,3849,-1,3849,3846,3850,-1,3849,3850,3851,-1,3851,3850,3852,-1,3851,3852,3843,-1,3843,3852,3853,-1,3843,3853,3841,-1,3854,3845,3844,-1,3847,3855,3856,-1,3847,3856,3844,-1,3844,3856,3857,-1,3844,3857,3854,-1,3858,3859,3860,-1,3860,3861,3862,-1,3858,3860,3863,-1,3863,3860,3862,-1,3863,3862,3864,-1,3865,3866,3867,-1,3868,3869,3870,-1,3868,3870,3867,-1,3867,3870,3871,-1,3867,3871,3865,-1,3872,3873,3874,-1,3874,3875,3876,-1,3872,3874,3877,-1,3877,3874,3876,-1,3877,3876,3878,-1,3847,3848,3879,-1,3879,3880,3881,-1,3881,3880,3882,-1,3881,3882,3883,-1,3883,3884,3881,-1,3881,3884,3885,-1,3881,3885,3886,-1,3886,3887,3881,-1,3881,3887,3888,-1,3881,3888,3889,-1,3889,3890,3881,-1,3881,3890,3891,-1,3881,3891,3879,-1,3879,3891,3892,-1,3879,3892,3893,-1,3893,3894,3879,-1,3879,3894,3855,-1,3879,3855,3847,-1,3848,3849,3879,-1,3879,3849,3851,-1,3879,3851,2695,-1,2695,3851,3843,-1,2695,3843,3842,-1,3842,3840,2695,-1,2695,3840,3838,-1,2695,3838,3836,-1,3836,3834,2695,-1,2695,3834,3832,-1,2695,3832,3830,-1,3830,3829,2695,-1,2695,3829,3825,-1,2695,3825,2735,-1,2735,2737,2695,-1,2695,2737,3895,-1,2695,3895,2697,-1,3896,3897,3898,-1,3898,3897,3899,-1,3898,3899,3900,-1,3901,3902,3903,-1,3903,3902,3900,-1,3904,3905,3906,-1,3904,3906,3907,-1,3901,3908,3902,-1,3902,3908,3909,-1,3902,3909,3906,-1,3906,3909,3910,-1,3906,3910,3907,-1,3900,3902,3898,-1,3898,3902,3911,-1,3898,3911,3912,-1,3913,3914,3868,-1,3914,3915,3868,-1,3868,3915,3916,-1,3868,3916,3869,-1,3917,3918,3919,-1,3920,3921,3922,-1,3923,3924,3925,-1,3923,3925,3922,-1,3922,3925,3926,-1,3922,3926,3920,-1,3927,3928,3922,-1,3927,3922,3929,-1,3919,3923,3917,-1,3917,3923,3922,-1,3917,3922,3930,-1,3930,3922,3928,-1,3921,3931,3922,-1,3922,3931,3932,-1,3922,3932,3933,-1,3933,3934,3922,-1,3922,3934,3935,-1,3922,3935,3929,-1,3918,3917,3916,-1,3916,3917,3936,-1,3916,3936,3869,-1,3872,3937,3868,-1,3868,3937,3938,-1,3868,3938,3939,-1,3939,3940,3868,-1,3868,3940,3941,-1,3868,3941,3913,-1,3912,3942,3898,-1,3898,3942,3943,-1,3898,3943,3944,-1,3944,3943,3945,-1,3944,3945,3946,-1,3872,3868,3873,-1,3873,3868,3947,-1,3873,3947,3948,-1,3948,3947,3945,-1,3945,3947,3949,-1,3945,3949,3946,-1,2694,3950,2695,-1,2695,3950,3951,-1,2695,3951,3952,-1,3953,3954,2695,-1,3952,3955,2695,-1,2695,3955,3956,-1,2695,3956,3957,-1,3896,3898,3958,-1,3958,3898,3959,-1,3958,3959,3960,-1,3961,3962,3963,-1,3963,3962,3964,-1,3963,3964,3957,-1,3960,3959,3963,-1,3963,3959,3965,-1,3963,3965,3961,-1,3957,3964,2695,-1,2695,3964,3966,-1,2695,3966,3953,-1,3954,3967,2695,-1,2695,3967,3968,-1,2695,3968,3879,-1,3879,3968,3969,-1,3879,3969,3859,-1,3970,3971,3858,-1,3858,3971,3859,-1,3972,3973,3974,-1,3974,3973,3975,-1,3974,3975,3976,-1,3859,3971,3974,-1,3974,3971,3977,-1,3974,3977,3972,-1,3978,3979,3859,-1,3976,3980,3974,-1,3974,3980,3981,-1,3974,3981,3859,-1,3859,3981,3982,-1,3859,3982,3978,-1,3979,3983,3859,-1,3859,3983,3984,-1,3859,3984,3879,-1,3390,3389,3407,-1,2756,3985,2758,-1,2758,3985,2760,-1,2756,2754,3985,-1,3985,2754,2752,-1,3985,2752,2750,-1,2750,2748,3985,-1,3985,2748,2764,-1,3985,2764,3986,-1,3987,3988,3989,-1,3989,3990,3987,-1,3987,3990,3991,-1,3987,3991,3992,-1,3986,3993,3985,-1,3985,3993,3990,-1,3985,3990,3994,-1,3994,3990,3989,-1,3420,3421,3995,-1,3995,3421,3422,-1,3995,3422,3996,-1,3996,3422,3423,-1,3996,3423,3997,-1,3997,3423,3424,-1,3997,3424,3985,-1,3985,3424,3425,-1,3985,3425,2760,-1,3995,3998,3420,-1,3420,3998,3999,-1,3420,3999,3419,-1,3419,3999,4000,-1,3419,4000,3418,-1,3418,4000,4001,-1,3418,4001,3417,-1,3417,4001,3416,-1,3416,4001,4002,-1,3416,4002,3415,-1,3415,4002,4003,-1,3415,4003,3414,-1,4003,4004,3414,-1,3414,4004,4005,-1,3414,4005,3413,-1,3413,4005,4006,-1,3391,3390,4007,-1,4007,3390,3407,-1,4007,3407,4008,-1,4008,3407,3408,-1,4008,3408,4009,-1,4009,3408,3409,-1,4009,3409,4010,-1,4010,3409,3410,-1,4010,3410,4011,-1,4011,3410,3411,-1,4011,3411,4006,-1,4006,3411,3412,-1,4006,3412,3413,-1,2764,2766,3986,-1,3986,2766,2802,-1,3986,2802,3993,-1,3993,2802,3990,-1,2802,2801,3990,-1,3990,2801,2800,-1,3990,2800,3991,-1,3991,2800,2799,-1,3991,2799,3992,-1,3992,2799,2798,-1,3992,2798,4012,-1,4012,2798,4013,-1,4012,4013,4014,-1,4014,4013,4015,-1,4014,4015,4016,-1,4016,4015,4017,-1,4016,4017,4018,-1,4018,4017,4019,-1,4018,4019,4020,-1,4020,4019,4021,-1,4020,4021,4022,-1,4023,4024,3133,-1,3133,4024,4025,-1,3133,4025,4026,-1,4026,4025,4027,-1,4026,4027,4028,-1,4028,4027,4029,-1,4028,4029,4022,-1,4022,4029,4030,-1,4022,4030,4020,-1,3143,4031,3142,-1,3142,4031,4023,-1,3142,4023,3145,-1,3145,4023,3133,-1,3136,4032,4033,-1,4033,4034,3136,-1,3136,4034,4035,-1,3136,4035,3137,-1,3137,4035,4036,-1,3137,4036,3143,-1,3143,4036,4037,-1,3143,4037,4031,-1,2826,4038,2828,-1,2828,4038,4039,-1,2828,4039,3130,-1,3130,4039,4032,-1,3130,4032,3139,-1,3139,4032,3136,-1,2834,2835,2844,-1,2824,2834,2829,-1,2829,2834,2844,-1,2829,2844,2836,-1,4034,4040,4041,-1,4032,4039,4042,-1,4042,4039,4038,-1,4042,4038,2838,-1,2838,4038,2826,-1,2838,2826,2836,-1,2836,2826,2830,-1,2836,2830,2829,-1,4040,4034,4042,-1,4042,4034,4033,-1,4042,4033,4032,-1,4041,4043,4034,-1,4034,4043,4044,-1,4034,4044,4035,-1,4035,4044,4045,-1,4035,4045,4036,-1,4036,4045,4037,-1,4024,4023,4046,-1,4046,4023,4031,-1,4046,4031,4047,-1,4045,4048,4037,-1,4037,4048,4049,-1,4037,4049,4031,-1,4031,4049,4050,-1,4031,4050,4047,-1,4042,2838,2843,-1,3135,4051,4046,-1,4046,4051,4052,-1,4052,4051,4053,-1,4052,4053,4054,-1,4054,4053,4055,-1,4054,4055,4056,-1,4056,4055,4057,-1,4056,4057,4058,-1,4058,4057,4059,-1,4058,4059,4060,-1,4060,4059,4061,-1,4060,4061,4062,-1,4062,4061,3129,-1,4062,3129,4063,-1,3129,3128,4063,-1,4063,3128,3127,-1,4063,3127,4064,-1,4064,3127,3126,-1,4064,3126,4065,-1,4065,3126,3125,-1,4065,3125,4066,-1,4066,3125,3124,-1,4066,3124,4067,-1,4067,3124,4068,-1,4068,3124,3123,-1,4068,3123,4069,-1,3120,4070,3121,-1,3121,4070,4069,-1,3121,4069,3122,-1,3122,4069,3123,-1,3135,4046,3134,-1,3134,4046,4047,-1,3134,4047,3132,-1,3132,4047,4050,-1,3132,4050,3144,-1,4050,4049,3144,-1,3144,4049,4048,-1,3144,4048,3140,-1,3140,4048,4045,-1,3140,4045,3141,-1,3141,4045,4044,-1,4044,4043,3141,-1,3141,4043,4041,-1,3141,4041,3138,-1,3138,4041,3131,-1,3131,4041,2843,-1,2843,4041,4040,-1,2843,4040,4042,-1,4071,4072,4073,-1,4074,3118,3117,-1,4074,3117,4075,-1,4075,3117,3116,-1,4075,3116,4076,-1,4076,3116,3115,-1,4076,3115,4077,-1,4077,3115,3112,-1,4077,3112,4078,-1,4078,3112,3111,-1,4078,3111,4073,-1,4073,3111,3114,-1,4073,3114,4071,-1,3118,4074,3119,-1,3119,4074,4070,-1,3119,4070,3120,-1,3110,3109,4079,-1,4071,3114,3110,-1,3110,4079,4071,-1,4071,4079,4080,-1,4071,4080,4072,-1,3095,2850,2849,-1,4081,4080,4082,-1,4082,4080,4079,-1,4082,4079,2849,-1,2849,4079,3109,-1,2849,3109,3095,-1,3095,3109,3108,-1,3095,3108,3099,-1,2866,2871,4083,-1,4082,2849,2866,-1,2866,4083,4082,-1,4082,4083,4084,-1,4082,4084,4081,-1,2871,2877,4085,-1,2871,4085,4083,-1,4083,4085,4086,-1,4083,4086,4084,-1,2877,2879,4087,-1,2877,4087,4085,-1,4085,4087,4088,-1,4085,4088,4086,-1,2879,2878,3090,-1,3059,2884,2883,-1,4089,4088,4090,-1,4090,4088,4087,-1,4090,4087,2883,-1,4087,2879,2883,-1,2883,2879,3090,-1,2883,3090,3059,-1,3059,3090,3089,-1,3059,3089,3060,-1,2883,2885,4091,-1,2883,4091,4090,-1,4090,4091,4092,-1,4090,4092,4089,-1,2885,2887,4093,-1,2885,4093,4091,-1,4091,4093,4094,-1,4091,4094,4092,-1,2882,2908,4095,-1,4093,2887,2882,-1,2882,4095,4093,-1,4093,4095,4096,-1,4093,4096,4094,-1,2908,2909,3040,-1,3025,2911,2926,-1,4097,4096,4098,-1,4098,4096,4095,-1,4098,4095,2926,-1,4095,2908,2926,-1,2926,2908,3040,-1,2926,3040,3025,-1,3025,3040,3056,-1,3025,3056,3026,-1,2928,2933,4099,-1,4098,2926,2928,-1,2928,4099,4098,-1,4098,4099,4100,-1,4098,4100,4097,-1,2933,2939,4101,-1,2933,4101,4099,-1,4099,4101,4102,-1,4099,4102,4100,-1,2939,2938,4103,-1,2939,4103,4101,-1,4101,4103,4104,-1,4101,4104,4102,-1,2938,2940,3006,-1,2991,2943,2942,-1,4105,4104,4103,-1,4106,4105,4107,-1,4107,4105,4103,-1,4107,4103,2942,-1,3006,3022,4108,-1,4103,2938,2942,-1,2942,2938,3006,-1,2942,3006,2991,-1,2991,3006,4108,-1,2991,4108,2992,-1,2942,2944,4109,-1,2942,4109,4107,-1,4107,4109,4110,-1,4107,4110,4106,-1,2944,2946,4111,-1,2944,4111,4109,-1,4109,4111,4112,-1,4109,4112,4110,-1,2951,2971,4113,-1,4111,2946,2951,-1,2951,4113,4111,-1,4111,4113,4114,-1,4111,4114,4112,-1,2972,2988,4115,-1,4115,2988,4116,-1,2970,2972,2971,-1,2971,2972,4115,-1,2971,4115,4113,-1,4113,4115,4117,-1,4113,4117,4114,-1,2992,4108,3147,-1,3033,3034,3058,-1,3058,3034,3035,-1,3058,3035,3036,-1,3036,3037,3058,-1,3058,3037,3031,-1,3058,3031,3030,-1,3030,3029,3058,-1,3058,3029,3028,-1,3058,3028,3027,-1,3027,3026,3058,-1,3058,3026,3056,-1,3058,3056,3055,-1,3055,3054,3058,-1,3058,3054,3053,-1,3058,3053,3052,-1,3052,3051,3058,-1,3058,3051,3050,-1,3058,3050,3049,-1,3049,3048,3058,-1,3058,3048,3047,-1,3058,3047,3046,-1,3046,3045,3058,-1,3058,3045,3044,-1,3058,3044,3042,-1,3042,3044,3043,-1,3038,3039,3058,-1,3058,3039,3032,-1,3058,3032,3033,-1,3089,3088,4019,-1,3017,3016,3062,-1,4108,3022,3147,-1,3147,3022,3021,-1,3147,3021,3020,-1,3020,3019,3147,-1,3147,3019,3018,-1,3147,3018,3017,-1,3009,3010,3073,-1,3009,3073,3008,-1,3008,3073,3072,-1,3008,3072,3071,-1,3070,3014,3071,-1,3071,3014,3013,-1,3071,3013,3008,-1,3070,3069,3014,-1,3014,3069,3068,-1,3014,3068,3067,-1,3067,3066,3014,-1,3014,3066,3065,-1,3014,3065,3064,-1,3016,3015,3062,-1,3062,3015,3014,-1,3062,3014,3063,-1,3063,3014,3064,-1,3017,3062,3147,-1,3147,3062,3061,-1,3147,3061,3060,-1,3010,3011,3073,-1,3073,3011,3012,-1,3073,3012,3058,-1,3058,3012,3023,-1,3058,3023,3038,-1,4019,3088,4021,-1,3088,3087,4059,-1,4059,3087,3086,-1,4059,3086,4061,-1,4061,3086,3129,-1,3129,3086,3085,-1,3129,3085,3084,-1,3081,3113,3082,-1,3082,3113,3129,-1,3082,3129,3083,-1,3083,3129,3084,-1,3081,3080,3113,-1,3113,3080,3079,-1,3113,3079,3108,-1,4057,4055,4028,-1,4057,4028,4059,-1,4051,3135,3133,-1,4055,4053,4028,-1,4028,4053,4051,-1,4028,4051,4026,-1,4026,4051,3133,-1,4059,4028,3088,-1,3088,4028,4022,-1,3088,4022,4021,-1,3079,3078,3108,-1,3108,3078,3077,-1,3108,3077,3076,-1,3076,3075,3108,-1,3108,3075,3091,-1,3108,3091,3106,-1,3106,3107,3108,-1,3108,3107,3100,-1,3108,3100,3101,-1,3101,3102,3108,-1,3108,3102,3103,-1,3108,3103,3104,-1,3104,3105,3108,-1,3108,3105,3094,-1,3108,3094,3093,-1,3093,3096,3108,-1,3108,3096,3097,-1,3108,3097,3099,-1,3099,3097,3098,-1,4017,3147,4019,-1,4019,3147,3060,-1,4019,3060,3089,-1,4017,4015,3147,-1,3147,4015,4013,-1,3147,4013,2798,-1,4118,4116,2988,-1,2988,2987,4118,-1,4118,2987,2986,-1,4118,2986,2985,-1,4118,2982,2981,-1,2985,2984,4118,-1,4118,2984,2983,-1,4118,2983,2982,-1,2981,2980,4118,-1,4118,2980,2979,-1,4118,2979,4116,-1,4116,2979,2978,-1,4116,2978,2977,-1,2977,2976,4116,-1,4116,2976,2975,-1,4116,2975,2974,-1,2974,2990,4116,-1,4116,2990,3005,-1,4116,3005,4119,-1,4119,3005,3004,-1,3004,3003,4119,-1,4119,3003,3002,-1,4119,3002,3001,-1,2997,2996,3163,-1,3001,3000,4119,-1,4119,3000,2999,-1,4119,2999,3163,-1,3163,2999,2998,-1,3163,2998,2997,-1,2996,2995,3163,-1,3163,2995,2994,-1,3163,2994,3147,-1,3147,2994,2993,-1,3147,2993,2992,-1,4120,4121,3245,-1,3245,4121,3502,-1,3245,3502,3210,-1,3210,3502,3500,-1,3210,3500,3212,-1,3212,3500,3523,-1,3212,3523,4122,-1,4122,4123,3212,-1,3212,4123,4124,-1,3212,4124,4125,-1,4125,4124,4126,-1,4125,4126,4127,-1,4128,4129,4130,-1,4130,4129,4131,-1,4130,4131,4132,-1,4132,4133,4130,-1,4130,4133,4134,-1,4130,4134,4135,-1,4135,4134,3310,-1,4135,3310,4136,-1,4136,3310,3309,-1,4136,3309,4126,-1,4126,3309,4137,-1,4126,4137,4127,-1,4138,4139,3164,-1,4138,3164,4140,-1,4140,3164,3169,-1,4140,3169,4130,-1,4130,3169,4141,-1,4130,4141,4128,-1,4139,4142,3164,-1,3164,4142,4143,-1,3164,4143,4144,-1,4144,4145,3164,-1,3164,4145,4146,-1,3164,4146,4147,-1,4147,4148,3278,-1,3278,4148,4149,-1,3278,4149,4150,-1,4150,4151,3278,-1,3278,4151,4152,-1,3278,4152,4153,-1,4154,4155,4156,-1,4154,4156,4157,-1,4153,4158,3278,-1,3278,4158,4159,-1,3278,4159,4157,-1,4155,4160,4156,-1,4156,4160,4161,-1,4156,4161,4162,-1,4163,4164,3278,-1,4157,4156,3278,-1,3278,4156,4165,-1,3278,4165,4166,-1,4166,4167,3278,-1,3278,4167,4168,-1,3278,4168,4169,-1,4169,4170,3278,-1,3278,4170,4171,-1,3278,4171,4163,-1,4162,4161,3245,-1,3245,4161,4172,-1,3245,4172,4120,-1,4164,4173,3278,-1,3278,4173,4174,-1,3278,4174,4175,-1,4175,4176,3278,-1,3278,4176,4177,-1,3278,4177,3280,-1,3278,3277,4178,-1,4147,3278,3164,-1,3164,3278,4178,-1,3164,4178,3165,-1,3228,3227,4179,-1,449,193,4180,-1,3229,3228,4180,-1,4180,3228,4179,-1,4180,4179,449,-1,3219,440,4181,-1,4182,3222,428,-1,428,3222,3221,-1,428,3221,4181,-1,4181,3221,3220,-1,4181,3220,3219,-1,4179,3227,3226,-1,449,4179,425,-1,425,4179,3226,-1,425,3226,4183,-1,4183,3226,3225,-1,4183,3225,426,-1,426,3225,3224,-1,426,3224,4182,-1,4182,3224,3223,-1,4182,3223,3222,-1,4184,440,3219,-1,3219,3218,4184,-1,4184,3218,3217,-1,4184,3217,441,-1,441,3217,4185,-1,3217,3216,4185,-1,4185,3216,3215,-1,4185,3215,444,-1,444,3215,3214,-1,444,3214,4186,-1,4186,3214,3213,-1,4186,3213,437,-1,437,3213,3209,-1,437,3209,4187,-1,4187,3209,3211,-1,4187,3211,438,-1,438,3211,3212,-1,438,3212,4188,-1,4188,3212,4125,-1,4188,4125,439,-1,439,4125,4127,-1,3323,4189,3322,-1,3322,4189,4190,-1,3322,4190,3325,-1,3325,4190,433,-1,3325,433,3309,-1,3309,433,4191,-1,3309,4191,4137,-1,4137,4191,435,-1,4137,435,4127,-1,4127,435,4192,-1,4127,4192,439,-1,4193,4194,3323,-1,3323,4194,4195,-1,3323,4195,4189,-1,3312,4196,3313,-1,3313,4196,4197,-1,3313,4197,3323,-1,3323,4197,4198,-1,3323,4198,4193,-1,3301,4199,3299,-1,3299,4199,4200,-1,3299,4200,3317,-1,3317,4200,4196,-1,3317,4196,3319,-1,3319,4196,3312,-1,3295,3383,3382,-1,3307,3383,3308,-1,3308,3383,3295,-1,3308,3295,3293,-1,4198,4201,4202,-1,4196,4200,4203,-1,4203,4200,4199,-1,4203,4199,3384,-1,3384,4199,3301,-1,3384,3301,3382,-1,3382,3301,3296,-1,3382,3296,3295,-1,4201,4198,4203,-1,4203,4198,4197,-1,4203,4197,4196,-1,4202,4204,4198,-1,4198,4204,4205,-1,4198,4205,4193,-1,4193,4205,4206,-1,4193,4206,4194,-1,4194,4206,4195,-1,433,4190,431,-1,431,4190,4189,-1,431,4189,4207,-1,4206,4208,4195,-1,4195,4208,4209,-1,4195,4209,4189,-1,4189,4209,4210,-1,4189,4210,4207,-1,431,3311,3310,-1,431,3310,4211,-1,4211,3310,4134,-1,4211,4134,421,-1,421,4134,4133,-1,421,4133,4212,-1,4212,4133,4132,-1,4212,4132,4213,-1,4213,4132,423,-1,423,4132,4131,-1,423,4131,4214,-1,4141,4215,4128,-1,4128,4215,424,-1,4214,4131,424,-1,424,4131,4129,-1,424,4129,4128,-1,3347,3440,3348,-1,3348,3440,4216,-1,3348,4216,3349,-1,3349,4216,4217,-1,3349,4217,3350,-1,3350,4217,4218,-1,3350,4218,3351,-1,3351,4218,4219,-1,3351,4219,3169,-1,3169,4219,408,-1,3169,408,4141,-1,4141,408,450,-1,4141,450,4215,-1,3311,431,3324,-1,3324,431,4207,-1,3324,4207,3320,-1,3320,4207,4210,-1,3320,4210,3321,-1,4210,4209,3321,-1,3321,4209,4208,-1,3321,4208,3314,-1,3314,4208,4206,-1,3314,4206,3315,-1,3315,4206,4205,-1,4205,4204,3315,-1,3315,4204,4202,-1,3315,4202,3316,-1,3316,4202,4201,-1,3316,4201,3318,-1,3318,4201,4203,-1,3318,4203,3384,-1,3440,4220,4216,-1,4216,4220,4217,-1,408,4219,4220,-1,4220,4219,4218,-1,4220,4218,4217,-1,4221,4222,3437,-1,316,4220,4223,-1,4223,4220,3440,-1,4223,3440,4221,-1,4221,3440,3439,-1,4221,3439,4222,-1,4222,3439,3438,-1,4222,3438,3437,-1,3437,3436,4221,-1,4221,3436,3435,-1,4221,3435,3434,-1,3393,3394,4224,-1,4225,3403,4226,-1,4226,3403,3404,-1,4226,3404,4227,-1,4227,3404,3405,-1,4227,3405,4228,-1,4228,3405,3406,-1,4228,3406,4224,-1,4224,3406,3388,-1,4224,3388,3393,-1,3399,3400,4229,-1,4229,3400,3401,-1,4229,3401,4225,-1,4225,3401,3402,-1,4225,3402,3403,-1,4230,3396,4231,-1,4231,3396,3395,-1,4229,4232,3399,-1,3399,4232,4233,-1,3399,4233,3395,-1,3395,4233,4234,-1,3395,4234,4231,-1,3434,3433,4221,-1,4221,3433,3426,-1,4221,3426,4235,-1,4235,3426,3427,-1,4235,3427,4236,-1,4236,3427,3428,-1,4236,3428,4237,-1,4237,3428,4238,-1,3428,3429,4238,-1,4238,3429,3430,-1,4238,3430,4239,-1,4239,3430,3431,-1,4239,3431,4240,-1,4240,3431,3432,-1,4240,3432,4241,-1,4241,3432,3398,-1,4241,3398,4230,-1,4230,3398,3397,-1,4230,3397,3396,-1,4138,4140,4242,-1,4138,4242,4243,-1,4243,4242,429,-1,4243,429,422,-1,4242,4140,4130,-1,443,446,4244,-1,4244,446,4123,-1,4244,4123,4122,-1,446,4245,4123,-1,4123,4245,445,-1,4123,445,4124,-1,445,4246,4124,-1,4124,4246,436,-1,4124,436,4126,-1,436,4247,4126,-1,4126,4247,4248,-1,4126,4248,4136,-1,4136,4248,434,-1,4136,434,4135,-1,4135,434,4249,-1,4135,4249,4130,-1,4130,4249,432,-1,429,4242,430,-1,430,4242,4130,-1,430,4130,4250,-1,4250,4130,432,-1,442,443,4244,-1,442,4244,4251,-1,4251,4244,4122,-1,4251,4122,3523,-1,3512,3493,3494,-1,4251,3523,3522,-1,4252,442,4251,-1,4251,3522,4252,-1,4252,3522,3521,-1,4252,3521,427,-1,3512,3494,3513,-1,427,3521,448,-1,448,3521,3520,-1,448,3520,4253,-1,4253,3520,3519,-1,4253,3519,447,-1,447,3519,3518,-1,447,3518,4254,-1,4254,3518,3517,-1,4254,3517,4255,-1,4255,3517,3516,-1,4255,3516,4256,-1,4256,3516,3515,-1,4256,3515,4257,-1,4257,3515,3514,-1,4257,3514,4258,-1,4258,3514,3513,-1,4258,3513,4259,-1,4259,3513,3494,-1,4259,3494,3495,-1,3496,4260,171,-1,171,3467,3469,-1,3469,3470,171,-1,171,3470,3472,-1,171,3472,3478,-1,3478,3477,171,-1,171,3477,3475,-1,171,3475,3474,-1,3474,3481,171,-1,171,3481,3482,-1,171,3482,3485,-1,3485,3491,171,-1,171,3491,3492,-1,171,3492,3496,-1,4260,4261,171,-1,171,4261,4262,-1,171,4262,4263,-1,4263,4264,171,-1,171,4264,4265,-1,171,4265,172,-1,4255,171,4254,-1,4254,171,447,-1,4255,4256,171,-1,171,4256,4257,-1,171,4257,4258,-1,4258,4259,171,-1,171,4259,3495,-1,171,3495,3462,-1,3462,3461,171,-1,171,3461,3460,-1,171,3460,3459,-1,3459,3457,171,-1,171,3457,3456,-1,171,3456,3453,-1,3453,3452,171,-1,171,3452,3449,-1,171,3449,3441,-1,3441,3443,171,-1,171,3443,3445,-1,171,3445,3467,-1,3497,3498,3511,-1,4266,187,188,-1,3502,4266,3501,-1,3501,4266,188,-1,3501,188,3499,-1,3499,188,4267,-1,3499,4267,3503,-1,3503,4267,174,-1,3503,174,3504,-1,4263,3507,4264,-1,4264,3507,3506,-1,4264,3506,4265,-1,4265,3506,3505,-1,4265,3505,172,-1,172,3505,3504,-1,172,3504,4268,-1,4268,3504,174,-1,3496,3497,4260,-1,4260,3497,3511,-1,4260,3511,4261,-1,4261,3511,3510,-1,4261,3510,4262,-1,4262,3510,3509,-1,4262,3509,4263,-1,4263,3509,3508,-1,4263,3508,3507,-1,3502,4121,4269,-1,3502,4269,4266,-1,4266,4269,185,-1,4266,185,187,-1,4269,4121,4120,-1,197,202,4270,-1,4270,202,4154,-1,4270,4154,4157,-1,202,4271,4154,-1,4154,4271,201,-1,4154,201,4155,-1,201,4272,4155,-1,4155,4272,199,-1,4155,199,4160,-1,199,4273,4160,-1,4160,4273,4274,-1,4160,4274,4161,-1,4161,4274,176,-1,4161,176,4172,-1,4172,176,4275,-1,4172,4275,4120,-1,4120,4275,181,-1,185,4269,183,-1,183,4269,4120,-1,183,4120,4276,-1,4276,4120,181,-1,4157,4159,4277,-1,4157,4277,4270,-1,4270,4277,194,-1,4270,194,197,-1,4277,4159,4158,-1,4149,4148,219,-1,219,4148,4278,-1,219,4278,216,-1,219,4279,4149,-1,4149,4279,222,-1,4149,222,4150,-1,222,4280,4150,-1,4150,4280,224,-1,4150,224,4151,-1,224,4281,4151,-1,4151,4281,4282,-1,4151,4282,4152,-1,4152,4282,226,-1,4152,226,4153,-1,4153,226,4283,-1,4153,4283,4158,-1,4158,4283,229,-1,194,4277,195,-1,195,4277,4158,-1,195,4158,4284,-1,4284,4158,229,-1,416,216,4278,-1,416,4278,4285,-1,4285,4278,4148,-1,4285,4148,4147,-1,4285,4147,4146,-1,416,4285,4286,-1,4286,4285,4146,-1,4286,4146,414,-1,414,4146,4145,-1,414,4145,4287,-1,4287,4145,413,-1,413,4145,4144,-1,413,4144,4288,-1,4288,4144,417,-1,417,4144,4143,-1,417,4143,4289,-1,4289,4143,418,-1,418,4143,4142,-1,418,4142,4290,-1,4290,4142,419,-1,419,4142,4139,-1,419,4139,4291,-1,4139,4138,4243,-1,4243,422,4139,-1,4139,422,420,-1,4139,420,4291,-1,2384,2383,4292,-1,4292,2383,4293,-1,4293,2383,2382,-1,4293,2382,4294,-1,4294,2382,2381,-1,4294,2381,4295,-1,2381,2379,4295,-1,4295,2379,2377,-1,4295,2377,4296,-1,4296,2377,2376,-1,4296,2376,4297,-1,4298,3532,3531,-1,4292,4299,2384,-1,2384,4299,4300,-1,2384,4300,2385,-1,2385,4300,4301,-1,2385,4301,2386,-1,2386,4301,4302,-1,2386,4302,2387,-1,2387,4302,4303,-1,2387,4303,2388,-1,2388,4303,4304,-1,2388,4304,2389,-1,2389,4304,4298,-1,2389,4298,2390,-1,2390,4298,3531,-1,2390,3531,2392,-1,2412,2413,3536,-1,2412,3536,4305,-1,4305,3536,3542,-1,4305,3542,4306,-1,3557,3571,3558,-1,3558,3571,3554,-1,3557,3556,3571,-1,3571,3556,3555,-1,3571,3555,3559,-1,3563,3564,4307,-1,3564,3565,4307,-1,4307,3565,3566,-1,4307,3566,4308,-1,3566,3567,4308,-1,4308,3567,3568,-1,4308,3568,4307,-1,4307,3568,3569,-1,4307,3569,3578,-1,3582,3581,4307,-1,4307,3581,3562,-1,4307,3562,3563,-1,3578,3584,4307,-1,4307,3584,3583,-1,4307,3583,3582,-1,3581,3580,3562,-1,3562,3580,3579,-1,3562,3579,3577,-1,3577,3576,3562,-1,3562,3576,3575,-1,3562,3575,3574,-1,3559,3560,3571,-1,3571,3560,3562,-1,3571,3562,3572,-1,3572,3562,3574,-1,3554,3571,3545,-1,3545,3571,3585,-1,3545,3585,3587,-1,3587,3588,3545,-1,3545,3588,3589,-1,3545,3589,3546,-1,3546,3589,3590,-1,3591,3549,3550,-1,3550,3551,3591,-1,3591,3551,3552,-1,3591,3552,3590,-1,3590,3552,3548,-1,3590,3548,3546,-1,3549,3591,3543,-1,3543,3591,3592,-1,3543,3592,3534,-1,3593,3539,3592,-1,3592,3539,3538,-1,3538,3537,3592,-1,3592,3537,3535,-1,3592,3535,3534,-1,3594,3542,3595,-1,3595,3542,3541,-1,3595,3541,3593,-1,3593,3541,3540,-1,3593,3540,3539,-1,3524,4309,4310,-1,4310,4311,3524,-1,3524,4311,4312,-1,3524,4312,4313,-1,3594,3596,3542,-1,3542,3596,3597,-1,3542,3597,4306,-1,4313,4314,3524,-1,3524,4314,4315,-1,3524,4315,3525,-1,3525,4315,4306,-1,3525,4306,3598,-1,3598,4306,3597,-1,3528,3529,3532,-1,3528,3532,3524,-1,3532,4298,3524,-1,3524,4298,4304,-1,3524,4304,4303,-1,4303,4302,3524,-1,3524,4302,4301,-1,3524,4301,4300,-1,4300,4299,3524,-1,3524,4299,4292,-1,3524,4292,4293,-1,4293,4294,3524,-1,3524,4294,4295,-1,3524,4295,4309,-1,4309,4295,4296,-1,4309,4296,4297,-1,2600,2599,4316,-1,2600,4316,3691,-1,3691,4316,4317,-1,3691,4317,3692,-1,3820,3821,3291,-1,3759,3758,3789,-1,3789,3758,3760,-1,3760,3761,3789,-1,3789,3761,3762,-1,3789,3762,3763,-1,3763,3765,3789,-1,3789,3765,3766,-1,3789,3766,3767,-1,3773,3775,3774,-1,4318,3769,3770,-1,3773,3774,3771,-1,3770,3771,4318,-1,4318,3771,3774,-1,4318,3774,3769,-1,3769,3774,3776,-1,3769,3776,3777,-1,3777,3778,3769,-1,3769,3778,3779,-1,3769,3779,3781,-1,3782,3767,3781,-1,3781,3767,3768,-1,3781,3768,3769,-1,3782,3783,3767,-1,3767,3783,3784,-1,3767,3784,3785,-1,3785,3786,3767,-1,3767,3786,3787,-1,3767,3787,3789,-1,3752,3753,3800,-1,3800,3753,3754,-1,3800,3754,3801,-1,3801,3754,3755,-1,3801,3755,3803,-1,3803,3755,3750,-1,3803,3750,3802,-1,3802,3750,3749,-1,3802,3749,3789,-1,3789,3749,3757,-1,3789,3757,3759,-1,3740,3739,3799,-1,3799,3739,3746,-1,3799,3746,3800,-1,3800,3746,3751,-1,3800,3751,3752,-1,3740,3799,3741,-1,3741,3799,3798,-1,3741,3798,3742,-1,3795,3737,3796,-1,3796,3737,3745,-1,3796,3745,3797,-1,3797,3745,3744,-1,3797,3744,3798,-1,3798,3744,3743,-1,3798,3743,3742,-1,3814,3815,3716,-1,3814,3716,3813,-1,3813,3716,3812,-1,3812,3716,3735,-1,3812,3735,3811,-1,3811,3735,3734,-1,3811,3734,3810,-1,3806,3807,3734,-1,3806,3734,3805,-1,3807,3808,3734,-1,3734,3808,3809,-1,3734,3809,3810,-1,3734,3733,3805,-1,3805,3733,3725,-1,3805,3725,3724,-1,3728,3790,3727,-1,3727,3790,3805,-1,3727,3805,3726,-1,3726,3805,3724,-1,3795,3794,3737,-1,3737,3794,3793,-1,3737,3793,3731,-1,3731,3793,3791,-1,3731,3791,3732,-1,3732,3791,3790,-1,3732,3790,3729,-1,3729,3790,3728,-1,3820,3291,3819,-1,3815,3816,3716,-1,3716,3816,3817,-1,3716,3817,3291,-1,3291,3817,3818,-1,3291,3818,3819,-1,3821,3822,3707,-1,3707,3822,3823,-1,3707,3823,3706,-1,3706,3823,3824,-1,3706,3824,3705,-1,3707,3708,3821,-1,3821,3708,3709,-1,3821,3709,3710,-1,3710,3711,3821,-1,3821,3711,3712,-1,3821,3712,3713,-1,3713,3714,3821,-1,3821,3714,3715,-1,3821,3715,3291,-1,4319,4320,4321,-1,4321,4320,4322,-1,4323,4324,3619,-1,3612,3611,3703,-1,3703,3611,4325,-1,3705,3824,3704,-1,3704,3824,3607,-1,3704,3607,3701,-1,3701,3607,3605,-1,3701,3605,3702,-1,3702,3605,3602,-1,3702,3602,3703,-1,3703,3602,3601,-1,3703,3601,3612,-1,3611,3610,4325,-1,4325,3610,3609,-1,4325,3609,4324,-1,4324,3609,3608,-1,4324,3608,3619,-1,3617,4320,3618,-1,3618,4320,4319,-1,3618,4319,3619,-1,3619,4319,4326,-1,3619,4326,4323,-1,3632,3646,3692,-1,4327,3621,4328,-1,4328,3621,3632,-1,4328,3632,4317,-1,4317,3632,3692,-1,3620,3630,4329,-1,4329,3630,3629,-1,4329,3629,3628,-1,3628,3627,4329,-1,4329,3627,3626,-1,4329,3626,3625,-1,4327,4330,3621,-1,3621,4330,4331,-1,3621,4331,3622,-1,3622,4331,4329,-1,3622,4329,3624,-1,3624,4329,3625,-1,3617,3616,4320,-1,4320,3616,3615,-1,4320,3615,4332,-1,4332,3615,3614,-1,4332,3614,4329,-1,4329,3614,3613,-1,4329,3613,3620,-1,3646,3645,3692,-1,3692,3645,3644,-1,3692,3644,3693,-1,3693,3644,3643,-1,3693,3643,3698,-1,3698,3643,3697,-1,3639,3684,3683,-1,3683,3682,3639,-1,3639,3682,3689,-1,3639,3689,3694,-1,3697,3643,3696,-1,3696,3643,3642,-1,3696,3642,3695,-1,3695,3642,3641,-1,3695,3641,3694,-1,3694,3641,3640,-1,3694,3640,3639,-1,3684,3639,3685,-1,3685,3639,3638,-1,3685,3638,3686,-1,3636,3680,3637,-1,3637,3680,3688,-1,3637,3688,3638,-1,3638,3688,3687,-1,3638,3687,3686,-1,3650,3649,3666,-1,3636,3634,3680,-1,3680,3634,3633,-1,3680,3633,3666,-1,3666,3633,3648,-1,3666,3648,3650,-1,3654,3656,3673,-1,3673,3656,3657,-1,3673,3657,3658,-1,4333,3660,4334,-1,3660,3661,4334,-1,4334,3661,3662,-1,4334,3662,4333,-1,4333,3662,3664,-1,4333,3664,3672,-1,3672,3678,4333,-1,4333,3678,3677,-1,4333,3677,3660,-1,3660,3677,3676,-1,3660,3676,3675,-1,3658,3659,3673,-1,3673,3659,3660,-1,3673,3660,3674,-1,3674,3660,3675,-1,3671,3652,3673,-1,3673,3652,3653,-1,3673,3653,3654,-1,3671,3670,3652,-1,3652,3670,3669,-1,3652,3669,3668,-1,3649,3651,3666,-1,3666,3651,3652,-1,3666,3652,3667,-1,3667,3652,3668,-1,3700,3703,4325,-1,2543,3700,2542,-1,2542,3700,4325,-1,2542,4325,2540,-1,2540,4325,4324,-1,2540,4324,2546,-1,2546,4324,2547,-1,2547,4324,4323,-1,2547,4323,2549,-1,2549,4323,2502,-1,2502,4323,4326,-1,2502,4326,2581,-1,2581,4326,2582,-1,2582,4326,4319,-1,2582,4319,2583,-1,2583,4319,2584,-1,2584,4319,4321,-1,2584,4321,2591,-1,2591,4321,2586,-1,2586,4321,4322,-1,2586,4322,2588,-1,4180,193,192,-1,4335,3235,3234,-1,4335,3234,189,-1,189,3234,3233,-1,189,3233,4336,-1,4336,3233,3232,-1,4336,3232,190,-1,190,3232,3231,-1,190,3231,4337,-1,4337,3231,3230,-1,4337,3230,192,-1,192,3230,3229,-1,192,3229,4180,-1,3235,4335,3236,-1,3236,4335,191,-1,3236,191,3237,-1,3863,3864,4338,-1,4339,4340,4341,-1,4341,4340,4342,-1,4340,3984,3983,-1,4340,3983,4342,-1,4342,3983,3979,-1,4342,3979,4343,-1,4343,3979,3978,-1,4343,3978,4344,-1,4344,3978,3982,-1,4344,3982,3981,-1,3977,4345,3972,-1,3972,4345,4346,-1,3972,4346,3973,-1,3973,4346,4347,-1,3973,4347,3975,-1,3975,4347,4348,-1,3975,4348,3976,-1,3976,4348,4349,-1,3976,4349,3980,-1,3980,4349,4350,-1,3980,4350,3981,-1,3981,4350,4351,-1,3981,4351,4344,-1,3970,3858,3863,-1,3970,3863,3971,-1,3971,3863,4338,-1,3971,4338,3977,-1,3977,4338,4352,-1,3977,4352,4345,-1,4353,4354,4355,-1,3856,3855,3894,-1,3857,3856,4356,-1,4356,3856,3894,-1,4356,3894,4357,-1,4357,3894,3893,-1,4357,3893,4358,-1,4358,3893,3892,-1,4358,3892,4359,-1,3892,3891,4359,-1,4359,3891,3890,-1,4359,3890,4360,-1,4360,3890,4361,-1,4361,3890,3889,-1,4361,3889,4362,-1,4362,3889,3888,-1,4362,3888,4363,-1,4363,3888,3887,-1,4363,3887,4364,-1,4364,3887,3886,-1,4364,3886,4365,-1,4365,3886,3885,-1,4365,3885,4366,-1,4366,3885,3884,-1,4366,3884,4367,-1,4367,3884,4355,-1,4355,3884,3883,-1,4355,3883,4353,-1,4353,3883,3882,-1,4353,3882,3880,-1,4368,2745,2746,-1,3827,3828,4369,-1,4368,2746,4369,-1,4369,2746,3826,-1,4369,3826,3827,-1,3828,3831,4369,-1,4369,3831,3833,-1,4369,3833,3835,-1,3835,3837,4369,-1,4369,3837,3839,-1,4369,3839,3841,-1,3850,4370,3852,-1,3852,4370,4369,-1,3852,4369,3853,-1,3853,4369,3841,-1,3850,3846,4370,-1,4370,3846,3845,-1,4370,3845,3854,-1,3854,3857,4370,-1,4370,3857,4356,-1,4370,4356,4357,-1,4357,4358,4370,-1,4370,4358,4359,-1,4370,4359,4371,-1,4362,4372,4361,-1,4361,4372,4360,-1,4362,4363,4372,-1,4372,4363,4364,-1,4372,4364,4365,-1,4365,4366,4372,-1,4372,4366,4367,-1,4372,4367,4355,-1,4359,4360,4371,-1,4371,4360,4372,-1,4371,4372,4354,-1,4354,4372,4355,-1,4373,3961,3965,-1,4374,4375,4373,-1,4374,4373,4376,-1,4376,4373,3965,-1,4376,3965,3959,-1,3898,4377,3959,-1,3959,4377,4378,-1,3959,4378,4376,-1,3944,4379,3898,-1,3898,4379,4380,-1,3898,4380,4377,-1,4381,4382,3944,-1,3944,4382,4383,-1,3944,4383,4379,-1,3944,3946,4381,-1,4381,3946,3949,-1,4381,3949,4384,-1,4384,3949,4385,-1,4385,3949,3947,-1,4385,3947,4386,-1,3947,3868,3867,-1,4386,3947,4387,-1,4387,3947,3867,-1,4387,3867,3866,-1,4388,3953,3966,-1,3860,3859,3969,-1,3861,3860,4389,-1,4389,3860,4390,-1,3860,3969,4390,-1,4390,3969,3968,-1,4390,3968,4391,-1,4391,3968,4392,-1,4392,3968,3967,-1,4392,3967,4393,-1,4393,3967,4394,-1,4394,3967,3954,-1,4394,3954,4395,-1,3953,4388,3954,-1,3954,4388,4396,-1,3954,4396,4395,-1,3964,3962,4397,-1,4398,4399,4397,-1,4397,4399,4400,-1,4397,4400,3964,-1,3964,4400,4401,-1,3964,4401,3966,-1,3966,4401,4402,-1,3966,4402,4388,-1,4403,4404,4339,-1,4339,4341,4403,-1,4403,4341,4342,-1,4403,4342,4343,-1,4343,4344,4403,-1,4403,4344,4351,-1,4403,4351,4350,-1,4350,4349,4403,-1,4403,4349,4348,-1,4403,4348,4347,-1,4347,4346,4403,-1,4403,4346,4345,-1,4403,4345,4352,-1,4352,4338,4403,-1,4403,4338,3864,-1,4403,3864,3862,-1,3862,3861,4403,-1,4403,3861,4389,-1,4403,4389,4390,-1,4390,4391,4403,-1,4403,4391,4392,-1,4403,4392,4405,-1,4405,4392,4393,-1,4405,4393,4394,-1,4394,4395,4405,-1,4405,4395,4396,-1,4405,4396,4388,-1,4388,4402,4405,-1,4405,4402,4401,-1,4405,4401,4406,-1,4406,4401,4400,-1,4400,4399,4406,-1,4406,4399,4398,-1,4406,4398,4407,-1,4408,4409,4410,-1,3870,3869,3936,-1,3871,3870,4411,-1,4411,3870,3936,-1,4411,3936,4412,-1,4412,3936,3917,-1,4412,3917,4413,-1,4413,3917,3930,-1,4413,3930,4414,-1,3930,3928,4414,-1,4414,3928,3927,-1,4414,3927,4415,-1,4415,3927,4416,-1,4416,3927,3929,-1,4416,3929,4417,-1,4417,3929,3935,-1,4417,3935,4418,-1,4418,3935,3934,-1,4418,3934,4419,-1,4419,3934,3933,-1,4419,3933,4420,-1,4420,3933,3932,-1,4420,3932,4421,-1,4421,3932,3931,-1,4421,3931,4422,-1,4422,3931,4410,-1,4410,3931,3921,-1,4410,3921,4408,-1,4408,3921,3920,-1,4408,3920,3926,-1,4423,4424,4375,-1,4376,4378,4425,-1,4423,4375,4425,-1,4425,4375,4374,-1,4425,4374,4376,-1,4378,4377,4425,-1,4425,4377,4380,-1,4425,4380,4379,-1,4379,4383,4425,-1,4425,4383,4382,-1,4425,4382,4381,-1,4381,4384,4425,-1,4425,4384,4385,-1,4425,4385,4426,-1,4426,4385,4386,-1,4426,4386,4387,-1,4387,3866,4426,-1,4426,3866,3865,-1,4426,3865,3871,-1,3871,4411,4426,-1,4426,4411,4412,-1,4426,4412,4413,-1,4413,4414,4426,-1,4426,4414,4415,-1,4426,4415,4416,-1,4416,4417,4426,-1,4426,4417,4418,-1,4426,4418,4419,-1,4419,4420,4426,-1,4426,4420,4421,-1,4426,4421,4422,-1,4422,4410,4426,-1,4426,4410,4409,-1,4426,4409,4427,-1,4428,3925,3924,-1,4429,4428,4430,-1,4430,4428,3924,-1,4430,3924,4431,-1,4431,3924,3923,-1,4431,3923,4432,-1,4432,3923,3919,-1,4432,3919,4433,-1,4433,3919,3918,-1,4433,3918,3916,-1,4434,4435,3939,-1,3939,4435,4436,-1,3939,4436,3940,-1,3940,4436,4437,-1,3940,4437,3941,-1,3941,4437,4438,-1,3941,4438,3913,-1,3913,4438,4439,-1,3913,4439,3914,-1,3914,4439,4440,-1,3914,4440,3915,-1,3915,4440,4441,-1,3915,4441,3916,-1,3916,4441,4442,-1,3916,4442,4433,-1,3877,3878,4434,-1,3872,3877,3937,-1,3937,3877,4434,-1,3937,4434,3938,-1,3938,4434,3939,-1,3874,3873,3948,-1,3875,3874,4443,-1,4443,3874,3948,-1,4443,3948,4444,-1,4444,3948,3945,-1,3943,4445,3945,-1,3945,4445,4446,-1,3945,4446,4444,-1,3942,4447,3943,-1,3943,4447,4448,-1,3943,4448,4445,-1,4449,4450,3942,-1,3942,4450,4451,-1,3942,4451,4447,-1,3942,3912,4449,-1,4449,3912,3911,-1,4449,3911,4452,-1,4452,3911,4453,-1,4453,3911,3902,-1,4453,3902,4454,-1,4455,4456,4457,-1,3906,4455,3902,-1,3902,4455,4457,-1,3902,4457,4454,-1,3875,4443,4458,-1,4458,4443,4444,-1,4444,4446,4458,-1,4458,4446,4445,-1,4458,4445,4459,-1,4459,4445,4448,-1,4448,4447,4459,-1,4459,4447,4451,-1,4459,4451,4450,-1,4450,4449,4459,-1,4459,4449,4452,-1,4459,4452,4453,-1,4453,4454,4459,-1,4459,4454,4457,-1,4459,4457,4460,-1,4460,4457,4456,-1,4460,4456,4461,-1,4462,4429,4463,-1,4463,4429,4430,-1,4463,4430,4431,-1,4439,4438,4463,-1,4431,4432,4463,-1,4463,4432,4433,-1,4463,4433,4442,-1,4442,4441,4463,-1,4463,4441,4440,-1,4463,4440,4439,-1,4438,4437,4463,-1,4463,4437,4436,-1,4463,4436,4462,-1,4462,4436,4435,-1,4435,4434,4462,-1,4462,4434,3878,-1,4462,3878,4458,-1,4458,3878,3876,-1,4458,3876,3875,-1,3905,3904,4464,-1,4464,3904,4465,-1,4466,3904,4467,-1,4467,3904,3907,-1,4466,4468,3904,-1,3904,4468,4469,-1,3904,4469,4470,-1,4470,4471,3904,-1,3904,4471,4472,-1,3904,4472,4473,-1,4473,4474,3904,-1,3904,4474,4475,-1,3904,4475,4476,-1,4476,4477,3904,-1,3904,4477,4478,-1,3904,4478,4479,-1,4479,4480,3904,-1,3904,4480,4481,-1,3904,4481,4465,-1,4482,2697,3895,-1,4483,4482,4484,-1,4484,4482,3895,-1,4484,3895,2741,-1,2741,3895,2737,-1,4114,4117,4112,-1,4112,4117,3988,-1,4112,3988,4110,-1,4110,3988,3987,-1,4110,3987,4106,-1,4106,3987,4105,-1,4086,4088,4089,-1,4068,4069,4084,-1,4069,4070,4084,-1,4084,4070,4074,-1,4084,4074,4075,-1,4075,4076,4084,-1,4084,4076,4077,-1,4084,4077,4078,-1,4080,4081,4072,-1,4072,4081,4084,-1,4072,4084,4073,-1,4073,4084,4078,-1,4052,4054,4092,-1,4092,4054,4056,-1,4092,4056,4058,-1,4058,4060,4092,-1,4092,4060,4062,-1,4092,4062,4063,-1,4063,4064,4092,-1,4092,4064,4065,-1,4092,4065,4066,-1,4089,4092,4086,-1,4086,4092,4066,-1,4086,4066,4084,-1,4084,4066,4067,-1,4084,4067,4068,-1,3987,3992,4012,-1,4012,4014,3987,-1,3987,4014,4016,-1,3987,4016,4018,-1,4029,4094,4030,-1,4030,4094,3987,-1,4030,3987,4020,-1,4020,3987,4018,-1,4046,4052,4024,-1,4024,4052,4092,-1,4024,4092,4025,-1,4025,4092,4094,-1,4025,4094,4027,-1,4027,4094,4029,-1,4104,4105,4102,-1,4102,4105,3987,-1,4102,3987,4100,-1,4100,3987,4094,-1,4100,4094,4097,-1,4097,4094,4096,-1,4485,4486,4487,-1,4119,3163,4485,-1,4485,4487,4119,-1,4119,4487,4115,-1,4119,4115,4116,-1,4486,4485,4488,-1,4488,4485,4489,-1,4490,4491,4492,-1,4492,4491,4493,-1,4492,4493,4489,-1,4489,4493,4494,-1,4489,4494,4488,-1,4495,4496,4497,-1,4497,4496,4498,-1,4499,4500,4501,-1,4501,4500,4502,-1,4501,4502,4498,-1,4498,4502,4503,-1,4498,4503,4497,-1,4504,4505,4506,-1,4506,4505,4507,-1,4508,4509,4510,-1,4510,4509,4511,-1,4510,4511,4507,-1,4507,4511,4512,-1,4507,4512,4506,-1,4513,4514,4515,-1,4515,4514,4516,-1,4515,4516,4517,-1,4517,4516,4518,-1,4518,4516,4519,-1,4518,4519,4520,-1,4485,3163,4489,-1,4489,3163,3162,-1,4489,3162,4492,-1,4492,3162,4521,-1,4521,3160,4492,-1,4492,3160,4496,-1,4492,4496,4490,-1,4490,4496,4495,-1,3160,3159,4496,-1,4496,3159,4522,-1,4496,4522,4498,-1,4498,4522,3157,-1,4498,3157,4501,-1,4501,3157,4523,-1,4523,3155,4501,-1,4501,3155,4505,-1,4501,4505,4499,-1,4499,4505,4504,-1,3155,3154,4505,-1,4505,3154,4524,-1,4505,4524,4507,-1,4507,4524,3152,-1,4507,3152,4510,-1,4510,3152,4525,-1,4525,3150,4510,-1,4510,3150,4514,-1,4510,4514,4508,-1,4508,4514,4513,-1,2362,4519,3146,-1,3146,4519,4516,-1,3146,4516,4526,-1,4526,4516,4514,-1,4526,4514,3149,-1,3149,4514,3150,-1,4527,2362,2361,-1,4528,4529,4530,-1,2361,2360,4528,-1,4528,4530,2361,-1,2361,4530,4520,-1,2361,4520,4527,-1,4529,4528,4531,-1,4531,4528,4532,-1,4533,4534,4535,-1,4535,4534,4536,-1,4535,4536,4532,-1,4532,4536,4537,-1,4532,4537,4531,-1,4538,4539,4540,-1,4540,4539,4541,-1,4542,4543,4544,-1,4544,4543,4545,-1,4544,4545,4541,-1,4541,4545,4546,-1,4541,4546,4540,-1,4547,4548,4549,-1,4549,4548,4550,-1,4551,4552,4553,-1,4553,4552,4554,-1,4553,4554,4550,-1,4550,4554,4555,-1,4550,4555,4549,-1,4556,4557,4558,-1,4558,4557,4559,-1,4558,4559,4560,-1,4560,4559,4561,-1,4561,4559,4562,-1,4561,4562,4563,-1,4528,2360,4532,-1,4532,2360,3167,-1,4532,3167,4535,-1,4535,3167,4564,-1,4564,3204,4535,-1,4535,3204,4539,-1,4535,4539,4533,-1,4533,4539,4538,-1,3204,3206,4539,-1,4539,3206,4565,-1,4539,4565,4541,-1,4541,4565,3193,-1,4541,3193,4544,-1,4544,3193,4566,-1,4566,3183,4544,-1,4544,3183,4548,-1,4544,4548,4542,-1,4542,4548,4547,-1,3183,3185,4548,-1,4548,3185,4567,-1,4548,4567,4550,-1,4550,4567,3181,-1,4550,3181,4553,-1,4553,3181,4568,-1,4568,3176,4553,-1,4553,3176,4557,-1,4553,4557,4551,-1,4551,4557,4556,-1,3165,4562,3166,-1,3166,4562,4559,-1,3166,4559,4569,-1,4569,4559,4557,-1,4569,4557,3174,-1,3174,4557,3176,-1,4570,3165,4178,-1,4571,4572,4573,-1,4178,3277,4571,-1,4571,4573,4178,-1,4178,4573,4563,-1,4178,4563,4570,-1,4572,4571,4574,-1,4574,4571,4575,-1,4576,4577,4578,-1,4578,4577,4579,-1,4578,4579,4575,-1,4575,4579,4580,-1,4575,4580,4574,-1,4581,4582,4583,-1,4583,4582,4584,-1,4585,4586,4587,-1,4587,4586,4588,-1,4587,4588,4584,-1,4584,4588,4589,-1,4584,4589,4583,-1,4590,4591,4592,-1,4592,4591,4593,-1,4594,4595,4596,-1,4596,4595,4597,-1,4596,4597,4593,-1,4593,4597,4598,-1,4593,4598,4592,-1,4599,4600,4601,-1,4601,4600,4602,-1,4601,4602,4603,-1,4603,4602,4604,-1,4604,4602,4605,-1,4604,4605,4606,-1,4571,3277,4575,-1,4575,3277,3276,-1,4575,3276,4578,-1,4578,3276,4607,-1,4607,3250,4578,-1,4578,3250,4582,-1,4578,4582,4576,-1,4576,4582,4581,-1,3250,3252,4582,-1,4582,3252,4608,-1,4582,4608,4584,-1,4584,4608,3256,-1,4584,3256,4587,-1,4587,3256,4609,-1,4609,3260,4587,-1,4587,3260,4591,-1,4587,4591,4585,-1,4585,4591,4590,-1,3260,3262,4591,-1,4591,3262,4610,-1,4591,4610,4593,-1,4593,4610,3266,-1,4593,3266,4596,-1,4596,3266,4611,-1,4611,3270,4596,-1,4596,3270,4600,-1,4596,4600,4594,-1,4594,4600,4599,-1,2370,4605,3275,-1,3275,4605,4602,-1,3275,4602,4612,-1,4612,4602,4600,-1,4612,4600,3272,-1,3272,4600,3270,-1,4613,2370,2369,-1,4614,4615,4616,-1,2369,2368,4614,-1,4614,4616,2369,-1,2369,4616,4606,-1,2369,4606,4613,-1,4615,4614,4617,-1,4617,4614,4618,-1,4619,4620,4621,-1,4621,4620,4622,-1,4621,4622,4618,-1,4618,4622,4623,-1,4618,4623,4617,-1,4624,4625,4626,-1,4626,4625,4627,-1,4628,4629,4630,-1,4630,4629,4631,-1,4630,4631,4627,-1,4627,4631,4632,-1,4627,4632,4626,-1,4633,4634,4635,-1,4635,4634,4636,-1,4637,4638,4639,-1,4639,4638,4640,-1,4639,4640,4636,-1,4636,4640,4641,-1,4636,4641,4635,-1,4642,4643,4644,-1,4644,4643,4645,-1,4644,4645,4646,-1,4646,4645,4647,-1,4647,4645,4482,-1,4647,4482,4483,-1,4614,2368,4618,-1,4618,2368,2725,-1,4618,2725,4621,-1,4621,2725,4648,-1,4648,2728,4621,-1,4621,2728,4625,-1,4621,4625,4619,-1,4619,4625,4624,-1,2728,2730,4625,-1,4625,2730,4649,-1,4625,4649,4627,-1,4627,4649,2721,-1,4627,2721,4630,-1,4630,2721,4650,-1,4650,2712,4630,-1,4630,2712,4634,-1,4630,4634,4628,-1,4628,4634,4633,-1,2712,2714,4634,-1,4634,2714,4651,-1,4634,4651,4636,-1,4636,4651,2706,-1,4636,2706,4639,-1,4639,2706,4652,-1,4652,2700,4639,-1,4639,2700,4643,-1,4639,4643,4637,-1,4637,4643,4642,-1,2697,4482,2696,-1,2696,4482,4645,-1,2696,4645,4653,-1,4653,4645,4643,-1,4653,4643,2702,-1,2702,4643,2700,-1,4654,4655,4656,-1,4654,4656,4657,-1,4655,4654,4658,-1,4658,4654,4659,-1,4658,4659,4660,-1,4660,4659,4661,-1,4661,4659,4662,-1,4661,4662,4663,-1,4663,4662,4664,-1,4664,4662,4665,-1,4664,4665,4666,-1,4666,4665,4667,-1,4667,4665,4668,-1,4667,4668,4669,-1,4669,4668,4670,-1,4670,4668,4297,-1,4670,4297,2376,-1,4656,4671,4657,-1,4657,4671,4672,-1,4657,4672,4673,-1,4673,4672,4674,-1,4673,4674,4675,-1,4675,4674,4676,-1,4675,4676,4677,-1,4677,4676,4678,-1,4679,4680,4678,-1,4678,4680,4681,-1,4678,4681,4677,-1,4682,4683,4684,-1,4684,4683,4685,-1,4684,4685,4686,-1,4686,4687,4684,-1,4684,4687,4688,-1,4684,4688,4679,-1,4679,4688,4689,-1,4679,4689,4680,-1,4690,4672,4671,-1,4690,4671,4691,-1,4691,4671,4656,-1,4691,4656,4692,-1,4656,4655,4692,-1,4692,4655,4658,-1,4692,4658,4693,-1,2411,4694,2378,-1,2378,4694,4695,-1,2378,4695,4696,-1,4658,4660,4693,-1,4693,4660,4661,-1,4693,4661,4697,-1,4697,4661,4663,-1,4697,4663,4698,-1,4698,4663,4664,-1,4698,4664,4699,-1,4699,4664,4666,-1,4699,4666,4700,-1,4700,4666,4667,-1,4700,4667,4696,-1,4696,4667,4669,-1,4696,4669,2378,-1,2378,4669,4670,-1,2378,4670,2376,-1,4674,4672,4690,-1,4701,4676,4674,-1,4674,4690,4701,-1,4701,4690,4691,-1,4701,4691,4702,-1,4673,4675,4703,-1,4704,4657,4673,-1,4673,4703,4704,-1,4704,4703,4705,-1,4704,4705,4706,-1,4707,4310,4309,-1,4309,4297,4668,-1,4668,4665,4708,-1,4708,4709,4668,-1,4668,4709,4710,-1,4668,4710,4309,-1,4309,4710,4711,-1,4309,4711,4707,-1,4712,4713,4662,-1,4662,4713,4714,-1,4662,4714,4665,-1,4665,4714,4715,-1,4665,4715,4708,-1,4654,4657,4704,-1,4662,4659,4712,-1,4712,4659,4654,-1,4712,4654,4716,-1,4716,4654,4704,-1,4716,4704,4706,-1,4311,4310,2410,-1,2410,2409,4311,-1,4311,2409,2408,-1,4311,2408,4312,-1,2408,2407,4312,-1,4312,2407,2406,-1,4312,2406,4313,-1,2406,2405,4313,-1,4313,2405,2404,-1,4313,2404,4314,-1,2401,4315,2402,-1,2402,4315,4314,-1,2402,4314,2403,-1,2403,4314,2404,-1,2401,2412,4315,-1,4315,2412,4305,-1,4315,4305,4306,-1,4700,4696,4711,-1,4711,4696,4695,-1,4711,4695,4707,-1,4707,4695,4694,-1,4707,4694,4310,-1,4310,4694,2411,-1,4310,2411,2410,-1,4711,4710,4700,-1,4700,4710,4709,-1,4700,4709,4708,-1,4708,4715,4700,-1,4700,4715,4714,-1,4700,4714,4713,-1,4717,2589,2588,-1,4717,2588,4718,-1,4718,2588,4719,-1,4718,4719,4720,-1,4720,4719,4721,-1,4720,4721,4722,-1,4722,4721,4723,-1,4722,4723,4724,-1,4723,4725,4724,-1,4724,4725,4726,-1,4724,4726,4727,-1,4727,4726,4728,-1,4727,4728,4729,-1,4729,4728,4730,-1,4729,4730,4731,-1,4730,4732,4731,-1,4731,4732,4733,-1,4731,4733,4734,-1,4733,4735,4734,-1,4734,4735,4736,-1,4734,4736,4737,-1,4737,4736,4738,-1,4737,4738,4739,-1,4739,4738,4740,-1,4328,4317,2598,-1,2598,4317,4316,-1,2598,4316,2599,-1,2598,2597,4328,-1,4328,2597,2596,-1,4328,2596,4327,-1,2596,2595,4327,-1,4327,2595,2594,-1,4327,2594,4330,-1,2594,2593,4330,-1,4330,2593,2592,-1,4330,2592,4331,-1,2592,2590,4331,-1,4331,2590,2585,-1,4331,2585,4329,-1,2585,2587,4329,-1,4329,2587,2589,-1,4329,2589,4332,-1,4332,2589,4717,-1,4332,4717,4741,-1,4742,4722,4743,-1,4743,4722,4744,-1,4742,4745,4722,-1,4722,4745,4746,-1,4722,4746,4747,-1,4741,4717,4748,-1,4748,4717,4718,-1,4748,4718,4747,-1,4747,4718,4720,-1,4747,4720,4722,-1,4749,4750,4751,-1,4748,4752,4741,-1,4741,4752,4332,-1,4322,4752,4753,-1,4753,4752,4748,-1,4753,4748,4754,-1,4754,4748,4747,-1,4754,4747,4755,-1,4755,4747,4746,-1,4746,4745,4755,-1,4755,4745,4742,-1,4755,4742,4756,-1,4756,4742,4743,-1,4756,4743,4757,-1,4757,4743,4758,-1,4758,4743,4744,-1,4758,4744,4759,-1,4759,4744,4760,-1,4759,4760,4761,-1,4762,4749,4761,-1,4761,4749,4751,-1,4761,4751,4759,-1,4763,4750,4749,-1,4764,4765,4763,-1,4763,4749,4764,-1,4764,4749,4762,-1,4764,4762,4766,-1,4767,4768,4769,-1,4739,4740,4767,-1,4767,4769,4739,-1,4739,4769,4770,-1,4739,4770,4737,-1,2588,4322,4719,-1,4719,4322,4753,-1,4719,4753,4721,-1,4721,4753,4754,-1,4721,4754,4723,-1,4723,4754,4755,-1,4723,4755,4725,-1,4725,4755,4756,-1,4725,4756,4726,-1,4726,4756,4757,-1,4726,4757,4728,-1,4728,4757,4758,-1,4728,4758,4730,-1,4730,4758,4759,-1,4751,4733,4759,-1,4759,4733,4732,-1,4759,4732,4730,-1,4750,4736,4751,-1,4751,4736,4735,-1,4751,4735,4733,-1,4768,4767,4763,-1,4763,4767,4740,-1,4763,4740,4750,-1,4750,4740,4738,-1,4750,4738,4736,-1,4771,4772,4773,-1,4773,4772,4774,-1,4773,4774,4775,-1,4775,4776,4773,-1,4773,4776,4777,-1,4773,4777,4778,-1,4779,4780,4771,-1,4771,4780,4781,-1,4771,4781,4772,-1,4763,4765,4768,-1,4768,4765,4782,-1,4768,4782,4779,-1,4779,4782,4783,-1,4779,4783,4780,-1,178,4170,4169,-1,178,4169,4784,-1,4169,4168,4784,-1,4784,4168,4167,-1,4784,4167,4785,-1,4162,4786,4156,-1,4156,4786,4787,-1,4156,4787,4165,-1,4165,4787,4785,-1,4165,4785,4166,-1,4166,4785,4167,-1,3243,4788,3244,-1,3244,4788,4786,-1,3244,4786,3245,-1,3245,4786,4162,-1,3243,3242,4788,-1,4788,3242,3241,-1,4788,3241,4789,-1,3241,3240,4789,-1,4789,3240,3239,-1,4789,3239,4790,-1,3239,3238,4790,-1,4790,3238,3237,-1,4790,3237,191,-1,4170,178,4791,-1,4791,178,4792,-1,4791,4792,4793,-1,4793,4792,4794,-1,4793,4794,4795,-1,4795,4794,4796,-1,4795,4796,4797,-1,4796,4798,4797,-1,4797,4798,4799,-1,4797,4799,4800,-1,4800,4799,4801,-1,4800,4801,4802,-1,4801,4803,4802,-1,4802,4803,4804,-1,4802,4804,4805,-1,4805,4804,4806,-1,4805,4806,4778,-1,4778,4806,4807,-1,4778,4807,4773,-1,2734,2743,4808,-1,2738,2736,2734,-1,2734,4808,2738,-1,2738,4808,4809,-1,2738,4809,2739,-1,2745,4368,4810,-1,2745,4810,2744,-1,2744,4810,4811,-1,2744,4811,2742,-1,4368,4369,4812,-1,4368,4812,4810,-1,4810,4812,4813,-1,4810,4813,4811,-1,4370,4371,4814,-1,4812,4369,4370,-1,4370,4814,4812,-1,4812,4814,4815,-1,4812,4815,4813,-1,3879,3984,4340,-1,4371,4354,4353,-1,4816,4815,4814,-1,4340,4339,4404,-1,4817,4816,4818,-1,4818,4816,4814,-1,4818,4814,4404,-1,4404,4814,4371,-1,4404,4371,4340,-1,4371,4353,4340,-1,4340,4353,3880,-1,4340,3880,3879,-1,4403,4405,4819,-1,4818,4404,4403,-1,4403,4819,4818,-1,4818,4819,4820,-1,4818,4820,4817,-1,4405,4406,4821,-1,4405,4821,4819,-1,4819,4821,4822,-1,4819,4822,4820,-1,4406,4407,4823,-1,4406,4823,4821,-1,4821,4823,4824,-1,4821,4824,4822,-1,3962,3961,4373,-1,4407,4398,4397,-1,4373,4375,4424,-1,4825,4824,4826,-1,4826,4824,4823,-1,4826,4823,4424,-1,4424,4823,4407,-1,4424,4407,4373,-1,4373,4407,4397,-1,4373,4397,3962,-1,4424,4423,4827,-1,4424,4827,4826,-1,4826,4827,4828,-1,4826,4828,4825,-1,4423,4425,4829,-1,4423,4829,4827,-1,4827,4829,4830,-1,4827,4830,4828,-1,4426,4427,4831,-1,4829,4425,4426,-1,4426,4831,4829,-1,4829,4831,4832,-1,4829,4832,4830,-1,3926,3925,4428,-1,4427,4409,4408,-1,4428,4429,4462,-1,4833,4832,4834,-1,4834,4832,4831,-1,4834,4831,4462,-1,4462,4831,4427,-1,4462,4427,4428,-1,4428,4427,4408,-1,4428,4408,3926,-1,4458,4459,4835,-1,4834,4462,4458,-1,4458,4835,4834,-1,4834,4835,4836,-1,4834,4836,4833,-1,4459,4460,4837,-1,4459,4837,4835,-1,4835,4837,4838,-1,4835,4838,4836,-1,4460,4461,4839,-1,4460,4839,4837,-1,4837,4839,4840,-1,4837,4840,4838,-1,4461,4456,4455,-1,4461,4464,4841,-1,4461,4841,4839,-1,4839,4841,4842,-1,4839,4842,4840,-1,4461,4455,4464,-1,4464,4455,3906,-1,4464,3906,3905,-1,4465,4481,4843,-1,4465,4843,4464,-1,4464,4843,4841,-1,4841,4843,4844,-1,4841,4844,4842,-1,4473,4845,4846,-1,4847,4476,4848,-1,4848,4476,4475,-1,4848,4475,4846,-1,4846,4475,4474,-1,4846,4474,4473,-1,4843,4481,4480,-1,4844,4843,4849,-1,4849,4843,4480,-1,4849,4480,4850,-1,4850,4480,4479,-1,4850,4479,4851,-1,4851,4479,4478,-1,4851,4478,4847,-1,4847,4478,4477,-1,4847,4477,4476,-1,4845,4473,4852,-1,4852,4473,4472,-1,4471,4853,4472,-1,4472,4853,4854,-1,4472,4854,4852,-1,4471,4470,4853,-1,4853,4470,4469,-1,4853,4469,4855,-1,4855,4469,4468,-1,4855,4468,4856,-1,4856,4468,4466,-1,4856,4466,4857,-1,4857,4466,4467,-1,4857,4467,4858,-1,4467,3907,4858,-1,4858,3907,3910,-1,4858,3910,4859,-1,4859,3910,3909,-1,4859,3909,4860,-1,4860,3909,3908,-1,4860,3908,4861,-1,3908,3901,4861,-1,4861,3901,3903,-1,4861,3903,4862,-1,4862,3903,4863,-1,4863,3903,3900,-1,4863,3900,4864,-1,4864,3900,3899,-1,4864,3899,4865,-1,4865,3899,3897,-1,4865,3897,4866,-1,4867,4868,4869,-1,4869,4868,4866,-1,4869,4866,4870,-1,4870,4866,3897,-1,4871,4872,4873,-1,4873,4874,4871,-1,4871,4874,4875,-1,4871,4875,4876,-1,4876,4875,4877,-1,4876,4877,4867,-1,4867,4877,4878,-1,4867,4878,4868,-1,4684,4879,4682,-1,4682,4879,4880,-1,4682,4880,4881,-1,4881,4880,4872,-1,4881,4872,4882,-1,4882,4872,4871,-1,4234,4543,4231,-1,4231,4543,4542,-1,4231,4542,4230,-1,4230,4542,4547,-1,4230,4547,4241,-1,4241,4547,4549,-1,4241,4549,4240,-1,4240,4549,4555,-1,4240,4555,4239,-1,4239,4555,4238,-1,4238,4555,4554,-1,4238,4554,4237,-1,4237,4554,4552,-1,4237,4552,4236,-1,4236,4552,4551,-1,4236,4551,4235,-1,4235,4551,4556,-1,4235,4556,4221,-1,4556,4558,4221,-1,4221,4558,4560,-1,4221,4560,4223,-1,4223,4560,4561,-1,4223,4561,316,-1,4561,4563,316,-1,316,4563,4573,-1,316,4573,11,-1,11,4573,4572,-1,11,4572,4883,-1,4883,4572,4574,-1,4883,4574,4884,-1,4884,4574,4580,-1,4884,4580,4885,-1,4885,4580,4579,-1,4885,4579,4886,-1,4886,4579,4577,-1,4886,4577,4887,-1,4887,4577,4576,-1,4887,4576,4888,-1,4888,4576,4581,-1,4888,4581,4889,-1,4581,4583,4889,-1,4889,4583,4589,-1,4889,4589,4890,-1,4890,4589,4588,-1,4890,4588,4891,-1,4891,4588,4586,-1,4891,4586,4892,-1,4892,4586,4585,-1,4892,4585,4893,-1,4893,4585,4590,-1,4893,4590,4894,-1,4894,4590,4592,-1,4894,4592,4895,-1,4895,4592,4598,-1,4895,4598,4896,-1,4896,4598,4897,-1,4897,4598,4597,-1,4897,4597,4898,-1,4898,4597,4595,-1,4898,4595,4899,-1,4899,4595,4594,-1,4899,4594,4900,-1,4900,4594,4599,-1,4900,4599,4901,-1,4117,4115,4487,-1,4117,4487,3988,-1,3988,4487,4486,-1,3988,4486,3989,-1,3989,4486,4488,-1,3989,4488,3994,-1,3994,4488,4494,-1,3994,4494,3985,-1,3985,4494,4493,-1,3985,4493,3997,-1,3997,4493,4491,-1,3997,4491,3996,-1,3996,4491,4490,-1,3996,4490,3995,-1,3995,4490,4495,-1,3995,4495,3998,-1,4495,4497,3998,-1,3998,4497,4503,-1,3998,4503,3999,-1,3999,4503,4502,-1,3999,4502,4000,-1,4000,4502,4500,-1,4000,4500,4001,-1,4001,4500,4499,-1,4001,4499,4002,-1,4002,4499,4504,-1,4002,4504,4003,-1,4003,4504,4506,-1,4003,4506,4004,-1,4004,4506,4512,-1,4004,4512,4005,-1,4005,4512,4006,-1,4006,4512,4511,-1,4006,4511,4011,-1,4011,4511,4509,-1,4011,4509,4010,-1,4010,4509,4508,-1,4010,4508,4009,-1,4009,4508,4513,-1,4009,4513,4008,-1,4513,4515,4008,-1,4008,4515,4517,-1,4008,4517,4007,-1,4007,4517,4518,-1,4007,4518,3391,-1,3391,4518,4520,-1,3391,4520,3392,-1,3392,4520,4530,-1,3392,4530,3394,-1,3394,4530,4529,-1,3394,4529,4224,-1,4224,4529,4531,-1,4224,4531,4228,-1,4228,4531,4537,-1,4228,4537,4227,-1,4227,4537,4536,-1,4227,4536,4226,-1,4226,4536,4534,-1,4226,4534,4225,-1,4225,4534,4533,-1,4225,4533,4229,-1,4229,4533,4538,-1,4229,4538,4232,-1,4232,4538,4540,-1,4232,4540,4233,-1,4233,4540,4546,-1,4233,4546,4234,-1,4234,4546,4545,-1,4234,4545,4543,-1,4599,4601,4901,-1,4901,4601,4603,-1,4901,4603,4902,-1,4902,4603,4604,-1,4902,4604,4903,-1,4903,4604,4606,-1,4903,4606,4904,-1,4904,4606,4616,-1,4904,4616,4905,-1,4905,4616,4615,-1,4905,4615,4906,-1,4906,4615,4617,-1,4906,4617,4907,-1,4907,4617,4623,-1,4907,4623,4908,-1,4908,4623,4622,-1,4908,4622,4909,-1,4909,4622,4620,-1,4909,4620,4910,-1,4910,4620,4619,-1,4910,4619,4911,-1,4911,4619,4624,-1,4911,4624,4912,-1,4624,4626,4912,-1,4912,4626,4632,-1,4912,4632,4913,-1,4913,4632,4631,-1,4913,4631,4914,-1,4914,4631,4629,-1,4914,4629,4915,-1,4915,4629,4628,-1,4915,4628,4916,-1,4916,4628,4633,-1,4916,4633,4917,-1,4917,4633,4635,-1,4917,4635,4918,-1,4918,4635,4641,-1,4918,4641,4919,-1,4919,4641,4920,-1,4920,4641,4640,-1,4920,4640,4921,-1,4921,4640,4638,-1,4921,4638,4922,-1,4922,4638,4637,-1,4922,4637,4923,-1,4923,4637,4642,-1,4923,4642,4924,-1,2741,4925,4484,-1,4484,4925,4926,-1,4642,4644,4924,-1,4924,4644,4646,-1,4924,4646,4927,-1,4927,4646,4647,-1,4927,4647,4926,-1,4926,4647,4483,-1,4926,4483,4484,-1,4925,2741,2740,-1,4925,2740,4928,-1,4928,2740,2739,-1,4928,2739,4809,-1,4929,4930,4931,-1,4932,4885,4933,-1,4933,4885,4934,-1,4932,4935,4885,-1,4885,4935,4936,-1,4885,4936,4937,-1,4937,4938,4885,-1,4885,4938,4939,-1,4885,4939,4940,-1,4941,163,4942,-1,4940,4943,4885,-1,4885,4943,4944,-1,4885,4944,4942,-1,4942,4944,4945,-1,4942,4945,4941,-1,11,4883,4942,-1,4942,4883,4884,-1,4942,4884,4885,-1,4946,4892,4947,-1,4947,4892,4893,-1,4947,4893,4948,-1,4949,4890,4946,-1,4946,4890,4891,-1,4946,4891,4892,-1,4949,4950,4890,-1,4890,4950,4951,-1,4890,4951,4889,-1,4889,4951,4952,-1,4889,4952,4888,-1,4888,4952,4953,-1,4888,4953,4887,-1,4887,4953,4954,-1,4887,4954,4886,-1,4886,4954,4955,-1,4886,4955,4885,-1,4885,4955,4956,-1,4885,4956,4934,-1,4893,4894,4948,-1,4948,4894,4895,-1,4948,4895,4957,-1,4957,4895,4896,-1,4957,4896,4958,-1,4958,4896,4897,-1,4959,4960,4898,-1,4898,4960,4961,-1,4898,4961,4897,-1,4897,4961,4962,-1,4897,4962,4958,-1,4903,4929,4902,-1,4902,4929,4931,-1,4902,4931,4901,-1,4901,4931,4963,-1,4901,4963,4900,-1,4900,4963,4959,-1,4900,4959,4899,-1,4899,4959,4898,-1,4675,4677,4703,-1,4703,4677,4964,-1,4703,4964,4705,-1,4677,4681,4964,-1,4964,4681,4680,-1,4964,4680,4965,-1,4965,4680,4689,-1,4965,4689,4966,-1,4966,4689,4688,-1,4966,4688,4967,-1,4682,4881,4968,-1,4968,4881,4969,-1,4688,4687,4967,-1,4967,4687,4686,-1,4967,4686,4970,-1,4970,4686,4685,-1,4970,4685,4968,-1,4968,4685,4683,-1,4968,4683,4682,-1,4971,3897,4972,-1,4972,3897,3896,-1,4871,4876,4973,-1,4969,4881,4973,-1,4973,4881,4882,-1,4973,4882,4871,-1,4974,4975,4869,-1,4869,4975,4973,-1,4869,4973,4867,-1,4867,4973,4876,-1,4971,4976,3897,-1,3897,4976,4974,-1,3897,4974,4870,-1,4870,4974,4869,-1,4678,4977,4978,-1,4702,4977,4701,-1,4701,4977,4678,-1,4701,4678,4676,-1,4874,4979,4980,-1,4872,4880,4981,-1,4981,4880,4879,-1,4981,4879,4982,-1,4982,4879,4684,-1,4982,4684,4978,-1,4978,4684,4679,-1,4978,4679,4678,-1,4979,4874,4981,-1,4981,4874,4873,-1,4981,4873,4872,-1,4980,4983,4874,-1,4874,4983,4984,-1,4874,4984,4875,-1,4875,4984,4985,-1,4875,4985,4877,-1,4877,4985,4878,-1,4865,4866,4986,-1,4986,4866,4868,-1,4986,4868,4987,-1,4985,4988,4878,-1,4878,4988,4989,-1,4878,4989,4868,-1,4868,4989,4990,-1,4868,4990,4987,-1,4716,4697,4712,-1,4712,4697,4698,-1,4712,4698,4713,-1,4713,4698,4699,-1,4713,4699,4700,-1,4716,4706,4697,-1,4697,4706,4705,-1,4697,4705,4964,-1,4977,4966,4978,-1,4978,4966,4967,-1,4978,4967,4982,-1,4982,4967,4970,-1,4982,4970,4968,-1,4977,4702,4966,-1,4966,4702,4691,-1,4966,4691,4692,-1,4964,4965,4697,-1,4697,4965,4966,-1,4697,4966,4693,-1,4693,4966,4692,-1,4764,4766,4991,-1,4171,4170,4791,-1,4992,4993,4800,-1,4802,4805,4994,-1,4994,4805,4778,-1,4994,4778,4995,-1,4995,4778,4777,-1,4995,4777,4996,-1,4802,4994,4800,-1,4800,4994,4997,-1,4800,4997,4992,-1,4795,4797,4998,-1,4998,4797,4800,-1,4998,4800,4999,-1,4999,4800,4993,-1,4791,4793,4171,-1,4171,4793,4795,-1,4171,4795,5000,-1,5000,4795,4998,-1,4777,4776,4996,-1,4996,4776,4775,-1,4996,4775,5001,-1,5001,4775,4774,-1,5001,4774,5002,-1,5002,4774,4772,-1,5002,4772,5003,-1,4772,4781,5003,-1,5003,4781,4780,-1,5003,4780,4991,-1,4991,4780,4783,-1,4991,4783,4764,-1,4764,4783,4782,-1,4764,4782,4765,-1,4731,4734,5002,-1,5002,4734,4737,-1,5002,4737,4770,-1,4770,5004,5002,-1,5002,5004,5005,-1,5002,5005,5001,-1,5001,5005,5006,-1,5001,5006,4996,-1,4996,5006,4995,-1,4766,4762,4729,-1,4766,4729,4991,-1,4731,5002,4729,-1,4729,5002,5003,-1,4729,5003,4991,-1,4762,4761,4729,-1,4729,4761,4760,-1,4729,4760,4727,-1,4727,4760,4744,-1,4727,4744,4724,-1,4724,4744,4722,-1,4804,4803,5007,-1,4769,4768,4779,-1,5004,4770,4769,-1,4769,4779,5004,-1,5004,4779,4771,-1,5004,4771,5005,-1,5007,4803,5008,-1,5005,4771,5006,-1,5006,4771,4773,-1,5006,4773,5009,-1,5009,4773,4807,-1,5009,4807,5007,-1,5007,4807,4806,-1,5007,4806,4804,-1,5010,4801,4799,-1,5011,5012,4803,-1,4803,5012,5013,-1,4803,5013,5008,-1,4801,5010,4803,-1,4803,5010,5014,-1,4803,5014,5011,-1,178,198,4792,-1,4792,198,5015,-1,4792,5015,5016,-1,4799,4798,5010,-1,5010,4798,4796,-1,5010,4796,5016,-1,5016,4796,4794,-1,5016,4794,4792,-1,5017,5018,5019,-1,4822,4824,4825,-1,4825,4828,4822,-1,4822,4828,5019,-1,4822,5019,4820,-1,4820,5019,4816,-1,4820,4816,4817,-1,5017,5019,5020,-1,4830,4986,4828,-1,4828,4986,5021,-1,4828,5021,5019,-1,5019,5021,5022,-1,5019,5022,5020,-1,4830,4832,4833,-1,4833,4836,4830,-1,4830,4836,4853,-1,4830,4853,4855,-1,4855,4856,4830,-1,4830,4856,4857,-1,4830,4857,4858,-1,4858,4859,4830,-1,4830,4859,4860,-1,4830,4860,4861,-1,4861,4862,4830,-1,4830,4862,4863,-1,4830,4863,4986,-1,4986,4863,4864,-1,4986,4864,4865,-1,4840,4842,4838,-1,4838,4842,4844,-1,4844,4849,4838,-1,4838,4849,4850,-1,4838,4850,4851,-1,4851,4847,4838,-1,4838,4847,4848,-1,4838,4848,4846,-1,4846,4845,4838,-1,4838,4845,4852,-1,4838,4852,4836,-1,4836,4852,4854,-1,4836,4854,4853,-1,2743,2742,4811,-1,4925,4928,4926,-1,4926,4928,4809,-1,4926,4809,4808,-1,4815,4816,4813,-1,4813,4816,5019,-1,4813,5019,4811,-1,4811,5019,4926,-1,4811,4926,2743,-1,2743,4926,4808,-1,5023,4930,4929,-1,4929,4903,4904,-1,5023,4929,5024,-1,5024,4929,4904,-1,5024,4904,4905,-1,4981,4982,4968,-1,3896,3958,4986,-1,4986,3958,5021,-1,3958,3960,5021,-1,5021,3960,3963,-1,5021,3963,5022,-1,3963,3957,5022,-1,5022,3957,3956,-1,5022,3956,5020,-1,3956,3955,5020,-1,5020,3955,3952,-1,5020,3952,5017,-1,3952,3951,5017,-1,5017,3951,3950,-1,5017,3950,5018,-1,5018,3950,2694,-1,5018,2694,5025,-1,5025,2694,5026,-1,5025,5026,5027,-1,5027,5026,5028,-1,5027,5028,5029,-1,5029,5028,5030,-1,5029,5030,5031,-1,5031,5030,5032,-1,5031,5032,5033,-1,5032,5034,5033,-1,5033,5034,5035,-1,5033,5035,5036,-1,3896,4986,4972,-1,4972,4986,4987,-1,4972,4987,4971,-1,4971,4987,4990,-1,4971,4990,4976,-1,4990,4989,4976,-1,4976,4989,4988,-1,4976,4988,4974,-1,4974,4988,4985,-1,4974,4985,4975,-1,4975,4985,4984,-1,4984,4983,4975,-1,4975,4983,4980,-1,4975,4980,4973,-1,4973,4980,4969,-1,4969,4980,4968,-1,4968,4980,4979,-1,4968,4979,4981,-1,5037,4945,5038,-1,5038,4945,4944,-1,5038,4944,5039,-1,5039,4944,5040,-1,4940,4939,5041,-1,4944,4943,5040,-1,5040,4943,4940,-1,5040,4940,5042,-1,5042,4940,5041,-1,5015,198,4171,-1,4171,198,200,-1,4171,200,4163,-1,4163,200,5043,-1,4163,5043,4164,-1,4164,5043,196,-1,4164,196,4173,-1,4173,196,5044,-1,4173,5044,4174,-1,4174,5044,167,-1,4174,167,4175,-1,4175,167,5045,-1,4175,5045,4176,-1,4176,5045,164,-1,4176,164,4177,-1,4177,164,5046,-1,4177,5046,3280,-1,3280,5046,163,-1,3280,163,5037,-1,5037,163,4941,-1,5037,4941,4945,-1,4171,5000,5015,-1,5015,5000,4998,-1,5015,4998,5016,-1,5016,4998,4999,-1,5016,4999,5010,-1,5008,5013,4992,-1,4992,5013,5012,-1,4992,5012,4993,-1,4993,5012,5011,-1,4993,5011,4999,-1,4999,5011,5014,-1,4999,5014,5010,-1,5006,5009,4995,-1,4995,5009,5007,-1,4995,5007,4994,-1,4994,5007,5008,-1,4994,5008,4997,-1,4997,5008,4992,-1,4934,5047,5048,-1,4934,5048,4933,-1,4933,5048,5049,-1,4933,5049,4932,-1,4932,5049,5050,-1,4932,5050,4935,-1,4935,5050,5051,-1,4935,5051,4936,-1,5051,5052,4936,-1,4936,5052,5053,-1,4936,5053,4937,-1,4937,5053,5054,-1,4937,5054,4938,-1,5054,5055,4938,-1,4938,5055,5056,-1,4938,5056,4939,-1,4939,5056,5057,-1,4939,5057,5041,-1,4927,4926,5019,-1,5029,4924,5027,-1,5027,4924,4927,-1,5027,4927,5025,-1,5025,4927,5019,-1,5025,5019,5018,-1,4924,5058,5059,-1,5060,5061,5062,-1,5062,5061,5063,-1,5062,5063,4924,-1,4924,5063,5064,-1,4924,5064,5058,-1,5029,5031,4924,-1,4924,5031,5033,-1,4924,5033,5062,-1,5062,5033,5036,-1,5062,5036,5060,-1,5024,4905,4906,-1,5065,5066,4910,-1,4910,5066,5067,-1,4910,5067,4909,-1,4909,5067,5068,-1,4909,5068,4908,-1,4908,5068,5069,-1,4908,5069,4907,-1,4907,5069,5070,-1,4907,5070,4906,-1,4906,5070,5023,-1,4906,5023,5024,-1,4910,4911,5065,-1,5065,4911,4912,-1,5065,4912,5071,-1,5071,4912,5072,-1,5072,4912,4913,-1,5072,4913,5073,-1,5073,4913,4914,-1,5073,4914,5074,-1,4914,4915,5074,-1,5074,4915,4916,-1,5074,4916,5075,-1,5075,4916,4917,-1,5076,5077,4920,-1,4920,5077,5078,-1,4920,5078,4919,-1,4919,5078,5079,-1,4919,5079,4918,-1,4918,5079,5080,-1,4918,5080,4917,-1,4917,5080,5081,-1,4917,5081,5075,-1,5059,5082,4924,-1,4924,5082,5083,-1,4924,5083,4923,-1,4923,5083,5084,-1,4923,5084,4922,-1,4922,5084,5076,-1,4922,5076,4921,-1,4921,5076,4920,-1,5060,5085,5086,-1,5060,5086,5061,-1,5061,5086,5087,-1,5061,5087,5063,-1,5063,5087,5088,-1,5063,5088,5064,-1,5064,5088,5089,-1,5064,5089,5058,-1,5058,5089,5090,-1,5058,5090,5059,-1,5059,5090,5091,-1,5059,5091,5082,-1,5082,5091,5092,-1,5082,5092,5083,-1,5035,5093,5036,-1,5036,5093,5094,-1,5036,5094,5060,-1,5060,5094,5095,-1,5060,5095,5085,-1,2731,2729,5096,-1,2687,2364,5097,-1,2688,5098,2689,-1,2689,5098,5096,-1,2689,5096,2727,-1,2727,5096,2729,-1,5099,2732,2731,-1,2732,5099,2724,-1,2724,5099,5100,-1,2724,5100,2722,-1,2713,2711,5101,-1,5101,2711,2710,-1,5101,2710,5100,-1,5100,2710,2720,-1,5100,2720,2722,-1,2713,5101,2715,-1,2715,5101,5102,-1,2715,5102,2716,-1,5103,2719,5102,-1,5102,2719,2718,-1,5102,2718,2716,-1,2701,2699,5104,-1,5104,2699,2708,-1,5104,2708,5103,-1,5103,2708,2707,-1,5103,2707,2719,-1,2690,2705,5105,-1,5105,2705,2704,-1,5105,2704,5104,-1,5104,2704,2703,-1,5104,2703,2701,-1,5093,5035,2691,-1,2690,5105,2691,-1,2691,5105,5106,-1,2691,5106,5093,-1,5035,5034,2691,-1,2691,5034,5032,-1,2691,5032,2693,-1,2693,5032,5030,-1,5030,5028,2693,-1,2693,5028,5026,-1,2693,5026,2694,-1,5085,5095,5106,-1,5106,5095,5094,-1,5106,5094,5093,-1,5105,5107,5092,-1,5092,5091,5105,-1,5105,5091,5090,-1,5105,5090,5089,-1,5089,5088,5105,-1,5105,5088,5087,-1,5105,5087,5106,-1,5106,5087,5086,-1,5106,5086,5085,-1,5103,5108,5104,-1,5104,5108,5109,-1,5104,5109,5105,-1,5105,5109,5110,-1,5105,5110,5107,-1,5111,5112,5102,-1,5102,5112,5113,-1,5102,5113,5103,-1,5103,5113,5114,-1,5103,5114,5108,-1,5101,5115,5116,-1,5101,5116,5102,-1,5102,5116,5117,-1,5102,5117,5111,-1,5115,5101,5118,-1,5118,5101,5100,-1,5118,5100,5119,-1,5119,5100,5120,-1,5120,5100,5099,-1,5120,5099,5121,-1,2731,5096,5099,-1,5099,5096,5122,-1,5099,5122,5121,-1,5123,5124,5098,-1,5098,5124,5125,-1,5098,5125,5096,-1,5096,5125,5126,-1,5096,5126,5122,-1,5127,5123,5097,-1,5097,5123,5098,-1,5097,5098,2687,-1,2687,5098,2688,-1,5128,5129,5130,-1,5097,2364,2363,-1,2367,5128,2363,-1,2363,5128,5130,-1,2363,5130,5097,-1,5097,5130,5127,-1,5053,5052,5131,-1,5129,5128,5132,-1,5132,5128,5133,-1,5132,5133,5134,-1,5134,5133,5135,-1,5135,5133,5136,-1,5135,5136,5137,-1,5137,5136,5138,-1,5138,5136,5139,-1,5138,5139,5140,-1,5140,5139,5141,-1,5141,5139,5142,-1,5141,5142,5143,-1,5143,5142,5144,-1,5144,5142,5145,-1,5144,5145,5146,-1,5146,5145,5147,-1,5147,5145,5148,-1,5147,5148,5149,-1,5150,5151,5148,-1,5148,5151,5152,-1,5148,5152,5149,-1,5153,5154,5150,-1,5150,5154,5155,-1,5150,5155,5151,-1,5047,5156,5157,-1,5157,5156,5158,-1,5157,5158,5153,-1,5153,5158,5159,-1,5153,5159,5154,-1,5131,5052,5157,-1,5157,5052,5051,-1,5157,5051,5050,-1,5050,5049,5157,-1,5157,5049,5048,-1,5157,5048,5047,-1,5041,5057,5131,-1,5131,5057,5056,-1,5056,5055,5131,-1,5131,5055,5054,-1,5131,5054,5053,-1,5038,3279,5037,-1,5037,3279,3280,-1,5038,5039,3279,-1,3279,5039,5040,-1,3279,5040,5042,-1,5042,5041,3279,-1,3279,5041,5131,-1,3279,5131,3249,-1,3249,5131,5157,-1,3249,5157,3251,-1,3251,5157,5153,-1,3251,5153,3253,-1,3265,3263,5145,-1,5145,3263,3261,-1,5145,3261,5148,-1,5148,3261,3259,-1,5148,3259,5150,-1,5150,3259,3257,-1,5150,3257,5153,-1,5153,3257,3255,-1,5153,3255,3253,-1,3265,5145,3267,-1,3267,5145,5142,-1,3267,5142,3269,-1,3269,5142,5139,-1,3269,5139,3271,-1,3271,5139,5136,-1,3271,5136,3273,-1,5128,2367,5133,-1,5133,2367,3246,-1,5133,3246,5136,-1,5136,3246,3247,-1,5136,3247,3273,-1,5073,5074,5117,-1,5117,5074,5075,-1,5117,5075,5081,-1,5117,5116,5073,-1,5073,5116,5115,-1,5073,5115,5072,-1,5072,5115,5118,-1,5072,5118,5071,-1,5071,5118,5119,-1,5071,5119,5065,-1,5065,5119,5120,-1,5065,5120,5066,-1,5066,5120,5121,-1,5066,5121,5067,-1,5121,5122,5067,-1,5067,5122,5126,-1,5067,5126,5068,-1,5068,5126,5125,-1,5068,5125,5069,-1,5069,5125,5124,-1,5069,5124,5070,-1,5070,5124,5123,-1,5070,5123,5023,-1,5123,5127,5023,-1,5023,5127,5130,-1,5023,5130,4930,-1,4930,5130,5129,-1,4930,5129,4931,-1,5129,5132,4931,-1,4931,5132,5134,-1,4931,5134,4963,-1,4963,5134,5135,-1,4963,5135,4959,-1,4959,5135,4960,-1,4960,5135,5137,-1,4960,5137,4961,-1,4961,5137,5138,-1,4961,5138,4962,-1,4962,5138,5140,-1,4962,5140,4958,-1,5140,5141,4958,-1,4958,5141,5143,-1,4958,5143,4957,-1,4957,5143,5144,-1,4957,5144,4948,-1,4948,5144,5146,-1,4948,5146,4947,-1,4947,5146,5147,-1,4947,5147,4946,-1,4946,5147,5149,-1,4946,5149,4949,-1,4949,5149,4950,-1,5083,5092,5084,-1,5084,5092,5107,-1,5084,5107,5076,-1,5076,5107,5110,-1,5076,5110,5077,-1,5077,5110,5109,-1,5077,5109,5078,-1,5109,5108,5078,-1,5078,5108,5114,-1,5078,5114,5079,-1,5079,5114,5113,-1,5079,5113,5080,-1,5080,5113,5112,-1,5080,5112,5081,-1,5081,5112,5111,-1,5081,5111,5117,-1,5149,5152,4950,-1,4950,5152,5151,-1,4950,5151,4951,-1,4951,5151,5155,-1,4951,5155,4952,-1,4952,5155,4953,-1,4953,5155,5154,-1,4953,5154,4954,-1,4954,5154,5159,-1,4954,5159,4955,-1,5159,5158,4955,-1,4955,5158,5156,-1,4955,5156,4956,-1,4956,5156,5047,-1,4956,5047,4934,-1,8,7,15,-1,15,7,78,-1,27,18,25,-1,25,18,20,-1,48,26,78,-1,78,26,25,-1,78,25,15,-1,15,25,20,-1,15,20,3,-1,3,20,4,-1,272,345,273,-1,273,345,346,-1,273,346,268,-1,268,346,347,-1,268,347,269,-1,269,347,344,-1,269,344,270,-1,270,344,343,-1,270,343,265,-1,265,343,342,-1,265,342,266,-1,266,342,341,-1,266,341,267,-1,267,341,278,-1,267,278,262,-1,262,278,263,-1,319,298,297,-1,301,319,5160,-1,5160,319,297,-1,5160,297,5161,-1,5161,297,284,-1,5161,284,5162,-1,5162,284,296,-1,5162,296,5163,-1,5164,5165,289,-1,289,5165,5166,-1,289,5166,290,-1,290,5166,5167,-1,290,5167,292,-1,292,5167,5168,-1,292,5168,293,-1,293,5168,5163,-1,293,5163,294,-1,294,5163,296,-1,5160,5169,301,-1,301,5169,5170,-1,301,5170,302,-1,302,5170,5171,-1,302,5171,303,-1,303,5171,5172,-1,303,5172,304,-1,304,5172,5173,-1,304,5173,286,-1,286,5173,5164,-1,286,5164,287,-1,287,5164,289,-1,5160,5161,5169,-1,5169,5161,5162,-1,5162,5163,5169,-1,5169,5163,5168,-1,5169,5168,5167,-1,5167,5166,5169,-1,5169,5166,5165,-1,5169,5165,5164,-1,5171,5170,5172,-1,5172,5170,5169,-1,5172,5169,5173,-1,5173,5169,5164,-1,279,340,280,-1,280,340,255,-1,280,255,281,-1,281,255,254,-1,281,254,276,-1,276,254,253,-1,276,253,277,-1,277,253,261,-1,277,261,17,-1,17,261,260,-1,17,260,19,-1,257,21,258,-1,258,21,19,-1,258,19,259,-1,259,19,260,-1,98,64,63,-1,62,100,60,-1,60,100,58,-1,6,14,89,-1,96,98,22,-1,22,98,63,-1,22,63,23,-1,23,63,61,-1,23,61,59,-1,12,85,87,-1,68,70,80,-1,85,84,87,-1,87,84,83,-1,87,83,100,-1,100,83,86,-1,100,86,58,-1,74,22,76,-1,76,22,77,-1,74,72,22,-1,22,72,69,-1,22,69,66,-1,40,42,75,-1,66,65,22,-1,22,65,94,-1,22,94,96,-1,14,13,89,-1,89,13,9,-1,89,9,87,-1,87,9,10,-1,87,10,12,-1,75,24,40,-1,40,24,23,-1,40,23,31,-1,31,23,59,-1,88,99,90,-1,90,99,97,-1,90,97,91,-1,91,97,95,-1,95,93,91,-1,91,93,92,-1,91,92,67,-1,42,44,75,-1,75,44,46,-1,75,46,47,-1,6,89,79,-1,79,89,91,-1,79,91,80,-1,80,91,67,-1,80,67,68,-1,70,71,80,-1,80,71,73,-1,80,73,81,-1,81,73,75,-1,81,75,82,-1,82,75,47,-1,317,306,318,-1,318,306,305,-1,318,305,299,-1,307,288,312,-1,312,288,291,-1,312,291,313,-1,313,291,314,-1,305,315,299,-1,299,315,308,-1,299,308,282,-1,282,308,310,-1,282,310,283,-1,283,310,311,-1,283,311,285,-1,285,311,314,-1,285,314,295,-1,295,314,291,-1,
        ]
    }
}
Shape{
    appearance Appearance {
        material  Material 	{
            diffuseColor 0.0 0.0 0.0
            specularColor 0.0 0.0 0.0
            ambientIntensity 0.2
            transparency 0
            shininess 0.5
        }
    }
    geometry IndexedFaceSet {
        ccw TRUE
        solid FALSE
        coord DEF co Coordinate {
            point [
                -0.0869 0.622 2.1801, -0.0869 0.6224 2.1801, -0.0868 0.622 2.1728, -0.0868 0.6224 2.1664, -0.0868 0.622 2.1664, -0.0391 0.6224 2.1805, -0.0391 0.622 2.1805, -0.0398 0.6224 2.2869, -0.0398 0.622 2.2869, -0.0243 0.6224 2.287, -0.0243 0.622 2.287, -0.0235 0.622 2.1669, -0.0235 0.6224 2.1669, -0.0235 0.622 2.1728, -0.1484 0.6224 2.164, -0.1484 0.622 2.164, -0.1667 0.622 2.1656, -0.1667 0.6224 2.1656, -0.1796 0.622 2.1697, -0.1796 0.6224 2.1697, -0.1817 0.622 2.1707, -0.1817 0.6224 2.1707, -0.1818 0.622 2.1856, -0.1818 0.6224 2.1856, -0.1817 0.622 2.1728, -0.1699 0.622 2.1804, -0.1699 0.6224 2.1804, -0.1563 0.622 2.1779, -0.1563 0.6224 2.1779, -0.1507 0.622 2.1778, -0.1507 0.6224 2.1778, -0.1387 0.622 2.1793, -0.1387 0.6224 2.1793, -0.1301 0.622 2.1827, -0.1301 0.6224 2.1827, -0.1223 0.622 2.1883, -0.1223 0.6224 2.1883, -0.1199 0.622 2.1906, -0.1199 0.6224 2.1906, -0.1148 0.622 2.1976, -0.1148 0.6224 2.1976, -0.1107 0.622 2.2071, -0.1107 0.6224 2.2071, -0.1086 0.622 2.2187, -0.1086 0.6224 2.2187, -0.1084 0.622 2.225, -0.1084 0.6224 2.225, -0.1105 0.622 2.2416, -0.1105 0.6224 2.2416, -0.1146 0.622 2.2519, -0.1146 0.6224 2.2519, -0.1213 0.622 2.261, -0.1213 0.6224 2.261, -0.1281 0.622 2.2668, -0.1281 0.6224 2.2668, -0.1375 0.622 2.2715, -0.1375 0.6224 2.2715, -0.1477 0.622 2.2738, -0.1477 0.6224 2.2738, -0.1541 0.622 2.2741, -0.1541 0.6224 2.2741, -0.1689 0.622 2.2722, -0.1689 0.6224 2.2722, -0.181 0.622 2.2675, -0.181 0.6224 2.2675, -0.1823 0.622 2.2668, -0.1823 0.6224 2.2668, -0.1825 0.6224 2.283, -0.1825 0.622 2.283, -0.1698 0.622 2.2867, -0.1698 0.6224 2.2867, -0.1541 0.622 2.2881, -0.1541 0.6224 2.2881, -0.154 0.622 2.2881, -0.154 0.6224 2.2881, -0.1366 0.622 2.2861, -0.1366 0.6224 2.2861, -0.124 0.622 2.2813, -0.124 0.6224 2.2813, -0.1127 0.622 2.2735, -0.1127 0.6224 2.2735, -0.1098 0.622 2.2707, -0.1098 0.6224 2.2707, -0.101 0.622 2.2594, -0.101 0.6224 2.2594, -0.0952 0.622 2.2461, -0.0952 0.6224 2.2461, -0.0924 0.622 2.2305, -0.0924 0.6224 2.2305, -0.0921 0.622 2.2242, -0.0921 0.6224 2.2242, -0.0944 0.622 2.2045, -0.0944 0.6224 2.2045, -0.0992 0.622 2.192, -0.0992 0.6224 2.192, -0.1072 0.622 2.1807, -0.1072 0.6224 2.1807, -0.1168 0.6224 2.1726, -0.1165 0.622 2.1728, -0.1168 0.622 2.1726, -0.1281 0.622 2.1671, -0.1281 0.6224 2.1671, -0.1411 0.622 2.1644, -0.1411 0.6224 2.1644, -0.2704 0.622 2.1788, -0.2704 0.6224 2.1788, -0.2703 0.622 2.1728, -0.2703 0.6224 2.1651, -0.2703 0.622 2.1651, -0.2213 0.6224 2.1792, -0.2213 0.622 2.1792, -0.2216 0.6224 2.2196, -0.2216 0.622 2.2196, -0.2645 0.6224 2.2193, -0.2645 0.622 2.2193, -0.2646 0.6224 2.233, -0.2646 0.622 2.233, -0.2217 0.6224 2.2333, -0.2217 0.622 2.2333, -0.2219 0.6224 2.2718, -0.2219 0.622 2.2718, -0.2683 0.6224 2.2714, -0.2683 0.622 2.2714, -0.2684 0.6224 2.2853, -0.2684 0.622 2.2853, -0.2065 0.6224 2.2857, -0.2065 0.622 2.2857, -0.2057 0.622 2.1656, -0.2057 0.6224 2.1656, -0.2057 0.622 2.1728, -0.3672 0.6224 2.1971, -0.3618 0.6224 2.1907, -0.3727 0.6224 2.1812, -0.3604 0.6224 2.1895, -0.3602 0.6224 2.1724, -0.3527 0.6224 2.1841, -0.3465 0.6224 2.1671, -0.3427 0.6224 2.1803, -0.326 0.6224 2.1647, -0.326 0.6224 2.1784, -0.2929 0.6224 2.165, -0.3085 0.6224 2.1786, -0.2938 0.6224 2.2851, -0.3092 0.6224 2.2712, -0.3281 0.6224 2.2848, -0.3273 0.6224 2.271, -0.3464 0.6224 2.2827, -0.3428 0.6224 2.2692, -0.3608 0.6224 2.2773, -0.3532 0.6224 2.2654, -0.3734 0.6224 2.2686, -0.3619 0.6224 2.2595, -0.3775 0.6224 2.2645, -0.3652 0.6224 2.2562, -0.3849 0.6224 2.254, -0.3698 0.6224 2.2495, -0.3893 0.6224 2.2425, -0.3732 0.6224 2.2407, -0.3912 0.6224 2.2259, -0.3749 0.6224 2.2256, -0.3908 0.6224 2.2182, -0.3742 0.6224 2.2165, -0.3877 0.6224 2.2042, -0.3716 0.6224 2.2058, -0.3817 0.6224 2.1918, -0.326 0.622 2.1647, -0.2929 0.622 2.165, -0.3727 0.622 2.1812, -0.3609 0.622 2.1728, -0.3602 0.622 2.1724, -0.3465 0.622 2.1671, -0.3817 0.622 2.1918, -0.3877 0.622 2.2042, -0.3908 0.622 2.2182, -0.3912 0.622 2.2259, -0.3893 0.622 2.2425, -0.3849 0.622 2.254, -0.3775 0.622 2.2645, -0.3734 0.622 2.2686, -0.3608 0.622 2.2773, -0.3464 0.622 2.2827, -0.3281 0.622 2.2848, -0.2938 0.622 2.2851, -0.293 0.622 2.1728, -0.3273 0.622 2.271, -0.3092 0.622 2.2712, -0.3089 0.622 2.2248, -0.3085 0.622 2.1786, -0.326 0.622 2.1784, -0.3618 0.622 2.1907, -0.3604 0.622 2.1895, -0.3527 0.622 2.1841, -0.3427 0.622 2.1803, -0.3749 0.622 2.2256, -0.3748 0.622 2.2248, -0.3742 0.622 2.2165, -0.3716 0.622 2.2058, -0.3672 0.622 2.1971, -0.3619 0.622 2.2595, -0.3652 0.622 2.2562, -0.3698 0.622 2.2495, -0.3732 0.622 2.2407, -0.3428 0.622 2.2692, -0.3532 0.622 2.2654, -0.3532 0.622 2.2654
            ]
        }
        coordIndex [
            0,1,2,-1,2,1,3,-1,2,3,4,-1,5,1,6,-1,6,1,0,-1,7,5,8,-1,8,5,6,-1,9,7,10,-1,10,7,8,-1,11,12,13,-1,13,12,9,-1,13,9,10,-1,3,12,4,-1,4,12,11,-1,7,9,5,-1,5,9,12,-1,5,12,1,-1,1,12,3,-1,14,15,16,-1,14,16,17,-1,17,16,18,-1,17,18,19,-1,19,18,20,-1,19,20,21,-1,22,23,24,-1,24,23,21,-1,24,21,20,-1,23,22,25,-1,23,25,26,-1,26,25,27,-1,26,27,28,-1,28,27,29,-1,28,29,30,-1,30,29,31,-1,30,31,32,-1,32,31,33,-1,32,33,34,-1,34,33,35,-1,34,35,36,-1,36,35,37,-1,36,37,38,-1,38,37,39,-1,38,39,40,-1,40,39,41,-1,40,41,42,-1,42,41,43,-1,42,43,44,-1,44,43,45,-1,44,45,46,-1,46,45,47,-1,46,47,48,-1,48,47,49,-1,48,49,50,-1,50,49,51,-1,50,51,52,-1,52,51,53,-1,52,53,54,-1,54,53,55,-1,54,55,56,-1,56,55,57,-1,56,57,58,-1,58,57,59,-1,58,59,60,-1,60,59,61,-1,60,61,62,-1,62,61,63,-1,62,63,64,-1,64,63,65,-1,64,65,66,-1,67,66,68,-1,68,66,65,-1,67,68,69,-1,67,69,70,-1,70,69,71,-1,70,71,72,-1,72,71,73,-1,72,73,74,-1,74,73,75,-1,74,75,76,-1,76,75,77,-1,76,77,78,-1,78,77,79,-1,78,79,80,-1,80,79,81,-1,80,81,82,-1,82,81,83,-1,82,83,84,-1,84,83,85,-1,84,85,86,-1,86,85,87,-1,86,87,88,-1,88,87,89,-1,88,89,90,-1,90,89,91,-1,90,91,92,-1,92,91,93,-1,92,93,94,-1,94,93,95,-1,94,95,96,-1,96,95,97,-1,97,95,98,-1,98,99,97,-1,97,99,100,-1,97,100,101,-1,101,100,102,-1,101,102,103,-1,103,102,15,-1,103,15,14,-1,64,66,67,-1,54,80,52,-1,52,80,82,-1,52,82,50,-1,50,82,84,-1,50,84,48,-1,90,46,88,-1,88,46,48,-1,88,48,86,-1,86,48,84,-1,64,67,62,-1,62,67,70,-1,62,70,60,-1,60,70,72,-1,60,72,58,-1,58,72,74,-1,58,74,56,-1,56,74,76,-1,56,76,54,-1,54,76,78,-1,54,78,80,-1,21,23,19,-1,19,23,26,-1,19,26,17,-1,17,26,28,-1,17,28,14,-1,14,28,30,-1,14,30,103,-1,103,30,32,-1,103,32,101,-1,101,32,34,-1,101,34,97,-1,97,34,36,-1,97,36,96,-1,96,36,38,-1,96,38,94,-1,94,38,40,-1,94,40,92,-1,92,40,42,-1,92,42,90,-1,90,42,44,-1,90,44,46,-1,104,105,106,-1,106,105,107,-1,106,107,108,-1,109,105,110,-1,110,105,104,-1,111,109,112,-1,112,109,110,-1,113,111,114,-1,114,111,112,-1,115,113,116,-1,116,113,114,-1,117,115,118,-1,118,115,116,-1,119,117,120,-1,120,117,118,-1,121,119,122,-1,122,119,120,-1,123,121,124,-1,124,121,122,-1,125,123,126,-1,126,123,124,-1,127,128,129,-1,129,128,125,-1,129,125,126,-1,107,128,108,-1,108,128,127,-1,113,115,111,-1,111,115,117,-1,107,105,128,-1,128,105,109,-1,121,123,119,-1,119,123,125,-1,119,125,117,-1,117,125,128,-1,117,128,111,-1,111,128,109,-1,130,131,132,-1,132,131,133,-1,132,133,134,-1,134,133,135,-1,134,135,136,-1,136,135,137,-1,136,137,138,-1,138,137,139,-1,138,139,140,-1,140,139,141,-1,140,141,142,-1,142,141,143,-1,142,143,144,-1,144,143,145,-1,144,145,146,-1,146,145,147,-1,146,147,148,-1,148,147,149,-1,148,149,150,-1,150,149,151,-1,150,151,152,-1,152,151,153,-1,152,153,154,-1,154,153,155,-1,154,155,156,-1,156,155,157,-1,156,157,158,-1,158,157,159,-1,158,159,160,-1,160,159,161,-1,160,161,162,-1,162,161,163,-1,162,163,164,-1,164,163,130,-1,164,130,132,-1,138,140,165,-1,165,140,166,-1,167,132,168,-1,168,132,134,-1,168,134,169,-1,169,134,136,-1,169,136,170,-1,170,136,138,-1,170,138,165,-1,132,167,171,-1,132,171,164,-1,164,171,172,-1,164,172,162,-1,162,172,173,-1,162,173,160,-1,160,173,174,-1,160,174,158,-1,158,174,175,-1,158,175,156,-1,156,175,176,-1,156,176,154,-1,154,176,177,-1,154,177,152,-1,152,177,178,-1,152,178,150,-1,150,178,179,-1,150,179,148,-1,148,179,180,-1,148,180,146,-1,146,180,181,-1,146,181,144,-1,142,144,182,-1,182,144,181,-1,166,140,183,-1,183,140,142,-1,183,142,182,-1,145,143,184,-1,184,143,185,-1,185,143,186,-1,186,143,141,-1,186,141,187,-1,141,139,187,-1,187,139,188,-1,131,189,190,-1,131,190,133,-1,133,190,191,-1,133,191,135,-1,135,191,192,-1,135,192,137,-1,137,192,188,-1,137,188,139,-1,159,193,194,-1,159,194,161,-1,194,195,161,-1,161,195,196,-1,161,196,163,-1,163,196,197,-1,163,197,130,-1,130,197,189,-1,130,189,131,-1,151,198,199,-1,151,199,153,-1,153,199,200,-1,153,200,155,-1,155,200,201,-1,155,201,157,-1,157,201,193,-1,157,193,159,-1,145,184,202,-1,145,202,147,-1,147,202,203,-1,147,203,149,-1,149,203,198,-1,149,198,151,-1,
        ]
    }
}
Shape{
    appearance Appearance {
        material  Material 	{
            diffuseColor 0.8509803921568627 0.8509803921568627 0.8509803921568627
            specularColor 0.4235294117647059 0.4235294117647059 0.4235294117647059
            ambientIntensity 0.2
            transparency 0
            shininess 0.5
        }
    }
    geometry IndexedFaceSet {
        ccw TRUE
        solid FALSE
        coord DEF co Coordinate {
            point [
                -0.3273 0.622 2.271, -0.3092 0.622 2.2712, -0.3089 0.622 2.2248, -0.3742 0.622 2.2165, -0.3748 0.622 2.2248, -0.3749 0.622 2.2256, -0.3732 0.622 2.2407, -0.3698 0.622 2.2495, -0.3652 0.622 2.2562, -0.3619 0.622 2.2595, -0.3532 0.622 2.2654, -0.3428 0.622 2.2692, -0.3085 0.622 2.1786, -0.326 0.622 2.1784, -0.3604 0.622 2.1895, -0.3618 0.622 2.1907, -0.3427 0.622 2.1803, -0.3527 0.622 2.1841, -0.3672 0.622 2.1971, -0.3716 0.622 2.2058, -0.3716 0.622 2.2058
            ]
        }
        coordIndex [
            0,1,2,-1,3,4,2,-1,2,4,5,-1,2,5,6,-1,6,7,2,-1,2,7,8,-1,2,8,9,-1,9,10,2,-1,2,10,11,-1,2,11,0,-1,2,12,13,-1,14,15,2,-1,13,16,2,-1,2,16,17,-1,2,17,14,-1,15,18,2,-1,2,18,19,-1,2,19,3,-1,
        ]
    }
}
Shape{
    appearance Appearance {
        material  Material 	{
            diffuseColor 0.0 0.0 0.0
            specularColor 0.0 0.0 0.0
            ambientIntensity 0.2
            transparency 0
            shininess 0.5
        }
    }
    geometry IndexedFaceSet {
        ccw TRUE
        solid FALSE
        coord DEF co Coordinate {
            point [
                -0.4313 0.6224 2.2104, -0.4496 0.6224 2.2602, -0.444 0.6224 2.284, -0.3974 0.6224 2.1642, -0.4145 0.6224 2.1641, -0.4263 0.6224 2.1969, -0.4507 0.6224 2.2638, -0.4516 0.6224 2.2686, -0.4606 0.6224 2.2839, -0.452 0.6224 2.2686, -0.4529 0.6224 2.2635, -0.4538 0.6224 2.2602, -0.4716 0.6224 2.2101, -0.5055 0.6224 2.1635, -0.4883 0.6224 2.1636, -0.4763 0.6224 2.1965, -0.4606 0.622 2.2839, -0.502 0.622 2.1728, -0.5055 0.622 2.1635, -0.444 0.622 2.284, -0.3974 0.622 2.1642, -0.4007 0.622 2.1728, -0.4145 0.622 2.1641, -0.4263 0.622 2.1969, -0.4177 0.622 2.1728, -0.4763 0.622 2.1965, -0.4883 0.622 2.1636, -0.485 0.622 2.1728, -0.4313 0.622 2.2104, -0.4716 0.622 2.2101, -0.4612 0.622 2.2394, -0.4538 0.622 2.2602, -0.452 0.622 2.2686, -0.4529 0.622 2.2635, -0.4516 0.622 2.2686, -0.4496 0.622 2.2602, -0.4507 0.622 2.2638, -0.442 0.622 2.2394, -0.442 0.622 2.2394
            ]
        }
        coordIndex [
            0,1,2,-1,3,4,5,-1,1,6,2,-1,2,6,7,-1,2,7,8,-1,8,7,9,-1,8,9,10,-1,10,11,8,-1,8,11,12,-1,8,12,13,-1,14,13,15,-1,15,13,12,-1,15,12,5,-1,5,12,0,-1,5,0,3,-1,3,0,2,-1,16,8,17,-1,17,8,13,-1,17,13,18,-1,2,8,19,-1,19,8,16,-1,20,3,21,-1,21,3,2,-1,21,2,19,-1,4,3,22,-1,22,3,20,-1,23,5,24,-1,24,5,4,-1,24,4,22,-1,15,5,25,-1,25,5,23,-1,26,14,27,-1,27,14,15,-1,27,15,25,-1,13,14,18,-1,18,14,26,-1,0,12,28,-1,28,12,29,-1,29,12,30,-1,30,12,11,-1,30,11,31,-1,9,32,33,-1,9,33,10,-1,10,33,31,-1,10,31,11,-1,9,7,32,-1,32,7,34,-1,1,35,36,-1,1,36,6,-1,6,36,34,-1,6,34,7,-1,35,1,37,-1,37,1,0,-1,37,0,28,-1,
        ]
    }
}
Shape{
    appearance Appearance {
        material  Material 	{
            diffuseColor 0.8509803921568627 0.8509803921568627 0.8509803921568627
            specularColor 0.4235294117647059 0.4235294117647059 0.4235294117647059
            ambientIntensity 0.2
            transparency 0
            shininess 0.5
        }
    }
    geometry IndexedFaceSet {
        ccw TRUE
        solid FALSE
        coord DEF co Coordinate {
            point [
                -0.4313 0.622 2.2104, -0.4716 0.622 2.2101, -0.4612 0.622 2.2394, -0.452 0.622 2.2686, -0.4516 0.622 2.2686, -0.4529 0.622 2.2635, -0.4507 0.622 2.2638, -0.4538 0.622 2.2602, -0.4496 0.622 2.2602, -0.442 0.622 2.2394, -0.442 0.622 2.2394
            ]
        }
        coordIndex [
            0,1,2,-1,3,4,5,-1,5,4,6,-1,5,6,7,-1,7,6,8,-1,7,8,2,-1,2,8,9,-1,2,9,0,-1,
        ]
    }
}
Shape{
    appearance Appearance {
        material  Material 	{
            diffuseColor 0.0 0.0 0.0
            specularColor 0.0 0.0 0.0
            ambientIntensity 0.2
            transparency 0
            shininess 0.5
        }
    }
    geometry IndexedFaceSet {
        ccw TRUE
        solid FALSE
        coord DEF co Coordinate {
            point [
                -0.0868 0.6224 1.9896, -0.0867 0.6224 1.9759, -0.0868 0.622 1.9896, -0.0867 0.622 1.9759, -0.0377 0.6224 1.9899, -0.0377 0.622 1.9899, -0.038 0.6224 2.0303, -0.038 0.622 2.0303, -0.0809 0.6224 2.03, -0.0809 0.622 2.03, -0.081 0.6224 2.0438, -0.081 0.622 2.0438, -0.0381 0.6224 2.0441, -0.0381 0.622 2.0441, -0.0384 0.6224 2.0825, -0.0384 0.622 2.0825, -0.0847 0.6224 2.0822, -0.0847 0.622 2.0822, -0.0848 0.6224 2.096, -0.0848 0.622 2.096, -0.023 0.6224 2.0965, -0.023 0.622 2.0965, -0.0221 0.6224 1.9764, -0.0221 0.622 1.9764, -0.155 0.6224 1.9754, -0.17 0.6224 1.9753, -0.1551 0.6224 1.9887, -0.1704 0.6224 2.0305, -0.1547 0.6224 1.9887, -0.1468 0.6224 1.991, -0.1518 0.6224 1.9845, -0.1425 0.6224 1.9881, -0.1255 0.6224 2.0137, -0.1352 0.6224 2.0159, -0.1553 0.6224 2.0185, -0.1552 0.6224 2.0102, -0.1552 0.6224 2.0092, -0.1542 0.6224 2.0025, -0.1519 0.6224 1.9972, -0.1487 0.6224 1.9928, -0.15 0.6224 2.0621, -0.1467 0.6224 2.0492, -0.156 0.6224 2.06, -0.1494 0.6224 2.0475, -0.1222 0.6224 2.012, -0.1554 0.6224 2.0299, -0.1549 0.6224 2.0366, -0.169 0.6224 2.0432, -0.1534 0.6224 2.0419, -0.1666 0.6224 2.0496, -0.1516 0.6224 2.0451, -0.1635 0.6224 2.0543, -0.1608 0.6224 2.0569, -0.11 0.6224 2.0555, -0.1099 0.6224 2.0409, -0.1131 0.6224 2.0573, -0.1204 0.6224 2.0473, -0.1243 0.6224 2.0615, -0.1298 0.6224 2.0503, -0.1396 0.6224 2.0633, -0.1381 0.6224 2.0511, -0.1433 0.6224 2.0505, -0.1195 0.6224 1.9911, -0.1085 0.6224 1.9805, -0.1208 0.6224 1.9898, -0.1135 0.6224 1.9769, -0.1238 0.6224 1.9878, -0.1193 0.6224 1.9747, -0.1272 0.6224 1.9865, -0.1283 0.6224 1.9736, -0.1323 0.6224 1.9859, -0.1363 0.6224 1.9744, -0.1379 0.6224 1.9865, -0.1424 0.6224 1.9766, -0.147 0.6224 1.9796, -0.1299 0.6224 2.0266, -0.1175 0.6224 2.0234, -0.1206 0.6224 2.0107, -0.1114 0.6224 2.0201, -0.1188 0.6224 2.0085, -0.107 0.6224 2.0161, -0.1174 0.6224 2.0057, -0.1038 0.6224 2.0112, -0.1167 0.6224 2.0023, -0.102 0.6224 2.0057, -0.1165 0.6224 1.9999, -0.1013 0.6224 1.9988, -0.1169 0.6224 1.9964, -0.1021 0.6224 1.9913, -0.1179 0.6224 1.9937, -0.104 0.6224 1.9863, -0.1072 0.6224 1.9818, -0.1396 0.622 2.0633, -0.1243 0.622 2.0615, -0.1131 0.622 2.0573, -0.11 0.622 2.0555, -0.1099 0.622 2.0409, -0.1204 0.622 2.0473, -0.1298 0.622 2.0503, -0.1381 0.622 2.0511, -0.1433 0.622 2.0505, -0.1467 0.622 2.0492, -0.1494 0.622 2.0475, -0.1516 0.622 2.0451, -0.1534 0.622 2.0419, -0.1549 0.622 2.0366, -0.1554 0.622 2.0299, -0.1299 0.622 2.0266, -0.1175 0.622 2.0234, -0.1114 0.622 2.0201, -0.107 0.622 2.0161, -0.1038 0.622 2.0112, -0.102 0.622 2.0057, -0.1013 0.622 1.9988, -0.1021 0.622 1.9913, -0.104 0.622 1.9863, -0.1072 0.622 1.9818, -0.1085 0.622 1.9805, -0.1135 0.622 1.9769, -0.1193 0.622 1.9747, -0.1283 0.622 1.9736, -0.1363 0.622 1.9744, -0.1424 0.622 1.9766, -0.147 0.622 1.9796, -0.1518 0.622 1.9845, -0.1547 0.622 1.9887, -0.1551 0.622 1.9887, -0.155 0.622 1.9754, -0.17 0.622 1.9753, -0.1704 0.622 2.0305, -0.169 0.622 2.0432, -0.1666 0.622 2.0496, -0.1635 0.622 2.0543, -0.1608 0.622 2.0569, -0.156 0.622 2.06, -0.15 0.622 2.0621, -0.1206 0.622 2.0107, -0.1222 0.622 2.012, -0.1255 0.622 2.0137, -0.1352 0.622 2.0159, -0.1165 0.622 1.9999, -0.1167 0.622 2.0022, -0.1167 0.622 2.0023, -0.1174 0.622 2.0057, -0.1188 0.622 2.0085, -0.1208 0.622 1.9898, -0.1195 0.622 1.9911, -0.1179 0.622 1.9937, -0.1169 0.622 1.9964, -0.1323 0.622 1.9859, -0.1272 0.622 1.9865, -0.1238 0.622 1.9878, -0.1487 0.622 1.9928, -0.1468 0.622 1.991, -0.1425 0.622 1.9881, -0.1379 0.622 1.9865, -0.1552 0.622 2.0102, -0.1552 0.622 2.0092, -0.1542 0.622 2.0025, -0.154 0.622 2.0022, -0.1519 0.622 1.9972, -0.1553 0.622 2.0185, -0.1553 0.622 2.0185
            ]
        }
        coordIndex [
            0,1,2,-1,2,1,3,-1,4,0,5,-1,5,0,2,-1,6,4,7,-1,7,4,5,-1,8,6,9,-1,9,6,7,-1,10,8,11,-1,11,8,9,-1,12,10,13,-1,13,10,11,-1,14,12,15,-1,15,12,13,-1,16,14,17,-1,17,14,15,-1,18,16,19,-1,19,16,17,-1,20,18,21,-1,21,18,19,-1,22,20,23,-1,23,20,21,-1,1,22,3,-1,3,22,23,-1,22,1,0,-1,0,4,22,-1,22,4,6,-1,22,6,20,-1,16,18,14,-1,14,18,20,-1,14,20,12,-1,12,20,6,-1,12,6,10,-1,10,6,8,-1,24,25,26,-1,26,25,27,-1,28,29,30,-1,30,29,31,-1,32,33,27,-1,27,33,34,-1,27,34,35,-1,35,36,27,-1,27,36,37,-1,27,37,26,-1,26,37,38,-1,26,38,28,-1,28,38,39,-1,28,39,29,-1,40,41,42,-1,42,41,43,-1,44,32,45,-1,45,32,27,-1,45,27,46,-1,46,27,47,-1,46,47,48,-1,48,47,49,-1,48,49,50,-1,50,49,51,-1,50,51,43,-1,43,51,52,-1,43,52,42,-1,53,54,55,-1,55,54,56,-1,55,56,57,-1,57,56,58,-1,57,58,59,-1,59,58,60,-1,59,60,40,-1,40,60,61,-1,40,61,41,-1,62,63,64,-1,64,63,65,-1,64,65,66,-1,66,65,67,-1,66,67,68,-1,68,67,69,-1,68,69,70,-1,70,69,71,-1,70,71,72,-1,72,71,73,-1,72,73,31,-1,31,73,74,-1,31,74,30,-1,45,75,44,-1,44,75,76,-1,44,76,77,-1,77,76,78,-1,77,78,79,-1,79,78,80,-1,79,80,81,-1,81,80,82,-1,81,82,83,-1,83,82,84,-1,83,84,85,-1,85,84,86,-1,85,86,87,-1,87,86,88,-1,87,88,89,-1,89,88,90,-1,89,90,62,-1,62,90,91,-1,62,91,63,-1,59,92,93,-1,59,93,57,-1,57,93,94,-1,57,94,55,-1,55,94,95,-1,55,95,53,-1,54,53,96,-1,96,53,95,-1,54,96,97,-1,54,97,56,-1,56,97,98,-1,56,98,58,-1,58,98,99,-1,58,99,60,-1,60,99,100,-1,60,100,61,-1,61,100,101,-1,61,101,41,-1,41,101,102,-1,41,102,43,-1,43,102,103,-1,43,103,50,-1,50,103,104,-1,50,104,48,-1,48,104,105,-1,48,105,46,-1,46,105,106,-1,46,106,45,-1,75,45,107,-1,107,45,106,-1,75,107,108,-1,75,108,76,-1,76,108,109,-1,76,109,78,-1,78,109,110,-1,78,110,80,-1,80,110,111,-1,80,111,82,-1,82,111,112,-1,82,112,84,-1,84,112,113,-1,84,113,86,-1,86,113,114,-1,86,114,88,-1,88,114,115,-1,88,115,90,-1,90,115,116,-1,90,116,91,-1,91,116,117,-1,91,117,63,-1,63,117,118,-1,63,118,65,-1,65,118,119,-1,65,119,67,-1,67,119,120,-1,67,120,69,-1,69,120,121,-1,69,121,71,-1,71,121,122,-1,71,122,73,-1,73,122,123,-1,73,123,74,-1,74,123,124,-1,74,124,30,-1,30,124,125,-1,30,125,28,-1,26,28,126,-1,126,28,125,-1,24,26,127,-1,127,26,126,-1,25,24,128,-1,128,24,127,-1,27,25,129,-1,129,25,128,-1,27,129,130,-1,27,130,47,-1,47,130,131,-1,47,131,49,-1,49,131,132,-1,49,132,51,-1,51,132,133,-1,51,133,52,-1,52,133,134,-1,52,134,42,-1,42,134,135,-1,42,135,40,-1,40,135,92,-1,40,92,59,-1,77,136,137,-1,77,137,44,-1,44,137,138,-1,44,138,32,-1,32,138,139,-1,32,139,33,-1,140,141,85,-1,85,141,83,-1,141,142,83,-1,83,142,143,-1,83,143,81,-1,81,143,144,-1,81,144,79,-1,79,144,136,-1,79,136,77,-1,64,145,146,-1,64,146,62,-1,62,146,147,-1,62,147,89,-1,89,147,148,-1,89,148,87,-1,87,148,140,-1,87,140,85,-1,70,149,150,-1,70,150,68,-1,68,150,151,-1,68,151,66,-1,66,151,145,-1,66,145,64,-1,39,152,153,-1,39,153,29,-1,29,153,154,-1,29,154,31,-1,31,154,155,-1,31,155,72,-1,72,155,149,-1,72,149,70,-1,152,39,38,-1,35,156,157,-1,35,157,36,-1,36,157,158,-1,36,158,37,-1,37,158,159,-1,37,159,38,-1,38,159,160,-1,38,160,152,-1,35,34,156,-1,156,34,161,-1,34,33,161,-1,161,33,139,-1,
        ]
    }
}
Shape{
    appearance Appearance {
        material  Material 	{
            diffuseColor 0.8509803921568627 0.8509803921568627 0.8509803921568627
            specularColor 0.4235294117647059 0.4235294117647059 0.4235294117647059
            ambientIntensity 0.2
            transparency 0
            shininess 0.5
        }
    }
    geometry IndexedFaceSet {
        ccw TRUE
        solid FALSE
        coord DEF co Coordinate {
            point [
                -0.1552 0.622 2.0092, -0.1552 0.622 2.0102, -0.1206 0.622 2.0107, -0.1167 0.622 2.0023, -0.1167 0.622 2.0022, -0.154 0.622 2.0022, -0.1542 0.622 2.0025, -0.1188 0.622 2.0085, -0.1174 0.622 2.0057, -0.1553 0.622 2.0185, -0.1352 0.622 2.0159, -0.1255 0.622 2.0137, -0.1222 0.622 2.012, -0.1395 0.622 1.9884, -0.1323 0.622 1.9859, -0.1379 0.622 1.9865, -0.1195 0.622 1.9911, -0.1468 0.622 1.991, -0.1179 0.622 1.9937, -0.1169 0.622 1.9964, -0.1208 0.622 1.9898, -0.1238 0.622 1.9878, -0.1272 0.622 1.9865, -0.1425 0.622 1.9881, -0.1165 0.622 1.9999, -0.1487 0.622 1.9928, -0.1519 0.622 1.9972, -0.1519 0.622 1.9972
            ]
        }
        coordIndex [
            0,1,2,-1,3,4,5,-1,0,2,6,-1,6,2,7,-1,6,7,5,-1,5,7,8,-1,5,8,3,-1,1,9,10,-1,10,11,1,-1,1,11,12,-1,1,12,2,-1,13,14,15,-1,16,17,18,-1,18,17,19,-1,20,21,13,-1,13,21,22,-1,13,22,14,-1,16,20,17,-1,17,20,13,-1,17,13,23,-1,23,13,15,-1,19,17,24,-1,24,17,25,-1,24,25,4,-1,4,25,26,-1,4,26,5,-1,
        ]
    }
}
Shape{
    appearance Appearance {
        material  Material 	{
            diffuseColor 0.0 0.0 0.0
            specularColor 0.0 0.0 0.0
            ambientIntensity 0.2
            transparency 0
            shininess 0.5
        }
    }
    geometry IndexedFaceSet {
        ccw TRUE
        solid FALSE
        coord DEF co Coordinate {
            point [
                -0.2152 0.6224 1.9852, -0.2152 0.622 1.9852, -0.2066 0.622 1.9862, -0.2066 0.6224 1.9862, -0.1972 0.622 1.9896, -0.1972 0.6224 1.9896, -0.1905 0.622 1.9937, -0.1905 0.6224 1.9937, -0.1904 0.6224 1.9782, -0.1904 0.622 1.9782, -0.201 0.622 1.9744, -0.201 0.6224 1.9744, -0.2137 0.622 1.973, -0.2137 0.6224 1.973, -0.2273 0.622 1.9745, -0.2273 0.6224 1.9745, -0.2352 0.622 1.9775, -0.2352 0.6224 1.9775, -0.2387 0.622 1.9796, -0.2387 0.6224 1.9796, -0.243 0.622 1.9834, -0.243 0.6224 1.9834, -0.2459 0.622 1.9873, -0.2459 0.6224 1.9873, -0.2477 0.622 1.9921, -0.2477 0.6224 1.9921, -0.2485 0.622 1.9981, -0.2485 0.6224 1.9981, -0.2479 0.622 2.0037, -0.2479 0.6224 2.0037, -0.2463 0.622 2.0082, -0.2463 0.6224 2.0082, -0.2436 0.622 2.0123, -0.2436 0.6224 2.0123, -0.24 0.622 2.0155, -0.24 0.6224 2.0155, -0.2301 0.622 2.0212, -0.2301 0.6224 2.0212, -0.2242 0.622 2.0236, -0.2242 0.6224 2.0236, -0.215 0.622 2.0277, -0.215 0.6224 2.0277, -0.2097 0.622 2.031, -0.2097 0.6224 2.031, -0.2082 0.622 2.0327, -0.2082 0.6224 2.0327, -0.2072 0.622 2.0347, -0.2072 0.6224 2.0347, -0.2066 0.622 2.037, -0.2066 0.6224 2.037, -0.2065 0.622 2.039, -0.2065 0.6224 2.039, -0.2067 0.622 2.0414, -0.2067 0.6224 2.0414, -0.2075 0.622 2.0435, -0.2075 0.6224 2.0435, -0.2088 0.622 2.0454, -0.2088 0.6224 2.0454, -0.2111 0.622 2.0474, -0.2111 0.6224 2.0474, -0.2145 0.622 2.0491, -0.2145 0.6224 2.0491, -0.2185 0.622 2.0502, -0.2185 0.6224 2.0502, -0.223 0.622 2.0505, -0.223 0.6224 2.0505, -0.2319 0.622 2.0495, -0.2319 0.6224 2.0495, -0.2405 0.622 2.0465, -0.2405 0.6224 2.0465, -0.2447 0.622 2.0441, -0.2447 0.6224 2.0441, -0.2448 0.6224 2.0587, -0.2448 0.622 2.0587, -0.2351 0.622 2.0617, -0.2351 0.6224 2.0617, -0.2245 0.622 2.0627, -0.2245 0.6224 2.0627, -0.2125 0.622 2.0613, -0.2125 0.6224 2.0613, -0.2044 0.622 2.0583, -0.2044 0.6224 2.0583, -0.2007 0.622 2.056, -0.2007 0.6224 2.056, -0.1962 0.622 2.052, -0.1962 0.6224 2.052, -0.1934 0.622 2.048, -0.1934 0.6224 2.048, -0.1916 0.622 2.0431, -0.1916 0.6224 2.0431, -0.1909 0.622 2.0378, -0.1909 0.6224 2.0378, -0.1916 0.622 2.0319, -0.1916 0.6224 2.0319, -0.1932 0.622 2.0273, -0.1932 0.6224 2.0273, -0.1951 0.622 2.0242, -0.1951 0.6224 2.0242, -0.1976 0.622 2.0216, -0.1976 0.6224 2.0216, -0.2046 0.622 2.0169, -0.2046 0.6224 2.0169, -0.2135 0.622 2.0127, -0.2135 0.6224 2.0127, -0.2234 0.622 2.0085, -0.2234 0.6224 2.0085, -0.2292 0.622 2.0049, -0.2292 0.6224 2.0049, -0.2311 0.622 2.003, -0.2311 0.6224 2.003, -0.2323 0.622 2.001, -0.2323 0.6224 2.001, -0.2329 0.622 1.9986, -0.2329 0.6224 1.9986, -0.2331 0.622 1.9967, -0.2331 0.6224 1.9967, -0.2327 0.622 1.9939, -0.2327 0.6224 1.9939, -0.2319 0.622 1.9917, -0.2319 0.6224 1.9917, -0.2306 0.622 1.9898, -0.2306 0.6224 1.9898, -0.2289 0.622 1.9883, -0.2289 0.6224 1.9883, -0.2275 0.622 1.9874, -0.2275 0.6224 1.9874, -0.2236 0.622 1.9861, -0.2236 0.6224 1.9861, -0.2159 0.622 1.9852, -0.2159 0.6224 1.9852, -0.3235 0.6224 2.06, -0.3391 0.6224 2.0599, -0.3235 0.622 2.06, -0.3391 0.622 2.0599, -0.2996 0.6224 1.9956, -0.2996 0.622 1.9956, -0.2985 0.622 1.9916, -0.2985 0.6224 1.9916, -0.2977 0.622 1.9887, -0.2977 0.6224 1.9887, -0.2973 0.6224 1.9887, -0.2973 0.622 1.9887, -0.2956 0.6224 1.9957, -0.2956 0.622 1.9957, -0.2736 0.6224 2.0604, -0.2736 0.622 2.0604, -0.2568 0.6224 2.0605, -0.2568 0.622 2.0605, -0.2898 0.6224 1.9746, -0.2898 0.622 1.9746, -0.2831 0.6224 1.9591, -0.2831 0.622 1.9591, -0.28 0.622 1.9536, -0.28 0.6224 1.9536, -0.2772 0.622 1.9505, -0.2772 0.6224 1.9505, -0.2748 0.622 1.9489, -0.2748 0.6224 1.9489, -0.2716 0.622 1.9476, -0.2716 0.6224 1.9476, -0.2676 0.622 1.9471, -0.2676 0.6224 1.9471, -0.2622 0.622 1.9479, -0.2622 0.6224 1.9479, -0.2591 0.622 1.9489, -0.2591 0.6224 1.9489, -0.259 0.6224 1.9355, -0.259 0.622 1.9355, -0.2654 0.622 1.9344, -0.2654 0.6224 1.9344, -0.2687 0.622 1.9342, -0.2687 0.6224 1.9342, -0.2748 0.622 1.9349, -0.2748 0.6224 1.9349, -0.2807 0.622 1.9371, -0.2807 0.6224 1.9371, -0.286 0.622 1.9407, -0.286 0.6224 1.9407, -0.287 0.622 1.9416, -0.287 0.6224 1.9416, -0.2926 0.622 1.9482, -0.2926 0.6224 1.9482, -0.2995 0.622 1.9614, -0.2995 0.6224 1.9614, -0.4194 0.6224 1.9872, -0.4193 0.6224 1.9735, -0.4194 0.622 1.9872, -0.4193 0.622 1.9735, -0.3703 0.6224 1.9876, -0.3703 0.622 1.9876, -0.3706 0.6224 2.028, -0.3706 0.622 2.028, -0.4136 0.6224 2.0277, -0.4136 0.622 2.0277, -0.4137 0.6224 2.0414, -0.4137 0.622 2.0414, -0.3707 0.6224 2.0417, -0.3707 0.622 2.0417, -0.371 0.6224 2.0802, -0.371 0.622 2.0802, -0.4173 0.6224 2.0798, -0.4173 0.622 2.0798, -0.4174 0.6224 2.0937, -0.4174 0.622 2.0937, -0.3556 0.6224 2.0941, -0.3556 0.622 2.0941, -0.3547 0.6224 1.974, -0.3547 0.622 1.974, -0.5163 0.6224 2.0056, -0.5108 0.6224 1.9991, -0.5218 0.6224 1.9896, -0.5095 0.6224 1.9979, -0.5092 0.6224 1.9808, -0.5017 0.6224 1.9925, -0.4955 0.6224 1.9755, -0.4918 0.6224 1.9887, -0.475 0.6224 1.9731, -0.475 0.6224 1.9868, -0.442 0.6224 1.9734, -0.4576 0.6224 1.987, -0.4429 0.6224 2.0935, -0.4583 0.6224 2.0796, -0.4771 0.6224 2.0932, -0.4764 0.6224 2.0794, -0.4954 0.6224 2.0911, -0.4918 0.6224 2.0776, -0.5099 0.6224 2.0857, -0.5022 0.6224 2.0738, -0.5224 0.6224 2.077, -0.511 0.6224 2.0679, -0.5266 0.6224 2.0729, -0.5143 0.6224 2.0646, -0.5339 0.6224 2.0624, -0.5189 0.6224 2.0579, -0.5383 0.6224 2.0509, -0.5222 0.6224 2.0491, -0.5402 0.6224 2.0343, -0.5239 0.6224 2.034, -0.5398 0.6224 2.0266, -0.5233 0.6224 2.0249, -0.5368 0.6224 2.0126, -0.5207 0.6224 2.0142, -0.5308 0.6224 2.0002, -0.475 0.622 1.9731, -0.442 0.622 1.9734, -0.4955 0.622 1.9755, -0.5092 0.622 1.9808, -0.5218 0.622 1.9896, -0.5308 0.622 2.0002, -0.5368 0.622 2.0126, -0.5398 0.622 2.0266, -0.5402 0.622 2.0343, -0.5383 0.622 2.0509, -0.5339 0.622 2.0624, -0.5266 0.622 2.0729, -0.5224 0.622 2.077, -0.5099 0.622 2.0857, -0.4954 0.622 2.0911, -0.4771 0.622 2.0932, -0.4429 0.622 2.0935, -0.4764 0.622 2.0794, -0.4583 0.622 2.0796, -0.4579 0.622 2.0332, -0.4576 0.622 1.987, -0.475 0.622 1.9868, -0.5108 0.622 1.9991, -0.5095 0.622 1.9979, -0.5017 0.622 1.9925, -0.4918 0.622 1.9887, -0.5239 0.622 2.034, -0.5239 0.622 2.0332, -0.5233 0.622 2.0249, -0.5207 0.622 2.0142, -0.5163 0.622 2.0056, -0.511 0.622 2.0679, -0.5143 0.622 2.0646, -0.5189 0.622 2.0579, -0.5222 0.622 2.0491, -0.4918 0.622 2.0776, -0.5022 0.622 2.0738, -0.5022 0.622 2.0738
            ]
        }
        coordIndex [
            0,1,2,-1,0,2,3,-1,3,2,4,-1,3,4,5,-1,5,4,6,-1,5,6,7,-1,8,7,9,-1,9,7,6,-1,8,9,10,-1,8,10,11,-1,11,10,12,-1,11,12,13,-1,13,12,14,-1,13,14,15,-1,15,14,16,-1,15,16,17,-1,17,16,18,-1,17,18,19,-1,19,18,20,-1,19,20,21,-1,21,20,22,-1,21,22,23,-1,23,22,24,-1,23,24,25,-1,25,24,26,-1,25,26,27,-1,27,26,28,-1,27,28,29,-1,29,28,30,-1,29,30,31,-1,31,30,32,-1,31,32,33,-1,33,32,34,-1,33,34,35,-1,35,34,36,-1,35,36,37,-1,37,36,38,-1,37,38,39,-1,39,38,40,-1,39,40,41,-1,41,40,42,-1,41,42,43,-1,43,42,44,-1,43,44,45,-1,45,44,46,-1,45,46,47,-1,47,46,48,-1,47,48,49,-1,49,48,50,-1,49,50,51,-1,51,50,52,-1,51,52,53,-1,53,52,54,-1,53,54,55,-1,55,54,56,-1,55,56,57,-1,57,56,58,-1,57,58,59,-1,59,58,60,-1,59,60,61,-1,61,60,62,-1,61,62,63,-1,63,62,64,-1,63,64,65,-1,65,64,66,-1,65,66,67,-1,67,66,68,-1,67,68,69,-1,69,68,70,-1,69,70,71,-1,72,71,73,-1,73,71,70,-1,72,73,74,-1,72,74,75,-1,75,74,76,-1,75,76,77,-1,77,76,78,-1,77,78,79,-1,79,78,80,-1,79,80,81,-1,81,80,82,-1,81,82,83,-1,83,82,84,-1,83,84,85,-1,85,84,86,-1,85,86,87,-1,87,86,88,-1,87,88,89,-1,89,88,90,-1,89,90,91,-1,91,90,92,-1,91,92,93,-1,93,92,94,-1,93,94,95,-1,95,94,96,-1,95,96,97,-1,97,96,98,-1,97,98,99,-1,99,98,100,-1,99,100,101,-1,101,100,102,-1,101,102,103,-1,103,102,104,-1,103,104,105,-1,105,104,106,-1,105,106,107,-1,107,106,108,-1,107,108,109,-1,109,108,110,-1,109,110,111,-1,111,110,112,-1,111,112,113,-1,113,112,114,-1,113,114,115,-1,115,114,116,-1,115,116,117,-1,117,116,118,-1,117,118,119,-1,119,118,120,-1,119,120,121,-1,121,120,122,-1,121,122,123,-1,123,122,124,-1,123,124,125,-1,125,124,126,-1,125,126,127,-1,127,126,128,-1,127,128,129,-1,129,128,1,-1,129,1,0,-1,57,59,81,-1,81,59,79,-1,105,39,103,-1,103,39,41,-1,17,19,121,-1,121,19,21,-1,121,21,119,-1,119,21,23,-1,119,23,117,-1,117,23,25,-1,117,25,115,-1,115,25,27,-1,115,27,113,-1,113,27,29,-1,113,29,111,-1,111,29,31,-1,111,31,109,-1,109,31,33,-1,109,33,107,-1,107,33,35,-1,107,35,105,-1,105,35,37,-1,105,37,39,-1,13,0,11,-1,11,0,3,-1,11,3,8,-1,8,3,5,-1,8,5,7,-1,59,61,79,-1,79,61,63,-1,79,63,77,-1,77,63,65,-1,77,65,75,-1,75,65,67,-1,75,67,72,-1,72,67,69,-1,72,69,71,-1,121,123,17,-1,17,123,125,-1,17,125,15,-1,15,125,127,-1,15,127,13,-1,13,127,129,-1,13,129,0,-1,81,83,57,-1,57,83,85,-1,57,85,55,-1,55,85,87,-1,55,87,53,-1,53,87,89,-1,53,89,51,-1,51,89,91,-1,51,91,49,-1,49,91,93,-1,49,93,47,-1,47,93,95,-1,47,95,45,-1,45,95,97,-1,45,97,43,-1,43,97,99,-1,43,99,41,-1,41,99,101,-1,41,101,103,-1,130,131,132,-1,132,131,133,-1,134,130,135,-1,135,130,132,-1,134,135,136,-1,134,136,137,-1,137,136,138,-1,137,138,139,-1,140,139,141,-1,141,139,138,-1,142,140,143,-1,143,140,141,-1,144,142,145,-1,145,142,143,-1,146,144,147,-1,147,144,145,-1,148,146,149,-1,149,146,147,-1,150,148,151,-1,151,148,149,-1,150,151,152,-1,150,152,153,-1,153,152,154,-1,153,154,155,-1,155,154,156,-1,155,156,157,-1,157,156,158,-1,157,158,159,-1,159,158,160,-1,159,160,161,-1,161,160,162,-1,161,162,163,-1,163,162,164,-1,163,164,165,-1,166,165,167,-1,167,165,164,-1,166,167,168,-1,166,168,169,-1,169,168,170,-1,169,170,171,-1,171,170,172,-1,171,172,173,-1,173,172,174,-1,173,174,175,-1,175,174,176,-1,175,176,177,-1,177,176,178,-1,177,178,179,-1,179,178,180,-1,179,180,181,-1,181,180,182,-1,181,182,183,-1,131,183,133,-1,133,183,182,-1,137,139,183,-1,131,130,183,-1,183,130,134,-1,183,134,137,-1,144,146,142,-1,142,146,148,-1,142,148,140,-1,165,166,163,-1,163,166,169,-1,163,169,161,-1,161,169,171,-1,161,171,159,-1,159,171,173,-1,159,173,157,-1,157,173,175,-1,157,175,155,-1,139,140,183,-1,183,140,148,-1,183,148,181,-1,148,150,181,-1,181,150,153,-1,181,153,179,-1,179,153,155,-1,179,155,177,-1,177,155,175,-1,184,185,186,-1,186,185,187,-1,188,184,189,-1,189,184,186,-1,190,188,191,-1,191,188,189,-1,192,190,193,-1,193,190,191,-1,194,192,195,-1,195,192,193,-1,196,194,197,-1,197,194,195,-1,198,196,199,-1,199,196,197,-1,200,198,201,-1,201,198,199,-1,202,200,203,-1,203,200,201,-1,204,202,205,-1,205,202,203,-1,206,204,207,-1,207,204,205,-1,185,206,187,-1,187,206,207,-1,200,202,198,-1,198,202,204,-1,198,204,196,-1,185,184,206,-1,206,184,188,-1,206,188,190,-1,192,194,190,-1,190,194,196,-1,190,196,206,-1,206,196,204,-1,208,209,210,-1,210,209,211,-1,210,211,212,-1,212,211,213,-1,212,213,214,-1,214,213,215,-1,214,215,216,-1,216,215,217,-1,216,217,218,-1,218,217,219,-1,218,219,220,-1,220,219,221,-1,220,221,222,-1,222,221,223,-1,222,223,224,-1,224,223,225,-1,224,225,226,-1,226,225,227,-1,226,227,228,-1,228,227,229,-1,228,229,230,-1,230,229,231,-1,230,231,232,-1,232,231,233,-1,232,233,234,-1,234,233,235,-1,234,235,236,-1,236,235,237,-1,236,237,238,-1,238,237,239,-1,238,239,240,-1,240,239,241,-1,240,241,242,-1,242,241,208,-1,242,208,210,-1,216,218,243,-1,243,218,244,-1,216,243,245,-1,216,245,214,-1,214,245,246,-1,214,246,212,-1,212,246,247,-1,212,247,210,-1,210,247,248,-1,210,248,242,-1,242,248,249,-1,242,249,240,-1,240,249,250,-1,240,250,238,-1,238,250,251,-1,238,251,236,-1,236,251,252,-1,236,252,234,-1,234,252,253,-1,234,253,232,-1,232,253,254,-1,232,254,230,-1,230,254,255,-1,230,255,228,-1,228,255,256,-1,228,256,226,-1,226,256,257,-1,226,257,224,-1,224,257,258,-1,224,258,222,-1,220,222,259,-1,259,222,258,-1,218,220,244,-1,244,220,259,-1,223,221,260,-1,260,221,261,-1,261,221,262,-1,262,221,219,-1,262,219,263,-1,219,217,263,-1,263,217,264,-1,209,265,266,-1,209,266,211,-1,211,266,267,-1,211,267,213,-1,213,267,268,-1,213,268,215,-1,215,268,264,-1,215,264,217,-1,237,269,270,-1,237,270,239,-1,270,271,239,-1,239,271,272,-1,239,272,241,-1,241,272,273,-1,241,273,208,-1,208,273,265,-1,208,265,209,-1,229,274,275,-1,229,275,231,-1,231,275,276,-1,231,276,233,-1,233,276,277,-1,233,277,235,-1,235,277,269,-1,235,269,237,-1,223,260,278,-1,223,278,225,-1,225,278,279,-1,225,279,227,-1,227,279,274,-1,227,274,229,-1,
        ]
    }
}
Shape{
    appearance Appearance {
        material  Material 	{
            diffuseColor 0.8509803921568627 0.8509803921568627 0.8509803921568627
            specularColor 0.4235294117647059 0.4235294117647059 0.4235294117647059
            ambientIntensity 0.2
            transparency 0
            shininess 0.5
        }
    }
    geometry IndexedFaceSet {
        ccw TRUE
        solid FALSE
        coord DEF co Coordinate {
            point [
                -0.4764 0.622 2.0794, -0.4583 0.622 2.0796, -0.4579 0.622 2.0332, -0.5233 0.622 2.0249, -0.5239 0.622 2.0332, -0.5239 0.622 2.034, -0.5222 0.622 2.0491, -0.5189 0.622 2.0579, -0.5143 0.622 2.0646, -0.511 0.622 2.0679, -0.5022 0.622 2.0738, -0.4918 0.622 2.0776, -0.4576 0.622 1.987, -0.475 0.622 1.9868, -0.5095 0.622 1.9979, -0.5108 0.622 1.9991, -0.4918 0.622 1.9887, -0.5017 0.622 1.9925, -0.5163 0.622 2.0056, -0.5207 0.622 2.0142, -0.5207 0.622 2.0142
            ]
        }
        coordIndex [
            0,1,2,-1,3,4,2,-1,2,4,5,-1,2,5,6,-1,6,7,2,-1,2,7,8,-1,2,8,9,-1,9,10,2,-1,2,10,11,-1,2,11,0,-1,2,12,13,-1,14,15,2,-1,13,16,2,-1,2,16,17,-1,2,17,14,-1,15,18,2,-1,2,18,19,-1,2,19,3,-1,
        ]
    }
}
Shape{
    appearance Appearance {
        material  Material 	{
            diffuseColor 0.0 0.0 0.0
            specularColor 0.0 0.0 0.0
            ambientIntensity 0.2
            transparency 0
            shininess 0.5
        }
    }
    geometry IndexedFaceSet {
        ccw TRUE
        solid FALSE
        coord DEF co Coordinate {
            point [
                -0.5804 0.6224 2.0188, -0.5987 0.6224 2.0686, -0.593 0.6224 2.0924, -0.5464 0.6224 1.9726, -0.5636 0.6224 1.9725, -0.5754 0.6224 2.0053, -0.5997 0.6224 2.0722, -0.6007 0.6224 2.077, -0.6096 0.6224 2.0923, -0.6011 0.6224 2.077, -0.602 0.6224 2.0719, -0.6029 0.6224 2.0686, -0.6207 0.6224 2.0185, -0.6545 0.6224 1.9719, -0.6374 0.6224 1.972, -0.6254 0.6224 2.0049, -0.6096 0.622 2.0923, -0.6545 0.622 1.9719, -0.593 0.622 2.0924, -0.5464 0.622 1.9726, -0.5636 0.622 1.9725, -0.5754 0.622 2.0053, -0.6254 0.622 2.0049, -0.6374 0.622 1.972, -0.5804 0.622 2.0188, -0.6207 0.622 2.0185, -0.6103 0.622 2.0478, -0.6029 0.622 2.0686, -0.6011 0.622 2.077, -0.602 0.622 2.0719, -0.6007 0.622 2.077, -0.5987 0.622 2.0686, -0.5997 0.622 2.0722, -0.591 0.622 2.0478, -0.591 0.622 2.0478
            ]
        }
        coordIndex [
            0,1,2,-1,3,4,5,-1,1,6,2,-1,2,6,7,-1,2,7,8,-1,8,7,9,-1,8,9,10,-1,10,11,8,-1,8,11,12,-1,8,12,13,-1,14,13,15,-1,15,13,12,-1,15,12,5,-1,5,12,0,-1,5,0,3,-1,3,0,2,-1,8,13,16,-1,16,13,17,-1,2,8,18,-1,18,8,16,-1,3,2,19,-1,19,2,18,-1,4,3,20,-1,20,3,19,-1,5,4,21,-1,21,4,20,-1,15,5,22,-1,22,5,21,-1,14,15,23,-1,23,15,22,-1,13,14,17,-1,17,14,23,-1,0,12,24,-1,24,12,25,-1,25,12,26,-1,26,12,11,-1,26,11,27,-1,9,28,29,-1,9,29,10,-1,10,29,27,-1,10,27,11,-1,9,7,28,-1,28,7,30,-1,1,31,32,-1,1,32,6,-1,6,32,30,-1,6,30,7,-1,31,1,33,-1,33,1,0,-1,33,0,24,-1,
        ]
    }
}
Shape{
    appearance Appearance {
        material  Material 	{
            diffuseColor 0.8509803921568627 0.8509803921568627 0.8509803921568627
            specularColor 0.4235294117647059 0.4235294117647059 0.4235294117647059
            ambientIntensity 0.2
            transparency 0
            shininess 0.5
        }
    }
    geometry IndexedFaceSet {
        ccw TRUE
        solid FALSE
        coord DEF co Coordinate {
            point [
                -0.5804 0.622 2.0188, -0.6207 0.622 2.0185, -0.6103 0.622 2.0478, -0.6011 0.622 2.077, -0.6007 0.622 2.077, -0.602 0.622 2.0719, -0.5997 0.622 2.0722, -0.6029 0.622 2.0686, -0.5987 0.622 2.0686, -0.591 0.622 2.0478, -0.591 0.622 2.0478
            ]
        }
        coordIndex [
            0,1,2,-1,3,4,5,-1,5,4,6,-1,5,6,7,-1,7,6,8,-1,7,8,2,-1,2,8,9,-1,2,9,0,-1,
        ]
    }
}
Shape{
    appearance Appearance {
        material  Material 	{
            diffuseColor 0.0 0.0 0.0
            specularColor 0.0 0.0 0.0
            ambientIntensity 0.2
            transparency 0
            shininess 0.5
        }
    }
    geometry IndexedFaceSet {
        ccw TRUE
        solid FALSE
        coord DEF co Coordinate {
            point [
                0.5084 0.6224 1.9631, 0.4959 0.6224 1.9473, 0.5156 0.6224 2.0387, 0.2064 0.6224 2.1866, 0.2013 0.6224 2.1628, 0.1592 0.6224 2.2087, 0.2301 0.6224 2.0785, 0.2563 0.6224 2.1239, 0.3711 0.6224 2.065, 0.4287 0.6224 2.0398, 0.4208 0.6224 2.0368, 0.5293 0.6224 2.1872, 0.5102 0.6224 2.1972, 0.5127 0.6224 2.2501, 0.4808 0.6224 2.2536, 0.4141 0.6224 2.032, 0.4087 0.6224 2.0258, 0.3501 0.6224 2.0162, 0.5341 0.6224 2.0503, 0.5297 0.6224 1.9855, 0.5169 0.6224 1.9815, 0.4051 0.6224 2.0187, 0.4033 0.6224 2.0108, 0.3502 0.6224 2.0076, 0.4033 0.6224 2.0037, 0.1945 0.6224 2.1628, 0.1783 0.6224 2.1607, 0.1549 0.6224 2.2072, 0.1634 0.6224 2.1548, 0.1296 0.6224 2.1944, 0.1066 0.6224 2.1746, 0.3795 0.6224 2.2555, 0.4233 0.6224 2.2891, 0.4026 0.6224 2.2389, 0.4435 0.6224 2.272, 0.4219 0.6224 2.2162, 0.4611 0.6224 2.2518, 0.4351 0.6224 2.1893, 0.4891 0.6224 2.202, 0.4803 0.6224 2.2024, 0.471 0.6224 2.253, 0.4604 0.6224 2.1998, 0.4413 0.6224 2.1927, 0.4577 0.6224 1.9818, 0.4507 0.6224 1.9773, 0.4792 0.6224 1.9346, 0.4427 0.6224 1.9747, 0.4437 0.6224 2.0399, 0.4553 0.6224 2.0921, 0.4513 0.6224 2.0372, 0.4742 0.6224 2.085, 0.4581 0.6224 2.0326, 0.4918 0.6224 2.073, 0.4637 0.6224 2.0265, 0.506 0.6224 2.057, 0.4676 0.6224 2.0191, 0.4695 0.6224 2.0109, 0.1076 0.6224 2.0153, 0.1472 0.6224 2.0494, 0.131 0.6224 1.9958, 0.1599 0.6224 2.0392, 0.1571 0.6224 1.9832, 0.175 0.6224 2.0324, 0.1856 0.6224 1.9774, 0.1903 0.6224 2.0295, 0.2359 0.6224 1.9778, 0.2287 0.6224 2.0298, 0.2407 0.6224 1.9786, 0.5636 0.6224 2.1382, 0.6197 0.6224 2.1261, 0.5663 0.6224 2.1176, 0.6201 0.6224 2.1163, 0.5654 0.6224 2.1045, 0.6166 0.6224 2.0845, 0.5594 0.6224 2.0836, 0.605 0.6224 2.0525, 0.5493 0.6224 2.0661, 0.5849 0.6224 2.0229, 0.5602 0.6224 2.0013, 0.404 0.6224 2.0885, 0.4245 0.6224 2.0938, 0.4349 0.6224 2.0945, 0.1502 0.6224 2.1455, 0.1404 0.6224 2.1344, 0.0893 0.6224 2.1502, 0.1326 0.6224 2.1196, 0.0791 0.6224 2.124, 0.1287 0.6224 2.1031, 0.0754 0.6224 2.0962, 0.1284 0.6224 2.0957, 0.0796 0.6224 2.0657, 0.1305 0.6224 2.0791, 0.0905 0.6224 2.0388, 0.1365 0.6224 2.0639, 0.146 0.6224 2.0507, 0.5445 0.6224 2.2385, 0.5721 0.6224 2.22, 0.5442 0.6224 2.1742, 0.5793 0.6224 2.2133, 0.5561 0.6224 2.1572, 0.5992 0.6224 2.1885, 0.6133 0.6224 2.1581, 0.4634 0.6224 1.9878, 0.4672 0.6224 1.9948, 0.4694 0.6224 2.0025, 0.2193 0.6224 2.2142, 0.1741 0.6224 2.2393, 0.2384 0.6224 2.2373, 0.2008 0.6224 2.2727, 0.2406 0.6224 2.2394, 0.2048 0.6224 2.2764, 0.2645 0.6224 2.2562, 0.2427 0.6224 2.3023, 0.2912 0.6224 2.2667, 0.2854 0.6224 2.3177, 0.3201 0.6224 2.2704, 0.3206 0.6224 2.3217, 0.3515 0.6224 2.2666, 0.3631 0.6224 2.3167, 0.4025 0.6224 2.3018, 0.4362 0.6224 2.0407, 0.3859 0.6224 2.0787, 0.233 0.6224 2.0306, 0.2539 0.6224 1.9869, 0.2519 0.6224 1.9848, 0.2305 0.6224 2.0301, 0.2464 0.6224 1.9808, 0.4596 0.6224 1.9262, 0.4395 0.6224 1.9229, 0.4366 0.6224 1.9741, 0.4362 0.6224 1.9228, 0.429 0.6224 1.9749, 0.4155 0.6224 1.9252, 0.4215 0.6224 1.9776, 0.3964 0.6224 1.9324, 0.4149 0.6224 1.982, 0.3793 0.6224 1.9441, 0.4093 0.6224 1.9881, 0.366 0.6224 1.9588, 0.4053 0.6224 1.9955, 0.3558 0.6224 1.9778, 0.3507 0.6224 1.9988, 0.2605 0.6224 2.0044, 0.2597 0.6224 1.9981, 0.2575 0.6224 1.9922, 0.2405 0.6224 2.0299, 0.2464 0.6224 2.0276, 0.2603 0.6224 2.0078, 0.2516 0.6224 2.0239, 0.2552 0.6224 2.0201, 0.2585 0.6224 2.0143, 0.2339 0.6224 2.0307, 0.0754 0.622 2.0962, 0.0791 0.622 2.124, 0.0893 0.622 2.1502, 0.1053 0.622 2.1728, 0.1066 0.622 2.1746, 0.1296 0.622 2.1944, 0.1549 0.622 2.2072, 0.1592 0.622 2.2087, 0.1741 0.622 2.2393, 0.2008 0.622 2.2727, 0.2048 0.622 2.2764, 0.2427 0.622 2.3023, 0.2854 0.622 2.3177, 0.3206 0.622 2.3217, 0.3631 0.622 2.3167, 0.4025 0.622 2.3018, 0.4233 0.622 2.2891, 0.4435 0.622 2.272, 0.4611 0.622 2.2518, 0.471 0.622 2.253, 0.4808 0.622 2.2536, 0.5127 0.622 2.2501, 0.5445 0.622 2.2385, 0.5721 0.622 2.22, 0.5793 0.622 2.2133, 0.5992 0.622 2.1885, 0.6065 0.622 2.1728, 0.6133 0.622 2.1581, 0.6197 0.622 2.1261, 0.6201 0.622 2.1163, 0.6166 0.622 2.0845, 0.605 0.622 2.0525, 0.5849 0.622 2.0229, 0.5602 0.622 2.0013, 0.5297 0.622 1.9855, 0.5169 0.622 1.9815, 0.5084 0.622 1.9631, 0.4959 0.622 1.9473, 0.4792 0.622 1.9346, 0.4596 0.622 1.9262, 0.4395 0.622 1.9229, 0.4362 0.622 1.9228, 0.4155 0.622 1.9252, 0.3964 0.622 1.9324, 0.3793 0.622 1.9441, 0.366 0.622 1.9588, 0.3558 0.622 1.9778, 0.3507 0.622 1.9988, 0.3502 0.622 2.0076, 0.3501 0.622 2.0162, 0.2301 0.622 2.0785, 0.2563 0.622 2.1239, 0.3711 0.622 2.065, 0.3859 0.622 2.0787, 0.404 0.622 2.0885, 0.4245 0.622 2.0938, 0.4349 0.622 2.0945, 0.4553 0.622 2.0921, 0.4742 0.622 2.085, 0.4918 0.622 2.073, 0.506 0.622 2.057, 0.5156 0.622 2.0387, 0.5341 0.622 2.0503, 0.5493 0.622 2.0661, 0.5594 0.622 2.0836, 0.5654 0.622 2.1045, 0.5663 0.622 2.1176, 0.5636 0.622 2.1382, 0.5561 0.622 2.1572, 0.5451 0.622 2.1728, 0.5442 0.622 2.1742, 0.5293 0.622 2.1872, 0.5102 0.622 2.1972, 0.4891 0.622 2.202, 0.4803 0.622 2.2024, 0.4604 0.622 2.1998, 0.4413 0.622 2.1927, 0.4351 0.622 2.1893, 0.4219 0.622 2.2162, 0.4026 0.622 2.2389, 0.3795 0.622 2.2555, 0.3515 0.622 2.2666, 0.3201 0.622 2.2704, 0.2013 0.622 2.1628, 0.2034 0.622 2.1728, 0.2064 0.622 2.1866, 0.2193 0.622 2.2142, 0.2384 0.622 2.2373, 0.2406 0.622 2.2394, 0.2645 0.622 2.2562, 0.2912 0.622 2.2667, 0.1945 0.622 2.1628, 0.1783 0.622 2.1607, 0.1634 0.622 2.1548, 0.1502 0.622 2.1455, 0.1404 0.622 2.1344, 0.1326 0.622 2.1196, 0.1287 0.622 2.1031, 0.1284 0.622 2.0957, 0.1305 0.622 2.0791, 0.1365 0.622 2.0639, 0.146 0.622 2.0507, 0.1472 0.622 2.0494, 0.1599 0.622 2.0392, 0.175 0.622 2.0324, 0.1903 0.622 2.0295, 0.2287 0.622 2.0298, 0.2305 0.622 2.0301, 0.233 0.622 2.0306, 0.2339 0.622 2.0307, 0.2405 0.622 2.0299, 0.2464 0.622 2.0276, 0.2516 0.622 2.0239, 0.2552 0.622 2.0201, 0.2585 0.622 2.0143, 0.2603 0.622 2.0078, 0.2605 0.622 2.0044, 0.2597 0.622 1.9981, 0.2575 0.622 1.9922, 0.2539 0.622 1.9869, 0.2519 0.622 1.9848, 0.2464 0.622 1.9808, 0.2407 0.622 1.9786, 0.2359 0.622 1.9778, 0.1856 0.622 1.9774, 0.1571 0.622 1.9832, 0.131 0.622 1.9958, 0.1076 0.622 2.0153, 0.0905 0.622 2.0388, 0.0796 0.622 2.0657, 0.4362 0.622 2.0407, 0.4287 0.622 2.0398, 0.4208 0.622 2.0368, 0.4141 0.622 2.032, 0.4087 0.622 2.0258, 0.4051 0.622 2.0187, 0.4033 0.622 2.0108, 0.4033 0.622 2.0074, 0.4033 0.622 2.0037, 0.4053 0.622 1.9955, 0.4093 0.622 1.9881, 0.4149 0.622 1.982, 0.4215 0.622 1.9776, 0.429 0.622 1.9749, 0.4366 0.622 1.9741, 0.4427 0.622 1.9747, 0.4507 0.622 1.9773, 0.4577 0.622 1.9818, 0.4634 0.622 1.9878, 0.4672 0.622 1.9948, 0.4694 0.622 2.0025, 0.4695 0.622 2.0074, 0.4695 0.622 2.0109, 0.4676 0.622 2.0191, 0.4637 0.622 2.0265, 0.4581 0.622 2.0326, 0.4513 0.622 2.0372, 0.4437 0.622 2.0399, 0.4437 0.622 2.0399
            ]
        }
        coordIndex [
            0,1,2,-1,3,4,5,-1,6,7,8,-1,9,10,6,-1,11,12,13,-1,13,12,14,-1,10,15,6,-1,6,15,16,-1,6,16,17,-1,18,19,2,-1,2,19,20,-1,2,20,0,-1,16,21,17,-1,17,21,22,-1,17,22,23,-1,23,22,24,-1,4,25,5,-1,5,25,26,-1,5,26,27,-1,27,26,28,-1,27,28,29,-1,29,28,30,-1,31,32,33,-1,33,32,34,-1,33,34,35,-1,35,34,36,-1,35,36,37,-1,12,38,14,-1,14,38,39,-1,14,39,40,-1,40,39,41,-1,40,41,36,-1,36,41,42,-1,36,42,37,-1,43,1,44,-1,44,1,45,-1,44,45,46,-1,47,48,49,-1,49,48,50,-1,49,50,51,-1,51,50,52,-1,51,52,53,-1,53,52,54,-1,53,54,55,-1,55,54,2,-1,55,2,56,-1,57,58,59,-1,59,58,60,-1,59,60,61,-1,61,60,62,-1,61,62,63,-1,63,62,64,-1,63,64,65,-1,65,64,66,-1,65,66,67,-1,68,69,70,-1,70,69,71,-1,70,71,72,-1,72,71,73,-1,72,73,74,-1,74,73,75,-1,74,75,76,-1,76,75,77,-1,76,77,18,-1,18,77,78,-1,18,78,19,-1,79,80,47,-1,47,80,81,-1,47,81,48,-1,28,82,30,-1,30,82,83,-1,30,83,84,-1,84,83,85,-1,84,85,86,-1,86,85,87,-1,86,87,88,-1,88,87,89,-1,88,89,90,-1,90,89,91,-1,90,91,92,-1,92,91,93,-1,92,93,57,-1,57,93,94,-1,57,94,58,-1,13,95,11,-1,11,95,96,-1,11,96,97,-1,97,96,98,-1,97,98,99,-1,99,98,100,-1,99,100,68,-1,68,100,101,-1,68,101,69,-1,43,102,1,-1,1,102,103,-1,1,103,2,-1,2,103,104,-1,2,104,56,-1,3,5,105,-1,105,5,106,-1,105,106,107,-1,107,106,108,-1,107,108,109,-1,109,108,110,-1,109,110,111,-1,111,110,112,-1,111,112,113,-1,113,112,114,-1,113,114,115,-1,115,114,116,-1,115,116,117,-1,117,116,118,-1,117,118,31,-1,31,118,119,-1,31,119,32,-1,9,6,120,-1,120,6,8,-1,120,8,47,-1,47,8,121,-1,47,121,79,-1,122,123,124,-1,66,125,67,-1,67,125,122,-1,67,122,126,-1,126,122,124,-1,45,127,46,-1,46,127,128,-1,46,128,129,-1,129,128,130,-1,129,130,131,-1,131,130,132,-1,131,132,133,-1,133,132,134,-1,133,134,135,-1,135,134,136,-1,135,136,137,-1,137,136,138,-1,137,138,139,-1,139,138,140,-1,139,140,24,-1,24,140,141,-1,24,141,23,-1,142,143,122,-1,122,143,144,-1,122,144,123,-1,145,146,147,-1,146,148,147,-1,147,148,149,-1,147,149,150,-1,142,122,147,-1,147,122,151,-1,147,151,145,-1,88,152,153,-1,88,153,86,-1,86,153,154,-1,86,154,84,-1,84,154,155,-1,84,155,30,-1,155,156,30,-1,30,156,157,-1,30,157,29,-1,29,157,158,-1,29,158,27,-1,27,158,159,-1,27,159,5,-1,5,159,160,-1,5,160,106,-1,106,160,161,-1,106,161,108,-1,108,161,162,-1,108,162,110,-1,110,162,163,-1,110,163,112,-1,112,163,164,-1,112,164,114,-1,114,164,165,-1,114,165,116,-1,116,165,166,-1,116,166,118,-1,118,166,167,-1,118,167,119,-1,119,167,168,-1,119,168,32,-1,32,168,169,-1,32,169,34,-1,34,169,170,-1,34,170,36,-1,36,170,171,-1,36,171,40,-1,40,171,172,-1,40,172,14,-1,14,172,173,-1,14,173,13,-1,13,173,174,-1,13,174,95,-1,95,174,175,-1,95,175,96,-1,96,175,176,-1,96,176,98,-1,98,176,177,-1,98,177,100,-1,100,177,178,-1,100,178,101,-1,178,179,101,-1,101,179,180,-1,101,180,69,-1,69,180,181,-1,69,181,71,-1,71,181,182,-1,71,182,73,-1,73,182,183,-1,73,183,75,-1,75,183,184,-1,75,184,77,-1,77,184,185,-1,77,185,78,-1,78,185,186,-1,78,186,19,-1,19,186,187,-1,19,187,20,-1,20,187,188,-1,20,188,0,-1,0,188,189,-1,0,189,1,-1,1,189,190,-1,1,190,45,-1,45,190,191,-1,45,191,127,-1,127,191,192,-1,127,192,128,-1,128,192,193,-1,128,193,130,-1,130,193,194,-1,130,194,132,-1,132,194,195,-1,132,195,134,-1,134,195,196,-1,134,196,136,-1,136,196,197,-1,136,197,138,-1,138,197,198,-1,138,198,140,-1,140,198,199,-1,140,199,141,-1,141,199,200,-1,141,200,23,-1,17,23,201,-1,201,23,200,-1,6,17,202,-1,202,17,201,-1,7,6,203,-1,203,6,202,-1,8,7,204,-1,204,7,203,-1,8,204,205,-1,8,205,121,-1,121,205,206,-1,121,206,79,-1,79,206,207,-1,79,207,80,-1,80,207,208,-1,80,208,81,-1,81,208,209,-1,81,209,48,-1,48,209,210,-1,48,210,50,-1,50,210,211,-1,50,211,52,-1,52,211,212,-1,52,212,54,-1,54,212,213,-1,54,213,2,-1,2,213,214,-1,2,214,18,-1,18,214,215,-1,18,215,76,-1,76,215,216,-1,76,216,74,-1,74,216,217,-1,74,217,72,-1,72,217,218,-1,72,218,70,-1,70,218,219,-1,70,219,68,-1,68,219,220,-1,68,220,99,-1,99,220,221,-1,99,221,97,-1,221,222,97,-1,97,222,223,-1,97,223,11,-1,11,223,224,-1,11,224,12,-1,12,224,225,-1,12,225,38,-1,38,225,226,-1,38,226,39,-1,39,226,227,-1,39,227,41,-1,41,227,228,-1,41,228,42,-1,42,228,229,-1,42,229,37,-1,37,229,230,-1,37,230,35,-1,35,230,231,-1,35,231,33,-1,33,231,232,-1,33,232,31,-1,31,232,233,-1,31,233,117,-1,117,233,234,-1,117,234,115,-1,235,4,236,-1,236,4,3,-1,236,3,237,-1,237,3,105,-1,237,105,238,-1,238,105,107,-1,238,107,239,-1,239,107,109,-1,239,109,240,-1,240,109,111,-1,240,111,241,-1,241,111,113,-1,241,113,242,-1,242,113,115,-1,242,115,234,-1,25,4,243,-1,243,4,235,-1,25,243,244,-1,25,244,26,-1,26,244,245,-1,26,245,28,-1,28,245,246,-1,28,246,82,-1,82,246,247,-1,82,247,83,-1,83,247,248,-1,83,248,85,-1,85,248,249,-1,85,249,87,-1,87,249,250,-1,87,250,89,-1,89,250,251,-1,89,251,91,-1,91,251,252,-1,91,252,93,-1,93,252,253,-1,93,253,94,-1,94,253,254,-1,94,254,58,-1,58,254,255,-1,58,255,60,-1,60,255,256,-1,60,256,62,-1,62,256,257,-1,62,257,64,-1,66,64,258,-1,258,64,257,-1,66,258,259,-1,66,259,125,-1,125,259,260,-1,125,260,122,-1,122,260,261,-1,122,261,151,-1,151,261,262,-1,151,262,145,-1,145,262,263,-1,145,263,146,-1,146,263,264,-1,146,264,148,-1,148,264,265,-1,148,265,149,-1,149,265,266,-1,149,266,150,-1,150,266,267,-1,150,267,147,-1,147,267,268,-1,147,268,142,-1,142,268,269,-1,142,269,143,-1,143,269,270,-1,143,270,144,-1,144,270,271,-1,144,271,123,-1,123,271,272,-1,123,272,124,-1,124,272,273,-1,124,273,126,-1,126,273,274,-1,126,274,67,-1,67,274,275,-1,67,275,65,-1,63,65,276,-1,276,65,275,-1,63,276,277,-1,63,277,61,-1,61,277,278,-1,61,278,59,-1,59,278,279,-1,59,279,57,-1,57,279,280,-1,57,280,92,-1,92,280,281,-1,92,281,90,-1,90,281,152,-1,90,152,88,-1,120,282,283,-1,120,283,9,-1,9,283,284,-1,9,284,10,-1,10,284,285,-1,10,285,15,-1,15,285,286,-1,15,286,16,-1,16,286,287,-1,16,287,21,-1,21,287,288,-1,21,288,22,-1,22,288,289,-1,22,289,24,-1,289,290,24,-1,24,290,291,-1,24,291,139,-1,139,291,292,-1,139,292,137,-1,137,292,293,-1,137,293,135,-1,135,293,294,-1,135,294,133,-1,133,294,295,-1,133,295,131,-1,131,295,296,-1,131,296,129,-1,129,296,297,-1,129,297,46,-1,46,297,298,-1,46,298,44,-1,44,298,299,-1,44,299,43,-1,43,299,300,-1,43,300,102,-1,102,300,301,-1,102,301,103,-1,103,301,302,-1,103,302,104,-1,104,302,303,-1,104,303,56,-1,303,304,56,-1,56,304,305,-1,56,305,55,-1,55,305,306,-1,55,306,53,-1,53,306,307,-1,53,307,51,-1,51,307,308,-1,51,308,49,-1,49,308,309,-1,49,309,47,-1,47,309,282,-1,47,282,120,-1,
        ]
    }
}
Shape{
    appearance Appearance {
        material  Material 	{
            diffuseColor 0.8509803921568627 0.8509803921568627 0.8509803921568627
            specularColor 0.4235294117647059 0.4235294117647059 0.4235294117647059
            ambientIntensity 0.2
            transparency 0
            shininess 0.5
        }
    }
    geometry IndexedFaceSet {
        ccw TRUE
        solid FALSE
        coord DEF co Coordinate {
            point [
                0.4634 0.622 1.9878, 0.4577 0.622 1.9818, 0.4531 0.622 1.9907, 0.4507 0.622 1.9773, 0.4427 0.622 1.9747, 0.4695 0.622 2.0074, 0.4694 0.622 2.0025, 0.4672 0.622 1.9948, 0.4366 0.622 1.9741, 0.429 0.622 1.9749, 0.4215 0.622 1.9776, 0.4149 0.622 1.982, 0.4093 0.622 1.9881, 0.4053 0.622 1.9955, 0.4033 0.622 2.0037, 0.4033 0.622 2.0074, 0.4033 0.622 2.0108, 0.4528 0.622 2.024, 0.4051 0.622 2.0187, 0.4087 0.622 2.0258, 0.4141 0.622 2.032, 0.4208 0.622 2.0368, 0.4637 0.622 2.0265, 0.4676 0.622 2.0191, 0.4695 0.622 2.0109, 0.4287 0.622 2.0398, 0.4362 0.622 2.0407, 0.4437 0.622 2.0399, 0.4513 0.622 2.0372, 0.4581 0.622 2.0326, 0.4581 0.622 2.0326
            ]
        }
        coordIndex [
            0,1,2,-1,2,1,3,-1,2,3,4,-1,5,6,2,-1,2,6,7,-1,2,7,0,-1,4,8,2,-1,2,8,9,-1,2,9,10,-1,10,11,2,-1,2,11,12,-1,2,12,13,-1,13,14,2,-1,2,14,15,-1,2,15,5,-1,5,15,16,-1,5,16,17,-1,17,16,18,-1,18,19,17,-1,17,19,20,-1,17,20,21,-1,22,23,17,-1,17,23,24,-1,17,24,5,-1,21,25,17,-1,17,25,26,-1,17,26,27,-1,27,28,17,-1,17,28,29,-1,17,29,22,-1,
        ]
    }
}